time_s,velocity_x_m_s,velocity_y_m_s,velocity_z_m_s,velocity_total_m_s,position_x_m,position_y_m,position_z_m,altitude_m,ground_range_m,alpha_rad,alpha_deg,beta_rad,beta_deg,mach,mach_aero,q_dynamic_Pa,airspeed_m_s,quat_w,quat_x,quat_y,quat_z,roll_deg,pitch_deg,yaw_deg,omega_x_rad_s,omega_y_rad_s,omega_z_rad_s,omega_x_deg_s,omega_y_deg_s,omega_z_deg_s,force_x_N,force_y_N,force_z_N,thrust_x_N,thrust_y_N,thrust_z_N,moment_x_Nm,moment_y_Nm,moment_z_Nm,mass_kg,flight_phase,CN_total,CM_total,CY_total,Cn_total,CN_delta,CM_delta,CN_control,CM_control,CY_control,Cn_control,M_roll_aero,M_pitch_aero,M_yaw_aero,xbc_m,propellant_fraction,cg_position_m,position_fur_x_m,position_fur_y_m,position_fur_z_m,velocity_fur_x_m_s,velocity_fur_y_m_s,velocity_fur_z_m_s,acceleration_fur_x_m_s2,acceleration_fur_y_m_s2,acceleration_fur_z_m_s2,acceleration_body_x_g,acceleration_body_y_g,acceleration_body_z_g,fin_1_rad,fin_2_rad,fin_3_rad,fin_4_rad,delta_pitch_rad,delta_yaw_rad,delta_roll_rad,wind_north_m_s,wind_east_m_s,wind_down_m_s,static_margin_cal,mpc_gamma_ref_deg,mpc_chi_ref_deg,mpc_delta_e_rad,mpc_delta_r_rad,mpc_delta_a_rad,mpc_solve_time_ms,mpc_solver_status,mpc_sqp_iterations,mpc_gamma_error_deg,mpc_chi_error_deg,actuator_cmd_fin1_rad,actuator_cmd_fin2_rad,actuator_cmd_fin3_rad,actuator_cmd_fin4_rad,fin_authority,safety_violations,g_force_total,g_force_axial,g_force_x,g_force_y,g_force_z,speed_of_sound_m_s,stage_number,CA,vel_ned_launch_north_m_s,vel_ned_launch_east_m_s,vel_ned_launch_down_m_s,vel_ned_north_m_s,vel_ned_east_m_s,vel_ned_down_m_s,vel_aero_north_m_s,vel_aero_east_m_s,vel_aero_down_m_s,angular_accel_x_rad_s2,angular_accel_y_rad_s2,angular_accel_z_rad_s2,angular_accel_x_deg_s2,angular_accel_y_deg_s2,angular_accel_z_deg_s2,total_moment_x_Nm,total_moment_y_Nm,total_moment_z_Nm,latitude_deg,longitude_deg,altitude_lla_m,mhe_quality,mhe_solve_ms,mhe_V_m_s,mhe_gamma_rad,mhe_chi_rad,mhe_p_rad_s,mhe_q_rad_s,mhe_r_rad_s,mhe_alpha_rad,mhe_beta_rad,mhe_phi_rad,mhe_h_scaled,mhe_xg_scaled,mhe_yg_scaled,mhe_bgx_rad_s,mhe_bgy_rad_s,mhe_bgz_rad_s,mhe_wn_m_s,mhe_we_m_s
0.000,0.0000,0.0000,0.0000,0.0000,4393519.0677,4259900.8300,1795674.9799,1200.0000,0.0000,0.000000,0.0000,0.000000,0.0000,0.0000,0.0000,0.0000,0.0000,0.991445,0.000000,0.130526,0.000000,0.0000,15.0000,0.0000,0.100000,0.000000,0.000000,5.7296,0.0000,0.0000,0.0000,0.0000,0.0000,0.0000,0.0000,0.0000,0.0000,0.0000,0.0000,12.7400,ARMED,0.000000,0.000000,0.000000,0.000000,0.000000,0.000000,0.000000,0.000000,0.000000,0.000000,0.000000,0.000000,0.000000,-0.000000,1.000000,0.572085,0.0000,0.0000,0.0000,0.0000,0.0000,0.0000,5.1729,0.3891,0.0000,0.0000,0.0000,0.0000,0.000000,0.000000,0.000000,0.000000,0.000000,0.000000,0.000000,0.0000,0.0000,0.0000,-0.7127,6.3445,0.0000,0.000000,0.000000,0.000000,0.0000,0,0,0.0000,0.0000,0.000000,0.000000,0.000000,0.000000,1.000000,[],0.0000,0.0000,0.0000,0.0000,0.0000,343.0559,1,0.300000,0.0000,0.0000,0.0000,0.0000,0.0000,0.0000,0.0000,0.0000,0.0000,0.000000,0.000000,0.000000,0.0000,0.0000,0.0000,0.000000,0.000000,0.000000,0.28723707,0.76995830,1200.0000,0.000000,0.0000,0.000000,0.000000,0.000000,0.000000,0.000000,0.000000,0.000000,0.000000,0.000000,0.000000,0.000000,0.000000,0.000000,0.000000,0.000000,0.000000,0.000000
0.100,-0.7694,-0.7460,4.9748,5.0889,4393519.0296,4259900.7930,1795675.2109,1200.0145,0.2365,0.186722,10.6984,0.001857,0.1064,0.0148,0.1000,13.5340,5.0889,0.991432,0.004954,0.130525,-0.000652,0.5725,15.0000,0.0000,0.100000,-0.000001,0.000000,5.7296,-0.0001,0.0000,787.1446,-0.0001,-0.0100,787.1470,0.0000,0.0000,-0.0000,-0.0009,0.0000,12.7101,LAUNCH,-2.527102,-1.800992,-0.024944,0.018190,0.000000,0.000000,0.000000,0.000000,0.000000,0.000000,-0.000009,-0.000925,0.000009,-0.000068,0.981680,0.572017,0.2366,0.0145,0.0000,5.0746,0.3817,0.0000,6.0957,0.6369,0.0000,6.3130,-0.0000,-0.0001,0.000000,0.000000,0.000000,0.000000,0.000000,0.000000,0.000000,0.0000,0.0000,0.0000,-0.7127,6.3445,0.0000,0.000000,0.000000,0.000000,0.0000,0,0,0.0000,0.0000,0.000000,0.000000,0.000000,0.000000,1.000000,[],6.3151,6.3151,6.3151,-0.0000,-0.0001,343.0559,1,0.622124,5.0746,0.0000,-0.3817,5.0746,0.0000,-0.3817,5.0746,0.0000,-0.3817,-0.000263,-0.000799,0.000008,-0.0151,-0.0458,0.0005,-0.000009,-0.000925,0.000009,0.28723711,0.76995830,1200.0145,0.000000,0.0000,0.000000,0.000000,0.000000,0.000000,0.000000,0.000000,0.000000,0.000000,0.000000,0.000000,0.000000,0.000000,0.000000,0.000000,0.000000,0.000000,0.000000
0.200,-1.5555,-1.5081,10.8868,11.1002,4393518.9134,4259900.6804,1795676.0014,1200.0832,1.0403,0.170951,9.7947,0.003402,0.1949,0.0324,0.1000,64.3922,11.1002,0.991397,0.009905,0.130511,-0.001304,1.1449,14.9990,0.0000,0.099876,-0.000608,0.000012,5.7225,-0.0349,0.0007,807.0159,-0.0041,-0.2085,807.0633,0.0000,0.0000,-0.0001,-0.0193,0.0004,12.6751,LAUNCH,-2.330519,-1.655656,-0.045709,0.033325,0.000000,0.000000,0.000000,0.000000,0.000000,0.000000,-0.000101,-0.019255,0.000388,-0.000147,0.960191,0.571938,1.0405,0.0832,0.0000,11.0545,1.0065,0.0000,6.5321,0.7576,0.0000,6.4902,-0.0000,-0.0017,0.000000,0.000000,0.000000,0.000000,0.000000,0.000000,0.000000,0.0000,0.0000,0.0000,-0.7104,6.3445,0.0000,0.000000,0.000000,0.000000,0.0000,0,0,0.0000,0.0000,0.000000,0.000000,0.000000,0.000000,1.000000,[],6.4925,6.4925,6.4925,-0.0000,-0.0017,343.0557,1,0.530345,11.0545,0.0000,-1.0065,11.0545,0.0000,-1.0065,11.0545,0.0000,-1.0065,-0.002848,-0.016646,0.000394,-0.1632,-0.9537,0.0226,-0.000101,-0.019225,0.000387,0.28723724,0.76995830,1200.0832,0.060000,4.2585,38.496049,-0.543889,0.012393,0.070292,-0.136913,-0.003482,0.161383,0.016241,0.129254,0.008497,4393.528733,4259.903695,0.024909,0.030000,-0.000776,-4.996612,0.019960
0.300,-2.3471,-2.2756,17.2428,17.5499,4393518.7183,4259900.4912,1795677.4047,1200.2202,2.4630,0.161606,9.2594,0.004822,0.2763,0.0512,0.1000,160.9586,17.5499,0.991350,0.014840,0.130385,-0.001951,1.7152,14.9854,0.0000,0.099230,-0.005470,0.000164,5.6855,-0.3134,0.0094,866.4846,-0.0362,-1.2337,866.7591,0.0000,0.0000,-0.0004,-0.1136,0.0034,12.6376,LAUNCH,-2.206982,-1.562663,-0.064759,0.047163,0.000000,0.000000,0.000000,0.000000,0.000000,0.000000,-0.000407,-0.113558,0.003427,-0.000231,0.937188,0.571853,2.4634,0.2202,0.0000,17.4625,1.7497,0.0001,6.6866,0.8104,0.0001,6.9892,-0.0003,-0.0100,0.000000,0.000000,0.000000,0.000000,0.000000,0.000000,0.000000,0.0000,0.0000,0.0000,-0.7081,6.3445,0.0000,0.000000,0.000000,0.000000,0.0000,0,0,0.0000,0.0000,0.000000,0.000000,0.000000,0.000000,1.000000,[],6.9916,6.9916,6.9916,-0.0003,-0.0100,343.0552,1,0.491083,17.4625,0.0001,-1.7497,17.4625,0.0001,-1.7497,17.4625,0.0001,-1.7497,-0.011422,-0.098226,0.003495,-0.6545,-5.6279,0.2002,-0.000407,-0.113272,0.003419,0.28723746,0.76995830,1200.2202,0.300000,4.0618,37.234045,0.252340,0.942927,0.065156,-0.152943,0.020113,0.104153,0.024355,1.403660,0.021335,4393.524841,4259.910888,0.030000,0.030000,-0.029952,-4.999992,-4.999992
0.400,-3.1340,-3.0385,23.7588,24.1565,4393518.4441,4259900.2254,1795679.4562,1200.4351,4.5382,0.154558,8.8555,0.006113,0.3502,0.0704,0.1000,304.9454,24.1565,0.991353,0.019657,0.129716,-0.002572,2.2719,14.9093,0.0000,0.092131,-0.025325,0.001124,5.2787,-1.4510,0.0644,835.9601,-0.2341,-4.6772,836.9159,0.0000,0.0000,-0.0044,-0.1840,0.0484,12.5993,LAUNCH,-2.331043,-0.705495,-0.116683,0.185720,0.269162,-0.976342,-0.215763,0.783256,-0.034711,0.126242,-0.004359,-0.184023,0.048444,-0.000318,0.913671,0.571767,4.5390,0.4351,0.0000,24.0221,2.5447,0.0001,6.4238,0.7598,-0.0003,6.7635,-0.0019,-0.0378,0.055044,0.057782,-0.063621,-0.027688,-0.051034,-0.008299,0.005379,0.0000,0.0000,0.0000,-0.7038,6.3442,-0.0000,-0.039599,0.004912,0.018868,5.2230,0,1,0.0000,0.0000,0.053555,0.063378,-0.015819,-0.025643,1.000000,[],6.7659,6.7658,6.7658,-0.0019,-0.0379,343.0545,1,0.476369,24.0221,0.0001,-2.5447,24.0221,0.0001,-2.5447,24.0221,0.0001,-2.5447,-0.122458,-0.158474,0.044322,-7.0163,-9.0799,2.5395,-0.004359,-0.182535,0.048369,0.28723779,0.76995830,1200.4351,0.300000,3.4901,35.950789,-0.005641,0.305479,0.067353,-0.034082,-0.026130,-0.005174,0.034531,1.601372,-0.004341,4393.525099,4259.900392,0.030000,0.025111,0.030000,-4.999997,-4.999997
0.500,-3.9023,-3.7838,30.0135,30.5018,4393518.0921,4259899.8841,1795682.1467,1200.7272,7.2568,0.147356,8.4429,0.006825,0.3911,0.0889,0.1000,486.1742,30.5018,0.991559,0.023822,0.127412,-0.002946,2.7542,14.6441,0.0135,0.072462,-0.076683,0.008732,4.1518,-4.3936,0.5003,804.7014,-0.6399,-11.4214,807.0590,0.0000,0.0000,-0.0102,-0.4142,0.1264,12.5625,LAUNCH,-2.239401,-0.624717,-0.125456,0.190585,0.146319,-0.532153,-0.215763,0.783256,-0.034711,0.126242,-0.010169,-0.414206,0.126364,-0.000401,0.891121,0.571684,7.2582,0.7272,0.0000,30.3238,3.2901,-0.0001,6.3227,0.7421,0.0030,6.5296,-0.0052,-0.0927,0.055044,0.057782,-0.063621,-0.027688,-0.051034,-0.008299,0.005379,0.0000,0.0000,0.0000,-0.6958,6.3440,-0.0000,0.019898,-0.007198,0.007885,5.7580,0,1,0.0000,0.0000,-0.004815,-0.019210,0.020585,0.034980,1.000000,[],6.5325,6.5319,6.5319,-0.0052,-0.0927,343.0536,1,0.462263,30.3238,-0.0001,-3.2901,30.3238,-0.0001,-3.2901,30.3238,-0.0001,-3.2901,-0.285660,-0.355801,0.115217,-16.3671,-20.3859,6.6014,-0.010169,-0.409624,0.126107,0.28723822,0.76995830,1200.7272,0.300000,3.1507,42.964069,-0.133495,0.312155,-0.072327,-0.050173,0.037423,0.042235,0.016873,0.455876,-0.011350,4393.530449,4259.902129,0.030000,0.030000,-0.030000,-3.170655,-4.430187
0.600,-4.6647,-4.5189,36.1682,36.7467,4393517.6640,4259899.4691,1795685.4551,1201.0926,10.5979,0.133731,7.6622,0.006007,0.3442,0.1071,0.1071,705.6081,36.7467,0.992245,0.026602,0.121385,-0.002642,3.0802,13.9472,0.0717,0.033119,-0.178777,0.024909,1.8976,-10.2432,1.4272,812.7849,-1.0602,-19.3173,816.9865,0.0000,0.0000,-0.0169,-0.5787,0.2182,12.5264,POWERED_ASCENT,-2.063063,-0.475451,-0.113230,0.179264,0.303363,-1.100303,-0.215905,0.783781,-0.034744,0.126344,-0.016899,-0.578741,0.218208,-0.000483,0.868961,0.571602,10.5999,1.0926,0.0001,36.5264,4.0181,0.0029,6.4097,0.6809,0.0148,6.6142,-0.0086,-0.1572,0.055044,0.057782,-0.063621,-0.027688,-0.051034,-0.008299,0.005379,0.0000,0.0000,0.0000,-0.6817,6.3439,-0.0000,-0.057128,-0.006975,0.007138,5.4740,0,1,0.0000,0.0000,0.071240,0.057290,-0.056965,-0.043015,1.000000,[],6.6184,6.6165,6.6165,-0.0086,-0.1573,343.0524,1,0.448721,36.5264,0.0029,-4.0181,36.5264,0.0029,-4.0181,36.5264,0.0029,-4.0181,-0.474830,-0.495416,0.195629,-27.2058,-28.3852,11.2087,-0.016899,-0.569413,0.217696,0.28723874,0.76995830,1201.0926,0.300000,3.0228,36.741664,0.066141,0.201912,-0.002506,-0.144637,0.039159,0.060412,0.005145,0.174136,0.014760,4393.528187,4259.902371,0.030000,0.029983,-0.030000,1.090162,-3.773402
0.700,-5.4939,-5.3026,42.3878,43.0700,4393517.1570,4259898.9788,1795689.3822,1201.5289,14.5632,0.110492,6.3307,0.002977,0.1706,0.1255,0.1255,969.2978,43.0700,0.993611,0.027152,0.109539,-0.001267,3.1528,12.5767,0.2014,-0.019821,-0.306519,0.045545,-1.1357,-17.5622,2.6096,811.4211,-0.9179,-22.5396,817.0187,0.0000,0.0000,-0.0207,-0.3934,0.2450,12.4899,POWERED_ASCENT,-1.752339,-0.235279,-0.071361,0.146504,0.308118,-1.117902,-0.216274,0.785143,-0.034832,0.126607,-0.020742,-0.393418,0.244975,-0.000565,0.846540,0.571519,14.5660,1.5288,0.0010,42.8143,4.6860,0.0174,6.5387,0.5104,0.0386,6.6225,-0.0075,-0.1840,0.055044,0.057782,-0.063621,-0.027688,-0.051034,-0.008299,0.005379,0.0000,0.0000,0.0000,-0.6643,6.3437,-0.0000,-0.059738,-0.006652,0.005851,5.5720,0,1,0.0000,0.0000,0.072241,0.058936,-0.060539,-0.047235,1.000000,[],6.6273,6.6247,6.6247,-0.0075,-0.1840,343.0510,1,0.435188,42.8143,0.0174,-4.6860,42.8143,0.0174,-4.6861,42.8143,0.0174,-4.6860,-0.583048,-0.333131,0.207671,-33.4062,-19.0870,11.8987,-0.020742,-0.380673,0.244456,0.28723937,0.76995830,1201.5289,0.300000,3.0345,46.812762,0.013591,0.163308,-0.056352,-0.200127,0.056472,0.030001,0.001722,0.204564,0.011305,4393.535270,4259.903305,0.030000,0.030000,-0.030000,4.999993,-2.245314
0.800,-6.4801,-6.2062,48.6813,49.5013,4393516.5601,4259898.4047,1795693.9356,1202.0246,19.1638,0.078021,4.4703,-0.002071,-0.1186,0.1443,0.1443,1280.3234,49.5013,0.995509,0.024908,0.091328,0.001257,2.9041,10.4731,0.4109,-0.082985,-0.430869,0.064086,-4.7547,-24.6870,3.6719,799.9111,-0.0457,-22.2667,807.0697,0.0000,0.0000,-0.0241,0.1954,0.2099,12.4529,POWERED_ASCENT,-1.310587,0.088486,-0.002690,0.095012,0.304475,-1.104940,-0.216649,0.786527,-0.034921,0.126874,-0.024063,0.195439,0.209851,-0.000649,0.823846,0.571436,19.1675,2.0246,0.0044,49.2288,5.1867,0.0552,6.6744,0.2147,0.0763,6.5479,-0.0004,-0.1823,0.055044,0.057782,-0.063621,-0.027688,-0.051034,-0.008299,0.005379,0.0000,0.0000,0.0000,-0.6381,6.3435,-0.0001,-0.060811,-0.006428,0.004079,5.4530,0,1,0.0000,0.0000,0.071318,0.058462,-0.063160,-0.050304,1.000000,[],6.5527,6.5502,6.5502,-0.0004,-0.1823,343.0494,1,0.421344,49.2288,0.0552,-5.1867,49.2288,0.0552,-5.1868,49.2288,0.0552,-5.1867,-0.676739,0.178340,0.148922,-38.7743,10.2181,8.5326,-0.024063,0.209892,0.209821,0.28724010,0.76995830,1202.0246,0.300000,2.6145,50.642937,0.123565,0.076245,-0.099454,-0.193807,0.047736,0.075326,-0.004117,-0.001980,0.007197,4393.525640,4259.899831,0.030000,-0.030000,-0.005921,-1.036725,-3.529459
0.900,-7.7190,-7.3031,55.0203,56.0370,4393515.8528,4259897.7313,1795699.1198,1202.5567,24.4113,0.039326,2.2532,-0.008110,-0.4647,0.1634,0.1634,1640.6441,56.0370,0.997502,0.019362,0.067775,0.004663,2.2708,7.7604,0.6897,-0.154691,-0.514510,0.072785,-8.8631,-29.4793,4.1703,828.0831,1.7141,-16.9648,836.9334,0.0000,0.0000,-0.0269,1.3547,0.1008,12.4156,POWERED_ASCENT,-0.779226,0.478650,0.078733,0.035623,0.070650,-0.256565,-0.217030,0.787935,-0.035012,0.127146,-0.026871,1.354712,0.100823,-0.000733,0.800965,0.571351,24.4159,2.5567,0.0133,55.7764,5.3973,0.1300,6.8209,-0.1827,0.1267,6.7989,0.0141,-0.1393,0.055044,0.057782,-0.063621,-0.027688,-0.051034,-0.008299,0.005379,0.0000,0.0000,0.0000,-0.5501,6.3432,-0.0003,0.008349,-0.006447,0.001950,3.0300,0,1,0.0000,0.0000,0.000048,-0.012846,0.003852,0.016746,1.000000,[],6.8027,6.8012,6.8012,0.0141,-0.1393,343.0476,1,0.406512,55.7764,0.1300,-5.3973,55.7763,0.1300,-5.3975,55.7764,0.1300,-5.3973,-0.755909,1.186187,0.012284,-43.3104,67.9635,0.7038,-0.026871,1.367154,0.102080,0.28724092,0.76995830,1202.5567,0.300000,3.0888,58.192080,0.191183,0.123625,-0.148870,-0.303613,0.105459,0.072342,0.001731,0.472447,0.018900,4393.534388,4259.900990,0.030000,-0.030000,-0.030000,4.999609,-2.908508
1.000,-9.2899,-8.6531,61.3867,62.6857,4393515.0054,4259896.9359,1795704.9403,1203.0913,30.3215,0.000867,0.0497,-0.013410,-0.7683,0.1827,0.1827,2052.9521,62.6857,0.999031,0.010044,0.042041,0.008326,1.1943,4.8090,1.0052,-0.234343,-0.513057,0.065594,-13.4269,-29.3960,3.7582,836.2340,4.0730,-6.9891,846.8909,0.0000,0.0000,-0.0298,3.0226,-0.0512,12.3779,POWERED_ASCENT,-0.256549,0.853459,0.149510,-0.014452,0.080886,-0.293604,-0.217418,0.789366,-0.035104,0.127422,-0.029786,3.022566,-0.051182,-0.000819,0.777844,0.571266,30.3272,3.0912,0.0320,62.4677,5.2180,0.2544,6.9155,-0.6188,0.1830,6.8867,0.0335,-0.0576,0.055044,0.057782,-0.063621,-0.027688,-0.051034,-0.008299,0.005379,0.0000,0.0000,0.0000,-0.7305,6.3428,-0.0007,0.011572,-0.006871,-0.000680,2.9580,0,1,0.0000,0.0000,-0.005381,-0.019122,0.004021,0.017762,1.000000,[],6.8894,6.8891,6.8891,0.0336,-0.0576,343.0459,1,0.391185,62.4677,0.2544,-5.2180,62.4676,0.2544,-5.2183,62.4677,0.2544,-5.2180,-0.837683,2.641001,-0.158588,-47.9957,151.3182,-9.0864,-0.029786,3.028287,-0.047848,0.28724186,0.76995831,1203.0913,0.300000,1.5018,64.358282,0.110851,0.057479,-0.183320,-0.534060,0.082710,0.036457,-0.012247,-0.042766,0.038190,4393.526593,4259.901930,0.030000,-0.029999,-0.016372,-1.245358,-3.784880
1.100,-11.2127,-10.2674,67.7209,69.4065,4393513.9833,4259895.9922,1795711.3955,1203.5864,36.9050,-0.028166,-1.6138,-0.016234,-0.9301,0.2023,0.2023,2516.6371,69.4065,0.999745,-0.003522,0.019177,0.011422,-0.3786,2.2021,1.3018,-0.322242,-0.399859,0.043592,-18.4631,-22.9102,2.4976,844.1927,6.2266,4.8099,856.9006,0.0000,0.0000,-0.0327,4.8649,-0.1684,12.3398,POWERED_ASCENT,0.144026,1.120570,0.186448,-0.038798,0.119585,-0.433881,-0.217854,0.790949,-0.035203,0.127724,-0.032728,4.864901,-0.168438,-0.000905,0.754474,0.571180,36.9119,3.5863,0.0660,69.2518,4.6110,0.4339,7.0302,-0.9710,0.2347,6.9737,0.0514,0.0397,0.055044,0.057782,-0.063621,-0.027688,-0.051034,-0.008299,0.005379,0.0000,0.0000,0.0000,-0.9109,6.3423,-0.0015,0.017036,-0.007549,-0.003607,2.9930,0,1,0.0000,0.0000,-0.013094,-0.028191,0.005880,0.020977,1.000000,[],6.9764,6.9761,6.9761,0.0515,0.0397,343.0443,1,0.380523,69.2518,0.4339,-4.6110,69.2518,0.4339,-4.6114,69.2518,0.4339,-4.6110,-0.919856,4.256212,-0.268088,-52.7039,243.8630,-15.3603,-0.032728,4.860549,-0.162805,0.28724289,0.76995831,1203.5864,0.300000,1.6436,80.998000,0.065920,0.057510,-0.142912,-0.436957,0.036668,-0.041215,-0.011710,-0.073616,0.053261,4393.541843,4259.902776,-0.030000,-0.029986,0.029985,-3.806879,-3.921258
1.200,-13.4316,-12.0981,74.0651,76.2392,4393512.7532,4259894.8754,1795718.4850,1204.0024,44.1732,-0.038864,-2.2268,-0.015979,-0.9155,0.2222,0.2222,3036.4022,76.2392,0.999663,-0.021803,0.004650,0.013301,-2.4915,0.5660,1.5123,-0.418099,-0.188513,0.018073,-23.9553,-10.8010,1.0355,851.6780,7.3340,12.1379,866.8618,0.0000,0.0000,-0.0353,6.2986,-0.1733,12.3012,POWERED_ASCENT,0.301242,1.202456,0.182016,-0.033091,0.246515,-0.894937,-0.218636,0.793585,-0.035345,0.128197,-0.035345,6.298581,-0.173333,-0.000992,0.730812,0.571093,44.1814,4.0022,0.1205,76.1484,3.6584,0.6641,7.0838,-1.1142,0.2655,7.0576,0.0608,0.1006,0.055044,0.057782,-0.063621,-0.027688,-0.051034,-0.008299,0.005379,0.0000,0.0000,0.0000,-0.7865,6.3417,-0.0025,-0.042821,-0.008064,-0.006574,2.8950,0,1,0.0000,0.0000,0.044311,0.028183,-0.057460,-0.041332,1.000000,[],7.0610,7.0600,7.0600,0.0608,0.1006,343.0430,1,0.376835,76.1484,0.6641,-3.6584,76.1484,0.6641,-3.6589,76.1484,0.6641,-3.6584,-0.992946,5.524352,-0.222672,-56.8916,316.5221,-12.7582,-0.035345,6.286541,-0.166058,0.28724404,0.76995832,1204.0024,0.300000,1.7319,81.768302,0.034539,0.084194,-0.090393,-0.369509,0.089945,-0.037976,-0.008384,1.036442,0.020411,4393.531074,4259.896854,-0.030000,-0.029981,-0.030000,-4.297674,-4.946248
1.300,-15.7790,-14.0112,80.4199,83.1424,4393511.2932,4259893.5702,1795726.2086,1204.3140,52.1334,-0.027373,-1.5684,-0.014092,-0.8074,0.2424,0.2424,3611.0601,83.1424,0.998880,-0.045186,0.001810,0.013915,-5.1763,0.2792,1.5836,-0.519865,0.048545,0.005157,-29.7861,2.7814,0.2955,848.9903,7.4814,7.3942,866.8692,0.0000,0.0000,-0.0370,6.6351,-0.0805,12.2623,POWERED_ASCENT,0.154306,1.065127,0.156127,-0.012926,0.255802,-0.928477,-0.219426,0.796249,-0.035488,0.128676,-0.037002,6.635143,-0.080519,-0.001080,0.706957,0.571005,52.1429,4.3138,0.1998,83.0976,2.5653,0.9246,7.1568,-0.9779,0.2668,7.0577,0.0622,0.0615,0.055044,0.057782,-0.063621,-0.027688,-0.051034,-0.008299,0.005379,0.0000,0.0000,0.0000,-0.7194,6.3409,-0.0042,-0.040720,-0.008389,-0.010287,2.8250,0,1,0.0000,0.0000,0.038823,0.022045,-0.059396,-0.042618,1.000000,[],7.0606,7.0601,7.0601,0.0622,0.0615,343.0420,1,0.373109,83.0976,0.9246,-2.5653,83.0976,0.9246,-2.5660,83.0976,0.9246,-2.5653,-1.039368,5.838566,-0.039441,-59.5514,334.5252,-2.2598,-0.037002,6.627159,-0.072441,0.28724530,0.76995833,1204.3140,0.300000,1.8663,84.823468,0.018227,0.029923,-0.010188,0.083188,-0.029826,-0.029864,-0.018941,-0.702540,0.052890,4393.544437,4259.896078,-0.030000,-0.030000,0.030000,4.999995,0.041119
1.400,-18.0497,-15.8483,86.8813,90.1406,4393509.6006,4259892.0762,1795734.5722,1204.5208,60.7920,0.000457,0.0262,-0.013449,-0.7706,0.2628,0.2628,4244.4566,90.1406,0.997130,-0.073861,0.009123,0.013910,-8.4574,1.1602,1.5127,-0.625537,0.194535,0.010057,-35.8406,11.1460,0.5762,865.8459,8.3247,-12.3455,886.6481,0.0000,0.0000,-0.0382,5.6750,-0.0518,12.2231,POWERED_ASCENT,-0.219187,0.775047,0.147801,-0.007069,0.314847,-1.142704,-0.220226,0.798949,-0.035634,0.129161,-0.038228,5.674978,-0.051760,-0.001168,0.682910,0.570916,60.8027,4.5205,0.3054,90.1185,1.6060,1.1864,7.2481,-0.6308,0.2417,7.2209,0.0694,-0.1030,0.055044,0.057782,-0.063621,-0.027688,-0.051034,-0.008299,0.005379,0.0000,0.0000,0.0000,-0.7551,6.3399,-0.0065,-0.040697,-0.008291,-0.023682,2.9010,0,1,0.0000,0.0000,0.025306,0.008724,-0.072670,-0.056089,1.000000,[],7.2244,7.2233,7.2233,0.0694,-0.1030,343.0413,1,0.369331,90.1185,1.1864,-1.6060,90.1185,1.1864,-1.6068,90.1185,1.1864,-1.6060,-1.073771,5.017021,0.080828,-61.5226,287.4541,4.6311,-0.038228,5.689403,-0.042034,0.28724666,0.76995835,1204.5208,0.300000,2.0375,80.675636,0.032690,0.012295,0.031948,0.125920,-0.009724,0.056575,-0.014377,0.932350,0.036477,4393.530023,4259.895124,-0.030000,-0.030000,0.011610,4.999996,0.445438
1.500,-20.0870,-17.4934,93.5251,97.2443,4393507.6918,4259890.4075,1795743.5916,1204.6478,70.1580,0.029224,1.6744,-0.015379,-0.8812,0.2835,0.2835,4939.7436,97.2443,0.993961,-0.107072,0.019612,0.013902,-12.2685,2.4050,1.3441,-0.667032,0.170741,-0.000866,-38.2181,9.7827,-0.0496,872.7107,12.4774,-41.3281,896.6691,0.0000,0.0000,0.0312,4.6987,-0.7239,12.1834,POWERED_ASCENT,-0.630478,0.551395,0.190348,-0.084953,0.398200,-1.444379,-0.237640,0.862023,-0.019416,0.070352,0.031233,4.698738,-0.723933,-0.001258,0.658528,0.570827,70.1700,4.6474,0.4361,97.2289,0.9872,1.4235,7.3024,-0.2675,0.1767,7.3018,0.1044,-0.3458,0.055044,0.057782,-0.063621,-0.042871,-0.054829,-0.004503,0.001584,0.0000,0.0000,0.0000,-0.7907,6.3385,-0.0096,-0.045117,-0.006339,-0.039665,2.8570,0,1,0.0000,0.0000,0.011791,-0.000887,-0.091121,-0.078444,1.000000,[],7.3133,7.3043,7.3043,0.1044,-0.3459,343.0409,1,0.365496,97.2289,1.4235,-0.9872,97.2289,1.4235,-0.9883,97.2289,1.4235,-0.9872,0.877332,4.202133,-0.516540,50.2674,240.7645,-29.5955,0.031233,4.750739,-0.708234,0.28724814,0.76995837,1204.6478,0.300000,2.6348,84.988852,0.021172,-0.094904,0.419802,0.213838,-0.026854,0.059984,-0.012799,-0.453001,0.041337,4393.544209,4259.892306,-0.030000,0.029921,0.029997,4.999998,4.993282
1.600,-21.8454,-18.9569,100.3210,104.4073,4393505.5934,4259888.5843,1795753.2830,1204.7316,80.2376,0.045495,2.6067,-0.013679,-0.7838,0.3044,0.3044,5694.2169,104.4073,0.990437,-0.135009,0.025865,0.011754,-15.4991,3.1190,0.9353,-0.389247,0.043510,-0.085489,-22.3022,2.4929,-4.8982,879.2973,13.5271,-67.3173,906.6229,0.0000,0.0000,0.1553,4.9300,-1.1043,12.1433,POWERED_ASCENT,-0.890885,0.501879,0.179019,-0.112418,0.423572,-1.536180,-0.266773,0.967765,-0.005305,0.019220,0.155294,4.930004,-1.104293,-0.001349,0.633898,0.570736,80.2507,4.7311,0.5879,104.3926,0.7248,1.5968,7.3525,-0.1026,0.0154,7.3813,0.1136,-0.5651,0.055044,0.057782,-0.069906,-0.062269,-0.061250,-0.001225,-0.004837,0.0000,0.0000,0.0000,-0.7465,6.3368,-0.0130,-0.053146,-0.003211,-0.040111,2.9460,0,1,0.0000,0.0000,0.016246,0.009823,-0.096468,-0.090046,1.000000,[],7.4063,7.3838,7.3838,0.1136,-0.5653,343.0406,1,0.361629,104.3926,1.5968,-0.7248,104.3926,1.5968,-0.7261,104.3926,1.5968,-0.7248,4.362077,4.480336,-0.946646,249.9286,256.7043,-54.2388,0.155294,5.020815,-1.086045,0.28724973,0.76995840,1204.7316,0.300000,2.2619,72.937169,0.008881,0.150878,0.599445,0.163187,-0.042838,0.084903,-0.016220,-0.492297,0.061905,4393.523194,4259.894162,-0.030000,0.029973,0.030000,4.999997,-4.998042
1.700,-23.3923,-20.4357,107.2097,111.6187,4393503.3308,4259886.6161,1795763.6593,1204.7996,91.0360,0.045783,2.6231,-0.003506,-0.2009,0.3254,0.3254,6507.9396,111.6187,0.989295,-0.143708,0.024633,0.005994,-16.5234,2.8924,0.2743,0.034677,-0.120784,-0.143433,1.9869,-6.9204,-8.2181,875.7292,3.3586,-78.1671,906.6234,0.0000,0.0000,0.1392,5.8447,-0.0736,12.1028,POWERED_ASCENT,-0.905127,0.520604,0.038891,-0.006560,0.124140,-0.450014,-0.269957,0.979557,-0.004882,0.017697,0.139230,5.844746,-0.073643,-0.001441,0.609066,0.570644,91.0502,4.7989,0.7498,111.6053,0.6241,1.6119,7.4317,-0.2190,-0.1657,7.3759,0.0283,-0.6584,0.055044,0.057782,-0.070473,-0.063251,-0.061637,-0.001121,-0.005224,0.0000,0.0000,0.0000,-0.7226,6.3344,-0.0169,0.003374,-0.002736,-0.022395,2.9450,0,1,0.0000,0.0000,-0.023033,-0.028506,-0.021757,-0.016284,1.000000,[],7.4078,7.3784,7.3784,0.0283,-0.6586,343.0404,1,0.357736,111.6053,1.6119,-0.6241,111.6053,1.6119,-0.6257,111.6053,1.6119,-0.6241,3.911473,5.282282,-0.057061,224.1109,302.6525,-3.2693,0.139230,5.957345,-0.068805,0.28725143,0.76995842,1204.7996,0.290921,2.6474,68.372092,0.036526,-0.447124,0.732200,0.010281,-0.128991,0.106776,-0.018711,-0.592932,0.050685,4393.536298,4259.883273,-0.030000,0.030000,0.030000,4.999998,4.993282
1.800,-24.9099,-22.1336,114.1406,118.9053,4393500.9171,4259884.4903,1795774.7263,1204.8540,102.5584,0.032466,1.8602,0.007022,0.4023,0.3466,0.3466,7385.3275,118.9053,0.990981,-0.132979,0.016517,0.000631,-15.2886,1.8856,-0.1801,0.392662,-0.222788,-0.085219,22.4979,-12.7648,-4.8827,881.9032,-10.1957,-71.0336,916.5770,0.0000,0.0000,0.1162,8.5071,1.2297,12.0619,POWERED_ASCENT,-0.724808,0.667725,-0.104034,0.096518,0.040829,-0.148093,-0.271458,0.985233,-0.004909,0.017806,0.116198,8.507101,1.229684,-0.001533,0.583989,0.570552,102.5739,4.8532,0.9038,118.8958,0.4093,1.4493,7.5304,-0.4750,-0.2146,7.4531,-0.0862,-0.6003,0.055044,0.057782,-0.070473,-0.063251,-0.061637,-0.001121,-0.005224,0.0000,0.0000,0.0000,-0.7004,6.3316,-0.0206,0.003654,-0.001027,-0.004643,2.8920,0,1,0.0000,0.0000,-0.007270,-0.009323,-0.002015,0.000038,1.000000,[],7.4803,7.4556,7.4556,-0.0862,-0.6005,343.0402,1,0.353802,118.8958,1.4493,-0.4093,118.8958,1.4493,-0.4112,118.8958,1.4493,-0.4093,3.264541,7.627785,1.165163,187.0444,437.0399,66.7589,0.116198,8.615989,1.214055,0.28725325,0.76995845,1204.8540,0.300000,3.0811,73.953439,0.007657,0.274274,0.888178,-0.266820,-0.186251,0.093875,-0.006415,-0.690714,0.058485,4393.520008,4259.895550,-0.030000,0.030000,0.030000,4.999998,-4.998042
1.900,-26.5867,-24.0526,121.0933,126.2892,4393498.3447,4259882.1824,1795786.4882,1204.8746,114.8152,0.019069,1.0926,0.007110,0.4074,0.3681,0.3681,8331.0285,126.2892,0.994344,-0.105878,0.008362,0.000309,-12.1565,0.9566,-0.0663,0.691032,-0.154357,0.046077,39.5932,-8.8440,2.6400,897.8102,-11.2736,-59.7704,936.4833,0.0000,0.0000,0.0969,11.5616,1.2682,12.0206,POWERED_ASCENT,-0.540650,0.804464,-0.101975,0.088243,0.064655,-0.234645,-0.272978,0.990984,-0.004937,0.017917,0.096857,11.561646,1.268211,-0.001626,0.558629,0.570458,114.8323,4.8735,1.0376,126.2831,-0.0567,1.2388,7.6177,-0.5649,-0.0740,7.6136,-0.0956,-0.5069,0.055044,0.057782,-0.070473,-0.063251,-0.061637,-0.001121,-0.005224,0.0000,0.0000,0.0000,-0.6968,6.3279,-0.0238,0.005896,0.000219,0.008566,2.9590,0,1,0.0000,0.0000,0.002451,0.002889,0.014681,0.014242,1.000000,[],7.6337,7.6162,7.6162,-0.0956,-0.5070,343.0402,1,0.349816,126.2831,1.2388,0.0567,126.2831,1.2388,0.0544,126.2831,1.2388,0.0567,2.720488,10.414834,1.217622,155.8725,596.7260,69.7646,0.096857,11.658854,1.249876,0.28725518,0.76995847,1204.8746,0.300000,2.6488,92.865792,-0.029754,-0.286468,0.898742,-0.320965,-0.118050,-0.005720,0.005137,-1.457788,0.070515,4393.540001,4259.885103,-0.030000,0.030000,0.029999,4.999997,4.993282
2.000,-28.4377,-25.9485,128.1030,133.7625,4393495.5950,4259879.6813,1795798.9477,1204.8417,127.8148,0.020267,1.1612,-0.001794,-0.1028,0.3899,0.3899,9346.2318,133.7625,0.997844,-0.065036,0.007608,0.004438,-7.4546,0.9031,0.4508,0.940516,0.009832,0.102957,53.8876,0.5633,5.8990,893.5739,2.7964,-68.8821,936.4830,0.0000,0.0000,0.0815,12.6546,-0.1246,11.9788,POWERED_ASCENT,-0.555391,0.784868,0.022547,-0.007730,0.093258,-0.338646,-0.274517,0.996805,-0.004965,0.018029,0.081451,12.654579,-0.124629,-0.001721,0.532993,0.570364,127.8339,4.8404,1.1559,133.7560,-0.6109,1.1662,7.6613,-0.3327,0.1259,7.6041,0.0238,-0.5862,0.055044,0.057782,-0.070473,-0.063251,-0.061637,-0.001121,-0.005224,0.0000,0.0000,0.0000,-0.7546,6.3232,-0.0266,0.006759,-0.000111,0.014187,2.9010,0,1,0.0000,0.0000,0.007540,0.007317,0.020834,0.021057,1.000000,[],7.6293,7.6067,7.6067,0.0238,-0.5864,343.0403,1,0.345973,133.7560,1.1662,0.6109,133.7561,1.1662,0.6082,133.7560,1.1662,0.6109,2.287973,11.490750,-0.115970,131.0912,658.3715,-6.6446,0.081451,12.773113,-0.119817,0.28725723,0.76995849,1204.8417,0.300005,2.1456,121.290560,-0.009292,0.080822,0.171988,-0.192791,0.063011,-0.010283,0.001633,-0.113188,0.036818,4393.526363,4259.885539,-0.029866,0.002508,-0.030000,4.999997,-4.998042
2.100,-30.2771,-27.5598,135.2184,141.2807,4393492.6591,4259877.0037,1795812.1129,1204.7628,141.5638,0.033055,1.8939,-0.006297,-0.3608,0.4118,0.4118,10426.4613,141.2807,0.999805,-0.012632,0.013191,0.007463,-1.4366,1.5222,0.8363,1.152281,0.052052,0.034480,66.0208,2.9824,1.9756,898.7366,11.5635,-101.8299,946.5358,0.0000,0.0000,0.0700,11.7554,-0.9044,11.9367,POWERED_ASCENT,-0.735982,0.653560,0.083576,-0.050281,0.087865,-0.318985,-0.276602,1.004398,-0.005004,0.018168,0.069971,11.755375,-0.904396,-0.001816,0.507163,0.570269,141.5849,4.7612,1.2773,141.2717,-0.9372,1.2897,7.6957,-0.0173,0.2087,7.6750,0.0987,-0.8696,0.055044,0.057782,-0.070473,-0.063251,-0.061637,-0.001121,-0.005224,0.0000,0.0000,0.0000,-0.7637,6.3168,-0.0298,0.003533,-0.001088,0.015061,2.8100,0,1,0.0000,0.0000,0.012616,0.010441,0.017507,0.019682,1.000000,[],7.7274,7.6777,7.6777,0.0988,-0.8699,343.0405,1,0.345472,141.2717,1.2897,0.9372,141.2718,1.2897,0.9341,141.2717,1.2897,0.9372,1.965525,10.711898,-0.848528,112.6163,613.7466,-48.6170,0.069971,11.940297,-0.883397,0.28725940,0.76995851,1204.7628,0.290464,2.3928,122.289153,-0.022007,-0.041159,-0.658125,-0.102068,0.074583,-0.005804,-0.002867,0.196365,0.046120,4393.547074,4259.881991,0.030000,0.030000,0.002777,4.999995,4.993282
2.200,-31.9667,-28.9130,142.4537,148.8318,4393489.5465,4259874.1797,1795825.9962,1204.6679,156.0661,0.038355,2.1976,-0.000931,-0.0533,0.4339,0.4339,11570.8816,148.8318,0.998615,0.049624,0.016178,0.006592,5.7031,1.8141,0.8467,1.335775,-0.087689,-0.012374,76.5342,-5.0242,-0.7090,903.4194,1.1824,-125.8299,956.3878,0.0000,0.0000,0.0609,12.2035,0.1840,11.8942,POWERED_ASCENT,-0.819495,0.611369,0.007701,0.009219,0.111913,-0.405912,-0.279154,1.013507,-0.005054,0.018331,0.060924,12.203490,0.184023,-0.001912,0.481097,0.570173,156.0893,4.6660,1.4165,148.8212,-0.9542,1.4944,7.7426,0.0093,0.2045,7.7426,0.0101,-1.0784,0.055044,0.057782,-0.070473,-0.063251,-0.061637,-0.001121,-0.005224,0.0000,0.0000,0.0000,-0.7442,6.3090,-0.0332,0.000404,-0.000526,0.023894,2.7870,0,1,0.0000,0.0000,0.024016,0.022964,0.023771,0.024824,1.000000,[],7.8200,7.7452,7.7452,0.0101,-1.0788,343.0408,1,0.344968,148.8212,1.4944,0.9542,148.8213,1.4944,0.9505,148.8212,1.4944,0.9542,1.711367,11.128364,0.280486,98.0541,637.6083,16.0707,0.060924,12.444082,0.186284,0.28726169,0.76995853,1204.6679,0.299695,3.1656,107.358062,-0.018511,0.093866,-0.367835,-0.062927,0.058675,0.008492,-0.004988,0.956786,0.055709,4393.515742,4259.877628,0.030000,0.030000,-0.030000,4.999997,-4.998042
2.300,-33.6450,-30.2607,149.7407,156.4288,4393486.2678,4259871.2229,1795840.6062,1204.5759,171.3255,0.029541,1.6926,0.002814,0.1612,0.4560,0.4560,12782.3986,156.4288,0.992645,0.120261,0.012485,0.006123,13.8259,1.3359,0.8688,1.496217,-0.175827,0.064505,85.7269,-10.0742,3.6959,898.0685,-7.2184,-118.8907,956.4969,0.0000,0.0000,0.0443,15.7272,0.9279,11.8514,POWERED_ASCENT,-0.700914,0.713224,-0.042556,0.042081,0.257297,-0.933806,-0.280962,1.019905,-0.004351,0.015765,0.044306,15.727238,0.927930,-0.002009,0.454828,0.570076,171.3508,4.5736,1.5761,156.4168,-0.9450,1.6951,7.7744,-0.2059,0.3245,7.7245,-0.0621,-1.0226,0.055044,0.057782,-0.069811,-0.063251,-0.061472,-0.000956,-0.005059,0.0000,0.0000,0.0000,-0.7303,6.2990,-0.0372,0.000769,0.001029,0.054523,2.7350,0,1,0.0000,0.0000,0.052725,0.054784,0.056321,0.054263,1.000000,[],7.7948,7.7272,7.7272,-0.0621,-1.0230,343.0411,1,0.344462,156.4168,1.6951,0.9450,156.4168,1.6951,0.9408,156.4168,1.6951,0.9450,1.244219,14.418466,1.075219,71.2885,826.1173,61.6055,0.044306,15.966070,0.913429,0.28726409,0.76995856,1204.5759,0.274468,3.4105,105.953963,-0.025302,-0.122845,-0.579350,-0.211039,0.011276,0.018920,0.000476,0.685111,0.060528,4393.533313,4259.871069,0.030000,0.030000,-0.029997,4.999994,4.993282
2.400,-35.5569,-31.6711,156.9977,164.0598,4393482.8103,4259868.1270,1795855.9438,1204.4742,187.3465,0.022462,1.2870,-0.000246,-0.0141,0.4783,0.4783,14060.0760,164.0598,0.983400,0.181026,0.008696,0.008822,20.8689,0.7969,1.1748,0.204556,0.007257,0.062898,11.7202,0.4158,3.6038,902.2801,2.4399,-123.4440,966.4539,0.0000,0.0000,-1.1917,24.3478,-0.8779,11.8083,POWERED_ASCENT,-0.661624,1.003822,0.013077,-0.036196,0.391866,-1.422524,-0.343648,1.247661,0.008256,-0.029890,-1.191728,24.347751,-0.877939,-0.002106,0.428389,0.569979,187.3738,4.4715,1.7602,164.0435,-1.1470,2.0134,7.8079,0.1960,0.6069,7.7891,0.0211,-1.0656,0.089919,0.095634,-0.055275,-0.056743,-0.074393,0.001796,0.018384,0.0000,0.0000,0.0000,-0.7668,6.2876,-0.0413,-0.051741,0.001909,0.031025,2.9120,0,1,0.0000,0.0000,0.080857,0.084675,-0.018807,-0.022624,1.000000,[],7.8643,7.7917,7.7917,0.0211,-1.0660,343.0415,1,0.343953,164.0435,2.0134,1.1470,164.0435,2.0134,1.1421,164.0435,2.0134,1.1470,-33.475495,22.132530,-0.786732,-1918.0046,1268.1005,-45.0764,-1.191728,24.607756,-0.872800,0.28726662,0.76995859,1204.4742,0.286352,3.7913,85.729479,-0.022821,0.212114,-0.914462,-0.326882,0.039350,0.021622,0.013158,0.557583,0.064667,4393.504923,4259.881456,0.030000,0.030000,0.029998,4.999999,-4.998042
2.500,-37.3968,-32.6259,164.3979,171.7254,4393479.1592,4259864.9057,1795872.0124,1204.3627,204.1329,0.051176,2.9322,-0.005230,-0.2996,0.5006,0.5006,15404.8414,171.7254,0.992699,0.117591,0.023233,0.013480,13.5508,2.4620,1.8485,-2.592415,0.331611,-0.017726,-148.5344,18.9999,-1.0156,896.2506,16.8546,-219.4905,966.4578,0.0000,0.0000,-0.8219,18.1152,-2.2967,11.7648,POWERED_ASCENT,-1.073712,0.681667,0.082450,-0.086425,0.570476,-2.070635,-0.346755,1.258852,0.008337,-0.030158,-0.821947,18.115239,-2.296735,-0.002204,0.401735,0.569880,204.1620,4.3594,1.9891,171.7030,-0.9548,2.6087,7.5594,1.8094,0.7235,7.7656,0.1460,-1.9018,0.089919,0.095634,-0.055275,-0.056743,-0.074393,0.001796,0.018384,0.0000,0.0000,0.0000,-0.7940,6.2716,-0.0469,-0.052559,-0.001485,-0.068883,2.8490,0,1,0.0000,0.0000,-0.014840,-0.017809,-0.122926,-0.119957,1.000000,[],7.9991,7.7683,7.7683,0.1461,-1.9024,343.0418,1,0.343442,171.7030,2.6087,0.9548,171.7030,2.6087,0.9492,171.7030,2.6087,0.9548,-23.088574,16.794968,-1.204004,-1322.8778,962.2808,-68.9843,-0.821947,18.599099,-2.259579,0.28726927,0.76995863,1204.3627,0.300000,2.1941,38.618394,-0.119433,-2.502793,0.963014,-0.290990,0.163080,0.092852,0.046977,1.620474,0.042160,4393.567910,4259.895388,-0.030000,0.030000,-0.030000,4.999995,-4.999943
2.600,-38.1771,-32.3938,172.0126,179.1513,4393475.3680,4259861.6454,1795888.8315,1204.3414,221.6757,0.093873,5.3785,-0.009855,-0.5647,0.5222,0.5222,16765.9768,179.1513,0.998648,0.008061,0.049237,0.014563,1.0095,5.6301,1.7206,-1.042218,0.579416,-0.153161,-59.7147,33.1981,-8.7755,880.2419,30.0612,-408.8051,956.3851,0.0000,0.0000,0.9961,20.6097,-2.5824,11.7217,POWERED_ASCENT,-1.837454,0.712570,0.135116,-0.089284,0.224021,-0.812269,-0.486016,1.763661,-0.003266,0.011822,0.996066,20.609661,-2.582354,-0.002302,0.375306,0.569783,221.7060,4.3375,2.2874,179.1187,0.8202,3.3184,7.0742,3.8123,0.1864,7.6549,0.2614,-3.5551,0.089919,0.095487,-0.116915,-0.108566,-0.102722,-0.000695,-0.010019,0.0000,0.0000,0.0000,-0.7778,6.2489,-0.0551,-0.032289,-0.003812,-0.011520,2.9140,0,1,0.0000,0.0000,0.024581,0.016958,-0.047621,-0.039997,1.000000,[],8.4471,7.6575,7.6575,0.2615,-3.5563,343.0419,1,0.342240,179.1187,3.3184,-0.8202,179.1187,3.3185,-0.8265,179.1187,3.3184,-0.8202,27.976816,19.599585,-1.684711,1602.9535,1122.9735,-96.5268,0.996066,21.550672,-2.513158,0.28727203,0.76995867,1204.3414,0.272157,3.4478,92.325428,0.213294,0.242676,0.743937,-0.372124,-0.132871,0.154264,-0.022245,-1.597425,0.069040,4393.499344,4259.868307,-0.030000,-0.028513,-0.029981,4.999988,-4.998038
2.700,-37.1409,-31.1344,179.7277,186.1473,4393471.5900,4259858.4653,1795906.4191,1204.6003,239.9375,0.122178,7.0003,0.010948,0.6273,0.5426,0.5426,18100.5374,186.1473,0.997160,0.015728,0.073502,0.004704,1.8572,8.4206,0.6773,1.216547,0.051443,-0.119912,69.7030,2.9475,-6.8705,874.3600,-39.3285,-545.0908,956.2582,0.0000,0.0000,0.6372,13.8936,4.4049,11.6792,POWERED_ASCENT,-2.269376,0.444947,-0.163736,0.141068,0.291616,-1.058808,-0.491022,1.781894,-0.003303,0.011960,0.637222,13.893582,4.404886,-0.002398,0.349207,0.569687,239.9687,4.5958,2.6342,186.0585,4.5601,3.5013,6.8824,4.1495,0.0459,7.6315,-0.3433,-4.7576,0.089919,0.095487,-0.116915,-0.108566,-0.102722,-0.000695,-0.010019,0.0000,0.0000,0.0000,-0.7518,6.2222,-0.0640,-0.044819,0.001117,0.015354,2.8550,0,1,0.0000,0.0000,0.059057,0.061290,-0.028348,-0.030581,1.000000,[],9.0026,7.6341,7.6341,-0.3434,-4.7592,343.0411,1,0.340967,186.0585,3.5013,-4.5601,186.0583,3.5013,-4.5672,186.0585,3.5013,-4.5601,17.899311,13.600093,3.839662,1025.5550,779.2279,219.9964,0.637222,15.200723,4.310576,0.28727491,0.76995873,1204.6003,0.300000,2.8653,37.031613,0.079371,-4.053667,-1.663741,0.237802,-0.254222,0.382538,-0.068592,0.958815,0.037065,4393.577690,4259.881782,-0.029939,-0.029156,0.030000,4.999996,-4.999943
2.800,-35.7427,-29.7161,187.3559,193.0358,4393467.9559,4259855.4249,1795924.7750,1205.2695,258.8792,0.090023,5.1579,0.013828,0.7923,0.5627,0.5627,19463.6938,193.0358,0.990977,0.114966,0.068728,0.004862,13.3348,7.7643,1.4712,2.633435,-0.247677,0.451166,150.8847,-14.1909,25.8499,858.2615,-48.1889,-467.9458,946.4397,0.0000,0.0000,0.1990,25.8508,3.7514,11.6369,POWERED_ASCENT,-1.811754,0.769899,-0.186574,0.111725,0.529607,-1.921863,-0.486226,1.764639,0.006250,-0.022642,0.199019,25.850755,3.751373,-0.002494,0.323262,0.569591,258.9113,5.2642,2.9811,192.8102,8.6308,3.5463,6.9539,3.0546,1.5291,7.5182,-0.4221,-4.0991,0.089919,0.095487,-0.108929,-0.108566,-0.100725,0.001301,-0.008022,0.0000,0.0000,0.0000,-0.7504,6.1883,-0.0730,-0.041880,0.002417,0.065802,2.8920,0,1,0.0000,0.0000,0.105266,0.110099,0.026339,0.021505,1.000000,[],8.5764,7.5207,7.5207,-0.4223,-4.1005,343.0389,1,0.341401,192.8102,3.5463,-8.6308,192.8098,3.5464,-8.6387,192.8102,3.5463,-8.6308,5.587211,25.617254,3.923456,320.1236,1467.7605,224.7975,0.199019,27.017635,3.631208,0.28727790,0.76995879,1205.2695,0.292415,3.5852,36.227114,1.405008,26.331407,-0.141638,0.453600,-0.110151,0.081544,0.017119,0.079523,0.057830,4393.475700,4259.872962,0.030000,-0.030000,-0.030000,4.999996,-4.998042
2.900,-36.1112,-27.9840,194.7471,200.0339,4393464.3793,4259852.5358,1795943.8820,1206.2921,278.5004,0.075483,4.3249,-0.013242,-0.7587,0.5831,0.5831,20898.4225,200.0339,0.975010,0.210958,0.066526,0.020628,24.6570,6.9512,3.9450,-0.657510,0.191567,0.288523,-37.6726,10.9760,16.5311,851.6527,57.3066,-456.2865,946.3095,0.0000,0.0000,-2.7229,38.5178,-6.9881,11.5949,POWERED_ASCENT,-1.645331,1.068400,0.206643,-0.193833,0.372796,-1.354215,-0.534092,1.938126,0.007600,-0.027546,-2.722876,38.517831,-6.988055,-0.002589,0.297458,0.569496,278.5327,6.2860,3.3966,199.6319,11.6273,5.0464,6.6002,3.8012,2.5809,7.4873,0.5038,-4.0115,0.135958,0.140395,-0.080805,-0.082629,-0.109947,0.001565,0.028230,0.0000,0.0000,0.0000,-0.7827,6.1501,-0.0825,-0.065983,-0.006039,0.004636,2.7930,0,1,0.0000,0.0000,0.076659,0.064580,-0.067386,-0.055307,1.000000,[],8.5121,7.4899,7.4899,0.5040,-4.0128,343.0355,1,0.341325,199.6319,5.0464,-11.6273,199.6314,5.0464,-11.6361,199.6319,5.0464,-11.6273,-76.483682,35.836226,-6.089541,-4382.1922,2053.2645,-348.9050,-2.722876,39.699023,-6.839705,0.28728099,0.76995886,1206.2921,0.300000,3.4761,52.259983,-0.174195,-15.532978,1.154428,-0.263183,0.612873,0.319936,-0.039678,1.364685,0.036333,4393.536716,4259.869246,-0.027327,-0.029994,-0.030000,4.999996,-3.060458
3.000,-36.6231,-24.9537,202.0131,206.8169,4393460.7277,4259849.8785,1795963.7191,1207.6248,298.7941,0.108883,6.2385,-0.037579,-2.1531,0.6029,0.6029,22336.8519,206.8169,0.994142,0.043703,0.091325,0.037830,5.4703,10.2692,4.8503,-4.047325,0.481653,-0.161589,-231.8946,27.5967,-9.2584,845.5236,136.2371,-620.8656,946.4590,0.0000,0.0000,1.2044,19.3097,-3.6795,11.5529,POWERED_ASCENT,-2.094617,0.501118,0.459624,-0.095490,0.785392,-2.849876,-0.484729,1.759495,-0.092476,0.335307,1.204405,19.309717,-3.679543,-0.002684,0.271717,0.569401,298.8238,7.6178,4.0306,206.1067,15.3563,7.5783,6.0748,5.9022,1.4674,7.4605,1.2021,-5.4782,0.115045,0.075823,-0.118506,-0.082629,-0.098001,-0.018775,-0.002567,0.0000,0.0000,0.0000,-0.7817,6.0970,-0.0984,-0.067766,-0.022329,-0.081199,3.0540,0,1,0.0000,0.0000,0.008897,-0.035762,-0.171294,-0.126635,1.000000,[],9.3367,7.4630,7.4630,1.2025,-5.4801,343.0312,1,0.340526,206.1067,7.5783,-15.3563,206.1060,7.5783,-15.3661,206.1067,7.5783,-15.3563,33.829363,19.698969,-1.127047,1938.2797,1128.6678,-64.5751,1.204405,20.975846,-3.313943,0.28728419,0.76995896,1207.6248,0.300003,2.7670,33.228855,1.413369,-16.945872,1.152608,-0.176902,0.337557,0.132561,-0.024519,-0.187545,0.086232,4393.508257,4259.840364,-0.029271,-0.029686,0.029998,4.999998,4.998042
3.100,-34.8506,-21.2301,209.3686,213.3084,4393457.1388,4259847.5725,1795984.2884,1209.4427,319.7113,0.118633,6.7972,-0.024846,-1.4236,0.6218,0.6218,23756.8675,213.3084,0.993041,-0.031821,0.108406,0.033240,-3.2886,12.5575,3.4723,1.238787,0.098017,-0.202408,70.9773,5.6160,-11.5971,837.7014,80.2032,-740.1267,946.3258,0.0000,0.0000,1.6753,27.1492,4.7818,11.5108,POWERED_ASCENT,-2.347718,0.662450,0.254408,0.116677,0.426314,-1.547973,-0.570316,2.069664,-0.112301,0.407307,1.675287,27.149159,4.781787,-0.002779,0.245912,0.569306,319.7352,9.4346,4.8733,212.0660,21.1464,9.0178,5.8000,6.3866,1.0014,7.4185,0.7103,-6.5544,0.115045,0.075823,-0.151096,-0.102223,-0.111047,-0.022024,-0.015613,0.0000,0.0000,0.0000,-0.7917,6.0265,-0.1213,-0.055149,-0.016526,0.011337,3.1000,0,1,0.0000,0.0000,0.083013,0.049960,-0.060339,-0.027286,1.000000,[],9.9280,7.4210,7.4210,0.7105,-6.5566,343.0253,1,0.344562,212.0660,9.0178,-21.1464,212.0650,9.0178,-21.1571,212.0660,9.0178,-21.1464,47.058050,26.354127,4.444168,2696.2277,1509.9802,254.6320,1.675287,29.205705,5.004642,0.28728749,0.76995910,1209.4427,0.259754,3.7104,36.273917,1.414537,-180.938283,-1.062686,-0.070973,-0.053326,0.038240,-0.146899,0.084631,0.075029,4393.478035,4259.863212,0.021317,-0.029141,-0.030000,4.999995,-4.993225
3.200,-32.3779,-17.4642,216.6003,219.7021,4393453.7904,4259845.6336,1796005.5891,1211.8785,341.2109,0.106441,6.0986,-0.009733,-0.5576,0.6405,0.6405,25196.3946,219.7021,0.985304,0.121795,0.116834,0.026282,14.6291,12.9342,4.7231,3.425379,-0.234719,0.611337,196.2597,-13.4484,35.0270,819.9063,37.2964,-717.0049,936.6938,0.0000,0.0000,-1.7461,26.1042,0.5908,11.4689,POWERED_ASCENT,-2.144435,0.600561,0.111547,0.013593,0.629707,-2.285086,-0.523815,1.901312,-0.045679,0.165719,-1.746054,26.104154,0.590843,-0.002874,0.220161,0.569211,341.2266,11.8693,5.8121,217.7559,27.4117,10.0002,5.8815,4.7720,3.3180,7.2874,0.3315,-6.3728,0.115045,0.093837,-0.098274,-0.084812,-0.097992,-0.008668,0.006449,0.0000,0.0000,0.0000,-0.8026,5.9371,-0.1474,-0.048367,-0.009899,0.059731,2.9470,0,1,0.0000,0.0000,0.117997,0.098199,0.001466,0.021264,1.000000,[],9.6899,7.2899,7.2899,0.3316,-6.3750,343.0174,1,0.349291,217.7559,10.0002,-27.4117,217.7544,10.0002,-27.4234,217.7559,10.0002,-27.4117,-49.050563,27.719659,1.416028,-2810.3902,1588.2195,81.1324,-1.746054,28.164489,0.698016,0.28729088,0.76995925,1211.8785,0.282150,3.8734,41.668770,-1.097695,-231.379296,-1.371220,0.403019,-0.257743,0.218953,-0.100822,-1.610044,0.065051,4393.497978,4259.867047,0.030000,-0.029999,-0.029999,4.999998,-4.998042
3.300,-32.5940,-13.1400,223.4599,226.2064,4393450.5662,4259844.1094,1796027.5951,1214.8766,363.2845,0.071856,4.1171,-0.035373,-2.0267,0.6595,0.6595,26702.5583,226.2064,0.975654,0.187200,0.107193,0.039572,22.3977,11.2068,6.8708,-0.530753,-0.197108,0.064415,-30.4099,-11.2935,3.6907,811.1433,171.7187,-581.8329,936.5655,0.0000,0.0000,-1.0340,47.1365,-12.1299,11.4271,POWERED_ASCENT,-1.642005,1.023270,0.484612,-0.263323,0.262371,-0.952231,-0.536094,1.945857,-0.054388,0.197362,-1.033976,47.136512,-12.129866,-0.002968,0.194523,0.569117,363.2874,14.8662,6.9623,223.5256,32.0931,13.2551,5.8836,4.5245,3.1865,7.2359,1.5318,-5.1903,0.115045,0.093837,-0.098274,-0.079522,-0.096669,-0.009990,0.007771,0.0000,0.0000,0.0000,-0.8342,5.8308,-0.1783,-0.026537,-0.020234,-0.001139,2.8720,0,1,0.0000,0.0000,0.045631,0.005164,-0.047909,-0.007442,1.000000,[],9.0388,7.2384,7.2384,1.5324,-5.1921,343.0078,1,0.353957,223.5256,13.2551,-32.0931,223.5237,13.2551,-32.1059,223.5256,13.2551,-32.0931,-29.044634,44.628741,-10.732179,-1664.1350,2557.0385,-614.9086,-1.033976,48.863392,-11.620205,0.28729436,0.76995944,1214.8766,0.252942,3.7477,84.371444,0.716667,-265.102890,-1.568853,-0.738386,0.354140,0.357076,0.008859,-1.663689,0.187496,4393.529697,4259.852194,0.030000,-0.029035,0.030000,4.999994,4.996226
3.400,-32.8879,-9.0709,230.2527,232.7664,4393447.2713,4259842.9993,1796050.2789,1218.2946,385.9494,0.087479,5.0122,-0.013470,-0.7718,0.6786,0.6786,28264.3537,232.7664,0.986404,0.100208,0.124515,0.038226,12.3181,13.7675,5.9313,-2.703504,0.421099,-0.360576,-154.8994,24.1272,-20.6595,812.2204,54.1323,-714.9957,946.5467,0.0000,0.0000,-0.5747,40.4674,2.0585,11.3852,POWERED_ASCENT,-1.906310,0.829950,0.144327,0.042218,0.596658,-2.165748,-0.555728,2.017073,-0.056141,0.203773,-0.574684,40.467389,2.058483,-0.003063,0.168807,0.569022,385.9309,18.2829,8.4589,229.2974,36.5316,16.3811,5.2431,6.8876,1.4453,7.2722,0.4847,-6.4017,0.115045,0.093837,-0.098274,-0.079522,-0.096669,-0.009990,0.007771,0.0000,0.0000,0.0000,-0.8790,5.7140,-0.2145,-0.053622,-0.016596,-0.033413,3.3400,0,1,0.0000,0.0000,0.036806,0.003613,-0.103631,-0.070438,1.000000,[],9.7039,7.2747,7.2747,0.4848,-6.4039,342.9967,1,0.358139,229.2974,16.3811,-36.5316,229.2952,16.3811,-36.5456,229.2974,16.3811,-36.5316,-16.147135,40.003268,3.141006,-925.1627,2292.0184,179.9664,-0.574684,42.657246,2.224277,0.28729793,0.76995968,1218.2946,0.300000,3.1803,58.874117,0.439445,-294.296955,0.809900,-0.472572,0.458484,0.276326,-0.028428,-0.179992,0.170715,4393.499232,4259.868425,-0.030000,0.030000,-0.029908,4.999997,-4.998038
3.500,-30.2688,-4.5567,237.0997,239.0674,4393444.0999,4259842.3223,1796073.6478,1222.2810,409.1687,0.093117,5.3352,-0.022726,-1.3021,0.6970,0.6970,29803.7351,239.0674,0.987057,-0.069354,0.135065,0.051632,-7.3454,15.8902,4.9622,-3.960006,-0.177949,-0.199683,-226.8916,-10.1957,-11.4410,793.5295,115.0725,-806.0375,936.7935,0.0000,0.0000,-0.3335,41.7813,-4.7661,11.3430,POWERED_ASCENT,-2.038044,0.812638,0.290958,-0.092700,0.773878,-2.808311,-0.574593,2.085499,-0.057826,0.209934,-0.333513,41.781323,-4.766109,-0.003158,0.142957,0.568927,409.1209,22.2678,10.1805,234.4409,43.2884,17.7989,5.2478,6.7527,-0.7247,7.1312,1.0341,-7.2437,0.115045,0.093837,-0.098274,-0.079522,-0.096669,-0.009990,0.007771,0.0000,0.0000,0.0000,-0.8698,5.5572,-0.2613,-0.066840,-0.006667,-0.055149,2.9080,0,1,0.0000,0.0000,0.018358,0.005024,-0.128655,-0.115321,1.000000,[],10.2209,7.1337,7.1337,1.0345,-7.2461,342.9838,1,0.362239,234.4409,17.7989,-43.2884,234.4381,17.7989,-43.3035,234.4409,17.7989,-43.2884,-9.367326,41.429377,-4.725069,-536.7082,2373.7285,-270.7265,-0.333513,44.326796,-4.402710,0.28730159,0.76995996,1222.2810,0.283449,3.0653,45.670491,-1.278557,-484.583444,-0.522080,0.135661,-0.539903,0.250800,0.073520,0.785627,0.137385,4393.931279,4259.989659,-0.030000,-0.029302,0.007072,4.999993,-4.999942
3.600,-26.2600,-1.6600,243.9136,245.3287,4393441.2610,4259842.0360,1796097.6994,1226.9507,432.9023,0.089063,5.1030,-0.011330,-0.6492,0.7153,0.7153,31371.0471,245.3287,0.955232,-0.258165,0.133960,0.054204,-29.9494,16.4938,2.0552,-3.261072,0.406918,-0.469498,-186.8457,23.3147,-26.9002,778.8779,54.8559,-842.7004,936.6646,0.0000,0.0000,0.6162,52.3088,0.0930,11.3010,POWERED_ASCENT,-2.024293,0.966566,0.131772,0.001719,0.548771,-1.991832,-0.616984,2.239746,-0.037733,0.136969,0.616181,52.308788,0.093048,-0.003253,0.117182,0.568832,432.8211,26.9359,11.9511,239.5890,49.9127,17.0879,4.6893,6.4870,-4.2376,7.0256,0.4948,-7.6013,0.112195,0.093837,-0.103278,-0.096163,-0.101368,-0.006368,0.001648,0.0000,0.0000,0.0000,-0.9047,5.3576,-0.3135,-0.029127,0.005360,-0.055934,3.4780,0,1,0.0000,0.0000,-0.032167,-0.021447,-0.079702,-0.090422,1.000000,[],10.3661,7.0280,7.0280,0.4950,-7.6039,342.9686,1,0.379027,239.5890,17.0879,-49.9127,239.5856,17.0880,-49.9291,239.5890,17.0879,-49.9127,17.303042,52.075678,1.534521,991.3913,2983.7166,87.9216,0.616181,55.050079,0.271494,0.28730532,0.76996025,1226.9507,0.300000,5.0132,61.901490,0.970553,-420.365693,-2.264522,0.245944,-0.338777,0.399301,-0.128817,-1.775445,0.242296,4393.455917,4259.880165,-0.030000,-0.030000,-0.029889,4.999998,-4.998042
3.700,-19.9202,-1.3034,250.1282,250.9236,4393438.9515,4259841.9091,1796122.4099,1232.2781,457.1235,0.085541,4.9012,0.016727,0.9584,0.7317,0.7317,32801.2142,250.9236,0.933540,-0.329538,0.135387,0.039734,-39.0136,16.1985,-0.8976,1.501121,-0.725008,-0.449336,86.0079,-41.5399,-25.7451,674.6465,-105.7774,-841.1688,847.1305,0.0000,0.0000,1.9194,45.0050,8.6596,11.2607,POWERED_ASCENT,-1.932512,0.795347,-0.243014,0.153036,0.323961,-1.175753,-0.546643,1.984376,0.030153,-0.109437,1.919416,45.004988,8.659582,-0.003344,0.092475,0.568741,457.0139,32.2617,13.4676,244.1893,56.2765,12.9308,4.0769,3.5814,-3.5734,6.1072,-0.9575,-7.6146,0.063737,0.090813,-0.103278,-0.096163,-0.088498,0.004990,-0.011223,0.0000,0.0000,0.0000,-0.8580,5.1186,-0.3601,-0.020798,0.017961,0.014308,3.1880,0,1,0.0000,0.0000,0.017145,0.053068,0.011471,-0.024451,1.000000,[],9.8113,6.1093,6.1093,-0.9579,-7.6172,342.9514,1,0.396267,244.1893,12.9308,-56.2765,244.1852,12.9309,-56.2941,244.1893,12.9308,-56.2765,53.925383,43.375306,8.708131,3089.6968,2485.2219,498.9392,1.919416,47.817875,8.305860,0.28730914,0.76996050,1232.2781,0.300000,3.7433,40.722182,1.113766,-581.833925,-3.391128,0.202502,-0.344154,0.397213,0.003377,-0.576024,0.236557,4393.485238,4260.289488,0.029251,-0.029776,-0.030000,4.999997,4.999942
3.800,-15.8745,-2.2634,254.9592,255.4629,4393437.1905,4259841.7171,1796147.6802,1238.0985,481.7708,0.049044,2.8100,0.016228,0.9298,0.7449,0.7449,33979.4386,255.4629,0.974483,-0.177129,0.135231,0.026857,-20.5673,15.8473,0.2643,3.175447,0.133952,0.233029,181.9397,7.6749,13.3516,443.0038,-69.6970,-561.7761,628.2102,0.0000,0.0000,-1.7746,55.2301,-8.3904,11.2273,POWERED_ASCENT,-1.245880,0.942205,-0.154571,-0.143137,0.349921,-1.270159,-0.458304,1.663746,0.101101,-0.366891,-1.774579,55.230096,-8.390375,-0.003420,0.071933,0.568665,481.6450,38.0802,14.5556,248.1887,59.7898,9.4254,1.6015,3.6723,-2.0800,4.0222,-0.6328,-5.1006,0.063737,0.090813,-0.050329,-0.089146,-0.073506,0.016473,0.003769,0.0000,0.0000,0.0000,-0.9162,4.8522,-0.3937,-0.008190,0.017708,0.030505,2.9480,0,1,0.0000,0.0000,0.020987,0.056403,0.040023,0.004607,1.000000,[],6.5287,4.0236,4.0236,-0.6330,-5.1023,342.9326,1,0.410742,248.1887,9.4254,-59.7898,248.1842,9.4254,-59.8087,248.1887,9.4254,-59.7898,-49.846854,53.413223,-8.375563,-2856.0144,3060.3522,-479.8844,-1.774579,57.151211,-8.628719,0.28731302,0.76996068,1238.0985,0.267314,5.0993,84.573400,-1.318773,-580.545744,-1.156136,-0.052166,-0.574756,0.389035,0.059221,0.677803,0.185238,4393.438381,4259.831129,0.030000,-0.029557,-0.029999,4.999997,4.999997
3.900,-12.2933,-1.6331,257.4865,257.7850,4393435.7808,4259841.5266,1796173.3231,1244.2674,506.6962,0.052293,2.9962,0.028497,1.6328,0.7518,0.7518,34579.1580,257.7850,0.982325,-0.117198,0.145490,0.011615,-13.7068,16.7718,-0.6751,-0.219887,-0.313629,-0.209207,-12.5986,-17.9696,-11.9867,187.7039,-165.1048,-602.9532,379.4335,0.0000,0.0000,-0.7700,55.1365,3.4323,11.2046,POWERED_ASCENT,-1.314009,0.924294,-0.359811,0.057537,0.387230,-1.405767,-0.461741,1.676400,0.101905,-0.369785,-0.769980,55.136471,3.432254,-0.003471,0.058010,0.568614,506.5616,44.2471,15.4002,249.7598,63.3924,7.3849,-0.1213,2.5388,-2.5075,1.7077,-1.5021,-5.4855,0.063737,0.090813,-0.050329,-0.089146,-0.073506,0.016473,0.003769,0.0000,0.0000,0.0000,-0.8825,4.5804,-0.4189,-0.034396,0.019884,-0.007573,2.9010,0,1,0.0000,0.0000,0.006939,0.046707,-0.022085,-0.061852,1.000000,[],5.9404,1.7083,1.7083,-1.5026,-5.4874,342.9126,1,0.417834,249.7598,7.3849,-63.3924,249.7547,7.3849,-63.4123,249.7598,7.3849,-63.3924,-21.626815,52.867558,2.574727,-1239.1252,3029.0880,147.5210,-0.769980,57.229333,2.859172,0.28731695,0.76996082,1244.2674,0.252904,4.9994,70.858443,1.405139,-598.783223,0.160069,-1.259138,0.361656,0.210824,0.084130,1.222926,0.399237,4393.462044,4259.818121,0.030000,0.030000,0.029999,4.999994,4.993225
4.000,-8.8420,-1.7130,258.0779,258.2350,4393434.7331,4259841.3637,1796199.1122,1250.7454,531.6756,0.046682,2.6747,0.023089,1.3229,0.7531,0.7531,34678.1003,258.2350,0.974632,-0.168861,0.146032,0.015921,-19.8208,16.8598,-1.0947,-1.665261,-0.103267,-0.004399,-95.4125,-5.9167,-0.2520,37.2059,-124.0246,-561.2176,230.1902,0.0000,0.0000,-0.3231,59.7266,-1.9167,11.1911,POWERED_ASCENT,-1.219565,0.998386,-0.269514,-0.032040,0.483217,-1.754431,-0.462426,1.678922,0.102066,-0.370362,-0.323076,59.726608,-1.916734,-0.003501,0.049770,0.568583,531.5393,50.7231,16.0126,249.6408,65.8829,4.9251,-1.0206,2.2625,-2.7013,0.3389,-1.1297,-5.1120,0.063737,0.090813,-0.050329,-0.089146,-0.073506,0.016473,0.003769,0.0000,0.0000,0.0000,-0.8988,4.2451,-0.4416,-0.027370,0.020131,-0.029214,2.9530,0,1,0.0000,0.0000,-0.021974,0.018287,-0.036453,-0.076714,1.000000,[],5.2481,0.3390,0.3390,-1.1301,-5.1137,342.8916,1,0.419368,249.6408,4.9251,-65.8829,249.6353,4.9251,-65.9038,249.6408,4.9251,-65.8829,-9.075144,56.982692,-2.339750,-519.9674,3264.8678,-134.0578,-0.323076,61.691646,-2.350991,0.28732089,0.76996092,1250.7454,0.265186,5.4208,97.704813,1.403136,-608.435561,0.690537,-1.942444,-0.098020,0.133917,-0.003562,-0.641013,0.477039,4393.418749,4259.845405,-0.028820,0.030000,-0.030000,4.999998,-4.998042
4.100,-5.2655,-1.9364,257.7466,257.8076,4393434.0284,4259841.1895,1796224.9087,1257.4543,556.5872,0.053043,3.0391,0.023838,1.3658,0.7519,0.7519,34540.7938,257.8076,0.951753,-0.267208,0.149348,0.021468,-31.7181,17.2030,-2.3368,-2.272431,-0.219129,-0.297446,-130.2007,-12.5551,-17.0424,-21.0850,-131.2992,-607.2718,170.5266,0.0000,0.0000,-0.1353,54.1403,-0.3645,11.1819,POWERED_ASCENT,-1.324890,0.908603,-0.286457,-0.006117,0.576574,-2.093455,-0.461821,1.676696,0.101924,-0.369853,-0.135324,54.140316,-0.364471,-0.003522,0.044109,0.568563,556.4566,57.4299,16.3780,248.6396,68.1024,2.2752,-1.2419,1.1797,-3.6321,-0.1922,-1.1970,-5.5360,0.063737,0.090813,-0.050329,-0.089146,-0.073506,0.016473,0.003769,0.0000,0.0000,0.0000,-0.8900,3.8993,-0.4573,-0.027911,0.021166,-0.042159,3.0830,0,1,0.0000,0.0000,-0.035414,0.006917,-0.048904,-0.091235,1.000000,[],5.6691,-0.1923,-0.1923,-1.1974,-5.5379,342.8699,1,0.418041,248.6396,2.2752,-68.1024,248.6336,2.2752,-68.1242,248.6396,2.2752,-68.1024,-3.799401,52.651230,-1.246766,-217.6896,3016.6933,-71.4344,-0.135324,56.279273,-0.826939,0.28732482,0.76996098,1257.4543,0.268167,4.2341,26.283101,1.290107,-620.536724,-1.650075,-0.500598,0.351603,0.089238,0.092172,1.540386,0.505629,4393.469341,4259.876763,-0.030000,-0.028575,0.029622,4.999943,-4.999996
4.200,-1.7406,-3.4816,256.9060,256.9355,4393433.6884,4259840.9295,1796250.6443,1264.3399,581.3744,0.048151,2.7588,0.027050,1.5499,0.7494,0.7494,34284.4563,256.9355,0.912686,-0.381589,0.143532,0.028163,-45.8821,16.4687,-3.4753,-2.505948,-0.231901,-0.128826,-143.5803,-13.2870,-7.3812,-58.2433,-151.9207,-564.7130,130.7705,0.0000,0.0000,-0.0279,57.7044,1.7296,11.1749,POWERED_ASCENT,-1.241251,0.975657,-0.333925,0.029244,0.444419,-1.613429,-0.459669,1.668817,0.102484,-0.371894,-0.027928,57.704354,1.729583,-0.003538,0.039818,0.568547,581.2583,64.3132,16.4280,247.4213,69.2596,-1.2879,-1.0420,-0.2918,-3.1752,-0.5313,-1.3858,-5.1513,0.063183,0.090813,-0.050329,-0.089146,-0.073368,0.016612,0.003630,0.0000,0.0000,0.0000,-0.8869,3.4753,-0.4661,0.005765,0.015419,-0.049822,3.7830,0,1,0.0000,0.0000,-0.071006,-0.040168,-0.028639,-0.059477,1.000000,[],5.3627,-0.5315,-0.5315,-1.3863,-5.1530,342.8477,1,0.415456,247.4213,-1.2879,-69.2596,247.4149,-1.2879,-69.2823,247.4213,-1.2879,-69.2596,-0.783650,55.489779,0.540229,-44.8998,3179.3301,30.9528,-0.027928,59.702337,1.192080,0.28732873,0.76996098,1264.3399,0.300000,4.4149,34.437826,1.394560,-572.995335,-1.740908,-0.002681,0.015490,0.375091,0.099214,-1.430953,0.569151,4393.433698,4259.829015,0.028768,-0.029802,-0.030000,4.999997,4.999997
4.300,0.4385,-5.7074,255.8446,255.9086,4393433.6505,4259840.4737,1796276.2826,1271.2752,606.0368,0.017110,0.9803,0.033554,1.9225,0.7465,0.7465,33987.9599,255.9086,0.904690,-0.405127,0.128780,0.028718,-48.6513,14.8495,-3.1065,2.101498,-0.595313,-0.134185,120.4070,-34.1089,-7.6882,-85.1240,-192.5009,-295.8190,100.9679,0.0000,0.0000,1.5008,66.2553,4.9610,11.1693,POWERED_ASCENT,-0.655888,1.130007,-0.426812,0.084612,0.148364,-0.538397,-0.371496,1.348526,0.113028,-0.410167,1.500828,66.255300,4.961002,-0.003551,0.036356,0.568534,605.9438,71.2463,16.1272,246.3991,68.9734,-4.4028,-0.8749,-1.2878,-2.0186,-0.7769,-1.7569,-2.6998,0.032344,0.067062,-0.050329,-0.089146,-0.059720,0.018384,-0.010017,0.0000,0.0000,0.0000,-0.7684,3.0995,-0.4640,0.000819,0.008991,0.014321,3.5390,0,1,0.0000,0.0000,0.004511,0.022493,0.024131,0.006149,1.000000,[],3.3146,-0.7772,-0.7772,-1.7575,-2.7007,342.8252,1,0.412602,246.3991,-4.4028,-68.9734,246.3925,-4.4028,-68.9969,246.3991,-4.4028,-68.9734,42.160328,61.948070,5.168958,2415.6088,3549.3630,296.1595,1.500828,67.305696,4.277468,0.28733262,0.76996094,1271.2752,0.293463,4.4999,21.078738,0.434654,-490.520891,-2.340053,0.096271,-0.403184,0.213609,0.251072,-2.465047,0.626902,4393.402510,4259.858945,-0.030000,-0.029994,-0.029539,4.999995,4.993282
4.400,1.1217,-7.8032,254.6636,254.7855,4393433.7262,4259839.7912,1796301.8089,1278.1058,630.6089,0.025486,1.4602,0.028638,1.6408,0.7432,0.7432,33667.8685,254.7855,0.960710,-0.238403,0.142095,0.002907,-28.3919,15.9269,-3.7066,3.482745,0.048210,0.126059,199.5466,2.7622,7.2227,-101.7080,-163.5880,-305.1495,81.1175,0.0000,0.0000,-2.0610,36.6778,4.8806,11.1647,POWERED_ASCENT,-0.683009,0.631499,-0.366155,0.084032,0.352899,-1.280947,-0.276442,1.003332,0.089448,-0.324607,-2.060981,36.677755,4.880605,-0.003561,0.033546,0.568524,630.5434,78.0744,15.5845,245.5408,67.7101,-6.3831,-1.1026,-0.8682,-1.2197,-0.9286,-1.4936,-2.7861,0.032344,0.067062,-0.028142,-0.051838,-0.044847,0.014603,0.004857,0.0000,0.0000,0.0000,-0.9146,2.6676,-0.4534,0.009008,0.018546,0.029427,3.1460,0,1,0.0000,0.0000,0.001873,0.038965,0.056981,0.019889,1.000000,[],3.2959,-0.9289,-0.9289,-1.4941,-2.7871,342.8031,1,0.409214,245.5408,-6.3831,-67.7101,245.5341,-6.3831,-67.7345,245.5408,-6.3831,-67.7101,-57.892545,35.342444,3.815272,-3316.9985,2024.9729,218.5990,-2.060981,37.764443,4.298041,0.28733650,0.76996085,1278.1058,0.299149,3.4621,10.007347,1.204060,-563.309877,-0.730111,-0.399043,-0.128707,0.405613,0.225267,0.165105,0.708607,4393.464902,4259.869895,0.030000,0.029944,-0.030000,4.999997,4.999988
4.500,1.5882,-9.0175,253.3849,253.5503,4393433.8881,4259838.9523,1796327.2113,1284.8563,655.0736,-0.009887,-0.5665,0.018175,1.0413,0.7397,0.7397,33320.2420,253.5503,0.974191,-0.186588,0.127011,0.002148,-22.0077,14.3750,-2.5567,-0.861890,-0.706729,-0.133479,-49.3826,-40.4926,-7.6478,-108.0952,-86.0989,-53.6368,71.2195,0.0000,0.0000,-1.0195,65.9201,-4.8508,11.1609,POWERED_ASCENT,-0.121306,1.146820,-0.194724,-0.084390,0.207534,-0.753167,-0.266708,0.967984,0.097444,-0.353637,-1.019469,65.920087,-4.850779,-0.003570,0.031238,0.568515,655.0376,84.8224,14.8695,244.4591,66.8584,-7.5796,-0.8263,-2.3253,-0.8472,-0.9873,-0.7864,-0.4899,0.032344,0.067062,-0.022655,-0.051838,-0.043475,0.015975,0.006228,0.0000,0.0000,0.0000,-1.2299,2.3273,-0.4397,-0.001811,0.010061,-0.022152,2.9120,0,1,0.0000,0.0000,-0.030402,-0.010280,-0.013901,-0.034023,1.000000,[],1.3544,-0.9876,-0.9876,-0.7866,-0.4901,342.7813,1,0.405543,244.4591,-7.5796,-66.8584,244.4522,-7.5795,-66.8836,244.4591,-7.5796,-66.8584,-28.634119,61.250263,-5.364207,-1640.6141,3509.3816,-307.3464,-1.019469,66.111553,-5.158123,0.28734036,0.76996073,1284.8563,0.263360,4.2040,33.468516,1.400484,-670.325999,2.217806,-0.000285,0.094543,0.396263,0.197626,1.645264,0.777252,4393.472895,4259.798391,-0.022925,-0.029108,0.029955,4.999995,4.993225
4.600,0.7610,-10.9772,251.9613,252.2014,4393434.0011,4259837.9579,1796352.4796,1291.4314,679.4512,0.006432,0.3685,0.029090,1.6667,0.7358,0.7358,32945.5182,252.2014,0.951124,-0.281151,0.127619,0.005494,-33.3881,14.2322,-3.6264,-2.549302,-0.029484,0.041338,-146.0643,-1.6893,2.3685,-123.9318,-166.8452,-153.5448,51.5867,0.0000,0.0000,0.0405,46.0635,7.0789,11.1578,POWERED_ASCENT,-0.351211,0.810487,-0.381633,0.124552,0.436210,-1.583257,-0.248386,0.901475,0.080363,-0.291656,0.040499,46.063455,7.078855,-0.003577,0.029337,0.568508,679.4438,91.3950,14.0770,243.6485,64.5773,-8.4107,-1.0813,-1.5931,-0.8067,-1.1322,-1.5243,-1.4028,0.032344,0.056102,-0.022655,-0.051838,-0.040735,0.013235,0.003488,0.0000,0.0000,0.0000,-0.8849,1.9896,-0.4229,0.006519,0.013421,-0.050820,3.4780,0,1,0.0000,0.0000,-0.070760,-0.043917,-0.030880,-0.057723,1.000000,[],2.3616,-1.1326,-1.1326,-1.5248,-1.4032,342.7600,1,0.401472,243.6485,-8.4107,-64.5773,243.6416,-8.4107,-64.6034,243.6485,-8.4107,-64.5773,1.137584,43.010847,5.928193,65.1787,2464.3400,339.6605,0.040499,46.612635,6.482105,0.28734421,0.76996060,1291.4314,0.282285,5.1751,44.624600,-1.368853,-737.089538,0.941115,-0.065878,-0.259608,0.173465,0.347955,1.828021,0.770902,4393.428923,4259.831442,-0.030000,0.028834,0.030000,4.999998,4.998042
4.700,0.4516,-12.3794,250.5012,250.8073,4393434.0773,4259836.7829,1796377.6026,1297.8196,703.7331,-0.007338,-0.4204,0.014616,0.8375,0.7318,0.7318,32561.9849,250.8073,0.909882,-0.396929,0.117275,0.028447,-47.4296,13.6503,-2.4378,-2.461206,-0.635522,-0.120762,-141.0167,-36.4128,-6.9191,-130.1897,-66.5428,-61.3155,41.4659,0.0000,0.0000,0.0235,58.1321,-4.2020,11.1553,POWERED_ASCENT,-0.141902,1.034882,-0.154000,-0.074805,0.448745,-1.628696,-0.247226,0.897269,0.079981,-0.290283,0.023455,58.132115,-4.201974,-0.003582,0.027777,0.568502,703.7538,97.7805,13.1803,242.5877,63.0145,-9.2021,-0.9393,-2.6212,0.2884,-1.1897,-0.6081,-0.5603,0.032344,0.056102,-0.022655,-0.051838,-0.040735,0.013235,0.003488,0.0000,0.0000,0.0000,-1.3066,1.6345,-0.3994,0.019858,-0.001714,-0.051474,3.4750,0,1,0.0000,0.0000,-0.069618,-0.073046,-0.033331,-0.029903,1.000000,[],1.4493,-1.1901,-1.1901,-0.6083,-0.5605,342.7394,1,0.397261,242.5877,-9.2021,-63.0145,242.5807,-9.2020,-63.0414,242.5877,-9.2021,-63.0145,0.660996,54.263569,-5.625266,37.8723,3109.0735,-322.3040,0.023455,58.351773,-4.440358,0.28734804,0.76996045,1297.8196,0.260932,3.9595,58.969025,-1.432680,-675.731606,-0.530281,0.518631,-0.553621,0.438090,0.375306,1.703498,0.923290,4393.501109,4259.793591,0.025075,0.029766,-0.029280,4.999994,4.993225
4.800,-1.3283,-13.7112,248.8890,249.2699,4393434.0444,4259835.4780,1796402.5762,1304.0036,727.9219,-0.015281,-0.8756,0.015571,0.8921,0.7273,0.7273,32144.5983,249.2699,0.872068,-0.476234,0.105502,0.039595,-57.4851,12.8102,-1.8470,-0.578431,-0.331143,0.209081,-33.1416,-18.9731,11.9795,-170.1761,-87.7787,14.4025,0.0000,0.0000,0.0000,0.8685,53.7043,4.2962,11.1100,BURNOUT,0.033764,0.968471,-0.205783,0.077476,0.360817,-1.309434,-0.202148,0.733707,0.036842,-0.133719,0.868484,53.704279,4.296236,-0.003685,0.000000,0.568400,727.9683,103.9618,12.2664,241.6662,60.4431,-8.9192,-1.3075,-2.0761,0.9489,-1.5614,-0.8054,0.1321,0.032344,0.027677,-0.022655,-0.051838,-0.033628,0.006129,-0.003618,0.0000,0.0000,0.0000,-0.9951,1.3632,-0.3777,0.018449,-0.009369,-0.031456,3.1910,0,1,0.0000,0.0000,-0.040537,-0.059274,-0.022375,-0.003638,1.000000,[],1.7624,-1.5619,-1.5619,-0.8057,0.1322,342.7195,1,0.398951,241.6662,-8.9192,-60.4431,241.6593,-8.9191,-60.4708,241.6662,-8.9192,-60.4431,24.393682,49.610858,3.500283,1397.6550,2842.4928,200.5514,0.868484,53.651209,3.972792,0.28735186,0.76996030,1304.0036,0.300000,3.8457,43.413824,0.922387,-555.423022,-2.605742,-0.575110,0.782014,0.211389,-0.257905,2.701845,0.931881,4393.478404,4259.846859,0.030000,0.030000,-0.030000,4.999998,-4.999998
4.900,-3.1177,-14.1496,247.0819,247.5063,4393433.8247,4259834.0769,1796427.3740,1309.9451,752.0023,-0.014817,-0.8489,0.001060,0.0607,0.7222,0.7222,31672.9899,247.5063,0.880661,-0.459652,0.106092,0.043591,-55.2641,13.1167,-1.2210,1.078296,-0.287528,-0.171032,61.7818,-16.4742,-9.7994,-165.4123,7.1091,11.5971,0.0000,0.0000,0.0000,0.3791,52.1294,-5.9613,11.1100,BURNOUT,0.027592,0.954068,0.016914,-0.109104,0.211171,-0.766488,-0.200919,0.729280,0.036618,-0.132912,0.379106,52.129385,-5.961345,-0.003685,0.000000,0.568400,752.0711,109.9005,11.4134,240.3836,58.4065,-7.9883,-1.2169,-2.3683,0.6041,-1.5177,0.0652,0.1064,0.032344,0.027677,-0.022655,-0.051838,-0.033628,0.006129,-0.003618,0.0000,0.0000,0.0000,-0.9837,1.0918,-0.3539,0.021468,-0.012572,-0.001290,4.1380,0,1,0.0000,0.0000,-0.010187,-0.035331,0.007606,0.032750,1.000000,[],1.5233,-1.5182,-1.5182,0.0652,0.1064,342.7002,1,0.393557,240.3836,-7.9883,-58.4065,240.3766,-7.9883,-58.4350,240.3836,-7.9883,-58.4065,10.650414,48.099387,-5.206127,610.2238,2755.8919,-298.2891,0.379106,52.086653,-5.935150,0.28735566,0.76996017,1309.9451,0.300000,4.5194,13.276907,-1.400922,-661.435131,-1.384439,-0.343012,0.253415,0.076414,0.334883,1.291249,0.999874,4393.423075,4259.847637,-0.029735,0.030000,-0.030000,4.999994,-4.993282
5.000,-4.8871,-15.0397,245.2788,245.7881,4393433.4302,4259832.6262,1796451.9926,1315.6824,775.9594,-0.016067,-0.9206,0.016134,0.9244,0.7172,0.7172,31217.2488,245.7881,0.913224,-0.393800,0.100970,0.027356,-46.8335,11.8858,-1.7310,1.805260,-0.298974,-0.081256,103.4338,-17.1299,-4.6556,-160.8545,-90.5115,19.6498,0.0000,0.0000,0.0000,0.1668,52.0691,5.3597,11.1100,BURNOUT,0.047434,0.966877,-0.218493,0.099524,0.167041,-0.606343,-0.199720,0.724967,0.036399,-0.132126,0.166803,52.069121,5.359672,-0.003685,0.000000,0.568400,776.0474,115.6349,10.6465,239.1898,56.0832,-7.3956,-1.1651,-2.4826,0.4054,-1.4759,-0.8305,0.1803,0.032344,0.027677,-0.022655,-0.051838,-0.033628,0.006129,-0.003618,0.0000,0.0000,0.0000,-0.9788,0.9032,-0.3363,0.012618,-0.004335,0.011172,3.1450,0,1,0.0000,0.0000,0.002889,-0.005781,0.019456,0.028126,1.000000,[],1.7036,-1.4764,-1.4764,-0.8307,0.1804,342.6817,1,0.388300,239.1898,-7.3956,-56.0832,239.1829,-7.3956,-56.1124,239.1898,-7.3956,-56.0832,4.686150,48.052483,5.185318,268.4966,2753.2045,297.0968,0.166803,51.996716,5.026158,0.28735944,0.76996004,1315.6824,0.300004,5.5652,92.133443,-0.357670,-419.361407,0.790826,0.241264,-0.037443,-0.377094,0.133097,-1.140370,1.123379,4393.452181,4259.839573,-0.029864,0.029963,-0.029937,4.999997,-4.998042
5.100,-6.6083,-16.1547,243.4927,244.1175,4393432.8583,4259831.0625,1796476.4307,1321.1711,799.8038,-0.013967,-0.8002,0.004434,0.2541,0.7124,0.7124,30777.8414,244.1175,0.947548,-0.302099,0.102440,0.019870,-35.5148,11.8962,-1.4194,1.921857,-0.295651,0.045080,110.1143,-16.9396,2.5829,-156.5024,-23.3857,16.2285,0.0000,0.0000,0.0000,-0.6385,44.6983,0.9850,11.1100,BURNOUT,0.039735,0.841858,-0.057259,0.018551,0.416053,-1.509438,-0.173750,0.630728,0.011382,-0.041318,-0.638508,44.698312,0.984951,-0.003685,0.000000,0.568400,799.9090,121.1207,9.9219,238.0469,53.6477,-6.9980,-1.1309,-2.4930,0.7150,-1.4359,-0.2146,0.1489,0.032344,0.027677,-0.022655,-0.035033,-0.029427,0.001928,0.000583,0.0000,0.0000,0.0000,-0.9890,0.7343,-0.3185,0.012663,-0.041708,0.014965,3.7920,0,1,0.0000,0.0000,0.044011,-0.039406,-0.014080,0.069337,1.000000,[],1.4600,-1.4364,-1.4364,-0.2146,0.1490,342.6639,1,0.383188,238.0469,-6.9980,-53.6477,238.0401,-6.9980,-53.6777,238.0469,-6.9980,-53.6477,-17.935991,41.457796,1.383785,-1027.6566,2375.3567,79.2851,-0.638508,44.638514,0.898780,0.28736320,0.76995992,1321.1711,0.300000,3.5297,12.243984,1.309526,-453.786210,1.229987,-0.036847,-0.116647,-0.347281,-0.350755,-1.391882,1.141497,4393.445648,4259.855447,0.030000,0.029936,0.029515,4.999995,-4.999995
5.200,-8.5548,-17.0650,241.7359,242.4885,4393432.1103,4259829.4046,1796500.6928,1326.4259,823.5359,-0.026545,-1.5209,-0.001932,-0.1107,0.7077,0.7077,30352.8452,242.4885,0.964243,-0.247308,0.093542,0.018013,-28.8344,10.9121,-0.6727,-0.271713,-0.451400,0.135372,-15.5680,-25.8633,7.7563,-152.3330,-20.9586,86.7039,0.0000,0.0000,0.0000,-2.4492,56.9391,14.2999,11.1100,BURNOUT,0.215262,1.087418,-0.052035,0.273098,0.570764,-2.071658,-0.191091,0.693709,-0.084579,0.307044,-2.449249,56.939066,14.299865,-0.003685,0.000000,0.568400,823.6562,126.3724,9.2524,236.9375,51.2020,-6.2966,-1.2272,-2.0307,1.6777,-1.3977,-0.1923,0.7955,0.065582,0.027677,-0.028333,-0.008610,-0.032550,-0.014407,0.014079,0.0000,0.0000,0.0000,-0.9689,0.5737,-0.2992,0.004831,-0.080287,0.009621,7.3800,0,1,0.0000,0.0000,0.085077,-0.075497,-0.065836,0.094739,1.000000,[],1.6202,-1.3982,-1.3982,-0.1924,0.7958,342.6470,1,0.378202,236.9375,-6.2966,-51.2020,236.9308,-6.2966,-51.2328,236.9375,-6.2966,-51.2020,-68.800846,52.443455,13.076052,-3941.9981,3004.7886,749.2026,-2.449249,56.619582,14.222638,0.28736695,0.76995981,1326.4259,0.300000,4.1347,35.086474,1.112819,-402.105680,2.049127,-0.096081,0.500604,-0.330221,-0.108159,-2.625670,1.197196,4393.472271,4259.811446,-0.029697,-0.029757,-0.030000,4.999997,-4.998042
5.300,-10.8273,-16.9760,240.0170,240.8601,4393431.1446,4259827.6761,1796524.7794,1331.4340,847.1599,-0.022135,-1.2682,-0.047076,-2.6972,0.7030,0.7030,29931.9093,240.8601,0.917875,-0.380580,0.097350,0.056459,-44.8460,12.8080,1.7363,-4.267246,-0.184149,0.424403,-244.4952,-10.5510,24.3165,-148.2343,172.2546,150.9029,0.0000,0.0000,0.0000,5.9599,9.0844,23.0859,11.1100,COAST_ASCENT,0.379920,0.175934,0.433676,0.447094,1.022744,-3.712493,0.038801,-0.140866,-0.310106,1.125169,5.959939,9.084446,23.085913,-0.003685,0.000000,0.568400,847.2933,131.3774,8.6836,235.7336,49.2099,-4.6508,-2.2481,0.6467,3.8492,-1.3601,1.5805,1.3846,0.049771,-0.116312,-0.041992,0.002042,0.006648,-0.052529,-0.026623,0.0000,0.0000,0.0000,-0.9287,0.4613,-0.2851,-0.017920,-0.105441,-0.046045,6.8400,0,1,0.0000,0.0000,0.077315,-0.133566,-0.169406,0.041475,1.000000,[],2.5038,-1.3605,-1.3605,1.5810,1.3850,342.6308,1,0.373202,235.7336,-4.6508,-49.2099,235.7270,-4.6508,-49.2414,235.7336,-4.6508,-49.2099,167.411822,6.155125,21.245752,9591.9909,352.6627,1217.2919,5.959939,8.528403,23.720632,0.28737068,0.76995972,1331.4340,0.251416,3.4058,157.464646,1.432886,-298.859546,0.068733,1.797020,-0.130057,-0.219297,-0.010324,1.563966,1.233595,4393.504463,4259.842870,0.030000,-0.030000,0.030000,4.993282,-4.993282
5.400,-12.5705,-13.4065,238.0817,238.7900,4393429.9640,4259826.0976,1796548.6919,1336.3450,870.6341,0.089475,5.1265,-0.155478,-8.9082,0.6970,0.6970,29405.5057,238.7900,0.984704,-0.034719,0.151877,0.078014,-2.6886,17.7296,8.6402,17.954584,-0.282640,1.363031,1028.7219,-16.1941,78.0959,-142.3745,753.8637,-630.8746,0.0000,0.0000,0.0000,6.3044,-23.3432,-20.0524,11.1100,COAST_ASCENT,-1.616752,-0.460169,1.931938,-0.395296,0.856630,-3.108409,-0.208935,0.758479,-0.500669,1.816778,6.304378,-23.343212,-20.052357,-0.003685,0.000000,0.568400,870.7774,136.2852,8.3722,233.5282,49.8443,-0.8747,-2.8308,-1.5801,6.6977,-1.3063,6.9169,-5.7884,0.052897,-0.094938,-0.188327,0.002042,-0.036061,-0.084551,-0.057082,0.0000,0.0000,0.0000,-0.8656,11.8478,-0.2774,-0.024292,-0.086397,-0.031401,2.4520,4,1,0.0000,0.0000,0.079287,-0.093506,-0.142090,0.030704,1.000000,[],9.1166,-1.3068,-1.3068,6.9192,-5.7904,342.6149,1,0.364865,233.5282,-0.8747,-49.8443,233.5214,-0.8747,-49.8764,233.5282,-0.8747,-49.8443,177.078452,4.160972,-11.114316,10145.8479,238.4062,-636.8034,6.304378,-21.018583,-17.274541,0.28737438,0.76995967,1336.3450,0.277441,4.1663,9.795082,1.361195,-306.069542,-1.693723,0.287442,0.566602,-0.248089,-0.067781,-1.566085,1.307258,4393.467667,4259.850867,-0.030000,0.029731,-0.029726,4.999998,-4.999988
5.500,-17.6467,-9.1765,234.9794,235.8197,4393428.5341,4259825.0805,1796572.3557,1341.3887,893.8158,0.176994,10.1410,-0.117695,-6.7434,0.6883,0.6883,28664.3782,235.8197,0.346427,0.937745,0.022522,0.010720,139.4425,-0.2579,2.8470,30.034844,-0.611917,5.991835,1720.8698,-35.0603,343.3069,-136.6397,546.6754,-1113.4059,0.0000,0.0000,0.0000,2.7605,-81.6376,-4.0675,11.1100,COAST_ASCENT,-2.927117,-1.650947,1.437196,-0.082256,0.840837,-3.051033,-0.206060,0.747980,-0.493042,1.789212,2.760533,-81.637565,-4.067459,-0.003685,0.000000,0.568400,893.9632,141.3257,8.6373,230.7513,48.2942,5.6958,-3.6821,-8.4472,-8.4714,-1.2537,5.0159,-10.2158,0.052897,-0.094938,-0.188327,0.002042,-0.036061,-0.084551,-0.057082,0.0000,0.0000,0.0000,-0.8816,11.8385,-0.2878,-0.024292,-0.086397,-0.031401,2.5560,4,1,0.0000,0.0000,0.079287,-0.093506,-0.142090,0.030704,1.000000,[],11.4535,-1.2541,-1.2541,5.0176,-10.2192,342.5987,1,0.359223,230.7513,5.6958,-48.2942,230.7444,5.6958,-48.3268,230.7513,5.6958,-48.2942,77.440065,101.994057,15.884170,4436.9889,5843.8290,910.0959,2.760533,-77.534918,-2.053085,0.28737803,0.76995971,1341.3887,0.233528,4.3516,89.792108,1.281131,-502.126744,6.448400,3.019029,0.983281,-0.253888,-0.239725,1.860707,1.347444,4393.487764,4259.885853,-0.020430,-0.028381,0.030000,4.999995,-4.999995
5.600,-16.8326,-19.9626,229.1676,230.6504,4393426.6082,4259823.6155,1796595.5626,1345.6626,916.7488,0.273041,15.6441,0.103887,5.9523,0.6733,0.6733,27410.0294,230.6504,-0.934172,0.288149,-0.198696,0.069377,-36.8551,19.3447,-14.9950,32.145936,3.648753,7.742366,1841.8265,209.0581,443.6049,-123.9686,-583.5605,-1452.5335,0.0000,0.0000,0.0000,-6.5481,-156.9183,68.4177,11.1100,COAST_ASCENT,-3.993427,-3.318562,-1.604374,1.446920,0.442195,-1.604786,-0.070244,0.254944,-0.123282,0.447442,-6.548134,-156.918349,68.417694,-0.003685,0.000000,0.568400,916.8999,145.5963,8.9262,227.1391,40.0076,-2.6147,-7.0218,7.5145,3.0733,-1.1374,-5.3543,-13.3273,0.052897,-0.017001,-0.016587,0.002042,-0.012610,-0.022132,0.005338,0.0000,0.0000,0.0000,-0.9109,9.6148,-0.3042,0.045195,0.002716,0.030185,4.4930,0,1,0.0000,0.0000,-0.017726,-0.012294,0.078096,0.072664,1.000000,[],14.4126,-1.1378,-1.1378,-5.3561,-13.3319,342.5849,1,0.340825,227.1391,-2.6147,-40.0076,227.1333,-2.6147,-40.0404,227.1391,-2.6147,-40.0076,-183.142796,99.960474,-52.049299,-10493.3093,5727.3133,-2982.2052,-6.548134,-151.566094,66.267406,0.28738165,0.76995976,1345.6626,0.203564,6.8185,110.948003,-0.523158,-508.291181,17.834206,4.236642,3.177999,-0.260644,-0.226913,1.899288,1.407099,4393.469008,4259.831263,0.030000,0.017565,0.030000,4.999996,-4.998042
5.700,-12.4546,-11.5184,224.6499,225.2895,4393425.3364,4259821.9350,1796618.2572,1350.0977,939.0943,0.256887,14.7185,0.120523,6.9055,0.6576,0.6576,26139.3525,225.2895,-0.610707,-0.767422,-0.194087,0.020729,105.2419,15.5974,16.4392,8.421874,1.562877,4.870695,482.5378,89.5463,279.0702,-117.8807,-532.0623,-1328.0181,0.0000,0.0000,0.0000,-12.7476,-121.1986,21.0187,11.1100,COAST_ASCENT,-3.828585,-2.687747,-1.533899,0.466119,0.770990,-2.797259,-0.140085,0.508326,0.234894,-0.852470,-12.747556,-121.198562,21.018707,-0.003685,0.000000,0.568400,939.2548,150.0282,8.6050,220.2508,47.3793,0.4002,-2.4073,-6.8975,5.6980,-1.0816,-4.8818,-12.1849,0.118787,0.139877,0.153376,0.002042,-0.025811,0.043106,0.103520,0.0000,0.0000,0.0000,-0.8665,8.9704,-0.2966,0.007250,-0.035070,0.096938,4.8640,0,1,0.0000,0.0000,0.124758,0.054618,0.069118,0.139258,1.000000,[],13.1754,-1.0820,-1.0820,-4.8835,-12.1890,342.5705,1,0.339842,220.2508,0.4002,-47.3793,220.2437,0.4002,-47.4119,220.2508,0.4002,-47.3793,-357.863594,-68.170895,4.940993,-20504.0736,-3905.9046,283.0980,-12.747556,-116.305118,19.058179,0.28738518,0.76995971,1350.0977,0.222396,4.9273,60.796951,-1.397166,-567.860908,32.639283,1.219547,5.239626,-0.298347,-0.454401,2.342965,1.413969,4393.465932,4259.875232,-0.025049,-0.028226,0.030000,4.999997,-4.999943
5.800,-20.5242,-11.5567,220.4681,221.7227,4393423.6447,4259820.9504,1796640.5037,1354.5814,960.9656,-0.186703,-10.6973,-0.098237,-5.6286,0.6473,0.6473,25307.1308,221.7227,-0.873563,-0.485086,0.018275,0.035286,58.0812,0.1320,-4.5529,-19.196730,-3.977138,-3.522672,-1099.8916,-227.8732,-201.8343,-117.7031,434.9385,924.7810,0.0000,0.0000,0.0000,-1.4082,102.1964,-23.5302,11.1100,COAST_ASCENT,2.753753,2.340875,1.295132,-0.538974,0.202724,-0.735606,0.032975,-0.119641,-0.145960,0.529574,-1.408153,102.196377,-23.530173,-0.003685,0.000000,0.568400,961.1281,154.5086,9.0757,217.8892,40.6128,5.9900,-2.5208,-3.7210,-7.8625,-1.0800,3.9907,8.4851,0.096005,-0.026449,0.053625,0.040668,0.006184,-0.027374,0.040962,0.0000,0.0000,0.0000,-0.9043,8.0204,-0.3147,-0.018705,-0.000707,-0.018553,4.1280,0,1,0.0000,0.0000,0.000860,-0.000555,-0.037966,-0.036551,1.000000,[],9.4419,-1.0803,-1.0803,3.9920,8.4880,342.5560,1,0.350489,217.8892,5.9900,-40.6128,217.8830,5.9900,-40.6458,217.8892,5.9900,-40.6128,-39.161329,156.894098,-94.240125,-2243.7789,8989.3697,-5399.5614,-1.408153,98.788769,-21.927524,0.28738862,0.76995978,1354.5814,0.248888,4.0339,69.298738,-1.344233,-569.863022,13.978640,2.542663,3.987732,0.139448,-0.426849,1.695819,1.384180,4393.459882,4259.841648,-0.030000,0.029930,0.030000,4.999996,-4.999988
5.900,-17.1655,-19.0435,217.0623,218.5712,4393421.7056,4259819.3417,1796662.3579,1358.3671,982.6318,0.123091,7.0526,0.031019,1.7773,0.6381,0.6381,24583.7219,218.5712,-0.934835,0.328606,-0.134114,0.010680,-39.5271,14.1068,-6.4001,-9.899587,-1.630322,3.687768,-567.2045,-93.4106,211.2935,-115.6793,-22.8726,-539.0375,0.0000,0.0000,0.0000,11.9389,-97.0105,-42.3945,11.1100,COAST_ASCENT,-1.652344,-2.287477,-0.070113,-0.999650,1.152534,-4.182313,0.234522,-0.851157,0.332008,-1.205510,11.938950,-97.010482,-42.394519,-0.003685,0.000000,0.568400,982.7986,158.2910,9.2706,215.4163,36.9625,-1.7231,-1.5981,-0.6008,2.4488,-1.0614,-0.2099,-4.9458,-0.161188,-0.070293,0.053625,-0.106912,0.044548,0.062858,-0.071192,0.0000,0.0000,0.0000,-0.7612,6.9204,-0.3284,-0.051593,0.108767,-0.107002,5.5000,0,1,0.0000,0.0000,-0.164176,0.053358,-0.049827,-0.267361,1.000000,[],5.0645,-1.0617,-1.0617,-0.2099,-4.9475,342.5438,1,0.354599,215.4163,-1.7231,-36.9625,215.4105,-1.7230,-36.9959,215.4163,-1.7231,-36.9625,335.194867,-123.344043,-55.030294,19205.2512,-7067.0931,-3153.0036,11.938950,-95.024251,-42.478800,0.28739204,0.76995982,1358.3671,0.193008,4.7829,134.830186,-1.419578,-598.351603,-2.169154,-0.154258,-1.279919,-0.144808,-0.313976,1.753960,1.486506,4393.485384,4259.867550,-0.030000,-0.030000,0.029694,4.999995,-4.999943
6.000,-18.9246,-17.4030,215.3918,216.9208,4393419.9966,4259817.5465,1796683.9938,1362.1249,1004.0759,-0.145271,-8.3234,-0.024351,-1.3952,0.6333,0.6333,24204.9819,216.9208,-0.997701,0.062281,-0.012268,-0.023733,-7.1080,1.5722,2.6277,12.985630,-1.276120,-2.495406,744.0218,-73.1163,-142.9762,-113.2231,123.3698,647.7582,0.0000,0.0000,0.0000,-3.8319,97.4678,-16.9223,11.1100,COAST_ASCENT,2.016681,2.334222,0.384090,-0.405266,0.758514,-2.752013,-0.145521,0.527881,0.062512,-0.226764,-3.831881,97.467811,-16.922277,-0.003685,0.000000,0.568400,1004.2498,162.0453,9.1714,213.8485,36.3731,0.6792,-1.1263,-4.7707,-2.5963,-1.0388,1.1319,5.9433,0.060332,0.009072,0.028430,-0.070881,-0.027964,0.012012,0.006738,0.0000,0.0000,0.0000,-0.8354,6.0204,-0.3287,0.022021,-0.050473,0.073986,3.1610,0,1,0.0000,0.0000,0.102438,0.001491,0.045534,0.146481,1.000000,[],6.1408,-1.0392,-1.0392,1.1323,5.9454,342.5316,1,0.352500,213.8485,0.6792,-36.3731,213.8427,0.6792,-36.4070,213.8485,0.6792,-36.3731,-107.547664,56.822547,0.761736,-6162.0272,3255.6921,43.6443,-3.831881,95.080969,-16.467687,0.28739542,0.76995980,1362.1249,0.196227,7.4253,50.599717,0.384058,-589.536895,-10.959839,-1.393920,1.427871,-0.146178,0.222250,-1.775994,1.698700,4393.464033,4259.822404,-0.030000,0.030000,0.027604,4.999998,-4.998038
6.100,-20.1493,-22.1381,213.0063,215.0995,4393417.9643,4259815.5691,1796705.4021,1365.4739,1025.4044,-0.014895,-0.8534,0.096214,5.5126,0.6280,0.6280,23792.4221,215.0995,-0.972099,-0.211669,-0.074240,0.068614,24.0486,9.9846,-5.9430,-6.005198,1.847471,-0.530165,-344.0725,105.8523,-30.3762,-111.6027,-467.4477,138.4884,0.0000,0.0000,0.0000,-8.8530,-23.5850,51.6488,11.1100,COAST_ASCENT,0.438636,-0.574623,-1.480551,1.258367,0.357368,-1.297992,0.183613,-0.666046,-0.020766,0.075324,-8.853031,-23.585019,51.648788,-0.003685,0.000000,0.568400,1025.5843,165.3910,9.1664,212.7436,31.6931,-1.8678,-1.4092,0.1485,-1.5694,-1.0240,-4.2889,1.2707,0.083187,0.009072,0.146348,0.088344,0.035608,-0.004028,0.081738,0.0000,0.0000,0.0000,-0.3585,5.0704,-0.3338,0.043458,0.019962,-0.005529,3.1680,0,1,0.0000,0.0000,-0.068949,-0.029025,0.057891,0.017967,1.000000,[],4.5905,-1.0243,-1.0243,-4.2904,1.2711,342.5209,1,0.353480,212.7436,-1.8678,-31.6931,212.7385,-1.8677,-31.7275,212.7436,-1.8678,-31.6931,-248.708159,-19.257482,57.056470,-14249.9278,-1103.3724,3269.0949,-8.853031,-24.095317,49.926349,0.28739879,0.76995980,1365.4739,0.216878,4.2381,129.882156,0.068421,-565.810169,2.042216,0.453285,-2.186120,-0.338385,-0.174444,-0.503780,1.604427,4393.479520,4259.811857,0.030000,0.027250,-0.028481,4.999993,4.993282
6.200,-18.6961,-22.8735,211.7218,213.7729,4393416.0603,4259813.2948,1796726.6352,1368.6635,1046.5948,-0.022472,-1.2876,0.007483,0.4287,0.6241,0.6241,23492.5422,213.7729,-0.919394,0.388057,-0.060125,-0.022622,-45.7861,7.3606,-0.2928,-12.539186,-1.812258,-0.870433,-718.4424,-103.8347,-49.8722,-110.2257,3.8385,80.3988,0.0000,0.0000,0.0000,3.0867,21.3624,-15.0503,11.1100,COAST_ASCENT,0.257898,0.527115,0.012313,-0.371365,0.578174,-2.098161,-0.045822,0.166200,0.139262,-0.505109,3.086714,21.362382,-15.050321,-0.003685,0.000000,0.568400,1046.7832,168.5771,8.8590,211.3612,31.8388,-3.4073,-0.8111,-3.9661,0.3887,-1.0113,0.0352,0.7377,0.022582,-0.007519,0.059081,-0.079817,-0.008950,0.027199,-0.001418,0.0000,0.0000,0.0000,-1.1883,3.9704,-0.3272,-0.017294,-0.006089,-0.088685,4.8430,0,1,0.0000,0.0000,-0.065301,-0.077480,-0.112068,-0.099889,1.000000,[],1.2527,-1.0117,-1.0117,0.0352,0.7379,342.5106,1,0.353575,211.3612,-3.4073,-31.8388,211.3559,-3.4073,-31.8736,211.3612,-3.4073,-31.8388,86.749754,30.069832,-35.944311,4970.3948,1722.8744,-2059.4573,3.086714,21.066131,-15.036177,0.28740213,0.76995975,1368.6635,0.222171,5.2770,86.130392,0.081976,-565.302185,-0.916321,1.343152,-0.865549,-0.333694,0.237614,-0.106174,1.643292,4393.435597,4259.823644,0.029751,0.030000,-0.029994,4.999998,-4.998042
6.300,-21.4786,-25.0402,209.8565,212.4337,4393414.0606,4259810.9161,1796747.7188,1371.6753,1067.6821,-0.009846,-0.5642,0.054135,3.1017,0.6202,0.6202,23192.2968,212.4337,-0.797851,0.601537,-0.036761,-0.015338,-74.0725,4.4226,-1.1351,5.243706,0.362061,1.237622,300.4422,20.7445,70.9105,-108.4247,-269.6477,95.8792,0.0000,0.0000,0.0000,6.2623,-18.9742,36.3351,11.1100,COAST_ASCENT,0.311537,-0.474247,-0.876157,0.908172,0.396683,-1.440648,0.158595,-0.575198,-0.086372,0.313258,6.262296,-18.974157,36.335099,-0.003685,0.000000,0.568400,1067.8789,171.5854,8.5433,210.5655,27.9480,-3.0260,-1.1151,-0.9314,1.6440,-0.9948,-2.4741,0.8797,-0.028993,-0.159717,-0.000584,-0.063356,0.031193,-0.016988,-0.063162,0.0000,0.0000,0.0000,-0.6601,3.0204,-0.3202,0.058150,-0.005653,0.013771,4.1630,0,1,0.0000,0.0000,-0.038727,-0.050032,0.066269,0.077574,1.000000,[],2.8089,-0.9952,-0.9952,-2.4749,0.8800,342.5009,1,0.352301,210.5655,-3.0260,-27.9480,210.5608,-3.0260,-27.9835,210.5655,-3.0260,-27.9480,175.919781,-11.644462,30.949775,10079.4610,-667.1785,1773.2915,6.262296,-19.327450,35.341509,0.28740546,0.76995970,1371.6753,0.218480,4.9657,139.592806,0.235708,-565.759708,2.844860,-0.858461,-0.157308,0.193116,-0.048198,0.439136,2.032221,4393.477616,4259.810884,-0.030000,-0.030000,-0.030000,4.999994,4.993282
6.400,-23.0078,-24.2766,208.5485,211.2137,4393411.8306,4259808.4033,1796768.6352,1374.3917,1088.6831,0.009376,0.5372,-0.087182,-4.9951,0.6167,0.6167,22920.5701,211.2137,-0.980692,0.173147,-0.075918,-0.049989,-19.6761,9.5678,4.1731,8.797384,-0.723933,0.426296,504.0530,-41.4783,24.4249,-106.7797,397.2563,-35.4492,0.0000,0.0000,0.0000,-3.6217,-8.1255,-40.4944,11.1100,COAST_ASCENT,-0.116549,-0.205500,1.306094,-1.024130,0.710146,-2.576238,0.035465,-0.128619,-0.007116,0.025808,-3.621738,-8.125527,-40.494370,-0.003685,0.000000,0.568400,1088.8875,174.2982,8.2915,209.4716,27.0343,-1.4133,-1.1912,-0.7048,2.2877,-0.9797,3.6449,-0.3253,0.049716,-0.037117,0.060939,-0.020259,0.007020,-0.001409,0.013320,0.0000,0.0000,0.0000,-0.5058,1.9204,-0.3144,-0.020958,-0.023551,0.097657,3.1190,0,1,0.0000,0.0000,0.142166,0.095064,0.053149,0.100251,1.000000,[],3.7896,-0.9801,-0.9801,3.6462,-0.3254,342.4921,1,0.351069,209.4716,-1.4133,-27.0343,209.4670,-1.4132,-27.0703,209.4716,-1.4133,-27.0343,-101.742893,-3.787172,-30.045544,-5829.4384,-216.9890,-1721.4829,-3.621738,-7.994904,-39.030571,0.28740877,0.76995966,1374.3917,0.234699,5.5132,48.002222,1.355795,-569.752426,-3.794093,-0.776383,0.265101,0.060062,0.310275,-1.697595,1.624301,4393.420652,4259.823417,0.030000,-0.029217,-0.029820,4.999997,-4.998042
6.500,-24.8084,-22.8965,207.2319,209.9638,4393409.4346,4259806.0724,1796789.4239,1377.0790,1109.5615,-0.011524,-0.6603,-0.020459,-1.1722,0.6131,0.6131,22644.1424,209.9638,-0.996721,0.054681,-0.057471,-0.015978,-6.1942,6.6793,1.4751,-4.257516,0.258810,-0.943131,-243.9377,14.8287,-54.0374,-105.5234,63.3301,28.7583,0.0000,0.0000,0.0000,-3.4316,16.1569,3.0726,11.1100,COAST_ASCENT,0.095705,0.413608,0.210758,0.078658,0.363292,-1.319826,-0.079726,0.289124,-0.076268,0.276582,-3.431552,16.156945,3.072646,-0.003685,0.000000,0.568400,1109.7715,176.9819,8.2860,208.3030,26.3429,0.8310,-0.9975,-0.8695,-0.4658,-0.9682,0.5811,0.2639,0.117776,-0.007692,0.055609,-0.009070,-0.015886,-0.015197,0.039156,0.0000,0.0000,0.0000,-0.7096,1.0204,-0.3178,0.004649,-0.024301,-0.043215,2.8960,0,1,0.0000,0.0000,-0.023563,-0.072165,-0.062867,-0.014265,1.000000,[],1.1600,-0.9685,-0.9685,0.5813,0.2640,342.4834,1,0.351174,208.3030,0.8310,-26.3429,208.2984,0.8310,-26.3794,208.3030,0.8310,-26.3429,-96.398765,18.756346,4.133594,-5523.2424,1074.6595,236.8375,-3.431552,16.050977,3.306003,0.28741206,0.76995965,1377.0790,0.235740,4.8093,112.239809,0.623175,-599.051222,-2.971665,0.414868,-0.121846,0.002611,-0.195678,-2.162287,2.026146,4393.505996,4259.815355,0.030000,-0.030000,0.029881,-4.993225,-4.999996
6.600,-24.8786,-23.6010,206.0518,208.8858,4393406.9390,4259803.7468,1796810.0868,1379.6657,1130.3390,0.023193,1.3289,-0.003984,-0.2283,0.6099,0.6099,22406.5555,208.8858,-0.938794,0.336978,-0.068802,-0.019439,-39.5319,8.1799,-0.5714,-4.701983,-0.353966,0.209585,-269.4038,-20.2808,12.0083,-104.2143,14.9110,-83.6449,0.0000,0.0000,0.0000,2.0102,-19.5022,-0.4615,11.1100,COAST_ASCENT,-0.281315,-0.504539,0.050149,-0.011940,0.508503,-1.845627,0.068180,-0.247240,-0.012526,0.045422,2.010184,-19.502241,-0.461539,-0.003685,0.000000,0.568400,1130.5540,179.5649,8.3535,207.3244,25.4900,0.3740,-0.9663,-1.1011,0.5256,-0.9562,0.1368,-0.7675,0.022411,-0.066932,0.044719,-0.034584,0.013664,-0.002510,-0.008597,0.0000,0.0000,0.0000,-0.7362,0.0704,-0.3248,0.006438,0.002318,-0.092490,3.4010,0,1,0.0000,0.0000,-0.101247,-0.096610,-0.083734,-0.088371,1.000000,[],1.2341,-0.9565,-0.9565,0.1369,-0.7677,342.4751,1,0.350495,207.3244,0.3740,-25.4900,207.3199,0.3741,-25.5269,207.3244,0.3740,-25.4900,56.463763,-18.742402,-1.988130,3235.1353,-1073.8606,-113.9115,2.010184,-19.194029,-0.406596,0.28741534,0.76995967,1379.6657,0.250833,5.1315,62.511949,-1.400479,-566.671777,2.800015,0.088480,0.076174,-0.263918,-0.350816,-1.462148,1.724030,4393.435874,4259.830774,-0.030000,-0.029999,0.027222,4.999998,-4.998038
6.700,-25.7885,-23.7649,204.8367,207.8170,4393404.4242,4259801.3784,1796830.6337,1382.1778,1151.0175,-0.034618,-1.9835,-0.002268,-0.1299,0.6068,0.6068,22172.3780,207.8170,-0.925480,0.375540,-0.038102,-0.031704,-44.0907,5.4132,1.7306,3.300736,-0.309895,-0.343867,189.1183,-17.7557,-19.7022,-102.9270,15.4279,152.4444,0.0000,0.0000,0.0000,2.4892,14.4897,-3.8409,11.1100,COAST_ASCENT,0.518117,0.378821,0.052435,-0.100416,0.491532,-1.784156,0.011774,-0.042693,0.024978,-0.090573,2.489230,14.489744,-3.840881,-0.003685,0.000000,0.568400,1151.2377,182.0733,8.4037,206.3765,24.4098,0.8897,-0.8377,-2.4366,0.6801,-0.9444,0.1416,1.3987,0.006303,-0.070368,0.021118,-0.075691,0.002373,0.005035,-0.029660,0.0000,0.0000,0.0000,-0.8325,0.0148,-0.3319,0.022383,-0.018553,0.057607,3.4610,0,1,0.0000,0.0000,0.053777,0.016671,0.061436,0.098543,1.000000,[],1.6942,-0.9447,-0.9447,0.1416,1.3992,342.4670,1,0.349821,206.3765,0.8897,-24.4098,206.3721,0.8897,-24.4473,206.3765,0.8897,-24.4098,69.925188,11.812952,-2.520511,4006.4182,676.8323,-144.4146,2.489230,13.928021,-3.784033,0.28741860,0.76995967,1382.1778,0.261387,5.2738,13.087394,-1.402392,-544.253150,-2.341874,-0.060481,-0.167950,0.414236,0.349861,0.040778,1.784598,4393.413423,4259.809501,-0.030000,0.029992,-0.029614,4.999996,-4.999996
6.800,-27.7316,-24.7197,203.3714,206.7366,4393401.7475,4259798.9591,1796851.0446,1384.5060,1171.6091,-0.028007,-1.6047,-0.006267,-0.3591,0.6037,0.6037,21937.4589,206.7366,-0.980528,0.191562,-0.038486,-0.019709,-22.0517,4.7624,1.3745,1.694987,-0.167598,0.212989,97.1156,-9.6026,12.2034,-101.6381,9.5309,168.5828,0.0000,0.0000,0.0000,-2.5824,-10.4735,5.5469,11.1100,COAST_ASCENT,0.579103,-0.276752,0.032740,0.146573,0.303714,-1.103415,0.168762,-0.611921,-0.063472,0.230146,-2.582382,-10.473504,5.546939,-0.003685,0.000000,0.568400,1171.8339,184.3977,8.5301,205.5547,22.0194,1.5569,-0.8778,-2.7639,1.3504,-0.9326,0.0874,1.5468,0.043193,-0.070368,0.085885,0.023796,0.034214,-0.012868,0.020626,0.0000,0.0000,0.0000,-0.8168,0.0117,-0.3411,0.031097,-0.009226,0.021211,2.9300,0,1,0.0000,0.0000,-0.000661,-0.019112,0.043083,0.061534,1.000000,[],1.8089,-0.9329,-0.9329,0.0875,1.5473,342.4595,1,0.349140,205.5547,1.5569,-22.0194,205.5506,1.5569,-22.0574,205.5547,1.5569,-22.0194,-72.539816,-9.934571,5.453599,-4156.2253,-569.2090,312.4682,-2.582382,-11.094693,5.582058,0.28742185,0.76995969,1384.5060,0.275869,5.2923,78.894447,-1.218807,-741.771537,-0.427948,-0.348301,0.260913,0.382165,-0.360461,-1.907716,1.857712,4393.425253,4259.788334,0.030000,0.029524,0.029463,4.999997,4.998042
6.900,-30.3454,-25.4088,201.7774,205.6224,4393398.8573,4259796.4481,1796871.3050,1386.5834,1192.1186,-0.066538,-3.8123,-0.024630,-1.4112,0.6004,0.6004,21697.2067,205.6224,-0.966986,0.251403,-0.014649,-0.038979,-29.0533,2.7472,3.9047,-3.328230,-0.532118,0.120910,-190.6936,-30.4881,6.9276,-100.0518,82.4765,315.2047,0.0000,0.0000,0.0000,1.0207,13.9652,-0.2805,11.1100,COAST_ASCENT,1.094758,0.373105,0.286455,-0.007495,0.525706,-1.907781,0.116218,-0.421379,-0.078393,0.284232,1.020699,13.965246,-0.280522,-0.003685,0.000000,0.568400,1192.3473,186.4713,8.7392,204.6936,19.3081,2.8816,-0.9899,-2.9799,2.1465,-0.9180,0.7567,2.8921,0.032156,-0.084671,0.047586,-0.005284,0.023704,-0.015989,-0.002553,0.0000,0.0000,0.0000,-0.8119,-10.0390,-0.3557,0.027268,-0.014891,-0.064842,2.4720,4,1,0.0000,0.0000,-0.077219,-0.107001,-0.052465,-0.022684,1.000000,[],3.1283,-0.9183,-0.9183,0.7570,2.8931,342.4528,1,0.347496,204.6936,2.8816,-19.3081,204.6899,2.8817,-19.3465,204.6936,2.8816,-19.3081,28.669523,11.478683,-1.692468,1642.6427,657.6801,-96.9712,1.020699,12.803789,0.023385,0.28742508,0.76995973,1386.5834,0.259281,2.7836,56.042965,0.391125,-740.233836,-0.215377,0.212458,-0.058764,-0.155041,0.048870,1.596189,1.859228,4393.456071,4259.827261,0.030000,0.029676,0.030000,4.999996,-4.999943
7.000,-33.6265,-25.6571,200.0179,204.4411,4393395.6517,4259793.8894,1796891.3924,1388.3628,1212.5372,-0.047089,-2.6980,-0.024688,-1.4145,0.5970,0.5970,21444.9140,204.4411,-0.933947,0.354156,-0.015541,-0.045556,-41.4031,3.5142,4.2568,-1.212687,0.503429,0.213362,-69.4818,28.8444,12.2247,-99.0130,82.1464,233.3344,0.0000,0.0000,0.0000,0.5352,3.7463,-0.4643,11.1100,COAST_ASCENT,0.819943,0.101267,0.288664,-0.012552,0.524441,-1.903183,0.115939,-0.420337,-0.078204,0.283529,0.535184,3.746328,-0.464345,-0.003685,0.000000,0.568400,1212.7683,188.2468,9.1336,203.7225,16.3848,4.9873,-0.9940,-1.2335,1.4731,-0.9085,0.7537,2.1409,0.032156,-0.084671,0.047586,-0.005284,0.023704,-0.015989,-0.002553,0.0000,0.0000,0.0000,-0.7409,4.4572,-0.3747,0.027268,-0.014891,-0.064842,2.5530,4,1,0.0000,0.0000,-0.077219,-0.107001,-0.052465,-0.022684,1.000000,[],2.4456,-0.9088,-0.9088,0.7540,2.1416,342.4470,1,0.347934,203.7225,4.9873,-16.3848,203.7193,4.9874,-16.4237,203.7225,4.9873,-16.3848,15.036279,2.425487,0.440934,861.5153,138.9702,25.2637,0.535184,2.886543,-0.161654,0.28742830,0.76995979,1388.3628,0.277389,5.3999,9.907372,0.415023,-852.261079,-1.063394,-1.449613,0.057766,-0.410533,0.269664,-1.137239,1.864288,4393.425111,4259.781094,0.025880,0.030000,0.030000,4.999997,4.999988
7.100,-35.2673,-25.2351,198.7399,203.4162,4393392.1946,4259791.3412,1796911.3272,1389.9329,1232.8600,-0.010446,-0.5985,-0.034676,-1.9868,0.5940,0.5940,21227.1665,203.4162,-0.922278,0.382475,-0.030229,-0.046925,-44.8805,5.2588,3.6522,-0.101612,-0.135931,-0.024883,-5.8219,-7.7883,-1.4257,-98.1532,121.4301,75.1734,0.0000,0.0000,0.0000,0.2839,-10.7026,-4.2743,11.1100,COAST_ASCENT,0.266871,-0.292269,0.431086,-0.116724,0.523691,-1.900457,0.115757,-0.419648,-0.078081,0.283065,0.283879,-10.702600,-4.274302,-0.003685,0.000000,0.568400,1233.0920,189.8130,9.7107,202.7474,15.1747,6.4325,-0.9883,-1.3325,1.4338,-0.9006,1.1141,0.6897,0.032156,-0.084671,0.047586,-0.005284,0.023704,-0.015989,-0.002553,0.0000,0.0000,0.0000,-0.8429,71.9683,-0.4021,0.027268,-0.014891,-0.064842,2.5690,4,1,0.0000,0.0000,-0.077219,-0.107001,-0.052465,-0.022684,1.000000,[],1.5905,-0.9009,-0.9009,1.1145,0.6900,342.4419,1,0.348451,202.7474,6.4325,-15.1747,202.7444,6.4326,-15.2141,202.7474,6.4325,-15.1747,7.974216,-10.174215,-3.563661,456.8889,-582.9396,-204.1827,0.283879,-10.979596,-3.826860,0.28743151,0.76995989,1389.9329,0.259834,4.6032,75.492082,0.120255,-736.357147,-0.882972,-0.282861,-0.380016,-0.500544,-0.373248,-1.382428,1.896937,4393.432282,4259.811101,0.026545,-0.029420,0.030000,4.999995,-4.999995
7.200,-36.9492,-24.9067,197.4397,202.4056,4393388.5950,4259788.8382,1796931.1392,1391.4003,1253.0865,-0.046305,-2.6531,-0.022095,-1.2659,0.5911,0.5911,21013.7680,202.4056,-0.927255,0.371059,-0.007239,-0.049605,-43.4944,2.8796,4.9756,0.491553,-0.528925,-0.132676,28.1639,-30.3052,-7.6017,-97.0827,68.0682,220.0304,0.0000,0.0000,0.0000,0.1521,5.0549,1.2297,11.1100,COAST_ASCENT,0.789056,0.139443,0.244101,0.033922,0.522951,-1.897770,0.115577,-0.418968,-0.077960,0.282606,0.152087,5.054931,1.229684,-0.003685,0.000000,0.568400,1253.3182,191.2764,10.4194,201.7778,13.8675,7.8391,-1.0229,-2.3905,1.8989,-0.8908,0.6245,2.0188,0.032156,-0.084671,0.047586,-0.005284,0.023704,-0.015989,-0.002553,0.0000,0.0000,0.0000,-0.8291,-17.0498,-0.4413,0.027268,-0.014891,-0.064842,2.4780,4,1,0.0000,0.0000,-0.077219,-0.107001,-0.052465,-0.022684,1.000000,[],2.2941,-0.8911,-0.8911,0.6248,2.0195,342.4372,1,0.348150,201.7778,7.8391,-13.8675,201.7751,7.8392,-13.9074,201.7778,7.8391,-13.8675,4.274071,3.870788,1.625153,244.8862,221.7798,93.1144,0.152087,4.244169,1.480500,0.28743470,0.76996000,1391.4003,0.300000,3.5539,38.888248,-1.447688,-770.526370,-0.138331,0.431780,0.423980,0.447511,0.074599,-1.962907,1.905038,4393.423209,4259.784798,-0.029511,-0.030000,-0.030000,4.999996,4.999988
7.300,-39.6566,-24.9369,195.8130,201.3386,4393384.7663,4259786.3468,1796950.8027,1392.6756,1273.2165,-0.051219,-2.9346,-0.023010,-1.3184,0.5880,0.5880,20790.1953,201.3386,-0.939194,0.339432,0.001437,-0.051946,-39.6482,1.8661,5.6587,0.808292,0.120850,0.047507,46.3117,6.9242,2.7219,-96.0420,71.8619,240.7078,0.0000,0.0000,0.0000,0.0807,5.9353,0.5268,11.1100,COAST_ASCENT,0.872491,0.165490,0.260477,0.014689,0.522170,-1.894930,0.115387,-0.418250,-0.077832,0.282122,0.080662,5.935331,0.526830,-0.003685,0.000000,0.568400,1273.4460,192.5478,11.2959,200.7743,11.5224,9.7019,-0.9943,-1.8265,1.5119,-0.8812,0.6593,2.2085,0.032156,-0.084671,0.047586,-0.005284,0.023704,-0.015989,-0.002553,0.0000,0.0000,0.0000,-0.7710,78.4833,-0.4830,0.027268,-0.014891,-0.064842,2.5840,4,1,0.0000,0.0000,-0.077219,-0.107001,-0.052465,-0.022684,1.000000,[],2.4684,-0.8815,-0.8815,0.6596,2.2093,342.4331,1,0.348122,200.7743,9.7019,-11.5224,200.7720,9.7020,-11.5627,200.7743,9.7019,-11.5224,2.265960,4.716286,0.639867,129.8300,270.2233,36.6617,0.080662,5.048377,0.791624,0.28743787,0.76996015,1392.6756,0.283378,3.2261,60.097864,0.992300,-751.728570,1.595601,-0.470967,-0.485890,0.089308,-0.312180,-1.425758,1.924761,4393.448965,4259.757989,-0.030000,-0.019327,0.030000,4.993282,4.999996
7.400,-41.7243,-24.8759,194.3699,200.3482,4393380.6887,4259783.8551,1796970.3093,1393.7350,1293.2489,-0.022112,-1.2669,-0.028248,-1.6185,0.5851,0.5851,20584.0317,200.3482,-0.953436,0.297187,-0.008533,-0.050666,-34.5025,2.6586,5.2580,0.976071,-0.003375,-0.019612,55.9248,-0.1934,-1.1237,-95.2405,91.7339,119.9525,0.0000,0.0000,0.0000,0.0428,-5.7895,-1.5038,11.1100,COAST_ASCENT,0.439145,-0.163041,0.335837,-0.042349,0.521444,-1.892294,0.115211,-0.417584,-0.077713,0.281673,0.042777,-5.789524,-1.503805,-0.003685,0.000000,0.568400,1293.4742,193.6031,12.3454,199.7989,9.7306,11.1851,-0.9666,-1.6461,1.2058,-0.8739,0.8417,1.1006,0.032156,-0.084671,0.047586,-0.005284,0.023704,-0.015989,-0.002553,0.0000,0.0000,0.0000,-0.7858,-82.1101,-0.5414,0.027268,-0.014891,-0.064842,2.5430,4,1,0.0000,0.0000,-0.077219,-0.107001,-0.052465,-0.022684,1.000000,[],1.6387,-0.8742,-0.8742,0.8420,1.1010,342.4297,1,0.348675,199.7989,11.1851,-9.7306,199.7969,11.1852,-9.7714,199.7989,11.1851,-9.7306,1.201596,-5.794303,-1.078346,68.8464,-331.9891,-61.7847,0.042777,-6.231521,-1.165786,0.28744103,0.76996032,1393.7350,0.300000,3.5372,16.990510,-1.395181,-723.257638,0.027050,-0.212517,-0.359527,0.089844,-0.044491,-0.600151,1.911349,4393.414849,4259.796265,0.030000,0.029590,0.030000,4.999997,-4.998038
7.500,-43.4667,-24.9177,193.0030,199.4001,4393376.4330,4259781.3683,1796989.6794,1394.6364,1313.1876,-0.035680,-2.0443,-0.025197,-1.4437,0.5823,0.5823,20387.8805,199.4001,-0.967557,0.247292,0.002120,-0.051733,-28.6114,1.2311,5.8072,1.064497,-0.420988,-0.041791,60.9912,-24.1208,-2.3945,-94.3036,78.6006,170.4921,0.0000,0.0000,0.0000,0.0221,0.4538,-0.2163,11.1100,COAST_ASCENT,0.630175,0.012903,0.290524,-0.006151,0.520750,-1.889770,0.115042,-0.416946,-0.077599,0.281242,0.022111,0.453810,-0.216349,-0.003685,0.000000,0.568400,1313.4068,194.5004,13.5224,198.8507,8.1158,12.3680,-1.0111,-2.4242,1.3837,-0.8653,0.7212,1.5643,0.032156,-0.084671,0.047586,-0.005284,0.023704,-0.015989,-0.002553,0.0000,0.0000,0.0000,-0.8344,-29.7523,-0.5958,0.027268,-0.014891,-0.064842,2.5930,4,1,0.0000,0.0000,-0.077219,-0.107001,-0.052465,-0.022684,1.000000,[],1.9283,-0.8656,-0.8656,0.7214,1.5648,342.4268,1,0.348566,198.8507,12.3680,-8.1158,198.8490,12.3681,-8.1570,198.8507,12.3680,-8.1158,0.621586,-0.204638,0.501736,35.6143,-11.7249,28.7473,0.022111,-0.174415,0.073276,0.28744417,0.76996051,1394.6364,0.300005,2.3657,26.369554,-0.158374,-774.433997,1.034962,0.447598,-0.090709,-0.304533,-0.158292,-0.647441,1.907409,4393.440002,4259.814611,-0.029984,0.029839,0.029999,-4.993225,-4.999996
7.600,-45.8473,-25.3352,191.3781,198.4173,4393371.9711,4259778.8581,1797008.9003,1395.3380,1333.0318,-0.049313,-2.8254,-0.026525,-1.5198,0.5794,0.5794,20185.9930,198.4173,-0.979491,0.193446,0.014127,-0.054550,-22.3651,-0.3764,6.4496,1.108903,-0.105739,-0.019502,63.5355,-6.0584,-1.1174,-93.3184,83.0673,224.3967,0.0000,0.0000,0.0000,0.0108,5.3420,-0.7809,11.1100,COAST_ASCENT,0.837713,0.153404,0.310105,-0.022425,0.520030,-1.887152,0.114866,-0.416284,-0.077481,0.280796,0.010765,5.341979,-0.780913,-0.003685,0.000000,0.568400,1333.2427,195.1979,14.8263,197.8588,5.7376,13.7254,-1.0024,-2.4112,1.1918,-0.8562,0.7622,2.0589,0.032156,-0.084671,0.047586,-0.005284,0.023704,-0.015989,-0.002553,0.0000,0.0000,0.0000,-0.7881,-80.0886,-0.6598,0.027268,-0.014891,-0.064842,2.5260,4,1,0.0000,0.0000,-0.077219,-0.107001,-0.052465,-0.022684,1.000000,[],2.3573,-0.8565,-0.8565,0.7624,2.0596,342.4245,1,0.348375,197.8588,13.7254,-5.7376,197.8576,13.7255,-5.7792,197.8588,13.7254,-5.7376,0.302458,4.164044,-0.327022,17.3296,238.5822,-18.7370,0.010765,4.515128,-0.474829,0.28744730,0.76996072,1395.3380,0.300000,5.1168,13.768175,-1.403423,-763.149612,0.772081,-0.094534,-0.266171,0.152248,-0.174380,-1.198977,1.931450,4393.404693,4259.762419,0.030000,-0.030000,0.030000,4.999988,4.998042
7.700,-48.0898,-25.8810,189.7648,197.4668,4393367.2692,4259776.2974,1797027.9558,1395.7938,1352.7788,-0.032155,-1.8424,-0.025119,-1.4392,0.5767,0.5767,19992.1740,197.4668,-0.988903,0.138272,0.010947,-0.053219,-15.9409,-0.3973,6.2165,1.130536,0.012778,-0.054423,64.7749,0.7321,-3.1182,-92.5278,76.5876,155.1345,0.0000,0.0000,0.0000,0.0053,-1.6597,-0.1574,11.1100,COAST_ASCENT,0.584760,-0.048122,0.288687,-0.004564,0.519333,-1.884620,0.114697,-0.415644,-0.077366,0.280364,0.005272,-1.659665,-0.157412,-0.003685,0.000000,0.568400,1352.9789,195.6494,16.2608,196.8754,3.3722,14.8945,-0.9533,-2.1192,0.8292,-0.8490,0.7027,1.4234,0.032156,-0.084671,0.047586,-0.005284,0.023704,-0.015989,-0.002553,0.0000,0.0000,0.0000,-0.7819,43.8603,-0.7431,0.027268,-0.014891,-0.064842,2.5070,4,1,0.0000,0.0000,-0.077219,-0.107001,-0.052465,-0.022684,1.000000,[],1.8008,-0.8493,-0.8493,0.7029,1.4239,342.4231,1,0.348772,196.8754,14.8945,-3.3722,196.8747,14.8947,-3.4142,196.8754,14.8945,-3.3722,0.148083,-2.127566,0.101795,8.4845,-121.9005,5.8324,0.005272,-2.231301,0.124796,0.28745041,0.76996096,1395.7938,0.298162,3.2599,9.797691,1.032392,-911.867301,1.034649,-0.272941,-0.100822,-0.124631,-0.278204,-0.064843,1.959065,4393.450271,4259.726947,0.023089,0.029853,0.030000,4.999993,4.999942
7.800,-49.8972,-26.5005,188.2790,196.5731,4393362.3691,4259773.6799,1797046.8580,1396.0318,1372.4327,-0.031575,-1.8091,-0.023674,-1.3564,0.5741,0.5741,19811.1558,196.5731,-0.995141,0.081531,0.014752,-0.053200,-9.4318,-1.1853,6.2180,1.140458,-0.272705,0.013310,65.3434,-15.6248,0.7626,-91.7141,70.6090,150.0175,0.0000,0.0000,0.0000,0.0020,-1.3968,0.2967,11.1100,COAST_ASCENT,0.570639,-0.040871,0.268583,0.008681,0.518677,-1.882237,0.114538,-0.415041,-0.077259,0.279958,0.001967,-1.396811,0.296674,-0.003685,0.000000,0.568400,1372.6196,195.8833,17.7926,195.9402,1.2932,15.7080,-0.9851,-2.4911,0.7812,-0.8415,0.6479,1.3764,0.032156,-0.084671,0.047586,-0.005284,0.023704,-0.015989,-0.002553,0.0000,0.0000,0.0000,-0.8204,-82.1536,-0.8219,0.027268,-0.014891,-0.064842,23.3340,4,1,0.0000,0.0000,-0.077219,-0.107001,-0.052465,-0.022684,1.000000,[],1.7391,-0.8418,-0.8418,0.6481,1.3769,342.4223,1,0.348863,195.9402,15.7080,-1.2932,195.9399,15.7081,-1.3357,195.9402,15.7080,-1.2932,0.055143,-1.792354,0.817633,3.1594,-102.6943,46.8469,0.001967,-1.949592,0.556852,0.28745351,0.76996121,1396.0318,0.300000,2.6556,38.058050,-0.399968,-865.896125,1.421066,0.454096,-0.060474,-0.089707,-0.067200,-0.027147,1.963046,4393.381168,4259.757138,0.029333,-0.030000,-0.029933,4.998042,4.999997
7.900,-51.9167,-27.3911,186.6598,195.6720,4393357.2812,4259770.9878,1797065.6066,1396.0473,1391.9945,-0.043636,-2.5002,-0.028105,-1.6103,0.5714,0.5714,19629.9061,195.6720,-0.997787,0.023885,0.025420,-0.056613,-2.9005,-2.7526,6.5645,1.142617,-0.212651,0.017994,65.4671,-12.1840,1.0310,-90.8287,86.7724,195.1719,0.0000,0.0000,0.0000,-0.0002,3.1621,-1.4267,11.1100,COAST_ASCENT,0.749253,0.093379,0.333114,-0.042131,0.518016,-1.879834,0.114377,-0.414434,-0.077150,0.279548,-0.000164,3.162130,-1.426715,-0.003685,0.000000,0.568400,1392.1657,195.8945,19.4015,194.9738,-1.1505,16.4743,-1.0074,-2.6877,0.6685,-0.8334,0.7962,1.7907,0.032156,-0.084671,0.047586,-0.005284,0.023704,-0.015989,-0.002553,0.0000,0.0000,0.0000,-0.7999,-82.8116,-0.9203,0.027268,-0.014891,-0.064842,2.4840,4,1,0.0000,0.0000,-0.077219,-0.107001,-0.052465,-0.022684,1.000000,[],2.1303,-0.8337,-0.8337,0.7964,1.7914,342.4222,1,0.348686,194.9738,16.4743,1.1505,194.9740,16.4745,1.1077,194.9738,16.4743,1.1505,-0.004708,2.284174,-0.791799,-0.2698,130.8735,-45.3667,-0.000164,2.442966,-1.106979,0.28745659,0.76996147,1396.0473,0.300007,2.2274,23.877755,0.962756,-894.828316,1.134762,-0.220310,-0.065561,-0.401898,-0.131193,-1.118423,1.978389,4393.480602,4259.818733,-0.029958,0.029918,0.018026,4.999995,-4.999943
8.000,-53.9876,-28.4856,184.9651,194.7773,4393351.9838,4259768.1948,1797084.1873,1395.8036,1411.4602,-0.038217,-2.1897,-0.026365,-1.5106,0.5688,0.5688,19451.2752,194.7773,-0.997436,-0.033446,0.027787,-0.056841,3.6507,-3.3958,6.4149,1.140943,-0.053596,-0.062146,65.3712,-3.0708,-3.5607,-90.0473,78.9994,173.2053,0.0000,0.0000,0.0000,-0.0009,0.8109,-0.6135,11.1100,COAST_ASCENT,0.671030,0.024166,0.306059,-0.018284,0.517359,-1.877447,0.114217,-0.413830,-0.077043,0.279141,-0.000851,0.810890,-0.613522,-0.003685,0.000000,0.568400,1411.6135,195.6464,21.0839,193.9856,-3.7871,17.1301,-0.9611,-2.4541,0.3564,-0.8262,0.7248,1.5892,0.032156,-0.084671,0.047586,-0.005284,0.023704,-0.015989,-0.002553,0.0000,0.0000,0.0000,-0.7866,-53.5653,-1.0115,0.027268,-0.014891,-0.064842,2.5650,4,1,0.0000,0.0000,-0.077219,-0.107001,-0.052465,-0.022684,1.000000,[],1.9329,-0.8265,-0.8265,0.7251,1.5897,342.4230,1,0.348860,193.9856,17.1301,3.7871,193.9864,17.1303,3.7439,193.9856,17.1301,3.7871,-0.023824,0.091540,-0.239938,-1.3650,5.2449,-13.7474,-0.000851,0.172668,-0.322427,0.28745966,0.76996175,1395.8036,0.300000,4.2170,13.026787,-1.400131,-720.040909,0.785857,-0.230422,0.060381,0.157538,-0.093510,-0.789068,1.965500,4393.378069,4259.760107,0.030000,-0.030000,-0.020742,4.999997,4.998042
8.100,-55.6968,-29.6558,183.3789,193.9315,4393346.4969,4259765.2885,1797102.6038,1395.3073,1430.8316,-0.032883,-1.8841,-0.022335,-1.2797,0.5663,0.5663,19283.6553,193.9315,-0.993890,-0.090520,0.029217,-0.055998,10.1994,-3.9115,6.1003,1.138146,-0.164130,0.001995,65.2110,-9.4039,0.1143,-89.3187,63.5417,150.9611,0.0000,0.0000,0.0000,-0.0012,-1.0310,0.8142,11.1100,COAST_ASCENT,0.589936,-0.030994,0.248312,0.024474,0.516737,-1.875189,0.114066,-0.413259,-0.076941,0.278756,-0.001189,-1.031047,0.814160,-0.003685,0.000000,0.568400,1430.9646,195.1459,22.8168,193.0428,-6.1946,17.4797,-0.9617,-2.5012,0.1762,-0.8195,0.5830,1.3851,0.032156,-0.084671,0.047586,-0.005284,0.023704,-0.015989,-0.002553,0.0000,0.0000,0.0000,-0.8033,78.7683,-1.1077,0.027268,-0.014891,-0.064842,2.5510,4,1,0.0000,0.0000,-0.077219,-0.107001,-0.052465,-0.022684,1.000000,[],1.7123,-0.8198,-0.8198,0.5832,1.3856,342.4246,1,0.349045,193.0428,17.4797,6.1946,193.0442,17.4800,6.1510,193.0428,17.4797,6.1946,-0.033404,-1.469031,1.153344,-1.9139,-84.1693,66.0817,-0.001189,-1.587304,1.048297,0.28746271,0.76996203,1395.3073,0.300000,4.1749,39.683270,0.478782,-796.144023,1.147921,0.174939,-0.229727,-0.095482,-0.161698,-1.362267,1.963665,4393.414619,4259.778909,-0.029766,0.029949,0.030000,4.999996,-4.993272
8.200,-57.3147,-30.9837,181.7790,193.1025,4393340.8471,4259762.2582,1797120.8625,1394.5715,1450.1112,-0.038658,-2.2149,-0.026490,-1.5177,0.5639,0.5639,19120.5267,193.1025,-0.986666,-0.147310,0.036487,-0.058803,16.7113,-5.1248,6.0682,1.134036,-0.212468,0.061047,64.9755,-12.1735,3.4977,-88.5464,78.5731,170.8853,0.0000,0.0000,0.0000,-0.0017,1.2140,-0.8474,11.1100,COAST_ASCENT,0.673494,0.036805,0.309673,-0.025690,0.516128,-1.872974,0.113918,-0.412699,-0.076841,0.278378,-0.001701,1.214006,-0.847377,-0.003685,0.000000,0.568400,1450.2220,194.4057,24.5741,192.0994,-8.6483,17.6526,-0.9931,-2.6775,0.0715,-0.8124,0.7209,1.5679,0.032156,-0.084671,0.047586,-0.005284,0.023704,-0.015989,-0.002553,0.0000,0.0000,0.0000,-0.8033,-83.1213,-1.2082,0.027268,-0.014891,-0.064842,2.5050,4,1,0.0000,0.0000,-0.077219,-0.107001,-0.052465,-0.022684,1.000000,[],1.9080,-0.8127,-0.8127,0.7212,1.5684,342.4270,1,0.348980,192.0994,17.6526,8.6483,192.1014,17.6529,8.6043,192.0994,17.6526,8.6483,-0.048143,0.608481,-0.284325,-2.7584,34.8634,-16.2906,-0.001701,0.584333,-0.557853,0.28746574,0.76996232,1394.5715,0.300004,5.1147,86.178257,1.293786,-950.539696,1.746085,0.288621,-0.364334,0.414145,-0.365858,0.235064,1.930212,4393.370073,4259.774446,0.028777,0.028914,0.029766,4.999997,-4.998042
8.300,-58.9739,-32.4947,180.1006,192.2760,4393335.0320,4259759.0854,1797138.9566,1393.5800,1469.2965,-0.039475,-2.2617,-0.028049,-1.6071,0.5615,0.5615,18959.0282,192.2760,-0.976341,-0.203302,0.041514,-0.060856,23.2126,-6.0737,5.8848,1.128959,-0.122224,-0.018280,64.6846,-7.0029,-1.0474,-87.8077,83.1965,172.7353,0.0000,0.0000,0.0000,-0.0018,1.3605,-1.2890,11.1100,COAST_ASCENT,0.686585,0.041599,0.330688,-0.039412,0.515520,-1.870765,0.113770,-0.412141,-0.076741,0.278001,-0.001816,1.360548,-1.289018,-0.003685,0.000000,0.568400,1469.3833,193.4098,26.3442,191.1252,-11.2749,17.7228,-0.9699,-2.5523,-0.1553,-0.8057,0.7633,1.5849,0.032156,-0.084671,0.047586,-0.005284,0.023704,-0.015989,-0.002553,0.0000,0.0000,0.0000,-0.7921,78.4006,-1.3292,0.027268,-0.014891,-0.064842,2.4520,4,1,0.0000,0.0000,-0.077219,-0.107001,-0.052465,-0.022684,1.000000,[],1.9355,-0.8059,-0.8059,0.7636,1.5854,342.4302,1,0.349016,191.1252,17.7228,11.2749,191.1277,17.7230,11.2306,191.1252,17.7228,11.2749,-0.050951,0.651170,-0.777900,-2.9193,37.3093,-44.5704,-0.001816,0.724058,-0.982458,0.28746877,0.76996261,1393.5800,0.290727,4.1574,48.770356,1.401956,-989.246129,0.443370,0.111341,0.167705,0.267922,-0.340394,-0.626826,1.957750,4393.353440,4259.769785,0.030000,-0.030000,-0.029904,4.999997,4.993282
8.400,-60.3982,-34.0880,178.4787,191.4800,4393329.0607,4259755.7567,1797156.8847,1392.3300,1488.3865,-0.035810,-2.0517,-0.023421,-1.3419,0.5592,0.5592,18804.6896,191.4800,-0.963194,-0.258347,0.043232,-0.060375,29.7169,-6.5735,5.4278,1.124072,-0.125850,-0.018698,64.4046,-7.2107,-1.0713,-87.1308,65.6845,157.6467,0.0000,0.0000,0.0000,-0.0017,0.0129,0.4262,11.1100,APOGEE,0.631754,0.000397,0.263224,0.013139,0.514934,-1.868636,0.113627,-0.411603,-0.076645,0.277638,-0.001685,0.012882,0.426213,-0.003685,0.000000,0.568400,1488.4479,192.1553,28.1110,190.1737,-13.7788,17.5704,-0.9461,-2.4217,-0.3746,-0.7994,0.6027,1.4464,0.032156,-0.084671,0.047586,-0.005284,0.023704,-0.015989,-0.002553,0.0000,0.0000,0.0000,-0.7952,-80.1267,-1.4314,0.027268,-0.014891,-0.064842,2.5290,4,1,0.0000,0.0000,-0.077219,-0.107001,-0.052465,-0.022684,1.000000,[],1.7597,-0.7997,-0.7997,0.6029,1.4469,342.4342,1,0.349168,190.1737,17.5704,13.7788,190.1769,17.5707,13.7340,190.1737,17.5704,13.7788,-0.047273,-0.546776,0.756875,-2.7085,-31.3280,43.3658,-0.001685,-0.568010,0.668246,0.28747177,0.76996289,1392.3300,0.300000,3.5179,9.807134,1.363830,-1015.872974,1.215497,-0.120827,0.095807,-0.402060,-0.313648,1.612321,1.953627,4393.343208,4259.775748,-0.030000,-0.029994,-0.030000,4.999996,-4.999988
8.500,-61.5894,-35.7547,176.9156,190.7112,4393322.9603,4259752.2654,1797174.6544,1390.8378,1507.3837,-0.036803,-2.1087,-0.024202,-1.3867,0.5569,0.5569,18656.7137,190.7112,-0.946770,-0.312323,0.047409,-0.061909,36.1866,-7.3796,5.0684,1.119259,-0.167895,0.062016,64.1288,-9.6197,3.5532,-86.4539,68.3031,159.7169,0.0000,0.0000,0.0000,-0.0018,0.4399,0.0079,11.1100,APOGEE,0.645126,0.013669,0.275889,0.000244,0.514368,-1.866578,0.113490,-0.411082,-0.076552,0.277287,-0.001765,0.439917,0.007866,-0.003685,0.000000,0.568400,1507.4189,190.6585,29.8510,189.2455,-16.1544,17.2030,-0.9620,-2.4655,-0.4982,-0.7932,0.6267,1.4654,0.032156,-0.084671,0.047586,-0.005284,0.023704,-0.015989,-0.002553,0.0000,0.0000,0.0000,-0.7989,78.2886,-1.5650,0.027268,-0.014891,-0.064842,2.5790,4,1,0.0000,0.0000,-0.077219,-0.107001,-0.052465,-0.022684,1.000000,[],1.7809,-0.7935,-0.7935,0.6269,1.4659,342.4390,1,0.349203,189.2455,17.2030,16.1544,189.2493,17.2033,16.1094,189.2455,17.2030,16.1544,-0.049882,-0.070679,0.422677,-2.8580,-4.0496,24.2176,-0.001765,-0.148603,0.259548,0.28747476,0.76996318,1390.8378,0.300000,3.2504,25.048987,0.647025,-1194.675361,1.124568,0.020187,-0.181119,0.009101,-0.354054,1.476046,1.910491,4393.414132,4259.755851,0.002541,0.029785,0.030000,4.999992,4.993225
8.600,-62.7225,-37.5342,175.3253,189.9524,4393316.7443,4259748.6019,1797192.2667,1389.1062,1526.2880,-0.038346,-2.1971,-0.027692,-1.5867,0.5547,0.5547,18511.6663,189.9524,-0.927269,-0.365009,0.052352,-0.064802,42.6280,-8.3023,4.7512,1.114133,-0.143825,0.037559,63.8351,-8.2406,2.1520,-85.7833,80.0553,164.0464,0.0000,0.0000,0.0000,-0.0018,0.9529,-1.2126,11.1100,APOGEE,0.667806,0.029840,0.325892,-0.037972,0.513809,-1.864546,0.113354,-0.410569,-0.076460,0.276941,-0.001833,0.952933,-1.212617,-0.003685,0.000000,0.568400,1526.2964,188.9225,31.5478,188.3018,-18.5731,16.7142,-0.9587,-2.4039,-0.6477,-0.7871,0.7345,1.5052,0.032156,-0.084671,0.047586,-0.005284,0.023704,-0.015989,-0.002553,0.0000,0.0000,0.0000,-0.7943,-80.8280,-1.6771,0.027268,-0.014891,-0.064842,2.5120,4,1,0.0000,0.0000,-0.077219,-0.107001,-0.052465,-0.022684,1.000000,[],1.8512,-0.7874,-0.7874,0.7348,1.5057,342.4446,1,0.349210,188.3018,16.7142,18.5731,188.3063,16.7146,18.5277,188.3018,16.7142,18.5731,-0.051643,0.363403,-0.696218,-2.9589,20.8215,-39.8903,-0.001833,0.348459,-0.917631,0.28747774,0.76996346,1389.1062,0.300000,3.2134,9.807985,1.351958,-1207.397091,1.200502,-0.157969,-0.053443,-0.376220,-0.350650,-0.430286,1.932422,4393.360986,4259.763746,-0.030000,0.029900,0.030000,4.999997,-4.998042
8.700,-63.7127,-39.3792,173.7552,189.2113,4393310.4206,4259744.7564,1797209.7202,1387.1342,1545.0977,-0.037364,-2.1408,-0.025537,-1.4632,0.5525,0.5525,18371.0407,189.2113,-0.905171,-0.416348,0.054889,-0.065626,49.0729,-8.8597,4.2427,1.109114,-0.125692,-0.007292,63.5476,-7.2016,-0.4178,-85.1522,71.5804,159.2143,0.0000,0.0000,0.0000,-0.0017,0.5666,-0.3591,11.1100,APOGEE,0.653097,0.017878,0.293623,-0.011332,0.513262,-1.862561,0.113221,-0.410067,-0.076371,0.276602,-0.001724,0.566598,-0.359142,-0.003685,0.000000,0.568400,1545.0793,186.9459,33.1889,187.3613,-20.9314,16.0788,-0.9300,-2.2233,-0.8349,-0.7813,0.6568,1.4608,0.032156,-0.084671,0.047586,-0.005284,0.023704,-0.015989,-0.002553,0.0000,0.0000,0.0000,-0.7927,-79.4020,-1.7841,0.027268,-0.014891,-0.064842,2.5060,4,1,0.0000,0.0000,-0.077219,-0.107001,-0.052465,-0.022684,1.000000,[],1.7827,-0.7816,-0.7816,0.6570,1.4613,342.4510,1,0.349294,187.3613,16.0788,20.9314,187.3664,16.0792,20.8856,187.3613,16.0788,20.9314,-0.048402,-0.026416,0.046441,-2.7732,-1.5135,2.6609,-0.001724,-0.020070,-0.095385,0.28748070,0.76996372,1387.1342,0.300000,3.3764,86.073361,1.117366,-1065.118698,1.743430,-0.029286,0.028996,0.408169,0.373388,1.533619,1.886265,4393.355101,4259.750851,-0.030000,0.029533,-0.029645,4.999992,4.999943
8.800,-64.4587,-41.2433,172.2624,188.4947,4393304.0102,4259740.7255,1797227.0205,1384.9353,1563.8143,-0.037144,-2.1282,-0.023602,-1.3523,0.5504,0.5504,18236.0916,188.4947,-0.880349,-0.466157,0.057284,-0.066341,55.5019,-9.3642,3.6842,1.104380,-0.133614,0.038678,63.2763,-7.6555,2.2161,-84.5434,64.4355,157.0999,0.0000,0.0000,0.0000,-0.0017,0.4968,0.2577,11.1100,APOGEE,0.649192,0.015792,0.266270,0.008192,0.512734,-1.860639,0.113092,-0.409581,-0.076284,0.276274,-0.001667,0.496799,0.257697,-0.003685,0.000000,0.568400,1563.7696,184.7425,34.7573,186.4490,-23.1124,15.2598,-0.9221,-2.1298,-0.9663,-0.7757,0.5912,1.4414,0.032156,-0.084671,0.047586,-0.005284,0.023704,-0.015989,-0.002553,0.0000,0.0000,0.0000,-0.7935,76.8142,-1.9211,0.027268,-0.014891,-0.064842,2.5150,4,1,0.0000,0.0000,-0.077219,-0.107001,-0.052465,-0.022684,1.000000,[],1.7410,-0.7760,-0.7760,0.5914,1.4419,342.4581,1,0.349363,186.4490,15.2598,23.1124,186.4546,15.2603,23.0664,186.4490,15.2598,23.1124,-0.046958,-0.034810,0.602168,-2.6905,-1.9945,34.5017,-0.001667,-0.082079,0.495127,0.28748365,0.76996398,1384.9353,0.300000,3.1180,13.451447,-1.403428,-1033.232933,1.122378,-0.155796,-0.201834,-0.381749,-0.349385,-1.335563,1.870903,4393.344147,4259.731706,0.029989,0.029981,0.030000,4.999998,4.998374
8.900,-65.0535,-43.1403,170.8030,187.7943,4393297.5338,4259736.5066,1797244.1737,1382.5239,1582.4392,-0.037559,-2.1520,-0.025975,-1.4882,0.5484,0.5484,18105.0791,187.7943,-0.852750,-0.514189,0.060703,-0.068868,61.8965,-10.0409,3.2036,1.099652,-0.127510,0.063143,63.0054,-7.3058,3.6178,-83.9427,72.2977,157.3471,0.0000,0.0000,0.0000,-0.0017,0.6288,-0.6176,11.1100,APOGEE,0.654919,0.020134,0.300921,-0.019774,0.512217,-1.858760,0.112966,-0.409106,-0.076199,0.275954,-0.001683,0.628844,-0.617596,-0.003685,0.000000,0.568400,1582.3693,182.3264,36.2366,185.5444,-25.2018,14.3119,-0.9213,-2.0608,-1.0631,-0.7702,0.6633,1.4437,0.032156,-0.084671,0.047586,-0.005284,0.023704,-0.015989,-0.002553,0.0000,0.0000,0.0000,-0.7920,-80.0328,-2.0335,0.027268,-0.014891,-0.064842,2.5910,4,1,0.0000,0.0000,-0.077219,-0.107001,-0.052465,-0.022684,1.000000,[],1.7662,-0.7705,-0.7705,0.6636,1.4442,342.4659,1,0.349391,185.5444,14.3119,25.2018,185.5507,14.3124,25.1554,185.5444,14.3119,25.2018,-0.047507,0.112548,-0.190099,-2.7219,6.4485,-10.8919,-0.001683,0.049056,-0.351195,0.28748658,0.76996422,1382.5239,0.299144,3.2263,9.809014,1.313590,-1056.850291,1.039704,-0.137673,-0.057205,-0.381417,0.351525,0.110198,1.865929,4393.379170,4259.734655,0.030000,0.029941,0.011509,4.999994,4.993225
9.000,-65.5356,-45.0604,169.3635,187.1079,4393291.0031,4259732.0966,1797261.1817,1379.9063,1600.9720,-0.037407,-2.1433,-0.026542,-1.5208,0.5463,0.5463,17977.5734,187.1079,-0.822723,-0.560448,0.063245,-0.070889,68.2793,-10.5752,2.6677,1.094951,-0.120646,0.026264,62.7361,-6.9125,1.5048,-83.3627,73.5424,155.6182,0.0000,0.0000,0.0000,-0.0016,0.5607,-0.7525,11.1100,APOGEE,0.652317,0.018080,0.308273,-0.024263,0.511710,-1.856917,0.112843,-0.408640,-0.076116,0.275640,-0.001640,0.560726,-0.752457,-0.003685,0.000000,0.568400,1600.8785,179.7042,37.6166,184.6407,-27.2234,13.2690,-0.8991,-1.8951,-1.1824,-0.7649,0.6748,1.4278,0.032156,-0.084671,0.047586,-0.005284,0.023704,-0.015989,-0.002553,0.0000,0.0000,0.0000,-0.7910,39.5647,-2.1504,0.027268,-0.014891,-0.064842,2.4410,4,1,0.0000,0.0000,-0.077219,-0.107001,-0.052465,-0.022684,1.000000,[],1.7553,-0.7651,-0.7651,0.6750,1.4283,342.4743,1,0.349438,184.6407,13.2690,27.2234,184.6475,13.2695,27.1767,184.6407,13.2690,27.2234,-0.046148,0.016018,-0.318814,-2.6441,0.9177,-18.2667,-0.001640,-0.012692,-0.481470,0.28748950,0.76996445,1379.9063,0.300000,4.2154,49.624150,0.876713,-930.856186,1.220279,0.294628,-0.231973,0.359431,-0.196509,1.576478,1.813016,4393.317123,4259.753567,0.029703,0.029242,0.030000,4.999998,-4.999998
9.100,-65.8288,-46.9603,167.9910,186.4395,4393284.4331,4259727.4953,1797278.0487,1377.0941,1619.4134,-0.037610,-2.1549,-0.024573,-1.4079,0.5444,0.5444,17854.2767,186.4395,-0.790425,-0.604883,0.064791,-0.071740,74.6558,-10.9069,2.0443,1.090438,-0.117996,0.026273,62.4775,-6.7606,1.5054,-82.8051,66.2534,155.1561,0.0000,0.0000,0.0000,-0.0016,0.6224,-0.0648,11.1100,APOGEE,0.654871,0.020206,0.279637,-0.002105,0.511215,-1.855122,0.112723,-0.408186,-0.076035,0.275333,-0.001574,0.622355,-0.064830,-0.003685,0.000000,0.568400,1619.2982,176.8873,38.8865,183.7587,-29.0825,12.1091,-0.8755,-1.7224,-1.2890,-0.7598,0.6079,1.4236,0.032156,-0.084671,0.047586,-0.005284,0.023704,-0.015989,-0.002553,0.0000,0.0000,0.0000,-0.7902,-80.1084,-2.2594,0.027268,-0.014891,-0.064842,2.5560,4,1,0.0000,0.0000,-0.077219,-0.107001,-0.052465,-0.022684,1.000000,[],1.7249,-0.7600,-0.7600,0.6081,1.4241,342.4834,1,0.349497,183.7587,12.1091,29.0825,183.7661,12.1096,29.0355,183.7587,12.1091,29.0825,-0.044303,0.074615,0.290877,-2.5384,4.2751,16.6660,-0.001574,0.050640,0.179298,0.28749241,0.76996465,1377.0941,0.300009,4.3958,11.682401,-1.416111,-981.456042,0.933865,-0.130235,0.032319,0.411585,-0.170749,0.779149,1.788509,4393.427298,4259.576658,-0.029512,0.029999,0.029999,4.999994,4.999994
9.200,-65.9373,-48.8268,166.6886,185.7872,4393277.8436,4259722.7057,1797294.7823,1374.1050,1637.7654,-0.037736,-2.1621,-0.024804,-1.4212,0.5425,0.5425,17734.7516,185.7872,-0.755830,-0.647226,0.066535,-0.073435,81.0041,-11.2819,1.4539,1.086045,-0.105928,0.056517,62.2258,-6.0692,3.2382,-82.2610,66.6939,154.4934,0.0000,0.0000,0.0000,-0.0015,0.6421,-0.1908,11.1100,APOGEE,0.656468,0.020987,0.283394,-0.006235,0.730372,-2.650769,0.112606,-0.407743,-0.075956,0.275034,-0.001549,0.642087,-0.190770,-0.003685,0.000000,0.568400,1637.6310,173.8934,40.0348,182.8998,-30.7721,10.8446,-0.8472,-1.4275,-0.4987,-0.7548,0.6119,1.4175,0.032156,-0.084671,0.047586,-0.005284,0.023704,-0.015989,-0.002553,0.0000,0.0000,0.0000,-0.7883,-9.2022,-2.3657,-0.052857,-0.037231,0.071379,4.3400,0,1,0.0000,0.0000,0.161466,0.087004,-0.018709,0.055753,1.000000,[],1.7192,-0.7550,-0.7550,0.6121,1.4180,342.4930,1,0.349541,182.8998,10.8446,30.7721,182.9077,10.8451,30.7248,182.8998,10.8446,30.7721,-0.043667,0.126786,0.162358,-2.5019,7.2643,9.3024,-0.001549,0.072814,0.054982,0.28749530,0.76996484,1374.1050,0.300000,5.2204,33.952773,-1.400264,-947.258058,0.762166,-0.664374,-0.141512,0.177269,0.056522,1.266425,1.757244,4393.316541,4259.742525,0.030000,-0.029615,0.030000,4.999998,-4.998042
9.300,-66.3918,-49.9490,165.4948,185.1791,4393271.2364,4259717.7503,1797311.3896,1370.9573,1656.0304,0.014511,0.8314,-0.031590,-1.8100,0.5407,0.5407,17624.2735,185.1791,-0.818909,-0.563811,0.058850,-0.089676,68.6240,-11.3912,4.7110,-7.105567,1.403669,0.607568,-407.1190,80.4243,34.8111,-81.7853,102.7077,-55.8811,0.0000,0.0000,0.0000,-1.3253,-0.9811,-8.5975,11.1100,APOGEE,-0.238937,-0.032269,0.439158,-0.282780,0.729922,-2.649161,-0.056125,0.203218,-0.028246,0.102273,-1.325310,-0.981085,-8.597544,-0.003685,0.000000,0.568400,1655.8791,170.7410,41.0765,182.0687,-32.1725,10.3554,-1.2127,-0.8872,2.6893,-0.7504,0.9424,-0.5127,0.083142,0.006465,0.047586,-0.005284,-0.011826,-0.005952,0.032977,0.0000,0.0000,0.0000,-1.2881,-79.3977,-2.4912,-0.052857,-0.037231,0.071379,2.5650,4,1,0.0000,0.0000,0.161466,0.087004,-0.018709,0.055753,1.000000,[],1.3097,-0.7507,-0.7507,0.9427,-0.5129,342.5032,1,0.349698,182.0687,10.3554,32.1725,182.0771,10.3559,32.1249,182.0687,10.3554,32.1725,-37.203851,-4.889149,2.028616,-2131.6236,-280.1276,116.2311,-1.325310,-0.775176,-8.219089,0.28749817,0.76996501,1370.9573,0.300000,3.6636,9.935596,-1.456489,-1085.776907,1.058748,-0.173856,-0.024568,0.425062,0.365160,-0.852128,1.757683,4393.324174,4259.708516,0.029999,0.030000,0.030000,4.999992,4.993225
9.400,-68.5856,-48.4013,164.1073,184.3309,4393264.4977,4259712.8070,1797327.8718,1367.6917,1674.2027,0.026242,1.5035,-0.137171,-7.8593,0.5382,0.5382,17468.7572,184.3309,-0.988618,-0.064441,0.079020,-0.110624,6.4055,-9.8168,12.2187,-14.029757,0.829378,0.443493,-803.8458,47.5199,25.4103,-80.5273,456.7660,-97.1043,0.0000,0.0000,0.0000,-0.1613,-4.0209,-42.3818,11.1100,TERMINAL,-0.418896,-0.133426,1.970429,-1.406383,0.729295,-2.646924,-0.056049,0.202931,-0.028208,0.102129,-0.161320,-4.020854,-42.381838,-0.003685,0.000000,0.568400,1674.0315,167.4706,42.2183,180.8790,-33.0428,12.9935,-1.0887,0.8655,2.7102,-0.7389,4.1909,-0.8910,0.083142,0.006465,0.047586,-0.005284,-0.011826,-0.005952,0.032977,0.0000,0.0000,0.0000,-0.9270,-10.0736,-2.6040,-0.052857,-0.037231,0.071379,2.4190,4,1,0.0000,0.0000,0.161466,0.087004,-0.018709,0.055753,1.000000,[],4.3493,-0.7391,-0.7391,4.1924,-0.8913,342.5137,1,0.347384,180.8790,12.9935,33.0428,180.8877,12.9941,32.9950,180.8790,12.9935,33.0428,-4.521132,-9.406190,-26.494987,-259.0418,-538.9350,-1518.0509,-0.161320,-3.663047,-40.698759,0.28750104,0.76996520,1367.6917,0.286486,3.5218,55.918843,0.265150,-1197.282783,-2.128439,1.184974,-0.218542,0.437801,0.364097,1.572021,1.694679,4393.312911,4259.727209,0.026051,0.029917,0.030000,4.999997,-2.280347
9.500,-69.6345,-45.7150,163.3236,183.3396,4393257.5549,4259708.1116,1797344.2300,1364.4160,1692.2571,-0.013604,-0.7795,-0.104408,-5.9822,0.5353,0.5353,17286.9129,183.3396,-0.738182,0.671347,0.064275,-0.015771,-84.8036,-4.2276,6.3086,-18.060475,2.509272,0.573260,-1034.7890,143.7707,32.8454,-80.0122,344.6917,43.1715,0.0000,0.0000,0.0000,0.7901,6.6608,-31.7810,11.1100,TERMINAL,0.188195,0.223354,1.502597,-1.065702,0.728564,-2.644311,-0.055960,0.202595,-0.028163,0.101960,0.790149,6.660777,-31.781007,-0.003685,0.000000,0.568400,1692.0576,164.1901,43.6802,179.8110,-32.1937,15.6523,-0.7022,1.5860,-2.8382,-0.7341,3.1626,0.3961,0.083142,0.006465,0.047586,-0.005284,-0.011826,-0.005952,0.032977,0.0000,0.0000,0.0000,-0.0850,-9.8887,-2.7467,-0.052857,-0.037231,0.071379,2.4440,4,1,0.0000,0.0000,0.161466,0.087004,-0.018709,0.055753,1.000000,[],3.2719,-0.7344,-0.7344,3.1637,0.3962,342.5243,1,0.348793,179.8110,15.6523,32.1937,179.8195,15.6529,32.1456,179.8110,15.6523,32.1937,22.235596,-3.975897,15.558066,1274.0058,-227.8021,891.4115,0.790149,6.501700,-30.510896,0.28750388,0.76996544,1364.4160,0.300000,3.1364,115.942222,-0.621637,-1218.477536,-13.273210,-0.914179,0.011011,0.212250,-0.125755,-0.995284,1.699300,4393.343728,4259.731389,0.029422,0.030000,0.030000,4.999996,-4.993282
9.600,-66.4849,-46.5395,163.1037,182.1785,4393250.7262,4259703.5437,1797360.5620,1361.2965,1710.2391,-0.077590,-4.4456,-0.175994,-10.0837,0.5319,0.5319,17073.8525,182.1785,0.118679,0.988763,-0.067332,0.061069,166.7845,-7.8597,-6.8795,-20.475385,1.946607,1.598817,-1173.1531,111.5324,91.6055,-77.8803,567.2093,250.7855,0.0000,0.0000,0.0000,0.8236,28.5008,-54.0838,11.1100,TERMINAL,1.106879,0.967633,2.503461,-1.836207,0.727709,-2.641255,-0.055856,0.202203,-0.028111,0.101763,0.823553,28.500776,-54.083821,-0.003685,0.000000,0.568400,1710.0102,161.0658,45.1543,179.1221,-30.6378,12.8680,-1.8164,-3.0375,-3.8122,-0.7146,5.2043,2.3010,0.083142,0.006465,0.047586,-0.005284,-0.011826,-0.005952,0.032977,0.0000,0.0000,0.0000,-0.6583,-9.4257,-2.8902,-0.052857,-0.037231,0.071379,2.6240,4,1,0.0000,0.0000,0.161466,0.087004,-0.018709,0.055753,1.000000,[],5.7369,-0.7148,-0.7148,5.2061,2.3018,342.5343,1,0.343736,179.1221,12.8680,30.6378,179.1304,12.8686,30.5894,179.1221,12.8680,30.6378,23.220944,-6.065859,-9.658065,1330.4621,-347.5481,-553.3663,0.823553,27.576688,-51.993783,0.28750671,0.76996568,1361.2965,0.289619,3.3758,131.509367,-0.200155,-1218.919452,-16.920281,1.822564,-0.449410,0.122387,-0.056310,-1.928352,1.642675,4393.295804,4259.716595,-0.030000,0.030000,0.030000,4.999999,4.998042
9.700,-65.5708,-50.8623,160.5507,180.7291,4393244.1841,4259698.6717,1797376.7665,1358.1352,1728.0900,-0.129818,-7.4380,-0.115829,-6.6365,0.5276,0.5276,16808.4613,180.7291,0.914439,0.361987,-0.158292,0.087812,42.6789,-20.6752,2.8180,-22.054629,2.137916,3.342306,-1263.6372,122.4936,191.5000,-77.1217,381.1599,414.7629,0.0000,0.0000,0.0000,1.1399,43.9272,-37.8188,11.1100,TERMINAL,1.859521,1.514927,1.708867,-1.304263,0.878239,-3.188016,-0.055727,0.201714,-0.028045,0.101516,1.139890,43.927230,-37.818780,-0.003685,0.000000,0.568400,1727.8423,157.8997,46.2105,177.3402,-33.6176,9.1282,-2.7757,-3.6117,4.2281,-0.7076,3.4972,3.8055,0.083142,0.006465,0.047586,-0.005284,-0.011826,-0.005952,0.032977,0.0000,0.0000,0.0000,-0.6857,-10.2154,-3.0147,0.075440,0.081315,-0.054289,4.8250,0,1,0.0000,0.0000,-0.211044,-0.048415,0.102466,-0.060164,1.000000,[],5.2184,-0.7079,-0.7079,3.4984,3.8068,342.5445,1,0.345762,177.3402,9.1282,33.6176,177.3493,9.1288,33.5692,177.3402,9.1282,33.6176,32.220097,-31.914414,11.854804,1846.0756,-1828.5612,679.2302,1.139890,42.398923,-36.414292,0.28750952,0.76996585,1358.1352,0.274705,3.8010,138.690114,-1.397739,-1218.889571,-19.747310,2.948953,0.126627,0.231663,-0.108239,-1.749402,1.559568,4393.294405,4259.717729,-0.030000,-0.030000,0.030000,4.999993,4.999994
9.800,-70.3438,-49.7127,156.9355,179.0205,4393237.3949,4259693.5761,1797392.6295,1354.5578,1745.7084,-0.204252,-11.7028,-0.033981,-1.9470,0.5226,0.5226,16497.9174,179.0205,0.796602,-0.575785,-0.179104,0.042650,-73.6960,-13.6644,16.3909,-13.913278,1.059238,0.890413,-797.1721,60.6898,51.0169,-74.9588,177.8235,620.5035,0.0000,0.0000,0.0000,6.1846,61.6721,-43.8290,11.1100,TERMINAL,2.834289,2.166931,0.812249,-1.539990,0.826165,-2.998908,-0.023419,0.084759,0.307559,-1.116682,6.184586,61.672051,-43.828981,-0.003685,0.000000,0.568400,1745.4411,154.3174,47.2781,174.6173,-37.1606,13.2759,-1.1795,-0.5259,2.0556,-0.6878,1.6316,5.6933,-0.080940,-0.036349,0.039704,-0.176927,-0.004984,0.065305,-0.063628,0.0000,0.0000,0.0000,-0.7286,-10.2958,-3.1666,-0.045851,-0.009287,-0.138220,4.4190,0,1,0.0000,0.0000,-0.083083,-0.101657,-0.193358,-0.174784,1.000000,[],5.9643,-0.6880,-0.6880,1.6321,5.6952,342.5561,1,0.342391,174.6173,13.2759,37.1606,174.6275,13.2766,37.1125,174.6173,13.2759,37.1606,173.750820,43.074462,-25.789166,9955.1887,2467.9849,-1477.6104,6.184586,59.385637,-43.173742,0.28751230,0.76996603,1354.5578,0.262714,3.8806,130.557674,-1.397731,-1225.488813,-18.097610,2.124052,0.678422,0.209335,-0.157198,-1.678745,1.548236,4393.287514,4259.696523,-0.030000,-0.030000,0.030000,4.999997,4.999988
9.900,-71.8674,-48.3812,155.6796,178.1623,4393230.2399,4259688.7203,1797408.2441,1350.8182,1763.1279,0.083738,4.7978,-0.008362,-0.4791,0.5201,0.5201,16346.0926,178.1623,0.717971,-0.688732,-0.073673,-0.068841,-87.6341,-11.5730,0.1538,7.904921,3.099509,-0.191702,452.9186,177.5888,-10.9837,-75.8379,35.3960,-223.2826,0.0000,0.0000,0.0000,4.4684,-43.1062,-7.1260,11.1100,TERMINAL,-1.029367,-1.528664,0.163181,-0.252707,0.687745,-2.496373,0.127656,-0.461992,0.047085,-0.170403,4.468380,-43.106241,-7.126002,-0.003685,0.000000,0.568400,1762.8289,150.5730,48.7726,173.4601,-37.6766,15.2925,-1.0251,-1.1666,-3.4247,-0.6958,0.3248,-2.0487,-0.080940,-0.129221,-0.006467,-0.094883,0.027203,0.010034,-0.077878,0.0000,0.0000,0.0000,-0.9219,-9.3458,-3.3256,0.073722,0.072467,-0.004549,4.6890,0,1,0.0000,0.0000,-0.150737,-0.005803,0.141640,-0.003294,1.000000,[],2.1886,-0.6961,-0.6961,0.3249,-2.0494,342.5682,1,0.349624,173.4601,15.2925,37.6766,173.4706,15.2932,37.6282,173.4601,15.2925,37.6766,125.499602,-40.655281,-30.204902,7190.5975,-2329.3760,-1730.6134,4.468380,-42.283495,-6.995576,0.28751504,0.76996627,1350.8182,0.267383,4.3360,39.382714,-1.397657,-1251.614542,-15.910046,2.574743,1.912530,0.211958,-0.387651,-1.617809,1.530774,4393.283954,4259.737923,-0.029776,-0.030000,0.029824,4.999996,-4.994490
10.000,-70.1122,-51.3589,154.3910,177.1723,4393223.1496,4259683.7500,1797423.7606,1347.0190,1780.4598,-0.014245,-0.8162,0.155879,8.9312,0.5172,0.5172,16170.9406,177.1723,0.953734,-0.255516,-0.142404,-0.069461,-29.4296,-17.8863,-3.5979,9.141785,-2.232588,-0.069562,523.7857,-127.9178,-3.9856,-74.4789,-388.1642,26.7488,0.0000,0.0000,0.0000,-4.0437,11.3017,3.3821,11.1100,TERMINAL,0.124651,0.405128,-1.808878,0.121237,0.730936,-2.653181,-0.035304,0.127757,0.426048,-1.546358,-4.043656,11.301656,3.382084,-0.003685,0.000000,0.568400,1780.1320,146.7690,50.1398,172.4546,-38.8210,11.9328,-1.8708,-3.8531,-1.7202,-0.6834,-3.5615,0.2454,-0.019640,0.100990,0.146093,-0.094883,-0.007535,0.090401,0.033140,0.0000,0.0000,0.0000,-1.7341,-8.3458,-3.4918,-0.021981,0.064018,0.077472,3.3590,0,1,0.0000,0.0000,0.035434,0.163470,0.119509,-0.008527,1.000000,[],3.6360,-0.6836,-0.6836,-3.5627,0.2455,342.5805,1,0.347078,172.4546,11.9328,38.8210,172.4654,11.9335,38.7725,172.4546,11.9328,38.8210,-113.581473,9.769466,21.565422,-6507.7390,559.7492,1235.6076,-4.043656,11.203093,1.951787,0.28751777,0.76996649,1347.0190,0.253941,5.4376,99.933088,-1.384865,-1195.098122,1.133641,1.820692,-1.001629,0.222408,0.046483,0.423923,1.428883,4393.258284,4259.668305,0.030000,-0.029654,0.030000,4.999996,4.998042
10.100,-71.1667,-54.7319,151.5601,176.1555,4393216.0999,4259678.4397,1797439.0624,1342.9599,1797.6375,-0.089655,-5.1368,0.089895,5.1506,0.5142,0.5142,15992.1967,176.1555,0.977647,-0.115712,-0.173794,-0.024775,-13.4105,-20.2154,-0.5020,-3.146717,1.241082,0.148453,-180.2936,71.1088,8.5057,-73.9690,-187.1178,268.6717,0.0000,0.0000,0.0000,-4.4870,30.6105,-14.8953,11.1100,TERMINAL,1.266027,1.109553,-0.881731,-0.539915,0.571580,-2.074506,-0.053616,0.194010,0.416196,-1.510638,-4.487009,30.610502,-14.895260,-0.003685,0.000000,0.568400,1797.2881,142.7050,51.2347,170.6193,-42.6009,10.2453,-1.0256,-1.8174,-1.5276,-0.6787,-1.7168,2.4651,0.009729,0.148351,0.163740,-0.051509,-0.011462,0.088468,0.067578,0.0000,0.0000,0.0000,-0.6938,-7.3958,-3.6370,0.051446,0.070637,-0.000293,3.1820,0,1,0.0000,0.0000,-0.122375,0.018898,0.121789,-0.019484,1.000000,[],3.0808,-0.6789,-0.6789,-1.7174,2.4660,342.5935,1,0.348554,170.6193,10.2453,42.6009,170.6314,10.2461,42.5524,170.6193,10.2453,42.6009,-126.034400,27.003066,-10.678460,-7221.2392,1547.1617,-611.8307,-4.487009,29.620508,-15.584747,0.28752047,0.76996667,1342.9599,0.224789,4.9167,115.975238,-0.117425,-1193.455334,-2.262243,-3.063837,-0.529425,0.230359,0.204917,1.578940,1.801196,4393.296151,4259.705758,0.030000,0.030000,0.030000,4.999993,-4.993225
10.200,-71.1465,-56.7996,150.0901,175.5422,4393208.9655,4259672.8523,1797454.1304,1338.5913,1814.6591,0.057622,3.3015,0.059361,3.4012,0.5124,0.5124,15887.8109,175.5422,0.923510,-0.361635,-0.112024,-0.061645,-42.5209,-14.5661,-1.9443,-3.187682,-0.358091,0.117371,-182.6407,-20.5171,6.7249,-73.7631,-93.9644,-168.2661,0.0000,0.0000,0.0000,2.0563,-20.7537,-22.8051,11.1100,TERMINAL,-0.798108,-0.757210,-0.445685,-0.832056,0.881403,-3.199143,0.038953,-0.140946,0.407676,-1.479751,2.056341,-20.753663,-22.805055,-0.003685,0.000000,0.568400,1814.2917,138.3316,52.1895,169.6132,-44.3838,8.7467,-0.8535,-1.3367,-1.2191,-0.6768,-0.8621,-1.5439,-0.071145,0.015038,0.119041,-0.141805,0.008336,0.086757,-0.019718,0.0000,0.0000,0.0000,-0.7362,-6.4458,-3.7784,-0.028691,0.092695,-0.094027,3.6630,0,1,0.0000,0.0000,-0.158030,0.027359,-0.030023,-0.215413,1.000000,[],1.8940,-0.6770,-0.6770,-0.8624,-1.5444,342.6077,1,0.349868,169.6132,8.7467,44.3838,169.6258,8.7475,44.3352,169.6132,8.7467,44.3838,57.761205,-19.022716,-22.582985,3309.4733,-1089.9213,-1293.9097,2.056341,-20.133641,-23.151293,0.28752315,0.76996683,1338.5913,0.278630,4.5402,77.030985,-0.275492,-1194.655034,0.200475,-0.443120,0.692994,-0.274015,0.202085,1.606260,1.443365,4393.251165,4259.677132,-0.029315,0.030000,0.029792,4.999998,4.998042
10.300,-71.0466,-58.3685,148.9156,175.0153,4393201.8723,4259667.0997,1797469.0913,1334.1104,1831.5983,-0.051134,-2.9298,0.089521,5.1292,0.5108,0.5108,15799.5024,175.0153,0.951438,-0.252732,-0.168626,-0.049581,-29.6528,-20.2390,-0.5565,7.547429,-0.700247,-0.878982,432.4358,-40.1212,-50.3620,-73.2521,-185.2547,112.3955,0.0000,0.0000,0.0000,-0.0907,34.6557,-14.5142,11.1100,TERMINAL,0.536086,1.271502,-0.883598,-0.532518,0.348952,-1.266944,-0.185724,0.672584,0.426318,-1.547287,-0.090735,34.655718,-14.514174,-0.003685,0.000000,0.568400,1831.2169,133.8458,52.9971,168.7759,-45.6951,7.5508,-1.5741,-2.9260,-1.9516,-0.6721,-1.6998,1.0313,-0.038756,0.083210,0.063236,-0.177795,-0.039753,0.090749,-0.017526,0.0000,0.0000,0.0000,-0.8297,-5.5735,-3.9435,-0.018338,0.038346,0.017783,3.2960,0,1,0.0000,0.0000,-0.002224,0.074467,0.037791,-0.038901,1.000000,[],2.0994,-0.6723,-0.6723,-1.7003,1.0316,342.6222,1,0.349386,168.7759,7.5508,45.6951,168.7890,7.5516,45.6463,168.7759,7.5508,45.6951,-2.531440,25.328474,-8.983104,-145.0408,1451.2147,-514.6939,-0.090735,34.241566,-15.196796,0.28752582,0.76996696,1334.1104,0.238559,4.7569,94.022583,-0.144442,-1193.392066,2.372531,2.481344,0.023447,-0.176857,0.086646,1.060640,1.540398,4393.274259,4259.696096,-0.030000,0.028653,-0.029982,4.999996,-4.993282
10.400,-71.3761,-61.3548,146.6215,174.2321,4393194.7365,4259661.1241,1797483.8681,1329.3992,1848.4098,-0.082152,-4.7069,0.100380,5.7514,0.5085,0.5085,15665.6198,174.2321,0.973449,0.152857,-0.169391,-0.018414,18.7342,-18.9145,-5.3153,6.516384,1.170972,-0.867425,373.3613,67.0917,-49.6998,-72.4720,-240.8373,237.9325,0.0000,0.0000,0.0000,-5.0356,28.7861,0.1980,11.1100,TERMINAL,1.144551,1.065177,-1.158525,0.007327,0.690233,-2.505598,-0.063109,0.228329,0.307792,-1.117384,-5.035602,28.786146,0.198016,-0.003685,0.000000,0.568400,1848.0181,129.1297,53.6743,167.2317,-48.5655,5.6363,-0.8310,-0.2628,-2.9033,-0.6649,-2.2097,2.1831,0.018320,0.114219,0.122922,-0.044520,-0.013534,0.065835,0.052735,0.0000,0.0000,0.0000,-0.6929,-6.3796,-4.0760,0.026110,0.036100,0.090118,3.3250,0,1,0.0000,0.0000,0.027908,0.100109,0.152328,0.080127,1.000000,[],3.1777,-0.6652,-0.6652,-2.2105,2.1838,342.6374,1,0.348620,167.2317,5.6363,48.5655,167.2458,5.6371,48.5167,167.2317,5.6363,48.5655,-141.478022,20.407680,-8.025155,-8106.0936,1169.2739,-459.8075,-5.035602,27.909419,-0.689414,0.28752847,0.76996707,1329.3992,0.251599,3.5489,66.617663,-1.146226,-1195.353352,1.489242,-0.534619,-0.479159,0.279171,0.090105,-1.260484,1.319382,4393.242707,4259.679852,0.030000,-0.030000,-0.030000,4.999996,-4.999988
10.500,-69.4052,-63.4109,145.7667,173.4530,4393187.6802,4259654.8653,1797498.4715,1324.5046,1865.0875,0.040397,2.3146,0.131859,7.5550,0.5062,0.5062,15533.2571,173.4530,0.967427,0.230748,-0.102327,-0.019209,27.3015,-10.9016,-4.9301,-2.770892,0.772274,0.158511,-158.7604,44.2481,9.0820,-71.8211,-337.1586,-126.4631,0.0000,0.0000,0.0000,-3.6761,-8.0623,12.2457,11.1100,TERMINAL,-0.613522,-0.300874,-1.635689,0.456991,0.516560,-1.874565,-0.050742,0.183576,0.260591,-0.945350,-3.676111,-8.062348,12.245718,-0.003685,0.000000,0.568400,1864.6927,124.2302,54.0927,166.4165,-48.8233,2.7881,-0.2344,1.7818,-1.3181,-0.6590,-3.0935,-1.1603,0.022485,0.114219,0.112366,-0.019246,-0.010896,0.055836,0.057456,0.0000,0.0000,0.0000,-0.8608,-7.1317,-4.2016,-0.013232,0.034066,-0.063086,4.5810,0,1,0.0000,0.0000,-0.083920,-0.015788,-0.042252,-0.110384,1.000000,[],3.3702,-0.6592,-0.6592,-3.0946,-1.1607,342.6532,1,0.348433,166.4165,2.7881,48.8233,166.4309,2.7890,48.7743,166.4165,2.7881,48.8233,-103.258118,-7.465157,12.279350,-5916.2543,-427.7220,703.5549,-3.676111,-7.596361,11.003365,0.28753110,0.76996714,1324.5046,0.254322,3.9141,31.913410,-1.365752,-1192.589478,5.953962,-0.306697,-0.622285,0.349371,0.267161,1.746125,1.346815,4393.287469,4259.682929,0.030000,-0.028740,0.029334,4.999994,-4.993282
10.600,-67.2548,-63.1270,146.0414,172.7319,4393180.8580,4259648.5275,1797513.0600,1319.7142,1881.7126,0.074283,4.2561,0.044717,2.5621,0.5041,0.5041,15411.5728,172.7319,0.991402,0.086574,-0.098077,-0.002923,10.1116,-11.1840,-1.3304,-0.004759,-0.300652,0.654588,-0.2727,-17.2261,37.5051,-71.5749,-67.9408,-279.5677,0.0000,0.0000,0.0000,0.7782,6.9339,-16.3794,11.1100,TERMINAL,-1.367002,0.260805,-0.332210,-0.616079,0.619251,-2.247929,-0.291149,1.056685,0.295297,-1.071803,0.778234,6.933897,-16.379383,-0.003685,0.000000,0.568400,1881.3210,119.4349,54.2916,166.1866,-47.0753,1.4951,-0.2266,1.1072,-0.0280,-0.6567,-0.6234,-2.5651,0.015003,0.088190,0.016776,-0.163304,-0.062430,0.063317,-0.010833,0.0000,0.0000,0.0000,-0.7398,-7.7459,-4.3090,-0.070153,0.051354,-0.012263,3.1520,0,1,0.0000,0.0000,0.006536,0.109244,-0.031062,-0.133770,1.000000,[],2.7211,-0.6569,-0.6569,-0.6236,-2.5660,342.6686,1,0.349979,166.1866,1.4951,47.0753,166.2005,1.4959,47.0260,166.1866,1.4951,47.0753,21.854983,7.378620,-15.429281,1252.1983,422.7638,-884.0327,0.778234,7.964040,-16.629729,0.28753372,0.76996717,1319.7142,0.291815,5.1221,57.918290,1.368500,-1208.380050,0.871731,0.589657,0.021521,0.171882,0.335067,0.492082,1.259487,4393.194258,4259.659109,-0.030000,-0.029702,0.006334,4.999998,4.999998
10.700,-66.4426,-62.3778,146.1359,172.2246,4393174.1783,4259642.2556,1797527.6717,1315.0725,1898.3164,0.045933,2.6318,0.036624,2.0984,0.5026,0.5026,15328.1328,172.2246,0.972679,0.206236,-0.104894,0.018965,23.9822,-12.2324,-0.3736,4.403414,0.034387,-0.069937,252.2970,1.9703,-4.0071,-71.2923,-63.3056,-192.0831,0.0000,0.0000,0.0000,-1.2791,14.2188,-9.6563,11.1100,TERMINAL,-0.944341,0.537725,-0.311230,-0.365178,0.756066,-2.744557,-0.287306,1.042663,0.212563,-0.770292,-1.279105,14.218835,-9.656254,-0.003685,0.000000,0.568400,1897.9295,114.7883,54.4385,165.9643,-45.9892,1.4676,-0.2158,1.2841,0.2066,-0.6541,-0.5808,-1.7624,0.048748,0.088190,0.016776,-0.126467,-0.061657,0.045672,0.006812,0.0000,0.0000,0.0000,-0.7685,-8.2463,-4.4164,-0.061346,0.024812,0.085617,2.9610,0,1,0.0000,0.0000,0.122150,0.171775,0.049084,-0.000541,1.000000,[],1.9682,-0.6543,-0.6543,-0.5810,-1.7630,342.6837,1,0.350496,165.9643,1.4676,45.9892,165.9781,1.4684,45.9395,165.9643,1.4676,45.9892,-35.929981,13.537518,-9.321364,-2058.6363,775.6426,-534.0748,-1.279105,14.926618,-9.889520,0.28753634,0.76996720,1315.0725,0.257628,3.9563,29.932468,-1.373633,-1203.397895,-1.117303,-0.181157,0.659484,0.385999,0.307047,-1.478227,1.171695,4393.195828,4259.667504,-0.029997,0.024432,0.030000,4.999995,0.270978
10.800,-65.6734,-61.3495,146.2898,171.6900,4393167.5704,4259636.0590,1797542.2894,1310.5322,1914.8968,0.084926,4.8659,0.046499,2.6642,0.5010,0.5010,15239.8763,171.6900,0.945645,0.314008,-0.075781,0.037566,36.6236,-9.6086,1.3632,-1.190007,1.053890,0.222827,-68.1824,60.3834,12.7670,-70.7349,-97.9741,-326.9961,0.0000,0.0000,0.0000,-4.2511,13.8805,-3.7519,11.1100,TERMINAL,-1.616926,0.527969,-0.484461,-0.142709,0.416392,-1.511234,-0.413203,1.499679,0.176749,-0.639759,-4.251127,13.880464,-3.751860,-0.003685,0.000000,0.568400,1914.5144,110.2430,54.5895,165.7526,-44.7295,1.6703,-0.2655,2.6857,1.5719,-0.6490,-0.8989,-3.0003,0.126711,0.175857,0.025943,-0.077088,-0.088428,0.038044,0.062856,0.0000,0.0000,0.0000,-0.8073,-8.6676,-4.5532,-0.054703,-0.014840,-0.019560,3.2010,0,1,0.0000,0.0000,0.049983,0.020303,-0.089102,-0.059423,1.000000,[],3.1997,-0.6492,-0.6492,-0.8992,-3.0013,342.6983,1,0.349769,165.7526,1.6703,44.7295,165.7661,1.6711,44.6794,165.7526,1.6703,44.7295,-119.407091,13.726006,-2.601755,-6841.5223,786.4422,-149.0696,-4.251127,15.085370,-4.112872,0.28753896,0.76996722,1310.5322,0.271413,3.7849,41.741358,-0.042051,-1232.246663,0.173651,-0.701072,0.099995,0.225609,0.004695,1.601930,1.181941,4393.211596,4259.661454,0.030000,-0.029266,-0.030000,1.071153,4.998038
10.900,-64.8798,-58.4322,146.7864,170.7921,4393161.0426,4259630.0571,1797556.9425,1306.1872,1931.4588,0.146760,8.4087,-0.046810,-2.6820,0.4984,0.4984,15087.2897,170.7921,0.990433,0.114607,-0.052445,0.056185,12.8648,-6.7054,5.7368,-5.052445,0.044156,0.456789,-289.4838,2.5300,26.1721,-69.6265,147.2367,-497.4501,0.0000,0.0000,0.0000,-1.6632,-4.2445,-19.2895,11.1100,TERMINAL,-2.484662,-0.163082,0.735417,-0.741133,0.805628,-2.924372,-0.384330,1.395037,0.056758,-0.205322,-1.663190,-4.244546,-19.289518,-0.003685,0.000000,0.568400,1931.0785,105.8930,54.8245,165.4922,-42.0948,3.2124,-0.3550,2.6717,1.6957,-0.6388,1.3509,-4.5642,0.126711,0.109911,-0.013647,-0.079400,-0.082417,0.012238,0.035894,0.0000,0.0000,0.0000,-0.7418,-8.8492,-4.6783,-0.065215,-0.029071,-0.094308,3.2250,0,1,0.0000,0.0000,-0.000023,-0.058164,-0.188593,-0.130452,1.000000,[],4.8043,-0.6391,-0.6391,1.3514,-4.5658,342.7123,1,0.347770,165.4922,3.2124,42.0948,165.5050,3.2131,42.0444,165.4922,3.2124,42.0948,-46.718259,-4.464809,-17.176201,-2676.7591,-255.8147,-984.1238,-1.663190,-2.411556,-18.746985,0.28754157,0.76996726,1306.1872,0.278240,3.6768,30.877059,-1.375974,-1179.254319,1.299032,1.024324,0.014033,0.005055,-0.142387,-0.428259,1.098903,4393.205364,4259.613294,-0.029430,-0.029999,0.029771,4.999996,4.993225
11.000,-64.1623,-55.4196,147.1949,169.8661,4393154.5887,4259624.3778,1797571.6430,1302.1219,1947.9926,0.092713,5.3120,-0.069154,-3.9622,0.4956,0.4956,14930.0512,169.8661,0.995362,-0.051955,-0.069842,0.040944,-6.3241,-7.7460,5.1397,1.153693,-0.072639,-0.355340,66.1017,-4.1619,-20.3595,-69.2129,185.7894,-357.4055,0.0000,0.0000,0.0000,2.2613,18.1509,-14.4166,11.1100,TERMINAL,-1.803969,0.704729,0.937753,-0.559739,0.542920,-1.970521,-0.468032,1.698454,-0.048751,0.176378,2.261334,18.150875,-14.416556,-0.003685,0.000000,0.568400,1947.6094,101.8226,55.2397,165.1439,-39.4739,4.8758,-0.2655,2.3292,0.7077,-0.6350,1.7047,-3.2793,0.105797,0.024401,-0.115733,-0.155031,-0.100241,-0.010524,-0.035142,0.0000,0.0000,0.0000,-0.7438,-8.8672,-4.8316,-0.066578,-0.042356,0.007982,3.0560,0,1,0.0000,0.0000,0.116917,0.032204,-0.100953,-0.016240,1.000000,[],3.7513,-0.6353,-0.6353,1.7052,-3.2804,342.7255,1,0.349345,165.1439,4.8758,39.4739,165.1560,4.8766,39.4231,165.1439,4.8758,39.4739,63.521345,17.648103,-12.658440,3639.5050,1011.1618,-725.2752,2.261334,19.467833,-13.731964,0.28754418,0.76996733,1302.1219,0.259835,4.6595,65.129481,-0.579322,-1244.056368,-0.884425,0.060949,0.532301,0.405850,-0.042602,1.304296,1.062823,4393.187441,4259.610316,-0.030000,-0.028738,-0.030000,4.999997,4.999991
11.100,-63.0194,-53.3443,147.5925,169.1171,4393148.2250,4259618.9426,1797586.3819,1298.2925,1964.5000,0.111564,6.3922,0.011918,0.6829,0.4934,0.4934,14804.2263,169.1171,0.977046,0.202422,-0.049273,0.044488,23.1879,-6.5630,3.8663,8.438763,0.272418,0.333975,483.5055,15.6084,19.1353,-68.6579,-55.3104,-392.1006,0.0000,0.0000,0.0000,-0.1061,5.9713,13.8410,11.1100,TERMINAL,-1.995909,0.233815,-0.281547,0.541962,0.717483,-2.604627,-0.396002,1.437388,-0.118999,0.430565,-0.106149,5.971340,13.841046,-0.003685,0.000000,0.568400,1964.1107,97.9881,55.7674,164.8835,-37.1889,5.5701,-0.4772,2.1669,1.9159,-0.6300,-0.5075,-3.5976,0.105797,0.024401,-0.115733,-0.094273,-0.085051,-0.025714,-0.019952,0.0000,0.0000,0.0000,-0.7523,-12.5282,-4.9942,-0.072916,-0.026305,0.062063,3.7440,0,1,0.0000,0.0000,0.161284,0.108674,-0.037158,0.015453,1.000000,[],3.6887,-0.6302,-0.6302,-0.5077,-3.5988,342.7379,1,0.349489,164.8835,5.5701,37.1889,164.8950,5.5709,37.1378,164.8835,5.5701,37.1889,-2.979171,9.596526,10.426599,-170.6939,549.8404,597.4001,-0.106149,7.416141,13.637240,0.28754678,0.76996741,1298.2925,0.285278,3.7210,58.404578,0.035768,-1239.349885,-1.505653,-0.532804,-0.291476,0.338213,-0.115516,1.368315,1.029139,4393.224617,4259.639070,0.027640,0.030000,-0.030000,4.999997,-4.993282
11.200,-62.7689,-50.4835,147.7458,168.2776,4393141.9499,4259613.7421,1797601.1534,1294.6901,1980.9774,0.134986,7.7341,-0.003320,-0.1902,0.4910,0.4910,14662.7546,168.2776,0.882132,0.459360,-0.023518,0.101382,54.3966,-7.7374,9.1316,0.990848,0.695234,1.530631,56.7714,39.8340,87.6987,-67.8846,-13.1674,-473.6638,0.0000,0.0000,0.0000,-5.6298,9.8389,10.3211,11.1100,TERMINAL,-2.434354,0.388969,-0.067673,0.408035,0.912213,-3.310024,-0.510072,1.851174,-0.146688,0.530803,-5.629827,9.838857,10.321136,-0.003685,0.000000,0.568400,1980.5790,94.3805,56.4019,164.4154,-35.0632,7.4496,-1.5075,0.5235,4.5121,-0.6229,-0.1208,-4.3460,0.264020,0.119297,-0.018783,-0.036581,-0.109670,-0.031731,0.081988,0.0000,0.0000,0.0000,-0.7599,-11.6367,-5.1723,-0.110148,-0.054663,0.072238,4.0430,0,1,0.0000,0.0000,0.237048,0.127722,-0.092573,0.016753,1.000000,[],4.3935,-0.6231,-0.6231,-0.1209,-4.3475,342.7495,1,0.348887,164.4154,7.4496,35.0632,164.4263,7.4504,35.0118,164.4154,7.4496,35.0632,-158.111305,12.202222,8.863455,-9059.1105,699.1358,507.8385,-5.629827,11.584201,10.272617,0.28754938,0.76996752,1294.6901,0.249228,5.3044,58.776713,-0.139547,-1226.818826,1.339162,-0.882027,-0.316764,0.349220,0.026099,-1.228635,1.046010,4393.148234,4259.598400,0.030000,-0.029120,0.030000,4.999998,4.999228
11.300,-65.1958,-46.6712,146.4730,166.9821,4393135.5748,4259608.8814,1797615.8819,1291.2335,1997.3758,0.109698,6.2852,-0.201988,-11.5731,0.4872,0.4872,14442.7442,166.9821,0.942181,0.277277,-0.066579,0.176008,30.7941,-12.8891,17.5994,-6.763422,-0.071203,0.857201,-387.5155,-4.0796,49.1140,-65.1642,528.2199,-358.1329,0.0000,0.0000,0.0000,-0.7976,-2.6774,-47.5883,11.1100,TERMINAL,-1.868631,-0.107462,2.756095,-1.910013,0.703608,-2.554335,-0.291306,1.057317,-0.050407,0.182431,-0.797638,-2.677438,-47.588304,-0.003685,0.000000,0.568400,1996.9592,90.9188,57.3499,162.9365,-34.5497,11.8760,-1.8448,-0.7940,4.1037,-0.5979,4.8465,-3.2860,0.125889,0.063424,-0.021799,-0.040576,-0.062922,-0.010922,0.031735,0.0000,0.0000,0.0000,-0.7385,-11.4471,-5.4326,-0.028253,-0.063141,-0.066318,3.5480,0,1,0.0000,0.0000,0.025076,-0.101206,-0.157712,-0.031430,1.000000,[],5.8879,-0.5981,-0.5981,4.8482,-3.2871,342.7607,1,0.340008,162.9365,11.8760,34.5497,162.9474,11.8767,34.4983,162.9365,11.8760,34.5497,-22.407269,-6.859440,-42.809501,-1283.8419,-393.0170,-2452.8037,-0.797638,-1.357800,-45.641934,0.28755196,0.76996767,1291.2335,0.286577,3.9660,45.059813,-1.297165,-1224.643600,3.278285,-0.034200,0.928793,0.263424,-0.365902,1.669784,0.943826,4393.259390,4259.634880,-0.027165,0.030000,0.029871,4.999994,-4.999985
11.400,-68.1663,-43.9441,144.5167,165.7191,4393128.8925,4259604.3708,1797630.4226,1287.7459,2013.6014,0.002388,0.1368,-0.135309,-7.7526,0.4835,0.4835,14229.9209,165.7191,0.987207,0.015564,-0.106322,0.117797,0.3332,-12.3329,13.5732,-2.244154,0.644218,-1.355942,-128.5806,36.9110,-77.6897,-65.9099,302.8353,-50.8413,0.0000,0.0000,0.0000,2.0802,20.6273,-5.9645,11.1100,TERMINAL,-0.269242,0.840282,1.603737,-0.242974,0.670599,-2.434671,-0.248970,0.903157,-0.310336,1.126650,2.080180,20.627278,-5.964543,-0.003685,0.000000,0.568400,2013.1529,87.4261,58.7632,161.1268,-35.3286,15.9017,-0.6235,0.4512,1.1801,-0.6047,2.7786,-0.4665,0.123821,-0.067020,-0.118202,-0.040576,-0.053895,-0.067117,-0.025494,0.0000,0.0000,0.0000,-0.7552,-10.4971,-5.7027,-0.000193,-0.110799,-0.037429,2.9720,0,1,0.0000,0.0000,0.073563,-0.148035,-0.148421,0.073177,1.000000,[],2.8826,-0.6049,-0.6049,2.7795,-0.4666,342.7720,1,0.349041,161.1268,15.9017,35.3286,161.1379,15.9025,35.2773,161.1268,15.9017,35.3286,58.407489,22.232158,-3.098931,3346.5026,1273.8088,-177.5557,2.080180,20.814617,-4.848663,0.28755451,0.76996790,1287.7459,0.265983,3.8551,85.495125,1.377668,-1215.539526,-1.220456,-0.624207,0.717006,0.377108,-0.291760,1.302557,1.004622,4393.171136,4259.604482,-0.030000,0.023353,0.030000,4.999988,4.999996
11.500,-68.5430,-42.6968,144.0555,165.1458,4393122.0357,4259600.0388,1797644.8406,1284.2227,2029.7175,0.095287,5.4596,-0.037406,-2.1432,0.4818,0.4818,14136.5031,165.1458,0.989887,0.098293,-0.055175,0.086124,10.7536,-7.2480,9.2618,4.560672,0.581349,0.043740,261.3073,33.3088,2.5061,-65.6610,74.2070,-299.5411,0.0000,0.0000,0.0000,-2.0299,-4.2679,2.0705,11.1100,TERMINAL,-1.596774,-0.175007,0.395578,0.084901,0.611824,-2.221309,-0.240396,0.871954,-0.136275,0.493304,-2.029872,-4.267867,2.070477,-0.003685,0.000000,0.568400,2029.2291,83.8978,60.4261,160.5151,-34.8860,17.0594,-0.5429,1.5713,1.3430,-0.6025,0.6809,-2.7484,0.123821,0.018050,-0.039539,-0.026924,-0.052083,-0.029597,0.018852,0.0000,0.0000,0.0000,-0.7719,-9.4971,-6.0264,-0.024389,-0.045680,0.063184,3.2250,0,1,0.0000,0.0000,0.133253,0.041893,-0.006886,0.084474,1.000000,[],2.8958,-0.6027,-0.6027,0.6811,-2.7493,342.7834,1,0.350021,160.5151,17.0594,34.8860,160.5262,17.0602,34.8344,160.5151,17.0594,34.8860,-57.018164,-2.740014,-0.391717,-3266.9002,-156.9913,-22.4437,-2.029872,-3.164126,2.343913,0.28755705,0.76996818,1284.2227,0.245448,5.6294,9.807160,1.377290,-1212.568374,-4.874984,0.049772,-0.254765,0.333785,-0.339984,-1.699391,0.894583,4393.143660,4259.624733,0.026840,0.030000,0.027304,4.999992,-4.993225
11.600,-68.2904,-40.6169,143.9814,164.4505,4393115.2019,4259595.8706,1797659.2457,1280.8210,2045.7881,0.098064,5.6186,-0.045210,-2.5903,0.4797,0.4797,14022.3628,164.4505,0.956135,0.265310,-0.042042,0.116828,30.1750,-8.1859,11.7223,2.612136,-0.515968,1.009373,149.6643,-29.5628,57.8328,-65.1089,101.6609,-311.4780,0.0000,0.0000,0.0000,-2.1827,-2.0784,-2.8771,11.1100,TERMINAL,-1.673922,-0.085920,0.546339,-0.118940,0.760832,-2.761817,-0.257278,0.933460,-0.117829,0.426566,-2.182723,-2.078396,-2.877146,-0.003685,0.000000,0.568400,2045.2561,80.4909,62.1907,159.9825,-33.3446,18.3769,-1.0062,0.2069,2.5404,-0.5974,0.9328,-2.8579,0.131313,0.033390,-0.031453,-0.026924,-0.055770,-0.025613,0.026581,0.0000,0.0000,0.0000,-0.7196,-8.5471,-6.3597,-0.064264,-0.026674,0.083906,2.9590,0,1,0.0000,0.0000,0.174845,0.121497,-0.007032,0.046316,1.000000,[],3.0661,-0.5976,-0.5976,0.9331,-2.8589,342.7943,1,0.349903,159.9825,18.3769,33.3446,159.9931,18.3777,33.2928,159.9825,18.3769,33.3446,-61.327074,1.684566,-1.017173,-3513.7825,96.5185,-58.2797,-2.182723,-0.930671,-2.502549,0.28755958,0.76996846,1280.8210,0.258992,2.9800,60.755935,-0.807053,-1221.470995,-0.202364,-0.684757,-0.487691,-0.089426,-0.013507,0.983115,0.859700,4393.160369,4259.608426,0.030000,0.030000,-0.029717,-4.998038,4.998042
11.700,-69.6847,-38.4975,143.0923,163.7480,4393108.3136,4259591.9182,1797673.6061,1277.5132,2061.7912,0.052632,3.0156,-0.108053,-6.1910,0.4777,0.4777,13907.3176,163.7480,0.964361,0.210862,-0.071602,0.142893,23.2074,-11.4412,14.5000,-4.589379,0.172614,0.168603,-262.9520,9.8901,9.6602,-64.5183,282.1836,-213.8066,0.0000,0.0000,0.0000,-3.6300,21.9487,-25.6735,11.1100,TERMINAL,-1.158529,0.914854,1.529035,-1.070107,0.737587,-2.677548,-0.411635,1.494225,-0.023404,0.084734,-3.629957,21.948730,-25.673482,-0.003685,0.000000,0.568400,2061.2086,77.1779,64.1481,158.9954,-33.1416,20.8690,-0.9286,0.5344,2.2070,-0.5920,2.5891,-1.9617,0.174896,0.140713,-0.013109,-0.026924,-0.088910,-0.005092,0.068894,0.0000,0.0000,0.0000,-0.7757,-6.5645,-6.7275,-0.057509,-0.039093,0.071610,2.5630,4,1,0.0000,0.0000,0.168212,0.090027,-0.024991,0.053194,1.000000,[],3.3030,-0.5922,-0.5922,2.5900,-1.9624,342.8050,1,0.349598,158.9954,20.8690,33.1416,159.0061,20.8698,33.0897,158.9954,20.8690,33.1416,-101.964256,20.326302,-22.086656,-5842.1215,1164.6113,-1265.4722,-3.629957,22.736559,-24.633700,0.28756209,0.76996878,1277.5132,0.288914,3.6279,14.892252,-1.400500,-1189.646819,2.785491,0.047914,0.387456,0.382478,0.332392,1.646038,0.811782,4393.185679,4259.592796,0.029974,0.029277,-0.012051,4.999994,4.993225
11.800,-70.6456,-36.4135,142.3672,163.0495,4393101.2786,4259588.1725,1797687.8698,1274.2149,2077.6996,0.067023,3.8401,-0.098447,-5.6406,0.4756,0.4756,13793.3604,163.0495,0.979654,-0.160643,-0.070109,0.097755,-19.2879,-6.0824,12.4313,-9.557194,1.689432,-0.429852,-547.5869,96.7974,-24.6287,-64.0034,252.4860,-244.3830,0.0000,0.0000,0.0000,-2.7579,16.1270,-22.3901,11.1100,TERMINAL,-1.335150,0.677750,1.379419,-0.940963,0.737082,-2.675714,-0.411301,1.493035,-0.023383,0.084665,-2.757888,16.127007,-22.390146,-0.003685,0.000000,0.568400,2077.0574,73.8745,66.3560,158.0844,-32.6173,23.0341,-0.4195,2.7998,-0.5462,-0.5872,2.3166,-2.2423,0.174896,0.140713,-0.013109,-0.026924,-0.088910,-0.005092,0.068894,0.0000,0.0000,0.0000,-0.8825,-11.3395,-7.2316,-0.057509,-0.039093,0.071610,2.5330,4,1,0.0000,0.0000,0.168212,0.090027,-0.024991,0.053194,1.000000,[],3.2782,-0.5874,-0.5874,2.3174,-2.2430,342.8157,1,0.349673,158.0844,23.0341,32.6173,158.0951,23.0349,32.5653,158.0844,23.0341,32.6173,-77.489175,19.751094,-4.280941,-4439.8027,1131.6543,-245.2799,-2.757888,17.027503,-21.459793,0.28756459,0.76996914,1274.2149,0.270986,4.6003,61.384183,-0.145011,-1165.615183,-1.097012,0.283644,-0.043625,0.253307,-0.416528,1.556876,0.786879,4393.138837,4259.589286,-0.030000,-0.030000,0.030000,4.999997,4.998038
11.900,-68.2978,-34.8835,142.7506,162.0469,4393094.3009,4259584.6227,1797702.1211,1271.0835,2093.5506,0.105857,6.0652,-0.177107,-10.1475,0.4727,0.4727,13628.3952,162.0469,0.739853,-0.672238,-0.017586,0.020101,-84.5157,0.0575,3.0604,-12.725584,2.014652,-0.060283,-729.1222,115.4311,-3.4540,-62.1271,445.8987,-341.6496,0.0000,0.0000,0.0000,-1.9917,6.3302,-41.2128,11.1100,TERMINAL,-1.889145,0.269253,2.465588,-1.752966,0.736358,-2.673088,-0.410822,1.491333,-0.023353,0.084567,-1.991663,6.330231,-41.212838,-0.003685,0.000000,0.568400,2092.8442,70.7378,68.6646,157.6730,-29.8708,22.4982,-0.6787,1.6313,-4.0358,-0.5700,4.0912,-3.1347,0.174896,0.140713,-0.013109,-0.026924,-0.088910,-0.005092,0.068894,0.0000,0.0000,0.0000,-0.8267,-10.7713,-7.6862,-0.057509,-0.039093,0.071610,2.1030,4,1,0.0000,0.0000,0.168212,0.090027,-0.024991,0.053194,1.000000,[],5.1873,-0.5702,-0.5702,4.0926,-3.1358,342.8258,1,0.343530,157.6730,22.4982,29.8708,157.6827,22.4990,29.8185,157.6730,22.4982,29.8708,-55.948999,7.775252,-11.895413,-3205.6415,445.4891,-681.5569,-1.991663,7.589133,-39.569803,0.28756708,0.76996952,1271.0835,0.300000,3.1630,103.054490,-0.202386,-1187.853463,-9.944286,0.874609,-0.786011,0.135314,-0.051889,-1.790486,0.756946,4393.167375,4259.593325,0.029998,0.030000,0.030000,4.993225,4.999942
12.000,-64.3045,-36.5262,142.5655,160.6056,4393087.6805,4259581.0854,1797716.4007,1268.2144,2109.3471,0.034903,1.9998,-0.221550,-12.6939,0.4685,0.4685,13390.7968,160.6056,0.138985,-0.985957,0.042565,-0.082216,-163.4833,-8.6439,-6.2009,-14.501859,3.032339,-0.240141,-830.8953,173.7402,-13.7591,-60.6212,529.6101,-149.1197,0.0000,0.0000,0.0000,-1.5501,21.7143,-48.5443,11.1100,TERMINAL,-0.839185,0.939994,2.980430,-2.101444,0.735319,-2.669319,-0.410136,1.488889,-0.023310,0.084425,-1.550138,21.714291,-48.544336,-0.003685,0.000000,0.568400,2108.5829,67.8635,70.7336,157.0071,-28.2704,18.5391,-1.9057,-3.5868,-3.4315,-0.5562,4.8593,-1.3682,0.174896,0.140713,-0.013109,-0.026924,-0.088910,-0.005092,0.068894,0.0000,0.0000,0.0000,-1.2793,-9.8728,-8.1673,-0.057509,-0.039093,0.071610,2.5070,4,1,0.0000,0.0000,0.168212,0.090027,-0.024991,0.053194,1.000000,[],5.0805,-0.5564,-0.5564,4.8610,-1.3687,342.8351,1,0.341151,157.0071,18.5391,28.2704,157.0164,18.5400,28.2180,157.0071,18.5391,28.2704,-43.563663,23.999966,-0.662583,-2496.0140,1375.0967,-37.9632,-1.550138,22.263763,-46.592844,0.28756956,0.76996986,1268.2144,0.300000,3.4572,108.826326,-0.230544,-1187.378697,-13.581412,1.032541,-0.361184,0.238836,-0.084332,-1.861835,0.701381,4393.123767,4259.586286,-0.029207,0.030000,-0.029698,4.999997,4.999988
12.100,-64.0037,-40.9233,139.7757,159.0862,4393081.3129,4259577.2149,1797730.5449,1265.2586,2125.0151,0.014791,0.8475,-0.276564,-15.8460,0.4640,0.4640,13142.4244,159.0862,-0.581677,-0.778961,0.127182,-0.196711,106.0253,-27.0275,1.9754,-15.549003,3.720478,1.304496,-890.8922,213.1677,74.7421,-58.0326,627.6716,-93.7546,0.0000,0.0000,0.0000,-0.9683,25.1522,-55.8437,11.1100,TERMINAL,-0.537584,1.109397,3.599035,-2.463112,0.734224,-2.665347,-0.409412,1.486314,-0.023265,0.084276,-0.968316,25.152245,-55.843659,-0.003685,0.000000,0.568400,2124.2061,64.9025,72.3872,155.1376,-31.7891,15.1728,-3.8251,-5.4887,1.9584,-0.5325,5.7590,-0.8602,0.174896,0.140713,-0.013109,-0.026924,-0.088910,-0.005092,0.068894,0.0000,0.0000,0.0000,-2.0000,-11.0686,-8.6051,-0.057509,-0.039093,0.071610,2.5230,4,1,0.0000,0.0000,0.168212,0.090027,-0.024991,0.053194,1.000000,[],5.8492,-0.5326,-0.5326,5.7610,-0.8605,342.8447,1,0.332756,155.1376,15.1728,31.7891,155.1482,15.1737,31.7370,155.1376,15.1728,31.7891,-27.063564,4.037537,6.330630,-1550.6280,231.3338,362.7184,-0.968316,25.497710,-53.530832,0.28757203,0.76997013,1265.2586,0.274405,3.0740,109.374046,-0.371949,-1187.384634,-14.757298,1.719599,-0.991533,0.222775,-0.091363,-1.878994,0.676963,4393.143947,4259.588564,-0.030000,0.030000,0.030000,4.999996,4.999996
12.200,-68.2851,-42.3986,134.6516,156.8170,4393074.7187,4259573.0074,1797744.2742,1261.8042,2140.3958,-0.130102,-7.4543,-0.338691,-19.4055,0.4574,0.4574,12774.4585,156.8170,-0.948763,-0.107465,0.192042,-0.226759,7.3704,-24.4023,25.2878,-13.602473,3.057058,1.944249,-779.3643,175.1565,111.3973,-52.5436,717.4571,354.5757,0.0000,0.0000,0.0000,2.4411,12.0821,-61.3909,11.1100,TERMINAL,2.091682,0.548259,4.232359,-2.785784,0.946340,-3.434442,0.184284,-0.668134,0.001455,-0.005272,2.441111,12.082100,-61.390933,-0.003685,0.000000,0.568400,2139.5438,61.4428,73.9568,151.3852,-37.1735,17.0940,-3.9860,-1.9733,5.7008,-0.4821,6.5828,3.2533,-0.094555,-0.107093,-0.013109,-0.026924,0.040404,0.000319,-0.060420,0.0000,0.0000,0.0000,-0.6377,-12.3806,-9.0501,0.127670,0.000435,-0.147687,4.3910,0,1,0.0000,0.0000,-0.275792,-0.274922,-0.019581,-0.020451,1.000000,[],7.3612,-0.4823,-0.4823,6.5851,3.2544,342.8559,1,0.309960,151.3852,17.0940,37.1735,151.3977,17.0949,37.1222,151.3852,17.0940,37.1735,68.737482,-15.561882,-14.252855,3938.3676,-891.6301,-816.6285,2.441111,10.775569,-58.747267,0.28757444,0.76997039,1261.8042,0.255216,3.2814,110.691259,-0.480758,-1187.442084,-15.938524,2.755567,-0.104331,0.304900,-0.103470,-1.884036,0.621935,4393.107601,4259.581492,-0.030000,0.030000,0.030000,4.999997,4.999997
12.300,-72.7156,-38.9047,130.3531,154.2500,4393067.6498,4259568.9127,1797757.5016,1257.9559,2155.3849,-0.143714,-8.2342,-0.267437,-15.3230,0.4499,0.4499,12364.3134,154.2500,-0.895207,0.379600,0.160237,-0.169801,-48.0212,-9.0895,25.5360,-4.392154,2.213113,0.003908,-251.6519,126.8021,0.2239,-53.4781,516.6999,371.8842,0.0000,0.0000,0.0000,4.8304,14.9356,-25.2802,11.1100,TERMINAL,2.266558,0.700227,3.149180,-1.185211,1.053934,-3.824259,0.191076,-0.692997,-0.347477,1.261675,4.830427,14.935612,-25.280160,-0.003685,0.000000,0.568400,2154.4746,57.5895,75.9378,147.4749,-39.1093,22.6865,-1.6046,0.9809,3.3276,-0.4907,4.7408,3.4121,-0.116760,-0.263076,-0.184849,-0.026924,0.042016,-0.076060,-0.147902,0.0000,0.0000,0.0000,-0.6713,-11.2806,-9.6430,0.074974,-0.144328,-0.129764,5.8920,0,1,0.0000,0.0000,-0.060410,-0.349066,-0.199117,0.089539,1.000000,[],5.8636,-0.4908,-0.4908,4.7425,3.4133,342.8683,1,0.325938,147.4749,22.6865,39.1093,147.4881,22.6875,39.0589,147.4749,22.6865,39.1093,135.686399,12.556688,-12.278517,7774.2580,719.4452,-703.5072,4.830427,13.565303,-23.376239,0.28757680,0.76997071,1257.9559,0.230816,4.2931,69.796635,-1.354813,-1187.611220,-12.508738,2.133982,0.470723,0.440891,-0.265414,-1.645711,0.653474,4393.099730,4259.580023,-0.030000,0.030000,0.030000,4.999995,4.999995
12.400,-74.0052,-35.6082,129.1161,153.0218,4393060.2905,4259565.2092,1797770.4563,1254.0916,2170.1131,0.072234,4.1387,-0.155907,-8.9328,0.4463,0.4463,12172.7853,153.0218,-0.954109,0.260831,0.089522,-0.116744,-31.4521,-6.3110,15.7307,9.063686,-0.282279,-1.147172,519.3110,-16.1734,-65.7281,-56.1176,228.7164,-107.3675,0.0000,0.0000,0.0000,1.1568,-43.8307,25.2354,11.1100,TERMINAL,-0.664679,-2.087248,1.415913,1.201726,0.687453,-2.495995,0.367068,-1.332812,-0.761648,2.764695,1.156826,-43.830681,25.235366,-0.003685,0.000000,0.568400,2169.1258,53.7202,78.4017,145.9008,-38.1470,25.9508,-0.8479,-0.2008,1.3160,-0.5149,2.0985,-0.9851,0.010584,-0.263076,-0.184849,0.253946,0.080397,-0.178114,-0.045849,0.0000,0.0000,0.0000,-0.7312,-14.2823,-10.2120,0.050824,-0.099840,-0.005206,4.0680,0,1,0.0000,0.0000,0.043809,-0.155870,-0.054222,0.145458,1.000000,[],2.3756,-0.5151,-0.5151,2.0992,-0.9855,342.8808,1,0.347407,145.9008,25.9508,38.1470,145.9137,25.9518,38.0968,145.9008,25.9508,38.1470,32.504198,-50.303535,26.669823,1862.3534,-2882.1802,1528.0683,1.156826,-43.435056,26.078134,0.28757911,0.76997111,1254.0916,0.300000,3.7803,50.771692,-1.377313,-1225.446292,-5.727177,1.847400,0.555307,0.265640,-0.358997,-1.201928,0.571954,4393.098194,4259.581962,-0.024692,0.030000,0.029939,4.999998,-4.999998
12.500,-74.8703,-34.6489,128.2626,152.5038,4393052.8683,4259561.7035,1797783.3401,1250.2960,2184.7556,-0.014851,-0.8509,-0.170060,-9.7437,0.4448,0.4448,12094.9821,152.5038,-0.950243,-0.204811,0.129551,-0.195723,20.9861,-19.0494,19.7172,6.191953,-2.132895,2.291625,354.7728,-122.2059,131.3005,-55.7735,306.5451,26.0122,0.0000,0.0000,0.0000,-3.3401,5.8972,0.0972,11.1100,TERMINAL,0.162069,0.282637,1.909933,0.004660,0.865947,-3.142908,0.001394,-0.005054,-0.509696,1.850727,-3.340087,5.897237,0.097240,-0.003685,0.000000,0.568400,2183.6827,49.9195,81.0515,145.0690,-38.3440,27.2418,-3.0249,-3.4595,2.5880,-0.5117,2.8126,0.2387,0.108888,-0.014025,-0.113822,0.209917,0.000308,-0.111663,0.047739,0.0000,0.0000,0.0000,-1.7905,-13.3323,-10.8712,-0.061646,-0.044362,0.113120,3.6900,0,1,0.0000,0.0000,0.219128,0.130404,0.007112,0.095837,1.000000,[],2.8697,-0.5119,-0.5119,2.8136,0.2387,342.8931,1,0.347497,145.0690,27.2418,38.3440,145.0821,27.2428,38.2937,145.0690,27.2418,38.3440,-93.959963,19.085407,13.920987,-5383.5093,1093.5132,797.6138,-3.340087,5.801388,1.226789,0.28758140,0.76997155,1250.2960,0.262103,4.2073,82.775800,-1.364314,-1211.401190,4.236285,0.219055,-0.616274,0.143983,-0.257103,1.026779,0.477582,4393.080835,4259.596990,0.030000,0.029398,-0.030000,4.999997,-4.999997
12.600,-78.3707,-34.5066,124.4553,151.0688,4393045.2177,4259558.2530,1797795.9988,1246.3161,2199.2278,-0.094025,-5.3872,-0.295370,-16.9235,0.4406,0.4406,11873.0441,151.0688,-0.909993,-0.261492,0.188960,-0.260440,25.4883,-28.6926,25.3211,-3.016929,-0.214496,-0.015712,-172.8573,-12.2897,-0.9002,-51.0793,563.5955,231.1950,0.0000,0.0000,0.0000,-1.2208,10.3810,-37.7237,11.1100,TERMINAL,1.467390,0.506830,3.577128,-1.841780,0.384571,-1.396402,0.135642,-0.491840,-0.201316,0.730420,-1.220754,10.380984,-37.723682,-0.003685,0.000000,0.568400,2198.0594,45.9346,83.8999,142.1016,-41.7377,29.7806,-3.0391,-4.0121,1.7205,-0.4687,5.1711,2.1213,0.025772,0.034538,-0.003084,0.183384,0.029998,-0.044426,0.060153,0.0000,0.0000,0.0000,-0.7499,-12.1823,-11.7499,0.024476,-0.044068,0.015821,3.5630,0,1,0.0000,0.0000,0.035413,-0.052723,-0.003770,0.084365,1.000000,[],5.6108,-0.4688,-0.4688,5.1729,2.1220,342.9060,1,0.324199,142.1016,29.7806,41.7377,142.1159,29.7817,41.6881,142.1016,29.7806,41.7377,-34.290746,8.878015,-33.697096,-1964.7150,508.6728,-1930.7014,-1.220754,9.529083,-35.646961,0.28758367,0.76997201,1246.3161,0.234877,4.6559,99.265135,-0.161165,-1218.828197,0.901898,-3.347954,1.237242,0.205093,-0.096737,0.746445,0.667033,4393.082534,4259.568468,0.030000,-0.029743,0.030000,4.999998,4.998042
12.700,-81.6491,-35.3345,120.4810,149.7691,4393037.2037,4259554.7670,1797808.2269,1241.9402,2213.3797,-0.111880,-6.4103,-0.106004,-6.0736,0.4367,0.4367,11674.5981,149.7691,-0.962850,-0.059098,0.205712,-0.164649,2.9030,-24.5571,18.7757,-5.099583,1.279720,-1.315867,-292.1846,73.3226,-75.3936,-54.0458,148.1971,290.8976,0.0000,0.0000,0.0000,1.4802,2.8076,17.3579,11.1100,TERMINAL,1.877705,0.139406,0.956592,0.861866,0.883098,-3.204765,0.264164,-0.958986,-0.522572,1.897681,1.480204,2.807606,17.357851,-0.003685,0.000000,0.568400,2212.1040,41.5538,86.9757,139.1202,-45.6737,31.4683,-1.2043,-2.1775,0.4740,-0.4959,1.3597,2.6691,0.017727,-0.163162,-0.095709,0.183384,0.058277,-0.114996,-0.014440,0.0000,0.0000,0.0000,-0.6807,-11.2823,-12.5066,0.063297,-0.098165,-0.069213,3.7100,0,1,0.0000,0.0000,-0.034345,-0.230674,-0.104081,0.092248,1.000000,[],3.0373,-0.4961,-0.4961,1.3602,2.6700,342.9201,1,0.348858,139.1202,31.4683,45.6737,139.1360,31.4695,45.6247,139.1202,31.4683,45.6737,41.531456,8.091515,22.926560,2379.5771,463.6097,1313.5952,1.480204,1.735715,17.903923,0.28758589,0.76997251,1241.9402,0.265379,3.7098,81.587884,-0.295284,-1218.773105,-0.695215,-0.837225,0.300653,-0.264241,-0.351135,1.577098,0.448338,4393.092917,4259.572049,-0.029618,0.030000,-0.029127,4.999992,4.999992
12.800,-83.2033,-36.1937,118.7428,149.4410,4393028.9524,4259551.1794,1797820.1756,1237.2539,2227.3389,-0.007930,-0.4544,-0.067096,-3.8443,0.4358,0.4358,11628.8221,149.4410,-0.974337,0.062531,0.171075,-0.132248,-10.1472,-18.4714,17.1134,1.129835,0.307765,0.640891,64.7348,17.6336,36.7203,-54.3117,94.4673,67.0503,0.0000,0.0000,0.0000,2.5252,-21.7296,10.5507,11.1100,TERMINAL,0.434504,-1.083183,0.612174,0.525935,0.397861,-1.444706,0.316261,-1.148399,-0.351465,1.276233,2.525230,-21.729596,10.550710,-0.003685,0.000000,0.568400,2225.9489,36.8626,90.1438,137.9388,-47.8097,31.9333,-1.0425,-0.9551,1.4215,-0.4983,0.8668,0.6152,-0.080455,-0.163162,-0.095709,0.131003,0.069728,-0.077355,-0.052081,0.0000,0.0000,0.0000,-0.5515,-10.1823,-13.5024,0.026945,-0.034260,0.026200,3.3060,0,1,0.0000,0.0000,0.033515,-0.035006,0.018884,0.087405,1.000000,[],1.1743,-0.4985,-0.4985,0.8671,0.6154,342.9353,1,0.351955,137.9388,31.9333,47.8097,137.9554,31.9346,47.7609,137.9388,31.9333,47.8097,70.938976,-19.669970,9.774580,4064.5039,-1127.0062,560.0422,2.525230,-21.976661,10.898801,0.28758807,0.76997303,1237.2539,0.261686,4.1920,97.906581,-0.363286,-1218.788187,0.074887,1.725951,-1.095836,-0.291912,-0.084212,0.898009,0.468900,4393.064201,4259.564613,-0.030000,0.029370,0.019399,4.999996,4.999996
12.900,-84.6111,-35.6164,117.4966,149.1074,4393020.5663,4259547.5808,1797831.9907,1232.4297,2241.2063,-0.004850,-0.2779,-0.118235,-6.7744,0.4348,0.4348,11582.4039,149.1074,-0.968126,-0.050066,0.165275,-0.181409,2.2517,-19.7660,20.8339,1.632468,-0.572673,0.267413,93.5335,-32.8118,15.3216,-53.8840,225.2836,13.7323,0.0000,0.0000,0.0000,-2.0144,-0.7651,-9.1767,11.1100,TERMINAL,0.089346,-0.038291,1.465750,-0.459278,0.373801,-1.357345,0.034610,-0.125526,-0.215681,0.782748,-2.014413,-0.765080,-9.176746,-0.003685,0.000000,0.568400,2239.6953,32.0335,93.3978,136.9161,-48.7467,33.3278,-1.2538,-1.2331,1.5742,-0.4944,2.0670,0.1260,0.031353,0.020282,-0.048673,0.131003,0.007674,-0.047687,0.033491,0.0000,0.0000,0.0000,-1.5938,-9.2823,-14.3788,-0.013302,-0.021683,0.047241,4.1380,0,1,0.0000,0.0000,0.082225,0.038860,0.012256,0.055621,1.000000,[],2.1298,-0.4946,-0.4946,2.0677,0.1260,342.9509,1,0.350583,136.9161,33.3278,48.7467,136.9332,33.3291,48.6979,136.9161,33.3278,48.7467,-56.588935,-0.334295,-6.838553,-3242.3072,-19.1537,-391.8202,-2.014413,-0.815680,-8.346627,0.28759024,0.76997356,1232.4297,0.277084,4.7108,70.480612,-0.400997,-1218.807362,-0.260136,1.571731,0.268848,-0.178086,0.039815,0.310406,0.376604,4393.072092,4259.565540,0.027693,0.029464,0.030000,4.999997,4.999997
13.000,-86.2688,-35.0727,115.9742,148.7361,4393012.0203,4259544.0524,1797843.6635,1227.5018,2254.9662,-0.037907,-2.1719,-0.073895,-4.2339,0.4337,0.4337,11530.3268,148.7361,-0.969207,0.022383,0.191614,-0.153037,-6.2909,-21.3816,19.1345,-4.235556,0.292626,-0.742090,-242.6795,16.7663,-42.5186,-53.7997,139.3630,70.5106,0.0000,0.0000,0.0000,-0.7669,13.2634,-6.1031,11.1100,TERMINAL,0.460831,0.666803,0.910825,-0.306830,0.353031,-1.281933,-0.077700,0.281822,-0.119539,0.433577,-0.766856,13.263360,-6.103139,-0.003685,0.000000,0.568400,2253.3239,27.1008,96.8136,135.6861,-49.9564,34.8721,-0.5836,-0.8023,0.2948,-0.4936,1.2787,0.6470,0.031353,0.058061,-0.056154,0.076624,-0.017236,-0.026517,0.027471,0.0000,0.0000,0.0000,-0.7149,-8.3323,-15.3288,-0.014195,-0.025514,-0.038050,4.3090,0,1,0.0000,0.0000,0.001660,-0.049368,-0.077759,-0.026731,1.000000,[],1.5162,-0.4938,-0.4938,1.2791,0.6472,342.9668,1,0.351615,135.6861,34.8721,49.9564,135.7037,34.8735,49.9077,135.6861,34.8721,49.9564,-21.547005,15.089132,-3.986005,-1234.5524,864.5436,-228.3813,-0.766856,13.003545,-5.589618,0.28759239,0.76997412,1227.5018,0.273963,3.5611,72.648654,-0.286516,-1218.671817,-1.505146,-0.651021,0.262025,0.085950,-0.134638,-1.588702,0.367673,4393.040911,4259.555856,0.030000,-0.014492,-0.029809,4.999998,4.999998
13.100,-86.8956,-35.2775,115.2022,148.5493,4393003.3483,4259540.5383,1797855.2121,1222.4616,2268.6379,0.039839,2.2826,-0.008525,-0.4884,0.4331,0.4331,11507.0432,148.5493,-0.950482,0.242939,0.179311,-0.073567,-30.8403,-17.7654,13.7884,-3.906982,1.138463,-0.284087,-223.8536,65.2291,-16.2770,-53.7501,15.6672,-99.5689,0.0000,0.0000,0.0000,1.4063,-1.2438,-0.7079,11.1100,TERMINAL,-0.652062,-0.062659,0.102602,-0.035661,0.656150,-2.382782,-0.118236,0.428860,-0.010244,0.037156,1.406253,-1.243840,-0.707892,-0.003685,0.000000,0.568400,2266.8562,22.0557,100.3273,135.1136,-50.7434,35.1614,0.1351,0.6139,-0.9804,-0.4932,0.1438,-0.9136,-0.021008,0.041458,-0.078023,-0.006466,-0.026235,-0.002273,-0.016010,0.0000,0.0000,0.0000,-0.9207,-7.1823,-16.4788,-0.033087,0.018799,-0.095773,4.5910,0,1,0.0000,0.0000,-0.081484,-0.043887,-0.110061,-0.147659,1.000000,[],1.0484,-0.4933,-0.4933,0.1438,-0.9139,342.9832,1,0.352002,135.1136,35.1614,50.7434,135.1316,35.1628,50.6946,135.1136,35.1614,50.7434,39.492413,0.259451,3.702002,2262.7486,14.8655,212.1091,1.406253,-0.876952,-0.650162,0.28759452,0.76997470,1222.4616,0.271747,3.1782,75.594650,-0.374622,-1218.792890,-0.283697,0.071026,-0.896545,-0.058278,-0.112047,-1.528645,0.290154,4393.055445,4259.556604,-0.030000,0.029962,0.030000,4.999997,4.999997
13.200,-85.8384,-35.5920,115.5000,148.2406,4392994.6995,4259536.9967,1797866.7415,1217.4136,2282.2941,0.113490,6.5025,0.017755,1.0173,0.4322,0.4322,11464.8927,148.2406,-0.942020,0.298112,0.150090,-0.034639,-36.3545,-15.1961,9.2276,2.308400,0.342679,-0.638942,132.2616,19.6340,-36.6087,-53.3594,-20.1682,-267.0415,0.0000,0.0000,0.0000,2.5035,-12.6783,-4.8749,11.1100,TERMINAL,-1.755246,-0.641026,-0.132564,-0.246479,0.663095,-2.407918,-0.153256,0.555905,0.130788,-0.474406,2.503535,-12.678267,-4.874878,-0.003685,0.000000,0.568400,2280.3708,17.0028,103.8051,135.2462,-50.1412,34.1996,0.2668,0.8244,-2.0064,-0.4896,-0.1850,-2.4502,-0.083921,0.041458,-0.093896,-0.084644,-0.034019,0.029032,-0.055251,0.0000,0.0000,0.0000,-0.7472,-6.2823,-17.3788,-0.065887,0.051845,0.032016,4.3540,0,1,0.0000,0.0000,0.046058,0.149748,0.017974,-0.085716,1.000000,[],2.5063,-0.4898,-0.4898,-0.1851,-2.4510,342.9995,1,0.350727,135.2462,34.1996,50.1412,135.2640,34.2011,50.0920,135.2462,34.1996,50.1412,70.317871,-12.263976,-5.357162,4028.9172,-702.6741,-306.9428,2.503535,-11.694280,-4.949194,0.28759665,0.76997526,1217.4136,0.278905,3.6693,51.587086,-0.354038,-1218.361112,-2.216600,1.307052,-0.740899,-0.285279,0.361357,-1.638010,0.230765,4393.027409,4259.547560,0.022521,0.029994,0.030000,4.999998,4.999998
13.300,-83.9647,-36.5169,115.9801,147.7665,4392986.2065,4259533.3970,1797878.3166,1212.4470,2295.9704,0.078102,4.4749,0.120834,6.9233,0.4308,0.4308,11397.1901,147.7665,-0.983674,0.095968,0.149322,-0.029641,-11.9117,-16.7430,5.2111,4.312410,0.130552,-0.692510,247.0829,7.4801,-39.6779,-52.8929,-216.1109,-220.1745,0.0000,0.0000,0.0000,-1.6664,8.8527,4.2202,11.1100,TERMINAL,-1.455788,0.450259,-1.428920,0.214643,0.877997,-3.186336,-0.352872,1.281372,0.295579,-1.073232,-1.666414,8.852666,4.220161,-0.003685,0.000000,0.568400,2293.9090,12.0312,107.1328,135.5079,-49.3325,32.2313,0.1802,0.8598,-2.5558,-0.4853,-1.9829,-2.0202,-0.005740,0.201635,-0.030719,-0.084644,-0.077815,0.065325,0.020133,0.0000,0.0000,0.0000,-0.7536,-5.1823,-18.4788,-0.076701,0.071937,0.080209,4.3080,0,1,0.0000,0.0000,0.084973,0.228847,0.075444,-0.068430,1.000000,[],2.8730,-0.4855,-0.4855,-1.9835,-2.0208,343.0156,1,0.349727,135.5079,32.2313,49.3325,135.5256,32.2328,49.2829,135.5079,32.2313,49.3325,-46.811916,6.072155,2.631479,-2682.1252,347.9088,150.7727,-1.666414,9.663959,3.423841,0.28759879,0.76997581,1212.4470,0.300000,2.6746,50.777159,-1.397658,-1222.291851,-0.205753,0.951500,-0.359144,0.188011,0.094067,0.201720,0.177591,4393.073694,4259.557052,0.030000,-0.030000,-0.029901,4.993225,-4.993225
13.400,-81.6746,-37.7887,116.3886,147.1225,4392977.9193,4259529.6790,1797889.9333,1207.5550,2309.6603,0.097349,5.5777,0.162749,9.3248,0.4289,0.4289,11303.4486,147.1225,-0.992373,-0.001849,0.121413,-0.021260,-0.0881,-13.9487,2.4653,-0.985597,0.855731,-0.199495,-56.4705,49.0298,-11.4302,-51.8959,-285.4922,-252.4284,0.0000,0.0000,0.0000,-2.1257,2.0094,5.9293,11.1100,TERMINAL,-1.682892,0.103049,-1.903322,0.304071,0.717730,-2.605596,-0.320890,1.165225,0.378086,-1.372960,-2.125724,2.009418,5.929257,-0.003685,0.000000,0.568400,2307.4686,7.1343,110.2322,135.6846,-48.4890,29.7241,0.2349,2.0583,-2.5603,-0.4762,-2.6195,-2.3161,-0.005740,0.246250,0.019102,-0.062305,-0.070928,0.083350,0.049327,0.0000,0.0000,0.0000,-0.7799,-4.2823,-19.3788,-0.066904,0.096711,0.002309,3.8580,0,1,0.0000,0.0000,-0.027499,0.165924,0.032116,-0.161306,1.000000,[],3.5300,-0.4763,-0.4763,-2.6204,-2.3169,343.0314,1,0.345980,135.6846,29.7241,48.4890,135.7021,29.7256,48.4391,135.6846,29.7241,48.4890,-59.716151,2.914540,5.341134,-3421.4834,166.9909,306.0245,-2.125724,2.939559,4.877284,0.28760093,0.76997631,1207.5550,0.269533,3.7623,78.495631,-0.131753,-1235.713793,0.164410,-0.549490,-0.516632,0.379708,0.189468,-0.093544,0.145843,4393.020617,4259.547755,0.030000,-0.029293,-0.030000,4.999997,-4.998042
13.500,-78.5828,-38.2894,117.1816,146.1946,4392969.9002,4259525.8679,1797901.6090,1202.8022,2323.3608,0.196135,11.2377,0.108970,6.2435,0.4262,0.4262,11166.4800,146.1946,-0.984620,0.151171,0.087577,0.000600,-17.5852,-9.9415,1.4716,-4.031504,0.338528,-0.307012,-230.9882,19.3962,-17.5905,-50.6873,-151.8346,-457.2773,0.0000,0.0000,0.0000,0.5408,-9.7951,-14.6451,11.1100,TERMINAL,-3.085975,-0.508483,-1.024669,-0.760258,0.925504,-3.358907,-0.403724,1.466110,0.525106,-1.907093,0.540808,-9.795055,-14.645075,-0.003685,0.000000,0.568400,2321.0486,2.3764,113.0782,135.9151,-46.4698,27.2124,0.1700,2.5293,-2.9196,-0.4651,-1.3931,-4.1956,-0.071659,0.244594,-0.017537,-0.165583,-0.089014,0.116075,-0.002546,0.0000,0.0000,0.0000,-0.7362,-3.3323,-20.3288,-0.092285,0.109209,-0.065681,4.5370,0,1,0.0000,0.0000,-0.082604,0.135813,-0.048757,-0.267174,1.000000,[],4.4468,-0.4652,-0.4652,-1.3936,-4.1971,343.0468,1,0.342067,135.9151,27.2124,46.4698,135.9319,27.2140,46.4195,135.9151,27.2124,46.4698,15.188310,-6.321268,-12.784747,870.2261,-362.1820,-732.5121,0.540808,-8.110093,-15.204551,0.28760307,0.76997678,1202.8022,0.280679,3.1970,44.486530,-1.383094,-1245.244348,1.091278,-0.094753,-0.235615,0.296902,0.353849,1.622082,0.079360,4393.030261,4259.575418,0.029208,0.030000,0.029769,4.999993,-4.993246
13.560,-76.3819,-38.5490,117.6993,145.5106,4392965.2500,4259523.5649,1797908.6560,1200.0625,2331.5862,0.213703,12.2443,0.101780,5.8316,0.4242,0.4242,11065.1970,145.5106,-0.963314,0.252188,0.086185,0.031603,-29.2475,-10.4855,-1.0150,-2.694653,0.030018,-1.110529,-154.3922,1.7199,-63.6286,-49.9749,-150.6644,-497.7807,0.0000,0.0000,0.0000,1.5928,-5.3737,-9.0708,11.1100,TERMINAL,-3.390065,-0.281512,-1.026079,-0.475193,0.952258,-3.456080,-0.500702,1.818444,0.438754,-1.593381,1.592816,-5.373658,-9.070761,-0.003685,0.000000,0.568400,2329.2069,-0.3663,114.6618,136.0151,-44.9810,25.4940,0.1700,2.5293,-2.9196,-0.4585,-1.3824,-4.5673,0.014212,0.135915,-0.013429,-0.278549,-0.110526,0.096706,-0.035463,0.0000,0.0000,0.0000,-0.7268,-2.6823,-20.9788,-0.114030,0.073457,-0.103750,4.5150,0,1,0.0000,0.0000,-0.063177,0.083737,-0.144323,-0.291238,1.000000,[],4.7955,-0.4587,-0.4587,-1.3829,-4.5688,343.0557,1,0.340347,136.0151,25.4940,44.9810,136.0315,25.4955,44.9306,136.0151,25.4940,44.9810,44.741077,-0.389636,-8.851966,2563.4749,-22.3245,-507.1803,1.592816,-3.539450,-9.625926,0.28760435,0.76997704,1200.0625,0.259314,4.4788,36.568312,0.176432,-1219.616660,-0.901832,0.220023,0.180809,0.410486,0.341657,-1.611353,0.076706,4392.989301,4259.506108,-0.030000,-0.029126,-0.029775,4.999994,4.999998
