time,pos_x,pos_y,pos_z,vel_x,vel_y,vel_z,q0,q1,q2,q3,omega_x,omega_y,omega_z,mass,altitude,ground_range,alpha,beta,mach,fin_cmd_1,fin_cmd_2,fin_cmd_3,fin_cmd_4,fin_act_1,fin_act_2,fin_act_3,fin_act_4,force_x,force_y,force_z,accel_x,accel_y,accel_z,lat,lon,alt_msl
0.010000,4393519.067314,4259900.829642,1795674.982829,-0.080651,-0.078198,0.700842,0.99144474,0.00049536,0.13052618,-0.00006521,0.10000000,0.00000000,0.00000000,12.7359,0.0000,0.0000,0.00000000,0.00000000,0.000000,0.00000000,0.00000000,0.00000000,0.00000000,-0.00096963,-0.00096963,0.00000000,-0.00290888,0.0000,0.0000,0.0000,2.538148,-0.009466,-9.472492,16.45747200,44.11536100,1200.0000
0.020000,4393519.066116,4259900.828480,1795674.992677,-0.158440,-0.153621,1.244969,0.99144437,0.00099072,0.13052613,-0.00013041,0.10000000,0.00000000,0.00000000,12.7326,0.0003,0.0030,0.00000000,0.00000000,0.002069,0.00000000,0.00000000,0.00000000,0.00000000,-0.00096963,-0.00096963,0.00000000,-0.00290888,844.8699,0.0000,0.0000,68.892940,-0.018931,-9.472478,16.45747203,44.11536100,1200.0003
0.030000,4393519.064147,4259900.826571,1795675.007627,-0.235489,-0.228326,1.748595,0.99144375,0.00148609,0.13052605,-0.00019562,0.10000000,0.00000000,0.00000000,12.7296,0.0015,0.0129,0.00000000,0.00000000,0.003686,0.00000000,0.00000000,0.00000000,0.00000000,-0.00096963,-0.00096963,0.00000000,-0.00290888,663.7273,0.0000,0.0000,54.678681,-0.028397,-9.472454,16.45747212,44.11536100,1200.0015
0.040000,4393519.061406,4259900.823913,1795675.027683,-0.312850,-0.303334,2.269289,0.99144288,0.00198145,0.13052593,-0.00026083,0.10000000,0.00000000,0.00000000,12.7265,0.0031,0.0280,0.00000000,0.00000000,0.005186,0.00000000,0.00000000,0.00000000,0.00000000,-0.00096963,-0.00096963,0.00000000,-0.00290888,689.6029,0.0000,0.0000,56.724684,-0.037862,-9.472421,16.45747225,44.11536100,1200.0031
0.050000,4393519.057886,4259900.820501,1795675.053217,-0.391297,-0.379394,2.849423,0.99144177,0.00247681,0.13052579,-0.00032603,0.10000000,0.00000000,0.00000000,12.7230,0.0051,0.0483,0.00000000,0.00000000,0.006736,0.00000000,0.00000000,0.00000000,0.00000000,-0.00096963,-0.00096963,0.00000000,-0.00290888,741.3627,0.0000,0.0000,60.807608,-0.047328,-9.472378,16.45747244,44.11536100,1200.0051
0.060000,4393519.053575,4259900.816320,1795675.084943,-0.471171,-0.456838,3.507687,0.99144041,0.00297217,0.13052561,-0.00039124,0.10000000,0.00000000,0.00000000,12.7191,0.0077,0.0742,0.00000000,0.00000000,0.008457,0.00000000,0.00000000,0.00000000,0.00000000,-0.00096963,-0.00096963,0.00000000,-0.00290888,831.9359,0.0000,0.0000,67.946473,-0.056793,-9.472326,16.45747267,44.11536100,1200.0077
0.070000,4393519.048458,4259900.811360,1795675.123609,-0.552257,-0.535456,4.232284,0.99143880,0.00346753,0.13052539,-0.00045644,0.10000000,0.00000000,0.00000000,12.7148,0.0109,0.1063,0.00000000,0.00000000,0.010402,0.00000000,0.00000000,0.00000000,0.00000000,-0.00096963,-0.00096963,0.00000000,-0.00290888,922.5053,0.0000,0.0000,75.091537,-0.066259,-9.472265,16.45747296,44.11536100,1200.0109
0.080000,4393519.042527,4259900.805609,1795675.169725,-0.634091,-0.614799,4.997841,0.99143694,0.00396289,0.13052515,-0.00052165,0.09999959,-0.00000106,0.00000000,12.7104,0.0150,0.1454,0.00000000,0.00000000,0.012539,0.00000000,0.00000000,0.00000000,0.00000000,-0.00096963,-0.00096963,0.00000000,-0.00290888,974.2695,0.0000,0.0000,79.189786,-0.075724,-9.472194,16.45747331,44.11536100,1200.0150
0.090000,4393519.035775,4259900.799062,1795675.223634,-0.716327,-0.694532,5.785730,0.99143484,0.00445824,0.13052485,-0.00058685,0.09999654,-0.00000957,0.00000001,12.7057,0.0201,0.1920,0.14946885,0.00119140,0.014794,0.00000000,0.00000000,0.00000000,0.00000000,-0.00096963,-0.00096963,0.00000000,-0.00290888,1026.0188,-0.0001,-0.0080,83.290550,-0.085193,-9.472743,16.45747373,44.11536100,1200.0201
0.100000,4393519.028201,4259900.791718,1795675.285441,-0.798565,-0.774267,6.573913,0.99143250,0.00495357,0.13052446,-0.00065206,0.09999203,-0.00002386,0.00000005,12.7011,0.0264,0.2463,0.14532655,0.00130346,0.017114,0.00000000,0.00000000,0.00000000,0.00000000,-0.00096963,-0.00096963,0.00000000,-0.00290888,1038.9561,-0.0001,-0.0139,84.338500,-0.094662,-9.473122,16.45747423,44.11536100,1200.0264
0.110000,4393519.019805,4259900.783578,1795675.355046,-0.880524,-0.853730,7.347109,0.99142992,0.00544887,0.13052395,-0.00071725,0.09998573,-0.00004632,0.00000014,12.6966,0.0338,0.3086,0.14216562,0.00141700,0.019435,0.00000000,0.00000000,0.00000000,0.00000000,-0.00096963,-0.00096963,0.00000000,-0.00290888,1026.0144,-0.0002,-0.0227,83.348392,-0.104133,-9.473713,16.45747479,44.11536100,1200.0338
0.120000,4393519.010590,4259900.774644,1795675.432384,-0.962417,-0.933130,8.117191,0.99142712,0.00594413,0.13052326,-0.00078245,0.09997779,-0.00008010,0.00000041,12.6921,0.0423,0.3786,0.13995772,0.00153466,0.021713,0.00000000,0.00000000,0.00000000,0.00000000,-0.00096963,-0.00193925,0.00000000,-0.00290888,1026.0040,-0.0003,-0.0348,83.376297,-0.113608,-9.474560,16.45747542,44.11536100,1200.0423
0.130000,4393519.000557,4259900.764916,1795675.517356,-1.044120,-1.012345,8.877358,0.99142409,0.00643935,0.13052235,-0.00084764,0.09996692,-0.00012859,0.00000072,12.6876,0.0519,0.4564,0.13821922,0.00165351,0.023982,0.00000000,0.00000000,0.00000000,0.00000000,-0.00096963,-0.00096963,0.00000000,-0.00290888,1000.1280,-0.0005,-0.0512,81.365206,-0.123085,-9.475737,16.45747612,44.11536100,1200.0519
0.140000,4393518.989708,4259900.754397,1795675.609932,-1.125815,-1.091552,9.637797,0.99142086,0.00693450,0.13052111,-0.00091281,0.09995327,-0.00019624,0.00000123,12.6832,0.0626,0.5419,0.13692914,0.00177469,0.026222,0.00000000,0.00000000,0.00000000,0.00000000,-0.00096963,-0.00096963,0.00000000,-0.00290888,1000.1219,-0.0008,-0.0725,81.392398,-0.132568,-9.477293,16.45747690,44.11536100,1200.0626
0.150000,4393518.978041,4259900.743085,1795675.710147,-1.207685,-1.170928,10.408709,0.99141743,0.00742958,0.13051945,-0.00097798,0.09993644,-0.00028832,0.00000204,12.6787,0.0743,0.6349,0.13583543,0.00189602,0.028463,0.00000000,0.00000000,0.00000000,0.00000000,-0.00096963,-0.00096963,0.00000000,-0.00290888,1000.1141,-0.0012,-0.0998,81.419830,-0.142059,-9.479320,16.45747774,44.11536100,1200.0743
0.160000,4393518.965554,4259900.730978,1795675.818141,-1.289789,-1.250531,11.193503,0.99141382,0.00792456,0.13051722,-0.00104314,0.09991602,-0.00041211,0.00000326,12.6741,0.0871,0.7356,0.13476422,0.00201551,0.030735,0.00000000,0.00000000,0.00000000,0.00000000,-0.00096963,-0.00193925,0.00096963,-0.00290888,1025.9824,-0.0018,-0.1345,83.489399,-0.151560,-9.481919,16.45747865,44.11536100,1200.0871
0.170000,4393518.952244,4259900.718074,1795675.934052,-1.372028,-1.330264,11.987084,0.99141006,0.00841943,0.13051426,-0.00110828,0.09989158,-0.00057490,0.00000505,12.6694,0.1010,0.8441,0.13367273,0.00213255,0.033046,0.00000000,0.00000000,0.00000000,0.00000000,-0.00096963,-0.00193925,0.00096963,-0.00290888,1051.8384,-0.0025,-0.1782,85.559796,-0.161074,-9.485236,16.45747963,44.11536100,1200.1010
0.180000,4393518.938113,4259900.704373,1795676.057884,-1.454210,-1.409942,12.779252,0.99140618,0.00891418,0.13051034,-0.00117340,0.09986481,-0.00078545,0.00000679,12.6648,0.1161,0.9605,0.13262302,0.00224811,0.035383,0.00000000,0.00000000,0.00000000,0.00000000,-0.00193925,-0.00193925,0.00096963,-0.00290888,1038.8841,-0.0033,-0.2323,84.567202,-0.170594,-9.489361,16.45748068,44.11536100,1200.1161
0.190000,4393518.923160,4259900.689875,1795676.189638,-1.536362,-1.489591,13.571713,0.99140221,0.00940878,0.13050520,-0.00123850,0.09983921,-0.00105314,0.00001034,12.6602,0.1323,1.0848,0.13171165,0.00236406,0.037716,0.00000000,0.00000000,0.00000000,0.00000000,-0.00193925,-0.00193925,0.00000000,-0.00290888,1038.8773,-0.0047,-0.2980,84.596555,-0.180155,-9.494405,16.45748180,44.11536100,1200.1323
0.200000,4393518.907385,4259900.674580,1795676.329353,-1.618633,-1.569354,14.372975,0.99139818,0.00990326,0.13049855,-0.00130357,0.09981064,-0.00138935,0.00001519,12.6555,0.1496,1.2170,0.13089651,0.00248001,0.040050,0.00000000,0.00000000,0.00000000,0.00000000,-0.00193925,-0.00193925,0.00000000,-0.00290888,1038.8560,-0.0064,-0.3765,84.625065,-0.189731,-9.500467,16.45748300,44.11536100,1200.1496
0.210000,4393518.890787,4259900.658487,1795676.477133,-1.701077,-1.649285,15.186444,0.99139416,0.01039758,0.13048999,-0.00136862,0.09977921,-0.00180731,0.00002169,12.6508,0.1682,1.3572,0.13008417,0.00259439,0.042409,0.00000000,0.00000000,0.00000000,0.00000000,-0.00193925,-0.00193925,0.00000000,-0.00290888,1051.7810,-0.0084,-0.4705,85.677353,-0.199337,-9.507750,16.45748426,44.11536100,1200.1682
0.220000,4393518.873363,4259900.641594,1795676.633117,-1.783624,-1.729315,16.008733,0.99139019,0.01089172,0.13047911,-0.00143363,0.09973729,-0.00232086,0.00003179,12.6460,0.1878,1.5054,0.12924508,0.00270660,0.044804,0.00000000,0.00000000,0.00000000,0.00000000,-0.00096963,-0.00193925,0.00000000,-0.00290888,1077.6149,-0.0113,-0.5826,87.751502,-0.209007,-9.516482,16.45748560,44.11536100,1200.1878
0.230000,4393518.855115,4259900.623901,1795676.797308,-1.866142,-1.809317,16.833028,0.99138636,0.01138565,0.13046537,-0.00149858,0.09969123,-0.00294712,0.00004484,12.6412,0.2088,1.6619,0.12840975,0.00281721,0.047224,0.00000000,0.00000000,0.00000000,0.00000000,-0.00096963,-0.00193925,0.00000000,-0.00290888,1064.6521,-0.0145,-0.7144,86.758157,-0.218702,-9.526781,16.45748702,44.11536100,1200.2088
0.240000,4393518.836040,4259900.605407,1795676.969813,-1.948776,-1.889432,17.667839,0.99138273,0.01187934,0.13044817,-0.00156346,0.09964115,-0.00370493,0.00006150,12.6363,0.2309,1.8265,0.12762744,0.00292736,0.049650,0.00000000,0.00000000,0.00000000,0.00000000,-0.00096963,-0.00193925,0.00000000,-0.00290888,1090.4729,-0.0185,-0.8676,88.833585,-0.228449,-9.538790,16.45748851,44.11536100,1200.2309
0.250000,4393518.816139,4259900.586113,1795677.150666,-2.031362,-1.969499,18.504648,0.99137940,0.01237277,0.13042682,-0.00162827,0.09958474,-0.00461388,0.00008203,12.6315,0.2543,1.9994,0.12682793,0.00303554,0.052106,0.00000000,0.00000000,0.00000000,0.00000000,-0.00096963,-0.00193925,0.00000000,-0.00290888,1090.4221,-0.0233,-1.0459,88.862400,-0.238259,-9.552806,16.45749007,44.11536100,1200.2543
0.260000,4393518.795413,4259900.566017,1795677.339941,-2.114013,-2.049629,19.350282,0.99137647,0.01286588,0.13040052,-0.00169299,0.09951069,-0.00569434,0.00010504,12.6265,0.2790,2.1807,0.12606901,0.00314313,0.054568,0.00000000,0.00000000,0.00000000,0.00000000,-0.00096963,-0.00096963,0.00000000,-0.00290888,1103.3026,-0.0283,-1.2513,89.915614,-0.248081,-9.568996,16.45749171,44.11536100,1200.2790
0.270000,4393518.773860,4259900.545121,1795677.537673,-2.196563,-2.129660,20.196205,0.99137407,0.01335861,0.13036835,-0.00175760,0.09943055,-0.00697279,0.00013371,12.6216,0.3049,2.3704,0.12529853,0.00324895,0.057055,0.00000000,0.00000000,0.00000000,0.00000000,-0.00096963,-0.00096963,0.00000000,-0.00290888,1103.2513,-0.0351,-1.4865,89.944964,-0.258034,-9.587580,16.45749342,44.11536100,1200.3049
0.280000,4393518.751482,4259900.523424,1795677.743866,-2.279001,-2.209582,21.042418,0.99137234,0.01385093,0.13032926,-0.00182210,0.09934457,-0.00847488,0.00016909,12.6167,0.3321,2.5685,0.12456703,0.00335431,0.059543,0.00000000,0.00000000,0.00000000,0.00000000,-0.00096963,-0.00096963,0.00000000,-0.00290888,1103.1755,-0.0431,-1.7531,89.972257,-0.268076,-9.608694,16.45749521,44.11536100,1200.3321
0.290000,4393518.728280,4259900.500929,1795677.958522,-2.361347,-2.289414,21.890613,0.99137143,0.01434282,0.13028208,-0.00188646,0.09925309,-0.01022829,0.00021240,12.6118,0.3606,2.7750,0.12386562,0.00345908,0.062032,0.00000000,0.00000000,0.00000000,0.00000000,-0.00096963,-0.00096963,0.00000000,-0.00290888,1103.0898,-0.0525,-2.0537,89.998705,-0.278222,-9.632550,16.45749708,44.11536100,1200.3606
0.300000,4393518.704254,4259900.477635,1795678.181747,-2.443876,-2.369424,22.756158,0.99137151,0.01483425,0.13022549,-0.00195065,0.09915650,-0.01226544,0.00026501,12.6068,0.3905,2.9900,0.12317677,0.00356287,0.064527,0.00000000,0.00000000,0.00000000,0.00000000,-0.00096963,-0.00096963,0.00000000,-0.00290888,1115.9324,-0.0634,-2.3914,91.051154,-0.288484,-9.659409,16.45749902,44.11536100,1200.3905
0.310000,4393518.679403,4259900.453541,1795678.413646,-2.526289,-2.449321,23.623670,0.99137277,0.01532521,0.13015799,-0.00201465,0.09905534,-0.01462160,0.00032852,12.6017,0.4216,3.2135,0.12241233,0.00366311,0.067072,0.00000000,0.00000000,0.00000000,0.00000000,-0.00096963,-0.00096963,0.00000000,-0.00290888,1128.7240,-0.0762,-2.7745,92.100256,-0.298889,-9.689942,16.45750104,44.11536100,1200.4216
0.320000,4393518.653729,4259900.428649,1795678.654221,-2.608543,-2.529064,24.491442,0.99137545,0.01581567,0.13007791,-0.00207844,0.09895036,-0.01733171,0.00040463,12.5967,0.4541,3.4457,0.12165448,0.00376213,0.069622,0.00000000,0.00000000,0.00000000,0.00000000,-0.00096963,-0.00096963,0.00000000,-0.00290888,1128.6188,-0.0910,-3.2017,92.126138,-0.309444,-9.724050,16.45750314,44.11536100,1200.4541
0.330000,4393518.627233,4259900.402961,1795678.903442,-2.690468,-2.608488,25.350916,0.99137977,0.01630562,0.12998340,-0.00214197,0.09884250,-0.02043142,0.00049520,12.5917,0.4880,3.6865,0.12090474,0.00386001,0.072174,0.00000000,0.00000000,0.00000000,0.00000000,-0.00096963,-0.00096963,0.00000000,-0.00290888,1128.4615,-0.1080,-3.6751,92.147282,-0.320166,-9.761923,16.45750531,44.11536100,1200.4880
0.340000,4393518.599920,4259900.376480,1795679.161241,-2.772218,-2.687742,26.210637,0.99138600,0.01679506,0.12987245,-0.00220521,0.09873283,-0.02395671,0.00060225,12.5868,0.5232,3.9359,0.12019556,0.00395788,0.074701,0.00000000,0.00000000,0.00000000,0.00000000,-0.00096963,-0.00096963,0.00000000,-0.00290888,1115.4122,-0.1272,-4.1934,91.143894,-0.331061,-9.803466,16.45750757,44.11536100,1200.5232
0.350000,4393518.571789,4259900.349206,1795679.427689,-2.853946,-2.766976,27.079128,0.99139443,0.01728398,0.12974285,-0.00226812,0.09862254,-0.02795062,0.00072809,12.5817,0.5597,4.1938,0.11947657,0.00405419,0.077228,0.00000000,0.00000000,0.00000000,0.00000000,-0.00096963,-0.00096963,0.00000000,-0.00290888,1128.1649,-0.1491,-4.7627,92.190430,-0.342156,-9.849177,16.45750990,44.11536100,1200.5597
0.360000,4393518.542842,4259900.321141,1795679.702824,-2.935449,-2.845992,27.946107,0.99140536,0.01777239,0.12959214,-0.00233065,0.09851300,-0.03245698,0.00087521,12.5767,0.5976,4.4604,0.11870364,0.00414742,0.079781,0.00000000,0.00000000,0.00000000,0.00000000,-0.00096963,-0.00096963,0.00000000,-0.00290888,1127.9593,-0.1739,-5.3904,92.206991,-0.353482,-9.899668,16.45751231,44.11536100,1200.5976
0.370000,4393518.513081,4259900.292288,1795679.986578,-3.016555,-2.924625,28.803019,0.99141913,0.01826030,0.12941770,-0.00239274,0.09840578,-0.03751611,0.00104619,12.5718,0.6369,4.7357,0.11791656,0.00423887,0.082330,0.00000000,0.00000000,0.00000000,0.00000000,-0.00096963,-0.00096963,0.00000000,-0.00290888,1114.8411,-0.2018,-6.0737,91.195594,-0.365046,-9.954730,16.45751479,44.11536100,1200.6369
0.380000,4393518.482512,4259900.262650,1795680.278851,-3.097297,-3.002905,29.651577,0.99143610,0.01874775,0.12921668,-0.00245435,0.09830255,-0.04316681,0.00124373,12.5668,0.6776,5.0195,0.11714165,0.00432953,0.084849,0.04897287,0.05199242,-0.03875861,-0.04177815,-0.00096963,-0.00096963,0.00000000,-0.00290888,1101.7313,-0.2327,-6.8086,90.183238,-0.376852,-10.014064,16.45751736,44.11536100,1200.6776
0.390000,4393518.451136,4259900.232230,1795680.579610,-3.177877,-3.081031,30.501976,0.99145666,0.01923475,0.12898604,-0.00251539,0.09820513,-0.04945170,0.00147078,12.5619,0.7195,5.3118,0.11636081,0.00441880,0.087344,0.04897287,0.05199242,-0.03875861,-0.04177815,-0.00096963,-0.00096963,0.00000000,-0.00290888,1101.4993,-0.2669,-7.5966,90.194732,-0.388916,-10.077808,16.45752000,44.11536100,1200.7195
0.400000,4393518.418955,4259900.201030,1795680.888891,-3.258229,-3.158937,31.350785,0.99148119,0.01972136,0.12872251,-0.00257581,0.09811553,-0.05641793,0.00173055,12.5570,0.7628,5.6125,0.11552530,0.00450484,0.089844,0.04897287,0.05199242,-0.03875861,-0.04177815,-0.00096963,-0.00096963,0.00000000,-0.00290888,1114.1135,-0.3048,-8.4459,91.228577,-0.401278,-10.146645,16.45752272,44.11536100,1200.7628
0.410000,4393518.385973,4259900.169053,1795681.206592,-3.338185,-3.236462,32.189424,0.99151013,0.02020762,0.12842261,-0.00263551,0.09803581,-0.06410347,0.00202619,12.5522,0.8075,5.9218,0.11464076,0.00458778,0.092340,0.04897287,0.05199242,-0.03875861,-0.04177815,-0.00096963,-0.00096963,0.00000000,-0.00290888,1087.9863,-0.3466,-9.3551,89.175693,-0.413948,-10.220466,16.45752551,44.11536100,1200.8075
0.420000,4393518.352192,4259900.136301,1795681.532679,-3.417971,-3.313826,33.028169,0.99154392,0.02069361,0.12808266,-0.00269443,0.09796820,-0.07254977,0.00236108,12.5473,0.8534,6.2394,0.11372937,0.00466846,0.094806,0.06097054,0.06521477,-0.05365613,-0.05790035,-0.00096963,-0.00096963,0.00000000,-0.00290888,1087.6950,-0.3921,-10.3162,89.179542,-0.426920,-10.298679,16.45752838,44.11536100,1200.8534
0.430000,4393518.317614,4259900.102777,1795681.867155,-3.497604,-3.391045,33.866987,0.99158302,0.02117940,0.12769879,-0.00275245,0.09791508,-0.08179958,0.00273881,12.5424,0.9007,6.5654,0.11274535,0.00474496,0.097272,0.06097054,0.06521477,-0.05365613,-0.05790035,-0.00096963,-0.00096963,0.00000000,-0.00290888,1087.3817,-0.4418,-11.3378,89.180803,-0.440234,-10.381977,16.45753133,44.11536100,1200.9007
0.440000,4393518.282240,4259900.068481,1795682.209985,-3.577023,-3.468063,34.695634,0.99162785,0.02166508,0.12726720,-0.00280948,0.09787965,-0.09169050,0.00315608,12.5376,0.9492,6.8998,0.11168111,0.00481684,0.099738,0.06097054,0.06521477,-0.05365613,-0.05790035,-0.00096963,-0.00096963,0.00000000,-0.00290888,1087.0187,-0.4959,-12.4193,89.176799,-0.453908,-10.470327,16.45753435,44.11536100,1200.9492
0.450000,4393518.246073,4259900.033415,1795682.561034,-3.656480,-3.545125,35.514175,0.99167866,0.02215076,0.12678553,-0.00286544,0.09786410,-0.10194895,0.00360512,12.5329,0.9991,7.2425,0.11056763,0.00488529,0.102175,0.06097054,0.06521477,-0.05365613,-0.05790035,-0.00096963,-0.00096963,0.00000000,-0.00290888,1061.0089,-0.5308,-12.9784,87.125083,-0.466061,-10.517298,16.45753745,44.11536100,1200.9991
0.460000,4393518.209116,4259899.997581,1795682.920270,-3.734972,-3.621865,36.332939,0.99173286,0.02266105,0.12626919,-0.00291649,0.10746070,-0.10549037,0.00667965,12.5282,1.0503,7.5933,0.10940607,0.00495024,0.104583,0.07073144,0.07568798,-0.06366002,-0.06861656,0.06399541,-0.00096963,-0.05720801,-0.05914727,1060.8422,-1.1794,-15.1407,87.133956,-0.527703,-10.692401,16.45754062,44.11536100,1201.0503
0.470000,4393518.171373,4259899.960977,1795683.287693,-3.813795,-3.698921,37.151866,0.99178768,0.02322175,0.12573464,-0.00295851,0.11742458,-0.10905904,0.00990126,12.5234,1.1027,7.9524,0.10815845,0.00498881,0.106991,0.07073144,0.07568798,-0.06366002,-0.06861656,0.06399541,-0.00096963,-0.05720801,-0.05914727,1060.6441,-1.2370,-15.6885,87.139986,-0.543190,-10.738736,16.45754386,44.11536100,1201.1027
0.480000,4393518.132839,4259899.923601,1795683.663307,-3.892946,-3.776251,37.969235,0.99184298,0.02383479,0.12518174,-0.00299097,0.12775842,-0.11264422,0.01327151,12.5187,1.1563,8.3196,0.10689522,0.00500666,0.109400,0.07073144,0.07568798,-0.06366002,-0.06861656,0.06399541,-0.00096963,-0.05720801,-0.05914727,1060.4713,-1.2933,-16.2361,87.147620,-0.559628,-10.785106,16.45754718,44.11536100,1201.1563
0.490000,4393518.093513,4259899.885455,1795684.047079,-3.972415,-3.853071,38.786818,0.99189853,0.02445973,0.12461916,-0.00301426,0.12160664,-0.11278777,0.01421025,12.5140,1.2113,8.6949,0.10562036,0.00500337,0.111804,0.07073144,0.07568798,-0.06366002,-0.06861656,0.07272205,0.06496503,-0.05720801,-0.05914727,1047.3571,-0.7366,-17.6054,86.120925,-0.527345,-10.897187,16.45755057,44.11536100,1201.2113
0.500000,4393518.053389,4259899.846539,1795684.439044,-4.052281,-3.930139,39.604561,0.99195423,0.02505432,0.12405609,-0.00302896,0.11512910,-0.11260116,0.01514242,12.5092,1.2674,9.0784,0.10432870,0.00499458,0.114209,0.07728562,0.08372222,-0.06674144,-0.07317804,0.07272205,0.06496503,-0.05720801,-0.05914727,1060.1184,-0.7669,-18.1818,87.161955,-0.541382,-10.945964,16.45755404,44.11536100,1201.2674
0.510000,4393518.012467,4259899.806854,1795684.839136,-4.132224,-4.006958,40.413888,0.99200934,0.02562027,0.12349834,-0.00303684,0.11006975,-0.11079788,0.01546467,12.5045,1.3249,9.4701,0.10305377,0.00497116,0.116615,0.07728562,0.08372222,-0.06674144,-0.07317804,0.07272205,0.07853982,-0.06690429,-0.06884354,1046.9992,-0.6377,-19.1564,86.133868,-0.542127,-11.026593,16.45755758,44.11536100,1201.3249
0.520000,4393517.970744,4259899.766399,1795685.247323,-4.212493,-4.084029,41.223385,0.99206340,0.02615661,0.12295045,-0.00303850,0.10273542,-0.10853566,0.01611230,12.4999,1.3836,9.8699,0.10182159,0.00494101,0.118996,0.07728562,0.08372222,-0.06674144,-0.07317804,0.07272205,0.07853982,-0.06593466,-0.06787392,1046.8185,-0.6594,-19.7239,86.140288,-0.554373,-11.074667,16.45756119,44.11536100,1201.3836
0.530000,4393517.928216,4259899.725173,1795685.663605,-4.293133,-4.161162,42.033054,0.99211642,0.02664780,0.12241617,-0.00303202,0.09205457,-0.10538016,0.01626423,12.4952,1.4435,10.2777,0.10062307,0.00490007,0.121378,0.07728562,0.08372222,-0.06674144,-0.07317804,0.08047907,0.08920572,-0.06593466,-0.06787392,1046.6354,-0.6426,-20.5620,86.146784,-0.562675,-11.144397,16.45756487,44.11536100,1201.4435
0.540000,4393517.884880,4259899.683175,1795686.087984,-4.374193,-4.238537,42.844609,0.99216837,0.02708545,0.12189828,-0.00301777,0.08110423,-0.10195942,0.01639674,12.4905,1.5046,10.6936,0.09946252,0.00484937,0.123760,0.07593725,0.08308434,-0.06940220,-0.07654928,0.08047907,0.08920572,-0.06593466,-0.06787392,1046.4499,-0.6597,-21.1739,86.153476,-0.572678,-11.196028,16.45756863,44.11536100,1201.5046
0.550000,4393517.840731,4259899.640402,1795686.520497,-4.455605,-4.316048,43.656336,0.99221913,0.02747046,0.12139852,-0.00299640,0.07118700,-0.09818941,0.01638022,12.4858,1.5669,11.1177,0.09834313,0.00478786,0.126149,0.07593725,0.08308434,-0.06940220,-0.07654928,0.08047907,0.08920572,-0.06593466,-0.07078280,1059.1673,-0.6353,-21.8364,87.193920,-0.578342,-11.251698,16.45757246,44.11536100,1201.5669
0.560000,4393517.795767,4259899.596853,1795686.961112,-4.537344,-4.393775,44.468244,0.99226850,0.02781050,0.12091725,-0.00296839,0.06256035,-0.09445705,0.01658695,12.4811,1.6305,11.5498,0.09727057,0.00471780,0.128537,0.07593725,0.08308434,-0.06940220,-0.07654928,0.07950944,0.08338795,-0.06593466,-0.07078280,1046.1055,-0.7159,-22.3682,86.170057,-0.591557,-11.296881,16.45757637,44.11536100,1201.6305
0.570000,4393517.749982,4259899.552525,1795687.409897,-4.619600,-4.471819,45.287182,0.99231643,0.02810742,0.12045525,-0.00293358,0.05373445,-0.09044535,0.01677574,12.4764,1.6953,11.9900,0.09624591,0.00463825,0.130927,0.07593725,0.08308434,-0.06940220,-0.07654928,0.07950944,0.08338795,-0.06593466,-0.07078280,1058.7830,-0.7280,-23.0063,87.209083,-0.598461,-11.350568,16.45758035,44.11536100,1201.6953
0.580000,4393517.703375,4259899.507418,1795687.866821,-4.701873,-4.549587,46.097697,0.99236262,0.02836545,0.12001442,-0.00289364,0.04687706,-0.08595693,0.01651212,12.4717,1.7614,12.4384,0.09525356,0.00454934,0.133337,0.07258266,0.07922366,-0.07020843,-0.07684943,0.07757019,0.08338795,-0.06593466,-0.07563093,1045.6824,-0.6344,-23.7049,86.182050,-0.596150,-11.409064,16.45758440,44.11536100,1201.7614
0.590000,4393517.655943,4259899.461532,1795688.331886,-4.784657,-4.627668,46.916973,0.99240672,0.02858979,0.11959686,-0.00285019,0.04019382,-0.08110805,0.01627978,12.4670,1.8286,12.8949,0.09432770,0.00445772,0.135723,0.07258266,0.07922366,-0.07020843,-0.07684943,0.07757019,0.08338795,-0.06690429,-0.07563093,1045.4860,-0.6548,-24.3805,86.190081,-0.602317,-11.465691,16.45758852,44.11536100,1201.8286
0.600000,4393517.607681,4259899.414865,1795688.805161,-4.867700,-4.705807,47.738141,0.99244858,0.02878054,0.11920421,-0.00280323,0.03337037,-0.07595664,0.01601531,12.4622,1.8971,13.3595,0.09343639,0.00436277,0.138134,0.07258266,0.07922366,-0.07020843,-0.07684943,0.07757019,0.08338795,-0.06690429,-0.07563093,1058.1879,-0.6590,-25.0585,87.233652,-0.606542,-11.522467,16.45759272,44.11536100,1201.8971
0.610000,4393517.558589,4259899.367417,1795689.286615,-4.950676,-4.783727,48.552606,0.99248803,0.02894125,0.11883744,-0.00275314,0.02812514,-0.07071773,0.01578720,12.4575,1.9668,13.8323,0.09259622,0.00426547,0.140551,0.07258266,0.07922366,-0.07020843,-0.07684943,0.07563093,0.08144870,-0.06787392,-0.07563093,1057.9843,-0.6782,-25.7002,87.242301,-0.611394,-11.576262,16.45759699,44.11536100,1201.9668
0.620000,4393517.508666,4259899.319189,1795689.776249,-5.034023,-4.861800,49.374142,0.99252489,0.02907560,0.11849750,-0.00270033,0.02277812,-0.06518108,0.01552827,12.4528,2.0377,14.3133,0.09182507,0.00416692,0.142948,0.06821913,0.07473887,-0.06796334,-0.07448307,0.07563093,0.08144870,-0.06787392,-0.07563093,1057.8184,-0.6800,-26.4022,87.254757,-0.614339,-11.634854,16.45760134,44.11536100,1202.0377
0.630000,4393517.457908,4259899.270181,1795690.274098,-5.117449,-4.939756,50.195851,0.99255904,0.02918307,0.11818588,-0.00264485,0.01732934,-0.05934445,0.01523744,12.4480,2.1098,14.8024,0.09109658,0.00406684,0.145366,0.06821913,0.07473887,-0.06796334,-0.07448307,0.07563093,0.08144870,-0.06787392,-0.07563093,1057.6116,-0.6807,-27.1246,87.264485,-0.616666,-11.695021,16.45760576,44.11536101,1202.1098
0.640000,4393517.406316,4259899.220394,1795690.780166,-5.200970,-5.017627,51.017727,0.99259034,0.02926847,0.11790281,-0.00258739,0.01386427,-0.05372527,0.01495276,12.4433,2.1832,15.2998,0.09042562,0.00396603,0.147784,0.06821913,0.07473887,-0.06796334,-0.07448307,0.07272205,0.07853982,-0.06787392,-0.07563093,1057.4030,-0.6800,-27.7509,87.274624,-0.618461,-11.747393,16.45761025,44.11536101,1202.1832
0.650000,4393517.353889,4259899.169830,1795691.294454,-5.284483,-5.095259,51.839778,0.99261872,0.02933380,0.11764870,-0.00252846,0.00936034,-0.04770023,0.01451823,12.4385,2.2578,15.8053,0.08981332,0.00386536,0.150203,0.06821913,0.07473887,-0.06796334,-0.07448307,0.07272205,0.08047907,-0.06787392,-0.07466131,1057.1926,-0.6593,-28.5259,87.285187,-0.618260,-11.811648,16.45761482,44.11536101,1202.2578
0.660000,4393517.300627,4259899.118490,1795691.816962,-5.367937,-5.172637,52.662004,0.99264406,0.02937640,0.11742531,-0.00246819,0.00477831,-0.04139183,0.01404798,12.4338,2.3337,16.3191,0.08925688,0.00376632,0.152623,0.06389505,0.06968410,-0.06427582,-0.07006487,0.07272205,0.08047907,-0.06787392,-0.07466131,1056.9805,-0.6563,-29.3010,87.296211,-0.619025,-11.875845,16.45761947,44.11536101,1202.3337
0.670000,4393517.246531,4259899.066378,1795692.347694,-5.451349,-5.249770,53.486135,0.99266624,0.02939586,0.11723405,-0.00240669,0.00011892,-0.03480413,0.01354151,12.4291,2.4108,16.8410,0.08875913,0.00366890,0.155042,0.06389505,0.06968410,-0.06427582,-0.07006487,0.07272205,0.08047907,-0.06787392,-0.07466131,1056.7667,-0.6524,-30.0973,87.307795,-0.619276,-11.941671,16.45762418,44.11536101,1202.4108
0.680000,4393517.191601,4259899.013496,1795692.886686,-5.534597,-5.326534,54.310449,0.99268511,0.02939212,0.11707638,-0.00234416,-0.00440082,-0.02789504,0.01295481,12.4243,2.4891,17.3712,0.08831887,0.00357320,0.157468,0.06389505,0.06968410,-0.06427582,-0.07006487,0.07272205,0.08047907,-0.06787392,-0.07466131,1069.4482,-0.6478,-30.9177,88.357949,-0.619016,-12.009354,16.45762897,44.11536101,1202.4891
0.690000,4393517.135839,4259898.959849,1795693.433904,-5.617698,-5.402879,55.134965,0.99270044,0.02936941,0.11695329,-0.00228223,-0.00744141,-0.02095056,0.01201854,12.4195,2.5687,17.9096,0.08794057,0.00347991,0.159893,0.06389505,0.06968410,-0.06427582,-0.07006487,0.06981317,0.08047907,-0.06787392,-0.07563093,1056.3757,-0.5574,-31.7183,87.335897,-0.611473,-12.075364,16.45763384,44.11536102,1202.5687
0.700000,4393517.079246,4259898.905438,1795693.989420,-5.700783,-5.479214,55.966542,0.99271202,0.02933879,0.11686383,-0.00222165,-0.00670132,-0.01454999,0.01180678,12.4148,2.6495,18.4562,0.08762596,0.00339288,0.162319,0.06006074,0.06516644,-0.06086023,-0.06596594,0.06981317,0.08047907,-0.06787392,-0.07563093,1069.0107,-0.5507,-32.5890,88.384696,-0.610503,-12.146926,16.45763878,44.11536102,1202.6495
0.710000,4393517.021824,4259898.850266,1795694.553236,-5.783611,-5.555121,56.798330,0.99271976,0.02931560,0.11680494,-0.00216186,-0.00542508,-0.00852836,0.01158388,12.4100,2.7316,19.0111,0.08736322,0.00330857,0.164766,0.06006074,0.06516644,-0.06086023,-0.06596594,0.06690429,0.07175242,-0.06787392,-0.07563093,1055.8924,-0.6787,-33.2105,87.359680,-0.620526,-12.198316,16.45764379,44.11536102,1202.7316
0.720000,4393516.963575,4259898.794337,1795695.125387,-5.866120,-5.630530,57.632041,0.99272380,0.02929758,0.11677623,-0.00210273,-0.00436920,-0.00235017,0.01138376,12.4052,2.8149,19.5743,0.08715557,0.00322777,0.167212,0.06006074,0.06516644,-0.06086023,-0.06596594,0.06690429,0.07175242,-0.06787392,-0.07272205,1068.6079,-0.7447,-34.0615,88.417017,-0.625659,-12.268105,16.45764888,44.11536103,1202.8149
0.730000,4393516.904502,4259898.737657,1795695.705877,-5.948466,-5.705442,58.465929,0.99272457,0.02927964,0.11677518,-0.00204536,-0.00529970,0.00257892,0.01055587,12.4004,2.8996,20.1458,0.08699680,0.00315005,0.169664,0.06006074,0.06516644,-0.06086023,-0.06596594,0.06205615,0.07175242,-0.06302578,-0.06884354,1068.3825,-0.5984,-34.6671,88.432122,-0.613667,-12.318031,16.45765405,44.11536103,1202.8996
0.740000,4393516.844608,4259898.680229,1795696.294706,-6.030323,-5.779919,59.300001,0.99272250,0.02926703,0.11679693,-0.00199014,-0.00212675,0.00680947,0.01051789,12.3956,2.9855,20.7255,0.08688817,0.00307996,0.172117,0.05689591,0.06085534,-0.05737970,-0.06133913,0.06205615,0.06399541,-0.06302578,-0.06884354,1068.1558,-0.7924,-35.4349,88.447573,-0.629209,-12.380966,16.45765928,44.11536103,1202.9855
0.750000,4393516.783897,4259898.622061,1795696.891878,-6.111659,-5.853695,60.134266,0.99271745,0.02927028,0.11683995,-0.00193638,0.00108493,0.01116379,0.01046100,12.3908,3.0728,21.3136,0.08681723,0.00301282,0.174570,0.05689591,0.06085534,-0.05737970,-0.06133913,0.06205615,0.06399541,-0.06302578,-0.06884354,1067.9279,-0.7929,-36.4260,88.463345,-0.629461,-12.461862,16.45766460,44.11536104,1203.0728
0.760000,4393516.722376,4259898.563158,1795697.497392,-6.192433,-5.926724,60.968724,0.99270933,0.02928958,0.11690487,-0.00188420,0.00433461,0.01563490,0.01038504,12.3860,3.1613,21.9101,0.08677774,0.00294925,0.177023,0.05689591,0.06085534,-0.05737970,-0.06133913,0.06205615,0.06399541,-0.06302578,-0.06884354,1067.6989,-0.7938,-37.4413,88.479455,-0.630044,-12.544652,16.45766999,44.11536104,1203.1613
0.770000,4393516.660051,4259898.503529,1795698.111253,-6.272606,-5.998964,61.803377,0.99269809,0.02932509,0.11699223,-0.00183369,0.00762154,0.02021489,0.01028995,12.3812,3.2512,22.5148,0.08677046,0.00288946,0.179476,0.05689591,0.06085534,-0.05737970,-0.06133913,0.06205615,0.06399541,-0.06302578,-0.06884354,1067.4687,-0.7951,-38.4820,88.495919,-0.630974,-12.629432,16.45767545,44.11536105,1203.2512
0.780000,4393516.596926,4259898.443180,1795698.733460,-6.352225,-6.070632,62.638213,0.99268440,0.02936432,0.11709930,-0.00178210,0.00576510,0.02358828,0.01075481,12.3764,3.3424,23.1278,0.08679602,0.00283365,0.181929,0.05403376,0.05716708,-0.05406258,-0.05719590,0.06205615,0.06302578,-0.06011690,-0.06205615,1067.2375,-0.9355,-39.2377,88.512686,-0.643212,-12.691162,16.45768099,44.11536105,1203.3424
0.790000,4393516.533007,4259898.382118,1795699.364052,-6.431449,-6.141664,63.480180,0.99266897,0.02939458,0.11722323,-0.00172663,0.00389130,0.02702559,0.01121185,12.3715,3.4349,23.7491,0.08685260,0.00277514,0.184383,0.05403376,0.05716708,-0.05406258,-0.05719590,0.06205615,0.06302578,-0.06011690,-0.06205615,1067.0052,-0.9386,-40.3250,88.529970,-0.644198,-12.779690,16.45768661,44.11536106,1203.4349
0.800000,4393516.468300,4259898.320351,1795700.003031,-6.509660,-6.211502,64.312025,0.99265182,0.02942028,0.11736277,-0.00166819,0.00392678,0.02991477,0.01151548,12.3668,3.5288,24.3788,0.08692077,0.00271049,0.186856,0.05403376,0.05716708,-0.05406258,-0.05719590,0.05914727,0.06205615,-0.06011690,-0.06108652,1066.7701,-0.9095,-41.2922,88.546938,-0.642496,-12.858483,16.45769230,44.11536107,1203.5288
0.810000,4393516.402816,4259898.257891,1795700.650293,-6.587077,-6.280325,65.142264,0.99263286,0.02944786,0.11751700,-0.00160836,0.00479976,0.03287796,0.01176288,12.3620,3.6240,25.0168,0.08702301,0.00264243,0.189300,0.05403376,0.05716708,-0.05406258,-0.05719590,0.05914727,0.06205615,-0.06011690,-0.06205615,1040.6590,-0.8765,-42.4526,86.470937,-0.640508,-12.952898,16.45769806,44.11536107,1203.6240
0.820000,4393516.336560,4259898.194747,1795701.305876,-6.664160,-6.348515,65.977876,0.99261236,0.02948147,0.11768239,-0.00154803,0.00599390,0.03448513,0.01179796,12.3572,3.7206,25.6631,0.08714362,0.00257302,0.191739,0.05181090,0.05446486,-0.05177320,-0.05442716,0.05623839,0.05914727,-0.05720801,-0.06011690,1053.5155,-0.8402,-43.2588,87.547171,-0.638380,-13.018673,16.45770390,44.11536108,1203.7206
0.830000,4393516.269534,4259898.130923,1795701.969886,-6.740814,-6.415985,66.822369,0.99259071,0.02952107,0.11785574,-0.00148805,0.00719892,0.03609297,0.01180998,12.3524,3.8186,26.3176,0.08727020,0.00250383,0.194193,0.05181090,0.05446486,-0.05177320,-0.05442716,0.05623839,0.05914727,-0.05720801,-0.06011690,1078.9561,-0.8334,-44.4305,89.643478,-0.638743,-13.114051,16.45770982,44.11536109,1203.8186
0.840000,4393516.201748,4259898.066432,1795702.642289,-6.816402,-6.482199,67.660083,0.99256789,0.02956668,0.11803705,-0.00142855,0.00841438,0.03769745,0.01179835,12.3475,3.9179,26.9805,0.08738790,0.00243564,0.196673,0.05181090,0.05446486,-0.05177320,-0.05442716,0.05623839,0.05914727,-0.05720801,-0.06011690,1065.8364,-0.8260,-45.6272,88.618404,-0.639180,-13.211478,16.45771581,44.11536109,1203.9179
0.850000,4393516.133205,4259898.001280,1795703.323158,-6.891943,-6.547869,68.513585,0.99254387,0.02962503,0.11822493,-0.00137189,0.01240610,0.03872946,0.01120649,12.3427,4.0187,27.6518,0.08751725,0.00236930,0.199132,0.05181090,0.05446486,-0.05177320,-0.05442716,0.05235988,0.05914727,-0.05720801,-0.06011690,1078.4371,-0.6852,-46.7012,89.677102,-0.629043,-13.299021,16.45772187,44.11536110,1204.0187
0.860000,4393516.063913,4259897.935479,1795704.012527,-6.966373,-6.612239,69.360294,0.99251861,0.02970292,0.11841795,-0.00132046,0.01642647,0.03974670,0.01058105,12.3378,4.1209,28.3314,0.08762807,0.00230976,0.201637,0.04998108,0.05202639,-0.04973011,-0.05177542,0.05235988,0.05914727,-0.05720801,-0.06011690,1078.1419,-0.6771,-47.9437,89.691231,-0.630024,-13.400230,16.45772801,44.11536111,1204.1209
0.870000,4393515.993879,4259897.869038,1795704.710399,-7.040372,-6.675872,70.214103,0.99249278,0.02978778,0.11861348,-0.00127338,0.01538467,0.03969955,0.00977953,12.3329,4.2246,29.0195,0.08774480,0.00226042,0.204121,0.04998108,0.05202639,-0.04973011,-0.05177542,0.05235988,0.05914727,-0.05332950,-0.05720801,1077.8461,-0.6375,-48.9499,89.705633,-0.628582,-13.482351,16.45773423,44.11536112,1204.2246
0.880000,4393515.923110,4259897.801966,1795705.416775,-7.113231,-6.738197,71.061109,0.99246709,0.02986699,0.11880881,-0.00122975,0.01434097,0.03961727,0.00894864,12.3281,4.3297,29.7160,0.08784764,0.00221994,0.206626,0.04998108,0.05202639,-0.04973011,-0.05177542,0.05235988,0.05914727,-0.05332950,-0.05720801,1077.5447,-0.6358,-50.2222,89.719327,-0.630086,-13.586118,16.45774053,44.11536113,1204.3297
0.890000,4393515.851616,4259897.734276,1795706.131656,-7.185472,-6.799648,71.915226,0.99244156,0.02994050,0.11900377,-0.00118970,0.01329566,0.03950346,0.00809069,12.3232,4.4363,30.4209,0.08794586,0.00218703,0.209110,0.04998108,0.05202639,-0.04973011,-0.05177542,0.05235988,0.05914727,-0.05332950,-0.05720801,1077.2428,-0.6369,-51.5000,89.733246,-0.631704,-13.690431,16.45774690,44.11536114,1204.4363
0.900000,4393515.779405,4259897.665976,1795706.855045,-7.256584,-6.860150,72.762517,0.99241659,0.03001057,0.11919456,-0.00115098,0.01303133,0.03791156,0.00830867,12.3183,4.5444,31.1342,0.08802230,0.00216139,0.211614,0.04892887,0.05010686,-0.04862511,-0.04980310,0.05235988,0.05429913,-0.05235988,-0.05429913,1076.9353,-0.9047,-52.4492,89.746375,-0.654898,-13.768160,16.45775334,44.11536115,1204.5444
0.910000,4393515.706487,4259897.597077,1795707.586907,-7.326810,-6.919577,73.609989,0.99239259,0.03007945,0.11937729,-0.00111129,0.01276912,0.03627099,0.00852017,12.3134,4.6541,31.8560,0.08809058,0.00213553,0.214099,0.04892887,0.05010686,-0.04862511,-0.04980310,0.05235988,0.05429913,-0.05235988,-0.05429913,1076.6273,-0.9130,-53.7404,89.759316,-0.657013,-13.873765,16.45775986,44.11536116,1204.6541
0.920000,4393515.632870,4259897.527587,1795708.327280,-7.396422,-6.978138,74.464539,0.99236958,0.03014715,0.11955175,-0.00107066,0.01250911,0.03459385,0.00872367,12.3086,4.7652,32.5862,0.08813113,0.00210722,0.216583,0.04892887,0.05010686,-0.04862511,-0.04980310,0.05235988,0.05429913,-0.05235988,-0.05429913,1076.3728,-0.9196,-55.0338,89.776720,-0.658977,-13.979680,16.45776646,44.11536118,1204.7652
0.930000,4393515.558561,4259897.457518,1795709.076199,-7.465277,-7.035685,75.320970,0.99234770,0.03021154,0.11971738,-0.00102932,0.01141193,0.03271991,0.00874895,12.3037,4.8779,33.3247,0.08813596,0.00207637,0.219087,0.04892887,0.05010686,-0.04862511,-0.04980310,0.05235988,0.05429913,-0.05139025,-0.05429913,1075.9997,-0.8843,-56.2932,89.784393,-0.657467,-14.082971,16.45777314,44.11536119,1204.8779
0.940000,4393515.483567,4259897.386877,1795709.833700,-7.533341,-7.092224,76.179322,0.99232708,0.03027049,0.11987367,-0.00098751,0.01031495,0.03083294,0.00876090,12.2987,4.9921,34.0718,0.08811119,0.00204416,0.221596,0.04806719,0.04857376,-0.04776691,-0.04827348,0.05235988,0.05429913,-0.05139025,-0.05429913,1088.6185,-0.8875,-57.5949,90.848316,-0.658986,-14.189831,16.45777989,44.11536120,1204.9921
0.950000,4393515.407897,4259897.315677,1795710.599785,-7.600557,-7.147732,77.037809,0.99230772,0.03032398,0.12002060,-0.00094532,0.00891899,0.02888502,0.00881821,12.2938,5.1079,34.8273,0.08805588,0.00201076,0.224111,0.04806719,0.04857376,-0.04776691,-0.04827348,0.05235988,0.05429913,-0.05139025,-0.05429913,1088.2946,-0.8895,-58.8967,90.860125,-0.660306,-14.296842,16.45778671,44.11536122,1205.1079
0.960000,4393515.331559,4259897.243926,1795711.374456,-7.666937,-7.202289,77.896428,0.99228997,0.03036624,0.12015694,-0.00090092,0.00603178,0.02664217,0.00916133,12.2889,5.2253,35.5913,0.08797277,0.00197620,0.226625,0.04806719,0.04857376,-0.04776691,-0.04827348,0.05235988,0.05429913,-0.05139025,-0.05235988,1087.9676,-0.9768,-60.1084,90.871492,-0.668351,-14.396665,16.45779362,44.11536123,1205.2253
0.970000,4393515.254561,4259897.171634,1795712.157714,-7.732504,-7.255826,78.755176,0.99227398,0.03039436,0.12028217,-0.00085347,0.00314386,0.02442265,0.00949107,12.2840,5.3444,36.3637,0.08786062,0.00193663,0.229139,0.04806719,0.04857376,-0.04776691,-0.04827348,0.05235988,0.05429913,-0.05139025,-0.05235988,1087.6376,-0.9753,-61.4028,90.882406,-0.668914,-14.503373,16.45780060,44.11536124,1205.3444
0.980000,4393515.176909,4259897.098810,1795712.949595,-7.797684,-7.308771,79.620982,0.99225993,0.03041539,0.12039307,-0.00080349,0.00307528,0.02088850,0.00999271,12.2791,5.4650,37.1447,0.08771821,0.00189129,0.231653,0.04721443,0.04724202,-0.04692974,-0.04695733,0.05042062,0.05139025,-0.05042062,-0.05139025,1087.3047,-1.0150,-62.3687,90.893078,-0.672693,-14.583500,16.45780765,44.11536126,1205.4650
0.990000,4393515.098612,4259897.025464,1795713.750065,-7.861592,-7.360350,80.472985,0.99224799,0.03043635,0.12048645,-0.00075157,0.00300743,0.01739323,0.01047610,12.2742,5.5873,37.9341,0.08753532,0.00184007,0.234187,0.04721443,0.04724202,-0.04692974,-0.04695733,0.05042062,0.05139025,-0.05042062,-0.05139025,1086.9051,-1.0057,-63.6500,90.897449,-0.672494,-14.689439,16.45781479,44.11536128,1205.5873
1.000000,4393515.019679,4259896.951605,1795714.559090,-7.925035,-7.411229,81.332100,0.99223813,0.03045975,0.12056204,-0.00069761,0.00392170,0.01375716,0.01113542,12.2693,5.7112,38.7320,0.08732574,0.00178447,0.236681,0.04721443,0.04724202,-0.04692974,-0.04695733,0.05042062,0.05042062,-0.05042062,-0.05139025,1086.6912,-1.0396,-64.8543,90.916888,-0.675864,-14.789288,16.45782200,44.11536129,1205.7112
1.010000,4393514.940114,4259896.877242,1795715.376707,-7.987792,-7.461185,82.191292,0.99223030,0.03048806,0.12061968,-0.00064153,0.00483569,0.01020645,0.01177193,12.2644,5.8367,39.5384,0.08706737,0.00172329,0.239195,0.04721443,0.04724202,-0.04692974,-0.04695733,0.05042062,0.05042062,-0.05042062,-0.05139025,1086.2878,-1.0223,-66.0952,90.920538,-0.675161,-14.892280,16.45782928,44.11536131,1205.8367
1.020000,4393514.859925,4259896.802384,1795716.202916,-8.049958,-7.510423,83.050625,0.99222483,0.03051632,0.12065776,-0.00058187,0.00370160,0.00592232,0.01279415,12.2594,5.9639,40.3532,0.08676783,0.00165692,0.241709,0.04613205,0.04590458,-0.04582912,-0.04560165,0.05042062,0.04945100,-0.04945100,-0.04945100,1085.9429,-1.0989,-67.1160,90.928587,-0.682136,-14.977485,16.45783665,44.11536133,1205.9639
1.030000,4393514.779116,4259896.727037,1795717.037720,-8.111648,-7.558816,83.910075,0.99222206,0.03054461,0.12067370,-0.00051887,0.00483963,0.00129830,0.01340279,12.2545,6.0928,41.1765,0.08642653,0.00158179,0.244223,0.04613205,0.04590458,-0.04582912,-0.04560165,0.04848137,0.04945100,-0.04945100,-0.04945100,1085.5949,-0.9699,-68.2109,90.935972,-0.672341,-15.068922,16.45784409,44.11536135,1206.0928
1.040000,4393514.697693,4259896.651210,1795717.881118,-8.172854,-7.606494,84.769663,0.99222213,0.03057629,0.12066532,-0.00045352,0.00454503,-0.00375819,0.01411631,12.2496,6.2234,42.0082,0.08603820,0.00150026,0.246737,0.04613205,0.04590458,-0.04582912,-0.04560165,0.04848137,0.04848137,-0.04848137,-0.04848137,1085.3080,-0.9858,-69.2231,90.947877,-0.674440,-15.153782,16.45785160,44.11536137,1206.2234
1.050000,4393514.615661,4259896.574910,1795718.733113,-8.233576,-7.653347,85.629369,0.99222526,0.03060416,0.12063276,-0.00038551,0.00334905,-0.00844620,0.01460620,12.2447,6.3556,42.8484,0.08559950,0.00141280,0.249251,0.04613205,0.04590458,-0.04582912,-0.04560165,0.04848137,0.04945100,-0.04848137,-0.04848137,1084.8902,-0.8923,-70.4121,90.948634,-0.667539,-15.253279,16.45785920,44.11536139,1206.3556
1.060000,4393514.533022,4259896.498144,1795719.593741,-8.294183,-7.699682,86.497979,0.99223133,0.03062639,0.12057741,-0.00031517,0.00234756,-0.01279534,0.01500983,12.2397,6.4896,43.6971,0.08510984,0.00132014,0.251765,0.04508547,0.04419955,-0.04475632,-0.04387039,0.04848137,0.04945100,-0.04848137,-0.04848137,1084.6638,-0.8448,-71.5141,90.964939,-0.664290,-15.345877,16.45786686,44.11536141,1206.4896
1.070000,4393514.449778,4259896.420919,1795720.463073,-8.354481,-7.745264,87.368412,0.99223977,0.03064936,0.12050225,-0.00024477,0.00342462,-0.01653071,0.01494139,12.2348,6.6253,44.5542,0.08456443,0.00122278,0.254304,0.04508547,0.04419955,-0.04475632,-0.04387039,0.04848137,0.04945100,-0.04848137,-0.05042062,1097.1090,-0.6821,-72.7017,92.016644,-0.651645,-15.445645,16.45787461,44.11536144,1206.6253
1.080000,4393514.365933,4259896.343241,1795721.341110,-8.414431,-7.790194,88.238949,0.99225020,0.03067760,0.12040931,-0.00017607,0.00449765,-0.01996336,0.01481418,12.2298,6.7627,45.4199,0.08397655,0.00112600,0.256849,0.04508547,0.04419955,-0.04475632,-0.04387039,0.04848137,0.04945100,-0.04848137,-0.05042062,1096.8083,-0.6256,-73.7493,92.026668,-0.647764,-15.534127,16.45788243,44.11536146,1206.7627
1.090000,4393514.281490,4259896.265116,1795722.227852,-8.474197,-7.834719,89.109567,0.99226250,0.03071990,0.12029714,-0.00010985,0.00910423,-0.02428045,0.01486736,12.2248,6.9019,46.2942,0.08335330,0.00103211,0.259394,0.04508547,0.04419955,-0.04475632,-0.04387039,0.04751174,0.04654211,-0.04751174,-0.05042062,1096.3717,-0.6257,-74.4772,92.025218,-0.648783,-15.596598,16.45789033,44.11536148,1206.9019
1.100000,4393514.196450,4259896.186547,1795723.123302,-8.533751,-7.878958,89.980284,0.99227723,0.03077533,0.12016146,-0.00004378,0.00988470,-0.02944603,0.01563532,12.2199,7.0428,47.1770,0.08269504,0.00094141,0.261939,0.04360553,0.04251635,-0.04325760,-0.04216843,0.04751174,0.04654211,-0.04751174,-0.04654211,1095.9985,-0.8022,-75.2235,92.028511,-0.664491,-15.660723,16.45789831,44.11536151,1207.0428
1.110000,4393514.110816,4259896.107538,1795724.027458,-8.593184,-7.922875,90.852846,0.99229532,0.03082400,0.11999948,0.00002708,0.00595963,-0.03478026,0.01680631,12.2149,7.1855,48.0684,0.08199391,0.00084785,0.264485,0.04360553,0.04251635,-0.04325760,-0.04216843,0.04751174,0.04654211,-0.04654211,-0.04460286,1095.6907,-0.8036,-75.9835,92.036720,-0.665751,-15.726156,16.45790637,44.11536154,1207.1855
1.120000,4393514.024586,4259896.028090,1795724.940359,-8.652631,-7.966496,91.725492,0.99231684,0.03087157,0.11980909,0.00010315,0.00935300,-0.04077110,0.01796209,12.2099,7.3299,48.9684,0.08124230,0.00074371,0.267035,0.04360553,0.04251635,-0.04325760,-0.04216843,0.04557249,0.04363323,-0.04654211,-0.04460286,1108.1126,-0.7953,-76.5693,93.086961,-0.666221,-15.777504,16.45791450,44.11536156,1207.3299
1.130000,4393513.937762,4259895.948208,1795725.862004,-8.712316,-8.009903,92.605296,0.99234119,0.03093761,0.11959013,0.00018157,0.01293302,-0.04625973,0.01901262,12.2049,7.4762,49.8769,0.08043959,0.00062864,0.269586,0.04360553,0.04251635,-0.04325760,-0.04216843,0.04557249,0.04363323,-0.04654211,-0.04557249,1094.9293,-0.6540,-77.4701,92.039845,-0.656155,-15.854835,16.45792271,44.11536159,1207.4762
1.140000,4393513.850340,4259895.867893,1795726.792465,-8.772033,-8.052963,93.485151,0.99236804,0.03102196,0.11934503,0.00026208,0.01649061,-0.05123499,0.01999340,12.1999,7.6242,50.7940,0.07957792,0.00050713,0.272157,0.04193737,0.04027345,-0.04158881,-0.03992489,0.04557249,0.04363323,-0.04654211,-0.04557249,1107.4097,-0.5649,-78.2603,93.094982,-0.650715,-15.923268,16.45793099,44.11536162,1207.6242
1.150000,4393513.762321,4259895.787150,1795727.731707,-8.831862,-8.095737,94.365133,0.99239707,0.03112448,0.11907647,0.00034443,0.02002482,-0.05564962,0.02089796,12.1949,7.7740,51.7198,0.07866933,0.00037985,0.274729,0.04193737,0.04027345,-0.04158881,-0.03992489,0.04557249,0.04363323,-0.04654211,-0.04557249,1094.1495,-0.4673,-78.9967,92.039757,-0.644934,-15.987418,16.45793936,44.11536165,1207.7740
1.160000,4393513.673702,4259895.705979,1795728.679768,-8.891937,-8.138315,95.246944,0.99242790,0.03124499,0.11878735,0.00042833,0.02353526,-0.05945589,0.02172023,12.1898,7.9256,52.6542,0.07771996,0.00024757,0.277301,0.04193737,0.04027345,-0.04158881,-0.03992489,0.04557249,0.04363323,-0.04654211,-0.04557249,1106.6228,-0.3616,-79.6817,93.094395,-0.638836,-16.047491,16.45794780,44.11536168,1207.9256
1.170000,4393513.584483,4259895.624385,1795729.636611,-8.951958,-8.180494,96.121808,0.99246014,0.03138333,0.11848081,0.00051347,0.02702107,-0.06261266,0.02245439,12.1848,8.0789,53.5973,0.07673490,0.00011109,0.279879,0.04193737,0.04027345,-0.04158881,-0.03992489,0.04557249,0.04363323,-0.04654211,-0.04557249,1106.1519,-0.2482,-80.3205,93.086978,-0.632452,-16.103845,16.45795633,44.11536171,1208.0789
1.180000,4393513.494658,4259895.542367,1795730.602239,-9.013029,-8.223143,97.003796,0.99249464,0.03152883,0.11815229,0.00059981,0.02629517,-0.06827512,0.02280989,12.1798,8.2341,54.5490,0.07572802,-0.00002871,0.282436,0.04191207,0.03964341,-0.04157597,-0.03930730,0.04266360,0.04266360,-0.04363323,-0.04169398,1105.8254,-0.0597,-80.1498,93.091269,-0.620031,-16.093900,16.45796493,44.11536174,1208.2341
1.190000,4393513.404221,4259895.459922,1795731.576687,-9.074463,-8.265781,97.885826,0.99253222,0.03167456,0.11779657,0.00068752,0.02700252,-0.07353038,0.02335206,12.1748,8.3911,55.5093,0.07468580,-0.00017053,0.285014,0.04191207,0.03964341,-0.04157597,-0.03930730,0.04266360,0.04169398,-0.04363323,-0.04169398,1105.4207,-0.0016,-80.6189,93.088617,-0.618319,-16.136611,16.45797360,44.11536178,1208.3911
1.200000,4393513.313167,4259895.377051,1795732.559956,-9.136341,-8.308394,98.767936,0.99257241,0.03182411,0.11741653,0.00077648,0.02770895,-0.07803049,0.02378905,12.1698,8.5499,56.4783,0.07359823,-0.00031561,0.287593,0.04191207,0.03964341,-0.04157597,-0.03930730,0.04266360,0.04169398,-0.04363323,-0.04169398,1105.0869,0.1326,-81.0926,93.091327,-0.610428,-16.179835,16.45798236,44.11536181,1208.5499
1.210000,4393513.221492,4259895.293754,1795733.552046,-9.198729,-8.351043,99.650100,0.99261470,0.03197739,0.11701606,0.00086626,0.02841430,-0.08172403,0.02411569,12.1647,8.7104,57.4560,0.07247128,-0.00046319,0.290172,0.04191207,0.03964341,-0.04157597,-0.03930730,0.04266360,0.04169398,-0.04363323,-0.04169398,1104.6768,0.2738,-81.5041,93.087380,-0.602027,-16.218066,16.45799119,44.11536185,1208.7104
1.220000,4393513.129191,4259895.210031,1795734.552958,-9.261688,-8.393693,100.532317,0.99265838,0.03213797,0.11660009,0.00095528,0.03061543,-0.08425228,0.02402261,12.1597,8.8728,58.4423,0.07131343,-0.00061219,0.292751,0.03944195,0.03655256,-0.03910464,-0.03621524,0.04266360,0.04169398,-0.04363323,-0.04266360,1104.1886,0.4943,-81.9331,93.076714,-0.587235,-16.257825,16.45800011,44.11536189,1208.8728
1.230000,4393513.036257,4259895.125880,1795735.562693,-9.325256,-8.436471,101.414593,0.99270271,0.03230934,0.11617381,0.00104193,0.03279941,-0.08587040,0.02381289,12.1547,9.0369,59.4373,0.07013441,-0.00075884,0.295331,0.03944195,0.03655256,-0.03910464,-0.03621524,0.04266360,0.04169398,-0.04363323,-0.04266360,1103.7720,0.6449,-82.2394,93.071738,-0.578386,-16.287541,16.45800910,44.11536193,1209.0369
1.240000,4393512.942684,4259895.041301,1795736.581251,-9.389465,-8.479399,102.296976,0.99274712,0.03249136,0.11574194,0.00112581,0.03470306,-0.08645368,0.02343374,12.1497,9.2028,60.4410,0.06894551,-0.00090066,0.297911,0.03944195,0.03655256,-0.03910464,-0.03621524,0.04266360,0.04169398,-0.04363323,-0.04266360,1103.3543,0.7955,-82.5061,93.066567,-0.569721,-16.314019,16.45801817,44.11536197,1209.2028
1.250000,4393512.848465,4259894.956291,1795737.608633,-9.454404,-8.522579,103.181183,0.99279106,0.03268124,0.11531000,0.00120631,0.03687584,-0.08608623,0.02299604,12.1446,9.3705,61.4533,0.06775621,-0.00103649,0.300492,0.03944195,0.03655256,-0.03910464,-0.03621524,0.04266360,0.04266360,-0.04363323,-0.04266360,1103.0115,1.0220,-82.8218,93.067634,-0.554944,-16.344545,16.45802732,44.11536201,1209.3705
1.260000,4393512.753591,4259894.870844,1795738.644909,-9.520490,-8.566826,104.072407,0.99283489,0.03287937,0.11487459,0.00128764,0.03741605,-0.08770974,0.02408829,12.1395,9.5399,62.4744,0.06657657,-0.00116482,0.303078,0.03646585,0.03311404,-0.03616041,-0.03280860,0.04169398,0.03878509,-0.04266360,-0.03878509,1115.4501,0.6983,-82.2556,94.121791,-0.585627,-16.302470,16.45803654,44.11536205,1209.5399
1.270000,4393512.658055,4259894.784955,1795739.690046,-9.586848,-8.610994,104.954864,0.99287903,0.03308079,0.11443345,0.00137365,0.03795980,-0.08831039,0.02507243,12.1345,9.7112,63.5041,0.06540215,-0.00129735,0.305685,0.03646585,0.03311404,-0.03616041,-0.03280860,0.04169398,0.03878509,-0.04266360,-0.03878509,1102.0814,0.8508,-82.4635,93.049600,-0.577169,-16.324135,16.45804585,44.11536210,1209.7112
1.280000,4393512.561849,4259894.698619,1795740.744042,-9.654431,-8.656439,105.846204,0.99292270,0.03331647,0.11398411,0.00146638,0.05041762,-0.09093314,0.02838309,12.1294,9.8841,64.5426,0.06423299,-0.00143832,0.308267,0.03646585,0.03311404,-0.03616041,-0.03280860,0.04169398,0.03102808,-0.04266360,-0.03878509,1101.7322,0.3656,-81.9706,93.050084,-0.621962,-16.288047,16.45805523,44.11536214,1209.8841
1.290000,4393512.464961,4259894.611826,1795741.806970,-9.723327,-8.702189,106.739324,0.99296511,0.03363056,0.11352024,0.00156226,0.06922775,-0.09396683,0.03014341,12.1244,10.0589,65.5899,0.06305931,-0.00159927,0.310875,0.03646585,0.03311404,-0.03616041,-0.03280860,0.03781547,0.03102808,-0.04169398,-0.03878509,1114.1572,0.9672,-81.6899,94.103952,-0.578673,-16.269380,16.45806470,44.11536219,1210.0589
1.300000,4393512.367380,4259894.524574,1795742.878829,-9.793028,-8.748212,107.630707,0.99300541,0.03403845,0.11304382,0.00165554,0.08634718,-0.09621005,0.03207731,12.1193,10.2354,66.6459,0.06187017,-0.00177064,0.313489,0.03348834,0.02955578,-0.03320929,-0.02927673,0.03781547,0.03102808,-0.04169398,-0.03878509,1113.7183,1.1756,-81.7766,94.096956,-0.569608,-16.280930,16.45807424,44.11536224,1210.2354
1.310000,4393512.269100,4259894.436860,1795743.959549,-9.863218,-8.794771,108.515044,0.99304456,0.03451089,0.11255405,0.00175671,0.09600119,-0.09884886,0.03608153,12.1142,10.4136,67.7107,0.06066961,-0.00194578,0.316099,0.03348834,0.02955578,-0.03320929,-0.02927673,0.03878509,0.03005845,-0.04169398,-0.03393696,1100.4194,0.7948,-81.3785,93.027829,-0.610435,-16.252409,16.45808386,44.11536228,1210.4136
1.320000,4393512.170110,4259894.348677,1795745.049165,-9.934941,-8.841903,109.408224,0.99308268,0.03503321,0.11205338,0.00187163,0.10554858,-0.10032950,0.03992672,12.1092,10.5936,68.7842,0.05946190,-0.00214615,0.318688,0.03348834,0.02955578,-0.03320929,-0.02927673,0.03878509,0.03005845,-0.04169398,-0.03393696,1112.8377,1.0448,-81.3558,94.081734,-0.600197,-16.254846,16.45809356,44.11536234,1210.5936
1.330000,4393512.070394,4259894.260021,1795746.147713,-10.008449,-8.889332,110.301380,0.99311968,0.03560414,0.11154224,0.00199398,0.11499019,-0.10288595,0.04135087,12.1041,10.7752,69.8665,0.05824110,-0.00237704,0.321303,0.03348834,0.02955578,-0.03320929,-0.02927673,0.03587621,0.03005845,-0.03878509,-0.03393696,1112.3907,1.8701,-80.7555,94.073421,-0.543372,-16.209526,16.45810334,44.11536239,1210.7752
1.340000,4393511.969936,4259894.170888,1795747.255192,-10.083499,-8.937169,111.194519,0.99315688,0.03619474,0.11101744,0.00211832,0.11328003,-0.10575250,0.04179202,12.0990,10.9586,70.9576,0.05701678,-0.00262155,0.323919,0.03083089,0.02624718,-0.03071737,-0.02613366,0.03587621,0.03102808,-0.03587621,-0.03199770,1111.9410,2.3714,-80.2861,94.064611,-0.513649,-16.174991,16.45811320,44.11536244,1210.9586
1.350000,4393511.868717,4259894.081273,1795748.371638,-10.160487,-8.985935,112.094698,0.99319604,0.03676329,0.11047645,0.00224711,0.10696846,-0.10950751,0.04217317,12.0939,11.1437,72.0575,0.05578079,-0.00286859,0.326535,0.03083089,0.02624718,-0.03071737,-0.02613366,0.03587621,0.03005845,-0.03393696,-0.03005845,1111.4885,2.6139,-79.6627,94.055550,-0.504880,-16.127794,16.45812314,44.11536250,1211.1437
1.360000,4393511.766722,4259893.991169,1795749.497051,-10.238807,-9.035026,112.989556,0.99323717,0.03731966,0.10991599,0.00237586,0.10741631,-0.11336180,0.04171566,12.0888,11.3305,73.1663,0.05452576,-0.00312007,0.329172,0.03083089,0.02624718,-0.03071737,-0.02613366,0.03296733,0.02908882,-0.03393696,-0.03005845,1111.0297,3.1489,-79.0685,94.045375,-0.471654,-16.083029,16.45813316,44.11536255,1211.3305
1.370000,4393511.663934,4259893.900570,1795750.631465,-10.318953,-9.084852,113.891468,0.99327933,0.03787800,0.10933970,0.00250086,0.10788550,-0.11589403,0.04100316,12.0836,11.5190,74.2839,0.05325006,-0.00336736,0.331795,0.03083089,0.02624718,-0.03071737,-0.02613366,0.03296733,0.02908882,-0.03393696,-0.03005845,1123.5100,3.5031,-78.7687,95.105969,-0.453380,-16.062652,16.45814326,44.11536261,1211.5190
1.380000,4393511.560340,4259893.809470,1795751.774845,-10.400032,-9.135213,114.784498,0.99332190,0.03844350,0.10875117,0.00262343,0.11034056,-0.11827666,0.04125248,12.0786,11.7091,75.4104,0.05195305,-0.00360521,0.334438,0.02861664,0.02327072,-0.02849607,-0.02315015,0.03296733,0.02714957,-0.03393696,-0.02908882,1110.1059,3.5662,-78.1181,94.023866,-0.459314,-16.013202,16.45815344,44.11536267,1211.7091
1.390000,4393511.455926,4259893.717860,1795752.927190,-10.483260,-9.186852,115.686380,0.99336427,0.03903140,0.10815006,0.00274577,0.11677755,-0.12090833,0.04208045,12.0734,11.9009,76.5458,0.05065189,-0.00383932,0.337056,0.02861664,0.02327072,-0.02849607,-0.02315015,0.03296733,0.02424068,-0.03296733,-0.02908882,1109.7284,3.7252,-77.2994,94.019918,-0.457731,-15.949805,16.45816370,44.11536274,1211.9009
1.400000,4393511.350669,4259893.625731,1795754.088572,-10.568411,-9.239203,116.589963,0.99340631,0.03964113,0.10753727,0.00286673,0.11908097,-0.12294264,0.04182718,12.0683,12.0943,77.6900,0.04933926,-0.00407469,0.339701,0.02861664,0.02327072,-0.02849607,-0.02315015,0.03296733,0.02424068,-0.03102808,-0.02908882,1122.1113,4.2904,-76.6217,95.073158,-0.422906,-15.898029,16.45817404,44.11536280,1212.0943
1.410000,4393511.244553,4259893.533074,1795755.258989,-10.655073,-9.292220,117.493504,0.99344792,0.04025705,0.10691904,0.00298595,0.11931552,-0.12308087,0.04174273,12.0631,12.2894,78.8432,0.04801897,-0.00430636,0.342351,0.02861664,0.02327072,-0.02849607,-0.02315015,0.03393696,0.02424068,-0.03102808,-0.02908882,1121.5502,4.5607,-76.1873,95.054189,-0.412590,-15.866353,16.45818446,44.11536287,1212.2894
1.420000,4393511.137562,4259893.439881,1795756.438442,-10.743361,-9.346417,118.396982,0.99348969,0.04085367,0.10629924,0.00311044,0.11120381,-0.12346120,0.04312062,12.0580,12.4861,80.0053,0.04670220,-0.00453359,0.345002,0.02630562,0.02021002,-0.02621822,-0.02012262,0.03393696,0.02424068,-0.03102808,-0.02521031,1121.1605,4.5239,-75.1954,95.049379,-0.427369,-15.788428,16.45819496,44.11536294,1212.4861
1.430000,4393511.029678,4259893.346142,1795757.626964,-10.833915,-9.401681,119.309252,0.99353216,0.04141104,0.10568082,0.00324543,0.10326487,-0.12234118,0.04421841,12.0528,12.6844,81.1763,0.04540051,-0.00476912,0.347653,0.02630562,0.02021002,-0.02621822,-0.02012262,0.03393696,0.02424068,-0.03102808,-0.02521031,1120.6811,4.9176,-74.5838,95.037523,-0.405673,-15.742042,16.45820554,44.11536301,1212.6844
1.440000,4393510.920879,4259893.251848,1795758.824591,-10.925996,-9.457233,120.214363,0.99357398,0.04194737,0.10507005,0.00338403,0.10232540,-0.12023454,0.04361132,12.0477,12.8842,82.3564,0.04411368,-0.00501717,0.350331,0.02630562,0.02021002,-0.02621822,-0.02012262,0.03102808,0.02424068,-0.03102808,-0.02617994,1133.0446,5.7645,-73.7412,96.091521,-0.345940,-15.676398,16.45821620,44.11536308,1212.8842
1.450000,4393510.811149,4259893.156993,1795760.031287,-11.020355,-9.513781,121.126543,0.99361423,0.04247134,0.10447278,0.00351993,0.09888078,-0.11701357,0.04232676,12.0425,13.0857,83.5455,0.04286045,-0.00526383,0.352988,0.02630562,0.02021002,-0.02621822,-0.02012262,0.03199770,0.02424068,-0.03005845,-0.02617994,1119.7982,6.1970,-73.0973,95.020368,-0.320303,-15.627156,16.45822695,44.11536316,1213.0857
1.460000,4393510.700466,4259893.061570,1795761.247122,-11.116485,-9.571069,122.040417,0.99365253,0.04297758,0.10389536,0.00365133,0.09552662,-0.11232051,0.04075006,12.0373,13.2887,84.7435,0.04164633,-0.00549824,0.355667,0.02404494,0.01719676,-0.02387216,-0.01702398,0.03199770,0.02424068,-0.03005845,-0.02617994,1132.1557,6.6223,-72.4700,96.075806,-0.294869,-15.579170,16.45823777,44.11536323,1213.2887
1.470000,4393510.588812,4259892.965567,1795762.472095,-11.214562,-9.629471,122.952369,0.99368915,0.04346639,0.10333575,0.00377668,0.09226150,-0.10995747,0.03889724,12.0321,13.4932,85.9507,0.04048443,-0.00571662,0.358351,0.02404494,0.01719676,-0.02387216,-0.01702398,0.02811919,0.02424068,-0.03005845,-0.02230143,1131.6601,7.0350,-70.9810,96.064198,-0.270107,-15.459462,16.45824868,44.11536331,1213.4932
1.480000,4393510.476172,4259892.868980,1795763.706133,-11.313547,-9.688109,123.855370,0.99372439,0.04393809,0.10279163,0.00389451,0.08908424,-0.10621416,0.03678819,12.0270,13.6993,87.1669,0.03937682,-0.00591643,0.361031,0.02404494,0.01719676,-0.02387216,-0.01702398,0.02811919,0.02424068,-0.03005845,-0.02230143,1118.2238,7.4299,-70.4116,94.976552,-0.246441,-15.416031,16.45825967,44.11536340,1213.6993
1.490000,4393510.362531,4259892.771797,1795764.949237,-11.415037,-9.748602,124.767039,0.99375842,0.04439913,0.10225886,0.00400636,0.08712904,-0.10573365,0.03564935,12.0218,13.9069,88.3921,0.03831423,-0.00609556,0.363685,0.02404494,0.01719676,-0.02387216,-0.01702398,0.02714957,0.02036217,-0.03005845,-0.02036217,1117.8207,7.2273,-69.0502,94.972702,-0.272225,-15.306659,16.45827074,44.11536348,1213.9069
1.500000,4393510.247870,4259892.674006,1795766.201439,-11.517505,-9.809751,125.673339,0.99379152,0.04486208,0.10172945,0.00411438,0.09117645,-0.10466913,0.03552821,12.0166,14.1160,89.6263,0.03728958,-0.00625958,0.366365,0.02204525,0.01465992,-0.02180554,-0.01442021,0.02617994,0.01939255,-0.02908882,-0.01939255,1130.0729,7.5805,-68.0521,96.021852,-0.251803,-15.227369,16.45828190,44.11536357,1214.1160
1.510000,4393510.132173,4259892.575598,1795767.462739,-11.622069,-9.871869,126.586648,0.99382274,0.04533872,0.10120748,0.00421896,0.09276456,-0.10278875,0.03470935,12.0114,14.3265,90.8696,0.03628497,-0.00641599,0.369030,0.02204525,0.01465992,-0.02180554,-0.01442021,0.02617994,0.01939255,-0.02811919,-0.01939255,1129.6635,8.0511,-67.3798,96.018218,-0.221832,-15.175086,16.45829313,44.11536366,1214.3265
1.520000,4393510.015424,4259892.476566,1795768.733171,-11.728048,-9.934609,127.499862,0.99385184,0.04582269,0.10069828,0.00431876,0.09434357,-0.09960720,0.03369594,12.0062,14.5385,92.1220,0.03530451,-0.00656350,0.371716,0.02204525,0.01465992,-0.02180554,-0.01442021,0.02617994,0.01939255,-0.02811919,-0.01939255,1129.1551,8.3981,-66.8293,96.006592,-0.202256,-15.132817,16.45830445,44.11536375,1214.5385
1.530000,4393509.897608,4259892.376904,1795770.012736,-11.835379,-9.997931,128.412980,0.99387819,0.04631382,0.10020830,0.00441314,0.09591361,-0.09515654,0.03249970,12.0010,14.7519,93.3834,0.03435957,-0.00669939,0.374402,0.02204525,0.01465992,-0.02180554,-0.01442021,0.02617994,0.01939255,-0.02811919,-0.01939255,1128.6441,8.7339,-66.3123,95.995126,-0.183712,-15.093186,16.45831585,44.11536385,1214.7519
1.540000,4393509.778705,4259892.276600,1795771.301466,-11.945345,-10.063081,129.333005,0.99390216,0.04682453,0.09972821,0.00449956,0.10249103,-0.09576838,0.03114103,11.9958,14.9668,94.6540,0.03346224,-0.00682199,0.377089,0.02018151,0.01254288,-0.01992741,-0.01228878,0.02521031,0.01357478,-0.02327106,-0.01939255,1128.1307,9.0552,-64.3568,95.983939,-0.166722,-14.933537,16.45832733,44.11536394,1214.9668
1.550000,4393509.658699,4259892.175642,1795772.599360,-12.056323,-10.128713,130.247636,0.99392500,0.04735422,0.09924578,0.00457676,0.10386189,-0.09625009,0.02964206,11.9906,15.1831,95.9336,0.03260074,-0.00692856,0.379796,0.02018151,0.01254288,-0.01992741,-0.01228878,0.02424068,0.01454441,-0.02327106,-0.01745329,1127.6108,9.3576,-63.6610,95.971945,-0.151627,-14.878737,16.45833889,44.11536405,1215.1831
1.560000,4393509.537572,4259892.074022,1795773.906453,-12.169114,-10.195309,131.169219,0.99394697,0.04788992,0.09876430,0.00464555,0.10522964,-0.09552637,0.02802103,11.9853,15.4008,97.2225,0.03174535,-0.00701859,0.382489,0.02018151,0.01254288,-0.01992741,-0.01228878,0.02424068,0.01454441,-0.02327106,-0.01745329,1139.9341,9.6375,-63.1837,97.031848,-0.138481,-14.842106,16.45835054,44.11536415,1215.4008
1.570000,4393509.415315,4259891.971735,1795775.222709,-12.282604,-10.262206,132.083650,0.99396748,0.04843152,0.09828980,0.00470567,0.10659402,-0.09359615,0.02629940,11.9801,15.6199,98.5205,0.03089788,-0.00709126,0.385202,0.02018151,0.01254288,-0.01992741,-0.01228878,0.02424068,0.01454441,-0.02327106,-0.01745329,1126.5655,9.8944,-62.6891,95.947975,-0.127339,-14.803924,16.45836227,44.11536426,1215.6199
1.580000,4393509.291913,4259891.868771,1795776.548161,-12.397820,-10.330571,133.005061,0.99398666,0.04897273,0.09782388,0.00476154,0.10529644,-0.09214211,0.02615758,11.9749,15.8403,99.8276,0.03007365,-0.00714652,0.387895,0.01847369,0.01077053,-0.01819661,-0.01049346,0.02424068,0.01357478,-0.02327106,-0.01551404,1138.9802,9.7303,-61.7947,97.016751,-0.151320,-14.732285,16.45837408,44.11536436,1215.8403
1.590000,4393509.167352,4259891.765120,1795777.882809,-12.514675,-10.399778,133.926205,0.99400589,0.04949378,0.09736254,0.00481590,0.09866191,-0.09177611,0.02481996,11.9696,16.0622,101.1439,0.02927503,-0.00719410,0.390609,0.01847369,0.01077053,-0.01819661,-0.01049346,0.02424068,0.01260516,-0.02036217,-0.01551404,1125.4810,10.2184,-60.7743,95.921582,-0.120424,-14.650058,16.45838597,44.11536448,1216.0622
1.600000,4393509.041619,4259891.660774,1795779.226650,-12.632247,-10.469698,134.841901,0.99402679,0.04996823,0.09690298,0.00487088,0.08673705,-0.09139658,0.02455477,11.9644,16.2853,102.4695,0.02849615,-0.00723341,0.393323,0.01847369,0.01077053,-0.01819661,-0.01049346,0.02424068,0.01260516,-0.02036217,-0.01357478,1137.7324,10.1577,-60.0142,96.977554,-0.134450,-14.589565,16.45839795,44.11536459,1216.2853
1.610000,4393508.914701,4259891.555722,1795780.579682,-12.751555,-10.540659,135.764510,0.99404977,0.05038399,0.09644793,0.00493033,0.07511975,-0.08985898,0.02422348,11.9592,16.5098,103.8042,0.02773047,-0.00726907,0.396022,0.01847369,0.01077053,-0.01819661,-0.01049346,0.02424068,0.01260516,-0.02036217,-0.01357478,1137.2418,10.3631,-59.5073,96.969388,-0.125102,-14.550289,16.45841001,44.11536471,1216.5098
1.620000,4393508.786581,4259891.449958,1795781.941939,-12.872501,-10.612340,136.686960,0.99407292,0.05077723,0.09599916,0.00498603,0.07787802,-0.08894255,0.02207628,11.9539,16.7357,105.1481,0.02697933,-0.00730438,0.398741,0.01691728,0.00921967,-0.01655300,-0.00885539,0.02036217,0.01260516,-0.02133180,-0.01357478,1136.6440,10.9896,-58.5791,96.952385,-0.080058,-14.475749,16.45842215,44.11536483,1216.7357
1.630000,4393508.657245,4259891.343472,1795783.313420,-12.994858,-10.684910,137.609201,0.99409370,0.05120425,0.09555407,0.00502630,0.08916155,-0.08869087,0.01931426,11.9486,16.9628,106.5012,0.02624971,-0.00732574,0.401460,0.01691728,0.00921967,-0.01655300,-0.00885539,0.01842292,0.01163553,-0.02133180,-0.01357478,1136.0423,11.3180,-57.6569,96.935123,-0.060549,-14.401542,16.45843438,44.11536496,1216.9628
1.640000,4393508.526678,4259891.236257,1795784.694122,-13.118762,-10.758272,138.531221,0.99411248,0.05166325,0.09510955,0.00504510,0.09149906,-0.08913831,0.01476784,11.9434,17.1912,107.8636,0.02553571,-0.00732003,0.404180,0.01691728,0.00921967,-0.01655300,-0.00885539,0.01842292,0.01163553,-0.01842292,-0.01357478,1135.4366,11.8885,-56.7293,96.917552,-0.021328,-14.326733,16.45844669,44.11536508,1217.1912
1.650000,4393508.394867,4259891.128304,1795786.084044,-13.243642,-10.832473,139.453116,0.99413032,0.05213163,0.09466680,0.00504042,0.09380434,-0.08845850,0.01031279,11.9381,17.4209,109.2352,0.02483037,-0.00727419,0.406899,0.01691728,0.00921967,-0.01655300,-0.00885539,0.01842292,0.01163553,-0.01842292,-0.01357478,1134.8271,11.9544,-56.2134,96.899704,-0.024470,-14.286299,16.45845909,44.11536521,1217.4209
1.660000,4393508.261803,4259891.019603,1795787.483184,-13.369207,-10.907911,140.374772,0.99414718,0.05260227,0.09422955,0.00501848,0.09309408,-0.08727638,0.00788310,11.9329,17.6519,110.6161,0.02413281,-0.00718428,0.409619,0.01521237,0.00794117,-0.01481104,-0.00753984,0.01842292,0.01163553,-0.01939255,-0.01163553,1134.2136,11.4921,-55.5298,96.881640,-0.071881,-14.231747,16.45847156,44.11536535,1217.6519
1.670000,4393508.127480,4259890.910143,1795788.891539,-13.495760,-10.984390,141.298085,0.99416305,0.05306832,0.09380152,0.00498573,0.09242799,-0.08497850,0.00565751,11.9276,17.8841,112.0062,0.02345186,-0.00706462,0.412338,0.01521237,0.00794117,-0.01481104,-0.00753984,0.01842292,0.01163553,-0.01939255,-0.01163553,1133.5963,11.4121,-54.9912,96.863513,-0.087159,-14.189254,16.45848412,44.11536548,1217.8841
1.680000,4393507.991886,4259890.799912,1795790.309145,-13.623068,-11.061811,142.221172,0.99417742,0.05353008,0.09338814,0.00494356,0.09180510,-0.08159162,0.00367223,11.9223,18.1176,113.4055,0.02279405,-0.00692438,0.415063,0.01521237,0.00794117,-0.01481104,-0.00753984,0.01842292,0.01163553,-0.01939255,-0.01163553,1145.8092,11.2876,-54.4650,97.921815,-0.106086,-14.147707,16.45849677,44.11536562,1218.1176
1.690000,4393507.855012,4259890.688901,1795791.735998,-13.751849,-11.140582,143.151200,0.99418954,0.05399551,0.09299315,0.00489108,0.09433911,-0.07781648,0.00131325,11.9170,18.3523,114.8141,0.02217031,-0.00676620,0.417788,0.01521237,0.00794117,-0.01481104,-0.00753984,0.01745329,0.01163553,-0.01939255,-0.01163553,1132.4520,11.2759,-53.8186,96.836057,-0.115596,-14.095958,16.45850950,44.11536576,1218.3523
1.700000,4393507.716849,4259890.577097,1795793.172132,-13.880823,-11.220251,144.073852,0.99419851,0.05448546,0.09261401,0.00482664,0.10155736,-0.07537521,-0.00039555,11.9118,18.5882,116.2320,0.02158737,-0.00658813,0.420533,0.01350078,0.00726688,-0.01304455,-0.00681065,0.01648367,0.00969627,-0.01842292,-0.01163553,1144.5467,11.0645,-52.7562,97.886057,-0.142337,-14.009105,16.45852231,44.11536591,1218.5882
1.710000,4393507.577395,4259890.464493,1795794.617475,-14.010212,-11.300808,144.996412,0.99420402,0.05500491,0.09225093,0.00475370,0.10702197,-0.07166609,-0.00142136,11.9065,18.8253,117.6593,0.02104396,-0.00639245,0.423258,0.01350078,0.00726688,-0.01304455,-0.00681065,0.01745329,0.00969627,-0.01842292,-0.01163553,1131.0786,10.6508,-52.5223,96.790351,-0.186642,-13.991620,16.45853521,44.11536606,1218.8253
1.720000,4393507.436640,4259890.351076,1795796.072096,-14.140814,-11.382731,145.927746,0.99420573,0.05555072,0.09190882,0.00467522,0.11236811,-0.06707659,-0.00207729,11.9012,19.0636,119.0957,0.02053565,-0.00618665,0.425982,0.01350078,0.00726688,-0.01304455,-0.00681065,0.01745329,0.00969627,-0.01842292,-0.01163553,1143.3797,10.3651,-52.1754,97.859719,-0.220715,-13.964489,16.45854819,44.11536621,1219.0636
1.730000,4393507.294575,4259890.236839,1795797.535993,-14.272088,-11.464930,146.851672,0.99420487,0.05610509,0.09158539,0.00458427,0.11100829,-0.06444687,-0.00646674,11.8959,19.3031,120.5415,0.02007110,-0.00597490,0.428733,0.01350078,0.00726688,-0.01304455,-0.00681065,0.01551404,0.01066590,-0.01551404,-0.01163553,1142.7316,11.0383,-51.2477,97.841581,-0.174354,-13.888401,16.45856125,44.11536637,1219.3031
1.740000,4393507.151198,4259890.121774,1795799.009128,-14.403429,-11.548259,147.775430,0.99420322,0.05664255,0.09127729,0.00447655,0.10695119,-0.06189584,-0.00887829,11.8907,19.5438,121.9967,0.01964992,-0.00573636,0.431462,0.01210337,0.00691576,-0.01160344,-0.00641583,0.01551404,0.01066590,-0.01551404,-0.01163553,1141.9772,10.6640,-51.0360,97.814807,-0.215686,-13.872426,16.45857440,44.11536652,1219.5438
1.750000,4393507.006504,4259890.005865,1795800.491537,-14.535352,-11.633665,148.706164,0.99420076,0.05717717,0.09097539,0.00436918,0.10923307,-0.06135422,-0.00738857,11.8853,19.7856,123.4611,0.01926032,-0.00546710,0.434192,0.01210337,0.00691576,-0.01160344,-0.00641583,0.01648367,0.00678739,-0.01551404,-0.00969627,1141.4338,9.0433,-50.0347,97.806198,-0.361847,-13.789982,16.45858763,44.11536669,1219.7856
1.760000,4393506.860490,4259889.889098,1795801.983251,-14.667414,-11.719843,149.636753,0.99419683,0.05772380,0.09067743,0.00426964,0.11148083,-0.06011510,-0.00542153,11.8800,20.0286,124.9348,0.01888725,-0.00520670,0.436942,0.01210337,0.00691576,-0.01160344,-0.00641583,0.01648367,0.00678739,-0.01551404,-0.00969627,1140.7741,8.6006,-49.8916,97.787857,-0.409223,-13.779645,16.45860095,44.11536685,1220.0286
1.770000,4393506.713155,4259889.771466,1795803.484271,-14.799744,-11.806753,150.567166,0.99419109,0.05828245,0.09038672,0.00418044,0.11548705,-0.05856319,-0.00338434,11.8747,20.2728,126.4179,0.01852443,-0.00496783,0.439692,0.01210337,0.00691576,-0.01160344,-0.00641583,0.01648367,0.00678739,-0.01551404,-0.00969627,1140.2197,8.1930,-49.7518,97.778507,-0.453931,-13.769519,16.45861435,44.11536702,1220.2728
1.780000,4393506.564488,4259889.652959,1795804.994631,-14.933483,-11.894751,151.502975,0.99418254,0.05887870,0.09009790,0.00409179,0.12465373,-0.05894204,-0.00351112,11.8694,20.5181,127.9104,0.01817910,-0.00475414,0.442441,0.01099423,0.00682710,-0.01043927,-0.00627214,0.01357478,0.00678739,-0.01454441,-0.00969627,1139.4429,8.5283,-48.9343,97.750679,-0.436804,-13.702181,16.45862783,44.11536719,1220.5181
1.790000,4393506.414484,4259889.533569,1795806.514329,-15.067934,-11.983675,152.442067,0.99417052,0.05952872,0.08980724,0.00399667,0.13716288,-0.05941097,-0.00397004,11.8640,20.7645,129.4123,0.01784171,-0.00454711,0.445208,0.01099423,0.00682710,-0.01043927,-0.00627214,0.01260516,0.00678739,-0.01454441,-0.00969627,1126.1600,8.3472,-48.6426,96.668828,-0.464217,-13.678970,16.45864141,44.11536736,1220.7645
1.800000,4393506.263128,4259889.413283,1795808.043471,-15.202931,-12.073437,153.382595,0.99415506,0.06023071,0.08951438,0.00389357,0.14570843,-0.05996482,-0.00475856,11.8586,21.0121,130.9235,0.01750202,-0.00433798,0.447984,0.01099423,0.00682710,-0.01043927,-0.00627214,0.01260516,0.00678739,-0.01357478,-0.00969627,1163.8522,8.1537,-48.3280,99.884595,-0.493680,-13.653678,16.45865506,44.11536753,1221.0121
1.810000,4393506.110425,4259889.292097,1795809.581981,-15.337952,-12.163840,154.321151,0.99413655,0.06097434,0.08922075,0.00378380,0.15403595,-0.05982827,-0.00510542,11.8533,21.2608,132.4443,0.01715938,-0.00412367,0.450764,0.01099423,0.00682710,-0.01043927,-0.00627214,0.01260516,0.00678739,-0.01357478,-0.00969627,1137.3983,7.7580,-48.1693,97.691504,-0.541016,-13.641399,16.45866880,44.11536771,1221.2608
1.820000,4393505.956370,4259889.170000,1795811.129893,-15.473052,-12.255749,155.261360,0.99411495,0.06175945,0.08892530,0.00367738,0.16215196,-0.06055618,-0.00189992,11.8479,21.5107,133.9745,0.01681624,-0.00390629,0.453539,0.00976941,0.00670911,-0.00915821,-0.00609792,0.01260516,0.00581776,-0.01454441,-0.00775702,1149.6475,6.6058,-47.6204,98.763136,-0.653046,-13.596049,16.45868263,44.11536789,1221.5107
1.830000,4393505.800963,4259889.046980,1795812.687207,-15.608430,-12.348383,156.201371,0.99409024,0.06258585,0.08862705,0.00358420,0.17006227,-0.06056536,0.00168826,11.8425,21.7617,135.5142,0.01647334,-0.00370967,0.456320,0.00976941,0.00670911,-0.00915821,-0.00609792,0.01260516,0.00581776,-0.01454441,-0.00775702,1148.8394,6.2325,-47.4242,98.733088,-0.700208,-13.580325,16.45869654,44.11536808,1221.7617
1.840000,4393505.644200,4259888.923031,1795814.253920,-15.744195,-12.441497,157.141204,0.99406235,0.06344614,0.08833085,0.00350563,0.17456284,-0.05917566,0.00491598,11.8372,22.0138,137.0634,0.01612826,-0.00354903,0.459100,0.00976941,0.00670911,-0.00915821,-0.00609792,0.01260516,0.00581776,-0.01454441,-0.00775702,1148.2534,5.9364,-47.2033,98.721801,-0.741568,-13.562385,16.45871054,44.11536826,1222.0138
1.850000,4393505.486077,4259888.798148,1795815.830030,-15.880387,-12.535163,158.080827,0.99403152,0.06432673,0.08804297,0.00344196,0.17834310,-0.05694375,0.00824549,11.8318,22.2670,138.6220,0.01579014,-0.00342386,0.461880,0.00976941,0.00670911,-0.00915821,-0.00609792,0.01260516,0.00678739,-0.01454441,-0.00775702,1147.5504,5.9087,-47.1693,98.700762,-0.760682,-13.560108,16.45872462,44.11536845,1222.2670
1.860000,4393505.326588,4259888.672326,1795817.415536,-16.017500,-12.629373,159.020191,0.99400038,0.06518769,0.08776277,0.00339358,0.16632465,-0.05569547,0.01009820,11.8264,22.5213,140.1901,0.01547197,-0.00333200,0.464659,0.00874966,0.00632640,-0.00806633,-0.00564307,0.01357478,0.00678739,-0.01163553,-0.00775702,1146.8435,6.1567,-46.5856,98.679509,-0.756130,-13.511345,16.45873879,44.11536864,1222.5213
1.870000,4393505.165726,4259888.545560,1795819.010434,-16.155120,-12.723779,159.959353,0.99397075,0.06600055,0.08749173,0.00335759,0.15873252,-0.05297392,0.01123668,11.8211,22.7767,141.7677,0.01517407,-0.00326596,0.467438,0.00874966,0.00632640,-0.00806633,-0.00564307,0.01357478,0.00678739,-0.01163553,-0.00872665,1146.1327,6.2717,-46.6223,98.658080,-0.761890,-13.515075,16.45875305,44.11536883,1222.7767
1.880000,4393505.003484,4259888.417849,1795820.614722,-16.293208,-12.818542,160.898316,0.99394154,0.06677684,0.08723512,0.00333174,0.15143834,-0.04966442,0.01246276,11.8157,23.0332,143.3548,0.01489538,-0.00321627,0.470217,0.00874966,0.00632640,-0.00806633,-0.00564307,0.01357478,0.00678739,-0.01163553,-0.00872665,1145.4179,6.2273,-46.4926,98.636578,-0.780442,-13.504750,16.45876739,44.11536903,1223.0332
1.890000,4393504.839860,4259888.289189,1795822.228399,-16.432028,-12.913700,161.838871,0.99391250,0.06751806,0.08699569,0.00331644,0.14654028,-0.04626878,0.01331352,11.8103,23.2908,144.9513,0.01464696,-0.00318017,0.472996,0.00874966,0.00632640,-0.00806633,-0.00564307,0.01357478,0.00678739,-0.01163553,-0.00872665,1144.8160,6.2157,-46.4248,98.625018,-0.795559,-13.499665,16.45878181,44.11536923,1223.2908
1.900000,4393504.674835,4259888.159572,1795823.851535,-16.572943,-13.009742,162.788186,0.99388227,0.06825565,0.08676587,0.00329783,0.14800304,-0.04546257,0.01119625,11.8049,23.5494,146.5573,0.01443422,-0.00315746,0.475780,0.00764583,0.00566059,-0.00690237,-0.00491713,0.01066590,0.00678739,-0.01066590,-0.00872665,1156.9142,7.0563,-45.6182,99.689874,-0.738400,-13.431968,16.45879633,44.11536943,1223.5494
1.910000,4393504.508401,4259888.028992,1795825.484162,-16.713914,-13.106194,163.737311,0.99385053,0.06899992,0.08654151,0.00327299,0.14946038,-0.04422662,0.01092623,11.7995,23.8091,148.1729,0.01424244,-0.00312273,0.478589,0.00764583,0.00566059,-0.00690237,-0.00491713,0.01066590,0.00678739,-0.01163553,-0.00775702,1156.1793,6.6278,-45.6824,99.668220,-0.788842,-13.437944,16.45881092,44.11536964,1223.8091
1.920000,4393504.340555,4259887.897447,1795827.126280,-16.855261,-13.202742,164.684424,0.99381799,0.06974044,0.08632226,0.00324549,0.14665970,-0.04347282,0.00987607,11.7941,24.0699,149.7980,0.01405989,-0.00307855,0.481399,0.00764583,0.00566059,-0.00690237,-0.00491713,0.01066590,0.00678739,-0.01066590,-0.00775702,1155.4404,6.8004,-45.5504,99.646239,-0.788285,-13.427254,16.45882561,44.11536984,1224.0699
1.930000,4393504.171295,4259887.764937,1795828.777850,-16.996868,-13.299479,165.631334,0.99378544,0.07046692,0.08610800,0.00321460,0.14400058,-0.04232305,0.00895504,11.7886,24.3318,151.4327,0.01388733,-0.00302748,0.484203,0.00764583,0.00566059,-0.00690237,-0.00491713,0.01066590,0.00678739,-0.01066590,-0.00775702,1141.9985,6.7408,-45.6457,98.546773,-0.807124,-13.435842,16.45884038,44.11537005,1224.3318
1.940000,4393504.000615,4259887.631457,1795830.438906,-17.139118,-13.396561,166.579796,0.99375365,0.07116901,0.08589846,0.00317961,0.13711502,-0.04171095,0.00727664,11.7832,24.5947,153.0770,0.01372293,-0.00296776,0.487006,0.00714667,0.00546512,-0.00635844,-0.00467689,0.01066590,0.00678739,-0.00969627,-0.00775702,1153.9536,6.8711,-45.5381,99.601844,-0.809373,-13.427252,16.45885524,44.11537026,1224.5947
1.950000,4393503.828509,4259887.497002,1795832.109481,-17.282229,-13.494345,167.535258,0.99372343,0.07183687,0.08569329,0.00313991,0.13051562,-0.04072996,0.00578782,11.7777,24.8587,154.7308,0.01356671,-0.00289561,0.489814,0.00714667,0.00546512,-0.00635844,-0.00467689,0.01066590,0.00678739,-0.00969627,-0.00775702,1153.2029,6.7472,-45.6623,99.579502,-0.832512,-13.438408,16.45887018,44.11537048,1224.8587
1.960000,4393503.654974,4259887.361570,1795833.789574,-17.424722,-13.592127,168.483296,0.99369561,0.07246101,0.08549170,0.00309965,0.11971647,-0.04033267,0.00545124,11.7723,25.1238,156.3942,0.01341615,-0.00280976,0.492643,0.00714667,0.00546512,-0.00635844,-0.00467689,0.01066590,0.00678739,-0.00969627,-0.00678739,1152.4424,6.3604,-45.5768,99.556085,-0.877154,-13.431838,16.45888521,44.11537070,1225.1238
1.970000,4393503.480014,4259887.225159,1795835.479147,-17.567313,-13.690134,169.431128,0.99367098,0.07303243,0.08529284,0.00306300,0.10934603,-0.03958377,0.00533730,11.7669,25.3899,158.0673,0.01327231,-0.00271876,0.495450,0.00714667,0.00546512,-0.00635844,-0.00467689,0.01066590,0.00678739,-0.00969627,-0.00678739,1151.6838,6.1764,-45.7206,99.532859,-0.903572,-13.444881,16.45890033,44.11537092,1225.3899
1.980000,4393503.303621,4259887.087765,1795837.178232,-17.711249,-13.788668,170.385922,0.99364701,0.07358714,0.08509661,0.00302076,0.11316158,-0.03945551,0.00258769,11.7614,25.6571,159.7499,0.01313228,-0.00262857,0.498257,0.00659106,0.00549898,-0.00577760,-0.00468552,0.00872665,0.00678739,-0.00969627,-0.00775702,1150.9212,6.6711,-45.6406,99.509656,-0.871956,-13.438946,16.45891553,44.11537114,1225.6571
1.990000,4393503.125793,4259886.949387,1795838.886828,-17.854478,-13.886980,171.333314,0.99362121,0.07415940,0.08490286,0.00296410,0.11687171,-0.03898157,0.00014422,11.7560,25.9253,161.4421,0.01299544,-0.00252276,0.501085,0.00659106,0.00549898,-0.00577760,-0.00468552,0.00872665,0.00678739,-0.00969627,-0.00775702,1150.1489,6.4322,-45.7999,99.485365,-0.903031,-13.453280,16.45893082,44.11537137,1225.9253
2.000000,4393502.946528,4259886.810022,1795840.604934,-17.998339,-13.986111,172.287716,0.99359343,0.07474885,0.08471318,0.00289487,0.12048040,-0.03816476,-0.00193126,11.7505,26.1946,163.1440,0.01286050,-0.00239283,0.503891,0.00659106,0.00549898,-0.00577760,-0.00468552,0.00872665,0.00678739,-0.00969627,-0.00775702,1149.5023,6.1168,-45.9617,99.472151,-0.940931,-13.467766,16.45894620,44.11537160,1226.1946
2.010000,4393502.765831,4259886.669665,1795842.332546,-18.141266,-14.085462,173.236561,0.99356330,0.07535942,0.08452799,0.00281895,0.12476093,-0.03717968,-0.00176501,11.7451,26.4649,164.8554,0.01272976,-0.00224240,0.506717,0.00659106,0.00549898,-0.00577760,-0.00468552,0.00872665,0.00581776,-0.00969627,-0.00775702,1148.5986,5.4977,-45.8970,99.436907,-1.005122,-13.462886,16.45896166,44.11537183,1226.4649
2.020000,4393502.583697,4259886.528310,1795844.069700,-18.285469,-14.185561,174.194117,0.99353206,0.07597447,0.08434713,0.00273807,0.12330790,-0.03672540,-0.00403702,11.7396,26.7363,166.5765,0.01260600,-0.00208622,0.509528,0.00591487,0.00555849,-0.00508375,-0.00472737,0.00872665,0.00678739,-0.00872665,-0.00775702,1160.6331,5.5706,-46.0768,100.504216,-1.010489,-13.478799,16.45897722,44.11537206,1226.7363
2.030000,4393502.400125,4259886.385955,1795845.816392,-18.428878,-14.285545,175.144317,0.99350046,0.07658572,0.08416924,0.00264662,0.12442106,-0.03648013,-0.00634653,11.7342,27.0087,168.3072,0.01248860,-0.00191986,0.512364,0.00591487,0.00555849,-0.00508375,-0.00472737,0.00872665,0.00678739,-0.00872665,-0.00775702,1159.8416,5.1199,-46.2782,100.479229,-1.060384,-13.496543,16.45899285,44.11537230,1227.0087
2.040000,4393502.215117,4259886.242595,1795847.572621,-18.572838,-14.386476,176.101451,0.99346740,0.07720961,0.08399254,0.00254217,0.12798131,-0.03644293,-0.00862932,11.7287,27.2822,170.0475,0.01237455,-0.00173439,0.515179,0.00591487,0.00555849,-0.00508375,-0.00472737,0.00775702,0.00678739,-0.00872665,-0.00775702,1159.1781,4.8426,-46.2369,100.465496,-1.095748,-13.493566,16.45900858,44.11537254,1227.2822
2.050000,4393502.028670,4259886.098224,1795849.338421,-18.716440,-14.487886,177.058451,0.99343248,0.07785006,0.08381758,0.00242646,0.13144299,-0.03608787,-0.01031143,11.7232,27.5567,171.7975,0.01225907,-0.00152794,0.518014,0.00591487,0.00555849,-0.00508375,-0.00472737,0.00775702,0.00678739,-0.00872665,-0.00775702,1158.2526,4.2449,-46.4334,100.429456,-1.158764,-13.510800,16.45902439,44.11537278,1227.5567
2.060000,4393501.840791,4259885.952836,1795851.113790,-18.859333,-14.589756,178.015296,0.99339434,0.07851977,0.08364818,0.00230451,0.13988924,-0.03434823,-0.01029401,11.7177,27.8322,173.5572,0.01214352,-0.00130549,0.520849,0.00505456,0.00585802,-0.00420661,-0.00501008,0.00775702,0.00678739,-0.00969627,-0.00775702,1157.5765,3.3329,-46.8746,100.414785,-1.249209,-13.548810,16.45904029,44.11537303,1227.8322
2.070000,4393501.651479,4259885.806426,1795852.898725,-19.002825,-14.692274,178.971838,0.99335624,0.07918292,0.08347889,0.00217492,0.13007053,-0.03610227,-0.01337960,11.7122,28.1088,175.3265,0.01203523,-0.00107967,0.523684,0.00505456,0.00585802,-0.00420661,-0.00501008,0.00775702,0.00678739,-0.00581776,-0.00775702,1156.7697,3.6663,-46.0629,100.388967,-1.233252,-13.479881,16.45905628,44.11537327,1228.1088
2.080000,4393501.460733,4259885.658986,1795854.693262,-19.146375,-14.795877,179.935424,0.99332133,0.07980595,0.08330431,0.00203638,0.12326341,-0.03697745,-0.01519644,11.7067,28.3865,177.1055,0.01192791,-0.00083811,0.526518,0.00505456,0.00585802,-0.00420661,-0.00501008,0.00775702,0.00678739,-0.00678739,-0.00775702,1156.0876,2.6562,-46.5270,100.374013,-1.331238,-13.520014,16.45907235,44.11537352,1228.3865
2.090000,4393501.268557,4259885.510509,1795856.497397,-19.288668,-14.899627,180.891609,0.99328895,0.08039533,0.08312676,0.00189320,0.11677177,-0.03748109,-0.01624284,11.7012,28.6651,178.8941,0.01180512,-0.00057952,0.529372,0.00505456,0.00585802,-0.00420661,-0.00501008,0.00775702,0.00678739,-0.00678739,-0.00775702,1155.1382,1.8321,-46.6820,100.335855,-1.412752,-13.533849,16.45908851,44.11537377,1228.6651
2.100000,4393501.074960,4259885.360991,1795858.311093,-19.430716,-15.004143,181.847556,0.99326021,0.08093937,0.08294526,0.00174743,0.10524699,-0.03871005,-0.01760879,11.6957,28.9449,180.6925,0.01167412,-0.00031284,0.532205,0.00420814,0.00633377,-0.00335526,-0.00548090,0.00775702,0.00678739,-0.00581776,-0.00775702,1154.3196,1.2285,-46.5344,100.308782,-1.474593,-13.521969,16.45910476,44.11537403,1228.9449
2.110000,4393500.879941,4259885.210421,1795860.134384,-19.573098,-15.110111,182.812333,0.99323614,0.08142703,0.08275900,0.00160117,0.09423259,-0.03949851,-0.01815142,11.6902,29.2256,182.5006,0.01153412,-0.00003954,0.535038,0.00420814,0.00633377,-0.00335526,-0.00548090,0.00775702,0.00678739,-0.00581776,-0.00775702,1153.6275,0.3202,-46.6141,100.292827,-1.561457,-13.529717,16.45912110,44.11537429,1229.2256
2.120000,4393500.683503,4259885.058789,1795861.967303,-19.714190,-15.216376,183.769624,0.99321641,0.08186114,0.08256994,0.00145850,0.08370795,-0.03981341,-0.01786787,11.6847,29.5074,184.3183,0.01138224,0.00023616,0.537896,0.00420814,0.00633377,-0.00335526,-0.00548090,0.00775702,0.00678739,-0.00581776,-0.00775702,1165.4708,-0.6137,-46.6492,101.349295,-1.649556,-13.533820,16.45913752,44.11537454,1229.5074
2.130000,4393500.485652,4259884.906087,1795863.809811,-19.855918,-15.323996,184.731965,0.99319889,0.08227165,0.08237486,0.00131497,0.08472317,-0.04196592,-0.01907895,11.6792,29.7903,186.1458,0.01122438,0.00050605,0.540733,0.00420814,0.00633377,-0.00335526,-0.00548090,0.00581776,0.00678739,-0.00581776,-0.00775702,1151.9626,-0.9982,-46.1021,100.236236,-1.690235,-13.488171,16.45915404,44.11537481,1229.7903
2.140000,4393500.286386,4259884.752305,1795865.661941,-19.997158,-15.432575,185.694045,0.99318197,0.08268214,0.08216988,0.00116568,0.08482022,-0.04375161,-0.01962911,11.6737,30.0742,187.9830,0.01105567,0.00077670,0.543584,0.00344311,0.00651072,-0.00260389,-0.00567151,0.00581776,0.00678739,-0.00484814,-0.00775702,1150.9905,-1.6772,-45.7833,100.195820,-1.756169,-13.462069,16.45917064,44.11537507,1230.0742
2.150000,4393500.085714,4259884.597435,1795867.523655,-20.137299,-15.541765,186.650497,0.99316490,0.08309782,0.08195848,0.00101580,0.08585332,-0.04471955,-0.01912678,11.6682,30.3591,189.8299,0.01086616,0.00105132,0.546435,0.00344311,0.00651072,-0.00260389,-0.00567151,0.00581776,0.00678739,-0.00581776,-0.00775702,1150.2789,-2.9427,-45.9338,100.177352,-1.872515,-13.476140,16.45918732,44.11537533,1230.3591
2.160000,4393499.883638,4259884.441464,1795869.394986,-20.277699,-15.652544,187.613855,0.99314744,0.08351896,0.08174350,0.00086981,0.08686928,-0.04502979,-0.01779484,11.6627,30.6450,191.6865,0.01066406,0.00131911,0.549270,0.00344311,0.00651072,-0.00260389,-0.00567151,0.00581776,0.00678739,-0.00581776,-0.00775702,1162.1079,-3.9240,-45.7443,101.234378,-1.964707,-13.461074,16.45920410,44.11537560,1230.6450
2.170000,4393499.680165,4259884.284384,1795871.275895,-20.417157,-15.763951,188.571558,0.99312928,0.08394577,0.08152791,0.00073199,0.08786862,-0.04466770,-0.01568692,11.6572,30.9319,193.5528,0.01045554,0.00157192,0.552125,0.00344311,0.00651072,-0.00260389,-0.00567151,0.00581776,0.00678739,-0.00581776,-0.00775702,1148.5827,-4.8696,-45.5197,100.117162,-2.054044,-13.442948,16.45922096,44.11537587,1230.9319
2.180000,4393499.475292,4259884.126179,1795873.166453,-20.557193,-15.877028,189.538048,0.99311017,0.08437850,0.08131473,0.00060629,0.08885231,-0.04363885,-0.01288189,11.6516,31.2199,195.4288,0.01024812,0.00180218,0.554964,0.00246440,0.00676692,-0.00163455,-0.00593706,0.00581776,0.00678739,-0.00581776,-0.00775702,1173.2041,-5.7500,-45.2796,102.273246,-2.137996,-13.423448,16.45923791,44.11537614,1231.2199
2.190000,4393499.269022,4259883.966840,1795875.066655,-20.696906,-15.990870,190.502431,0.99308985,0.08481731,0.08110693,0.00049621,0.08776972,-0.04239632,-0.00990254,11.6461,31.5089,197.3146,0.01004770,0.00200291,0.557829,0.00246440,0.00676692,-0.00163455,-0.00593706,0.00581776,0.00678739,-0.00581776,-0.00775702,1159.6697,-6.5382,-45.0531,101.155103,-2.214248,-13.405056,16.45925495,44.11537641,1231.5089
2.200000,4393499.061351,4259883.806360,1795876.976500,-20.837403,-16.105301,191.466430,0.99306960,0.08525127,0.08090017,0.00039025,0.08883963,-0.04266358,-0.01102097,11.6405,31.7989,199.2101,0.00986172,0.00216887,0.560688,0.00246440,0.00676692,-0.00163455,-0.00593706,0.00484814,0.00678739,-0.00387851,-0.00872665,1158.8024,-6.0239,-44.2704,101.124111,-2.178586,-13.338867,16.45927208,44.11537668,1231.7989
2.210000,4393498.852275,4259883.644730,1795878.895983,-20.977804,-16.221059,192.431921,0.99305022,0.08567516,0.08069048,0.00028380,0.08380451,-0.04360011,-0.01032004,11.6350,32.0899,201.1154,0.00968094,0.00232867,0.563546,0.00246440,0.00676692,-0.00163455,-0.00593706,0.00484814,0.00678739,-0.00387851,-0.00775702,1157.9313,-6.9961,-43.7889,101.092784,-2.270439,-13.298541,16.45928930,44.11537696,1232.0899
2.220000,4393498.641797,4259883.481936,1795880.825138,-21.117853,-16.337732,193.398958,0.99303136,0.08609073,0.08048025,0.00018606,0.08518319,-0.04259183,-0.00782730,11.6294,32.3819,203.0305,0.00949568,0.00248520,0.566409,0.00189329,0.00677054,-0.00107549,-0.00595274,0.00484814,0.00678739,-0.00484814,-0.00775702,1169.8563,-7.9680,-43.8841,102.161822,-2.362212,-13.307788,16.45930660,44.11537724,1232.3819
2.230000,4393498.429919,4259883.317972,1795882.763961,-21.257613,-16.455013,194.363856,0.99301116,0.08651412,0.08027541,0.00010177,0.08652620,-0.04096513,-0.00492692,11.6239,32.6749,204.9553,0.00930982,0.00262065,0.569276,0.00189329,0.00677054,-0.00107549,-0.00595274,0.00484814,0.00678739,-0.00484814,-0.00775702,1168.9734,-8.5633,-43.6553,102.130020,-2.421831,-13.289119,16.45932399,44.11537751,1232.6749
2.240000,4393498.216645,4259883.152834,1795884.712414,-21.397345,-16.572932,195.328513,0.99298938,0.08694530,0.08007873,0.00003297,0.08783495,-0.03877307,-0.00172631,11.6183,32.9689,206.8899,0.00913759,0.00272626,0.572137,0.00189329,0.00677054,-0.00107549,-0.00595274,0.00484814,0.00678739,-0.00484814,-0.00775702,1155.2878,-9.0525,-43.4627,100.996381,-2.472535,-13.273491,16.45934147,44.11537779,1232.9689
2.250000,4393498.001972,4259882.986512,1795886.670530,-21.537097,-16.691325,196.292791,0.99296584,0.08738420,0.07989273,-0.00001889,0.08911114,-0.03608751,0.00165686,11.6128,33.2639,208.8343,0.00898457,0.00279916,0.574998,0.00189329,0.00677054,-0.00107549,-0.00595274,0.00484814,0.00678739,-0.00484814,-0.00775702,1167.1993,-9.4211,-43.3310,102.066060,-2.513078,-13.263024,16.45935904,44.11537807,1233.2639
2.260000,4393497.785897,4259882.819001,1795888.638305,-21.678004,-16.811054,197.263972,0.99294090,0.08783071,0.07971284,-0.00005358,0.09035623,-0.03571451,0.00510008,11.6072,33.5598,210.7884,0.00885566,0.00283768,0.577858,0.00146979,0.00652634,-0.00066364,-0.00572019,0.00387851,0.00678739,-0.00484814,-0.00678739,1153.6469,-9.6590,-42.6451,100.943378,-2.542567,-13.204753,16.45937670,44.11537835,1233.5598
2.270000,4393497.568415,4259882.650293,1795890.615772,-21.818554,-16.930553,198.229443,0.99291496,0.08828466,0.07953427,-0.00007153,0.09157178,-0.03494326,0.00847911,11.6016,33.8568,212.7524,0.00874374,0.00284130,0.580739,0.00146979,0.00652634,-0.00066364,-0.00572019,0.00387851,0.00678739,-0.00484814,-0.00678739,1165.4030,-9.7612,-42.6637,102.000837,-2.560537,-13.207108,16.45939444,44.11537864,1233.8568
2.280000,4393497.349517,4259882.480386,1795892.602929,-21.960920,-17.050878,199.201809,0.99289137,0.08871231,0.07935269,-0.00007800,0.07956618,-0.03657721,0.00892096,11.5960,34.1547,214.7261,0.00863685,0.00281097,0.583603,0.00146979,0.00652634,-0.00066364,-0.00572019,0.00387851,0.00678739,-0.00290888,-0.00678739,1164.6416,-9.0743,-42.0394,101.980111,-2.509983,-13.154124,16.45941228,44.11537892,1234.1547
2.290000,4393497.129195,4259882.309275,1795894.599807,-22.103628,-17.171348,200.173814,0.99287334,0.08908199,0.07916390,-0.00007872,0.06816677,-0.03777074,0.00917756,11.5904,34.4536,216.7097,0.00852734,0.00276443,0.586488,0.00146979,0.00652634,-0.00066364,-0.00572019,0.00387851,0.00678739,-0.00290888,-0.00678739,1163.7292,-8.9786,-42.0576,101.946191,-2.509272,-13.156748,16.45943020,44.11537920,1234.4536
2.300000,4393496.907449,4259882.136964,1795896.606368,-22.245444,-17.290798,201.136418,0.99285688,0.08943035,0.07897738,-0.00007673,0.07084075,-0.03563110,0.00923959,11.5849,34.7535,218.7031,0.00840332,0.00271418,0.589372,0.00121003,0.00610601,-0.00041508,-0.00531106,0.00387851,0.00678739,-0.00387851,-0.00775702,1162.6706,-8.8649,-42.6735,101.899261,-2.506589,-13.211011,16.45944821,44.11537949,1234.7535
2.310000,4393496.684281,4259881.963456,1795898.622570,-22.388359,-17.410965,202.105915,0.99283816,0.08979169,0.07880254,-0.00007489,0.07340649,-0.03308198,0.00910803,11.5793,35.0543,220.7064,0.00828131,0.00266292,0.592228,0.00121003,0.00610601,-0.00041508,-0.00531106,0.00387851,0.00678739,-0.00387851,-0.00775702,1149.1050,-8.7431,-42.6093,100.772720,-2.503451,-13.206514,16.45946631,44.11537978,1235.0543
2.320000,4393496.459681,4259881.788744,1795900.648485,-22.531752,-17.531332,203.076961,0.99281707,0.09016541,0.07864128,-0.00007395,0.07586957,-0.03021364,0.00878991,11.5737,35.3561,222.7194,0.00818182,0.00261297,0.595105,0.00121003,0.00610601,-0.00041508,-0.00531106,0.00387851,0.00678739,-0.00387851,-0.00775702,1160.9789,-8.6246,-42.6334,101.843481,-2.500812,-13.209556,16.45948450,44.11538006,1235.3561
2.330000,4393496.233641,4259881.612829,1795902.684108,-22.676149,-17.651816,204.047573,0.99279414,0.09055036,0.07848833,-0.00008254,0.07823636,-0.03007351,0.00539125,11.5681,35.6588,224.7422,0.00810820,0.00256627,0.597987,0.00121003,0.00610601,-0.00041508,-0.00531106,0.00290888,0.00678739,-0.00290888,-0.00775702,1159.9068,-7.8275,-42.0715,101.796351,-2.439714,-13.161869,16.45950278,44.11538035,1235.6588
2.340000,4393496.006158,4259881.435708,1795904.729435,-22.820566,-17.772312,205.017751,0.99276988,0.09094551,0.07833815,-0.00010890,0.08053096,-0.02971316,0.00197453,11.5625,35.9625,226.7749,0.00805079,0.00254191,0.600867,0.00113238,0.00600008,-0.00034796,-0.00521566,0.00290888,0.00678739,-0.00290888,-0.00775702,1159.0553,-7.8194,-42.2866,101.768336,-2.446952,-13.181286,16.45952114,44.11538064,1235.9625
2.350000,4393495.777231,4259881.257382,1795906.784461,-22.964853,-17.892891,205.987429,0.99274422,0.09135056,0.07819182,-0.00015266,0.08276380,-0.02913628,-0.00132789,11.5569,36.2672,228.8174,0.00799383,0.00255181,0.603747,0.00113238,0.00600008,-0.00034796,-0.00521566,0.00290888,0.00678739,-0.00290888,-0.00775702,1157.9054,-7.9557,-42.5355,101.714579,-2.466843,-13.203596,16.45953960,44.11538094,1236.2672
2.360000,4393495.546862,4259881.077850,1795908.849182,-23.108872,-18.013629,206.956608,0.99271710,0.09176529,0.07805031,-0.00021281,0.08493804,-0.02835458,-0.00438449,11.5513,36.5728,230.8698,0.00793943,0.00259472,0.606625,0.00113238,0.00600008,-0.00034796,-0.00521566,0.00290888,0.00678739,-0.00290888,-0.00775702,1156.7478,-8.2388,-42.7925,101.660234,-2.499626,-13.226570,16.45955814,44.11538123,1236.5728
2.370000,4393495.315054,4259880.897109,1795910.923592,-23.252489,-18.134588,207.925290,0.99268844,0.09218952,0.07791445,-0.00028771,0.08705671,-0.02738811,-0.00707326,11.5457,36.8793,232.9319,0.00788962,0.00266810,0.609502,0.00113238,0.00600008,-0.00034796,-0.00521566,0.00290888,0.00678739,-0.00290888,-0.00775702,1155.5826,-8.6617,-43.0669,101.605313,-2.544691,-13.251023,16.45957677,44.11538152,1236.8793
2.380000,4393495.081821,4259880.715163,1795913.007613,-23.393649,-18.254384,208.875231,0.99265821,0.09262316,0.07778491,-0.00037514,0.08781977,-0.02653546,-0.00901888,11.5402,37.1868,235.0040,0.00784622,0.00276819,0.612377,0.00061079,0.00620047,0.00016833,-0.00542136,0.00290888,0.00678739,-0.00290888,-0.00775702,1154.4098,-9.2111,-43.3679,101.549011,-2.600916,-13.277703,16.45959550,44.11538182,1237.1868
2.390000,4393494.847176,4259880.532013,1795915.101169,-23.536075,-18.376369,209.843139,0.99262914,0.09304123,0.07765632,-0.00046568,0.08229367,-0.02688943,-0.00909307,11.5346,37.4952,237.0857,0.00781174,0.00289020,0.615197,0.00061079,0.00620047,0.00016833,-0.00542136,0.00290888,0.00678739,-0.00290888,-0.00678739,1128.1125,-10.2410,-43.3241,99.315332,-2.698538,-13.274608,16.45961431,44.11538212,1237.4952
2.400000,4393494.611098,4259880.347632,1795917.204510,-23.679023,-18.499544,210.821315,0.99260249,0.09343273,0.07752628,-0.00055330,0.07708549,-0.02708008,-0.00863510,11.5289,37.8046,239.1771,0.00777653,0.00301605,0.618070,0.00061079,0.00620047,0.00016833,-0.00542136,0.00290888,0.00678739,-0.00290888,-0.00678739,1177.6444,-10.9227,-43.6632,103.657199,-2.765539,-13.304820,16.45963320,44.11538242,1237.8046
2.410000,4393494.373597,4259880.162021,1795919.317594,-23.821212,-18.622876,211.797250,0.99257807,0.09379940,0.07739541,-0.00063548,0.07217908,-0.02708756,-0.00767389,11.5233,38.1149,241.2785,0.00773585,0.00313625,0.620973,0.00061079,0.00620047,0.00016833,-0.00542136,0.00290888,0.00678739,-0.00290888,-0.00678739,1151.0030,-11.5893,-43.9812,101.392855,-2.830828,-13.333327,16.45965219,44.11538271,1238.1149
2.420000,4393494.134676,4259879.975173,1795921.440453,-23.963064,-18.746638,212.774491,0.99255570,0.09414288,0.07726443,-0.00070985,0.06755877,-0.02689925,-0.00626113,11.5176,38.4262,243.3897,0.00769206,0.00324595,0.623870,0.00032963,0.00644864,0.00044916,-0.00566986,0.00290888,0.00678739,-0.00290888,-0.00678739,1162.5780,-12.2162,-44.2820,102.444435,-2.892282,-13.360445,16.45967127,44.11538301,1238.4262
2.430000,4393493.894338,4259879.787087,1795923.573082,-24.104436,-18.870624,213.751109,0.99253521,0.09446472,0.07713413,-0.00077437,0.06320967,-0.02651211,-0.00446863,11.5120,38.7385,245.5108,0.00764702,0.00334061,0.626771,0.00032963,0.00644864,0.00044916,-0.00566986,0.00290888,0.00678739,-0.00290888,-0.00678739,1161.3529,-12.7807,-44.5755,102.385153,-2.947970,-13.387038,16.45969043,44.11538332,1238.7385
2.440000,4393493.652588,4259879.597760,1795925.715474,-24.245418,-18.994786,214.727266,0.99251642,0.09476636,0.07700531,-0.00082737,0.05911757,-0.02593246,-0.00238560,11.5063,39.0517,247.6418,0.00760281,0.00341649,0.629669,0.00032963,0.00644864,0.00044916,-0.00566986,0.00290888,0.00678739,-0.00290888,-0.00678739,1160.1201,-13.2626,-44.8707,102.325158,-2.996162,-13.413866,16.45970969,44.11538362,1239.0517
2.450000,4393493.409431,4259879.407191,1795927.867625,-24.386077,-19.119033,215.702846,0.99249915,0.09504913,0.07687880,-0.00086769,0.05526889,-0.02517570,-0.00011473,11.5007,39.3659,249.7827,0.00756140,0.00347069,0.632566,0.00032963,0.00644864,0.00044916,-0.00566986,0.00290888,0.00678739,-0.00290888,-0.00678739,1158.8793,-13.6457,-45.1773,102.264437,-3.035450,-13.441767,16.45972903,44.11538392,1239.3659
2.460000,4393493.164871,4259879.215383,1795930.029492,-24.525720,-19.242654,216.670517,0.99248325,0.09531427,0.07675533,-0.00089466,0.05165071,-0.02426647,0.00223266,11.4950,39.6810,251.9335,0.00752461,0.00350138,0.635462,-0.00000495,0.00623944,0.00078476,-0.00545963,0.00290888,0.00678739,-0.00290888,-0.00678739,1157.4785,-13.9179,-45.5045,102.189448,-3.064805,-13.471534,16.45974846,44.11538422,1239.6810
2.470000,4393492.918913,4259879.022335,1795932.201070,-24.665789,-19.366632,217.643151,0.99246859,0.09556290,0.07663559,-0.00090822,0.04825065,-0.02323622,0.00454156,11.4894,39.9972,254.0941,0.00749424,0.00350793,0.638334,-0.00000495,0.00623944,0.00078476,-0.00545963,0.00290888,0.00678739,-0.00290888,-0.00678739,1156.3838,-14.0722,-45.8584,102.141316,-3.083619,-13.503710,16.45976799,44.11538453,1239.9972
2.480000,4393492.671556,4259878.828051,1795934.382353,-24.805773,-19.490392,218.615211,0.99245502,0.09579603,0.07652012,-0.00090888,0.04505688,-0.02212234,0.00669895,11.4838,40.3142,256.2646,0.00747109,0.00349053,0.641221,-0.00000495,0.00623944,0.00078476,-0.00545963,0.00290888,0.00678739,-0.00290888,-0.00678739,1142.3363,-14.1081,-46.2508,100.965286,-3.091863,-13.539317,16.45978760,44.11538483,1240.3142
2.490000,4393492.422797,4259878.632529,1795936.573372,-24.945933,-19.613981,219.588526,0.99244245,0.09601457,0.07640934,-0.00089770,0.04205808,-0.02096575,0.00859928,11.4781,40.6323,258.4450,0.00745622,0.00345081,0.644106,-0.00000495,0.00623944,0.00078476,-0.00545963,0.00290888,0.00678739,-0.00290888,-0.00678739,1153.8522,-14.0300,-46.6856,102.015398,-3.089917,-13.578690,16.45980730,44.11538514,1240.6323
2.500000,4393492.172637,4259878.435773,1795938.774121,-25.085920,-19.736976,220.559325,0.99243078,0.09621936,0.07630349,-0.00087626,0.03924350,-0.01981010,0.01015013,11.4725,40.9513,260.6351,0.00745001,0.00339131,0.646995,0.00019747,0.00621163,0.00058518,-0.00542898,0.00290888,0.00678739,-0.00290888,-0.00678739,1152.5723,-13.8484,-47.1671,101.951184,-3.078684,-13.622212,16.45982709,44.11538545,1240.9513
2.510000,4393491.921083,4259878.237794,1795940.984521,-25.225200,-19.858831,221.522243,0.99241994,0.09641113,0.07620264,-0.00084656,0.03660305,-0.01870027,0.01127733,11.4668,41.2713,262.8352,0.00745258,0.00331559,0.649876,0.00019747,0.00621163,0.00058518,-0.00542898,0.00290888,0.00678739,-0.00290888,-0.00678739,1138.5033,-13.5785,-47.6958,100.771358,-3.059498,-13.669905,16.45984697,44.11538576,1241.2713
2.520000,4393491.668129,4259878.038595,1795943.204601,-25.365549,-19.980871,222.493749,0.99240989,0.09659055,0.07610667,-0.00081094,0.03412692,-0.01767675,0.01192800,11.4612,41.5922,265.0450,0.00746370,0.00322799,0.652734,0.00019747,0.00621163,0.00058518,-0.00542898,0.00290888,0.00678739,-0.00290888,-0.00678739,1149.8478,-13.2403,-48.2691,101.808217,-3.034099,-13.721587,16.45986693,44.11538606,1241.5922
2.530000,4393491.413775,4259877.838182,1795945.434357,-25.505199,-20.101628,223.457292,0.99240059,0.09675823,0.07601531,-0.00077195,0.03180585,-0.01677603,0.01207426,11.4556,41.9141,267.2646,0.00748195,0.00313302,0.655618,0.00019747,0.00621163,0.00058518,-0.00542898,0.00290888,0.00678739,-0.00290888,-0.00678739,1148.5439,-12.8582,-48.8901,101.741718,-3.004616,-13.777496,16.45988699,44.11538637,1241.9141
2.540000,4393491.158025,4259877.636565,1795947.673745,-25.644711,-20.221527,224.418305,0.99239202,0.09691471,0.07592811,-0.00073225,0.02963107,-0.01602869,0.01171506,11.4500,42.2370,269.4941,0.00750666,0.00303599,0.658478,0.00028438,0.00603679,0.00050254,-0.00524987,0.00290888,0.00678739,-0.00290888,-0.00678739,1147.2420,-12.4574,-49.5476,101.675333,-2.973255,-13.836676,16.45990713,44.11538668,1242.2370
2.550000,4393490.900881,4259877.433754,1795949.922721,-25.784067,-20.340574,225.376966,0.99238419,0.09706052,0.07584448,-0.00069442,0.02759425,-0.01545696,0.01087620,11.4444,42.5608,271.7333,0.00753614,0.00294189,0.661330,0.00028438,0.00603679,0.00050254,-0.00524987,0.00290888,0.00678739,-0.00290888,-0.00678739,1133.1538,-12.0654,-50.2367,100.491620,-2.942413,-13.898695,16.45992736,44.11538700,1242.5608
2.560000,4393490.642343,4259877.229761,1795952.181282,-25.923545,-20.457772,226.335016,0.99237157,0.09724390,0.07577487,-0.00067362,0.04505802,-0.01099056,0.00558355,11.4388,42.8856,273.9822,0.00756863,0.00285554,0.664176,0.00028438,0.00603679,0.00050254,-0.00524987,0.00290888,0.00678739,-0.00290888,-0.00872665,1131.8421,-10.7558,-51.9017,100.423999,-2.832018,-14.045911,16.45994768,44.11538731,1242.8856
2.570000,4393490.382411,4259877.024600,1795954.449420,-26.062603,-20.574289,227.292496,0.99234900,0.09750951,0.07572901,-0.00068376,0.06155881,-0.00694603,0.00021424,11.4332,43.2114,276.2408,0.00761868,0.00280566,0.667019,0.00028438,0.00603679,0.00050254,-0.00524987,0.00290888,0.00678739,-0.00290888,-0.00872665,1130.5230,-10.6072,-52.7051,100.356165,-2.824591,-14.117523,16.45996809,44.11538762,1243.2114
2.580000,4393490.121088,4259876.818271,1795956.727129,-26.201857,-20.691556,228.249207,0.99231867,0.09785270,0.07568336,-0.00072640,0.07715369,-0.01190276,-0.00492805,11.4276,43.5381,278.5091,0.00770632,0.00281081,0.669860,0.00038579,0.00593958,0.00041626,-0.00513752,0.00193925,0.00581776,-0.00193925,-0.00775702,1129.1962,-10.7609,-51.7720,100.287654,-2.845058,-14.036946,16.45998859,44.11538794,1243.5381
2.590000,4393489.858377,4259876.610773,1795959.014402,-26.340275,-20.807894,229.205305,0.99228478,0.09824360,0.07562046,-0.00080442,0.08181697,-0.01501720,-0.01164956,11.4220,43.8658,280.7871,0.00779091,0.00286888,0.672700,0.00038579,0.00593958,0.00041626,-0.00513752,0.00193925,0.00678739,-0.00193925,-0.00775702,1127.8618,-10.7167,-53.3199,100.218132,-2.849076,-14.173368,16.46000917,44.11538825,1243.8658
2.600000,4393489.594291,4259876.402113,1795961.311196,-26.476494,-20.924116,230.151520,0.99225262,0.09862948,0.07553899,-0.00091022,0.07604396,-0.02037198,-0.01533636,11.4164,44.1945,283.0748,0.00782813,0.00298673,0.675537,0.00038579,0.00593958,0.00041626,-0.00513752,0.00193925,0.00678739,-0.00193925,-0.00678739,1126.5200,-12.0213,-53.6083,100.147176,-2.971093,-14.199651,16.46002984,44.11538857,1244.1945
2.610000,4393489.328847,4259876.192286,1795963.617468,-26.612418,-21.041426,231.104580,0.99222502,0.09898643,0.07543301,-0.00103221,0.07065078,-0.02547942,-0.01795242,11.4108,44.5242,285.3721,0.00782139,0.00315104,0.678345,0.00038579,0.00593958,0.00041626,-0.00513752,0.00193925,0.00678739,-0.00193925,-0.00678739,1112.2445,-13.0897,-54.1574,98.942599,-3.071956,-14.249007,16.46005060,44.11538889,1244.5242
2.620000,4393489.062050,4259875.981288,1795965.933248,-26.746681,-21.158268,232.049520,0.99219861,0.09934257,0.07530999,-0.00117157,0.07791774,-0.02820189,-0.02192512,11.4053,44.8548,287.6790,0.00775970,0.00334153,0.681173,-0.00016056,0.00636989,0.00100220,-0.00552825,0.00193925,0.00678739,-0.00193925,-0.00775702,1123.6669,-13.8074,-54.9093,99.989380,-3.142119,-14.316223,16.46007144,44.11538921,1244.8548
2.630000,4393488.793915,4259875.769117,1795968.258455,-26.880122,-21.276135,232.991868,0.99216715,0.09975864,0.07517165,-0.00133907,0.09356345,-0.03208104,-0.02629176,11.3998,45.1864,289.9955,0.00765821,0.00355998,0.683977,-0.00016056,0.00636989,0.00100220,-0.00552825,0.00096963,0.00678739,-0.00193925,-0.00775702,1109.5386,-14.7058,-54.3744,98.795513,-3.229305,-14.270419,16.46009237,44.11538953,1245.1864
2.640000,4393488.524455,4259875.555761,1795970.593083,-27.011721,-21.395270,233.933587,0.99213140,0.10022222,0.07502311,-0.00152333,0.09757582,-0.03274128,-0.02672659,11.3942,45.5190,292.3216,0.00752277,0.00381821,0.686773,-0.00016056,0.00636989,0.00100220,-0.00552825,0.00193925,0.00678739,-0.00193925,-0.00775702,1108.1825,-16.9108,-54.6816,98.721251,-3.432138,-14.298320,16.46011339,44.11538985,1245.5190
2.650000,4393488.253684,4259875.341207,1795972.937124,-27.141939,-21.515698,234.872634,0.99209348,0.10070536,0.07487349,-0.00170717,0.10140046,-0.03241827,-0.02551392,11.3887,45.8526,294.6572,0.00736294,0.00409185,0.689568,-0.00016056,0.00636989,0.00100220,-0.00552825,0.00193925,0.00678739,-0.00193925,-0.00775702,1106.8189,-18.6890,-54.2877,98.646163,-3.598060,-14.264604,16.46013449,44.11539017,1245.8526
2.660000,4393487.981619,4259875.125446,1795975.290534,-27.271154,-21.636883,235.811068,0.99205547,0.10117970,0.07473324,-0.00188519,0.09402598,-0.02881346,-0.02506130,11.3831,46.1871,297.0024,0.00720241,0.00435444,0.692354,-0.00103741,0.00659698,0.00193700,-0.00569739,0.00193925,0.00775702,-0.00193925,-0.00775702,1092.6763,-19.8788,-54.4088,97.448557,-3.712277,-14.276089,16.46015568,44.11539050,1246.1871
2.670000,4393487.708269,4259874.908468,1795977.653306,-27.398584,-21.758798,236.743225,0.99201933,0.10161919,0.07461219,-0.00205252,0.08715389,-0.02449044,-0.02311598,11.3776,46.5226,299.3570,0.00706073,0.00460346,0.695139,-0.00103741,0.00659698,0.00193700,-0.00569739,0.00193925,0.00775702,-0.00193925,-0.00775702,1103.9099,-21.5570,-54.0711,98.480266,-3.868861,-14.247328,16.46017696,44.11539082,1246.5226
2.680000,4393487.433644,4259874.690263,1795980.025433,-27.526235,-21.882448,237.681905,0.99197635,0.10211128,0.07450700,-0.00221489,0.11465224,-0.02210292,-0.02218164,11.3721,46.8590,301.7211,0.00695968,0.00483328,0.697905,-0.00103741,0.00659698,0.00193700,-0.00569739,0.00096963,0.00678739,-0.00193925,-0.00872665,1102.7003,-22.5796,-53.4053,98.419408,-3.968954,-14.189434,16.46019832,44.11539114,1246.8590
2.690000,4393487.157750,4259874.470819,1795982.406903,-27.652226,-22.006154,238.610079,0.99192188,0.10270707,0.07440805,-0.00238241,0.12905381,-0.02179362,-0.02234120,11.3666,47.1964,304.0947,0.00689293,0.00504510,0.700691,-0.00103741,0.00659698,0.00193700,-0.00569739,0.00096963,0.00678739,-0.00096963,-0.00872665,1101.0812,-23.5178,-52.9492,98.322188,-4.063699,-14.149472,16.46021977,44.11539146,1247.1964
2.700000,4393486.880605,4259874.250128,1795984.797666,-27.776759,-22.132408,239.544144,0.99186315,0.10334464,0.07430320,-0.00253288,0.13103846,-0.02356537,-0.01400559,11.3611,47.5347,306.4778,0.00683956,0.00525086,0.703446,-0.00138244,0.00691029,0.00234426,-0.00594847,0.00193925,0.00581776,-0.00096963,-0.00775702,1086.0125,-26.7273,-52.5750,97.041215,-4.359277,-14.116533,16.46024130,44.11539179,1247.5347
2.710000,4393486.602217,4259874.028170,1795987.197781,-27.900457,-22.259077,240.476656,0.99180364,0.10399504,0.07418622,-0.00264182,0.13295613,-0.02483120,-0.00508307,11.3555,47.8740,308.8702,0.00677872,0.00540433,0.706218,-0.00138244,0.00691029,0.00234426,-0.00594847,0.00193925,0.00581776,-0.00096963,-0.00775702,1096.2829,-27.8870,-52.7310,97.990103,-4.474930,-14.130222,16.46026292,44.11539211,1247.8740
2.720000,4393486.322597,4259873.804946,1795989.607194,-28.023775,-22.385764,241.405701,0.99174317,0.10465806,0.07405969,-0.00270751,0.13687148,-0.02593054,0.00340375,11.3500,48.2142,311.2721,0.00670146,0.00546806,0.708985,-0.00138244,0.00691029,0.00234426,-0.00594847,0.00193925,0.00581776,-0.00096963,-0.00775702,1081.3270,-28.4897,-52.7738,96.716992,-4.541910,-14.133910,16.46028462,44.11539243,1248.2142
2.730000,4393486.041746,4259873.580459,1795992.025852,-28.146574,-22.511825,242.327527,0.99168064,0.10534294,0.07392492,-0.00273413,0.13851018,-0.02594423,0.01173963,11.3445,48.5554,313.6835,0.00661423,0.00544199,0.711743,-0.00138244,0.00691029,0.00234426,-0.00594847,0.00096963,0.00678739,-0.00193925,-0.00678739,1078.7915,-28.5253,-52.7434,96.537012,-4.559426,-14.131048,16.46030641,44.11539276,1248.5554
2.740000,4393485.759662,4259873.354713,1795994.453739,-28.270123,-22.636905,243.247617,0.99161424,0.10605876,0.07379224,-0.00272768,0.15027049,-0.02315700,0.01685537,11.3390,48.8975,316.1042,0.00651873,0.00533513,0.714479,-0.00155243,0.00646696,0.00262620,-0.00539319,0.00096963,0.00678739,-0.00193925,-0.00678739,1089.1894,-28.0327,-52.6400,97.497427,-4.531002,-14.121598,16.46032828,44.11539308,1248.8975
2.750000,4393485.476341,4259873.127723,1795996.890799,-28.394324,-22.761031,244.164173,0.99153893,0.10684257,0.07367434,-0.00270438,0.16327157,-0.01948915,0.02017367,11.3336,49.2405,318.5342,0.00643308,0.00516442,0.717210,-0.00155243,0.00646696,0.00262620,-0.00539319,0.00096963,0.00678739,-0.00193925,-0.00775702,1074.0301,-26.5313,-53.1720,96.203937,-4.414844,-14.167855,16.46035023,44.11539340,1249.2405
2.760000,4393485.191769,4259872.899492,1795999.337054,-28.520203,-22.884856,245.086480,0.99145484,0.10768979,0.07357366,-0.00267104,0.17548551,-0.01561595,0.02194126,11.3280,49.5844,320.9735,0.00638064,0.00495971,0.719932,-0.00155243,0.00646696,0.00262620,-0.00539319,0.00096963,0.00678739,-0.00193925,-0.00775702,1071.6267,-25.3914,-53.3135,96.035855,-4.331711,-14.179358,16.46037228,44.11539372,1249.5844
2.770000,4393484.905938,4259872.670033,1796001.792486,-28.646092,-23.006773,245.999696,0.99136218,0.10859603,0.07349143,-0.00263522,0.18696450,-0.01179299,0.02208945,11.3226,49.9293,323.4222,0.00636405,0.00473596,0.722670,-0.00155243,0.00646696,0.00262620,-0.00539319,0.00096963,0.00678739,-0.00193925,-0.00775702,1069.1853,-24.1127,-53.6926,95.864288,-4.237348,-14.211508,16.46039440,44.11539404,1249.9293
2.780000,4393484.618834,4259872.439359,1796004.257041,-28.774838,-23.127826,246.910966,0.99126615,0.10952400,0.07340996,-0.00262417,0.18512855,-0.01625297,0.01281543,11.3171,50.2751,325.8801,0.00638358,0.00450976,0.725381,-0.00113840,0.00615258,0.00236990,-0.00492108,0.00000000,0.00678739,0.00000000,-0.00775702,1066.9172,-20.9387,-52.4493,95.707932,-3.975773,-14.100212,16.46041661,44.11539436,1250.2751
2.790000,4393484.330441,4259872.207479,1796006.730700,-28.903780,-23.248050,247.820531,0.99117172,0.11043967,0.07331175,-0.00266291,0.18349829,-0.02061679,0.00284261,11.3116,50.6217,328.3473,0.00640325,0.00434223,0.728088,-0.00113840,0.00615258,0.00236990,-0.00492108,0.00000000,0.00678739,0.00000000,-0.00775702,1064.2869,-20.0493,-53.1157,95.519182,-3.915594,-14.157702,16.46043890,44.11539468,1250.6217
2.800000,4393484.040759,4259871.974399,1796009.213446,-29.032510,-23.368093,248.728387,0.99107868,0.11134393,0.07319831,-0.00275304,0.18205989,-0.02456099,-0.00710191,11.3061,50.9693,330.8238,0.00637623,0.00427452,0.730790,-0.00113840,0.00615258,0.00236990,-0.00492108,0.00000000,0.00678739,0.00000000,-0.00775702,1061.8105,-19.8314,-53.4655,95.343694,-3.914434,-14.187316,16.46046128,44.11539500,1250.9693
2.810000,4393483.749801,4259871.740116,1796011.705224,-29.158713,-23.488295,249.625240,0.99098679,0.11223884,0.07307078,-0.00287890,0.18080003,-0.02779331,-0.01090570,11.3007,51.3178,333.3094,0.00630619,0.00430712,0.733486,-0.00113840,0.00615258,0.00236990,-0.00492108,0.00096963,0.00581776,0.00000000,-0.00775702,1059.3162,-21.5830,-53.5131,95.165866,-4.087293,-14.190245,16.46048374,44.11539532,1251.3178
2.820000,4393483.457583,4259871.504627,1796014.205981,-29.285042,-23.609914,250.527682,0.99089569,0.11312654,0.07293136,-0.00302267,0.17970616,-0.03007908,-0.01384137,11.2952,51.6671,335.8042,0.00620007,0.00440212,0.736151,-0.00165514,0.00629973,0.00304779,-0.00490709,0.00096963,0.00581776,0.00000000,-0.00775702,1044.0652,-22.4597,-53.2913,93.858607,-4.182692,-14.169379,16.46050628,44.11539564,1251.6671
2.830000,4393483.164102,4259871.267921,1796016.715735,-29.410905,-23.731442,251.422784,0.99080489,0.11400720,0.07278619,-0.00319287,0.17876708,-0.03126641,-0.02124622,11.2897,52.0173,338.3081,0.00606669,0.00452738,0.738831,-0.00165514,0.00629973,0.00304779,-0.00490709,0.00000000,0.00678739,0.00000000,-0.00775702,1054.3053,-22.2496,-52.8627,94.807701,-4.181719,-14.130184,16.46052890,44.11539597,1252.0173
2.840000,4393482.869365,4259871.029990,1796019.234468,-29.536193,-23.854852,252.321566,0.99071388,0.11488106,0.07264173,-0.00339581,0.17797218,-0.03128774,-0.02697856,11.2843,52.3683,340.8211,0.00591726,0.00470479,0.741491,-0.00165514,0.00629973,0.00304779,-0.00490709,0.00000000,0.00678739,0.00000000,-0.00775702,1051.7786,-23.7557,-52.2937,94.626667,-4.332641,-14.078517,16.46055161,44.11539629,1252.3683
2.850000,4393482.573383,4259870.790819,1796021.762160,-29.659776,-23.979683,253.216667,0.99062217,0.11574950,0.07250271,-0.00362163,0.17731146,-0.03015829,-0.03067547,11.2788,52.7203,343.3432,0.00576317,0.00494171,0.744161,-0.00165514,0.00629973,0.00304779,-0.00490709,0.00000000,0.00678739,0.00000000,-0.00775702,1036.4564,-25.7014,-51.6680,93.311066,-4.522524,-14.021756,16.46057440,44.11539661,1252.7203
2.860000,4393482.276176,4259870.550387,1796024.298795,-29.781704,-24.107169,254.111862,0.99052584,0.11664891,0.07236522,-0.00385532,0.19051022,-0.03086688,-0.02928672,11.2733,53.0731,345.8744,0.00561620,0.00521819,0.746821,-0.00236109,0.00642730,0.00389619,-0.00489220,0.00000000,0.00581776,0.00000000,-0.00775702,1033.8853,-28.6235,-50.3916,93.125411,-4.799766,-13.907048,16.46059727,44.11539693,1253.0731
2.870000,4393481.977755,4259870.308670,1796026.844391,-29.902025,-24.236232,255.005074,0.99042122,0.11761230,0.07222529,-0.00408179,0.20285696,-0.03044534,-0.02590256,11.2679,53.4267,348.4147,0.00547449,0.00549573,0.749481,-0.00236109,0.00642730,0.00389619,-0.00489220,0.00000000,0.00581776,0.00000000,-0.00775702,1044.0526,-30.8826,-49.8196,94.070017,-5.019654,-13.854424,16.46062022,44.11539725,1253.4267
2.880000,4393481.678140,4259870.065657,1796029.398891,-30.020986,-24.366722,255.896496,0.99030825,0.11863628,0.07208736,-0.00429096,0.21441078,-0.02893624,-0.02085391,11.2624,53.7812,350.9641,0.00533188,0.00574201,0.752136,-0.00236109,0.00642730,0.00389619,-0.00489220,0.00000000,0.00581776,0.00000000,-0.00775702,1028.5020,-32.9317,-49.2155,92.732027,-5.222270,-13.798579,16.46064326,44.11539757,1253.7812
2.890000,4393481.377339,4259869.821332,1796031.962315,-30.139063,-24.498503,256.787915,0.99018688,0.11971758,0.07195564,-0.00447475,0.22522862,-0.02646528,-0.01459318,11.2569,54.1365,353.5225,0.00519953,0.00593973,0.754785,-0.00236109,0.00642730,0.00389619,-0.00489220,0.00000000,0.00581776,0.00000000,-0.00775702,1038.6332,-34.6386,-48.6623,93.674299,-5.395796,-13.746885,16.46066637,44.11539789,1254.1365
2.900000,4393481.075361,4259869.575685,1796034.534643,-30.256363,-24.630987,257.677425,0.99005709,0.12085302,0.07183383,-0.00462768,0.23536276,-0.02323267,-0.00765452,11.2514,54.4926,356.0899,0.00508744,0.00607600,0.757434,-0.00276634,0.00672014,0.00454246,-0.00494402,0.00000000,0.00581776,0.00000000,-0.00775702,1036.1603,-35.9011,-48.2388,93.497397,-5.531043,-13.706335,16.46068957,44.11539821,1254.4926
2.910000,4393480.772217,4259869.328715,1796037.115819,-30.372396,-24.762984,258.557544,0.98991888,0.12203948,0.07172480,-0.00474717,0.24486117,-0.01949679,-0.00060977,11.2460,54.8496,358.6664,0.00500382,0.00614329,0.760078,-0.00276634,0.00672014,0.00454246,-0.00494402,0.00000000,0.00581776,0.00000000,-0.00775702,1033.3114,-36.6538,-48.0114,93.286745,-5.622076,-13.682848,16.46071285,44.11539853,1254.8496
2.920000,4393480.467914,4259869.080426,1796039.705787,-30.488072,-24.894498,259.433780,0.98977234,0.12327385,0.07163040,-0.00483362,0.25376877,-0.01555199,0.00597800,11.2405,55.2074,361.2519,0.00495448,0.00613995,0.762694,-0.00276634,0.00672014,0.00454246,-0.00494402,0.00000000,0.00581776,0.00000000,-0.00775702,1030.8282,-36.8729,-48.0286,93.108558,-5.666634,-13.680765,16.46073621,44.11539884,1255.2074
2.930000,4393480.162455,4259868.830828,1796042.304489,-30.603670,-25.025031,260.306224,0.98961763,0.12455301,0.07155129,-0.00489034,0.26212756,-0.01170420,0.01160005,11.2351,55.5661,363.8463,0.00494207,0.00606975,0.765299,-0.00276634,0.00672014,0.00454246,-0.00494402,0.00000000,0.00581776,0.00000000,-0.00775702,1015.2154,-36.5797,-48.3223,91.761714,-5.666505,-13.702981,16.46075966,44.11539916,1255.5661
2.940000,4393479.855839,4259868.579930,1796044.911905,-30.719605,-25.154305,261.176805,0.98945497,0.12587391,0.07148696,-0.00492311,0.26997766,-0.00824465,0.01584204,11.2297,55.9255,366.4495,0.00496628,0.00594179,0.767893,-0.00255970,0.00665398,0.00467253,-0.00454116,0.00000000,0.00581776,0.00000000,-0.00775702,1012.5311,-35.8362,-48.8999,91.565071,-5.627073,-13.750185,16.46078318,44.11539947,1255.9255
2.950000,4393479.548057,4259868.327744,1796047.528056,-30.837033,-25.282832,262.054862,0.98928467,0.12723354,0.07143578,-0.00493966,0.27735742,-0.00542571,0.01841597,11.2242,56.2857,369.0616,0.00502376,0.00576948,0.770481,-0.00255970,0.00665398,0.00467253,-0.00454116,0.00000000,0.00581776,0.00000000,-0.00775702,1010.0131,-34.7403,-49.7455,91.383643,-5.556931,-13.821041,16.46080678,44.11539978,1256.2857
2.960000,4393479.239101,4259868.074283,1796050.152959,-30.954354,-25.408929,262.925480,0.98910708,0.12862900,0.07139517,-0.00494893,0.28430258,-0.00344086,0.01918181,11.2188,56.6468,371.6826,0.00510834,0.00556912,0.773091,-0.00255970,0.00665398,0.00467253,-0.00454116,0.00000000,0.00581776,0.00000000,-0.00775702,1019.8403,-33.4174,-50.8239,92.302410,-5.467131,-13.912426,16.46083046,44.11540009,1256.6468
2.970000,4393478.928969,4259867.819572,1796052.786559,-31.071919,-25.532806,263.792253,0.98892261,0.13005752,0.07136183,-0.00496031,0.29084493,-0.00241038,0.01815715,11.2133,57.0086,374.3125,0.00521226,0.00535920,0.775678,-0.00255970,0.00665398,0.00467253,-0.00454116,0.00000000,0.00581776,0.00000000,-0.00775702,1017.0948,-32.0055,-52.0728,92.100899,-5.369900,-14.018845,16.46085423,44.11540040,1257.0086
2.980000,4393478.617644,4259867.563626,1796055.428833,-31.193087,-25.656033,264.662415,0.98874875,0.13139850,0.07131142,-0.00500157,0.25062150,-0.01214227,0.00592690,11.2079,57.3713,376.9511,0.00532600,0.00515783,0.778255,-0.00213093,0.00670553,0.00461107,-0.00422538,0.00000000,0.00581776,0.00290888,-0.00775702,1001.7694,-28.3728,-51.1458,90.776760,-5.072675,-13.931659,16.46087807,44.11540071,1257.3713
2.990000,4393478.305108,4259867.306454,1796058.079801,-31.314206,-25.778580,265.532605,0.98860188,0.13254369,0.07122152,-0.00509707,0.21357718,-0.02189410,-0.00657089,11.2024,57.7348,379.5986,0.00539913,0.00503561,0.780842,-0.00213093,0.00670553,0.00461107,-0.00422538,0.00000000,0.00581776,0.00290888,-0.00775702,998.9814,-27.7059,-52.2548,90.569975,-5.036079,-14.027213,16.46090199,44.11540102,1257.7348
3.000000,4393477.991362,4259867.048054,1796060.739479,-31.434796,-25.901633,266.402627,0.98848046,0.13350839,0.07109404,-0.00524638,0.17946826,-0.03081309,-0.01827924,11.1969,58.0991,382.2549,0.00537295,0.00503755,0.783429,-0.00213093,0.00670553,0.00461107,-0.00422538,0.00000000,0.00581776,0.00290888,-0.00775702,1008.9244,-28.0407,-52.5661,91.499506,-5.085387,-14.052623,16.46092599,44.11540133,1258.0991
3.010000,4393477.676416,4259866.788417,1796063.407846,-31.554213,-26.026119,267.270533,0.98838268,0.13430708,0.07093420,-0.00544342,0.14806942,-0.03814377,-0.02824335,11.1914,58.4643,384.9200,0.00525413,0.00515711,0.786015,-0.00213093,0.00670553,0.00461107,-0.00422538,0.00000000,0.00581776,0.00290888,-0.00775702,1006.0915,-29.3395,-52.1073,91.287888,-5.217640,-14.010177,16.46095007,44.11540163,1258.4643
3.020000,4393477.360283,4259866.527523,1796066.084882,-31.672084,-26.152952,268.136259,0.98830651,0.13495351,0.07074999,-0.00567728,0.11917128,-0.04329425,-0.03569117,11.1859,58.8302,387.5940,0.00505737,0.00537810,0.788596,-0.00322528,0.00666859,0.00554996,-0.00434392,0.00000000,0.00581776,0.00290888,-0.00775702,1003.2426,-31.4832,-50.9741,91.074291,-5.422589,-13.908248,16.46097423,44.11540194,1258.8302
3.030000,4393477.042980,4259866.265347,1796068.770564,-31.787914,-26.282589,268.997763,0.98824983,0.13546064,0.07055130,-0.00593340,0.09257946,-0.04588670,-0.04009578,11.1805,59.1969,390.2767,0.00480374,0.00567634,0.791170,-0.00322528,0.00666859,0.00554996,-0.00434392,0.00000000,0.00581776,0.00290888,-0.00775702,1000.3781,-34.2830,-49.3215,90.858796,-5.683729,-13.760534,16.46099847,44.11540225,1259.1969
3.040000,4393476.724531,4259866.001860,1796071.464830,-31.901775,-26.415571,269.857122,0.98821048,0.13584064,0.07034907,-0.00619504,0.06811450,-0.04578768,-0.04121485,11.1750,59.5645,392.9683,0.00451865,0.00602201,0.793732,-0.00322528,0.00666859,0.00554996,-0.00434392,0.00000000,0.00581776,0.00290888,-0.00775702,984.7537,-37.4977,-47.3479,89.501241,-5.979829,-13.584614,16.46102279,44.11540255,1259.5645
3.050000,4393476.404952,4259865.737025,1796074.167698,-32.013828,-26.552071,270.716077,0.98818638,0.13610485,0.07015415,-0.00644494,0.04560850,-0.04311296,-0.03910778,11.1695,59.9328,395.6685,0.00422927,0.00638236,0.796289,-0.00322528,0.00666859,0.00554996,-0.00434392,0.00000000,0.00581776,0.00290888,-0.00775702,994.6153,-40.8568,-45.2771,90.424294,-6.286951,-13.400428,16.46104719,44.11540286,1259.9328
3.060000,4393476.084261,4259865.470809,1796076.879143,-32.123693,-26.691351,271.570396,0.98817562,0.13626375,0.06997638,-0.00666695,0.02489927,-0.03820115,-0.03413722,11.1640,60.3018,398.3775,0.00396206,0.00672475,0.798845,-0.00452061,0.00660933,0.00653098,-0.00459895,0.00000000,0.00581776,0.00290888,-0.00775702,991.7045,-44.0844,-43.3363,90.204374,-6.580623,-13.228211,16.46107167,44.11540316,1260.3018
3.070000,4393475.762484,4259865.203191,1796079.599090,-32.231547,-26.832788,272.420050,0.98817648,0.13632668,0.06982396,-0.00684782,0.00579776,-0.03152978,-0.02700608,11.1586,60.6717,401.0952,0.00374041,0.00701971,0.801387,-0.00452061,0.00660933,0.00653098,-0.00459895,0.00000000,0.00581776,0.00290888,-0.00775702,974.1790,-46.9315,-41.7503,88.674899,-6.838703,-13.088064,16.46109623,44.11540346,1260.6717
3.080000,4393475.439636,4259864.934149,1796082.327527,-32.337624,-26.975514,273.264665,0.98818754,0.13630192,0.06970271,-0.00697834,-0.01182628,-0.02378468,-0.01849547,11.1531,61.0422,403.8216,0.00358283,0.00724390,0.803916,-0.00452061,0.00660933,0.00653098,-0.00459895,0.00000000,0.00581776,0.00290888,-0.00775702,980.9311,-49.1912,-40.6894,89.321163,-7.042756,-12.995239,16.46112086,44.11540376,1261.0422
3.090000,4393475.115737,4259864.663679,1796085.064367,-32.442265,-27.118585,274.104408,0.98820765,0.13619686,0.06961536,-0.00705385,-0.02808714,-0.01573490,-0.00947190,11.1476,61.4134,406.5566,0.00350148,0.00738210,0.806430,-0.00452061,0.00660933,0.00653098,-0.00459895,0.00000000,0.00581776,0.00290888,-0.00775702,962.3528,-50.7145,-40.2651,87.696300,-7.179502,-12.959774,16.46114558,44.11540406,1261.4134
3.100000,4393474.790773,4259864.391778,1796087.809597,-32.550177,-27.261498,274.940746,0.98823150,0.13605852,0.06953994,-0.00712630,-0.02555881,-0.01910277,-0.01876724,11.1421,61.7854,409.3001,0.00350079,0.00742767,0.808930,-0.00456977,0.00648566,0.00629996,-0.00475548,-0.00290888,0.00678739,0.00387851,-0.00775702,969.0543,-47.1711,-37.9843,88.338981,-6.861011,-12.757791,16.46117037,44.11540435,1261.7854
3.110000,4393474.464746,4259864.118446,1796090.563128,-32.654994,-27.405388,275.764506,0.98826371,0.13586987,0.06944013,-0.00723092,-0.05313783,-0.02863270,-0.02095267,11.1367,62.1580,412.0522,0.00352992,0.00748636,0.811422,-0.00456977,0.00648566,0.00629996,-0.00475548,-0.00290888,0.00678739,0.00387851,-0.00775702,962.7772,-48.1321,-38.6021,87.816231,-6.945675,-12.816217,16.46119523,44.11540464,1262.1580
3.120000,4393474.137675,4259863.843665,1796093.324908,-32.758763,-27.550875,276.588813,0.98830905,0.13561053,0.06929012,-0.00734002,-0.04830806,-0.03835346,-0.02096345,11.1312,62.5314,414.8127,0.00350367,0.00759996,0.813876,-0.00456977,0.00648566,0.00629996,-0.00475548,-0.00290888,0.00581776,0.00387851,-0.00678739,956.7242,-51.2683,-37.0394,87.312367,-7.224515,-12.679317,16.46122018,44.11540493,1262.5314
3.130000,4393473.809574,4259863.567424,1796096.094888,-32.861439,-27.697796,277.408118,0.98835423,0.13537383,0.06909613,-0.00745453,-0.04389632,-0.04611258,-0.02009798,11.1257,62.9053,417.5817,0.00337678,0.00771217,0.816332,-0.00456977,0.00648566,0.00629996,-0.00475548,-0.00290888,0.00581776,0.00387851,-0.00678739,938.0575,-52.6695,-36.2849,85.673432,-7.348129,-12.614925,16.46124520,44.11540521,1262.9053
3.140000,4393473.480447,4259863.289704,1796098.873014,-32.963846,-27.846447,278.216308,0.98841821,0.13501918,0.06886192,-0.00756974,-0.09503462,-0.05504039,-0.02224580,11.1203,63.2799,420.3589,0.00316525,0.00781572,0.818774,-0.00499676,0.00610423,0.00660786,-0.00449313,-0.00290888,0.00678739,0.00484814,-0.00581776,944.6661,-53.1124,-33.8332,86.304805,-7.383451,-12.398564,16.46127029,44.11540549,1263.2799
3.150000,4393473.150300,4259863.010483,1796101.659234,-33.065563,-27.998213,279.026781,0.98849781,0.13456176,0.06860200,-0.00768018,-0.08627426,-0.05670497,-0.01963912,11.1148,63.6552,423.1445,0.00288076,0.00792373,0.821184,-0.00499676,0.00610423,0.00660786,-0.00449313,-0.00290888,0.00581776,0.00387851,-0.00678739,938.3573,-55.4095,-32.4605,85.774399,-7.583706,-12.279686,16.46129546,44.11540577,1263.6552
3.160000,4393472.819140,4259862.729735,1796104.453494,-33.166124,-28.151718,279.822341,0.98857160,0.13414667,0.06833993,-0.00777903,-0.07828477,-0.05500632,-0.01645862,11.1103,64.0310,425.9384,0.00255048,0.00802121,0.823601,-0.00499676,0.00610423,0.00660786,-0.00449313,-0.00290888,0.00581776,0.00387851,-0.00678739,932.1675,-56.6970,-29.6698,85.246928,-7.693679,-12.032588,16.46132071,44.11540605,1264.0310
3.170000,4393472.486973,4259862.447437,1796107.255699,-33.267368,-28.308170,280.617758,0.98863906,0.13377053,0.06809144,-0.00786188,-0.07100225,-0.05026236,-0.01305414,11.1100,64.4074,428.7405,0.00222935,0.00808647,0.825976,-0.00499676,0.00610423,0.00660786,-0.00449313,-0.00290888,0.00581776,0.00387851,-0.00678739,913.2892,-57.6855,-26.8829,83.545203,-7.775592,-11.784443,16.46134603,44.11540632,1264.4074
3.180000,4393472.153795,4259862.163569,1796110.065792,-33.368678,-28.465997,281.401774,0.98871522,0.13331673,0.06786817,-0.00792244,-0.11263672,-0.04510647,-0.01178703,11.1100,64.7843,431.5507,0.00194895,0.00811617,0.828351,-0.00458367,0.00607580,0.00605865,-0.00460082,-0.00290888,0.00678739,0.00387851,-0.00581776,907.0971,-58.3472,-24.4068,82.983714,-7.826505,-11.564550,16.46137142,44.11540658,1264.7843
3.190000,4393471.819594,4259861.878108,1796112.883752,-33.471498,-28.626279,282.189261,0.98882027,0.13263386,0.06767045,-0.00796488,-0.16042798,-0.04011804,-0.01269932,11.1100,65.1616,434.3689,0.00173188,0.00811909,0.830694,-0.00458367,0.00607580,0.00605865,-0.00460082,-0.00290888,0.00678739,0.00484814,-0.00581776,913.8741,-57.8439,-21.5568,83.590016,-7.768202,-11.312105,16.46139688,44.11540685,1265.1616
3.200000,4393471.484370,4259861.591044,1796115.709521,-33.572893,-28.786511,282.961701,0.98895306,0.13172432,0.06750311,-0.00799284,-0.20430752,-0.03390536,-0.01370329,11.1100,65.5395,437.1952,0.00157305,0.00812293,0.833049,-0.00458367,0.00607580,0.00605865,-0.00460082,-0.00290888,0.00678739,0.00484814,-0.00581776,907.4295,-58.2957,-20.1582,83.006802,-7.791561,-11.191381,16.46142242,44.11540711,1265.5395
3.210000,4393471.148133,4259861.302378,1796118.543005,-33.674352,-28.946631,283.734175,0.98910287,0.13065586,0.06738141,-0.00801933,-0.22472320,-0.02312274,-0.01868580,11.1100,65.9178,440.0296,0.00147793,0.00813458,0.835359,-0.00458367,0.00607580,0.00605865,-0.00460082,-0.00290888,0.00678739,0.00484814,-0.00678739,888.7038,-57.8709,-20.2856,81.319058,-7.732973,-11.208666,16.46144803,44.11540736,1265.9178
3.220000,4393470.810893,4259861.012116,1796121.384149,-33.773301,-29.105846,284.493598,0.98926048,0.12948911,0.06731553,-0.00805560,-0.24353920,-0.01303826,-0.02303856,11.1100,66.2965,442.8718,0.00146936,0.00817666,0.837670,-0.00546055,0.00525391,0.00639179,-0.00432267,-0.00290888,0.00678739,0.00484814,-0.00678739,882.2678,-58.7228,-20.2594,80.738604,-7.787379,-11.212440,16.46147372,44.11540761,1266.2965
3.230000,4393470.472682,4259860.720260,1796124.232860,-33.868457,-29.265145,285.247789,0.98943840,0.12813127,0.06729696,-0.00807160,-0.30150311,-0.00467528,-0.01825720,11.1100,66.6757,445.7219,0.00156569,0.00826184,0.839942,-0.00546055,0.00525391,0.00639179,-0.00432267,-0.00193925,0.00678739,0.00484814,-0.00581776,876.0832,-61.9224,-21.2641,80.181634,-8.049453,-11.309778,16.46149947,44.11540786,1266.6757
3.240000,4393470.133532,4259860.426818,1796127.089087,-33.961253,-29.422758,285.996799,0.98964742,0.12650041,0.06731268,-0.00803998,-0.35465549,0.00114454,-0.01329820,11.1100,67.0552,448.5798,0.00175300,0.00833310,0.842198,-0.00546055,0.00525391,0.00639179,-0.00432267,-0.00193925,0.00678739,0.00484814,-0.00581776,869.8918,-62.9952,-23.1962,79.624597,-8.114925,-11.491786,16.46152529,44.11540810,1267.0552
3.250000,4393469.793468,4259860.131814,1796129.952779,-34.050855,-29.577692,286.740791,0.98987942,0.12465456,0.06735451,-0.00795914,-0.38594761,0.00744703,-0.00524525,11.1100,67.4352,451.4453,0.00200835,0.00835041,0.844438,-0.00546055,0.00525391,0.00639179,-0.00432267,-0.00193925,0.00678739,0.00484814,-0.00581776,863.8955,-63.5381,-25.8549,79.085500,-8.128633,-11.740076,16.46155119,44.11540834,1267.4352
3.260000,4393469.452509,4259859.835272,1796132.823884,-34.140773,-29.730042,287.479335,0.99011109,0.12278335,0.06739845,-0.00785656,-0.36955789,0.00234450,-0.00620932,11.1100,67.8156,454.3185,0.00231222,0.00829976,0.846662,-0.00562857,0.00541054,0.00588641,-0.00515271,-0.00387851,0.00678739,0.00387851,-0.00581776,857.4917,-62.3805,-28.0393,78.509721,-7.988790,-11.945663,16.46157715,44.11540857,1267.8156
3.270000,4393469.110659,4259859.537222,1796135.702349,-34.228927,-29.879581,288.212715,0.99033197,0.12098797,0.06741012,-0.00777056,-0.35481689,-0.00546847,-0.00818832,11.1100,68.1965,457.1993,0.00261966,0.00821508,0.848869,-0.00562857,0.00541054,0.00588641,-0.00515271,-0.00387851,0.00678739,0.00387851,-0.00581776,851.2851,-61.9404,-31.3950,77.951114,-7.914947,-12.256253,16.46160318,44.11540880,1268.1965
3.280000,4393468.767935,4259859.237688,1796138.588121,-34.315566,-30.027090,288.940848,0.99054412,0.11926027,0.06737914,-0.00770639,-0.34157737,-0.01498078,-0.01095154,11.1100,68.5778,460.0877,0.00284995,0.00814532,0.851060,-0.00562857,0.00541054,0.00588641,-0.00515271,-0.00387851,0.00678739,0.00387851,-0.00581776,845.0754,-61.6487,-34.0367,77.391453,-7.855722,-12.502253,16.46162928,44.11540903,1268.5778
3.290000,4393468.424352,4259858.936684,1796141.481148,-34.400963,-30.173524,289.663605,0.99074910,0.11759295,0.06730031,-0.00766732,-0.32970443,-0.02505204,-0.01418764,11.1100,68.9596,462.9835,0.00298393,0.00809929,0.853234,-0.00562857,0.00541054,0.00588641,-0.00515271,-0.00387851,0.00678739,0.00387851,-0.00581776,839.0671,-61.5965,-35.7427,76.849041,-7.819167,-12.663764,16.46165545,44.11540925,1268.9596
3.300000,4393468.079921,4259858.634215,1796144.381413,-34.485017,-30.320325,290.388483,0.99094087,0.11603512,0.06718321,-0.00764587,-0.29729462,-0.03016187,-0.01323204,11.1100,69.3419,465.8867,0.00301387,0.00808280,0.855393,-0.00548685,0.00513240,0.00571823,-0.00490102,-0.00290888,0.00581776,0.00387851,-0.00678739,832.8542,-62.8701,-37.4264,76.287521,-7.904012,-12.822758,16.46168168,44.11540946,1269.3419
3.310000,4393467.734657,4259858.330280,1796147.288861,-34.567726,-30.466668,291.100236,0.99111410,0.11462997,0.06704139,-0.00763356,-0.26795498,-0.03422520,-0.01262640,11.1100,69.7247,468.7973,0.00296154,0.00807358,0.857557,-0.00548685,0.00513240,0.00571823,-0.00490102,-0.00290888,0.00581776,0.00387851,-0.00678739,826.3716,-63.1619,-37.1988,75.701263,-7.903399,-12.809004,16.46170798,44.11540968,1269.7247
3.320000,4393467.388554,4259858.024883,1796150.203397,-34.652802,-30.613107,291.805939,0.99127752,0.11330479,0.06687459,-0.00766102,-0.26360599,-0.04125935,-0.02554085,11.1100,70.1080,471.7152,0.00286197,0.00805667,0.859684,-0.00548685,0.00513240,0.00571823,-0.00490102,-0.00387851,0.00678739,0.00484814,-0.00678739,820.1580,-60.2455,-35.4160,75.138816,-7.615483,-12.654900,16.46173435,44.11540988,1270.1080
3.330000,4393467.041605,4259857.718012,1796153.124961,-34.736777,-30.761499,292.505898,0.99143837,0.11199527,0.06668507,-0.00775411,-0.25979495,-0.04600143,-0.03699720,11.1100,70.4917,474.6404,0.00271127,0.00811062,0.861793,-0.00548685,0.00513240,0.00571823,-0.00490102,-0.00387851,0.00678739,0.00484814,-0.00678739,813.9467,-61.3049,-34.1449,74.576277,-7.685638,-12.546772,16.46176078,44.11541009,1270.4917
3.340000,4393466.693831,4259857.409644,1796156.053497,-34.817756,-30.912461,293.200249,0.99160189,0.11064355,0.06649463,-0.00788471,-0.27908731,-0.04353403,-0.04138847,11.1100,70.8759,477.5728,0.00250627,0.00828228,0.863886,-0.00527944,0.00466307,0.00579234,-0.00415017,-0.00290888,0.00678739,0.00484814,-0.00678739,807.7379,-64.6595,-33.3140,74.014018,-7.961512,-12.478384,16.46178728,44.11541028,1270.8759
3.350000,4393466.345257,4259857.099752,1796158.988947,-34.896858,-31.066576,293.890862,0.99177229,0.10919917,0.06632424,-0.00802208,-0.29676400,-0.03891997,-0.04298502,11.1100,71.2605,480.5124,0.00229448,0.00852174,0.865963,-0.00527944,0.00466307,0.00579234,-0.00415017,-0.00290888,0.00678739,0.00484814,-0.00678739,801.5326,-67.6370,-31.2591,73.452467,-8.201638,-12.300099,16.46181384,44.11541048,1271.2605
3.360000,4393465.995902,4259856.788304,1796161.931294,-34.973747,-31.223454,294.577563,0.99194788,0.10767073,0.06618134,-0.00815178,-0.31297440,-0.03282153,-0.04178760,11.1100,71.6454,483.4590,0.00212667,0.00878092,0.868030,-0.00527944,0.00466307,0.00579234,-0.00415017,-0.00290888,0.00678739,0.00484814,-0.00678739,808.0448,-70.8298,-29.6241,74.036103,-8.459515,-12.159806,16.46184047,44.11541067,1271.6454
3.370000,4393465.645797,4259856.475278,1796164.880481,-35.046595,-31.381686,295.256968,0.99212033,0.10612550,0.06607978,-0.00825173,-0.30461132,-0.02141052,-0.03355922,11.1100,72.0308,486.4127,0.00201940,0.00903133,0.870085,-0.00527944,0.00466307,0.00579234,-0.00415017,-0.00290888,0.00678739,0.00387851,-0.00678739,802.0233,-75.0179,-29.6862,73.492325,-8.806665,-12.172140,16.46186716,44.11541085,1272.0308
3.380000,4393465.294975,4259856.160651,1796167.836452,-35.117638,-31.543896,295.938309,0.99228470,0.10462390,0.06600232,-0.00828345,-0.29718629,-0.02009472,-0.01495141,11.1100,72.4165,489.3734,0.00200021,0.00922135,0.872119,-0.00566038,0.00459018,0.00588489,-0.00436568,-0.00290888,0.00581776,0.00387851,-0.00581776,783.0871,-79.6180,-27.3739,71.786420,-9.191797,-11.970419,16.46189391,44.11541103,1272.4165
3.390000,4393464.943447,4259855.844404,1796170.799228,-35.187923,-31.705179,296.613980,0.99244362,0.10316277,0.06591983,-0.00822704,-0.29061102,-0.01944743,0.00233614,11.1100,72.8026,492.3410,0.00204979,0.00926309,0.874159,-0.00566038,0.00459018,0.00588489,-0.00436568,-0.00290888,0.00581776,0.00387851,-0.00581776,789.5474,-80.3536,-28.0812,72.366151,-9.229986,-12.040247,16.46192073,44.11541120,1272.8026
3.400000,4393464.591214,4259855.526554,1796173.768714,-35.258919,-31.864531,297.284234,0.99259779,0.10173734,0.06583031,-0.00809403,-0.28480355,-0.01947406,0.01638950,11.1100,73.1890,495.3157,0.00210576,0.00912420,0.876182,-0.00566038,0.00459018,0.00588489,-0.00436568,-0.00290888,0.00581776,0.00387851,-0.00581776,770.5578,-79.1211,-28.8714,70.654884,-9.091798,-12.117336,16.46194761,44.11541136,1273.1890
3.410000,4393464.238261,4259855.207129,1796176.744895,-35.332116,-32.020011,297.950913,0.99274071,0.10040269,0.06574551,-0.00791894,-0.25562289,-0.01531038,0.02109894,11.1100,73.5758,498.2972,0.00216080,0.00883364,0.878189,-0.00566038,0.00459018,0.00588489,-0.00436568,-0.00290888,0.00581776,0.00387851,-0.00678739,777.0317,-75.1071,-30.7822,71.235569,-8.705035,-12.294836,16.46197455,44.11541152,1273.5758
3.420000,4393463.884558,4259854.886170,1796179.727714,-35.408690,-32.171294,298.611997,0.99286677,0.09920474,0.06567890,-0.00776333,-0.22933936,-0.01219640,0.01161699,11.1100,73.9629,501.2856,0.00222805,0.00846287,0.880186,-0.00478985,0.00394384,0.00503060,-0.00370309,-0.00387851,0.00678739,0.00387851,-0.00678739,770.7681,-69.1159,-31.6836,70.670161,-8.142905,-12.380827,16.46200156,44.11541168,1273.9629
3.430000,4393463.530086,4259854.563705,1796182.717116,-35.485832,-32.321217,299.267487,0.99299709,0.09794232,0.06561713,-0.00764696,-0.27910606,-0.01522726,0.00380892,11.1100,74.3504,504.2808,0.00232496,0.00813510,0.882166,-0.00478985,0.00394384,0.00503060,-0.00370309,-0.00290888,0.00678739,0.00484814,-0.00581776,764.5135,-67.0700,-31.8021,70.105740,-7.934579,-12.396536,16.46202862,44.11541182,1274.3504
3.440000,4393463.174841,4259854.239753,1796185.713045,-35.563142,-32.469075,299.917476,0.99314947,0.09644121,0.06554428,-0.00756143,-0.32425064,-0.01903599,-0.00619808,11.1100,74.7382,507.2828,0.00242134,0.00789902,0.884130,-0.00478985,0.00394384,0.00503060,-0.00370309,-0.00290888,0.00678739,0.00484814,-0.00581776,758.2691,-64.8678,-33.1167,69.542082,-7.707534,-12.520768,16.46205575,44.11541197,1274.7382
3.450000,4393462.818825,4259853.914328,1796188.715447,-35.639948,-32.615843,300.561972,0.99332088,0.09472259,0.06545814,-0.00751625,-0.36521735,-0.02313901,-0.01713956,11.1100,75.1264,510.2915,0.00248258,0.00775668,0.886078,-0.00478985,0.00394384,0.00503060,-0.00370309,-0.00290888,0.00678739,0.00484814,-0.00581776,751.8225,-63.7174,-34.0541,68.960035,-7.570900,-12.611812,16.46208294,44.11541210,1275.1264
3.460000,4393462.462047,4259853.587429,1796191.724266,-35.715423,-32.763978,301.200832,0.99349150,0.09299684,0.06534326,-0.00751559,-0.32714015,-0.03199611,-0.02286030,11.1100,75.5148,513.3068,0.00250448,0.00772026,0.888010,-0.00486934,0.00367207,0.00476624,-0.00377517,-0.00387851,0.00581776,0.00387851,-0.00581776,745.8153,-64.9214,-33.3961,68.417056,-7.645979,-12.559235,16.46211018,44.11541224,1275.5148
3.470000,4393462.104520,4259853.259045,1796194.739445,-35.789790,-32.913082,301.834052,0.99364511,0.09144819,0.06518830,-0.00755714,-0.29291671,-0.03949913,-0.02774401,11.1100,75.9036,516.3287,0.00246356,0.00776219,0.889925,-0.00486934,0.00367207,0.00476624,-0.00377517,-0.00387851,0.00581776,0.00387851,-0.00581776,739.6072,-65.8111,-33.2219,67.855290,-7.696130,-12.549553,16.46213749,44.11541237,1275.9036
3.480000,4393461.746247,4259852.929159,1796197.760926,-35.864517,-33.064448,302.461303,0.99379018,0.08999362,0.06499082,-0.00764262,-0.28766613,-0.04980834,-0.03618574,11.1100,76.2927,519.3572,0.00233943,0.00785458,0.891824,-0.00486934,0.00367207,0.00476624,-0.00377517,-0.00387851,0.00581776,0.00484814,-0.00581776,733.4128,-66.1027,-30.8946,67.294012,-7.694206,-12.345750,16.46216486,44.11541249,1276.2927
3.490000,4393461.387233,4259852.597745,1796200.788651,-35.938071,-33.219082,303.082651,0.99393343,0.08856060,0.06475325,-0.00776974,-0.28306809,-0.05668204,-0.04217737,11.1100,76.6820,522.3921,0.00213244,0.00801264,0.893707,-0.00486934,0.00367207,0.00476624,-0.00377517,-0.00387851,0.00581776,0.00484814,-0.00581776,727.0171,-68.3704,-28.7876,66.713896,-7.870515,-12.161729,16.46219228,44.11541261,1276.6820
3.500000,4393461.027501,4259852.264769,1796203.822523,-36.007993,-33.376479,303.688871,0.99406759,0.08721350,0.06450428,-0.00791337,-0.25315816,-0.05443932,-0.04016222,11.1100,77.0716,525.4335,0.00184700,0.00823563,0.895574,-0.00417858,0.00393304,0.00420636,-0.00390527,-0.00387851,0.00581776,0.00387851,-0.00581776,720.8526,-72.5784,-26.8932,66.154395,-8.223092,-11.996495,16.46221977,44.11541272,1277.0716
3.510000,4393460.667073,4259851.930198,1796206.862446,-36.077579,-33.538299,304.294780,0.99418652,0.08600835,0.06427254,-0.00804812,-0.22632240,-0.04879711,-0.03572944,11.1100,77.4614,528.4812,0.00154439,0.00846633,0.897396,-0.00417858,0.00393304,0.00420636,-0.00390527,-0.00387851,0.00581776,0.00387851,-0.00581776,702.2927,-75.6285,-23.4766,64.479512,-8.474203,-11.693650,16.46224731,44.11541282,1277.4614
3.520000,4393460.305945,4259851.593992,1796209.908399,-36.147925,-33.703607,304.896480,0.99429751,0.08486403,0.06406081,-0.00817100,-0.22857783,-0.04576586,-0.03465586,11.1100,77.8513,531.5352,0.00128957,0.00865632,0.899219,-0.00417858,0.00393304,0.00420636,-0.00390527,-0.00387851,0.00581776,0.00484814,-0.00581776,696.2005,-76.9967,-19.3405,63.927194,-8.575099,-11.325725,16.46227491,44.11541292,1277.8513
3.530000,4393459.944118,4259851.256118,1796212.960351,-36.217212,-33.871465,305.492843,0.99440683,0.08370902,0.06386904,-0.00828219,-0.23089299,-0.04055783,-0.03210270,11.1100,78.2414,534.5954,0.00108909,0.00881506,0.901032,-0.00417858,0.00393304,0.00420636,-0.00390527,-0.00387851,0.00581776,0.00484814,-0.00581776,701.8064,-79.3077,-17.0748,64.428166,-8.760660,-11.126098,16.46230256,44.11541302,1278.2414
3.540000,4393459.581619,4259850.916568,1796216.018234,-36.282582,-34.038771,306.082531,0.99450586,0.08261278,0.06374396,-0.00836253,-0.21109566,-0.01903463,-0.02421621,11.1100,78.6316,537.6618,0.00093674,0.00894878,0.902830,-0.00475784,0.00311613,0.00491820,-0.00295577,-0.00290888,0.00581776,0.00387851,-0.00678739,693.9362,-82.6044,-19.0539,63.717417,-9.036091,-11.308116,16.46233027,44.11541311,1278.6316
3.550000,4393459.218462,4259850.575327,1796219.081976,-36.348579,-34.209590,306.664611,0.99460446,0.08147459,0.06366598,-0.00839664,-0.23349955,-0.02149384,-0.01378595,11.1100,79.0219,540.7344,0.00091681,0.00901702,0.904607,-0.00475784,0.00311613,0.00491820,-0.00295577,-0.00387851,0.00581776,0.00484814,-0.00484814,686.1079,-83.8543,-13.7553,63.011271,-9.126521,-10.835055,16.46235804,44.11541319,1279.0219
3.560000,4393458.854651,4259850.232378,1796222.151503,-36.413576,-34.379940,307.239771,0.99469582,0.08044238,0.06355370,-0.00837762,-0.18102718,-0.02839558,-0.00141520,11.1100,79.4123,543.8130,0.00101102,0.00900214,0.906363,-0.00475784,0.00311613,0.00491820,-0.00295577,-0.00387851,0.00387851,0.00484814,-0.00581776,678.3224,-85.3401,-13.7771,62.308223,-9.240302,-10.840581,16.46238586,44.11541326,1279.4123
3.570000,4393458.490192,4259849.887739,1796225.226711,-36.478492,-34.547702,307.800489,0.99476892,0.07966089,0.06340083,-0.00832314,-0.13382182,-0.03503035,0.00773338,11.1100,79.8027,546.8977,0.00104529,0.00886183,0.908100,-0.00475784,0.00311613,0.00491820,-0.00295577,-0.00387851,0.00387851,0.00484814,-0.00581776,670.5804,-84.0112,-14.3841,61.608267,-9.105650,-10.898042,16.46241373,44.11541332,1279.8027
3.580000,4393458.125075,4259849.541430,1796228.307489,-36.545186,-34.713560,308.352235,0.99482591,0.07910421,0.06321285,-0.00824997,-0.09133154,-0.04048089,0.01267396,11.1100,80.1932,549.9882,0.00100553,0.00861979,0.909794,-0.00410457,0.00259191,0.00434925,-0.00234722,-0.00387851,0.00387851,0.00484814,-0.00581776,662.7611,-81.4281,-14.0814,60.900665,-8.862497,-10.873001,16.46244166,44.11541338,1280.1932
3.590000,4393457.759287,4259849.193474,1796231.393733,-36.612868,-34.877389,308.895374,0.99488457,0.07853336,0.06301425,-0.00814949,-0.13864023,-0.03847805,0.01847515,11.1100,80.5837,553.0846,0.00090226,0.00831666,0.911462,-0.00410457,0.00259191,0.00434925,-0.00234722,-0.00290888,0.00484814,0.00484814,-0.00484814,642.5187,-79.3976,-14.2822,59.074617,-8.668843,-10.893331,16.46246964,44.11541343,1280.5837
3.600000,4393457.392806,4259848.843889,1796234.485374,-36.683719,-35.039280,309.431627,0.99495965,0.07773950,0.06282972,-0.00801809,-0.18150389,-0.03513162,0.01895379,11.1100,80.9742,556.1866,0.00078156,0.00796695,0.913105,-0.00410457,0.00259191,0.00434925,-0.00234722,-0.00290888,0.00484814,0.00484814,-0.00484814,635.0646,-75.4190,-12.8634,58.399840,-8.295555,-10.768517,16.46249767,44.11541348,1280.9742
3.610000,4393457.025599,4259848.492699,1796237.582305,-36.757973,-35.198232,309.951477,0.99504358,0.07681460,0.06265257,-0.00790279,-0.19125483,-0.03668626,0.00877259,11.1100,81.3646,559.2943,0.00069447,0.00759822,0.914729,-0.00410457,0.00259191,0.00434925,-0.00234722,-0.00387851,0.00484814,0.00484814,-0.00484814,627.6569,-69.8566,-10.4879,57.729410,-7.777133,-10.557938,16.46252576,44.11541352,1281.3646
3.620000,4393456.657641,4259848.139929,1796240.684381,-36.833813,-35.355642,310.462686,0.99513000,0.07583925,0.06247531,-0.00784429,-0.20025066,-0.03713216,-0.00460463,11.1100,81.7550,562.4075,0.00062387,0.00729476,0.916306,-0.00385000,0.00184859,0.00406372,-0.00163487,-0.00387851,0.00484814,0.00484814,-0.00484814,607.4859,-66.5001,-9.6884,55.910247,-7.456213,-10.489328,16.46255389,44.11541355,1281.7550
3.630000,4393456.288921,4259847.785587,1796243.791536,-36.909982,-35.512553,310.965482,0.99521807,0.07481635,0.06230425,-0.00785349,-0.20856956,-0.03647090,-0.01920851,11.1100,82.1452,565.5261,0.00054570,0.00711839,0.917859,-0.00385000,0.00184859,0.00406372,-0.00163487,-0.00387851,0.00484814,0.00484814,-0.00484814,600.3300,-64.7481,-8.7668,55.262773,-7.278690,-10.409821,16.46258207,44.11541358,1282.1452
3.640000,4393455.919449,4259847.429671,1796246.903630,-36.984133,-35.670735,311.452149,0.99530251,0.07382583,0.06212798,-0.00792250,-0.18627383,-0.04075104,-0.02724906,11.1100,82.5353,568.6501,0.00047151,0.00708614,0.919387,-0.00385000,0.00184859,0.00406372,-0.00163487,-0.00387851,0.00387851,0.00484814,-0.00484814,580.5355,-66.2128,-6.4848,53.477705,-7.391261,-10.207741,16.46261030,44.11541360,1282.5353
3.650000,4393455.549242,4259847.072167,1796250.020558,-37.056810,-35.830220,311.930543,0.99537904,0.07293776,0.06193607,-0.00803577,-0.16635378,-0.04341934,-0.03369686,11.1100,82.9253,571.7792,0.00038482,0.00716204,0.920868,-0.00385000,0.00184859,0.00406372,-0.00163487,-0.00387851,0.00387851,0.00484814,-0.00484814,573.4111,-67.6122,-5.4581,52.832812,-7.499885,-10.118349,16.46263858,44.11541362,1282.9253
3.660000,4393455.178323,4259846.713064,1796253.142181,-37.126581,-35.990527,312.391081,0.99544825,0.07214167,0.06173665,-0.00818196,-0.14855731,-0.04420060,-0.03778476,11.1100,83.3150,574.9134,0.00026520,0.00730581,0.922326,-0.00417885,0.00169931,0.00425447,-0.00162369,-0.00387851,0.00387851,0.00484814,-0.00484814,553.6506,-69.8829,-3.9705,51.050464,-7.688676,-9.987200,16.46266690,44.11541362,1283.3150
3.670000,4393454.806721,4259846.352352,1796256.268322,-37.193246,-36.151995,312.834208,0.99551059,0.07142847,0.06153834,-0.00834684,-0.13265904,-0.04309943,-0.03911321,11.1100,83.7046,578.0526,0.00013159,0.00749552,0.923732,-0.00417885,0.00169931,0.00425447,-0.00162369,-0.00387851,0.00387851,0.00484814,-0.00484814,534.1026,-72.7374,-2.2580,49.287290,-7.931606,-9.835548,16.46269527,44.11541363,1283.7046
3.680000,4393454.434477,4259845.990022,1796259.398809,-37.254986,-36.314139,313.260240,0.99556002,0.07086995,0.06136269,-0.00850393,-0.08737015,-0.03428513,-0.03171315,11.1100,84.0939,581.1965,0.00000346,0.00770407,0.925087,-0.00417885,0.00169931,0.00425447,-0.00162369,-0.00387851,0.00387851,0.00387851,-0.00484814,514.7645,-77.2614,-2.0118,47.543444,-8.327806,-9.815374,16.46272368,44.11541363,1284.0939
3.690000,4393454.061635,4259845.626075,1796262.533432,-37.312960,-36.475006,313.661656,0.99559156,0.07052808,0.06122709,-0.00863044,-0.04667954,-0.02531985,-0.02302866,11.1100,84.4828,584.3451,-0.00007644,0.00786947,0.926392,-0.00417885,0.00169931,0.00425447,-0.00162369,-0.00387851,0.00387851,0.00387851,-0.00484814,495.6389,-79.7008,-0.8632,45.819474,-8.540613,-9.713260,16.46275213,44.11541362,1284.4828
3.700000,4393453.688218,4259845.260529,1796265.671986,-37.369751,-36.633879,314.044402,0.99561144,0.07032620,0.06112044,-0.00873984,-0.03672945,-0.02265534,-0.02136834,11.1100,84.8715,587.4981,-0.00006835,0.00794852,0.927624,-0.00384076,0.00150179,0.00418429,-0.00115827,-0.00387851,0.00387851,0.00484814,-0.00581776,476.8339,-78.0568,-0.8683,44.124908,-8.388611,-9.714529,16.46278063,44.11541360,1284.8715
3.710000,4393453.314255,4259844.893401,1796268.814227,-37.422386,-36.791203,314.399217,0.99562503,0.07022724,0.06100016,-0.00882710,-0.00100073,-0.02846529,-0.01255133,11.1100,85.2598,590.6552,0.00000299,0.00798320,0.928802,-0.00384076,0.00150179,0.00418429,-0.00115827,-0.00387851,0.00290888,0.00484814,-0.00484814,445.3291,-81.7510,1.1509,41.286962,-8.719123,-9.533345,16.46280916,44.11541358,1285.2598
3.720000,4393452.939777,4259844.524696,1796271.959914,-37.473082,-36.948877,314.733683,0.99564251,0.07013868,0.06081352,-0.00884733,-0.03855584,-0.04579457,0.00593870,11.1100,85.6477,593.8164,0.00005307,0.00795440,0.929897,-0.00384076,0.00150179,0.00418429,-0.00115827,-0.00387851,0.00290888,0.00484814,-0.00290888,414.1996,-84.5296,3.3832,38.481415,-8.967531,-9.333110,16.46283773,44.11541355,1285.6477
3.730000,4393452.564791,4259844.154442,1796275.108809,-37.524440,-37.101469,315.042674,0.99568261,0.06979471,0.06056036,-0.00879067,-0.09882055,-0.05510898,0.01467624,11.1100,86.0352,596.9812,-0.00001312,0.00777783,0.930933,-0.00384076,0.00150179,0.00418429,-0.00115827,-0.00387851,0.00387851,0.00484814,-0.00290888,383.5681,-80.7358,2.5878,35.719275,-8.619503,-9.406247,16.46286633,44.11541351,1286.0352
3.740000,4393452.189281,4259843.782684,1796278.260677,-37.577873,-37.249397,315.326380,0.99574029,0.06922236,0.06028108,-0.00870200,-0.12568931,-0.05540450,0.01290424,11.1100,86.4223,600.1495,-0.00020322,0.00748296,0.931895,-0.00352101,0.00097595,0.00389278,-0.00060418,-0.00387851,0.00387851,0.00484814,-0.00290888,365.7598,-76.9080,5.0563,34.110767,-8.264018,-9.186288,16.46289496,44.11541346,1286.4223
3.750000,4393451.813229,4259843.409464,1796281.415246,-37.632779,-37.394018,315.582929,0.99580350,0.06854848,0.06001661,-0.00863168,-0.14476111,-0.05138877,0.00577360,11.1100,86.8088,603.3211,-0.00043911,0.00716426,0.932783,-0.00352101,0.00097595,0.00389278,-0.00060418,-0.00387851,0.00387851,0.00484814,-0.00387851,335.5876,-71.3282,6.7657,31.389693,-7.748844,-9.034872,16.46292362,44.11541341,1286.8088
3.760000,4393451.436624,4259843.034812,1796284.572247,-37.688015,-37.535851,315.812717,0.99587036,0.06778202,0.05978220,-0.00859751,-0.16193796,-0.04499263,-0.00426621,11.1100,87.1947,606.4956,-0.00064156,0.00690834,0.933593,-0.00352101,0.00097595,0.00389278,-0.00060418,-0.00387851,0.00387851,0.00484814,-0.00387851,305.5550,-68.1257,9.5974,28.681815,-7.445784,-8.782593,16.46295231,44.11541335,1287.1947
3.770000,4393451.059476,4259842.658760,1796287.731375,-37.740988,-37.673897,316.006776,0.99593945,0.06693139,0.05958759,-0.00860979,-0.17740553,-0.03733135,-0.01552779,11.1100,87.5800,609.6729,-0.00078334,0.00674763,0.934325,-0.00352101,0.00097595,0.00389278,-0.00060418,-0.00387851,0.00387851,0.00484814,-0.00387851,276.1254,-66.2215,11.6458,26.029038,-7.257880,-8.600921,16.46298102,44.11541329,1287.5800
3.780000,4393450.681814,4259842.281343,1796290.892297,-37.790924,-37.809232,316.173362,0.99600982,0.06600461,0.05943605,-0.00867055,-0.19132782,-0.02962594,-0.02626969,11.1100,87.9646,612.8526,-0.00084874,0.00669888,0.934952,-0.00394579,0.00057063,0.00398434,-0.00053208,-0.00387851,0.00387851,0.00484814,-0.00387851,234.4972,-65.8312,12.6708,22.279167,-7.204695,-8.511430,16.46300975,44.11541322,1287.9646
3.790000,4393450.303677,4259841.902589,1796294.054721,-37.835405,-37.940959,316.305331,0.99608103,0.06500936,0.05932434,-0.00877394,-0.20385355,-0.02301637,-0.03496383,11.1100,88.3484,616.0343,-0.00083415,0.00676078,0.935498,-0.00394579,0.00057063,0.00398434,-0.00053208,-0.00387851,0.00387851,0.00484814,-0.00387851,205.9664,-66.9324,12.5996,19.709005,-7.284363,-8.520653,16.46303851,44.11541314,1288.3484
3.800000,4393449.925125,4259841.522522,1796297.218320,-37.873850,-38.071646,316.408617,0.99614876,0.06403784,0.05922537,-0.00889762,-0.18198200,-0.02491227,-0.03414188,11.1100,88.7314,619.2179,-0.00074790,0.00691625,0.935942,-0.00394579,0.00057063,0.00398434,-0.00053208,-0.00387851,0.00290888,0.00484814,-0.00387851,164.9975,-70.8168,13.0654,16.019571,-7.614966,-8.481417,16.46306728,44.11541306,1288.7314
3.810000,4393449.546222,4259841.141159,1796300.382774,-37.906051,-38.200528,316.478145,0.99620563,0.06325477,0.05909341,-0.00900767,-0.12926410,-0.03467695,-0.02448925,11.1100,89.1136,622.4029,-0.00063785,0.00709930,0.936301,-0.00394579,0.00057063,0.00398434,-0.00053208,-0.00387851,0.00193925,0.00484814,-0.00387851,124.4441,-74.9530,13.0934,12.366880,-7.971932,-8.481161,16.46309606,44.11541298,1289.1136
3.820000,4393449.167015,4259840.758520,1796303.547803,-37.934909,-38.326893,316.523566,0.99626017,0.06255389,0.05890938,-0.00907548,-0.14863005,-0.04399402,-0.01431675,11.1100,89.4949,625.5891,-0.00058884,0.00721822,0.936560,-0.00400765,0.00076704,0.00397788,-0.00079681,-0.00387851,0.00290888,0.00484814,-0.00290888,97.3203,-76.5306,12.3086,9.921924,-8.100260,-8.553957,16.46312485,44.11541288,1289.4949
3.830000,4393448.787533,4259840.374634,1796306.713128,-37.961093,-38.449679,316.535791,0.99632279,0.06176421,0.05868064,-0.00909180,-0.16594530,-0.05153294,-0.00514798,11.1100,89.8754,628.7762,-0.00063785,0.00723434,0.936748,-0.00400765,0.00076704,0.00397788,-0.00079681,-0.00387851,0.00290888,0.00484814,-0.00290888,70.3103,-76.6681,12.8750,7.486259,-8.097305,-8.505424,16.46315366,44.11541278,1289.8754
3.840000,4393448.407794,4259839.989534,1796309.878440,-37.986680,-38.569625,316.520704,0.99639191,0.06089501,0.05841902,-0.00906472,-0.18141191,-0.05634870,0.00178092,11.1100,90.2549,631.9638,-0.00076762,0.00715471,0.936838,-0.00400765,0.00076704,0.00397788,-0.00079681,-0.00387851,0.00290888,0.00484814,-0.00290888,31.3172,-75.4725,14.5725,3.971313,-7.972860,-8.355328,16.46318246,44.11541267,1290.2549
3.850000,4393448.027801,4259839.603254,1796313.043427,-38.011952,-38.685946,316.472800,0.99646578,0.05995437,0.05814022,-0.00900718,-0.19521038,-0.05796910,0.00566834,11.1100,90.6334,635.1517,-0.00095282,0.00699915,0.936849,-0.00400765,0.00076704,0.00397788,-0.00079681,-0.00387851,0.00290888,0.00484814,-0.00290888,-7.5197,-73.2374,17.0645,0.470040,-7.753498,-8.133896,16.46321127,44.11541256,1290.6334
3.860000,4393447.647564,4259839.215840,1796316.207784,-38.035481,-38.796287,316.392986,0.99653071,0.05911845,0.05789285,-0.00894256,-0.14103494,-0.04335756,0.00625418,11.1100,91.0109,638.3396,-0.00116210,0.00679695,0.936764,-0.00394848,0.00021273,0.00387952,-0.00028169,-0.00387851,0.00290888,0.00387851,-0.00387851,-33.1843,-70.3756,16.8215,-1.844987,-7.479767,-8.158280,16.46324008,44.11541244,1291.0109
3.870000,4393447.267091,4259838.827341,1796319.371213,-38.058764,-38.902500,316.287195,0.99657556,0.05853794,0.05771806,-0.00889325,-0.09271854,-0.02839944,0.00376156,11.1100,91.3872,641.5271,-0.00130790,0.00658095,0.936585,-0.00394848,0.00021273,0.00387952,-0.00028169,-0.00387851,0.00290888,0.00387851,-0.00387851,-70.8440,-67.3468,19.0040,-5.238224,-7.195942,-7.963568,16.46326889,44.11541231,1291.3872
3.880000,4393446.886397,4259838.437810,1796322.533418,-38.079696,-39.002735,316.150317,0.99660252,0.05818441,0.05761314,-0.00887183,-0.04964939,-0.01526218,-0.00119154,11.1100,91.7624,644.7140,-0.00130437,0.00638250,0.936329,-0.00394848,0.00021273,0.00387952,-0.00028169,-0.00387851,0.00290888,0.00387851,-0.00387851,-108.3680,-64.5876,19.1263,-8.617824,-6.940754,-7.953611,16.46329769,44.11541218,1291.7624
3.890000,4393446.505511,4259838.047309,1796325.694111,-38.096815,-39.096276,315.983036,0.99661401,0.05803239,0.05756532,-0.00888771,-0.01128089,-0.00566821,-0.00767690,11.1100,92.1365,647.9000,-0.00116418,0.00622847,0.935982,-0.00394848,0.00021273,0.00387952,-0.00028169,-0.00387851,0.00290888,0.00387851,-0.00387851,-132.7408,-62.4573,17.3396,-10.812529,-6.746040,-8.114886,16.46332648,44.11541205,1292.1365
3.900000,4393446.124466,4259837.655884,1796328.853008,-38.111524,-39.187924,315.792865,0.99662042,0.05797605,0.05750496,-0.00892770,-0.01007131,-0.02009581,-0.00829186,11.1100,92.5093,651.0847,-0.00091887,0.00613706,0.935543,-0.00310802,0.00030967,0.00339851,-0.00001918,-0.00387851,0.00193925,0.00484814,-0.00290888,-169.1249,-62.7309,18.6771,-14.088559,-6.769536,-7.994762,16.46335526,44.11541190,1292.5093
3.910000,4393445.743291,4259837.263567,1796332.009900,-38.123149,-39.274901,315.582294,0.99663083,0.05792444,0.05736853,-0.00897728,-0.00899158,-0.03588715,-0.00957427,11.1100,92.8809,654.2680,-0.00069700,0.00607989,0.935038,-0.00310802,0.00030967,0.00339851,-0.00001918,-0.00387851,0.00193925,0.00484814,-0.00290888,-192.4842,-61.8467,15.4098,-16.193714,-6.688918,-8.289273,16.46338403,44.11541176,1292.8809
3.920000,4393445.362010,4259836.870396,1796335.164587,-38.132805,-39.358850,315.351542,0.99664528,0.05787680,0.05715546,-0.00903915,-0.00802773,-0.05063284,-0.01126293,11.1100,93.2512,657.4495,-0.00063428,0.00603490,0.934471,-0.00310802,0.00030967,0.00339851,-0.00001918,-0.00387851,0.00193925,0.00484814,-0.00290888,-215.5476,-61.1281,14.3074,-18.273714,-6.623292,-8.389087,16.46341278,44.11541160,1293.2512
3.930000,4393444.980638,4259836.476395,1796338.316863,-38.141411,-39.441232,315.100421,0.99666314,0.05783258,0.05687635,-0.00911396,-0.00716730,-0.06229263,-0.01306067,11.1100,93.6203,660.6291,-0.00072608,0.00600695,0.933844,-0.00310802,0.00030967,0.00339851,-0.00001918,-0.00387851,0.00193925,0.00484814,-0.00290888,-238.3246,-60.6376,15.3231,-20.329209,-6.578264,-8.298390,16.46344151,44.11541144,1293.6203
3.940000,4393444.599182,4259836.081573,1796341.466527,-38.149862,-39.523449,314.830866,0.99668328,0.05779148,0.05655037,-0.00920036,-0.00639918,-0.06945704,-0.01468064,11.1100,93.9880,663.8066,-0.00094585,0.00599796,0.933158,-0.00303448,0.00009071,0.00337080,0.00024561,-0.00387851,0.00193925,0.00484814,-0.00290888,-260.8186,-60.3960,18.1050,-22.360134,-6.555697,-8.048813,16.46347023,44.11541128,1293.9880
3.950000,4393444.217636,4259835.685920,1796344.613450,-38.159366,-39.607163,314.550397,0.99670432,0.05775338,0.05620175,-0.00929544,-0.00571347,-0.07149331,-0.01589170,11.1100,94.3545,666.9817,-0.00125096,0.00600685,0.932419,-0.00303448,0.00009071,0.00337080,0.00024561,-0.00387851,0.00193925,0.00484814,-0.00290888,-270.1240,-60.3842,22.0769,-23.204392,-6.553872,-7.692158,16.46349892,44.11541111,1294.3545
3.960000,4393443.835995,4259835.289428,1796347.757469,-38.169087,-39.691280,314.251862,0.99672487,0.05771826,0.05585582,-0.00939523,0.00054764,-0.06746396,-0.01761955,11.1100,94.7195,670.1544,-0.00159024,0.00602991,0.931650,-0.00303448,0.00009071,0.00337080,0.00024561,-0.00387851,0.00193925,0.00484814,-0.00290888,-292.2303,-60.5515,26.5457,-25.200795,-6.568227,-7.290766,16.46352759,44.11541094,1294.7195
3.970000,4393443.454251,4259834.892095,1796350.898460,-38.179453,-39.775306,313.943150,0.99673606,0.05779304,0.05555665,-0.00952092,0.03245016,-0.05424910,-0.02363651,11.1100,95.0831,673.3245,-0.00191289,0.00606265,0.930829,-0.00303448,0.00009071,0.00337080,0.00024561,-0.00387851,0.00193925,0.00484814,-0.00387851,-301.1579,-59.3521,29.3396,-26.010039,-6.461660,-7.039779,16.46355624,44.11541076,1295.0831
3.980000,4393443.072409,4259834.493909,1796354.036304,-38.188855,-39.861837,313.624246,0.99674000,0.05793688,0.05531210,-0.00965719,0.02897731,-0.04575845,-0.02163359,11.1100,95.4452,676.4918,-0.00213632,0.00614186,0.929979,-0.00329388,-0.00017745,0.00364728,0.00053086,-0.00387851,0.00193925,0.00484814,-0.00290888,-322.8962,-61.8020,33.8665,-27.971278,-6.684888,-6.632522,16.46358487,44.11541058,1295.4452
3.990000,4393442.690478,4259834.094858,1796357.170919,-38.197143,-39.948181,313.297585,0.99674249,0.05806550,0.05511093,-0.00977701,0.02587691,-0.03682331,-0.01850334,11.1100,95.8058,679.6564,-0.00224045,0.00623361,0.929101,-0.00329388,-0.00017745,0.00364728,0.00053086,-0.00387851,0.00193925,0.00484814,-0.00290888,-331.5701,-62.8142,35.2242,-28.755771,-6.778417,-6.510454,16.46361347,44.11541039,1295.8058
4.000000,4393442.308471,4259833.694950,1796360.302230,-38.203985,-40.033292,312.963438,0.99674357,0.05818090,0.05495180,-0.00987618,0.02310896,-0.02873500,-0.01476310,11.1100,96.1648,682.8180,-0.00225375,0.00629721,0.928200,-0.00329388,-0.00017745,0.00364728,0.00053086,-0.00387851,0.00193925,0.00484814,-0.00290888,-340.1482,-63.4247,35.3656,-29.530853,-6.835554,-6.497814,16.46364204,44.11541020,1296.1648
4.010000,4393441.926404,4259833.294200,1796363.430164,-38.209388,-40.116447,312.623922,0.99674358,0.05828465,0.05482762,-0.00995353,0.02063776,-0.02254720,-0.01096712,11.1100,96.5222,685.9767,-0.00218166,0.00632516,0.927277,-0.00329388,-0.00017745,0.00364728,0.00053086,-0.00387851,0.00193925,0.00484814,-0.00290888,-348.6331,-63.5451,34.3602,-30.296887,-6.848359,-6.588332,16.46367058,44.11541000,1296.5222
4.020000,4393441.544290,4259832.892622,1796366.554684,-38.213245,-40.198627,312.278997,0.99674869,0.05829973,0.05471149,-0.00999222,-0.01262812,-0.02505463,-0.00166868,11.1100,96.8781,689.1323,-0.00204105,0.00631550,0.926337,-0.00296665,0.00007909,0.00334371,0.00029797,-0.00387851,0.00193925,0.00484814,-0.00193925,-344.3635,-64.6105,33.8799,-29.914806,-6.944539,-6.631781,16.46369910,44.11540980,1296.8781
4.030000,4393441.162141,4259832.490239,1796369.675721,-38.216380,-40.277311,311.927206,0.99676428,0.05816065,0.05457723,-0.00998161,-0.04214791,-0.02936616,0.00561246,11.1100,97.2325,692.2847,-0.00188264,0.00623787,0.925381,-0.00296665,0.00007909,0.00334371,0.00029797,-0.00387851,0.00193925,0.00484814,-0.00193925,-352.4721,-63.2574,31.6146,-30.647298,-6.820085,-6.836284,16.46372759,44.11540959,1297.2325
4.040000,4393440.779957,4259832.087083,1796372.793242,-38.220552,-40.353442,311.575829,0.99678953,0.05788431,0.05441814,-0.00993535,-0.06832260,-0.03475570,0.01007229,11.1100,97.5853,695.4340,-0.00176218,0.00608226,0.924403,-0.00296665,0.00007909,0.00334371,0.00029797,-0.00387851,0.00193925,0.00484814,-0.00193925,-360.7448,-60.9139,29.8383,-31.395105,-6.603854,-6.997135,16.46375605,44.11540937,1297.5853
4.050000,4393440.397728,4259831.683181,1796375.907214,-38.225767,-40.426522,311.219163,0.99682342,0.05748560,0.05423157,-0.00986961,-0.09150999,-0.04040947,0.01136217,11.1100,97.9365,698.5801,-0.00169285,0.00587507,0.923427,-0.00296665,0.00007909,0.00334371,0.00029797,-0.00387851,0.00193925,0.00484814,-0.00193925,-368.7860,-57.9513,28.7291,-32.122646,-6.329545,-7.098276,16.46378448,44.11540916,1297.9365
4.060000,4393440.015438,4259831.278562,1796379.017601,-38.232413,-40.497037,310.857085,0.99686480,0.05697773,0.05401895,-0.00980085,-0.11202947,-0.04554638,0.00959418,11.1100,98.2863,701.7230,-0.00167977,0.00564779,0.922434,-0.00286866,-0.00016659,0.00304900,0.00034694,-0.00387851,0.00193925,0.00484814,-0.00193925,-364.3312,-54.7868,28.3526,-31.725967,-6.034938,-7.133752,16.46381288,44.11540893,1298.2863
4.070000,4393439.633070,4259830.873243,1796382.124369,-38.241501,-40.566665,310.497201,0.99691241,0.05637256,0.05378520,-0.00974362,-0.13016625,-0.04952261,0.00528286,11.1100,98.6345,704.8626,-0.00171985,0.00543181,0.921426,-0.00286866,-0.00016659,0.00304900,0.00034694,-0.00387851,0.00193925,0.00484814,-0.00193925,-372.5064,-51.8279,28.6694,-32.466508,-5.756937,-7.107076,16.46384126,44.11540870,1298.6345
4.080000,4393439.250604,4259830.467233,1796385.227520,-38.251911,-40.635054,310.131779,0.99696494,0.05568079,0.05353776,-0.00970889,-0.14617691,-0.05190829,-0.00076415,11.1100,98.9811,707.9988,-0.00180295,0.00525420,0.920425,-0.00286866,-0.00016659,0.00304900,0.00034694,-0.00387851,0.00193925,0.00484814,-0.00193925,-367.7918,-49.4183,29.5509,-32.047107,-5.526668,-7.029781,16.46386960,44.11540847,1298.9811
4.090000,4393438.868025,4259830.060539,1796388.327018,-38.264130,-40.703876,309.768407,0.99702115,0.05491219,0.05328532,-0.00970300,-0.16028843,-0.05252464,-0.00757771,11.1100,99.3262,711.1317,-0.00191398,0.00513478,0.919408,-0.00286866,-0.00016659,0.00304900,0.00034694,-0.00387851,0.00193925,0.00484814,-0.00193925,-375.9593,-47.7917,30.7982,-32.787281,-5.365347,-6.919704,16.46389791,44.11540823,1299.3262
4.100000,4393438.485321,4259829.653157,1796391.422863,-38.276653,-40.772601,309.399463,0.99707990,0.05407570,0.05303658,-0.00972734,-0.17270537,-0.05144717,-0.01417647,11.1100,99.6698,714.2613,-0.00203520,0.00508364,0.918398,-0.00313481,-0.00039493,0.00308625,0.00034637,-0.00387851,0.00193925,0.00484814,-0.00193925,-371.4903,-47.0588,32.1859,-32.389973,-5.283102,-6.797105,16.46392619,44.11540799,1299.6698
4.110000,4393438.102489,4259829.245082,1796394.515021,-38.289767,-40.842600,309.032641,0.99714020,0.05317958,0.05279904,-0.00977860,-0.18360840,-0.04897061,-0.01969419,11.1100,100.0117,717.3876,-0.00214907,0.00510110,0.917372,-0.00313481,-0.00039493,0.00308625,0.00034637,-0.00387851,0.00193925,0.00484814,-0.00193925,-379.3961,-47.1969,33.4850,-33.106258,-5.278065,-6.682555,16.46395445,44.11540775,1300.0117
4.120000,4393437.719530,4259828.836305,1796397.603491,-38.301931,-40.912937,308.660339,0.99720129,0.05223138,0.05257811,-0.00984979,-0.19316066,-0.04555072,-0.02348818,11.1100,100.3521,720.5105,-0.00224039,0.00517807,0.916353,-0.00313481,-0.00039493,0.00308625,0.00034637,-0.00387851,0.00193925,0.00484814,-0.00193925,-374.9211,-48.0732,34.5043,-32.707838,-5.338430,-6.593225,16.46398267,44.11540750,1300.3521
4.130000,4393437.336452,4259828.426818,1796400.688241,-38.313351,-40.984323,308.288457,0.99726262,0.05123803,0.05237658,-0.00993147,-0.20150581,-0.04172724,-0.02519865,11.1100,100.6908,723.6300,-0.00229835,0.00529860,0.915318,-0.00313481,-0.00039493,0.00308625,0.00034637,-0.00387851,0.00193925,0.00484814,-0.00193925,-382.8190,-49.4660,35.1024,-33.422710,-5.444376,-6.541825,16.46401086,44.11540725,1300.6908
4.140000,4393436.953269,4259828.016619,1796403.769237,-38.322987,-41.055697,307.911294,0.99732385,0.05020577,0.05219447,-0.01001328,-0.20877200,-0.03804499,-0.02477151,11.1100,101.0280,726.7461,-0.00231738,0.00544210,0.914285,-0.00339993,-0.00026768,0.00316628,0.00003403,-0.00387851,0.00193925,0.00484814,-0.00193925,-390.7399,-51.1088,35.2114,-34.139281,-5.572066,-6.534434,16.46403902,44.11540699,1301.0280
4.150000,4393436.569995,4259827.605701,1796406.846481,-38.331853,-41.127988,307.538408,0.99738482,0.04914020,0.05202927,-0.01008542,-0.21507565,-0.03498200,-0.02243874,11.1100,101.3635,729.8587,-0.00229764,0.00558687,0.913236,-0.00339993,-0.00026768,0.00316628,0.00003403,-0.00387851,0.00193925,0.00484814,-0.00193925,-386.1808,-52.7241,34.8307,-33.732229,-5.696636,-6.571115,16.46406715,44.11540673,1301.3635
4.160000,4393436.186635,4259827.194058,1796409.920019,-38.339764,-41.200486,307.167920,0.99744552,0.04804625,0.05187651,-0.01013993,-0.22052265,-0.03289288,-0.01866122,11.1100,101.6975,732.9680,-0.00224425,0.00571262,0.912199,-0.00339993,-0.00026768,0.00316628,0.00003403,-0.00387851,0.00193925,0.00484814,-0.00193925,-381.4398,-54.0678,34.0298,-33.308587,-5.796208,-6.645602,16.46409525,44.11540647,1301.6975
4.170000,4393435.803206,4259826.781697,1796412.989816,-38.346017,-41.271684,306.792258,0.99750601,0.04692821,0.05173048,-0.01017154,-0.22520333,-0.03197161,-0.01404171,11.1100,102.0298,736.0738,-0.00216646,0.00580338,0.911169,-0.00339993,-0.00026768,0.00316628,0.00003403,-0.00387851,0.00193925,0.00484814,-0.00193925,-389.6858,-54.9506,32.9233,-34.053790,-5.853846,-6.747581,16.46412332,44.11540620,1302.0298
4.180000,4393435.419715,4259826.368625,1796416.055879,-38.352121,-41.342528,306.420960,0.99756638,0.04578974,0.05158507,-0.01017818,-0.22920047,-0.03224334,-0.00924002,11.1100,102.3606,739.1762,-0.00207595,0.00584917,0.910124,-0.00340026,-0.00017923,0.00300797,-0.00021306,-0.00387851,0.00193925,0.00484814,-0.00193925,-384.9386,-55.2582,31.6534,-33.629510,-5.859343,-6.864249,16.46415135,44.11540593,1302.3606
4.190000,4393435.036162,4259825.954848,1796419.118250,-38.358256,-41.412461,306.052043,0.99762670,0.04463397,0.05143464,-0.01016096,-0.23258991,-0.03357692,-0.00488331,11.1100,102.6897,742.2752,-0.00198498,0.00584628,0.909090,-0.00340026,-0.00017923,0.00300797,-0.00021306,-0.00387851,0.00193925,0.00484814,-0.00193925,-380.2652,-54.9660,30.3766,-33.211983,-5.810527,-6.981521,16.46417936,44.11540565,1302.6897
4.200000,4393434.652552,4259825.540384,1796422.176896,-38.363923,-41.480257,305.677873,0.99768700,0.04346354,0.05127463,-0.01012380,-0.23543525,-0.03571362,-0.00148351,11.1100,103.0174,745.3708,-0.00190493,0.00579772,0.908064,-0.00340026,-0.00017923,0.00300797,-0.00021306,-0.00387851,0.00193925,0.00484814,-0.00193925,-388.5775,-54.1247,29.2325,-33.963508,-5.712023,-7.086844,16.46420734,44.11540537,1303.0174
4.210000,4393434.268876,4259825.125241,1796425.231859,-38.371583,-41.548290,305.315362,0.99774719,0.04228066,0.05110212,-0.01007266,-0.23779745,-0.03831574,0.00060901,11.1100,103.3434,748.4629,-0.00184488,0.00571217,0.907022,-0.00340026,-0.00017923,0.00300797,-0.00021306,-0.00387851,0.00193925,0.00484814,-0.00193925,-383.8968,-52.8486,28.3292,-33.545788,-5.574151,-7.170488,16.46423528,44.11540508,1303.3434
4.220000,4393433.885121,4259824.709418,1796428.283178,-38.379704,-41.616068,304.949185,0.99781082,0.04101862,0.05090257,-0.00999851,-0.26691837,-0.04635502,0.00644056,11.1100,103.6680,751.5517,-0.00181042,0.00560181,0.906014,-0.00322491,-0.00028077,0.00272384,-0.00022029,-0.00387851,0.00193925,0.00484814,-0.00096963,-379.3862,-52.5634,29.0014,-33.143951,-5.523942,-7.112446,16.46426319,44.11540479,1303.6680
4.230000,4393433.501286,4259824.292935,1796431.330819,-38.387449,-41.680181,304.577862,0.99787356,0.03975848,0.05069107,-0.00990142,-0.23858143,-0.04271315,0.00993734,11.1100,103.9910,754.6372,-0.00182626,0.00545201,0.904995,-0.00322491,-0.00028077,0.00272384,-0.00022029,-0.00387851,0.00193925,0.00387851,-0.00193925,-375.1084,-50.5041,26.4514,-32.763307,-5.314113,-7.344382,16.46429108,44.11540450,1303.9910
4.240000,4393433.117364,4259823.875818,1796434.374749,-38.397345,-41.743150,304.208693,0.99792865,0.03863275,0.05049657,-0.00979924,-0.21326213,-0.03888320,0.01088127,11.1100,104.3124,757.7192,-0.00187027,0.00526104,0.903961,-0.00322491,-0.00028077,0.00272384,-0.00022029,-0.00387851,0.00193925,0.00387851,-0.00193925,-383.1905,-47.9922,26.8851,-33.494818,-5.066170,-7.307463,16.46431893,44.11540420,1304.3124
4.250000,4393432.733332,4259823.458076,1796437.415007,-38.409341,-41.804949,303.843560,0.99797697,0.03762657,0.05031950,-0.00970393,-0.19063808,-0.03532589,0.00935506,11.1100,104.6323,760.7979,-0.00187730,0.00505381,0.902933,-0.00322491,-0.00028077,0.00272384,-0.00022029,-0.00387851,0.00193925,0.00387851,-0.00193925,-378.6419,-45.3373,26.8761,-33.089087,-4.807680,-7.310126,16.46434675,44.11540390,1304.6323
4.260000,4393432.349164,4259823.039722,1796440.451632,-38.424465,-41.865685,303.482256,0.99802238,0.03665856,0.05014605,-0.00963645,-0.19686012,-0.03761339,0.00065898,11.1100,104.9507,763.8731,-0.00184879,0.00485570,0.901917,-0.00287527,-0.00058462,0.00245552,0.00016488,-0.00387851,0.00193925,0.00484814,-0.00193925,-374.1628,-41.6193,27.6664,-32.689508,-4.454210,-7.240748,16.46437454,44.11540360,1304.9507
4.270000,4393431.964840,4259822.620764,1796443.484664,-38.440294,-41.925647,303.122827,0.99806800,0.03565919,0.04996262,-0.00961338,-0.20225004,-0.04003353,-0.00866320,11.1100,105.2676,766.9451,-0.00181236,0.00471822,0.900913,-0.00287527,-0.00058462,0.00245552,0.00016488,-0.00387851,0.00193925,0.00484814,-0.00193925,-369.7517,-39.9510,27.0717,-32.296220,-4.284574,-7.296054,16.46440231,44.11540329,1305.2676
4.280000,4393431.580369,4259822.201214,1796446.514064,-38.453862,-41.984375,302.757647,0.99811079,0.03469947,0.04978111,-0.00962528,-0.18083570,-0.03718298,-0.01246557,11.1100,105.5829,770.0137,-0.00180041,0.00467427,0.899914,-0.00287527,-0.00058462,0.00245552,0.00016488,-0.00387851,0.00193925,0.00387851,-0.00193925,-378.4039,-40.6116,25.5670,-33.078681,-4.325299,-7.433165,16.46443004,44.11540298,1305.5829
4.290000,4393431.195762,4259821.781075,1796449.539827,-38.467410,-42.043420,302.395537,0.99814836,0.03383998,0.04961257,-0.00965924,-0.16172393,-0.03472016,-0.01561519,11.1100,105.8967,773.0790,-0.00179010,0.00469243,0.898898,-0.00287527,-0.00058462,0.00245552,0.00016488,-0.00387851,0.00193925,0.00387851,-0.00193925,-374.9702,-40.7495,25.3943,-32.773022,-4.320908,-7.450194,16.46445774,44.11540266,1305.8967
4.300000,4393430.811022,4259821.360345,1796452.561985,-38.480325,-42.102521,302.034598,0.99818152,0.03307008,0.04945434,-0.00971072,-0.14466315,-0.03290759,-0.01779320,11.1100,106.2090,776.1410,-0.00175428,0.00474360,0.897891,-0.00274802,-0.00040747,0.00244538,0.00010483,-0.00387851,0.00193925,0.00387851,-0.00193925,-371.5786,-41.2659,24.9208,-32.470917,-4.352320,-7.494139,16.46448541,44.11540234,1306.2090
4.310000,4393430.426163,4259820.939029,1796455.580492,-38.491433,-42.160600,301.667419,0.99821102,0.03238033,0.04930262,-0.00977397,-0.12943036,-0.03190929,-0.01881826,11.1100,106.5198,779.1996,-0.00169887,0.00481873,0.896887,-0.00274802,-0.00040747,0.00244538,0.00010483,-0.00387851,0.00193925,0.00387851,-0.00193925,-381.1483,-42.0478,24.2147,-33.335314,-4.409182,-7.558873,16.46451305,44.11540202,1306.5198
4.320000,4393430.041196,4259820.517132,1796458.595343,-38.501793,-42.218963,301.303232,0.99823757,0.03176236,0.04915306,-0.00984283,-0.11582681,-0.03177970,-0.01866079,11.1100,106.8291,782.2549,-0.00163176,0.00490671,0.895864,-0.00274802,-0.00040747,0.00244538,0.00010483,-0.00387851,0.00193925,0.00387851,-0.00193925,-377.7280,-42.9591,23.3665,-33.030432,-4.479081,-7.636278,16.46454066,44.11540170,1306.8291
4.330000,4393429.656122,4259820.094644,1796461.606566,-38.512883,-42.278973,300.941779,0.99826349,0.03118701,0.04898030,-0.00991505,-0.10771264,-0.04172606,-0.01820806,11.1100,107.1369,785.3069,-0.00156160,0.00499550,0.894849,-0.00274802,-0.00040747,0.00244538,0.00010483,-0.00387851,0.00193925,0.00484814,-0.00193925,-374.3477,-42.6783,23.6629,-32.729603,-4.442520,-7.610647,16.46456824,44.11540137,1307.1369
4.340000,4393429.270939,4259819.671550,1796464.614188,-38.523880,-42.340032,300.583210,0.99828987,0.03067117,0.04875410,-0.00998293,-0.09643305,-0.05177421,-0.01598046,11.1100,107.4432,788.3555,-0.00153285,0.00508262,0.893844,-0.00259651,-0.00026270,0.00246764,0.00013383,-0.00387851,0.00096963,0.00484814,-0.00193925,-371.0084,-44.7370,24.3258,-32.433498,-4.617724,-7.552034,16.46459579,44.11540104,1307.4432
4.350000,4393428.885642,4259819.247839,1796467.618238,-38.535607,-42.402407,300.227140,0.99831667,0.03020874,0.04848117,-0.01004208,-0.08635290,-0.05991437,-0.01316620,11.1100,107.7480,791.4007,-0.00160859,0.00514855,0.892847,-0.00259651,-0.00026270,0.00246764,0.00013383,-0.00387851,0.00096963,0.00484814,-0.00193925,-367.7094,-45.3445,25.0106,-32.141928,-4.663365,-7.491472,16.46462331,44.11540071,1307.7480
4.360000,4393428.500233,4259818.823502,1796470.618703,-38.546229,-42.464944,299.864452,0.99834115,0.02985920,0.04818481,-0.01008019,-0.05210295,-0.06034849,-0.00526437,11.1100,108.0512,794.4427,-0.00177265,0.00518718,0.891859,-0.00259651,-0.00026270,0.00246764,0.00013383,-0.00387851,0.00096963,0.00387851,-0.00193925,-364.7182,-46.7996,25.5550,-31.878520,-4.787523,-7.443443,16.46465081,44.11540037,1308.0512
4.370000,4393428.114710,4259818.398536,1796473.615536,-38.558784,-42.528402,299.502466,0.99836081,0.02967307,0.04788972,-0.01008854,-0.02154564,-0.05834693,0.00168932,11.1100,108.3530,797.4815,-0.00197802,0.00516762,0.890851,-0.00259651,-0.00026270,0.00246764,0.00013383,-0.00387851,0.00096963,0.00387851,-0.00193925,-374.0741,-46.3549,27.8166,-32.726429,-4.743911,-7.240656,16.46467827,44.11540003,1308.3530
4.380000,4393427.729042,4259817.972931,1796476.608760,-38.575205,-42.592616,299.142863,0.99837802,0.02956837,0.04759603,-0.01008224,-0.01930593,-0.05924588,0.00210924,11.1100,108.6533,800.5168,-0.00217024,0.00507473,0.889847,-0.00266414,-0.00067398,0.00269302,0.00070286,-0.00387851,0.00096963,0.00484814,-0.00193925,-370.7831,-43.9246,31.1017,-32.435972,-4.523190,-6.945636,16.46470570,44.11539969,1308.6533
4.390000,4393427.343198,4259817.546682,1796479.598401,-38.593961,-42.657425,298.785657,0.99839477,0.02947418,0.04730323,-0.01007787,-0.01730270,-0.05799179,0.00112639,11.1100,108.9520,803.5489,-0.00234815,0.00495196,0.888851,-0.00266414,-0.00067398,0.00269302,0.00070286,-0.00387851,0.00096963,0.00484814,-0.00193925,-367.5317,-42.3983,33.0147,-32.149052,-4.384035,-6.774100,16.46473310,44.11539934,1308.9520
4.400000,4393426.957156,4259817.119781,1796482.584482,-38.614597,-42.722549,298.429098,0.99841054,0.02938919,0.04702161,-0.01008160,-0.01551057,-0.05489204,-0.00103825,11.1100,109.2491,806.5777,-0.00251834,0.00483615,0.887863,-0.00266414,-0.00067398,0.00269302,0.00070286,-0.00387851,0.00096963,0.00484814,-0.00193925,-364.3176,-40.9756,34.8519,-31.865268,-4.254374,-6.609358,16.46476047,44.11539899,1309.2491
4.410000,4393426.570906,4259816.692234,1796485.566954,-38.635747,-42.786807,298.065822,0.99842495,0.02931224,0.04675936,-0.01009823,-0.01390697,-0.05044513,-0.00404073,11.1100,109.5447,809.6033,-0.00266118,0.00473988,0.886879,-0.00266414,-0.00067398,0.00269302,0.00070286,-0.00387851,0.00096963,0.00484814,-0.00193925,-374.0625,-39.7947,36.3882,-32.747526,-4.146621,-6.471652,16.46478781,44.11539864,1309.5447
4.420000,4393426.184430,4259816.264043,1796488.545807,-38.659438,-42.851636,297.705075,0.99843639,0.02930422,0.04650918,-0.01014610,0.01212578,-0.05013222,-0.01222255,11.1100,109.8386,812.6256,-0.00276173,0.00467260,0.885874,-0.00259672,-0.00087789,0.00268577,0.00096694,-0.00484814,0.00096963,0.00484814,-0.00193925,-370.8174,-37.8094,38.5947,-32.460304,-3.967789,-6.273514,16.46481512,44.11539828,1309.8386
4.430000,4393425.797722,4259815.835199,1796491.521066,-38.682178,-42.917200,297.347243,0.99844496,0.02935566,0.04627510,-0.01022353,0.01087692,-0.04416830,-0.01488345,11.1100,110.1310,815.6445,-0.00283270,0.00466634,0.884879,-0.00259672,-0.00087789,0.00268577,0.00096694,-0.00387851,0.00096963,0.00484814,-0.00193925,-367.6110,-38.8590,38.1304,-32.176221,-4.063246,-6.315673,16.46484241,44.11539792,1310.1310
4.440000,4393425.410787,4259815.405697,1796494.492761,-38.704903,-42.983160,296.992222,0.99845215,0.02940099,0.04607123,-0.01031119,0.00547869,-0.03747238,-0.01756487,11.1100,110.4217,818.6602,-0.00287353,0.00471013,0.883892,-0.00259672,-0.00087789,0.00268577,0.00096694,-0.00387851,0.00096963,0.00484814,-0.00193925,-364.4426,-39.2675,38.5290,-31.894955,-4.100869,-6.280113,16.46486966,44.11539756,1310.4217
4.450000,4393425.023626,4259814.975539,1796497.460920,-38.726763,-43.048037,296.638333,0.99845962,0.02935841,0.04591274,-0.01041637,-0.01936905,-0.02764181,-0.02309381,11.1100,110.7109,821.6727,-0.00285446,0.00477566,0.882913,-0.00259672,-0.00087789,0.00268577,0.00096694,-0.00387851,0.00193925,0.00484814,-0.00193925,-361.3115,-38.7852,37.1329,-31.616173,-4.056567,-6.406105,16.46489688,44.11539719,1310.7109
4.460000,4393424.636257,4259814.544729,1796500.425536,-38.747059,-43.114357,296.287224,0.99846709,0.02925983,0.04578721,-0.01052929,-0.01738453,-0.02471037,-0.02208768,11.1100,110.9984,824.6820,-0.00275105,0.00488755,0.881937,-0.00262272,-0.00069430,0.00272377,0.00079534,-0.00387851,0.00096963,0.00484814,-0.00193925,-371.1383,-41.1083,37.0962,-32.503086,-4.263668,-6.409744,16.46492408,44.11539682,1310.9984
4.470000,4393424.248693,4259814.113266,1796503.386638,-38.765374,-43.178106,295.931649,0.99847455,0.02913039,0.04567953,-0.01064765,-0.02322687,-0.02241131,-0.02596483,11.1100,111.2844,827.6880,-0.00258368,0.00501497,0.880969,-0.00262272,-0.00069430,0.00272377,0.00079534,-0.00387851,0.00193925,0.00484814,-0.00193925,-355.4003,-41.2733,34.0300,-31.088587,-4.275904,-6.686076,16.46495124,44.11539645,1311.2844
4.480000,4393423.860961,4259813.681163,1796506.344180,-38.780723,-43.242472,295.577264,0.99847819,0.02913537,0.04556788,-0.01077071,0.02710009,-0.02400352,-0.02157527,11.1100,111.5688,830.6908,-0.00238805,0.00515778,0.879987,-0.00262272,-0.00069430,0.00272377,0.00079534,-0.00484814,0.00096963,0.00387851,-0.00193925,-364.9513,-43.8968,32.9014,-31.950373,-4.512050,-6.787851,16.46497838,44.11539608,1311.5688
4.490000,4393423.473090,4259813.248418,1796509.298194,-38.793234,-43.306274,295.226136,0.99847705,0.02931898,0.04545245,-0.01086519,0.04821472,-0.02272559,-0.01146267,11.1100,111.8516,833.6904,-0.00220366,0.00528799,0.879007,-0.00262272,-0.00069430,0.00272377,0.00079534,-0.00387851,0.00096963,0.00387851,-0.00193925,-361.8594,-46.2777,29.6310,-31.674240,-4.729888,-7.082218,16.46500549,44.11539570,1311.8516
4.500000,4393423.085099,4259812.815041,1796512.248713,-38.805029,-43.368964,294.878047,0.99847339,0.02960460,0.04533577,-0.01091411,0.06708530,-0.02345888,-0.00171326,11.1100,112.1330,836.6868,-0.00203148,0.00533812,0.878036,-0.00231598,-0.00028429,0.00244065,0.00040896,-0.00387851,0.00096963,0.00387851,-0.00193925,-358.8035,-46.5920,27.6576,-31.401384,-4.763748,-7.259713,16.46503257,44.11539532,1312.1330
4.510000,4393422.696995,4259812.381050,1796515.195728,-38.815640,-43.428608,294.523672,0.99846784,0.02998128,0.04520853,-0.01092182,0.08394699,-0.02596082,0.00660159,11.1100,112.4128,839.6799,-0.00186302,0.00528836,0.877072,-0.00231598,-0.00028429,0.00244065,0.00040896,-0.00387851,0.00096963,0.00387851,-0.00193925,-355.7833,-45.8133,25.7164,-31.131944,-4.701060,-7.434230,16.46505962,44.11539494,1312.4128
4.520000,4393422.308784,4259811.946475,1796518.139196,-38.826736,-43.486061,294.170405,0.99846082,0.03043903,0.04506328,-0.01089748,0.09900911,-0.02981002,0.01265572,11.1100,112.6911,842.6699,-0.00171683,0.00515115,0.876089,-0.00231598,-0.00028429,0.00244065,0.00040896,-0.00387851,0.00096963,0.00387851,-0.00193925,-365.3713,-44.0952,24.0101,-31.997724,-4.555428,-7.587528,16.46508664,44.11539455,1312.6911
4.530000,4393421.920456,4259811.511329,1796521.079144,-38.839177,-43.542655,293.819665,0.99845510,0.03090943,0.04488350,-0.01083961,0.09310848,-0.03834165,0.01971787,11.1100,112.9680,845.6565,-0.00160744,0.00494756,0.875109,-0.00231598,-0.00028429,0.00244065,0.00040896,-0.00387851,0.00096963,0.00387851,-0.00096963,-362.5991,-42.7864,23.8001,-31.751659,-4.446920,-7.606178,16.46511363,44.11539416,1312.9680
4.540000,4393421.531992,4259811.075632,1796524.015599,-38.853894,-43.596363,293.471824,0.99844964,0.03141166,0.04467265,-0.01076920,0.10707247,-0.04265029,0.01943741,11.1100,113.2434,848.6400,-0.00156450,0.00467919,0.874136,-0.00181198,-0.00040744,0.00204428,0.00063973,-0.00387851,0.00096963,0.00387851,-0.00193925,-359.5804,-38.5805,22.0739,-31.484019,-4.078285,-7.761309,16.46514059,44.11539376,1313.2434
4.550000,4393421.143370,4259810.639406,1796526.948589,-38.871013,-43.648774,293.126589,0.99844257,0.03197918,0.04444132,-0.01071159,0.11954586,-0.04630237,0.01609345,11.1100,113.5174,851.6202,-0.00158510,0.00439318,0.873171,-0.00181198,-0.00040744,0.00204428,0.00063973,-0.00387851,0.00096963,0.00387851,-0.00193925,-356.5968,-35.3771,22.1822,-31.219920,-3.801162,-7.751260,16.46516752,44.11539337,1313.5174
4.560000,4393420.754564,4259810.202660,1796529.878139,-38.890429,-43.700416,292.783859,0.99843365,0.03260436,0.04419426,-0.01068026,0.13068491,-0.04893937,0.01028141,11.1100,113.7899,854.5973,-0.00164475,0.00413452,0.872214,-0.00181198,-0.00040744,0.00204428,0.00063973,-0.00387851,0.00096963,0.00387851,-0.00193925,-353.6476,-32.5201,22.7185,-30.959203,-3.556323,-7.702626,16.46519442,44.11539297,1313.7899
4.570000,4393420.365555,4259809.765398,1796532.804274,-38.911814,-43.751878,292.443553,0.99842262,0.03328050,0.04393757,-0.01068508,0.14062936,-0.05034337,0.00282617,11.1100,114.0610,857.5712,-0.00173383,0.00392971,0.871264,-0.00181198,-0.00040744,0.00204428,0.00063973,-0.00387851,0.00096963,0.00387851,-0.00193925,-350.7323,-30.2854,23.5788,-30.701690,-3.368465,-7.624755,16.46522130,44.11539257,1314.0610
4.580000,4393419.976323,4259809.327621,1796535.727018,-38.934676,-43.803736,292.105611,0.99840921,0.03400178,0.04367790,-0.01073143,0.14950413,-0.05044917,-0.00532675,11.1100,114.3307,860.5419,-0.00184017,0.00379735,0.870323,-0.00171887,-0.00068151,0.00201676,0.00097940,-0.00387851,0.00096963,0.00387851,-0.00193925,-347.8503,-28.8589,24.6324,-30.447196,-3.254196,-7.529423,16.46524815,44.11539216,1314.3307
4.590000,4393419.586863,4259808.889326,1796538.646357,-38.957197,-43.855064,291.760731,0.99839321,0.03476317,0.04342170,-0.01081996,0.15742005,-0.04933828,-0.01322326,11.1100,114.5988,863.5096,-0.00195068,0.00374674,0.869389,-0.00171887,-0.00068151,0.00201676,0.00097940,-0.00387851,0.00096963,0.00387851,-0.00193925,-345.0010,-28.3231,25.7378,-30.195544,-3.220844,-7.429334,16.46527496,44.11539176,1314.5988
4.600000,4393419.197178,4259808.450515,1796541.562240,-38.979721,-43.907368,291.416238,0.99837447,0.03556034,0.04317453,-0.01094678,0.16447548,-0.04721819,-0.02000628,11.1100,114.8656,866.4741,-0.00205284,0.00377759,0.868435,-0.00171887,-0.00068151,0.00201676,0.00097940,-0.00387851,0.00096963,0.00387851,-0.00193925,-354.7545,-28.6553,26.7581,-31.078043,-3.266290,-7.336822,16.46530176,44.11539135,1314.8656
4.610000,4393418.807270,4259808.011174,1796544.474690,-39.001931,-43.961178,291.074127,0.99835295,0.03638960,0.04294050,-0.01110422,0.17075992,-0.04439097,-0.02500581,11.1100,115.1308,869.4355,-0.00213590,0.00388051,0.867483,-0.00171887,-0.00068151,0.00201676,0.00097940,-0.00387851,0.00096963,0.00387851,-0.00193925,-351.8682,-29.7408,27.5790,-30.822565,-3.380133,-7.262159,16.46532852,44.11539094,1315.1308
4.620000,4393418.417142,4259807.571286,1796547.383731,-39.023353,-44.016549,290.734423,0.99832868,0.03724777,0.04272196,-0.01128194,0.17635340,-0.04121200,-0.02779534,11.1100,115.3945,872.3938,-0.00219197,0.00403892,0.866538,-0.00192883,-0.00049657,0.00232023,0.00088798,-0.00387851,0.00096963,0.00387851,-0.00193925,-349.3005,-31.3907,28.1164,-30.595430,-3.545324,-7.212912,16.46535525,44.11539053,1315.3945
4.630000,4393418.026806,4259807.130838,1796550.289387,-39.043660,-44.073380,290.397197,0.99830182,0.03813210,0.04251936,-0.01146821,0.18132749,-0.03804752,-0.02821977,11.1100,115.6568,875.3489,-0.00221673,0.00423139,0.865601,-0.00192883,-0.00049657,0.00232023,0.00088798,-0.00387851,0.00096963,0.00387851,-0.00193925,-346.4789,-33.3691,28.3234,-30.345110,-3.740581,-7.193311,16.46538196,44.11539011,1315.6568
4.640000,4393417.636273,4259806.689815,1796553.191683,-39.062693,-44.131426,290.062480,0.99827259,0.03904013,0.04233136,-0.01165128,0.18574618,-0.03523448,-0.02639157,11.1100,115.9176,878.3009,-0.00220952,0.00443431,0.864671,-0.00192883,-0.00049657,0.00232023,0.00088798,-0.00387851,0.00096963,0.00387851,-0.00193925,-343.6889,-35.4225,28.1924,-30.097346,-3.943052,-7.204045,16.46540863,44.11538969,1315.9176
4.650000,4393417.245557,4259806.248206,1796556.090645,-39.080468,-44.190340,289.730297,0.99824128,0.03996966,0.04215511,-0.01182068,0.18966673,-0.03304697,-0.02265840,11.1100,116.1769,881.2499,-0.00217315,0.00462458,0.863748,-0.00192883,-0.00049657,0.00232023,0.00088798,-0.00387851,0.00096963,0.00387851,-0.00193925,-340.9300,-37.3087,27.7525,-29.852155,-4.130903,-7.242486,16.46543528,44.11538928,1316.1769
4.660000,4393416.854668,4259805.806006,1796558.986298,-39.097155,-44.249713,289.400619,0.99820817,0.04091863,0.04198666,-0.01196816,0.19314042,-0.03167197,-0.01754786,11.1100,116.4348,884.1958,-0.00211337,0.00478212,0.862833,-0.00207652,-0.00009931,0.00254916,0.00057194,-0.00387851,0.00096963,0.00387851,-0.00193925,-338.2018,-38.8221,27.0639,-29.609581,-4.285594,-7.303241,16.46546191,44.11538885,1316.4348
4.670000,4393416.463621,4259805.363218,1796561.878629,-39.111831,-44.307676,289.064225,0.99817357,0.04188510,0.04182146,-0.01208850,0.19621240,-0.03119589,-0.01169623,11.1100,116.6912,887.1388,-0.00203799,0.00489179,0.861925,-0.00207652,-0.00009931,0.00254916,0.00057194,-0.00387851,0.00096963,0.00387851,-0.00193925,-335.7929,-39.8129,26.2084,-29.395696,-4.393612,-7.378949,16.46548850,44.11538843,1316.6912
4.680000,4393416.072427,4259804.919848,1796564.767628,-39.126866,-44.366206,288.735993,0.99813773,0.04286719,0.04165495,-0.01217978,0.19892327,-0.03160382,-0.00577315,11.1100,116.9462,890.0786,-0.00195596,0.00494483,0.860996,-0.00207652,-0.00009931,0.00254916,0.00057194,-0.00387851,0.00096963,0.00387851,-0.00193925,-345.4028,-40.1974,25.2775,-30.263654,-4.447381,-7.461372,16.46551507,44.11538800,1316.9462
4.690000,4393415.681095,4259804.475902,1796567.653320,-39.139678,-44.422738,288.402864,0.99809806,0.04391942,0.04149303,-0.01223420,0.22325808,-0.02836452,0.00391413,11.1100,117.1997,893.0155,-0.00187613,0.00493874,0.860091,-0.00207652,-0.00009931,0.00254916,0.00057194,-0.00387851,0.00096963,0.00290888,-0.00193925,-343.0224,-41.0044,23.3304,-30.052295,-4.540578,-7.635106,16.46554161,44.11538757,1317.1997
4.700000,4393415.289626,4259804.031397,1796570.535693,-39.154326,-44.478107,288.072144,0.99805490,0.04503249,0.04133099,-0.01225758,0.22319854,-0.03072372,0.00754952,11.1100,117.4519,895.9493,-0.00178803,0.00485305,0.859171,-0.00173026,0.00007508,0.00228884,0.00048349,-0.00387851,0.00096963,0.00387851,-0.00193925,-340.3150,-38.8732,23.4125,-29.811527,-4.370517,-7.626039,16.46556812,44.11538714,1317.4519
4.710000,4393414.898006,4259803.586345,1796573.414771,-39.169806,-44.532138,287.743969,0.99801122,0.04614549,0.04115453,-0.01226784,0.22309218,-0.03381800,0.00938246,11.1100,117.7026,898.8800,-0.00169555,0.00470837,0.858258,-0.00173026,0.00007508,0.00228884,0.00048349,-0.00387851,0.00096963,0.00387851,-0.00193925,-337.6377,-37.2366,22.3621,-29.573754,-4.244997,-7.718879,16.46559460,44.11538670,1317.7026
4.720000,4393414.506226,4259803.140758,1796576.290580,-39.186369,-44.584992,287.418254,0.99796704,0.04725778,0.04096132,-0.01227434,0.22294417,-0.03727323,0.00935559,11.1100,117.9519,901.8078,-0.00163257,0.00454219,0.857352,-0.00173026,0.00007508,0.00228884,0.00048349,-0.00387851,0.00096963,0.00387851,-0.00193925,-334.9899,-35.4063,21.6147,-29.338975,-4.102024,-7.784423,16.46562106,44.11538626,1317.9519
4.730000,4393414.114274,4259802.694648,1796579.163144,-39.204153,-44.636957,287.094907,0.99792228,0.04836877,0.04075095,-0.01228612,0.22275920,-0.04070385,0.00761195,11.1100,118.1998,904.7325,-0.00160362,0.00437322,0.856453,-0.00173026,0.00007508,0.00228884,0.00048349,-0.00387851,0.00096963,0.00387851,-0.00193925,-332.3713,-33.5766,21.2177,-29.107150,-3.959079,-7.818406,16.46564749,44.11538582,1318.1998
4.740000,4393413.722139,4259802.248021,1796582.032486,-39.223197,-44.688193,286.773869,0.99787680,0.04947799,0.04052484,-0.01231099,0.21877956,-0.04300749,0.00372900,11.1100,118.4464,907.6543,-0.00160932,0.00421917,0.855560,-0.00137469,-0.00007805,0.00203008,0.00073344,-0.00387851,0.00096963,0.00387851,-0.00193925,-329.7813,-31.9274,21.1785,-28.878202,-3.832335,-7.820173,16.46567390,44.11538537,1318.4464
4.750000,4393413.329807,4259801.800882,1796584.898629,-39.243321,-44.739547,286.455002,0.99783114,0.05056714,0.04028995,-0.01235742,0.21889917,-0.04544866,-0.00031625,11.1100,118.6915,910.5731,-0.00164717,0.00409545,0.854675,-0.00137469,-0.00007805,0.00203008,0.00073344,-0.00387851,0.00096963,0.00387851,-0.00193925,-327.2196,-30.6187,21.4790,-28.651950,-3.735834,-7.791358,16.46570027,44.11538493,1318.6915
4.760000,4393412.937269,4259801.353229,1796587.761593,-39.264326,-44.791192,286.138279,0.99778436,0.05165568,0.04004584,-0.01242573,0.21895723,-0.04708673,-0.00475199,11.1100,118.9353,913.4891,-0.00170270,0.00401875,0.853797,-0.00137469,-0.00007805,0.00203008,0.00073344,-0.00387851,0.00096963,0.00387851,-0.00193925,-324.6857,-29.7983,21.9569,-28.428355,-3.683251,-7.746547,16.46572662,44.11538448,1318.9353
4.770000,4393412.544518,4259800.905056,1796590.621401,-39.285975,-44.843483,285.823645,0.99773628,0.05274334,0.03979692,-0.01251639,0.21896047,-0.04780633,-0.00907770,11.1100,119.1777,916.4021,-0.00177657,0.00398713,0.852925,-0.00137469,-0.00007805,0.00203008,0.00073344,-0.00387851,0.00096963,0.00387851,-0.00193925,-322.1791,-29.4444,22.6264,-28.207292,-3.672624,-7.684444,16.46575295,44.11538403,1319.1777
4.780000,4393412.151579,4259800.456386,1796593.477896,-39.300774,-44.889344,285.466906,0.99768356,0.05388425,0.03955734,-0.01261841,0.24006323,-0.04332013,-0.00866487,11.1100,119.4187,919.3122,-0.00185975,0.00400054,0.852060,-0.00153228,-0.00008611,0.00220254,0.00075637,-0.00387851,0.00096963,0.00290888,-0.00193925,-319.6995,-30.5535,22.3902,-27.988446,-3.794699,-7.703691,16.46577925,44.11538358,1319.4187
4.790000,4393411.758500,4259800.007267,1796596.330747,-39.315267,-44.934454,285.103687,0.99762419,0.05510659,0.03933636,-0.01272334,0.24828423,-0.04073326,-0.01008295,11.1100,119.6583,922.2193,-0.00192507,0.00403071,0.851069,-0.00153228,-0.00008611,0.00220254,0.00075637,-0.00387851,0.00096963,0.00290888,-0.00193925,-377.4865,-30.7643,23.0193,-33.193744,-3.837505,-7.644793,16.46580552,44.11538312,1319.6583
4.800000,4393411.365277,4259799.557695,1796599.179979,-39.329159,-44.979989,284.743103,0.99756538,0.05627961,0.03913280,-0.01282766,0.22433724,-0.03594683,-0.00887022,11.1100,119.8965,925.1230,-0.00194873,0.00406380,0.850060,-0.00153228,-0.00008611,0.00220254,0.00075637,-0.00290888,0.00096963,0.00387851,-0.00193925,-374.6080,-31.0189,23.2051,-32.938275,-3.883279,-7.625822,16.46583176,44.11538266,1319.8965
4.810000,4393410.971917,4259799.107667,1796602.025618,-39.342928,-45.025661,284.385107,0.99751086,0.05733963,0.03895306,-0.01291939,0.20274125,-0.03166836,-0.00736848,11.1100,120.1332,928.0234,-0.00193950,0.00409988,0.849058,-0.00153228,-0.00008611,0.00220254,0.00075637,-0.00290888,0.00096963,0.00387851,-0.00193925,-371.7616,-31.2767,23.0814,-32.685267,-3.927132,-7.634871,16.46585797,44.11538221,1320.1332
4.820000,4393410.578414,4259798.657182,1796604.867689,-39.357635,-45.071307,284.029553,0.99745772,0.05834996,0.03878256,-0.01301125,0.20402682,-0.03254215,-0.00985666,11.1100,120.3686,930.9204,-0.00188436,0.00412286,0.848063,-0.00140492,0.00013453,0.00211380,0.00057435,-0.00387851,0.00096963,0.00387851,-0.00193925,-368.9470,-30.4094,23.4846,-32.434937,-3.868745,-7.596547,16.46588415,44.11538174,1320.3686
4.830000,4393410.184766,4259798.206241,1796607.706218,-39.371893,-45.116917,283.676605,0.99740326,0.05936567,0.03860652,-0.01311471,0.20513177,-0.03407331,-0.01175566,11.1100,120.6025,933.8142,-0.00181058,0.00415453,0.847076,-0.00140492,0.00013453,0.00211380,0.00057435,-0.00387851,0.00096963,0.00387851,-0.00193925,-366.1635,-30.6605,22.6625,-32.187509,-3.911121,-7.668465,16.46591030,44.11538128,1320.6025
4.840000,4393409.790977,4259797.754843,1796610.541230,-39.385673,-45.162688,283.326204,0.99734765,0.06038601,0.03842196,-0.01322651,0.20607458,-0.03605677,-0.01289781,11.1100,120.8350,936.7046,-0.00175096,0.00420794,0.846097,-0.00140492,0.00013453,0.00211380,0.00057435,-0.00387851,0.00096963,0.00387851,-0.00193925,-363.4108,-31.1206,21.9803,-31.942997,-3.972394,-7.727755,16.46593642,44.11538081,1320.8350
4.850000,4393409.397054,4259797.302986,1796613.372750,-39.399024,-45.208802,282.978287,0.99729105,0.06141033,0.03822700,-0.01334273,0.20687185,-0.03825482,-0.01320578,11.1100,121.0661,939.5919,-0.00171065,0.00427574,0.845124,-0.00140492,0.00013453,0.00211380,0.00057435,-0.00387851,0.00096963,0.00387851,-0.00193925,-360.6884,-31.7134,21.4893,-31.701401,-4.045684,-7.769793,16.46596251,44.11538035,1321.0661
4.860000,4393409.002998,4259796.850667,1796616.200804,-39.412037,-45.255209,282.632822,0.99723443,0.06242101,0.03802479,-0.01346172,0.20429959,-0.03976532,-0.01333771,11.1100,121.2958,942.4759,-0.00169238,0.00434959,0.844159,-0.00133776,0.00027709,0.00201031,0.00039546,-0.00387851,0.00193925,0.00387851,-0.00193925,-357.9956,-31.3798,20.2425,-31.462618,-4.035318,-7.879866,16.46598857,44.11537988,1321.2958
4.870000,4393408.608814,4259796.397880,1796619.025415,-39.424792,-45.302394,282.289690,0.99717691,0.06343633,0.03781147,-0.01357669,0.20515720,-0.04180550,-0.01198016,11.1100,121.5242,945.3567,-0.00168999,0.00442825,0.843201,-0.00133776,0.00027709,0.00201031,0.00039546,-0.00387851,0.00096963,0.00387851,-0.00193925,-355.3322,-33.0377,21.1100,-31.226693,-4.204303,-7.799591,16.46601461,44.11537940,1321.5242
4.880000,4393408.214502,4259795.944617,1796621.846605,-39.437515,-45.350197,281.948862,0.99711852,0.06445571,0.03758824,-0.01368404,0.20587959,-0.04346122,-0.01002094,11.1100,121.7511,948.2343,-0.00170839,0.00449540,0.842250,-0.00133776,0.00027709,0.00201031,0.00039546,-0.00387851,0.00096963,0.00387851,-0.00193925,-352.6977,-33.5896,21.2025,-30.993565,-4.273829,-7.789038,16.46604061,44.11537893,1321.7511
4.890000,4393407.820063,4259795.490874,1796624.664399,-39.450421,-45.398607,281.610282,0.99705921,0.06547861,0.03735725,-0.01378115,0.20648043,-0.04458831,-0.00769149,11.1100,121.9767,951.1087,-0.00174463,0.00454492,0.841306,-0.00133776,0.00027709,0.00201031,0.00039546,-0.00387851,0.00096963,0.00387851,-0.00193925,-350.0917,-33.9603,21.4729,-30.763159,-4.327107,-7.762432,16.46606659,44.11537845,1321.9767
4.900000,4393407.425493,4259795.036643,1796627.478818,-39.463715,-45.447567,281.273907,0.99699893,0.06650455,0.03712126,-0.01386661,0.20697200,-0.04510749,-0.00524509,11.1100,122.2010,953.9800,-0.00179359,0.00457250,0.840369,-0.00135811,0.00034056,0.00209291,0.00039425,-0.00387851,0.00096963,0.00387851,-0.00193925,-347.5137,-34.1114,21.8710,-30.535386,-4.360693,-7.724289,16.46609253,44.11537797,1322.2010
4.910000,4393407.030787,4259794.581915,1796630.289884,-39.477492,-45.498134,280.939524,0.99694155,0.06748269,0.03687309,-0.01392894,0.18741084,-0.04908681,0.00106411,11.1100,122.4238,956.8483,-0.00184919,0.00457637,0.839439,-0.00135811,0.00034056,0.00209291,0.00039425,-0.00387851,0.00096963,0.00387851,-0.00096963,-344.9633,-34.9868,23.2939,-30.310378,-4.458566,-7.594003,16.46611845,44.11537749,1322.4238
4.920000,4393406.635944,4259794.126692,1796633.097619,-39.491432,-45.546477,280.607790,0.99688581,0.06841930,0.03663777,-0.01396946,0.18959831,-0.03977341,0.00246582,11.1100,122.6453,959.7134,-0.00192218,0.00453449,0.838515,-0.00135811,0.00034056,0.00209291,0.00039425,-0.00387851,0.00193925,0.00290888,-0.00193925,-342.4402,-33.4694,21.0302,-30.087605,-4.340254,-7.795599,16.46614434,44.11537701,1322.6453
4.930000,4393406.240956,4259793.670986,1796635.902047,-39.506182,-45.594644,280.278252,0.99682682,0.06936692,0.03644805,-0.01400225,0.19152567,-0.03074381,0.00303226,11.1100,122.8654,962.5754,-0.00197395,0.00445971,0.837598,-0.00135811,0.00034056,0.00209291,0.00039425,-0.00387851,0.00193925,0.00290888,-0.00193925,-339.9440,-32.6405,21.5540,-29.866376,-4.284130,-7.746167,16.46617021,44.11537652,1322.8654
4.940000,4393405.845819,4259793.214802,1796638.703191,-39.521496,-45.642073,279.951017,0.99676472,0.07032411,0.03630052,-0.01403168,0.18977849,-0.02358486,0.00208931,11.1100,123.0842,965.4345,-0.00193256,0.00437817,0.836688,-0.00115932,0.00023440,0.00193267,0.00053895,-0.00387851,0.00193925,0.00290888,-0.00193925,-337.4744,-31.7597,21.1745,-29.646713,-4.223493,-7.777908,16.46619604,44.11537603,1323.0842
4.950000,4393405.450528,4259792.758149,1796641.501076,-39.536540,-45.688300,279.626256,0.99670105,0.07127301,0.03618484,-0.01406503,0.19158285,-0.01757362,0.00115839,11.1100,123.3016,968.2905,-0.00180756,0.00429897,0.835784,-0.00115932,0.00023440,0.00193267,0.00053895,-0.00387851,0.00193925,0.00290888,-0.00193925,-335.0310,-30.9210,19.9765,-29.428780,-4.166475,-7.883271,16.46622185,44.11537554,1323.3016
4.960000,4393405.055084,4259792.301034,1796644.295723,-39.552193,-45.734447,279.303636,0.99663563,0.07223012,0.03607354,-0.01410435,0.19316602,-0.02188745,-0.00027650,11.1100,123.5177,971.1435,-0.00162421,0.00423543,0.834887,-0.00115932,0.00023440,0.00193267,0.00053895,-0.00387851,0.00096963,0.00387851,-0.00193925,-332.6133,-30.2374,20.0949,-29.213072,-4.123567,-7.870080,16.46624763,44.11537505,1323.5177
4.970000,4393404.659489,4259791.843464,1796647.087157,-39.566525,-45.779297,278.983606,0.99656696,0.07322731,0.03594305,-0.01414781,0.21090493,-0.02433227,0.00127434,11.1100,123.7324,973.9935,-0.00143219,0.00418665,0.833996,-0.00115932,0.00023440,0.00193267,0.00053895,-0.00387851,0.00096963,0.00387851,-0.00193925,-330.2211,-29.7039,18.1583,-29.000008,-4.094946,-8.041732,16.46627339,44.11537455,1323.7324
4.980000,4393404.263760,4259791.385452,1796649.875404,-39.579473,-45.822892,278.666146,0.99649382,0.07427609,0.03580836,-0.01417373,0.21058256,-0.02336298,0.00679416,11.1100,123.9458,976.8405,-0.00128517,0.00414040,0.833112,-0.00072242,0.00073218,0.00155914,0.00010453,-0.00290888,0.00096963,0.00290888,-0.00193925,-327.8539,-31.0355,14.8135,-28.789292,-4.235211,-8.339948,16.46629912,44.11537406,1323.9458
4.990000,4393403.867899,4259790.927011,1796652.660488,-39.592725,-45.865193,278.351007,0.99641998,0.07532403,0.03567319,-0.01417498,0.21024303,-0.02377517,0.01104621,11.1100,124.1579,979.6847,-0.00114975,0.00405459,0.832234,-0.00072242,0.00073218,0.00155914,0.00010453,-0.00290888,0.00096963,0.00290888,-0.00193925,-325.5113,-30.0852,13.4917,-28.580841,-4.170084,-8.456035,16.46632482,44.11537356,1324.1579
5.000000,4393403.471895,4259790.468158,1796655.442431,-39.608308,-45.905238,278.038046,0.99634668,0.07635311,0.03553001,-0.01418180,0.20014594,-0.02747153,0.00399028,11.1100,124.3688,982.5259,-0.00101510,0.00392408,0.831362,-0.00072242,0.00073218,0.00155914,0.00010453,-0.00387851,0.00193925,0.00290888,-0.00193925,-323.1931,-26.8762,12.1720,-28.374733,-3.901286,-8.571957,16.46635049,44.11537305,1324.3688
5.010000,4393403.075726,4259790.008902,1796658.221254,-39.625568,-45.945996,277.726830,0.99627954,0.07730015,0.03534412,-0.01423228,0.18156102,-0.04179259,-0.00533837,11.1100,124.5784,985.3642,-0.00089955,0.00381703,0.830497,-0.00072242,0.00073218,0.00155914,0.00010453,-0.00387851,0.00096963,0.00484814,-0.00193925,-320.8989,-24.9381,13.7791,-28.171578,-3.745261,-8.424709,16.46637614,44.11537255,1324.5784
5.020000,4393402.679389,4259789.549237,1796660.996975,-39.641825,-45.987073,277.417776,0.99621620,0.07820512,0.03510190,-0.01432136,0.18377409,-0.05122768,-0.01014568,11.1100,124.7867,988.1996,-0.00087290,0.00380019,0.829637,-0.00048966,0.00081874,0.00139201,0.00008361,-0.00387851,0.00096963,0.00387851,-0.00193925,-318.6284,-25.7230,12.4324,-27.971595,-3.833503,-8.543502,16.46640176,44.11537205,1324.7867
5.030000,4393402.282888,4259789.089156,1796663.769615,-39.658390,-46.029512,277.110501,0.99615234,0.07911902,0.03481816,-0.01443592,0.18573363,-0.05894703,-0.01400484,11.1100,124.9938,991.0322,-0.00096760,0.00385151,0.828783,-0.00048966,0.00081874,0.00139201,0.00008361,-0.00387851,0.00096963,0.00387851,-0.00193925,-316.3810,-26.1841,13.1963,-27.774469,-3.892765,-8.472312,16.46642736,44.11537154,1324.9938
5.040000,4393401.886220,4259788.628640,1796666.539191,-39.675378,-46.073946,276.804856,0.99608771,0.08004097,0.03450277,-0.01456956,0.18746448,-0.06430329,-0.01659859,11.1100,125.1996,993.8619,-0.00114504,0.00394475,0.827936,-0.00048966,0.00081874,0.00139201,0.00008361,-0.00387851,0.00096963,0.00387851,-0.00193925,-314.1566,-27.0268,14.7467,-27.579984,-3.986524,-8.330308,16.46645293,44.11537103,1325.1996
5.050000,4393401.489379,4259788.167669,1796669.305718,-39.692872,-46.120778,276.500737,0.99602201,0.08097033,0.03416802,-0.01471444,0.18898896,-0.06692313,-0.01775641,11.1100,125.4041,996.6888,-0.00138257,0.00406760,0.827094,-0.00048966,0.00081874,0.00139201,0.00008361,-0.00387851,0.00096963,0.00387851,-0.00193925,-311.9547,-28.1300,16.8717,-27.387881,-4.103873,-8.136558,16.46647848,44.11537052,1325.4041
5.060000,4393401.092360,4259787.706216,1796672.069211,-39.710917,-46.170162,276.198087,0.99595489,0.08190657,0.03382730,-0.01486217,0.19032713,-0.06672494,-0.01746003,11.1100,125.6073,999.5130,-0.00165309,0.00420576,0.826258,-0.00102910,0.00070539,0.00198689,0.00025240,-0.00387851,0.00096963,0.00387851,-0.00193925,-309.7750,-29.3567,19.3176,-27.197881,-4.232467,-7.913868,16.46650400,44.11537001,1325.6073
5.070000,4393400.695159,4259787.244257,1796674.829684,-39.729521,-46.222003,275.896897,0.99588606,0.08284924,0.03349369,-0.01500459,0.19149702,-0.06390684,-0.01583348,11.1100,125.8093,1002.3343,-0.00192800,0.00434444,0.825428,-0.00102910,0.00070539,0.00198689,0.00025240,-0.00387851,0.00096963,0.00387851,-0.00193925,-307.6172,-30.5684,21.8171,-27.009714,-4.359834,-7.686286,16.46652949,44.11536949,1325.8093
5.080000,4393400.297774,4259786.781770,1796677.587154,-39.747583,-46.275757,275.597397,0.99581111,0.08384548,0.03318696,-0.01512586,0.21111571,-0.05505454,-0.00935159,11.1100,126.0099,1005.1529,-0.00218011,0.00446987,0.824604,-0.00102910,0.00070539,0.00198689,0.00025240,-0.00387851,0.00096963,0.00290888,-0.00193925,-305.4810,-32.5401,23.2146,-26.822982,-4.556653,-7.557644,16.46655496,44.11536898,1326.0099
5.090000,4393399.900205,4259786.318738,1796680.341638,-39.766253,-46.330758,275.299521,0.99572609,0.08493628,0.03292319,-0.01521308,0.22881920,-0.04511055,-0.00263547,11.1100,126.2092,1007.9688,-0.00236999,0.00454862,0.823785,-0.00102910,0.00070539,0.00198689,0.00025240,-0.00387851,0.00096963,0.00290888,-0.00193925,-303.3660,-33.1260,24.9847,-26.637358,-4.630578,-7.395044,16.46658041,44.11536846,1326.2092
5.100000,4393399.502447,4259785.855154,1796683.093151,-39.785486,-46.386053,275.003424,0.99563142,0.08611255,0.03270542,-0.01526615,0.24478831,-0.03509638,0.00365212,11.1100,126.4071,1010.7819,-0.00246158,0.00455990,0.822972,-0.00128346,0.00068810,0.00236100,0.00038945,-0.00387851,0.00096963,0.00290888,-0.00193925,-301.2722,-33.0851,25.8501,-26.452766,-4.649741,-7.313488,16.46660583,44.11536794,1326.4071
5.110000,4393399.104494,4259785.391019,1796685.841713,-39.805209,-46.440734,274.709259,0.99552757,0.08736591,0.03253193,-0.01528851,0.25918667,-0.02597570,0.00893904,11.1100,126.6037,1013.5924,-0.00245173,0.00450690,0.822164,-0.00128346,0.00068810,0.00236100,0.00038945,-0.00387851,0.00096963,0.00290888,-0.00193925,-299.1992,-32.4580,25.7797,-26.269220,-4.617624,-7.315786,16.46663123,44.11536741,1326.6037
5.120000,4393398.706341,4259784.926344,1796688.587343,-39.825319,-46.494024,274.417162,0.99541504,0.08868857,0.03239677,-0.01528655,0.27216242,-0.01856573,0.01279280,11.1100,126.7990,1016.4002,-0.00234724,0.00439890,0.821362,-0.00128346,0.00068810,0.00236100,0.00038945,-0.00387851,0.00096963,0.00290888,-0.00193925,-297.1469,-31.3392,24.8344,-26.086810,-4.542598,-7.396470,16.46665660,44.11536689,1326.7990
5.130000,4393398.307986,4259784.461145,1796691.330063,-39.845702,-46.545340,274.127233,0.99529442,0.09007336,0.03229059,-0.01526872,0.28384981,-0.01346855,0.01495208,11.1100,126.9930,1019.2053,-0.00216360,0.00424984,0.820566,-0.00128346,0.00068810,0.00236100,0.00038945,-0.00387851,0.00096963,0.00290888,-0.00193925,-295.1150,-29.8643,23.1554,-25.905685,-4.436713,-7.542875,16.46668195,44.11536636,1326.9930
5.140000,4393397.909427,4259783.995445,1796694.069895,-39.866243,-46.594337,273.839533,0.99516627,0.09151367,0.03220176,-0.01524463,0.29437056,-0.01102758,0.01533910,11.1100,127.1856,1022.0077,-0.00192293,0.00407670,0.819774,-0.00045177,0.00112940,0.00173014,0.00014897,-0.00387851,0.00096963,0.00290888,-0.00193925,-293.1032,-28.1932,20.9446,-25.726035,-4.314219,-7.736849,16.46670727,44.11536583,1327.1856
5.150000,4393397.510661,4259783.529266,1796696.806861,-39.886834,-46.640923,273.554076,0.99503973,0.09291196,0.03211906,-0.01522097,0.26764682,-0.01131632,0.01405205,11.1100,127.3769,1024.8076,-0.00165149,0.00389755,0.818989,-0.00045177,0.00112940,0.00173014,0.00014897,-0.00290888,0.00096963,0.00387851,-0.00193925,-291.1113,-26.4924,18.4417,-25.548068,-4.188234,-7.957181,16.46673257,44.11536530,1327.3769
5.160000,4393397.111690,4259783.062634,1796699.540984,-39.907385,-46.685247,273.270831,0.99492332,0.09418291,0.03203129,-0.01520401,0.24338854,-0.01415089,0.01134476,11.1100,127.5670,1027.6048,-0.00137620,0.00373003,0.818208,-0.00045177,0.00112940,0.00173014,0.00014897,-0.00290888,0.00096963,0.00387851,-0.00193925,-289.1391,-24.9212,15.8924,-25.371985,-4.071443,-8.182090,16.46675785,44.11536476,1327.5670
5.170000,4393396.712519,4259782.595569,1796702.272286,-39.926798,-46.727432,272.989916,0.99481219,0.09538370,0.03193501,-0.01519275,0.23931767,-0.01536664,0.01124527,11.1100,127.7558,1030.3994,-0.00112289,0.00358920,0.817433,-0.00045177,0.00112940,0.00173014,0.00014897,-0.00290888,0.00096963,0.00290888,-0.00193925,-287.1862,-24.4881,12.6567,-25.197815,-4.055721,-8.468986,16.46678310,44.11536422,1327.7558
5.180000,4393396.313154,4259782.128091,1796705.000789,-39.946215,-46.767872,272.711081,0.99470178,0.09656467,0.03182821,-0.01518524,0.23558049,-0.01855931,0.01003623,11.1100,127.9434,1033.1915,-0.00089866,0.00346503,0.816664,0.00011543,0.00145200,0.00124475,-0.00009181,-0.00290888,0.00096963,0.00290888,-0.00193925,-285.2523,-23.3105,10.5884,-25.025561,-3.972592,-8.650844,16.46680833,44.11536369,1327.9434
5.190000,4393395.913595,4259781.660216,1796707.726514,-39.965683,-46.806873,272.434248,0.99459223,0.09772711,0.03170249,-0.01518744,0.23214619,-0.02330838,0.00791931,11.1100,128.1298,1035.9810,-0.00070223,0.00335237,0.815899,0.00011543,0.00145200,0.00124475,-0.00009181,-0.00290888,0.00096963,0.00290888,-0.00193925,-283.3371,-22.2527,8.7631,-24.855352,-3.899884,-8.810859,16.46683354,44.11536315,1328.1298
5.200000,4393395.513840,4259781.191957,1796710.449480,-39.985256,-46.844869,272.159317,0.99448359,0.09887225,0.03155181,-0.01520392,0.22898692,-0.02907304,0.00516597,11.1100,128.3150,1038.7680,-0.00055047,0.00326077,0.815139,0.00011543,0.00145200,0.00124475,-0.00009181,-0.00290888,0.00096963,0.00290888,-0.00193925,-281.4405,-21.3976,7.3341,-24.687271,-3.845081,-8.935251,16.46685873,44.11536261,1328.3150
5.210000,4393395.113889,4259780.723320,1796713.169706,-40.004994,-46.882368,271.886173,0.99437584,0.10000125,0.03137282,-0.01523751,0.22607747,-0.03525106,0.00208696,11.1100,128.4991,1041.5524,-0.00045497,0.00319712,0.814385,0.00011543,0.00145200,0.00124475,-0.00009181,-0.00290888,0.00096963,0.00290888,-0.00193925,-279.5621,-20.8031,6.4072,-24.521355,-3.813411,-9.014505,16.46688389,44.11536206,1328.4991
5.220000,4393394.713745,4259780.254310,1796715.887210,-40.023937,-46.919656,271.614889,0.99427329,0.10107119,0.03117412,-0.01527774,0.20577705,-0.03755233,0.00259967,11.1100,128.6819,1044.3344,-0.00042134,0.00316525,0.813636,0.00029843,0.00141850,0.00112788,0.00000780,-0.00193925,0.00096963,0.00290888,-0.00193925,-277.7017,-21.3603,5.1718,-24.357441,-3.884265,-9.121719,16.46690903,44.11536152,1328.6819
5.230000,4393394.313409,4259779.784927,1796718.602010,-40.043291,-46.957121,271.345206,0.99417980,0.10204467,0.03096587,-0.01531398,0.18732706,-0.03955999,0.00290772,11.1100,128.8637,1047.1138,-0.00043292,0.00314498,0.812891,0.00029843,0.00141850,0.00112788,0.00000780,-0.00193925,0.00096963,0.00290888,-0.00193925,-275.8590,-21.1260,5.2404,-24.195338,-3.882013,-9.111926,16.46693414,44.11536098,1328.8637
5.240000,4393393.912877,4259779.315167,1796721.314120,-40.063142,-46.994877,271.077075,0.99409467,0.10293049,0.03074994,-0.01534740,0.17055620,-0.04111242,0.00300258,11.1100,129.0442,1049.8907,-0.00046484,0.00312209,0.812152,0.00029843,0.00141850,0.00112788,0.00000780,-0.00193925,0.00096963,0.00290888,-0.00193925,-274.0339,-20.8716,5.4920,-24.034986,-3.876260,-9.085975,16.46695924,44.11536043,1329.0442
5.250000,4393393.512144,4259778.845028,1796724.023556,-40.083543,-47.033015,270.810456,0.99401720,0.10373661,0.03052886,-0.01537904,0.15530930,-0.04210035,0.00289524,11.1100,129.2237,1052.6652,-0.00051285,0.00309865,0.811417,0.00029843,0.00141850,0.00112788,0.00000780,-0.00193925,0.00096963,0.00290888,-0.00193925,-272.2260,-20.6155,5.8892,-23.876311,-3.868814,-9.047226,16.46698431,44.11535988,1329.2237
5.260000,4393393.111199,4259778.374504,1796726.730333,-40.105509,-47.071851,270.545130,0.99394224,0.10451373,0.03029669,-0.01542106,0.15880882,-0.04611574,-0.00094305,11.1100,129.4019,1055.4373,-0.00057147,0.00307663,0.810687,0.00022852,0.00144198,0.00113949,-0.00007397,-0.00290888,0.00096963,0.00290888,-0.00193925,-270.4352,-19.5237,7.2348,-23.719372,-3.785589,-8.923216,16.46700936,44.11535933,1329.4019
5.270000,4393392.710033,4259777.903588,1796729.434463,-40.127878,-47.111519,270.281225,0.99386512,0.10530644,0.03004869,-0.01548375,0.16195459,-0.04909063,-0.00443116,11.1100,129.5791,1058.2069,-0.00065046,0.00307832,0.809962,0.00022852,0.00144198,0.00113949,-0.00007397,-0.00290888,0.00096963,0.00290888,-0.00193925,-268.6612,-19.5296,7.8768,-23.564210,-3.801453,-8.862460,16.46703438,44.11535878,1329.5791
5.280000,4393392.308641,4259777.432270,1796732.135962,-40.150544,-47.152330,270.018684,0.99378583,0.10611324,0.02979038,-0.01556395,0.16477959,-0.05081389,-0.00726582,11.1100,129.7550,1060.9741,-0.00076203,0.00311675,0.809242,0.00022852,0.00144198,0.00113949,-0.00007397,-0.00290888,0.00096963,0.00290888,-0.00193925,-266.9039,-19.8560,8.8117,-23.410702,-3.846422,-8.775261,16.46705939,44.11535823,1329.7550
5.290000,4393391.907021,4259776.960537,1796734.834842,-40.173399,-47.194481,269.757472,0.99370435,0.10693282,0.02952787,-0.01565707,0.16731367,-0.05120269,-0.00922392,11.1100,129.9298,1063.7390,-0.00089391,0.00318589,0.808526,0.00022852,0.00144198,0.00113949,-0.00007397,-0.00290888,0.00096963,0.00290888,-0.00193925,-265.1629,-20.4448,9.9317,-23.258720,-3.915250,-8.671338,16.46708437,44.11535768,1329.9298
5.300000,4393391.505173,4259776.488376,1796737.531116,-40.196338,-47.238042,269.497577,0.99362067,0.10776404,0.02926724,-0.01575765,0.16958380,-0.05030181,-0.01017724,11.1100,130.1034,1066.5014,-0.00103269,0.00327728,0.807815,-0.00013815,0.00150900,0.00158325,-0.00006390,-0.00290888,0.00096963,0.00290888,-0.00193925,-263.4382,-21.2182,11.1186,-23.108134,-4.000906,-8.561303,16.46710934,44.11535713,1330.1034
5.310000,4393391.103094,4259776.015772,1796740.224797,-40.219272,-47.282962,269.239003,0.99353480,0.10860591,0.02901402,-0.01585990,0.17161437,-0.04827134,-0.01009757,11.1100,130.2759,1069.2615,-0.00116516,0.00338099,0.807108,-0.00013815,0.00150900,0.00158325,-0.00006390,-0.00290888,0.00096963,0.00290888,-0.00193925,-261.7293,-22.0869,12.2561,-22.958829,-4.095340,-8.455632,16.46713428,44.11535657,1330.2759
5.320000,4393390.700787,4259775.542712,1796742.915900,-40.242132,-47.329077,268.981775,0.99344679,0.10945752,0.02877270,-0.01595822,0.17342745,-0.04536463,-0.00905231,11.1100,130.4471,1072.0192,-0.00127945,0.00348663,0.806406,-0.00013815,0.00150900,0.00158325,-0.00006390,-0.00290888,0.00096963,0.00290888,-0.00193925,-260.0362,-22.9593,13.2399,-22.810712,-4.190289,-8.363717,16.46715920,44.11535602,1330.4471
5.330000,4393390.298252,4259775.069187,1796745.604438,-40.264878,-47.376136,268.725930,0.99335669,0.11031801,0.02854638,-0.01604773,0.17504299,-0.04189926,-0.00719172,11.1100,130.6172,1074.7746,-0.00136609,0.00358428,0.805709,-0.00013815,0.00150900,0.00158325,-0.00006390,-0.00290888,0.00096963,0.00290888,-0.00193925,-258.3587,-23.7498,13.9863,-22.663718,-4.278035,-8.293081,16.46718409,44.11535546,1330.6172
5.340000,4393389.895489,4259774.595192,1796748.290424,-40.287659,-47.422826,268.471669,0.99326898,0.11114386,0.02834719,-0.01613118,0.15959042,-0.03466993,-0.00821749,11.1100,130.7861,1077.5277,-0.00141868,0.00366541,0.805016,-0.00026978,0.00177351,0.00181659,-0.00022670,-0.00290888,0.00193925,0.00290888,-0.00193925,-256.6966,-23.5546,13.6071,-22.517600,-4.276384,-8.323848,16.46720897,44.11535490,1330.7861
5.350000,4393389.492501,4259774.120729,1796750.973876,-40.309960,-47.469800,268.218935,0.99318775,0.11189686,0.02818429,-0.01621178,0.14552118,-0.02800362,-0.00844977,11.1100,130.9537,1080.2784,-0.00141879,0.00374382,0.804327,-0.00026978,0.00177351,0.00181659,-0.00022670,-0.00290888,0.00193925,0.00290888,-0.00193925,-255.0497,-24.1923,13.6386,-22.372169,-4.348283,-8.317895,16.46723383,44.11535434,1330.9537
5.360000,4393389.089293,4259773.645797,1796753.654808,-40.331525,-47.516650,267.967830,0.99311264,0.11258363,0.02805286,-0.01628624,0.13270973,-0.02247579,-0.00790370,11.1100,131.1202,1083.0269,-0.00134913,0.00382724,0.803643,-0.00026978,0.00177351,0.00181659,-0.00022670,-0.00290888,0.00193925,0.00290888,-0.00193925,-253.4179,-24.8637,13.0626,-22.227506,-4.421922,-8.366860,16.46725866,44.11535378,1331.1202
5.370000,4393388.685874,4259773.170393,1796756.333238,-40.352031,-47.564004,267.718273,0.99303895,0.11325239,0.02793504,-0.01634530,0.13775945,-0.02204707,-0.00320698,11.1100,131.2855,1085.7731,-0.00122013,0.00390777,0.802963,-0.00026978,0.00177351,0.00181659,-0.00022670,-0.00290888,0.00096963,0.00290888,-0.00193925,-251.8009,-26.3250,12.7928,-22.083952,-4.566321,-8.388319,16.46728348,44.11535321,1331.2855
5.380000,4393388.282253,4259772.694524,1796759.009180,-40.372120,-47.609611,267.470565,0.99296692,0.11390348,0.02782319,-0.01638790,0.12566438,-0.01952367,-0.00184694,11.1100,131.4497,1088.5171,-0.00106236,0.00395812,0.802288,0.00000651,0.00222350,0.00153002,-0.00068697,-0.00290888,0.00193925,0.00290888,-0.00193925,-250.1985,-25.8386,10.5869,-21.941640,-4.535079,-8.584083,16.46730828,44.11535264,1331.4497
5.390000,4393387.878434,4259772.218204,1796761.682655,-40.391614,-47.654337,267.224563,0.99290094,0.11449753,0.02771988,-0.01642083,0.11464628,-0.01866154,-0.00036778,11.1100,131.6127,1091.2588,-0.00089648,0.00398079,0.801617,0.00000651,0.00222350,0.00153002,-0.00068697,-0.00290888,0.00193925,0.00290888,-0.00193925,-248.6107,-25.9671,9.1608,-21.800506,-4.558078,-8.709898,16.46733305,44.11535208,1331.6127
5.400000,4393387.474422,4259771.741441,1796764.353677,-40.410586,-47.698091,266.980262,0.99284077,0.11503952,0.02761674,-0.01644490,0.10460789,-0.01944237,0.00110088,11.1100,131.7745,1093.9982,-0.00071772,0.00398968,0.800950,0.00000651,0.00222350,0.00153002,-0.00068697,-0.00290888,0.00193925,0.00290888,-0.00193925,-247.0372,-25.9761,7.6166,-21.660691,-4.569329,-8.846563,16.46735780,44.11535151,1331.7745
5.410000,4393387.070223,4259771.264245,1796767.022265,-40.429151,-47.740870,266.737534,0.99278615,0.11553396,0.02750593,-0.01646152,0.09546063,-0.02170155,0.00243426,11.1100,131.9352,1096.7355,-0.00054291,0.00398455,0.800287,0.00000651,0.00222350,0.00153002,-0.00068697,-0.00290888,0.00193925,0.00290888,-0.00193925,-245.4779,-25.8656,6.0988,-21.522328,-4.568915,-8.981061,16.46738254,44.11535093,1331.9352
5.420000,4393386.665841,4259770.786622,1796769.688430,-40.447234,-47.783663,266.495634,0.99273238,0.11602650,0.02737038,-0.01646616,0.10357691,-0.02863187,0.00692381,11.1100,132.0949,1099.4705,-0.00038749,0.00396641,0.799628,0.00045401,0.00243784,0.00104219,-0.00094164,-0.00290888,0.00096963,0.00290888,-0.00193925,-244.3715,-26.4605,5.5542,-21.425239,-4.631968,-9.027992,16.46740725,44.11535036,1332.0949
5.430000,4393386.261278,4259770.308575,1796772.352181,-40.465548,-47.825686,266.254542,0.99267515,0.11655741,0.02719610,-0.01645548,0.11095475,-0.03596911,0.01065486,11.1100,132.2534,1102.2033,-0.00027941,0.00391772,0.798972,0.00045401,0.00243784,0.00104219,-0.00094164,-0.00290888,0.00096963,0.00290888,-0.00193925,-243.6093,-25.9548,4.5628,-21.359915,-4.596722,-9.114992,16.46743195,44.11534979,1332.2534
5.440000,4393385.856527,4259769.830114,1796775.013524,-40.484754,-47.866292,266.014275,0.99261923,0.11708169,0.02699373,-0.01644035,0.10128676,-0.03957104,0.00995022,11.1100,132.4108,1104.9340,-0.00024544,0.00383022,0.798317,0.00045401,0.00243784,0.00104219,-0.00094164,-0.00290888,0.00193925,0.00290888,-0.00193925,-242.8511,-24.3189,3.3913,-21.295507,-4.459622,-9.218254,16.46745662,44.11534921,1332.4108
5.450000,4393385.451581,4259769.351244,1796777.672467,-40.504560,-47.907751,265.774460,0.99256428,0.11760092,0.02676559,-0.01642508,0.10880498,-0.04614613,0.01184545,11.1100,132.5672,1107.6624,-0.00026903,0.00373347,0.797665,0.00045401,0.00243784,0.00104219,-0.00094164,-0.00290888,0.00096963,0.00290888,-0.00193925,-242.0969,-24.2652,4.3598,-21.231959,-4.464852,-9.128930,16.46748128,44.11534863,1332.5672
5.460000,4393385.046432,4259768.871959,1796780.329015,-40.525482,-47.949362,265.535142,0.99250568,0.11815539,0.02650601,-0.01640744,0.11564015,-0.05159386,0.01271523,11.1100,132.7224,1110.3887,-0.00033989,0.00363113,0.797015,0.00050950,0.00226169,0.00104690,-0.00070528,-0.00290888,0.00096963,0.00290888,-0.00193925,-241.3466,-23.3359,4.8920,-21.169370,-4.391964,-9.078726,16.46750591,44.11534805,1332.7224
5.470000,4393384.641067,4259768.392255,1796782.983172,-40.547737,-47.991427,265.296230,0.99244349,0.11874183,0.02622233,-0.01639171,0.12185331,-0.05550008,0.01254691,11.1100,132.8766,1113.1128,-0.00046867,0.00351828,0.796366,0.00050950,0.00226169,0.00104690,-0.00070528,-0.00290888,0.00096963,0.00290888,-0.00193925,-240.6002,-22.3307,5.9203,-21.107588,-4.312855,-8.983743,16.46753053,44.11534747,1332.8766
5.480000,4393384.235477,4259767.912129,1796785.634942,-40.570479,-48.033925,265.057850,0.99237267,0.11939850,0.02593047,-0.01637338,0.14371463,-0.05417680,0.01478219,11.1100,133.0297,1115.8348,-0.00064047,0.00340538,0.795720,0.00050950,0.00226169,0.00104690,-0.00070528,-0.00290888,0.00096963,0.00193925,-0.00193925,-239.8576,-22.1400,6.5177,-21.046300,-4.308405,-8.927204,16.46755512,44.11534689,1333.0297
5.490000,4393383.829652,4259767.431575,1796788.284330,-40.594746,-48.076968,264.819819,0.99228867,0.12015901,0.02564630,-0.01634842,0.16361620,-0.05136403,0.01579462,11.1100,133.1816,1118.5546,-0.00082308,0.00328277,0.795076,0.00050950,0.00226169,0.00104690,-0.00070528,-0.00290888,0.00096963,0.00193925,-0.00193925,-239.1189,-21.0474,8.0488,-20.985197,-4.224774,-8.786109,16.46757970,44.11534630,1333.1816
5.500000,4393383.423578,4259766.950589,1796790.931339,-40.620441,-48.120353,264.582187,0.99219212,0.12101401,0.02537730,-0.01632189,0.18173227,-0.04739894,0.01556724,11.1100,133.3325,1121.2722,-0.00098047,0.00314764,0.794434,0.00042205,0.00196037,0.00130075,-0.00023757,-0.00290888,0.00096963,0.00193925,-0.00193925,-238.3840,-19.8648,9.3749,-20.924121,-4.134840,-8.662969,16.46760426,44.11534572,1333.3325
5.510000,4393383.017240,4259766.469168,1796793.575975,-40.647356,-48.163857,264.345020,0.99208360,0.12195494,0.02512902,-0.01629893,0.19822146,-0.04270055,0.01419378,11.1100,133.4821,1123.9877,-0.00110006,0.00301259,0.793794,0.00042205,0.00196037,0.00130075,-0.00023757,-0.00290888,0.00096963,0.00193925,-0.00193925,-237.6529,-18.6983,10.3894,-20.862952,-4.047986,-8.567418,16.46762879,44.11534513,1333.4821
5.520000,4393382.610627,4259765.987312,1796796.218242,-40.675349,-48.207300,264.108371,0.99197372,0.12289307,0.02490609,-0.01628221,0.18390604,-0.03831213,0.01128515,11.1100,133.6307,1126.7011,-0.00117344,0.00288954,0.793156,0.00042205,0.00196037,0.00130075,-0.00023757,-0.00193925,0.00096963,0.00290888,-0.00193925,-236.9255,-17.6465,11.0202,-20.801615,-3.971387,-8.506353,16.46765331,44.11534454,1333.6307
5.530000,4393382.203728,4259765.505022,1796798.858144,-40.704645,-48.250705,263.872195,0.99186562,0.12380319,0.02469966,-0.01628769,0.18406959,-0.03688729,0.00498102,11.1100,133.7781,1129.4123,-0.00119590,0.00278935,0.792520,0.00042205,0.00196037,0.00130075,-0.00023757,-0.00290888,0.00096963,0.00290888,-0.00193925,-236.2019,-16.0101,12.0143,-20.740248,-3.841597,-8.412675,16.46767781,44.11534396,1333.7781
5.540000,4393381.796540,4259765.022295,1796801.495688,-40.732867,-48.294698,263.636736,0.99176626,0.12463320,0.02450303,-0.01630498,0.15223338,-0.03563293,0.00538553,11.1100,133.9243,1132.1214,-0.00118932,0.00274353,0.791886,0.00033083,0.00125282,0.00161446,0.00069247,-0.00193925,0.00096963,0.00290888,-0.00096963,-235.4820,-17.2339,11.9464,-20.679015,-3.967710,-8.414926,16.46770229,44.11534337,1333.9243
5.550000,4393381.389070,4259764.539129,1796804.130881,-40.761165,-48.338465,263.401966,0.99168513,0.12531242,0.02431426,-0.01631633,0.12319141,-0.03465090,0.00558313,11.1100,134.0694,1134.8285,-0.00116900,0.00272357,0.791254,0.00033083,0.00125282,0.00161446,0.00069247,-0.00193925,0.00096963,0.00290888,-0.00096963,-234.7658,-17.0317,11.7635,-20.618011,-3.962578,-8.428239,16.46772675,44.11534277,1334.0694
5.560000,4393380.981317,4259764.055526,1796806.763730,-40.789507,-48.381948,263.167896,0.99162088,0.12585407,0.02413171,-0.01632332,0.09669721,-0.03401864,0.00557900,11.1100,134.2134,1137.5334,-0.00113714,0.00270223,0.790624,0.00033083,0.00125282,0.00161446,0.00069247,-0.00193925,0.00096963,0.00290888,-0.00096963,-234.0532,-16.8206,11.4835,-20.557262,-3.954006,-8.450954,16.46775119,44.11534218,1334.2134
5.570000,4393380.573280,4259763.571491,1796809.394241,-40.817867,-48.425116,262.934535,0.99157223,0.12627021,0.02395346,-0.01632745,0.07252628,-0.03377774,0.00539404,11.1100,134.3562,1140.2362,-0.00109720,0.00268142,0.789996,0.00033083,0.00125282,0.00161446,0.00069247,-0.00193925,0.00096963,0.00290888,-0.00096963,-233.3442,-16.6164,11.1348,-20.496795,-3.943659,-8.480449,16.46777562,44.11534159,1334.3562
5.580000,4393380.164958,4259763.087030,1796812.022423,-40.846404,-48.467033,262.702029,0.99153254,0.12661158,0.02378627,-0.01633823,0.06630787,-0.03057645,0.00177722,11.1100,134.4978,1142.9369,-0.00105314,0.00266289,0.789370,0.00030113,0.00130853,0.00146099,0.00045359,-0.00193925,0.00096963,0.00290888,-0.00193925,-232.6388,-15.6500,9.9668,-20.436440,-3.863261,-8.584042,16.46780002,44.11534099,1334.4978
5.590000,4393379.756353,4259762.602151,1796814.648284,-40.874588,-48.508648,262.470280,0.99149586,0.12692329,0.02363591,-0.01636380,0.06062894,-0.02811107,-0.00153568,11.1100,134.6383,1145.6355,-0.00099497,0.00266704,0.788745,0.00030113,0.00130853,0.00146099,0.00045359,-0.00193925,0.00096963,0.00290888,-0.00193925,-231.9371,-15.6853,9.4944,-20.376052,-3.872444,-8.625148,16.46782440,44.11534040,1334.6383
5.600000,4393379.347469,4259762.116858,1796817.271832,-40.902141,-48.549939,262.239331,0.99146203,0.12720787,0.02349795,-0.01640253,0.05544209,-0.02655269,-0.00427316,11.1100,134.7777,1148.3320,-0.00090980,0.00270587,0.788123,0.00030113,0.00130853,0.00146099,0.00045359,-0.00193925,0.00096963,0.00290888,-0.00193925,-231.2388,-16.0028,8.7960,-20.315716,-3.906500,-8.686719,16.46784877,44.11533980,1334.7777
5.610000,4393378.938313,4259761.631153,1796819.893074,-40.928865,-48.590916,262.009208,0.99143094,0.12746766,0.02336718,-0.01645171,0.05070412,-0.02598342,-0.00622999,11.1100,134.9159,1151.0265,-0.00080656,0.00277407,0.787503,0.00030113,0.00130853,0.00146099,0.00045359,-0.00193925,0.00096963,0.00290888,-0.00193925,-230.5441,-16.5551,7.9447,-20.255538,-3.961202,-8.762167,16.46787312,44.11533921,1334.9159
5.620000,4393378.528895,4259761.145040,1796822.512019,-40.954648,-48.631616,261.779918,0.99140252,0.12770482,0.02323812,-0.01650780,0.04637571,-0.02639520,-0.00728065,11.1100,135.0530,1153.7189,-0.00069522,0.00286411,0.786885,0.00029899,0.00166011,0.00137930,0.00001818,-0.00193925,0.00096963,0.00290888,-0.00193925,-229.8529,-17.2773,7.0221,-20.195629,-4.030768,-8.844147,16.46789745,44.11533861,1335.0530
5.630000,4393378.119223,4259760.658522,1796825.128675,-40.979473,-48.672101,261.551449,0.99137673,0.12792131,0.02310547,-0.01656682,0.04242102,-0.02769627,-0.00738510,11.1100,135.1891,1156.4092,-0.00058579,0.00296703,0.786268,0.00029899,0.00166011,0.00137930,0.00001818,-0.00193925,0.00096963,0.00290888,-0.00193925,-229.1652,-18.0943,6.1105,-20.136099,-4.108463,-8.925234,16.46792176,44.11533801,1335.1891
5.640000,4393377.709308,4259760.171599,1796827.743050,-41.003408,-48.712447,261.323773,0.99135351,0.12811896,0.02296457,-0.01662472,0.03880739,-0.02972448,-0.00658678,11.1100,135.3240,1159.0975,-0.00048754,0.00307328,0.785653,0.00029899,0.00166011,0.00137930,0.00001818,-0.00193925,0.00096963,0.00290888,-0.00193925,-228.4809,-18.9272,5.2861,-20.077046,-4.187240,-8.998569,16.46794605,44.11533741,1335.3240
5.650000,4393377.299162,4259759.684274,1796830.355154,-41.025709,-48.752474,261.097036,0.99132768,0.12833895,0.02281834,-0.01666944,0.05109053,-0.02896003,-0.00176646,11.1100,135.4579,1161.7837,-0.00040821,0.00317359,0.785041,0.00029899,0.00166011,0.00137930,0.00001818,-0.00193925,0.00096963,0.00193925,-0.00193925,-227.8000,-20.4721,3.8417,-20.018431,-4.330530,-9.127599,16.46797032,44.11533681,1335.4579
5.660000,4393376.888789,4259759.196549,1796832.964992,-41.048959,-48.792619,260.870755,0.99129133,0.12864298,0.02266010,-0.01670349,0.06996639,-0.03379739,-0.00160366,11.1100,135.5907,1164.4678,-0.00033966,0.00324096,0.784430,0.00047771,0.00181876,0.00119984,-0.00014121,-0.00290888,0.00096963,0.00193925,-0.00193925,-227.1225,-20.1705,4.0530,-19.960358,-4.309245,-9.107188,16.46799457,44.11533620,1335.5907
5.670000,4393376.478187,4259758.708422,1796835.572572,-41.071460,-48.832630,260.645237,0.99125221,0.12897144,0.02247929,-0.01673645,0.06402529,-0.03703720,0.00055328,11.1100,135.7224,1167.1500,-0.00028721,0.00328353,0.783821,0.00047771,0.00181876,0.00119984,-0.00014121,-0.00193925,0.00096963,0.00290888,-0.00193925,-226.4484,-20.4763,3.5790,-19.903023,-4.343104,-9.148358,16.46801881,44.11533560,1335.7224
5.680000,4393376.067360,4259758.219896,1796838.177899,-41.093939,-48.872759,260.420319,0.99121716,0.12927171,0.02228182,-0.01675978,0.05859448,-0.04009392,0.00281921,11.1100,135.8530,1169.8300,-0.00028037,0.00331519,0.783214,0.00047771,0.00181876,0.00119984,-0.00014121,-0.00193925,0.00096963,0.00290888,-0.00193925,-225.7776,-20.6760,3.4889,-19.846344,-4.366876,-9.155119,16.46804303,44.11533500,1335.8530
5.690000,4393375.656307,4259757.730967,1796840.780980,-41.116635,-48.913102,260.195943,0.99118585,0.12954623,0.02206914,-0.01677328,0.05362966,-0.04272278,0.00499945,11.1100,135.9826,1172.5081,-0.00030470,0.00332446,0.782609,0.00047771,0.00181876,0.00119984,-0.00014121,-0.00193925,0.00096963,0.00290888,-0.00193925,-225.1102,-20.6933,3.6523,-19.790292,-4.373757,-9.139205,16.46806722,44.11533439,1335.9826
5.700000,4393375.245026,4259757.241633,1796843.381819,-41.139759,-48.953730,259.972059,0.99115793,0.12979723,0.02184398,-0.01677754,0.04909040,-0.04473021,0.00691796,11.1100,136.1112,1175.1841,-0.00035634,0.00331180,0.782005,0.00053711,0.00180036,0.00122090,-0.00004236,-0.00193925,0.00096963,0.00290888,-0.00193925,-224.4461,-20.5346,4.0384,-19.734810,-4.364353,-9.103364,16.46809140,44.11533378,1336.1112
5.710000,4393374.833510,4259756.751891,1796845.980423,-41.163480,-48.994689,259.748630,0.99113304,0.13002675,0.02160992,-0.01677383,0.04493982,-0.04598688,0.00843115,11.1100,136.2386,1177.8581,-0.00042932,0.00327949,0.781404,0.00053711,0.00180036,0.00122090,-0.00004236,-0.00193925,0.00096963,0.00290888,-0.00193925,-223.7852,-20.2207,4.5999,-19.679822,-4.340572,-9.051858,16.46811557,44.11533317,1336.2386
5.720000,4393374.421754,4259756.261738,1796848.576793,-41.187910,-49.035994,259.525631,0.99111082,0.13023664,0.02137115,-0.01676397,0.04114427,-0.04643447,0.00943792,11.1100,136.3650,1180.5301,-0.00051625,0.00323132,0.780804,0.00053711,0.00180036,0.00122090,-0.00004236,-0.00193925,0.00096963,0.00290888,-0.00193925,-223.1276,-19.7841,5.2773,-19.625241,-4.305384,-8.990011,16.46813971,44.11533256,1336.3650
5.730000,4393374.009748,4259755.771174,1796851.170937,-41.213289,-49.076729,259.303198,0.99109570,0.13039008,0.02114181,-0.01675623,0.02236638,-0.04284053,0.00670192,11.1100,136.4904,1183.2001,-0.00060900,0.00317222,0.780206,0.00053711,0.00180036,0.00122090,-0.00004236,-0.00193925,0.00193925,0.00290888,-0.00193925,-222.4733,-18.5085,5.2481,-19.570779,-4.193589,-8.992049,16.46816384,44.11533195,1336.4904
5.740000,4393373.597487,4259755.280202,1796853.762859,-41.239110,-49.117739,259.081243,0.99109158,0.13045454,0.02093468,-0.01675824,0.00520904,-0.03888545,0.00378045,11.1100,136.6146,1185.8681,-0.00068540,0.00312625,0.779610,0.00048702,0.00166290,0.00123820,0.00006232,-0.00193925,0.00193925,0.00290888,-0.00193925,-221.8222,-18.1299,5.8780,-19.516176,-4.160828,-8.935195,16.46818794,44.11533134,1336.6146
5.750000,4393373.184967,4259754.788815,1796856.352563,-41.264905,-49.159642,258.859719,0.99109272,0.13047608,0.02074078,-0.01676424,0.00212043,-0.03760670,0.00355609,11.1100,136.7378,1188.5341,-0.00072137,0.00310984,0.779015,0.00048702,0.00166290,0.00123820,0.00006232,-0.00193925,0.00096963,0.00290888,-0.00193925,-221.1743,-18.7444,6.9401,-19.461606,-4.216615,-8.839647,16.46821203,44.11533073,1336.7378
5.760000,4393372.772188,4259754.297012,1796858.940056,-41.290949,-49.200831,258.638888,0.99110033,0.13044478,0.02056340,-0.01677637,-0.01326250,-0.03367124,0.00068809,11.1100,136.8599,1191.1981,-0.00073061,0.00310471,0.778423,0.00048702,0.00166290,0.00123820,0.00006232,-0.00193925,0.00193925,0.00290888,-0.00193925,-220.5296,-17.9187,6.2579,-19.407000,-4.141764,-8.901351,16.46823610,44.11533011,1336.8599
5.770000,4393372.359149,4259753.804798,1796861.525343,-41.316754,-49.241966,258.418696,0.99111689,0.13034062,0.02040757,-0.01679802,-0.02731949,-0.03017326,-0.00184897,11.1100,136.9809,1193.8601,-0.00071225,0.00312021,0.777832,0.00048702,0.00166290,0.00123820,0.00006232,-0.00193925,0.00193925,0.00290888,-0.00193925,-219.8880,-18.0332,6.1321,-19.352256,-4.150125,-8.913331,16.46826016,44.11532950,1336.9809
5.780000,4393371.945856,4259753.312165,1796864.108431,-41.341686,-49.284720,258.198918,0.99114224,0.13016992,0.02025185,-0.01681390,-0.04016475,-0.03380980,0.00242909,11.1100,137.1009,1196.5201,-0.00065661,0.00316225,0.777243,0.00039489,0.00178803,0.00116562,-0.00022751,-0.00193925,0.00096963,0.00290888,-0.00096963,-219.2496,-19.8533,7.2059,-19.297825,-4.310748,-8.817680,16.46828419,44.11532888,1337.1009
5.790000,4393371.532315,4259752.819105,1796866.689324,-41.366536,-49.327247,257.979784,0.99117627,0.12993846,0.02007570,-0.01680987,-0.05190227,-0.03766546,0.00661707,11.1100,137.2197,1199.1782,-0.00059770,0.00318933,0.776656,0.00039489,0.00178803,0.00116562,-0.00022751,-0.00193925,0.00096963,0.00290888,-0.00096963,-218.6143,-19.9960,6.6950,-19.244139,-4.319239,-8.864983,16.46830821,44.11532826,1337.2197
5.800000,4393371.118524,4259752.325625,1796869.268029,-41.391863,-49.368737,257.761359,0.99121295,0.12968932,0.01988732,-0.01679495,-0.04755595,-0.03821335,0.00724555,11.1100,137.3375,1201.8343,-0.00057700,0.00317381,0.776070,0.00039489,0.00178803,0.00116562,-0.00022751,-0.00193925,0.00096963,0.00290888,-0.00193925,-217.9821,-19.0564,5.7402,-19.191002,-4.229985,-8.952338,16.46833221,44.11532764,1337.3375
5.810000,4393370.704477,4259751.831730,1796871.844553,-41.417511,-49.410150,257.543479,0.99124692,0.12946079,0.01969573,-0.01677849,-0.04357783,-0.03869080,0.00753691,11.1100,137.4542,1204.4884,-0.00058074,0.00313748,0.775487,0.00039489,0.00178803,0.00116562,-0.00022751,-0.00193925,0.00096963,0.00290888,-0.00193925,-217.3530,-18.7303,5.7537,-19.138203,-4.196340,-8.952435,16.46835619,44.11532702,1337.4542
5.820000,4393370.290172,4259751.337422,1796874.418900,-41.443503,-49.451506,257.326134,0.99127840,0.12925109,0.01950162,-0.01676209,-0.03993635,-0.03906358,0.00748626,11.1100,137.5699,1207.1406,-0.00058935,0.00309749,0.774905,0.00051934,0.00170036,0.00093329,-0.00024773,-0.00193925,0.00096963,0.00290888,-0.00193925,-216.7269,-18.3793,5.8060,-19.085723,-4.160822,-8.948940,16.46838016,44.11532640,1337.5699
5.830000,4393369.875606,4259750.842700,1796876.991077,-41.469838,-49.492831,257.109317,0.99130757,0.12905861,0.01930582,-0.01674729,-0.03660269,-0.03930825,0.00711714,11.1100,137.6844,1209.7909,-0.00060181,0.00305732,0.774325,0.00051934,0.00170036,0.00093329,-0.00024773,-0.00193925,0.00096963,0.00290888,-0.00193925,-216.1039,-18.0310,5.8893,-19.033542,-4.125875,-8.942570,16.46840410,44.11532578,1337.6844
5.840000,4393369.460774,4259750.347565,1796879.561088,-41.496490,-49.534153,256.893023,0.99133457,0.12888187,0.01910921,-0.01673542,-0.03355052,-0.03941342,0.00647782,11.1100,137.7979,1212.4392,-0.00061686,0.00302025,0.773746,0.00051934,0.00170036,0.00093329,-0.00024773,-0.00193925,0.00096963,0.00290888,-0.00193925,-215.4839,-17.7110,5.9936,-18.981636,-4.093772,-8.934225,16.46842803,44.11532515,1337.7979
5.850000,4393369.045675,4259749.852017,1796882.128939,-41.523419,-49.575502,256.677250,0.99135956,0.12871953,0.01891267,-0.01672756,-0.03075578,-0.03937991,0.00563586,11.1100,137.9104,1215.0855,-0.00063308,0.00298913,0.773169,0.00051934,0.00170036,0.00093329,-0.00024773,-0.00193925,0.00096963,0.00290888,-0.00193925,-214.8669,-17.4410,6.1078,-18.929986,-4.066443,-8.924907,16.46845195,44.11532453,1337.9104
5.860000,4393368.630305,4259749.356055,1796884.694635,-41.550565,-49.616905,256.461999,0.99138269,0.12857036,0.01871697,-0.01672440,-0.02819651,-0.03921994,0.00467138,11.1100,138.0217,1217.7299,-0.00064906,0.00296615,0.772594,0.00052924,0.00176159,0.00094681,-0.00028554,-0.00193925,0.00096963,0.00290888,-0.00193925,-214.2528,-17.2373,6.2209,-18.878572,-4.045334,-8.915631,16.46847584,44.11532390,1338.0217
5.870000,4393368.214668,4259748.859680,1796887.258182,-41.577011,-49.658131,256.247459,0.99140889,0.12839620,0.01853028,-0.01671676,-0.04069345,-0.03580466,0.00675474,11.1100,138.1320,1220.3724,-0.00066346,0.00295273,0.772021,0.00052924,0.00176159,0.00094681,-0.00028554,-0.00096963,0.00096963,0.00290888,-0.00193925,-213.6418,-17.8446,5.5876,-18.827267,-4.096737,-8.973644,16.46849972,44.11532328,1338.1320
5.880000,4393367.798760,4259748.362892,1796889.819585,-41.604515,-49.699435,256.033297,0.99143775,0.12820021,0.01835224,-0.01670574,-0.03731425,-0.03579449,0.00544131,11.1100,138.2412,1223.0130,-0.00066159,0.00293153,0.771449,0.00052924,0.00176159,0.00094681,-0.00028554,-0.00193925,0.00096963,0.00290888,-0.00193925,-213.0336,-16.8976,6.3232,-18.776074,-4.007822,-8.908550,16.46852358,44.11532265,1338.2412
5.890000,4393367.382577,4259747.865691,1796892.378850,-41.632088,-49.740599,255.819710,0.99146437,0.12802010,0.01817441,-0.01670182,-0.03421885,-0.03595617,0.00404847,11.1100,138.3494,1225.6517,-0.00063997,0.00290972,0.770880,0.00052924,0.00176159,0.00094681,-0.00028554,-0.00193925,0.00096963,0.00290888,-0.00193925,-212.4284,-16.7090,6.1430,-18.725117,-3.987469,-8.925803,16.46854742,44.11532202,1338.3494
5.900000,4393366.966118,4259747.368080,1796894.935981,-41.659657,-49.781681,255.606697,0.99148893,0.12785454,0.01799604,-0.01670518,-0.03138314,-0.03626825,0.00269283,11.1100,138.4565,1228.2884,-0.00061949,0.00290184,0.770311,0.00068334,0.00183377,0.00075658,-0.00039384,-0.00193925,0.00096963,0.00290888,-0.00193925,-211.8261,-16.6298,5.9709,-18.674411,-3.977242,-8.942253,16.46857124,44.11532139,1338.4565
5.910000,4393366.549384,4259746.870058,1796897.490986,-41.687154,-49.822747,255.394252,0.99151162,0.12770228,0.01781641,-0.01671543,-0.02878507,-0.03669848,0.00148131,11.1100,138.5625,1230.9233,-0.00060172,0.00290776,0.769745,0.00068334,0.00183377,0.00075658,-0.00039384,-0.00193925,0.00096963,0.00290888,-0.00193925,-211.2267,-16.6574,5.8191,-18.623967,-3.976880,-8.956805,16.46859505,44.11532076,1338.5625
5.920000,4393366.132376,4259746.371625,1796900.043868,-41.714528,-49.863860,255.182369,0.99153262,0.12756221,0.01763493,-0.01673166,-0.02640448,-0.03720706,0.00050304,11.1100,138.6674,1233.5562,-0.00058790,0.00292623,0.769180,0.00068334,0.00183377,0.00075658,-0.00039384,-0.00193925,0.00096963,0.00290888,-0.00193925,-210.6302,-16.7808,5.6975,-18.573800,-3.985368,-8.968577,16.46861884,44.11532013,1338.6674
5.930000,4393365.715093,4259745.872785,1796902.594636,-41.741927,-49.904211,254.971181,0.99155656,0.12739646,0.01746057,-0.01675857,-0.03887375,-0.03463719,-0.00322769,11.1100,138.7713,1236.1873,-0.00057891,0.00295508,0.768617,0.00068334,0.00183377,0.00075658,-0.00039384,-0.00193925,0.00193925,0.00290888,-0.00193925,-210.0365,-16.2565,4.8876,-18.523730,-3.935060,-9.042423,16.46864261,44.11531950,1338.7713
5.940000,4393365.297540,4259745.373536,1796905.143293,-41.768691,-49.945566,254.760442,0.99158309,0.12720823,0.01729203,-0.01679378,-0.03566518,-0.03549092,-0.00322796,11.1100,138.8742,1238.8164,-0.00056176,0.00300916,0.768055,0.00063651,0.00204117,0.00081391,-0.00059076,-0.00193925,0.00096963,0.00290888,-0.00193925,-209.4456,-17.3987,5.4908,-18.473788,-4.034320,-8.989180,16.46866637,44.11531886,1338.8742
5.950000,4393364.879721,4259744.873873,1796907.689846,-41.795058,-49.987044,254.550285,0.99160770,0.12703516,0.01711839,-0.01682848,-0.03272436,-0.03650488,-0.00268599,11.1100,138.9759,1241.4437,-0.00053375,0.00307773,0.767495,0.00063651,0.00204117,0.00081391,-0.00059076,-0.00193925,0.00096963,0.00290888,-0.00193925,-208.8575,-17.8953,5.2581,-18.424195,-4.075754,-9.011108,16.46869011,44.11531823,1338.9759
5.960000,4393364.461640,4259744.373795,1796910.234301,-41.821106,-50.028676,254.340690,0.99163062,0.12687604,0.01693877,-0.01686022,-0.03002871,-0.03759049,-0.00167580,11.1100,139.0766,1244.0691,-0.00051557,0.00314182,0.766937,0.00063651,0.00204117,0.00081391,-0.00059076,-0.00193925,0.00096963,0.00290888,-0.00193925,-208.2722,-18.3513,5.1002,-18.374972,-4.113808,-9.026230,16.46871383,44.11531759,1339.0766
5.970000,4393364.043299,4259743.873299,1796912.776662,-41.846939,-50.070479,254.131634,0.99165203,0.12672971,0.01675279,-0.01688690,-0.02755757,-0.03865856,-0.00030425,11.1100,139.1763,1246.6926,-0.00050810,0.00319656,0.766380,0.00063651,0.00204117,0.00081391,-0.00059076,-0.00193925,0.00096963,0.00290888,-0.00193925,-207.6897,-18.7302,5.0244,-18.326130,-4.145176,-9.033904,16.46873754,44.11531696,1339.1763
5.980000,4393363.624701,4259743.372384,1796915.316935,-41.872678,-50.112458,253.923094,0.99167211,0.12659515,0.01656059,-0.01690700,-0.02529205,-0.03962648,0.00129949,11.1100,139.2749,1249.3143,-0.00051136,0.00323809,0.765825,0.00060818,0.00225463,0.00081356,-0.00083289,-0.00193925,0.00096963,0.00290888,-0.00193925,-207.1099,-19.0039,5.0309,-18.277671,-4.167306,-9.034113,16.46876122,44.11531632,1339.2749
5.990000,4393363.205846,4259742.871049,1796917.855125,-41.898594,-50.154641,253.715017,0.99170025,0.12639862,0.01636398,-0.01691840,-0.04963782,-0.04095095,0.00247277,11.1100,139.3725,1251.9341,-0.00052447,0.00326384,0.765272,0.00060818,0.00225463,0.00081356,-0.00083289,-0.00096963,0.00096963,0.00387851,-0.00193925,-206.5328,-19.1544,5.1134,-18.229582,-4.177156,-9.027794,16.46878490,44.11531568,1339.3725
6.000000,4393362.786726,4259742.369290,1796920.391236,-41.925333,-50.197200,253.507262,0.99173858,0.12612258,0.01615527,-0.01693197,-0.06000317,-0.04457090,0.00114169,11.1100,139.4690,1254.5520,-0.00054495,0.00327309,0.764720,0.00060818,0.00225463,0.00081356,-0.00083289,-0.00193925,0.00096963,0.00387851,-0.00193925,-205.9585,-18.4674,5.9636,-18.181992,-4.110113,-8.952771,16.46880855,44.11531504,1339.4690
6.010000,4393362.367338,4259741.867104,1796922.925272,-41.952203,-50.240177,253.299930,0.99178320,0.12579695,0.01593162,-0.01695297,-0.06949294,-0.04759308,0.00001139,11.1100,139.5645,1257.1681,-0.00058946,0.00328768,0.764170,0.00060818,0.00225463,0.00081356,-0.00083289,-0.00193925,0.00096963,0.00387851,-0.00193925,-205.3869,-18.5573,6.2611,-18.134933,-4.112051,-8.927734,16.46883219,44.11531440,1339.5645
6.020000,4393361.947686,4259741.364486,1796925.457237,-41.978414,-50.283526,253.093155,0.99182891,0.12546238,0.01570237,-0.01697193,-0.06380250,-0.04676082,0.00215771,11.1100,139.6589,1259.7824,-0.00066529,0.00331410,0.763621,0.00042239,0.00192703,0.00090153,-0.00060311,-0.00193925,0.00096963,0.00290888,-0.00193925,-204.8179,-19.4469,6.0882,-18.088233,-4.185791,-8.945090,16.46885581,44.11531376,1339.6589
6.030000,4393361.527769,4259740.861432,1796927.987136,-42.004936,-50.327364,252.886754,0.99187114,0.12515509,0.01547700,-0.01697989,-0.05858321,-0.04531501,0.00430069,11.1100,139.7522,1262.3947,-0.00075200,0.00333219,0.763074,0.00042239,0.00192703,0.00090153,-0.00060311,-0.00193925,0.00096963,0.00290888,-0.00193925,-204.2516,-19.5331,6.7399,-18.041716,-4.187755,-8.888081,16.46887941,44.11531311,1339.7522
6.040000,4393361.107586,4259740.357937,1796930.514974,-42.031836,-50.371531,252.680746,0.99191014,0.12487288,0.01525830,-0.01697690,-0.05379565,-0.04340498,0.00627169,11.1100,139.8445,1265.0053,-0.00082501,0.00332848,0.762528,0.00042239,0.00192703,0.00090153,-0.00060311,-0.00193925,0.00096963,0.00290888,-0.00193925,-203.6880,-19.4543,7.2907,-17.995327,-4.175338,-8.840019,16.46890300,44.11531247,1339.8445
6.050000,4393360.687131,4259739.854000,1796933.040753,-42.059150,-50.415848,252.475157,0.99194616,0.12461372,0.01504833,-0.01696394,-0.04940375,-0.04120786,0.00792520,11.1100,139.9358,1267.6140,-0.00087933,0.00330439,0.761985,0.00042239,0.00192703,0.00090153,-0.00060311,-0.00193925,0.00096963,0.00290888,-0.00193925,-203.1270,-19.2234,7.7022,-17.949024,-4.149673,-8.804378,16.46892657,44.11531182,1339.9358
6.060000,4393360.266401,4259739.349620,1796935.564478,-42.086887,-50.460141,252.270021,0.99197941,0.12437572,0.01484832,-0.01694270,-0.04537446,-0.03891297,0.00914889,11.1100,140.0259,1270.2209,-0.00091168,0.00326288,0.761442,0.00056686,0.00192177,0.00076179,-0.00059312,-0.00193925,0.00096963,0.00290888,-0.00193925,-202.5686,-18.8646,7.9490,-17.902778,-4.112900,-8.783436,16.46895013,44.11531117,1340.0259
6.070000,4393359.845392,4259738.844798,1796938.086155,-42.115025,-50.504244,252.065371,0.99201008,0.12415712,0.01465861,-0.01691549,-0.04167753,-0.03670637,0.00987042,11.1100,140.1150,1272.8260,-0.00092071,0.00320809,0.760901,0.00056686,0.00192177,0.00076179,-0.00059312,-0.00193925,0.00096963,0.00290888,-0.00193925,-202.0128,-18.4107,8.0205,-17.856574,-4.067935,-8.778180,16.46897366,44.11531053,1340.1150
6.080000,4393359.424099,4259738.339537,1796940.605787,-42.143519,-50.548023,251.861241,0.99203836,0.12395629,0.01447869,-0.01688498,-0.03828524,-0.03475646,0.01006074,11.1100,140.2031,1275.4292,-0.00090696,0.00314498,0.760362,0.00056686,0.00192177,0.00076179,-0.00059312,-0.00193925,0.00096963,0.00290888,-0.00193925,-201.4596,-17.8999,7.9201,-17.810417,-4.018195,-8.788300,16.46899719,44.11530988,1340.2031
6.090000,4393359.002521,4259737.833839,1796943.123381,-42.172302,-50.591375,251.657660,0.99206442,0.12377172,0.01430728,-0.01685397,-0.03517221,-0.03320195,0.00973383,11.1100,140.2900,1278.0307,-0.00087272,0.00307888,0.759825,0.00056686,0.00192177,0.00076179,-0.00059312,-0.00193925,0.00096963,0.00290888,-0.00193925,-200.9091,-17.3729,7.6645,-17.764323,-3.967296,-8.812299,16.46902069,44.11530923,1340.2900
6.100000,4393358.580653,4259737.327711,1796945.638942,-42.201294,-50.634239,251.454652,0.99208843,0.12360201,0.01414248,-0.01682515,-0.03231517,-0.03214279,0.00894309,11.1100,140.3759,1280.6303,-0.00082175,0.00301508,0.759289,0.00078240,0.00177088,0.00053233,-0.00045616,-0.00193925,0.00096963,0.00290888,-0.00193925,-200.3610,-16.8690,7.2815,-17.718321,-3.918762,-8.847682,16.46904418,44.11530857,1340.3759
6.110000,4393358.158498,4259736.821159,1796948.152478,-42.229608,-50.676230,251.252440,0.99211637,0.12339893,0.01399213,-0.01679406,-0.04605749,-0.02815270,0.01024396,11.1100,140.4608,1283.2282,-0.00075890,0.00295839,0.758754,0.00078240,0.00177088,0.00053233,-0.00045616,-0.00096963,0.00193925,0.00290888,-0.00193925,-199.8155,-16.4237,5.4098,-17.672283,-3.874850,-9.017225,16.46906765,44.11530792,1340.4608
6.120000,4393357.736060,4259736.314189,1796950.663993,-42.257994,-50.717625,251.050842,0.99215081,0.12314258,0.01385685,-0.01675276,-0.05640298,-0.02558024,0.01148646,11.1100,140.5446,1285.8242,-0.00067217,0.00290093,0.758221,0.00078240,0.00177088,0.00053233,-0.00045616,-0.00096963,0.00096963,0.00290888,-0.00193925,-199.2726,-16.6550,5.4828,-17.626219,-3.890823,-9.011962,16.46909111,44.11530727,1340.5446
6.130000,4393357.313338,4259735.806809,1796953.173497,-42.286463,-50.758122,250.849916,0.99219120,0.12283732,0.01373200,-0.01670488,-0.06588468,-0.02406524,0.01210016,11.1100,140.6273,1288.4184,-0.00055651,0.00282944,0.757690,0.00078240,0.00177088,0.00053233,-0.00045616,-0.00096963,0.00096963,0.00290888,-0.00193925,-198.7321,-16.0853,4.6329,-17.580209,-3.833752,-9.090004,16.46911455,44.11530661,1340.6273
6.140000,4393356.890328,4259735.299024,1796955.680992,-42.315632,-50.798696,250.649358,0.99223720,0.12248684,0.01359752,-0.01665619,-0.07457427,-0.02963763,0.01206925,11.1100,140.7090,1291.0109,-0.00042289,0.00275046,0.757160,0.00108347,0.00203945,0.00016403,-0.00079196,-0.00193925,0.00096963,0.00290888,-0.00096963,-198.1942,-15.4669,5.0333,-17.534627,-3.771438,-9.055722,16.46913797,44.11530596,1340.7090
6.150000,4393356.467025,4259734.790838,1796958.186486,-42.344989,-50.838545,250.449415,0.99228850,0.12209454,0.01343486,-0.01661222,-0.08253752,-0.03570311,0.01142727,11.1100,140.7897,1293.6016,-0.00030786,0.00267041,0.756631,0.00108347,0.00203945,0.00016403,-0.00079196,-0.00193925,0.00096963,0.00290888,-0.00096963,-197.6588,-14.8479,4.1270,-17.489816,-3.708273,-9.139266,16.46916138,44.11530530,1340.7897
6.160000,4393356.043427,4259734.282255,1796960.689982,-42.374686,-50.878029,250.249985,0.99234458,0.12166382,0.01324310,-0.01657601,-0.08983468,-0.04176989,0.01025465,11.1100,140.8693,1296.1905,-0.00025324,0.00259553,0.756104,0.00108347,0.00203945,0.00016403,-0.00079196,-0.00193925,0.00096963,0.00290888,-0.00096963,-197.1258,-14.2740,3.6670,-17.445787,-3.648445,-9.182832,16.46918477,44.11530464,1340.8693
6.170000,4393355.619529,4259733.773281,1796963.191488,-42.405006,-50.916689,250.051112,0.99240044,0.12123291,0.01303137,-0.01655664,-0.08258810,-0.04440541,0.00576672,11.1100,140.9479,1298.7776,-0.00025999,0.00253133,0.755579,0.00108347,0.00203945,0.00016403,-0.00079196,-0.00193925,0.00096963,0.00290888,-0.00193925,-196.5952,-13.0950,2.9714,-17.402326,-3.534139,-9.247600,16.46920815,44.11530399,1340.9479
6.180000,4393355.195326,4259733.263920,1796965.691006,-42.435606,-50.955693,249.852612,0.99245166,0.12083596,0.01281007,-0.01656142,-0.07593242,-0.04646721,0.00133849,11.1100,141.0255,1301.3629,-0.00031190,0.00249913,0.755055,0.00107818,0.00163044,0.00007915,-0.00047311,-0.00193925,0.00096963,0.00290888,-0.00193925,-196.0671,-12.8716,3.3277,-17.359205,-3.506498,-9.217532,16.46923151,44.11530333,1341.0255
6.190000,4393354.770819,4259732.754170,1796968.188543,-42.465673,-50.994245,249.654781,0.99250686,0.12040063,0.01259826,-0.01658608,-0.09757305,-0.04192175,-0.00269987,11.1100,141.1020,1303.9465,-0.00038576,0.00251176,0.754533,0.00107818,0.00163044,0.00007915,-0.00047311,-0.00096963,0.00193925,0.00290888,-0.00193925,-195.5414,-12.9785,2.4735,-17.316081,-3.507838,-9.296577,16.46925485,44.11530267,1341.1020
6.200000,4393354.346013,4259732.244033,1796970.684103,-42.495526,-51.033330,249.457362,0.99256525,0.11993225,0.01241237,-0.01662596,-0.08972435,-0.03720495,-0.00605983,11.1100,141.1775,1306.5283,-0.00044933,0.00256591,0.754012,0.00107818,0.00163044,0.00007915,-0.00047311,-0.00193925,0.00193925,0.00193925,-0.00193925,-195.0181,-13.3871,2.9720,-17.272642,-3.535691,-9.254013,16.46927818,44.11530201,1341.1775
6.210000,4393353.920911,4259731.733503,1796973.177691,-42.524847,-51.072797,249.260435,0.99261835,0.11950138,0.01225067,-0.01667804,-0.08251358,-0.03268981,-0.00851968,11.1100,141.2520,1309.1084,-0.00046459,0.00265519,0.753492,0.00107818,0.00163044,0.00007915,-0.00047311,-0.00193925,0.00193925,0.00193925,-0.00193925,-194.4972,-14.0468,3.1157,-17.228909,-3.586846,-9.243178,16.46930149,44.11530135,1341.2520
6.220000,4393353.495519,4259731.222576,1796975.669314,-42.553383,-51.112477,249.064076,0.99266669,0.11910505,0.01211076,-0.01673767,-0.07588834,-0.02871181,-0.00994515,11.1100,141.3255,1311.6867,-0.00043326,0.00277080,0.752974,0.00087766,0.00187477,0.00023698,-0.00076014,-0.00193925,0.00193925,0.00193925,-0.00193925,-193.9787,-14.8900,2.9161,-17.184937,-3.655168,-9.263060,16.46932479,44.11530069,1341.3255
6.230000,4393353.069850,4259730.711254,1796978.158976,-42.580302,-51.152013,248.868498,0.99271498,0.11870602,0.01199573,-0.01679141,-0.08118059,-0.02311518,-0.00790889,11.1100,141.3979,1314.2633,-0.00036017,0.00290249,0.752458,0.00087766,0.00187477,0.00023698,-0.00076014,-0.00096963,0.00193925,0.00193925,-0.00193925,-193.4625,-16.5219,1.7256,-17.140708,-3.794428,-9.372133,16.46934807,44.11530003,1341.3979
6.240000,4393352.643914,4259730.199532,1796980.646685,-42.606765,-51.192211,248.673336,0.99275792,0.11835133,0.01188859,-0.01683236,-0.06093089,-0.02414450,-0.00461403,11.1100,141.4693,1316.8382,-0.00024011,0.00302305,0.751943,0.00087766,0.00187477,0.00023698,-0.00076014,-0.00193925,0.00096963,0.00193925,-0.00193925,-192.9486,-17.3588,2.2520,-17.096552,-3.862974,-9.326451,16.46937133,44.11529936,1341.4693
6.250000,4393352.217717,4259729.687411,1796983.132445,-42.632475,-51.231976,248.478865,0.99278966,0.11809307,0.01177008,-0.01685771,-0.04233534,-0.02615750,-0.00084292,11.1100,141.5398,1319.4113,-0.00009860,0.00311594,0.751429,0.00087766,0.00187477,0.00023698,-0.00076014,-0.00193925,0.00096963,0.00193925,-0.00193925,-192.4370,-17.9813,1.2089,-17.052832,-3.914082,-9.421599,16.46939458,44.11529870,1341.5398
6.260000,4393351.791265,4259729.174899,1796985.616265,-42.657873,-51.270481,248.285182,0.99281516,0.11788888,0.01164452,-0.01687218,-0.03894861,-0.02602970,0.00023631,11.1100,141.6092,1321.9826,0.00002396,0.00317129,0.750917,0.00132916,0.00230461,-0.00018956,-0.00116502,-0.00193925,0.00193925,0.00193925,-0.00193925,-191.9277,-17.6467,-0.3788,-17.009467,-3.880087,-9.565507,16.46941781,44.11529803,1341.6092
6.270000,4393351.364561,4259728.662003,1796988.098151,-42.682856,-51.308551,248.092132,0.99283881,0.11770085,0.01151659,-0.01688119,-0.03583571,-0.02670941,0.00148530,11.1100,141.6776,1324.5523,0.00013181,0.00320361,0.750406,0.00132916,0.00230461,-0.00018956,-0.00116502,-0.00193925,0.00193925,0.00193925,-0.00193925,-191.4208,-17.8443,-1.1604,-16.966362,-3.894302,-9.636783,16.46944103,44.11529737,1341.6776
6.280000,4393350.937610,4259728.148728,1796990.578109,-42.707422,-51.346590,247.899628,0.99285950,0.11753936,0.01137951,-0.01688258,-0.02606793,-0.02957822,0.00424937,11.1100,141.7451,1327.1202,0.00023442,0.00322352,0.749896,0.00132916,0.00230461,-0.00018956,-0.00116502,-0.00193925,0.00193925,0.00193925,-0.00193925,-190.9161,-17.9499,-1.9076,-16.923650,-3.900756,-9.704847,16.46946423,44.11529670,1341.7451
6.290000,4393350.510413,4259727.635071,1796993.056145,-42.731844,-51.384633,247.707617,0.99287252,0.11744676,0.01121884,-0.01686906,-0.01037932,-0.03431552,0.00823408,11.1100,141.8116,1329.6864,0.00032047,0.00322415,0.749388,0.00132916,0.00230461,-0.00018956,-0.00116502,-0.00193925,0.00096963,0.00193925,-0.00193925,-190.4136,-18.5780,-1.8754,-16.881614,-3.955577,-9.702440,16.46948742,44.11529603,1341.8116
6.300000,4393350.082971,4259727.121040,1796995.532264,-42.756717,-51.421571,247.516228,0.99288109,0.11739447,0.01103969,-0.01684650,-0.00955219,-0.03617135,0.00885748,11.1100,141.8771,1332.2509,0.00036498,0.00318777,0.748882,0.00157929,0.00229185,-0.00039994,-0.00111251,-0.00193925,0.00193925,0.00193925,-0.00193925,-189.9135,-17.5810,-2.9038,-16.840148,-3.864898,-9.795325,16.46951059,44.11529537,1341.8771
6.310000,4393349.655278,4259726.606640,1796998.006471,-42.781820,-51.458313,247.325306,0.99288930,0.11734598,0.01085112,-0.01682307,-0.01114346,-0.03747330,0.00951629,11.1100,141.9417,1334.8136,0.00037332,0.00313202,0.748377,0.00157929,0.00229185,-0.00039994,-0.00111251,-0.00193925,0.00193925,0.00193925,-0.00193925,-189.4155,-17.1457,-2.9736,-16.799070,-3.824863,-9.801919,16.46953374,44.11529470,1341.9417
6.320000,4393349.227336,4259726.091875,1797000.478772,-42.806708,-51.494782,247.134941,0.99290253,0.11725598,0.01066330,-0.01678986,-0.02378464,-0.03622553,0.01203896,11.1100,142.0053,1337.3747,0.00036312,0.00307339,0.747873,0.00157929,0.00229185,-0.00039994,-0.00111251,-0.00096963,0.00193925,0.00193925,-0.00193925,-188.9198,-17.3612,-3.5758,-16.758212,-3.842607,-9.856610,16.46955688,44.11529403,1342.0053
6.330000,4393348.799139,4259725.576741,1797002.949170,-42.832777,-51.532013,246.944677,0.99291506,0.11717375,0.01046584,-0.01674695,-0.00839439,-0.04074820,0.01383052,11.1100,142.0679,1339.9341,0.00035407,0.00299601,0.747371,0.00157929,0.00229185,-0.00039994,-0.00111251,-0.00193925,0.00096963,0.00193925,-0.00193925,-188.4263,-16.7574,-2.1570,-16.717761,-3.786760,-9.729369,16.46958001,44.11529336,1342.0679
6.340000,4393348.370681,4259725.061236,1797005.417667,-42.858801,-51.568910,246.754952,0.99292329,0.11713076,0.01025180,-0.01669218,-0.00772811,-0.04194926,0.01761347,11.1100,142.1296,1342.4917,0.00033354,0.00289923,0.746870,0.00176897,0.00204346,-0.00058688,-0.00086137,-0.00096963,0.00096963,0.00193925,-0.00193925,-187.9350,-16.6898,-2.7092,-16.677847,-3.779935,-9.779357,16.46960312,44.11529268,1342.1296
6.350000,4393347.941959,4259724.545363,1797007.884270,-42.885814,-51.605639,246.565550,0.99293141,0.11709102,0.01003096,-0.01662204,-0.00711536,-0.04270151,0.02024219,11.1100,142.1904,1345.0477,0.00028284,0.00277486,0.746370,0.00176897,0.00204346,-0.00058688,-0.00086137,-0.00096963,0.00096963,0.00193925,-0.00193925,-187.4459,-15.7425,-2.3510,-16.638296,-3.694006,-9.747379,16.46962621,44.11529201,1342.1904
6.360000,4393347.512961,4259724.029124,1797010.348980,-42.913946,-51.642161,246.376457,0.99293932,0.11705426,0.00980635,-0.01654233,-0.00655180,-0.04297518,0.02158536,11.1100,142.2501,1347.6020,0.00022389,0.00262188,0.745872,0.00176897,0.00204346,-0.00058688,-0.00086137,-0.00096963,0.00096963,0.00193925,-0.00193925,-186.9590,-14.6028,-1.9315,-16.599037,-3.590812,-9.709880,16.46964929,44.11529134,1342.2501
6.370000,4393347.083676,4259723.512520,1797012.811800,-42.943236,-51.678459,246.187666,0.99294691,0.11702020,0.00958112,-0.01645927,-0.00603340,-0.04277762,0.02161382,11.1100,142.3089,1350.1546,0.00016153,0.00245309,0.745375,0.00176897,0.00204346,-0.00058688,-0.00086137,-0.00096963,0.00096963,0.00193925,-0.00193925,-186.4742,-13.3639,-1.4853,-16.559992,-3.478741,-9.669964,16.46967235,44.11529066,1342.3089
6.380000,4393346.654097,4259722.995556,1797015.272735,-42.972867,-51.714332,245.999359,0.99295017,0.11702243,0.00936403,-0.01637144,0.00780595,-0.03929917,0.02319151,11.1100,142.3667,1352.7055,0.00010056,0.00228175,0.744880,0.00192218,0.00168519,-0.00072533,-0.00048834,-0.00096963,0.00096963,0.00096963,-0.00193925,-185.9917,-12.7837,-1.7096,-16.520982,-3.426655,-9.690219,16.46969540,44.11528999,1342.3667
6.390000,4393346.224215,4259722.478239,1797017.731789,-43.003749,-51.748989,245.811542,0.99294930,0.11705736,0.00917145,-0.01628362,0.00718902,-0.03288928,0.02059655,11.1100,142.4236,1355.2548,0.00005731,0.00210433,0.744386,0.00192218,0.00168519,-0.00072533,-0.00048834,-0.00096963,0.00193925,0.00096963,-0.00193925,-185.5112,-10.8272,-2.0335,-16.481679,-3.251309,-9.719284,16.46971843,44.11528931,1342.4236
6.400000,4393345.794020,4259721.960578,1797020.188967,-43.035346,-51.783049,245.624176,0.99294819,0.11708970,0.00901163,-0.01620769,0.00662144,-0.02693587,0.01697249,11.1100,142.4794,1357.8023,0.00006232,0.00193888,0.743893,0.00192218,0.00168519,-0.00072533,-0.00048834,-0.00096963,0.00193925,0.00096963,-0.00193925,-185.0329,-9.6548,-2.0162,-16.441904,-3.146472,-9.717637,16.46974145,44.11528864,1342.4794
6.410000,4393345.363507,4259721.442577,1797022.644274,-43.067107,-51.817137,245.437221,0.99294303,0.11715299,0.00887327,-0.01614254,0.01938063,-0.02468650,0.01541903,11.1100,142.5343,1360.3483,0.00012908,0.00180843,0.743402,0.00192218,0.00168519,-0.00072533,-0.00048834,-0.00096963,0.00096963,0.00096963,-0.00193925,-184.5567,-9.4013,-1.7815,-16.401867,-3.124929,-9.696271,16.46976445,44.11528796,1342.5343
6.420000,4393344.932672,4259720.924240,1797025.097713,-43.099853,-51.850184,245.250758,0.99293681,0.11722164,0.00874380,-0.01609763,0.01131076,-0.02480142,0.00908544,11.1100,142.5883,1362.8925,0.00023739,0.00170455,0.742912,0.00241197,0.00162045,-0.00118608,-0.00039457,-0.00096963,0.00193925,0.00193925,-0.00193925,-184.0826,-7.3478,-2.5282,-16.361799,-2.941468,-9.763204,16.46978744,44.11528729,1342.5883
6.430000,4393344.501518,4259720.405575,1797027.549292,-43.130891,-51.882656,245.065156,0.99293093,0.11728467,0.00862066,-0.01606756,0.01253824,-0.02196970,0.00920538,11.1100,142.6412,1365.4351,0.00035738,0.00164842,0.742423,0.00241197,0.00162045,-0.00118608,-0.00039457,-0.00096963,0.00096963,0.00096963,-0.00193925,-183.6106,-8.3012,-3.3730,-16.321763,-3.028547,-9.839003,16.46981041,44.11528661,1342.6412
6.440000,4393344.070055,4259719.886590,1797029.999018,-43.161592,-51.914360,244.880215,0.99292555,0.11734282,0.00851110,-0.01603350,0.01155219,-0.01975359,0.00954767,11.1100,142.6932,1367.9761,0.00048058,0.00161890,0.741936,0.00241197,0.00162045,-0.00118608,-0.00039457,0.00000000,0.00096963,0.00096963,-0.00193925,-183.1407,-8.7342,-4.8703,-16.281659,-3.068682,-9.973541,16.46983337,44.11528593,1342.6932
6.450000,4393343.638287,4259719.367291,1797032.446899,-43.192040,-51.945218,244.695936,0.99292066,0.11739641,0.00840953,-0.01599740,0.01064451,-0.01873973,0.00962720,11.1100,142.7442,1370.5154,0.00062818,0.00158527,0.741450,0.00241197,0.00162045,-0.00118608,-0.00039457,0.00000000,0.00096963,0.00096963,-0.00193925,-182.6728,-8.4809,-5.8851,-16.241591,-3.046951,-10.064665,16.46985631,44.11528526,1342.7442
6.460000,4393343.206211,4259718.847691,1797034.892939,-43.223121,-51.974615,244.512293,0.99291603,0.11744559,0.00831169,-0.01597509,0.00980889,-0.01893959,0.00395134,11.1100,142.7943,1373.0530,0.00078853,0.00155050,0.740965,0.00279731,0.00185257,-0.00157061,-0.00062588,-0.00096963,0.00193925,0.00096963,-0.00193925,-182.2070,-6.9173,-6.9954,-16.201603,-2.907190,-10.164408,16.46987924,44.11528458,1342.7943
6.470000,4393342.773827,4259718.327797,1797037.337146,-43.253435,-52.004157,244.329186,0.99290771,0.11752349,0.00820494,-0.01597486,0.02217049,-0.02307771,0.00137934,11.1100,142.8434,1375.5890,0.00094928,0.00154930,0.740482,0.00279731,0.00185257,-0.00157061,-0.00062588,-0.00096963,0.00096963,0.00096963,-0.00193925,-181.7432,-7.5932,-7.4628,-16.161913,-2.969565,-10.206156,16.46990215,44.11528390,1342.8434
6.480000,4393342.341140,4259717.807608,1797039.779524,-43.283916,-52.033517,244.146521,0.99289624,0.11762664,0.00807049,-0.01599698,0.02043313,-0.03072692,-0.00349799,11.1100,142.8916,1378.1234,0.00108682,0.00158677,0.740000,0.00279731,0.00185257,-0.00157061,-0.00062588,-0.00096963,0.00096963,0.00193925,-0.00193925,-181.2814,-7.2139,-7.7964,-16.122884,-2.937441,-10.235749,16.46992505,44.11528323,1342.8916
6.490000,4393341.908147,4259717.287125,1797042.220077,-43.314521,-52.063225,243.964191,0.99288952,0.11768762,0.00789478,-0.01605321,0.00575018,-0.04122964,-0.01025752,11.1100,142.9389,1380.6562,0.00116461,0.00166289,0.739519,0.00279731,0.00185257,-0.00157061,-0.00062588,-0.00096963,0.00096963,0.00290888,-0.00193925,-180.8216,-7.1242,-7.7378,-16.084773,-2.930585,-10.230244,16.46994793,44.11528255,1342.9389
6.500000,4393341.474864,4259716.766344,1797044.658812,-43.342181,-52.093200,243.782749,0.99288723,0.11771096,0.00769125,-0.01612236,0.00530045,-0.04260893,-0.00743836,11.1100,142.9853,1383.1873,0.00115260,0.00179727,0.739040,0.00280426,0.00210405,-0.00157682,-0.00087660,0.00000000,0.00096963,0.00096963,-0.00193925,-180.3638,-10.0477,-9.6649,-16.047364,-3.194231,-10.403660,16.46997080,44.11528187,1342.9853
6.510000,4393341.041309,4259716.245259,1797047.095734,-43.368757,-52.123828,243.601786,0.99288162,0.11776517,0.00748616,-0.01616848,0.01792155,-0.04057145,-0.00105111,11.1100,143.0308,1385.7168,0.00107559,0.00194070,0.738562,0.00280426,0.00210405,-0.00157682,-0.00087660,0.00000000,0.00096963,0.00000000,-0.00193925,-179.9079,-11.6580,-9.7688,-16.010206,-3.340268,-10.412825,16.46999366,44.11528120,1343.0308
6.520000,4393340.607488,4259715.723865,1797049.530848,-43.395325,-52.154990,243.421136,0.99286927,0.11787991,0.00728740,-0.01618120,0.02953304,-0.03814073,0.00558802,11.1100,143.0753,1388.2447,0.00100171,0.00203278,0.738085,0.00280426,0.00210405,-0.00157682,-0.00087660,0.00000000,0.00096963,0.00000000,-0.00193925,-179.4541,-12.2326,-9.2227,-15.973160,-3.394256,-10.363191,16.47001650,44.11528052,1343.0753
6.530000,4393340.173401,4259715.202159,1797051.964158,-43.422147,-52.186344,243.240825,0.99285074,0.11805039,0.00709652,-0.01616025,0.04021515,-0.03551140,0.01199111,11.1100,143.1190,1390.7709,0.00095189,0.00205836,0.737609,0.00280426,0.00210405,-0.00157682,-0.00087660,0.00000000,0.00096963,0.00000000,-0.00193925,-179.0022,-12.3408,-8.8426,-15.936197,-3.407334,-10.328247,16.47003932,44.11527984,1343.1190
6.540000,4393339.739044,4259714.680139,1797054.395666,-43.449457,-52.217554,243.060883,0.99282648,0.11827218,0.00691434,-0.01610784,0.05004170,-0.03288212,0.01771405,11.1100,143.1618,1393.2956,0.00092852,0.00201898,0.737135,0.00285529,0.00182828,-0.00159313,-0.00056611,0.00000000,0.00096963,0.00000000,-0.00193925,-178.5522,-11.9994,-8.6458,-15.899298,-3.380934,-10.309559,16.47006213,44.11527916,1343.1618
6.550000,4393339.304410,4259714.157809,1797056.825377,-43.477445,-52.248315,242.881340,0.99279688,0.11854113,0.00674097,-0.01602831,0.05908066,-0.03044142,0.02238596,11.1100,143.2036,1395.8186,0.00093197,0.00192081,0.736662,0.00285529,0.00182828,-0.00159313,-0.00056611,0.00000000,0.00096963,0.00000000,-0.00193925,-178.1042,-11.2566,-8.6357,-15.862451,-3.319312,-10.307442,16.47008493,44.11527849,1343.2036
6.560000,4393338.869492,4259713.635175,1797059.253294,-43.506244,-52.278377,242.702224,0.99276227,0.11885343,0.00657582,-0.01592773,0.06739465,-0.02835484,0.02573161,11.1100,143.2445,1398.3401,0.00096071,0.00177390,0.736190,0.00285529,0.00182828,-0.00159313,-0.00056611,0.00000000,0.00096963,0.00000000,-0.00193925,-177.6581,-10.1867,-8.8020,-15.825655,-3.229077,-10.320999,16.47010771,44.11527781,1343.2445
6.570000,4393338.434282,4259713.112245,1797061.679423,-43.535929,-52.307555,242.523560,0.99272292,0.11920554,0.00641768,-0.01581336,0.07504140,-0.02675441,0.02758568,11.1100,143.2846,1400.8599,0.00101147,0.00159123,0.735720,0.00285529,0.00182828,-0.00159313,-0.00056611,0.00000000,0.00096963,0.00000000,-0.00193925,-177.2139,-8.8832,-9.1226,-15.788917,-3.118577,-10.348253,16.47013047,44.11527713,1343.2846
6.580000,4393337.998771,4259712.589027,1797064.103767,-43.566509,-52.335741,242.345367,0.99267906,0.11959418,0.00626485,-0.01569306,0.08207410,-0.02573100,0.02789837,11.1100,143.3237,1403.3782,0.00107959,0.00138768,0.735250,0.00371697,0.00156439,-0.00237307,-0.00022049,0.00000000,0.00096963,0.00000000,-0.00193925,-176.7716,-7.4510,-9.5656,-15.752252,-2.997193,-10.386344,16.47015323,44.11527645,1343.3237
6.590000,4393337.562949,4259712.065533,1797066.526332,-43.597934,-52.362906,242.167659,0.99263091,0.12001632,0.00611530,-0.01557471,0.08854177,-0.02532999,0.02673242,11.1100,143.3619,1405.8948,0.00115939,0.00117882,0.734782,0.00371697,0.00156439,-0.00237307,-0.00022049,0.00000000,0.00096963,0.00000000,-0.00193925,-176.3312,-5.9984,-10.0920,-15.715681,-2.874611,-10.431779,16.47017596,44.11527577,1343.3619
6.600000,4393337.126809,4259711.541772,1797068.947122,-43.630100,-52.389097,241.990442,0.99257866,0.12046918,0.00596680,-0.01546562,0.09448954,-0.02555035,0.02425226,11.1100,143.3993,1408.4099,0.00124464,0.00097977,0.734316,0.00371697,0.00156439,-0.00237307,-0.00022049,0.00000000,0.00096963,0.00000000,-0.00193925,-175.8928,-4.6290,-10.6590,-15.679230,-2.760104,-10.480711,16.47019869,44.11527509,1343.3993
6.610000,4393336.690345,4259711.017754,1797071.366142,-43.662860,-52.414434,241.813713,0.99252250,0.12095019,0.00581715,-0.01537209,0.09995888,-0.02634707,0.02070660,11.1100,143.4357,1410.9234,0.00132903,0.00080414,0.733850,0.00371697,0.00156439,-0.00237307,-0.00022049,0.00000000,0.00096963,0.00000000,-0.00193925,-175.4562,-3.4347,-11.2229,-15.642927,-2.661898,-10.529229,16.47022140,44.11527442,1343.4357
6.620000,4393336.253555,4259710.493487,1797073.783399,-43.695299,-52.438892,241.637640,0.99246661,0.12142504,0.00567077,-0.01529121,0.09222281,-0.02490877,0.01907579,11.1100,143.4712,1413.4353,0.00140662,0.00066319,0.733386,0.00419895,0.00148982,-0.00277415,-0.00006502,0.00096963,0.00096963,0.00000000,-0.00193925,-175.0214,-3.1236,-12.3764,-15.606701,-2.643058,-10.630826,16.47024409,44.11527374,1343.4712
6.630000,4393335.816438,4259709.968978,1797076.198897,-43.728056,-52.462680,241.462063,0.99241482,0.12186303,0.00553176,-0.01521932,0.08509156,-0.02410089,0.01675459,11.1100,143.5059,1415.9456,0.00148371,0.00054939,0.732923,0.00419895,0.00148982,-0.00277415,-0.00006502,0.00096963,0.00096963,0.00000000,-0.00193925,-174.5885,-2.3523,-12.8733,-15.570487,-2.582079,-10.673493,16.47026677,44.11527306,1343.5059
6.640000,4393335.378989,4259709.444234,1797078.612641,-43.761711,-52.486051,241.286819,0.99236278,0.12229881,0.00539075,-0.01516746,0.09123643,-0.02666783,0.01128506,11.1100,143.5396,1418.4544,0.00157047,0.00045830,0.732461,0.00419895,0.00148982,-0.00277415,-0.00006502,0.00000000,0.00096963,0.00000000,-0.00193925,-174.1574,-1.1124,-12.8081,-15.534431,-2.478882,-10.665570,16.47028944,44.11527238,1343.5396
6.650000,4393334.941209,4259708.919260,1797081.024636,-43.794172,-52.508822,241.112325,0.99230406,0.12278466,0.00524654,-0.01513476,0.10315833,-0.02552681,0.00984453,11.1100,143.5725,1420.9616,0.00164877,0.00041084,0.732001,0.00419895,0.00148982,-0.00277415,-0.00006502,0.00000000,0.00096963,-0.00096963,-0.00193925,-173.7282,-1.4584,-13.9714,-15.498542,-2.519387,-10.767973,16.47031209,44.11527171,1343.5725
6.660000,4393334.503107,4259708.394059,1797083.434889,-43.826146,-52.531189,240.938409,0.99224054,0.12330638,0.00511102,-0.01510393,0.10787545,-0.02356672,0.00971203,11.1100,143.6045,1423.4672,0.00171279,0.00039807,0.731541,0.00446248,0.00149522,-0.00299783,-0.00003058,0.00096963,0.00096963,-0.00096963,-0.00193925,-173.3007,-2.0091,-15.0057,-15.462632,-2.579005,-10.858575,16.47033473,44.11527103,1343.6045
6.670000,4393334.064687,4259707.868637,1797085.843406,-43.857953,-52.553170,240.765007,0.99217387,0.12385064,0.00498335,-0.01507297,0.11221329,-0.02227731,0.00953811,11.1100,143.6357,1425.9713,0.00179211,0.00039064,0.731083,0.00446248,0.00149522,-0.00299783,-0.00003058,0.00096963,0.00096963,-0.00096963,-0.00193925,-172.8751,-1.9566,-15.5065,-15.426726,-2.584746,-10.901039,16.47035735,44.11527036,1343.6357
6.680000,4393333.625949,4259707.342997,1797088.250191,-43.889547,-52.574718,240.592137,0.99210426,0.12441556,0.00486008,-0.01504246,0.11620180,-0.02171502,0.00934222,11.1100,143.6659,1428.4738,0.00188589,0.00038556,0.730626,0.00446248,0.00149522,-0.00299783,-0.00003058,0.00096963,0.00096963,-0.00096963,-0.00193925,-172.4512,-1.9204,-16.1090,-15.390888,-2.592353,-10.952542,16.47037996,44.11526968,1343.6659
6.690000,4393333.186897,4259706.817144,1797090.655250,-43.920904,-52.595821,240.419804,0.99203191,0.12499942,0.00473762,-0.01501290,0.11986848,-0.02188230,0.00914462,11.1100,143.6954,1430.9748,0.00198682,0.00038310,0.730170,0.00446248,0.00149522,-0.00299783,-0.00003058,0.00096963,0.00096963,-0.00096963,-0.00193925,-172.0292,-1.9024,-16.7635,-15.355187,-2.601950,-11.008622,16.47040256,44.11526901,1343.6954
6.700000,4393332.747535,4259706.291083,1797093.058590,-43.951298,-52.616301,240.248177,0.99196106,0.12556914,0.00461884,-0.01497708,0.11065343,-0.02003999,0.01159718,11.1100,143.7239,1433.4742,0.00208747,0.00038335,0.729716,0.00502229,0.00158651,-0.00346683,-0.00003105,0.00193925,0.00096963,-0.00096963,-0.00193925,-171.6089,-2.5272,-18.0441,-15.319593,-2.669142,-11.121108,16.47042514,44.11526833,1343.7239
6.710000,4393332.307871,4259705.764820,1797095.460216,-43.981566,-52.636215,240.077090,0.99189559,0.12609506,0.00450636,-0.01492852,0.10215373,-0.01902936,0.01380899,11.1100,143.7517,1435.9721,0.00219214,0.00037063,0.729262,0.00502229,0.00158651,-0.00346683,-0.00003105,0.00193925,0.00096963,-0.00096963,-0.00193925,-171.1903,-2.4190,-18.7092,-15.284078,-2.669509,-11.178395,16.47044771,44.11526766,1343.7517
6.720000,4393331.867904,4259705.238361,1797097.860133,-44.011788,-52.655462,239.906549,0.99183514,0.12658055,0.00439607,-0.01486932,0.09431328,-0.01887965,0.01564299,11.1100,143.7786,1438.4685,0.00230876,0.00033552,0.728810,0.00502229,0.00158651,-0.00346683,-0.00003105,0.00193925,0.00096963,-0.00096963,-0.00193925,-170.7735,-2.1617,-19.4591,-15.248716,-2.655685,-11.243510,16.47047026,44.11526699,1343.7786
6.730000,4393331.427635,4259704.711713,1797100.258348,-44.042045,-52.673995,239.736549,0.99177934,0.12702866,0.00428400,-0.01480219,0.08708045,-0.01955875,0.01699520,11.1100,143.8047,1440.9633,0.00242866,0.00028159,0.728359,0.00502229,0.00158651,-0.00346683,-0.00003105,0.00193925,0.00096963,-0.00096963,-0.00193925,-170.3584,-1.7812,-20.2352,-15.213576,-2.630052,-11.311155,16.47049280,44.11526632,1343.8047
6.740000,4393330.987064,4259704.184880,1797102.654866,-44.072254,-52.692563,239.566940,0.99173202,0.12741076,0.00415944,-0.01472437,0.06790925,-0.02364981,0.02041671,11.1100,143.8299,1443.4566,0.00254334,0.00021351,0.727909,0.00536597,0.00164336,-0.00380724,-0.00008463,0.00193925,0.00096963,-0.00096963,-0.00096963,-169.9450,-1.9303,-20.3599,-15.178880,-2.650830,-11.320494,16.47051533,44.11526565,1343.8299
6.750000,4393330.546189,4259703.657864,1797105.049689,-44.102896,-52.710373,239.397806,0.99169659,0.12770127,0.00401299,-0.01463396,0.04807175,-0.02765223,0.02254962,11.1100,143.8544,1445.9483,0.00263394,0.00012119,0.727461,0.00536597,0.00164336,-0.00380724,-0.00008463,0.00193925,0.00096963,-0.00096963,-0.00096963,-169.5334,-1.2815,-20.9671,-15.144821,-2.598040,-11.373718,16.47053784,44.11526498,1343.8544
6.760000,4393330.105003,4259703.130677,1797107.442823,-44.134282,-52.727098,239.229161,0.99167736,0.12786580,0.00385471,-0.01454307,0.01948509,-0.02951547,0.02156950,11.1100,143.8780,1448.4385,0.00267976,0.00000160,0.727013,0.00536597,0.00164336,-0.00380724,-0.00008463,0.00193925,0.00193925,-0.00096963,-0.00096963,-169.1234,0.1567,-21.8894,-15.111183,-2.471791,-11.455926,16.47056034,44.11526431,1343.8780
6.770000,4393329.663505,4259702.603324,1797109.834274,-44.165525,-52.743314,239.061041,0.99166354,0.12798787,0.00369444,-0.01445259,0.03042798,-0.02872021,0.02244414,11.1100,143.9009,1450.9272,0.00269611,-0.00011712,0.726567,0.00536597,0.00164336,-0.00380724,-0.00008463,0.00193925,0.00096963,-0.00193925,-0.00193925,-168.7152,0.3276,-22.5953,-15.077747,-2.458802,-11.518879,16.47058282,44.11526364,1343.9009
6.780000,4393329.221692,4259702.075808,1797112.224045,-44.197221,-52.759914,238.893139,0.99163905,0.12819322,0.00352889,-0.01435405,0.05292482,-0.03068378,0.02507295,11.1100,143.9229,1453.4144,0.00270495,-0.00023487,0.726121,0.00570894,0.00127931,-0.00424502,0.00018461,0.00193925,0.00000000,-0.00193925,-0.00193925,-168.3086,0.5056,-21.9974,-15.044563,-2.446768,-11.464057,16.47060530,44.11526297,1343.9229
6.790000,4393328.779553,4259701.548130,1797114.612138,-44.230578,-52.775620,238.725510,0.99160060,0.12850552,0.00335255,-0.01425969,0.07366298,-0.03255882,0.02145397,11.1100,143.9442,1455.9001,0.00271021,-0.00036887,0.725677,0.00570894,0.00127931,-0.00424502,0.00018461,0.00096963,0.00096963,-0.00193925,-0.00193925,-167.9037,2.6488,-22.0129,-15.011701,-2.259892,-11.463898,16.47062775,44.11526231,1343.9442
6.800000,4393328.337085,4259701.020298,1797116.998558,-44.263098,-52.790803,238.558533,0.99155715,0.12885445,0.00318093,-0.01417143,0.06804643,-0.02894049,0.02242668,11.1100,143.9646,1458.3843,0.00269663,-0.00048931,0.725234,0.00570894,0.00127931,-0.00424502,0.00018461,0.00290888,0.00096963,-0.00193925,-0.00193925,-167.5005,2.1939,-23.1291,-14.978874,-2.307565,-11.562634,16.47065020,44.11526164,1343.9646
6.810000,4393327.894289,4259700.492315,1797119.383309,-44.296213,-52.805693,238.391891,0.99151701,0.12917687,0.00302694,-0.01407793,0.06286240,-0.02549044,0.02260386,11.1100,143.9842,1460.8669,0.00268821,-0.00059792,0.724792,0.00570894,0.00127931,-0.00424502,0.00018461,0.00290888,0.00096963,-0.00193925,-0.00193925,-167.0989,2.9213,-23.0103,-14.945874,-2.248316,-11.550323,16.47067263,44.11526098,1343.9842
6.820000,4393327.451160,4259699.964185,1797121.766397,-44.329812,-52.820131,238.225637,0.99147990,0.12947479,0.00288965,-0.01398329,0.05807718,-0.02243861,0.02201599,11.1100,144.0030,1463.3481,0.00271549,-0.00070949,0.724352,0.00604380,0.00107729,-0.00447323,0.00049327,0.00290888,0.00096963,-0.00193925,-0.00193925,-166.6990,3.6601,-23.1303,-14.912709,-2.187553,-11.559632,16.47069504,44.11526031,1344.0030
6.830000,4393327.007692,4259699.435914,1797124.147824,-44.363763,-52.834005,238.059817,0.99144555,0.12975009,0.00276702,-0.01389144,0.05365977,-0.01997527,0.02074416,11.1100,144.0211,1465.8277,0.00277480,-0.00081620,0.723912,0.00604380,0.00107729,-0.00447323,0.00049327,0.00290888,0.00096963,-0.00193925,-0.00193925,-166.3007,4.3589,-23.4655,-14.879406,-2.129963,-11.588413,16.47071745,44.11525965,1344.0211
6.840000,4393326.563884,4259698.907507,1797126.527595,-44.397918,-52.847248,237.894471,0.99141373,0.13000445,0.00265615,-0.01380592,0.04958158,-0.01824017,0.01891165,11.1100,144.0383,1468.3059,0.00286045,-0.00091098,0.723474,0.00604380,0.00107729,-0.00447323,0.00049327,0.00290888,0.00096963,-0.00193925,-0.00193925,-165.9041,4.9715,-23.9786,-14.846010,-2.079724,-11.633311,16.47073984,44.11525899,1344.0383
6.850000,4393326.119733,4259698.378971,1797128.905715,-44.432130,-52.859849,237.729628,0.99138422,0.13023943,0.00255350,-0.01372963,0.04581630,-0.01731580,0.01667326,11.1100,144.0548,1470.7826,0.00296525,-0.00098796,0.723036,0.00604380,0.00107729,-0.00447323,0.00049327,0.00290888,0.00096963,-0.00193925,-0.00193925,-165.5091,5.4603,-24.6222,-14.812583,-2.040254,-11.690057,16.47076221,44.11525833,1344.0548
6.860000,4393325.675241,4259697.850312,1797131.282189,-44.466258,-52.871845,237.565304,0.99135683,0.13045648,0.00245516,-0.01366471,0.04233970,-0.01722492,0.01420298,11.1100,144.0704,1473.2578,0.00308109,-0.00104278,0.722600,0.00670066,0.00138696,-0.00513880,0.00017490,0.00290888,0.00096963,-0.00193925,-0.00193925,-165.1156,5.7982,-25.3428,-14.779192,-2.014020,-11.753815,16.47078458,44.11525767,1344.0704
6.870000,4393325.230412,4259697.321537,1797133.657023,-44.499474,-52.883114,237.401679,0.99132742,0.13068769,0.00236240,-0.01360519,0.05135024,-0.01531904,0.01424197,11.1100,144.0853,1475.7315,0.00319950,-0.00107281,0.722165,0.00670066,0.00138696,-0.00513880,0.00017490,0.00290888,0.00096963,-0.00290888,-0.00193925,-164.7238,5.3636,-26.6905,-14.745819,-2.057582,-11.873945,16.47080692,44.11525702,1344.0853
6.880000,4393324.785253,4259696.792651,1797136.030224,-44.532375,-52.894148,237.238533,0.99129090,0.13097236,0.00227356,-0.01354311,0.06583589,-0.01567708,0.01545204,11.1100,144.0994,1478.2037,0.00332330,-0.00109202,0.721731,0.00670066,0.00138696,-0.00513880,0.00017490,0.00290888,0.00096963,-0.00290888,-0.00193925,-164.3335,5.4829,-27.4510,-14.712505,-2.052311,-11.940941,16.47082926,44.11525636,1344.0994
6.890000,4393324.339769,4259696.263656,1797138.401797,-44.564422,-52.904471,237.076068,0.99124677,0.13131554,0.00218007,-0.01346531,0.06881378,-0.01468396,0.01937099,11.1100,144.1127,1480.6744,0.00345551,-0.00111532,0.721298,0.00670066,0.00138696,-0.00513880,0.00017490,0.00387851,0.00000000,-0.00290888,-0.00193925,-163.9449,4.4292,-28.2811,-14.679450,-2.153743,-12.013907,16.47085158,44.11525571,1344.1127
6.900000,4393323.893967,4259695.734566,1797140.771748,-44.595963,-52.913362,236.914378,0.99120083,0.13167311,0.00209973,-0.01336745,0.07576887,-0.01026203,0.02354890,11.1100,144.1253,1483.1437,0.00357982,-0.00117188,0.720866,0.00733784,0.00180769,-0.00573247,-0.00020231,0.00387851,0.00096963,-0.00387851,-0.00193925,-163.5578,4.8236,-30.2531,-14.646328,-2.125106,-12.189563,16.47087389,44.11525506,1344.1253
6.910000,4393323.447849,4259695.205392,1797143.140086,-44.627670,-52.921215,236.753246,0.99115055,0.13206406,0.00203534,-0.01324849,0.08218272,-0.00709893,0.02686965,11.1100,144.1371,1485.6115,0.00372952,-0.00126313,0.720435,0.00733784,0.00180769,-0.00573247,-0.00020231,0.00387851,0.00096963,-0.00387851,-0.00193925,-163.1722,5.4461,-31.1561,-14.613082,-2.076559,-12.268826,16.47089619,44.11525440,1344.1371
6.920000,4393323.001410,4259694.676145,1797145.506814,-44.660300,-52.928010,236.592533,0.99110018,0.13245518,0.00197568,-0.01312116,0.07597528,-0.00793907,0.02662098,11.1100,144.1482,1488.0779,0.00391392,-0.00138868,0.720006,0.00733784,0.00180769,-0.00573247,-0.00020231,0.00387851,0.00096963,-0.00290888,-0.00193925,-162.7881,6.8863,-31.6919,-14.579906,-1.954426,-12.315023,16.47091847,44.11525375,1344.1482
6.930000,4393322.554643,4259694.146836,1797147.871939,-44.693113,-52.933614,236.432405,0.99105356,0.13281660,0.00190958,-0.01299820,0.07024094,-0.01001408,0.02549467,11.1100,144.1586,1490.5427,0.00410798,-0.00152373,0.719577,0.00733784,0.00180769,-0.00573247,-0.00020231,0.00387851,0.00096963,-0.00290888,-0.00193925,-162.4056,7.7580,-32.9187,-14.546990,-1.882894,-12.423576,16.47094074,44.11525311,1344.1586
6.940000,4393322.107547,4259693.617476,1797150.235464,-44.726098,-52.938185,236.272828,0.99101038,0.13315050,0.00183190,-0.01288442,0.06494335,-0.01312354,0.02361255,11.1100,144.1683,1493.0061,0.00428324,-0.00164856,0.719149,0.00814684,0.00214543,-0.00647659,-0.00047517,0.00387851,0.00096963,-0.00290888,-0.00193925,-162.0246,8.5540,-34.0282,-14.514420,-1.817645,-12.521703,16.47096300,44.11525246,1344.1683
6.950000,4393321.660120,4259693.088075,1797152.597397,-44.759237,-52.941951,236.113756,0.99097037,0.13345889,0.00173857,-0.01278381,0.06004901,-0.01700796,0.02114003,11.1100,144.1772,1495.4681,0.00442882,-0.00175539,0.718723,0.00814684,0.00214543,-0.00647659,-0.00047517,0.00387851,0.00096963,-0.00290888,-0.00193925,-161.6451,9.2247,-34.9485,-14.482262,-1.763190,-12.602931,16.47098524,44.11525182,1344.1772
6.960000,4393321.212362,4259692.558639,1797154.957741,-44.792505,-52.945186,235.955134,0.99093325,0.13374367,0.00162677,-0.01269924,0.05552701,-0.02136938,0.01827270,11.1100,144.1854,1497.9286,0.00453639,-0.00183799,0.718297,0.00814684,0.00214543,-0.00647659,-0.00047517,0.00387851,0.00096963,-0.00290888,-0.00193925,-161.2671,9.7315,-35.6243,-14.450563,-1.723045,-12.662279,16.47100747,44.11525117,1344.1854
6.970000,4393320.764270,4259692.029172,1797157.316501,-44.825877,-52.948189,235.796899,0.99089880,0.13400658,0.00149511,-0.01263236,0.05134883,-0.02589340,0.01522183,11.1100,144.1930,1500.3877,0.00460060,-0.00189209,0.717873,0.00814684,0.00214543,-0.00647659,-0.00047517,0.00387851,0.00096963,-0.00290888,-0.00193925,-160.8906,10.0486,-36.0198,-14.419345,-1.699552,-12.696506,16.47102969,44.11525053,1344.1930
6.980000,4393320.315847,4259691.499676,1797159.673681,-44.858636,-52.951066,235.639167,0.99087094,0.13421924,0.00134951,-0.01257639,0.03548469,-0.02770670,0.01471011,11.1100,144.1998,1502.8453,0.00461925,-0.00191553,0.717449,0.00832268,0.00220747,-0.00666683,-0.00055162,0.00484814,0.00096963,-0.00290888,-0.00193925,-160.5156,9.5696,-36.7147,-14.388517,-1.746767,-12.757937,16.47105189,44.11524989,1344.1998
6.990000,4393319.867097,4259690.970150,1797162.029285,-44.891530,-52.954130,235.481725,0.99085323,0.13435622,0.00119670,-0.01252407,0.02083613,-0.02931414,0.01417206,11.1100,144.2060,1505.3015,0.00460395,-0.00192329,0.717027,0.00832268,0.00220747,-0.00666683,-0.00055162,0.00484814,0.00096963,-0.00290888,-0.00193925,-160.1421,9.6029,-36.5736,-14.357972,-1.746425,-12.744526,16.47107408,44.11524926,1344.2060
7.000000,4393319.418023,4259690.440594,1797164.383318,-44.923203,-52.957065,235.324901,0.99083691,0.13448358,0.00104821,-0.01246110,0.03123411,-0.02550553,0.01865518,11.1100,144.2114,1507.7562,0.00457198,-0.00192620,0.716606,0.00832268,0.00220747,-0.00666683,-0.00055162,0.00484814,0.00096963,-0.00484814,-0.00193925,-159.7701,8.4188,-37.5094,-14.327508,-1.855478,-12.828089,16.47109626,44.11524862,1344.2114
7.010000,4393318.968631,4259689.911009,1797166.735784,-44.955211,-52.959987,235.168369,0.99082222,0.13460076,0.00091577,-0.01237434,0.01694953,-0.02176969,0.02269530,11.1100,144.2162,1510.2095,0.00454789,-0.00195308,0.716185,0.00832268,0.00220747,-0.00666683,-0.00055162,0.00581776,0.00096963,-0.00387851,-0.00193925,-159.3996,8.6137,-37.2699,-14.296931,-1.840203,-12.805919,16.47111842,44.11524799,1344.2162
7.020000,4393318.518920,4259689.381400,1797169.086688,-44.987117,-52.961706,235.012472,0.99081694,0.13465030,0.00081222,-0.01226498,0.00375703,-0.01325917,0.02604350,11.1100,144.2203,1512.6614,0.00456225,-0.00202153,0.715766,0.00864672,0.00240412,-0.00703061,-0.00078801,0.00581776,0.00193925,-0.00484814,-0.00193925,-159.0305,9.0732,-38.4614,-14.266001,-1.799822,-12.912911,16.47114058,44.11524736,1344.2203
7.030000,4393318.068889,4259688.851774,1797171.436034,-45.019216,-52.963397,234.856892,0.99081634,0.13466732,0.00073987,-0.01213031,0.00347559,-0.00826534,0.03100612,11.1100,144.2237,1515.1118,0.00463325,-0.00212552,0.715348,0.00864672,0.00240412,-0.00703061,-0.00078801,0.00581776,0.00096963,-0.00484814,-0.00193925,-158.6629,9.1654,-38.2098,-14.234670,-1.791869,-12.890173,16.47116271,44.11524673,1344.2237
7.040000,4393317.618534,4259688.322136,1797173.783827,-45.051770,-52.963964,234.701814,0.99081615,0.13468327,0.00068646,-0.01197105,0.00321545,-0.00447333,0.03473041,11.1100,144.2264,1517.5608,0.00477214,-0.00227077,0.714931,0.00864672,0.00240412,-0.00703061,-0.00078801,0.00581776,0.00096963,-0.00484814,-0.00193925,-158.2967,10.1238,-39.0103,-14.203165,-1.705933,-12.962138,16.47118484,44.11524610,1344.2264
7.050000,4393317.167852,4259687.792499,1797176.130072,-45.084831,-52.963154,234.547281,0.99081626,0.13469819,0.00064641,-0.01179471,0.00297496,-0.00207483,0.03703416,11.1100,144.2285,1520.0084,0.00495192,-0.00245566,0.714515,0.00864672,0.00240412,-0.00703061,-0.00078801,0.00581776,0.00096963,-0.00484814,-0.00193925,-157.9319,11.3251,-40.0798,-14.171574,-1.598104,-13.058330,16.47120695,44.11524548,1344.2285
7.060000,4393316.716836,4259687.262878,1797178.474775,-45.118420,-52.960824,234.393318,0.99081659,0.13471205,0.00061356,-0.01160954,0.00275264,-0.00115973,0.03783774,11.1100,144.2299,1522.4546,0.00515872,-0.00266609,0.714099,0.00981028,0.00258269,-0.00825087,-0.00102328,0.00581776,0.00096963,-0.00484814,-0.00193925,-157.5686,12.6766,-41.3297,-14.139992,-1.476733,-13.170758,16.47122905,44.11524486,1344.2299
7.070000,4393316.265482,4259686.733288,1797180.817941,-45.152523,-52.956946,234.239930,0.99081702,0.13472486,0.00058154,-0.01142397,0.00254707,-0.00171563,0.03716392,11.1100,144.2306,1524.8994,0.00537760,-0.00288701,0.713685,0.00981028,0.00258269,-0.00825087,-0.00102328,0.00581776,0.00096963,-0.00484814,-0.00193925,-157.2066,14.0807,-42.6640,-14.108520,-1.350616,-13.290790,16.47125114,44.11524423,1344.2306
7.080000,4393315.813784,4259686.203744,1797183.159575,-45.187097,-52.951604,234.087105,0.99081748,0.13473661,0.00054426,-0.01124600,0.00235697,-0.00363413,0.03513089,11.1100,144.2307,1527.3427,0.00559354,-0.00310342,0.713272,0.00981028,0.00258269,-0.00825087,-0.00102328,0.00581776,0.00096963,-0.00484814,-0.00193925,-156.8460,15.4413,-43.9864,-14.077254,-1.228391,-13.409755,16.47127322,44.11524362,1344.2307
7.090000,4393315.361738,4259685.674260,1797185.499685,-45.222073,-52.944978,233.934816,0.99081789,0.13474731,0.00049627,-0.01108278,0.00218116,-0.00672310,0.03193947,11.1100,144.2302,1529.7847,0.00579253,-0.00330139,0.712860,0.00981028,0.00258269,-0.00825087,-0.00102328,0.00581776,0.00096963,-0.00484814,-0.00193925,-156.4867,16.6703,-45.2064,-14.046280,-1.117986,-13.519515,16.47129528,44.11524300,1344.2302
7.100000,4393314.909341,4259685.144848,1797187.838273,-45.257363,-52.937331,233.783024,0.99081819,0.13475695,0.00043308,-0.01094009,0.00201855,-0.01072375,0.02785566,11.1100,144.2290,1532.2252,0.00596232,-0.00346888,0.712448,0.01060737,0.00267680,-0.00904083,-0.00111026,0.00581776,0.00096963,-0.00484814,-0.00193925,-156.1288,17.6931,-46.2452,-14.015670,-1.026133,-13.612968,16.47131733,44.11524239,1344.2290
7.110000,4393314.456590,4259684.615516,1797190.175347,-45.292864,-52.928988,233.631676,0.99081835,0.13476557,0.00035140,-0.01082213,0.00186816,-0.01533107,0.02318984,11.1100,144.2272,1534.6643,0.00609323,-0.00359643,0.712038,0.01060737,0.00267680,-0.00904083,-0.00111026,0.00581776,0.00096963,-0.00484814,-0.00193925,-155.7723,18.4521,-47.0400,-13.985476,-0.958003,-13.684461,16.47133937,44.11524178,1344.2272
7.120000,4393314.003484,4259684.086269,1797192.510908,-45.328235,-52.920251,233.480775,0.99081833,0.13477321,0.00024933,-0.01073126,-0.00233457,-0.01936371,0.01911437,11.1100,144.2248,1537.1021,0.00617860,-0.00367766,0.711628,0.01060737,0.00267680,-0.00904083,-0.00111026,0.00581776,0.00096963,-0.00484814,-0.00193925,-155.4171,18.9101,-47.5473,-13.955730,-0.916947,-13.730077,16.47136139,44.11524117,1344.2248
7.130000,4393313.550030,4259683.557112,1797194.844964,-45.362515,-52.911184,233.330495,0.99082893,0.13470188,0.00014164,-0.01064936,-0.02560496,-0.01923772,0.01912837,11.1100,144.2218,1539.5384,0.00621435,-0.00371024,0.711220,0.01060737,0.00267680,-0.00904083,-0.00111026,0.00775702,0.00096963,-0.00484814,-0.00193925,-155.0633,17.9016,-48.8943,-13.926209,-1.006385,-13.851698,16.47138340,44.11524057,1344.2218
7.140000,4393313.096239,4259683.028051,1797197.177522,-45.395705,-52.901025,233.181001,0.99085064,0.13454927,0.00005310,-0.01055899,-0.03540555,-0.01173097,0.02145144,11.1100,144.2181,1541.9734,0.00623052,-0.00373086,0.710812,0.01071571,0.00295370,-0.00917651,-0.00141450,0.00775702,0.00193925,-0.00678739,-0.00193925,-154.7109,17.4291,-50.6623,-13.896477,-1.046024,-14.011639,16.47140540,44.11523996,1344.2181
7.150000,4393312.642116,4259682.499093,1797199.508586,-45.428949,-52.890505,233.031907,0.99087876,0.13435036,-0.00000088,-0.01045314,-0.04446135,-0.00497345,0.02341288,11.1100,144.2139,1544.4069,0.00627807,-0.00376591,0.710406,0.01071571,0.00295370,-0.00917651,-0.00141450,0.00775702,0.00193925,-0.00678739,-0.00193925,-154.3598,17.6445,-50.8355,-13.866245,-1.022859,-14.028282,16.47142739,44.11523937,1344.2139
7.160000,4393312.187660,4259681.970243,1797201.838161,-45.462156,-52.879270,232.883302,0.99091275,0.13410862,-0.00002479,-0.01033453,-0.05282923,0.00063364,0.02489996,11.1100,144.2091,1546.8391,0.00639564,-0.00382212,0.710000,0.01071571,0.00295370,-0.00917651,-0.00141450,0.00775702,0.00193925,-0.00678739,-0.00193925,-154.0101,17.9905,-51.4565,-13.835590,-0.987106,-14.085448,16.47144936,44.11523877,1344.2091
7.170000,4393311.732873,4259681.441511,1797204.166254,-45.495243,-52.867037,232.735261,0.99095211,0.13382725,-0.00002482,-0.01020661,-0.06056158,0.00478437,0.02583552,11.1100,144.2037,1549.2699,0.00657218,-0.00389491,0.709596,0.01071571,0.00295370,-0.00917651,-0.00141450,0.00775702,0.00193925,-0.00678739,-0.00193925,-153.6616,18.4369,-52.4564,-13.804622,-0.941562,-14.176925,16.47147132,44.11523818,1344.2037
7.180000,4393311.277757,4259680.912903,1797206.492868,-45.527978,-52.854296,232.587718,0.99099251,0.13353834,-0.00001570,-0.01006801,-0.05607526,0.00480063,0.02861422,11.1100,144.1978,1551.6993,0.00679337,-0.00397886,0.709192,0.01137282,0.00343885,-0.00994723,-0.00201326,0.00775702,0.00096963,-0.00678739,-0.00193925,-153.3145,18.3730,-53.1699,-13.773620,-0.941802,-14.242668,16.47149327,44.11523759,1344.1978
7.190000,4393310.822314,4259680.384429,1797208.818010,-45.560656,-52.840271,232.440784,0.99103004,0.13327076,-0.00001213,-0.00991813,-0.05192413,0.00329517,0.03057519,11.1100,144.1912,1554.1274,0.00703260,-0.00408195,0.708789,0.01137282,0.00343885,-0.00994723,-0.00201326,0.00775702,0.00096963,-0.00678739,-0.00193925,-152.9686,19.0179,-54.5994,-13.742866,-0.878655,-14.372732,16.47151521,44.11523700,1344.1912
7.200000,4393310.366547,4259679.856102,1797211.141686,-45.592736,-52.824812,232.294595,0.99106886,0.13299380,-0.00001500,-0.00975531,-0.05968040,0.00291061,0.03405770,11.1100,144.1842,1556.5540,0.00725948,-0.00420621,0.708387,0.01137282,0.00343885,-0.00994723,-0.00201326,0.00872665,0.00096963,-0.00678739,-0.00193925,-152.6241,19.2146,-56.5317,-13.712386,-0.855668,-14.548102,16.47153713,44.11523642,1344.1842
7.210000,4393309.910458,4259679.327937,1797213.463904,-45.625078,-52.808071,232.148949,0.99111266,0.13267982,-0.00002467,-0.00957875,-0.06684904,0.00121124,0.03637796,11.1100,144.1766,1558.9793,0.00747005,-0.00435727,0.707987,0.01137282,0.00343885,-0.00994723,-0.00201326,0.00872665,0.00096963,-0.00678739,-0.00193925,-152.2808,20.1629,-57.7752,-13.682191,-0.764327,-14.661664,16.47155904,44.11523583,1344.1766
7.220000,4393309.454047,4259678.799950,1797215.784669,-45.657311,-52.789219,232.004096,0.99116098,0.13233166,-0.00003413,-0.00939366,-0.07347427,0.00330547,0.03743986,11.1100,144.1684,1561.4033,0.00766545,-0.00453453,0.707586,0.01237041,0.00352915,-0.01097708,-0.00213581,0.00872665,0.00193925,-0.00775702,-0.00193925,-151.9387,21.2645,-60.0730,-13.652132,-0.658525,-14.870301,16.47158094,44.11523526,1344.1684
7.230000,4393308.997311,4259678.272157,1797218.103987,-45.689937,-52.769081,231.859756,0.99121336,0.13195198,-0.00003644,-0.00920551,-0.07959703,0.00408228,0.03723268,11.1100,144.1598,1563.8258,0.00785439,-0.00472540,0.707187,0.01237041,0.00352915,-0.01097708,-0.00213581,0.00872665,0.00193925,-0.00775702,-0.00193925,-151.5978,22.4395,-61.1548,-13.622054,-0.545526,-14.969642,16.47160283,44.11523468,1344.1598
7.240000,4393308.540247,4259677.744572,1797220.421865,-45.722904,-52.747658,231.715935,0.99126940,0.13154310,-0.00003735,-0.00902133,-0.08525512,0.00355807,0.03582538,11.1100,144.1506,1566.2470,0.00805336,-0.00491707,0.706789,0.01237041,0.00352915,-0.01097708,-0.00213581,0.00872665,0.00193925,-0.00775702,-0.00193925,-151.2582,23.6071,-62.3058,-13.592053,-0.432623,-15.075349,16.47162471,44.11523411,1344.1506
7.250000,4393308.082852,4259677.217204,1797222.738307,-45.755987,-52.725722,231.572510,0.99132495,0.13113603,-0.00004956,-0.00884234,-0.07896980,-0.00062310,0.03576617,11.1100,144.1410,1568.6669,0.00824910,-0.00509730,0.706391,0.01237041,0.00352915,-0.01097708,-0.00213581,0.00872665,0.00096963,-0.00775702,-0.00193925,-150.9198,24.1226,-62.8736,-13.562364,-0.378457,-15.128556,16.47164657,44.11523354,1344.1410
7.260000,4393307.625122,4259676.690060,1797225.053316,-45.790096,-52.702961,231.429369,0.99138768,0.13067206,-0.00008913,-0.00867623,-0.10764162,-0.00808556,0.03222024,11.1100,144.1308,1571.0854,0.00841932,-0.00526880,0.705995,0.01311365,0.00364481,-0.01179911,-0.00233026,0.00969627,0.00096963,-0.00581776,-0.00193925,-150.5827,25.7282,-63.3068,-13.533292,-0.225087,-15.169933,16.47166842,44.11523298,1344.1308
7.270000,4393307.167053,4259676.163148,1797227.366897,-45.823895,-52.679452,231.286763,0.99146420,0.13009989,-0.00015769,-0.00852785,-0.12267519,-0.01336144,0.03032480,11.1100,144.1202,1573.5025,0.00852941,-0.00541776,0.705599,0.01311365,0.00364481,-0.01179911,-0.00233026,0.00969627,0.00096963,-0.00678739,-0.00193925,-150.2467,26.0296,-64.5223,-13.504865,-0.187038,-15.282259,16.47169026,44.11523242,1344.1202
7.280000,4393306.708656,4259675.636476,1797229.679056,-45.855491,-52.654961,231.145121,0.99153481,0.12957109,-0.00023006,-0.00836681,-0.09072843,-0.00882000,0.03734538,11.1100,144.1091,1575.9183,0.00857074,-0.00554089,0.705204,0.01311365,0.00364481,-0.01179911,-0.00233026,0.00969627,0.00096963,-0.01066590,-0.00193925,-149.9120,24.4826,-66.9899,-13.476644,-0.316185,-15.507062,16.47171208,44.11523186,1344.1091
7.290000,4393306.249944,4259675.110052,1797231.989801,-45.887183,-52.629688,231.003937,0.99158932,0.12916613,-0.00028078,-0.00816456,-0.07261500,-0.00229245,0.04540262,11.1100,144.0975,1578.3328,0.00860038,-0.00569512,0.704810,0.01311365,0.00364481,-0.01179911,-0.00233026,0.01066590,0.00096963,-0.01066590,-0.00193925,-149.5786,24.8932,-67.6117,-13.448193,-0.271501,-15.565087,16.47173390,44.11523131,1344.0975
7.300000,4393305.790909,4259674.583885,1797234.299136,-45.919828,-52.603326,230.863102,0.99163268,0.12884780,-0.00030656,-0.00792286,-0.05585321,0.00333132,0.05159528,11.1100,144.0855,1580.7459,0.00868427,-0.00592105,0.704417,0.01351959,0.00351936,-0.01225755,-0.00225732,0.01066590,0.00096963,-0.01066590,-0.00193925,-149.2463,26.3194,-67.9896,-13.419450,-0.137051,-15.600707,16.47175570,44.11523076,1344.0855
7.310000,4393305.331547,4259674.057991,1797236.607065,-45.952871,-52.575295,230.722842,0.99166206,0.12863831,-0.00030623,-0.00764568,-0.02892965,0.01016770,0.05801385,11.1100,144.0730,1583.1576,0.00882813,-0.00621134,0.704025,0.01351959,0.00351936,-0.01225755,-0.00225732,0.01066590,0.00096963,-0.01163553,-0.00193925,-148.9152,27.5636,-69.3078,-13.390376,-0.021058,-15.720418,16.47177749,44.11523022,1344.0730
7.320000,4393304.871848,4259673.532386,1797238.913594,-45.987069,-52.545340,230.583054,0.99167486,0.12855749,-0.00028028,-0.00733891,-0.00401403,0.01535623,0.06191193,11.1100,144.0601,1585.5681,0.00903050,-0.00655811,0.703633,0.01351959,0.00351936,-0.01225755,-0.00225732,0.01066590,0.00096963,-0.01163553,-0.00193925,-148.5853,29.7183,-70.4128,-13.360960,0.174433,-15.820284,16.47179927,44.11522968,1344.0601
7.330000,4393304.411802,4259673.007092,1797241.218728,-46.022417,-52.513166,230.443792,0.99167226,0.12859567,-0.00023579,-0.00701656,0.01904436,0.01863880,0.06317842,11.1100,144.0468,1587.9771,0.00929024,-0.00694602,0.703243,0.01351959,0.00351936,-0.01225755,-0.00225732,0.01066590,0.00096963,-0.01163553,-0.00193925,-148.2565,32.1035,-71.8807,-13.331307,0.388394,-15.952216,16.47182103,44.11522914,1344.0468
7.340000,4393303.951393,4259672.482130,1797243.522471,-46.059487,-52.478826,230.304925,0.99165893,0.12871536,-0.00018588,-0.00669962,0.02901663,0.01746513,0.05950204,11.1100,144.0330,1590.3849,0.00958839,-0.00734858,0.702853,0.01512500,0.00343892,-0.01376392,-0.00207785,0.01066590,0.00096963,-0.01066590,-0.00193925,-147.9288,35.1149,-73.0340,-13.301621,0.657159,-16.055417,16.47184279,44.11522861,1344.0330
7.350000,4393303.490612,4259671.957523,1797245.824829,-46.096763,-52.442161,230.166788,0.99163549,0.12891108,-0.00013857,-0.00640098,0.04959786,0.01688447,0.05606312,11.1100,144.0188,1592.7913,0.00989398,-0.00772625,0.702464,0.01512500,0.00343892,-0.01376392,-0.00207785,0.01066590,0.00096963,-0.01163553,-0.00193925,-147.6021,36.8098,-75.3814,-13.272029,0.805973,-16.265718,16.47186453,44.11522808,1344.0188
7.360000,4393303.029455,4259671.433293,1797248.125809,-46.134755,-52.403530,230.029201,0.99159899,0.12920494,-0.00009636,-0.00612513,0.06864437,0.01454591,0.05075241,11.1100,144.0042,1595.1964,0.01018363,-0.00806062,0.702075,0.01512500,0.00343892,-0.01376392,-0.00207785,0.01066590,0.00096963,-0.01163553,-0.00193925,-147.2765,38.7946,-77.0609,-13.242564,0.979008,-16.415403,16.47188626,44.11522755,1344.0042
7.370000,4393302.567916,4259670.909458,1797250.425415,-46.173252,-52.363231,229.892142,0.99155028,0.12958954,-0.00006632,-0.00588137,0.08626947,0.01066615,0.04400940,11.1100,143.9892,1597.6002,0.01045433,-0.00834177,0.701688,0.01512500,0.00343892,-0.01376392,-0.00207785,0.01066590,0.00096963,-0.01163553,-0.00193925,-146.9520,40.4340,-78.6318,-13.213343,1.119214,-16.554842,16.47190798,44.11522704,1343.9892
7.380000,4393302.105989,4259670.386033,1797252.723653,-46.212030,-52.321658,229.755576,0.99149757,0.13000128,-0.00005419,-0.00567648,0.07996367,0.00554583,0.03633965,11.1100,143.9738,1600.0027,0.01069001,-0.00855454,0.701301,0.01608293,0.00347770,-0.01460457,-0.00199935,0.01066590,0.00193925,-0.01163553,-0.00096963,-146.6286,41.6393,-79.9943,-13.184470,1.219835,-16.675388,16.47192968,44.11522652,1343.9738
7.390000,4393301.643675,4259669.863028,1797255.020528,-46.250862,-52.279282,229.619454,0.99144840,0.13038275,-0.00006444,-0.00551446,0.07412277,-0.00044043,0.02826915,11.1100,143.9580,1602.4038,0.01087650,-0.00869007,0.700914,0.01608293,0.00347770,-0.01460457,-0.00199935,0.01066590,0.00193925,-0.01163553,-0.00096963,-146.3062,42.3617,-81.0606,-13.156027,1.277557,-16.769415,16.47195138,44.11522601,1343.9580
7.400000,4393301.180973,4259669.340448,1797257.316044,-46.289536,-52.236607,229.483718,0.99140251,0.13073615,-0.00010025,-0.00539643,0.06871238,-0.00687473,0.02031785,11.1100,143.9419,1604.8037,0.01100338,-0.00874481,0.700529,0.01608293,0.00347770,-0.01460457,-0.00199935,0.01066590,0.00193925,-0.01163553,-0.00096963,-145.9850,42.5849,-81.7654,-13.128075,1.290894,-16.831042,16.47197306,44.11522551,1343.9419
7.410000,4393300.717885,4259668.818295,1797259.610203,-46.327862,-52.194138,229.348283,0.99135221,0.13112005,-0.00016332,-0.00532073,0.08621040,-0.01333128,0.01297654,11.1100,143.9254,1607.2022,0.01106542,-0.00871922,0.700144,0.01608293,0.00347770,-0.01460457,-0.00199935,0.01066590,0.00096963,-0.01163553,-0.00193925,-145.6649,42.3176,-82.0753,-13.100647,1.259492,-16.856968,16.47199473,44.11522502,1343.9254
7.420000,4393300.254428,4259668.296562,1797261.903012,-46.363601,-52.152449,229.213401,0.99129810,0.13153086,-0.00024442,-0.00525805,0.07992685,-0.01462477,0.01605579,11.1100,143.9085,1609.5994,0.01106270,-0.00861748,0.699761,0.01590169,0.00403899,-0.01438392,-0.00252122,0.01260516,0.00096963,-0.01260516,-0.00096963,-145.4250,39.3783,-83.0987,-13.080744,0.987074,-16.946961,16.47201639,44.11522452,1343.9085
7.430000,4393299.790614,4259667.775244,1797264.194472,-46.399128,-52.111370,229.078618,0.99124789,0.13191163,-0.00033313,-0.00517947,0.07410541,-0.01556878,0.01965180,11.1100,143.8913,1611.9953,0.01101823,-0.00850470,0.699378,0.01590169,0.00403899,-0.01438392,-0.00252122,0.01260516,0.00096963,-0.01260516,-0.00096963,-145.2332,38.6672,-82.7232,-13.065375,0.915781,-16.911198,16.47203804,44.11522404,1343.8913
7.440000,4393299.326445,4259667.254333,1797266.484584,-46.434636,-52.070832,228.943907,0.99120132,0.13226457,-0.00042789,-0.00508281,0.06871176,-0.01612080,0.02351422,11.1100,143.8737,1614.3899,0.01096340,-0.00842795,0.698995,0.01590169,0.00403899,-0.01438392,-0.00252122,0.01260516,0.00096963,-0.01260516,-0.00096963,-145.0420,38.1807,-82.2833,-13.050216,0.865244,-16.869768,16.47205967,44.11522356,1343.8737
7.450000,4393298.861921,4259666.733826,1797268.773350,-46.470313,-52.030747,228.809248,0.99115815,0.13259175,-0.00052682,-0.00496711,0.06371416,-0.01626544,0.02738907,11.1100,143.8557,1616.7831,0.01090223,-0.00839027,0.698613,0.01590169,0.00403899,-0.01438392,-0.00252122,0.01260516,0.00096963,-0.01260516,-0.00096963,-144.8512,37.9348,-81.8031,-13.035232,0.836854,-16.824847,16.47208129,44.11522308,1343.8557
7.460000,4393298.397037,4259666.213720,1797271.060770,-46.506482,-51.990353,228.674735,0.99111436,0.13292308,-0.00062129,-0.00483768,0.07023933,-0.01363924,0.02870786,11.1100,143.8374,1619.1751,0.01083890,-0.00839214,0.698232,0.01589487,0.00410055,-0.01435060,-0.00255628,0.01260516,0.00096963,-0.01260516,-0.00193925,-144.6608,38.4798,-81.8583,-13.020239,0.879571,-16.828090,16.47210291,44.11522261,1343.8374
7.470000,4393297.931790,4259665.694018,1797273.346845,-46.542968,-51.950187,228.540286,0.99106628,0.13328556,-0.00070321,-0.00470040,0.07627464,-0.01085023,0.02980290,11.1100,143.8188,1621.5658,0.01078787,-0.00841727,0.697851,0.01589487,0.00410055,-0.01435060,-0.00255628,0.01260516,0.00096963,-0.01260516,-0.00193925,-144.4709,38.5970,-81.4191,-13.005060,0.883193,-16.786660,16.47212451,44.11522214,1343.8188
7.480000,4393297.466177,4259665.174716,1797275.631576,-46.579738,-51.910094,228.405939,0.99101420,0.13367685,-0.00077208,-0.00455649,0.08185651,-0.00808410,0.03062286,11.1100,143.7998,1623.9552,0.01076589,-0.00845290,0.697471,0.01589487,0.00410055,-0.01435060,-0.00255628,0.01260516,0.00096963,-0.01260516,-0.00193925,-144.2814,38.7759,-81.1557,-12.989683,0.891823,-16.760903,16.47214609,44.11522168,1343.7998
7.490000,4393297.000194,4259664.655816,1797277.914964,-46.616751,-51.869931,228.271728,0.99095836,0.13409477,-0.00082822,-0.00440745,0.08701861,-0.00551558,0.03113600,11.1100,143.7804,1626.3433,0.01077297,-0.00849633,0.697091,0.01589487,0.00410055,-0.01435060,-0.00255628,0.01260516,0.00096963,-0.01260516,-0.00193925,-144.0923,38.9996,-81.0689,-12.974110,0.903981,-16.750892,16.47216767,44.11522122,1343.7804
7.500000,4393296.533841,4259664.137318,1797280.197011,-46.653957,-51.829575,228.137689,0.99089901,0.13453732,-0.00087280,-0.00425502,0.09179207,-0.00329830,0.03133114,11.1100,143.7606,1628.7301,0.01080733,-0.00854451,0.696712,0.01614450,0.00421114,-0.01454297,-0.00260961,0.01260516,0.00096963,-0.01260516,-0.00193925,-143.9037,39.2493,-81.1484,-12.958360,0.918007,-16.755711,16.47218924,44.11522077,1343.7606
7.510000,4393296.067115,4259663.619226,1797282.477719,-46.691301,-51.788930,228.003850,0.99083634,0.13500263,-0.00090766,-0.00410104,0.09620567,-0.00155639,0.03121732,11.1100,143.7405,1631.1156,0.01086560,-0.00859424,0.696333,0.01614450,0.00421114,-0.01454297,-0.00260961,0.01260516,0.00096963,-0.01260516,-0.00193925,-143.7154,39.5054,-81.3742,-12.942463,0.932183,-16.773576,16.47221079,44.11522033,1343.7405
7.520000,4393295.600015,4259663.101541,1797284.757089,-46.728728,-51.747930,227.870235,0.99077055,0.13548897,-0.00093516,-0.00394732,0.10028600,-0.00037842,0.03082217,11.1100,143.7200,1633.4998,0.01094308,-0.00864237,0.695955,0.01614450,0.00421114,-0.01454297,-0.00260961,0.01260516,0.00096963,-0.01260516,-0.00193925,-143.5276,39.7491,-81.7184,-12.926461,0.944841,-16.801981,16.47223233,44.11521989,1343.7200
7.530000,4393295.132540,4259662.584268,1797287.035124,-46.766186,-51.706542,227.736860,0.99070183,0.13599473,-0.00095806,-0.00379557,0.10405763,0.00018626,0.03018924,11.1100,143.6992,1635.8827,0.01103415,-0.00868601,0.695578,0.01614450,0.00421114,-0.01454297,-0.00260961,0.01260516,0.00096963,-0.01260516,-0.00193925,-143.3402,39.9631,-82.1473,-12.910402,0.954466,-16.837892,16.47225386,44.11521945,1343.6992
7.540000,4393294.664691,4259662.067411,1797289.311827,-46.803630,-51.664769,227.603734,0.99063033,0.13651842,-0.00097928,-0.00364723,0.10754328,0.00012844,0.02937446,11.1100,143.6780,1638.2643,0.01113259,-0.00872269,0.695200,0.01676697,0.00446706,-0.01508506,-0.00278515,0.01260516,0.00096963,-0.01260516,-0.00193925,-143.1532,40.1332,-82.6237,-12.894339,0.959790,-16.877967,16.47227538,44.11521902,1343.6780
7.550000,4393294.196468,4259661.550974,1797291.587200,-46.841024,-51.622642,227.470857,0.99055623,0.13705867,-0.00100174,-0.00350347,0.11076396,-0.00052236,0.02844204,11.1100,143.6564,1640.6446,0.01123206,-0.00875049,0.694824,0.01676697,0.00446706,-0.01508506,-0.00278515,0.01260516,0.00096963,-0.01260516,-0.00193925,-142.9666,40.2483,-83.1092,-12.878326,0.959851,-16.918767,16.47229689,44.11521860,1343.6564
7.560000,4393293.727871,4259661.034960,1797293.861245,-46.878340,-51.580224,227.338223,0.99047966,0.13761419,-0.00102816,-0.00336510,0.11373909,-0.00170174,0.02746005,11.1100,143.6345,1643.0237,0.01132644,-0.00876814,0.694447,0.01676697,0.00446706,-0.01508506,-0.00278515,0.01260516,0.00096963,-0.01260516,-0.00193925,-142.7804,40.3014,-83.5670,-12.862413,0.954047,-16.956980,16.47231838,44.11521818,1343.6345
7.570000,4393293.258901,4259660.519370,1797296.133965,-46.915565,-51.537597,227.205816,0.99040076,0.13818382,-0.00106091,-0.00323252,0.11648663,-0.00331610,0.02649598,11.1100,143.6123,1645.4014,0.01141022,-0.00877506,0.694072,0.01676697,0.00446706,-0.01508506,-0.00278515,0.01260516,0.00096963,-0.01260516,-0.00193925,-142.5946,40.2897,-83.9638,-12.846646,0.942148,-16.989614,16.47233986,44.11521776,1343.6123
7.580000,4393292.789560,4259660.004208,1797298.405362,-46.952697,-51.494862,227.073619,0.99031965,0.13876645,-0.00110190,-0.00310576,0.11902321,-0.00524987,0.02561270,11.1100,143.5897,1647.7779,0.01147880,-0.00877135,0.693697,0.01697130,0.00478747,-0.01521054,-0.00302670,0.01260516,0.00096963,-0.01260516,-0.00193925,-142.4092,40.2147,-84.2717,-12.831062,0.924297,-17.014163,16.47236134,44.11521735,1343.5897
7.590000,4393292.319848,4259659.489473,1797300.675438,-46.989748,-51.452131,226.941606,0.99023647,0.13936107,-0.00115245,-0.00298446,0.12136422,-0.00737363,0.02486475,11.1100,143.5667,1650.1531,0.01152874,-0.00875776,0.693322,0.01697130,0.00478747,-0.01521054,-0.00302670,0.01260516,0.00096963,-0.01260516,-0.00193925,-142.2242,40.0814,-84.4697,-12.815688,0.900980,-17.028734,16.47238280,44.11521695,1343.5667
7.600000,4393291.849765,4259658.975165,1797302.944195,-47.026736,-51.409514,226.809751,0.99015131,0.13996674,-0.00121329,-0.00286793,0.12352393,-0.00955267,0.02429546,11.1100,143.5434,1652.5270,0.01155787,-0.00873563,0.692948,0.01697130,0.00478747,-0.01521054,-0.00302670,0.01260516,0.00096963,-0.01260516,-0.00193925,-142.0397,39.8984,-84.5443,-12.800539,0.872978,-17.032135,16.47240425,44.11521655,1343.5434
7.610000,4393291.379313,4259658.461282,1797305.211633,-47.063694,-51.367122,226.678026,0.99006429,0.14058260,-0.00128448,-0.00275521,0.12551555,-0.01165547,0.02393491,11.1100,143.5198,1654.8997,0.01156541,-0.00870673,0.692574,0.01697130,0.00478747,-0.01521054,-0.00302670,0.01260516,0.00096963,-0.01260516,-0.00193925,-141.8555,39.6768,-84.4906,-12.785620,0.841307,-17.023904,16.47242568,44.11521616,1343.5198
7.620000,4393290.908491,4259657.947821,1797307.477755,-47.100656,-51.325050,226.546405,0.98997550,0.14120785,-0.00136549,-0.00264511,0.12735134,-0.01356147,0.02379879,11.1100,143.4958,1657.2710,0.01155191,-0.00867316,0.692201,0.01699205,0.00509388,-0.01514296,-0.00324478,0.01260516,0.00096963,-0.01260516,-0.00193925,-141.6718,39.4294,-84.3113,-12.770924,0.807142,-17.004309,16.47244711,44.11521577,1343.4958
7.630000,4393290.437300,4259657.434780,1797309.742562,-47.137665,-51.283381,226.414863,0.98988503,0.14184173,-0.00145524,-0.00253637,0.12904266,-0.01516782,0.02388818,11.1100,143.4714,1659.6411,0.01151918,-0.00863722,0.691828,0.01699205,0.00509388,-0.01514296,-0.00324478,0.01260516,0.00096963,-0.01260516,-0.00193925,-141.4885,39.1700,-84.0169,-12.756434,0.771737,-16.974285,16.47246852,44.11521538,1343.4714
7.640000,4393289.965738,4259656.922152,1797312.006053,-47.174763,-51.242176,226.283379,0.98979297,0.14248358,-0.00155219,-0.00242764,0.13060006,-0.01639468,0.02419031,11.1100,143.4468,1662.0099,0.01147009,-0.00860122,0.691456,0.01699205,0.00509388,-0.01514296,-0.00324478,0.01260516,0.00096963,-0.01260516,-0.00193925,-141.3056,38.9124,-83.6242,-12.742125,0.736346,-16.935348,16.47248993,44.11521501,1343.4468
7.650000,4393289.493804,4259656.409934,1797314.268229,-47.211992,-51.201472,226.151936,0.98969940,0.14313273,-0.00165445,-0.00231765,0.13203332,-0.01718887,0.02468007,11.1100,143.4217,1664.3775,0.01140837,-0.00856735,0.691085,0.01699205,0.00509388,-0.01514296,-0.00324478,0.01260516,0.00096963,-0.01260516,-0.00193925,-141.1231,38.6696,-83.1550,-12.727962,0.702149,-16.889477,16.47251132,44.11521463,1343.4217
7.660000,4393289.021497,4259655.898121,1797316.529092,-47.249390,-51.161283,226.020524,0.98960440,0.14378862,-0.00175994,-0.00220523,0.13335156,-0.01752575,0.02532218,11.1100,143.3963,1666.7437,0.01133835,-0.00853758,0.690714,0.01693013,0.00520129,-0.01499191,-0.00326307,0.01260516,0.00096963,-0.01260516,-0.00193925,-140.9411,38.4529,-82.6349,-12.713909,0.670178,-16.838964,16.47253270,44.11521427,1343.3963
7.670000,4393288.548816,4259655.386707,1797318.788640,-47.286992,-51.121601,225.889136,0.98950803,0.14445069,-0.00186648,-0.00208941,0.13456319,-0.01740921,0.02607394,11.1100,143.3706,1669.1087,0.01126461,-0.00851352,0.690344,0.01693013,0.00520129,-0.01499191,-0.00326307,0.01260516,0.00096963,-0.01260516,-0.00193925,-140.7595,38.2715,-82.0911,-12.699927,0.641272,-16.786265,16.47255407,44.11521391,1343.3706
7.680000,4393288.075766,4259654.875690,1797321.046877,-47.322999,-51.081828,225.758278,0.98941438,0.14509150,-0.00195723,-0.00195018,0.12492531,-0.00999594,0.03361811,11.1100,143.3445,1671.4725,0.01119179,-0.00849635,0.689974,0.01693013,0.00520129,-0.01499191,-0.00326307,0.01454441,0.00096963,-0.01357478,-0.00193925,-140.5783,36.5415,-83.1414,-12.685747,0.473385,-16.877155,16.47257542,44.11521355,1343.3445
7.690000,4393287.602353,4259654.365074,1797323.303806,-47.359646,-51.041412,225.627585,0.98933115,0.14565946,-0.00201014,-0.00177449,0.10525051,-0.00046411,0.03831904,11.1100,143.3180,1673.8349,0.01115228,-0.00852702,0.689605,0.01693013,0.00520129,-0.01499191,-0.00326307,0.01454441,0.00193925,-0.01357478,-0.00193925,-140.3976,37.2622,-83.2761,-12.670981,0.527480,-16.886043,16.47259677,44.11521320,1343.3180
7.700000,4393287.128572,4259653.854864,1797325.559429,-47.396726,-51.000490,225.497064,0.98926154,0.14613367,-0.00202057,-0.00157092,0.08700567,0.00829837,0.04222728,11.1100,143.2912,1676.1961,0.01119530,-0.00861678,0.689236,0.01734984,0.00522685,-0.01533136,-0.00320836,0.01454441,0.00193925,-0.01357478,-0.00193925,-140.2172,37.7809,-83.3533,-12.655512,0.565175,-16.890270,16.47261811,44.11521285,1343.2912
7.710000,4393286.654417,4259653.345067,1797327.813748,-47.434185,-50.958603,225.366814,0.98920465,0.14652095,-0.00199293,-0.00134460,0.07008596,0.01581306,0.04514394,11.1100,143.2640,1678.5561,0.01132735,-0.00874885,0.688868,0.01734984,0.00522685,-0.01533136,-0.00320836,0.01454441,0.00193925,-0.01357478,-0.00193925,-140.0372,38.5417,-83.9588,-12.639411,0.626314,-16.942557,16.47263943,44.11521251,1343.2640
7.720000,4393286.179887,4259652.835696,1797330.066767,-47.471957,-50.915378,225.236919,0.98915959,0.14682761,-0.00193364,-0.00110183,0.05439450,0.02169893,0.04693851,11.1100,143.2365,1680.9148,0.01153655,-0.00891333,0.688500,0.01734984,0.00522685,-0.01533136,-0.00320836,0.01454441,0.00193925,-0.01357478,-0.00193925,-139.8576,39.4843,-85.0243,-12.622780,0.705347,-17.036702,16.47266074,44.11521217,1343.2365
7.730000,4393285.704977,4259652.326765,1797332.318488,-47.509962,-50.870548,225.107444,0.98912555,0.14705951,-0.00185064,-0.00084960,0.03984174,0.02569012,0.04755259,11.1100,143.2087,1683.2722,0.01180697,-0.00909900,0.688132,0.01734984,0.00522685,-0.01533136,-0.00320836,0.01454441,0.00193925,-0.01357478,-0.00193925,-139.6783,40.5412,-86.4572,-12.605752,0.796082,-17.164341,16.47268204,44.11521184,1343.2087
7.740000,4393285.229686,4259651.818294,1797334.568918,-47.548281,-50.823340,224.978530,0.98910571,0.14719542,-0.00174637,-0.00059995,0.01569125,0.02991212,0.04477553,11.1100,143.1805,1685.6283,0.01211981,-0.00929395,0.687765,0.01849405,0.00550220,-0.01655657,-0.00356472,0.01454441,0.00290888,-0.01357478,-0.00193925,-139.4993,42.1666,-88.6725,-12.588337,0.939821,-17.362960,16.47270333,44.11521151,1343.1805
7.750000,4393284.754012,4259651.310304,1797336.818061,-47.586503,-50.774338,224.850137,0.98910292,0.14721631,-0.00162423,-0.00036424,-0.00670485,0.03190935,0.04110192,11.1100,143.1520,1687.9832,0.01246350,-0.00947391,0.687398,0.01849405,0.00550220,-0.01655657,-0.00356472,0.01454441,0.00290888,-0.01357478,-0.00193925,-139.3206,43.1531,-90.5366,-12.570564,1.028219,-17.530637,16.47272461,44.11521119,1343.1520
7.760000,4393284.277957,4259650.802813,1797339.065922,-47.624412,-50.723588,224.722300,0.98911594,0.14713054,-0.00149474,-0.00014796,-0.02747337,0.03168189,0.03677363,11.1100,143.1231,1690.3369,0.01282894,-0.00962075,0.687032,0.01849405,0.00550220,-0.01655657,-0.00356472,0.01454441,0.00290888,-0.01357478,-0.00193925,-139.1422,43.9374,-92.5380,-12.552621,1.100449,-17.711281,16.47274587,44.11521088,1343.1231
7.770000,4393283.801529,4259650.295839,1797341.312509,-47.661220,-50.671056,224.595193,0.98914754,0.14691929,-0.00136347,0.00005108,-0.05733977,0.03161569,0.03427102,11.1100,143.0940,1692.6893,0.01319359,-0.00972755,0.686666,0.01849405,0.00550220,-0.01655657,-0.00356472,0.01551404,0.00290888,-0.01357478,-0.00193925,-138.9641,43.9593,-95.0670,-12.534620,1.106433,-17.940139,16.47276713,44.11521057,1343.0940
7.780000,4393283.324735,4259649.789397,1797343.557828,-47.697451,-50.617041,224.468642,0.98920013,0.14656577,-0.00123565,0.00023591,-0.08503389,0.02952701,0.03145807,11.1100,143.0646,1695.0404,0.01354495,-0.00980381,0.686300,0.01935274,0.00601328,-0.01758492,-0.00424546,0.01551404,0.00290888,-0.01357478,-0.00193925,-138.7863,44.3372,-96.9891,-12.516671,1.147162,-18.115185,16.47278837,44.11521027,1343.0646
7.790000,4393282.847585,4259649.283506,1797345.801885,-47.732294,-50.560849,224.342967,0.98927337,0.14607125,-0.00110777,0.00040779,-0.11606187,0.03128614,0.02960746,11.1100,143.0350,1697.3903,0.01387561,-0.00985639,0.685934,0.01935274,0.00601328,-0.01758492,-0.00424546,0.01551404,0.00387851,-0.01454441,-0.00193925,-138.6089,44.5742,-99.8405,-12.498707,1.177881,-18.374682,16.47280961,44.11520997,1343.0350
7.800000,4393282.370096,4259648.778182,1797348.044690,-47.765358,-50.503752,224.217984,0.98936285,0.14546433,-0.00097300,0.00058593,-0.12892821,0.03225980,0.03315638,11.1100,143.0051,1699.7389,0.01418856,-0.00988848,0.685569,0.01935274,0.00601328,-0.01758492,-0.00424546,0.01648367,0.00290888,-0.01551404,-0.00193925,-138.4317,43.1386,-102.0354,-12.480650,1.060188,-18.575720,16.47283083,44.11520968,1343.0051
7.810000,4393281.892276,4259648.273438,1797350.286246,-47.798640,-50.444855,224.093447,0.98946860,0.14474321,-0.00083899,0.00076942,-0.16194451,0.03134728,0.03182425,11.1100,142.9750,1702.0863,0.01450760,-0.00993932,0.685204,0.01935274,0.00601328,-0.01758492,-0.00424546,0.01648367,0.00387851,-0.01454441,-0.00193925,-138.2548,44.4472,-103.7461,-12.462645,1.191664,-18.733806,16.47285204,44.11520940,1342.9750
7.820000,4393281.414125,4259647.769289,1797352.526560,-47.831309,-50.384717,223.969420,0.98959666,0.14386468,-0.00071291,0.00094415,-0.19255751,0.02870535,0.03020424,11.1100,142.9447,1704.4325,0.01481830,-0.01000021,0.684839,0.01980496,0.00632835,-0.01828638,-0.00480978,0.01648367,0.00387851,-0.01454441,-0.00193925,-138.0783,44.7413,-105.4166,-12.444787,1.234826,-18.889141,16.47287324,44.11520912,1342.9447
7.830000,4393280.935652,4259647.265747,1797354.765636,-47.863359,-50.323519,223.845868,0.98974497,0.14284015,-0.00060257,0.00110774,-0.22093983,0.02458541,0.02836553,11.1100,142.9143,1706.7774,0.01510198,-0.01005099,0.684475,0.01980496,0.00632835,-0.01828638,-0.00480978,0.01648367,0.00387851,-0.01454441,-0.00193925,-137.9020,44.9741,-106.9377,-12.427221,1.275251,-19.031826,16.47289442,44.11520884,1342.9143
7.840000,4393280.456864,4259646.762820,1797357.003480,-47.894060,-50.261941,223.722811,0.98990400,0.14173281,-0.00051592,0.00126936,-0.22625579,0.01930690,0.03076380,11.1100,142.8836,1709.1210,0.01534350,-0.01008925,0.684111,0.01980496,0.00632835,-0.01828638,-0.00480978,0.01648367,0.00290888,-0.01551404,-0.00193925,-137.7260,44.0998,-108.2210,-12.410128,1.217607,-19.153517,16.47291560,44.11520858,1342.8836
7.850000,4393279.977771,4259646.260511,1797359.240094,-47.924435,-50.199707,223.600092,0.99006533,0.14060000,-0.00045911,0.00143781,-0.23117150,0.01323096,0.03274372,11.1100,142.8529,1711.4634,0.01553198,-0.01013747,0.683748,0.01980496,0.00632835,-0.01828638,-0.00480978,0.01648367,0.00290888,-0.01551404,-0.00193925,-137.5504,44.3451,-109.2022,-12.393656,1.261234,-19.248106,16.47293677,44.11520832,1342.8529
7.860000,4393279.498374,4259645.758833,1797361.475483,-47.955011,-50.135810,223.477806,0.99022863,0.13944363,-0.00042215,0.00160101,-0.23571546,0.01120011,0.02984031,11.1100,142.8219,1713.8045,0.01565993,-0.01020841,0.683384,0.01992628,0.00592373,-0.01863436,-0.00463181,0.01648367,0.00387851,-0.01551404,-0.00290888,-137.3751,45.7473,-110.8662,-12.377575,1.409460,-19.404229,16.47295792,44.11520806,1342.8219
7.870000,4393279.018672,4259645.257795,1797363.709651,-47.985386,-50.071710,223.355745,0.99039359,0.13826545,-0.00039409,0.00174769,-0.23991415,0.00882288,0.02672503,11.1100,142.7909,1716.1444,0.01574111,-0.01027105,0.683022,0.01992628,0.00592373,-0.01863436,-0.00463181,0.01648367,0.00387851,-0.01551404,-0.00290888,-137.2001,46.0374,-111.2011,-12.361642,1.458004,-19.440795,16.47297906,44.11520782,1342.7909
7.880000,4393278.538670,4259644.757400,1797365.942599,-48.014892,-50.007417,223.234053,0.99056352,0.13704094,-0.00037148,0.00188326,-0.25422302,0.00846594,0.02575088,11.1100,142.7597,1718.4831,0.01579881,-0.01030434,0.682659,0.01992628,0.00592373,-0.01863436,-0.00463181,0.01745329,0.00387851,-0.01551404,-0.00290888,-137.0255,45.6434,-111.9153,-12.345809,1.445868,-19.511685,16.47300020,44.11520757,1342.7597
7.890000,4393278.058375,4259644.257647,1797368.174332,-48.044119,-49.943155,223.112558,0.99074129,0.13574799,-0.00035061,0.00201350,-0.26747921,0.00789996,0.02472359,11.1100,142.7284,1720.8205,0.01583958,-0.01032126,0.682297,0.01992628,0.00592373,-0.01863436,-0.00463181,0.01745329,0.00387851,-0.01551404,-0.00290888,-136.8512,45.6829,-112.0043,-12.330017,1.474073,-19.526618,16.47302132,44.11520734,1342.7284
7.900000,4393277.577795,4259643.758538,1797370.404853,-48.071860,-49.878636,222.991580,0.99091885,0.13444371,-0.00032274,0.00215052,-0.25896532,0.01158540,0.02802687,11.1100,142.6969,1723.1567,0.01587424,-0.01033121,0.681936,0.01948024,0.00549355,-0.01831587,-0.00432917,0.01745329,0.00387851,-0.01745329,-0.00290888,-136.6773,44.6595,-113.0819,-12.314133,1.406831,-19.630525,16.47304243,44.11520711,1342.6969
7.910000,4393277.096938,4259643.260075,1797372.634165,-48.099409,-49.813974,222.870812,0.99108917,0.13317984,-0.00027972,0.00230553,-0.25104811,0.01480607,0.03101542,11.1100,142.6654,1725.4917,0.01592054,-0.01035785,0.681575,0.01948024,0.00549355,-0.01831587,-0.00432917,0.01745329,0.00387851,-0.01745329,-0.00290888,-136.5038,44.7845,-113.1738,-12.298027,1.442199,-19.645431,16.47306352,44.11520689,1342.6654
7.920000,4393276.615807,4259642.762260,1797374.862270,-48.126815,-49.748960,222.750279,0.99125278,0.13195357,-0.00022401,0.00247620,-0.24368475,0.01739168,0.03353167,11.1100,142.6338,1727.8254,0.01600182,-0.01041503,0.681214,0.01948024,0.00549355,-0.01831587,-0.00432917,0.01745329,0.00387851,-0.01745329,-0.00290888,-136.3306,45.0820,-113.4688,-12.281740,1.492391,-19.678362,16.47308461,44.11520667,1342.6338
7.930000,4393276.134402,4259642.265097,1797377.089171,-48.154115,-49.683426,222.630005,0.99141017,0.13076227,-0.00015871,0.00265936,-0.23683553,0.01921750,0.03545167,11.1100,142.6020,1730.1579,0.01611170,-0.01049833,0.680854,0.01948024,0.00549355,-0.01831587,-0.00432917,0.01745329,0.00387851,-0.01745329,-0.00290888,-136.1577,45.5251,-113.9309,-12.265322,1.555025,-19.726091,16.47310569,44.11520646,1342.6020
7.940000,4393275.652728,4259641.768594,1797379.314872,-48.180752,-49.617094,222.510161,0.99156517,0.12957757,-0.00008265,0.00285742,-0.24079474,0.02240124,0.03884555,11.1100,142.5702,1732.4891,0.01624252,-0.01060199,0.680494,0.01944127,0.00493729,-0.01833595,-0.00383197,0.01842292,0.00387851,-0.01745329,-0.00290888,-135.9851,45.5715,-115.0242,-12.248754,1.581842,-19.830550,16.47312675,44.11520626,1342.5702
7.950000,4393275.170787,4259641.272758,1797381.539375,-48.207400,-49.549928,222.390604,0.99172110,0.12837377,0.00000473,0.00307184,-0.24445319,0.02455955,0.04132962,11.1100,142.5383,1734.8191,0.01639430,-0.01073290,0.680135,0.01944127,0.00493729,-0.01833595,-0.00383197,0.01842292,0.00387851,-0.01745329,-0.00290888,-135.8129,46.2904,-115.7179,-12.232023,1.669562,-19.899080,16.47314781,44.11520606,1342.5383
7.960000,4393274.688580,4259640.777599,1797383.762685,-48.234094,-49.481795,222.271348,0.99187772,0.12715230,0.00009878,0.00329710,-0.24783267,0.02561918,0.04279142,11.1100,142.5063,1737.1479,0.01656947,-0.01089213,0.679776,0.01944127,0.00493729,-0.01833595,-0.00383197,0.01842292,0.00387851,-0.01745329,-0.00290888,-135.6409,47.1629,-116.5499,-12.215205,1.771461,-19.980085,16.47316885,44.11520587,1342.5063
7.970000,4393274.206099,4259640.283124,1797385.984802,-48.262029,-49.412946,222.152082,0.99203485,0.12591454,0.00018514,0.00351515,-0.25095323,0.02120876,0.03889106,11.1100,142.4742,1739.4754,0.01675692,-0.01106953,0.679417,0.01944127,0.00493729,-0.01833595,-0.00383197,0.01745329,0.00387851,-0.01648367,-0.00290888,-135.4693,49.1408,-116.4459,-12.198533,1.973176,-19.976872,16.47318988,44.11520568,1342.4742
7.980000,4393273.723343,4259639.789343,1797388.205728,-48.289222,-49.343166,222.033282,0.99219447,0.12464448,0.00025665,0.00371702,-0.26245072,0.01861967,0.03677426,11.1100,142.4421,1741.8018,0.01692737,-0.01122903,0.679059,0.01956028,0.00420719,-0.01851944,-0.00316635,0.01842292,0.00387851,-0.01745329,-0.00290888,-135.2979,48.9577,-118.3005,-12.182123,1.981003,-20.150040,16.47321090,44.11520550,1342.4421
7.990000,4393273.240313,4259639.296259,1797390.425467,-48.316906,-49.273611,221.914453,0.99235397,0.12336238,0.00030280,0.00390156,-0.25424820,0.01073387,0.03366262,11.1100,142.4099,1744.1269,0.01705867,-0.01136194,0.678701,0.01956028,0.00420719,-0.01851944,-0.00316635,0.01745329,0.00290888,-0.01648367,-0.00290888,-135.1269,50.1477,-117.3964,-12.166180,2.112677,-20.074904,16.47323191,44.11520533,1342.4099
8.000000,4393272.757005,4259638.803872,1797392.644018,-48.344563,-49.203875,221.795799,0.99250703,0.12211949,0.00031180,0.00406458,-0.24661728,0.00283058,0.03011554,11.1100,142.3776,1746.4507,0.01713740,-0.01146575,0.678343,0.01956028,0.00420719,-0.01851944,-0.00316635,0.01745329,0.00290888,-0.01648367,-0.00290888,-134.9561,50.6599,-117.7411,-12.150933,2.182603,-20.111910,16.47325291,44.11520516,1342.3776
8.010000,4393272.273421,4259638.312181,1797394.861383,-48.372238,-49.134374,221.677237,0.99265415,0.12091310,0.00028485,0.00420464,-0.23951700,-0.00465096,0.02635512,11.1100,142.3453,1748.7734,0.01713728,-0.01153417,0.677986,0.01956028,0.00420719,-0.01851944,-0.00316635,0.01745329,0.00290888,-0.01648367,-0.00290888,-134.7857,50.9675,-117.6383,-12.136356,2.233424,-20.108407,16.47327390,44.11520500,1342.3453
8.020000,4393271.789560,4259637.821185,1797397.077563,-48.400084,-49.064903,221.558782,0.99279888,0.11971502,0.00023103,0.00431700,-0.24311090,-0.00914729,0.02048129,11.1100,142.3129,1751.0948,0.01706204,-0.01156462,0.677629,0.01868119,0.00311643,-0.01769125,-0.00212650,0.01745329,0.00387851,-0.01648367,-0.00290888,-134.6157,51.5593,-117.6093,-12.122264,2.309685,-20.111453,16.47329488,44.11520485,1342.3129
8.030000,4393271.305423,4259637.330880,1797399.292560,-48.427260,-48.996273,221.440465,0.99294736,0.11847408,0.00016527,0.00440464,-0.25661250,-0.01049158,0.01712888,11.1100,142.2805,1753.4150,0.01692786,-0.01154514,0.677272,0.01868119,0.00311643,-0.01769125,-0.00212650,0.01842292,0.00387851,-0.01648367,-0.00290888,-134.4461,50.8525,-117.2275,-12.108372,2.269886,-20.082888,16.47331584,44.11520470,1342.2805
8.040000,4393270.821012,4259636.841255,1797401.506372,-48.454862,-48.928907,221.321964,0.99309898,0.11719398,0.00009215,0.00447034,-0.25896017,-0.01301755,0.01215546,11.1100,142.2480,1755.7339,0.01676554,-0.01148450,0.676917,0.01868119,0.00311643,-0.01769125,-0.00212650,0.01745329,0.00387851,-0.01648367,-0.00290888,-134.2768,50.9312,-115.6676,-12.094600,2.301560,-19.948399,16.47333680,44.11520456,1342.2480
8.050000,4393270.336327,4259636.352297,1797403.718999,-48.482150,-48.862862,221.203434,0.99325034,0.11590255,0.00001188,0.00451210,-0.26111991,-0.01442904,0.00798718,11.1100,142.2154,1758.0517,0.01658936,-0.01138388,0.676562,0.01868119,0.00311643,-0.01769125,-0.00212650,0.01745329,0.00387851,-0.01648367,-0.00290888,-134.1079,50.2745,-114.5404,-12.080947,2.267271,-19.852844,16.47335774,44.11520443,1342.2154
8.060000,4393269.851371,4259635.863993,1797405.930440,-48.509004,-48.798277,221.084877,0.99340129,0.11460064,-0.00007049,0.00453507,-0.26310498,-0.01470543,0.00481686,11.1100,142.1828,1760.3682,0.01639821,-0.01124111,0.676207,0.01703865,0.00226344,-0.01610314,-0.00132793,0.01745329,0.00387851,-0.01648367,-0.00290888,-133.9395,49.3875,-113.3244,-12.067328,2.212458,-19.749281,16.47337867,44.11520430,1342.1828
8.070000,4393269.366149,4259635.376327,1797408.140696,-48.535324,-48.735215,220.966304,0.99355166,0.11328909,-0.00015004,0.00454520,-0.26492784,-0.01389173,0.00277286,11.1100,142.1500,1762.6835,0.01620373,-0.01106599,0.675853,0.01703865,0.00226344,-0.01610314,-0.00132793,0.01745329,0.00387851,-0.01648367,-0.00290888,-133.7715,48.3271,-112.0854,-12.053662,2.142247,-19.643617,16.47339959,44.11520418,1342.1500
8.080000,4393268.880666,4259634.889284,1797410.349766,-48.561028,-48.673663,220.847734,0.99370131,0.11196862,-0.00022225,0.00454885,-0.26660012,-0.01209251,0.00191475,11.1100,142.1172,1764.9976,0.01601717,-0.01086972,0.675500,0.01703865,0.00226344,-0.01610314,-0.00132793,0.01745329,0.00387851,-0.01648367,-0.00290888,-133.6039,47.1579,-110.8868,-12.039877,2.062415,-19.541565,16.47342051,44.11520406,1342.1172
8.090000,4393268.394930,4259634.402849,1797412.557651,-48.586061,-48.613539,220.729194,0.99385009,0.11063995,-0.00028328,0.00455241,-0.26813274,-0.00946283,0.00223303,11.1100,142.0843,1767.3105,0.01584875,-0.01066420,0.675147,0.01703865,0.00226344,-0.01610314,-0.00132793,0.01745329,0.00387851,-0.01648367,-0.00290888,-133.4368,45.9474,-109.7865,-12.025910,1.979036,-19.448333,16.47344141,44.11520395,1342.0843
8.100000,4393267.908947,4259633.917009,1797414.764351,-48.610393,-48.554696,220.610717,0.99399788,0.10930372,-0.00033009,0.00456196,-0.26953591,-0.00619666,0.00365276,11.1100,142.0512,1769.6222,0.01570716,-0.01046139,0.674795,0.01561338,0.00165389,-0.01474133,-0.00078184,0.01745329,0.00387851,-0.01648367,-0.00290888,-133.2700,44.7626,-108.8339,-12.011717,1.898126,-19.368353,16.47346230,44.11520385,1342.0512
8.110000,4393267.422728,4259633.431752,1797416.969866,-48.633443,-48.496807,220.492491,0.99414179,0.10798577,-0.00035573,0.00458880,-0.26078025,-0.00038084,0.00814020,11.1100,142.0181,1771.9326,0.01559912,-0.01027257,0.674443,0.01561338,0.00165389,-0.01474133,-0.00078184,0.01745329,0.00387851,-0.01745329,-0.00290888,-133.1037,43.1720,-108.5613,-11.997185,1.780353,-19.349432,16.47348317,44.11520375,1342.0181
8.120000,4393266.936281,4259632.947070,1797419.174201,-48.655872,-48.439631,220.374411,0.99427934,0.10670949,-0.00035469,0.00464279,-0.25263032,0.00545265,0.01325301,11.1100,141.9848,1774.2419,0.01553844,-0.01011938,0.674092,0.01561338,0.00165389,-0.01474133,-0.00078184,0.01745329,0.00387851,-0.01745329,-0.00290888,-132.9377,42.2979,-108.0439,-11.982226,1.726270,-19.308235,16.47350404,44.11520366,1341.9848
8.130000,4393266.449612,4259632.462958,1797421.377355,-48.677751,-48.382783,220.256532,0.99441099,0.10547200,-0.00032794,0.00472615,-0.24504318,0.01096897,0.01868057,11.1100,141.9515,1776.5500,0.01553906,-0.01001677,0.673742,0.01561338,0.00165389,-0.01474133,-0.00078184,0.01745329,0.00387851,-0.01745329,-0.00290888,-132.7722,41.7122,-107.8697,-11.966862,1.697413,-19.297706,16.47352490,44.11520357,1341.9515
8.140000,4393265.962727,4259631.979415,1797423.579332,-48.699164,-48.325888,220.138902,0.99453715,0.10427063,-0.00027789,0.00483940,-0.23797903,0.01586864,0.02410781,11.1100,141.9180,1778.8568,0.01559794,-0.00996853,0.673392,0.01502079,0.00105651,-0.01419248,-0.00022820,0.01745329,0.00387851,-0.01745329,-0.00290888,-132.6069,41.4331,-108.0227,-11.951134,1.695458,-19.316424,16.47354574,44.11520349,1341.9180
8.150000,4393265.475629,4259631.496441,1797425.780134,-48.720501,-48.268656,220.021485,0.99465910,0.10309433,-0.00020978,0.00497939,-0.23644432,0.01882832,0.02817750,11.1100,141.8845,1781.1625,0.01570899,-0.00997525,0.673042,0.01502079,0.00105651,-0.01419248,-0.00022820,0.01745329,0.00387851,-0.01745329,-0.00290888,-132.4420,41.4606,-108.4698,-11.935135,1.720624,-19.361446,16.47356658,44.11520341,1341.8845
8.160000,4393264.988317,4259631.014043,1797427.979763,-48.741822,-48.210873,219.904305,0.99478049,0.10190871,-0.00013455,0.00513590,-0.23992607,0.01976040,0.03071867,11.1100,141.8508,1783.4669,0.01586069,-0.01003018,0.672693,0.01502079,0.00105651,-0.01419248,-0.00022820,0.01745329,0.00387851,-0.01648367,-0.00290888,-132.2774,42.2374,-108.6641,-11.919050,1.813429,-19.383705,16.47358740,44.11520334,1341.8508
8.170000,4393264.500791,4259630.532223,1797430.178220,-48.763379,-48.153095,219.787195,0.99489699,0.10075641,-0.00006865,0.00530275,-0.22325815,0.01550282,0.03266183,11.1100,141.8170,1785.7701,0.01602807,-0.01011568,0.672344,0.01502079,0.00105651,-0.01419248,-0.00022820,0.01648367,0.00290888,-0.01648367,-0.00290888,-132.1131,42.6827,-108.4691,-11.903190,1.875751,-19.370733,16.47360822,44.11520327,1341.8170
8.180000,4393264.013050,4259630.050983,1797432.375508,-48.784856,-48.094693,219.670351,0.99500407,0.09968407,-0.00002593,0.00547529,-0.20775733,0.01063754,0.03392472,11.1100,141.7832,1788.0722,0.01618016,-0.01022192,0.671995,0.01498291,0.00017847,-0.01418866,0.00061578,0.01648367,0.00290888,-0.01648367,-0.00290888,-131.9492,43.2381,-109.2006,-11.887822,1.946453,-19.440792,16.47362902,44.11520321,1341.7832
8.190000,4393263.525094,4259629.570331,1797434.571628,-48.806423,-48.035831,219.553708,0.99510257,0.09868614,-0.00000839,0.00564983,-0.19334144,0.00544963,0.03447679,11.1100,141.7492,1790.3730,0.01628567,-0.01034047,0.671647,0.01498291,0.00017847,-0.01418866,0.00061578,0.01648367,0.00290888,-0.01648367,-0.00290888,-131.7855,43.8559,-109.6761,-11.872977,2.021346,-19.487475,16.47364981,44.11520315,1341.7492
8.200000,4393263.036921,4259629.090268,1797436.766582,-48.828228,-47.976702,219.437198,0.99519324,0.09775745,-0.00001657,0.00582278,-0.17993411,0.00022869,0.03432838,11.1100,141.7152,1792.6727,0.01634086,-0.01046416,0.671299,0.01498291,0.00017847,-0.01418866,0.00061578,0.01648367,0.00290888,-0.01648367,-0.00290888,-131.6221,44.4961,-109.8739,-11.858659,2.096920,-19.508859,16.47367059,44.11520310,1341.7152
8.210000,4393262.548528,4259628.610797,1797438.960372,-48.850392,-47.917514,219.320758,0.99527675,0.09689318,-0.00004962,0.00599083,-0.16746437,-0.00474736,0.03352790,11.1100,141.6811,1794.9712,0.01634493,-0.01058588,0.670952,0.01498291,0.00017847,-0.01418866,0.00061578,0.01648367,0.00290888,-0.01648367,-0.00290888,-131.4590,45.1193,-109.7889,-11.844847,2.169729,-19.504503,16.47369136,44.11520306,1341.6811
8.220000,4393262.059912,4259628.131911,1797441.152996,-48.872816,-47.859657,219.204140,0.99535368,0.09608891,-0.00011694,0.00616045,-0.15586629,-0.01342914,0.03627205,11.1100,141.6469,1797.2684,0.01629994,-0.01069897,0.670605,0.01415029,-0.00125200,-0.01337850,0.00202379,0.01648367,0.00193925,-0.01648367,-0.00193925,-131.2963,44.7185,-108.4609,-11.831739,2.149214,-19.388015,16.47371212,44.11520302,1341.6469
8.230000,4393261.571069,4259627.653602,1797443.344454,-48.896019,-47.802148,219.087431,0.99542452,0.09534050,-0.00022591,0.00633782,-0.14507861,-0.02110182,0.03821265,11.1100,141.6126,1799.5645,0.01619326,-0.01082192,0.670258,0.01415029,-0.00125200,-0.01337850,0.00202379,0.01648367,0.00193925,-0.01648367,-0.00193925,-131.1339,45.3655,-107.7894,-11.819493,2.221945,-19.330386,16.47373287,44.11520298,1341.6126
8.240000,4393261.081988,4259627.175866,1797445.534744,-48.920257,-47.745221,218.970533,0.99548976,0.09464406,-0.00037017,0.00651938,-0.13504436,-0.02740097,0.03929084,11.1100,141.5782,1801.8594,0.01600901,-0.01096416,0.669912,0.01415029,-0.00125200,-0.01337850,0.00202379,0.01648367,0.00193925,-0.01648367,-0.00193925,-130.9719,46.1120,-106.6860,-11.807977,2.302636,-19.233661,16.47375361,44.11520295,1341.5782
8.250000,4393260.592663,4259626.698696,1797447.723865,-48.945140,-47.688966,218.853519,0.99555685,0.09392170,-0.00053752,0.00670714,-0.15515778,-0.02996820,0.04153925,11.1100,141.5437,1804.1531,0.01576062,-0.01111704,0.669567,0.01415029,-0.00125200,-0.01337850,0.00202379,0.01745329,0.00290888,-0.01648367,-0.00096963,-130.8102,46.4268,-105.7067,-11.796949,2.344968,-19.148188,16.47377434,44.11520293,1341.5437
8.260000,4393260.103079,4259626.222078,1797449.911812,-48.971785,-47.634806,218.735860,0.99562534,0.09317699,-0.00073064,0.00690640,-0.14444107,-0.03712246,0.04480611,11.1100,141.5091,1806.4456,0.01547134,-0.01128621,0.669222,0.01264768,-0.00297347,-0.01190443,0.00371672,0.01648367,0.00096963,-0.01648367,-0.00096963,-130.6490,46.8380,-102.5521,-11.786471,2.396431,-18.866965,16.47379505,44.11520291,1341.5091
8.270000,4393259.613221,4259625.745997,1797452.098581,-49.000063,-47.581564,218.617818,0.99568829,0.09248389,-0.00095514,0.00711613,-0.13447152,-0.04217922,0.04686578,11.1100,141.4743,1808.7369,0.01514502,-0.01148203,0.668878,0.01264768,-0.00297347,-0.01190443,0.00371672,0.01648367,0.00096963,-0.01648367,-0.00096963,-130.4881,47.8829,-100.6765,-11.776664,2.503931,-18.700663,16.47381576,44.11520290,1341.4743
8.280000,4393259.123065,4259625.270433,1797454.284163,-49.031591,-47.531434,218.498598,0.99574160,0.09188819,-0.00123046,0.00732837,-0.10566607,-0.05744205,0.04767239,11.1100,141.4394,1811.0270,0.01476627,-0.01169870,0.668534,0.01264768,-0.00297347,-0.01190443,0.00371672,0.01454441,-0.00096963,-0.01551404,0.00000000,-130.3276,49.0319,-95.6203,-11.767897,2.618931,-18.247708,16.47383645,44.11520289,1341.4394
8.290000,4393258.632582,4259624.795366,1797456.468551,-49.065334,-47.482187,218.378881,0.99578394,0.09140667,-0.00156762,0.00753076,-0.08863549,-0.06742231,0.04522343,11.1100,141.4043,1813.3160,0.01430765,-0.01192224,0.668191,0.01264768,-0.00297347,-0.01190443,0.00371672,0.01454441,0.00000000,-0.01551404,0.00000000,-130.1676,50.6877,-93.5659,-11.760373,2.777351,-18.064506,16.47385714,44.11520289,1341.4043
8.300000,4393258.141748,4259624.320779,1797458.651737,-49.101804,-47.435543,218.258215,0.99581843,0.09100731,-0.00195419,0.00771389,-0.07280103,-0.07800211,0.04181463,11.1100,141.3689,1815.6037,0.01373419,-0.01212767,0.667849,0.01110680,-0.00536693,-0.01038724,0.00608649,0.01357478,0.00000000,-0.01551404,0.00096963,-130.0080,51.7404,-89.4172,-11.753824,2.879904,-17.692484,16.47387781,44.11520289,1341.3689
8.310000,4393257.650538,4259623.846647,1797460.833713,-49.140599,-47.391237,218.136748,0.99584571,0.09068432,-0.00238123,0.00787438,-0.05807903,-0.08456415,0.03768707,11.1100,141.3333,1817.8903,0.01307633,-0.01229740,0.667507,0.01110680,-0.00536693,-0.01038724,0.00608649,0.01357478,0.00000000,-0.01551404,0.00096963,-129.8488,52.5895,-85.7790,-11.748075,2.962665,-17.366130,16.47389848,44.11520290,1341.3333
8.320000,4393257.158928,4259623.372946,1797463.014469,-49.181691,-47.349589,218.014422,0.99586637,0.09043223,-0.00282802,0.00801123,-0.04439150,-0.08694992,0.03310821,11.1100,141.2974,1820.1757,0.01234920,-0.01242409,0.667166,0.01110680,-0.00536693,-0.01038724,0.00608649,0.01357478,0.00000000,-0.01551404,0.00096963,-129.6901,53.1973,-81.7464,-11.742720,3.022336,-17.004009,16.47391913,44.11520292,1341.2974
8.330000,4393256.666897,4259622.899646,1797465.193998,-49.224925,-47.310767,217.891236,0.99588099,0.09024593,-0.00327375,0.00812476,-0.03166580,-0.08523233,0.02835420,11.1100,141.2611,1822.4600,0.01159497,-0.01250310,0.666825,0.01110680,-0.00536693,-0.01038724,0.00608649,0.01357478,0.00000000,-0.01551404,0.00096963,-129.5318,53.5411,-77.5496,-11.737353,3.056969,-16.626864,16.47393977,44.11520294,1341.2611
8.340000,4393256.174422,4259622.426688,1797467.372285,-49.270527,-47.281391,217.765806,0.99588211,0.09020238,-0.00377088,0.00825463,0.01402128,-0.10752560,0.04087378,11.1100,141.2245,1824.7430,0.01085535,-0.01253260,0.666486,0.00846284,-0.00772589,-0.00774596,0.00844277,0.01357478,-0.00775702,-0.01357478,0.00387851,-129.3740,49.3278,-67.2261,-11.733083,2.678678,-15.697739,16.47396040,44.11520296,1341.2245
8.350000,4393255.681471,4259621.954004,1797469.549309,-49.320325,-47.255788,217.638842,0.99587170,0.09027350,-0.00438881,0.00842595,0.01305774,-0.13170553,0.04936225,11.1100,141.1874,1827.0249,0.01005863,-0.01261505,0.666147,0.00846284,-0.00772589,-0.00774596,0.00844277,0.01260516,-0.00678739,-0.01163553,0.00581776,-129.2168,50.7543,-61.0519,-11.731316,2.805819,-15.141655,16.47398102,44.11520299,1341.1874
8.360000,4393255.188001,4259621.481560,1797471.725056,-49.374385,-47.233800,217.510350,0.99585824,0.09036498,-0.00511942,0.00862142,0.02178225,-0.15146032,0.05449224,11.1100,141.1499,1829.3056,0.00905493,-0.01279310,0.665809,0.00846284,-0.00772589,-0.00774596,0.00844277,0.01163553,-0.00678739,-0.01163553,0.00581776,-129.0600,52.1956,-55.2063,-11.731839,2.933927,-14.615039,16.47400163,44.11520303,1341.1499
8.370000,4393254.693969,4259621.009315,1797473.899510,-49.432745,-47.215854,217.380225,0.99583973,0.09049888,-0.00593213,0.00883169,0.02989157,-0.16394126,0.05812948,11.1100,141.1118,1831.5852,0.00785609,-0.01303280,0.665472,0.00846284,-0.00772589,-0.00774596,0.00844277,0.01163553,-0.00678739,-0.01163553,0.00581776,-128.9038,53.4724,-48.7632,-11.734039,3.046429,-14.034457,16.47402223,44.11520307,1341.1118
8.380000,4393254.199325,4259620.537224,1797476.072652,-49.496806,-47.203031,217.247898,0.99581427,0.09069627,-0.00680376,0.00904609,0.04701623,-0.17495930,0.05814979,11.1100,141.0731,1833.8635,0.00652329,-0.01331053,0.665135,0.00524008,-0.01180881,-0.00451410,0.01253479,0.01066590,-0.00775702,-0.01066590,0.00581776,-128.7479,55.4160,-40.1448,-11.737448,3.217739,-13.257801,16.47404282,44.11520311,1341.0731
8.390000,4393253.704012,4259620.065229,1797478.244459,-49.566527,-47.196774,217.113053,0.99578659,0.09090401,-0.00773616,0.00925638,0.03422649,-0.18825490,0.05867709,11.1100,141.0336,1836.1407,0.00510876,-0.01359820,0.664800,0.00524008,-0.01180881,-0.00451410,0.01253479,0.00969627,-0.00775702,-0.00969627,0.00872665,-128.5925,56.4408,-30.1518,-11.742079,3.306173,-12.357336,16.47406340,44.11520316,1341.0336
8.400000,4393253.207972,4259619.593268,1797480.414905,-49.642255,-47.196439,216.975710,0.99576531,0.09102676,-0.00872928,0.00945418,0.00947806,-0.19989571,0.05633133,11.1100,140.9934,1838.4168,0.00361228,-0.01388487,0.664464,0.00524008,-0.01180881,-0.00451410,0.01253479,0.00969627,-0.00872665,-0.00775702,0.00872665,-128.4375,58.4049,-20.6993,-11.747899,3.480807,-11.505763,16.47408397,44.11520322,1340.9934
8.410000,4393252.711151,4259619.121279,1797482.583965,-49.722897,-47.202371,216.836023,0.99575785,0.09098296,-0.00976976,0.00964120,-0.02933116,-0.20610266,0.05595496,11.1100,140.9524,1840.6916,0.00203024,-0.01415290,0.664130,0.00524008,-0.01180881,-0.00451410,0.01253479,0.00969627,-0.00872665,-0.00775702,0.01066590,-128.2830,58.8324,-11.2692,-11.754632,3.520384,-10.656747,16.47410453,44.11520328,1340.9524
8.420000,4393252.213489,4259618.649199,1797484.751615,-49.810236,-47.214605,216.693518,0.99575737,0.09084907,-0.01083883,0.00980934,-0.02733122,-0.21158939,0.05023390,11.1100,140.9104,1842.9653,0.00038739,-0.01440928,0.663796,0.00118483,-0.01581800,-0.00045479,0.01654804,0.00678739,-0.00969627,-0.00775702,0.01066590,-128.1288,61.0901,-0.5597,-11.761908,3.726452,-9.692844,16.47412508,44.11520334,1340.9104
8.430000,4393251.714930,4259618.176965,1797486.917827,-49.902353,-47.233057,216.548640,0.99575715,0.09070110,-0.01191578,0.00995063,-0.03498101,-0.21020142,0.04565169,11.1100,140.8673,1845.2379,-0.00127470,-0.01462615,0.663462,0.00118483,-0.01581800,-0.00045479,0.01654804,0.00678739,-0.00969627,-0.00775702,0.01163553,-127.9750,61.6872,8.8238,-11.769315,3.783327,-8.848290,16.47414561,44.11520342,1340.8673
8.440000,4393251.215427,4259617.704519,1797489.082580,-49.999033,-47.257107,216.401539,0.99575970,0.09051629,-0.01296256,0.01006954,-0.04209693,-0.20034052,0.04043614,11.1100,140.8232,1847.5092,-0.00292099,-0.01478903,0.663129,0.00118483,-0.01581800,-0.00045479,0.01654804,0.00678739,-0.00969627,-0.00775702,0.01163553,-127.8214,62.4688,17.6746,-11.776116,3.857515,-8.051789,16.47416614,44.11520349,1340.8232
8.450000,4393250.714930,4259617.231789,1797491.245847,-50.101635,-47.289662,216.251224,0.99574741,0.09048836,-0.01397843,0.01017626,0.01572828,-0.20150200,0.03656952,11.1100,140.7778,1849.7794,-0.00447783,-0.01489941,0.662796,0.00118483,-0.01581800,-0.00045479,0.01654804,0.00387851,-0.01454441,-0.00775702,0.01163553,-127.6682,62.0264,29.8214,-11.782344,3.818498,-6.958025,16.47418666,44.11520357,1340.7778
8.460000,4393250.213369,4259616.758691,1797493.407591,-50.211300,-47.330841,216.097342,0.99572359,0.09057202,-0.01504274,0.01024499,0.01465441,-0.21901787,0.02893996,11.1100,140.7311,1852.0484,-0.00592577,-0.01497715,0.662463,-0.00283368,-0.01913081,0.00355546,0.01985259,0.00290888,-0.01648367,-0.00096963,0.01454441,-127.5152,63.7557,43.6205,-11.789493,3.972786,-5.715078,16.47420716,44.11520365,1340.7311
8.470000,4393249.710692,4259616.285153,1797495.567786,-50.324601,-47.377861,215.941303,0.99569842,0.09065165,-0.01616964,0.01027035,0.01528727,-0.22828238,0.02199050,11.1100,140.6830,1854.3163,-0.00742434,-0.01498240,0.662131,-0.00283368,-0.01913081,0.00355546,0.01985259,0.00290888,-0.01648367,-0.00096963,0.01454441,-127.3625,63.6681,51.4863,-11.797804,3.963633,-5.006118,16.47422766,44.11520374,1340.6830
8.480000,4393249.206864,4259615.811103,1797497.726407,-50.441680,-47.433298,215.782469,0.99567753,0.09066356,-0.01734529,0.01027187,-0.01411654,-0.23859181,0.02129985,11.1100,140.6335,1856.5830,-0.00902320,-0.01491412,0.661799,-0.00283368,-0.01913081,0.00355546,0.01985259,0.00290888,-0.01745329,0.00000000,0.01745329,-127.2099,61.7937,62.2512,-11.807033,3.794958,-4.036364,16.47424814,44.11520384,1340.6335
8.490000,4393248.701846,4259615.336466,1797499.883428,-50.562483,-47.495057,215.621266,0.99566761,0.09053441,-0.01855095,0.01026607,-0.04148794,-0.23985803,0.02109637,11.1100,140.5823,1858.8485,-0.01068151,-0.01481543,0.661467,-0.00283368,-0.01913081,0.00355546,0.01985259,0.00290888,-0.01745329,0.00000000,0.01745329,-127.0576,61.1964,70.9746,-11.816829,3.743972,-3.250783,16.47426861,44.11520393,1340.5823
8.500000,4393248.195590,4259614.861182,1797502.038822,-50.689237,-47.562901,215.457138,0.99566195,0.09034538,-0.01975444,0.01023472,-0.03866549,-0.23842516,0.01156029,11.1100,140.5295,1861.1128,-0.01236715,-0.01471127,0.661135,-0.00749682,-0.02243030,0.00822002,0.02315350,0.00000000,-0.01745329,0.00096963,0.01648367,-126.9055,62.8963,81.2729,-11.826542,3.900915,-2.323612,16.47428908,44.11520403,1340.5295
8.510000,4393247.688051,4259614.385187,1797504.192563,-50.819110,-47.637093,215.290715,0.99565464,0.09017038,-0.02092547,0.01016177,-0.03603539,-0.22861345,0.00332337,11.1100,140.4749,1863.3759,-0.01401336,-0.01454967,0.660803,-0.00749682,-0.02243030,0.00822002,0.02315350,0.00000000,-0.01745329,0.00096963,0.01648367,-126.7534,61.9077,89.9611,-11.835557,3.815567,-1.541282,16.47430953,44.11520414,1340.4749
8.520000,4393247.179199,4259613.908420,1797506.344629,-50.951504,-47.717377,215.122188,0.99564667,0.09000798,-0.02202505,0.01005826,-0.03358463,-0.21130799,-0.00324233,11.1100,140.4185,1865.6379,-0.01556890,-0.01430336,0.660471,-0.00749682,-0.02243030,0.00822002,0.02315350,0.00000000,-0.01745329,0.00096963,0.01648367,-126.6015,60.4780,98.1974,-11.843138,3.690245,-0.799588,16.47432997,44.11520425,1340.4185
8.530000,4393246.668999,4259613.430816,1797508.494995,-51.088876,-47.804325,214.950771,0.99562779,0.08997617,-0.02305137,0.00991120,0.01571482,-0.20175648,-0.01764584,11.1100,140.3602,1867.8986,-0.01695664,-0.01398891,0.660139,-0.00749682,-0.02243030,0.00822002,0.02315350,-0.00581776,-0.01745329,0.00096963,0.01745329,-126.4498,61.0107,108.8034,-11.849247,3.738982,0.155836,16.47435040,44.11520436,1340.3602
8.540000,4393246.157419,4259612.952315,1797510.643639,-51.227104,-47.896680,214.777817,0.99558855,0.09018198,-0.02400736,0.00971051,0.06160562,-0.18651814,-0.02915791,11.1100,140.3000,1870.1582,-0.01816588,-0.01357187,0.659807,-0.01142861,-0.02418096,0.01214473,0.02489708,-0.00581776,-0.01745329,0.00096963,0.01745329,-126.2981,58.6389,115.1542,-11.853931,3.521640,0.729083,16.47437082,44.11520447,1340.3000
8.550000,4393245.644450,4259612.472855,1797512.790543,-51.366741,-47.996055,214.602801,0.99553021,0.09060875,-0.02489891,0.00947114,0.10431841,-0.17864034,-0.03737011,11.1100,140.2377,1872.4165,-0.01922035,-0.01304382,0.659475,-0.01142861,-0.02418096,0.01214473,0.02489708,-0.00581776,-0.02036217,0.00387851,0.01745329,-126.1467,55.7011,123.4683,-11.857336,3.249031,1.479790,16.47439123,44.11520459,1340.2377
8.560000,4393245.130086,4259611.992378,1797514.935692,-51.505862,-48.100231,214.426740,0.99545365,0.09124091,-0.02573564,0.00920926,0.14406941,-0.16658429,-0.04206054,11.1100,140.1733,1874.6737,-0.02012210,-0.01243784,0.659143,-0.01142861,-0.02418096,0.01214473,0.02489708,-0.00581776,-0.02036217,0.00387851,0.01745329,-125.9955,52.3770,128.1449,-11.859672,2.937654,1.903811,16.47441163,44.11520471,1340.1733
8.570000,4393244.614336,4259611.510836,1797517.079075,-51.644014,-48.208801,214.249851,0.99536025,0.09206359,-0.02650053,0.00894412,0.18106014,-0.15117470,-0.04320276,11.1100,140.1068,1876.9297,-0.02090170,-0.01178920,0.658811,-0.01142861,-0.02418096,0.01214473,0.02489708,-0.00581776,-0.02036217,0.00387851,0.01745329,-125.8445,48.8565,132.1890,-11.860642,2.604880,2.271560,16.47443202,44.11520483,1340.1068
8.580000,4393244.097191,4259611.028186,1797519.220681,-51.784561,-48.321833,214.071230,0.99527467,0.09280550,-0.02721489,0.00864976,0.11275063,-0.14724135,-0.05462823,11.1100,140.0381,1879.1845,-0.02152510,-0.01113350,0.658480,-0.01426476,-0.02401331,0.01501443,0.02476298,-0.00581776,-0.01842292,0.01066590,0.01939255,-125.6939,48.5394,138.6286,-11.860581,2.561981,2.854623,16.47445239,44.11520496,1340.0381
8.590000,4393243.578651,4259610.544387,1797521.360498,-51.923092,-48.438696,213.892194,0.99521984,0.09322032,-0.02790202,0.00830211,0.04916385,-0.14089422,-0.06190833,11.1100,139.9672,1881.4380,-0.02203019,-0.01041261,0.658150,-0.01426476,-0.02401331,0.01501443,0.02476298,-0.00581776,-0.01842292,0.01066590,0.01939255,-125.5436,44.6072,141.1494,-11.859865,2.199971,3.083773,16.47447276,44.11520509,1339.9672
8.600000,4393243.058727,4259610.059398,1797523.498521,-52.061401,-48.559652,213.712202,0.99518496,0.09342462,-0.02856977,0.00790538,0.02721627,-0.14045273,-0.07251820,11.1100,139.8941,1883.6904,-0.02248162,-0.00959959,0.657819,-0.01426476,-0.02401331,0.01501443,0.02476298,-0.00969627,-0.01842292,0.01066590,0.01939255,-125.3936,42.0523,145.2249,-11.858688,1.965972,3.452093,16.47449312,44.11520521,1339.8941
8.610000,4393242.537432,4259609.573152,1797525.634735,-52.197092,-48.690153,213.530548,0.99514903,0.09361751,-0.02928960,0.00750209,0.04396820,-0.16169638,-0.06254198,11.1100,139.8187,1885.9416,-0.02288776,-0.00869769,0.657489,-0.01426476,-0.02401331,0.01501443,0.02476298,-0.01163553,-0.02424068,0.01066590,0.02327106,-125.2440,33.5343,152.6672,-11.858540,1.195461,4.123491,16.47451346,44.11520534,1339.8187
8.620000,4393242.014785,4259609.085583,1797527.769129,-52.332096,-48.824260,213.348114,0.99510358,0.09386683,-0.03011568,0.00713606,0.05027871,-0.18147643,-0.05442268,11.1100,139.7411,1888.1915,-0.02336910,-0.00782581,0.657160,-0.01690760,-0.02325408,0.01766476,0.02401125,-0.01260516,-0.02327106,0.01163553,0.02327106,-125.0947,30.3375,155.3375,-11.860559,0.902840,4.365720,16.47453379,44.11520547,1339.7411
8.630000,4393241.490794,4259608.596652,1797529.901694,-52.466029,-48.962730,213.164772,0.99505131,0.09414550,-0.03103411,0.00681204,0.05615159,-0.19691839,-0.04280239,11.1100,139.6611,1890.4403,-0.02404292,-0.00705869,0.656831,-0.01690760,-0.02325408,0.01766476,0.02401125,-0.01260516,-0.02327106,0.01163553,0.02327106,-124.9457,26.3212,158.5673,-11.864481,0.535929,4.658560,16.47455412,44.11520560,1339.6611
8.640000,4393240.965465,4259608.106314,1797532.032420,-52.599722,-49.105697,212.980221,0.99499282,0.09445067,-0.03202318,0.00654775,0.06161727,-0.20741861,-0.02843465,11.1100,139.5787,1892.6878,-0.02487858,-0.00640682,0.656502,-0.01690760,-0.02325408,0.01766476,0.02401125,-0.01260516,-0.02327106,0.01163553,0.02327106,-124.7969,22.9413,162.6661,-11.869909,0.225820,5.029846,16.47457443,44.11520573,1339.5787
8.650000,4393240.438797,4259607.614524,1797534.161293,-52.733967,-49.253053,212.794236,0.99492890,0.09477977,-0.03305853,0.00635712,0.06670385,-0.21265287,-0.01218011,11.1100,139.4940,1894.9341,-0.02582661,-0.00589883,0.656173,-0.01690760,-0.02325408,0.01766476,0.02401125,-0.01260516,-0.02327106,0.01163553,0.02327106,-124.6483,20.3409,167.3748,-11.876389,-0.014530,5.456217,16.47459473,44.11520586,1339.4940
8.660000,4393239.910776,4259607.121241,1797536.288298,-52.870623,-49.404112,212.606455,0.99485371,0.09520073,-0.03411755,0.00623716,0.09915491,-0.21454568,-0.00070682,11.1100,139.4068,1897.1792,-0.02683385,-0.00555473,0.655844,-0.01996905,-0.02543528,0.02073967,0.02620590,-0.01454441,-0.02327106,0.01163553,0.02230143,-124.4999,19.9762,172.8676,-11.883472,-0.055379,5.953582,16.47461502,44.11520598,1339.4068
8.670000,4393239.381380,4259606.626426,1797538.413417,-53.008823,-49.559471,212.416934,0.99475955,0.09579843,-0.03518274,0.00618666,0.13860526,-0.21319558,0.01319626,11.1100,139.3172,1899.4231,-0.02785371,-0.00535498,0.655515,-0.01996905,-0.02543528,0.02073967,0.02620590,-0.01454441,-0.02424068,0.01163553,0.02230143,-124.3516,18.5284,178.4332,-11.890817,-0.197087,6.458220,16.47463530,44.11520611,1339.3172
8.680000,4393238.850592,4259606.130041,1797540.536631,-53.149088,-49.718083,212.225778,0.99464579,0.09658282,-0.03623413,0.00621335,0.17534434,-0.20690238,0.02677484,11.1100,139.2251,1901.6658,-0.02885225,-0.00529749,0.655186,-0.01996905,-0.02543528,0.02073967,0.02620590,-0.01454441,-0.02424068,0.01163553,0.02230143,-124.2033,18.2946,183.4415,-11.898049,-0.233072,6.913447,16.47465556,44.11520623,1339.2251
8.690000,4393238.318365,4259605.632046,1797542.657917,-53.296762,-49.881390,212.031123,0.99453040,0.09735717,-0.03730429,0.00626472,0.13588252,-0.21965119,0.02392686,11.1100,139.1305,1903.9072,-0.02979067,-0.00538903,0.654857,-0.01996905,-0.02543528,0.02073967,0.02620590,-0.01648367,-0.02424068,0.01939255,0.02424068,-124.0551,22.4450,193.5647,-11.905696,0.125787,7.829114,16.47467582,44.11520635,1339.1305
8.700000,4393237.784650,4259605.132403,1797544.777248,-53.446669,-50.047709,211.834784,0.99443009,0.09794282,-0.03842456,0.00628843,0.09911650,-0.22716868,0.02053636,11.1100,139.0332,1906.1474,-0.03072170,-0.00551713,0.654527,-0.02181608,-0.02814301,0.02262277,0.02894970,-0.01648367,-0.02424068,0.01939255,0.02424068,-123.9068,23.0720,198.1034,-11.914241,0.171142,8.241545,16.47469606,44.11520648,1339.0332
8.710000,4393237.249424,4259604.631080,1797546.894607,-53.598810,-50.217336,211.636649,0.99434482,0.09835266,-0.03956812,0.00628524,0.06486209,-0.22928789,0.01684422,11.1100,138.9333,1908.3864,-0.03173706,-0.00560083,0.654197,-0.02181608,-0.02814301,0.02262277,0.02894970,-0.01648367,-0.02424068,0.01939255,0.02424068,-123.7585,23.4627,203.1020,-11.923179,0.198622,8.694788,16.47471630,44.11520660,1338.9333
8.720000,4393236.712666,4259604.128045,1797549.009975,-53.753055,-50.390375,211.436703,0.99427461,0.09859867,-0.04070811,0.00625718,0.03294861,-0.22612174,0.01309964,11.1100,138.8306,1910.6241,-0.03278204,-0.00563715,0.653867,-0.02181608,-0.02814301,0.02262277,0.02894970,-0.01648367,-0.02424068,0.01939255,0.02424068,-123.6103,23.6040,208.2749,-11.931991,0.206800,9.163146,16.47473652,44.11520671,1338.8306
8.730000,4393236.174357,4259603.623262,1797551.123335,-53.909157,-50.566744,211.235023,0.99421956,0.09869196,-0.04181905,0.00620740,0.00321763,-0.21804490,0.00954697,11.1100,138.7252,1912.8605,-0.03380275,-0.00562551,0.653537,-0.02181608,-0.02814301,0.02262277,0.02894970,-0.01648367,-0.02424068,0.01939255,0.02424068,-123.4621,23.4954,213.3407,-11.940187,0.195405,9.621271,16.47475673,44.11520683,1338.7252
8.740000,4393235.634476,4259603.116685,1797553.234666,-54.067339,-50.749078,211.030829,0.99417133,0.09871153,-0.04291297,0.00615388,0.00300019,-0.21921712,0.01213437,11.1100,138.6169,1915.0957,-0.03474880,-0.00556780,0.653206,-0.02356756,-0.02941024,0.02437592,0.03021860,-0.01842292,-0.02714957,0.01939255,0.02617994,-123.3128,21.8067,221.1677,-11.947932,0.043206,10.327662,16.47477693,44.11520695,1338.6169
8.750000,4393235.092999,4259602.608270,1797555.343945,-54.228166,-50.934505,210.824710,0.99411723,0.09877584,-0.04401132,0.00610575,0.02109858,-0.21982078,0.01112081,11.1100,138.5059,1917.3296,-0.03563030,-0.00550702,0.652875,-0.02356756,-0.02941024,0.02437592,0.03021860,-0.02036217,-0.02714957,0.01939255,0.02617994,-123.1609,22.3777,226.4178,-11.955545,0.093545,10.802345,16.47479712,44.11520706,1338.5059
8.760000,4393234.549907,4259602.097985,1797557.451155,-54.390488,-51.122812,210.617032,0.99405366,0.09892700,-0.04510076,0.00605802,0.03795865,-0.21608498,0.01043292,11.1100,138.3919,1919.5623,-0.03649891,-0.00545481,0.652543,-0.02356756,-0.02941024,0.02437592,0.03021860,-0.02036217,-0.02714957,0.01939255,0.02617994,-123.0090,22.0773,230.7125,-11.962988,0.063764,11.191392,16.47481730,44.11520717,1338.3919
8.770000,4393234.005185,4259601.585804,1797559.556280,-54.554155,-51.313827,210.407879,0.99398216,0.09915889,-0.04616079,0.00601417,0.05366370,-0.20838916,0.01005555,11.1100,138.2749,1921.7936,-0.03733347,-0.00540167,0.652212,-0.02356756,-0.02941024,0.02437592,0.03021860,-0.02036217,-0.02714957,0.01939255,0.02617994,-122.8574,21.7746,234.8428,-11.969881,0.032229,11.565953,16.47483746,44.11520728,1338.2749
8.780000,4393233.458814,4259601.071697,1797561.659305,-54.720302,-51.508040,210.196782,0.99390873,0.09941283,-0.04719046,0.00596513,0.04858276,-0.20468451,0.00647513,11.1100,138.1550,1924.0237,-0.03809346,-0.00535052,0.651880,-0.02515053,-0.03068473,0.02596244,0.03149664,-0.02036217,-0.02714957,0.02133180,0.02714957,-122.7061,21.9295,239.9278,-11.976204,0.041434,12.026522,16.47485761,44.11520739,1338.1550
8.790000,4393232.910771,4259600.555632,1797563.760209,-54.888618,-51.705314,209.983861,0.99383796,0.09963585,-0.04820898,0.00589094,0.04238015,-0.20517660,-0.00006927,11.1100,138.0321,1926.2525,-0.03877311,-0.00528081,0.651548,-0.02515053,-0.03068473,0.02596244,0.03149664,-0.02133180,-0.02714957,0.02230143,0.02811919,-122.5552,21.9684,244.5531,-11.982290,0.040779,12.445619,16.47487776,44.11520749,1338.0321
8.800000,4393232.361038,4259600.037577,1797565.858976,-55.057914,-51.906138,209.769307,0.99376485,0.09986842,-0.04923656,0.00578718,0.04862738,-0.20886599,-0.00443000,11.1100,137.9061,1928.4799,-0.03941548,-0.00515818,0.651216,-0.02515053,-0.03068473,0.02596244,0.03149664,-0.02327106,-0.02908882,0.02327106,0.02811919,-122.4045,21.7162,249.8318,-11.988512,0.013707,12.923624,16.47489789,44.11520760,1337.9061
8.810000,4393231.809611,4259599.517501,1797567.955592,-55.227593,-52.109461,209.553570,0.99368720,0.10013184,-0.05027195,0.00566482,0.05444455,-0.20919807,-0.00772172,11.1100,137.7770,1930.7061,-0.04006347,-0.00498288,0.650884,-0.02515053,-0.03068473,0.02596244,0.03149664,-0.02327106,-0.02908882,0.02327106,0.02811919,-122.2539,20.7636,252.8936,-11.994853,-0.077023,13.202268,16.47491800,44.11520770,1337.7770
8.820000,4393231.256485,4259598.995385,1797570.050045,-55.397729,-52.314273,209.336905,0.99360654,0.10042411,-0.05128879,0.00552261,0.05986079,-0.20247283,-0.01359723,11.1100,137.6448,1932.9309,-0.04071849,-0.00477576,0.650552,-0.02695392,-0.03139404,0.02777685,0.03221697,-0.02327106,-0.02811919,0.02327106,0.02714957,-122.1035,20.5396,255.1207,-12.000800,-0.102752,13.405900,16.47493811,44.11520779,1337.6448
8.830000,4393230.701658,4259598.471202,1797572.142325,-55.567633,-52.522603,209.118939,0.99352382,0.10074290,-0.05227304,0.00536867,0.06646561,-0.19719895,-0.01454923,11.1100,137.5094,1935.1544,-0.04133201,-0.00452614,0.650220,-0.02695392,-0.03139404,0.02777685,0.03221697,-0.02327106,-0.02908882,0.02327106,0.02811919,-121.9534,18.3170,258.9319,-12.006119,-0.308903,13.752204,16.47495820,44.11520789,1337.5094
8.840000,4393230.145129,4259597.944927,1797574.232420,-55.738216,-52.732746,208.899895,0.99343996,0.10107857,-0.05322665,0.00520471,0.06346016,-0.19082119,-0.01912815,11.1100,137.3709,1937.3766,-0.04186836,-0.00425497,0.649888,-0.02695392,-0.03139404,0.02777685,0.03221697,-0.02424068,-0.02811919,0.02327106,0.02811919,-121.8038,17.7811,261.4403,-12.010862,-0.363588,13.981286,16.47497829,44.11520798,1337.3709
8.850000,4393229.586894,4259597.416537,1797576.320319,-55.908670,-52.945574,208.679765,0.99335880,0.10139318,-0.05415256,0.00502194,0.05920094,-0.18657883,-0.02235889,11.1100,137.2292,1939.5975,-0.04233519,-0.00395838,0.649556,-0.02695392,-0.03139404,0.02777685,0.03221697,-0.02521031,-0.02811919,0.02424068,0.02908882,-121.6548,16.6539,264.9056,-12.015069,-0.471109,14.296387,16.47499836,44.11520807,1337.2292
8.860000,4393229.026958,4259596.886009,1797578.406013,-56.078285,-53.160308,208.458992,0.99328022,0.10168776,-0.05505173,0.00482899,0.05522960,-0.18056640,-0.02382551,11.1100,137.0843,1941.8170,-0.04273845,-0.00362541,0.649225,-0.02820521,-0.03170828,0.02904159,0.03254466,-0.02521031,-0.02811919,0.02424068,0.02908882,-121.5062,14.9118,266.7002,-12.018777,-0.633617,14.461020,16.47501841,44.11520816,1337.0843
8.870000,4393228.465331,4259596.353326,1797580.489497,-56.247068,-53.376756,208.237641,0.99320456,0.10196319,-0.05591714,0.00463553,0.04841915,-0.17379506,-0.02415638,11.1100,136.9362,1944.0352,-0.04308334,-0.00327413,0.648894,-0.02820521,-0.03170828,0.02904159,0.03254466,-0.02521031,-0.02811919,0.02424068,0.02908882,-121.3583,13.0907,268.1971,-12.021874,-0.802877,14.598734,16.47503846,44.11520824,1336.9362
8.880000,4393227.902017,4259595.818469,1797582.570764,-56.415541,-53.594767,208.015608,0.99313761,0.10216090,-0.05675537,0.00443374,0.02717615,-0.16916516,-0.02586417,11.1100,136.7848,1946.2520,-0.04335467,-0.00292187,0.648563,-0.02820521,-0.03170828,0.02904159,0.03254466,-0.02521031,-0.02811919,0.02617994,0.02908882,-121.2110,12.1511,270.1876,-12.024482,-0.891317,14.780548,16.47505849,44.11520832,1336.7848
8.890000,4393227.337025,4259595.281426,1797584.649808,-56.582692,-53.814027,207.793301,0.99308185,0.10225681,-0.05756848,0.00422483,0.00738575,-0.16372291,-0.02572101,11.1100,136.6302,1948.4675,-0.04356531,-0.00255356,0.648233,-0.02820521,-0.03170828,0.02904159,0.03254466,-0.02521031,-0.02811919,0.02617994,0.02908882,-121.0643,10.2489,270.9712,-12.026643,-1.064451,14.853287,16.47507852,44.11520840,1336.6302
8.900000,4393226.770366,4259594.742182,1797586.726628,-56.748849,-54.034919,207.570515,0.99303624,0.10225740,-0.05836353,0.00401762,-0.01105046,-0.16154660,-0.02376721,11.1100,136.4723,1950.6817,-0.04372274,-0.00217598,0.647903,-0.02897406,-0.03137664,0.02981587,0.03221846,-0.02617994,-0.02811919,0.02617994,0.03005845,-120.9182,8.3150,272.3545,-12.028515,-1.238614,14.979604,16.47509852,44.11520847,1336.4723
8.910000,4393226.202051,4259594.200719,1797588.801216,-56.913951,-54.257768,207.347170,0.99299191,0.10223596,-0.05916271,0.00382757,-0.00135275,-0.16458480,-0.01827127,11.1100,136.3112,1952.8944,-0.04383669,-0.00180805,0.647574,-0.02897406,-0.03137664,0.02981587,0.03221846,-0.02714957,-0.03005845,0.02617994,0.03005845,-120.7727,6.0099,273.9254,-12.030553,-1.445748,15.122756,16.47511852,44.11520854,1336.3112
8.920000,4393225.632091,4259593.657024,1797590.873570,-57.077980,-54.481328,207.123637,0.99294119,0.10225915,-0.05997831,0.00366961,0.00768170,-0.16695278,-0.01146096,11.1100,136.1469,1955.1059,-0.04394824,-0.00148441,0.647246,-0.02897406,-0.03137664,0.02981587,0.03221846,-0.02714957,-0.03005845,0.02617994,0.03005845,-120.6277,4.3916,274.1441,-12.033005,-1.591878,15.144435,16.47513851,44.11520860,1336.1469
8.930000,4393225.060492,4259593.111088,1797592.943686,-57.241654,-54.706096,206.899537,0.99288862,0.10227860,-0.06081689,0.00354578,-0.00176099,-0.17232191,-0.00375048,11.1100,135.9793,1957.3159,-0.04408492,-0.00123229,0.646918,-0.02897406,-0.03137664,0.02981587,0.03221846,-0.02714957,-0.03005845,0.02714957,0.03102808,-120.4829,3.1482,275.3649,-12.035996,-1.704162,15.256384,16.47515848,44.11520866,1335.9793
8.940000,4393224.487258,4259592.562903,1797595.011560,-57.405066,-54.930886,206.675186,0.99283637,0.10227303,-0.06167854,0.00345360,-0.00164331,-0.17475513,0.00260834,11.1100,135.8084,1959.5246,-0.04425462,-0.00105698,0.646591,-0.02955544,-0.03150798,0.03039428,0.03234682,-0.02714957,-0.03005845,0.02714957,0.03005845,-120.3383,2.7361,275.4345,-12.039515,-1.741090,15.264701,16.47517844,44.11520872,1335.8084
8.950000,4393223.912391,4259592.012468,1797597.077189,-57.568399,-55.156141,206.450384,0.99278261,0.10226598,-0.06255283,0.00339274,-0.00153386,-0.17608510,0.00918697,11.1100,135.6343,1961.7319,-0.04446209,-0.00095099,0.646264,-0.02955544,-0.03150798,0.03039428,0.03234682,-0.02714957,-0.03005845,0.02714957,0.03005845,-120.1940,2.2348,276.1492,-12.043361,-1.785978,15.331134,16.47519838,44.11520877,1335.6343
8.960000,4393223.335890,4259591.459779,1797599.140566,-57.731913,-55.381729,206.225086,0.99272767,0.10225733,-0.06343422,0.00336403,-0.00143209,-0.17629095,0.01565774,11.1100,135.4569,1963.9379,-0.04468470,-0.00091122,0.645938,-0.02955544,-0.03150798,0.03039428,0.03234682,-0.02714957,-0.03005845,0.02714957,0.03005845,-120.0500,2.0711,276.9468,-12.047434,-1.800416,15.405064,16.47521832,44.11520882,1335.4569
8.970000,4393222.757751,4259590.904833,1797601.201689,-57.895836,-55.607484,205.999267,0.99267191,0.10224709,-0.06431707,0.00336674,-0.00133745,-0.17540752,0.02171260,11.1100,135.2762,1966.1424,-0.04491104,-0.00093689,0.645613,-0.02955544,-0.03150798,0.03039428,0.03234682,-0.02714957,-0.03005845,0.02714957,0.03005845,-119.9063,2.2378,277.7684,-12.051627,-1.785041,15.481183,16.47523824,44.11520886,1335.2762
8.980000,4393222.177971,4259590.347630,1797603.260550,-58.060348,-55.833218,205.772931,0.99261567,0.10223536,-0.06519588,0.00339863,-0.00124944,-0.17352114,0.02707710,11.1100,135.0923,1968.3456,-0.04513004,-0.00102408,0.645288,-0.02958976,-0.03254987,0.03042712,0.03338723,-0.02714957,-0.03005845,0.02714957,0.03005845,-119.7631,2.7122,278.5566,-12.055833,-1.741901,15.554322,16.47525815,44.11520890,1335.0923
8.990000,4393221.596542,4259589.788170,1797605.317146,-58.225579,-56.058733,205.546100,0.99255931,0.10222233,-0.06606557,0.00345617,-0.00116755,-0.17076308,0.03152207,11.1100,134.9051,1970.5475,-0.04533143,-0.00116608,0.644963,-0.02958976,-0.03254987,0.03042712,0.03338723,-0.02714957,-0.03005845,0.02714957,0.03005845,-119.6203,3.4577,279.2586,-12.059952,-1.674295,15.619693,16.47527805,44.11520893,1334.9051
9.000000,4393221.013459,4259589.226457,1797607.371471,-58.391109,-56.283737,205.319005,0.99250571,0.10218577,-0.06691759,0.00353829,-0.00992780,-0.16544086,0.03669479,11.1100,134.7146,1972.7479,-0.04550622,-0.00135382,0.644639,-0.02958976,-0.03254987,0.03042712,0.03338723,-0.02617994,-0.03005845,0.02714957,0.03005845,-119.4780,3.9969,279.3983,-12.063823,-1.624781,15.634338,16.47529793,44.11520896,1334.7146
9.010000,4393220.428717,4259588.662497,1797609.423524,-58.557501,-56.508025,205.091545,0.99245749,0.10210555,-0.06774453,0.00364282,-0.01809145,-0.15973189,0.04053080,11.1100,134.5208,1974.9469,-0.04563961,-0.00158523,0.644316,-0.02958976,-0.03254987,0.03042712,0.03338723,-0.02617994,-0.03005845,0.02714957,0.03005845,-119.3363,5.1880,279.7698,-12.067310,-1.515714,15.669644,16.47531781,44.11520898,1334.5208
9.020000,4393219.842304,4259588.096299,1797611.473301,-58.725230,-56.731415,204.863640,0.99241193,0.10200742,-0.06854855,0.00375960,-0.01688962,-0.15577939,0.04110444,11.1100,134.3238,1977.1445,-0.04571614,-0.00185279,0.643994,-0.02901779,-0.03344247,0.02985170,0.03427637,-0.02714957,-0.03005845,0.02714957,0.03005845,-119.1954,6.9784,280.2806,-12.070439,-1.352344,15.717373,16.47533767,44.11520900,1334.3238
9.030000,4393219.254210,4259587.527873,1797613.520797,-58.893628,-56.953942,204.635500,0.99236649,0.10191495,-0.06933291,0.00387824,-0.01122159,-0.15282807,0.04124954,11.1100,134.1234,1979.3408,-0.04574208,-0.00213351,0.643672,-0.02901779,-0.03344247,0.02985170,0.03427637,-0.02714957,-0.03005845,0.02714957,0.03005845,-119.0551,8.3837,280.0940,-12.073249,-1.223752,15.702330,16.47535751,44.11520902,1334.1234
9.040000,4393218.664430,4259586.957222,1797615.566010,-59.062502,-57.176005,204.407067,0.99231342,0.10189320,-0.07011267,0.00400893,0.00708380,-0.15283865,0.04279725,11.1100,133.9198,1981.5356,-0.04572821,-0.00240905,0.643351,-0.02901779,-0.03344247,0.02985170,0.03427637,-0.02714957,-0.03199770,0.02714957,0.03005845,-118.9155,8.9032,280.5534,-12.076049,-1.176223,15.745725,16.47537735,44.11520903,1333.9198
9.050000,4393218.072958,4259586.384357,1797617.608938,-59.232051,-57.396812,204.178530,0.99225067,0.10195880,-0.07089281,0.00414987,0.02414491,-0.15297145,0.04290091,11.1100,133.7128,1983.7291,-0.04570253,-0.00270132,0.643030,-0.02901779,-0.03344247,0.02985170,0.03427637,-0.02714957,-0.03199770,0.02714957,0.03005845,-118.7765,10.3669,280.0817,-12.078916,-1.045370,15.705687,16.47539717,44.11520904,1333.7128
9.060000,4393217.479784,4259585.809292,1797619.649580,-59.402834,-57.615982,203.949832,0.99217435,0.10215087,-0.07167207,0.00428762,0.05755137,-0.15321261,0.03796579,11.1100,133.5026,1985.9211,-0.04567826,-0.00300392,0.642711,-0.02832378,-0.03429373,0.02915666,0.03512661,-0.02811919,-0.03199770,0.02714957,0.02908882,-118.6379,12.7218,279.6180,-12.081793,-0.836735,15.666899,16.47541698,44.11520904,1333.5026
9.070000,4393216.884901,4259585.232033,1797621.687932,-59.573742,-57.835532,203.720673,0.99208658,0.10243816,-0.07246470,0.00441685,0.06397702,-0.15876525,0.03704816,11.1100,133.2891,1988.1117,-0.04565617,-0.00328433,0.642392,-0.02832378,-0.03429373,0.02915666,0.03512661,-0.02811919,-0.03199770,0.02714957,0.03199770,-118.4998,12.8051,280.4415,-12.084949,-0.834396,15.744414,16.47543677,44.11520904,1333.2891
9.080000,4393216.288307,4259584.652586,1797623.723993,-59.745223,-58.053791,203.491440,0.99199103,0.10277902,-0.07327821,0.00453559,0.07718461,-0.16252908,0.03345675,11.1100,133.0723,1990.3010,-0.04566020,-0.00354516,0.642074,-0.02832378,-0.03429373,0.02915666,0.03512661,-0.02811919,-0.03199770,0.02714957,0.03102808,-118.3620,14.5127,279.6672,-12.088510,-0.686902,15.678421,16.47545656,44.11520904,1333.0723
9.090000,4393215.689996,4259584.070957,1797625.757759,-59.917004,-58.271929,203.261826,0.99188879,0.10316246,-0.07411217,0.00463934,0.08078110,-0.16773260,0.03073027,11.1100,132.8522,1992.4888,-0.04571053,-0.00377998,0.641757,-0.02832378,-0.03429373,0.02915666,0.03512661,-0.02811919,-0.03199770,0.02714957,0.03199770,-118.2246,15.2233,279.9881,-12.092455,-0.629966,15.711264,16.47547633,44.11520903,1332.8522
9.100000,4393215.089965,4259583.487149,1797627.789228,-60.089182,-58.489677,203.031875,0.99178214,0.10356430,-0.07496862,0.00472619,0.08412914,-0.17227858,0.02717411,11.1100,132.6288,1994.6751,-0.04580309,-0.00398416,0.641441,-0.02817936,-0.03486156,0.02902881,0.03571101,-0.02811919,-0.03199770,0.02714957,0.03199770,-118.0873,16.2082,280.0910,-12.096816,-0.548712,15.724654,16.47549608,44.11520902,1332.6288
9.110000,4393214.488212,4259582.901161,1797629.818395,-60.261600,-58.707782,202.801376,0.99166877,0.10400509,-0.07584835,0.00479850,0.09593128,-0.17780648,0.02478560,11.1100,132.4022,1996.8601,-0.04594276,-0.00415447,0.641125,-0.02817936,-0.03486156,0.02902881,0.03571101,-0.02811919,-0.03296733,0.02714957,0.03199770,-117.9502,16.5952,280.8586,-12.101610,-0.522031,15.798142,16.47551583,44.11520901,1332.4022
9.120000,4393213.884732,4259582.312993,1797631.845254,-60.434375,-58.925969,202.570366,0.99154662,0.10450341,-0.07675109,0.00485927,0.10693030,-0.18222738,0.02184895,11.1100,132.1722,1999.0437,-0.04612841,-0.00429699,0.640810,-0.02817936,-0.03486156,0.02902881,0.03571101,-0.02811919,-0.03296733,0.02714957,0.03199770,-117.8133,17.2722,281.4293,-12.106830,-0.470358,15.854256,16.47553556,44.11520899,1332.1722
9.130000,4393213.279523,4259581.722641,1797633.869800,-60.607470,-59.144458,202.338768,0.99141642,0.10505556,-0.07767065,0.00490649,0.11718040,-0.18537823,0.01850151,11.1100,131.9389,2001.2258,-0.04635999,-0.00441532,0.640495,-0.02817936,-0.03486156,0.02902881,0.03571101,-0.02811919,-0.03296733,0.02714957,0.03199770,-117.6765,17.8245,282.2372,-12.112352,-0.430958,15.932028,16.47555528,44.11520897,1331.9389
9.140000,4393212.672583,4259581.130097,1797635.892026,-60.780598,-59.364425,202.106270,0.99127819,0.10565741,-0.07861035,0.00494693,0.12673192,-0.19080706,0.01847360,11.1100,131.7024,2003.4065,-0.04662478,-0.00450488,0.640181,-0.02848705,-0.03551364,0.02935929,0.03638589,-0.02811919,-0.03393696,0.02714957,0.03296733,-117.5399,17.3894,284.0593,-12.118258,-0.481383,16.101397,16.47557499,44.11520895,1331.7024
9.150000,4393212.063910,4259580.535350,1797637.911923,-60.954068,-59.585003,201.873041,0.99113197,0.10630502,-0.07957254,0.00498753,0.13563182,-0.19460803,0.01809216,11.1100,131.4625,2005.5857,-0.04692389,-0.00458391,0.639867,-0.02848705,-0.03551364,0.02935929,0.03638589,-0.02811919,-0.03393696,0.02714957,0.03296733,-117.4034,17.7630,285.1968,-12.124598,-0.459891,16.209458,16.47559468,44.11520892,1331.4625
9.160000,4393211.453501,4259579.938393,1797639.929484,-61.127905,-59.806402,201.638985,0.99097926,0.10698812,-0.08055036,0.00502796,0.14253410,-0.19696463,0.01765715,11.1100,131.2193,2007.7635,-0.04726320,-0.00466350,0.639554,-0.02848705,-0.03551364,0.02935929,0.03638589,-0.02811919,-0.03393696,0.02714957,0.03393696,-117.2669,17.7171,286.9625,-12.131238,-0.476818,16.374323,16.47561436,44.11520889,1331.2193
9.170000,4393210.841351,4259579.339220,1797641.944700,-61.302150,-60.028534,201.404106,0.99082032,0.10771158,-0.08153311,0.00506656,0.15035090,-0.19723388,0.01659455,11.1100,130.9728,2009.9399,-0.04762794,-0.00474250,0.639241,-0.02848705,-0.03551364,0.02935929,0.03638589,-0.02811919,-0.03393696,0.02714957,0.03296733,-117.1307,18.5058,288.0226,-12.137971,-0.419395,16.475910,16.47563403,44.11520886,1330.9728
9.180000,4393210.227457,4259578.737818,1797643.957563,-61.476615,-60.251997,201.168256,0.99065801,0.10845085,-0.08251703,0.00510473,0.14903131,-0.19759565,0.01702504,11.1100,130.7229,2012.1148,-0.04799750,-0.00481448,0.638928,-0.02863492,-0.03589260,0.02954088,0.03679856,-0.02811919,-0.03393696,0.02714957,0.03393696,-116.9946,18.4181,289.9526,-12.144739,-0.441154,16.655926,16.47565368,44.11520882,1330.7229
9.190000,4393209.611817,4259578.134177,1797645.968062,-61.651411,-60.476264,200.931571,0.99049508,0.10918350,-0.08349856,0.00514391,0.14779115,-0.19626049,0.01710926,11.1100,130.4697,2014.2882,-0.04836169,-0.00488512,0.638615,-0.02863492,-0.03589260,0.02954088,0.03679856,-0.02811919,-0.03393696,0.02714957,0.03393696,-116.8589,18.7502,291.4330,-12.151480,-0.424980,16.795494,16.47567332,44.11520878,1330.4697
9.200000,4393208.994428,4259577.528290,1797647.976191,-61.826492,-60.701279,200.694086,0.99033219,0.10991001,-0.08446938,0.00518332,0.14662513,-0.19335854,0.01685878,11.1100,130.2131,2016.4602,-0.04871450,-0.00495618,0.638303,-0.02863492,-0.03589260,0.02954088,0.03679856,-0.02811919,-0.03393696,0.02714957,0.03393696,-116.7234,19.0818,292.8624,-12.158037,-0.408739,16.930479,16.47569295,44.11520873,1330.2131
9.210000,4393208.375287,4259576.920149,1797649.981942,-62.001770,-60.926939,200.455869,0.99017000,0.11063083,-0.08542203,0.00522222,0.14552830,-0.18908780,0.01630049,11.1100,129.9531,2018.6307,-0.04903991,-0.00502430,0.637991,-0.02863492,-0.03589260,0.02954088,0.03679856,-0.02811919,-0.03393696,0.02714957,0.03393696,-116.5884,19.3962,294.1603,-12.164274,-0.393929,17.053590,16.47571256,44.11520868,1329.9531
9.220000,4393207.754392,4259576.309749,1797651.985307,-62.177121,-61.153110,200.217019,0.99000907,0.11134640,-0.08635018,0.00525989,0.14449604,-0.18370179,0.01547490,11.1100,129.6897,2020.7998,-0.04932386,-0.00508634,0.637680,-0.02824735,-0.03577529,0.02918935,0.03671729,-0.02811919,-0.03393696,0.02714957,0.03393696,-116.4539,19.6782,295.2557,-12.170075,-0.381930,17.158428,16.47573216,44.11520863,1329.6897
9.230000,4393207.131745,4259575.697086,1797653.986280,-62.352393,-61.379628,199.977658,0.98984988,0.11205711,-0.08724890,0.00529572,0.14352405,-0.17749526,0.01443376,11.1100,129.4230,2022.9673,-0.04955483,-0.00513952,0.637369,-0.02824735,-0.03577529,0.02918935,0.03671729,-0.02811919,-0.03393696,0.02714957,0.03393696,-116.3200,19.9146,296.0904,-12.175354,-0.373945,17.239736,16.47575175,44.11520857,1329.4230
9.240000,4393206.507346,4259575.082154,1797655.984858,-62.527302,-61.606796,199.737795,0.98968993,0.11278430,-0.08811966,0.00533499,0.15113626,-0.17258349,0.01500451,11.1100,129.1529,2025.1334,-0.04972427,-0.00518160,0.637058,-0.02824735,-0.03577529,0.02918935,0.03671729,-0.02811919,-0.03490659,0.02714957,0.03393696,-116.1868,19.6805,297.0355,-12.180158,-0.408625,17.331000,16.47577132,44.11520851,1329.1529
9.250000,4393205.881200,4259574.464950,1797657.981035,-62.701879,-61.833933,199.497674,0.98952676,0.11354737,-0.08896527,0.00538265,0.15822711,-0.16738841,0.01535643,11.1100,128.8793,2027.2980,-0.04983393,-0.00522350,0.636748,-0.02824735,-0.03577529,0.02918935,0.03671729,-0.02811919,-0.03490659,0.02714957,0.03393696,-116.0543,19.8694,297.2596,-12.184550,-0.405899,17.357496,16.47579088,44.11520845,1328.8793
9.260000,4393205.253309,4259573.845478,1797659.974812,-62.876137,-62.060383,199.257540,0.98936359,0.11432300,-0.08977997,0.00543167,0.15632933,-0.16037250,0.01370527,11.1100,128.6024,2029.4611,-0.04989146,-0.00527227,0.636439,-0.02750083,-0.03522192,0.02848055,0.03620164,-0.02811919,-0.03393696,0.02714957,0.03393696,-115.9226,20.5033,296.8127,-12.188407,-0.363358,17.323595,16.47581043,44.11520838,1328.6024
9.270000,4393204.623678,4259573.223746,1797661.966187,-63.049876,-62.285985,199.017546,0.98920626,0.11506912,-0.09055476,0.00546948,0.14606056,-0.15189333,0.01017459,11.1100,128.3221,2031.6227,-0.04988932,-0.00531253,0.636131,-0.02750083,-0.03522192,0.02848055,0.03620164,-0.02811919,-0.03296733,0.02714957,0.03393696,-115.7917,21.0824,296.0811,-12.191543,-0.325201,17.263845,16.47582996,44.11520831,1328.3221
9.280000,4393203.992314,4259572.599763,1797663.955164,-63.222808,-62.510579,198.777879,0.98905527,0.11578896,-0.09128236,0.00548830,0.14494727,-0.14235796,0.00499730,11.1100,128.0383,2033.7828,-0.04981282,-0.00532083,0.635823,-0.02750083,-0.03522192,0.02848055,0.03620164,-0.02811919,-0.03296733,0.02714957,0.03296733,-115.6617,21.4933,294.9910,-12.193811,-0.301729,17.171580,16.47584948,44.11520823,1328.0383
9.290000,4393203.359227,4259571.973537,1797665.941746,-63.394459,-62.734487,198.538623,0.98890812,0.11650537,-0.09196257,0.00548711,0.14389949,-0.13398760,0.00021858,11.1100,127.7512,2035.9414,-0.04965092,-0.00528050,0.635517,-0.02750083,-0.03522192,0.02848055,0.03620164,-0.02811919,-0.03296733,0.02714957,0.03296733,-115.5328,21.2453,293.8980,-12.195215,-0.337549,17.078909,16.47586899,44.11520815,1327.7512
9.300000,4393202.724431,4259571.345073,1797667.925938,-63.564403,-62.958042,198.299839,0.98876131,0.11723924,-0.09260713,0.00547351,0.15135910,-0.12889674,-0.00219951,11.1100,127.4608,2038.0985,-0.04940407,-0.00519021,0.635212,-0.02611066,-0.03403476,0.02712926,0.03505336,-0.02811919,-0.03393696,0.02714957,0.03296733,-115.4051,20.3461,292.7917,-12.195999,-0.432333,16.985026,16.47588848,44.11520807,1327.4608
9.310000,4393202.087944,4259570.714379,1797669.907745,-63.732602,-63.180644,198.061777,0.98861133,0.11800945,-0.09322900,0.00545538,0.15830786,-0.12544621,-0.00396121,11.1100,127.1670,2040.2541,-0.04909430,-0.00506836,0.634908,-0.02611066,-0.03403476,0.02712926,0.03505336,-0.02811919,-0.03393696,0.02714957,0.03296733,-115.2783,19.7193,290.9488,-12.196418,-0.503305,16.824976,16.47590796,44.11520798,1327.1670
9.320000,4393201.449785,4259570.081464,1797671.887176,-63.898954,-63.402240,197.824509,0.98845763,0.11881327,-0.09383696,0.00543492,0.16477990,-0.12372422,-0.00502111,11.1100,126.8698,2042.4082,-0.04874886,-0.00493056,0.634605,-0.02611066,-0.03403476,0.02712926,0.03505336,-0.02811919,-0.03393696,0.02714957,0.03296733,-115.1525,19.0202,288.9257,-12.196637,-0.581431,16.648839,16.47592742,44.11520789,1326.8698
9.330000,4393200.809972,4259569.446338,1797673.864238,-64.063418,-63.622812,197.588064,0.98829959,0.11964816,-0.09444002,0.00541442,0.17080716,-0.12373504,-0.00536581,11.1100,126.5694,2044.5608,-0.04838529,-0.00478349,0.634303,-0.02611066,-0.03403476,0.02712926,0.03505336,-0.02811919,-0.03393696,0.02714957,0.03296733,-115.0275,18.2817,286.8090,-12.196825,-0.663693,16.464450,16.47594688,44.11520780,1326.5694
9.340000,4393200.168523,4259568.809011,1797675.838940,-64.226009,-63.842387,197.352435,0.98813657,0.12051167,-0.09504702,0.00539618,0.17641947,-0.12540262,-0.00501346,11.1100,126.2657,2046.7119,-0.04802124,-0.00463404,0.634003,-0.02457541,-0.03234148,0.02564217,0.03340824,-0.02811919,-0.03393696,0.02714957,0.03296733,-114.9032,17.5373,284.6861,-12.197150,-0.747016,16.279696,16.47596631,44.11520770,1326.2657
9.350000,4393199.525458,4259568.169491,1797677.811289,-64.386675,-64.061501,197.117438,0.98796493,0.12142208,-0.09567101,0.00538822,0.19001889,-0.13034485,-0.00227392,11.1100,125.9587,2048.8615,-0.04767363,-0.00448897,0.633704,-0.02457541,-0.03234148,0.02564217,0.03340824,-0.02811919,-0.03490659,0.02714957,0.03296733,-114.7796,16.4121,283.0486,-12.197869,-0.865481,16.138953,16.47598574,44.11520759,1325.9587
9.360000,4393198.880798,4259567.527782,1797679.781291,-64.545178,-64.280144,196.883155,0.98778639,0.12235332,-0.09632509,0.00540243,0.18597610,-0.13646948,0.00437380,11.1100,125.6484,2051.0097,-0.04736492,-0.00436700,0.633406,-0.02457541,-0.03234148,0.02564217,0.03340824,-0.02714957,-0.03490659,0.02714957,0.03393696,-114.6563,15.0077,281.1814,-12.199246,-1.009405,15.977808,16.47600515,44.11520749,1325.6484
9.370000,4393198.234558,4259566.883893,1797681.748954,-64.702608,-64.497510,196.649476,0.98760864,0.12324159,-0.09701093,0.00543797,0.17384448,-0.14167792,0.00932696,11.1100,125.3350,2053.1563,-0.04711832,-0.00429825,0.633110,-0.02457541,-0.03234148,0.02564217,0.03340824,-0.02714957,-0.03393696,0.02714957,0.03393696,-114.5334,15.1062,279.2115,-12.201307,-1.017181,15.807376,16.47602455,44.11520737,1325.3350
9.380000,4393197.586749,4259566.237832,1797683.714281,-64.858997,-64.714636,196.415988,0.98743098,0.12408996,-0.09773209,0.00549444,0.17084474,-0.14924313,0.01588381,11.1100,125.0183,2055.3015,-0.04693596,-0.00428156,0.632815,-0.02308214,-0.03159262,0.02420835,0.03271883,-0.02714957,-0.03490659,0.02714957,0.03393696,-114.4106,14.6339,278.3795,-12.204115,-1.075507,15.739359,16.47604393,44.11520726,1325.0183
9.390000,4393196.937380,4259565.589602,1797685.677274,-65.014848,-64.931135,196.182635,0.98724991,0.12492094,-0.09849513,0.00557611,0.16803399,-0.15700267,0.02200456,11.1100,124.6985,2057.4451,-0.04682039,-0.00431938,0.632520,-0.02308214,-0.03159262,0.02420835,0.03271883,-0.02714957,-0.03490659,0.02714957,0.03393696,-114.2880,14.8404,277.4589,-12.207795,-1.072329,15.663495,16.47606330,44.11520714,1324.6985
9.400000,4393196.286454,4259564.939211,1797687.637934,-65.170280,-65.147093,195.949319,0.98706450,0.12574260,-0.09929844,0.00568259,0.16959814,-0.16370497,0.02831206,11.1100,124.3754,2059.5873,-0.04678428,-0.00441703,0.632227,-0.02308214,-0.03159262,0.02420835,0.03271883,-0.02714957,-0.03490659,0.02714957,0.03393696,-114.1654,15.3322,276.9293,-12.212305,-1.043219,15.622983,16.47608266,44.11520701,1324.3754
9.410000,4393195.633975,4259564.286660,1797689.596259,-65.325513,-65.363061,195.715731,0.98687409,0.12656103,-0.10013970,0.00582081,0.16685527,-0.17082619,0.03623591,11.1100,124.0492,2061.7280,-0.04682388,-0.00457243,0.631934,-0.02308214,-0.03159262,0.02420835,0.03271883,-0.02714957,-0.03490659,0.02617994,0.03490659,-114.0428,15.2935,276.7778,-12.217614,-1.061715,15.616687,16.47610200,44.11520688,1324.0492
9.420000,4393194.979942,4259563.631951,1797691.552247,-65.481394,-65.578601,195.481703,0.98668032,0.12736272,-0.10101883,0.00598932,0.16428407,-0.17716780,0.04223748,11.1100,123.7198,2063.8672,-0.04692979,-0.00479872,0.631642,-0.02204370,-0.03190102,0.02322039,0.03307771,-0.02714957,-0.03490659,0.02617994,0.03490659,-113.9201,16.4128,276.9490,-12.223718,-0.975565,15.639559,16.47612133,44.11520675,1323.7198
9.430000,4393194.324347,4259562.975091,1797693.505893,-65.637697,-65.793354,195.247437,0.98648445,0.12814942,-0.10192136,0.00617982,0.16187329,-0.17897769,0.04727049,11.1100,123.3873,2066.0049,-0.04710119,-0.00509016,0.631350,-0.02204370,-0.03190102,0.02322039,0.03307771,-0.02617994,-0.03490659,0.02617994,0.03393696,-113.7974,17.8318,276.6381,-12.230317,-0.862086,15.619109,16.47614065,44.11520661,1323.3873
9.440000,4393193.667184,4259562.316085,1797695.457194,-65.795046,-66.007734,195.012533,0.98628779,0.12892231,-0.10283291,0.00638895,0.15818943,-0.17947035,0.05029927,11.1100,123.0515,2068.1411,-0.04731346,-0.00542669,0.631059,-0.02204370,-0.03190102,0.02322039,0.03307771,-0.02617994,-0.03490659,0.02617994,0.03393696,-113.6747,19.4587,277.3582,-12.237141,-0.729574,15.691479,16.47615995,44.11520647,1323.0515
9.450000,4393193.008444,4259561.654939,1797697.406143,-65.953155,-66.221300,194.777264,0.98609280,0.12967627,-0.10373708,0.00660792,0.15616125,-0.17576709,0.05183963,11.1100,122.7126,2070.2758,-0.04753514,-0.00579631,0.630769,-0.02204370,-0.03190102,0.02322039,0.03307771,-0.02617994,-0.03393696,0.02521031,0.03393696,-113.5523,21.2295,277.3259,-12.243867,-0.583714,15.696063,16.47617924,44.11520632,1322.7126
9.460000,4393192.348119,4259560.991663,1797699.352738,-66.112005,-66.433857,194.541721,0.98590068,0.13041983,-0.10461276,0.00683288,0.15425816,-0.16784015,0.05160724,11.1100,122.3705,2072.4090,-0.04773834,-0.00617818,0.630479,-0.02079420,-0.03279864,0.02201949,0.03402393,-0.02521031,-0.03393696,0.02521031,0.03296733,-113.4303,23.0470,277.2275,-12.250101,-0.433441,15.694576,16.47619852,44.11520617,1322.3705
9.470000,4393191.686201,4259560.326264,1797701.296976,-66.271736,-66.645765,194.305731,0.98571269,0.13115440,-0.10544769,0.00705678,0.15247206,-0.15961300,0.04968684,11.1100,122.0253,2074.5407,-0.04788315,-0.00655779,0.630190,-0.02079420,-0.03279864,0.02201949,0.03402393,-0.02521031,-0.03393696,0.02521031,0.03296733,-113.3090,24.8399,277.6710,-12.255613,-0.285210,15.741700,16.47621778,44.11520602,1322.0253
9.480000,4393191.022691,4259559.658752,1797703.238856,-66.430339,-66.856413,194.070321,0.98554169,0.13179757,-0.10622589,0.00728225,0.11792506,-0.14452409,0.05303615,11.1100,121.6768,2076.6709,-0.04794503,-0.00691799,0.629901,-0.02079420,-0.03279864,0.02201949,0.03402393,-0.02133180,-0.03393696,0.02521031,0.03296733,-113.1886,24.9255,276.1109,-12.260133,-0.288921,15.607827,16.47623703,44.11520586,1321.6768
9.490000,4393190.357592,4259558.989140,1797705.178383,-66.589498,-67.065688,193.834936,0.98539949,0.13227421,-0.10693435,0.00751184,0.08566060,-0.13029466,0.05463440,11.1100,121.3252,2078.7995,-0.04789753,-0.00727581,0.629613,-0.02079420,-0.03279864,0.02201949,0.03402393,-0.02133180,-0.03393696,0.02521031,0.03296733,-113.0693,26.6295,275.6614,-12.263455,-0.143802,15.572798,16.47625626,44.11520569,1321.3252
9.500000,4393189.690903,4259558.317443,1797707.115557,-66.748436,-67.273488,193.599953,0.98528438,0.13259528,-0.10757877,0.00774587,0.05552999,-0.11751784,0.05796107,11.1100,120.9704,2080.9267,-0.04770773,-0.00763467,0.629326,-0.01894157,-0.03252979,0.02019979,0.03378801,-0.02133180,-0.03393696,0.02424068,0.03393696,-112.9513,27.5268,274.5186,-12.265703,-0.068362,15.474315,16.47627549,44.11520553,1320.9704
9.510000,4393189.022623,4259557.643678,1797709.050384,-66.907637,-67.478988,193.365546,0.98519434,0.13277104,-0.10816758,0.00798412,0.02739377,-0.10669665,0.05953155,11.1100,120.6125,2083.0523,-0.04738997,-0.00799903,0.629040,-0.01894157,-0.03252979,0.02019979,0.03378801,-0.02133180,-0.03393696,0.02424068,0.03393696,-112.8346,29.2561,272.7512,-12.267034,0.084724,15.318636,16.47629469,44.11520536,1320.6125
9.520000,4393188.352750,4259556.967872,1797710.982870,-67.066961,-67.681853,193.131935,0.98512716,0.13281201,-0.10871025,0.00821763,0.00112124,-0.09822580,0.05941436,11.1100,120.2514,2085.1764,-0.04696377,-0.00836644,0.628755,-0.01894157,-0.03252979,0.02019979,0.03378801,-0.02133180,-0.03393696,0.02424068,0.03393696,-112.7192,30.9866,270.4529,-12.267601,0.240457,15.114291,16.47631389,44.11520518,1320.2514
9.530000,4393187.681281,4259556.290053,1797712.913025,-67.226823,-67.881503,192.899214,0.98508052,0.13272900,-0.10921685,0.00842922,-0.02341003,-0.09237690,0.05435837,11.1100,119.8872,2087.2990,-0.04645269,-0.00872102,0.628472,-0.01894157,-0.03252979,0.02019979,0.03378801,-0.02133180,-0.03393696,0.02521031,0.03296733,-112.6049,33.4386,267.7373,-12.267542,0.463416,14.871601,16.47633307,44.11520501,1319.8872
9.540000,4393187.008214,4259555.610251,1797714.840858,-67.386352,-68.078286,192.667604,0.98505200,0.13253208,-0.10969862,0.00860300,-0.04631469,-0.08929122,0.04816758,11.1100,119.5199,2089.4201,-0.04588316,-0.00902800,0.628190,-0.01597935,-0.03162559,0.01720047,0.03284670,-0.02133180,-0.03393696,0.02521031,0.03296733,-112.4917,34.8374,264.7320,-12.267021,0.593653,14.602135,16.47635223,44.11520483,1319.5199
9.550000,4393186.333563,4259554.928495,1797716.766384,-67.543851,-68.272440,192.437687,0.98503442,0.13226817,-0.11016196,0.00875563,-0.05145029,-0.08553925,0.04796042,11.1100,119.1495,2091.5397,-0.04528308,-0.00926279,0.627909,-0.01597935,-0.03162559,0.01720047,0.03284670,-0.02133180,-0.03393696,0.02230143,0.03393696,-112.3795,34.2986,260.7785,-12.266189,0.550711,14.246913,16.47637138,44.11520464,1319.1495
9.560000,4393185.657339,4259554.244812,1797718.689616,-67.700757,-68.463736,192.209009,0.98502112,0.13198003,-0.11061366,0.00890388,-0.05624308,-0.08465941,0.04688727,11.1100,118.7760,2093.6578,-0.04466583,-0.00946238,0.627630,-0.01597935,-0.03162559,0.01720047,0.03284670,-0.02133180,-0.03393696,0.02230143,0.03393696,-112.2683,35.2127,257.5477,-12.265210,0.638984,13.956580,16.47639052,44.11520446,1318.7760
9.570000,4393184.979550,4259553.559230,1797720.610568,-67.857024,-68.652219,191.981575,0.98501034,0.13166988,-0.11106715,0.00904197,-0.06071577,-0.08657071,0.04503563,11.1100,118.3996,2095.7743,-0.04403872,-0.00965013,0.627352,-0.01597935,-0.03162559,0.01720047,0.03284670,-0.02133180,-0.03393696,0.02230143,0.03393696,-112.1579,36.0642,254.2617,-12.264312,0.722031,13.661177,16.47640965,44.11520427,1318.3996
9.580000,4393184.300217,4259552.871782,1797722.529260,-68.009502,-68.836843,191.757050,0.98499786,0.13138359,-0.11150296,0.00920123,-0.04463682,-0.07649894,0.05346493,11.1100,118.0201,2097.8894,-0.04343012,-0.00981837,0.627076,-0.01373000,-0.03035207,0.01491206,0.03153413,-0.01842292,-0.03393696,0.01842292,0.03296733,-112.0481,34.4479,247.8977,-12.263184,0.582532,13.088782,16.47642876,44.11520408,1318.0201
9.590000,4393183.619364,4259552.182505,1797724.445715,-68.161026,-69.017951,191.534208,0.98498737,0.13111447,-0.11189395,0.00941381,-0.05530217,-0.06586298,0.06199909,11.1100,117.6377,2100.0031,-0.04280782,-0.01002845,0.626802,-0.01373000,-0.03035207,0.01491206,0.03153413,-0.01745329,-0.03393696,0.01745329,0.03393696,-111.9393,34.2746,244.3100,-12.261415,0.572700,12.766188,16.47644786,44.11520389,1317.6377
9.600000,4393182.936996,4259551.491435,1797726.359949,-68.312546,-69.195444,191.312738,0.98498902,0.13078386,-0.11224483,0.00965984,-0.06378986,-0.05907608,0.06749354,11.1100,117.2524,2102.1152,-0.04209964,-0.01032664,0.626529,-0.01373000,-0.03035207,0.01491206,0.03153413,-0.01745329,-0.03199770,0.01745329,0.03393696,-111.8316,36.4887,239.9279,-12.259074,0.778977,12.371596,16.47646694,44.11520369,1317.2524
9.610000,4393182.253115,4259550.798609,1797728.271975,-68.463633,-69.369110,191.092911,0.98499402,0.13044304,-0.11257321,0.00993262,-0.05969106,-0.05513245,0.07206275,11.1100,116.8643,2104.2259,-0.04131591,-0.01068159,0.626258,-0.01373000,-0.03035207,0.01491206,0.03153413,-0.01842292,-0.03199770,0.01648367,0.03393696,-111.7250,38.1621,235.9596,-12.256466,0.936835,12.014119,16.47648602,44.11520349,1316.8643
9.620000,4393181.567728,4259550.104067,1797730.181814,-68.613729,-69.538653,190.875079,0.98500330,0.13007854,-0.11288658,0.01023163,-0.07191879,-0.05151699,0.07805648,11.1100,116.4733,2106.3351,-0.04049717,-0.01107920,0.625988,-0.01027693,-0.02941597,0.01143641,0.03057545,-0.01648367,-0.03199770,0.01648367,0.03393696,-111.6192,39.2425,231.0314,-12.253714,1.041826,11.570061,16.47650508,44.11520329,1316.4733
9.630000,4393180.880847,4259549.407852,1797732.089486,-68.762315,-69.703364,190.659743,0.98501267,0.12972493,-0.11318030,0.01056940,-0.05946365,-0.04372010,0.08690246,11.1100,116.0795,2108.4429,-0.03966117,-0.01152404,0.625720,-0.01027693,-0.02941597,0.01143641,0.03057545,-0.01648367,-0.03199770,0.01357478,0.03393696,-111.5143,40.1594,225.6378,-12.250750,1.131966,11.084085,16.47652412,44.11520309,1316.0795
9.640000,4393180.192488,4259548.710016,1797733.995018,-68.909390,-69.863207,190.446935,0.98503137,0.12933042,-0.11343093,0.01096662,-0.07966177,-0.03265399,0.09982003,11.1100,115.6829,2110.5492,-0.03880110,-0.01203529,0.625453,-0.01027693,-0.02941597,0.01143641,0.03057545,-0.01163553,-0.03199770,0.01357478,0.03296733,-111.4101,41.0116,218.9885,-12.247184,1.217183,10.484701,16.47654315,44.11520289,1315.6829
9.650000,4393179.502657,4259548.010605,1797735.898430,-69.057027,-70.018102,190.235874,0.98506664,0.12883278,-0.11364652,0.01141432,-0.09852884,-0.02613277,0.10953135,11.1100,115.2836,2112.6541,-0.03786378,-0.01265525,0.625189,-0.01027693,-0.02941597,0.01143641,0.03057545,-0.01163553,-0.03199770,0.01357478,0.03296733,-111.3069,43.9620,214.3517,-12.243166,1.493320,10.065786,16.47656217,44.11520268,1315.2836
9.660000,4393178.811345,4259547.309671,1797737.799741,-69.205413,-70.167722,190.026620,0.98511505,0.12824047,-0.11384755,0.01189370,-0.11615256,-0.02424745,0.11576201,11.1100,114.8817,2114.7575,-0.03686061,-0.01336921,0.624925,-0.00614958,-0.02892740,0.00727901,0.03005683,-0.01163553,-0.03199770,0.01357478,0.03296733,-111.2046,47.3307,209.3860,-12.239018,1.808965,9.616739,16.47658118,44.11520248,1314.8817
9.670000,4393178.118550,4259546.607269,1797739.698971,-69.353759,-70.311767,189.819609,0.98517922,0.12752092,-0.11404745,0.01238973,-0.14717244,-0.02321454,0.12200454,11.1100,114.4771,2116.8596,-0.03583873,-0.01414324,0.624663,-0.00614958,-0.02892740,0.00727901,0.03005683,-0.00969627,-0.03199770,0.01357478,0.03296733,-111.1028,50.1749,203.5356,-12.234933,2.079865,9.087437,16.47660017,44.11520227,1314.4771
9.680000,4393177.424269,4259545.903457,1797741.596142,-69.502546,-70.449790,189.614819,0.98525949,0.12667029,-0.11424550,0.01289740,-0.16957134,-0.02181148,0.12585678,11.1100,114.0699,2118.9603,-0.03483193,-0.01495931,0.624403,-0.00614958,-0.02892740,0.00727901,0.03005683,-0.00872665,-0.03199770,0.01260516,0.03199770,-111.0013,53.6013,197.3810,-12.230862,2.405702,8.530112,16.47661916,44.11520207,1314.0699
9.690000,4393176.728495,4259545.198291,1797743.491273,-69.652532,-70.582425,189.411679,0.98535179,0.12571179,-0.11444996,0.01340176,-0.19049717,-0.02476159,0.12590457,11.1100,113.6602,2121.0595,-0.03384086,-0.01580568,0.624144,-0.00614958,-0.02892740,0.00727901,0.03005683,-0.00872665,-0.03199770,0.01260516,0.03199770,-110.9002,57.5401,192.5566,-12.226919,2.779704,8.092041,16.47663812,44.11520186,1313.6602
9.700000,4393176.031215,4259544.491826,1797745.384380,-69.803720,-70.709856,189.210103,0.98545277,0.12465482,-0.11467911,0.01388254,-0.21004709,-0.03173559,0.12230575,11.1100,113.2480,2123.1574,-0.03288158,-0.01665031,0.623886,-0.00207558,-0.02878953,0.00314695,0.02986089,-0.00872665,-0.03199770,0.01260516,0.03199770,-110.7993,61.4428,187.8668,-12.223388,3.152303,7.665765,16.47665708,44.11520165,1313.2480
9.710000,4393175.332417,4259543.784110,1797747.275480,-69.956057,-70.832465,189.009941,0.98555937,0.12350819,-0.11494939,0.01432087,-0.22831177,-0.04224007,0.11536522,11.1100,112.8333,2125.2539,-0.03199522,-0.01745719,0.623630,-0.00207558,-0.02878953,0.00314695,0.02986089,-0.00872665,-0.03199770,0.01260516,0.03199770,-110.6984,65.1422,183.5054,-12.220522,3.508251,7.268828,16.47667602,44.11520145,1312.8333
9.720000,4393174.632090,4259543.075191,1797749.164583,-70.109444,-70.950810,188.810990,0.98566893,0.12228004,-0.11527473,0.01470005,-0.24537573,-0.05564711,0.10551736,11.1100,112.4162,2127.3491,-0.03121795,-0.01819310,0.623374,-0.00207558,-0.02878953,0.00314695,0.02986089,-0.00872665,-0.03199770,0.01260516,0.03199770,-110.5975,68.4856,179.6424,-12.218539,3.833611,6.916680,16.47669496,44.11520125,1312.4162
9.730000,4393173.930225,4259542.365106,1797751.051703,-70.263745,-71.065589,188.613008,0.98577916,0.12097783,-0.11566605,0.01500620,-0.26131770,-0.07122853,0.09330353,11.1100,111.9966,2129.4428,-0.03057949,-0.01882891,0.623120,-0.00207558,-0.02878953,0.00314695,0.02986089,-0.00872665,-0.03199770,0.01260516,0.03199770,-110.4964,71.3405,176.4188,-12.217611,4.116297,6.622082,16.47671388,44.11520105,1311.9966
9.740000,4393173.226818,4259541.653889,1797752.936849,-70.417361,-71.177339,188.416424,0.98589575,0.11955411,-0.11612188,0.01523489,-0.30265805,-0.08258435,0.08486802,11.1100,111.5747,2131.5352,-0.03010218,-0.01934071,0.622866,0.00018310,-0.02897507,0.00083136,0.02998953,-0.00872665,-0.03199770,0.01260516,0.03199770,-110.3953,73.5997,173.9405,-12.217703,4.347559,6.394370,16.47673278,44.11520085,1311.5747
9.750000,4393172.521892,4259540.941570,1797754.820041,-70.568003,-71.286201,188.222124,0.98601577,0.11806523,-0.11659720,0.01544635,-0.28339234,-0.08031732,0.08931547,11.1100,111.1503,2133.6263,-0.02978519,-0.01973497,0.622613,0.00018310,-0.02897507,0.00083136,0.02998953,-0.00484814,-0.03199770,0.00484814,0.03199770,-110.2941,70.6897,167.5975,-12.218106,4.114766,5.818676,16.47675168,44.11520065,1311.1503
9.760000,4393171.815455,4259540.228173,1797756.701292,-70.719594,-71.392792,188.028233,0.98612316,0.11666579,-0.11706462,0.01568711,-0.26536130,-0.07923077,0.09193842,11.1100,110.7236,2135.7160,-0.02953119,-0.02012000,0.622361,0.00018310,-0.02897507,0.00083136,0.02998953,-0.00484814,-0.03199770,0.00484814,0.03199770,-110.1931,72.4483,166.2691,-12.218429,4.300571,5.694807,16.47677056,44.11520046,1310.7236
9.770000,4393171.107497,4259539.513722,1797758.580607,-70.872166,-71.497055,187.834761,0.98621842,0.11535110,-0.11752898,0.01594660,-0.24848514,-0.07933146,0.09265919,11.1100,110.2947,2137.8043,-0.02926280,-0.02054025,0.622110,0.00018310,-0.02897507,0.00083136,0.02998953,-0.00484814,-0.03199770,0.00484814,0.03199770,-110.0924,74.3576,164.8701,-12.218745,4.498380,5.565036,16.47678943,44.11520027,1310.2947
9.780000,4393170.398017,4259538.798243,1797760.457994,-71.024124,-71.598247,187.642673,0.98631105,0.11405643,-0.11797669,0.01622177,-0.25622254,-0.07223095,0.09641449,11.1100,109.8634,2139.8914,-0.02899224,-0.02097609,0.621860,0.00121472,-0.02973779,-0.00025568,0.03069682,-0.00193925,-0.03102808,0.00387851,0.03199770,-109.9919,75.1702,161.5315,-12.218785,4.597127,5.260777,16.47680829,44.11520008,1309.8634
9.790000,4393169.687011,4259538.081765,1797762.333462,-71.177088,-71.696906,187.451080,0.98640949,0.11272254,-0.11839503,0.01650950,-0.26344599,-0.06667381,0.09807788,11.1100,109.4298,2141.9770,-0.02870004,-0.02143395,0.621610,0.00121472,-0.02973779,-0.00025568,0.03069682,-0.00193925,-0.03102808,0.00387851,0.03199770,-109.8918,77.2549,160.0624,-12.218309,4.811156,5.124549,16.47682713,44.11519989,1309.4298
9.800000,4393168.974475,4259537.364312,1797764.207018,-71.330468,-71.793164,187.260185,0.98650800,0.11139129,-0.11879106,0.01681159,-0.25588525,-0.06254007,0.10065250,11.1100,108.9940,2144.0614,-0.02835322,-0.02190984,0.621361,0.00121472,-0.02973779,-0.00025568,0.03069682,-0.00193925,-0.03199770,0.00290888,0.03199770,-109.7922,78.6397,158.3347,-12.217465,4.962172,4.965025,16.47684597,44.11519971,1308.9940
9.810000,4393168.260399,4259536.645913,1797766.078669,-71.484871,-71.886204,187.070061,0.98660502,0.11007570,-0.11916685,0.01712111,-0.25527095,-0.05882973,0.09966782,11.1100,108.5559,2146.1444,-0.02796751,-0.02240454,0.621113,0.00121472,-0.02973779,-0.00025568,0.03069682,-0.00193925,-0.03102808,0.00290888,0.03199770,-109.6930,81.2660,156.0387,-12.216271,5.224659,4.754408,16.47686479,44.11519953,1308.5559
9.820000,4393167.544775,4259535.926595,1797767.948421,-71.639955,-71.976816,186.880540,0.98669887,0.10878289,-0.11953188,0.01742844,-0.24687798,-0.05869737,0.09826006,11.1100,108.1156,2148.2261,-0.02755053,-0.02289811,0.620865,0.00332918,-0.02948135,-0.00241657,0.03039395,-0.00193925,-0.03199770,0.00290888,0.03199770,-109.5943,83.0965,154.3670,-12.214890,5.415078,4.600103,16.47688360,44.11519936,1308.1156
9.830000,4393166.827601,4259535.206387,1797769.816284,-71.794907,-72.064465,186.692185,0.98678283,0.10756922,-0.11989051,0.01774203,-0.22342337,-0.05705831,0.09814344,11.1100,107.6731,2150.3065,-0.02712102,-0.02337562,0.620618,0.00332918,-0.02948135,-0.00241657,0.03039395,-0.00193925,-0.03199770,0.00096963,0.03199770,-109.4960,84.4647,151.4725,-12.213424,5.562402,4.336107,16.47690240,44.11519918,1307.6731
9.840000,4393166.108879,4259534.485316,1797771.682269,-71.949697,-72.149161,186.505008,0.98685858,0.10642799,-0.12023624,0.01806831,-0.21704490,-0.05398194,0.09929382,11.1100,107.2284,2152.3855,-0.02669144,-0.02384632,0.620372,0.00332918,-0.02948135,-0.00241657,0.03039395,0.00000000,-0.03199770,0.00096963,0.03199770,-109.3980,85.8067,148.5917,-12.211760,5.706012,4.073645,16.47692119,44.11519902,1307.2284
9.850000,4393165.388605,4259533.763413,1797773.546387,-72.105156,-72.230983,186.318622,0.98693082,0.10531682,-0.12057104,0.01839995,-0.21106738,-0.05290628,0.09838329,11.1100,106.7815,2154.4632,-0.02624728,-0.02432253,0.620127,0.00332918,-0.02948135,-0.00241657,0.03039395,0.00000000,-0.03199770,0.00096963,0.03199770,-109.3004,87.9431,146.4210,-12.209916,5.920572,3.875232,16.47693996,44.11519885,1306.7815
9.860000,4393164.666775,4259533.040706,1797775.408645,-72.260848,-72.309915,186.133222,0.98699773,0.10424779,-0.12090101,0.01873030,-0.19895138,-0.05241178,0.09687301,11.1100,106.3324,2156.5396,-0.02579049,-0.02479454,0.619882,0.00502648,-0.02883315,-0.00415466,0.02970497,0.00000000,-0.03199770,0.00096963,0.03199770,-109.2031,90.0455,144.1855,-12.207998,6.131262,3.671178,16.47695872,44.11519870,1306.3324
9.870000,4393163.943388,4259532.317225,1797777.269055,-72.416625,-72.385781,185.948944,0.98706000,0.10321785,-0.12122476,0.01905767,-0.19803148,-0.05109161,0.09456462,11.1100,105.8813,2158.6147,-0.02533618,-0.02524975,0.619637,0.00502648,-0.02883315,-0.00415466,0.02970497,0.00096963,-0.03199770,0.00000000,0.03199770,-109.1062,91.3017,141.2003,-12.205976,6.265039,3.399829,16.47697747,44.11519854,1305.8813
9.880000,4393163.218445,4259531.593001,1797779.127629,-72.572020,-72.458603,185.765986,0.98711962,0.10221915,-0.12153409,0.01937968,-0.18549894,-0.04760559,0.09295590,11.1100,105.4280,2160.6885,-0.02488308,-0.02568505,0.619394,0.00502648,-0.02883315,-0.00415466,0.02970497,0.00096963,-0.03102808,-0.00193925,0.03199770,-109.0097,92.8410,137.8503,-12.203692,6.423689,3.095748,16.47699621,44.11519839,1305.4280
9.890000,4393162.491950,4259530.868060,1797780.984378,-72.727200,-72.529109,185.583989,0.98717348,0.10128045,-0.12182965,0.01970621,-0.17376484,-0.04621942,0.09291458,11.1100,104.9726,2162.7610,-0.02441643,-0.02609719,0.619151,0.00502648,-0.02883315,-0.00415466,0.02970497,0.00193925,-0.03199770,-0.00193925,0.03199770,-108.9137,93.8951,135.5969,-12.201191,6.537528,2.890594,16.47701494,44.11519825,1304.9726
9.900000,4393161.763898,4259530.142427,1797782.839311,-72.883004,-72.596966,185.402722,0.98721848,0.10041809,-0.12212514,0.02003332,-0.15637884,-0.04828752,0.08982754,11.1100,104.5152,2164.8322,-0.02393206,-0.02650140,0.618909,0.00698022,-0.02797358,-0.00614509,0.02880871,0.00096963,-0.03199770,-0.00193925,0.03199770,-108.8181,96.0592,133.6348,-12.198723,6.749822,2.711981,16.47703366,44.11519811,1304.5152
9.910000,4393161.034290,4259529.416129,1797784.692436,-73.038636,-72.662245,185.222504,0.98725507,0.09962149,-0.12242860,0.02035219,-0.14649584,-0.05089245,0.08658587,11.1100,104.0557,2166.9021,-0.02345711,-0.02688504,0.618668,0.00698022,-0.02797358,-0.00614509,0.02880871,0.00193925,-0.03199770,-0.00193925,0.03199770,-108.7227,97.3502,130.9421,-12.196417,6.882260,2.467949,16.47705236,44.11519798,1304.0557
9.920000,4393160.303125,4259528.689190,1797786.543764,-73.194386,-72.725191,185.043108,0.98728438,0.09887480,-0.12274632,0.02065573,-0.13724165,-0.05525483,0.08198740,11.1100,103.5942,2168.9707,-0.02301154,-0.02723735,0.618427,0.00698022,-0.02797358,-0.00614509,0.02880871,0.00193925,-0.03199770,-0.00193925,0.03199770,-108.6277,98.8737,128.7653,-12.194378,7.034644,2.270635,16.47707105,44.11519785,1303.5942
9.930000,4393159.570405,4259527.961633,1797788.393302,-73.349772,-72.785940,184.864693,0.98730445,0.09819460,-0.12308176,0.02094343,-0.11955007,-0.05920905,0.07760282,11.1100,103.1306,2171.0380,-0.02260709,-0.02754770,0.618187,0.00698022,-0.02797358,-0.00614509,0.02880871,0.00193925,-0.03199770,-0.00290888,0.03199770,-108.5330,99.8168,126.3930,-12.192677,7.133499,2.056098,16.47708973,44.11519773,1303.1306
9.940000,4393158.836136,4259527.233480,1797790.241063,-73.503962,-72.844338,184.687687,0.98731883,0.09756260,-0.12342114,0.02122014,-0.11969655,-0.05820422,0.07576465,11.1100,102.6651,2173.1041,-0.02225188,-0.02781453,0.617947,0.11553098,-0.00031968,-0.08453822,0.03131243,0.00387851,-0.03102808,-0.00387851,0.03199770,-108.4387,100.1825,123.1189,-12.191059,7.179439,1.760613,16.47710840,44.11519762,1302.6651
9.950000,4393158.100333,4259526.504757,1797792.087063,-73.656612,-72.899882,184.512452,0.98733224,0.09696807,-0.12373346,0.02150072,-0.10446305,-0.04879200,0.07623403,11.1100,102.1976,2175.1688,-0.02192041,-0.02805083,0.617708,0.11553098,-0.00031968,-0.08453822,0.03131243,0.00387851,-0.02908882,-0.00775702,0.03199770,-108.3447,100.4222,119.2316,-12.188967,7.213311,1.409967,16.47712706,44.11519751,1302.1976
9.960000,4393157.363004,4259525.775489,1797793.931315,-73.809095,-72.953490,184.338024,0.98734327,0.09644537,-0.12400227,0.02179442,-0.09020293,-0.04129903,0.07572754,11.1100,101.7282,2177.2323,-0.02155083,-0.02828187,0.617470,0.11553098,-0.00031968,-0.08453822,0.03131243,0.00387851,-0.02908882,-0.00775702,0.03199770,-108.2513,101.4046,117.4858,-12.186126,7.312660,1.252154,16.47714571,44.11519741,1301.7282
9.970000,4393156.624152,4259525.045694,1797795.773827,-73.961249,-73.004991,184.164551,0.98735135,0.09599067,-0.12423736,0.02209493,-0.07685413,-0.03598384,0.07428266,11.1100,101.2569,2179.2946,-0.02110023,-0.02851255,0.617233,0.11553098,-0.00031968,-0.08453822,0.03131243,0.00387851,-0.02908882,-0.00775702,0.03199770,-108.1585,102.3786,115.3629,-12.182718,7.409954,1.060504,16.47716434,44.11519731,1301.2569
9.980000,4393155.884133,4259524.315438,1797797.614784,-74.043329,-73.044766,184.027056,0.98748247,0.09490856,-0.12385108,0.02305727,-0.30165678,0.23937114,0.34156665,11.1100,100.7837,2181.3555,-0.02059077,-0.02873308,0.616996,0.01959732,-0.02438083,-0.01881521,0.02516294,0.09987162,-0.02908882,-0.07369168,0.03199770,-108.0663,40.2176,50.1300,-12.168580,1.837783,-4.816982,16.47718296,44.11519722,1300.7837
9.990000,4393155.143266,4259523.584852,1797799.454381,-74.131182,-73.068797,183.893245,0.98784454,0.09256006,-0.12229480,0.02529381,-0.51209622,0.49574371,0.59222320,11.1100,100.3089,2183.4153,-0.01898241,-0.03052215,0.616768,0.01959732,-0.02438083,-0.01881521,0.02516294,0.09987162,-0.02908882,-0.07369168,0.03199770,-107.9728,49.7860,44.2382,-12.133894,2.748515,-5.363443,16.47720158,44.11519713,1300.3089
10.000000,4393154.401507,4259522.854234,1797801.292714,-74.222046,-73.048845,183.774968,0.98851299,0.08803355,-0.11948724,0.02854742,-1.10700439,0.80634230,0.79967495,11.1100,99.8329,2185.4741,-0.01483261,-0.03481468,0.616539,0.01959732,-0.02438083,-0.01881521,0.02516294,0.11926417,0.00193925,-0.07369168,0.03199770,-107.8703,75.1815,7.1035,-12.075209,5.127123,-8.735251,16.47722018,44.11519705,1299.8329
10.010000,4393153.658797,4259522.124014,1797803.129917,-74.321291,-72.987454,183.667639,0.98951558,0.08049668,-0.11541336,0.03254177,-1.66486504,1.07106065,0.97977889,11.1100,99.3560,2187.5318,-0.00819144,-0.04125297,0.616309,0.01959732,-0.02438083,-0.01881521,0.02516294,0.11926417,0.00193925,-0.07369168,0.03199770,-107.7512,105.9944,-21.4320,-11.989859,8.051863,-11.347379,16.47723878,44.11519697,1299.3560
10.020000,4393152.914789,4259521.394592,1797804.965967,-74.481105,-72.888045,183.544946,0.99056832,0.07167478,-0.11082815,0.03680016,-1.60506044,1.03759631,0.94534619,11.1100,98.8783,2189.5885,0.00087372,-0.04953551,0.616074,0.12662368,-0.01992777,-0.12029471,0.02625674,0.03975472,-0.02908882,-0.02617994,0.02133180,-107.6073,186.5297,-4.1781,-11.890563,15.476829,-9.841049,16.47725736,44.11519691,1298.8783
10.030000,4393152.169165,4259520.666426,1797806.800863,-74.643961,-72.736749,183.436318,0.99146848,0.06317119,-0.10646403,0.04080526,-1.54880554,0.96562231,0.87419017,11.1100,98.4000,2191.6443,0.01090327,-0.05836071,0.615824,0.12662368,-0.01992777,-0.12029471,0.02625674,0.03975472,-0.02908882,-0.02617994,0.02133180,-107.4409,226.9146,-49.9782,-11.791504,19.281140,-14.004561,16.47727594,44.11519685,1298.4000
10.040000,4393151.421832,4259519.940016,1797808.634701,-74.822443,-72.538252,183.333170,0.99220195,0.05523046,-0.10260622,0.04423638,-1.41123725,0.80763005,0.71019639,11.1100,97.9210,2193.6990,0.02012019,-0.06664853,0.615561,0.12662368,-0.01992777,-0.12029471,0.02625674,0.01454441,-0.02521031,-0.01745329,0.02327106,-107.2660,278.3793,-79.8703,-11.699582,24.070861,-16.729378,16.47729450,44.11519682,1297.9210
10.050000,4393150.672725,4259519.215788,1797810.467560,-74.998436,-72.301843,183.240102,0.99277210,0.04807415,-0.09950630,0.04680735,-1.28247482,0.62662871,0.52160963,11.1100,97.4418,2195.7526,0.02801898,-0.07367010,0.615282,0.12662368,-0.01992777,-0.12029471,0.02625674,0.01454441,-0.02521031,-0.01745329,0.02327106,-107.1375,309.4891,-116.4859,-11.625012,27.012082,-20.051899,16.47731306,44.11519680,1297.4418
10.060000,4393149.922200,4259518.494079,1797812.299676,-75.106016,-72.035404,183.184238,0.99324621,0.04135279,-0.09669033,0.04901922,-1.25521926,0.67500903,0.55823204,11.1100,96.9625,2197.8052,0.03409276,-0.07887850,0.614989,0.08561112,-0.02216972,-0.08799606,0.01978479,0.09211460,-0.02327106,-0.08629684,0.02424068,-107.0083,275.9319,-201.4922,-11.555080,24.123731,-27.725860,16.47733161,44.11519682,1296.9625
10.070000,4393149.170614,4259517.775174,1797814.131266,-75.210706,-71.740742,183.134887,0.99366811,0.03473727,-0.09368423,0.05138358,-1.22991162,0.70059535,0.57578981,11.1100,96.4837,2199.8569,0.03916120,-0.08352820,0.614690,0.08561112,-0.02216972,-0.08799606,0.01978479,0.09211460,-0.02327106,-0.08629684,0.02424068,-106.8787,297.0682,-224.2753,-11.480876,26.156226,-29.797638,16.47735015,44.11519686,1296.4837
10.080000,4393148.417999,4259517.059361,1797815.962395,-75.311674,-71.417165,183.091928,0.99403261,0.02823355,-0.09059716,0.05379771,-1.20645200,0.70358479,0.57382336,11.1100,96.0058,2201.9077,0.04446782,-0.08841956,0.614377,0.08561112,-0.02216972,-0.08799606,0.01978479,0.09211460,-0.02327106,-0.08629684,0.02424068,-106.7432,319.1479,-248.2714,-11.403946,28.271332,-31.976689,16.47736869,44.11519692,1296.0058
10.090000,4393147.664395,4259516.346926,1797817.793125,-75.408140,-71.065207,183.055028,0.99433701,0.02184722,-0.08753652,0.05616020,-1.18504499,0.68509142,0.55266971,11.1100,95.5293,2203.9577,0.04978100,-0.09335655,0.614050,0.08561112,-0.02216972,-0.08799606,0.01978479,0.09211460,-0.02327106,-0.08629684,0.02424068,-106.5871,341.2698,-272.3433,-11.325017,30.387709,-34.160345,16.47738721,44.11519702,1295.5293
10.100000,4393146.909831,4259515.638169,1797819.623510,-75.503753,-70.681979,183.022912,0.99457969,0.01598195,-0.08457892,0.05832854,-1.00939619,0.64750503,0.48110925,11.1100,95.0541,2206.0068,0.05488178,-0.09814395,0.613706,0.09470662,-0.01823223,-0.09686704,0.01607182,0.08241833,-0.02327106,-0.08629684,0.01454441,-106.3463,369.9908,-295.4733,-11.240288,33.087498,-36.256590,16.47740573,44.11519714,1295.0541
10.110000,4393146.154343,4259514.933363,1797821.453601,-75.592488,-70.275737,182.995975,0.99477074,0.01100716,-0.08179118,0.06016820,-0.84536213,0.59323910,0.39467407,11.1100,94.5807,2208.0550,0.05965291,-0.10235834,0.613345,0.09470662,-0.01823223,-0.09686704,0.01607182,0.08241833,-0.02327106,-0.08629684,0.01454441,-106.1079,388.3313,-317.1071,-11.159466,34.835074,-38.215555,16.47742424,44.11519729,1294.5807
10.120000,4393145.398020,4259514.232706,1797823.283449,-75.669978,-69.852627,182.974752,0.99492439,0.00668354,-0.07926060,0.06163236,-0.78615214,0.53078457,0.31455956,11.1100,94.1092,2210.1023,0.06400981,-0.10566310,0.612970,0.09470662,-0.01823223,-0.09686704,0.01607182,0.08144870,-0.02327106,-0.08629684,0.01842292,-105.8786,401.2016,-335.0051,-11.084782,36.077144,-39.836030,16.47744274,44.11519748,1294.1092
10.130000,4393144.640995,4259513.536363,1797825.113121,-75.733592,-69.414085,182.960296,0.99505315,0.00276331,-0.07697197,0.06274482,-0.68361029,0.48188032,0.24214883,11.1100,93.6398,2212.1486,0.06777753,-0.10805630,0.612583,0.09470662,-0.01823223,-0.09686704,0.01607182,0.09114497,-0.01939255,-0.09696274,0.01842292,-105.6612,404.5996,-361.2524,-11.016065,36.458400,-42.206262,16.47746124,44.11519770,1293.6398
10.140000,4393143.883380,4259512.844457,1797826.942667,-75.787976,-68.965624,182.949560,0.99516372,-0.00061822,-0.07491873,0.06352931,-0.58763591,0.42307288,0.16867129,11.1100,93.1728,2214.1941,0.07097252,-0.10965736,0.612186,0.09792120,-0.01198853,-0.09945279,0.01045694,0.09211460,-0.02036217,-0.09696274,0.01842292,-105.4546,410.0559,-375.4715,-10.953389,37.014135,-43.492375,16.47747972,44.11519795,1293.1728
10.150000,4393143.125279,4259512.157071,1797828.772128,-75.830849,-68.510746,182.943114,0.99526060,-0.00361010,-0.07313102,0.06399350,-0.54427938,0.36628008,0.10371717,11.1100,92.7083,2216.2387,0.07366736,-0.11046578,0.611781,0.09792120,-0.01198853,-0.09945279,0.01045694,0.09793236,-0.02036217,-0.09696274,0.01842292,-105.2594,410.5067,-389.5677,-10.897306,37.111558,-44.766101,16.47749820,44.11519824,1292.7083
10.160000,4393142.366791,4259511.474253,1797830.601538,-75.865334,-68.052794,182.939269,0.99534601,-0.00633037,-0.07163056,0.06415070,-0.49590485,0.30226566,0.03882351,11.1100,92.2464,2218.2824,0.07579706,-0.11055262,0.611373,0.09792120,-0.01198853,-0.09945279,0.01045694,0.09696274,-0.02036217,-0.09696274,0.01842292,-105.0764,410.3816,-398.4720,-10.848230,37.151747,-45.571297,16.47751667,44.11519856,1292.2464
10.170000,4393141.608000,4259510.796014,1797832.430921,-75.891309,-67.595375,182.937747,0.99542103,-0.00877372,-0.07044396,0.06401277,-0.45052271,0.23506775,-0.02183754,11.1100,91.7873,2220.3252,0.07733528,-0.10997374,0.610961,0.09792120,-0.01198853,-0.09945279,0.01045694,0.09696274,-0.02036217,-0.09696274,0.01842292,-104.9061,406.9513,-405.0788,-10.806789,36.889014,-46.168553,16.47753513,44.11519891,1291.7873
10.180000,4393140.848995,4259510.122390,1797834.260313,-75.908431,-67.130411,182.940896,0.99550047,-0.01089807,-0.06947191,0.06351141,-0.38481369,0.21026327,-0.11504218,11.1100,91.3311,2222.3670,0.07824388,-0.10875848,0.610550,0.09191802,-0.00543882,-0.09306855,0.00428829,0.09696274,-0.00872665,-0.09793236,0.00484814,-104.7496,409.9000,-418.7291,-10.771276,37.194014,-47.399045,16.47755359,44.11519930,1291.3311
10.190000,4393140.089863,4259509.453380,1797836.089746,-75.916266,-66.673174,182.946037,0.99559736,-0.01266692,-0.06860938,0.06259553,-0.32314406,0.18480542,-0.19717200,11.1100,90.8778,2224.4080,0.07869928,-0.10672773,0.610136,0.09191802,-0.00543882,-0.09306855,0.00428829,0.09696274,-0.00872665,-0.09793236,0.00484814,-104.6069,399.9544,-420.2140,-10.739747,36.331079,-47.534224,16.47757203,44.11519972,1290.8778
10.200000,4393139.330704,4259508.788884,1797837.919239,-75.913749,-66.228424,182.952965,0.99570657,-0.01412450,-0.06787279,0.06133678,-0.28079555,0.15289432,-0.25912839,11.1100,90.4275,2226.4482,0.07896832,-0.10382171,0.609728,0.09191802,-0.00543882,-0.09306855,0.00428829,0.09696274,-0.00969627,-0.09793236,0.00484814,-104.4791,385.8006,-420.5045,-10.712562,35.083020,-47.561576,16.47759047,44.11520017,1290.4275
10.210000,4393138.571624,4259508.128763,1797839.748811,-75.900590,-65.798027,182.961674,0.99581726,-0.01542578,-0.06730425,0.05983454,-0.26501234,0.11698682,-0.30100197,11.1100,89.9802,2228.4874,0.07902600,-0.10021530,0.609328,0.09191802,-0.00543882,-0.09306855,0.00428829,0.09696274,-0.00969627,-0.09793236,0.01066590,-104.3650,366.6448,-418.0730,-10.690222,33.381604,-47.343467,16.47760891,44.11520065,1289.9802
10.220000,4393137.812702,4259507.472905,1797841.578475,-75.881987,-65.376299,182.971450,0.99593033,-0.01654541,-0.06690411,0.05807644,-0.21835599,0.08358246,-0.36636423,11.1100,89.5359,2230.5259,0.07877905,-0.09615789,0.608937,0.07972631,0.00378237,-0.07995966,-0.00401573,0.09211460,-0.00678739,-0.09017534,0.00096963,-104.2627,357.2471,-416.5001,-10.672604,32.554857,-47.202250,16.47762733,44.11520116,1289.5359
10.230000,4393137.054021,4259506.821179,1797843.408246,-75.852256,-64.972006,182.982959,0.99604797,-0.01741193,-0.06665394,0.05605819,-0.17456932,0.05333203,-0.41224639,11.1100,89.0946,2232.5636,0.07822999,-0.09158001,0.608553,0.07972631,0.00378237,-0.07995966,-0.00401573,0.09211460,-0.00678739,-0.09017534,0.00096963,-104.1722,336.0191,-413.5821,-10.659431,30.658184,-46.939683,16.47764575,44.11520170,1289.0946
10.240000,4393136.295694,4259506.173401,1797845.238139,-75.811399,-64.586790,182.995925,0.99616482,-0.01804728,-0.06653581,0.05387886,-0.13349638,0.02700247,-0.43748450,11.1100,88.6562,2234.6004,0.07742611,-0.08650206,0.608179,0.07972631,0.00378237,-0.07995966,-0.00401573,0.09211460,-0.00678739,-0.09017534,0.00096963,-104.0941,312.7222,-409.5384,-10.650318,28.570730,-46.575576,16.47766416,44.11520226,1288.6562
10.250000,4393135.537793,4259505.529415,1797847.068162,-75.768012,-64.213774,183.008431,0.99627446,-0.01888624,-0.06655881,0.05148236,-0.24154044,-0.00145036,-0.49837281,11.1100,88.2208,2236.6365,0.07640319,-0.08113365,0.607817,0.07972631,0.00378237,-0.07995966,-0.00401573,0.09211460,0.00872665,-0.07853982,0.00096963,-104.0255,298.4040,-405.9726,-10.644736,27.295292,-46.253957,16.47768256,44.11520285,1288.2208
10.260000,4393134.780360,4259504.889052,1797848.898307,-75.716656,-63.862844,183.020552,0.99637430,-0.02000436,-0.06677363,0.04877881,-0.27907884,-0.03689529,-0.54896267,11.1100,87.7882,2238.6719,0.07513105,-0.07543577,0.607465,0.06375182,0.01197451,-0.06390235,-0.01212504,0.07563093,0.00872665,-0.07853982,0.00096963,-103.9660,278.5208,-393.7709,-10.643644,25.524187,-45.154274,16.47770096,44.11520346,1287.7882
10.270000,4393134.023506,4259504.252089,1797850.728581,-75.652226,-63.533714,183.034419,0.99646792,-0.02103795,-0.06711218,0.04588071,-0.21669160,-0.05098002,-0.57863651,11.1100,87.3584,2240.7066,0.07352407,-0.06930075,0.607124,0.06375182,0.01197451,-0.06390235,-0.01212504,0.07757019,0.00484814,-0.07950944,-0.00872665,-103.8635,251.7495,-389.5180,-10.641359,23.131284,-44.769757,16.47771935,44.11520409,1287.3584
10.280000,4393133.267355,4259503.618294,1797852.558996,-75.576078,-63.229625,183.048543,0.99655857,-0.02176301,-0.06749111,0.04292236,-0.15844314,-0.05825638,-0.58156633,11.1100,86.9313,2242.7406,0.07171508,-0.06286429,0.606794,0.06375182,0.01197451,-0.06390235,-0.01212504,0.07757019,0.00484814,-0.07950944,-0.00872665,-103.7405,222.5491,-381.0626,-10.638424,20.513615,-44.007082,16.47773774,44.11520474,1286.9313
10.290000,4393132.511952,4259502.987450,1797854.389533,-75.502471,-62.942808,183.059025,0.99663732,-0.02251176,-0.06797429,0.03983423,-0.21982860,-0.08895387,-0.63224584,11.1100,86.5068,2244.7740,0.06988967,-0.05634076,0.606477,0.06375182,0.01197451,-0.06390235,-0.01212504,0.06302578,0.01745329,-0.06108652,-0.00872665,-103.6220,209.9608,-365.0191,-10.638039,19.391517,-42.561091,16.47775612,44.11520541,1286.5068
10.300000,4393131.757346,4259502.359360,1797856.220178,-75.416718,-62.679746,183.069854,0.99670331,-0.02338829,-0.06856668,0.03652544,-0.22816537,-0.10018208,-0.66462593,11.1100,86.0849,2246.8067,0.06794009,-0.04960994,0.606170,0.04516102,0.02025013,-0.04535515,-0.02044426,0.06302578,0.01745329,-0.06108652,-0.01648367,-103.5073,182.3200,-358.9065,-10.640217,16.916768,-42.008529,16.47777449,44.11520610,1286.0849
10.310000,4393131.003654,4259501.733751,1797858.050922,-75.319736,-62.446456,183.078856,0.99675783,-0.02414913,-0.06922163,0.03315130,-0.17720022,-0.11526851,-0.66198258,11.1100,85.6654,2248.8388,0.06582260,-0.04258951,0.605872,0.04516102,0.02025013,-0.04535515,-0.02044426,0.06108652,0.01163553,-0.06108652,-0.01648367,-103.3965,149.2696,-346.2632,-10.644178,13.952726,-40.868034,16.47779286,44.11520679,1285.6654
10.320000,4393130.250993,4259501.110339,1797859.881751,-75.210543,-62.240237,183.086687,0.99680031,-0.02465067,-0.06991437,0.02989086,-0.12229607,-0.12014944,-0.62695210,11.1100,85.2482,2250.8704,0.06365455,-0.03554148,0.605585,0.04516102,0.02025013,-0.04535515,-0.02044426,0.06108652,0.01163553,-0.06302578,-0.01551404,-103.2896,116.7046,-336.6663,-10.649404,11.027390,-40.001856,16.47781122,44.11520750,1285.2482
10.330000,4393129.499476,4259500.488864,1797861.712650,-75.091349,-62.058750,183.092686,0.99683150,-0.02490405,-0.07059586,0.02688809,-0.07098502,-0.11667211,-0.56639933,11.1100,84.8332,2252.9014,0.06146222,-0.02877862,0.605307,0.04516102,0.02025013,-0.04535515,-0.02044426,0.06108652,0.01163553,-0.06302578,-0.01551404,-103.1984,87.1389,-326.5870,-10.655882,8.367417,-39.092505,16.47782958,44.11520821,1284.8332
10.340000,4393128.749118,4259499.869128,1797863.543580,-74.978972,-61.892165,183.092950,0.99684855,-0.02504823,-0.07132088,0.02406009,-0.07130567,-0.14124172,-0.56121997,11.1100,84.4203,2254.9318,0.05933207,-0.02257856,0.605035,0.02772878,0.02662505,-0.02795635,-0.02685262,0.04460286,0.02036217,-0.04363323,-0.02036217,-103.1255,78.3578,-308.6069,-10.664837,7.576298,-37.471972,16.47784793,44.11520893,1284.4203
10.350000,4393127.999909,4259499.250962,1797865.374500,-74.861553,-61.744730,183.090547,0.99685039,-0.02513838,-0.07214686,0.02126489,-0.05237574,-0.15760474,-0.55530181,11.1100,84.0093,2256.9617,0.05718824,-0.01672386,0.604769,0.02772878,0.02662505,-0.02795635,-0.02685262,0.04266360,0.02036217,-0.03781547,-0.02714957,-103.0516,58.0603,-298.5529,-10.675672,5.747532,-36.564615,16.47786628,44.11520966,1284.0093
10.360000,4393127.251912,4259498.634159,1797867.205381,-74.736712,-61.619468,183.085273,0.99684024,-0.02514201,-0.07302609,0.01856337,-0.03466308,-0.16449074,-0.52705136,11.1100,83.6002,2258.9910,0.05488786,-0.01099872,0.604509,0.02772878,0.02662505,-0.02795635,-0.02685262,0.04266360,0.02036217,-0.03781547,-0.02714957,-102.9777,33.0628,-288.1451,-10.687520,3.494100,-35.625314,16.47788462,44.11521039,1283.6002
10.370000,4393126.505196,4259498.018503,1797869.036195,-74.605493,-61.515159,183.076828,0.99682034,-0.02507393,-0.07390915,0.01606088,-0.01808695,-0.16199981,-0.47837890,11.1100,83.1929,2261.0198,0.05252260,-0.00553688,0.604253,0.02772878,0.02662505,-0.02795635,-0.02685262,0.04266360,0.02036217,-0.03781547,-0.02714957,-102.9023,9.3767,-277.4288,-10.699228,1.357486,-34.658267,16.47790296,44.11521112,1283.1929
10.380000,4393125.759795,4259497.403816,1797870.866905,-74.473947,-61.425188,183.064744,0.99678645,-0.02526734,-0.07476256,0.01374405,-0.13196598,-0.15335958,-0.44519907,11.1100,82.7871,2263.0480,0.05018500,-0.00054658,0.604000,0.01416335,0.02873653,-0.01441463,-0.02898781,0.04266360,0.02811919,-0.02617994,-0.02908882,-102.8244,-4.3427,-266.1069,-10.709941,0.123253,-33.636513,16.47792130,44.11521184,1282.7871
10.390000,4393125.015732,4259496.789940,1797872.697479,-74.339009,-61.352660,183.049017,0.99673472,-0.02602629,-0.07555256,0.01159067,-0.21763498,-0.14035578,-0.40028504,11.1100,82.3829,2265.0757,0.04795367,0.00395766,0.603750,0.01416335,0.02873653,-0.01441463,-0.02898781,0.04266360,0.02811919,-0.02617994,-0.02908882,-102.7436,-23.7413,-255.9528,-10.718933,-1.610963,-32.719461,16.47793962,44.11521257,1282.3829
10.400000,4393124.273004,4259496.176712,1797874.527867,-74.206191,-61.295567,183.028109,0.99667302,-0.02692482,-0.07632357,0.00962625,-0.20419135,-0.14302206,-0.36135813,11.1100,81.9801,2267.1028,0.04590945,0.00792510,0.603503,0.01416335,0.02873653,-0.01441463,-0.02898781,0.02617994,0.02811919,-0.02617994,-0.02811919,-102.6598,-35.0815,-240.2883,-10.727198,-2.616916,-31.306285,16.47795795,44.11521329,1281.9801
10.410000,4393123.531576,4259495.563986,1797876.358017,-74.079954,-61.251755,183.001007,0.99660031,-0.02779828,-0.07716217,0.00781519,-0.18630817,-0.17282283,-0.34427736,11.1100,81.5786,2269.1294,0.04396574,0.01143825,0.603259,0.01416335,0.02873653,-0.01441463,-0.02898781,0.02617994,0.02811919,-0.01551404,-0.02811919,-102.5742,-46.2242,-227.6395,-10.736596,-3.605408,-30.164319,16.47797627,44.11521401,1281.5786
10.420000,4393122.791403,4259494.951630,1797878.187873,-73.954416,-61.221779,182.969588,0.99651370,-0.02854325,-0.07815694,0.00610155,-0.16767538,-0.20343813,-0.32480407,11.1100,81.1783,2271.1553,0.04195483,0.01463388,0.603016,0.00465904,0.02927599,-0.00493077,-0.02954772,0.01163553,0.02811919,-0.01260516,-0.02811919,-102.4884,-53.6291,-212.3995,-10.749031,-4.259875,-28.788734,16.47799458,44.11521473,1281.1783
10.430000,4393122.052489,4259494.339504,1797880.017395,-73.828252,-61.205742,182.934241,0.99641451,-0.02920719,-0.07927548,0.00452339,-0.15020973,-0.22419254,-0.29440920,11.1100,80.7790,2273.1807,0.03967500,0.01763150,0.602776,0.00465904,0.02927599,-0.00493077,-0.02954772,0.01163553,0.02811919,-0.01260516,-0.02811919,-102.4035,-66.4679,-202.3257,-10.763926,-5.404876,-27.877788,16.47801289,44.11521543,1280.7790
10.440000,4393121.314818,4259493.727473,1797881.846538,-73.706991,-61.202504,182.893325,0.99630877,-0.02965446,-0.08049691,0.00311224,-0.09157567,-0.24995704,-0.26953054,11.1100,80.3806,2275.2055,0.03718422,0.02033756,0.602537,0.00465904,0.02927599,-0.00493077,-0.02954772,0.00387851,0.02811919,-0.01260516,-0.02811919,-102.3194,-75.1658,-188.4932,-10.780841,-6.181211,-26.628397,16.47803119,44.11521613,1280.3806
10.450000,4393120.578325,4259493.115414,1797883.675241,-73.592101,-61.211536,182.846446,0.99618946,-0.03002307,-0.08186510,0.00180936,-0.10014503,-0.28122896,-0.25259106,11.1100,79.9831,2277.2296,0.03453311,0.02274049,0.602300,0.00465904,0.02927599,-0.00493077,-0.02954772,0.00290888,0.02811919,-0.00096963,-0.02811919,-102.2362,-80.8198,-172.2859,-10.800637,-6.684992,-25.164809,16.47804948,44.11521683,1279.9831
10.460000,4393119.842968,4259492.503198,1797885.503450,-73.479880,-61.233675,182.794589,0.99605582,-0.03039992,-0.08335620,0.00062087,-0.09039640,-0.30093898,-0.22558946,11.1100,79.5862,2279.2531,0.03164655,0.02493289,0.602065,-0.00512851,0.02525605,0.00482869,-0.02555587,0.00290888,0.02714957,-0.00193925,-0.02811919,-102.1540,-90.8397,-159.8182,-10.822851,-7.581484,-24.037325,16.47806777,44.11521751,1279.5862
10.470000,4393119.108715,4259491.890700,1797887.331116,-73.371687,-61.267858,182.737564,0.99591416,-0.03074880,-0.08490780,-0.00040976,-0.08848421,-0.30803150,-0.19210382,11.1100,79.1898,2281.2759,0.02856337,0.02686639,0.601831,-0.00512851,0.02525605,0.00482869,-0.02555587,0.00290888,0.02714957,-0.00290888,-0.02811919,-102.0726,-99.3256,-146.8160,-10.846215,-8.340255,-22.861467,16.47808606,44.11521819,1279.1898
10.480000,4393118.375499,4259491.277806,1797889.158178,-73.272402,-61.312663,182.674042,0.99576907,-0.03099334,-0.08649688,-0.00128649,-0.04060151,-0.31706923,-0.16769628,11.1100,78.7939,2283.2980,0.02540550,0.02846711,0.601598,-0.00512851,0.02525605,0.00482869,-0.02555587,-0.00484814,0.02714957,0.00000000,-0.02811919,-101.9916,-102.1466,-129.2681,-10.870260,-8.590989,-21.276365,16.47810433,44.11521886,1278.7939
10.490000,4393117.643248,4259490.664412,1797890.984579,-73.178729,-61.367780,182.605234,0.99562694,-0.03101847,-0.08809548,-0.00200998,0.00428066,-0.31356155,-0.13896884,11.1100,78.3982,2285.3194,0.02223007,0.02977811,0.601368,-0.00512851,0.02525605,0.00482869,-0.02555587,-0.00484814,0.02714957,0.00000000,-0.02811919,-101.9110,-107.5936,-115.5179,-10.894419,-9.082151,-20.033213,16.47812261,44.11521952,1278.3982
10.500000,4393116.911892,4259490.050421,1797892.810262,-73.093675,-61.431861,182.530452,0.99548886,-0.03090947,-0.08966506,-0.00259259,0.01813712,-0.30708515,-0.11610558,11.1100,78.0027,2287.3401,0.01907233,0.03081320,0.601139,-0.01303719,0.01838990,0.01271506,-0.01871203,-0.00581776,0.02714957,0.00484814,-0.02811919,-101.8304,-109.7356,-99.7174,-10.917919,-9.278254,-18.605688,16.47814087,44.11522017,1278.0027
10.510000,4393116.181354,4259489.435747,1797894.635171,-73.015251,-61.504168,182.450598,0.99535601,-0.03074422,-0.09116960,-0.00305140,0.02628254,-0.29011803,-0.09205890,11.1100,77.6072,2289.3601,0.01602233,0.03158867,0.600911,-0.01303719,0.01838990,0.01271506,-0.01871203,-0.00581776,0.02714957,0.00484814,-0.02811919,-101.7496,-112.8729,-86.4779,-10.940054,-9.564842,-17.408879,16.47815913,44.11522081,1277.6072
10.520000,4393115.451528,4259488.820282,1797896.459233,-72.951083,-61.590035,182.360926,0.99522016,-0.03053301,-0.09269901,-0.00338480,0.04578621,-0.31746009,-0.06730814,11.1100,77.2116,2291.3793,0.01314702,0.03211525,0.600684,-0.01303719,0.01838990,0.01271506,-0.01871203,-0.01648367,0.01939255,0.01260516,-0.01842292,-101.6669,-114.5827,-61.1184,-10.962409,-9.723635,-15.121031,16.47817738,44.11522144,1277.2116
10.530000,4393114.722310,4259488.203925,1797898.282375,-72.893752,-61.682297,182.266625,0.99507517,-0.03025151,-0.09432615,-0.00358078,0.06059196,-0.33062501,-0.04158946,11.1100,76.8157,2293.3977,0.01031720,0.03239670,0.600458,-0.01303719,0.01838990,0.01271506,-0.01871203,-0.01551404,0.01939255,0.01260516,-0.01842292,-101.5809,-115.9272,-49.4012,-10.986251,-9.850706,-14.060748,16.47819562,44.11522206,1276.8157
10.540000,4393113.993625,4259487.586616,1797900.104549,-72.844518,-61.780375,182.167395,0.99492719,-0.02989883,-0.09598266,-0.00364393,0.07794229,-0.33105695,-0.01739010,11.1100,76.4194,2295.4153,0.00732882,0.03242152,0.600234,-0.01761905,0.01109443,0.01731179,-0.01140168,-0.01551404,0.01939255,0.01260516,-0.01939255,-101.4952,-115.4709,-36.9515,-11.010603,-9.816845,-12.934395,16.47821386,44.11522267,1276.4194
10.550000,4393113.265393,4259486.968299,1797901.925707,-72.803434,-61.883753,182.063342,0.99478278,-0.02945635,-0.09760500,-0.00357793,0.10121558,-0.31841077,0.00661389,11.1100,76.0226,2297.4321,0.00432289,0.03220021,0.600010,-0.01761905,0.01109443,0.01731179,-0.01140168,-0.01551404,0.01939255,0.01163553,-0.01939255,-101.4099,-114.6597,-24.3822,-11.034241,-9.752530,-11.797401,16.47823209,44.11522327,1276.0226
10.560000,4393112.537528,4259486.348927,1797903.745800,-72.771029,-61.991366,181.954593,0.99464817,-0.02891246,-0.09913423,-0.00339026,0.12304299,-0.29509407,0.02804001,11.1100,75.6250,2299.4480,0.00142537,0.03174146,0.599787,-0.01761905,0.01109443,0.01731179,-0.01140168,-0.01551404,0.01939255,0.01163553,-0.01939255,-101.3400,-112.4872,-11.8873,-11.057378,-9.567419,-10.667465,16.47825031,44.11522386,1275.6250
10.570000,4393111.809944,4259485.728462,1797905.564784,-72.747146,-62.102064,181.841583,0.99452834,-0.02827269,-0.10052081,-0.00309763,0.14231334,-0.26265340,0.04586986,11.1100,75.2268,2301.4630,-0.00124625,0.03106399,0.599565,-0.01761905,0.01109443,0.01731179,-0.01140168,-0.01551404,0.01939255,0.01163553,-0.01939255,-101.2711,-109.3944,-0.3197,-11.077782,-9.301100,-9.621569,16.47826852,44.11522444,1275.2268
10.580000,4393111.082556,4259485.106843,1797907.382605,-72.731794,-62.221823,181.722047,0.99441891,-0.02760668,-0.10179304,-0.00266246,0.14063186,-0.25062753,0.08500535,11.1100,74.8277,2303.4771,-0.00359502,0.03020070,0.599344,-0.02006445,0.00362322,0.01978708,-0.00390060,-0.01551404,0.01163553,0.01260516,-0.00969627,-101.2024,-111.3942,16.4541,-11.095924,-9.493360,-8.107453,16.47828672,44.11522501,1274.8277
10.590000,4393110.355280,4259484.484025,1797909.199214,-72.724810,-62.341824,181.599298,0.99431556,-0.02696699,-0.10298132,-0.00204978,0.13904856,-0.23115374,0.11827160,11.1100,74.4276,2305.4903,-0.00565398,0.02904301,0.599123,-0.02006445,0.00362322,0.01978708,-0.00390060,-0.01551404,0.01163553,0.01260516,-0.00969627,-101.1339,-106.1650,25.3078,-11.112365,-9.034036,-7.306453,16.47830492,44.11522557,1274.4276
10.600000,4393109.628031,4259483.860008,1797911.014581,-72.726365,-62.461171,181.473594,0.99422197,-0.02633290,-0.10405576,-0.00128688,0.14452779,-0.20676186,0.14605403,11.1100,74.0264,2307.5026,-0.00751580,0.02754565,0.598903,-0.02006445,0.00362322,0.01978708,-0.00390060,-0.01551404,0.01066590,0.01260516,-0.00969627,-101.0657,-99.8657,33.6878,-11.126569,-8.477951,-6.548481,16.47832311,44.11522612,1274.0264
10.610000,4393108.900715,4259483.234778,1797912.828663,-72.738374,-62.584432,181.342454,0.99413158,-0.02575322,-0.10506684,-0.00036771,0.12533249,-0.20778521,0.18289105,11.1100,73.6241,2309.5139,-0.00912165,0.02576965,0.598684,-0.02006445,0.00362322,0.01978708,-0.00390060,-0.01648367,0.00387851,0.01551404,-0.00096963,-100.9978,-96.1994,47.5262,-11.139512,-8.157424,-5.299348,16.47834128,44.11522667,1273.6241
10.620000,4393108.173229,4259482.608328,1797914.641420,-72.760479,-62.704933,181.208483,0.99403592,-0.02527108,-0.10608236,0.00070105,0.11076170,-0.21007149,0.20968846,11.1100,73.2206,2311.5243,-0.01054593,0.02368621,0.598465,-0.01741045,-0.00308296,0.01715869,0.00283120,-0.01745329,0.00193925,0.01745329,-0.00096963,-100.9302,-86.7100,55.2807,-11.152495,-7.310526,-4.597644,16.47835945,44.11522721,1273.2206
10.630000,4393107.445474,4259481.980692,1797916.452826,-72.792110,-62.821363,181.072350,0.99393616,-0.02487064,-0.10709275,0.00187083,0.09708762,-0.20695762,0.22649374,11.1100,72.8158,2313.5336,-0.01194861,0.02132798,0.598248,-0.01741045,-0.00308296,0.01715869,0.00283120,-0.01745329,0.00193925,0.01745329,-0.00096963,-100.8630,-76.4567,61.2071,-11.165367,-6.393022,-4.060390,16.47837762,44.11522774,1272.8158
10.640000,4393106.717354,4259481.351917,1797918.262860,-72.833433,-62.932772,180.934287,0.99383571,-0.02453008,-0.10807090,0.00308713,0.09245408,-0.19703575,0.23082003,11.1100,72.4097,2315.5420,-0.01331579,0.01879743,0.598031,-0.01741045,-0.00308296,0.01715869,0.00283120,-0.01842292,0.00290888,0.01745329,-0.00096963,-100.7961,-64.8476,67.0008,-11.177632,-5.352175,-3.535107,16.47839577,44.11522826,1272.4097
10.650000,4393105.988774,4259480.722055,1797920.071506,-72.883951,-63.038863,180.794542,0.99374082,-0.02417038,-0.10897955,0.00429405,0.10070037,-0.17990149,0.22293519,11.1100,72.0021,2317.5493,-0.01459399,0.01621011,0.597816,-0.01741045,-0.00308296,0.01715869,0.00283120,-0.01842292,0.00290888,0.01648367,-0.00290888,-100.7296,-53.4198,71.4123,-11.188603,-4.327995,-3.134506,16.47841391,44.11522878,1272.0021
10.660000,4393105.259646,4259480.091113,1797921.878729,-72.943167,-63.148741,180.649851,0.99364550,-0.02379579,-0.10987237,0.00551775,0.10039678,-0.19066752,0.23668771,11.1100,71.5931,2319.5556,-0.01571122,0.01369014,0.597601,-0.01409237,-0.01055368,0.01384792,0.01030923,-0.01842292,-0.00678739,0.01648367,0.00872665,-100.6634,-50.2420,83.7395,-11.199301,-4.046595,-2.021466,16.47843204,44.11522929,1271.5931
10.670000,4393104.529881,4259479.459097,1797923.684497,-73.011207,-63.253527,180.503418,0.99354293,-0.02342127,-0.11080549,0.00678482,0.10122575,-0.19687342,0.24006065,11.1100,71.1826,2321.5609,-0.01674497,0.01115227,0.597387,-0.01409237,-0.01055368,0.01384792,0.01030923,-0.01842292,-0.00678739,0.01648367,0.00775702,-100.5972,-39.0044,87.6738,-11.210768,-3.039596,-1.663650,16.47845017,44.11522981,1271.1826
10.680000,4393103.799394,4259478.826046,1797925.488787,-73.087754,-63.355959,180.354277,0.99343377,-0.02302706,-0.11177624,0.00807271,0.10772262,-0.20637881,0.24400275,11.1100,70.7705,2323.5652,-0.01784106,0.00857661,0.597173,-0.01409237,-0.01055368,0.01384792,0.01030923,-0.01842292,-0.00969627,0.01551404,0.01066590,-100.5313,-30.4133,93.9439,-11.222984,-2.271103,-1.095406,16.47846828,44.11523031,1270.7705
10.690000,4393103.068098,4259478.191992,1797927.291576,-73.172868,-63.454028,180.203075,0.99331772,-0.02263611,-0.11278231,0.00936310,0.10119699,-0.21096600,0.24069440,11.1100,70.3568,2325.5683,-0.01898454,0.00600050,0.596959,-0.01409237,-0.01055368,0.01384792,0.01030923,-0.01745329,-0.00969627,0.01551404,0.01163553,-100.4656,-20.1198,98.6793,-11.235899,-1.349251,-0.665099,16.47848639,44.11523082,1270.3568
10.700000,4393102.335907,4259477.556980,1797929.092841,-73.266769,-63.547662,180.049671,0.99319806,-0.02223721,-0.11380012,0.01061379,0.10886842,-0.21089139,0.22788526,11.1100,69.9415,2327.5705,-0.02017636,0.00346361,0.596746,-0.01129663,-0.01729440,0.01106952,0.01706729,-0.01842292,-0.00969627,0.01454441,0.01163553,-100.3999,-9.3611,103.6373,-11.249077,-0.385714,-0.214659,16.47850448,44.11523132,1269.9415
10.710000,4393101.602737,4259476.921052,1797930.892563,-73.368534,-63.637376,179.894197,0.99307882,-0.02180940,-0.11480393,0.01178446,0.10917422,-0.20485150,0.20786129,11.1100,69.5245,2329.5715,-0.02136657,0.00105202,0.596532,-0.01129663,-0.01729440,0.01106952,0.01706729,-0.01745329,-0.00969627,0.01454441,0.01163553,-100.3342,0.4607,108.2631,-11.262041,0.492798,0.205831,16.47852257,44.11523183,1269.5245
10.720000,4393100.868514,4259476.284242,1797932.690718,-73.477363,-63.724104,179.736600,0.99296392,-0.02133307,-0.11576920,0.01284682,0.12324887,-0.19475114,0.18313257,11.1100,69.1057,2331.5714,-0.02250387,-0.00115597,0.596319,-0.01129663,-0.01729440,0.01106952,0.01706729,-0.01745329,-0.01066590,0.01357478,0.01163553,-100.2686,9.0250,113.0288,-11.274337,1.256966,0.638755,16.47854064,44.11523233,1269.1057
10.730000,4393100.133168,4259475.646580,1797934.487288,-73.592642,-63.807963,179.577068,0.99285704,-0.02077347,-0.11667720,0.01377642,0.13646645,-0.18112989,0.15193643,11.1100,68.6852,2333.5702,-0.02353786,-0.00310731,0.596105,-0.01129663,-0.01729440,0.01106952,0.01706729,-0.01745329,-0.01066590,0.01357478,0.01163553,-100.2028,17.1469,117.3703,-11.285621,1.979428,1.033203,16.47855871,44.11523284,1268.6852
10.740000,4393099.396655,4259475.008057,1797936.282247,-73.710917,-63.896208,179.414392,0.99275455,-0.02017497,-0.11754837,0.01462041,0.13510227,-0.17944877,0.14763177,11.1100,68.2630,2335.5679,-0.02443242,-0.00474973,0.595890,-0.01004163,-0.02162361,0.00983612,0.02141810,-0.01260516,-0.01939255,0.01260516,0.01842292,-100.1370,16.4235,124.5398,-11.296256,1.904803,1.682047,16.47857676,44.11523334,1268.2630
10.750000,4393098.658933,4259474.368663,1797938.075571,-73.834237,-63.982125,179.250157,0.99265250,-0.01957908,-0.11840453,0.01542830,0.13381857,-0.17488348,0.13792443,11.1100,67.8388,2337.5644,-0.02521790,-0.00622200,0.595676,-0.01004163,-0.02162361,0.00983612,0.02141810,-0.01260516,-0.01939255,0.01260516,0.01842292,-100.0712,22.6089,127.7737,-11.306622,2.452021,1.976623,16.47859481,44.11523385,1267.8388
10.760000,4393097.919955,4259473.728421,1797939.867245,-73.962141,-64.065956,179.084458,0.99255310,-0.01898258,-0.11923255,0.01617439,0.13261079,-0.16772349,0.12337236,11.1100,67.4128,2339.5599,-0.02595632,-0.00759817,0.595461,-0.01004163,-0.02162361,0.00983612,0.02141810,-0.01260516,-0.01939255,0.01260516,0.01842292,-100.0053,28.3521,130.8182,-11.316483,2.959308,2.254065,16.47861284,44.11523436,1267.4128
10.770000,4393097.179677,4259473.087350,1797941.657255,-74.094003,-64.148018,178.917446,0.99245837,-0.01838260,-0.12002084,0.01683619,0.13147459,-0.15834498,0.10469774,11.1100,66.9849,2341.5541,-0.02662143,-0.00882914,0.595246,-0.01004163,-0.02162361,0.00983612,0.02141810,-0.01260516,-0.01939255,0.01260516,0.01842292,-99.9394,33.4500,133.5616,-11.325627,3.408254,2.504253,16.47863086,44.11523487,1266.9849
10.780000,4393096.438064,4259472.445464,1797943.445589,-74.229066,-64.229080,178.749175,0.99236992,-0.01775983,-0.12076312,0.01740099,0.13727925,-0.14866517,0.08420702,11.1100,66.5551,2343.5472,-0.02719081,-0.00987300,0.595031,-0.00898275,-0.02389481,0.00879866,0.02371071,-0.01260516,-0.02036217,0.01260516,0.01842292,-99.8735,37.3913,136.2478,-11.333944,3.752442,2.749097,16.47864888,44.11523539,1266.5551
10.790000,4393095.695088,4259471.802772,1797945.232236,-74.366534,-64.309137,178.580015,0.99228895,-0.01709690,-0.12145511,0.01786023,0.14272801,-0.13762823,0.06131265,11.1100,66.1234,2345.5391,-0.02765213,-0.01070609,0.594816,-0.00898275,-0.02389481,0.00879866,0.02371071,-0.01260516,-0.02036217,0.01260516,0.01842292,-99.8076,40.7694,138.1367,-11.341361,4.044900,2.921948,16.47866688,44.11523591,1266.1234
10.800000,4393094.950728,4259471.159283,1797947.017188,-74.505542,-64.388621,178.410213,0.99221647,-0.01639438,-0.12209138,0.01820407,0.14784216,-0.12571293,0.03695912,11.1100,65.6896,2347.5298,-0.02800042,-0.01131055,0.594601,-0.00898275,-0.02389481,0.00879866,0.02371071,-0.01260516,-0.02036217,0.01260516,0.01842292,-99.7418,43.1682,139.5535,-11.347780,4.248164,3.052056,16.47868487,44.11523643,1265.6896
10.810000,4393094.204977,4259470.515000,1797948.800440,-74.644805,-64.468013,178.240197,0.99215321,-0.01567101,-0.12266542,0.01842891,0.14578180,-0.11193869,0.01355510,11.1100,65.2540,2349.5193,-0.02822687,-0.01167115,0.594386,-0.00898275,-0.02389481,0.00879866,0.02371071,-0.01163553,-0.02036217,0.01260516,0.01842292,-99.6760,44.1917,140.1213,-11.353071,4.326936,3.105464,16.47870285,44.11523696,1265.2540
10.820000,4393093.457833,4259469.869920,1797950.581990,-74.783819,-64.548230,178.069881,0.99209925,-0.01492737,-0.12317654,0.01854176,0.15422788,-0.10055846,-0.00728197,11.1100,64.8163,2351.5077,-0.02832226,-0.01179007,0.594172,-0.00905228,-0.02350247,0.00889328,0.02334348,-0.01163553,-0.02036217,0.01260516,0.01842292,-99.6104,44.5413,140.4853,-11.357219,4.344378,3.140242,16.47872082,44.11523748,1264.8163
10.830000,4393092.709310,4259469.224027,1797952.361838,-74.920681,-64.630468,177.899708,0.99205361,-0.01408355,-0.12363544,0.01858955,0.17917483,-0.09047124,-0.01762929,11.1100,64.3767,2353.4949,-0.02828470,-0.01168610,0.593957,-0.00905228,-0.02350247,0.00889328,0.02334348,-0.01163553,-0.02327106,0.00969627,0.02036217,-99.5450,41.2610,140.9552,-11.360443,4.032969,3.184276,16.47873878,44.11523802,1264.3767
10.840000,4393091.959424,4259468.577309,1797954.139986,-75.056124,-64.713236,177.729927,0.99201554,-0.01311467,-0.12404475,0.01860326,0.20259339,-0.08130473,-0.02671671,11.1100,63.9351,2355.4808,-0.02814210,-0.01144736,0.593744,-0.00905228,-0.02350247,0.00889328,0.02334348,-0.01163553,-0.02327106,0.00969627,0.02036217,-99.4799,40.1770,140.3013,-11.362798,3.916718,3.126896,16.47875673,44.11523856,1263.9351
10.850000,4393091.208193,4259467.929760,1797955.916439,-75.189740,-64.796578,177.560726,0.99198384,-0.01202884,-0.12440985,0.01858908,0.22457629,-0.07338250,-0.03426853,11.1100,63.4916,2357.4656,-0.02790406,-0.01112227,0.593531,-0.00905228,-0.02350247,0.00889328,0.02334348,-0.01163553,-0.02327106,0.00969627,0.02036217,-99.4149,38.7387,139.2440,-11.364381,3.766228,3.032969,16.47877467,44.11523910,1263.4916
10.860000,4393090.455637,4259467.281375,1797957.691203,-75.321195,-64.880518,177.392265,0.99195711,-0.01083384,-0.12473755,0.01855451,0.24521078,-0.06696573,-0.04007233,11.1100,63.0460,2359.4492,-0.02758358,-0.01072542,0.593319,-0.00896130,-0.02101707,0.00883723,0.02089300,-0.01163553,-0.02327106,0.00969627,0.02036217,-99.3503,37.0097,137.8368,-11.365317,3.587375,2.907381,16.47879260,44.11523964,1263.0460
10.870000,4393089.701777,4259466.632148,1797959.464287,-75.450237,-64.965061,177.224670,0.99193375,-0.00953714,-0.12503576,0.01850793,0.26457898,-0.06224578,-0.04398475,11.1100,62.5986,2361.4316,-0.02719630,-0.01027361,0.593108,-0.00896130,-0.02101707,0.00883723,0.02089300,-0.01163553,-0.02327106,0.00969627,0.02036217,-99.2860,35.0618,136.1450,-11.365751,3.386808,2.756040,16.47881052,44.11524019,1262.5986
10.880000,4393088.946641,4259465.982072,1797961.235700,-75.576702,-65.050193,177.058029,0.99191206,-0.00814586,-0.12531320,0.01845831,0.28275818,-0.05933981,-0.04593467,11.1100,62.1492,2363.4128,-0.02675980,-0.00978511,0.592897,-0.00896130,-0.02101707,0.00883723,0.02089300,-0.01163553,-0.02327106,0.00969627,0.02036217,-99.2219,32.9727,134.2416,-11.365845,3.171683,2.585602,16.47882842,44.11524073,1262.1492
10.890000,4393088.190252,4259465.331140,1797963.005450,-75.700514,-65.136279,176.892242,0.99188966,-0.00668423,-0.12558290,0.01841627,0.29300992,-0.05974866,-0.04448634,11.1100,61.6978,2365.3929,-0.02629285,-0.00927900,0.592687,-0.00896130,-0.02101707,0.00883723,0.02089300,-0.01163553,-0.02327106,0.00969627,0.02133180,-99.1582,30.4862,132.5419,-11.365839,2.919432,2.433510,16.47884632,44.11524129,1261.6978
10.900000,4393087.432639,4259464.679347,1797964.773548,-75.821769,-65.222468,176.727592,0.99186491,-0.00515726,-0.12585379,0.01839075,0.30943402,-0.06044011,-0.04266253,11.1100,61.2446,2367.3718,-0.02582072,-0.00878218,0.592479,-0.00876835,-0.01858906,0.00868587,0.01850658,-0.01163553,-0.02327106,0.00969627,0.02036217,-99.0949,28.7323,130.1340,-11.365896,2.731888,2.217758,16.47886420,44.11524184,1261.2446
10.910000,4393086.673825,4259464.026689,1797966.540005,-75.940560,-65.309115,176.563897,0.99183685,-0.00355290,-0.12613046,0.01838859,0.32484966,-0.06280353,-0.03913101,11.1100,60.7895,2369.3495,-0.02536444,-0.00830977,0.592271,-0.00876835,-0.01858906,0.00868587,0.01850658,-0.01163553,-0.02327106,0.00969627,0.02036217,-99.0318,26.7485,128.1309,-11.366110,2.522214,2.038557,16.47888208,44.11524240,1260.7895
10.920000,4393085.913835,4259463.373163,1797968.304829,-76.057063,-65.396161,176.401096,0.99180393,-0.00187689,-0.12642088,0.01841722,0.33931868,-0.06668313,-0.03408385,11.1100,60.3325,2371.3261,-0.02493187,-0.00787368,0.592063,-0.00876835,-0.01858906,0.00868587,0.01850658,-0.01163553,-0.02327106,0.00969627,0.02036217,-98.9690,24.9278,126.2216,-11.366630,2.325903,1.867966,16.47889994,44.11524296,1260.3325
10.930000,4393085.152691,4259462.718765,1797970.068030,-76.171521,-65.483542,176.239096,0.99176475,-0.00013453,-0.12673215,0.01848298,0.35289914,-0.07187150,-0.02776189,11.1100,59.8737,2373.3015,-0.02453853,-0.00748888,0.591857,-0.00876835,-0.01858906,0.00868587,0.01850658,-0.01163553,-0.02327106,0.00969627,0.02036217,-98.9065,23.3312,124.4714,-11.367590,2.148578,1.711906,16.47891780,44.11524352,1259.8737
10.940000,4393084.390410,4259462.063499,1797971.829616,-76.284274,-65.569624,176.078368,0.99172031,0.00160289,-0.12705701,0.01856798,0.33852409,-0.07229504,-0.02618291,11.1100,59.4130,2375.2757,-0.02419776,-0.00716801,0.591651,-0.00812400,-0.01706136,0.00808815,0.01702551,-0.01163553,-0.01939255,0.00969627,0.02036217,-98.8442,23.3516,121.5947,-11.368828,2.116945,1.454645,16.47893564,44.11524408,1259.4130
10.950000,4393083.627011,4259461.407371,1797973.589599,-76.395357,-65.655997,175.918279,0.99167218,0.00326996,-0.12738762,0.01865442,0.32501429,-0.07380171,-0.02359686,11.1100,58.9505,2377.2489,-0.02389805,-0.00688324,0.591446,-0.00812400,-0.01706136,0.00808815,0.01702551,-0.01163553,-0.01939255,0.00969627,0.02036217,-98.7822,22.1575,120.2577,-11.370172,1.977383,1.336112,16.47895347,44.11524464,1258.9505
10.960000,4393082.862510,4259460.750378,1797975.347985,-76.504510,-65.742638,175.758958,0.99162042,0.00485283,-0.12772579,0.01874892,0.30554814,-0.07482846,-0.01868693,11.1100,58.4862,2379.2209,-0.02361539,-0.00661840,0.591242,-0.00812400,-0.01706136,0.00808815,0.01702551,-0.01066590,-0.01939255,0.00969627,0.02036217,-98.7205,20.7183,118.6535,-11.371652,1.817418,1.193661,16.47897130,44.11524521,1258.4862
10.970000,4393082.096925,4259460.092522,1797977.104782,-76.612329,-65.828625,175.600486,0.99156605,0.00637355,-0.12806500,0.01885467,0.30078229,-0.07386207,-0.01596021,11.1100,58.0201,2381.1917,-0.02335393,-0.00639080,0.591038,-0.00812400,-0.01706136,0.00808815,0.01702551,-0.01066590,-0.01939255,0.00969627,0.01842292,-98.6590,20.4517,116.8076,-11.373151,1.764246,1.029550,16.47898911,44.11524577,1258.0201
10.980000,4393081.330268,4259459.433804,1797978.859996,-76.718835,-65.915004,175.442449,0.99150920,0.00785774,-0.12840469,0.01897343,0.29063308,-0.07506581,-0.01141661,11.1100,57.5523,2383.1614,-0.02310191,-0.00619714,0.590835,-0.00744894,-0.01623081,0.00747512,0.01625699,-0.01066590,-0.01939255,0.00969627,0.01842292,-98.5978,19.6467,115.6825,-11.374670,1.663354,0.930404,16.47900691,44.11524634,1257.5523
10.990000,4393080.562552,4259458.774220,1797980.613632,-76.824180,-66.001794,175.284764,0.99144817,0.00930102,-0.12875797,0.01911560,0.28675277,-0.07881358,-0.00478294,11.1100,57.0826,2385.1300,-0.02285432,-0.00603938,0.590632,-0.00744894,-0.01623081,0.00747512,0.01625699,-0.01066590,-0.02036217,0.00969627,0.01939255,-98.5368,18.3326,115.2352,-11.376457,1.517511,0.892416,16.47902470,44.11524691,1257.0826
11.000000,4393079.793787,4259458.113769,1797982.365693,-76.928645,-66.088432,175.127519,0.99138184,0.01072167,-0.12913190,0.01928847,0.28310071,-0.08321373,0.00199952,11.1100,56.6113,2387.0975,-0.02263638,-0.00593909,0.590430,-0.00744894,-0.01623081,0.00747512,0.01625699,-0.01066590,-0.02036217,0.00969627,0.01939255,-98.4760,17.9373,114.2313,-11.378656,1.454898,0.804502,16.47904248,44.11524748,1256.6113
11.010000,4393079.023981,4259457.452452,1797984.116183,-77.032502,-66.174846,174.970609,0.99130989,0.01212081,-0.12952930,0.01949223,0.27966304,-0.08807664,0.00868357,11.1100,56.1382,2389.0638,-0.02246354,-0.00590441,0.590229,-0.00744894,-0.01623081,0.00747512,0.01625699,-0.01066590,-0.02036217,0.00969627,0.01939255,-98.4154,17.8154,113.4126,-11.381324,1.417402,0.733458,16.47906026,44.11524805,1256.1382
11.020000,4393078.253138,4259456.790277,1797985.865107,-77.136066,-66.260199,174.814213,0.99123321,0.01350044,-0.12994468,0.01971887,0.27642677,-0.09030941,0.01218478,11.1100,55.6633,2391.0290,-0.02234032,-0.00593461,0.590028,-0.00658695,-0.01595352,0.00666906,0.01603563,-0.01066590,-0.01939255,0.00969627,0.01842292,-98.3550,18.6290,112.1317,-11.384355,1.464563,0.620966,16.47907802,44.11524862,1255.6633
11.030000,4393077.481261,4259456.127249,1797987.612468,-77.239427,-66.345272,174.657978,0.99115280,0.01486256,-0.13037195,0.01995969,0.27337978,-0.09275867,0.01529283,11.1100,55.1867,2392.9932,-0.02225774,-0.00600945,0.589828,-0.00658695,-0.01595352,0.00666906,0.01603563,-0.01066590,-0.01939255,0.00969627,0.01842292,-98.2948,18.9437,111.7003,-11.387634,1.467220,0.585079,16.47909577,44.11524919,1255.1867
11.040000,4393076.708350,4259455.463372,1797989.358267,-77.342711,-66.430050,174.501846,0.99106860,0.01620837,-0.13081193,0.02021259,0.27051062,-0.09532613,0.01791414,11.1100,54.7084,2394.9561,-0.02220006,-0.00611357,0.589628,-0.00658695,-0.01595352,0.00666906,0.01603563,-0.01066590,-0.01939255,0.00969627,0.01842292,-98.2348,19.3773,111.3717,-11.391177,1.480929,0.558576,16.47911351,44.11524977,1254.7084
11.050000,4393075.934406,4259454.798649,1797991.102505,-77.446029,-66.514538,174.345761,0.99098066,0.01753907,-0.13126492,0.02047504,0.26780857,-0.09791311,0.01997584,11.1100,54.2284,2396.9180,-0.02216844,-0.00624220,0.589428,-0.00658695,-0.01595352,0.00666906,0.01603563,-0.01066590,-0.01939255,0.00969627,0.01842292,-98.1749,19.9092,111.1508,-11.394989,1.503825,0.541903,16.47913124,44.11525034,1254.2284
11.060000,4393075.159433,4259454.133084,1797992.845185,-77.548748,-66.598388,174.190158,0.99089075,0.01883835,-0.13172036,0.02074571,0.25854699,-0.09608837,0.02283832,11.1100,53.7466,2398.8788,-0.02216303,-0.00638984,0.589229,-0.00584394,-0.01634504,0.00597538,0.01647649,-0.00969627,-0.01842292,0.00872665,0.01842292,-98.1153,20.1837,110.0410,-11.398860,1.504192,0.445290,16.47914896,44.11525092,1253.7466
11.070000,4393074.383431,4259453.466683,1797994.586308,-77.651652,-66.681876,174.034556,0.99080072,0.02009125,-0.13216776,0.02102301,0.24983838,-0.09431283,0.02497251,11.1100,53.2632,2400.8384,-0.02216594,-0.00655825,0.589030,-0.00584394,-0.01634504,0.00597538,0.01647649,-0.00969627,-0.01842292,0.00872665,0.01842292,-98.0558,20.8798,109.9859,-11.402586,1.543436,0.443599,16.47916667,44.11525150,1253.2632
11.080000,4393073.606399,4259452.799448,1797996.325876,-77.754747,-66.764925,173.878988,0.99071070,0.02130093,-0.13260744,0.02130353,0.24164942,-0.09265183,0.02633709,11.1100,52.7780,2402.7969,-0.02215116,-0.00674524,0.588832,-0.00584394,-0.01634504,0.00597538,0.01647649,-0.00969627,-0.01842292,0.00872665,0.01842292,-97.9965,21.6480,109.8577,-11.406172,1.590024,0.435326,16.47918437,44.11525207,1252.7780
11.090000,4393072.828335,4259452.131386,1797998.063888,-77.858023,-66.847478,173.723480,0.99062080,0.02247043,-0.13304003,0.02158374,0.23394883,-0.09116415,0.02692043,11.1100,52.2911,2404.7543,-0.02211979,-0.00694317,0.588634,-0.00584394,-0.01634504,0.00597538,0.01647649,-0.00969627,-0.01842292,0.00872665,0.01842292,-97.9373,22.4565,109.6608,-11.409630,1.641021,0.420861,16.47920206,44.11525265,1252.2911
11.100000,4393072.049246,4259451.462499,1797999.800349,-77.959932,-66.929737,173.568693,0.99053236,0.02360597,-0.13345348,0.02187644,0.23008858,-0.08485657,0.03310561,11.1100,51.8025,2406.7106,-0.02207354,-0.00714428,0.588436,-0.00481126,-0.01644156,0.00498921,0.01661951,-0.00775702,-0.01842292,0.00678739,0.01842292,-97.8783,21.9469,108.0759,-11.412737,1.574074,0.281397,16.47921975,44.11525323,1251.8025
11.110000,4393071.269136,4259450.792793,1798001.535262,-78.062060,-67.011372,173.414009,0.99044563,0.02472928,-0.13383991,0.02219910,0.22976917,-0.07976846,0.03890176,11.1100,51.3123,2408.6658,-0.02199322,-0.00737840,0.588240,-0.00481126,-0.01644156,0.00498921,0.01661951,-0.00775702,-0.01939255,0.00678739,0.01842292,-97.8195,22.5960,108.0335,-11.415363,1.611727,0.280666,16.47923742,44.11525382,1251.3123
11.120000,4393070.488003,4259450.122276,1798003.268630,-78.164452,-67.091946,173.259586,0.99036005,0.02584701,-0.13420319,0.02254771,0.22946384,-0.07534676,0.04342239,11.1100,50.8203,2410.6198,-0.02185776,-0.00766803,0.588043,-0.00481126,-0.01644156,0.00498921,0.01661951,-0.00775702,-0.01939255,0.00678739,0.01842292,-97.7609,23.8018,107.4272,-11.417581,1.699664,0.229111,16.47925508,44.11525440,1250.8203
11.130000,4393069.705846,4259449.450960,1798005.000456,-78.267153,-67.170891,173.105637,0.99027632,0.02694389,-0.13454358,0.02290988,0.22248926,-0.07030217,0.04513791,11.1100,50.3267,2412.5728,-0.02167684,-0.00800216,0.587847,-0.00481126,-0.01644156,0.00498921,0.01661951,-0.00775702,-0.01842292,0.00678739,0.01842292,-97.7024,25.5134,106.3008,-11.419387,1.833570,0.130657,16.47927273,44.11525498,1250.3267
11.140000,4393068.922660,4259448.778862,1798006.730744,-78.370056,-67.248485,172.952104,0.99019505,0.02800601,-0.13486213,0.02327318,0.21592974,-0.06625577,0.04548246,11.1100,49.8313,2414.5246,-0.02145311,-0.00835744,0.587651,-0.00324241,-0.01651785,0.00346045,0.01673589,-0.00775702,-0.01842292,0.00678739,0.01842292,-97.6441,26.9651,105.3339,-11.420791,1.944753,0.046453,16.47929037,44.11525557,1249.8313
11.150000,4393068.138444,4259448.105995,1798008.459500,-78.473079,-67.324660,172.799061,0.99011574,0.02903641,-0.13516389,0.02363105,0.20976035,-0.06332544,0.04450498,11.1100,49.3344,2416.4754,-0.02118805,-0.00871360,0.587456,-0.00324241,-0.01651785,0.00346045,0.01673589,-0.00775702,-0.01842292,0.00678739,0.01842292,-97.5861,28.4116,104.1937,-11.421888,2.056072,-0.053418,16.47930800,44.11525615,1249.3344
11.160000,4393067.353198,4259447.432374,1798010.186727,-78.576126,-67.399409,172.646560,0.99003784,0.03003796,-0.13545436,0.02397726,0.20395763,-0.06158304,0.04230116,11.1100,48.8357,2418.4250,-0.02089295,-0.00905734,0.587262,-0.00324241,-0.01651785,0.00346045,0.01673589,-0.00775702,-0.01842292,0.00678739,0.01842292,-97.5282,29.7986,102.9265,-11.422780,2.162572,-0.164776,16.47932562,44.11525674,1248.8357
11.170000,4393066.566922,4259446.758012,1798011.912433,-78.679097,-67.472778,172.494633,0.98995968,0.03104666,-0.13573848,0.02431070,0.21182440,-0.06105146,0.03901027,11.1100,48.3354,2420.3735,-0.02057987,-0.00937634,0.587067,-0.00324241,-0.01651785,0.00346045,0.01673589,-0.00872665,-0.01842292,0.00581776,0.01842292,-97.4705,31.0764,101.5816,-11.423573,2.259060,-0.283116,16.47934323,44.11525733,1248.3354
11.180000,4393065.779619,4259446.082922,1798013.636623,-78.781520,-67.544871,172.343471,0.98988044,0.03207841,-0.13601822,0.02463196,0.21255608,-0.06027810,0.03620319,11.1100,47.8335,2422.3209,-0.02026050,-0.00966105,0.586874,-0.00175778,-0.01657820,0.00201122,0.01683163,-0.00775702,-0.01842292,0.00581776,0.01842292,-97.4130,31.8768,99.8771,-11.424311,2.312114,-0.433762,16.47936083,44.11525792,1247.8335
11.190000,4393064.991294,4259445.407118,1798015.359305,-78.883319,-67.615766,172.193081,0.98980244,0.03306534,-0.13629414,0.02493447,0.19328220,-0.05927378,0.03398472,11.1100,47.3299,2424.2672,-0.01994096,-0.00991121,0.586681,-0.00175778,-0.01657820,0.00201122,0.01683163,-0.00581776,-0.01842292,0.00678739,0.01842292,-97.3557,32.5371,98.1757,-11.424975,2.353383,-0.584176,16.47937842,44.11525852,1247.3299
11.200000,4393064.201953,4259444.730611,1798017.080486,-78.984801,-67.685516,172.043296,0.98972707,0.03396145,-0.13656986,0.02521147,0.17516232,-0.05948140,0.03104396,11.1100,46.8248,2426.2125,-0.01962030,-0.01013005,0.586488,-0.00175778,-0.01657820,0.00201122,0.01683163,-0.00581776,-0.01842292,0.00678739,0.01842292,-97.2986,33.4006,96.8024,-11.425609,2.414636,-0.705129,16.47939600,44.11525911,1246.8248
11.210000,4393063.411599,4259444.053411,1798018.800173,-79.085896,-67.754221,171.894111,0.98965368,0.03477288,-0.13685105,0.02546028,0.15812709,-0.06084467,0.02753478,11.1100,46.3180,2428.1566,-0.01930306,-0.01031430,0.586296,-0.00175778,-0.01657820,0.00201122,0.01683163,-0.00581776,-0.01842292,0.00678739,0.01842292,-97.2417,34.1179,95.4391,-11.426319,2.464305,-0.825238,16.47941357,44.11525971,1246.3180
11.220000,4393062.620244,4259443.375529,1798020.518374,-79.185070,-67.822022,171.746221,0.98958203,0.03553621,-0.13712841,0.02569807,0.15538561,-0.05754740,0.02923186,11.1100,45.8097,2430.0997,-0.01900098,-0.01045859,0.586104,-0.00126153,-0.01664546,0.00154143,0.01692536,-0.00484814,-0.01842292,0.00387851,0.01842292,-97.1849,33.3532,92.8190,-11.426951,2.381488,-1.058527,16.47943113,44.11526031,1245.8097
11.230000,4393061.827899,4259442.696974,1798022.235099,-79.283839,-67.888814,171.598931,0.98951181,0.03628503,-0.13739292,0.02594153,0.15280527,-0.05545466,0.03037291,11.1100,45.2998,2432.0416,-0.01870130,-0.01059431,0.585913,-0.00126153,-0.01664546,0.00154143,0.01692536,-0.00484814,-0.01842292,0.00387851,0.01842292,-97.1284,33.8946,91.5494,-11.427361,2.416519,-1.170322,16.47944868,44.11526091,1245.2998
11.240000,4393061.034569,4259442.017757,1798023.950355,-79.382194,-67.954543,171.452271,0.98944227,0.03702066,-0.13765051,0.02618775,0.15037642,-0.05460149,0.03094331,11.1100,44.7884,2433.9825,-0.01838033,-0.01074004,0.585723,-0.00126153,-0.01664546,0.00154143,0.01692536,-0.00484814,-0.01842292,0.00387851,0.01842292,-97.0721,34.4734,90.1888,-11.427658,2.455183,-1.290341,16.47946622,44.11526151,1244.7884
11.250000,4393060.240255,4259441.337889,1798025.664147,-79.480357,-68.018817,171.306293,0.98937401,0.03771768,-0.13790654,0.02642422,0.13818902,-0.05425974,0.02885529,11.1100,44.2754,2435.9223,-0.01805060,-0.01089004,0.585533,-0.00126153,-0.01664546,0.00154143,0.01692536,-0.00484814,-0.01745329,0.00484814,0.01842292,-97.0160,35.7222,88.7883,-11.427925,2.554880,-1.413995,16.47948376,44.11526212,1244.2754
11.260000,4393059.444968,4259440.657382,1798027.376484,-79.577083,-68.082477,171.161269,0.98930823,0.03835028,-0.13815965,0.02665327,0.12338846,-0.05298750,0.03124020,11.1100,43.7609,2437.8610,-0.01772348,-0.01102390,0.585343,-0.00071859,-0.01678445,0.00101612,0.01708198,-0.00290888,-0.01842292,0.00387851,0.01842292,-96.9601,34.9233,86.7422,-11.428126,2.471504,-1.595847,16.47950128,44.11526272,1243.7609
11.270000,4393058.648715,4259439.976243,1798029.087374,-79.673408,-68.145055,171.016881,0.98924490,0.03891032,-0.13841178,0.02688290,0.10947205,-0.05294511,0.03304606,11.1100,43.2449,2439.7987,-0.01739648,-0.01115995,0.585154,-0.00071859,-0.01678445,0.00101612,0.01708198,-0.00290888,-0.01842292,0.00387851,0.01842292,-96.9044,35.4672,85.3592,-11.428300,2.510394,-1.718112,16.47951879,44.11526333,1243.2449
11.280000,4393057.851503,4259439.294484,1798030.796825,-79.769016,-68.206527,170.873297,0.98918296,0.03941855,-0.13866485,0.02711642,0.10299401,-0.05266257,0.03563741,11.1100,42.7274,2441.7353,-0.01707030,-0.01131094,0.584966,-0.00071859,-0.01678445,0.00101612,0.01708198,-0.00290888,-0.01842292,0.00290888,0.01842292,-96.8489,35.7410,83.6481,-11.428492,2.525997,-1.869974,16.47953629,44.11526394,1242.7274
11.290000,4393057.053336,4259438.612117,1798032.504842,-79.864350,-68.266845,170.730317,0.98912139,0.03989417,-0.13892067,0.02735662,0.09690151,-0.05354589,0.03752568,11.1100,42.2084,2443.6708,-0.01675083,-0.01148001,0.584778,-0.00071859,-0.01678445,0.00101612,0.01708198,-0.00290888,-0.01842292,0.00290888,0.01842292,-96.7935,36.4192,82.2949,-11.428746,2.578646,-1.989637,16.47955379,44.11526456,1242.2084
11.300000,4393056.254216,4259437.929151,1798034.211433,-79.959474,-68.326007,170.587910,0.98905944,0.04033970,-0.13918466,0.02759994,0.09117142,-0.05552029,0.03867372,11.1100,41.6879,2445.6053,-0.01644070,-0.01166649,0.584590,-0.00002689,-0.01715947,0.00033090,0.01746348,-0.00290888,-0.01842292,0.00290888,0.01842292,-96.7384,37.1638,80.9758,-11.429165,2.637880,-2.106224,16.47957127,44.11526517,1241.6879
11.310000,4393055.454147,4259437.245600,1798035.916602,-80.054452,-68.384052,170.446027,0.98899647,0.04075753,-0.13946177,0.02784270,0.08578201,-0.05847366,0.03907193,11.1100,41.1660,2447.5387,-0.01615095,-0.01186305,0.584403,-0.00002689,-0.01715947,0.00033090,0.01746348,-0.00290888,-0.01842292,0.00290888,0.01842292,-96.6834,37.9448,79.7360,-11.429839,2.700940,-2.215641,16.47958874,44.11526579,1241.1660
11.320000,4393054.653128,4259436.561474,1798037.620355,-80.149348,-68.441060,170.304602,0.98893190,0.04114994,-0.13975630,0.02808126,0.08071287,-0.06226197,0.03873772,11.1100,40.6426,2449.4711,-0.01589149,-0.01206228,0.584217,-0.00002689,-0.01715947,0.00033090,0.01746348,-0.00290888,-0.01842292,0.00290888,0.01842292,-96.6286,38.7320,78.6160,-11.430848,2.765049,-2.314203,16.47960621,44.11526641,1240.6426
11.330000,4393053.851160,4259435.876782,1798039.322696,-80.244222,-68.497145,170.163555,0.98886525,0.04151909,-0.14007178,0.02831215,0.07594482,-0.06671567,0.03771388,11.1100,40.1178,2451.4024,-0.01567079,-0.01225691,0.584030,-0.00002689,-0.01715947,0.00033090,0.01746348,-0.00290888,-0.01842292,0.00290888,0.01842292,-96.5739,39.4960,77.6508,-11.432257,2.827515,-2.398751,16.47962366,44.11526703,1240.1178
11.340000,4393053.048243,4259435.191533,1798041.023627,-80.339125,-68.552452,170.022799,0.98879616,0.04186697,-0.14041088,0.02853218,0.07145985,-0.07164685,0.03606618,11.1100,39.5916,2453.3327,-0.01549563,-0.01244010,0.583845,0.00050817,-0.01779574,-0.00019844,0.01810547,-0.00290888,-0.01842292,0.00290888,0.01842292,-96.5194,40.2092,76.8683,-11.434113,2.885817,-2.466749,16.47964111,44.11526766,1239.5916
11.350000,4393052.244377,4259434.505735,1798042.723152,-80.434103,-68.607148,169.882240,0.98872441,0.04219541,-0.14077532,0.02873856,0.06724103,-0.07685672,0.03388022,11.1100,39.0639,2455.2620,-0.01537086,-0.01260568,0.583659,0.00050817,-0.01779574,-0.00019844,0.01810547,-0.00290888,-0.01842292,0.00290888,0.01842292,-96.4651,40.8471,76.2888,-11.436443,2.937695,-2.516359,16.47965854,44.11526828,1239.0639
11.360000,4393051.439563,4259433.819392,1798044.421273,-80.528830,-68.661414,169.741963,0.98864956,0.04252187,-0.14116196,0.02893496,0.06984294,-0.08072747,0.03264824,11.1100,38.5348,2457.1901,-0.01529936,-0.01274829,0.583474,0.00050817,-0.01779574,-0.00019844,0.01810547,-0.00290888,-0.01842292,0.00193925,0.01842292,-96.4108,41.0629,75.5989,-11.439200,2.951615,-2.575779,16.47967597,44.11526891,1238.5348
11.370000,4393050.633800,4259433.132508,1798046.117992,-80.623717,-68.715380,169.601708,0.98857136,0.04286235,-0.14156696,0.02912521,0.07228827,-0.08454768,0.03101536,11.1100,38.0043,2459.1173,-0.01527588,-0.01287252,0.583289,0.00050817,-0.01779574,-0.00019844,0.01810547,-0.00290888,-0.01842292,0.00193925,0.01842292,-96.3567,41.5342,75.4363,-11.442322,2.988256,-2.587597,16.47969339,44.11526954,1238.0043
11.380000,4393049.827089,4259432.445085,1798047.813308,-80.718426,-68.769175,169.461588,0.98849106,0.04319939,-0.14198678,0.02930866,0.06802446,-0.08676810,0.03043916,11.1100,37.4724,2461.0434,-0.01529081,-0.01298046,0.583105,0.00017931,-0.01872100,0.00013690,0.01903721,-0.00193925,-0.01842292,0.00193925,0.01842292,-96.3028,41.6119,75.1045,-11.445732,2.989529,-2.614559,16.47971079,44.11527018,1237.4724
11.390000,4393049.019431,4259431.757125,1798049.507223,-80.813353,-68.822873,169.321372,0.98840994,0.04351680,-0.14241740,0.02948504,0.06401329,-0.08874457,0.02953611,11.1100,36.9391,2462.9684,-0.01533713,-0.01307664,0.582921,0.00017931,-0.01872100,0.00013690,0.01903721,-0.00193925,-0.01842292,0.00193925,0.01842292,-96.2490,41.9721,75.2329,-11.449346,3.016611,-2.600058,16.47972819,44.11527082,1236.9391
11.400000,4393048.210822,4259431.068627,1798051.199735,-80.908505,-68.876543,169.181026,0.98832820,0.04381599,-0.14285735,0.02965306,0.06023971,-0.09041164,0.02835309,11.1100,36.4044,2464.8925,-0.01540411,-0.01316294,0.582737,0.00017931,-0.01872100,0.00013690,0.01903721,-0.00193925,-0.01842292,0.00193925,0.01842292,-96.1954,42.2904,75.4459,-11.453133,3.040256,-2.577915,16.47974558,44.11527146,1236.4044
11.410000,4393047.401260,4259430.379594,1798052.890843,-81.003876,-68.930255,169.040523,0.98824608,0.04409822,-0.14330487,0.02981171,0.05668961,-0.09171745,0.02694529,11.1100,35.8682,2466.8154,-0.01548859,-0.01323659,0.582554,0.00017931,-0.01872100,0.00013690,0.01903721,-0.00193925,-0.01842292,0.00193925,0.01842292,-96.1418,42.5558,75.7309,-11.457060,3.059455,-2.549265,16.47976296,44.11527210,1235.8682
11.420000,4393046.590743,4259429.690022,1798054.580545,-81.099447,-68.984072,168.899845,0.98816385,0.04436465,-0.14375802,0.02996025,0.05334968,-0.09262515,0.02537392,11.1100,35.3307,2468.7374,-0.01558692,-0.01329536,0.582371,-0.00039164,-0.01980921,0.00071506,0.02013263,-0.00193925,-0.01842292,0.00193925,0.01842292,-96.0884,42.7599,76.0732,-11.461089,3.073409,-2.515440,16.47978033,44.11527274,1235.3307
11.430000,4393045.779270,4259428.999912,1798056.268839,-81.195190,-69.038051,168.758981,0.98808178,0.04461634,-0.14421470,0.03009826,0.05020744,-0.09311372,0.02370380,11.1100,34.7917,2470.6582,-0.01569504,-0.01333765,0.582188,-0.00039164,-0.01980921,0.00071506,0.02013263,-0.00193925,-0.01842292,0.00193925,0.01842292,-96.0351,42.8964,76.4566,-11.465180,3.081549,-2.477911,16.47979769,44.11527339,1234.7917
11.440000,4393044.966839,4259428.309260,1798057.955724,-81.291066,-69.092243,168.617931,0.98800015,0.04485422,-0.14467278,0.03022565,0.04725115,-0.09317812,0.02200093,11.1100,34.2513,2472.5781,-0.01580870,-0.01336249,0.582005,-0.00039164,-0.01980921,0.00071506,0.02013263,-0.00193925,-0.01842292,0.00193925,0.01842292,-95.9820,42.9619,76.8640,-11.469295,3.083544,-2.438229,16.47981504,44.11527404,1234.2513
11.450000,4393044.153449,4259427.618066,1798059.641197,-81.387029,-69.146685,168.476701,0.98791924,0.04507912,-0.14513016,0.03034263,0.04446976,-0.09282893,0.02033006,11.1100,33.7095,2474.4968,-0.01592359,-0.01336958,0.581823,-0.00039164,-0.01980921,0.00071506,0.02013263,-0.00193925,-0.01842292,0.00193925,0.01842292,-95.9290,42.9558,77.2780,-11.473395,3.079309,-2.397971,16.47983238,44.11527469,1233.7095
11.460000,4393043.339098,4259426.926326,1798061.325258,-81.483027,-69.201406,168.335306,0.98783932,0.04529178,-0.14558485,0.03044972,0.04185289,-0.09209143,0.01875242,11.1100,33.1663,2476.4146,-0.01603549,-0.01335927,0.581641,-0.00083899,-0.02068688,0.00116278,0.02101067,-0.00193925,-0.01842292,0.00193925,0.01842292,-95.8761,42.8798,77.6815,-11.477441,3.068995,-2.358680,16.47984971,44.11527535,1233.1663
11.470000,4393042.523788,4259426.234037,1798063.007903,-81.579006,-69.256422,168.193769,0.98776060,0.04549284,-0.14603502,0.03054771,0.03939077,-0.09100411,0.01732365,11.1100,32.6217,2478.3313,-0.01614046,-0.01333251,0.581460,-0.00083899,-0.02068688,0.00116278,0.02101067,-0.00193925,-0.01842292,0.00193925,0.01842292,-95.8234,42.7382,78.0586,-11.481397,3.052975,-2.321808,16.47986704,44.11527601,1232.6217
11.480000,4393041.707519,4259425.541196,1798064.689133,-81.674907,-69.311736,168.052118,0.98768329,0.04568288,-0.14647908,0.03063765,0.03707422,-0.08961684,0.01609197,11.1100,32.0756,2480.2469,-0.01623491,-0.01329083,0.581279,-0.00083899,-0.02068688,0.00116278,0.02101067,-0.00193925,-0.01842292,0.00193925,0.01842292,-95.7708,42.5376,78.3947,-11.485235,3.031826,-2.288667,16.47988435,44.11527667,1232.0756
11.490000,4393040.890291,4259424.847801,1798066.368945,-81.770677,-69.367341,167.910386,0.98760754,0.04586240,-0.14691573,0.03072076,0.03489458,-0.08798865,0.01509674,11.1100,31.5281,2482.1615,-0.01631579,-0.01323623,0.581098,-0.00083899,-0.02068688,0.00116278,0.02101067,-0.00193925,-0.01842292,0.00193925,0.01842292,-95.7183,42.2862,78.6774,-11.488933,3.006298,-2.260388,16.47990165,44.11527733,1231.5281
11.500000,4393040.072106,4259424.153849,1798068.047340,-81.866262,-69.423217,167.768609,0.98753495,0.04599935,-0.14734498,0.03079360,0.01982099,-0.08618514,0.01436316,11.1100,30.9791,2484.0750,-0.01638063,-0.01317111,0.580918,-0.00147904,-0.02134070,0.00180557,0.02166723,-0.00096963,-0.01842292,0.00290888,0.01842292,-95.6659,41.9942,78.8965,-11.492473,2.977894,-2.237937,16.47991895,44.11527799,1230.9791
11.510000,4393039.252966,4259423.459336,1798069.724317,-81.961614,-69.479336,167.626826,0.98746699,0.04606425,-0.14776711,0.03085315,0.00564219,-0.08427189,0.01391164,11.1100,30.4288,2485.9875,-0.01642848,-0.01309710,0.580737,-0.00147904,-0.02134070,0.00180557,0.02166723,-0.00096963,-0.01842292,0.00290888,0.01842292,-95.6137,41.6681,79.0481,-11.495845,2.947778,-2.221729,16.47993623,44.11527866,1230.4288
11.520000,4393038.432874,4259422.764261,1798071.399877,-82.056695,-69.535659,167.485076,0.98740349,0.04606116,-0.14818168,0.03090149,-0.00769491,-0.08231468,0.01375801,11.1100,29.8770,2487.8989,-0.01645897,-0.01301612,0.580558,-0.00147904,-0.02134070,0.00180557,0.02166723,-0.00096963,-0.01842292,0.00290888,0.01842292,-95.5616,41.3159,79.1306,-11.499044,2.916585,-2.211906,16.47995351,44.11527933,1229.8770
11.530000,4393037.611833,4259422.068622,1798073.074019,-82.151471,-69.592140,167.343396,0.98734274,0.04602630,-0.14858757,0.03094555,-0.00724348,-0.08037931,0.01390989,11.1100,29.3237,2489.8093,-0.01647151,-0.01293136,0.580379,-0.00147904,-0.02134070,0.00180557,0.02166723,-0.00193925,-0.01842292,0.00193925,0.01842292,-95.5097,40.9505,79.1413,-11.502072,2.884800,-2.208644,16.47997077,44.11528000,1229.3237
11.540000,4393036.789846,4259421.372416,1798074.746744,-82.245868,-69.649102,167.201689,0.98728170,0.04600886,-0.14898720,0.03099754,-0.00032469,-0.07993136,0.01573202,11.1100,28.7691,2491.7186,-0.01646533,-0.01284713,0.580200,-0.00165069,-0.02189276,0.00197260,0.02221466,-0.00193925,-0.01939255,0.00193925,0.01842292,-95.4579,40.2675,79.3988,-11.505010,2.824107,-2.183168,16.47998803,44.11528068,1228.7691
11.550000,4393035.966917,4259420.675638,1798076.418053,-82.339931,-69.706474,167.059962,0.98721756,0.04603883,-0.14938732,0.03106983,0.01267336,-0.08096685,0.01912076,11.1100,28.2130,2493.6269,-0.01644559,-0.01277637,0.580021,-0.00165069,-0.02189276,0.00197260,0.02221466,-0.00193925,-0.02036217,0.00193925,0.01842292,-95.4063,39.6474,79.5944,-11.508008,2.768229,-2.163163,16.48000527,44.11528136,1228.2130
11.560000,4393035.143048,4259419.978287,1798078.087944,-82.433818,-69.763806,166.918321,0.98714904,0.04612863,-0.14979145,0.03116814,0.02490046,-0.08203411,0.02254344,11.1100,27.6554,2495.5341,-0.01642653,-0.01273588,0.579843,-0.00165069,-0.02189276,0.00197260,0.02221466,-0.00193925,-0.02036217,0.00193925,0.01842292,-95.3548,39.4783,79.4640,-11.511143,2.751867,-2.172364,16.48002251,44.11528204,1227.6554
11.570000,4393034.318241,4259419.280362,1798079.756419,-82.527633,-69.821043,166.776734,0.98707625,0.04627460,-0.15019975,0.03129179,0.03640242,-0.08309810,0.02586870,11.1100,27.0965,2497.4403,-0.01641679,-0.01273195,0.579665,-0.00165069,-0.02189276,0.00197260,0.02221466,-0.00193925,-0.02036217,0.00193925,0.01842292,-95.3035,39.4558,79.3710,-11.514414,2.747694,-2.178075,16.48003974,44.11528272,1227.0965
11.580000,4393033.492496,4259418.581864,1798081.423478,-82.621429,-69.878508,166.635032,0.98699949,0.04645681,-0.15061633,0.03144027,0.04074519,-0.08551973,0.03034154,11.1100,26.5361,2499.3454,-0.01641644,-0.01276342,0.579487,-0.00180420,-0.02274261,0.00212372,0.02306213,-0.00193925,-0.02036217,0.00193925,0.01939255,-95.2523,39.2535,79.6365,-11.517891,2.726716,-2.151381,16.48005695,44.11528340,1226.5361
11.590000,4393032.665812,4259417.882793,1798083.089120,-82.715407,-69.935762,166.493292,0.98691906,0.04665695,-0.15104484,0.03161249,0.04482995,-0.08780313,0.03440726,11.1100,25.9743,2501.2495,-0.01643113,-0.01283569,0.579310,-0.00180420,-0.02274261,0.00212372,0.02306213,-0.00193925,-0.02036217,0.00193925,0.01939255,-95.2012,39.5407,79.6346,-11.521632,2.749540,-2.148655,16.48007416,44.11528409,1225.9743
11.600000,4393031.838187,4259417.183150,1798084.753343,-82.809705,-69.992769,166.351454,0.98683672,0.04684185,-0.15148537,0.03180101,0.03573379,-0.08987378,0.03792778,11.1100,25.4110,2503.1525,-0.01646854,-0.01294960,0.579133,-0.00180420,-0.02274261,0.00212372,0.02306213,-0.00193925,-0.01939255,0.00193925,0.02036217,-95.1503,39.9918,79.7241,-11.525622,2.787473,-2.137646,16.48009136,44.11528478,1225.4110
11.610000,4393031.009616,4259416.482938,1798086.416148,-82.904438,-70.049498,166.209467,0.98675421,0.04698109,-0.15193758,0.03199819,0.02717483,-0.09166391,0.04079448,11.1100,24.8463,2505.0544,-0.01652737,-0.01309859,0.578957,-0.00180420,-0.02274261,0.00212372,0.02306213,-0.00193925,-0.01939255,0.00193925,0.02036217,-95.0996,40.5796,79.9000,-11.529827,2.838636,-2.118865,16.48010855,44.11528547,1224.8463
11.620000,4393030.180096,4259415.782159,1798088.077531,-82.999650,-70.106303,166.067150,0.98667033,0.04709338,-0.15240276,0.03220675,0.02558266,-0.09450548,0.04430069,11.1100,24.2802,2506.9553,-0.01660559,-0.01327510,0.578781,-0.00182532,-0.02407645,0.00214540,0.02439653,-0.00193925,-0.02036217,0.00193925,0.02036217,-95.0489,40.9532,80.4746,-11.534283,2.871078,-2.064164,16.48012573,44.11528616,1224.2802
11.630000,4393029.349619,4259415.080812,1798089.737489,-83.095765,-70.163103,165.924310,0.98658343,0.04719116,-0.15288768,0.03242652,0.02414828,-0.09921545,0.04696552,11.1100,23.7127,2508.8552,-0.01670482,-0.01348070,0.578605,-0.00182532,-0.02407645,0.00214540,0.02439653,-0.00193925,-0.02036217,0.00290888,0.02036217,-94.9983,42.0852,81.1270,-11.539119,2.972126,-2.002353,16.48014290,44.11528686,1223.7127
11.640000,4393028.518180,4259414.378898,1798091.396017,-83.192356,-70.219679,165.781257,0.98649201,0.04730169,-0.15339224,0.03266306,0.02918782,-0.10236185,0.05008350,11.1100,23.1437,2510.7540,-0.01683800,-0.01371055,0.578429,-0.00182532,-0.02407645,0.00214540,0.02439653,-0.00193925,-0.02133180,0.00193925,0.02036217,-94.9479,42.3491,81.5851,-11.544355,2.994858,-1.957887,16.48016006,44.11528756,1223.1437
11.650000,4393027.685769,4259413.676420,1798093.053113,-83.289852,-70.275975,165.637784,0.98639653,0.04743478,-0.15391035,0.03291556,0.03392916,-0.10479440,0.05218259,11.1100,22.5732,2512.6517,-0.01700852,-0.01396928,0.578254,-0.00182532,-0.02407645,0.00214540,0.02439653,-0.00193925,-0.02133180,0.00193925,0.02036217,-94.8975,43.3689,82.1989,-11.549878,3.085259,-1.899269,16.48017721,44.11528826,1222.5732
11.660000,4393026.852380,4259412.973374,1798094.708769,-83.388175,-70.333121,165.493435,0.98629502,0.04760447,-0.15444840,0.03319101,0.04483696,-0.11061423,0.05731064,11.1100,22.0014,2514.5484,-0.01720319,-0.01425013,0.578078,-0.00183096,-0.02582192,0.00214773,0.02613869,-0.00193925,-0.02327106,0.00193925,0.02133180,-94.8472,43.5126,83.8695,-11.555823,3.096184,-1.745333,16.48019435,44.11528896,1222.0014
11.670000,4393026.018002,4259412.269758,1798096.362979,-83.487687,-70.389976,165.348501,0.98618570,0.04782375,-0.15501197,0.03349551,0.05510028,-0.11542631,0.06115058,11.1100,21.4280,2516.4440,-0.01743024,-0.01456764,0.577903,-0.00183096,-0.02582192,0.00214773,0.02613869,-0.00193925,-0.02327106,0.00193925,0.02133180,-94.7971,44.7740,84.6929,-11.562304,3.206875,-1.667389,16.48021148,44.11528967,1221.4280
11.680000,4393025.182622,4259411.565575,1798098.015737,-83.588538,-70.446568,165.202877,0.98606968,0.04809038,-0.15559551,0.03382224,0.06475729,-0.11909887,0.06360327,11.1100,20.8532,2518.3385,-0.01770470,-0.01492584,0.577728,-0.00183096,-0.02582192,0.00214773,0.02613869,-0.00193925,-0.02327106,0.00193925,0.02133180,-94.7470,46.1893,85.7085,-11.569211,3.330594,-1.571914,16.48022861,44.11529038,1220.8532
11.690000,4393024.346227,4259410.860822,1798099.667032,-83.690666,-70.504047,165.056087,0.98594541,0.04841711,-0.15620314,0.03417623,0.08028106,-0.12569829,0.06870670,11.1100,20.2769,2520.2320,-0.01801504,-0.01531068,0.577554,-0.00183096,-0.02582192,0.00214773,0.02613869,-0.00193925,-0.02521031,0.00193925,0.02230143,-94.6969,46.7457,87.8272,-11.576632,3.375962,-1.376883,16.48024572,44.11529109,1220.2769
11.700000,4393023.508803,4259410.155495,1798101.316856,-83.794437,-70.561295,164.908405,0.98581151,0.04881572,-0.15683810,0.03456168,0.09488862,-0.13082863,0.07216314,11.1100,19.6991,2522.1243,-0.01836486,-0.01573290,0.577379,-0.00175438,-0.02850616,0.00207664,0.02882841,-0.00193925,-0.02521031,0.00193925,0.02230143,-94.6470,48.4182,89.1301,-11.584638,3.520538,-1.254952,16.48026282,44.11529180,1219.6991
11.710000,4393022.670332,4259409.449599,1798102.965198,-83.900035,-70.617988,164.759860,0.98567099,0.04926726,-0.15748950,0.03496421,0.10220276,-0.13298616,0.07253338,11.1100,19.1198,2524.0156,-0.01876440,-0.01619291,0.577205,-0.00175438,-0.02850616,0.00207664,0.02882841,-0.00193925,-0.02424068,0.00193925,0.02230143,-94.5971,50.5489,90.3174,-11.593002,3.705405,-1.143196,16.48027991,44.11529252,1219.1198
11.720000,4393021.830798,4259408.743126,1798104.612046,-84.007149,-70.676416,164.609608,0.98552437,0.04973626,-0.15816467,0.03538307,0.10265575,-0.14047057,0.07802341,11.1100,18.5390,2525.9058,-0.01919258,-0.01666440,0.577030,-0.00175438,-0.02850616,0.00207664,0.02882841,-0.00193925,-0.02617994,0.00193925,0.02521031,-94.5472,50.7988,93.5400,-11.601842,3.720737,-0.848044,16.48029699,44.11529324,1218.5390
11.730000,4393020.990183,4259408.036067,1798106.257385,-84.116166,-70.735443,164.457915,0.98537104,0.05017214,-0.15888140,0.03582414,0.09022837,-0.14883819,0.08427702,11.1100,17.9566,2527.7949,-0.01965333,-0.01716484,0.576856,-0.00175438,-0.02850616,0.00207664,0.02882841,-0.00193925,-0.02617994,0.00193925,0.02714957,-94.4974,52.1417,95.9081,-11.611470,3.835212,-0.629586,16.48031407,44.11529396,1217.9566
11.740000,4393020.148467,4259407.328420,1798107.901201,-84.227502,-70.793984,164.305007,0.98521294,0.05056215,-0.15963328,0.03627869,0.08495305,-0.15367622,0.08701620,11.1100,17.3727,2529.6829,-0.02018286,-0.01771660,0.576681,-0.00209076,-0.03171699,0.00243060,0.03205683,-0.00193925,-0.02617994,0.00193925,0.02617994,-94.4476,54.6430,97.5881,-11.621748,4.054925,-0.472901,16.48033113,44.11529469,1217.3727
11.750000,4393019.305626,4259406.620184,1798109.543479,-84.341094,-70.853218,164.150382,0.98504891,0.05095735,-0.16041069,0.03674794,0.09282731,-0.15903606,0.09032475,11.1100,16.7872,2531.5698,-0.02077150,-0.01830021,0.576507,-0.00209076,-0.03171699,0.00243060,0.03205683,-0.00193925,-0.02811919,0.00193925,0.02617994,-94.3978,56.2977,100.4695,-11.632521,4.198413,-0.207881,16.48034818,44.11529542,1216.7872
11.760000,4393018.461637,4259405.911350,1798111.184201,-84.457006,-70.913540,163.993808,0.98487859,0.05133998,-0.16122020,0.03723473,0.08098220,-0.16615119,0.09545023,11.1100,16.2001,2533.4555,-0.02139722,-0.01890700,0.576332,-0.00209076,-0.03171699,0.00243060,0.03205683,-0.00193925,-0.02811919,0.00193925,0.02908882,-94.3480,57.7274,103.8088,-11.643904,4.322007,0.098562,16.48036522,44.11529615,1216.2001
11.770000,4393017.616477,4259405.201913,1798112.823349,-84.575598,-70.973847,163.835546,0.98470473,0.05166389,-0.16206137,0.03772996,0.06983130,-0.17066557,0.09813533,11.1100,15.6113,2535.3401,-0.02206996,-0.01954921,0.576157,-0.00209076,-0.03171699,0.00243060,0.03205683,-0.00193925,-0.02811919,0.00193925,0.02908882,-94.2981,60.2555,106.3700,-11.655853,4.545666,0.335080,16.48038226,44.11529688,1215.6113
11.780000,4393016.770115,4259404.491869,1798114.460904,-84.697185,-71.034930,163.675046,0.98452709,0.05194967,-0.16293020,0.03822820,0.06574758,-0.17663240,0.09973188,11.1100,15.0209,2537.2236,-0.02279075,-0.02021665,0.575982,-0.00235584,-0.03535391,0.00269691,0.03569498,-0.00193925,-0.03005845,0.00290888,0.02908882,-94.2483,62.5514,110.0811,-11.668296,4.749215,0.675228,16.48039928,44.11529762,1215.0209
11.790000,4393015.922523,4259403.781214,1798116.096844,-84.821599,-71.096124,163.512673,0.98434559,0.05221644,-0.16382207,0.03872383,0.06190241,-0.17974298,0.09889537,11.1100,14.4289,2539.1059,-0.02354816,-0.02089367,0.575807,-0.00235584,-0.03535391,0.00269691,0.03569498,-0.00193925,-0.03005845,0.00290888,0.02908882,-94.1983,65.1938,112.9749,-11.681149,4.984347,0.941962,16.48041629,44.11529837,1214.4289
11.800000,4393015.073675,4259403.069948,1798117.731152,-84.948516,-71.157152,163.348713,0.98416410,0.05246649,-0.16471538,0.03920639,0.05828207,-0.17723271,0.09573775,11.1100,13.8351,2540.9870,-0.02433810,-0.02156198,0.575632,-0.00235584,-0.03535391,0.00269691,0.03569498,-0.00193925,-0.02908882,0.00193925,0.02908882,-94.1483,67.7868,115.3742,-11.693996,5.215339,1.164187,16.48043329,44.11529911,1213.8351
11.810000,4393014.223544,4259402.358070,1798119.363812,-85.078053,-71.218426,163.182906,0.98398646,0.05270194,-0.16558912,0.03966616,0.05487366,-0.17207328,0.09044948,11.1100,13.2395,2542.8670,-0.02512056,-0.02219820,0.575456,-0.00235584,-0.03535391,0.00269691,0.03569498,-0.00193925,-0.02908882,0.00193925,0.02908882,-94.0983,70.2390,118.4007,-11.706438,5.433858,1.442744,16.48045028,44.11529987,1213.2395
11.820000,4393013.372109,4259401.645562,1798120.994799,-85.209429,-71.283268,163.014199,0.98380795,0.05293704,-0.16646187,0.04012520,0.05806898,-0.17689639,0.09543912,11.1100,12.6423,2544.7457,-0.02585171,-0.02278081,0.575280,-0.00235584,-0.03535391,0.00269691,0.03569498,-0.00193925,-0.03393696,0.00193925,0.03296733,-94.0482,69.6217,124.0789,-11.718849,5.376125,1.960008,16.48046726,44.11530062,1212.6423
11.830000,4393012.519346,4259400.932401,1798122.624088,-85.343544,-71.348973,162.843269,0.98362456,0.05313694,-0.16736444,0.04059966,0.04186845,-0.18321532,0.09955501,11.1100,12.0432,2546.6232,-0.02655575,-0.02336524,0.575104,-0.00235584,-0.03535391,0.00269691,0.03569498,-0.00193925,-0.03393696,0.00290888,0.03490659,-93.9955,71.5892,127.6998,-11.731571,5.551816,2.292247,16.48048423,44.11530138,1212.0432
11.840000,4393011.665229,4259400.218582,1798124.251658,-85.480306,-71.414824,162.670464,0.98343952,0.05325800,-0.16829500,0.04107415,0.02661823,-0.18672504,0.10134693,11.1100,11.4423,2548.4995,-0.02730025,-0.02398457,0.574927,-0.00235584,-0.03535391,0.00269691,0.03569498,-0.00193925,-0.03393696,0.00290888,0.03490659,-93.9400,74.0030,130.5211,-11.744508,5.769249,2.552563,16.48050118,44.11530215,1211.4423
11.850000,4393010.809733,4259399.504100,1798125.877490,-85.619322,-71.481783,162.495553,0.98325195,0.05334734,-0.16924205,0.04155472,0.03371419,-0.18967132,0.10536430,11.1100,10.8395,2550.3746,-0.02808442,-0.02461835,0.574750,-0.00235584,-0.03535391,0.00269691,0.03569498,-0.00193925,-0.03393696,0.00290888,0.03490659,-93.8842,76.4595,133.5082,-11.757707,5.991182,2.827886,16.48051813,44.11530291,1210.8395
11.860000,4393009.952833,4259398.788946,1798127.501563,-85.761039,-71.549048,162.318614,0.98305780,0.05348870,-0.17019715,0.04206245,0.04452910,-0.19016897,0.10786618,11.1100,10.2349,2552.2484,-0.02888397,-0.02526882,0.574573,-0.00235584,-0.03535391,0.00269691,0.03569498,-0.00193925,-0.03684584,0.00193925,0.03490659,-93.8283,77.7278,137.1852,-11.771092,6.105300,3.165511,16.48053506,44.11530369,1210.2349
11.870000,4393009.094504,4259398.073120,1798129.123857,-85.905324,-71.616022,162.139976,0.98286133,0.05368000,-0.17113886,0.04258594,0.05580490,-0.18533911,0.10769256,11.1100,9.6283,2554.1209,-0.02968577,-0.02594913,0.574396,-0.00235584,-0.03535391,0.00269691,0.03569498,-0.00096963,-0.03684584,0.00193925,0.03393696,-93.7722,80.3649,139.6177,-11.784248,6.341715,3.391159,16.48055199,44.11530447,1209.6283
11.880000,4393008.234715,4259397.356625,1798130.744354,-86.052877,-71.683001,161.959082,0.98266534,0.05392632,-0.17205404,0.04310663,0.06531924,-0.18050963,0.10268708,11.1100,9.0198,2555.9922,-0.03045061,-0.02663337,0.574218,-0.00235584,-0.03535391,0.00269691,0.03569498,-0.00193925,-0.03684584,0.00290888,0.03393696,-93.7162,83.6311,143.1870,-11.796943,6.633679,3.719107,16.48056890,44.11530525,1209.0198
11.890000,4393007.373439,4259396.639460,1798132.363033,-86.202727,-71.750004,161.776490,0.98247217,0.05422187,-0.17293596,0.04360702,0.07536944,-0.17317812,0.09582903,11.1100,8.4093,2557.8622,-0.03114956,-0.02727977,0.574039,-0.00235584,-0.03535391,0.00269691,0.03569498,-0.00193925,-0.03684584,0.00290888,0.03393696,-93.6605,86.0921,145.8636,-11.809054,6.852147,3.966624,16.48058580,44.11530604,1208.4093
11.900000,4393006.510655,4259395.921625,1798133.979879,-86.354307,-71.817040,161.592535,0.98228372,0.05458527,-0.17376865,0.04408615,0.09011562,-0.16278266,0.08830712,11.1100,7.7969,2559.7308,-0.03177443,-0.02785834,0.573861,-0.00235584,-0.03535391,0.00269691,0.03569498,-0.00193925,-0.03684584,0.00193925,0.03393696,-93.6053,87.9608,147.9438,-11.820313,7.015890,4.160294,16.48060269,44.11530683,1207.7969
11.910000,4393005.646347,4259395.203120,1798135.594880,-86.507504,-71.884066,161.407319,0.98210186,0.05502363,-0.17454090,0.04453996,0.10399166,-0.15092577,0.07928635,11.1100,7.1824,2561.5982,-0.03229630,-0.02836222,0.573682,-0.00235584,-0.03535391,0.00269691,0.03569498,-0.00193925,-0.03684584,0.00193925,0.03393696,-93.5508,89.8457,149.9465,-11.830529,7.179521,4.346775,16.48061956,44.11530763,1207.1824
11.920000,4393004.780501,4259394.483944,1798137.208023,-86.661862,-71.951044,161.221152,0.98192827,0.05553368,-0.17524651,0.04496160,0.11704807,-0.13809335,0.06911248,11.1100,6.5660,2563.4642,-0.03269398,-0.02878006,0.573503,-0.00235584,-0.03535391,0.00269691,0.03569498,-0.00193925,-0.03684584,0.00193925,0.03393696,-93.4970,91.3843,151.4673,-11.839593,7.310435,4.489606,16.48063642,44.11530843,1206.5660
11.930000,4393003.913108,4259393.764099,1798138.819301,-86.816893,-72.017939,161.034369,0.98176411,0.05611220,-0.17588179,0.04534592,0.12933246,-0.12478797,0.05816159,11.1100,5.9474,2565.3289,-0.03295771,-0.02909986,0.573324,-0.00235584,-0.03535391,0.00269691,0.03569498,-0.00193925,-0.03684584,0.00193925,0.03393696,-93.4443,92.5319,152.4666,-11.847444,7.404655,4.585196,16.48065328,44.11530924,1205.9474
11.940000,4393003.044163,4259393.043586,1798140.428709,-86.972094,-72.084726,160.847314,0.98160998,0.05675598,-0.17644563,0.04568957,0.14088979,-0.11151030,0.04682626,11.1100,5.3269,2567.1923,-0.03308287,-0.02931338,0.573145,-0.00235584,-0.03535391,0.00269691,0.03569498,-0.00193925,-0.03684584,0.00193925,0.03393696,-93.3925,93.2589,152.9251,-11.854067,7.459553,4.631786,16.48067012,44.11531005,1205.3269
11.950000,4393002.173667,4259392.322405,1798142.036247,-87.126964,-72.151385,160.660332,0.98146595,0.05746178,-0.17693942,0.04599100,0.15176249,-0.09874113,0.03550161,11.1100,4.7043,2569.0543,-0.03306995,-0.02941626,0.572966,-0.00235584,-0.03535391,0.00269691,0.03569498,-0.00193925,-0.03684584,0.00193925,0.03393696,-93.3419,93.5508,152.8434,-11.859487,7.473894,4.629438,16.48068694,44.11531087,1204.7043
11.960000,4393001.301626,4259391.600558,1798143.641917,-87.281025,-72.217905,160.473753,0.98133152,0.05822633,-0.17736693,0.04625051,0.16199064,-0.08692492,0.02457161,11.1100,4.0797,2570.9150,-0.03292438,-0.02940810,0.572788,-0.00235584,-0.03535391,0.00269691,0.03569498,-0.00193925,-0.03684584,0.00193925,0.03393696,-93.2923,93.4089,152.2415,-11.863774,7.447847,4.579969,16.48070376,44.11531170,1204.0797
11.970000,4393000.428051,4259390.878047,1798145.245725,-87.433831,-72.284284,160.287880,0.98120571,0.05904631,-0.17773410,0.04647011,0.17161209,-0.07645525,0.01439613,11.1100,3.4530,2572.7743,-0.03265611,-0.02929235,0.572611,-0.00235584,-0.03535391,0.00269691,0.03569498,-0.00193925,-0.03684584,0.00193925,0.03393696,-93.2438,92.8493,151.1572,-11.867036,7.382939,4.486817,16.48072056,44.11531253,1203.4530
11.980000,4392999.552955,4259390.154873,1798146.847678,-87.584986,-72.350531,160.102982,0.98108710,0.05991837,-0.17804871,0.04665342,0.18066257,-0.06766257,0.00529921,11.1100,2.8243,2574.6323,-0.03227912,-0.02907610,0.572435,-0.00235584,-0.03535391,0.00269691,0.03569498,-0.00193925,-0.03684584,0.00193925,0.03393696,-93.1964,91.9021,149.6442,-11.869416,7.281966,4.354858,16.48073735,44.11531337,1202.8243
11.990000,4392998.676356,4259389.431037,1798148.447787,-87.734490,-72.416665,159.919074,0.98097442,0.06082415,-0.17832400,0.04679909,0.18282787,-0.06216398,-0.00377512,11.1100,2.1936,2576.4889,-0.03181075,-0.02876969,0.572259,-0.00235584,-0.03535391,0.00269691,0.03569498,-0.00193925,-0.03684584,0.00290888,0.03393696,-93.1499,90.9226,148.0820,-11.871141,7.177271,4.218314,16.48075413,44.11531421,1202.1936
12.000000,4392997.798273,4259388.706540,1798150.046064,-87.881722,-72.482765,159.736518,0.98086612,0.06174649,-0.17857414,0.04690741,0.18486288,-0.05871039,-0.01119094,11.1100,1.5609,2578.3442,-0.03127727,-0.02837724,0.572084,-0.00235584,-0.03535391,0.00269691,0.03569498,-0.00193925,-0.03684584,0.00290888,0.03393696,-93.1044,89.2970,145.9403,-11.872452,7.013941,4.029514,16.48077090,44.11531506,1201.5609
12.010000,4392996.918730,4259387.981382,1798151.642522,-88.026489,-72.548916,159.555409,0.98075995,0.06268369,-0.17880983,0.04698633,0.18677540,-0.05734903,-0.01673759,11.1100,0.9262,2580.1982,-0.03070896,-0.02790880,0.571911,-0.00235584,-0.03535391,0.00269691,0.03569498,-0.00193925,-0.03684584,0.00290888,0.03393696,-93.0596,87.3855,143.6565,-11.873539,6.824487,3.827885,16.48078766,44.11531591,1200.9262
12.020000,4392996.037755,4259387.255561,1798153.237179,-88.168014,-72.615187,159.376197,0.98065453,0.06363239,-0.17903563,0.04705165,0.18857272,-0.05533563,-0.01761499,11.1100,0.2895,2582.0509,-0.03012724,-0.02738306,0.571738,-0.00235584,-0.03535391,0.00269691,0.03569498,-0.00096963,-0.03684584,0.00193925,0.03393696,-93.0153,84.6383,140.6895,-11.874484,6.559530,3.564765,16.48080440,44.11531677,1200.2895
