t_s,servo_idx,node_id,cmd_deg,fb_deg,t_fb_arrival_s
1.449719,0,0x01,0.0000,-0.1111,1.439178
1.449719,1,0x02,0.0000,0.1111,1.435203
1.449719,2,0x03,0.0000,0.1111,1.440166
1.449719,3,0x04,0.0000,0.0556,1.438188
1.450819,0,0x01,0.0000,-0.1111,1.439178
1.450819,1,0x02,0.0000,0.1111,1.435203
1.450819,2,0x03,0.0000,0.1111,1.440166
1.450819,3,0x04,0.0000,0.0556,1.438188
1.451902,0,0x01,0.0000,-0.1111,1.439178
1.451902,1,0x02,0.0000,0.1111,1.435203
1.451902,2,0x03,0.0000,0.1111,1.440166
1.451902,3,0x04,0.0000,0.0556,1.438188
1.452977,0,0x01,0.0000,-0.1111,1.439178
1.452977,1,0x02,0.0000,0.1111,1.435203
1.452977,2,0x03,0.0000,0.1111,1.440166
1.452977,3,0x04,0.0000,0.0556,1.438188
1.454054,0,0x01,0.0000,-0.1111,1.439178
1.454054,1,0x02,0.0000,0.1111,1.435203
1.454054,2,0x03,0.0000,0.1111,1.440166
1.454054,3,0x04,0.0000,0.0556,1.438188
1.461726,0,0x01,0.0000,-0.1111,1.439178
1.461726,1,0x02,0.0000,0.1111,1.435203
1.461726,2,0x03,0.0000,0.1111,1.440166
1.461726,3,0x04,0.0000,0.0556,1.438188
1.462793,0,0x01,0.0000,-0.1111,1.439178
1.462793,1,0x02,0.0000,0.1111,1.435203
1.462793,2,0x03,0.0000,0.1111,1.440166
1.462793,3,0x04,0.0000,0.0556,1.438188
1.463857,0,0x01,0.0000,-0.1111,1.439178
1.463857,1,0x02,0.0000,0.1111,1.435203
1.463857,2,0x03,0.0000,0.1111,1.440166
1.463857,3,0x04,0.0000,0.0556,1.438188
1.470707,0,0x01,0.0000,-0.1111,1.439178
1.470707,1,0x02,0.0000,0.1111,1.435203
1.470707,2,0x03,0.0000,0.1111,1.440166
1.470707,3,0x04,0.0000,0.0556,1.438188
1.471786,0,0x01,0.0000,-0.1111,1.439178
1.471786,1,0x02,0.0000,0.1111,1.435203
1.471786,2,0x03,0.0000,0.1111,1.440166
1.471786,3,0x04,0.0000,0.0556,1.438188
1.472850,0,0x01,0.0000,-0.1111,1.439178
1.472850,1,0x02,0.0000,0.1111,1.435203
1.472850,2,0x03,0.0000,0.1111,1.440166
1.472850,3,0x04,0.0000,0.0556,1.438188
1.473920,0,0x01,0.0000,-0.1111,1.439178
1.473920,1,0x02,0.0000,0.1111,1.435203
1.473920,2,0x03,0.0000,0.1111,1.440166
1.473920,3,0x04,0.0000,0.0556,1.438188
1.479731,0,0x01,0.0000,-0.0556,1.478214
1.479731,1,0x02,0.0000,0.0556,1.479194
1.479731,2,0x03,0.0000,0.1111,1.440166
1.479731,3,0x04,0.0000,0.0556,1.438188
1.480800,0,0x01,0.0000,-0.0556,1.478214
1.480800,1,0x02,0.0000,0.0556,1.479194
1.480800,2,0x03,0.0000,0.0556,1.480190
1.480800,3,0x04,0.0000,0.0556,1.438188
1.481882,0,0x01,0.0000,-0.0556,1.478214
1.481882,1,0x02,0.0000,0.0556,1.479194
1.481882,2,0x03,0.0000,0.0556,1.480190
1.481882,3,0x04,0.0000,0.0556,1.481185
1.482973,0,0x01,0.0000,-0.0556,1.478214
1.482973,1,0x02,0.0000,0.0556,1.482169
1.482973,2,0x03,0.0000,0.0556,1.480190
1.482973,3,0x04,0.0000,0.0556,1.481185
1.484049,0,0x01,0.0000,-0.0556,1.478214
1.484049,1,0x02,0.0000,0.0556,1.482169
1.484049,2,0x03,0.0000,0.0556,1.483189
1.484049,3,0x04,0.0000,0.0556,1.481185
1.491728,0,0x01,0.0000,-0.0556,1.478214
1.491728,1,0x02,0.0000,0.0556,1.482169
1.491728,2,0x03,0.0000,0.0556,1.483189
1.491728,3,0x04,0.0000,0.0556,1.481185
1.492814,0,0x01,0.0000,-0.0556,1.478214
1.492814,1,0x02,0.0000,0.0556,1.482169
1.492814,2,0x03,0.0000,0.0556,1.483189
1.492814,3,0x04,0.0000,0.0556,1.481185
1.493880,0,0x01,0.0000,-0.0556,1.478214
1.493880,1,0x02,0.0000,0.0556,1.482169
1.493880,2,0x03,0.0000,0.0556,1.483189
1.493880,3,0x04,0.0000,0.0556,1.481185
1.500742,0,0x01,0.0000,-0.0556,1.478214
1.500742,1,0x02,0.0000,0.0556,1.482169
1.500742,2,0x03,0.0000,0.0556,1.483189
1.500742,3,0x04,0.0000,0.0556,1.481185
1.501830,0,0x01,0.0000,-0.0556,1.478214
1.501830,1,0x02,0.0000,0.0556,1.482169
1.501830,2,0x03,0.0000,0.0556,1.483189
1.501830,3,0x04,0.0000,0.0556,1.481185
1.502906,0,0x01,0.0000,-0.0556,1.478214
1.502906,1,0x02,0.0000,0.0556,1.482169
1.502906,2,0x03,0.0000,0.0556,1.483189
1.502906,3,0x04,0.0000,0.0556,1.481185
1.503986,0,0x01,0.0000,-0.0556,1.478214
1.503986,1,0x02,0.0000,0.0556,1.482169
1.503986,2,0x03,0.0000,0.0556,1.483189
1.503986,3,0x04,0.0000,0.0556,1.481185
1.511722,0,0x01,0.0000,-0.0556,1.478214
1.511722,1,0x02,0.0000,0.0556,1.482169
1.511722,2,0x03,0.0000,0.0556,1.483189
1.511722,3,0x04,0.0000,0.0556,1.481185
1.512792,0,0x01,0.0000,-0.0556,1.478214
1.512792,1,0x02,0.0000,0.0556,1.482169
1.512792,2,0x03,0.0000,0.0556,1.483189
1.512792,3,0x04,0.0000,0.0556,1.481185
1.513862,0,0x01,0.0000,-0.0556,1.478214
1.513862,1,0x02,0.0000,0.0556,1.482169
1.513862,2,0x03,0.0000,0.0556,1.483189
1.513862,3,0x04,0.0000,0.0556,1.481185
1.520763,0,0x01,0.0000,-0.0556,1.519228
1.520763,1,0x02,0.0000,0.0556,1.482169
1.520763,2,0x03,0.0000,0.0556,1.483189
1.520763,3,0x04,0.0000,0.0556,1.481185
1.521853,0,0x01,0.0000,-0.0556,1.519228
1.521853,1,0x02,0.0000,0.0556,1.482169
1.521853,2,0x03,0.0000,0.0556,1.483189
1.521853,3,0x04,0.0000,1.1667,1.521200
1.522923,0,0x01,0.0000,1.2222,1.522195
1.522923,1,0x02,0.0000,0.0556,1.482169
1.522923,2,0x03,0.0000,0.0556,1.483189
1.522923,3,0x04,0.0000,1.1667,1.521200
1.524008,0,0x01,0.0000,1.2222,1.522195
1.524008,1,0x02,0.0000,0.0556,1.482169
1.524008,2,0x03,0.0000,0.9444,1.523165
1.524008,3,0x04,0.0000,1.1667,1.521200
1.531769,0,0x01,0.0000,1.2222,1.531320
1.531769,1,0x02,0.0000,1.1111,1.529187
1.531769,2,0x03,0.0000,1.3889,1.530188
1.531769,3,0x04,0.0000,1.2222,1.528198
1.532838,0,0x01,0.0000,1.2222,1.531320
1.532838,1,0x02,0.0000,1.2222,1.532280
1.532838,2,0x03,0.0000,1.3889,1.530188
1.532838,3,0x04,0.0000,1.2222,1.528198
1.533926,0,0x01,0.0000,1.2222,1.531320
1.533926,1,0x02,0.0000,1.2222,1.532280
1.533926,2,0x03,0.0000,1.3333,1.533256
1.533926,3,0x04,0.0000,1.2222,1.528198
1.541846,0,0x01,0.0000,1.2222,1.536270
1.541846,1,0x02,0.0000,1.2778,1.537243
1.541846,2,0x03,0.0000,1.3333,1.533256
1.541846,3,0x04,0.0000,1.2222,1.534258
1.542940,0,0x01,0.0000,1.2222,1.536270
1.542940,1,0x02,0.0000,1.2778,1.537243
1.542940,2,0x03,0.0000,1.3333,1.533256
1.542940,3,0x04,0.0000,1.2222,1.534258
1.544027,0,0x01,0.0000,1.2222,1.536270
1.544027,1,0x02,0.0000,1.2778,1.537243
1.544027,2,0x03,0.0000,1.3333,1.533256
1.544027,3,0x04,0.0000,1.2222,1.534258
1.550808,0,0x01,0.0000,1.2222,1.536270
1.550808,1,0x02,0.0000,1.2778,1.537243
1.550808,2,0x03,0.0000,1.3333,1.533256
1.550808,3,0x04,0.0000,1.2222,1.534258
1.551910,0,0x01,0.0000,1.2222,1.536270
1.551910,1,0x02,0.0000,1.2778,1.537243
1.551910,2,0x03,0.0000,1.3333,1.533256
1.551910,3,0x04,0.0000,1.2222,1.534258
1.552987,0,0x01,0.0000,1.2222,1.536270
1.552987,1,0x02,0.0000,1.2778,1.537243
1.552987,2,0x03,0.0000,1.3333,1.533256
1.552987,3,0x04,0.0000,1.2222,1.534258
1.554067,0,0x01,0.0000,1.2222,1.536270
1.554067,1,0x02,0.0000,1.2778,1.537243
1.554067,2,0x03,0.0000,1.3333,1.533256
1.554067,3,0x04,0.0000,1.2222,1.534258
1.561728,0,0x01,0.0000,1.2222,1.536270
1.561728,1,0x02,0.0000,1.2778,1.537243
1.561728,2,0x03,0.0000,1.3333,1.533256
1.561728,3,0x04,0.0000,1.2222,1.534258
1.562803,0,0x01,0.0000,1.2222,1.536270
1.562803,1,0x02,0.0000,1.2778,1.537243
1.562803,2,0x03,0.0000,1.3333,1.533256
1.562803,3,0x04,0.0000,1.2222,1.534258
1.563878,0,0x01,0.0000,1.2222,1.536270
1.563878,1,0x02,0.0000,1.2778,1.537243
1.563878,2,0x03,0.0000,1.3333,1.533256
1.563878,3,0x04,0.0000,1.2222,1.534258
1.570728,0,0x01,0.0000,1.2222,1.536270
1.570728,1,0x02,0.0000,1.2778,1.537243
1.570728,2,0x03,0.0000,1.3333,1.533256
1.570728,3,0x04,0.0000,1.2222,1.534258
1.571795,0,0x01,0.0000,1.2222,1.536270
1.571795,1,0x02,0.0000,1.2778,1.537243
1.571795,2,0x03,0.0000,1.3333,1.533256
1.571795,3,0x04,0.0000,1.2222,1.534258
1.572862,0,0x01,0.0000,1.2222,1.536270
1.572862,1,0x02,0.0000,1.2778,1.537243
1.572862,2,0x03,0.0000,1.3333,1.533256
1.572862,3,0x04,0.0000,1.2222,1.534258
1.573934,0,0x01,0.0000,1.2222,1.536270
1.573934,1,0x02,0.0000,1.2778,1.537243
1.573934,2,0x03,0.0000,1.3333,1.533256
1.573934,3,0x04,0.0000,1.2222,1.534258
1.579798,0,0x01,0.0000,1.1111,1.574207
1.579798,1,0x02,0.0000,1.1111,1.575226
1.579798,2,0x03,0.0000,1.0556,1.578200
1.579798,3,0x04,0.0000,1.1111,1.579215
1.580888,0,0x01,0.0000,1.1111,1.580201
1.580888,1,0x02,0.0000,1.1111,1.575226
1.580888,2,0x03,0.0000,1.0556,1.578200
1.580888,3,0x04,0.0000,1.1111,1.579215
1.581986,0,0x01,0.0000,1.1111,1.580201
1.581986,1,0x02,0.0000,1.1111,1.581189
1.581986,2,0x03,0.0000,1.0556,1.578200
1.581986,3,0x04,0.0000,1.1111,1.579215
1.583088,0,0x01,0.0000,1.1111,1.580201
1.583088,1,0x02,0.0000,1.1111,1.581189
1.583088,2,0x03,0.0000,1.0556,1.582188
1.583088,3,0x04,0.0000,1.1111,1.579215
1.584203,0,0x01,0.0000,1.1111,1.580201
1.584203,1,0x02,0.0000,1.1111,1.581189
1.584203,2,0x03,0.0000,1.0556,1.582188
1.584203,3,0x04,0.0000,1.0556,1.583181
1.594757,0,0x01,0.0000,1.1111,1.580201
1.594757,1,0x02,0.0000,1.1111,1.584231
1.594757,2,0x03,0.0000,1.0556,1.582188
1.594757,3,0x04,0.0000,1.0556,1.583181
1.600729,0,0x01,0.0000,1.1111,1.580201
1.600729,1,0x02,0.0000,1.1111,1.584231
1.600729,2,0x03,0.0000,1.0556,1.582188
1.600729,3,0x04,0.0000,1.0556,1.583181
1.601796,0,0x01,0.0000,1.1111,1.580201
1.601796,1,0x02,0.0000,1.1111,1.584231
1.601796,2,0x03,0.0000,1.0556,1.582188
1.601796,3,0x04,0.0000,1.0556,1.583181
1.602860,0,0x01,0.0000,1.1111,1.580201
1.602860,1,0x02,0.0000,1.1111,1.584231
1.602860,2,0x03,0.0000,1.0556,1.582188
1.602860,3,0x04,0.0000,1.0556,1.583181
1.603932,0,0x01,0.0000,1.1111,1.580201
1.603932,1,0x02,0.0000,1.1111,1.584231
1.603932,2,0x03,0.0000,1.0556,1.582188
1.603932,3,0x04,0.0000,1.0556,1.583181
1.609717,0,0x01,0.0000,1.1111,1.580201
1.609717,1,0x02,0.0000,1.1111,1.584231
1.609717,2,0x03,0.0000,1.0556,1.582188
1.609717,3,0x04,0.0000,1.0556,1.583181
1.610787,0,0x01,0.0000,1.1111,1.580201
1.610787,1,0x02,0.0000,1.1111,1.584231
1.610787,2,0x03,0.0000,1.0556,1.582188
1.610787,3,0x04,0.0000,1.0556,1.583181
1.611858,0,0x01,0.0000,1.1111,1.580201
1.611858,1,0x02,0.0000,1.1111,1.584231
1.611858,2,0x03,0.0000,1.0556,1.582188
1.611858,3,0x04,0.0000,1.0556,1.583181
1.612928,0,0x01,0.0000,1.1111,1.580201
1.612928,1,0x02,0.0000,1.1111,1.584231
1.612928,2,0x03,0.0000,1.0556,1.582188
1.612928,3,0x04,0.0000,1.0556,1.583181
1.614009,0,0x01,0.0000,1.1111,1.580201
1.614009,1,0x02,0.0000,1.1111,1.584231
1.614009,2,0x03,0.0000,1.0556,1.582188
1.614009,3,0x04,0.0000,1.0556,1.583181
1.621737,0,0x01,0.0000,1.1111,1.580201
1.621737,1,0x02,0.0000,1.1111,1.584231
1.621737,2,0x03,0.0000,1.0556,1.582188
1.621737,3,0x04,0.0000,1.0556,1.583181
1.622811,0,0x01,0.0000,1.1111,1.580201
1.622811,1,0x02,0.0000,1.1111,1.584231
1.622811,2,0x03,0.0000,1.0556,1.582188
1.622811,3,0x04,0.0000,1.0556,1.583181
1.623882,0,0x01,0.0000,1.1111,1.580201
1.623882,1,0x02,0.0000,1.1111,1.584231
1.623882,2,0x03,0.0000,1.0556,1.582188
1.623882,3,0x04,0.0000,1.0556,1.583181
1.630715,0,0x01,0.0000,1.1111,1.580201
1.630715,1,0x02,0.0000,1.1111,1.584231
1.630715,2,0x03,0.0000,1.0556,1.582188
1.630715,3,0x04,0.0000,1.0556,1.583181
1.631794,0,0x01,0.0000,1.1111,1.631209
1.631794,1,0x02,0.0000,1.1111,1.584231
1.631794,2,0x03,0.0000,1.0556,1.582188
1.631794,3,0x04,0.0000,1.0556,1.583181
1.632863,0,0x01,0.0000,1.1111,1.631209
1.632863,1,0x02,0.0000,1.1111,1.584231
1.632863,2,0x03,0.0000,1.0556,1.582188
1.632863,3,0x04,0.0000,1.0556,1.583181
1.633945,0,0x01,0.0000,1.1111,1.631209
1.633945,1,0x02,0.0000,1.1111,1.584231
1.633945,2,0x03,0.0000,1.0556,1.582188
1.633945,3,0x04,0.0000,1.0556,1.583181
1.639794,0,0x01,0.0000,1.1111,1.638205
1.639794,1,0x02,0.0000,1.1111,1.639209
1.639794,2,0x03,0.0000,1.0556,1.582188
1.639794,3,0x04,0.0000,1.0556,1.637222
1.640881,0,0x01,0.0000,1.1111,1.638205
1.640881,1,0x02,0.0000,1.1111,1.639209
1.640881,2,0x03,0.0000,1.0556,1.582188
1.640881,3,0x04,0.0000,1.0556,1.640196
1.641975,0,0x01,0.0000,1.1111,1.641183
1.641975,1,0x02,0.0000,1.1111,1.639209
1.641975,2,0x03,0.0000,1.0556,1.582188
1.641975,3,0x04,0.0000,1.0556,1.640196
1.643066,0,0x01,0.0000,1.1111,1.641183
1.643066,1,0x02,0.0000,1.1111,1.642182
1.643066,2,0x03,0.0000,1.0556,1.582188
1.643066,3,0x04,0.0000,1.0556,1.640196
1.644151,0,0x01,0.0000,1.1111,1.641183
1.644151,1,0x02,0.0000,1.1111,1.642182
1.644151,2,0x03,0.0000,1.0556,1.643198
1.644151,3,0x04,0.0000,1.0556,1.640196
1.653794,0,0x01,0.0000,1.1111,1.641183
1.653794,1,0x02,0.0000,1.1111,1.645190
1.653794,2,0x03,0.0000,1.0556,1.643198
1.653794,3,0x04,0.0000,1.0556,1.644177
1.659761,0,0x01,0.0000,1.1111,1.641183
1.659761,1,0x02,0.0000,1.1111,1.645190
1.659761,2,0x03,0.0000,1.0556,1.643198
1.659761,3,0x04,0.0000,1.1111,1.656248
1.660834,0,0x01,0.0000,1.1111,1.641183
1.660834,1,0x02,0.0000,1.1111,1.645190
1.660834,2,0x03,0.0000,1.0556,1.643198
1.660834,3,0x04,0.0000,1.1111,1.656248
1.661911,0,0x01,0.0000,1.1111,1.641183
1.661911,1,0x02,0.0000,1.1111,1.645190
1.661911,2,0x03,0.0000,1.0556,1.643198
1.661911,3,0x04,0.0000,1.1111,1.656248
1.662976,0,0x01,0.0000,1.1111,1.641183
1.662976,1,0x02,0.0000,1.1111,1.645190
1.662976,2,0x03,0.0000,1.0556,1.643198
1.662976,3,0x04,0.0000,1.1111,1.656248
1.664044,0,0x01,0.0000,1.1111,1.641183
1.664044,1,0x02,0.0000,1.1111,1.645190
1.664044,2,0x03,0.0000,1.0556,1.643198
1.664044,3,0x04,0.0000,1.1111,1.656248
1.671731,0,0x01,0.0000,1.1111,1.641183
1.671731,1,0x02,0.0000,1.1111,1.645190
1.671731,2,0x03,0.0000,1.0556,1.643198
1.671731,3,0x04,0.0000,1.1111,1.656248
1.672800,0,0x01,0.0000,1.1111,1.641183
1.672800,1,0x02,0.0000,1.1111,1.645190
1.672800,2,0x03,0.0000,1.0556,1.643198
1.672800,3,0x04,0.0000,1.1111,1.656248
1.673865,0,0x01,0.0000,1.1111,1.641183
1.673865,1,0x02,0.0000,1.1111,1.645190
1.673865,2,0x03,0.0000,1.0556,1.643198
1.673865,3,0x04,0.0000,1.1111,1.656248
1.680716,0,0x01,0.0000,1.1111,1.641183
1.680716,1,0x02,0.0000,1.1111,1.645190
1.680716,2,0x03,0.0000,1.0556,1.643198
1.680716,3,0x04,0.0000,1.1111,1.656248
1.681779,0,0x01,0.0000,1.1111,1.641183
1.681779,1,0x02,0.0000,1.1111,1.645190
1.681779,2,0x03,0.0000,1.0556,1.643198
1.681779,3,0x04,0.0000,1.1111,1.656248
1.682846,0,0x01,0.0000,1.1111,1.641183
1.682846,1,0x02,0.0000,1.1111,1.645190
1.682846,2,0x03,0.0000,1.0556,1.643198
1.682846,3,0x04,0.0000,1.1111,1.656248
1.683919,0,0x01,0.0000,1.1111,1.641183
1.683919,1,0x02,0.0000,1.1111,1.645190
1.683919,2,0x03,0.0000,1.0556,1.643198
1.683919,3,0x04,0.0000,1.1111,1.656248
1.689709,0,0x01,0.0000,1.1111,1.641183
1.689709,1,0x02,0.0000,1.1111,1.645190
1.689709,2,0x03,0.0000,1.0556,1.643198
1.689709,3,0x04,0.0000,1.1111,1.656248
1.690773,0,0x01,0.0000,1.1111,1.641183
1.690773,1,0x02,0.0000,1.1111,1.645190
1.690773,2,0x03,0.0000,1.0556,1.643198
1.690773,3,0x04,0.0000,1.1111,1.656248
1.691841,0,0x01,0.0000,1.1111,1.641183
1.691841,1,0x02,0.0000,1.1111,1.645190
1.691841,2,0x03,0.0000,1.0556,1.643198
1.691841,3,0x04,0.0000,1.1111,1.656248
1.692942,0,0x01,0.0000,1.1111,1.692209
1.692942,1,0x02,0.0000,1.1111,1.645190
1.692942,2,0x03,0.0000,1.0556,1.643198
1.692942,3,0x04,0.0000,1.1111,1.656248
1.694010,0,0x01,0.0000,1.1111,1.692209
1.694010,1,0x02,0.0000,1.1111,1.645190
1.694010,2,0x03,0.0000,1.0556,1.643198
1.694010,3,0x04,0.0000,1.1111,1.656248
1.701777,0,0x01,0.0000,1.1111,1.698209
1.701777,1,0x02,0.0000,1.1111,1.699207
1.701777,2,0x03,0.0000,1.0556,1.700190
1.701777,3,0x04,0.0000,1.0556,1.701250
1.702848,0,0x01,0.0000,1.1667,1.702208
1.702848,1,0x02,0.0000,1.1111,1.699207
1.702848,2,0x03,0.0000,1.0556,1.700190
1.702848,3,0x04,0.0000,1.0556,1.701250
1.703945,0,0x01,0.0000,1.1667,1.702208
1.703945,1,0x02,0.0000,1.1111,1.703185
1.703945,2,0x03,0.0000,1.0556,1.700190
1.703945,3,0x04,0.0000,1.0556,1.701250
1.710749,0,0x01,0.0000,1.1111,1.705198
1.710749,1,0x02,0.0000,1.1111,1.706191
1.710749,2,0x03,0.0000,1.0556,1.700190
1.710749,3,0x04,0.0000,1.0556,1.704191
1.711817,0,0x01,0.0000,1.1111,1.705198
1.711817,1,0x02,0.0000,1.1111,1.706191
1.711817,2,0x03,0.0000,1.0556,1.700190
1.711817,3,0x04,0.0000,1.0556,1.704191
1.712881,0,0x01,0.0000,1.1111,1.705198
1.712881,1,0x02,0.0000,1.1111,1.706191
1.712881,2,0x03,0.0000,1.0556,1.700190
1.712881,3,0x04,0.0000,1.0556,1.704191
1.713942,0,0x01,0.0000,1.1111,1.705198
1.713942,1,0x02,0.0000,1.1111,1.706191
1.713942,2,0x03,0.0000,1.0556,1.700190
1.713942,3,0x04,0.0000,1.0556,1.704191
1.719720,0,0x01,0.0000,1.1111,1.705198
1.719720,1,0x02,0.0000,1.1111,1.706191
1.719720,2,0x03,0.0000,1.0556,1.700190
1.719720,3,0x04,0.0000,1.0556,1.704191
1.720790,0,0x01,0.0000,1.1111,1.705198
1.720790,1,0x02,0.0000,1.1111,1.706191
1.720790,2,0x03,0.0000,1.0556,1.700190
1.720790,3,0x04,0.0000,1.0556,1.704191
1.721852,0,0x01,0.0000,1.1111,1.705198
1.721852,1,0x02,0.0000,1.1111,1.706191
1.721852,2,0x03,0.0000,1.0556,1.700190
1.721852,3,0x04,0.0000,1.0556,1.704191
1.722915,0,0x01,0.0000,1.1111,1.705198
1.722915,1,0x02,0.0000,1.1111,1.706191
1.722915,2,0x03,0.0000,1.0556,1.700190
1.722915,3,0x04,0.0000,1.0556,1.704191
1.723979,0,0x01,0.0000,1.1111,1.705198
1.723979,1,0x02,0.0000,1.1111,1.706191
1.723979,2,0x03,0.0000,1.0556,1.700190
1.723979,3,0x04,0.0000,1.0556,1.704191
1.731717,0,0x01,0.0000,1.1111,1.705198
1.731717,1,0x02,0.0000,1.1111,1.706191
1.731717,2,0x03,0.0000,1.0556,1.700190
1.731717,3,0x04,0.0000,1.0556,1.704191
1.732784,0,0x01,0.0000,1.1111,1.705198
1.732784,1,0x02,0.0000,1.1111,1.706191
1.732784,2,0x03,0.0000,1.0556,1.700190
1.732784,3,0x04,0.0000,1.0556,1.704191
1.733852,0,0x01,0.0000,1.1111,1.705198
1.733852,1,0x02,0.0000,1.1111,1.706191
1.733852,2,0x03,0.0000,1.0556,1.700190
1.733852,3,0x04,0.0000,1.0556,1.704191
1.740724,0,0x01,0.0000,1.1111,1.705198
1.740724,1,0x02,0.0000,1.1111,1.706191
1.740724,2,0x03,0.0000,1.0556,1.700190
1.740724,3,0x04,0.0000,1.0556,1.704191
1.741799,0,0x01,0.0000,1.1111,1.705198
1.741799,1,0x02,0.0000,1.1111,1.706191
1.741799,2,0x03,0.0000,1.0556,1.700190
1.741799,3,0x04,0.0000,1.0556,1.704191
1.742872,0,0x01,0.0000,1.1111,1.705198
1.742872,1,0x02,0.0000,1.1111,1.706191
1.742872,2,0x03,0.0000,1.0556,1.700190
1.742872,3,0x04,0.0000,1.0556,1.704191
1.743975,0,0x01,0.0000,1.1111,1.705198
1.743975,1,0x02,0.0000,1.1111,1.706191
1.743975,2,0x03,0.0000,1.0556,1.700190
1.743975,3,0x04,0.0000,1.0556,1.704191
1.749731,0,0x01,0.0000,1.1111,1.705198
1.749731,1,0x02,0.0000,1.1111,1.706191
1.749731,2,0x03,0.0000,1.0556,1.700190
1.749731,3,0x04,0.0000,1.0556,1.704191
1.750799,0,0x01,0.0000,1.1111,1.705198
1.750799,1,0x02,0.0000,1.1111,1.706191
1.750799,2,0x03,0.0000,1.0556,1.700190
1.750799,3,0x04,0.0000,1.0556,1.704191
1.751868,0,0x01,0.0000,1.1111,1.705198
1.751868,1,0x02,0.0000,1.1111,1.706191
1.751868,2,0x03,0.0000,1.0556,1.700190
1.751868,3,0x04,0.0000,1.0556,1.704191
1.752978,0,0x01,0.0000,1.1111,1.705198
1.752978,1,0x02,0.0000,1.1111,1.706191
1.752978,2,0x03,0.0000,1.0556,1.700190
1.752978,3,0x04,0.0000,0.6667,1.752207
1.754052,0,0x01,0.0000,1.1111,1.705198
1.754052,1,0x02,0.0000,1.1111,1.706191
1.754052,2,0x03,0.0000,1.0556,1.700190
1.754052,3,0x04,0.0000,0.6667,1.752207
1.761773,0,0x01,0.0000,-1.0000,1.759206
1.761773,1,0x02,0.0000,-1.0556,1.754195
1.761773,2,0x03,0.0000,-0.8889,1.760204
1.761773,3,0x04,0.0000,-1.0556,1.758206
1.762844,0,0x01,0.0000,-1.0000,1.759206
1.762844,1,0x02,0.0000,-1.0556,1.754195
1.762844,2,0x03,0.0000,-0.8889,1.760204
1.762844,3,0x04,0.0000,-1.0000,1.762206
1.763914,0,0x01,0.0000,-1.0000,1.759206
1.763914,1,0x02,0.0000,-1.0556,1.763177
1.763914,2,0x03,0.0000,-0.8889,1.760204
1.763914,3,0x04,0.0000,-1.0000,1.762206
1.774740,0,0x01,0.0000,-1.0000,1.759206
1.774740,1,0x02,0.0000,-1.0556,1.766200
1.774740,2,0x03,0.0000,-0.8333,1.765203
1.774740,3,0x04,0.0000,-1.0000,1.762206
1.780728,0,0x01,0.0000,-1.1667,1.779211
1.780728,1,0x02,0.0000,-1.2222,1.780199
1.780728,2,0x03,0.0000,-0.8333,1.765203
1.780728,3,0x04,0.0000,-1.0556,1.777220
1.781799,0,0x01,0.0000,-1.1667,1.779211
1.781799,1,0x02,0.0000,-1.2222,1.780199
1.781799,2,0x03,0.0000,-1.3333,1.781200
1.781799,3,0x04,0.0000,-1.0556,1.777220
1.782870,0,0x01,0.0000,-1.1667,1.779211
1.782870,1,0x02,0.0000,-1.2222,1.780199
1.782870,2,0x03,0.0000,-1.3333,1.781200
1.782870,3,0x04,0.0000,-1.0556,1.777220
1.783963,0,0x01,0.0000,-1.1667,1.779211
1.783963,1,0x02,0.0000,-1.2222,1.780199
1.783963,2,0x03,0.0000,-1.3333,1.781200
1.783963,3,0x04,0.0000,-1.1667,1.783188
1.789777,0,0x01,0.0000,-1.0556,1.786242
1.789777,1,0x02,0.0000,-1.1111,1.788202
1.789777,2,0x03,0.0000,-1.3333,1.781200
1.789777,3,0x04,0.0000,-1.1667,1.783188
1.790863,0,0x01,0.0000,-1.0556,1.786242
1.790863,1,0x02,0.0000,-1.1111,1.788202
1.790863,2,0x03,0.0000,-1.3333,1.781200
1.790863,3,0x04,0.0000,-1.1667,1.783188
1.791971,0,0x01,0.0000,-1.0556,1.786242
1.791971,1,0x02,0.0000,-1.1111,1.788202
1.791971,2,0x03,0.0000,-1.0000,1.791178
1.791971,3,0x04,0.0000,-1.1667,1.783188
1.793045,0,0x01,0.0000,-1.0556,1.786242
1.793045,1,0x02,0.0000,-1.1111,1.788202
1.793045,2,0x03,0.0000,-1.0000,1.791178
1.793045,3,0x04,0.0000,-1.1667,1.783188
1.794134,0,0x01,0.0000,-1.0556,1.786242
1.794134,1,0x02,0.0000,-1.1111,1.788202
1.794134,2,0x03,0.0000,-1.0000,1.791178
1.794134,3,0x04,0.0000,-1.1667,1.783188
1.801831,0,0x01,0.0000,-1.0556,1.798219
1.801831,1,0x02,0.0000,-1.1111,1.801208
1.801831,2,0x03,0.0000,-1.0000,1.791178
1.801831,3,0x04,0.0000,-1.1111,1.795198
1.802911,0,0x01,0.0000,-1.0556,1.798219
1.802911,1,0x02,0.0000,-1.1111,1.801208
1.802911,2,0x03,0.0000,-1.0000,1.791178
1.802911,3,0x04,0.0000,-1.1111,1.795198
1.803985,0,0x01,0.0000,-1.0556,1.798219
1.803985,1,0x02,0.0000,-1.1111,1.801208
1.803985,2,0x03,0.0000,-1.0000,1.791178
1.803985,3,0x04,0.0000,-1.1111,1.795198
1.810827,0,0x01,0.0000,-1.1111,1.810242
1.810827,1,0x02,0.0000,-1.1111,1.801208
1.810827,2,0x03,0.0000,-1.0556,1.804186
1.810827,3,0x04,0.0000,-1.0556,1.806202
1.811908,0,0x01,0.0000,-1.1111,1.810242
1.811908,1,0x02,0.0000,-1.1111,1.801208
1.811908,2,0x03,0.0000,-1.0556,1.804186
1.811908,3,0x04,0.0000,-1.0556,1.806202
1.812978,0,0x01,0.0000,-1.1111,1.810242
1.812978,1,0x02,0.0000,-1.1111,1.801208
1.812978,2,0x03,0.0000,-1.0556,1.804186
1.812978,3,0x04,0.0000,-1.0556,1.806202
1.814048,0,0x01,0.0000,-1.1111,1.810242
1.814048,1,0x02,0.0000,-1.1111,1.801208
1.814048,2,0x03,0.0000,-1.0556,1.804186
1.814048,3,0x04,0.0000,-1.0556,1.806202
1.821733,0,0x01,0.0000,-1.1111,1.810242
1.821733,1,0x02,0.0000,-1.1111,1.801208
1.821733,2,0x03,0.0000,-1.0556,1.804186
1.821733,3,0x04,0.0000,-1.0556,1.806202
1.822819,0,0x01,0.0000,-1.1111,1.810242
1.822819,1,0x02,0.0000,-1.1111,1.801208
1.822819,2,0x03,0.0000,-1.0556,1.804186
1.822819,3,0x04,0.0000,-1.0556,1.806202
1.823897,0,0x01,0.0000,-1.1111,1.810242
1.823897,1,0x02,0.0000,-1.1111,1.801208
1.823897,2,0x03,0.0000,-1.0556,1.804186
1.823897,3,0x04,0.0000,-1.0556,1.806202
1.830710,0,0x01,0.0000,-1.1111,1.810242
1.830710,1,0x02,0.0000,-1.1111,1.801208
1.830710,2,0x03,0.0000,-1.0556,1.804186
1.830710,3,0x04,0.0000,-1.0556,1.806202
1.831782,0,0x01,0.0000,-1.1111,1.810242
1.831782,1,0x02,0.0000,-1.1111,1.801208
1.831782,2,0x03,0.0000,-1.0556,1.804186
1.831782,3,0x04,0.0000,-1.0556,1.806202
1.832860,0,0x01,0.0000,-1.1111,1.810242
1.832860,1,0x02,0.0000,-1.1111,1.801208
1.832860,2,0x03,0.0000,-1.0556,1.804186
1.832860,3,0x04,0.0000,-1.0556,1.806202
1.833938,0,0x01,0.0000,-1.1111,1.810242
1.833938,1,0x02,0.0000,-1.1111,1.801208
1.833938,2,0x03,0.0000,-1.0556,1.804186
1.833938,3,0x04,0.0000,-1.0556,1.806202
1.839724,0,0x01,0.0000,-1.1111,1.810242
1.839724,1,0x02,0.0000,-1.1111,1.801208
1.839724,2,0x03,0.0000,-1.0556,1.804186
1.839724,3,0x04,0.0000,-1.0556,1.806202
1.840797,0,0x01,0.0000,-1.1111,1.810242
1.840797,1,0x02,0.0000,-1.1111,1.801208
1.840797,2,0x03,0.0000,-1.0556,1.804186
1.840797,3,0x04,0.0000,-1.0556,1.806202
1.841867,0,0x01,0.0000,-1.1111,1.810242
1.841867,1,0x02,0.0000,-1.1111,1.801208
1.841867,2,0x03,0.0000,-1.0556,1.804186
1.841867,3,0x04,0.0000,-1.0556,1.806202
1.842946,0,0x01,0.0000,-1.1111,1.810242
1.842946,1,0x02,0.0000,-1.1111,1.801208
1.842946,2,0x03,0.0000,-1.0556,1.804186
1.842946,3,0x04,0.0000,-1.0556,1.806202
1.844042,0,0x01,0.0000,-1.1111,1.810242
1.844042,1,0x02,0.0000,-1.1111,1.801208
1.844042,2,0x03,0.0000,-1.0556,1.804186
1.844042,3,0x04,0.0000,-1.0556,1.806202
1.852079,0,0x01,0.0000,-1.0556,1.850250
1.852079,1,0x02,0.0000,-1.1111,1.851218
1.852079,2,0x03,0.0000,-1.1667,1.848241
1.852079,3,0x04,0.0000,-1.1111,1.849263
1.853181,0,0x01,0.0000,-1.0556,1.850250
1.853181,1,0x02,0.0000,-1.1111,1.851218
1.853181,2,0x03,0.0000,-1.1667,1.848241
1.853181,3,0x04,0.0000,-1.1111,1.852212
1.854260,0,0x01,0.0000,-1.0556,1.853205
1.854260,1,0x02,0.0000,-1.1111,1.851218
1.854260,2,0x03,0.0000,-1.1667,1.848241
1.854260,3,0x04,0.0000,-1.1111,1.852212
1.860770,0,0x01,0.0000,-1.0556,1.856197
1.860770,1,0x02,0.0000,-1.1111,1.851218
1.860770,2,0x03,0.0000,-1.1111,1.857188
1.860770,3,0x04,0.0000,-1.1111,1.858202
1.861836,0,0x01,0.0000,-1.0556,1.856197
1.861836,1,0x02,0.0000,-1.1111,1.851218
1.861836,2,0x03,0.0000,-1.1111,1.857188
1.861836,3,0x04,0.0000,-1.1111,1.858202
1.862901,0,0x01,0.0000,-1.0556,1.856197
1.862901,1,0x02,0.0000,-1.1111,1.851218
1.862901,2,0x03,0.0000,-1.1111,1.857188
1.862901,3,0x04,0.0000,-1.1111,1.858202
1.863972,0,0x01,0.0000,-1.0556,1.856197
1.863972,1,0x02,0.0000,-1.1111,1.851218
1.863972,2,0x03,0.0000,-1.1111,1.857188
1.863972,3,0x04,0.0000,-1.1111,1.858202
1.869726,0,0x01,0.0000,-1.0556,1.856197
1.869726,1,0x02,0.0000,-1.1111,1.851218
1.869726,2,0x03,0.0000,-1.1111,1.857188
1.869726,3,0x04,0.0000,-1.1111,1.858202
1.870801,0,0x01,0.0000,-1.0556,1.856197
1.870801,1,0x02,0.0000,-1.1111,1.851218
1.870801,2,0x03,0.0000,-1.1111,1.857188
1.870801,3,0x04,0.0000,-1.1111,1.858202
1.871873,0,0x01,0.0000,-1.0556,1.856197
1.871873,1,0x02,0.0000,-1.1111,1.851218
1.871873,2,0x03,0.0000,-1.1111,1.857188
1.871873,3,0x04,0.0000,-1.1111,1.858202
1.872964,0,0x01,0.0000,-1.0556,1.856197
1.872964,1,0x02,0.0000,-1.1111,1.851218
1.872964,2,0x03,0.0000,-1.1111,1.857188
1.872964,3,0x04,0.0000,-1.1111,1.858202
1.874038,0,0x01,0.0000,-1.0556,1.856197
1.874038,1,0x02,0.0000,-1.1111,1.851218
1.874038,2,0x03,0.0000,-1.1111,1.857188
1.874038,3,0x04,0.0000,-1.1111,1.858202
1.881706,0,0x01,0.0000,-1.0556,1.856197
1.881706,1,0x02,0.0000,-1.1111,1.851218
1.881706,2,0x03,0.0000,-1.1111,1.857188
1.881706,3,0x04,0.0000,-1.1111,1.858202
1.882776,0,0x01,0.0000,-1.0556,1.856197
1.882776,1,0x02,0.0000,-1.1111,1.851218
1.882776,2,0x03,0.0000,-1.1111,1.857188
1.882776,3,0x04,0.0000,-1.1111,1.858202
1.883844,0,0x01,0.0000,-1.0556,1.856197
1.883844,1,0x02,0.0000,-1.1111,1.851218
1.883844,2,0x03,0.0000,-1.1111,1.857188
1.883844,3,0x04,0.0000,-1.1111,1.858202
1.890701,0,0x01,0.0000,-1.0556,1.856197
1.890701,1,0x02,0.0000,-1.1111,1.851218
1.890701,2,0x03,0.0000,-1.1111,1.857188
1.890701,3,0x04,0.0000,-1.1111,1.858202
1.891769,0,0x01,0.0000,-1.0556,1.856197
1.891769,1,0x02,0.0000,-1.1111,1.851218
1.891769,2,0x03,0.0000,-1.1111,1.857188
1.891769,3,0x04,0.0000,-1.1111,1.858202
1.892842,0,0x01,0.0000,-1.0556,1.856197
1.892842,1,0x02,0.0000,-1.1111,1.851218
1.892842,2,0x03,0.0000,-1.1111,1.857188
1.892842,3,0x04,0.0000,-1.1111,1.858202
1.893923,0,0x01,0.0000,-1.0556,1.856197
1.893923,1,0x02,0.0000,-1.1111,1.851218
1.893923,2,0x03,0.0000,-1.1111,1.857188
1.893923,3,0x04,0.0000,-1.1111,1.858202
1.899786,0,0x01,0.0000,-1.0556,1.897195
1.899786,1,0x02,0.0000,-1.0556,1.898191
1.899786,2,0x03,0.0000,-1.1111,1.896201
1.899786,3,0x04,0.0000,-1.1111,1.899218
1.900873,0,0x01,0.0000,-1.0556,1.900202
1.900873,1,0x02,0.0000,-1.0556,1.898191
1.900873,2,0x03,0.0000,-1.1111,1.896201
1.900873,3,0x04,0.0000,-1.1111,1.899218
1.901949,0,0x01,0.0000,-1.0556,1.900202
1.901949,1,0x02,0.0000,-1.1111,1.901170
1.901949,2,0x03,0.0000,-1.1111,1.896201
1.901949,3,0x04,0.0000,-1.1111,1.899218
1.903034,0,0x01,0.0000,-1.0556,1.900202
1.903034,1,0x02,0.0000,-1.1111,1.901170
1.903034,2,0x03,0.0000,-1.1111,1.902173
1.903034,3,0x04,0.0000,-1.1111,1.899218
1.904123,0,0x01,0.0000,-1.0556,1.900202
1.904123,1,0x02,0.0000,-1.1111,1.901170
1.904123,2,0x03,0.0000,-1.1111,1.902173
1.904123,3,0x04,0.0000,-1.1111,1.903180
1.913742,0,0x01,0.0000,-1.0556,1.904183
1.913742,1,0x02,0.0000,-1.1111,1.901170
1.913742,2,0x03,0.0000,-1.1667,1.905170
1.913742,3,0x04,0.0000,-1.1111,1.903180
1.919791,0,0x01,0.0000,-1.0556,1.916229
1.919791,1,0x02,0.0000,-1.0556,1.917202
1.919791,2,0x03,0.0000,-1.1111,1.918200
1.919791,3,0x04,0.0000,-1.0556,1.919214
1.920881,0,0x01,0.0000,-1.0556,1.920193
1.920881,1,0x02,0.0000,-1.0556,1.917202
1.920881,2,0x03,0.0000,-1.1111,1.918200
1.920881,3,0x04,0.0000,-1.0556,1.919214
1.921954,0,0x01,0.0000,-1.0556,1.920193
1.921954,1,0x02,0.0000,-1.0556,1.917202
1.921954,2,0x03,0.0000,-1.1111,1.918200
1.921954,3,0x04,0.0000,-1.0556,1.919214
1.923025,0,0x01,0.0000,-1.0556,1.920193
1.923025,1,0x02,0.0000,-1.0556,1.917202
1.923025,2,0x03,0.0000,-1.1111,1.918200
1.923025,3,0x04,0.0000,-1.0556,1.919214
1.924097,0,0x01,0.0000,-1.0556,1.920193
1.924097,1,0x02,0.0000,-1.0556,1.917202
1.924097,2,0x03,0.0000,-1.1111,1.918200
1.924097,3,0x04,0.0000,-1.0556,1.919214
1.931709,0,0x01,0.0000,-1.0556,1.920193
1.931709,1,0x02,0.0000,-1.0556,1.917202
1.931709,2,0x03,0.0000,-1.1111,1.918200
1.931709,3,0x04,0.0000,-1.0556,1.919214
1.932781,0,0x01,0.0000,-1.0556,1.920193
1.932781,1,0x02,0.0000,-1.0556,1.917202
1.932781,2,0x03,0.0000,-1.1111,1.918200
1.932781,3,0x04,0.0000,-1.0556,1.919214
1.933861,0,0x01,0.0000,-1.0556,1.920193
1.933861,1,0x02,0.0000,-1.0556,1.917202
1.933861,2,0x03,0.0000,-1.1111,1.918200
1.933861,3,0x04,0.0000,-1.0556,1.919214
1.940720,0,0x01,0.0000,-1.0556,1.920193
1.940720,1,0x02,0.0000,-1.0556,1.917202
1.940720,2,0x03,0.0000,-1.1111,1.918200
1.940720,3,0x04,0.0000,-1.0556,1.919214
1.941796,0,0x01,0.0000,-1.0556,1.920193
1.941796,1,0x02,0.0000,-1.0556,1.917202
1.941796,2,0x03,0.0000,-1.1111,1.918200
1.941796,3,0x04,0.0000,-1.0556,1.919214
1.942869,0,0x01,0.0000,-1.0556,1.920193
1.942869,1,0x02,0.0000,-1.0556,1.917202
1.942869,2,0x03,0.0000,-1.1111,1.918200
1.942869,3,0x04,0.0000,-1.0556,1.919214
1.943947,0,0x01,0.0000,-1.0556,1.920193
1.943947,1,0x02,0.0000,-1.0556,1.917202
1.943947,2,0x03,0.0000,-1.1111,1.918200
1.943947,3,0x04,0.0000,-1.0556,1.919214
1.949715,0,0x01,0.0000,-1.0556,1.920193
1.949715,1,0x02,0.0000,-1.0556,1.917202
1.949715,2,0x03,0.0000,-1.1111,1.918200
1.949715,3,0x04,0.0000,-1.0556,1.919214
1.950790,0,0x01,0.0000,-1.0556,1.920193
1.950790,1,0x02,0.0000,-1.0556,1.917202
1.950790,2,0x03,0.0000,-1.1111,1.918200
1.950790,3,0x04,0.0000,-1.0556,1.919214
1.951863,0,0x01,0.0000,-1.0556,1.920193
1.951863,1,0x02,0.0000,-1.0556,1.917202
1.951863,2,0x03,0.0000,-1.1111,1.918200
1.951863,3,0x04,0.0000,-1.0556,1.919214
1.952938,0,0x01,0.0000,-1.0556,1.920193
1.952938,1,0x02,0.0000,-1.0556,1.917202
1.952938,2,0x03,0.0000,-1.1111,1.918200
1.952938,3,0x04,0.0000,-1.0556,1.919214
1.954007,0,0x01,0.0000,-1.0556,1.920193
1.954007,1,0x02,0.0000,-1.0556,1.917202
1.954007,2,0x03,0.0000,-1.1111,1.918200
1.954007,3,0x04,0.0000,-1.0556,1.919214
1.961831,0,0x01,0.0000,-1.0556,1.961349
1.961831,1,0x02,0.0000,-1.1111,1.959256
1.961831,2,0x03,0.0000,-1.1111,1.960238
1.961831,3,0x04,0.0000,-1.0556,1.919214
1.962924,0,0x01,0.0000,-1.0556,1.961349
1.962924,1,0x02,0.0000,-1.1111,1.962231
1.962924,2,0x03,0.0000,-1.1111,1.960238
1.962924,3,0x04,0.0000,-1.0556,1.919214
1.964013,0,0x01,0.0000,-1.0556,1.961349
1.964013,1,0x02,0.0000,-1.1111,1.962231
1.964013,2,0x03,0.0000,-1.1111,1.960238
1.964013,3,0x04,0.0000,-1.1111,1.963267
1.974750,0,0x01,0.0000,-1.0556,1.964257
1.974750,1,0x02,0.0000,-1.1111,1.965221
1.974750,2,0x03,0.0000,-1.1111,1.960238
1.974750,3,0x04,0.0000,-1.1111,1.966199
1.982737,0,0x01,0.0000,-1.0556,1.964257
1.982737,1,0x02,0.0000,-1.1111,1.965221
1.982737,2,0x03,0.0000,-1.1111,1.960238
1.982737,3,0x04,0.0000,-1.1111,1.966199
1.983820,0,0x01,0.0000,-1.0556,1.964257
1.983820,1,0x02,0.0000,-1.1111,1.965221
1.983820,2,0x03,0.0000,-1.1111,1.960238
1.983820,3,0x04,0.0000,-1.1111,1.966199
1.990723,0,0x01,0.0000,-1.0556,1.964257
1.990723,1,0x02,0.0000,-1.1111,1.965221
1.990723,2,0x03,0.0000,-1.1111,1.960238
1.990723,3,0x04,0.0000,-1.1111,1.966199
1.991810,0,0x01,0.0000,-1.0556,1.964257
1.991810,1,0x02,0.0000,-1.1111,1.965221
1.991810,2,0x03,0.0000,-1.1111,1.960238
1.991810,3,0x04,0.0000,-1.1111,1.966199
1.992873,0,0x01,0.0000,-1.0556,1.964257
1.992873,1,0x02,0.0000,-1.1111,1.965221
1.992873,2,0x03,0.0000,-1.1111,1.960238
1.992873,3,0x04,0.0000,-1.1111,1.966199
1.993934,0,0x01,0.0000,-1.0556,1.964257
1.993934,1,0x02,0.0000,-1.1111,1.965221
1.993934,2,0x03,0.0000,-1.1111,1.960238
1.993934,3,0x04,0.0000,-1.1111,1.966199
1.999709,0,0x01,0.0000,-1.0556,1.964257
1.999709,1,0x02,0.0000,-1.1111,1.965221
1.999709,2,0x03,0.0000,-1.1111,1.960238
1.999709,3,0x04,0.0000,-1.1111,1.966199
2.000771,0,0x01,0.0000,-1.0556,1.964257
2.000771,1,0x02,0.0000,-1.1111,1.965221
2.000771,2,0x03,0.0000,-1.1111,1.960238
2.000771,3,0x04,0.0000,-1.1111,1.966199
2.001851,0,0x01,0.0000,-1.0556,1.964257
2.001851,1,0x02,0.0000,-1.1111,1.965221
2.001851,2,0x03,0.0000,-1.1111,1.960238
2.001851,3,0x04,0.0000,-1.1111,1.966199
2.002927,0,0x01,0.0000,-1.0556,1.964257
2.002927,1,0x02,0.0000,-1.1111,1.965221
2.002927,2,0x03,0.0000,-1.1111,1.960238
2.002927,3,0x04,0.0000,-1.1111,1.966199
2.003998,0,0x01,0.0000,-1.0556,1.964257
2.003998,1,0x02,0.0000,-1.1111,1.965221
2.003998,2,0x03,0.0000,-1.1111,1.960238
2.003998,3,0x04,0.0000,-1.1111,1.966199
2.011709,0,0x01,0.0000,-1.0556,1.964257
2.011709,1,0x02,0.0000,-1.1111,1.965221
2.011709,2,0x03,0.0000,-1.1111,1.960238
2.011709,3,0x04,0.0000,-1.1111,1.966199
2.012803,0,0x01,0.0000,-1.0556,2.012206
2.012803,1,0x02,0.0000,-1.1111,1.965221
2.012803,2,0x03,0.0000,-1.1111,1.960238
2.012803,3,0x04,0.0000,-1.1111,1.966199
2.013870,0,0x01,0.0000,-1.0556,2.012206
2.013870,1,0x02,0.0000,-1.1111,1.965221
2.013870,2,0x03,0.0000,-1.1111,1.960238
2.013870,3,0x04,0.0000,-1.1111,1.966199
2.020869,0,0x01,0.0000,1.2222,2.019200
2.020869,1,0x02,0.0000,1.0000,2.020187
2.020869,2,0x03,0.0000,0.7778,2.017241
2.020869,3,0x04,0.0000,1.1667,2.018255
2.021951,0,0x01,0.0000,1.2222,2.019200
2.021951,1,0x02,0.0000,1.0000,2.020187
2.021951,2,0x03,0.0000,0.7778,2.017241
2.021951,3,0x04,0.0000,1.1667,2.021196
2.023022,0,0x01,0.0000,1.2222,2.019200
2.023022,1,0x02,0.0000,1.0000,2.020187
2.023022,2,0x03,0.0000,0.7778,2.017241
2.023022,3,0x04,0.0000,1.1667,2.021196
2.024115,0,0x01,0.0000,1.2222,2.023178
2.024115,1,0x02,0.0000,1.0000,2.020187
2.024115,2,0x03,0.0000,0.7778,2.017241
2.024115,3,0x04,0.0000,1.1667,2.021196
2.031833,0,0x01,0.0000,1.2222,2.025180
2.031833,1,0x02,0.0000,1.1111,2.026166
2.031833,2,0x03,0.0000,1.3333,2.027204
2.031833,3,0x04,0.0000,1.1667,2.024186
2.032920,0,0x01,0.0000,1.2222,2.025180
2.032920,1,0x02,0.0000,1.1111,2.026166
2.032920,2,0x03,0.0000,1.3333,2.027204
2.032920,3,0x04,0.0000,1.1667,2.024186
2.033992,0,0x01,0.0000,1.2222,2.025180
2.033992,1,0x02,0.0000,1.1111,2.026166
2.033992,2,0x03,0.0000,1.3333,2.027204
2.033992,3,0x04,0.0000,1.1667,2.024186
2.041715,0,0x01,0.0000,1.2222,2.025180
2.041715,1,0x02,0.0000,1.1111,2.026166
2.041715,2,0x03,0.0000,1.3333,2.027204
2.041715,3,0x04,0.0000,1.1667,2.024186
2.042789,0,0x01,0.0000,1.2222,2.025180
2.042789,1,0x02,0.0000,1.1111,2.026166
2.042789,2,0x03,0.0000,1.3333,2.027204
2.042789,3,0x04,0.0000,1.1667,2.024186
2.043859,0,0x01,0.0000,1.2222,2.025180
2.043859,1,0x02,0.0000,1.1111,2.026166
2.043859,2,0x03,0.0000,1.3333,2.027204
2.043859,3,0x04,0.0000,1.1667,2.024186
2.050725,0,0x01,0.0000,1.2222,2.025180
2.050725,1,0x02,0.0000,1.1111,2.026166
2.050725,2,0x03,0.0000,1.3333,2.027204
2.050725,3,0x04,0.0000,1.1667,2.024186
2.051800,0,0x01,0.0000,1.2222,2.025180
2.051800,1,0x02,0.0000,1.1111,2.026166
2.051800,2,0x03,0.0000,1.3333,2.027204
2.051800,3,0x04,0.0000,1.1667,2.024186
2.052870,0,0x01,0.0000,1.2222,2.025180
2.052870,1,0x02,0.0000,1.1111,2.026166
2.052870,2,0x03,0.0000,1.3333,2.027204
2.052870,3,0x04,0.0000,1.1667,2.024186
2.053942,0,0x01,0.0000,1.2222,2.025180
2.053942,1,0x02,0.0000,1.1111,2.026166
2.053942,2,0x03,0.0000,1.3333,2.027204
2.053942,3,0x04,0.0000,1.1667,2.024186
2.059707,0,0x01,0.0000,1.2222,2.025180
2.059707,1,0x02,0.0000,1.1111,2.026166
2.059707,2,0x03,0.0000,1.3333,2.027204
2.059707,3,0x04,0.0000,1.1667,2.024186
2.060774,0,0x01,0.0000,1.2222,2.025180
2.060774,1,0x02,0.0000,1.1111,2.026166
2.060774,2,0x03,0.0000,1.3333,2.027204
2.060774,3,0x04,0.0000,1.1667,2.024186
2.061842,0,0x01,0.0000,1.2222,2.025180
2.061842,1,0x02,0.0000,1.1111,2.026166
2.061842,2,0x03,0.0000,1.3333,2.027204
2.061842,3,0x04,0.0000,1.1667,2.024186
2.062913,0,0x01,0.0000,1.2222,2.025180
2.062913,1,0x02,0.0000,1.1111,2.026166
2.062913,2,0x03,0.0000,1.3333,2.027204
2.062913,3,0x04,0.0000,1.1667,2.024186
2.063994,0,0x01,0.0000,1.2222,2.025180
2.063994,1,0x02,0.0000,1.1111,2.026166
2.063994,2,0x03,0.0000,1.3333,2.027204
2.063994,3,0x04,0.0000,1.1667,2.024186
2.071714,0,0x01,0.0000,1.2222,2.025180
2.071714,1,0x02,0.0000,1.1111,2.026166
2.071714,2,0x03,0.0000,1.3333,2.027204
2.071714,3,0x04,0.0000,1.1667,2.024186
2.072822,0,0x01,0.0000,1.2222,2.072200
2.072822,1,0x02,0.0000,1.1111,2.026166
2.072822,2,0x03,0.0000,1.3333,2.027204
2.072822,3,0x04,0.0000,1.1667,2.024186
2.073914,0,0x01,0.0000,1.2222,2.072200
2.073914,1,0x02,0.0000,1.1111,2.073183
2.073914,2,0x03,0.0000,1.3333,2.027204
2.073914,3,0x04,0.0000,1.1667,2.024186
2.080928,0,0x01,0.0000,1.1111,2.079196
2.080928,1,0x02,0.0000,1.1111,2.080316
2.080928,2,0x03,0.0000,1.0556,2.074167
2.080928,3,0x04,0.0000,1.0556,2.078200
2.082036,0,0x01,0.0000,1.1111,2.079196
2.082036,1,0x02,0.0000,1.1111,2.080316
2.082036,2,0x03,0.0000,1.0556,2.081272
2.082036,3,0x04,0.0000,1.0556,2.078200
2.083100,0,0x01,0.0000,1.1111,2.079196
2.083100,1,0x02,0.0000,1.1111,2.080316
2.083100,2,0x03,0.0000,1.0556,2.081272
2.083100,3,0x04,0.0000,1.0556,2.078200
2.084216,0,0x01,0.0000,1.1111,2.079196
2.084216,1,0x02,0.0000,1.1111,2.080316
2.084216,2,0x03,0.0000,1.0556,2.081272
2.084216,3,0x04,0.0000,1.0556,2.083273
2.092833,0,0x01,0.0000,1.1111,2.085276
2.092833,1,0x02,0.0000,1.1111,2.080316
2.092833,2,0x03,0.0000,1.0556,2.087221
2.092833,3,0x04,0.0000,1.0556,2.084243
2.093897,0,0x01,0.0000,1.1111,2.085276
2.093897,1,0x02,0.0000,1.1111,2.080316
2.093897,2,0x03,0.0000,1.0556,2.087221
2.093897,3,0x04,0.0000,1.0556,2.084243
2.102732,0,0x01,0.0000,1.1111,2.085276
2.102732,1,0x02,0.0000,1.1111,2.080316
2.102732,2,0x03,0.0000,1.0556,2.087221
2.102732,3,0x04,0.0000,1.0556,2.084243
2.103806,0,0x01,0.0000,1.1111,2.085276
2.103806,1,0x02,0.0000,1.1111,2.080316
2.103806,2,0x03,0.0000,1.0556,2.087221
2.103806,3,0x04,0.0000,1.0556,2.084243
2.110717,0,0x01,0.0000,1.1111,2.085276
2.110717,1,0x02,0.0000,1.1111,2.080316
2.110717,2,0x03,0.0000,1.0556,2.087221
2.110717,3,0x04,0.0000,1.0556,2.084243
2.111786,0,0x01,0.0000,1.1111,2.085276
2.111786,1,0x02,0.0000,1.1111,2.080316
2.111786,2,0x03,0.0000,1.0556,2.087221
2.111786,3,0x04,0.0000,1.0556,2.084243
2.112865,0,0x01,0.0000,1.1111,2.085276
2.112865,1,0x02,0.0000,1.1111,2.080316
2.112865,2,0x03,0.0000,1.0556,2.087221
2.112865,3,0x04,0.0000,1.0556,2.084243
2.113951,0,0x01,0.0000,1.1111,2.085276
2.113951,1,0x02,0.0000,1.1111,2.080316
2.113951,2,0x03,0.0000,1.0556,2.087221
2.113951,3,0x04,0.0000,1.0556,2.084243
2.119730,0,0x01,0.0000,1.1111,2.085276
2.119730,1,0x02,0.0000,1.1111,2.080316
2.119730,2,0x03,0.0000,1.0556,2.087221
2.119730,3,0x04,0.0000,1.0556,2.084243
2.120797,0,0x01,0.0000,1.1111,2.085276
2.120797,1,0x02,0.0000,1.1111,2.080316
2.120797,2,0x03,0.0000,1.0556,2.087221
2.120797,3,0x04,0.0000,1.0556,2.084243
2.121857,0,0x01,0.0000,1.1111,2.085276
2.121857,1,0x02,0.0000,1.1111,2.080316
2.121857,2,0x03,0.0000,1.0556,2.087221
2.121857,3,0x04,0.0000,1.0556,2.084243
2.122925,0,0x01,0.0000,1.1111,2.085276
2.122925,1,0x02,0.0000,1.1111,2.080316
2.122925,2,0x03,0.0000,1.0556,2.087221
2.122925,3,0x04,0.0000,1.0556,2.084243
2.123990,0,0x01,0.0000,1.1111,2.085276
2.123990,1,0x02,0.0000,1.1111,2.080316
2.123990,2,0x03,0.0000,1.0556,2.087221
2.123990,3,0x04,0.0000,1.0556,2.084243
2.131712,0,0x01,0.0000,1.1111,2.085276
2.131712,1,0x02,0.0000,1.1111,2.080316
2.131712,2,0x03,0.0000,1.0556,2.087221
2.131712,3,0x04,0.0000,1.0556,2.084243
2.132787,0,0x01,0.0000,1.1111,2.085276
2.132787,1,0x02,0.0000,1.1111,2.080316
2.132787,2,0x03,0.0000,1.0556,2.087221
2.132787,3,0x04,0.0000,1.0556,2.084243
2.133891,0,0x01,0.0000,1.1111,2.085276
2.133891,1,0x02,0.0000,1.1111,2.080316
2.133891,2,0x03,0.0000,1.0556,2.087221
2.133891,3,0x04,0.0000,1.0556,2.133203
2.140771,0,0x01,0.0000,1.1111,2.140191
2.140771,1,0x02,0.0000,1.1111,2.138187
2.140771,2,0x03,0.0000,1.0556,2.135190
2.140771,3,0x04,0.0000,1.0556,2.139192
2.141859,0,0x01,0.0000,1.1111,2.140191
2.141859,1,0x02,0.0000,1.1111,2.141197
2.141859,2,0x03,0.0000,1.0556,2.135190
2.141859,3,0x04,0.0000,1.0556,2.139192
2.142947,0,0x01,0.0000,1.1111,2.140191
2.142947,1,0x02,0.0000,1.1111,2.141197
2.142947,2,0x03,0.0000,1.0556,2.135190
2.142947,3,0x04,0.0000,1.0556,2.142176
2.144037,0,0x01,0.0000,1.1111,2.143170
2.144037,1,0x02,0.0000,1.1111,2.141197
2.144037,2,0x03,0.0000,1.0556,2.135190
2.144037,3,0x04,0.0000,1.0556,2.142176
2.151795,0,0x01,0.0000,1.1111,2.149198
2.151795,1,0x02,0.0000,1.1111,2.147201
2.151795,2,0x03,0.0000,1.0000,2.148193
2.151795,3,0x04,0.0000,1.0556,2.145165
2.152862,0,0x01,0.0000,1.1111,2.149198
2.152862,1,0x02,0.0000,1.1111,2.147201
2.152862,2,0x03,0.0000,1.0000,2.148193
2.152862,3,0x04,0.0000,1.0556,2.145165
2.153928,0,0x01,0.0000,1.1111,2.149198
2.153928,1,0x02,0.0000,1.1111,2.147201
2.153928,2,0x03,0.0000,1.0000,2.148193
2.153928,3,0x04,0.0000,1.0556,2.145165
2.160716,0,0x01,0.0000,1.1111,2.149198
2.160716,1,0x02,0.0000,1.1111,2.147201
2.160716,2,0x03,0.0000,1.0000,2.148193
2.160716,3,0x04,0.0000,1.0556,2.145165
2.161788,0,0x01,0.0000,1.1111,2.149198
2.161788,1,0x02,0.0000,1.1111,2.147201
2.161788,2,0x03,0.0000,1.0000,2.148193
2.161788,3,0x04,0.0000,1.0556,2.145165
2.162854,0,0x01,0.0000,1.1111,2.149198
2.162854,1,0x02,0.0000,1.1111,2.147201
2.162854,2,0x03,0.0000,1.0000,2.148193
2.162854,3,0x04,0.0000,1.0556,2.145165
2.163969,0,0x01,0.0000,1.1111,2.149198
2.163969,1,0x02,0.0000,1.1111,2.147201
2.163969,2,0x03,0.0000,1.0000,2.148193
2.163969,3,0x04,0.0000,1.0556,2.145165
2.169716,0,0x01,0.0000,1.1111,2.149198
2.169716,1,0x02,0.0000,1.1111,2.147201
2.169716,2,0x03,0.0000,1.0000,2.148193
2.169716,3,0x04,0.0000,1.0556,2.145165
2.170782,0,0x01,0.0000,1.1111,2.149198
2.170782,1,0x02,0.0000,1.1111,2.147201
2.170782,2,0x03,0.0000,1.0000,2.148193
2.170782,3,0x04,0.0000,1.0556,2.145165
2.171850,0,0x01,0.0000,1.1111,2.149198
2.171850,1,0x02,0.0000,1.1111,2.147201
2.171850,2,0x03,0.0000,1.0000,2.148193
2.171850,3,0x04,0.0000,1.0556,2.145165
2.172923,0,0x01,0.0000,1.1111,2.149198
2.172923,1,0x02,0.0000,1.1111,2.147201
2.172923,2,0x03,0.0000,1.0000,2.148193
2.172923,3,0x04,0.0000,1.0556,2.145165
2.174003,0,0x01,0.0000,1.1111,2.149198
2.174003,1,0x02,0.0000,1.1111,2.147201
2.174003,2,0x03,0.0000,1.0000,2.148193
2.174003,3,0x04,0.0000,1.0556,2.145165
2.181710,0,0x01,0.0000,1.1111,2.149198
2.181710,1,0x02,0.0000,1.1111,2.147201
2.181710,2,0x03,0.0000,1.0000,2.148193
2.181710,3,0x04,0.0000,1.0556,2.145165
2.182786,0,0x01,0.0000,1.1111,2.149198
2.182786,1,0x02,0.0000,1.1111,2.147201
2.182786,2,0x03,0.0000,1.0000,2.148193
2.182786,3,0x04,0.0000,1.0556,2.145165
2.183848,0,0x01,0.0000,1.1111,2.149198
2.183848,1,0x02,0.0000,1.1111,2.147201
2.183848,2,0x03,0.0000,1.0000,2.148193
2.183848,3,0x04,0.0000,1.0556,2.145165
2.190786,0,0x01,0.0000,1.1111,2.149198
2.190786,1,0x02,0.0000,1.1111,2.189190
2.190786,2,0x03,0.0000,1.0000,2.190200
2.190786,3,0x04,0.0000,1.0556,2.187199
2.191859,0,0x01,0.0000,1.1111,2.191189
2.191859,1,0x02,0.0000,1.1111,2.189190
2.191859,2,0x03,0.0000,1.0000,2.190200
2.191859,3,0x04,0.0000,1.0556,2.187199
2.192944,0,0x01,0.0000,1.1111,2.191189
2.192944,1,0x02,0.0000,1.1111,2.192177
2.192944,2,0x03,0.0000,1.0000,2.190200
2.192944,3,0x04,0.0000,1.0556,2.187199
2.194032,0,0x01,0.0000,1.1111,2.191189
2.194032,1,0x02,0.0000,1.1111,2.192177
2.194032,2,0x03,0.0000,1.0000,2.190200
2.194032,3,0x04,0.0000,1.0556,2.193165
2.201757,0,0x01,0.0000,1.1111,2.197205
2.201757,1,0x02,0.0000,1.1111,2.195165
2.201757,2,0x03,0.0000,1.0000,2.190200
2.201757,3,0x04,0.0000,1.0556,2.196171
2.202827,0,0x01,0.0000,1.1111,2.197205
2.202827,1,0x02,0.0000,1.1111,2.195165
2.202827,2,0x03,0.0000,1.0000,2.190200
2.202827,3,0x04,0.0000,1.0556,2.196171
2.203890,0,0x01,0.0000,1.1111,2.197205
2.203890,1,0x02,0.0000,1.1111,2.195165
2.203890,2,0x03,0.0000,1.0000,2.190200
2.203890,3,0x04,0.0000,1.0556,2.196171
2.211720,0,0x01,0.0000,1.1111,2.197205
2.211720,1,0x02,0.0000,1.1111,2.195165
2.211720,2,0x03,0.0000,1.0000,2.190200
2.211720,3,0x04,0.0000,1.0556,2.196171
2.212793,0,0x01,0.0000,1.1111,2.197205
2.212793,1,0x02,0.0000,1.1111,2.195165
2.212793,2,0x03,0.0000,1.0000,2.190200
2.212793,3,0x04,0.0000,1.0556,2.196171
2.213865,0,0x01,0.0000,1.1111,2.197205
2.213865,1,0x02,0.0000,1.1111,2.195165
2.213865,2,0x03,0.0000,1.0000,2.190200
2.213865,3,0x04,0.0000,1.0556,2.196171
2.220801,0,0x01,0.0000,1.1111,2.197205
2.220801,1,0x02,0.0000,1.1111,2.195165
2.220801,2,0x03,0.0000,1.0000,2.190200
2.220801,3,0x04,0.0000,1.0556,2.196171
2.221888,0,0x01,0.0000,1.1111,2.197205
2.221888,1,0x02,0.0000,1.1111,2.195165
2.221888,2,0x03,0.0000,1.0000,2.190200
2.221888,3,0x04,0.0000,1.0556,2.196171
2.222966,0,0x01,0.0000,1.1111,2.197205
2.222966,1,0x02,0.0000,1.1111,2.195165
2.222966,2,0x03,0.0000,1.0000,2.190200
2.222966,3,0x04,0.0000,1.0556,2.196171
2.224056,0,0x01,0.0000,1.1111,2.197205
2.224056,1,0x02,0.0000,1.1111,2.195165
2.224056,2,0x03,0.0000,1.0000,2.190200
2.224056,3,0x04,0.0000,1.0556,2.196171
2.231731,0,0x01,0.0000,1.1111,2.197205
2.231731,1,0x02,0.0000,1.1111,2.195165
2.231731,2,0x03,0.0000,1.0000,2.190200
2.231731,3,0x04,0.0000,1.0556,2.196171
2.232806,0,0x01,0.0000,1.1111,2.197205
2.232806,1,0x02,0.0000,1.1111,2.195165
2.232806,2,0x03,0.0000,1.0000,2.190200
2.232806,3,0x04,0.0000,1.0556,2.196171
2.233912,0,0x01,0.0000,1.1111,2.197205
2.233912,1,0x02,0.0000,1.1111,2.233193
2.233912,2,0x03,0.0000,1.0000,2.190200
2.233912,3,0x04,0.0000,1.0556,2.196171
2.240783,0,0x01,0.0000,-0.6111,2.238196
2.240783,1,0x02,0.0000,1.1111,2.239196
2.240783,2,0x03,0.0000,0.9444,2.240204
2.240783,3,0x04,0.0000,1.0556,2.234178
2.241880,0,0x01,0.0000,-0.6111,2.238196
2.241880,1,0x02,0.0000,1.1111,2.239196
2.241880,2,0x03,0.0000,0.9444,2.240204
2.241880,3,0x04,0.0000,1.0556,2.241196
2.242985,0,0x01,0.0000,-0.9444,2.242179
2.242985,1,0x02,0.0000,1.1111,2.239196
2.242985,2,0x03,0.0000,0.9444,2.240204
2.242985,3,0x04,0.0000,1.0556,2.241196
2.244078,0,0x01,0.0000,-0.9444,2.242179
2.244078,1,0x02,0.0000,1.1111,2.243166
2.244078,2,0x03,0.0000,0.9444,2.240204
2.244078,3,0x04,0.0000,1.0556,2.241196
2.255757,0,0x01,0.0000,-1.0000,2.245218
2.255757,1,0x02,0.0000,1.1111,2.243166
2.255757,2,0x03,0.0000,0.7778,2.244183
2.255757,3,0x04,0.0000,1.0556,2.241196
2.261722,0,0x01,0.0000,-1.0000,2.245218
2.261722,1,0x02,0.0000,1.1111,2.243166
2.261722,2,0x03,0.0000,0.7778,2.244183
2.261722,3,0x04,0.0000,1.0556,2.241196
2.262804,0,0x01,0.0000,-1.0000,2.245218
2.262804,1,0x02,0.0000,1.1111,2.243166
2.262804,2,0x03,0.0000,0.7778,2.244183
2.262804,3,0x04,0.0000,1.0556,2.241196
2.263872,0,0x01,0.0000,-1.0000,2.245218
2.263872,1,0x02,0.0000,1.1111,2.243166
2.263872,2,0x03,0.0000,0.7778,2.244183
2.263872,3,0x04,0.0000,1.0556,2.241196
2.270734,0,0x01,0.0000,-1.0000,2.245218
2.270734,1,0x02,0.0000,1.1111,2.243166
2.270734,2,0x03,0.0000,0.7778,2.244183
2.270734,3,0x04,0.0000,1.0556,2.241196
2.271808,0,0x01,0.0000,-1.0000,2.245218
2.271808,1,0x02,0.0000,1.1111,2.243166
2.271808,2,0x03,0.0000,0.7778,2.244183
2.271808,3,0x04,0.0000,1.0556,2.241196
2.272871,0,0x01,0.0000,-1.0000,2.245218
2.272871,1,0x02,0.0000,1.1111,2.243166
2.272871,2,0x03,0.0000,0.7778,2.244183
2.272871,3,0x04,0.0000,1.0556,2.241196
2.273932,0,0x01,0.0000,-1.0000,2.245218
2.273932,1,0x02,0.0000,1.1111,2.243166
2.273932,2,0x03,0.0000,0.7778,2.244183
2.273932,3,0x04,0.0000,1.0556,2.241196
2.279717,0,0x01,0.0000,-1.0000,2.245218
2.279717,1,0x02,0.0000,1.1111,2.243166
2.279717,2,0x03,0.0000,0.7778,2.244183
2.279717,3,0x04,0.0000,1.0556,2.241196
2.280793,0,0x01,0.0000,-1.0000,2.245218
2.280793,1,0x02,0.0000,1.1111,2.243166
2.280793,2,0x03,0.0000,0.7778,2.244183
2.280793,3,0x04,0.0000,1.0556,2.241196
2.281875,0,0x01,0.0000,-1.0000,2.245218
2.281875,1,0x02,0.0000,1.1111,2.243166
2.281875,2,0x03,0.0000,0.7778,2.244183
2.281875,3,0x04,0.0000,1.0556,2.241196
2.282954,0,0x01,0.0000,-1.0000,2.245218
2.282954,1,0x02,0.0000,1.1111,2.243166
2.282954,2,0x03,0.0000,0.7778,2.244183
2.282954,3,0x04,0.0000,1.0556,2.241196
2.284043,0,0x01,0.0000,-1.0000,2.245218
2.284043,1,0x02,0.0000,1.1111,2.243166
2.284043,2,0x03,0.0000,0.7778,2.244183
2.284043,3,0x04,0.0000,1.0556,2.241196
2.291722,0,0x01,0.0000,-1.0000,2.245218
2.291722,1,0x02,0.0000,1.1111,2.243166
2.291722,2,0x03,0.0000,0.7778,2.244183
2.291722,3,0x04,0.0000,1.0556,2.241196
2.292847,0,0x01,0.0000,-1.0000,2.245218
2.292847,1,0x02,0.0000,1.1111,2.243166
2.292847,2,0x03,0.0000,0.7778,2.244183
2.292847,3,0x04,0.0000,-1.0000,2.292207
2.293948,0,0x01,0.0000,-1.0556,2.293181
2.293948,1,0x02,0.0000,1.1111,2.243166
2.293948,2,0x03,0.0000,0.7778,2.244183
2.293948,3,0x04,0.0000,-1.0000,2.292207
2.300893,0,0x01,0.0000,-1.1111,2.299216
2.300893,1,0x02,0.0000,-1.1111,2.300243
2.300893,2,0x03,0.0000,-1.0000,2.298210
2.300893,3,0x04,0.0000,-1.0000,2.292207
2.301996,0,0x01,0.0000,-1.1111,2.299216
2.301996,1,0x02,0.0000,-1.1111,2.300243
2.301996,2,0x03,0.0000,-1.2222,2.301197
2.301996,3,0x04,0.0000,-1.0000,2.292207
2.303104,0,0x01,0.0000,-1.0556,2.302191
2.303104,1,0x02,0.0000,-1.1111,2.300243
2.303104,2,0x03,0.0000,-1.2222,2.301197
2.303104,3,0x04,0.0000,-1.0000,2.292207
2.304200,0,0x01,0.0000,-1.0556,2.302191
2.304200,1,0x02,0.0000,-1.2222,2.303181
2.304200,2,0x03,0.0000,-1.2222,2.301197
2.304200,3,0x04,0.0000,-1.0000,2.292207
2.312761,0,0x01,0.0000,-1.0556,2.302191
2.312761,1,0x02,0.0000,-1.2222,2.303181
2.312761,2,0x03,0.0000,-1.3889,2.304222
2.312761,3,0x04,0.0000,-1.2222,2.305179
2.313826,0,0x01,0.0000,-1.0556,2.302191
2.313826,1,0x02,0.0000,-1.2222,2.303181
2.313826,2,0x03,0.0000,-1.3889,2.304222
2.313826,3,0x04,0.0000,-1.2222,2.305179
2.320729,0,0x01,0.0000,-1.0556,2.302191
2.320729,1,0x02,0.0000,-1.2222,2.303181
2.320729,2,0x03,0.0000,-1.3889,2.304222
2.320729,3,0x04,0.0000,-1.2222,2.305179
2.321796,0,0x01,0.0000,-1.0556,2.302191
2.321796,1,0x02,0.0000,-1.2222,2.303181
2.321796,2,0x03,0.0000,-1.3889,2.304222
2.321796,3,0x04,0.0000,-1.2222,2.305179
2.322863,0,0x01,0.0000,-1.0556,2.302191
2.322863,1,0x02,0.0000,-1.2222,2.303181
2.322863,2,0x03,0.0000,-1.3889,2.304222
2.322863,3,0x04,0.0000,-1.2222,2.305179
2.323929,0,0x01,0.0000,-1.0556,2.302191
2.323929,1,0x02,0.0000,-1.2222,2.303181
2.323929,2,0x03,0.0000,-1.3889,2.304222
2.323929,3,0x04,0.0000,-1.2222,2.305179
2.329715,0,0x01,0.0000,-1.0556,2.302191
2.329715,1,0x02,0.0000,-1.2222,2.303181
2.329715,2,0x03,0.0000,-1.3889,2.304222
2.329715,3,0x04,0.0000,-1.2222,2.305179
2.330785,0,0x01,0.0000,-1.0556,2.302191
2.330785,1,0x02,0.0000,-1.2222,2.303181
2.330785,2,0x03,0.0000,-1.3889,2.304222
2.330785,3,0x04,0.0000,-1.2222,2.305179
2.331853,0,0x01,0.0000,-1.0556,2.302191
2.331853,1,0x02,0.0000,-1.2222,2.303181
2.331853,2,0x03,0.0000,-1.3889,2.304222
2.331853,3,0x04,0.0000,-1.2222,2.305179
2.332930,0,0x01,0.0000,-1.0556,2.302191
2.332930,1,0x02,0.0000,-1.2222,2.303181
2.332930,2,0x03,0.0000,-1.3889,2.304222
2.332930,3,0x04,0.0000,-1.2222,2.305179
2.334012,0,0x01,0.0000,-1.0556,2.302191
2.334012,1,0x02,0.0000,-1.2222,2.303181
2.334012,2,0x03,0.0000,-1.3889,2.304222
2.334012,3,0x04,0.0000,-1.2222,2.305179
2.341705,0,0x01,0.0000,-1.0556,2.302191
2.341705,1,0x02,0.0000,-1.2222,2.303181
2.341705,2,0x03,0.0000,-1.3889,2.304222
2.341705,3,0x04,0.0000,-1.2222,2.305179
2.342780,0,0x01,0.0000,-1.0556,2.302191
2.342780,1,0x02,0.0000,-1.2222,2.303181
2.342780,2,0x03,0.0000,-1.3889,2.304222
2.342780,3,0x04,0.0000,-1.2222,2.305179
2.343854,0,0x01,0.0000,-1.0556,2.302191
2.343854,1,0x02,0.0000,-1.2222,2.303181
2.343854,2,0x03,0.0000,-1.3889,2.304222
2.343854,3,0x04,0.0000,-1.2222,2.305179
2.350722,0,0x01,0.0000,-1.0556,2.302191
2.350722,1,0x02,0.0000,-1.2222,2.303181
2.350722,2,0x03,0.0000,-1.3889,2.304222
2.350722,3,0x04,0.0000,-1.2222,2.305179
2.351832,0,0x01,0.0000,-1.0556,2.302191
2.351832,1,0x02,0.0000,-1.2222,2.303181
2.351832,2,0x03,0.0000,-1.1111,2.351209
2.351832,3,0x04,0.0000,-1.2222,2.305179
2.352930,0,0x01,0.0000,-1.0556,2.302191
2.352930,1,0x02,0.0000,-1.2222,2.303181
2.352930,2,0x03,0.0000,-1.1111,2.351209
2.352930,3,0x04,0.0000,-1.1111,2.352196
2.354032,0,0x01,0.0000,-1.0556,2.353169
2.354032,1,0x02,0.0000,-1.2222,2.303181
2.354032,2,0x03,0.0000,-1.1111,2.351209
2.354032,3,0x04,0.0000,-1.1111,2.352196
2.361778,0,0x01,0.0000,-1.0556,2.356182
2.361778,1,0x02,0.0000,-1.1111,2.360197
2.361778,2,0x03,0.0000,-1.1111,2.361197
2.361778,3,0x04,0.0000,-1.1111,2.352196
2.362865,0,0x01,0.0000,-1.0556,2.362187
2.362865,1,0x02,0.0000,-1.1111,2.360197
2.362865,2,0x03,0.0000,-1.1111,2.361197
2.362865,3,0x04,0.0000,-1.1111,2.352196
2.363940,0,0x01,0.0000,-1.0556,2.362187
2.363940,1,0x02,0.0000,-1.1111,2.363178
2.363940,2,0x03,0.0000,-1.1111,2.361197
2.363940,3,0x04,0.0000,-1.1111,2.352196
2.370784,0,0x01,0.0000,-1.0556,2.366203
2.370784,1,0x02,0.0000,-1.1111,2.363178
2.370784,2,0x03,0.0000,-1.1111,2.364174
2.370784,3,0x04,0.0000,-1.1111,2.365207
2.371858,0,0x01,0.0000,-1.0556,2.366203
2.371858,1,0x02,0.0000,-1.1111,2.363178
2.371858,2,0x03,0.0000,-1.1111,2.364174
2.371858,3,0x04,0.0000,-1.1111,2.365207
2.372922,0,0x01,0.0000,-1.0556,2.366203
2.372922,1,0x02,0.0000,-1.1111,2.363178
2.372922,2,0x03,0.0000,-1.1111,2.364174
2.372922,3,0x04,0.0000,-1.1111,2.365207
2.373983,0,0x01,0.0000,-1.0556,2.366203
2.373983,1,0x02,0.0000,-1.1111,2.363178
2.373983,2,0x03,0.0000,-1.1111,2.364174
2.373983,3,0x04,0.0000,-1.1111,2.365207
2.379735,0,0x01,0.0000,-1.0556,2.366203
2.379735,1,0x02,0.0000,-1.1111,2.363178
2.379735,2,0x03,0.0000,-1.1111,2.364174
2.379735,3,0x04,0.0000,-1.1111,2.365207
2.380807,0,0x01,0.0000,-1.0556,2.366203
2.380807,1,0x02,0.0000,-1.1111,2.363178
2.380807,2,0x03,0.0000,-1.1111,2.364174
2.380807,3,0x04,0.0000,-1.1111,2.365207
2.381877,0,0x01,0.0000,-1.0556,2.366203
2.381877,1,0x02,0.0000,-1.1111,2.363178
2.381877,2,0x03,0.0000,-1.1111,2.364174
2.381877,3,0x04,0.0000,-1.1111,2.365207
2.382955,0,0x01,0.0000,-1.0556,2.366203
2.382955,1,0x02,0.0000,-1.1111,2.363178
2.382955,2,0x03,0.0000,-1.1111,2.364174
2.382955,3,0x04,0.0000,-1.1111,2.365207
2.384053,0,0x01,0.0000,-1.0556,2.366203
2.384053,1,0x02,0.0000,-1.1111,2.363178
2.384053,2,0x03,0.0000,-1.1111,2.364174
2.384053,3,0x04,0.0000,-1.1111,2.365207
2.391721,0,0x01,0.0000,-1.0556,2.366203
2.391721,1,0x02,0.0000,-1.1111,2.363178
2.391721,2,0x03,0.0000,-1.1111,2.364174
2.391721,3,0x04,0.0000,-1.1111,2.365207
2.392800,0,0x01,0.0000,-1.0556,2.366203
2.392800,1,0x02,0.0000,-1.1111,2.363178
2.392800,2,0x03,0.0000,-1.1111,2.364174
2.392800,3,0x04,0.0000,-1.1111,2.365207
2.393895,0,0x01,0.0000,-1.0556,2.366203
2.393895,1,0x02,0.0000,-1.1111,2.363178
2.393895,2,0x03,0.0000,-1.1111,2.364174
2.393895,3,0x04,0.0000,-1.1111,2.365207
2.400718,0,0x01,0.0000,-1.0556,2.366203
2.400718,1,0x02,0.0000,-1.1111,2.363178
2.400718,2,0x03,0.0000,-1.1111,2.364174
2.400718,3,0x04,0.0000,-1.1111,2.365207
2.401784,0,0x01,0.0000,-1.0556,2.366203
2.401784,1,0x02,0.0000,-1.1111,2.363178
2.401784,2,0x03,0.0000,-1.1111,2.364174
2.401784,3,0x04,0.0000,-1.1111,2.365207
2.402846,0,0x01,0.0000,-1.0556,2.366203
2.402846,1,0x02,0.0000,-1.1111,2.363178
2.402846,2,0x03,0.0000,-1.1111,2.364174
2.402846,3,0x04,0.0000,-1.1111,2.365207
2.403914,0,0x01,0.0000,-1.0556,2.366203
2.403914,1,0x02,0.0000,-1.1111,2.363178
2.403914,2,0x03,0.0000,-1.1111,2.364174
2.403914,3,0x04,0.0000,-1.1111,2.365207
2.409704,0,0x01,0.0000,-1.0556,2.366203
2.409704,1,0x02,0.0000,-1.1111,2.363178
2.409704,2,0x03,0.0000,-1.1111,2.364174
2.409704,3,0x04,0.0000,-1.1111,2.365207
2.410773,0,0x01,0.0000,-1.0556,2.366203
2.410773,1,0x02,0.0000,-1.1111,2.363178
2.410773,2,0x03,0.0000,-1.1111,2.364174
2.410773,3,0x04,0.0000,-1.1111,2.365207
2.411844,0,0x01,0.0000,-1.0556,2.366203
2.411844,1,0x02,0.0000,-1.1111,2.363178
2.411844,2,0x03,0.0000,-1.1111,2.364174
2.411844,3,0x04,0.0000,-1.1111,2.365207
2.412916,0,0x01,0.0000,-1.0556,2.366203
2.412916,1,0x02,0.0000,-1.1111,2.363178
2.412916,2,0x03,0.0000,-1.1111,2.364174
2.412916,3,0x04,0.0000,-1.1111,2.365207
2.414033,0,0x01,0.0000,-1.0556,2.366203
2.414033,1,0x02,0.0000,-1.1111,2.363178
2.414033,2,0x03,0.0000,-1.1111,2.364174
2.414033,3,0x04,0.0000,-1.1111,2.413190
2.421785,0,0x01,0.0000,-1.1111,2.414184
2.421785,1,0x02,0.0000,-1.1111,2.421201
2.421785,2,0x03,0.0000,-1.1111,2.418204
2.421785,3,0x04,0.0000,-1.0556,2.420202
2.422858,0,0x01,0.0000,-1.1111,2.414184
2.422858,1,0x02,0.0000,-1.1111,2.421201
2.422858,2,0x03,0.0000,-1.1111,2.422187
2.422858,3,0x04,0.0000,-1.0556,2.420202
2.423945,0,0x01,0.0000,-1.0556,2.423178
2.423945,1,0x02,0.0000,-1.1111,2.421201
2.423945,2,0x03,0.0000,-1.1111,2.422187
2.423945,3,0x04,0.0000,-1.0556,2.420202
2.430830,0,0x01,0.0000,-1.0556,2.426221
2.430830,1,0x02,0.0000,-1.1111,2.427194
2.430830,2,0x03,0.0000,-1.1111,2.425185
2.430830,3,0x04,0.0000,-1.0556,2.420202
2.431897,0,0x01,0.0000,-1.0556,2.426221
2.431897,1,0x02,0.0000,-1.1111,2.427194
2.431897,2,0x03,0.0000,-1.1111,2.425185
2.431897,3,0x04,0.0000,-1.0556,2.420202
2.432971,0,0x01,0.0000,-1.0556,2.426221
2.432971,1,0x02,0.0000,-1.1111,2.427194
2.432971,2,0x03,0.0000,-1.1111,2.425185
2.432971,3,0x04,0.0000,-1.0556,2.420202
2.434074,0,0x01,0.0000,-1.0556,2.426221
2.434074,1,0x02,0.0000,-1.1111,2.427194
2.434074,2,0x03,0.0000,-1.1111,2.425185
2.434074,3,0x04,0.0000,-1.0556,2.420202
2.441734,0,0x01,0.0000,-1.0556,2.426221
2.441734,1,0x02,0.0000,-1.1111,2.427194
2.441734,2,0x03,0.0000,-1.1111,2.425185
2.441734,3,0x04,0.0000,-1.0556,2.420202
2.442820,0,0x01,0.0000,-1.0556,2.426221
2.442820,1,0x02,0.0000,-1.1111,2.427194
2.442820,2,0x03,0.0000,-1.1111,2.425185
2.442820,3,0x04,0.0000,-1.0556,2.420202
2.443898,0,0x01,0.0000,-1.0556,2.426221
2.443898,1,0x02,0.0000,-1.1111,2.427194
2.443898,2,0x03,0.0000,-1.1111,2.425185
2.443898,3,0x04,0.0000,-1.0556,2.420202
2.450715,0,0x01,0.0000,-1.0556,2.426221
2.450715,1,0x02,0.0000,-1.1111,2.427194
2.450715,2,0x03,0.0000,-1.1111,2.425185
2.450715,3,0x04,0.0000,-1.0556,2.420202
2.451783,0,0x01,0.0000,-1.0556,2.426221
2.451783,1,0x02,0.0000,-1.1111,2.427194
2.451783,2,0x03,0.0000,-1.1111,2.425185
2.451783,3,0x04,0.0000,-1.0556,2.420202
2.452845,0,0x01,0.0000,-1.0556,2.426221
2.452845,1,0x02,0.0000,-1.1111,2.427194
2.452845,2,0x03,0.0000,-1.1111,2.425185
2.452845,3,0x04,0.0000,-1.0556,2.420202
2.453915,0,0x01,0.0000,-1.0556,2.426221
2.453915,1,0x02,0.0000,-1.1111,2.427194
2.453915,2,0x03,0.0000,-1.1111,2.425185
2.453915,3,0x04,0.0000,-1.0556,2.420202
2.459714,0,0x01,0.0000,-1.0556,2.426221
2.459714,1,0x02,0.0000,-1.1111,2.427194
2.459714,2,0x03,0.0000,-1.1111,2.425185
2.459714,3,0x04,0.0000,-1.0556,2.420202
2.460784,0,0x01,0.0000,-1.0556,2.426221
2.460784,1,0x02,0.0000,-1.1111,2.427194
2.460784,2,0x03,0.0000,-1.1111,2.425185
2.460784,3,0x04,0.0000,-1.0556,2.420202
2.461848,0,0x01,0.0000,-1.0556,2.426221
2.461848,1,0x02,0.0000,-1.1111,2.427194
2.461848,2,0x03,0.0000,-1.1111,2.425185
2.461848,3,0x04,0.0000,-1.0556,2.420202
2.462920,0,0x01,0.0000,-1.0556,2.426221
2.462920,1,0x02,0.0000,-1.1111,2.427194
2.462920,2,0x03,0.0000,-1.1111,2.425185
2.462920,3,0x04,0.0000,-1.0556,2.420202
2.463992,0,0x01,0.0000,-1.0556,2.426221
2.463992,1,0x02,0.0000,-1.1111,2.427194
2.463992,2,0x03,0.0000,-1.1111,2.425185
2.463992,3,0x04,0.0000,-1.0556,2.420202
2.471812,0,0x01,0.0000,-1.0556,2.469207
2.471812,1,0x02,0.0000,-1.1111,2.427194
2.471812,2,0x03,0.0000,-1.1111,2.470194
2.471812,3,0x04,0.0000,-1.1111,2.471207
2.472885,0,0x01,0.0000,-1.0556,2.472191
2.472885,1,0x02,0.0000,-1.1111,2.427194
2.472885,2,0x03,0.0000,-1.1111,2.470194
2.472885,3,0x04,0.0000,-1.1111,2.471207
2.473972,0,0x01,0.0000,-1.0556,2.472191
2.473972,1,0x02,0.0000,-1.1111,2.473178
2.473972,2,0x03,0.0000,-1.1111,2.470194
2.473972,3,0x04,0.0000,-1.1111,2.471207
2.480754,0,0x01,0.0000,-1.0556,2.475174
2.480754,1,0x02,0.0000,-1.0556,2.476198
2.480754,2,0x03,0.0000,-1.1111,2.474167
2.480754,3,0x04,0.0000,-1.1111,2.471207
2.481824,0,0x01,0.0000,-1.0556,2.475174
2.481824,1,0x02,0.0000,-1.0556,2.476198
2.481824,2,0x03,0.0000,-1.1111,2.474167
2.481824,3,0x04,0.0000,-1.1111,2.471207
2.482897,0,0x01,0.0000,-1.0556,2.475174
2.482897,1,0x02,0.0000,-1.0556,2.476198
2.482897,2,0x03,0.0000,-1.1111,2.474167
2.482897,3,0x04,0.0000,-1.1111,2.471207
2.483981,0,0x01,0.0000,-1.0556,2.475174
2.483981,1,0x02,0.0000,-1.0556,2.476198
2.483981,2,0x03,0.0000,-1.1111,2.474167
2.483981,3,0x04,0.0000,-1.1111,2.471207
2.489721,0,0x01,0.0000,-1.0556,2.475174
2.489721,1,0x02,0.0000,-1.0556,2.476198
2.489721,2,0x03,0.0000,-1.1111,2.474167
2.489721,3,0x04,0.0000,-1.1111,2.471207
2.490793,0,0x01,0.0000,-1.0556,2.475174
2.490793,1,0x02,0.0000,-1.0556,2.476198
2.490793,2,0x03,0.0000,-1.1111,2.474167
2.490793,3,0x04,0.0000,-1.1111,2.471207
2.491871,0,0x01,0.0000,-1.0556,2.475174
2.491871,1,0x02,0.0000,-1.0556,2.476198
2.491871,2,0x03,0.0000,-1.1111,2.474167
2.491871,3,0x04,0.0000,-1.1111,2.471207
2.492951,0,0x01,0.0000,-1.0556,2.475174
2.492951,1,0x02,0.0000,-1.0556,2.476198
2.492951,2,0x03,0.0000,-1.1111,2.474167
2.492951,3,0x04,0.0000,-1.1111,2.471207
2.494027,0,0x01,0.0000,-1.0556,2.475174
2.494027,1,0x02,0.0000,-1.0556,2.476198
2.494027,2,0x03,0.0000,-1.1111,2.474167
2.494027,3,0x04,0.0000,-1.1111,2.471207
2.501738,0,0x01,0.0000,-1.0556,2.475174
2.501738,1,0x02,0.0000,-1.0556,2.476198
2.501738,2,0x03,0.0000,-1.1111,2.474167
2.501738,3,0x04,0.0000,-1.1111,2.471207
2.502808,0,0x01,0.0000,-1.0556,2.475174
2.502808,1,0x02,0.0000,-1.0556,2.476198
2.502808,2,0x03,0.0000,-1.1111,2.474167
2.502808,3,0x04,0.0000,-1.1111,2.471207
2.503869,0,0x01,0.0000,-1.0556,2.475174
2.503869,1,0x02,0.0000,-1.0556,2.476198
2.503869,2,0x03,0.0000,-1.1111,2.474167
2.503869,3,0x04,0.0000,-1.1111,2.471207
2.510713,0,0x01,0.0000,-1.0556,2.475174
2.510713,1,0x02,0.0000,-1.0556,2.476198
2.510713,2,0x03,0.0000,-1.1111,2.474167
2.510713,3,0x04,0.0000,-1.1111,2.471207
2.511818,0,0x01,0.0000,-1.0556,2.475174
2.511818,1,0x02,0.0000,-1.0556,2.476198
2.511818,2,0x03,0.0000,-1.0556,2.511206
2.511818,3,0x04,0.0000,-1.1111,2.471207
2.512884,0,0x01,0.0000,-1.0556,2.475174
2.512884,1,0x02,0.0000,-1.0556,2.476198
2.512884,2,0x03,0.0000,-1.0556,2.511206
2.512884,3,0x04,0.0000,-1.1111,2.471207
2.513980,0,0x01,0.0000,0.6667,2.513167
2.513980,1,0x02,0.0000,-1.0556,2.476198
2.513980,2,0x03,0.0000,-1.0556,2.511206
2.513980,3,0x04,0.0000,-1.1111,2.471207
2.519793,0,0x01,0.0000,0.8333,2.519201
2.519793,1,0x02,0.0000,0.7778,2.514178
2.519793,2,0x03,0.0000,0.7222,2.517198
2.519793,3,0x04,0.0000,0.8333,2.518201
2.520860,0,0x01,0.0000,0.8333,2.519201
2.520860,1,0x02,0.0000,0.7778,2.514178
2.520860,2,0x03,0.0000,0.7222,2.517198
2.520860,3,0x04,0.0000,0.8333,2.518201
2.521938,0,0x01,0.0000,0.8333,2.519201
2.521938,1,0x02,0.0000,0.7778,2.514178
2.521938,2,0x03,0.0000,0.7222,2.521180
2.521938,3,0x04,0.0000,0.8333,2.518201
2.523019,0,0x01,0.0000,1.0556,2.522168
2.523019,1,0x02,0.0000,0.7778,2.514178
2.523019,2,0x03,0.0000,0.7222,2.521180
2.523019,3,0x04,0.0000,0.8333,2.518201
2.524088,0,0x01,0.0000,1.0556,2.522168
2.524088,1,0x02,0.0000,1.1111,2.523187
2.524088,2,0x03,0.0000,0.7222,2.521180
2.524088,3,0x04,0.0000,0.8333,2.518201
2.532726,0,0x01,0.0000,1.0556,2.522168
2.532726,1,0x02,0.0000,1.1111,2.523187
2.532726,2,0x03,0.0000,0.7222,2.521180
2.532726,3,0x04,0.0000,0.8333,2.518201
2.533797,0,0x01,0.0000,1.0556,2.522168
2.533797,1,0x02,0.0000,1.1111,2.523187
2.533797,2,0x03,0.0000,0.7222,2.521180
2.533797,3,0x04,0.0000,0.8333,2.518201
2.540712,0,0x01,0.0000,1.0556,2.522168
2.540712,1,0x02,0.0000,1.1111,2.523187
2.540712,2,0x03,0.0000,0.7222,2.521180
2.540712,3,0x04,0.0000,0.8333,2.518201
2.541786,0,0x01,0.0000,1.0556,2.522168
2.541786,1,0x02,0.0000,1.1111,2.523187
2.541786,2,0x03,0.0000,0.7222,2.521180
2.541786,3,0x04,0.0000,0.8333,2.518201
2.542852,0,0x01,0.0000,1.0556,2.522168
2.542852,1,0x02,0.0000,1.1111,2.523187
2.542852,2,0x03,0.0000,0.7222,2.521180
2.542852,3,0x04,0.0000,0.8333,2.518201
2.543921,0,0x01,0.0000,1.0556,2.522168
2.543921,1,0x02,0.0000,1.1111,2.523187
2.543921,2,0x03,0.0000,0.7222,2.521180
2.543921,3,0x04,0.0000,0.8333,2.518201
2.549719,0,0x01,0.0000,1.0556,2.522168
2.549719,1,0x02,0.0000,1.1111,2.523187
2.549719,2,0x03,0.0000,0.7222,2.521180
2.549719,3,0x04,0.0000,0.8333,2.518201
2.550792,0,0x01,0.0000,1.0556,2.522168
2.550792,1,0x02,0.0000,1.1111,2.523187
2.550792,2,0x03,0.0000,0.7222,2.521180
2.550792,3,0x04,0.0000,0.8333,2.518201
2.551869,0,0x01,0.0000,1.0556,2.522168
2.551869,1,0x02,0.0000,1.1111,2.523187
2.551869,2,0x03,0.0000,0.7222,2.521180
2.551869,3,0x04,0.0000,0.8333,2.518201
2.552943,0,0x01,0.0000,1.0556,2.522168
2.552943,1,0x02,0.0000,1.1111,2.523187
2.552943,2,0x03,0.0000,0.7222,2.521180
2.552943,3,0x04,0.0000,0.8333,2.518201
2.554019,0,0x01,0.0000,1.0556,2.522168
2.554019,1,0x02,0.0000,1.1111,2.523187
2.554019,2,0x03,0.0000,0.7222,2.521180
2.554019,3,0x04,0.0000,0.8333,2.518201
2.561778,0,0x01,0.0000,1.0556,2.522168
2.561778,1,0x02,0.0000,1.1111,2.523187
2.561778,2,0x03,0.0000,0.7222,2.521180
2.561778,3,0x04,0.0000,0.8333,2.518201
2.562845,0,0x01,0.0000,1.0556,2.522168
2.562845,1,0x02,0.0000,1.1111,2.523187
2.562845,2,0x03,0.0000,0.7222,2.521180
2.562845,3,0x04,0.0000,0.8333,2.518201
2.563914,0,0x01,0.0000,1.0556,2.522168
2.563914,1,0x02,0.0000,1.1111,2.523187
2.563914,2,0x03,0.0000,0.7222,2.521180
2.563914,3,0x04,0.0000,0.8333,2.518201
2.571030,0,0x01,0.0000,1.1111,2.570217
2.571030,1,0x02,0.0000,1.1111,2.523187
2.571030,2,0x03,0.0000,0.7222,2.521180
2.571030,3,0x04,0.0000,0.8333,2.518201
2.572175,0,0x01,0.0000,1.1111,2.570217
2.572175,1,0x02,0.0000,1.1111,2.571197
2.572175,2,0x03,0.0000,0.7222,2.521180
2.572175,3,0x04,0.0000,0.8333,2.518201
2.573303,0,0x01,0.0000,1.1111,2.570217
2.573303,1,0x02,0.0000,1.1111,2.571197
2.573303,2,0x03,0.0000,1.0556,2.572202
2.573303,3,0x04,0.0000,1.0556,2.573166
2.579779,0,0x01,0.0000,1.1111,2.577189
2.579779,1,0x02,0.0000,1.1111,2.578196
2.579779,2,0x03,0.0000,1.0556,2.572202
2.579779,3,0x04,0.0000,1.0556,2.579203
2.580876,0,0x01,0.0000,1.1111,2.580198
2.580876,1,0x02,0.0000,1.1111,2.578196
2.580876,2,0x03,0.0000,1.0556,2.572202
2.580876,3,0x04,0.0000,1.0556,2.579203
2.581973,0,0x01,0.0000,1.1111,2.580198
2.581973,1,0x02,0.0000,1.1111,2.581180
2.581973,2,0x03,0.0000,1.0556,2.572202
2.581973,3,0x04,0.0000,1.0556,2.579203
2.583073,0,0x01,0.0000,1.1111,2.580198
2.583073,1,0x02,0.0000,1.1111,2.581180
2.583073,2,0x03,0.0000,1.0556,2.582167
2.583073,3,0x04,0.0000,1.0556,2.579203
2.584179,0,0x01,0.0000,1.1111,2.580198
2.584179,1,0x02,0.0000,1.1111,2.581180
2.584179,2,0x03,0.0000,1.0556,2.582167
2.584179,3,0x04,0.0000,1.0556,2.583174
2.594771,0,0x01,0.0000,1.1111,2.580198
2.594771,1,0x02,0.0000,1.1111,2.584207
2.594771,2,0x03,0.0000,1.0556,2.582167
2.594771,3,0x04,0.0000,1.0556,2.583174
2.600784,0,0x01,0.0000,1.0556,2.600197
2.600784,1,0x02,0.0000,1.1111,2.597186
2.600784,2,0x03,0.0000,1.0000,2.598197
2.600784,3,0x04,0.0000,1.0556,2.599201
2.601855,0,0x01,0.0000,1.0556,2.600197
2.601855,1,0x02,0.0000,1.1111,2.597186
2.601855,2,0x03,0.0000,1.0000,2.598197
2.601855,3,0x04,0.0000,1.0556,2.599201
2.602925,0,0x01,0.0000,1.0556,2.600197
2.602925,1,0x02,0.0000,1.1111,2.597186
2.602925,2,0x03,0.0000,1.0000,2.598197
2.602925,3,0x04,0.0000,1.0556,2.599201
2.604028,0,0x01,0.0000,1.0556,2.600197
2.604028,1,0x02,0.0000,1.1111,2.603214
2.604028,2,0x03,0.0000,1.0000,2.598197
2.604028,3,0x04,0.0000,1.0556,2.599201
2.611745,0,0x01,0.0000,1.0556,2.600197
2.611745,1,0x02,0.0000,1.1111,2.603214
2.611745,2,0x03,0.0000,1.0556,2.606184
2.611745,3,0x04,0.0000,1.1111,2.609213
2.612840,0,0x01,0.0000,1.1667,2.612199
2.612840,1,0x02,0.0000,1.1111,2.603214
2.612840,2,0x03,0.0000,1.0556,2.606184
2.612840,3,0x04,0.0000,1.1111,2.609213
2.613907,0,0x01,0.0000,1.1667,2.612199
2.613907,1,0x02,0.0000,1.1111,2.603214
2.613907,2,0x03,0.0000,1.0556,2.606184
2.613907,3,0x04,0.0000,1.1111,2.609213
2.620776,0,0x01,0.0000,1.1667,2.612199
2.620776,1,0x02,0.0000,1.1111,2.614184
2.620776,2,0x03,0.0000,1.1111,2.616200
2.620776,3,0x04,0.0000,1.0556,2.620208
2.621849,0,0x01,0.0000,1.1667,2.612199
2.621849,1,0x02,0.0000,1.1111,2.614184
2.621849,2,0x03,0.0000,1.1111,2.616200
2.621849,3,0x04,0.0000,1.0556,2.620208
2.622924,0,0x01,0.0000,1.1667,2.612199
2.622924,1,0x02,0.0000,1.1111,2.614184
2.622924,2,0x03,0.0000,1.1111,2.616200
2.622924,3,0x04,0.0000,1.0556,2.620208
2.623992,0,0x01,0.0000,1.1111,2.623178
2.623992,1,0x02,0.0000,1.1111,2.614184
2.623992,2,0x03,0.0000,1.1111,2.616200
2.623992,3,0x04,0.0000,1.0556,2.620208
2.631762,0,0x01,0.0000,1.1111,2.623178
2.631762,1,0x02,0.0000,1.1111,2.626181
2.631762,2,0x03,0.0000,1.0000,2.628201
2.631762,3,0x04,0.0000,1.0556,2.620208
2.632826,0,0x01,0.0000,1.1111,2.623178
2.632826,1,0x02,0.0000,1.1111,2.626181
2.632826,2,0x03,0.0000,1.0000,2.628201
2.632826,3,0x04,0.0000,1.0556,2.620208
2.633906,0,0x01,0.0000,1.1111,2.623178
2.633906,1,0x02,0.0000,1.1111,2.626181
2.633906,2,0x03,0.0000,1.0000,2.628201
2.633906,3,0x04,0.0000,1.0556,2.620208
2.640719,0,0x01,0.0000,1.1111,2.623178
2.640719,1,0x02,0.0000,1.1111,2.626181
2.640719,2,0x03,0.0000,1.0000,2.628201
2.640719,3,0x04,0.0000,1.0556,2.620208
2.641785,0,0x01,0.0000,1.1111,2.623178
2.641785,1,0x02,0.0000,1.1111,2.626181
2.641785,2,0x03,0.0000,1.0000,2.628201
2.641785,3,0x04,0.0000,1.0556,2.620208
2.642865,0,0x01,0.0000,1.1111,2.623178
2.642865,1,0x02,0.0000,1.1111,2.626181
2.642865,2,0x03,0.0000,1.0000,2.628201
2.642865,3,0x04,0.0000,1.0556,2.620208
2.643940,0,0x01,0.0000,1.1111,2.623178
2.643940,1,0x02,0.0000,1.1111,2.626181
2.643940,2,0x03,0.0000,1.0000,2.628201
2.643940,3,0x04,0.0000,1.0556,2.620208
2.649733,0,0x01,0.0000,1.1111,2.623178
2.649733,1,0x02,0.0000,1.1111,2.626181
2.649733,2,0x03,0.0000,1.0000,2.628201
2.649733,3,0x04,0.0000,1.0556,2.620208
2.650807,0,0x01,0.0000,1.1111,2.623178
2.650807,1,0x02,0.0000,1.1111,2.626181
2.650807,2,0x03,0.0000,1.0000,2.628201
2.650807,3,0x04,0.0000,1.0556,2.620208
2.651884,0,0x01,0.0000,1.1111,2.623178
2.651884,1,0x02,0.0000,1.1111,2.626181
2.651884,2,0x03,0.0000,1.0000,2.628201
2.651884,3,0x04,0.0000,1.0556,2.620208
2.652962,0,0x01,0.0000,1.1111,2.623178
2.652962,1,0x02,0.0000,1.1111,2.626181
2.652962,2,0x03,0.0000,1.0000,2.628201
2.652962,3,0x04,0.0000,1.0556,2.620208
2.654036,0,0x01,0.0000,1.1111,2.623178
2.654036,1,0x02,0.0000,1.1111,2.626181
2.654036,2,0x03,0.0000,1.0000,2.628201
2.654036,3,0x04,0.0000,1.0556,2.620208
2.661708,0,0x01,0.0000,1.1111,2.623178
2.661708,1,0x02,0.0000,1.1111,2.626181
2.661708,2,0x03,0.0000,1.0000,2.628201
2.661708,3,0x04,0.0000,1.0556,2.620208
2.662770,0,0x01,0.0000,1.1111,2.623178
2.662770,1,0x02,0.0000,1.1111,2.626181
2.662770,2,0x03,0.0000,1.0000,2.628201
2.662770,3,0x04,0.0000,1.0556,2.620208
2.663840,0,0x01,0.0000,1.1111,2.623178
2.663840,1,0x02,0.0000,1.1111,2.626181
2.663840,2,0x03,0.0000,1.0000,2.628201
2.663840,3,0x04,0.0000,1.0556,2.620208
2.670767,0,0x01,0.0000,1.1111,2.667236
2.670767,1,0x02,0.0000,1.1111,2.626181
2.670767,2,0x03,0.0000,1.0556,2.669219
2.670767,3,0x04,0.0000,1.0556,2.670202
2.671842,0,0x01,0.0000,1.1111,2.667236
2.671842,1,0x02,0.0000,1.1111,2.671200
2.671842,2,0x03,0.0000,1.0556,2.669219
2.671842,3,0x04,0.0000,1.0556,2.670202
2.672930,0,0x01,0.0000,1.1111,2.667236
2.672930,1,0x02,0.0000,1.1111,2.671200
2.672930,2,0x03,0.0000,1.0556,2.672181
2.672930,3,0x04,0.0000,1.0556,2.670202
2.674024,0,0x01,0.0000,1.1111,2.667236
2.674024,1,0x02,0.0000,1.1111,2.671200
2.674024,2,0x03,0.0000,1.0556,2.672181
2.674024,3,0x04,0.0000,1.0556,2.673180
2.682767,0,0x01,0.0000,1.1111,2.677204
2.682767,1,0x02,0.0000,1.1111,2.678197
2.682767,2,0x03,0.0000,1.0556,2.672181
2.682767,3,0x04,0.0000,1.0556,2.676187
2.683838,0,0x01,0.0000,1.1111,2.677204
2.683838,1,0x02,0.0000,1.1111,2.678197
2.683838,2,0x03,0.0000,1.0556,2.672181
2.683838,3,0x04,0.0000,1.0556,2.676187
2.692734,0,0x01,0.0000,1.1111,2.677204
2.692734,1,0x02,0.0000,1.1111,2.678197
2.692734,2,0x03,0.0000,1.0556,2.672181
2.692734,3,0x04,0.0000,1.0556,2.676187
2.693811,0,0x01,0.0000,1.1111,2.677204
2.693811,1,0x02,0.0000,1.1111,2.678197
2.693811,2,0x03,0.0000,1.0556,2.672181
2.693811,3,0x04,0.0000,1.0556,2.676187
2.700717,0,0x01,0.0000,1.1111,2.677204
2.700717,1,0x02,0.0000,1.1111,2.678197
2.700717,2,0x03,0.0000,1.0556,2.672181
2.700717,3,0x04,0.0000,1.0556,2.676187
2.701787,0,0x01,0.0000,1.1111,2.677204
2.701787,1,0x02,0.0000,1.1111,2.678197
2.701787,2,0x03,0.0000,1.0556,2.672181
2.701787,3,0x04,0.0000,1.0556,2.676187
2.702849,0,0x01,0.0000,1.1111,2.677204
2.702849,1,0x02,0.0000,1.1111,2.678197
2.702849,2,0x03,0.0000,1.0556,2.672181
2.702849,3,0x04,0.0000,1.0556,2.676187
2.703938,0,0x01,0.0000,1.1111,2.677204
2.703938,1,0x02,0.0000,1.1111,2.678197
2.703938,2,0x03,0.0000,1.0556,2.672181
2.703938,3,0x04,0.0000,1.0556,2.676187
2.709714,0,0x01,0.0000,1.1111,2.677204
2.709714,1,0x02,0.0000,1.1111,2.678197
2.709714,2,0x03,0.0000,1.0556,2.672181
2.709714,3,0x04,0.0000,1.0556,2.676187
2.710777,0,0x01,0.0000,1.1111,2.677204
2.710777,1,0x02,0.0000,1.1111,2.678197
2.710777,2,0x03,0.0000,1.0556,2.672181
2.710777,3,0x04,0.0000,1.0556,2.676187
2.711848,0,0x01,0.0000,1.1111,2.677204
2.711848,1,0x02,0.0000,1.1111,2.678197
2.711848,2,0x03,0.0000,1.0556,2.672181
2.711848,3,0x04,0.0000,1.0556,2.676187
2.712923,0,0x01,0.0000,1.1111,2.677204
2.712923,1,0x02,0.0000,1.1111,2.678197
2.712923,2,0x03,0.0000,1.0556,2.672181
2.712923,3,0x04,0.0000,1.0556,2.676187
2.713989,0,0x01,0.0000,1.1111,2.677204
2.713989,1,0x02,0.0000,1.1111,2.678197
2.713989,2,0x03,0.0000,1.0556,2.672181
2.713989,3,0x04,0.0000,1.0556,2.676187
2.721745,0,0x01,0.0000,1.1111,2.677204
2.721745,1,0x02,0.0000,1.1111,2.678197
2.721745,2,0x03,0.0000,1.0556,2.672181
2.721745,3,0x04,0.0000,1.0556,2.676187
2.722832,0,0x01,0.0000,1.1111,2.677204
2.722832,1,0x02,0.0000,1.1111,2.678197
2.722832,2,0x03,0.0000,1.0556,2.672181
2.722832,3,0x04,0.0000,1.0556,2.676187
2.723910,0,0x01,0.0000,1.1111,2.677204
2.723910,1,0x02,0.0000,1.1111,2.678197
2.723910,2,0x03,0.0000,1.0556,2.672181
2.723910,3,0x04,0.0000,1.0556,2.676187
2.730846,0,0x01,0.0000,1.1111,2.728203
2.730846,1,0x02,0.0000,1.1111,2.729209
2.730846,2,0x03,0.0000,1.0556,2.730311
2.730846,3,0x04,0.0000,1.0556,2.676187
2.731926,0,0x01,0.0000,1.1111,2.728203
2.731926,1,0x02,0.0000,1.1111,2.729209
2.731926,2,0x03,0.0000,1.0556,2.730311
2.731926,3,0x04,0.0000,1.1111,2.731258
2.733029,0,0x01,0.0000,1.1111,2.732324
2.733029,1,0x02,0.0000,1.1111,2.729209
2.733029,2,0x03,0.0000,1.0556,2.730311
2.733029,3,0x04,0.0000,1.1111,2.731258
2.734133,0,0x01,0.0000,1.1111,2.732324
2.734133,1,0x02,0.0000,1.1111,2.733271
2.734133,2,0x03,0.0000,1.0556,2.730311
2.734133,3,0x04,0.0000,1.1111,2.731258
2.743795,0,0x01,0.0000,0.9444,2.738202
2.743795,1,0x02,0.0000,1.0556,2.739207
2.743795,2,0x03,0.0000,0.9444,2.737217
2.743795,3,0x04,0.0000,1.1111,2.731258
2.751773,0,0x01,0.0000,0.2222,2.751202
2.751773,1,0x02,0.0000,1.0556,2.739207
2.751773,2,0x03,0.0000,0.9444,2.737217
2.751773,3,0x04,0.0000,0.8333,2.750207
2.752850,0,0x01,0.0000,0.2222,2.751202
2.752850,1,0x02,0.0000,0.6111,2.752203
2.752850,2,0x03,0.0000,0.9444,2.737217
2.752850,3,0x04,0.0000,0.8333,2.750207
2.753953,0,0x01,0.0000,0.2222,2.751202
2.753953,1,0x02,0.0000,0.6111,2.752203
2.753953,2,0x03,0.0000,0.1111,2.753183
2.753953,3,0x04,0.0000,0.8333,2.750207
2.760782,0,0x01,0.0000,0.1667,2.755184
2.760782,1,0x02,0.0000,-0.1111,2.757189
2.760782,2,0x03,0.0000,0.0000,2.760193
2.760782,3,0x04,0.0000,0.0000,2.754192
2.761846,0,0x01,0.0000,0.1667,2.755184
2.761846,1,0x02,0.0000,-0.1111,2.757189
2.761846,2,0x03,0.0000,0.0000,2.760193
2.761846,3,0x04,0.0000,0.0000,2.754192
2.762906,0,0x01,0.0000,0.1667,2.755184
2.762906,1,0x02,0.0000,-0.1111,2.757189
2.762906,2,0x03,0.0000,0.0000,2.760193
2.762906,3,0x04,0.0000,0.0000,2.754192
2.764009,0,0x01,0.0000,0.1667,2.755184
2.764009,1,0x02,0.0000,-0.1111,2.757189
2.764009,2,0x03,0.0000,0.0000,2.760193
2.764009,3,0x04,0.0000,-0.5000,2.763180
2.771787,0,0x01,0.0000,-0.2778,2.766200
2.771787,1,0x02,0.0000,-0.5556,2.769209
2.771787,2,0x03,0.0000,0.0000,2.760193
2.771787,3,0x04,0.0000,-0.5000,2.763180
2.772867,0,0x01,0.0000,-0.2778,2.766200
2.772867,1,0x02,0.0000,-0.5556,2.769209
2.772867,2,0x03,0.0000,-0.7222,2.772197
2.772867,3,0x04,0.0000,-0.5000,2.763180
2.773937,0,0x01,0.0000,-0.2778,2.766200
2.773937,1,0x02,0.0000,-0.5556,2.769209
2.773937,2,0x03,0.0000,-0.7222,2.772197
2.773937,3,0x04,0.0000,-0.5000,2.763180
2.780781,0,0x01,0.0000,-0.9444,2.777198
2.780781,1,0x02,0.0000,-1.1667,2.779188
2.780781,2,0x03,0.0000,-0.7222,2.772197
2.780781,3,0x04,0.0000,-0.8333,2.774181
2.781859,0,0x01,0.0000,-0.9444,2.777198
2.781859,1,0x02,0.0000,-1.1667,2.779188
2.781859,2,0x03,0.0000,-0.7222,2.772197
2.781859,3,0x04,0.0000,-0.8333,2.774181
2.782929,0,0x01,0.0000,-0.9444,2.777198
2.782929,1,0x02,0.0000,-1.1667,2.779188
2.782929,2,0x03,0.0000,-0.7222,2.772197
2.782929,3,0x04,0.0000,-0.8333,2.774181
2.784022,0,0x01,0.0000,-0.9444,2.777198
2.784022,1,0x02,0.0000,-1.1667,2.779188
2.784022,2,0x03,0.0000,-0.8889,2.783193
2.784022,3,0x04,0.0000,-0.8333,2.774181
2.791740,0,0x01,0.0000,-0.9444,2.777198
2.791740,1,0x02,0.0000,-1.1667,2.779188
2.791740,2,0x03,0.0000,-0.8889,2.783193
2.791740,3,0x04,0.0000,-0.8333,2.774181
2.792846,0,0x01,0.0000,-0.9444,2.777198
2.792846,1,0x02,0.0000,-1.1667,2.779188
2.792846,2,0x03,0.0000,-0.8889,2.783193
2.792846,3,0x04,0.0000,-0.8333,2.774181
2.793919,0,0x01,0.0000,-0.9444,2.777198
2.793919,1,0x02,0.0000,-1.1667,2.779188
2.793919,2,0x03,0.0000,-0.8889,2.783193
2.793919,3,0x04,0.0000,-0.8333,2.774181
2.801992,0,0x01,0.0000,-0.9444,2.777198
2.801992,1,0x02,0.0000,-1.1667,2.779188
2.801992,2,0x03,0.0000,-0.8889,2.783193
2.801992,3,0x04,0.0000,-0.8333,2.774181
2.803066,0,0x01,0.0000,-0.9444,2.777198
2.803066,1,0x02,0.0000,-1.1667,2.779188
2.803066,2,0x03,0.0000,-0.8889,2.783193
2.803066,3,0x04,0.0000,-0.8333,2.774181
2.804136,0,0x01,0.0000,-0.9444,2.777198
2.804136,1,0x02,0.0000,-1.1667,2.779188
2.804136,2,0x03,0.0000,-0.8889,2.783193
2.804136,3,0x04,0.0000,-0.8333,2.774181
2.811844,0,0x01,0.0000,-0.9444,2.777198
2.811844,1,0x02,0.0000,-1.1667,2.779188
2.811844,2,0x03,0.0000,-0.8889,2.783193
2.811844,3,0x04,0.0000,-0.8333,2.774181
2.812930,0,0x01,0.0000,-0.9444,2.777198
2.812930,1,0x02,0.0000,-1.1667,2.779188
2.812930,2,0x03,0.0000,-0.8889,2.783193
2.812930,3,0x04,0.0000,-0.8333,2.774181
2.814009,0,0x01,0.0000,-0.9444,2.777198
2.814009,1,0x02,0.0000,-1.1667,2.779188
2.814009,2,0x03,0.0000,-0.8889,2.783193
2.814009,3,0x04,0.0000,-0.8333,2.774181
2.820740,0,0x01,0.0000,-0.9444,2.777198
2.820740,1,0x02,0.0000,-1.1667,2.779188
2.820740,2,0x03,0.0000,-0.8889,2.783193
2.820740,3,0x04,0.0000,-0.8333,2.774181
2.821827,0,0x01,0.0000,-0.9444,2.777198
2.821827,1,0x02,0.0000,-1.1667,2.779188
2.821827,2,0x03,0.0000,-0.8889,2.783193
2.821827,3,0x04,0.0000,-0.8333,2.774181
2.822917,0,0x01,0.0000,-0.9444,2.777198
2.822917,1,0x02,0.0000,-1.1667,2.779188
2.822917,2,0x03,0.0000,-0.8889,2.783193
2.822917,3,0x04,0.0000,-0.8333,2.774181
2.823996,0,0x01,0.0000,-0.9444,2.777198
2.823996,1,0x02,0.0000,-1.1667,2.779188
2.823996,2,0x03,0.0000,-0.8889,2.783193
2.823996,3,0x04,0.0000,-0.8333,2.774181
2.831727,0,0x01,0.0000,-0.9444,2.777198
2.831727,1,0x02,0.0000,-1.1667,2.779188
2.831727,2,0x03,0.0000,-0.8889,2.783193
2.831727,3,0x04,0.0000,-0.8333,2.774181
2.832825,0,0x01,0.0000,-1.0556,2.832234
2.832825,1,0x02,0.0000,-1.1667,2.779188
2.832825,2,0x03,0.0000,-0.8889,2.783193
2.832825,3,0x04,0.0000,-0.8333,2.774181
2.833916,0,0x01,0.0000,-1.0556,2.832234
2.833916,1,0x02,0.0000,-1.1111,2.833188
2.833916,2,0x03,0.0000,-0.8889,2.783193
2.833916,3,0x04,0.0000,-0.8333,2.774181
2.840840,0,0x01,0.0000,-1.0556,2.839199
2.840840,1,0x02,0.0000,-1.0556,2.840197
2.840840,2,0x03,0.0000,-1.1111,2.834186
2.840840,3,0x04,0.0000,-1.1111,2.838211
2.841917,0,0x01,0.0000,-1.0556,2.839199
2.841917,1,0x02,0.0000,-1.0556,2.840197
2.841917,2,0x03,0.0000,-1.1111,2.841198
2.841917,3,0x04,0.0000,-1.1111,2.838211
2.843011,0,0x01,0.0000,-1.0556,2.842181
2.843011,1,0x02,0.0000,-1.0556,2.840197
2.843011,2,0x03,0.0000,-1.1111,2.841198
2.843011,3,0x04,0.0000,-1.1111,2.838211
2.844102,0,0x01,0.0000,-1.0556,2.842181
2.844102,1,0x02,0.0000,-1.1111,2.843186
2.844102,2,0x03,0.0000,-1.1111,2.841198
2.844102,3,0x04,0.0000,-1.1111,2.838211
2.851784,0,0x01,0.0000,-1.0556,2.845212
2.851784,1,0x02,0.0000,-1.0556,2.846181
2.851784,2,0x03,0.0000,-1.1111,2.844184
2.851784,3,0x04,0.0000,-1.1111,2.838211
2.852861,0,0x01,0.0000,-1.0556,2.845212
2.852861,1,0x02,0.0000,-1.0556,2.846181
2.852861,2,0x03,0.0000,-1.1111,2.844184
2.852861,3,0x04,0.0000,-1.1111,2.838211
2.853939,0,0x01,0.0000,-1.0556,2.845212
2.853939,1,0x02,0.0000,-1.0556,2.846181
2.853939,2,0x03,0.0000,-1.1111,2.844184
2.853939,3,0x04,0.0000,-1.1111,2.838211
2.861784,0,0x01,0.0000,-1.0556,2.858200
2.861784,1,0x02,0.0000,-1.0556,2.859186
2.861784,2,0x03,0.0000,-1.1111,2.860202
2.861784,3,0x04,0.0000,-1.0556,2.861198
2.862873,0,0x01,0.0000,-1.0556,2.862199
2.862873,1,0x02,0.0000,-1.0556,2.859186
2.862873,2,0x03,0.0000,-1.1111,2.860202
2.862873,3,0x04,0.0000,-1.0556,2.861198
2.863939,0,0x01,0.0000,-1.0556,2.862199
2.863939,1,0x02,0.0000,-1.0556,2.859186
2.863939,2,0x03,0.0000,-1.1111,2.860202
2.863939,3,0x04,0.0000,-1.0556,2.861198
2.870779,0,0x01,0.0000,-1.0556,2.862199
2.870779,1,0x02,0.0000,-1.1111,2.864172
2.870779,2,0x03,0.0000,-1.1667,2.867254
2.870779,3,0x04,0.0000,-1.1667,2.870222
2.871850,0,0x01,0.0000,-1.0556,2.862199
2.871850,1,0x02,0.0000,-1.1111,2.864172
2.871850,2,0x03,0.0000,-1.1667,2.867254
2.871850,3,0x04,0.0000,-1.1667,2.870222
2.872913,0,0x01,0.0000,-1.0556,2.862199
2.872913,1,0x02,0.0000,-1.1111,2.864172
2.872913,2,0x03,0.0000,-1.1667,2.867254
2.872913,3,0x04,0.0000,-1.1667,2.870222
2.874011,0,0x01,0.0000,-1.0556,2.873169
2.874011,1,0x02,0.0000,-1.1111,2.864172
2.874011,2,0x03,0.0000,-1.1667,2.867254
2.874011,3,0x04,0.0000,-1.1667,2.870222
2.881759,0,0x01,0.0000,-1.0556,2.873169
2.881759,1,0x02,0.0000,-1.0556,2.876175
2.881759,2,0x03,0.0000,-1.1111,2.878200
2.881759,3,0x04,0.0000,-1.1667,2.870222
2.882835,0,0x01,0.0000,-1.0556,2.873169
2.882835,1,0x02,0.0000,-1.0556,2.876175
2.882835,2,0x03,0.0000,-1.1111,2.878200
2.882835,3,0x04,0.0000,-1.1111,2.882194
2.883910,0,0x01,0.0000,-1.0556,2.873169
2.883910,1,0x02,0.0000,-1.0556,2.876175
2.883910,2,0x03,0.0000,-1.1111,2.878200
2.883910,3,0x04,0.0000,-1.1111,2.882194
2.890779,0,0x01,0.0000,-1.0556,2.884171
2.890779,1,0x02,0.0000,-1.1111,2.886203
2.890779,2,0x03,0.0000,-1.1111,2.889202
2.890779,3,0x04,0.0000,-1.1111,2.882194
2.891853,0,0x01,0.0000,-1.0556,2.884171
2.891853,1,0x02,0.0000,-1.1111,2.886203
2.891853,2,0x03,0.0000,-1.1111,2.889202
2.891853,3,0x04,0.0000,-1.1111,2.882194
2.892937,0,0x01,0.0000,-1.0556,2.884171
2.892937,1,0x02,0.0000,-1.1111,2.886203
2.892937,2,0x03,0.0000,-1.1111,2.889202
2.892937,3,0x04,0.0000,-1.1111,2.882194
2.894015,0,0x01,0.0000,-1.0556,2.884171
2.894015,1,0x02,0.0000,-1.1111,2.886203
2.894015,2,0x03,0.0000,-1.1111,2.889202
2.894015,3,0x04,0.0000,-1.1111,2.882194
2.901735,0,0x01,0.0000,-1.0556,2.884171
2.901735,1,0x02,0.0000,-1.1111,2.886203
2.901735,2,0x03,0.0000,-1.1111,2.889202
2.901735,3,0x04,0.0000,-1.1111,2.882194
2.902809,0,0x01,0.0000,-1.0556,2.884171
2.902809,1,0x02,0.0000,-1.1111,2.886203
2.902809,2,0x03,0.0000,-1.1111,2.889202
2.902809,3,0x04,0.0000,-1.1111,2.882194
2.903878,0,0x01,0.0000,-1.0556,2.884171
2.903878,1,0x02,0.0000,-1.1111,2.886203
2.903878,2,0x03,0.0000,-1.1111,2.889202
2.903878,3,0x04,0.0000,-1.1111,2.882194
2.911728,0,0x01,0.0000,-1.0556,2.884171
2.911728,1,0x02,0.0000,-1.1111,2.886203
2.911728,2,0x03,0.0000,-1.1111,2.889202
2.911728,3,0x04,0.0000,-1.1111,2.882194
2.912814,0,0x01,0.0000,-1.0556,2.884171
2.912814,1,0x02,0.0000,-1.1111,2.886203
2.912814,2,0x03,0.0000,-1.1111,2.889202
2.912814,3,0x04,0.0000,-1.1111,2.882194
2.913884,0,0x01,0.0000,-1.0556,2.884171
2.913884,1,0x02,0.0000,-1.1111,2.886203
2.913884,2,0x03,0.0000,-1.1111,2.889202
2.913884,3,0x04,0.0000,-1.1111,2.882194
2.920745,0,0x01,0.0000,-1.0556,2.884171
2.920745,1,0x02,0.0000,-1.1111,2.886203
2.920745,2,0x03,0.0000,-1.1111,2.889202
2.920745,3,0x04,0.0000,-1.1111,2.882194
2.921830,0,0x01,0.0000,-1.0556,2.884171
2.921830,1,0x02,0.0000,-1.1111,2.886203
2.921830,2,0x03,0.0000,-1.1111,2.889202
2.921830,3,0x04,0.0000,-1.1111,2.882194
2.922905,0,0x01,0.0000,-1.0556,2.884171
2.922905,1,0x02,0.0000,-1.1111,2.886203
2.922905,2,0x03,0.0000,-1.1111,2.889202
2.922905,3,0x04,0.0000,-1.1111,2.882194
2.923982,0,0x01,0.0000,-1.0556,2.884171
2.923982,1,0x02,0.0000,-1.1111,2.886203
2.923982,2,0x03,0.0000,-1.1111,2.889202
2.923982,3,0x04,0.0000,-1.1111,2.882194
2.929760,0,0x01,0.0000,-1.0556,2.928214
2.929760,1,0x02,0.0000,-1.0556,2.929190
2.929760,2,0x03,0.0000,-1.1111,2.889202
2.929760,3,0x04,0.0000,-1.1111,2.882194
2.930837,0,0x01,0.0000,-1.0556,2.928214
2.930837,1,0x02,0.0000,-1.0556,2.929190
2.930837,2,0x03,0.0000,-1.1111,2.930188
2.930837,3,0x04,0.0000,-1.1111,2.882194
2.931939,0,0x01,0.0000,-1.0556,2.928214
2.931939,1,0x02,0.0000,-1.0556,2.929190
2.931939,2,0x03,0.0000,-1.1111,2.930188
2.931939,3,0x04,0.0000,-1.1111,2.931180
2.933044,0,0x01,0.0000,-1.0556,2.932177
2.933044,1,0x02,0.0000,-1.0556,2.929190
2.933044,2,0x03,0.0000,-1.1111,2.930188
2.933044,3,0x04,0.0000,-1.1111,2.931180
2.934138,0,0x01,0.0000,-1.0556,2.932177
2.934138,1,0x02,0.0000,-1.1111,2.933192
2.934138,2,0x03,0.0000,-1.1111,2.930188
2.934138,3,0x04,0.0000,-1.1111,2.931180
2.942783,0,0x01,0.0000,-1.0556,2.935180
2.942783,1,0x02,0.0000,-1.0556,2.936194
2.942783,2,0x03,0.0000,-1.1111,2.930188
2.942783,3,0x04,0.0000,-1.0556,2.937201
2.943859,0,0x01,0.0000,-1.0556,2.935180
2.943859,1,0x02,0.0000,-1.0556,2.936194
2.943859,2,0x03,0.0000,-1.1111,2.930188
2.943859,3,0x04,0.0000,-1.0556,2.937201
2.952736,0,0x01,0.0000,-1.0556,2.935180
2.952736,1,0x02,0.0000,-1.0556,2.936194
2.952736,2,0x03,0.0000,-1.1111,2.930188
2.952736,3,0x04,0.0000,-1.0556,2.937201
2.953818,0,0x01,0.0000,-1.0556,2.935180
2.953818,1,0x02,0.0000,-1.0556,2.936194
2.953818,2,0x03,0.0000,-1.1111,2.930188
2.953818,3,0x04,0.0000,-1.0556,2.937201
2.961737,0,0x01,0.0000,-1.0556,2.935180
2.961737,1,0x02,0.0000,-1.0556,2.936194
2.961737,2,0x03,0.0000,-1.1111,2.930188
2.961737,3,0x04,0.0000,-1.0556,2.937201
2.962812,0,0x01,0.0000,-1.0556,2.935180
2.962812,1,0x02,0.0000,-1.0556,2.936194
2.962812,2,0x03,0.0000,-1.1111,2.930188
2.962812,3,0x04,0.0000,-1.0556,2.937201
2.963897,0,0x01,0.0000,-1.0556,2.935180
2.963897,1,0x02,0.0000,-1.0556,2.936194
2.963897,2,0x03,0.0000,-1.1111,2.930188
2.963897,3,0x04,0.0000,-1.0556,2.937201
2.970728,0,0x01,0.0000,-1.0556,2.935180
2.970728,1,0x02,0.0000,-1.0556,2.936194
2.970728,2,0x03,0.0000,-1.1111,2.930188
2.970728,3,0x04,0.0000,-1.0556,2.937201
2.971811,0,0x01,0.0000,-1.0556,2.935180
2.971811,1,0x02,0.0000,-1.0556,2.936194
2.971811,2,0x03,0.0000,-1.1111,2.930188
2.971811,3,0x04,0.0000,-1.0556,2.937201
2.972894,0,0x01,0.0000,-1.0556,2.935180
2.972894,1,0x02,0.0000,-1.0556,2.936194
2.972894,2,0x03,0.0000,-1.1111,2.930188
2.972894,3,0x04,0.0000,-1.0556,2.937201
2.973971,0,0x01,0.0000,-1.0556,2.935180
2.973971,1,0x02,0.0000,-1.0556,2.936194
2.973971,2,0x03,0.0000,-1.1111,2.930188
2.973971,3,0x04,0.0000,-1.0556,2.937201
2.979717,0,0x01,0.0000,-1.0556,2.935180
2.979717,1,0x02,0.0000,-1.0556,2.936194
2.979717,2,0x03,0.0000,-1.1111,2.930188
2.979717,3,0x04,0.0000,-1.0556,2.937201
2.980792,0,0x01,0.0000,-1.0556,2.935180
2.980792,1,0x02,0.0000,-1.0556,2.936194
2.980792,2,0x03,0.0000,-1.1111,2.930188
2.980792,3,0x04,0.0000,-1.0556,2.937201
2.981859,0,0x01,0.0000,-1.0556,2.935180
2.981859,1,0x02,0.0000,-1.0556,2.936194
2.981859,2,0x03,0.0000,-1.1111,2.930188
2.981859,3,0x04,0.0000,-1.0556,2.937201
2.982938,0,0x01,0.0000,-1.0556,2.935180
2.982938,1,0x02,0.0000,-1.0556,2.936194
2.982938,2,0x03,0.0000,-1.1111,2.930188
2.982938,3,0x04,0.0000,-1.0556,2.937201
2.984045,0,0x01,0.0000,-1.0556,2.983203
2.984045,1,0x02,0.0000,-1.0556,2.936194
2.984045,2,0x03,0.0000,-1.1111,2.930188
2.984045,3,0x04,0.0000,-1.0556,2.937201
2.991806,0,0x01,0.0000,-1.0556,2.989206
2.991806,1,0x02,0.0000,-1.0556,2.990202
2.991806,2,0x03,0.0000,-1.1111,2.987222
2.991806,3,0x04,0.0000,-1.1111,2.991197
2.992896,0,0x01,0.0000,-1.0556,2.992182
2.992896,1,0x02,0.0000,-1.0556,2.990202
2.992896,2,0x03,0.0000,-1.1111,2.987222
2.992896,3,0x04,0.0000,-1.1111,2.991197
2.993993,0,0x01,0.0000,-1.0556,2.992182
2.993993,1,0x02,0.0000,-1.1111,2.993181
2.993993,2,0x03,0.0000,-1.1111,2.987222
2.993993,3,0x04,0.0000,-1.1111,2.991197
3.001839,0,0x01,0.0000,-1.0000,2.995179
3.001839,1,0x02,0.0000,-1.1111,2.996191
3.001839,2,0x03,0.0000,-0.8889,2.997218
3.001839,3,0x04,0.0000,-1.0556,2.994180
3.002921,0,0x01,0.0000,-1.0000,2.995179
3.002921,1,0x02,0.0000,-1.1111,2.996191
3.002921,2,0x03,0.0000,-0.8889,2.997218
3.002921,3,0x04,0.0000,-1.0556,2.994180
3.004001,0,0x01,0.0000,-1.0000,2.995179
3.004001,1,0x02,0.0000,-1.1111,2.996191
3.004001,2,0x03,0.0000,-0.8889,2.997218
3.004001,3,0x04,0.0000,-1.0556,2.994180
3.011731,0,0x01,0.0000,-1.0000,2.995179
3.011731,1,0x02,0.0000,-1.1111,2.996191
3.011731,2,0x03,0.0000,-0.8889,2.997218
3.011731,3,0x04,0.0000,-1.0556,2.994180
3.012800,0,0x01,0.0000,-1.0000,2.995179
3.012800,1,0x02,0.0000,-1.1111,2.996191
3.012800,2,0x03,0.0000,-0.8889,2.997218
3.012800,3,0x04,0.0000,-1.0556,2.994180
3.013862,0,0x01,0.0000,-1.0000,2.995179
3.013862,1,0x02,0.0000,-1.1111,2.996191
3.013862,2,0x03,0.0000,-0.8889,2.997218
3.013862,3,0x04,0.0000,-1.0556,2.994180
3.020728,0,0x01,0.0000,-1.0000,2.995179
3.020728,1,0x02,0.0000,-1.1111,2.996191
3.020728,2,0x03,0.0000,-0.8889,2.997218
3.020728,3,0x04,0.0000,-1.0556,2.994180
3.021803,0,0x01,0.0000,-1.0000,2.995179
3.021803,1,0x02,0.0000,-1.1111,2.996191
3.021803,2,0x03,0.0000,-0.8889,2.997218
3.021803,3,0x04,0.0000,-1.0556,2.994180
3.022875,0,0x01,0.0000,-1.0000,2.995179
3.022875,1,0x02,0.0000,-1.1111,2.996191
3.022875,2,0x03,0.0000,-0.8889,2.997218
3.022875,3,0x04,0.0000,-1.0556,2.994180
3.023954,0,0x01,0.0000,-1.0000,2.995179
3.023954,1,0x02,0.0000,-1.1111,2.996191
3.023954,2,0x03,0.0000,-0.8889,2.997218
3.023954,3,0x04,0.0000,-1.0556,2.994180
3.029831,0,0x01,0.0000,-1.0000,2.995179
3.029831,1,0x02,0.0000,-1.1111,2.996191
3.029831,2,0x03,0.0000,-0.8889,2.997218
3.029831,3,0x04,0.0000,-1.0556,2.994180
3.030911,0,0x01,0.0000,-1.0000,2.995179
3.030911,1,0x02,0.0000,-1.1111,2.996191
3.030911,2,0x03,0.0000,-0.8889,2.997218
3.030911,3,0x04,0.0000,-1.0556,2.994180
3.032004,0,0x01,0.0000,-1.0000,2.995179
3.032004,1,0x02,0.0000,-1.1111,2.996191
3.032004,2,0x03,0.0000,-0.8889,2.997218
3.032004,3,0x04,0.0000,-1.0556,2.994180
3.033090,0,0x01,0.0000,-1.0000,2.995179
3.033090,1,0x02,0.0000,-1.1111,2.996191
3.033090,2,0x03,0.0000,-0.8889,2.997218
3.033090,3,0x04,0.0000,-1.0556,2.994180
3.034233,0,0x01,0.0000,-1.0000,2.995179
3.034233,1,0x02,0.0000,-1.1111,2.996191
3.034233,2,0x03,0.0000,-0.8889,2.997218
3.034233,3,0x04,0.0000,-1.0556,3.033219
3.041818,0,0x01,0.0000,1.1667,3.039207
3.041818,1,0x02,0.0000,1.0556,3.040200
3.041818,2,0x03,0.0000,0.8333,3.041198
3.041818,3,0x04,0.0000,-1.0556,3.033219
3.042928,0,0x01,0.0000,1.1667,3.039207
3.042928,1,0x02,0.0000,1.0556,3.040200
3.042928,2,0x03,0.0000,0.8333,3.041198
3.042928,3,0x04,0.0000,1.1667,3.042197
3.044026,0,0x01,0.0000,1.2222,3.043187
3.044026,1,0x02,0.0000,1.0556,3.040200
3.044026,2,0x03,0.0000,0.8333,3.041198
3.044026,3,0x04,0.0000,1.1667,3.042197
3.052789,0,0x01,0.0000,1.2222,3.043187
3.052789,1,0x02,0.0000,1.0000,3.044167
3.052789,2,0x03,0.0000,0.8333,3.041198
3.052789,3,0x04,0.0000,1.1667,3.045187
3.053874,0,0x01,0.0000,1.2222,3.043187
3.053874,1,0x02,0.0000,1.0000,3.044167
3.053874,2,0x03,0.0000,0.8333,3.041198
3.053874,3,0x04,0.0000,1.1667,3.045187
3.059777,0,0x01,0.0000,1.2222,3.056212
3.059777,1,0x02,0.0000,1.2778,3.057202
3.059777,2,0x03,0.0000,1.1111,3.058199
3.059777,3,0x04,0.0000,1.1667,3.059208
3.060874,0,0x01,0.0000,1.1111,3.060186
3.060874,1,0x02,0.0000,1.2778,3.057202
3.060874,2,0x03,0.0000,1.1111,3.058199
3.060874,3,0x04,0.0000,1.1667,3.059208
3.061966,0,0x01,0.0000,1.1111,3.060186
3.061966,1,0x02,0.0000,1.2222,3.061177
3.061966,2,0x03,0.0000,1.1111,3.058199
3.061966,3,0x04,0.0000,1.1667,3.059208
3.063057,0,0x01,0.0000,1.1111,3.060186
3.063057,1,0x02,0.0000,1.2222,3.061177
3.063057,2,0x03,0.0000,1.1111,3.062166
3.063057,3,0x04,0.0000,1.1667,3.059208
3.064129,0,0x01,0.0000,1.1111,3.060186
3.064129,1,0x02,0.0000,1.2222,3.061177
3.064129,2,0x03,0.0000,1.1111,3.062166
3.064129,3,0x04,0.0000,1.1667,3.059208
3.071788,0,0x01,0.0000,1.1111,3.068213
3.071788,1,0x02,0.0000,1.1111,3.070235
3.071788,2,0x03,0.0000,1.1111,3.062166
3.071788,3,0x04,0.0000,1.1111,3.065168
3.072871,0,0x01,0.0000,1.1111,3.068213
3.072871,1,0x02,0.0000,1.1111,3.070235
3.072871,2,0x03,0.0000,1.1111,3.062166
3.072871,3,0x04,0.0000,1.1111,3.065168
3.073974,0,0x01,0.0000,1.1111,3.068213
3.073974,1,0x02,0.0000,1.1111,3.070235
3.073974,2,0x03,0.0000,1.1111,3.062166
3.073974,3,0x04,0.0000,1.1111,3.065168
3.080784,0,0x01,0.0000,1.1111,3.080229
3.080784,1,0x02,0.0000,1.1111,3.070235
3.080784,2,0x03,0.0000,1.0556,3.074169
3.080784,3,0x04,0.0000,1.0556,3.077211
3.081860,0,0x01,0.0000,1.1111,3.080229
3.081860,1,0x02,0.0000,1.1111,3.070235
3.081860,2,0x03,0.0000,1.0556,3.074169
3.081860,3,0x04,0.0000,1.0556,3.077211
3.082939,0,0x01,0.0000,1.1111,3.080229
3.082939,1,0x02,0.0000,1.1111,3.070235
3.082939,2,0x03,0.0000,1.0556,3.074169
3.082939,3,0x04,0.0000,1.0556,3.077211
3.084052,0,0x01,0.0000,1.1111,3.080229
3.084052,1,0x02,0.0000,1.1111,3.083195
3.084052,2,0x03,0.0000,1.0556,3.074169
3.084052,3,0x04,0.0000,1.0556,3.077211
3.091763,0,0x01,0.0000,1.1111,3.080229
3.091763,1,0x02,0.0000,1.1111,3.083195
3.091763,2,0x03,0.0000,1.0556,3.086199
3.091763,3,0x04,0.0000,1.1111,3.089212
3.092843,0,0x01,0.0000,1.1111,3.080229
3.092843,1,0x02,0.0000,1.1111,3.083195
3.092843,2,0x03,0.0000,1.0556,3.086199
3.092843,3,0x04,0.0000,1.1111,3.089212
3.093919,0,0x01,0.0000,1.1111,3.080229
3.093919,1,0x02,0.0000,1.1111,3.083195
3.093919,2,0x03,0.0000,1.0556,3.086199
3.093919,3,0x04,0.0000,1.1111,3.089212
3.100727,0,0x01,0.0000,1.1111,3.080229
3.100727,1,0x02,0.0000,1.1111,3.083195
3.100727,2,0x03,0.0000,1.0556,3.086199
3.100727,3,0x04,0.0000,1.1111,3.089212
3.101813,0,0x01,0.0000,1.1111,3.080229
3.101813,1,0x02,0.0000,1.1111,3.083195
3.101813,2,0x03,0.0000,1.0556,3.086199
3.101813,3,0x04,0.0000,1.1111,3.089212
3.102892,0,0x01,0.0000,1.1111,3.080229
3.102892,1,0x02,0.0000,1.1111,3.083195
3.102892,2,0x03,0.0000,1.0556,3.086199
3.102892,3,0x04,0.0000,1.1111,3.089212
3.103974,0,0x01,0.0000,1.1111,3.080229
3.103974,1,0x02,0.0000,1.1111,3.083195
3.103974,2,0x03,0.0000,1.0556,3.086199
3.103974,3,0x04,0.0000,1.1111,3.089212
3.111737,0,0x01,0.0000,1.1111,3.080229
3.111737,1,0x02,0.0000,1.1111,3.083195
3.111737,2,0x03,0.0000,1.0556,3.086199
3.111737,3,0x04,0.0000,1.1111,3.089212
3.112818,0,0x01,0.0000,1.1111,3.080229
3.112818,1,0x02,0.0000,1.1111,3.083195
3.112818,2,0x03,0.0000,1.0556,3.086199
3.112818,3,0x04,0.0000,1.1111,3.089212
3.113888,0,0x01,0.0000,1.1111,3.080229
3.113888,1,0x02,0.0000,1.1111,3.083195
3.113888,2,0x03,0.0000,1.0556,3.086199
3.113888,3,0x04,0.0000,1.1111,3.089212
3.120822,0,0x01,0.0000,1.1111,3.080229
3.120822,1,0x02,0.0000,1.1111,3.083195
3.120822,2,0x03,0.0000,1.0556,3.086199
3.120822,3,0x04,0.0000,1.1111,3.089212
3.121899,0,0x01,0.0000,1.1111,3.080229
3.121899,1,0x02,0.0000,1.1111,3.083195
3.121899,2,0x03,0.0000,1.0556,3.086199
3.121899,3,0x04,0.0000,1.1111,3.089212
3.122970,0,0x01,0.0000,1.1111,3.080229
3.122970,1,0x02,0.0000,1.1111,3.083195
3.122970,2,0x03,0.0000,1.0556,3.086199
3.122970,3,0x04,0.0000,1.1111,3.089212
3.124045,0,0x01,0.0000,1.1111,3.080229
3.124045,1,0x02,0.0000,1.1111,3.083195
3.124045,2,0x03,0.0000,1.0556,3.086199
3.124045,3,0x04,0.0000,1.1111,3.089212
3.131982,0,0x01,0.0000,1.1111,3.130282
3.131982,1,0x02,0.0000,1.1111,3.131256
3.131982,2,0x03,0.0000,1.0556,3.086199
3.131982,3,0x04,0.0000,1.0556,3.129225
3.133080,0,0x01,0.0000,1.1111,3.130282
3.133080,1,0x02,0.0000,1.1111,3.131256
3.133080,2,0x03,0.0000,1.0556,3.086199
3.133080,3,0x04,0.0000,1.0556,3.132213
3.134183,0,0x01,0.0000,1.1111,3.133179
3.134183,1,0x02,0.0000,1.1111,3.131256
3.134183,2,0x03,0.0000,1.0556,3.086199
3.134183,3,0x04,0.0000,1.0556,3.132213
3.141797,0,0x01,0.0000,1.1111,3.133179
3.141797,1,0x02,0.0000,1.1111,3.137203
3.141797,2,0x03,0.0000,1.0556,3.134206
3.141797,3,0x04,0.0000,1.0556,3.136192
3.142878,0,0x01,0.0000,1.1111,3.133179
3.142878,1,0x02,0.0000,1.1111,3.137203
3.142878,2,0x03,0.0000,1.0556,3.134206
3.142878,3,0x04,0.0000,1.0556,3.136192
3.143955,0,0x01,0.0000,1.1111,3.133179
3.143955,1,0x02,0.0000,1.1111,3.137203
3.143955,2,0x03,0.0000,1.0556,3.134206
3.143955,3,0x04,0.0000,1.0556,3.136192
3.150789,0,0x01,0.0000,1.1111,3.133179
3.150789,1,0x02,0.0000,1.1111,3.150217
3.150789,2,0x03,0.0000,1.1111,3.148226
3.150789,3,0x04,0.0000,1.0556,3.136192
3.151883,0,0x01,0.0000,1.1111,3.133179
3.151883,1,0x02,0.0000,1.1111,3.150217
3.151883,2,0x03,0.0000,1.1111,3.148226
3.151883,3,0x04,0.0000,1.0556,3.136192
3.152965,0,0x01,0.0000,1.1111,3.133179
3.152965,1,0x02,0.0000,1.1111,3.150217
3.152965,2,0x03,0.0000,1.1111,3.148226
3.152965,3,0x04,0.0000,1.0556,3.136192
3.154046,0,0x01,0.0000,1.1111,3.133179
3.154046,1,0x02,0.0000,1.1111,3.150217
3.154046,2,0x03,0.0000,1.1111,3.148226
3.154046,3,0x04,0.0000,1.0556,3.136192
3.161726,0,0x01,0.0000,1.1111,3.133179
3.161726,1,0x02,0.0000,1.1111,3.150217
3.161726,2,0x03,0.0000,1.1111,3.148226
3.161726,3,0x04,0.0000,1.0556,3.136192
3.162800,0,0x01,0.0000,1.1111,3.133179
3.162800,1,0x02,0.0000,1.1111,3.150217
3.162800,2,0x03,0.0000,1.1111,3.148226
3.162800,3,0x04,0.0000,1.0556,3.136192
3.163874,0,0x01,0.0000,1.1111,3.133179
3.163874,1,0x02,0.0000,1.1111,3.150217
3.163874,2,0x03,0.0000,1.1111,3.148226
3.163874,3,0x04,0.0000,1.0556,3.136192
3.170749,0,0x01,0.0000,1.1111,3.133179
3.170749,1,0x02,0.0000,1.1111,3.150217
3.170749,2,0x03,0.0000,1.1111,3.148226
3.170749,3,0x04,0.0000,1.0556,3.136192
3.171840,0,0x01,0.0000,1.1111,3.133179
3.171840,1,0x02,0.0000,1.1111,3.150217
3.171840,2,0x03,0.0000,1.1111,3.148226
3.171840,3,0x04,0.0000,1.0556,3.136192
3.172918,0,0x01,0.0000,1.1111,3.133179
3.172918,1,0x02,0.0000,1.1111,3.150217
3.172918,2,0x03,0.0000,1.1111,3.148226
3.172918,3,0x04,0.0000,1.0556,3.136192
3.173994,0,0x01,0.0000,1.1111,3.133179
3.173994,1,0x02,0.0000,1.1111,3.150217
3.173994,2,0x03,0.0000,1.1111,3.148226
3.173994,3,0x04,0.0000,1.0556,3.136192
3.181733,0,0x01,0.0000,1.1111,3.133179
3.181733,1,0x02,0.0000,1.1111,3.150217
3.181733,2,0x03,0.0000,1.1111,3.148226
3.181733,3,0x04,0.0000,1.0556,3.136192
3.182808,0,0x01,0.0000,1.1111,3.133179
3.182808,1,0x02,0.0000,1.1111,3.150217
3.182808,2,0x03,0.0000,1.1111,3.148226
3.182808,3,0x04,0.0000,1.0556,3.136192
3.183889,0,0x01,0.0000,1.1111,3.133179
3.183889,1,0x02,0.0000,1.1111,3.150217
3.183889,2,0x03,0.0000,1.1111,3.148226
3.183889,3,0x04,0.0000,1.0556,3.136192
3.190794,0,0x01,0.0000,1.1111,3.190207
3.190794,1,0x02,0.0000,1.1111,3.188211
3.190794,2,0x03,0.0000,1.0556,3.186204
3.190794,3,0x04,0.0000,1.0556,3.189198
3.191895,0,0x01,0.0000,1.1111,3.190207
3.191895,1,0x02,0.0000,1.1111,3.191194
3.191895,2,0x03,0.0000,1.0556,3.186204
3.191895,3,0x04,0.0000,1.0556,3.189198
3.192995,0,0x01,0.0000,1.1111,3.190207
3.192995,1,0x02,0.0000,1.1111,3.191194
3.192995,2,0x03,0.0000,1.0556,3.192182
3.192995,3,0x04,0.0000,1.0556,3.189198
3.194090,0,0x01,0.0000,1.1111,3.190207
3.194090,1,0x02,0.0000,1.1111,3.191194
3.194090,2,0x03,0.0000,1.0556,3.192182
3.194090,3,0x04,0.0000,1.1111,3.193181
3.201811,0,0x01,0.0000,1.1111,3.197216
3.201811,1,0x02,0.0000,1.1111,3.191194
3.201811,2,0x03,0.0000,1.0556,3.198188
3.201811,3,0x04,0.0000,1.0556,3.199223
3.202886,0,0x01,0.0000,1.1111,3.197216
3.202886,1,0x02,0.0000,1.1111,3.191194
3.202886,2,0x03,0.0000,1.0556,3.198188
3.202886,3,0x04,0.0000,1.0556,3.199223
3.203966,0,0x01,0.0000,1.1111,3.197216
3.203966,1,0x02,0.0000,1.1111,3.191194
3.203966,2,0x03,0.0000,1.0556,3.198188
3.203966,3,0x04,0.0000,1.0556,3.199223
3.211755,0,0x01,0.0000,1.1667,3.210212
3.211755,1,0x02,0.0000,1.1111,3.211209
3.211755,2,0x03,0.0000,1.0556,3.198188
3.211755,3,0x04,0.0000,1.0556,3.199223
3.212844,0,0x01,0.0000,1.1667,3.210212
3.212844,1,0x02,0.0000,1.1111,3.211209
3.212844,2,0x03,0.0000,1.0556,3.212187
3.212844,3,0x04,0.0000,1.0556,3.199223
3.213934,0,0x01,0.0000,0.6667,3.213181
3.213934,1,0x02,0.0000,1.1111,3.211209
3.213934,2,0x03,0.0000,1.0556,3.212187
3.213934,3,0x04,0.0000,1.0556,3.199223
3.220759,0,0x01,0.0000,0.6667,3.213181
3.220759,1,0x02,0.0000,1.1111,3.211209
3.220759,2,0x03,0.0000,1.0556,3.212187
3.220759,3,0x04,0.0000,1.0556,3.199223
3.221851,0,0x01,0.0000,0.6667,3.213181
3.221851,1,0x02,0.0000,1.1111,3.211209
3.221851,2,0x03,0.0000,1.0556,3.212187
3.221851,3,0x04,0.0000,1.0556,3.199223
3.222921,0,0x01,0.0000,0.6667,3.213181
3.222921,1,0x02,0.0000,1.1111,3.211209
3.222921,2,0x03,0.0000,1.0556,3.212187
3.222921,3,0x04,0.0000,1.0556,3.199223
3.223995,0,0x01,0.0000,0.6667,3.213181
3.223995,1,0x02,0.0000,1.1111,3.211209
3.223995,2,0x03,0.0000,1.0556,3.212187
3.223995,3,0x04,0.0000,1.0556,3.199223
3.231727,0,0x01,0.0000,0.6667,3.213181
3.231727,1,0x02,0.0000,1.1111,3.211209
3.231727,2,0x03,0.0000,1.0556,3.212187
3.231727,3,0x04,0.0000,1.0556,3.199223
3.232800,0,0x01,0.0000,0.6667,3.213181
3.232800,1,0x02,0.0000,1.1111,3.211209
3.232800,2,0x03,0.0000,1.0556,3.212187
3.232800,3,0x04,0.0000,1.0556,3.199223
3.233884,0,0x01,0.0000,0.6667,3.213181
3.233884,1,0x02,0.0000,1.1111,3.211209
3.233884,2,0x03,0.0000,1.0556,3.212187
3.233884,3,0x04,0.0000,1.0556,3.199223
3.240722,0,0x01,0.0000,0.6667,3.213181
3.240722,1,0x02,0.0000,1.1111,3.211209
3.240722,2,0x03,0.0000,1.0556,3.212187
3.240722,3,0x04,0.0000,1.0556,3.199223
3.241792,0,0x01,0.0000,0.6667,3.213181
3.241792,1,0x02,0.0000,1.1111,3.211209
3.241792,2,0x03,0.0000,1.0556,3.212187
3.241792,3,0x04,0.0000,1.0556,3.199223
3.242872,0,0x01,0.0000,0.6667,3.213181
3.242872,1,0x02,0.0000,1.1111,3.211209
3.242872,2,0x03,0.0000,1.0556,3.212187
3.242872,3,0x04,0.0000,1.0556,3.199223
3.243948,0,0x01,0.0000,0.6667,3.213181
3.243948,1,0x02,0.0000,1.1111,3.211209
3.243948,2,0x03,0.0000,1.0556,3.212187
3.243948,3,0x04,0.0000,1.0556,3.199223
3.249803,0,0x01,0.0000,0.6667,3.213181
3.249803,1,0x02,0.0000,1.1111,3.248205
3.249803,2,0x03,0.0000,-0.3333,3.249217
3.249803,3,0x04,0.0000,1.0556,3.199223
3.250918,0,0x01,0.0000,0.6667,3.213181
3.250918,1,0x02,0.0000,1.1111,3.248205
3.250918,2,0x03,0.0000,-0.3333,3.249217
3.250918,3,0x04,0.0000,-0.5000,3.250194
3.252029,0,0x01,0.0000,-0.8889,3.251175
3.252029,1,0x02,0.0000,1.1111,3.248205
3.252029,2,0x03,0.0000,-0.3333,3.249217
3.252029,3,0x04,0.0000,-0.5000,3.250194
3.253124,0,0x01,0.0000,-0.8889,3.251175
3.253124,1,0x02,0.0000,-1.1667,3.252193
3.253124,2,0x03,0.0000,-0.3333,3.249217
3.253124,3,0x04,0.0000,-0.5000,3.250194
3.254308,0,0x01,0.0000,-0.9444,3.254199
3.254308,1,0x02,0.0000,-1.1667,3.252193
3.254308,2,0x03,0.0000,-0.6111,3.253208
3.254308,3,0x04,0.0000,-0.5000,3.250194
3.261800,0,0x01,0.0000,-1.0000,3.257200
3.261800,1,0x02,0.0000,-1.1667,3.255221
3.261800,2,0x03,0.0000,-0.8889,3.261202
3.261800,3,0x04,0.0000,-1.0000,3.260200
3.262871,0,0x01,0.0000,-1.0000,3.257200
3.262871,1,0x02,0.0000,-1.1667,3.255221
3.262871,2,0x03,0.0000,-0.8889,3.261202
3.262871,3,0x04,0.0000,-1.0000,3.260200
3.263958,0,0x01,0.0000,-1.0000,3.257200
3.263958,1,0x02,0.0000,-1.1667,3.255221
3.263958,2,0x03,0.0000,-0.8889,3.261202
3.263958,3,0x04,0.0000,-1.0000,3.260200
3.270803,0,0x01,0.0000,-1.0000,3.257200
3.270803,1,0x02,0.0000,-1.1667,3.255221
3.270803,2,0x03,0.0000,-0.8889,3.261202
3.270803,3,0x04,0.0000,-1.0000,3.260200
3.271878,0,0x01,0.0000,-1.0000,3.257200
3.271878,1,0x02,0.0000,-1.1667,3.255221
3.271878,2,0x03,0.0000,-0.8889,3.261202
3.271878,3,0x04,0.0000,-1.0000,3.260200
3.272951,0,0x01,0.0000,-1.0000,3.257200
3.272951,1,0x02,0.0000,-1.1667,3.255221
3.272951,2,0x03,0.0000,-0.8889,3.261202
3.272951,3,0x04,0.0000,-1.0000,3.260200
3.274014,0,0x01,0.0000,-1.0000,3.257200
3.274014,1,0x02,0.0000,-1.1667,3.255221
3.274014,2,0x03,0.0000,-0.8889,3.261202
3.274014,3,0x04,0.0000,-1.0000,3.260200
3.281791,0,0x01,0.0000,-1.0000,3.257200
3.281791,1,0x02,0.0000,-1.1667,3.255221
3.281791,2,0x03,0.0000,-0.8889,3.261202
3.281791,3,0x04,0.0000,-1.0000,3.260200
3.282856,0,0x01,0.0000,-1.0000,3.257200
3.282856,1,0x02,0.0000,-1.1667,3.255221
3.282856,2,0x03,0.0000,-0.8889,3.261202
3.282856,3,0x04,0.0000,-1.0000,3.260200
3.283921,0,0x01,0.0000,-1.0000,3.257200
3.283921,1,0x02,0.0000,-1.1667,3.255221
3.283921,2,0x03,0.0000,-0.8889,3.261202
3.283921,3,0x04,0.0000,-1.0000,3.260200
3.290720,0,0x01,0.0000,-1.0000,3.257200
3.290720,1,0x02,0.0000,-1.1667,3.255221
3.290720,2,0x03,0.0000,-0.8889,3.261202
3.290720,3,0x04,0.0000,-1.0000,3.260200
3.291796,0,0x01,0.0000,-1.0000,3.257200
3.291796,1,0x02,0.0000,-1.1667,3.255221
3.291796,2,0x03,0.0000,-0.8889,3.261202
3.291796,3,0x04,0.0000,-1.0000,3.260200
3.292879,0,0x01,0.0000,-1.0000,3.257200
3.292879,1,0x02,0.0000,-1.1667,3.255221
3.292879,2,0x03,0.0000,-0.8889,3.261202
3.292879,3,0x04,0.0000,-1.0000,3.260200
3.293952,0,0x01,0.0000,-1.0000,3.257200
3.293952,1,0x02,0.0000,-1.1667,3.255221
3.293952,2,0x03,0.0000,-0.8889,3.261202
3.293952,3,0x04,0.0000,-1.0000,3.260200
3.299787,0,0x01,0.0000,-1.0556,3.299227
3.299787,1,0x02,0.0000,-1.1667,3.255221
3.299787,2,0x03,0.0000,-0.8889,3.261202
3.299787,3,0x04,0.0000,-1.0000,3.260200
3.300895,0,0x01,0.0000,-1.0556,3.299227
3.300895,1,0x02,0.0000,-1.1667,3.300298
3.300895,2,0x03,0.0000,-0.8889,3.261202
3.300895,3,0x04,0.0000,-1.0000,3.260200
3.301996,0,0x01,0.0000,-1.0556,3.299227
3.301996,1,0x02,0.0000,-1.1667,3.300298
3.301996,2,0x03,0.0000,-1.1111,3.301178
3.301996,3,0x04,0.0000,-1.0000,3.260200
3.303099,0,0x01,0.0000,-1.0556,3.302187
3.303099,1,0x02,0.0000,-1.1667,3.300298
3.303099,2,0x03,0.0000,-1.1111,3.301178
3.303099,3,0x04,0.0000,-1.0000,3.260200
3.304197,0,0x01,0.0000,-1.0556,3.302187
3.304197,1,0x02,0.0000,-1.1667,3.303198
3.304197,2,0x03,0.0000,-1.1111,3.301178
3.304197,3,0x04,0.0000,-1.0000,3.260200
3.311774,0,0x01,0.0000,-1.0556,3.309205
3.311774,1,0x02,0.0000,-1.1667,3.307200
3.311774,2,0x03,0.0000,-1.0556,3.304220
3.311774,3,0x04,0.0000,-1.1667,3.308201
3.312835,0,0x01,0.0000,-1.0556,3.309205
3.312835,1,0x02,0.0000,-1.1667,3.307200
3.312835,2,0x03,0.0000,-1.0556,3.304220
3.312835,3,0x04,0.0000,-1.1667,3.308201
3.313905,0,0x01,0.0000,-1.0556,3.309205
3.313905,1,0x02,0.0000,-1.1667,3.307200
3.313905,2,0x03,0.0000,-1.0556,3.304220
3.313905,3,0x04,0.0000,-1.1667,3.308201
3.320730,0,0x01,0.0000,-1.0556,3.309205
3.320730,1,0x02,0.0000,-1.1667,3.307200
3.320730,2,0x03,0.0000,-1.0556,3.304220
3.320730,3,0x04,0.0000,-1.1667,3.308201
3.321809,0,0x01,0.0000,-1.0556,3.309205
3.321809,1,0x02,0.0000,-1.1667,3.307200
3.321809,2,0x03,0.0000,-1.0556,3.304220
3.321809,3,0x04,0.0000,-1.1667,3.308201
3.322883,0,0x01,0.0000,-1.0556,3.309205
3.322883,1,0x02,0.0000,-1.1667,3.307200
3.322883,2,0x03,0.0000,-1.0556,3.304220
3.322883,3,0x04,0.0000,-1.1667,3.308201
3.323956,0,0x01,0.0000,-1.0556,3.309205
3.323956,1,0x02,0.0000,-1.1667,3.307200
3.323956,2,0x03,0.0000,-1.0556,3.304220
3.323956,3,0x04,0.0000,-1.1667,3.308201
3.329721,0,0x01,0.0000,-1.0556,3.309205
3.329721,1,0x02,0.0000,-1.1667,3.307200
3.329721,2,0x03,0.0000,-1.0556,3.304220
3.329721,3,0x04,0.0000,-1.1667,3.308201
3.330790,0,0x01,0.0000,-1.0556,3.309205
3.330790,1,0x02,0.0000,-1.1667,3.307200
3.330790,2,0x03,0.0000,-1.0556,3.304220
3.330790,3,0x04,0.0000,-1.1667,3.308201
3.331862,0,0x01,0.0000,-1.0556,3.309205
3.331862,1,0x02,0.0000,-1.1667,3.307200
3.331862,2,0x03,0.0000,-1.0556,3.304220
3.331862,3,0x04,0.0000,-1.1667,3.308201
3.332957,0,0x01,0.0000,-1.0556,3.309205
3.332957,1,0x02,0.0000,-1.1667,3.307200
3.332957,2,0x03,0.0000,-1.0556,3.304220
3.332957,3,0x04,0.0000,-1.1667,3.308201
3.334034,0,0x01,0.0000,-1.0556,3.309205
3.334034,1,0x02,0.0000,-1.1667,3.307200
3.334034,2,0x03,0.0000,-1.0556,3.304220
3.334034,3,0x04,0.0000,-1.1667,3.308201
3.341708,0,0x01,0.0000,-1.0556,3.309205
3.341708,1,0x02,0.0000,-1.1667,3.307200
3.341708,2,0x03,0.0000,-1.0556,3.304220
3.341708,3,0x04,0.0000,-1.1667,3.308201
3.342782,0,0x01,0.0000,-1.0556,3.309205
3.342782,1,0x02,0.0000,-1.1667,3.307200
3.342782,2,0x03,0.0000,-1.0556,3.304220
3.342782,3,0x04,0.0000,-1.1667,3.308201
3.343858,0,0x01,0.0000,-1.0556,3.309205
3.343858,1,0x02,0.0000,-1.1667,3.307200
3.343858,2,0x03,0.0000,-1.0556,3.304220
3.343858,3,0x04,0.0000,-1.1667,3.308201
3.350795,0,0x01,0.0000,-1.0556,3.346204
3.350795,1,0x02,0.0000,-1.1111,3.347232
3.350795,2,0x03,0.0000,-1.1111,3.348204
3.350795,3,0x04,0.0000,-1.1667,3.349208
3.351894,0,0x01,0.0000,-1.0556,3.346204
3.351894,1,0x02,0.0000,-1.1667,3.351260
3.351894,2,0x03,0.0000,-1.1111,3.348204
3.351894,3,0x04,0.0000,-1.1667,3.349208
3.352992,0,0x01,0.0000,-1.0556,3.346204
3.352992,1,0x02,0.0000,-1.1667,3.351260
3.352992,2,0x03,0.0000,-1.1111,3.352201
3.352992,3,0x04,0.0000,-1.1667,3.349208
3.354075,0,0x01,0.0000,-1.0556,3.346204
3.354075,1,0x02,0.0000,-1.1667,3.351260
3.354075,2,0x03,0.0000,-1.1111,3.352201
3.354075,3,0x04,0.0000,-1.1667,3.349208
3.362782,0,0x01,0.0000,-1.0556,3.356191
3.362782,1,0x02,0.0000,-1.1111,3.354201
3.362782,2,0x03,0.0000,-1.1111,3.355213
3.362782,3,0x04,0.0000,-1.1667,3.349208
3.363855,0,0x01,0.0000,-1.0556,3.356191
3.363855,1,0x02,0.0000,-1.1111,3.354201
3.363855,2,0x03,0.0000,-1.1111,3.355213
3.363855,3,0x04,0.0000,-1.1667,3.349208
3.371831,0,0x01,0.0000,-1.0556,3.370244
3.371831,1,0x02,0.0000,-1.1667,3.371205
3.371831,2,0x03,0.0000,-1.1111,3.355213
3.371831,3,0x04,0.0000,-1.1667,3.368249
3.372941,0,0x01,0.0000,-1.0556,3.370244
3.372941,1,0x02,0.0000,-1.1667,3.371205
3.372941,2,0x03,0.0000,-1.1111,3.355213
3.372941,3,0x04,0.0000,-1.1111,3.372215
3.374014,0,0x01,0.0000,-1.0556,3.370244
3.374014,1,0x02,0.0000,-1.1667,3.371205
3.374014,2,0x03,0.0000,-1.1111,3.355213
3.374014,3,0x04,0.0000,-1.1111,3.372215
3.380776,0,0x01,0.0000,-1.0556,3.374168
3.380776,1,0x02,0.0000,-1.1667,3.377200
3.380776,2,0x03,0.0000,-1.0556,3.380209
3.380776,3,0x04,0.0000,-1.1111,3.372215
3.381843,0,0x01,0.0000,-1.0556,3.374168
3.381843,1,0x02,0.0000,-1.1667,3.377200
3.381843,2,0x03,0.0000,-1.0556,3.380209
3.381843,3,0x04,0.0000,-1.1111,3.372215
3.382953,0,0x01,0.0000,-1.0556,3.374168
3.382953,1,0x02,0.0000,-1.1667,3.377200
3.382953,2,0x03,0.0000,-1.0556,3.380209
3.382953,3,0x04,0.0000,-1.1111,3.382189
3.384056,0,0x01,0.0000,-1.0556,3.374168
3.384056,1,0x02,0.0000,-1.1667,3.377200
3.384056,2,0x03,0.0000,-1.0556,3.380209
3.384056,3,0x04,0.0000,-1.1111,3.382189
3.391795,0,0x01,0.0000,-1.0556,3.386204
3.391795,1,0x02,0.0000,-1.1667,3.388202
3.391795,2,0x03,0.0000,-1.0556,3.380209
3.391795,3,0x04,0.0000,-1.1111,3.382189
3.392908,0,0x01,0.0000,-1.0556,3.386204
3.392908,1,0x02,0.0000,-1.1667,3.388202
3.392908,2,0x03,0.0000,-1.0556,3.392199
3.392908,3,0x04,0.0000,-1.1111,3.382189
3.393984,0,0x01,0.0000,-1.0556,3.386204
3.393984,1,0x02,0.0000,-1.1667,3.388202
3.393984,2,0x03,0.0000,-1.0556,3.392199
3.393984,3,0x04,0.0000,-1.1111,3.382189
3.400805,0,0x01,0.0000,-1.0556,3.397207
3.400805,1,0x02,0.0000,-1.1667,3.399207
3.400805,2,0x03,0.0000,-1.0556,3.392199
3.400805,3,0x04,0.0000,-1.1667,3.394170
3.401893,0,0x01,0.0000,-1.0556,3.397207
3.401893,1,0x02,0.0000,-1.1667,3.399207
3.401893,2,0x03,0.0000,-1.0556,3.392199
3.401893,3,0x04,0.0000,-1.1667,3.394170
3.402992,0,0x01,0.0000,-1.0556,3.397207
3.402992,1,0x02,0.0000,-1.1667,3.399207
3.402992,2,0x03,0.0000,-1.0556,3.392199
3.402992,3,0x04,0.0000,-1.1667,3.394170
3.404078,0,0x01,0.0000,-1.0556,3.397207
3.404078,1,0x02,0.0000,-1.1667,3.399207
3.404078,2,0x03,0.0000,-1.0556,3.392199
3.404078,3,0x04,0.0000,-1.1667,3.394170
3.411727,0,0x01,0.0000,-1.0556,3.397207
3.411727,1,0x02,0.0000,-1.1667,3.399207
3.411727,2,0x03,0.0000,-1.0556,3.392199
3.411727,3,0x04,0.0000,-1.1667,3.394170
3.412793,0,0x01,0.0000,-1.0556,3.397207
3.412793,1,0x02,0.0000,-1.1667,3.399207
3.412793,2,0x03,0.0000,-1.0556,3.392199
3.412793,3,0x04,0.0000,-1.1667,3.394170
3.413867,0,0x01,0.0000,-1.0556,3.397207
3.413867,1,0x02,0.0000,-1.1667,3.399207
3.413867,2,0x03,0.0000,-1.0556,3.392199
3.413867,3,0x04,0.0000,-1.1667,3.394170
3.420729,0,0x01,0.0000,-1.0556,3.397207
3.420729,1,0x02,0.0000,-1.1667,3.399207
3.420729,2,0x03,0.0000,-1.0556,3.392199
3.420729,3,0x04,0.0000,-1.1667,3.394170
3.421815,0,0x01,0.0000,-1.0556,3.397207
3.421815,1,0x02,0.0000,-1.1667,3.399207
3.421815,2,0x03,0.0000,-1.0556,3.392199
3.421815,3,0x04,0.0000,-1.1667,3.394170
3.422894,0,0x01,0.0000,-1.0556,3.397207
3.422894,1,0x02,0.0000,-1.1667,3.399207
3.422894,2,0x03,0.0000,-1.0556,3.392199
3.422894,3,0x04,0.0000,-1.1667,3.394170
3.423971,0,0x01,0.0000,-1.0556,3.397207
3.423971,1,0x02,0.0000,-1.1667,3.399207
3.423971,2,0x03,0.0000,-1.0556,3.392199
3.423971,3,0x04,0.0000,-1.1667,3.394170
3.431740,0,0x01,0.0000,-1.0556,3.397207
3.431740,1,0x02,0.0000,-1.1667,3.399207
3.431740,2,0x03,0.0000,-1.0556,3.392199
3.431740,3,0x04,0.0000,-1.1667,3.394170
3.432812,0,0x01,0.0000,-1.0556,3.397207
3.432812,1,0x02,0.0000,-1.1667,3.399207
3.432812,2,0x03,0.0000,-1.0556,3.392199
3.432812,3,0x04,0.0000,-1.1667,3.394170
3.433886,0,0x01,0.0000,-1.0556,3.397207
3.433886,1,0x02,0.0000,-1.1667,3.399207
3.433886,2,0x03,0.0000,-1.0556,3.392199
3.433886,3,0x04,0.0000,-1.1667,3.394170
3.440779,0,0x01,0.0000,-1.0556,3.439200
3.440779,1,0x02,0.0000,-1.1667,3.440200
3.440779,2,0x03,0.0000,-1.0556,3.392199
3.440779,3,0x04,0.0000,-1.1667,3.438224
3.441880,0,0x01,0.0000,-1.0556,3.439200
3.441880,1,0x02,0.0000,-1.1667,3.440200
3.441880,2,0x03,0.0000,-1.1111,3.441190
3.441880,3,0x04,0.0000,-1.1667,3.438224
3.442989,0,0x01,0.0000,-1.0556,3.442181
3.442989,1,0x02,0.0000,-1.1667,3.440200
3.442989,2,0x03,0.0000,-1.1111,3.441190
3.442989,3,0x04,0.0000,-1.1667,3.438224
3.444062,0,0x01,0.0000,-1.0556,3.442181
3.444062,1,0x02,0.0000,-1.1667,3.440200
3.444062,2,0x03,0.0000,-1.1111,3.441190
3.444062,3,0x04,0.0000,-1.1667,3.438224
3.952286,0,0x01,0.0000,0.1111,3.958215
3.952286,1,0x02,0.0000,-1.1667,3.949191
3.952286,2,0x03,0.0000,0.0556,3.952582
3.952286,3,0x04,0.0000,0.0556,3.954243
3.960849,0,0x01,0.0000,0.1111,3.958215
3.960849,1,0x02,0.0000,-1.1667,3.949191
3.960849,2,0x03,0.0000,0.0556,3.952582
3.960849,3,0x04,0.0000,0.0556,3.954243
3.961916,0,0x01,0.0000,0.1111,3.958215
3.961916,1,0x02,0.0000,-1.1111,3.961265
3.961916,2,0x03,0.0000,0.0556,3.952582
3.961916,3,0x04,0.0000,0.0556,3.954243
3.963015,0,0x01,0.0000,0.1111,3.958215
3.963015,1,0x02,0.0000,-1.1111,3.961265
3.963015,2,0x03,0.0000,0.0556,3.963244
3.963015,3,0x04,0.0000,0.0556,3.954243
3.968902,0,0x01,0.0000,0.1111,3.958215
3.968902,1,0x02,0.0000,-1.1111,3.961265
3.968902,2,0x03,0.0000,0.0556,3.963244
3.968902,3,0x04,0.0000,0.0556,3.954243
3.969969,0,0x01,0.0000,0.1111,3.958215
3.969969,1,0x02,0.0000,-1.1111,3.961265
3.969969,2,0x03,0.0000,0.0556,3.963244
3.969969,3,0x04,0.0000,0.0556,3.954243
3.971103,0,0x01,0.0000,0.1111,3.958215
3.971103,1,0x02,0.0000,-1.1111,3.961265
3.971103,2,0x03,0.0000,0.0556,3.963244
3.971103,3,0x04,0.0000,0.0556,3.954243
3.972172,0,0x01,0.0000,0.1111,3.958215
3.972172,1,0x02,0.0000,-1.1111,3.961265
3.972172,2,0x03,0.0000,0.0556,3.963244
3.972172,3,0x04,0.0000,0.0556,3.954243
3.973236,0,0x01,0.0000,0.1111,3.978224
3.973236,1,0x02,0.0000,-0.5000,3.979201
3.973236,2,0x03,0.0000,0.1111,3.980201
3.973236,3,0x04,0.0000,0.0556,3.954243
3.981844,0,0x01,0.0000,0.1111,3.978224
3.981844,1,0x02,0.0000,-0.5000,3.979201
3.981844,2,0x03,0.0000,0.1111,3.980201
3.981844,3,0x04,0.0000,0.0556,3.981264
3.982961,0,0x01,0.0000,0.1111,3.983383
3.982961,1,0x02,0.0000,-0.2222,3.987261
3.982961,2,0x03,0.0000,0.1111,3.980201
3.982961,3,0x04,0.0000,0.0556,3.981264
3.990926,0,0x01,0.0000,0.1111,3.983383
3.990926,1,0x02,0.0000,-0.2222,3.987261
3.990926,2,0x03,0.0000,0.0556,3.990226
3.990926,3,0x04,0.0000,0.0556,3.981264
3.992020,0,0x01,0.0000,0.1111,3.983383
3.992020,1,0x02,0.0000,-0.2222,3.987261
3.992020,2,0x03,0.0000,0.0556,3.990226
3.992020,3,0x04,0.0000,0.0556,3.981264
3.993093,0,0x01,0.0000,0.0556,3.996193
3.993093,1,0x02,0.0000,-0.1111,3.998192
3.993093,2,0x03,0.0000,0.0556,3.990226
3.993093,3,0x04,0.0000,0.0556,3.992289
4.000825,0,0x01,0.0000,0.0556,3.996193
4.000825,1,0x02,0.0000,-0.1111,3.998192
4.000825,2,0x03,0.0000,0.0556,3.990226
4.000825,3,0x04,0.0000,0.0556,3.992289
4.001901,0,0x01,0.0000,0.0556,3.996193
4.001901,1,0x02,0.0000,-0.1111,3.998192
4.001901,2,0x03,0.0000,0.0556,3.990226
4.001901,3,0x04,0.0000,0.0556,3.992289
4.002985,0,0x01,0.0000,0.1111,4.008205
4.002985,1,0x02,0.0000,-0.1111,3.998192
4.002985,2,0x03,0.0000,0.0556,4.002191
4.002985,3,0x04,0.0000,0.0556,4.004209
4.009818,0,0x01,0.0000,0.1111,4.008205
4.009818,1,0x02,0.0000,-0.1111,3.998192
4.009818,2,0x03,0.0000,0.0556,4.002191
4.009818,3,0x04,0.0000,0.0556,4.004209
4.010881,0,0x01,0.0000,0.1111,4.008205
4.010881,1,0x02,0.0000,-0.1111,3.998192
4.010881,2,0x03,0.0000,0.0556,4.002191
4.010881,3,0x04,0.0000,0.0556,4.004209
4.011955,0,0x01,0.0000,0.1111,4.008205
4.011955,1,0x02,0.0000,0.2778,4.011169
4.011955,2,0x03,0.0000,0.0556,4.002191
4.011955,3,0x04,0.0000,0.0556,4.004209
4.013061,0,0x01,0.0000,0.1111,4.008205
4.013061,1,0x02,0.0000,0.2778,4.011169
4.013061,2,0x03,0.0000,0.0556,4.002191
4.013061,3,0x04,0.0000,0.0556,4.004209
4.023795,0,0x01,0.0000,0.1111,4.026212
4.023795,1,0x02,0.0000,0.0556,4.027196
4.023795,2,0x03,0.0000,0.0556,4.002191
4.023795,3,0x04,0.0000,0.0556,4.025229
4.029817,0,0x01,0.0000,0.1111,4.026212
4.029817,1,0x02,0.0000,0.0556,4.027196
4.029817,2,0x03,0.0000,0.0556,4.002191
4.029817,3,0x04,0.0000,0.0556,4.025229
4.030884,0,0x01,0.0000,0.1111,4.026212
4.030884,1,0x02,0.0000,0.0556,4.027196
4.030884,2,0x03,0.0000,0.0556,4.002191
4.030884,3,0x04,0.0000,0.0556,4.025229
4.031961,0,0x01,0.0000,0.1111,4.026212
4.031961,1,0x02,0.0000,0.0556,4.027196
4.031961,2,0x03,0.0000,0.0556,4.002191
4.031961,3,0x04,0.0000,0.0556,4.025229
4.033046,0,0x01,0.0000,0.1111,4.026212
4.033046,1,0x02,0.0000,0.0556,4.027196
4.033046,2,0x03,0.0000,0.0556,4.002191
4.033046,3,0x04,0.0000,0.0556,4.025229
4.038800,0,0x01,0.0000,0.1111,4.026212
4.038800,1,0x02,0.0000,0.0556,4.027196
4.038800,2,0x03,0.0000,0.0556,4.002191
4.038800,3,0x04,0.0000,0.0556,4.025229
4.039867,0,0x01,0.0000,0.1111,4.026212
4.039867,1,0x02,0.0000,0.0556,4.027196
4.039867,2,0x03,0.0000,0.0556,4.002191
4.039867,3,0x04,0.0000,0.0556,4.025229
4.040959,0,0x01,0.0000,0.1111,4.026212
4.040959,1,0x02,0.0000,0.0556,4.027196
4.040959,2,0x03,0.0000,0.0556,4.002191
4.040959,3,0x04,0.0000,0.0556,4.025229
4.042042,0,0x01,0.0000,0.1111,4.026212
4.042042,1,0x02,0.0000,0.0556,4.027196
4.042042,2,0x03,0.0000,0.0556,4.002191
4.042042,3,0x04,0.0000,0.0556,4.025229
4.043116,0,0x01,0.0000,0.1111,4.026212
4.043116,1,0x02,0.0000,0.0556,4.027196
4.043116,2,0x03,0.0000,0.0556,4.002191
4.043116,3,0x04,0.0000,0.0556,4.025229
4.050814,0,0x01,0.0000,0.1111,4.026212
4.050814,1,0x02,0.0000,0.0556,4.027196
4.050814,2,0x03,0.0000,0.0556,4.002191
4.050814,3,0x04,0.0000,0.0556,4.025229
4.051897,0,0x01,0.0000,0.1111,4.026212
4.051897,1,0x02,0.0000,0.0556,4.027196
4.051897,2,0x03,0.0000,0.0556,4.002191
4.051897,3,0x04,0.0000,0.0556,4.025229
4.052964,0,0x01,0.0000,0.1111,4.026212
4.052964,1,0x02,0.0000,0.0556,4.027196
4.052964,2,0x03,0.0000,0.0556,4.002191
4.052964,3,0x04,0.0000,0.0556,4.025229
4.059799,0,0x01,0.0000,0.1111,4.026212
4.059799,1,0x02,0.0000,0.0556,4.027196
4.059799,2,0x03,0.0000,0.0556,4.002191
4.059799,3,0x04,0.0000,0.0556,4.025229
4.060868,0,0x01,0.0000,0.1111,4.026212
4.060868,1,0x02,0.0000,0.0556,4.027196
4.060868,2,0x03,0.0000,0.0556,4.002191
4.060868,3,0x04,0.0000,0.0556,4.025229
4.061943,0,0x01,0.0000,0.1111,4.026212
4.061943,1,0x02,0.0000,0.0556,4.027196
4.061943,2,0x03,0.0000,0.0556,4.002191
4.061943,3,0x04,0.0000,0.0556,4.025229
4.063043,0,0x01,0.0000,0.1111,4.064203
4.063043,1,0x02,0.0000,0.0556,4.027196
4.063043,2,0x03,0.0000,0.1111,4.065203
4.063043,3,0x04,0.0000,0.0556,4.067198
4.068863,0,0x01,0.0000,0.1111,4.064203
4.068863,1,0x02,0.0000,0.0556,4.027196
4.068863,2,0x03,0.0000,0.0556,4.068194
4.068863,3,0x04,0.0000,0.0556,4.067198
4.069941,0,0x01,0.0000,0.1111,4.064203
4.069941,1,0x02,0.0000,0.0556,4.027196
4.069941,2,0x03,0.0000,0.0556,4.068194
4.069941,3,0x04,0.0000,0.0556,4.067198
4.071021,0,0x01,0.0000,0.1111,4.070185
4.071021,1,0x02,0.0000,0.0556,4.027196
4.071021,2,0x03,0.0000,0.0556,4.068194
4.071021,3,0x04,0.0000,0.0556,4.067198
4.072124,0,0x01,0.0000,0.1111,4.070185
4.072124,1,0x02,0.0000,0.0556,4.071191
4.072124,2,0x03,0.0000,0.0556,4.068194
4.072124,3,0x04,0.0000,0.0556,4.067198
4.073215,0,0x01,0.0000,0.0556,4.074182
4.073215,1,0x02,0.0000,0.0556,4.071191
4.073215,2,0x03,0.0000,0.1111,4.072178
4.073215,3,0x04,0.0000,0.0556,4.073176
4.088865,0,0x01,0.0000,0.0556,4.074182
4.088865,1,0x02,0.0000,0.0556,4.071191
4.088865,2,0x03,0.0000,0.1111,4.072178
4.088865,3,0x04,0.0000,0.0556,4.073176
4.094782,0,0x01,0.0000,0.0556,4.074182
4.094782,1,0x02,0.0000,0.0556,4.071191
4.094782,2,0x03,0.0000,0.1111,4.072178
4.094782,3,0x04,0.0000,0.0556,4.073176
4.100902,0,0x01,0.0000,0.0556,4.074182
4.100902,1,0x02,0.0000,0.0556,4.071191
4.100902,2,0x03,0.0000,0.1111,4.072178
4.100902,3,0x04,0.0000,0.0556,4.073176
4.101994,0,0x01,0.0000,0.0556,4.074182
4.101994,1,0x02,0.0000,0.0556,4.071191
4.101994,2,0x03,0.0000,0.1111,4.072178
4.101994,3,0x04,0.0000,0.0556,4.073176
4.103093,0,0x01,0.0000,0.0556,4.074182
4.103093,1,0x02,0.0000,0.0556,4.071191
4.103093,2,0x03,0.0000,0.1111,4.072178
4.103093,3,0x04,0.0000,0.0556,4.073176
4.109807,0,0x01,0.0000,0.0556,4.074182
4.109807,1,0x02,0.0000,0.0556,4.071191
4.109807,2,0x03,0.0000,0.1111,4.072178
4.109807,3,0x04,0.0000,0.0556,4.073176
4.110874,0,0x01,0.0000,0.0556,4.074182
4.110874,1,0x02,0.0000,0.0556,4.071191
4.110874,2,0x03,0.0000,0.1111,4.072178
4.110874,3,0x04,0.0000,0.0556,4.073176
4.111949,0,0x01,0.0000,0.0556,4.074182
4.111949,1,0x02,0.0000,0.0556,4.071191
4.111949,2,0x03,0.0000,0.1111,4.072178
4.111949,3,0x04,0.0000,0.0556,4.073176
4.113024,0,0x01,0.0000,0.0556,4.074182
4.113024,1,0x02,0.0000,0.0556,4.071191
4.113024,2,0x03,0.0000,0.1111,4.072178
4.113024,3,0x04,0.0000,0.0556,4.073176
4.118786,0,0x01,0.0000,0.0556,4.074182
4.118786,1,0x02,0.0000,0.0556,4.071191
4.118786,2,0x03,0.0000,0.1111,4.118219
4.118786,3,0x04,0.0000,0.0556,4.073176
4.119884,0,0x01,0.0000,0.0556,4.074182
4.119884,1,0x02,0.0000,0.0556,4.071191
4.119884,2,0x03,0.0000,0.1111,4.118219
4.119884,3,0x04,0.0000,0.0556,4.073176
4.120965,0,0x01,0.0000,0.0556,4.120212
4.120965,1,0x02,0.0000,0.0556,4.071191
4.120965,2,0x03,0.0000,0.1111,4.118219
4.120965,3,0x04,0.0000,0.0556,4.073176
4.122072,0,0x01,0.0000,0.0556,4.120212
4.122072,1,0x02,0.0000,0.0556,4.121191
4.122072,2,0x03,0.0000,0.1111,4.118219
4.122072,3,0x04,0.0000,0.0556,4.073176
4.123149,0,0x01,0.0000,0.1111,4.127205
4.123149,1,0x02,0.0000,0.0556,4.128194
4.123149,2,0x03,0.0000,0.1111,4.126189
4.123149,3,0x04,0.0000,0.0556,4.123181
4.130863,0,0x01,0.0000,0.1111,4.127205
4.130863,1,0x02,0.0000,0.0556,4.128194
4.130863,2,0x03,0.0000,0.1111,4.126189
4.130863,3,0x04,0.0000,0.0556,4.130189
4.131942,0,0x01,0.0000,0.1111,4.131179
4.131942,1,0x02,0.0000,0.0556,4.128194
4.131942,2,0x03,0.0000,0.1111,4.126189
4.131942,3,0x04,0.0000,0.0556,4.130189
4.133043,0,0x01,0.0000,0.1111,4.134195
4.133043,1,0x02,0.0000,0.0556,4.128194
4.133043,2,0x03,0.0000,0.1111,4.132183
4.133043,3,0x04,0.0000,0.0556,4.133174
4.139839,0,0x01,0.0000,0.1111,4.134195
4.139839,1,0x02,0.0000,0.0556,4.128194
4.139839,2,0x03,0.0000,0.1111,4.132183
4.139839,3,0x04,0.0000,0.0556,4.133174
4.140911,0,0x01,0.0000,0.1111,4.134195
4.140911,1,0x02,0.0000,0.0556,4.128194
4.140911,2,0x03,0.0000,0.1111,4.132183
4.140911,3,0x04,0.0000,0.0556,4.133174
4.141989,0,0x01,0.0000,0.1111,4.134195
4.141989,1,0x02,0.0000,0.0556,4.128194
4.141989,2,0x03,0.0000,0.1111,4.132183
4.141989,3,0x04,0.0000,0.0556,4.133174
4.143068,0,0x01,0.0000,0.1111,4.134195
4.143068,1,0x02,0.0000,0.0556,4.128194
4.143068,2,0x03,0.0000,0.1111,4.132183
4.143068,3,0x04,0.0000,0.0556,4.133174
4.150799,0,0x01,0.0000,0.1111,4.134195
4.150799,1,0x02,0.0000,0.0556,4.128194
4.150799,2,0x03,0.0000,0.1111,4.132183
4.150799,3,0x04,0.0000,0.0556,4.133174
4.151888,0,0x01,0.0000,0.1111,4.134195
4.151888,1,0x02,0.0000,0.0556,4.128194
4.151888,2,0x03,0.0000,0.1111,4.132183
4.151888,3,0x04,0.0000,0.0556,4.133174
4.152968,0,0x01,0.0000,0.1111,4.134195
4.152968,1,0x02,0.0000,0.0556,4.128194
4.152968,2,0x03,0.0000,0.1111,4.132183
4.152968,3,0x04,0.0000,0.0556,4.133174
4.159772,0,0x01,0.0000,0.1111,4.134195
4.159772,1,0x02,0.0000,0.0556,4.128194
4.159772,2,0x03,0.0000,0.1111,4.132183
4.159772,3,0x04,0.0000,0.0556,4.133174
4.160837,0,0x01,0.0000,0.1111,4.134195
4.160837,1,0x02,0.0000,0.0556,4.128194
4.160837,2,0x03,0.0000,0.1111,4.132183
4.160837,3,0x04,0.0000,0.0556,4.133174
4.161915,0,0x01,0.0000,0.1111,4.134195
4.161915,1,0x02,0.0000,0.0556,4.128194
4.161915,2,0x03,0.0000,0.1111,4.132183
4.161915,3,0x04,0.0000,0.0556,4.133174
4.162991,0,0x01,0.0000,0.1111,4.134195
4.162991,1,0x02,0.0000,0.0556,4.128194
4.162991,2,0x03,0.0000,0.1111,4.132183
4.162991,3,0x04,0.0000,0.0556,4.133174
4.168791,0,0x01,0.0000,0.1111,4.134195
4.168791,1,0x02,0.0000,0.0556,4.128194
4.168791,2,0x03,0.0000,0.1111,4.132183
4.168791,3,0x04,0.0000,0.0556,4.133174
4.169865,0,0x01,0.0000,0.1111,4.134195
4.169865,1,0x02,0.0000,0.0556,4.128194
4.169865,2,0x03,0.0000,0.1111,4.132183
4.169865,3,0x04,0.0000,0.0556,4.133174
4.170946,0,0x01,0.0000,0.1111,4.134195
4.170946,1,0x02,0.0000,0.0556,4.128194
4.170946,2,0x03,0.0000,0.1111,4.132183
4.170946,3,0x04,0.0000,0.0556,4.133174
4.172025,0,0x01,0.0000,0.1111,4.134195
4.172025,1,0x02,0.0000,0.0556,4.128194
4.172025,2,0x03,0.0000,0.1111,4.171233
4.172025,3,0x04,0.0000,0.0556,4.133174
4.173130,0,0x01,0.0000,0.1111,4.179194
4.173130,1,0x02,0.0000,0.0556,4.176258
4.173130,2,0x03,0.0000,0.1111,4.177229
4.173130,3,0x04,0.0000,0.0556,4.178219
4.180869,0,0x01,0.0000,0.1111,4.179194
4.180869,1,0x02,0.0000,0.0556,4.180194
4.180869,2,0x03,0.0000,0.1111,4.177229
4.180869,3,0x04,0.0000,0.0556,4.178219
4.181946,0,0x01,0.0000,0.1111,4.179194
4.181946,1,0x02,0.0000,0.0556,4.180194
4.181946,2,0x03,0.0000,0.1111,4.177229
4.181946,3,0x04,0.0000,0.0556,4.181177
4.183048,0,0x01,0.0000,0.1111,4.182197
4.183048,1,0x02,0.0000,0.0556,4.180194
4.183048,2,0x03,0.0000,0.1111,4.177229
4.183048,3,0x04,0.0000,0.0556,4.181177
4.196850,0,0x01,0.0000,0.1111,4.182197
4.196850,1,0x02,0.0000,0.0556,4.180194
4.196850,2,0x03,0.0000,0.1111,4.177229
4.196850,3,0x04,0.0000,0.0556,4.181177
4.202809,0,0x01,0.0000,0.1111,4.182197
4.202809,1,0x02,0.0000,0.0556,4.180194
4.202809,2,0x03,0.0000,0.1111,4.177229
4.202809,3,0x04,0.0000,0.0556,4.181177
4.208789,0,0x01,0.0000,0.1111,4.182197
4.208789,1,0x02,0.0000,0.0556,4.180194
4.208789,2,0x03,0.0000,0.1111,4.177229
4.208789,3,0x04,0.0000,0.0556,4.181177
4.209871,0,0x01,0.0000,0.1111,4.182197
4.209871,1,0x02,0.0000,0.0556,4.180194
4.209871,2,0x03,0.0000,0.1111,4.177229
4.209871,3,0x04,0.0000,0.0556,4.181177
4.210949,0,0x01,0.0000,0.1111,4.182197
4.210949,1,0x02,0.0000,0.0556,4.180194
4.210949,2,0x03,0.0000,0.1111,4.177229
4.210949,3,0x04,0.0000,0.0556,4.181177
4.212042,0,0x01,0.0000,0.1111,4.182197
4.212042,1,0x02,0.0000,0.0556,4.180194
4.212042,2,0x03,0.0000,0.1111,4.177229
4.212042,3,0x04,0.0000,0.0556,4.181177
4.213115,0,0x01,0.0000,0.1111,4.182197
4.213115,1,0x02,0.0000,0.0556,4.180194
4.213115,2,0x03,0.0000,0.1111,4.177229
4.213115,3,0x04,0.0000,0.0556,4.181177
4.220878,0,0x01,0.0000,0.1111,4.182197
4.220878,1,0x02,0.0000,0.0556,4.180194
4.220878,2,0x03,0.0000,0.1111,4.177229
4.220878,3,0x04,0.0000,0.0556,4.181177
4.221942,0,0x01,0.0000,0.1111,4.182197
4.221942,1,0x02,0.0000,0.0556,4.180194
4.221942,2,0x03,0.0000,0.1111,4.177229
4.221942,3,0x04,0.0000,0.0556,4.181177
4.223007,0,0x01,0.0000,0.0556,4.228212
4.223007,1,0x02,0.0000,0.0556,4.180194
4.223007,2,0x03,0.0000,0.1111,4.177229
4.223007,3,0x04,0.0000,0.0556,4.227221
4.229820,0,0x01,0.0000,0.0556,4.228212
4.229820,1,0x02,0.0000,0.0556,4.229202
4.229820,2,0x03,0.0000,0.1111,4.177229
4.229820,3,0x04,0.0000,0.0556,4.227221
4.230900,0,0x01,0.0000,0.0556,4.228212
4.230900,1,0x02,0.0000,0.0556,4.229202
4.230900,2,0x03,0.0000,0.0556,4.230179
4.230900,3,0x04,0.0000,0.0556,4.227221
4.232004,0,0x01,0.0000,0.0556,4.228212
4.232004,1,0x02,0.0000,0.0556,4.229202
4.232004,2,0x03,0.0000,0.0556,4.230179
4.232004,3,0x04,0.0000,0.0556,4.231183
4.233110,0,0x01,0.0000,0.1111,4.239195
4.233110,1,0x02,0.0000,0.1111,4.236195
4.233110,2,0x03,0.0000,0.0556,4.230179
4.233110,3,0x04,0.0000,0.0556,4.237201
4.240880,0,0x01,0.0000,0.1111,4.239195
4.240880,1,0x02,0.0000,0.1111,4.236195
4.240880,2,0x03,0.0000,0.0556,4.240189
4.240880,3,0x04,0.0000,0.0556,4.237201
4.241966,0,0x01,0.0000,0.1111,4.239195
4.241966,1,0x02,0.0000,0.1111,4.236195
4.241966,2,0x03,0.0000,0.0556,4.240189
4.241966,3,0x04,0.0000,0.0556,4.237201
4.243046,0,0x01,0.0000,0.1111,4.239195
4.243046,1,0x02,0.0000,0.1111,4.236195
4.243046,2,0x03,0.0000,0.0556,4.240189
4.243046,3,0x04,0.0000,0.0556,4.237201
4.249780,0,0x01,0.0000,0.1111,4.239195
4.249780,1,0x02,0.0000,0.1111,4.236195
4.249780,2,0x03,0.0000,0.0556,4.240189
4.249780,3,0x04,0.0000,0.0556,4.237201
4.250846,0,0x01,0.0000,0.1111,4.239195
4.250846,1,0x02,0.0000,0.1111,4.236195
4.250846,2,0x03,0.0000,0.0556,4.240189
4.250846,3,0x04,0.0000,0.0556,4.237201
4.251924,0,0x01,0.0000,0.1111,4.239195
4.251924,1,0x02,0.0000,0.1111,4.236195
4.251924,2,0x03,0.0000,0.0556,4.240189
4.251924,3,0x04,0.0000,0.0556,4.237201
4.252994,0,0x01,0.0000,0.1111,4.239195
4.252994,1,0x02,0.0000,0.1111,4.236195
4.252994,2,0x03,0.0000,0.0556,4.240189
4.252994,3,0x04,0.0000,0.0556,4.237201
4.258796,0,0x01,0.0000,0.1111,4.239195
4.258796,1,0x02,0.0000,0.1111,4.236195
4.258796,2,0x03,0.0000,0.0556,4.240189
4.258796,3,0x04,0.0000,0.0556,4.237201
4.259859,0,0x01,0.0000,0.1111,4.239195
4.259859,1,0x02,0.0000,0.1111,4.236195
4.259859,2,0x03,0.0000,0.0556,4.240189
4.259859,3,0x04,0.0000,0.0556,4.237201
4.260934,0,0x01,0.0000,0.1111,4.239195
4.260934,1,0x02,0.0000,0.1111,4.236195
4.260934,2,0x03,0.0000,0.0556,4.240189
4.260934,3,0x04,0.0000,0.0556,4.237201
4.262015,0,0x01,0.0000,0.1111,4.239195
4.262015,1,0x02,0.0000,0.1111,4.236195
4.262015,2,0x03,0.0000,0.0556,4.240189
4.262015,3,0x04,0.0000,0.0556,4.237201
4.263088,0,0x01,0.0000,0.1111,4.239195
4.263088,1,0x02,0.0000,0.1111,4.236195
4.263088,2,0x03,0.0000,0.0556,4.240189
4.263088,3,0x04,0.0000,0.0556,4.237201
4.270794,0,0x01,0.0000,0.1111,4.239195
4.270794,1,0x02,0.0000,0.1111,4.236195
4.270794,2,0x03,0.0000,0.0556,4.240189
4.270794,3,0x04,0.0000,0.0556,4.237201
4.271868,0,0x01,0.0000,0.1111,4.239195
4.271868,1,0x02,0.0000,0.1111,4.236195
4.271868,2,0x03,0.0000,0.0556,4.240189
4.271868,3,0x04,0.0000,0.0556,4.237201
4.272948,0,0x01,0.0000,0.1111,4.239195
4.272948,1,0x02,0.0000,0.0556,4.277338
4.272948,2,0x03,0.0000,0.0556,4.278236
4.272948,3,0x04,0.0000,0.0556,4.276237
4.279995,0,0x01,0.0000,0.0556,4.279241
4.279995,1,0x02,0.0000,0.0556,4.277338
4.279995,2,0x03,0.0000,0.0556,4.278236
4.279995,3,0x04,0.0000,0.0556,4.276237
4.281070,0,0x01,0.0000,0.0556,4.279241
4.281070,1,0x02,0.0000,0.0556,4.277338
4.281070,2,0x03,0.0000,0.0556,4.278236
4.281070,3,0x04,0.0000,0.0556,4.276237
4.282139,0,0x01,0.0000,0.0556,4.279241
4.282139,1,0x02,0.0000,0.0556,4.281265
4.282139,2,0x03,0.0000,0.0556,4.278236
4.282139,3,0x04,0.0000,0.0556,4.276237
4.283278,0,0x01,0.0000,0.0556,4.286355
4.283278,1,0x02,0.0000,0.1111,4.287411
4.283278,2,0x03,0.0000,0.0556,4.288307
4.283278,3,0x04,0.0000,0.0556,4.276237
4.290881,0,0x01,0.0000,0.0556,4.286355
4.290881,1,0x02,0.0000,0.1111,4.287411
4.290881,2,0x03,0.0000,0.0556,4.288307
4.290881,3,0x04,0.0000,0.0556,4.276237
4.291962,0,0x01,0.0000,0.0556,4.286355
4.291962,1,0x02,0.0000,0.1111,4.287411
4.291962,2,0x03,0.0000,0.0556,4.288307
4.291962,3,0x04,0.0000,0.0556,4.276237
4.293062,0,0x01,0.0000,0.0556,4.286355
4.293062,1,0x02,0.0000,0.1111,4.287411
4.293062,2,0x03,0.0000,0.0556,4.288307
4.293062,3,0x04,0.0000,0.0556,4.276237
4.300795,0,0x01,0.0000,0.0556,4.286355
4.300795,1,0x02,0.0000,0.1111,4.287411
4.300795,2,0x03,0.0000,0.0556,4.288307
4.300795,3,0x04,0.0000,0.0556,4.276237
4.301880,0,0x01,0.0000,0.0556,4.286355
4.301880,1,0x02,0.0000,0.1111,4.287411
4.301880,2,0x03,0.0000,0.0556,4.288307
4.301880,3,0x04,0.0000,0.0556,4.276237
4.302950,0,0x01,0.0000,0.0556,4.286355
4.302950,1,0x02,0.0000,0.1111,4.287411
4.302950,2,0x03,0.0000,0.0556,4.288307
4.302950,3,0x04,0.0000,0.0556,4.276237
4.309804,0,0x01,0.0000,0.0556,4.286355
4.309804,1,0x02,0.0000,0.1111,4.287411
4.309804,2,0x03,0.0000,0.0556,4.288307
4.309804,3,0x04,0.0000,0.0556,4.276237
4.310872,0,0x01,0.0000,0.0556,4.286355
4.310872,1,0x02,0.0000,0.1111,4.287411
4.310872,2,0x03,0.0000,0.0556,4.288307
4.310872,3,0x04,0.0000,0.0556,4.276237
4.311949,0,0x01,0.0000,0.0556,4.286355
4.311949,1,0x02,0.0000,0.1111,4.287411
4.311949,2,0x03,0.0000,0.0556,4.288307
4.311949,3,0x04,0.0000,0.0556,4.276237
4.313026,0,0x01,0.0000,0.0556,4.286355
4.313026,1,0x02,0.0000,0.1111,4.287411
4.313026,2,0x03,0.0000,0.0556,4.288307
4.313026,3,0x04,0.0000,0.0556,4.276237
4.318951,0,0x01,0.0000,0.0556,4.286355
4.318951,1,0x02,0.0000,0.1111,4.287411
4.318951,2,0x03,0.0000,0.0556,4.288307
4.318951,3,0x04,0.0000,0.0556,4.276237
4.320020,0,0x01,0.0000,0.0556,4.286355
4.320020,1,0x02,0.0000,0.1111,4.287411
4.320020,2,0x03,0.0000,0.0556,4.288307
4.320020,3,0x04,0.0000,0.0556,4.276237
4.321101,0,0x01,0.0000,0.0556,4.286355
4.321101,1,0x02,0.0000,0.1111,4.287411
4.321101,2,0x03,0.0000,0.0556,4.288307
4.321101,3,0x04,0.0000,0.0556,4.276237
4.322182,0,0x01,0.0000,0.0556,4.286355
4.322182,1,0x02,0.0000,0.1111,4.287411
4.322182,2,0x03,0.0000,0.0556,4.288307
4.322182,3,0x04,0.0000,0.0556,4.276237
4.323254,0,0x01,0.0000,0.1111,4.328266
4.323254,1,0x02,0.0000,0.0556,4.329222
4.323254,2,0x03,0.0000,0.0556,4.288307
4.323254,3,0x04,0.0000,0.0556,4.327236
4.331031,0,0x01,0.0000,0.1111,4.328266
4.331031,1,0x02,0.0000,0.0556,4.329222
4.331031,2,0x03,0.0000,0.1111,4.330222
4.331031,3,0x04,0.0000,0.0556,4.327236
4.332133,0,0x01,0.0000,0.0556,4.331257
4.332133,1,0x02,0.0000,0.0556,4.329222
4.332133,2,0x03,0.0000,0.1111,4.330222
4.332133,3,0x04,0.0000,0.0556,4.327236
4.333232,0,0x01,0.0000,0.0556,4.331257
4.333232,1,0x02,0.0000,0.0556,4.335255
4.333232,2,0x03,0.0000,0.1111,4.336260
4.333232,3,0x04,0.0000,0.0556,4.327236
4.339947,0,0x01,0.0000,0.0556,4.331257
4.339947,1,0x02,0.0000,0.0556,4.335255
4.339947,2,0x03,0.0000,0.1111,4.336260
4.339947,3,0x04,0.0000,0.0556,4.327236
4.341017,0,0x01,0.0000,0.0556,4.331257
4.341017,1,0x02,0.0000,0.0556,4.335255
4.341017,2,0x03,0.0000,0.1111,4.336260
4.341017,3,0x04,0.0000,0.0556,4.327236
4.342097,0,0x01,0.0000,0.0556,4.331257
4.342097,1,0x02,0.0000,0.0556,4.335255
4.342097,2,0x03,0.0000,0.1111,4.336260
4.342097,3,0x04,0.0000,0.0556,4.327236
4.343183,0,0x01,0.0000,0.0556,4.331257
4.343183,1,0x02,0.0000,0.0556,4.335255
4.343183,2,0x03,0.0000,0.1111,4.336260
4.343183,3,0x04,0.0000,0.0556,4.327236
4.350895,0,0x01,0.0000,0.0556,4.331257
4.350895,1,0x02,0.0000,0.0556,4.335255
4.350895,2,0x03,0.0000,0.1111,4.336260
4.350895,3,0x04,0.0000,0.0556,4.327236
4.351985,0,0x01,0.0000,0.0556,4.331257
4.351985,1,0x02,0.0000,0.0556,4.335255
4.351985,2,0x03,0.0000,0.1111,4.336260
4.351985,3,0x04,0.0000,0.0556,4.327236
4.353053,0,0x01,0.0000,0.0556,4.331257
4.353053,1,0x02,0.0000,0.0556,4.335255
4.353053,2,0x03,0.0000,0.1111,4.336260
4.353053,3,0x04,0.0000,0.0556,4.327236
4.360788,0,0x01,0.0000,0.0556,4.331257
4.360788,1,0x02,0.0000,0.0556,4.335255
4.360788,2,0x03,0.0000,0.1111,4.336260
4.360788,3,0x04,0.0000,0.0556,4.327236
4.361854,0,0x01,0.0000,0.0556,4.331257
4.361854,1,0x02,0.0000,0.0556,4.335255
4.361854,2,0x03,0.0000,0.1111,4.336260
4.361854,3,0x04,0.0000,0.0556,4.327236
4.362945,0,0x01,0.0000,0.0556,4.331257
4.362945,1,0x02,0.0000,0.0556,4.335255
4.362945,2,0x03,0.0000,0.1111,4.336260
4.362945,3,0x04,0.0000,0.0556,4.327236
4.369794,0,0x01,0.0000,0.0556,4.331257
4.369794,1,0x02,0.0000,0.0556,4.335255
4.369794,2,0x03,0.0000,0.1111,4.336260
4.369794,3,0x04,0.0000,0.0556,4.327236
4.370865,0,0x01,0.0000,0.0556,4.331257
4.370865,1,0x02,0.0000,0.0556,4.335255
4.370865,2,0x03,0.0000,0.1111,4.336260
4.370865,3,0x04,0.0000,0.0556,4.327236
4.371962,0,0x01,0.0000,0.0556,4.331257
4.371962,1,0x02,0.0000,0.0556,4.335255
4.371962,2,0x03,0.0000,0.1111,4.336260
4.371962,3,0x04,0.0000,0.0556,4.327236
4.373041,0,0x01,0.0000,0.0556,4.376199
4.373041,1,0x02,0.0000,0.0556,4.377187
4.373041,2,0x03,0.0000,0.1111,4.336260
4.373041,3,0x04,0.0000,0.0556,4.375197
4.378845,0,0x01,0.0000,0.0556,4.376199
4.378845,1,0x02,0.0000,0.0556,4.377187
4.378845,2,0x03,0.0000,0.0556,4.378191
4.378845,3,0x04,0.0000,0.0556,4.375197
4.379925,0,0x01,0.0000,0.0556,4.376199
4.379925,1,0x02,0.0000,0.0556,4.377187
4.379925,2,0x03,0.0000,0.0556,4.378191
4.379925,3,0x04,0.0000,0.0556,4.379176
4.381030,0,0x01,0.0000,0.0556,4.376199
4.381030,1,0x02,0.0000,0.0556,4.380179
4.381030,2,0x03,0.0000,0.0556,4.378191
4.381030,3,0x04,0.0000,0.0556,4.379176
4.382146,0,0x01,0.0000,0.0556,4.376199
4.382146,1,0x02,0.0000,0.0556,4.380179
4.382146,2,0x03,0.0000,0.1111,4.381183
4.382146,3,0x04,0.0000,0.0556,4.379176
4.383237,0,0x01,0.0000,0.1111,4.382196
4.383237,1,0x02,0.0000,0.0556,4.383179
4.383237,2,0x03,0.0000,0.1111,4.381183
4.383237,3,0x04,0.0000,0.0556,4.379176
4.394860,0,0x01,0.0000,0.1111,4.399187
4.394860,1,0x02,0.0000,0.0556,4.396186
4.394860,2,0x03,0.0000,0.0556,4.397199
4.394860,3,0x04,0.0000,0.0556,4.398197
4.400842,0,0x01,0.0000,0.1111,4.399187
4.400842,1,0x02,0.0000,0.0556,4.396186
4.400842,2,0x03,0.0000,0.0556,4.397199
4.400842,3,0x04,0.0000,0.0556,4.398197
4.401929,0,0x01,0.0000,0.1111,4.399187
4.401929,1,0x02,0.0000,0.0556,4.396186
4.401929,2,0x03,0.0000,0.0556,4.397199
4.401929,3,0x04,0.0000,0.0556,4.398197
4.403018,0,0x01,0.0000,0.1111,4.399187
4.403018,1,0x02,0.0000,0.0556,4.402207
4.403018,2,0x03,0.0000,0.1111,4.405191
4.403018,3,0x04,0.0000,0.0556,4.407191
4.409818,0,0x01,0.0000,0.1111,4.399187
4.409818,1,0x02,0.0000,0.0556,4.402207
4.409818,2,0x03,0.0000,0.1111,4.405191
4.409818,3,0x04,0.0000,0.0556,4.407191
4.410886,0,0x01,0.0000,0.0556,4.410183
4.410886,1,0x02,0.0000,0.0556,4.402207
4.410886,2,0x03,0.0000,0.1111,4.405191
4.410886,3,0x04,0.0000,0.0556,4.407191
4.411984,0,0x01,0.0000,0.0556,4.410183
4.411984,1,0x02,0.0000,0.0556,4.402207
4.411984,2,0x03,0.0000,0.1111,4.405191
4.411984,3,0x04,0.0000,0.0556,4.407191
4.413063,0,0x01,0.0000,0.0556,4.410183
4.413063,1,0x02,0.0000,0.0556,4.414180
4.413063,2,0x03,0.0000,0.1111,4.417236
4.413063,3,0x04,0.0000,0.0556,4.419211
4.420832,0,0x01,0.0000,0.0556,4.410183
4.420832,1,0x02,0.0000,0.0556,4.414180
4.420832,2,0x03,0.0000,0.1111,4.417236
4.420832,3,0x04,0.0000,0.0556,4.419211
4.421905,0,0x01,0.0000,0.0556,4.421193
4.421905,1,0x02,0.0000,0.0556,4.414180
4.421905,2,0x03,0.0000,0.1111,4.417236
4.421905,3,0x04,0.0000,0.0556,4.419211
4.423012,0,0x01,0.0000,0.0556,4.421193
4.423012,1,0x02,0.0000,0.0556,4.425199
4.423012,2,0x03,0.0000,0.0556,4.428191
4.423012,3,0x04,0.0000,0.0556,4.419211
4.429802,0,0x01,0.0000,0.0556,4.421193
4.429802,1,0x02,0.0000,0.0556,4.425199
4.429802,2,0x03,0.0000,0.0556,4.428191
4.429802,3,0x04,0.0000,0.0556,4.419211
4.430875,0,0x01,0.0000,0.0556,4.421193
4.430875,1,0x02,0.0000,0.0556,4.425199
4.430875,2,0x03,0.0000,0.0556,4.428191
4.430875,3,0x04,0.0000,0.0556,4.419211
4.431951,0,0x01,0.0000,0.0556,4.421193
4.431951,1,0x02,0.0000,0.0556,4.425199
4.431951,2,0x03,0.0000,0.0556,4.428191
4.431951,3,0x04,0.0000,0.0556,4.419211
4.433022,0,0x01,0.0000,0.0556,4.421193
4.433022,1,0x02,0.0000,0.0556,4.425199
4.433022,2,0x03,0.0000,0.0556,4.428191
4.433022,3,0x04,0.0000,0.0556,4.419211
4.438784,0,0x01,0.0000,0.0556,4.421193
4.438784,1,0x02,0.0000,0.0556,4.425199
4.438784,2,0x03,0.0000,0.0556,4.428191
4.438784,3,0x04,0.0000,0.0556,4.419211
4.439859,0,0x01,0.0000,0.0556,4.421193
4.439859,1,0x02,0.0000,0.0556,4.425199
4.439859,2,0x03,0.0000,0.0556,4.428191
4.439859,3,0x04,0.0000,0.0556,4.419211
4.440937,0,0x01,0.0000,0.0556,4.421193
4.440937,1,0x02,0.0000,0.0556,4.425199
4.440937,2,0x03,0.0000,0.0556,4.428191
4.440937,3,0x04,0.0000,0.0556,4.419211
4.442018,0,0x01,0.0000,0.0556,4.421193
4.442018,1,0x02,0.0000,0.0556,4.425199
4.442018,2,0x03,0.0000,0.0556,4.428191
4.442018,3,0x04,0.0000,0.0556,4.419211
4.443093,0,0x01,0.0000,0.0556,4.421193
4.443093,1,0x02,0.0000,0.0556,4.425199
4.443093,2,0x03,0.0000,0.0556,4.428191
4.443093,3,0x04,0.0000,0.0556,4.419211
4.450792,0,0x01,0.0000,0.0556,4.421193
4.450792,1,0x02,0.0000,0.0556,4.425199
4.450792,2,0x03,0.0000,0.0556,4.428191
4.450792,3,0x04,0.0000,0.0556,4.419211
4.451865,0,0x01,0.0000,0.0556,4.421193
4.451865,1,0x02,0.0000,0.0556,4.425199
4.451865,2,0x03,0.0000,0.0556,4.428191
4.451865,3,0x04,0.0000,0.0556,4.419211
4.452949,0,0x01,0.0000,0.0556,4.421193
4.452949,1,0x02,0.0000,0.0556,4.425199
4.452949,2,0x03,0.0000,0.0556,4.428191
4.452949,3,0x04,0.0000,0.0556,4.419211
4.458755,0,0x01,0.0000,0.0556,4.421193
4.458755,1,0x02,0.0000,0.0556,4.425199
4.458755,2,0x03,0.0000,0.0556,4.428191
4.458755,3,0x04,0.0000,0.0556,4.419211
4.465885,0,0x01,0.0000,0.0556,4.421193
4.465885,1,0x02,0.0000,0.0556,4.425199
4.465885,2,0x03,0.0000,0.0556,4.428191
4.465885,3,0x04,0.0000,0.0556,4.419211
4.466964,0,0x01,0.0000,0.0556,4.466229
4.466964,1,0x02,0.0000,0.0556,4.425199
4.466964,2,0x03,0.0000,0.0556,4.428191
4.466964,3,0x04,0.0000,0.0556,4.419211
4.468059,0,0x01,0.0000,0.0556,4.466229
4.468059,1,0x02,0.0000,0.0556,4.467202
4.468059,2,0x03,0.0000,0.0556,4.428191
4.468059,3,0x04,0.0000,0.0556,4.419211
4.469145,0,0x01,0.0000,0.1111,4.473187
4.469145,1,0x02,0.0000,0.0556,4.474198
4.469145,2,0x03,0.0000,0.1111,4.475188
4.469145,3,0x04,0.0000,0.0556,4.419211
4.476890,0,0x01,0.0000,0.1111,4.476193
4.476890,1,0x02,0.0000,0.0556,4.474198
4.476890,2,0x03,0.0000,0.1111,4.475188
4.476890,3,0x04,0.0000,0.0556,4.419211
4.477972,0,0x01,0.0000,0.1111,4.476193
4.477972,1,0x02,0.0000,0.0556,4.474198
4.477972,2,0x03,0.0000,0.1111,4.475188
4.477972,3,0x04,0.0000,0.0556,4.419211
4.479059,0,0x01,0.0000,0.1111,4.476193
4.479059,1,0x02,0.0000,0.0556,4.474198
4.479059,2,0x03,0.0000,0.1111,4.475188
4.479059,3,0x04,0.0000,0.0556,4.419211
4.487859,0,0x01,0.0000,0.1111,4.476193
4.487859,1,0x02,0.0000,0.0556,4.474198
4.487859,2,0x03,0.0000,0.1111,4.475188
4.487859,3,0x04,0.0000,0.0556,4.419211
4.488938,0,0x01,0.0000,0.1111,4.489189
4.488938,1,0x02,0.0000,0.1111,4.491198
4.488938,2,0x03,0.0000,0.0556,4.492195
4.488938,3,0x04,0.0000,0.0000,4.493193
4.494825,0,0x01,0.0000,0.1111,4.489189
4.494825,1,0x02,0.0000,0.1111,4.491198
4.494825,2,0x03,0.0000,0.0556,4.492195
4.494825,3,0x04,0.0000,0.0000,4.493193
4.495888,0,0x01,0.0000,0.1111,4.495180
4.495888,1,0x02,0.0000,0.1111,4.491198
4.495888,2,0x03,0.0000,0.0556,4.492195
4.495888,3,0x04,0.0000,0.0000,4.493193
4.496964,0,0x01,0.0000,0.1111,4.495180
4.496964,1,0x02,0.0000,0.1111,4.491198
4.496964,2,0x03,0.0000,0.0556,4.492195
4.496964,3,0x04,0.0000,0.0000,4.493193
4.498030,0,0x01,0.0000,0.1111,4.495180
4.498030,1,0x02,0.0000,0.1111,4.491198
4.498030,2,0x03,0.0000,0.0556,4.492195
4.498030,3,0x04,0.0000,0.0000,4.493193
4.499104,0,0x01,0.0000,0.1111,4.495180
4.499104,1,0x02,0.0000,0.1111,4.499189
4.499104,2,0x03,0.0000,0.0556,4.502212
4.499104,3,0x04,0.0000,0.0556,4.504204
4.506813,0,0x01,0.0000,0.1111,4.495180
4.506813,1,0x02,0.0000,0.1111,4.499189
4.506813,2,0x03,0.0000,0.0556,4.502212
4.506813,3,0x04,0.0000,0.0556,4.504204
4.507887,0,0x01,0.0000,0.1111,4.495180
4.507887,1,0x02,0.0000,0.1111,4.499189
4.507887,2,0x03,0.0000,0.0556,4.502212
4.507887,3,0x04,0.0000,0.0556,4.504204
4.508951,0,0x01,0.0000,0.1111,4.508182
4.508951,1,0x02,0.0000,0.0556,4.511199
4.508951,2,0x03,0.0000,0.0556,4.514198
4.508951,3,0x04,0.0000,0.0556,4.504204
4.515831,0,0x01,0.0000,0.1111,4.508182
4.515831,1,0x02,0.0000,0.0556,4.511199
4.515831,2,0x03,0.0000,0.0556,4.514198
4.515831,3,0x04,0.0000,0.0556,4.504204
4.516914,0,0x01,0.0000,0.1111,4.508182
4.516914,1,0x02,0.0000,0.0556,4.511199
4.516914,2,0x03,0.0000,0.0556,4.514198
4.516914,3,0x04,0.0000,0.0556,4.504204
4.517995,0,0x01,0.0000,0.1111,4.508182
4.517995,1,0x02,0.0000,0.0556,4.511199
4.517995,2,0x03,0.0000,0.0556,4.514198
4.517995,3,0x04,0.0000,0.0556,4.517221
4.519102,0,0x01,0.0000,0.0556,4.520220
4.519102,1,0x02,0.0000,0.0556,4.511199
4.519102,2,0x03,0.0000,0.0556,4.514198
4.519102,3,0x04,0.0000,0.0556,4.517221
4.527814,0,0x01,0.0000,0.0556,4.520220
4.527814,1,0x02,0.0000,0.0556,4.511199
4.527814,2,0x03,0.0000,0.0556,4.514198
4.527814,3,0x04,0.0000,0.0556,4.517221
4.528882,0,0x01,0.0000,0.0556,4.520220
4.528882,1,0x02,0.0000,0.0556,4.511199
4.528882,2,0x03,0.0000,0.0556,4.514198
4.528882,3,0x04,0.0000,0.0556,4.517221
4.536877,0,0x01,0.0000,0.0556,4.520220
4.536877,1,0x02,0.0000,0.0556,4.511199
4.536877,2,0x03,0.0000,0.0556,4.514198
4.536877,3,0x04,0.0000,0.0556,4.517221
4.537949,0,0x01,0.0000,0.0556,4.520220
4.537949,1,0x02,0.0000,0.0556,4.511199
4.537949,2,0x03,0.0000,0.0556,4.514198
4.537949,3,0x04,0.0000,0.0556,4.517221
4.539028,0,0x01,0.0000,0.0556,4.520220
4.539028,1,0x02,0.0000,0.0556,4.511199
4.539028,2,0x03,0.0000,0.0556,4.514198
4.539028,3,0x04,0.0000,0.0556,4.517221
4.545763,0,0x01,0.0000,0.0556,4.520220
4.545763,1,0x02,0.0000,0.0556,4.511199
4.545763,2,0x03,0.0000,0.0556,4.514198
4.545763,3,0x04,0.0000,0.0556,4.517221
4.546830,0,0x01,0.0000,0.0556,4.520220
4.546830,1,0x02,0.0000,0.0556,4.511199
4.546830,2,0x03,0.0000,0.0556,4.514198
4.546830,3,0x04,0.0000,0.0556,4.517221
4.547906,0,0x01,0.0000,0.0556,4.520220
4.547906,1,0x02,0.0000,0.0556,4.511199
4.547906,2,0x03,0.0000,0.0556,4.514198
4.547906,3,0x04,0.0000,0.0556,4.517221
4.548970,0,0x01,0.0000,0.0556,4.520220
4.548970,1,0x02,0.0000,0.0556,4.511199
4.548970,2,0x03,0.0000,0.0556,4.514198
4.548970,3,0x04,0.0000,0.0556,4.517221
4.554787,0,0x01,0.0000,0.0556,4.520220
4.554787,1,0x02,0.0000,0.0556,4.511199
4.554787,2,0x03,0.0000,0.0556,4.514198
4.554787,3,0x04,0.0000,0.0556,4.517221
4.555855,0,0x01,0.0000,0.0556,4.520220
4.555855,1,0x02,0.0000,0.0556,4.511199
4.555855,2,0x03,0.0000,0.0556,4.514198
4.555855,3,0x04,0.0000,0.0556,4.517221
4.556931,0,0x01,0.0000,0.0556,4.520220
4.556931,1,0x02,0.0000,0.0556,4.511199
4.556931,2,0x03,0.0000,0.0556,4.514198
4.556931,3,0x04,0.0000,0.0556,4.517221
4.558010,0,0x01,0.0000,0.0556,4.520220
4.558010,1,0x02,0.0000,0.0556,4.511199
4.558010,2,0x03,0.0000,0.0556,4.514198
4.558010,3,0x04,0.0000,0.0556,4.517221
4.559085,0,0x01,0.0000,0.0556,4.520220
4.559085,1,0x02,0.0000,0.0556,4.511199
4.559085,2,0x03,0.0000,0.0556,4.514198
4.559085,3,0x04,0.0000,0.0556,4.517221
4.566795,0,0x01,0.0000,0.0556,4.520220
4.566795,1,0x02,0.0000,0.0556,4.511199
4.566795,2,0x03,0.0000,0.0556,4.514198
4.566795,3,0x04,0.0000,0.0556,4.517221
4.567870,0,0x01,0.0000,0.0556,4.520220
4.567870,1,0x02,0.0000,0.0556,4.511199
4.567870,2,0x03,0.0000,0.0556,4.514198
4.567870,3,0x04,0.0000,0.0556,4.517221
4.568941,0,0x01,0.0000,0.1111,4.574198
4.568941,1,0x02,0.0000,0.1111,4.571203
4.568941,2,0x03,0.0000,0.1111,4.572195
4.568941,3,0x04,0.0000,0.0556,4.517221
4.575843,0,0x01,0.0000,0.1111,4.574198
4.575843,1,0x02,0.0000,0.1111,4.575199
4.575843,2,0x03,0.0000,0.1111,4.572195
4.575843,3,0x04,0.0000,0.0556,4.517221
4.576925,0,0x01,0.0000,0.1111,4.574198
4.576925,1,0x02,0.0000,0.1111,4.575199
4.576925,2,0x03,0.0000,0.1111,4.572195
4.576925,3,0x04,0.0000,0.0556,4.576188
4.578022,0,0x01,0.0000,0.0556,4.577180
4.578022,1,0x02,0.0000,0.1111,4.575199
4.578022,2,0x03,0.0000,0.1111,4.572195
4.578022,3,0x04,0.0000,0.0556,4.576188
4.579129,0,0x01,0.0000,0.0556,4.580180
4.579129,1,0x02,0.0000,0.0556,4.578181
4.579129,2,0x03,0.0000,0.1111,4.582227
4.579129,3,0x04,0.0000,0.0556,4.583202
4.586886,0,0x01,0.0000,0.0556,4.580180
4.586886,1,0x02,0.0000,0.0556,4.578181
4.586886,2,0x03,0.0000,0.1111,4.582227
4.586886,3,0x04,0.0000,0.0556,4.583202
4.587957,0,0x01,0.0000,0.0556,4.580180
4.587957,1,0x02,0.0000,0.0556,4.578181
4.587957,2,0x03,0.0000,0.1111,4.582227
4.587957,3,0x04,0.0000,0.0556,4.583202
4.589025,0,0x01,0.0000,0.0556,4.580180
4.589025,1,0x02,0.0000,0.0556,4.578181
4.589025,2,0x03,0.0000,0.1111,4.582227
4.589025,3,0x04,0.0000,0.0556,4.583202
4.595795,0,0x01,0.0000,0.0556,4.580180
4.595795,1,0x02,0.0000,0.0556,4.578181
4.595795,2,0x03,0.0000,0.1111,4.582227
4.595795,3,0x04,0.0000,0.0556,4.583202
4.596877,0,0x01,0.0000,0.0556,4.580180
4.596877,1,0x02,0.0000,0.0556,4.578181
4.596877,2,0x03,0.0000,0.1111,4.582227
4.596877,3,0x04,0.0000,0.0556,4.583202
4.597956,0,0x01,0.0000,0.0556,4.580180
4.597956,1,0x02,0.0000,0.0556,4.578181
4.597956,2,0x03,0.0000,0.1111,4.582227
4.597956,3,0x04,0.0000,0.0556,4.583202
4.599035,0,0x01,0.0000,0.0556,4.580180
4.599035,1,0x02,0.0000,0.0556,4.578181
4.599035,2,0x03,0.0000,0.1111,4.582227
4.599035,3,0x04,0.0000,0.0556,4.583202
4.604816,0,0x01,0.0000,0.0556,4.580180
4.604816,1,0x02,0.0000,0.0556,4.578181
4.604816,2,0x03,0.0000,0.1111,4.582227
4.604816,3,0x04,0.0000,0.0556,4.583202
4.605895,0,0x01,0.0000,0.0556,4.580180
4.605895,1,0x02,0.0000,0.0556,4.578181
4.605895,2,0x03,0.0000,0.1111,4.582227
4.605895,3,0x04,0.0000,0.0556,4.583202
4.606957,0,0x01,0.0000,0.0556,4.580180
4.606957,1,0x02,0.0000,0.0556,4.578181
4.606957,2,0x03,0.0000,0.1111,4.582227
4.606957,3,0x04,0.0000,0.0556,4.583202
4.608020,0,0x01,0.0000,0.0556,4.580180
4.608020,1,0x02,0.0000,0.0556,4.578181
4.608020,2,0x03,0.0000,0.1111,4.582227
4.608020,3,0x04,0.0000,0.0556,4.583202
4.609087,0,0x01,0.0000,0.0556,4.580180
4.609087,1,0x02,0.0000,0.0556,4.578181
4.609087,2,0x03,0.0000,0.1111,4.582227
4.609087,3,0x04,0.0000,0.0556,4.583202
4.616812,0,0x01,0.0000,0.0556,4.580180
4.616812,1,0x02,0.0000,0.0556,4.578181
4.616812,2,0x03,0.0000,0.1111,4.582227
4.616812,3,0x04,0.0000,0.0556,4.583202
4.617893,0,0x01,0.0000,0.0556,4.580180
4.617893,1,0x02,0.0000,0.0556,4.578181
4.617893,2,0x03,0.0000,0.1111,4.582227
4.617893,3,0x04,0.0000,0.0556,4.583202
4.618979,0,0x01,0.0000,0.0556,4.580180
4.618979,1,0x02,0.0000,0.1111,4.623194
4.618979,2,0x03,0.0000,0.1111,4.620227
4.618979,3,0x04,0.0000,0.0556,4.624191
4.625872,0,0x01,0.0000,0.1111,4.625192
4.625872,1,0x02,0.0000,0.1111,4.623194
4.625872,2,0x03,0.0000,0.1111,4.620227
4.625872,3,0x04,0.0000,0.0556,4.624191
4.626965,0,0x01,0.0000,0.1111,4.625192
4.626965,1,0x02,0.0000,0.1111,4.626190
4.626965,2,0x03,0.0000,0.1111,4.620227
4.626965,3,0x04,0.0000,0.0556,4.624191
4.628058,0,0x01,0.0000,0.1111,4.625192
4.628058,1,0x02,0.0000,0.1111,4.626190
4.628058,2,0x03,0.0000,0.1111,4.620227
4.628058,3,0x04,0.0000,0.0556,4.627190
4.629154,0,0x01,0.0000,0.0556,4.631211
4.629154,1,0x02,0.0000,0.0556,4.629225
4.629154,2,0x03,0.0000,0.1111,4.620227
4.629154,3,0x04,0.0000,0.0556,4.630180
4.636846,0,0x01,0.0000,0.0556,4.631211
4.636846,1,0x02,0.0000,0.0556,4.629225
4.636846,2,0x03,0.0000,0.1111,4.620227
4.636846,3,0x04,0.0000,0.0556,4.630180
4.637919,0,0x01,0.0000,0.0556,4.631211
4.637919,1,0x02,0.0000,0.0556,4.629225
4.637919,2,0x03,0.0000,0.1111,4.620227
4.637919,3,0x04,0.0000,0.0556,4.630180
4.638997,0,0x01,0.0000,0.0556,4.631211
4.638997,1,0x02,0.0000,0.0556,4.629225
4.638997,2,0x03,0.0000,0.1111,4.620227
4.638997,3,0x04,0.0000,0.0556,4.630180
4.645764,0,0x01,0.0000,0.0556,4.631211
4.645764,1,0x02,0.0000,0.0556,4.629225
4.645764,2,0x03,0.0000,0.1111,4.620227
4.645764,3,0x04,0.0000,0.0556,4.630180
4.646830,0,0x01,0.0000,0.0556,4.631211
4.646830,1,0x02,0.0000,0.0556,4.629225
4.646830,2,0x03,0.0000,0.1111,4.620227
4.646830,3,0x04,0.0000,0.0556,4.630180
4.647914,0,0x01,0.0000,0.0556,4.631211
4.647914,1,0x02,0.0000,0.0556,4.629225
4.647914,2,0x03,0.0000,0.1111,4.620227
4.647914,3,0x04,0.0000,0.0556,4.630180
4.648985,0,0x01,0.0000,0.0556,4.631211
4.648985,1,0x02,0.0000,0.0556,4.629225
4.648985,2,0x03,0.0000,0.1111,4.620227
4.648985,3,0x04,0.0000,0.0556,4.630180
4.654793,0,0x01,0.0000,0.0556,4.631211
4.654793,1,0x02,0.0000,0.0556,4.629225
4.654793,2,0x03,0.0000,0.1111,4.620227
4.654793,3,0x04,0.0000,0.0556,4.630180
4.655855,0,0x01,0.0000,0.0556,4.631211
4.655855,1,0x02,0.0000,0.0556,4.629225
4.655855,2,0x03,0.0000,0.1111,4.620227
4.655855,3,0x04,0.0000,0.0556,4.630180
4.656917,0,0x01,0.0000,0.0556,4.631211
4.656917,1,0x02,0.0000,0.0556,4.629225
4.656917,2,0x03,0.0000,0.1111,4.620227
4.656917,3,0x04,0.0000,0.0556,4.630180
4.657980,0,0x01,0.0000,0.0556,4.631211
4.657980,1,0x02,0.0000,0.0556,4.629225
4.657980,2,0x03,0.0000,0.1111,4.620227
4.657980,3,0x04,0.0000,0.0556,4.630180
4.659047,0,0x01,0.0000,0.0556,4.631211
4.659047,1,0x02,0.0000,0.0556,4.629225
4.659047,2,0x03,0.0000,0.1111,4.620227
4.659047,3,0x04,0.0000,0.0556,4.630180
4.666790,0,0x01,0.0000,0.0556,4.631211
4.666790,1,0x02,0.0000,0.0556,4.629225
4.666790,2,0x03,0.0000,0.1111,4.620227
4.666790,3,0x04,0.0000,0.0556,4.630180
4.667858,0,0x01,0.0000,0.0556,4.631211
4.667858,1,0x02,0.0000,0.1111,4.667196
4.667858,2,0x03,0.0000,0.1111,4.620227
4.667858,3,0x04,0.0000,0.0556,4.630180
4.668965,0,0x01,0.0000,0.0556,4.670193
4.668965,1,0x02,0.0000,0.1111,4.673193
4.668965,2,0x03,0.0000,0.1111,4.674187
4.668965,3,0x04,0.0000,0.0556,4.672198
4.675835,0,0x01,0.0000,0.0556,4.675189
4.675835,1,0x02,0.0000,0.1111,4.673193
4.675835,2,0x03,0.0000,0.1111,4.674187
4.675835,3,0x04,0.0000,0.0556,4.672198
4.676912,0,0x01,0.0000,0.0556,4.675189
4.676912,1,0x02,0.0000,0.1111,4.673193
4.676912,2,0x03,0.0000,0.1111,4.674187
4.676912,3,0x04,0.0000,0.0556,4.672198
4.677990,0,0x01,0.0000,0.0556,4.675189
4.677990,1,0x02,0.0000,0.1111,4.677174
4.677990,2,0x03,0.0000,0.1111,4.674187
4.677990,3,0x04,0.0000,0.0556,4.672198
4.679092,0,0x01,0.0000,0.1111,4.679166
4.679092,1,0x02,0.0000,0.1111,4.677174
4.679092,2,0x03,0.0000,0.1111,4.678172
4.679092,3,0x04,0.0000,0.0556,4.672198
4.687841,0,0x01,0.0000,0.1111,4.679166
4.687841,1,0x02,0.0000,0.1111,4.677174
4.687841,2,0x03,0.0000,0.1111,4.678172
4.687841,3,0x04,0.0000,0.0556,4.672198
4.688909,0,0x01,0.0000,0.1111,4.679166
4.688909,1,0x02,0.0000,0.0556,4.690186
4.688909,2,0x03,0.0000,0.1111,4.678172
4.688909,3,0x04,0.0000,0.0556,4.672198
4.696819,0,0x01,0.0000,0.1111,4.679166
4.696819,1,0x02,0.0000,0.0556,4.690186
4.696819,2,0x03,0.0000,0.1111,4.678172
4.696819,3,0x04,0.0000,0.0556,4.672198
4.697908,0,0x01,0.0000,0.1111,4.679166
4.697908,1,0x02,0.0000,0.0556,4.690186
4.697908,2,0x03,0.0000,0.1111,4.678172
4.697908,3,0x04,0.0000,0.0556,4.672198
4.698987,0,0x01,0.0000,0.1111,4.679166
4.698987,1,0x02,0.0000,0.0556,4.690186
4.698987,2,0x03,0.0000,0.1111,4.678172
4.698987,3,0x04,0.0000,0.0556,4.672198
4.705790,0,0x01,0.0000,0.1111,4.679166
4.705790,1,0x02,0.0000,0.0556,4.690186
4.705790,2,0x03,0.0000,0.1111,4.678172
4.705790,3,0x04,0.0000,0.0556,4.672198
4.706858,0,0x01,0.0000,0.1111,4.679166
4.706858,1,0x02,0.0000,0.0556,4.690186
4.706858,2,0x03,0.0000,0.1111,4.678172
4.706858,3,0x04,0.0000,0.0556,4.672198
4.707941,0,0x01,0.0000,0.1111,4.679166
4.707941,1,0x02,0.0000,0.0556,4.690186
4.707941,2,0x03,0.0000,0.1111,4.678172
4.707941,3,0x04,0.0000,0.0556,4.672198
4.709023,0,0x01,0.0000,0.1111,4.679166
4.709023,1,0x02,0.0000,0.0556,4.690186
4.709023,2,0x03,0.0000,0.1111,4.678172
4.709023,3,0x04,0.0000,0.0556,4.672198
4.714779,0,0x01,0.0000,0.1111,4.679166
4.714779,1,0x02,0.0000,0.0556,4.690186
4.714779,2,0x03,0.0000,0.1111,4.678172
4.714779,3,0x04,0.0000,0.0556,4.672198
4.715842,0,0x01,0.0000,0.1111,4.679166
4.715842,1,0x02,0.0000,0.0556,4.690186
4.715842,2,0x03,0.0000,0.1111,4.678172
4.715842,3,0x04,0.0000,0.0556,4.672198
4.716909,0,0x01,0.0000,0.1111,4.679166
4.716909,1,0x02,0.0000,0.0556,4.690186
4.716909,2,0x03,0.0000,0.1111,4.678172
4.716909,3,0x04,0.0000,0.0556,4.672198
4.717995,0,0x01,0.0000,0.1111,4.679166
4.717995,1,0x02,0.0000,0.0556,4.690186
4.717995,2,0x03,0.0000,0.1111,4.678172
4.717995,3,0x04,0.0000,0.0556,4.672198
4.719091,0,0x01,0.0000,0.1111,4.679166
4.719091,1,0x02,0.0000,0.0556,4.690186
4.719091,2,0x03,0.0000,0.1111,4.678172
4.719091,3,0x04,0.0000,0.0556,4.672198
4.726805,0,0x01,0.0000,0.1111,4.679166
4.726805,1,0x02,0.0000,0.0556,4.690186
4.726805,2,0x03,0.0000,0.1111,4.678172
4.726805,3,0x04,0.0000,0.0556,4.726219
4.727898,0,0x01,0.0000,0.1111,4.679166
4.727898,1,0x02,0.0000,0.0556,4.690186
4.727898,2,0x03,0.0000,0.1111,4.678172
4.727898,3,0x04,0.0000,0.0556,4.726219
4.728965,0,0x01,0.0000,0.0556,4.733203
4.728965,1,0x02,0.0000,0.0556,4.690186
4.728965,2,0x03,0.0000,0.0556,4.732208
4.728965,3,0x04,0.0000,0.0556,4.730190
4.735875,0,0x01,0.0000,0.0556,4.733203
4.735875,1,0x02,0.0000,0.0556,4.735200
4.735875,2,0x03,0.0000,0.0556,4.732208
4.735875,3,0x04,0.0000,0.0556,4.730190
4.736961,0,0x01,0.0000,0.0556,4.733203
4.736961,1,0x02,0.0000,0.0556,4.735200
4.736961,2,0x03,0.0000,0.1111,4.736188
4.736961,3,0x04,0.0000,0.0556,4.730190
4.738055,0,0x01,0.0000,0.0556,4.733203
4.738055,1,0x02,0.0000,0.0556,4.735200
4.738055,2,0x03,0.0000,0.1111,4.736188
4.738055,3,0x04,0.0000,0.0556,4.730190
4.739122,0,0x01,0.0000,0.1111,4.740188
4.739122,1,0x02,0.0000,0.0556,4.738200
4.739122,2,0x03,0.0000,0.1111,4.739190
4.739122,3,0x04,0.0000,0.0556,4.730190
4.747831,0,0x01,0.0000,0.1111,4.740188
4.747831,1,0x02,0.0000,0.0556,4.738200
4.747831,2,0x03,0.0000,0.1111,4.739190
4.747831,3,0x04,0.0000,0.0556,4.730190
4.748898,0,0x01,0.0000,0.1111,4.740188
4.748898,1,0x02,0.0000,0.0556,4.738200
4.748898,2,0x03,0.0000,0.1111,4.751223
4.748898,3,0x04,0.0000,0.0556,4.730190
4.754834,0,0x01,0.0000,0.1111,4.740188
4.754834,1,0x02,0.0000,0.0556,4.738200
4.754834,2,0x03,0.0000,0.1111,4.751223
4.754834,3,0x04,0.0000,0.0556,4.730190
4.755903,0,0x01,0.0000,0.1111,4.740188
4.755903,1,0x02,0.0000,0.0556,4.738200
4.755903,2,0x03,0.0000,0.1111,4.751223
4.755903,3,0x04,0.0000,0.0556,4.730190
4.756980,0,0x01,0.0000,0.1111,4.740188
4.756980,1,0x02,0.0000,0.0556,4.738200
4.756980,2,0x03,0.0000,0.1111,4.751223
4.756980,3,0x04,0.0000,0.0556,4.730190
4.758059,0,0x01,0.0000,0.1111,4.740188
4.758059,1,0x02,0.0000,0.0556,4.738200
4.758059,2,0x03,0.0000,0.1111,4.751223
4.758059,3,0x04,0.0000,0.0556,4.730190
4.759135,0,0x01,0.0000,0.1111,4.740188
4.759135,1,0x02,0.0000,0.0556,4.738200
4.759135,2,0x03,0.0000,0.1111,4.751223
4.759135,3,0x04,0.0000,0.0556,4.730190
4.766800,0,0x01,0.0000,0.1111,4.740188
4.766800,1,0x02,0.0000,0.0556,4.738200
4.766800,2,0x03,0.0000,0.1111,4.751223
4.766800,3,0x04,0.0000,0.0556,4.730190
4.767887,0,0x01,0.0000,0.1111,4.740188
4.767887,1,0x02,0.0000,0.0556,4.738200
4.767887,2,0x03,0.0000,0.1111,4.751223
4.767887,3,0x04,0.0000,0.0556,4.730190
4.769003,0,0x01,0.0000,0.1111,4.740188
4.769003,1,0x02,0.0000,0.0556,4.738200
4.769003,2,0x03,0.0000,0.1111,4.751223
4.769003,3,0x04,0.0000,0.0556,4.730190
4.775785,0,0x01,0.0000,0.1111,4.740188
4.775785,1,0x02,0.0000,0.0556,4.738200
4.775785,2,0x03,0.0000,0.1111,4.751223
4.775785,3,0x04,0.0000,0.0556,4.730190
4.776874,0,0x01,0.0000,0.1111,4.740188
4.776874,1,0x02,0.0000,0.0556,4.738200
4.776874,2,0x03,0.0000,0.1111,4.751223
4.776874,3,0x04,0.0000,0.0556,4.730190
4.777952,0,0x01,0.0000,0.1111,4.740188
4.777952,1,0x02,0.0000,0.0556,4.738200
4.777952,2,0x03,0.0000,0.1111,4.751223
4.777952,3,0x04,0.0000,0.0556,4.730190
4.779032,0,0x01,0.0000,0.1111,4.740188
4.779032,1,0x02,0.0000,0.0556,4.738200
4.779032,2,0x03,0.0000,0.1111,4.751223
4.779032,3,0x04,0.0000,0.0556,4.730190
4.784786,0,0x01,0.0000,0.1111,4.740188
4.784786,1,0x02,0.0000,0.0556,4.738200
4.784786,2,0x03,0.0000,0.1111,4.751223
4.784786,3,0x04,0.0000,0.0556,4.730190
4.785877,0,0x01,0.0000,0.1111,4.740188
4.785877,1,0x02,0.0000,0.0556,4.738200
4.785877,2,0x03,0.0000,0.1111,4.751223
4.785877,3,0x04,0.0000,0.0556,4.730190
4.786961,0,0x01,0.0000,0.1111,4.740188
4.786961,1,0x02,0.0000,0.0556,4.738200
4.786961,2,0x03,0.0000,0.1111,4.751223
4.786961,3,0x04,0.0000,0.0556,4.730190
4.788044,0,0x01,0.0000,0.1111,4.740188
4.788044,1,0x02,0.0000,0.0556,4.738200
4.788044,2,0x03,0.0000,0.1111,4.751223
4.788044,3,0x04,0.0000,0.0556,4.787234
4.789144,0,0x01,0.0000,0.0556,4.794199
4.789144,1,0x02,0.0000,0.0556,4.795196
4.789144,2,0x03,0.0000,0.1111,4.793198
4.789144,3,0x04,0.0000,0.0556,4.792203
4.796848,0,0x01,0.0000,0.0556,4.794199
4.796848,1,0x02,0.0000,0.0556,4.795196
4.796848,2,0x03,0.0000,0.1111,4.793198
4.796848,3,0x04,0.0000,0.0556,4.792203
4.797918,0,0x01,0.0000,0.0556,4.794199
4.797918,1,0x02,0.0000,0.0556,4.795196
4.797918,2,0x03,0.0000,0.0556,4.797180
4.797918,3,0x04,0.0000,0.0556,4.792203
4.799022,0,0x01,0.0000,0.1111,4.798322
4.799022,1,0x02,0.0000,0.0556,4.802235
4.799022,2,0x03,0.0000,0.1111,4.800235
4.799022,3,0x04,0.0000,0.0556,4.801372
4.805994,0,0x01,0.0000,0.1111,4.798322
4.805994,1,0x02,0.0000,0.0556,4.802235
4.805994,2,0x03,0.0000,0.1111,4.800235
4.805994,3,0x04,0.0000,0.0556,4.801372
4.807082,0,0x01,0.0000,0.1111,4.798322
4.807082,1,0x02,0.0000,0.0556,4.802235
4.807082,2,0x03,0.0000,0.1111,4.800235
4.807082,3,0x04,0.0000,0.0556,4.801372
4.808165,0,0x01,0.0000,0.1111,4.798322
4.808165,1,0x02,0.0000,0.0556,4.802235
4.808165,2,0x03,0.0000,0.1111,4.800235
4.808165,3,0x04,0.0000,0.0556,4.801372
4.809258,0,0x01,0.0000,0.1111,4.798322
4.809258,1,0x02,0.0000,0.0556,4.802235
4.809258,2,0x03,0.0000,0.1111,4.800235
4.809258,3,0x04,0.0000,0.0556,4.801372
4.816850,0,0x01,0.0000,0.1111,4.798322
4.816850,1,0x02,0.0000,0.0556,4.802235
4.816850,2,0x03,0.0000,0.1111,4.800235
4.816850,3,0x04,0.0000,0.0556,4.801372
4.817948,0,0x01,0.0000,0.1111,4.798322
4.817948,1,0x02,0.0000,0.0556,4.802235
4.817948,2,0x03,0.0000,0.1111,4.800235
4.817948,3,0x04,0.0000,0.0556,4.801372
4.819069,0,0x01,0.0000,0.1111,4.798322
4.819069,1,0x02,0.0000,0.0556,4.802235
4.819069,2,0x03,0.0000,0.1111,4.800235
4.819069,3,0x04,0.0000,0.0556,4.801372
4.826848,0,0x01,0.0000,0.1111,4.798322
4.826848,1,0x02,0.0000,0.0556,4.802235
4.826848,2,0x03,0.0000,0.1111,4.800235
4.826848,3,0x04,0.0000,0.0556,4.801372
4.827925,0,0x01,0.0000,0.1111,4.798322
4.827925,1,0x02,0.0000,0.0556,4.802235
4.827925,2,0x03,0.0000,0.1111,4.800235
4.827925,3,0x04,0.0000,0.0556,4.801372
4.828991,0,0x01,0.0000,0.1111,4.798322
4.828991,1,0x02,0.0000,0.0556,4.802235
4.828991,2,0x03,0.0000,0.1111,4.800235
4.828991,3,0x04,0.0000,0.0556,4.801372
4.836871,0,0x01,0.0000,0.1111,4.798322
4.836871,1,0x02,0.0000,0.0556,4.802235
4.836871,2,0x03,0.0000,0.1111,4.800235
4.836871,3,0x04,0.0000,0.0556,4.801372
4.837943,0,0x01,0.0000,0.1111,4.798322
4.837943,1,0x02,0.0000,0.0556,4.802235
4.837943,2,0x03,0.0000,0.1111,4.800235
4.837943,3,0x04,0.0000,0.0556,4.801372
4.839019,0,0x01,0.0000,0.0556,4.843201
4.839019,1,0x02,0.0000,0.0556,4.844217
4.839019,2,0x03,0.0000,0.0556,4.841204
4.839019,3,0x04,0.0000,0.0556,4.842204
4.845887,0,0x01,0.0000,0.0556,4.843201
4.845887,1,0x02,0.0000,0.0556,4.844217
4.845887,2,0x03,0.0000,0.1111,4.845197
4.845887,3,0x04,0.0000,0.0556,4.842204
4.846970,0,0x01,0.0000,0.0556,4.843201
4.846970,1,0x02,0.0000,0.0556,4.844217
4.846970,2,0x03,0.0000,0.1111,4.845197
4.846970,3,0x04,0.0000,0.0556,4.846177
4.848079,0,0x01,0.0000,0.0556,4.843201
4.848079,1,0x02,0.0000,0.0556,4.847182
4.848079,2,0x03,0.0000,0.1111,4.845197
4.848079,3,0x04,0.0000,0.0556,4.846177
4.849242,0,0x01,0.0000,0.1111,4.849188
4.849242,1,0x02,0.0000,0.0556,4.850179
4.849242,2,0x03,0.0000,0.0556,4.848218
4.849242,3,0x04,0.0000,0.0556,4.846177
4.858860,0,0x01,0.0000,0.1111,4.849188
4.858860,1,0x02,0.0000,0.0556,4.850179
4.858860,2,0x03,0.0000,0.0556,4.848218
4.858860,3,0x04,0.0000,0.0556,4.846177
4.865788,0,0x01,0.0000,0.1111,4.849188
4.865788,1,0x02,0.0000,0.0556,4.850179
4.865788,2,0x03,0.0000,0.0556,4.848218
4.865788,3,0x04,0.0000,0.0556,4.846177
4.866855,0,0x01,0.0000,0.1111,4.849188
4.866855,1,0x02,0.0000,0.0556,4.850179
4.866855,2,0x03,0.0000,0.0556,4.848218
4.866855,3,0x04,0.0000,0.0556,4.846177
4.867949,0,0x01,0.0000,0.1111,4.849188
4.867949,1,0x02,0.0000,0.0556,4.850179
4.867949,2,0x03,0.0000,0.0556,4.848218
4.867949,3,0x04,0.0000,0.0556,4.846177
4.869030,0,0x01,0.0000,0.1111,4.849188
4.869030,1,0x02,0.0000,0.0556,4.850179
4.869030,2,0x03,0.0000,0.0556,4.848218
4.869030,3,0x04,0.0000,0.0556,4.846177
4.874784,0,0x01,0.0000,0.1111,4.849188
4.874784,1,0x02,0.0000,0.0556,4.850179
4.874784,2,0x03,0.0000,0.0556,4.848218
4.874784,3,0x04,0.0000,0.0556,4.846177
4.875853,0,0x01,0.0000,0.1111,4.849188
4.875853,1,0x02,0.0000,0.0556,4.850179
4.875853,2,0x03,0.0000,0.0556,4.848218
4.875853,3,0x04,0.0000,0.0556,4.846177
4.876936,0,0x01,0.0000,0.1111,4.849188
4.876936,1,0x02,0.0000,0.0556,4.850179
4.876936,2,0x03,0.0000,0.0556,4.848218
4.876936,3,0x04,0.0000,0.0556,4.846177
4.878014,0,0x01,0.0000,0.1111,4.849188
4.878014,1,0x02,0.0000,0.0556,4.850179
4.878014,2,0x03,0.0000,0.0556,4.848218
4.878014,3,0x04,0.0000,0.0556,4.846177
4.879087,0,0x01,0.0000,0.1111,4.849188
4.879087,1,0x02,0.0000,0.0556,4.850179
4.879087,2,0x03,0.0000,0.0556,4.848218
4.879087,3,0x04,0.0000,0.0556,4.846177
4.886802,0,0x01,0.0000,0.1111,4.849188
4.886802,1,0x02,0.0000,0.0556,4.850179
4.886802,2,0x03,0.0000,0.0556,4.848218
4.886802,3,0x04,0.0000,0.0556,4.846177
4.887874,0,0x01,0.0000,0.1111,4.849188
4.887874,1,0x02,0.0000,0.0556,4.850179
4.887874,2,0x03,0.0000,0.0556,4.848218
4.887874,3,0x04,0.0000,0.0556,4.846177
4.888960,0,0x01,0.0000,0.1111,4.849188
4.888960,1,0x02,0.0000,0.0556,4.850179
4.888960,2,0x03,0.0000,0.0556,4.848218
4.888960,3,0x04,0.0000,0.0556,4.846177
4.895802,0,0x01,0.0000,0.1111,4.849188
4.895802,1,0x02,0.0000,0.0556,4.850179
4.895802,2,0x03,0.0000,0.0556,4.848218
4.895802,3,0x04,0.0000,0.0556,4.846177
4.896878,0,0x01,0.0000,0.1111,4.849188
4.896878,1,0x02,0.0000,0.0556,4.850179
4.896878,2,0x03,0.0000,0.0556,4.848218
4.896878,3,0x04,0.0000,0.0556,4.846177
4.897958,0,0x01,0.0000,0.1111,4.849188
4.897958,1,0x02,0.0000,0.0556,4.850179
4.897958,2,0x03,0.0000,0.0556,4.848218
4.897958,3,0x04,0.0000,0.0556,4.897203
4.899092,0,0x01,0.0000,0.0556,4.901201
4.899092,1,0x02,0.0000,0.0556,4.905194
4.899092,2,0x03,0.0000,0.0556,4.903202
4.899092,3,0x04,0.0000,0.0556,4.904219
4.906918,0,0x01,0.0000,0.0556,4.901201
4.906918,1,0x02,0.0000,0.0556,4.905194
4.906918,2,0x03,0.0000,0.1111,4.906192
4.906918,3,0x04,0.0000,0.0556,4.904219
4.907999,0,0x01,0.0000,0.0556,4.901201
4.907999,1,0x02,0.0000,0.0556,4.905194
4.907999,2,0x03,0.0000,0.1111,4.906192
4.907999,3,0x04,0.0000,0.0556,4.904219
4.909081,0,0x01,0.0000,0.1111,4.911207
4.909081,1,0x02,0.0000,0.1111,4.909196
4.909081,2,0x03,0.0000,0.1111,4.906192
4.909081,3,0x04,0.0000,0.0556,4.910196
4.915847,0,0x01,0.0000,0.1111,4.911207
4.915847,1,0x02,0.0000,0.1111,4.909196
4.915847,2,0x03,0.0000,0.1111,4.906192
4.915847,3,0x04,0.0000,0.0556,4.910196
4.916912,0,0x01,0.0000,0.1111,4.911207
4.916912,1,0x02,0.0000,0.1111,4.909196
4.916912,2,0x03,0.0000,0.1111,4.906192
4.916912,3,0x04,0.0000,0.0556,4.910196
4.917997,0,0x01,0.0000,0.1111,4.911207
4.917997,1,0x02,0.0000,0.1111,4.909196
4.917997,2,0x03,0.0000,0.1111,4.906192
4.917997,3,0x04,0.0000,0.0556,4.910196
4.919085,0,0x01,0.0000,0.1111,4.911207
4.919085,1,0x02,0.0000,0.1111,4.909196
4.919085,2,0x03,0.0000,0.1111,4.906192
4.919085,3,0x04,0.0000,0.0556,4.910196
4.926827,0,0x01,0.0000,0.1111,4.911207
4.926827,1,0x02,0.0000,0.1111,4.909196
4.926827,2,0x03,0.0000,0.1111,4.906192
4.926827,3,0x04,0.0000,0.0556,4.910196
4.927914,0,0x01,0.0000,0.1111,4.911207
4.927914,1,0x02,0.0000,0.1111,4.909196
4.927914,2,0x03,0.0000,0.1111,4.906192
4.927914,3,0x04,0.0000,0.0556,4.910196
4.928999,0,0x01,0.0000,0.1111,4.911207
4.928999,1,0x02,0.0000,0.1111,4.909196
4.928999,2,0x03,0.0000,0.1111,4.906192
4.928999,3,0x04,0.0000,0.0556,4.910196
4.935812,0,0x01,0.0000,0.1111,4.911207
4.935812,1,0x02,0.0000,0.1111,4.909196
4.935812,2,0x03,0.0000,0.1111,4.906192
4.935812,3,0x04,0.0000,0.0556,4.910196
4.936886,0,0x01,0.0000,0.1111,4.911207
4.936886,1,0x02,0.0000,0.1111,4.909196
4.936886,2,0x03,0.0000,0.1111,4.906192
4.936886,3,0x04,0.0000,0.0556,4.910196
4.937963,0,0x01,0.0000,0.1111,4.911207
4.937963,1,0x02,0.0000,0.1111,4.909196
4.937963,2,0x03,0.0000,0.1111,4.906192
4.937963,3,0x04,0.0000,0.0556,4.910196
4.939044,0,0x01,0.0000,0.1111,4.911207
4.939044,1,0x02,0.0000,0.1111,4.909196
4.939044,2,0x03,0.0000,0.1111,4.906192
4.939044,3,0x04,0.0000,0.0556,4.910196
4.944788,0,0x01,0.0000,0.1111,4.911207
4.944788,1,0x02,0.0000,0.1111,4.909196
4.944788,2,0x03,0.0000,0.1111,4.906192
4.944788,3,0x04,0.0000,0.0556,4.910196
4.945853,0,0x01,0.0000,0.1111,4.911207
4.945853,1,0x02,0.0000,0.1111,4.909196
4.945853,2,0x03,0.0000,0.1111,4.906192
4.945853,3,0x04,0.0000,0.0556,4.910196
4.946918,0,0x01,0.0000,0.1111,4.911207
4.946918,1,0x02,0.0000,0.1111,4.909196
4.946918,2,0x03,0.0000,0.1111,4.906192
4.946918,3,0x04,0.0000,0.0556,4.910196
4.947992,0,0x01,0.0000,0.1111,4.911207
4.947992,1,0x02,0.0000,0.1111,4.909196
4.947992,2,0x03,0.0000,0.0556,4.947219
4.947992,3,0x04,0.0000,0.0556,4.910196
4.949088,0,0x01,0.0000,0.1111,4.955198
4.949088,1,0x02,0.0000,0.1111,4.909196
4.949088,2,0x03,0.0000,0.1111,4.954226
4.949088,3,0x04,0.0000,0.0556,4.951230
4.956886,0,0x01,0.0000,0.1111,4.955198
4.956886,1,0x02,0.0000,0.0556,4.956196
4.956886,2,0x03,0.0000,0.1111,4.954226
4.956886,3,0x04,0.0000,0.0556,4.951230
4.957977,0,0x01,0.0000,0.1111,4.955198
4.957977,1,0x02,0.0000,0.0556,4.956196
4.957977,2,0x03,0.0000,0.1111,4.957177
4.957977,3,0x04,0.0000,0.0556,4.951230
4.959084,0,0x01,0.0000,0.1111,4.958180
4.959084,1,0x02,5.0000,0.0556,4.959200
4.959084,2,0x03,0.0000,0.1111,4.957177
4.959084,3,0x04,0.0000,0.0556,4.951230
4.965816,0,0x01,0.0000,0.1111,4.958180
4.965816,1,0x02,5.0000,0.0556,4.959200
4.965816,2,0x03,0.0000,0.1111,4.957177
4.965816,3,0x04,0.0000,0.0556,4.951230
4.966883,0,0x01,0.0000,0.1111,4.958180
4.966883,1,0x02,5.0000,0.0556,4.959200
4.966883,2,0x03,0.0000,0.1111,4.957177
4.966883,3,0x04,0.0000,0.0556,4.951230
4.967975,0,0x01,0.0000,0.1111,4.958180
4.967975,1,0x02,5.0000,0.0556,4.959200
4.967975,2,0x03,0.0000,0.1111,4.957177
4.967975,3,0x04,0.0000,0.0556,4.951230
4.969058,0,0x01,0.0000,0.0556,4.975197
4.969058,1,0x02,5.0000,0.0556,4.974204
4.969058,2,0x03,0.0000,0.1111,4.957177
4.969058,3,0x04,0.0000,0.0556,4.971266
4.976868,0,0x01,0.0000,0.0556,4.975197
4.976868,1,0x02,5.0000,0.0556,4.974204
4.976868,2,0x03,0.0000,0.1111,4.957177
4.976868,3,0x04,0.0000,0.0556,4.971266
4.977935,0,0x01,0.0000,0.0556,4.975197
4.977935,1,0x02,5.0000,0.0556,4.974204
4.977935,2,0x03,0.0000,0.1111,4.957177
4.977935,3,0x04,0.0000,0.0556,4.971266
4.979019,0,0x01,0.0000,0.0556,4.975197
4.979019,1,0x02,5.0000,0.1111,4.978179
4.979019,2,0x03,0.0000,0.0556,4.981205
4.979019,3,0x04,0.0000,0.0556,4.983214
4.985869,0,0x01,0.0000,0.0556,4.975197
4.985869,1,0x02,5.0000,0.1111,4.978179
4.985869,2,0x03,0.0000,0.0556,4.981205
4.985869,3,0x04,0.0000,0.0556,4.983214
4.986963,0,0x01,0.0000,0.0556,4.986180
4.986963,1,0x02,5.0000,0.1111,4.978179
4.986963,2,0x03,0.0000,0.0556,4.981205
4.986963,3,0x04,0.0000,0.0556,4.983214
4.988081,0,0x01,0.0000,0.0556,4.986180
4.988081,1,0x02,5.0000,0.1111,4.978179
4.988081,2,0x03,0.0000,0.0556,4.981205
4.988081,3,0x04,0.0000,0.0556,4.983214
4.989166,0,0x01,0.0000,0.0556,4.986180
4.989166,1,0x02,5.0000,0.7222,4.990201
4.989166,2,0x03,0.0000,0.1111,4.993212
4.989166,3,0x04,0.0000,0.0556,4.995210
4.996896,0,0x01,0.0000,0.0556,4.986180
4.996896,1,0x02,5.0000,0.7222,4.990201
4.996896,2,0x03,0.0000,0.1111,4.993212
4.996896,3,0x04,0.0000,0.0556,4.995210
4.997966,0,0x01,0.0000,0.1111,4.997185
4.997966,1,0x02,5.0000,0.7222,4.990201
4.997966,2,0x03,0.0000,0.1111,4.993212
4.997966,3,0x04,0.0000,0.0556,4.995210
4.999080,0,0x01,0.0000,0.1111,4.997185
4.999080,1,0x02,5.0000,1.8889,5.001212
4.999080,2,0x03,0.0000,0.0556,5.004216
4.999080,3,0x04,0.0000,0.0556,4.995210
5.005870,0,0x01,0.0000,0.1111,4.997185
5.005870,1,0x02,5.0000,1.8889,5.001212
5.005870,2,0x03,0.0000,0.0556,5.004216
5.005870,3,0x04,0.0000,0.0556,4.995210
5.006939,0,0x01,0.0000,0.1111,4.997185
5.006939,1,0x02,5.0000,1.8889,5.001212
5.006939,2,0x03,0.0000,0.0556,5.004216
5.006939,3,0x04,0.0000,0.0556,4.995210
5.008020,0,0x01,0.0000,0.1111,4.997185
5.008020,1,0x02,5.0000,1.8889,5.001212
5.008020,2,0x03,0.0000,0.0556,5.004216
5.008020,3,0x04,0.0000,0.0556,4.995210
5.009098,0,0x01,0.0000,0.1111,4.997185
5.009098,1,0x02,5.0000,1.8889,5.001212
5.009098,2,0x03,0.0000,0.0556,5.004216
5.009098,3,0x04,0.0000,0.0556,4.995210
5.016835,0,0x01,0.0000,0.1111,4.997185
5.016835,1,0x02,5.0000,1.8889,5.001212
5.016835,2,0x03,0.0000,0.0556,5.004216
5.016835,3,0x04,0.0000,0.0556,4.995210
5.017924,0,0x01,0.0000,0.1111,4.997185
5.017924,1,0x02,5.0000,1.8889,5.001212
5.017924,2,0x03,0.0000,0.0556,5.004216
5.017924,3,0x04,0.0000,0.0556,4.995210
5.019054,0,0x01,0.0000,0.1111,4.997185
5.019054,1,0x02,5.0000,1.8889,5.001212
5.019054,2,0x03,0.0000,0.0556,5.004216
5.019054,3,0x04,0.0000,0.0556,4.995210
5.025814,0,0x01,0.0000,0.1111,4.997185
5.025814,1,0x02,5.0000,1.8889,5.001212
5.025814,2,0x03,0.0000,0.0556,5.004216
5.025814,3,0x04,0.0000,0.0556,4.995210
5.026887,0,0x01,0.0000,0.1111,4.997185
5.026887,1,0x02,5.0000,1.8889,5.001212
5.026887,2,0x03,0.0000,0.0556,5.004216
5.026887,3,0x04,0.0000,0.0556,4.995210
5.027977,0,0x01,0.0000,0.1111,4.997185
5.027977,1,0x02,5.0000,1.8889,5.001212
5.027977,2,0x03,0.0000,0.0556,5.004216
5.027977,3,0x04,0.0000,0.0556,4.995210
5.029060,0,0x01,0.0000,0.1111,4.997185
5.029060,1,0x02,5.0000,1.8889,5.001212
5.029060,2,0x03,0.0000,0.0556,5.004216
5.029060,3,0x04,0.0000,0.0556,4.995210
5.036835,0,0x01,0.0000,0.1111,4.997185
5.036835,1,0x02,5.0000,1.8889,5.001212
5.036835,2,0x03,0.0000,0.0556,5.004216
5.036835,3,0x04,0.0000,0.0556,4.995210
5.037912,0,0x01,0.0000,0.1111,4.997185
5.037912,1,0x02,5.0000,1.8889,5.001212
5.037912,2,0x03,0.0000,0.0556,5.004216
5.037912,3,0x04,0.0000,0.0556,4.995210
5.038980,0,0x01,0.0000,0.1111,4.997185
5.038980,1,0x02,5.0000,5.0556,5.042255
5.038980,2,0x03,0.0000,0.0556,5.043234
5.038980,3,0x04,0.0000,0.0556,5.044265
5.046945,0,0x01,0.0000,0.1111,4.997185
5.046945,1,0x02,5.0000,5.1111,5.046281
5.046945,2,0x03,0.0000,0.0556,5.043234
5.046945,3,0x04,0.0000,0.0556,5.044265
5.048053,0,0x01,0.0000,0.1111,4.997185
5.048053,1,0x02,5.0000,5.1111,5.046281
5.048053,2,0x03,0.0000,0.0556,5.047247
5.048053,3,0x04,0.0000,0.0556,5.044265
5.049145,0,0x01,0.0000,0.0556,5.048435
5.049145,1,0x02,5.0000,4.9444,5.049266
5.049145,2,0x03,0.0000,0.0556,5.050352
5.049145,3,0x04,0.0000,0.0556,5.051243
5.057945,0,0x01,0.0000,0.0556,5.048435
5.057945,1,0x02,5.0000,4.9444,5.049266
5.057945,2,0x03,0.0000,0.0556,5.050352
5.057945,3,0x04,0.0000,0.0556,5.051243
5.059014,0,0x01,0.0000,0.0556,5.048435
5.059014,1,0x02,5.0000,4.9444,5.049266
5.059014,2,0x03,0.0000,0.0556,5.050352
5.059014,3,0x04,0.0000,0.0556,5.051243
5.067108,0,0x01,0.0000,0.0556,5.048435
5.067108,1,0x02,5.0000,4.9444,5.049266
5.067108,2,0x03,0.0000,0.0556,5.050352
5.067108,3,0x04,0.0000,0.0556,5.051243
5.068189,0,0x01,0.0000,0.0556,5.048435
5.068189,1,0x02,5.0000,4.9444,5.049266
5.068189,2,0x03,0.0000,0.0556,5.050352
5.068189,3,0x04,0.0000,0.0556,5.051243
5.069266,0,0x01,0.0000,0.0556,5.048435
5.069266,1,0x02,5.0000,4.9444,5.049266
5.069266,2,0x03,0.0000,0.0556,5.050352
5.069266,3,0x04,0.0000,0.0556,5.051243
5.076793,0,0x01,0.0000,0.0556,5.048435
5.076793,1,0x02,5.0000,4.9444,5.049266
5.076793,2,0x03,0.0000,0.0556,5.050352
5.076793,3,0x04,0.0000,0.0556,5.051243
5.077859,0,0x01,0.0000,0.0556,5.048435
5.077859,1,0x02,5.0000,4.9444,5.049266
5.077859,2,0x03,0.0000,0.0556,5.050352
5.077859,3,0x04,0.0000,0.0556,5.051243
5.078938,0,0x01,0.0000,0.0556,5.048435
5.078938,1,0x02,5.0000,4.9444,5.049266
5.078938,2,0x03,0.0000,0.0556,5.050352
5.078938,3,0x04,0.0000,0.0556,5.051243
5.085789,0,0x01,0.0000,0.0556,5.048435
5.085789,1,0x02,5.0000,4.9444,5.049266
5.085789,2,0x03,0.0000,0.0556,5.050352
5.085789,3,0x04,0.0000,0.0556,5.051243
5.086857,0,0x01,0.0000,0.0556,5.048435
5.086857,1,0x02,5.0000,4.9444,5.049266
5.086857,2,0x03,0.0000,0.0556,5.050352
5.086857,3,0x04,0.0000,0.0556,5.051243
5.087947,0,0x01,0.0000,0.0556,5.048435
5.087947,1,0x02,5.0000,4.9444,5.049266
5.087947,2,0x03,0.0000,0.0556,5.050352
5.087947,3,0x04,0.0000,0.0556,5.051243
5.089015,0,0x01,0.0000,0.0556,5.048435
5.089015,1,0x02,5.0000,4.9444,5.049266
5.089015,2,0x03,0.0000,0.0556,5.050352
5.089015,3,0x04,0.0000,0.0556,5.051243
5.094764,0,0x01,0.0000,0.0556,5.048435
5.094764,1,0x02,5.0000,4.9444,5.049266
5.094764,2,0x03,0.0000,0.0556,5.050352
5.094764,3,0x04,0.0000,0.0556,5.051243
5.095828,0,0x01,0.0000,0.0556,5.048435
5.095828,1,0x02,5.0000,4.9444,5.049266
5.095828,2,0x03,0.0000,0.0556,5.050352
5.095828,3,0x04,0.0000,0.0556,5.051243
5.096904,0,0x01,0.0000,0.0556,5.048435
5.096904,1,0x02,5.0000,4.9444,5.049266
5.096904,2,0x03,0.0000,0.0556,5.050352
5.096904,3,0x04,0.0000,0.0556,5.051243
5.097945,0,0x01,0.0000,0.0556,5.097176
5.097945,1,0x02,5.0000,4.9444,5.049266
5.097945,2,0x03,0.0000,0.0556,5.050352
5.097945,3,0x04,0.0000,0.0556,5.051243
5.099079,0,0x01,0.0000,0.0556,5.099178
5.099079,1,0x02,5.0000,5.1111,5.104193
5.099079,2,0x03,0.0000,0.1111,5.102196
5.099079,3,0x04,0.0000,0.0556,5.105195
5.106881,0,0x01,0.0000,0.0556,5.106177
5.106881,1,0x02,5.0000,5.1111,5.104193
5.106881,2,0x03,0.0000,0.1111,5.102196
5.106881,3,0x04,0.0000,0.0556,5.105195
5.107986,0,0x01,0.0000,0.0556,5.106177
5.107986,1,0x02,5.0000,5.1111,5.107168
5.107986,2,0x03,0.0000,0.1111,5.102196
5.107986,3,0x04,0.0000,0.0556,5.105195
5.109118,0,0x01,0.0000,0.0556,5.110192
5.109118,1,0x02,5.0000,5.1111,5.107168
5.109118,2,0x03,0.0000,0.1111,5.111196
5.109118,3,0x04,0.0000,0.0556,5.112202
5.116870,0,0x01,0.0000,0.0556,5.110192
5.116870,1,0x02,5.0000,5.1111,5.107168
5.116870,2,0x03,0.0000,0.1111,5.111196
5.116870,3,0x04,0.0000,0.0556,5.112202
5.117951,0,0x01,0.0000,0.0556,5.110192
5.117951,1,0x02,5.0000,5.1111,5.107168
5.117951,2,0x03,0.0000,0.1111,5.111196
5.117951,3,0x04,0.0000,0.0556,5.112202
5.119031,0,0x01,0.0000,0.0556,5.110192
5.119031,1,0x02,5.0000,5.1111,5.107168
5.119031,2,0x03,0.0000,0.1111,5.111196
5.119031,3,0x04,0.0000,0.0556,5.112202
5.125765,0,0x01,0.0000,0.0556,5.110192
5.125765,1,0x02,5.0000,5.1111,5.107168
5.125765,2,0x03,0.0000,0.1111,5.111196
5.125765,3,0x04,0.0000,0.0556,5.112202
5.126838,0,0x01,0.0000,0.0556,5.110192
5.126838,1,0x02,5.0000,5.1111,5.107168
5.126838,2,0x03,0.0000,0.1111,5.111196
5.126838,3,0x04,0.0000,0.0556,5.112202
5.127918,0,0x01,0.0000,0.0556,5.110192
5.127918,1,0x02,5.0000,5.1111,5.107168
5.127918,2,0x03,0.0000,0.1111,5.111196
5.127918,3,0x04,0.0000,0.0556,5.112202
5.129005,0,0x01,0.0000,0.0556,5.110192
5.129005,1,0x02,5.0000,5.1111,5.107168
5.129005,2,0x03,0.0000,0.1111,5.111196
5.129005,3,0x04,0.0000,0.0556,5.112202
5.134771,0,0x01,0.0000,0.0556,5.110192
5.134771,1,0x02,5.0000,5.1111,5.107168
5.134771,2,0x03,0.0000,0.1111,5.111196
5.134771,3,0x04,0.0000,0.0556,5.112202
5.135854,0,0x01,0.0000,0.0556,5.110192
5.135854,1,0x02,5.0000,5.1111,5.107168
5.135854,2,0x03,0.0000,0.1111,5.111196
5.135854,3,0x04,0.0000,0.0556,5.112202
5.136925,0,0x01,0.0000,0.0556,5.110192
5.136925,1,0x02,5.0000,5.1111,5.107168
5.136925,2,0x03,0.0000,0.1111,5.111196
5.136925,3,0x04,0.0000,0.0556,5.112202
5.138007,0,0x01,0.0000,0.0556,5.110192
5.138007,1,0x02,5.0000,5.1111,5.107168
5.138007,2,0x03,0.0000,0.1111,5.111196
5.138007,3,0x04,0.0000,0.0556,5.112202
5.139086,0,0x01,0.0000,0.0556,5.110192
5.139086,1,0x02,5.0000,5.1111,5.107168
5.139086,2,0x03,0.0000,0.1111,5.111196
5.139086,3,0x04,0.0000,0.0556,5.112202
5.146848,0,0x01,0.0000,0.0556,5.110192
5.146848,1,0x02,5.0000,5.1111,5.107168
5.146848,2,0x03,0.0000,0.1111,5.111196
5.146848,3,0x04,0.0000,0.0556,5.112202
5.147925,0,0x01,0.0000,0.0556,5.110192
5.147925,1,0x02,5.0000,5.1111,5.107168
5.147925,2,0x03,0.0000,0.1111,5.111196
5.147925,3,0x04,0.0000,0.0556,5.112202
5.149004,0,0x01,0.0000,0.0556,5.154188
5.149004,1,0x02,5.0000,5.1111,5.151213
5.149004,2,0x03,0.0000,0.0556,5.152195
5.149004,3,0x04,0.0000,0.0556,5.153191
5.155857,0,0x01,0.0000,0.0556,5.154188
5.155857,1,0x02,5.0000,5.1111,5.151213
5.155857,2,0x03,0.0000,0.0556,5.152195
5.155857,3,0x04,0.0000,0.0556,5.153191
5.156931,0,0x01,0.0000,0.0556,5.154188
5.156931,1,0x02,5.0000,5.0556,5.156191
5.156931,2,0x03,0.0000,0.0556,5.152195
5.156931,3,0x04,0.0000,0.0556,5.153191
5.158032,0,0x01,0.0000,0.1111,5.157181
5.158032,1,0x02,5.0000,5.0556,5.156191
5.158032,2,0x03,0.0000,0.0556,5.152195
5.158032,3,0x04,0.0000,0.0556,5.153191
5.159142,0,0x01,0.0000,0.1111,5.157181
5.159142,1,0x02,5.0000,5.1111,5.158184
5.159142,2,0x03,0.0000,0.0556,5.152195
5.159142,3,0x04,0.0000,0.0556,5.159199
5.168876,0,0x01,0.0000,0.1111,5.157181
5.168876,1,0x02,5.0000,5.1111,5.158184
5.168876,2,0x03,0.0000,0.0556,5.152195
5.168876,3,0x04,0.0000,0.0556,5.159199
5.174788,0,0x01,0.0000,0.1111,5.157181
5.174788,1,0x02,5.0000,5.1111,5.158184
5.174788,2,0x03,0.0000,0.0556,5.152195
5.174788,3,0x04,0.0000,0.0556,5.159199
5.175862,0,0x01,0.0000,0.1111,5.157181
5.175862,1,0x02,5.0000,5.1111,5.158184
5.175862,2,0x03,0.0000,0.0556,5.152195
5.175862,3,0x04,0.0000,0.0556,5.159199
5.176942,0,0x01,0.0000,0.1111,5.157181
5.176942,1,0x02,5.0000,5.1111,5.158184
5.176942,2,0x03,0.0000,0.0556,5.152195
5.176942,3,0x04,0.0000,0.0556,5.159199
5.178031,0,0x01,0.0000,0.1111,5.157181
5.178031,1,0x02,5.0000,5.1111,5.158184
5.178031,2,0x03,0.0000,0.0556,5.152195
5.178031,3,0x04,0.0000,0.0556,5.159199
5.179104,0,0x01,0.0000,0.1111,5.157181
5.179104,1,0x02,5.0000,5.1111,5.158184
5.179104,2,0x03,0.0000,0.0556,5.152195
5.179104,3,0x04,0.0000,0.0556,5.159199
5.186775,0,0x01,0.0000,0.1111,5.157181
5.186775,1,0x02,5.0000,5.1111,5.158184
5.186775,2,0x03,0.0000,0.0556,5.152195
5.186775,3,0x04,0.0000,0.0556,5.159199
5.187847,0,0x01,0.0000,0.1111,5.157181
5.187847,1,0x02,5.0000,5.1111,5.158184
5.187847,2,0x03,0.0000,0.0556,5.152195
5.187847,3,0x04,0.0000,0.0556,5.159199
5.188929,0,0x01,0.0000,0.1111,5.157181
5.188929,1,0x02,5.0000,5.1111,5.158184
5.188929,2,0x03,0.0000,0.0556,5.152195
5.188929,3,0x04,0.0000,0.0556,5.159199
5.195783,0,0x01,0.0000,0.1111,5.157181
5.195783,1,0x02,5.0000,5.1111,5.158184
5.195783,2,0x03,0.0000,0.0556,5.152195
5.195783,3,0x04,0.0000,0.0556,5.159199
5.196849,0,0x01,0.0000,0.1111,5.157181
5.196849,1,0x02,5.0000,5.1111,5.158184
5.196849,2,0x03,0.0000,0.0556,5.152195
5.196849,3,0x04,0.0000,0.0556,5.159199
5.197926,0,0x01,0.0000,0.1111,5.157181
5.197926,1,0x02,5.0000,5.1111,5.158184
5.197926,2,0x03,0.0000,0.0556,5.152195
5.197926,3,0x04,0.0000,0.0556,5.159199
5.199002,0,0x01,0.0000,0.1111,5.157181
5.199002,1,0x02,5.0000,5.1111,5.158184
5.199002,2,0x03,0.0000,0.0556,5.152195
5.199002,3,0x04,0.0000,0.0556,5.159199
5.204781,0,0x01,0.0000,0.1111,5.157181
5.204781,1,0x02,5.0000,5.1111,5.158184
5.204781,2,0x03,0.0000,0.0556,5.152195
5.204781,3,0x04,0.0000,0.0556,5.159199
5.205849,0,0x01,0.0000,0.1111,5.157181
5.205849,1,0x02,5.0000,5.1111,5.158184
5.205849,2,0x03,0.0000,0.0556,5.152195
5.205849,3,0x04,0.0000,0.0556,5.159199
5.206936,0,0x01,0.0000,0.1111,5.157181
5.206936,1,0x02,5.0000,5.1111,5.206210
5.206936,2,0x03,0.0000,0.0556,5.152195
5.206936,3,0x04,0.0000,0.0556,5.159199
5.208041,0,0x01,0.0000,0.1111,5.157181
5.208041,1,0x02,5.0000,5.1111,5.206210
5.208041,2,0x03,0.0000,0.1111,5.207189
5.208041,3,0x04,0.0000,0.0556,5.159199
5.209149,0,0x01,0.0000,0.0556,5.215197
5.209149,1,0x02,5.0000,5.1111,5.213197
5.209149,2,0x03,0.0000,0.1111,5.214197
5.209149,3,0x04,0.0000,0.0556,5.208182
5.216860,0,0x01,0.0000,0.0556,5.215197
5.216860,1,0x02,5.0000,5.1111,5.213197
5.216860,2,0x03,0.0000,0.1111,5.214197
5.216860,3,0x04,0.0000,0.0556,5.208182
5.217928,0,0x01,0.0000,0.0556,5.215197
5.217928,1,0x02,5.0000,5.1111,5.217183
5.217928,2,0x03,0.0000,0.1111,5.214197
5.217928,3,0x04,0.0000,0.0556,5.208182
5.219037,0,0x01,0.0000,0.0556,5.219176
5.219037,1,0x02,5.0000,5.1111,5.217183
5.219037,2,0x03,0.0000,0.1111,5.214197
5.219037,3,0x04,0.0000,0.0556,5.221195
5.225836,0,0x01,0.0000,0.0556,5.219176
5.225836,1,0x02,5.0000,5.1111,5.217183
5.225836,2,0x03,0.0000,0.1111,5.214197
5.225836,3,0x04,0.0000,0.0556,5.221195
5.226905,0,0x01,0.0000,0.0556,5.219176
5.226905,1,0x02,5.0000,5.1111,5.217183
5.226905,2,0x03,0.0000,0.1111,5.214197
5.226905,3,0x04,0.0000,0.0556,5.221195
5.227982,0,0x01,0.0000,0.0556,5.219176
5.227982,1,0x02,5.0000,5.1111,5.217183
5.227982,2,0x03,0.0000,0.1111,5.214197
5.227982,3,0x04,0.0000,0.0556,5.221195
5.229059,0,0x01,0.0000,0.0556,5.235205
5.229059,1,0x02,5.0000,5.1111,5.217183
5.229059,2,0x03,0.0000,0.0556,5.234197
5.229059,3,0x04,0.0000,0.0556,5.221195
5.236839,0,0x01,0.0000,0.0556,5.235205
5.236839,1,0x02,5.0000,5.1111,5.217183
5.236839,2,0x03,0.0000,0.0556,5.234197
5.236839,3,0x04,0.0000,0.0556,5.221195
5.237911,0,0x01,0.0000,0.0556,5.235205
5.237911,1,0x02,5.0000,5.1111,5.217183
5.237911,2,0x03,0.0000,0.0556,5.234197
5.237911,3,0x04,0.0000,0.0556,5.221195
5.238995,0,0x01,0.0000,0.0556,5.235205
5.238995,1,0x02,5.0000,5.1111,5.217183
5.238995,2,0x03,0.0000,0.0556,5.234197
5.238995,3,0x04,0.0000,0.0556,5.221195
5.245769,0,0x01,0.0000,0.0556,5.235205
5.245769,1,0x02,5.0000,5.1111,5.217183
5.245769,2,0x03,0.0000,0.0556,5.234197
5.245769,3,0x04,0.0000,0.0556,5.221195
5.246835,0,0x01,0.0000,0.0556,5.235205
5.246835,1,0x02,5.0000,5.1111,5.217183
5.246835,2,0x03,0.0000,0.0556,5.234197
5.246835,3,0x04,0.0000,0.0556,5.221195
5.247926,0,0x01,0.0000,0.0556,5.235205
5.247926,1,0x02,5.0000,5.1111,5.217183
5.247926,2,0x03,0.0000,0.0556,5.234197
5.247926,3,0x04,0.0000,0.0556,5.221195
5.249009,0,0x01,0.0000,0.0556,5.235205
5.249009,1,0x02,5.0000,5.1111,5.217183
5.249009,2,0x03,0.0000,0.0556,5.234197
5.249009,3,0x04,0.0000,0.0556,5.221195
5.254800,0,0x01,0.0000,0.0556,5.235205
5.254800,1,0x02,5.0000,5.1111,5.217183
5.254800,2,0x03,0.0000,0.0556,5.234197
5.254800,3,0x04,0.0000,0.0556,5.221195
5.255877,0,0x01,0.0000,0.0556,5.235205
5.255877,1,0x02,5.0000,5.1111,5.217183
5.255877,2,0x03,0.0000,0.0556,5.234197
5.255877,3,0x04,0.0000,0.0556,5.221195
5.256965,0,0x01,0.0000,0.0556,5.235205
5.256965,1,0x02,5.0000,5.1111,5.217183
5.256965,2,0x03,0.0000,0.0556,5.234197
5.256965,3,0x04,0.0000,0.0556,5.221195
5.258043,0,0x01,0.0000,0.0556,5.235205
5.258043,1,0x02,5.0000,5.1111,5.217183
5.258043,2,0x03,0.0000,0.0556,5.234197
5.258043,3,0x04,0.0000,0.0556,5.221195
5.259117,0,0x01,0.0000,0.0556,5.235205
5.259117,1,0x02,5.0000,5.1111,5.217183
5.259117,2,0x03,0.0000,0.0556,5.234197
5.259117,3,0x04,0.0000,0.0556,5.221195
5.266795,0,0x01,0.0000,0.0556,5.235205
5.266795,1,0x02,5.0000,5.1111,5.217183
5.266795,2,0x03,0.0000,0.0556,5.234197
5.266795,3,0x04,0.0000,0.0556,5.221195
5.267867,0,0x01,0.0000,0.0556,5.235205
5.267867,1,0x02,5.0000,5.1111,5.217183
5.267867,2,0x03,0.0000,0.0556,5.234197
5.267867,3,0x04,0.0000,0.0556,5.221195
5.268954,0,0x01,0.0000,0.0556,5.235205
5.268954,1,0x02,5.0000,5.1111,5.274188
5.268954,2,0x03,0.0000,0.1111,5.271189
5.268954,3,0x04,0.0000,0.0556,5.272191
5.275862,0,0x01,0.0000,0.0556,5.235205
5.275862,1,0x02,5.0000,5.1111,5.274188
5.275862,2,0x03,0.0000,0.0556,5.275193
5.275862,3,0x04,0.0000,0.0556,5.272191
5.276945,0,0x01,0.0000,0.0556,5.276178
5.276945,1,0x02,5.0000,5.1111,5.274188
5.276945,2,0x03,0.0000,0.0556,5.275193
5.276945,3,0x04,0.0000,0.0556,5.272191
5.278039,0,0x01,0.0000,0.0556,5.276178
5.278039,1,0x02,5.0000,5.1111,5.277178
5.278039,2,0x03,0.0000,0.0556,5.275193
5.278039,3,0x04,0.0000,0.0556,5.272191
5.279136,0,0x01,0.0000,0.0556,5.283196
5.279136,1,0x02,5.0000,5.0556,5.280189
5.279136,2,0x03,0.0000,0.1111,5.281203
5.279136,3,0x04,0.0000,0.0556,5.282197
5.292914,0,0x01,0.0000,0.0556,5.296193
5.292914,1,0x02,5.0000,5.1111,5.297226
5.292914,2,0x03,0.0000,0.1111,5.299200
5.292914,3,0x04,0.0000,0.0556,5.295198
5.300866,0,0x01,0.0000,0.0556,5.304196
5.300866,1,0x02,5.0000,5.1111,5.297226
5.300866,2,0x03,0.0000,0.1111,5.299200
5.300866,3,0x04,0.0000,0.0556,5.301200
5.306815,0,0x01,0.0000,0.0556,5.304196
5.306815,1,0x02,5.0000,5.1111,5.297226
5.306815,2,0x03,0.0000,0.1111,5.299200
5.306815,3,0x04,0.0000,0.0556,5.301200
5.307886,0,0x01,0.0000,0.0556,5.304196
5.307886,1,0x02,5.0000,5.1111,5.307181
5.307886,2,0x03,0.0000,0.1111,5.299200
5.307886,3,0x04,0.0000,0.0556,5.301200
5.308988,0,0x01,0.0000,0.0556,5.304196
5.308988,1,0x02,5.0000,5.1111,5.307181
5.308988,2,0x03,0.0000,0.1111,5.310198
5.308988,3,0x04,0.0000,0.0556,5.313207
5.315798,0,0x01,0.0000,0.0556,5.304196
5.315798,1,0x02,5.0000,5.1111,5.307181
5.315798,2,0x03,0.0000,0.1111,5.310198
5.315798,3,0x04,0.0000,0.0556,5.313207
5.316876,0,0x01,0.0000,0.0556,5.316214
5.316876,1,0x02,5.0000,5.1111,5.307181
5.316876,2,0x03,0.0000,0.1111,5.310198
5.316876,3,0x04,0.0000,0.0556,5.313207
5.317958,0,0x01,0.0000,0.0556,5.316214
5.317958,1,0x02,5.0000,5.1111,5.307181
5.317958,2,0x03,0.0000,0.1111,5.310198
5.317958,3,0x04,0.0000,0.0556,5.313207
5.319040,0,0x01,0.0000,0.0556,5.316214
5.319040,1,0x02,5.0000,5.1111,5.320207
5.319040,2,0x03,0.0000,0.1111,5.322190
5.319040,3,0x04,0.0000,0.0556,5.325194
5.326825,0,0x01,0.0000,0.0556,5.316214
5.326825,1,0x02,5.0000,5.1111,5.320207
5.326825,2,0x03,0.0000,0.1111,5.322190
5.326825,3,0x04,0.0000,0.0556,5.325194
5.327889,0,0x01,0.0000,0.1111,5.327185
5.327889,1,0x02,5.0000,5.1111,5.320207
5.327889,2,0x03,0.0000,0.1111,5.322190
5.327889,3,0x04,0.0000,0.0556,5.325194
5.328968,0,0x01,0.0000,0.1111,5.327185
5.328968,1,0x02,5.0000,5.1111,5.320207
5.328968,2,0x03,0.0000,0.1111,5.322190
5.328968,3,0x04,0.0000,0.0556,5.325194
5.335817,0,0x01,0.0000,0.1111,5.327185
5.335817,1,0x02,5.0000,5.1111,5.320207
5.335817,2,0x03,0.0000,0.1111,5.322190
5.335817,3,0x04,0.0000,0.0556,5.325194
5.336904,0,0x01,0.0000,0.1111,5.327185
5.336904,1,0x02,5.0000,5.1111,5.320207
5.336904,2,0x03,0.0000,0.1111,5.322190
5.336904,3,0x04,0.0000,0.0556,5.325194
5.337978,0,0x01,0.0000,0.1111,5.327185
5.337978,1,0x02,5.0000,5.1111,5.320207
5.337978,2,0x03,0.0000,0.1111,5.322190
5.337978,3,0x04,0.0000,0.0556,5.325194
5.339050,0,0x01,0.0000,0.1111,5.327185
5.339050,1,0x02,5.0000,5.1111,5.320207
5.339050,2,0x03,0.0000,0.1111,5.343248
5.339050,3,0x04,0.0000,0.0556,5.325194
5.344821,0,0x01,0.0000,0.1111,5.327185
5.344821,1,0x02,5.0000,5.1111,5.320207
5.344821,2,0x03,0.0000,0.1111,5.343248
5.344821,3,0x04,0.0000,0.0556,5.344197
5.345909,0,0x01,0.0000,0.1111,5.327185
5.345909,1,0x02,5.0000,5.1111,5.345182
5.345909,2,0x03,0.0000,0.1111,5.343248
5.345909,3,0x04,0.0000,0.0556,5.344197
5.347013,0,0x01,0.0000,0.1111,5.327185
5.347013,1,0x02,5.0000,5.1111,5.345182
5.347013,2,0x03,0.0000,0.1111,5.346182
5.347013,3,0x04,0.0000,0.0556,5.344197
5.348089,0,0x01,0.0000,0.1111,5.327185
5.348089,1,0x02,5.0000,5.1111,5.345182
5.348089,2,0x03,0.0000,0.1111,5.346182
5.348089,3,0x04,0.0000,0.0556,5.344197
5.349157,0,0x01,0.0000,0.0556,5.351392
5.349157,1,0x02,5.0000,5.1111,5.354354
5.349157,2,0x03,0.0000,0.1111,5.356236
5.349157,3,0x04,0.0000,0.0556,5.349219
5.358030,0,0x01,0.0000,0.0556,5.351392
5.358030,1,0x02,5.0000,5.1111,5.354354
5.358030,2,0x03,0.0000,0.1111,5.356236
5.358030,3,0x04,0.0000,0.0556,5.349219
5.359096,0,0x01,0.0000,0.0556,5.363277
5.359096,1,0x02,5.0000,5.1111,5.354354
5.359096,2,0x03,0.0000,0.1111,5.356236
5.359096,3,0x04,0.0000,0.0556,5.360266
5.366848,0,0x01,0.0000,0.0556,5.363277
5.366848,1,0x02,5.0000,5.1111,5.366210
5.366848,2,0x03,0.0000,0.1111,5.356236
5.366848,3,0x04,0.0000,0.0556,5.360266
5.367950,0,0x01,0.0000,0.0556,5.363277
5.367950,1,0x02,5.0000,5.1111,5.366210
5.367950,2,0x03,0.0000,0.1111,5.367187
5.367950,3,0x04,0.0000,0.0556,5.360266
5.369122,0,0x01,0.0000,0.0556,5.374204
5.369122,1,0x02,5.0000,5.1111,5.366210
5.369122,2,0x03,0.0000,0.1111,5.367187
5.369122,3,0x04,0.0000,0.0556,5.370205
5.375838,0,0x01,0.0000,0.0556,5.374204
5.375838,1,0x02,5.0000,5.1111,5.366210
5.375838,2,0x03,0.0000,0.1111,5.367187
5.375838,3,0x04,0.0000,0.0556,5.370205
5.376906,0,0x01,0.0000,0.0556,5.374204
5.376906,1,0x02,5.0000,5.1111,5.366210
5.376906,2,0x03,0.0000,0.1111,5.367187
5.376906,3,0x04,0.0000,0.0556,5.370205
5.377986,0,0x01,0.0000,0.0556,5.374204
5.377986,1,0x02,5.0000,5.1111,5.366210
5.377986,2,0x03,0.0000,0.1111,5.367187
5.377986,3,0x04,0.0000,0.0556,5.370205
5.379064,0,0x01,0.0000,0.0556,5.374204
5.379064,1,0x02,5.0000,5.1111,5.366210
5.379064,2,0x03,0.0000,0.1111,5.367187
5.379064,3,0x04,0.0000,0.0556,5.370205
5.386861,0,0x01,0.0000,0.0556,5.374204
5.386861,1,0x02,5.0000,5.1111,5.366210
5.386861,2,0x03,0.0000,0.1111,5.367187
5.386861,3,0x04,0.0000,0.0556,5.370205
5.387948,0,0x01,0.0000,0.0556,5.374204
5.387948,1,0x02,5.0000,5.1111,5.366210
5.387948,2,0x03,0.0000,0.1111,5.367187
5.387948,3,0x04,0.0000,0.0556,5.370205
5.389038,0,0x01,0.0000,0.0556,5.374204
5.389038,1,0x02,5.0000,5.1111,5.366210
5.389038,2,0x03,0.0000,0.1111,5.367187
5.389038,3,0x04,0.0000,0.0556,5.370205
5.395780,0,0x01,0.0000,0.0556,5.374204
5.395780,1,0x02,5.0000,5.1111,5.366210
5.395780,2,0x03,0.0000,0.1111,5.367187
5.395780,3,0x04,0.0000,0.0556,5.370205
5.396866,0,0x01,0.0000,0.0556,5.374204
5.396866,1,0x02,5.0000,5.1111,5.366210
5.396866,2,0x03,0.0000,0.1111,5.367187
5.396866,3,0x04,0.0000,0.0556,5.370205
5.397951,0,0x01,0.0000,0.0556,5.374204
5.397951,1,0x02,5.0000,5.1111,5.366210
5.397951,2,0x03,0.0000,0.1111,5.367187
5.397951,3,0x04,0.0000,0.0556,5.370205
5.399053,0,0x01,0.0000,0.0556,5.374204
5.399053,1,0x02,5.0000,5.1111,5.366210
5.399053,2,0x03,0.0000,0.1111,5.367187
5.399053,3,0x04,0.0000,0.0556,5.370205
5.404814,0,0x01,0.0000,0.0556,5.374204
5.404814,1,0x02,5.0000,5.1111,5.366210
5.404814,2,0x03,0.0000,0.1111,5.367187
5.404814,3,0x04,0.0000,0.0556,5.370205
5.405886,0,0x01,0.0000,0.0556,5.374204
5.405886,1,0x02,5.0000,5.1111,5.366210
5.405886,2,0x03,0.0000,0.1111,5.367187
5.405886,3,0x04,0.0000,0.0556,5.370205
5.406968,0,0x01,0.0000,0.0556,5.374204
5.406968,1,0x02,5.0000,5.1111,5.366210
5.406968,2,0x03,0.0000,0.1111,5.367187
5.406968,3,0x04,0.0000,0.0556,5.370205
5.408050,0,0x01,0.0000,0.0556,5.374204
5.408050,1,0x02,5.0000,5.1111,5.366210
5.408050,2,0x03,0.0000,0.1111,5.367187
5.408050,3,0x04,0.0000,0.0556,5.370205
5.409128,0,0x01,0.0000,0.0556,5.414197
5.409128,1,0x02,5.0000,5.1111,5.415315
5.409128,2,0x03,0.0000,0.1111,5.412221
5.409128,3,0x04,0.0000,0.0556,5.413216
5.417120,0,0x01,0.0000,0.0556,5.414197
5.417120,1,0x02,5.0000,5.1111,5.415315
5.417120,2,0x03,0.0000,0.1111,5.412221
5.417120,3,0x04,0.0000,0.0556,5.416252
5.418266,0,0x01,0.0000,0.0556,5.417200
5.418266,1,0x02,5.0000,5.1111,5.418199
5.418266,2,0x03,0.0000,0.1111,5.412221
5.418266,3,0x04,0.0000,0.0556,5.416252
5.419403,0,0x01,0.0000,0.0556,5.417200
5.419403,1,0x02,5.0000,5.1111,5.418199
5.419403,2,0x03,0.0000,0.1111,5.422202
5.419403,3,0x04,0.0000,0.0556,5.423190
5.425853,0,0x01,0.0000,0.0556,5.417200
5.425853,1,0x02,5.0000,5.1111,5.418199
5.425853,2,0x03,0.0000,0.1111,5.422202
5.425853,3,0x04,0.0000,0.0556,5.423190
5.426921,0,0x01,0.0000,0.0556,5.417200
5.426921,1,0x02,5.0000,5.1111,5.418199
5.426921,2,0x03,0.0000,0.1111,5.422202
5.426921,3,0x04,0.0000,0.0556,5.423190
5.427983,0,0x01,0.0000,0.0556,5.417200
5.427983,1,0x02,5.0000,5.1111,5.418199
5.427983,2,0x03,0.0000,0.1111,5.422202
5.427983,3,0x04,0.0000,0.0556,5.423190
5.429051,0,0x01,0.0000,0.0556,5.417200
5.429051,1,0x02,5.0000,5.1111,5.418199
5.429051,2,0x03,0.0000,0.1111,5.422202
5.429051,3,0x04,0.0000,0.0556,5.423190
5.434781,0,0x01,0.0000,0.0556,5.417200
5.434781,1,0x02,5.0000,5.1111,5.418199
5.434781,2,0x03,0.0000,0.1111,5.422202
5.434781,3,0x04,0.0000,0.0556,5.423190
5.435861,0,0x01,0.0000,0.0556,5.417200
5.435861,1,0x02,5.0000,5.1111,5.418199
5.435861,2,0x03,0.0000,0.1111,5.422202
5.435861,3,0x04,0.0000,0.0556,5.423190
5.436939,0,0x01,0.0000,0.0556,5.417200
5.436939,1,0x02,5.0000,5.1111,5.418199
5.436939,2,0x03,0.0000,0.1111,5.422202
5.436939,3,0x04,0.0000,0.0556,5.423190
5.438023,0,0x01,0.0000,0.0556,5.417200
5.438023,1,0x02,5.0000,5.1111,5.418199
5.438023,2,0x03,0.0000,0.1111,5.422202
5.438023,3,0x04,0.0000,0.0556,5.423190
5.439104,0,0x01,0.0000,0.0556,5.417200
5.439104,1,0x02,5.0000,5.1111,5.418199
5.439104,2,0x03,0.0000,0.1111,5.422202
5.439104,3,0x04,0.0000,0.0556,5.423190
5.446819,0,0x01,0.0000,0.0556,5.417200
5.446819,1,0x02,5.0000,5.1111,5.418199
5.446819,2,0x03,0.0000,0.1111,5.422202
5.446819,3,0x04,0.0000,0.0556,5.423190
5.447900,0,0x01,0.0000,0.0556,5.417200
5.447900,1,0x02,5.0000,5.1111,5.418199
5.447900,2,0x03,0.0000,0.1111,5.422202
5.447900,3,0x04,0.0000,0.0556,5.423190
5.448983,0,0x01,0.0000,0.0556,5.417200
5.448983,1,0x02,5.0000,5.1111,5.418199
5.448983,2,0x03,0.0000,0.1111,5.422202
5.448983,3,0x04,0.0000,0.0556,5.423190
5.455832,0,0x01,0.0000,0.0556,5.417200
5.455832,1,0x02,5.0000,5.1111,5.418199
5.455832,2,0x03,0.0000,0.1111,5.422202
5.455832,3,0x04,0.0000,0.0556,5.423190
5.456917,0,0x01,0.0000,0.0556,5.417200
5.456917,1,0x02,5.0000,5.1111,5.418199
5.456917,2,0x03,0.0000,0.1111,5.422202
5.456917,3,0x04,0.0000,0.0556,5.423190
5.458000,0,0x01,0.0000,0.0556,5.417200
5.458000,1,0x02,5.0000,5.1111,5.418199
5.458000,2,0x03,0.0000,0.1111,5.422202
5.458000,3,0x04,0.0000,0.0556,5.423190
5.459084,0,0x01,0.0000,0.0556,5.465203
5.459084,1,0x02,5.0000,5.1111,5.463196
5.459084,2,0x03,0.0000,0.1111,5.460196
5.459084,3,0x04,0.0000,0.0556,5.464208
5.466932,0,0x01,0.0000,0.0556,5.465203
5.466932,1,0x02,5.0000,5.1111,5.466209
5.466932,2,0x03,0.0000,0.1111,5.460196
5.466932,3,0x04,0.0000,0.0556,5.464208
5.468074,0,0x01,0.0000,0.0556,5.465203
5.468074,1,0x02,5.0000,5.1111,5.466209
5.468074,2,0x03,0.0000,0.1111,5.460196
5.468074,3,0x04,0.0000,0.0556,5.467206
5.469198,0,0x01,0.0000,0.0556,5.468195
5.469198,1,0x02,5.0000,5.1111,5.469247
5.469198,2,0x03,0.0000,0.0556,5.470202
5.469198,3,0x04,0.0000,0.0556,5.471204
5.475868,0,0x01,0.0000,0.0556,5.468195
5.475868,1,0x02,5.0000,5.1111,5.469247
5.475868,2,0x03,0.0000,0.0556,5.470202
5.475868,3,0x04,0.0000,0.0556,5.471204
5.476953,0,0x01,0.0000,0.0556,5.468195
5.476953,1,0x02,5.0000,5.1111,5.469247
5.476953,2,0x03,0.0000,0.0556,5.470202
5.476953,3,0x04,0.0000,0.0556,5.471204
5.478032,0,0x01,0.0000,0.0556,5.468195
5.478032,1,0x02,5.0000,5.1111,5.469247
5.478032,2,0x03,0.0000,0.0556,5.470202
5.478032,3,0x04,0.0000,0.0556,5.471204
5.479124,0,0x01,0.0000,0.0556,5.468195
5.479124,1,0x02,5.0000,5.1111,5.469247
5.479124,2,0x03,0.0000,0.0556,5.470202
5.479124,3,0x04,0.0000,0.0556,5.471204
5.486816,0,0x01,0.0000,0.0556,5.468195
5.486816,1,0x02,5.0000,5.1111,5.469247
5.486816,2,0x03,0.0000,0.0556,5.470202
5.486816,3,0x04,0.0000,0.0556,5.471204
5.487883,0,0x01,0.0000,0.0556,5.468195
5.487883,1,0x02,5.0000,5.1111,5.469247
5.487883,2,0x03,0.0000,0.0556,5.470202
5.487883,3,0x04,0.0000,0.0556,5.471204
5.488956,0,0x01,0.0000,0.0556,5.468195
5.488956,1,0x02,5.0000,5.1111,5.469247
5.488956,2,0x03,0.0000,0.0556,5.470202
5.488956,3,0x04,0.0000,0.0556,5.471204
5.495791,0,0x01,0.0000,0.0556,5.468195
5.495791,1,0x02,5.0000,5.1111,5.469247
5.495791,2,0x03,0.0000,0.0556,5.470202
5.495791,3,0x04,0.0000,0.0556,5.471204
5.496867,0,0x01,0.0000,0.0556,5.468195
5.496867,1,0x02,5.0000,5.1111,5.469247
5.496867,2,0x03,0.0000,0.0556,5.470202
5.496867,3,0x04,0.0000,0.0556,5.471204
5.497929,0,0x01,0.0000,0.0556,5.468195
5.497929,1,0x02,5.0000,5.1111,5.469247
5.497929,2,0x03,0.0000,0.0556,5.470202
5.497929,3,0x04,0.0000,0.0556,5.471204
5.499016,0,0x01,0.0000,0.0556,5.468195
5.499016,1,0x02,5.0000,5.1111,5.469247
5.499016,2,0x03,0.0000,0.0556,5.470202
5.499016,3,0x04,0.0000,0.0556,5.471204
5.504822,0,0x01,0.0000,0.0556,5.468195
5.504822,1,0x02,5.0000,5.1111,5.469247
5.504822,2,0x03,0.0000,0.0556,5.470202
5.504822,3,0x04,0.0000,0.0556,5.471204
5.505890,0,0x01,0.0000,0.0556,5.468195
5.505890,1,0x02,5.0000,5.1111,5.469247
5.505890,2,0x03,0.0000,0.0556,5.470202
5.505890,3,0x04,0.0000,0.0556,5.471204
5.506969,0,0x01,0.0000,0.0556,5.468195
5.506969,1,0x02,5.0000,5.1111,5.469247
5.506969,2,0x03,0.0000,0.0556,5.470202
5.506969,3,0x04,0.0000,0.0556,5.471204
5.508059,0,0x01,0.0000,0.0556,5.468195
5.508059,1,0x02,5.0000,5.1111,5.507216
5.508059,2,0x03,0.0000,0.0556,5.470202
5.508059,3,0x04,0.0000,0.0556,5.471204
5.509160,0,0x01,0.0000,0.0556,5.513245
5.509160,1,0x02,5.0000,5.1111,5.514246
5.509160,2,0x03,0.0000,0.1111,5.515426
5.509160,3,0x04,0.0000,0.0556,5.512197
5.517327,0,0x01,0.0000,0.0556,5.516290
5.517327,1,0x02,5.0000,5.1111,5.517225
5.517327,2,0x03,0.0000,0.1111,5.515426
5.517327,3,0x04,0.0000,0.0556,5.512197
5.518424,0,0x01,0.0000,0.0556,5.516290
5.518424,1,0x02,5.0000,5.1111,5.517225
5.518424,2,0x03,0.0000,0.1111,5.518209
5.518424,3,0x04,0.0000,0.0556,5.512197
5.519506,0,0x01,0.0000,0.0556,5.516290
5.519506,1,0x02,5.0000,5.1111,5.517225
5.519506,2,0x03,0.0000,0.1111,5.518209
5.519506,3,0x04,0.0000,0.0000,5.519193
5.530801,0,0x01,0.0000,0.0556,5.533263
5.530801,1,0x02,5.0000,5.1111,5.534205
5.530801,2,0x03,0.0000,0.0556,5.531315
5.530801,3,0x04,0.0000,0.0556,5.532229
5.536854,0,0x01,0.0000,0.0556,5.533263
5.536854,1,0x02,5.0000,5.1111,5.534205
5.536854,2,0x03,0.0000,0.0556,5.531315
5.536854,3,0x04,0.0000,0.0556,5.532229
5.537924,0,0x01,0.0000,0.0556,5.533263
5.537924,1,0x02,5.0000,5.1111,5.534205
5.537924,2,0x03,0.0000,0.0556,5.531315
5.537924,3,0x04,0.0000,0.0556,5.532229
5.539018,0,0x01,0.0000,0.0556,5.533263
5.539018,1,0x02,5.0000,5.1111,5.534205
5.539018,2,0x03,0.0000,0.0556,5.531315
5.539018,3,0x04,0.0000,0.0556,5.532229
5.545808,0,0x01,0.0000,0.0556,5.533263
5.545808,1,0x02,5.0000,5.1111,5.534205
5.545808,2,0x03,0.0000,0.0556,5.531315
5.545808,3,0x04,0.0000,0.0556,5.532229
5.546889,0,0x01,0.0000,0.0556,5.533263
5.546889,1,0x02,5.0000,5.1111,5.534205
5.546889,2,0x03,0.0000,0.0556,5.531315
5.546889,3,0x04,0.0000,0.0556,5.532229
5.547970,0,0x01,0.0000,0.0556,5.533263
5.547970,1,0x02,5.0000,5.1111,5.534205
5.547970,2,0x03,0.0000,0.0556,5.531315
5.547970,3,0x04,0.0000,0.0556,5.532229
5.549049,0,0x01,0.0000,0.0556,5.533263
5.549049,1,0x02,5.0000,5.1111,5.534205
5.549049,2,0x03,0.0000,0.0556,5.531315
5.549049,3,0x04,0.0000,0.0556,5.532229
5.554797,0,0x01,0.0000,0.0556,5.533263
5.554797,1,0x02,5.0000,5.1111,5.534205
5.554797,2,0x03,0.0000,0.0556,5.531315
5.554797,3,0x04,0.0000,0.0556,5.532229
5.555878,0,0x01,0.0000,0.0556,5.533263
5.555878,1,0x02,5.0000,5.1111,5.534205
5.555878,2,0x03,0.0000,0.0556,5.531315
5.555878,3,0x04,0.0000,0.0556,5.532229
5.556940,0,0x01,0.0000,0.0556,5.533263
5.556940,1,0x02,5.0000,5.1111,5.534205
5.556940,2,0x03,0.0000,0.0556,5.531315
5.556940,3,0x04,0.0000,0.0556,5.532229
5.558004,0,0x01,0.0000,0.0556,5.533263
5.558004,1,0x02,5.0000,5.1111,5.534205
5.558004,2,0x03,0.0000,0.0556,5.531315
5.558004,3,0x04,0.0000,0.0556,5.532229
5.559072,0,0x01,0.0000,0.0556,5.533263
5.559072,1,0x02,5.0000,5.1111,5.534205
5.559072,2,0x03,0.0000,0.0556,5.531315
5.559072,3,0x04,0.0000,0.0556,5.532229
5.566808,0,0x01,0.0000,0.0556,5.533263
5.566808,1,0x02,5.0000,5.1111,5.534205
5.566808,2,0x03,0.0000,0.0556,5.531315
5.566808,3,0x04,0.0000,0.0556,5.532229
5.567878,0,0x01,0.0000,0.0556,5.533263
5.567878,1,0x02,5.0000,5.1111,5.534205
5.567878,2,0x03,0.0000,0.0556,5.531315
5.567878,3,0x04,0.0000,0.0556,5.532229
5.568962,0,0x01,0.0000,0.0556,5.572222
5.568962,1,0x02,5.0000,5.1111,5.573201
5.568962,2,0x03,0.0000,0.1111,5.574197
5.568962,3,0x04,0.0000,0.0556,5.532229
5.575871,0,0x01,0.0000,0.0556,5.575191
5.575871,1,0x02,5.0000,5.1111,5.573201
5.575871,2,0x03,0.0000,0.1111,5.574197
5.575871,3,0x04,0.0000,0.0556,5.532229
5.576951,0,0x01,0.0000,0.0556,5.575191
5.576951,1,0x02,5.0000,5.1111,5.573201
5.576951,2,0x03,0.0000,0.1111,5.574197
5.576951,3,0x04,0.0000,0.0556,5.532229
5.578021,0,0x01,0.0000,0.0556,5.575191
5.578021,1,0x02,5.0000,5.1111,5.577202
5.578021,2,0x03,0.0000,0.1111,5.574197
5.578021,3,0x04,0.0000,0.0556,5.532229
5.579107,0,0x01,0.0000,0.0556,5.582209
5.579107,1,0x02,5.0000,5.1111,5.579189
5.579107,2,0x03,0.0000,0.0556,5.580186
5.579107,3,0x04,0.0000,0.0556,5.581189
5.586901,0,0x01,0.0000,0.0556,5.582209
5.586901,1,0x02,5.0000,5.1111,5.579189
5.586901,2,0x03,0.0000,0.0556,5.580186
5.586901,3,0x04,0.0000,0.0556,5.581189
5.587987,0,0x01,0.0000,0.0556,5.582209
5.587987,1,0x02,5.0000,5.1111,5.579189
5.587987,2,0x03,0.0000,0.0556,5.580186
5.587987,3,0x04,0.0000,0.0556,5.581189
5.589084,0,0x01,0.0000,0.0556,5.582209
5.589084,1,0x02,5.0000,5.1111,5.579189
5.589084,2,0x03,0.0000,0.0556,5.580186
5.589084,3,0x04,0.0000,0.0556,5.581189
5.598774,0,0x01,0.0000,0.0556,5.582209
5.598774,1,0x02,5.0000,5.1111,5.579189
5.598774,2,0x03,0.0000,0.0556,5.580186
5.598774,3,0x04,0.0000,0.0556,5.581189
5.604804,0,0x01,0.0000,0.0556,5.582209
5.604804,1,0x02,5.0000,5.1111,5.579189
5.604804,2,0x03,0.0000,0.0556,5.580186
5.604804,3,0x04,0.0000,0.0556,5.581189
5.605874,0,0x01,0.0000,0.0556,5.582209
5.605874,1,0x02,5.0000,5.1111,5.579189
5.605874,2,0x03,0.0000,0.0556,5.580186
5.605874,3,0x04,0.0000,0.0556,5.581189
5.606962,0,0x01,0.0000,0.0556,5.582209
5.606962,1,0x02,5.0000,5.1111,5.579189
5.606962,2,0x03,0.0000,0.0556,5.580186
5.606962,3,0x04,0.0000,0.0556,5.581189
5.608042,0,0x01,0.0000,0.0556,5.582209
5.608042,1,0x02,5.0000,5.1111,5.579189
5.608042,2,0x03,0.0000,0.0556,5.580186
5.608042,3,0x04,0.0000,0.0556,5.581189
5.609119,0,0x01,0.0000,0.0556,5.582209
5.609119,1,0x02,5.0000,5.1111,5.579189
5.609119,2,0x03,0.0000,0.0556,5.580186
5.609119,3,0x04,0.0000,0.0556,5.581189
5.616819,0,0x01,0.0000,0.0556,5.582209
5.616819,1,0x02,5.0000,5.1111,5.579189
5.616819,2,0x03,0.0000,0.0556,5.580186
5.616819,3,0x04,0.0000,0.0556,5.581189
5.617888,0,0x01,0.0000,0.0556,5.582209
5.617888,1,0x02,5.0000,5.1111,5.579189
5.617888,2,0x03,0.0000,0.0556,5.580186
5.617888,3,0x04,0.0000,0.0556,5.581189
5.618962,0,0x01,0.0000,0.0556,5.582209
5.618962,1,0x02,5.0000,5.1111,5.579189
5.618962,2,0x03,0.0000,0.0556,5.580186
5.618962,3,0x04,0.0000,0.0556,5.581189
5.625801,0,0x01,0.0000,0.0556,5.582209
5.625801,1,0x02,5.0000,5.1111,5.579189
5.625801,2,0x03,0.0000,0.0556,5.580186
5.625801,3,0x04,0.0000,0.0556,5.581189
5.626881,0,0x01,0.0000,0.0556,5.582209
5.626881,1,0x02,5.0000,5.1111,5.579189
5.626881,2,0x03,0.0000,0.0556,5.580186
5.626881,3,0x04,0.0000,0.0556,5.581189
5.627982,0,0x01,0.0000,0.0556,5.582209
5.627982,1,0x02,5.0000,5.1111,5.579189
5.627982,2,0x03,0.0000,0.0556,5.580186
5.627982,3,0x04,0.0000,0.0556,5.581189
5.629064,0,0x01,0.0000,0.1111,5.634196
5.629064,1,0x02,5.0000,5.1111,5.635191
5.629064,2,0x03,0.0000,0.0556,5.632211
5.629064,3,0x04,0.0000,0.0556,5.633217
5.636901,0,0x01,0.0000,0.1111,5.634196
5.636901,1,0x02,5.0000,5.1111,5.635191
5.636901,2,0x03,0.0000,0.1111,5.636197
5.636901,3,0x04,0.0000,0.0556,5.633217
5.637984,0,0x01,0.0000,0.0556,5.637170
5.637984,1,0x02,5.0000,5.1111,5.635191
5.637984,2,0x03,0.0000,0.1111,5.636197
5.637984,3,0x04,0.0000,0.0556,5.633217
5.639081,0,0x01,0.0000,0.1111,5.644188
5.639081,1,0x02,5.0000,5.1111,5.638168
5.639081,2,0x03,0.0000,0.1111,5.642186
5.639081,3,0x04,0.0000,0.0000,5.643196
5.645838,0,0x01,0.0000,0.1111,5.644188
5.645838,1,0x02,5.0000,5.1111,5.638168
5.645838,2,0x03,0.0000,0.1111,5.642186
5.645838,3,0x04,0.0000,0.0000,5.643196
5.646907,0,0x01,0.0000,0.1111,5.644188
5.646907,1,0x02,5.0000,5.1111,5.638168
5.646907,2,0x03,0.0000,0.1111,5.642186
5.646907,3,0x04,0.0000,0.0000,5.643196
5.647996,0,0x01,0.0000,0.1111,5.644188
5.647996,1,0x02,5.0000,5.1111,5.638168
5.647996,2,0x03,0.0000,0.1111,5.642186
5.647996,3,0x04,0.0000,0.0000,5.643196
5.649106,0,0x01,0.0000,0.0556,5.656189
5.649106,1,0x02,5.0000,5.1111,5.638168
5.649106,2,0x03,0.0000,0.1111,5.658197
5.649106,3,0x04,0.0000,0.0556,5.657207
5.659876,0,0x01,0.0000,0.0556,5.663197
5.659876,1,0x02,5.0000,5.1111,5.638168
5.659876,2,0x03,0.0000,0.1111,5.658197
5.659876,3,0x04,0.0000,0.0556,5.661200
5.665883,0,0x01,0.0000,0.0556,5.663197
5.665883,1,0x02,5.0000,5.1111,5.638168
5.665883,2,0x03,0.0000,0.1111,5.658197
5.665883,3,0x04,0.0000,0.0556,5.661200
5.666949,0,0x01,0.0000,0.0556,5.663197
5.666949,1,0x02,5.0000,5.1111,5.666177
5.666949,2,0x03,0.0000,0.1111,5.658197
5.666949,3,0x04,0.0000,0.0556,5.661200
5.668061,0,0x01,0.0000,0.0556,5.663197
5.668061,1,0x02,5.0000,5.1111,5.666177
5.668061,2,0x03,0.0000,0.1111,5.658197
5.668061,3,0x04,0.0000,0.0556,5.661200
5.669165,0,0x01,0.0000,0.0556,5.663197
5.669165,1,0x02,5.0000,5.1111,5.666177
5.669165,2,0x03,0.0000,0.1111,5.670193
5.669165,3,0x04,0.0000,0.0556,5.673187
5.676852,0,0x01,0.0000,0.0556,5.676212
5.676852,1,0x02,5.0000,5.1111,5.666177
5.676852,2,0x03,0.0000,0.1111,5.670193
5.676852,3,0x04,0.0000,0.0556,5.673187
5.677947,0,0x01,0.0000,0.0556,5.676212
5.677947,1,0x02,5.0000,5.1111,5.677188
5.677947,2,0x03,0.0000,0.1111,5.670193
5.677947,3,0x04,0.0000,0.0556,5.673187
5.679023,0,0x01,0.0000,0.0556,5.676212
5.679023,1,0x02,5.0000,5.1111,5.677188
5.679023,2,0x03,0.0000,0.1111,5.681204
5.679023,3,0x04,0.0000,0.0556,5.684205
5.685859,0,0x01,0.0000,0.0556,5.676212
5.685859,1,0x02,5.0000,5.1111,5.677188
5.685859,2,0x03,0.0000,0.1111,5.681204
5.685859,3,0x04,0.0000,0.0556,5.684205
5.686942,0,0x01,0.0000,0.0556,5.676212
5.686942,1,0x02,5.0000,5.1111,5.677188
5.686942,2,0x03,0.0000,0.1111,5.681204
5.686942,3,0x04,0.0000,0.0556,5.684205
5.688029,0,0x01,0.0000,0.0556,5.687196
5.688029,1,0x02,5.0000,5.1111,5.677188
5.688029,2,0x03,0.0000,0.1111,5.681204
5.688029,3,0x04,0.0000,0.0556,5.684205
5.689122,0,0x01,0.0000,0.0556,5.687196
5.689122,1,0x02,5.0000,5.1111,5.677188
5.689122,2,0x03,0.0000,0.1111,5.681204
5.689122,3,0x04,0.0000,0.0556,5.684205
5.697822,0,0x01,0.0000,0.0556,5.687196
5.697822,1,0x02,5.0000,5.1111,5.677188
5.697822,2,0x03,0.0000,0.1111,5.681204
5.697822,3,0x04,0.0000,0.0556,5.684205
5.698891,0,0x01,0.0000,0.0556,5.687196
5.698891,1,0x02,5.0000,5.1111,5.704234
5.698891,2,0x03,0.0000,0.1111,5.702227
5.698891,3,0x04,0.0000,0.0556,5.703208
5.706062,0,0x01,0.0000,0.0556,5.687196
5.706062,1,0x02,5.0000,5.1111,5.704234
5.706062,2,0x03,0.0000,0.0556,5.705263
5.706062,3,0x04,0.0000,0.0556,5.703208
5.707176,0,0x01,0.0000,0.0556,5.687196
5.707176,1,0x02,5.0000,5.1111,5.704234
5.707176,2,0x03,0.0000,0.0556,5.705263
5.707176,3,0x04,0.0000,0.0556,5.703208
5.708256,0,0x01,0.0000,0.0556,5.687196
5.708256,1,0x02,5.0000,5.1111,5.704234
5.708256,2,0x03,0.0000,0.0556,5.705263
5.708256,3,0x04,0.0000,0.0556,5.703208
5.709322,0,0x01,0.0000,0.0556,5.711228
5.709322,1,0x02,5.0000,5.1111,5.713212
5.709322,2,0x03,0.0000,0.0556,5.705263
5.709322,3,0x04,0.0000,0.1111,5.708293
5.715833,0,0x01,0.0000,0.0556,5.711228
5.715833,1,0x02,5.0000,5.1111,5.713212
5.715833,2,0x03,0.0000,0.0556,5.705263
5.715833,3,0x04,0.0000,0.1111,5.708293
5.716899,0,0x01,0.0000,0.0556,5.711228
5.716899,1,0x02,5.0000,5.1111,5.713212
5.716899,2,0x03,0.0000,0.0556,5.705263
5.716899,3,0x04,0.0000,0.1111,5.708293
5.717989,0,0x01,0.0000,0.0556,5.711228
5.717989,1,0x02,5.0000,5.1111,5.713212
5.717989,2,0x03,0.0000,0.1111,5.717214
5.717989,3,0x04,0.0000,0.1111,5.708293
5.719114,0,0x01,0.0000,0.0556,5.722199
5.719114,1,0x02,5.0000,5.1111,5.725198
5.719114,2,0x03,0.0000,0.1111,5.717214
5.719114,3,0x04,0.0000,0.0556,5.720212
5.726841,0,0x01,0.0000,0.0556,5.722199
5.726841,1,0x02,5.0000,5.1111,5.725198
5.726841,2,0x03,0.0000,0.1111,5.717214
5.726841,3,0x04,0.0000,0.0556,5.720212
5.727922,0,0x01,0.0000,0.0556,5.722199
5.727922,1,0x02,5.0000,5.1111,5.725198
5.727922,2,0x03,0.0000,0.1111,5.727181
5.727922,3,0x04,0.0000,0.0556,5.720212
5.729026,0,0x01,0.0000,0.0556,5.733216
5.729026,1,0x02,5.0000,5.1111,5.725198
5.729026,2,0x03,0.0000,0.1111,5.727181
5.729026,3,0x04,0.0000,0.0556,5.730198
5.735836,0,0x01,0.0000,0.0556,5.733216
5.735836,1,0x02,5.0000,5.1111,5.725198
5.735836,2,0x03,0.0000,0.1111,5.727181
5.735836,3,0x04,0.0000,0.0556,5.730198
5.736922,0,0x01,0.0000,0.0556,5.733216
5.736922,1,0x02,5.0000,5.1111,5.725198
5.736922,2,0x03,0.0000,0.1111,5.727181
5.736922,3,0x04,0.0000,0.0556,5.730198
5.738009,0,0x01,0.0000,0.0556,5.733216
5.738009,1,0x02,5.0000,5.1111,5.725198
5.738009,2,0x03,0.0000,0.1111,5.727181
5.738009,3,0x04,0.0000,0.0556,5.730198
5.739093,0,0x01,0.0000,0.0556,5.733216
5.739093,1,0x02,5.0000,5.1111,5.725198
5.739093,2,0x03,0.0000,0.1111,5.727181
5.739093,3,0x04,0.0000,0.0556,5.730198
5.746790,0,0x01,0.0000,0.0556,5.733216
5.746790,1,0x02,5.0000,5.1111,5.725198
5.746790,2,0x03,0.0000,0.1111,5.727181
5.746790,3,0x04,0.0000,0.0556,5.730198
5.747855,0,0x01,0.0000,0.0556,5.733216
5.747855,1,0x02,5.0000,5.1111,5.725198
5.747855,2,0x03,0.0000,0.1111,5.727181
5.747855,3,0x04,0.0000,0.0556,5.730198
5.748927,0,0x01,0.0000,0.0556,5.733216
5.748927,1,0x02,5.0000,5.1111,5.725198
5.748927,2,0x03,0.0000,0.1111,5.727181
5.748927,3,0x04,0.0000,0.0556,5.730198
5.755841,0,0x01,0.0000,0.0556,5.733216
5.755841,1,0x02,5.0000,5.1111,5.725198
5.755841,2,0x03,0.0000,0.1111,5.727181
5.755841,3,0x04,0.0000,0.0556,5.730198
5.756913,0,0x01,0.0000,0.0556,5.733216
5.756913,1,0x02,5.0000,5.1111,5.725198
5.756913,2,0x03,0.0000,0.1111,5.727181
5.756913,3,0x04,0.0000,0.0556,5.730198
5.758026,0,0x01,0.0000,0.0556,5.733216
5.758026,1,0x02,5.0000,5.1111,5.725198
5.758026,2,0x03,0.0000,0.1111,5.727181
5.758026,3,0x04,0.0000,0.0556,5.730198
5.759104,0,0x01,0.0000,0.0556,5.733216
5.759104,1,0x02,5.0000,5.1111,5.725198
5.759104,2,0x03,0.0000,0.1111,5.727181
5.759104,3,0x04,0.0000,0.0556,5.730198
5.766824,0,0x01,0.0000,0.0556,5.733216
5.766824,1,0x02,5.0000,5.1111,5.725198
5.766824,2,0x03,0.0000,0.1111,5.727181
5.766824,3,0x04,0.0000,0.0556,5.730198
5.767925,0,0x01,0.0000,0.0556,5.733216
5.767925,1,0x02,5.0000,5.1111,5.725198
5.767925,2,0x03,0.0000,0.1111,5.727181
5.767925,3,0x04,0.0000,0.0556,5.730198
5.769022,0,0x01,0.0000,0.0556,5.773199
5.769022,1,0x02,5.0000,5.1111,5.774198
5.769022,2,0x03,0.0000,0.1111,5.727181
5.769022,3,0x04,0.0000,0.0556,5.772202
5.775844,0,0x01,0.0000,0.0556,5.773199
5.775844,1,0x02,5.0000,5.1111,5.774198
5.775844,2,0x03,0.0000,0.1111,5.775198
5.775844,3,0x04,0.0000,0.0556,5.772202
5.776940,0,0x01,0.0000,0.0556,5.773199
5.776940,1,0x02,5.0000,5.1111,5.774198
5.776940,2,0x03,0.0000,0.1111,5.775198
5.776940,3,0x04,0.0000,0.0556,5.776179
5.778043,0,0x01,0.0000,0.1111,5.777183
5.778043,1,0x02,5.0000,5.1111,5.774198
5.778043,2,0x03,0.0000,0.1111,5.775198
5.778043,3,0x04,0.0000,0.0556,5.776179
5.779151,0,0x01,0.0000,0.1111,5.780186
5.779151,1,0x02,5.0000,5.1111,5.774198
5.779151,2,0x03,0.0000,0.1111,5.781203
5.779151,3,0x04,0.0000,0.0556,5.779213
5.788923,0,0x01,0.0000,0.1111,5.780186
5.788923,1,0x02,5.0000,5.1111,5.774198
5.788923,2,0x03,0.0000,0.1111,5.781203
5.788923,3,0x04,0.0000,0.0556,5.779213
5.795792,0,0x01,0.0000,0.1111,5.780186
5.795792,1,0x02,5.0000,5.1111,5.774198
5.795792,2,0x03,0.0000,0.1111,5.781203
5.795792,3,0x04,0.0000,0.0556,5.779213
5.796860,0,0x01,0.0000,0.1111,5.780186
5.796860,1,0x02,5.0000,5.1111,5.774198
5.796860,2,0x03,0.0000,0.1111,5.781203
5.796860,3,0x04,0.0000,0.0556,5.779213
5.797941,0,0x01,0.0000,0.1111,5.780186
5.797941,1,0x02,5.0000,5.1111,5.774198
5.797941,2,0x03,0.0000,0.1111,5.781203
5.797941,3,0x04,0.0000,0.0556,5.779213
5.799006,0,0x01,0.0000,0.1111,5.780186
5.799006,1,0x02,5.0000,5.1111,5.774198
5.799006,2,0x03,0.0000,0.1111,5.781203
5.799006,3,0x04,0.0000,0.0556,5.779213
5.804844,0,0x01,0.0000,0.1111,5.780186
5.804844,1,0x02,5.0000,5.1111,5.774198
5.804844,2,0x03,0.0000,0.1111,5.781203
5.804844,3,0x04,0.0000,0.0556,5.779213
5.805917,0,0x01,0.0000,0.1111,5.780186
5.805917,1,0x02,5.0000,5.1111,5.774198
5.805917,2,0x03,0.0000,0.1111,5.781203
5.805917,3,0x04,0.0000,0.0556,5.779213
5.807004,0,0x01,0.0000,0.1111,5.780186
5.807004,1,0x02,5.0000,5.1111,5.774198
5.807004,2,0x03,0.0000,0.1111,5.781203
5.807004,3,0x04,0.0000,0.0556,5.779213
5.808087,0,0x01,0.0000,0.1111,5.780186
5.808087,1,0x02,5.0000,5.1111,5.774198
5.808087,2,0x03,0.0000,0.1111,5.781203
5.808087,3,0x04,0.0000,0.0556,5.779213
5.809169,0,0x01,0.0000,0.1111,5.780186
5.809169,1,0x02,5.0000,5.1111,5.774198
5.809169,2,0x03,0.0000,0.1111,5.781203
5.809169,3,0x04,0.0000,0.0556,5.779213
5.816818,0,0x01,0.0000,0.1111,5.780186
5.816818,1,0x02,5.0000,5.1111,5.774198
5.816818,2,0x03,0.0000,0.1111,5.781203
5.816818,3,0x04,0.0000,0.0556,5.779213
5.817910,0,0x01,0.0000,0.1111,5.780186
5.817910,1,0x02,5.0000,5.1111,5.774198
5.817910,2,0x03,0.0000,0.1111,5.781203
5.817910,3,0x04,0.0000,0.0556,5.779213
5.819003,0,0x01,0.0000,0.1111,5.780186
5.819003,1,0x02,5.0000,5.1111,5.774198
5.819003,2,0x03,0.0000,0.1111,5.781203
5.819003,3,0x04,0.0000,0.0556,5.779213
5.825791,0,0x01,0.0000,0.1111,5.780186
5.825791,1,0x02,5.0000,5.1111,5.774198
5.825791,2,0x03,0.0000,0.1111,5.781203
5.825791,3,0x04,0.0000,0.0556,5.779213
5.826875,0,0x01,0.0000,0.1111,5.780186
5.826875,1,0x02,5.0000,5.1111,5.774198
5.826875,2,0x03,0.0000,0.1111,5.781203
5.826875,3,0x04,0.0000,0.0556,5.779213
5.827954,0,0x01,0.0000,0.1111,5.780186
5.827954,1,0x02,5.0000,5.1111,5.774198
5.827954,2,0x03,0.0000,0.1111,5.781203
5.827954,3,0x04,0.0000,0.0556,5.827180
5.829056,0,0x01,0.0000,0.0556,5.834202
5.829056,1,0x02,5.0000,5.1111,5.832380
5.829056,2,0x03,0.0000,0.1111,5.835196
5.829056,3,0x04,0.0000,0.0556,5.833193
5.836893,0,0x01,0.0000,0.0556,5.834202
5.836893,1,0x02,5.0000,5.1111,5.832380
5.836893,2,0x03,0.0000,0.1111,5.835196
5.836893,3,0x04,0.0000,0.0556,5.836190
5.837997,0,0x01,0.0000,0.0556,5.837174
5.837997,1,0x02,5.0000,5.1111,5.832380
5.837997,2,0x03,0.0000,0.1111,5.835196
5.837997,3,0x04,0.0000,0.0556,5.836190
5.839102,0,0x01,0.0000,0.1111,5.843316
5.839102,1,0x02,5.0000,5.1667,5.841188
5.839102,2,0x03,0.0000,0.1111,5.842194
5.839102,3,0x04,0.0000,0.0556,5.836190
5.845899,0,0x01,0.0000,0.1111,5.843316
5.845899,1,0x02,5.0000,5.1667,5.841188
5.845899,2,0x03,0.0000,0.1111,5.842194
5.845899,3,0x04,0.0000,0.0556,5.836190
5.846964,0,0x01,0.0000,0.1111,5.843316
5.846964,1,0x02,5.0000,5.1667,5.841188
5.846964,2,0x03,0.0000,0.1111,5.842194
5.846964,3,0x04,0.0000,0.0556,5.836190
5.848033,0,0x01,0.0000,0.1111,5.843316
5.848033,1,0x02,5.0000,5.1667,5.841188
5.848033,2,0x03,0.0000,0.1111,5.842194
5.848033,3,0x04,0.0000,0.0556,5.836190
5.849105,0,0x01,0.0000,0.1111,5.843316
5.849105,1,0x02,5.0000,5.1667,5.841188
5.849105,2,0x03,0.0000,0.1111,5.842194
5.849105,3,0x04,0.0000,0.0556,5.836190
5.856797,0,0x01,0.0000,0.1111,5.843316
5.856797,1,0x02,5.0000,5.1667,5.841188
5.856797,2,0x03,0.0000,0.1111,5.856215
5.856797,3,0x04,0.0000,0.0556,5.836190
5.857893,0,0x01,0.0000,0.0556,5.857182
5.857893,1,0x02,5.0000,5.1667,5.841188
5.857893,2,0x03,0.0000,0.1111,5.856215
5.857893,3,0x04,0.0000,0.0556,5.836190
5.858995,0,0x01,0.0000,0.0556,5.864197
5.858995,1,0x02,5.0000,5.1111,5.858183
5.858995,2,0x03,0.0000,0.1111,5.859184
5.858995,3,0x04,0.0000,0.0556,5.861187
5.865856,0,0x01,0.0000,0.0556,5.864197
5.865856,1,0x02,5.0000,5.1111,5.858183
5.865856,2,0x03,0.0000,0.1111,5.859184
5.865856,3,0x04,0.0000,0.0556,5.861187
5.866940,0,0x01,0.0000,0.0556,5.864197
5.866940,1,0x02,5.0000,5.1111,5.866191
5.866940,2,0x03,0.0000,0.1111,5.859184
5.866940,3,0x04,0.0000,0.0556,5.861187
5.868050,0,0x01,0.0000,0.0556,5.864197
5.868050,1,0x02,5.0000,5.1111,5.866191
5.868050,2,0x03,0.0000,0.1111,5.859184
5.868050,3,0x04,0.0000,0.0556,5.861187
5.869138,0,0x01,0.0000,0.1111,5.875200
5.869138,1,0x02,5.0000,5.1111,5.866191
5.869138,2,0x03,0.0000,0.1111,5.869231
5.869138,3,0x04,0.0000,0.0000,5.873201
5.876827,0,0x01,0.0000,0.1111,5.875200
5.876827,1,0x02,5.0000,5.1111,5.866191
5.876827,2,0x03,0.0000,0.1111,5.869231
5.876827,3,0x04,0.0000,0.0000,5.873201
5.877895,0,0x01,0.0000,0.1111,5.875200
5.877895,1,0x02,5.0000,5.1111,5.877189
5.877895,2,0x03,0.0000,0.1111,5.869231
5.877895,3,0x04,0.0000,0.0000,5.873201
5.878998,0,0x01,0.0000,0.1111,5.875200
5.878998,1,0x02,5.0000,5.1111,5.877189
5.878998,2,0x03,0.0000,0.1111,5.880199
5.878998,3,0x04,0.0000,0.0556,5.884228
5.885818,0,0x01,0.0000,0.1111,5.875200
5.885818,1,0x02,5.0000,5.1111,5.877189
5.885818,2,0x03,0.0000,0.1111,5.880199
5.885818,3,0x04,0.0000,0.0556,5.884228
5.886887,0,0x01,0.0000,0.1111,5.875200
5.886887,1,0x02,5.0000,5.1111,5.877189
5.886887,2,0x03,0.0000,0.1111,5.880199
5.886887,3,0x04,0.0000,0.0556,5.884228
5.887973,0,0x01,0.0000,0.0556,5.887225
5.887973,1,0x02,5.0000,5.1111,5.877189
5.887973,2,0x03,0.0000,0.1111,5.880199
5.887973,3,0x04,0.0000,0.0556,5.884228
5.889078,0,0x01,0.0000,0.0556,5.887225
5.889078,1,0x02,5.0000,5.1111,5.877189
5.889078,2,0x03,0.0000,0.1111,5.880199
5.889078,3,0x04,0.0000,0.0556,5.884228
5.898776,0,0x01,0.0000,0.0556,5.903205
5.898776,1,0x02,5.0000,5.1111,5.900251
5.898776,2,0x03,0.0000,0.1111,5.901226
5.898776,3,0x04,0.0000,0.0556,5.902204
5.904840,0,0x01,0.0000,0.0556,5.903205
5.904840,1,0x02,5.0000,5.1111,5.904199
5.904840,2,0x03,0.0000,0.1111,5.901226
5.904840,3,0x04,0.0000,0.0556,5.902204
5.905923,0,0x01,0.0000,0.0556,5.903205
5.905923,1,0x02,5.0000,5.1111,5.904199
5.905923,2,0x03,0.0000,0.1111,5.901226
5.905923,3,0x04,0.0000,0.0556,5.902204
5.907004,0,0x01,0.0000,0.0556,5.903205
5.907004,1,0x02,5.0000,5.1111,5.904199
5.907004,2,0x03,0.0000,0.1111,5.906181
5.907004,3,0x04,0.0000,0.0556,5.902204
5.908113,0,0x01,0.0000,0.0556,5.903205
5.908113,1,0x02,5.0000,5.1111,5.904199
5.908113,2,0x03,0.0000,0.1111,5.906181
5.908113,3,0x04,0.0000,0.0556,5.902204
5.909246,0,0x01,0.0000,0.0556,5.912211
5.909246,1,0x02,5.0000,5.1111,5.914207
5.909246,2,0x03,0.0000,0.1111,5.906181
5.909246,3,0x04,0.0000,0.0556,5.909184
5.916821,0,0x01,0.0000,0.0556,5.912211
5.916821,1,0x02,5.0000,5.1111,5.914207
5.916821,2,0x03,0.0000,0.1111,5.906181
5.916821,3,0x04,0.0000,0.0556,5.909184
5.917888,0,0x01,0.0000,0.0556,5.912211
5.917888,1,0x02,5.0000,5.1111,5.914207
5.917888,2,0x03,0.0000,0.0556,5.917228
5.917888,3,0x04,0.0000,0.0556,5.909184
5.918977,0,0x01,0.0000,0.0556,5.924199
5.918977,1,0x02,5.0000,5.1111,5.914207
5.918977,2,0x03,0.0000,0.0556,5.917228
5.918977,3,0x04,0.0000,0.0556,5.920209
5.925833,0,0x01,0.0000,0.0556,5.924199
5.925833,1,0x02,5.0000,5.1111,5.914207
5.925833,2,0x03,0.0000,0.0556,5.917228
5.925833,3,0x04,0.0000,0.0556,5.920209
5.926905,0,0x01,0.0000,0.0556,5.924199
5.926905,1,0x02,5.0000,5.1111,5.926186
5.926905,2,0x03,0.0000,0.0556,5.917228
5.926905,3,0x04,0.0000,0.0556,5.920209
5.927997,0,0x01,0.0000,0.0556,5.924199
5.927997,1,0x02,5.0000,5.1111,5.926186
5.927997,2,0x03,0.0000,0.0556,5.917228
5.927997,3,0x04,0.0000,0.0556,5.920209
5.929066,0,0x01,0.0000,0.0556,5.924199
5.929066,1,0x02,5.0000,5.1111,5.926186
5.929066,2,0x03,0.0000,0.0556,5.929179
5.929066,3,0x04,0.0000,0.0556,5.932277
5.936833,0,0x01,0.0000,0.0556,5.924199
5.936833,1,0x02,5.0000,5.1111,5.926186
5.936833,2,0x03,0.0000,0.0556,5.929179
5.936833,3,0x04,0.0000,0.0556,5.932277
5.937906,0,0x01,0.0000,0.0556,5.924199
5.937906,1,0x02,5.0000,5.1111,5.926186
5.937906,2,0x03,0.0000,0.0556,5.929179
5.937906,3,0x04,0.0000,0.0556,5.932277
5.938979,0,0x01,0.0000,0.0556,5.924199
5.938979,1,0x02,5.0000,5.1111,5.926186
5.938979,2,0x03,0.0000,0.0556,5.929179
5.938979,3,0x04,0.0000,0.0556,5.932277
5.945805,0,0x01,0.0000,0.0556,5.924199
5.945805,1,0x02,5.0000,5.1111,5.926186
5.945805,2,0x03,0.0000,0.0556,5.929179
5.945805,3,0x04,0.0000,0.0556,5.932277
5.946874,0,0x01,0.0000,0.0556,5.924199
5.946874,1,0x02,5.0000,5.1111,5.926186
5.946874,2,0x03,0.0000,0.0556,5.929179
5.946874,3,0x04,0.0000,0.0556,5.932277
5.947958,0,0x01,0.0000,0.0556,5.924199
5.947958,1,0x02,5.0000,5.1111,5.926186
5.947958,2,0x03,0.0000,0.0556,5.929179
5.947958,3,0x04,0.0000,0.0556,5.932277
5.949025,0,0x01,0.0000,0.0556,5.924199
5.949025,1,0x02,5.0000,5.1111,5.926186
5.949025,2,0x03,0.0000,0.0556,5.929179
5.949025,3,0x04,0.0000,0.0556,5.932277
5.954772,0,0x01,0.0000,0.0556,5.924199
5.954772,1,0x02,5.0000,5.1111,5.926186
5.954772,2,0x03,0.0000,0.0556,5.929179
5.954772,3,0x04,0.0000,0.0556,5.932277
5.955845,0,0x01,0.0000,0.0556,5.924199
5.955845,1,0x02,5.0000,5.1111,5.926186
5.955845,2,0x03,0.0000,0.0556,5.929179
5.955845,3,0x04,0.0000,0.0556,5.932277
5.956931,0,0x01,0.0000,0.0556,5.924199
5.956931,1,0x02,5.0000,5.1111,5.926186
5.956931,2,0x03,0.0000,0.0556,5.929179
5.956931,3,0x04,0.0000,0.0556,5.932277
5.958010,0,0x01,0.0000,0.0556,5.924199
5.958010,1,0x02,5.0000,5.1111,5.926186
5.958010,2,0x03,0.0000,0.0556,5.929179
5.958010,3,0x04,0.0000,0.0556,5.932277
5.959084,0,0x01,0.0000,0.0556,5.924199
5.959084,1,0x02,5.0000,5.1111,5.926186
5.959084,2,0x03,0.0000,0.0556,5.929179
5.959084,3,0x04,0.0000,0.0556,5.932277
5.966805,0,0x01,0.0000,0.0556,5.924199
5.966805,1,0x02,5.0000,5.1111,5.926186
5.966805,2,0x03,0.0000,0.0556,5.929179
5.966805,3,0x04,0.0000,0.0556,5.932277
5.967876,0,0x01,0.0000,0.0556,5.924199
5.967876,1,0x02,5.0000,5.1111,5.926186
5.967876,2,0x03,0.0000,0.0556,5.929179
5.967876,3,0x04,0.0000,0.0556,5.932277
5.969000,0,0x01,0.0000,0.0556,5.974231
5.969000,1,0x02,5.0000,5.1111,5.971259
5.969000,2,0x03,0.0000,0.0556,5.929179
5.969000,3,0x04,0.0000,0.0556,5.973238
5.975981,0,0x01,0.0000,0.0556,5.974231
5.975981,1,0x02,5.0000,5.1111,5.971259
5.975981,2,0x03,0.0000,0.1111,5.975237
5.975981,3,0x04,0.0000,0.0556,5.973238
5.977060,0,0x01,0.0000,0.0556,5.974231
5.977060,1,0x02,5.0000,5.1111,5.971259
5.977060,2,0x03,0.0000,0.1111,5.975237
5.977060,3,0x04,0.0000,0.0556,5.973238
5.978140,0,0x01,0.0000,0.0556,5.977249
5.978140,1,0x02,5.0000,5.1111,5.971259
5.978140,2,0x03,0.0000,0.1111,5.975237
5.978140,3,0x04,0.0000,0.0556,5.973238
5.979251,0,0x01,0.0000,0.0556,5.977249
5.979251,1,0x02,5.0000,5.1111,5.981199
5.979251,2,0x03,0.0000,0.0556,5.978210
5.979251,3,0x04,0.0000,0.0556,5.980184
5.987886,0,0x01,0.0000,0.0556,5.977249
5.987886,1,0x02,5.0000,5.1111,5.981199
5.987886,2,0x03,0.0000,0.0556,5.978210
5.987886,3,0x04,0.0000,0.0556,5.980184
5.988972,0,0x01,0.0000,0.0556,5.993218
5.988972,1,0x02,5.0000,5.1111,5.981199
5.988972,2,0x03,0.0000,0.0556,5.992247
5.988972,3,0x04,0.0000,0.0556,5.980184
5.996826,0,0x01,0.0000,0.0556,5.993218
5.996826,1,0x02,5.0000,5.1111,5.981199
5.996826,2,0x03,0.0000,0.0556,5.992247
5.996826,3,0x04,0.0000,0.0556,5.980184
5.997912,0,0x01,0.0000,0.0556,5.993218
5.997912,1,0x02,5.0000,5.1111,5.981199
5.997912,2,0x03,0.0000,0.0556,5.992247
5.997912,3,0x04,0.0000,0.0556,5.980184
5.999005,0,0x01,0.0000,0.0556,5.993218
5.999005,1,0x02,5.0000,5.1111,5.981199
5.999005,2,0x03,0.0000,0.0556,5.992247
5.999005,3,0x04,0.0000,0.0556,5.980184
6.005787,0,0x01,0.0000,0.0556,5.993218
6.005787,1,0x02,5.0000,5.1111,5.981199
6.005787,2,0x03,0.0000,0.0556,5.992247
6.005787,3,0x04,0.0000,0.0556,5.980184
6.006859,0,0x01,0.0000,0.0556,5.993218
6.006859,1,0x02,5.0000,5.1111,5.981199
6.006859,2,0x03,0.0000,0.0556,5.992247
6.006859,3,0x04,0.0000,0.0556,5.980184
6.007941,0,0x01,0.0000,0.0556,5.993218
6.007941,1,0x02,5.0000,5.1111,5.981199
6.007941,2,0x03,0.0000,0.0556,5.992247
6.007941,3,0x04,0.0000,0.0556,5.980184
6.009021,0,0x01,0.0000,0.0556,5.993218
6.009021,1,0x02,5.0000,5.1111,5.981199
6.009021,2,0x03,0.0000,0.0556,5.992247
6.009021,3,0x04,0.0000,0.0556,5.980184
6.014799,0,0x01,0.0000,0.0556,5.993218
6.014799,1,0x02,5.0000,5.1111,5.981199
6.014799,2,0x03,0.0000,0.0556,5.992247
6.014799,3,0x04,0.0000,0.0556,5.980184
6.015877,0,0x01,0.0000,0.0556,5.993218
6.015877,1,0x02,5.0000,5.1111,5.981199
6.015877,2,0x03,0.0000,0.0556,5.992247
6.015877,3,0x04,0.0000,0.0556,5.980184
6.016955,0,0x01,0.0000,0.0556,5.993218
6.016955,1,0x02,5.0000,5.1111,5.981199
6.016955,2,0x03,0.0000,0.0556,5.992247
6.016955,3,0x04,0.0000,0.0556,5.980184
6.018024,0,0x01,0.0000,0.0556,5.993218
6.018024,1,0x02,5.0000,5.1111,5.981199
6.018024,2,0x03,0.0000,0.0556,5.992247
6.018024,3,0x04,0.0000,0.0556,5.980184
6.019106,0,0x01,0.0000,0.0556,5.993218
6.019106,1,0x02,5.0000,5.1111,5.981199
6.019106,2,0x03,0.0000,0.0556,5.992247
6.019106,3,0x04,0.0000,0.0556,5.980184
6.026780,0,0x01,0.0000,0.0556,5.993218
6.026780,1,0x02,5.0000,5.1111,5.981199
6.026780,2,0x03,0.0000,0.0556,5.992247
6.026780,3,0x04,0.0000,0.0556,5.980184
6.027847,0,0x01,0.0000,0.0556,5.993218
6.027847,1,0x02,5.0000,5.1111,5.981199
6.027847,2,0x03,0.0000,0.0556,5.992247
6.027847,3,0x04,0.0000,0.0556,5.980184
6.028928,0,0x01,0.0000,0.0556,6.034202
6.028928,1,0x02,5.0000,5.1111,6.032258
6.028928,2,0x03,0.0000,0.1111,6.029224
6.028928,3,0x04,0.0000,0.0556,6.033276
6.035906,0,0x01,0.0000,0.0556,6.034202
6.035906,1,0x02,5.0000,5.1111,6.035198
6.035906,2,0x03,0.0000,0.1111,6.029224
6.035906,3,0x04,0.0000,0.0556,6.033276
6.036990,0,0x01,0.0000,0.0556,6.034202
6.036990,1,0x02,5.0000,5.1111,6.035198
6.036990,2,0x03,0.0000,0.0556,6.036187
6.036990,3,0x04,0.0000,0.0556,6.033276
6.038101,0,0x01,0.0000,0.1111,6.037189
6.038101,1,0x02,5.0000,5.1111,6.035198
6.038101,2,0x03,0.0000,0.0556,6.036187
6.038101,3,0x04,0.0000,0.0556,6.033276
6.039241,0,0x01,0.0000,0.1111,6.037189
6.039241,1,0x02,5.0000,5.0556,6.041212
6.039241,2,0x03,0.0000,0.1111,6.042201
6.039241,3,0x04,0.0000,0.0556,6.040181
6.050844,0,0x01,0.0000,0.1111,6.037189
6.050844,1,0x02,5.0000,5.0556,6.041212
6.050844,2,0x03,0.0000,0.1111,6.042201
6.050844,3,0x04,0.0000,0.0556,6.040181
6.057774,0,0x01,0.0000,0.1111,6.037189
6.057774,1,0x02,5.0000,5.0556,6.041212
6.057774,2,0x03,0.0000,0.1111,6.042201
6.057774,3,0x04,0.0000,0.0556,6.040181
6.058842,0,0x01,0.0000,0.1111,6.037189
6.058842,1,0x02,5.0000,5.0556,6.041212
6.058842,2,0x03,0.0000,0.1111,6.042201
6.058842,3,0x04,0.0000,0.0556,6.040181
6.065801,0,0x01,0.0000,0.1111,6.037189
6.065801,1,0x02,5.0000,5.0556,6.041212
6.065801,2,0x03,0.0000,0.1111,6.042201
6.065801,3,0x04,0.0000,0.0556,6.040181
6.066867,0,0x01,0.0000,0.1111,6.037189
6.066867,1,0x02,5.0000,5.0556,6.041212
6.066867,2,0x03,0.0000,0.1111,6.042201
6.066867,3,0x04,0.0000,0.0556,6.040181
6.067946,0,0x01,0.0000,0.1111,6.037189
6.067946,1,0x02,5.0000,5.0556,6.041212
6.067946,2,0x03,0.0000,0.1111,6.042201
6.067946,3,0x04,0.0000,0.0556,6.040181
6.069026,0,0x01,0.0000,0.1111,6.037189
6.069026,1,0x02,5.0000,5.0556,6.041212
6.069026,2,0x03,0.0000,0.1111,6.042201
6.069026,3,0x04,0.0000,0.0556,6.040181
6.074805,0,0x01,0.0000,0.1111,6.037189
6.074805,1,0x02,5.0000,5.0556,6.041212
6.074805,2,0x03,0.0000,0.1111,6.042201
6.074805,3,0x04,0.0000,0.0556,6.040181
6.075904,0,0x01,0.0000,0.1111,6.037189
6.075904,1,0x02,5.0000,5.0556,6.041212
6.075904,2,0x03,0.0000,0.1111,6.042201
6.075904,3,0x04,0.0000,0.0556,6.040181
6.077004,0,0x01,0.0000,0.1111,6.037189
6.077004,1,0x02,5.0000,5.0556,6.041212
6.077004,2,0x03,0.0000,0.1111,6.042201
6.077004,3,0x04,0.0000,0.0556,6.040181
6.078092,0,0x01,0.0000,0.1111,6.037189
6.078092,1,0x02,5.0000,5.0556,6.041212
6.078092,2,0x03,0.0000,0.1111,6.042201
6.078092,3,0x04,0.0000,0.0556,6.040181
6.079170,0,0x01,0.0000,0.1111,6.037189
6.079170,1,0x02,5.0000,5.0556,6.041212
6.079170,2,0x03,0.0000,0.1111,6.042201
6.079170,3,0x04,0.0000,0.0556,6.040181
6.087825,0,0x01,0.0000,0.1111,6.037189
6.087825,1,0x02,5.0000,5.0556,6.041212
6.087825,2,0x03,0.0000,0.1111,6.042201
6.087825,3,0x04,0.0000,0.0556,6.040181
6.088900,0,0x01,0.0000,0.0556,6.095187
6.088900,1,0x02,5.0000,5.1111,6.093198
6.088900,2,0x03,0.0000,0.1111,6.094225
6.088900,3,0x04,0.0000,0.0556,6.091204
6.096980,0,0x01,0.0000,0.0556,6.095187
6.096980,1,0x02,5.0000,5.1111,6.096188
6.096980,2,0x03,0.0000,0.1111,6.094225
6.096980,3,0x04,0.0000,0.0556,6.091204
6.098058,0,0x01,0.0000,0.0556,6.095187
6.098058,1,0x02,5.0000,5.1111,6.096188
6.098058,2,0x03,0.0000,0.1111,6.097181
6.098058,3,0x04,0.0000,0.0556,6.091204
6.099139,0,0x01,0.0000,0.0556,6.102200
6.099139,1,0x02,5.0000,5.1111,6.103196
6.099139,2,0x03,0.0000,0.1111,6.101189
6.099139,3,0x04,0.0000,0.0556,6.091204
6.105887,0,0x01,0.0000,0.0556,6.102200
6.105887,1,0x02,5.0000,5.1111,6.103196
6.105887,2,0x03,0.0000,0.1111,6.101189
6.105887,3,0x04,0.0000,0.0556,6.091204
6.106968,0,0x01,0.0000,0.0556,6.102200
6.106968,1,0x02,5.0000,5.1111,6.103196
6.106968,2,0x03,0.0000,0.1111,6.101189
6.106968,3,0x04,0.0000,0.0556,6.091204
6.108047,0,0x01,0.0000,0.0556,6.102200
6.108047,1,0x02,5.0000,5.1111,6.103196
6.108047,2,0x03,0.0000,0.1111,6.101189
6.108047,3,0x04,0.0000,0.0556,6.091204
6.109137,0,0x01,0.0000,0.0556,6.102200
6.109137,1,0x02,5.0000,5.1111,6.103196
6.109137,2,0x03,0.0000,0.1111,6.101189
6.109137,3,0x04,0.0000,0.0556,6.091204
6.117785,0,0x01,0.0000,0.0556,6.102200
6.117785,1,0x02,5.0000,5.1111,6.103196
6.117785,2,0x03,0.0000,0.1111,6.101189
6.117785,3,0x04,0.0000,0.0556,6.091204
6.118865,0,0x01,0.0000,0.0556,6.102200
6.118865,1,0x02,5.0000,5.1111,6.103196
6.118865,2,0x03,0.0000,0.1111,6.101189
6.118865,3,0x04,0.0000,0.0556,6.091204
6.125793,0,0x01,0.0000,0.0556,6.102200
6.125793,1,0x02,5.0000,5.1111,6.103196
6.125793,2,0x03,0.0000,0.1111,6.101189
6.125793,3,0x04,0.0000,0.0556,6.091204
6.126876,0,0x01,0.0000,0.0556,6.102200
6.126876,1,0x02,5.0000,5.1111,6.103196
6.126876,2,0x03,0.0000,0.1111,6.101189
6.126876,3,0x04,0.0000,0.0556,6.091204
6.127952,0,0x01,0.0000,0.0556,6.102200
6.127952,1,0x02,5.0000,5.1111,6.103196
6.127952,2,0x03,0.0000,0.1111,6.101189
6.127952,3,0x04,0.0000,0.0556,6.091204
6.129018,0,0x01,0.0000,0.0556,6.102200
6.129018,1,0x02,5.0000,5.1111,6.103196
6.129018,2,0x03,0.0000,0.1111,6.101189
6.129018,3,0x04,0.0000,0.0556,6.091204
6.134802,0,0x01,0.0000,0.0556,6.102200
6.134802,1,0x02,5.0000,5.1111,6.103196
6.134802,2,0x03,0.0000,0.1111,6.101189
6.134802,3,0x04,0.0000,0.0556,6.091204
6.135875,0,0x01,0.0000,0.0556,6.102200
6.135875,1,0x02,5.0000,5.1111,6.103196
6.135875,2,0x03,0.0000,0.1111,6.101189
6.135875,3,0x04,0.0000,0.0556,6.091204
6.136949,0,0x01,0.0000,0.0556,6.102200
6.136949,1,0x02,5.0000,5.1111,6.103196
6.136949,2,0x03,0.0000,0.1111,6.101189
6.136949,3,0x04,0.0000,0.0556,6.091204
6.138029,0,0x01,0.0000,0.0556,6.102200
6.138029,1,0x02,5.0000,5.1111,6.103196
6.138029,2,0x03,0.0000,0.1111,6.101189
6.138029,3,0x04,0.0000,0.0556,6.091204
6.139101,0,0x01,0.0000,0.0556,6.102200
6.139101,1,0x02,5.0000,5.1111,6.103196
6.139101,2,0x03,0.0000,0.1111,6.101189
6.139101,3,0x04,0.0000,0.0556,6.091204
6.146788,0,0x01,0.0000,0.0556,6.102200
6.146788,1,0x02,5.0000,5.1111,6.103196
6.146788,2,0x03,0.0000,0.1111,6.101189
6.146788,3,0x04,0.0000,0.0556,6.091204
6.147859,0,0x01,0.0000,0.0556,6.102200
6.147859,1,0x02,5.0000,5.1111,6.103196
6.147859,2,0x03,0.0000,0.1111,6.101189
6.147859,3,0x04,0.0000,0.0556,6.091204
6.148936,0,0x01,0.0000,0.0556,6.153195
6.148936,1,0x02,5.0000,5.1111,6.154215
6.148936,2,0x03,0.0000,0.1111,6.101189
6.148936,3,0x04,0.0000,0.0556,6.152207
6.155873,0,0x01,0.0000,0.0556,6.153195
6.155873,1,0x02,5.0000,5.1111,6.154215
6.155873,2,0x03,0.0000,0.0556,6.155190
6.155873,3,0x04,0.0000,0.0556,6.152207
6.156958,0,0x01,0.0000,0.0556,6.153195
6.156958,1,0x02,5.0000,5.1111,6.154215
6.156958,2,0x03,0.0000,0.0556,6.155190
6.156958,3,0x04,0.0000,0.0556,6.156179
6.158060,0,0x01,0.0000,0.0556,6.153195
6.158060,1,0x02,5.0000,5.1111,6.157182
6.158060,2,0x03,0.0000,0.0556,6.155190
6.158060,3,0x04,0.0000,0.0556,6.156179
6.159171,0,0x01,0.0000,0.0556,6.162191
6.159171,1,0x02,5.0000,5.1111,6.163198
6.159171,2,0x03,0.0000,0.1111,6.164201
6.159171,3,0x04,0.0000,0.0556,6.165226
6.166860,0,0x01,0.0000,0.0556,6.162191
6.166860,1,0x02,5.0000,5.1111,6.163198
6.166860,2,0x03,0.0000,0.1111,6.164201
6.166860,3,0x04,0.0000,0.0556,6.165226
6.167929,0,0x01,0.0000,0.0556,6.162191
6.167929,1,0x02,5.0000,5.1111,6.163198
6.167929,2,0x03,0.0000,0.1111,6.164201
6.167929,3,0x04,0.0000,0.0556,6.165226
6.169017,0,0x01,0.0000,0.0556,6.162191
6.169017,1,0x02,5.0000,5.1111,6.163198
6.169017,2,0x03,0.0000,0.1111,6.164201
6.169017,3,0x04,0.0000,0.0556,6.165226
6.179884,0,0x01,0.0000,0.0556,6.162191
6.179884,1,0x02,5.0000,5.1111,6.163198
6.179884,2,0x03,0.0000,0.1111,6.164201
6.179884,3,0x04,0.0000,0.0556,6.165226
6.185862,0,0x01,0.0000,0.0556,6.162191
6.185862,1,0x02,5.0000,5.1111,6.163198
6.185862,2,0x03,0.0000,0.1111,6.164201
6.185862,3,0x04,0.0000,0.0556,6.165226
6.186891,0,0x01,0.0000,0.0556,6.162191
6.186891,1,0x02,5.0000,5.1111,6.163198
6.186891,2,0x03,0.0000,0.1111,6.164201
6.186891,3,0x04,0.0000,0.0556,6.165226
6.187978,0,0x01,0.0000,0.0556,6.162191
6.187978,1,0x02,5.0000,5.1111,6.163198
6.187978,2,0x03,0.0000,0.1111,6.164201
6.187978,3,0x04,0.0000,0.0556,6.165226
6.189058,0,0x01,0.0000,0.0556,6.162191
6.189058,1,0x02,5.0000,5.1111,6.163198
6.189058,2,0x03,0.0000,0.1111,6.164201
6.189058,3,0x04,0.0000,0.0556,6.165226
6.194783,0,0x01,0.0000,0.0556,6.162191
6.194783,1,0x02,5.0000,5.1111,6.163198
6.194783,2,0x03,0.0000,0.1111,6.164201
6.194783,3,0x04,0.0000,0.0556,6.165226
6.195857,0,0x01,0.0000,0.0556,6.162191
6.195857,1,0x02,5.0000,5.1111,6.163198
6.195857,2,0x03,0.0000,0.1111,6.164201
6.195857,3,0x04,0.0000,0.0556,6.165226
6.196965,0,0x01,0.0000,0.0556,6.162191
6.196965,1,0x02,5.0000,5.1111,6.163198
6.196965,2,0x03,0.0000,0.1111,6.164201
6.196965,3,0x04,0.0000,0.0556,6.165226
6.198050,0,0x01,0.0000,0.0556,6.162191
6.198050,1,0x02,5.0000,5.1111,6.163198
6.198050,2,0x03,0.0000,0.1111,6.164201
6.198050,3,0x04,0.0000,0.0556,6.165226
6.199128,0,0x01,0.0000,0.0556,6.162191
6.199128,1,0x02,5.0000,5.1111,6.163198
6.199128,2,0x03,0.0000,0.1111,6.164201
6.199128,3,0x04,0.0000,0.0556,6.165226
6.206856,0,0x01,0.0000,0.0556,6.162191
6.206856,1,0x02,5.0000,5.1111,6.163198
6.206856,2,0x03,0.0000,0.1111,6.164201
6.206856,3,0x04,0.0000,0.0556,6.165226
6.207922,0,0x01,0.0000,0.0556,6.162191
6.207922,1,0x02,5.0000,5.1111,6.163198
6.207922,2,0x03,0.0000,0.1111,6.164201
6.207922,3,0x04,0.0000,0.0556,6.165226
6.209003,0,0x01,0.0000,0.0556,6.213199
6.209003,1,0x02,5.0000,5.1111,6.214221
6.209003,2,0x03,0.0000,0.1111,6.212201
6.209003,3,0x04,0.0000,0.0556,6.165226
6.215873,0,0x01,0.0000,0.0556,6.213199
6.215873,1,0x02,5.0000,5.1111,6.214221
6.215873,2,0x03,0.0000,0.1111,6.215205
6.215873,3,0x04,0.0000,0.0556,6.165226
6.216975,0,0x01,0.0000,0.0556,6.213199
6.216975,1,0x02,5.0000,5.1111,6.214221
6.216975,2,0x03,0.0000,0.1111,6.215205
6.216975,3,0x04,0.0000,0.0556,6.216180
6.218083,0,0x01,0.0000,0.0556,6.217209
6.218083,1,0x02,5.0000,5.1111,6.214221
6.218083,2,0x03,0.0000,0.1111,6.215205
6.218083,3,0x04,0.0000,0.0556,6.216180
6.219182,0,0x01,0.0000,0.0556,6.217209
6.219182,1,0x02,5.0000,5.1111,6.224237
6.219182,2,0x03,0.0000,0.1111,6.225331
6.219182,3,0x04,0.0000,0.0556,6.223198
6.226883,0,0x01,0.0000,0.0556,6.217209
6.226883,1,0x02,5.0000,5.1111,6.224237
6.226883,2,0x03,0.0000,0.1111,6.225331
6.226883,3,0x04,0.0000,0.0556,6.226265
6.227981,0,0x01,0.0000,0.0556,6.227262
6.227981,1,0x02,5.0000,5.1111,6.224237
6.227981,2,0x03,0.0000,0.1111,6.225331
6.227981,3,0x04,0.0000,0.0556,6.226265
6.229093,0,0x01,0.0000,0.0556,6.227262
6.229093,1,0x02,5.0000,5.1111,6.224237
6.229093,2,0x03,0.0000,0.1111,6.225331
6.229093,3,0x04,0.0000,0.0556,6.226265
6.237814,0,0x01,0.0000,0.0556,6.227262
6.237814,1,0x02,5.0000,5.1111,6.224237
6.237814,2,0x03,0.0000,0.1111,6.225331
6.237814,3,0x04,0.0000,0.0556,6.226265
6.238892,0,0x01,0.0000,0.0556,6.240200
6.238892,1,0x02,5.0000,5.1111,6.241188
6.238892,2,0x03,0.0000,0.1111,6.242193
6.238892,3,0x04,0.0000,0.0556,6.226265
6.245853,0,0x01,0.0000,0.0556,6.240200
6.245853,1,0x02,5.0000,5.1111,6.241188
6.245853,2,0x03,0.0000,0.1111,6.242193
6.245853,3,0x04,0.0000,0.0556,6.245190
6.246930,0,0x01,0.0000,0.0556,6.240200
6.246930,1,0x02,5.0000,5.1111,6.241188
6.246930,2,0x03,0.0000,0.1111,6.242193
6.246930,3,0x04,0.0000,0.0556,6.245190
6.247994,0,0x01,0.0000,0.1111,6.247168
6.247994,1,0x02,5.0000,5.1111,6.241188
6.247994,2,0x03,0.0000,0.1111,6.242193
6.247994,3,0x04,0.0000,0.0556,6.245190
6.249077,0,0x01,0.0000,0.1111,6.247168
6.249077,1,0x02,5.0000,5.1111,6.250171
6.249077,2,0x03,0.0000,0.0556,6.252188
6.249077,3,0x04,0.0000,0.0556,6.245190
6.256807,0,0x01,0.0000,0.1111,6.247168
6.256807,1,0x02,5.0000,5.1111,6.250171
6.256807,2,0x03,0.0000,0.0556,6.252188
6.256807,3,0x04,0.0000,0.0556,6.256188
6.257890,0,0x01,0.0000,0.1111,6.247168
6.257890,1,0x02,5.0000,5.1111,6.250171
6.257890,2,0x03,0.0000,0.0556,6.252188
6.257890,3,0x04,0.0000,0.0556,6.256188
6.258974,0,0x01,0.0000,0.0556,6.258169
6.258974,1,0x02,5.0000,5.1111,6.260199
6.258974,2,0x03,0.0000,0.1111,6.263193
6.258974,3,0x04,0.0000,0.0556,6.256188
6.265805,0,0x01,0.0000,0.0556,6.258169
6.265805,1,0x02,5.0000,5.1111,6.260199
6.265805,2,0x03,0.0000,0.1111,6.263193
6.265805,3,0x04,0.0000,0.0556,6.256188
6.266873,0,0x01,0.0000,0.0556,6.258169
6.266873,1,0x02,5.0000,5.1111,6.260199
6.266873,2,0x03,0.0000,0.1111,6.263193
6.266873,3,0x04,0.0000,0.0556,6.256188
6.267952,0,0x01,0.0000,0.0556,6.258169
6.267952,1,0x02,5.0000,5.1111,6.260199
6.267952,2,0x03,0.0000,0.1111,6.263193
6.267952,3,0x04,0.0000,0.0000,6.267175
6.269034,0,0x01,0.0000,0.0556,6.269188
6.269034,1,0x02,5.0000,5.1111,6.260199
6.269034,2,0x03,0.0000,0.1111,6.263193
6.269034,3,0x04,0.0000,0.0000,6.267175
6.274783,0,0x01,0.0000,0.0556,6.269188
6.274783,1,0x02,5.0000,5.1111,6.260199
6.274783,2,0x03,0.0000,0.1111,6.263193
6.274783,3,0x04,0.0000,0.0000,6.267175
6.275853,0,0x01,0.0000,0.0556,6.269188
6.275853,1,0x02,5.0000,5.1111,6.260199
6.275853,2,0x03,0.0000,0.1111,6.263193
6.275853,3,0x04,0.0000,0.0000,6.267175
6.276934,0,0x01,0.0000,0.0556,6.269188
6.276934,1,0x02,5.0000,5.1111,6.260199
6.276934,2,0x03,0.0000,0.1111,6.263193
6.276934,3,0x04,0.0000,0.0000,6.267175
6.278014,0,0x01,0.0000,0.0556,6.269188
6.278014,1,0x02,5.0000,5.1111,6.260199
6.278014,2,0x03,0.0000,0.1111,6.263193
6.278014,3,0x04,0.0000,0.0000,6.267175
6.279103,0,0x01,0.0000,0.0556,6.269188
6.279103,1,0x02,5.0000,5.1111,6.260199
6.279103,2,0x03,0.0000,0.1111,6.285191
6.279103,3,0x04,0.0000,0.0000,6.267175
6.286818,0,0x01,0.0000,0.0556,6.269188
6.286818,1,0x02,5.0000,5.1111,6.260199
6.286818,2,0x03,0.0000,0.1111,6.285191
6.286818,3,0x04,0.0000,0.0000,6.267175
6.287889,0,0x01,0.0000,0.0556,6.269188
6.287889,1,0x02,5.0000,5.1667,6.287179
6.287889,2,0x03,0.0000,0.1111,6.285191
6.287889,3,0x04,0.0000,0.0000,6.267175
6.288968,0,0x01,0.0000,0.0556,6.293197
6.288968,1,0x02,5.0000,5.1667,6.287179
6.288968,2,0x03,0.0000,0.0556,6.288170
6.288968,3,0x04,0.0000,0.0556,6.291195
6.295806,0,0x01,0.0000,0.0556,6.293197
6.295806,1,0x02,5.0000,5.1667,6.287179
6.295806,2,0x03,0.0000,0.0556,6.288170
6.295806,3,0x04,0.0000,0.0556,6.291195
6.296874,0,0x01,0.0000,0.0556,6.293197
6.296874,1,0x02,5.0000,5.1667,6.287179
6.296874,2,0x03,0.0000,0.0556,6.288170
6.296874,3,0x04,0.0000,0.0556,6.291195
6.297954,0,0x01,0.0000,0.0556,6.293197
6.297954,1,0x02,5.0000,5.1111,6.297168
6.297954,2,0x03,0.0000,0.0556,6.288170
6.297954,3,0x04,0.0000,0.0556,6.291195
6.299062,0,0x01,0.0000,0.0556,6.305188
6.299062,1,0x02,5.0000,5.1111,6.297168
6.299062,2,0x03,0.0000,0.0556,6.299173
6.299062,3,0x04,0.0000,0.0000,6.303188
6.306843,0,0x01,0.0000,0.0556,6.305188
6.306843,1,0x02,5.0000,5.1111,6.297168
6.306843,2,0x03,0.0000,0.0556,6.299173
6.306843,3,0x04,0.0000,0.0000,6.303188
6.307911,0,0x01,0.0000,0.0556,6.305188
6.307911,1,0x02,5.0000,5.1111,6.307175
6.307911,2,0x03,0.0000,0.0556,6.299173
6.307911,3,0x04,0.0000,0.0000,6.303188
6.309013,0,0x01,0.0000,0.0556,6.305188
6.309013,1,0x02,5.0000,5.1111,6.307175
6.309013,2,0x03,0.0000,0.0556,6.310198
6.309013,3,0x04,0.0000,0.0556,6.313188
6.315788,0,0x01,0.0000,0.0556,6.305188
6.315788,1,0x02,5.0000,5.1111,6.307175
6.315788,2,0x03,0.0000,0.0556,6.310198
6.315788,3,0x04,0.0000,0.0556,6.313188
6.316856,0,0x01,0.0000,0.0556,6.316187
6.316856,1,0x02,5.0000,5.1111,6.307175
6.316856,2,0x03,0.0000,0.0556,6.310198
6.316856,3,0x04,0.0000,0.0556,6.313188
6.317960,0,0x01,0.0000,0.0556,6.316187
6.317960,1,0x02,5.0000,5.1111,6.307175
6.317960,2,0x03,0.0000,0.0556,6.310198
6.317960,3,0x04,0.0000,0.0556,6.313188
6.319044,0,0x01,0.0000,0.0556,6.316187
6.319044,1,0x02,5.0000,5.1111,6.307175
6.319044,2,0x03,0.0000,0.0556,6.310198
6.319044,3,0x04,0.0000,0.0556,6.313188
6.327786,0,0x01,0.0000,0.0556,6.316187
6.327786,1,0x02,5.0000,5.1111,6.307175
6.327786,2,0x03,0.0000,0.0556,6.310198
6.327786,3,0x04,0.0000,0.0556,6.313188
6.328859,0,0x01,0.0000,0.1111,6.334218
6.328859,1,0x02,5.0000,5.1111,6.307175
6.328859,2,0x03,0.0000,0.0556,6.332247
6.328859,3,0x04,0.0000,0.0556,6.333215
6.335888,0,0x01,0.0000,0.1111,6.334218
6.335888,1,0x02,5.0000,5.1111,6.307175
6.335888,2,0x03,0.0000,0.1111,6.335208
6.335888,3,0x04,0.0000,0.0556,6.333215
6.336968,0,0x01,0.0000,0.1111,6.334218
6.336968,1,0x02,5.0000,5.1111,6.307175
6.336968,2,0x03,0.0000,0.1111,6.335208
6.336968,3,0x04,0.0000,0.0556,6.333215
6.338047,0,0x01,0.0000,0.1111,6.334218
6.338047,1,0x02,5.0000,5.1111,6.307175
6.338047,2,0x03,0.0000,0.1111,6.335208
6.338047,3,0x04,0.0000,0.0556,6.337187
6.339147,0,0x01,0.0000,0.0556,6.340181
6.339147,1,0x02,5.0000,5.1111,6.342198
6.339147,2,0x03,0.0000,0.0556,6.345209
6.339147,3,0x04,0.0000,0.0556,6.337187
6.346831,0,0x01,0.0000,0.0556,6.340181
6.346831,1,0x02,5.0000,5.1111,6.342198
6.346831,2,0x03,0.0000,0.0556,6.345209
6.346831,3,0x04,0.0000,0.0556,6.337187
6.347898,0,0x01,0.0000,0.0556,6.340181
6.347898,1,0x02,5.0000,5.1111,6.342198
6.347898,2,0x03,0.0000,0.0556,6.345209
6.347898,3,0x04,0.0000,0.0556,6.337187
6.348981,0,0x01,0.0000,0.1111,6.350206
6.348981,1,0x02,5.0000,5.1111,6.353210
6.348981,2,0x03,0.0000,0.0556,6.345209
6.348981,3,0x04,0.0000,0.0556,6.348204
6.355823,0,0x01,0.0000,0.1111,6.350206
6.355823,1,0x02,5.0000,5.1111,6.353210
6.355823,2,0x03,0.0000,0.0556,6.345209
6.355823,3,0x04,0.0000,0.0556,6.348204
6.356890,0,0x01,0.0000,0.1111,6.350206
6.356890,1,0x02,5.0000,5.1111,6.353210
6.356890,2,0x03,0.0000,0.0556,6.345209
6.356890,3,0x04,0.0000,0.0556,6.348204
6.357973,0,0x01,0.0000,0.1111,6.350206
6.357973,1,0x02,5.0000,5.1111,6.353210
6.357973,2,0x03,0.0000,0.1111,6.357181
6.357973,3,0x04,0.0000,0.0556,6.348204
6.359084,0,0x01,0.0000,0.0556,6.362203
6.359084,1,0x02,5.0000,5.1111,6.353210
6.359084,2,0x03,0.0000,0.1111,6.357181
6.359084,3,0x04,0.0000,0.0556,6.360220
6.366837,0,0x01,0.0000,0.0556,6.362203
6.366837,1,0x02,5.0000,5.1111,6.353210
6.366837,2,0x03,0.0000,0.1111,6.357181
6.366837,3,0x04,0.0000,0.0556,6.360220
6.367907,0,0x01,0.0000,0.0556,6.362203
6.367907,1,0x02,5.0000,5.1111,6.353210
6.367907,2,0x03,0.0000,0.1111,6.357181
6.367907,3,0x04,0.0000,0.0556,6.360220
6.369000,0,0x01,0.0000,0.0556,6.362203
6.369000,1,0x02,5.0000,5.1111,6.353210
6.369000,2,0x03,0.0000,0.1111,6.357181
6.369000,3,0x04,0.0000,0.0556,6.360220
6.375870,0,0x01,0.0000,0.0556,6.362203
6.375870,1,0x02,5.0000,5.1111,6.353210
6.375870,2,0x03,0.0000,0.1111,6.357181
6.375870,3,0x04,0.0000,0.0556,6.360220
6.376938,0,0x01,0.0000,0.0556,6.362203
6.376938,1,0x02,5.0000,5.1111,6.353210
6.376938,2,0x03,0.0000,0.1111,6.357181
6.376938,3,0x04,0.0000,0.0556,6.360220
6.378025,0,0x01,0.0000,0.0556,6.362203
6.378025,1,0x02,5.0000,5.1111,6.353210
6.378025,2,0x03,0.0000,0.1111,6.357181
6.378025,3,0x04,0.0000,0.0556,6.360220
6.379106,0,0x01,0.0000,0.0556,6.362203
6.379106,1,0x02,5.0000,5.1111,6.353210
6.379106,2,0x03,0.0000,0.1111,6.357181
6.379106,3,0x04,0.0000,0.0556,6.360220
6.386784,0,0x01,0.0000,0.0556,6.362203
6.386784,1,0x02,5.0000,5.1111,6.353210
6.386784,2,0x03,0.0000,0.1111,6.357181
6.386784,3,0x04,0.0000,0.0556,6.360220
6.387857,0,0x01,0.0000,0.0556,6.362203
6.387857,1,0x02,5.0000,5.1111,6.353210
6.387857,2,0x03,0.0000,0.1111,6.357181
6.387857,3,0x04,0.0000,0.0556,6.360220
6.388941,0,0x01,0.0000,0.0556,6.362203
6.388941,1,0x02,5.0000,5.1111,6.353210
6.388941,2,0x03,0.0000,0.1111,6.357181
6.388941,3,0x04,0.0000,0.0556,6.360220
6.395781,0,0x01,0.0000,0.0556,6.362203
6.395781,1,0x02,5.0000,5.1111,6.353210
6.395781,2,0x03,0.0000,0.1111,6.357181
6.395781,3,0x04,0.0000,0.0556,6.360220
6.396846,0,0x01,0.0000,0.0556,6.362203
6.396846,1,0x02,5.0000,5.1111,6.353210
6.396846,2,0x03,0.0000,0.1111,6.357181
6.396846,3,0x04,0.0000,0.0556,6.360220
6.397911,0,0x01,0.0000,0.0556,6.362203
6.397911,1,0x02,5.0000,5.1111,6.353210
6.397911,2,0x03,0.0000,0.1111,6.357181
6.397911,3,0x04,0.0000,0.0556,6.360220
6.398976,0,0x01,0.0000,0.0556,6.403214
6.398976,1,0x02,5.0000,5.1111,6.353210
6.398976,2,0x03,0.0000,0.0556,6.401245
6.398976,3,0x04,0.0000,0.0556,6.402206
6.404838,0,0x01,0.0000,0.0556,6.403214
6.404838,1,0x02,5.0000,5.1111,6.404200
6.404838,2,0x03,0.0000,0.0556,6.401245
6.404838,3,0x04,0.0000,0.0556,6.402206
6.405922,0,0x01,0.0000,0.0556,6.403214
6.405922,1,0x02,5.0000,5.1111,6.404200
6.405922,2,0x03,0.0000,0.0556,6.405179
6.405922,3,0x04,0.0000,0.0556,6.402206
6.407029,0,0x01,0.0000,0.1111,6.406180
6.407029,1,0x02,5.0000,5.1111,6.404200
6.407029,2,0x03,0.0000,0.0556,6.405179
6.407029,3,0x04,0.0000,0.0556,6.402206
6.408129,0,0x01,0.0000,0.1111,6.406180
6.408129,1,0x02,5.0000,5.1111,6.407182
6.408129,2,0x03,0.0000,0.0556,6.405179
6.408129,3,0x04,0.0000,0.0556,6.402206
6.409237,0,0x01,0.0000,0.1111,6.409182
6.409237,1,0x02,5.0000,5.1111,6.407182
6.409237,2,0x03,0.0000,0.1111,6.411201
6.409237,3,0x04,0.0000,0.0556,6.408183
6.418971,0,0x01,0.0000,0.1111,6.409182
6.418971,1,0x02,5.0000,5.1111,6.422276
6.418971,2,0x03,0.0000,0.1111,6.411201
6.418971,3,0x04,0.0000,0.0556,6.408183
6.426905,0,0x01,0.0000,0.1111,6.409182
6.426905,1,0x02,5.0000,5.1111,6.422276
6.426905,2,0x03,0.0000,0.1111,6.411201
6.426905,3,0x04,0.0000,0.0556,6.408183
6.427972,0,0x01,0.0000,0.1111,6.409182
6.427972,1,0x02,5.0000,5.1111,6.422276
6.427972,2,0x03,0.0000,0.1111,6.411201
6.427972,3,0x04,0.0000,0.0556,6.408183
6.429065,0,0x01,0.0000,0.1111,6.409182
6.429065,1,0x02,5.0000,5.1111,6.422276
6.429065,2,0x03,0.0000,0.1111,6.411201
6.429065,3,0x04,0.0000,0.0556,6.408183
6.436202,0,0x01,0.0000,0.1111,6.409182
6.436202,1,0x02,5.0000,5.1111,6.422276
6.436202,2,0x03,0.0000,0.1111,6.411201
6.436202,3,0x04,0.0000,0.0556,6.408183
6.437288,0,0x01,0.0000,0.1111,6.409182
6.437288,1,0x02,5.0000,5.1111,6.422276
6.437288,2,0x03,0.0000,0.1111,6.411201
6.437288,3,0x04,0.0000,0.0556,6.408183
6.438356,0,0x01,0.0000,0.1111,6.409182
6.438356,1,0x02,5.0000,5.1111,6.422276
6.438356,2,0x03,0.0000,0.1111,6.411201
6.438356,3,0x04,0.0000,0.0556,6.408183
6.439426,0,0x01,0.0000,0.1111,6.409182
6.439426,1,0x02,5.0000,5.1111,6.422276
6.439426,2,0x03,0.0000,0.1111,6.411201
6.439426,3,0x04,0.0000,0.0556,6.408183
6.446822,0,0x01,0.0000,0.1111,6.409182
6.446822,1,0x02,5.0000,5.1111,6.422276
6.446822,2,0x03,0.0000,0.1111,6.411201
6.446822,3,0x04,0.0000,0.0556,6.408183
6.447902,0,0x01,0.0000,0.1111,6.409182
6.447902,1,0x02,5.0000,5.1111,6.422276
6.447902,2,0x03,0.0000,0.1111,6.411201
6.447902,3,0x04,0.0000,0.0556,6.408183
6.448970,0,0x01,0.0000,0.1111,6.409182
6.448970,1,0x02,5.0000,5.1111,6.422276
6.448970,2,0x03,0.0000,0.1111,6.411201
6.448970,3,0x04,0.0000,0.0556,6.408183
6.455783,0,0x01,0.0000,0.1111,6.409182
6.455783,1,0x02,5.0000,5.1111,6.422276
6.455783,2,0x03,0.0000,0.1111,6.411201
6.455783,3,0x04,0.0000,0.0556,6.408183
6.456851,0,0x01,0.0000,0.1111,6.409182
6.456851,1,0x02,5.0000,5.1111,6.422276
6.456851,2,0x03,0.0000,0.1111,6.411201
6.456851,3,0x04,0.0000,0.0556,6.408183
6.457934,0,0x01,0.0000,0.1111,6.409182
6.457934,1,0x02,5.0000,5.1111,6.422276
6.457934,2,0x03,0.0000,0.1111,6.411201
6.457934,3,0x04,0.0000,0.0556,6.408183
6.459000,0,0x01,0.0000,0.0556,6.460208
6.459000,1,0x02,0.0000,5.1111,6.461206
6.459000,2,0x03,0.0000,0.1111,6.462196
6.459000,3,0x04,0.0000,0.0556,6.463202
6.464829,0,0x01,0.0000,0.0556,6.464196
6.464829,1,0x02,0.0000,5.1111,6.461206
6.464829,2,0x03,0.0000,0.1111,6.462196
6.464829,3,0x04,0.0000,0.0556,6.463202
6.465987,0,0x01,0.0000,0.0556,6.464196
6.465987,1,0x02,0.0000,5.1111,6.461206
6.465987,2,0x03,0.0000,0.1111,6.465190
6.465987,3,0x04,0.0000,0.0556,6.463202
6.467068,0,0x01,0.0000,0.0556,6.464196
6.467068,1,0x02,0.0000,5.1111,6.461206
6.467068,2,0x03,0.0000,0.1111,6.465190
6.467068,3,0x04,0.0000,0.0556,6.466340
6.468151,0,0x01,0.0000,0.0556,6.467627
6.468151,1,0x02,0.0000,5.1111,6.461206
6.468151,2,0x03,0.0000,0.1111,6.465190
6.468151,3,0x04,0.0000,0.0556,6.466340
6.469305,0,0x01,0.0000,0.0556,6.467627
6.469305,1,0x02,0.0000,5.1111,6.471219
6.469305,2,0x03,0.0000,0.1111,6.472189
6.469305,3,0x04,0.0000,0.0556,6.470186
6.476851,0,0x01,0.0000,0.0556,6.467627
6.476851,1,0x02,0.0000,5.1111,6.471219
6.476851,2,0x03,0.0000,0.1111,6.472189
6.476851,3,0x04,0.0000,0.0556,6.470186
6.477915,0,0x01,0.0000,0.0556,6.467627
6.477915,1,0x02,0.0000,5.1111,6.471219
6.477915,2,0x03,0.0000,0.1111,6.472189
6.477915,3,0x04,0.0000,0.0556,6.470186
6.478984,0,0x01,0.0000,0.0556,6.467627
6.478984,1,0x02,0.0000,5.1111,6.471219
6.478984,2,0x03,0.0000,0.1111,6.472189
6.478984,3,0x04,0.0000,0.0556,6.470186
6.485955,0,0x01,0.0000,0.0556,6.467627
6.485955,1,0x02,0.0000,5.1111,6.471219
6.485955,2,0x03,0.0000,0.1111,6.472189
6.485955,3,0x04,0.0000,0.0556,6.470186
6.487028,0,0x01,0.0000,0.0556,6.467627
6.487028,1,0x02,0.0000,5.1111,6.471219
6.487028,2,0x03,0.0000,0.1111,6.472189
6.487028,3,0x04,0.0000,0.0556,6.470186
6.488114,0,0x01,0.0000,0.0556,6.467627
6.488114,1,0x02,0.0000,5.1111,6.471219
6.488114,2,0x03,0.0000,0.1111,6.472189
6.488114,3,0x04,0.0000,0.0556,6.470186
6.489192,0,0x01,0.0000,0.0556,6.467627
6.489192,1,0x02,0.0000,5.1111,6.471219
6.489192,2,0x03,0.0000,0.1111,6.472189
6.489192,3,0x04,0.0000,0.0556,6.470186
6.497815,0,0x01,0.0000,0.0556,6.467627
6.497815,1,0x02,0.0000,5.1111,6.471219
6.497815,2,0x03,0.0000,0.1111,6.472189
6.497815,3,0x04,0.0000,0.0556,6.470186
6.498887,0,0x01,0.0000,0.0556,6.467627
6.498887,1,0x02,0.0000,5.1111,6.471219
6.498887,2,0x03,0.0000,0.1111,6.472189
6.498887,3,0x04,0.0000,0.0556,6.470186
6.505798,0,0x01,0.0000,0.0556,6.467627
6.505798,1,0x02,0.0000,5.1111,6.471219
6.505798,2,0x03,0.0000,0.1111,6.472189
6.505798,3,0x04,0.0000,0.0556,6.470186
6.506873,0,0x01,0.0000,0.0556,6.467627
6.506873,1,0x02,0.0000,5.1111,6.471219
6.506873,2,0x03,0.0000,0.1111,6.472189
6.506873,3,0x04,0.0000,0.0556,6.470186
6.507957,0,0x01,0.0000,0.0556,6.467627
6.507957,1,0x02,0.0000,5.1111,6.471219
6.507957,2,0x03,0.0000,0.1111,6.472189
6.507957,3,0x04,0.0000,0.0556,6.470186
6.509038,0,0x01,0.0000,0.0556,6.512196
6.509038,1,0x02,0.0000,1.6111,6.513194
6.509038,2,0x03,0.0000,0.1111,6.510199
6.509038,3,0x04,0.0000,0.0556,6.511235
6.514856,0,0x01,0.0000,0.0556,6.512196
6.514856,1,0x02,0.0000,1.6111,6.513194
6.514856,2,0x03,0.0000,0.1111,6.510199
6.514856,3,0x04,0.0000,0.0556,6.511235
6.515929,0,0x01,0.0000,0.0556,6.515179
6.515929,1,0x02,0.0000,1.6111,6.513194
6.515929,2,0x03,0.0000,0.1111,6.510199
6.515929,3,0x04,0.0000,0.0556,6.511235
6.517042,0,0x01,0.0000,0.0556,6.515179
6.517042,1,0x02,0.0000,1.5556,6.516185
6.517042,2,0x03,0.0000,0.1111,6.510199
6.517042,3,0x04,0.0000,0.0556,6.511235
6.518155,0,0x01,0.0000,0.0556,6.515179
6.518155,1,0x02,0.0000,1.5556,6.516185
6.518155,2,0x03,0.0000,0.0556,6.517182
6.518155,3,0x04,0.0000,0.0556,6.511235
6.519247,0,0x01,0.0000,0.0556,6.515179
6.519247,1,0x02,0.0000,1.1667,6.519180
6.519247,2,0x03,0.0000,0.1111,6.520247
6.519247,3,0x04,0.0000,0.0000,6.518205
6.528851,0,0x01,0.0000,0.0556,6.515179
6.528851,1,0x02,0.0000,0.6667,6.532267
6.528851,2,0x03,0.0000,0.1111,6.520247
6.528851,3,0x04,0.0000,0.0556,6.531403
6.536851,0,0x01,0.0000,0.0556,6.515179
6.536851,1,0x02,0.0000,0.6667,6.532267
6.536851,2,0x03,0.0000,0.1111,6.520247
6.536851,3,0x04,0.0000,0.0556,6.531403
6.537924,0,0x01,0.0000,0.0556,6.515179
6.537924,1,0x02,0.0000,0.6667,6.532267
6.537924,2,0x03,0.0000,0.1111,6.520247
6.537924,3,0x04,0.0000,0.0556,6.531403
6.539014,0,0x01,0.0000,0.0556,6.515179
6.539014,1,0x02,0.0000,0.6667,6.532267
6.539014,2,0x03,0.0000,0.1111,6.520247
6.539014,3,0x04,0.0000,0.0556,6.531403
6.545805,0,0x01,0.0000,0.0556,6.515179
6.545805,1,0x02,0.0000,0.6667,6.532267
6.545805,2,0x03,0.0000,0.1111,6.520247
6.545805,3,0x04,0.0000,0.0556,6.531403
6.546874,0,0x01,0.0000,0.0556,6.515179
6.546874,1,0x02,0.0000,0.6667,6.532267
6.546874,2,0x03,0.0000,0.1111,6.520247
6.546874,3,0x04,0.0000,0.0556,6.531403
6.547953,0,0x01,0.0000,0.0556,6.515179
6.547953,1,0x02,0.0000,0.6667,6.532267
6.547953,2,0x03,0.0000,0.1111,6.520247
6.547953,3,0x04,0.0000,0.0556,6.531403
6.549021,0,0x01,0.0000,0.0556,6.515179
6.549021,1,0x02,0.0000,0.6667,6.532267
6.549021,2,0x03,0.0000,0.1111,6.520247
6.549021,3,0x04,0.0000,0.0556,6.531403
6.554808,0,0x01,0.0000,0.0556,6.515179
6.554808,1,0x02,0.0000,0.6667,6.532267
6.554808,2,0x03,0.0000,0.1111,6.520247
6.554808,3,0x04,0.0000,0.0556,6.531403
6.555879,0,0x01,0.0000,0.0556,6.515179
6.555879,1,0x02,0.0000,0.6667,6.532267
6.555879,2,0x03,0.0000,0.1111,6.520247
6.555879,3,0x04,0.0000,0.0556,6.531403
6.556967,0,0x01,0.0000,0.0556,6.515179
6.556967,1,0x02,0.0000,0.6667,6.532267
6.556967,2,0x03,0.0000,0.1111,6.520247
6.556967,3,0x04,0.0000,0.0556,6.531403
6.558049,0,0x01,0.0000,0.0556,6.515179
6.558049,1,0x02,0.0000,0.6667,6.532267
6.558049,2,0x03,0.0000,0.1111,6.520247
6.558049,3,0x04,0.0000,0.0556,6.531403
6.559134,0,0x01,0.0000,0.0556,6.515179
6.559134,1,0x02,0.0000,0.6667,6.532267
6.559134,2,0x03,0.0000,0.1111,6.520247
6.559134,3,0x04,0.0000,0.0556,6.531403
6.566793,0,0x01,0.0000,0.0556,6.515179
6.566793,1,0x02,0.0000,0.6667,6.532267
6.566793,2,0x03,0.0000,0.1111,6.520247
6.566793,3,0x04,0.0000,0.0556,6.531403
6.567861,0,0x01,0.0000,0.0556,6.515179
6.567861,1,0x02,0.0000,0.6667,6.532267
6.567861,2,0x03,0.0000,0.1111,6.520247
6.567861,3,0x04,0.0000,0.0556,6.531403
6.568933,0,0x01,0.0000,0.1111,6.572192
6.568933,1,0x02,0.0000,-0.1111,6.573190
6.568933,2,0x03,0.0000,0.0556,6.574189
6.568933,3,0x04,0.0000,0.0556,6.531403
6.576266,0,0x01,0.0000,0.1111,6.576166
6.576266,1,0x02,0.0000,-0.1111,6.573190
6.576266,2,0x03,0.0000,0.0556,6.574189
6.576266,3,0x04,0.0000,0.0556,6.575190
6.577451,0,0x01,0.0000,0.1111,6.576166
6.577451,1,0x02,0.0000,-0.0556,6.577181
6.577451,2,0x03,0.0000,0.0556,6.574189
6.577451,3,0x04,0.0000,0.0556,6.575190
6.578570,0,0x01,0.0000,0.1111,6.578218
6.578570,1,0x02,0.0000,-0.0556,6.577181
6.578570,2,0x03,0.0000,0.0556,6.574189
6.578570,3,0x04,0.0000,0.0556,6.575190
6.579689,0,0x01,0.0000,0.1111,6.582198
6.579689,1,0x02,0.0000,-0.0556,6.579188
6.579689,2,0x03,0.0000,0.0556,6.580185
6.579689,3,0x04,0.0000,0.0556,6.581214
6.587962,0,0x01,0.0000,0.1111,6.582198
6.587962,1,0x02,0.0000,-0.0556,6.579188
6.587962,2,0x03,0.0000,0.0556,6.580185
6.587962,3,0x04,0.0000,0.0556,6.581214
6.589053,0,0x01,0.0000,0.1111,6.582198
6.589053,1,0x02,0.0000,-0.0556,6.579188
6.589053,2,0x03,0.0000,0.0556,6.580185
6.589053,3,0x04,0.0000,0.0556,6.581214
6.596780,0,0x01,0.0000,0.1111,6.582198
6.596780,1,0x02,0.0000,-0.0556,6.579188
6.596780,2,0x03,0.0000,0.0556,6.580185
6.596780,3,0x04,0.0000,0.0556,6.581214
6.597855,0,0x01,0.0000,0.1111,6.582198
6.597855,1,0x02,0.0000,-0.0556,6.579188
6.597855,2,0x03,0.0000,0.0556,6.580185
6.597855,3,0x04,0.0000,0.0556,6.581214
6.598924,0,0x01,0.0000,0.1111,6.582198
6.598924,1,0x02,0.0000,-0.0556,6.579188
6.598924,2,0x03,0.0000,0.0556,6.580185
6.598924,3,0x04,0.0000,0.0556,6.581214
6.605803,0,0x01,0.0000,0.1111,6.582198
6.605803,1,0x02,0.0000,-0.0556,6.579188
6.605803,2,0x03,0.0000,0.0556,6.580185
6.605803,3,0x04,0.0000,0.0556,6.581214
6.606870,0,0x01,0.0000,0.1111,6.582198
6.606870,1,0x02,0.0000,-0.0556,6.579188
6.606870,2,0x03,0.0000,0.0556,6.580185
6.606870,3,0x04,0.0000,0.0556,6.581214
6.607937,0,0x01,0.0000,0.1111,6.582198
6.607937,1,0x02,0.0000,-0.0556,6.579188
6.607937,2,0x03,0.0000,0.0556,6.580185
6.607937,3,0x04,0.0000,0.0556,6.581214
6.609019,0,0x01,0.0000,0.1111,6.582198
6.609019,1,0x02,0.0000,-0.0556,6.579188
6.609019,2,0x03,0.0000,0.0556,6.580185
6.609019,3,0x04,0.0000,0.0556,6.581214
6.614804,0,0x01,0.0000,0.1111,6.582198
6.614804,1,0x02,0.0000,-0.0556,6.579188
6.614804,2,0x03,0.0000,0.0556,6.580185
6.614804,3,0x04,0.0000,0.0556,6.581214
6.615874,0,0x01,0.0000,0.1111,6.582198
6.615874,1,0x02,0.0000,-0.0556,6.579188
6.615874,2,0x03,0.0000,0.0556,6.580185
6.615874,3,0x04,0.0000,0.0556,6.581214
6.616954,0,0x01,0.0000,0.1111,6.582198
6.616954,1,0x02,0.0000,-0.0556,6.579188
6.616954,2,0x03,0.0000,0.0556,6.580185
6.616954,3,0x04,0.0000,0.0556,6.581214
6.618045,0,0x01,0.0000,0.1111,6.582198
6.618045,1,0x02,0.0000,-0.0556,6.579188
6.618045,2,0x03,0.0000,0.0556,6.580185
6.618045,3,0x04,0.0000,0.0556,6.581214
6.619133,0,0x01,0.0000,0.1111,6.582198
6.619133,1,0x02,0.0000,-0.0556,6.579188
6.619133,2,0x03,0.0000,0.0556,6.580185
6.619133,3,0x04,0.0000,0.0556,6.581214
6.626810,0,0x01,0.0000,0.1111,6.582198
6.626810,1,0x02,0.0000,-0.0556,6.579188
6.626810,2,0x03,0.0000,0.0556,6.580185
6.626810,3,0x04,0.0000,0.0556,6.581214
6.627895,0,0x01,0.0000,0.1111,6.582198
6.627895,1,0x02,0.0000,-0.0556,6.579188
6.627895,2,0x03,0.0000,0.0556,6.580185
6.627895,3,0x04,0.0000,0.0556,6.581214
6.628983,0,0x01,0.0000,0.1111,6.630201
6.628983,1,0x02,0.0000,-0.0556,6.634210
6.628983,2,0x03,0.0000,0.1111,6.632219
6.628983,3,0x04,0.0000,0.0556,6.633199
6.635894,0,0x01,0.0000,0.1111,6.630201
6.635894,1,0x02,0.0000,-0.0556,6.634210
6.635894,2,0x03,0.0000,0.1111,6.632219
6.635894,3,0x04,0.0000,0.0556,6.633199
6.636979,0,0x01,0.0000,0.1111,6.630201
6.636979,1,0x02,0.0000,-0.0556,6.634210
6.636979,2,0x03,0.0000,0.1111,6.636181
6.636979,3,0x04,0.0000,0.0556,6.633199
6.638080,0,0x01,0.0000,0.1111,6.637167
6.638080,1,0x02,0.0000,-0.0556,6.634210
6.638080,2,0x03,0.0000,0.1111,6.636181
6.638080,3,0x04,0.0000,0.0556,6.633199
6.639160,0,0x01,0.0000,0.0556,6.644200
6.639160,1,0x02,0.0000,-0.0556,6.641216
6.639160,2,0x03,0.0000,0.1111,6.636181
6.639160,3,0x04,0.0000,0.0556,6.642195
6.646870,0,0x01,0.0000,0.0556,6.644200
6.646870,1,0x02,0.0000,-0.0556,6.641216
6.646870,2,0x03,0.0000,0.1111,6.636181
6.646870,3,0x04,0.0000,0.0556,6.642195
6.647942,0,0x01,0.0000,0.0556,6.644200
6.647942,1,0x02,0.0000,-0.0556,6.641216
6.647942,2,0x03,0.0000,0.1111,6.636181
6.647942,3,0x04,0.0000,0.0556,6.642195
6.649032,0,0x01,0.0000,0.0556,6.644200
6.649032,1,0x02,0.0000,-0.0556,6.641216
6.649032,2,0x03,0.0000,0.1111,6.636181
6.649032,3,0x04,0.0000,0.0556,6.642195
6.655801,0,0x01,0.0000,0.0556,6.644200
6.655801,1,0x02,0.0000,-0.0556,6.641216
6.655801,2,0x03,0.0000,0.1111,6.636181
6.655801,3,0x04,0.0000,0.0556,6.642195
6.656874,0,0x01,0.0000,0.0556,6.644200
6.656874,1,0x02,0.0000,-0.0556,6.641216
6.656874,2,0x03,0.0000,0.1111,6.636181
6.656874,3,0x04,0.0000,0.0556,6.642195
6.657957,0,0x01,0.0000,0.0556,6.644200
6.657957,1,0x02,0.0000,-0.0556,6.641216
6.657957,2,0x03,0.0000,0.1111,6.636181
6.657957,3,0x04,0.0000,0.0556,6.642195
6.659041,0,0x01,0.0000,0.0556,6.644200
6.659041,1,0x02,0.0000,-0.0556,6.641216
6.659041,2,0x03,0.0000,0.1111,6.636181
6.659041,3,0x04,0.0000,0.0556,6.642195
6.664808,0,0x01,0.0000,0.0556,6.644200
6.664808,1,0x02,0.0000,-0.0556,6.641216
6.664808,2,0x03,0.0000,0.1111,6.636181
6.664808,3,0x04,0.0000,0.0556,6.642195
6.665897,0,0x01,0.0000,0.0556,6.644200
6.665897,1,0x02,0.0000,-0.0556,6.641216
6.665897,2,0x03,0.0000,0.1111,6.636181
6.665897,3,0x04,0.0000,0.0556,6.642195
6.666991,0,0x01,0.0000,0.0556,6.644200
6.666991,1,0x02,0.0000,-0.0556,6.641216
6.666991,2,0x03,0.0000,0.1111,6.636181
6.666991,3,0x04,0.0000,0.0556,6.642195
6.668074,0,0x01,0.0000,0.0556,6.644200
6.668074,1,0x02,0.0000,-0.0556,6.641216
6.668074,2,0x03,0.0000,0.1111,6.636181
6.668074,3,0x04,0.0000,0.0556,6.642195
6.669155,0,0x01,0.0000,0.0556,6.644200
6.669155,1,0x02,0.0000,-0.0556,6.641216
6.669155,2,0x03,0.0000,0.1111,6.636181
6.669155,3,0x04,0.0000,0.0556,6.642195
6.676806,0,0x01,0.0000,0.0556,6.644200
6.676806,1,0x02,0.0000,-0.0556,6.641216
6.676806,2,0x03,0.0000,0.1111,6.636181
6.676806,3,0x04,0.0000,0.0556,6.642195
6.677873,0,0x01,0.0000,0.0556,6.644200
6.677873,1,0x02,0.0000,-0.0556,6.641216
6.677873,2,0x03,0.0000,0.1111,6.636181
6.677873,3,0x04,0.0000,0.0556,6.642195
6.678942,0,0x01,0.0000,0.1111,6.681199
6.678942,1,0x02,0.0000,-0.0556,6.641216
6.678942,2,0x03,0.0000,0.0556,6.683206
6.678942,3,0x04,0.0000,0.0556,6.684234
6.685882,0,0x01,0.0000,0.1111,6.681199
6.685882,1,0x02,0.0000,-0.0556,6.641216
6.685882,2,0x03,0.0000,0.0556,6.683206
6.685882,3,0x04,0.0000,0.0556,6.684234
6.686953,0,0x01,0.0000,0.1111,6.681199
6.686953,1,0x02,0.0000,0.0000,6.686195
6.686953,2,0x03,0.0000,0.0556,6.683206
6.686953,3,0x04,0.0000,0.0556,6.684234
6.688069,0,0x01,0.0000,0.1111,6.681199
6.688069,1,0x02,0.0000,0.0000,6.686195
6.688069,2,0x03,0.0000,0.0556,6.683206
6.688069,3,0x04,0.0000,0.0556,6.687184
6.689183,0,0x01,0.0000,0.1111,6.681199
6.689183,1,0x02,0.0000,0.0000,6.686195
6.689183,2,0x03,0.0000,0.0556,6.683206
6.689183,3,0x04,0.0000,0.0556,6.687184
6.696835,0,0x01,0.0000,0.1111,6.681199
6.696835,1,0x02,0.0000,0.0000,6.686195
6.696835,2,0x03,0.0000,0.0556,6.683206
6.696835,3,0x04,0.0000,0.0556,6.687184
6.697921,0,0x01,0.0000,0.1111,6.681199
6.697921,1,0x02,0.0000,0.0000,6.686195
6.697921,2,0x03,0.0000,0.0556,6.683206
6.697921,3,0x04,0.0000,0.0556,6.687184
6.699006,0,0x01,0.0000,0.1111,6.681199
6.699006,1,0x02,0.0000,0.0000,6.686195
6.699006,2,0x03,0.0000,0.0556,6.683206
6.699006,3,0x04,0.0000,0.0556,6.687184
6.705788,0,0x01,0.0000,0.1111,6.681199
6.705788,1,0x02,0.0000,0.0000,6.686195
6.705788,2,0x03,0.0000,0.0556,6.683206
6.705788,3,0x04,0.0000,0.0556,6.687184
6.706861,0,0x01,0.0000,0.1111,6.681199
6.706861,1,0x02,0.0000,0.0000,6.686195
6.706861,2,0x03,0.0000,0.0556,6.683206
6.706861,3,0x04,0.0000,0.0556,6.687184
6.707944,0,0x01,0.0000,0.1111,6.681199
6.707944,1,0x02,0.0000,0.0000,6.686195
6.707944,2,0x03,0.0000,0.0556,6.683206
6.707944,3,0x04,0.0000,0.0556,6.687184
6.709011,0,0x01,0.0000,0.1111,6.681199
6.709011,1,0x02,0.0000,0.0000,6.686195
6.709011,2,0x03,0.0000,0.0556,6.683206
6.709011,3,0x04,0.0000,0.0556,6.687184
6.714773,0,0x01,0.0000,0.1111,6.681199
6.714773,1,0x02,0.0000,0.0000,6.686195
6.714773,2,0x03,0.0000,0.0556,6.683206
6.714773,3,0x04,0.0000,0.0556,6.687184
6.715842,0,0x01,0.0000,0.1111,6.681199
6.715842,1,0x02,0.0000,0.0000,6.686195
6.715842,2,0x03,0.0000,0.0556,6.683206
6.715842,3,0x04,0.0000,0.0556,6.687184
6.716937,0,0x01,0.0000,0.1111,6.681199
6.716937,1,0x02,0.0000,0.0000,6.686195
6.716937,2,0x03,0.0000,0.0556,6.683206
6.716937,3,0x04,0.0000,0.0556,6.687184
6.718018,0,0x01,0.0000,0.1111,6.681199
6.718018,1,0x02,0.0000,0.0000,6.686195
6.718018,2,0x03,0.0000,0.0556,6.683206
6.718018,3,0x04,0.0000,0.0556,6.687184
6.719105,0,0x01,0.0000,0.1111,6.725203
6.719105,1,0x02,0.0000,-0.0556,6.724237
6.719105,2,0x03,0.0000,0.0556,6.683206
6.719105,3,0x04,0.0000,0.0556,6.687184
6.726821,0,0x01,0.0000,0.1111,6.725203
6.726821,1,0x02,0.0000,-0.0556,6.724237
6.726821,2,0x03,0.0000,0.0556,6.683206
6.726821,3,0x04,0.0000,0.0556,6.687184
6.727903,0,0x01,0.0000,0.1111,6.725203
6.727903,1,0x02,0.0000,-0.0556,6.727185
6.727903,2,0x03,0.0000,0.0556,6.683206
6.727903,3,0x04,0.0000,0.0556,6.687184
6.729006,0,0x01,0.0000,0.0556,6.732225
6.729006,1,0x02,0.0000,-0.0556,6.729182
6.729006,2,0x03,0.0000,0.0556,6.733199
6.729006,3,0x04,0.0000,0.0556,6.734211
6.735878,0,0x01,0.0000,0.0556,6.732225
6.735878,1,0x02,0.0000,-0.0556,6.729182
6.735878,2,0x03,0.0000,0.0556,6.733199
6.735878,3,0x04,0.0000,0.0556,6.734211
6.736954,0,0x01,0.0000,0.0556,6.732225
6.736954,1,0x02,0.0000,-0.0556,6.729182
6.736954,2,0x03,0.0000,0.0556,6.736194
6.736954,3,0x04,0.0000,0.0556,6.734211
6.738057,0,0x01,0.0000,0.0556,6.732225
6.738057,1,0x02,0.0000,-0.0556,6.729182
6.738057,2,0x03,0.0000,0.0556,6.736194
6.738057,3,0x04,0.0000,0.0556,6.737186
6.739170,0,0x01,0.0000,0.0556,6.732225
6.739170,1,0x02,0.0000,-0.0556,6.738187
6.739170,2,0x03,0.0000,0.0556,6.736194
6.739170,3,0x04,0.0000,0.0556,6.737186
6.747830,0,0x01,0.0000,0.0556,6.732225
6.747830,1,0x02,0.0000,-0.0556,6.738187
6.747830,2,0x03,0.0000,0.0556,6.736194
6.747830,3,0x04,0.0000,0.0556,6.737186
6.748913,0,0x01,0.0000,0.0556,6.732225
6.748913,1,0x02,0.0000,-0.0556,6.738187
6.748913,2,0x03,0.0000,0.0556,6.736194
6.748913,3,0x04,0.0000,0.0556,6.737186
6.756805,0,0x01,0.0000,0.0556,6.732225
6.756805,1,0x02,0.0000,-0.0556,6.738187
6.756805,2,0x03,0.0000,0.0556,6.736194
6.756805,3,0x04,0.0000,0.0556,6.737186
6.757872,0,0x01,0.0000,0.0556,6.732225
6.757872,1,0x02,0.0000,-0.0556,6.738187
6.757872,2,0x03,0.0000,0.0556,6.736194
6.757872,3,0x04,0.0000,0.0556,6.737186
6.758955,0,0x01,0.0000,0.0556,6.732225
6.758955,1,0x02,0.0000,-0.0556,6.738187
6.758955,2,0x03,0.0000,0.0556,6.736194
6.758955,3,0x04,0.0000,0.0556,6.737186
6.765794,0,0x01,0.0000,0.0556,6.732225
6.765794,1,0x02,0.0000,-0.0556,6.738187
6.765794,2,0x03,0.0000,0.0556,6.736194
6.765794,3,0x04,0.0000,0.0556,6.737186
6.766877,0,0x01,0.0000,0.0556,6.732225
6.766877,1,0x02,0.0000,-0.0556,6.738187
6.766877,2,0x03,0.0000,0.0556,6.736194
6.766877,3,0x04,0.0000,0.0556,6.737186
6.767961,0,0x01,0.0000,0.0556,6.732225
6.767961,1,0x02,0.0000,-0.0556,6.738187
6.767961,2,0x03,0.0000,0.0556,6.736194
6.767961,3,0x04,0.0000,0.0556,6.737186
6.769047,0,0x01,0.0000,0.0556,6.732225
6.769047,1,0x02,0.0000,-0.0556,6.738187
6.769047,2,0x03,0.0000,0.0556,6.736194
6.769047,3,0x04,0.0000,0.0556,6.737186
6.774771,0,0x01,0.0000,0.0556,6.732225
6.774771,1,0x02,0.0000,-0.0556,6.738187
6.774771,2,0x03,0.0000,0.0556,6.736194
6.774771,3,0x04,0.0000,0.0556,6.737186
6.775841,0,0x01,0.0000,0.0556,6.732225
6.775841,1,0x02,0.0000,-0.0556,6.738187
6.775841,2,0x03,0.0000,0.0556,6.736194
6.775841,3,0x04,0.0000,0.0556,6.737186
6.776922,0,0x01,0.0000,0.0556,6.732225
6.776922,1,0x02,0.0000,-0.0556,6.738187
6.776922,2,0x03,0.0000,0.0556,6.736194
6.776922,3,0x04,0.0000,0.0556,6.737186
6.777986,0,0x01,0.0000,0.0556,6.732225
6.777986,1,0x02,0.0000,-0.0556,6.738187
6.777986,2,0x03,0.0000,0.0556,6.736194
6.777986,3,0x04,0.0000,0.0556,6.737186
6.779050,0,0x01,0.0000,0.0556,6.732225
6.779050,1,0x02,0.0000,-0.0556,6.738187
6.779050,2,0x03,0.0000,0.0556,6.736194
6.779050,3,0x04,0.0000,0.0556,6.737186
6.786817,0,0x01,0.0000,0.0556,6.786227
6.786817,1,0x02,0.0000,-0.0556,6.738187
6.786817,2,0x03,0.0000,0.0556,6.736194
6.786817,3,0x04,0.0000,0.0556,6.737186
6.787929,0,0x01,0.0000,0.0556,6.786227
6.787929,1,0x02,0.0000,-0.0556,6.787185
6.787929,2,0x03,0.0000,0.0556,6.736194
6.787929,3,0x04,0.0000,0.0556,6.737186
6.789041,0,0x01,0.0000,0.1111,6.789183
6.789041,1,0x02,0.0000,-0.1111,6.793191
6.789041,2,0x03,0.0000,0.0556,6.794209
6.789041,3,0x04,0.0000,0.0556,6.792191
6.795884,0,0x01,0.0000,0.1111,6.789183
6.795884,1,0x02,0.0000,-0.1111,6.793191
6.795884,2,0x03,0.0000,0.0556,6.794209
6.795884,3,0x04,0.0000,0.0556,6.795198
6.796970,0,0x01,0.0000,0.1111,6.789183
6.796970,1,0x02,0.0000,-0.1111,6.793191
6.796970,2,0x03,0.0000,0.0556,6.794209
6.796970,3,0x04,0.0000,0.0556,6.795198
6.798062,0,0x01,0.0000,0.1111,6.789183
6.798062,1,0x02,0.0000,-0.1111,6.793191
6.798062,2,0x03,0.0000,0.0556,6.797188
6.798062,3,0x04,0.0000,0.0556,6.795198
6.799170,0,0x01,0.0000,0.1111,6.789183
6.799170,1,0x02,0.0000,-0.0556,6.799229
6.799170,2,0x03,0.0000,0.0556,6.797188
6.799170,3,0x04,0.0000,0.0556,6.798199
6.809935,0,0x01,0.0000,0.1111,6.812238
6.809935,1,0x02,0.0000,-0.0556,6.799229
6.809935,2,0x03,0.0000,0.0556,6.797188
6.809935,3,0x04,0.0000,0.0556,6.810266
6.816024,0,0x01,0.0000,0.1111,6.812238
6.816024,1,0x02,0.0000,-0.0556,6.799229
6.816024,2,0x03,0.0000,0.0556,6.797188
6.816024,3,0x04,0.0000,0.0556,6.810266
6.817101,0,0x01,0.0000,0.1111,6.812238
6.817101,1,0x02,0.0000,-0.0556,6.799229
6.817101,2,0x03,0.0000,0.0556,6.797188
6.817101,3,0x04,0.0000,0.0556,6.810266
6.818191,0,0x01,0.0000,0.1111,6.812238
6.818191,1,0x02,0.0000,-0.0556,6.799229
6.818191,2,0x03,0.0000,0.0556,6.797188
6.818191,3,0x04,0.0000,0.0556,6.810266
6.819281,0,0x01,0.0000,0.1111,6.812238
6.819281,1,0x02,0.0000,-0.0556,6.799229
6.819281,2,0x03,0.0000,0.0556,6.797188
6.819281,3,0x04,0.0000,0.0556,6.810266
6.826784,0,0x01,0.0000,0.1111,6.812238
6.826784,1,0x02,0.0000,-0.0556,6.799229
6.826784,2,0x03,0.0000,0.0556,6.797188
6.826784,3,0x04,0.0000,0.0556,6.810266
6.827854,0,0x01,0.0000,0.1111,6.812238
6.827854,1,0x02,0.0000,-0.0556,6.799229
6.827854,2,0x03,0.0000,0.0556,6.797188
6.827854,3,0x04,0.0000,0.0556,6.810266
6.828941,0,0x01,0.0000,0.1111,6.812238
6.828941,1,0x02,0.0000,-0.0556,6.799229
6.828941,2,0x03,0.0000,0.0556,6.797188
6.828941,3,0x04,0.0000,0.0556,6.810266
6.835907,0,0x01,0.0000,0.1111,6.812238
6.835907,1,0x02,0.0000,-0.0556,6.799229
6.835907,2,0x03,0.0000,0.0556,6.797188
6.835907,3,0x04,0.0000,0.0556,6.810266
6.836980,0,0x01,0.0000,0.1111,6.812238
6.836980,1,0x02,0.0000,-0.0556,6.799229
6.836980,2,0x03,0.0000,0.0556,6.797188
6.836980,3,0x04,0.0000,0.0556,6.810266
6.838067,0,0x01,0.0000,0.1111,6.812238
6.838067,1,0x02,0.0000,-0.0556,6.799229
6.838067,2,0x03,0.0000,0.0556,6.797188
6.838067,3,0x04,0.0000,0.0556,6.810266
6.839163,0,0x01,0.0000,0.1111,6.812238
6.839163,1,0x02,0.0000,-0.0556,6.799229
6.839163,2,0x03,0.0000,0.0556,6.797188
6.839163,3,0x04,0.0000,0.0556,6.810266
6.846809,0,0x01,0.0000,0.1111,6.812238
6.846809,1,0x02,0.0000,-0.0556,6.799229
6.846809,2,0x03,0.0000,0.0556,6.797188
6.846809,3,0x04,0.0000,0.0556,6.810266
6.847879,0,0x01,0.0000,0.1111,6.812238
6.847879,1,0x02,0.0000,-0.0556,6.799229
6.847879,2,0x03,0.0000,0.0556,6.797188
6.847879,3,0x04,0.0000,0.0556,6.810266
6.848962,0,0x01,0.0000,0.1111,6.850218
6.848962,1,0x02,0.0000,-0.0556,6.854191
6.848962,2,0x03,0.0000,0.0556,6.852219
6.848962,3,0x04,0.0000,0.0556,6.853201
6.855886,0,0x01,0.0000,0.1111,6.850218
6.855886,1,0x02,0.0000,-0.0556,6.854191
6.855886,2,0x03,0.0000,0.0556,6.855195
6.855886,3,0x04,0.0000,0.0556,6.853201
6.856968,0,0x01,0.0000,0.1111,6.856186
6.856968,1,0x02,0.0000,-0.0556,6.854191
6.856968,2,0x03,0.0000,0.0556,6.855195
6.856968,3,0x04,0.0000,0.0556,6.853201
6.858051,0,0x01,0.0000,0.1111,6.856186
6.858051,1,0x02,0.0000,-0.0556,6.857185
6.858051,2,0x03,0.0000,0.0556,6.855195
6.858051,3,0x04,0.0000,0.0556,6.853201
6.859153,0,0x01,0.0000,0.1111,6.859213
6.859153,1,0x02,0.0000,-0.0556,6.860183
6.859153,2,0x03,0.0000,0.1111,6.858180
6.859153,3,0x04,0.0000,0.0556,6.853201
6.868868,0,0x01,0.0000,0.1111,6.859213
6.868868,1,0x02,0.0000,-0.0556,6.860183
6.868868,2,0x03,0.0000,0.0556,6.871224
6.868868,3,0x04,0.0000,0.0556,6.853201
6.874827,0,0x01,0.0000,0.1111,6.859213
6.874827,1,0x02,0.0000,-0.0556,6.860183
6.874827,2,0x03,0.0000,0.0556,6.871224
6.874827,3,0x04,0.0000,0.0556,6.853201
6.875894,0,0x01,0.0000,0.1111,6.859213
6.875894,1,0x02,0.0000,-0.0556,6.860183
6.875894,2,0x03,0.0000,0.0556,6.871224
6.875894,3,0x04,0.0000,0.0556,6.853201
6.876976,0,0x01,0.0000,0.1111,6.859213
6.876976,1,0x02,0.0000,-0.0556,6.860183
6.876976,2,0x03,0.0000,0.0556,6.871224
6.876976,3,0x04,0.0000,0.0556,6.853201
6.878059,0,0x01,0.0000,0.1111,6.859213
6.878059,1,0x02,0.0000,-0.0556,6.860183
6.878059,2,0x03,0.0000,0.0556,6.871224
6.878059,3,0x04,0.0000,0.0556,6.853201
6.879139,0,0x01,0.0000,0.1111,6.859213
6.879139,1,0x02,0.0000,-0.0556,6.860183
6.879139,2,0x03,0.0000,0.0556,6.871224
6.879139,3,0x04,0.0000,0.0556,6.853201
6.886806,0,0x01,0.0000,0.1111,6.859213
6.886806,1,0x02,0.0000,-0.0556,6.860183
6.886806,2,0x03,0.0000,0.0556,6.871224
6.886806,3,0x04,0.0000,0.0556,6.853201
6.887872,0,0x01,0.0000,0.1111,6.859213
6.887872,1,0x02,0.0000,-0.0556,6.860183
6.887872,2,0x03,0.0000,0.0556,6.871224
6.887872,3,0x04,0.0000,0.0556,6.853201
6.888950,0,0x01,0.0000,0.1111,6.859213
6.888950,1,0x02,0.0000,-0.0556,6.860183
6.888950,2,0x03,0.0000,0.0556,6.871224
6.888950,3,0x04,0.0000,0.0556,6.853201
6.895789,0,0x01,0.0000,0.1111,6.859213
6.895789,1,0x02,0.0000,-0.0556,6.860183
6.895789,2,0x03,0.0000,0.0556,6.871224
6.895789,3,0x04,0.0000,0.0556,6.853201
6.896859,0,0x01,0.0000,0.1111,6.859213
6.896859,1,0x02,0.0000,-0.0556,6.860183
6.896859,2,0x03,0.0000,0.0556,6.871224
6.896859,3,0x04,0.0000,0.0556,6.853201
6.897942,0,0x01,0.0000,0.1111,6.859213
6.897942,1,0x02,0.0000,-0.0556,6.860183
6.897942,2,0x03,0.0000,0.0556,6.871224
6.897942,3,0x04,0.0000,0.0556,6.853201
6.899027,0,0x01,0.0000,0.1111,6.859213
6.899027,1,0x02,0.0000,-0.0556,6.860183
6.899027,2,0x03,0.0000,0.0556,6.871224
6.899027,3,0x04,0.0000,0.0556,6.853201
6.904795,0,0x01,0.0000,0.1111,6.859213
6.904795,1,0x02,0.0000,-0.0556,6.860183
6.904795,2,0x03,0.0000,0.0556,6.871224
6.904795,3,0x04,0.0000,0.0556,6.853201
6.905869,0,0x01,0.0000,0.1111,6.859213
6.905869,1,0x02,0.0000,-0.0556,6.860183
6.905869,2,0x03,0.0000,0.0556,6.871224
6.905869,3,0x04,0.0000,0.0556,6.853201
6.906942,0,0x01,0.0000,0.1111,6.859213
6.906942,1,0x02,0.0000,-0.0556,6.860183
6.906942,2,0x03,0.0000,0.0556,6.871224
6.906942,3,0x04,0.0000,0.0556,6.853201
6.908020,0,0x01,0.0000,0.0556,6.907223
6.908020,1,0x02,0.0000,-0.0556,6.860183
6.908020,2,0x03,0.0000,0.0556,6.871224
6.908020,3,0x04,0.0000,0.0556,6.853201
6.909114,0,0x01,0.0000,0.0556,6.914288
6.909114,1,0x02,0.0000,-0.1111,6.915362
6.909114,2,0x03,0.0000,0.1111,6.909180
6.909114,3,0x04,0.0000,0.0556,6.913280
6.916874,0,0x01,0.0000,0.0556,6.914288
6.916874,1,0x02,0.0000,-0.1111,6.915362
6.916874,2,0x03,0.0000,0.0556,6.916224
6.916874,3,0x04,0.0000,0.0556,6.913280
6.917954,0,0x01,0.0000,0.1111,6.917247
6.917954,1,0x02,0.0000,-0.1111,6.915362
6.917954,2,0x03,0.0000,0.0556,6.916224
6.917954,3,0x04,0.0000,0.0556,6.913280
6.919068,0,0x01,0.0000,0.0556,6.921209
6.919068,1,0x02,0.0000,-0.1111,6.922198
6.919068,2,0x03,0.0000,0.0556,6.919192
6.919068,3,0x04,0.0000,0.0556,6.920203
6.925860,0,0x01,0.0000,0.0556,6.921209
6.925860,1,0x02,0.0000,-0.1111,6.922198
6.925860,2,0x03,0.0000,0.0556,6.919192
6.925860,3,0x04,0.0000,0.0556,6.920203
6.926931,0,0x01,0.0000,0.0556,6.921209
6.926931,1,0x02,0.0000,-0.1111,6.922198
6.926931,2,0x03,0.0000,0.0556,6.919192
6.926931,3,0x04,0.0000,0.0556,6.920203
6.928013,0,0x01,0.0000,0.0556,6.921209
6.928013,1,0x02,0.0000,-0.1111,6.922198
6.928013,2,0x03,0.0000,0.0556,6.919192
6.928013,3,0x04,0.0000,0.0556,6.920203
6.929104,0,0x01,0.0000,0.0556,6.921209
6.929104,1,0x02,0.0000,-0.1111,6.922198
6.929104,2,0x03,0.0000,0.0556,6.919192
6.929104,3,0x04,0.0000,0.0556,6.920203
6.936808,0,0x01,0.0000,0.0556,6.921209
6.936808,1,0x02,0.0000,-0.1111,6.922198
6.936808,2,0x03,0.0000,0.0556,6.919192
6.936808,3,0x04,0.0000,0.0556,6.920203
6.937880,0,0x01,0.0000,0.0556,6.921209
6.937880,1,0x02,0.0000,-0.1111,6.922198
6.937880,2,0x03,0.0000,0.0556,6.919192
6.937880,3,0x04,0.0000,0.0556,6.920203
6.938949,0,0x01,0.0000,0.0556,6.921209
6.938949,1,0x02,0.0000,-0.1111,6.922198
6.938949,2,0x03,0.0000,0.0556,6.919192
6.938949,3,0x04,0.0000,0.0556,6.920203
6.945817,0,0x01,0.0000,0.0556,6.921209
6.945817,1,0x02,0.0000,-0.1111,6.922198
6.945817,2,0x03,0.0000,0.0556,6.919192
6.945817,3,0x04,0.0000,0.0556,6.920203
6.946882,0,0x01,0.0000,0.0556,6.921209
6.946882,1,0x02,0.0000,-0.1111,6.922198
6.946882,2,0x03,0.0000,0.0556,6.919192
6.946882,3,0x04,0.0000,0.0556,6.920203
6.947949,0,0x01,0.0000,0.0556,6.921209
6.947949,1,0x02,0.0000,-0.1111,6.922198
6.947949,2,0x03,0.0000,0.0556,6.919192
6.947949,3,0x04,0.0000,0.0556,6.920203
6.949027,0,0x01,0.0000,0.0556,6.921209
6.949027,1,0x02,0.0000,-0.1111,6.922198
6.949027,2,0x03,0.0000,0.0556,6.919192
6.949027,3,0x04,0.0000,0.0556,6.920203
6.954801,0,0x01,0.0000,0.0556,6.921209
6.954801,1,0x02,0.0000,-0.1111,6.922198
6.954801,2,0x03,0.0000,0.0556,6.919192
6.954801,3,0x04,0.0000,0.0556,6.920203
6.955871,0,0x01,0.0000,0.0556,6.921209
6.955871,1,0x02,0.0000,-0.1111,6.922198
6.955871,2,0x03,0.0000,0.0556,6.919192
6.955871,3,0x04,0.0000,0.0556,6.920203
6.956953,0,0x01,0.0000,0.0556,6.921209
6.956953,1,0x02,0.0000,-0.1111,6.922198
6.956953,2,0x03,0.0000,0.0556,6.919192
6.956953,3,0x04,0.0000,0.0556,6.920203
6.958039,0,0x01,0.0000,0.0556,6.921209
6.958039,1,0x02,0.0000,-0.1111,6.922198
6.958039,2,0x03,0.0000,0.0556,6.919192
6.958039,3,0x04,0.0000,0.0556,6.920203
6.959117,0,0x01,0.0000,0.1111,6.965204
6.959117,1,0x02,0.0000,-0.1111,6.963198
6.959117,2,0x03,0.0000,0.0556,6.919192
6.959117,3,0x04,0.0000,0.0556,6.964200
6.966869,0,0x01,0.0000,0.1111,6.965204
6.966869,1,0x02,0.0000,-0.0556,6.966200
6.966869,2,0x03,0.0000,0.0556,6.919192
6.966869,3,0x04,0.0000,0.0556,6.964200
6.967954,0,0x01,0.0000,0.1111,6.965204
6.967954,1,0x02,0.0000,-0.0556,6.966200
6.967954,2,0x03,0.0000,0.0556,6.967189
6.967954,3,0x04,0.0000,0.0556,6.964200
6.969063,0,0x01,0.0000,0.1111,6.968186
6.969063,1,0x02,0.0000,-0.0556,6.966200
6.969063,2,0x03,0.0000,0.1111,6.969184
6.969063,3,0x04,0.0000,0.0556,6.964200
6.976816,0,0x01,0.0000,0.1111,6.968186
6.976816,1,0x02,0.0000,-0.0556,6.966200
6.976816,2,0x03,0.0000,0.1111,6.969184
6.976816,3,0x04,0.0000,0.0556,6.964200
6.977896,0,0x01,0.0000,0.1111,6.968186
6.977896,1,0x02,0.0000,-0.0556,6.966200
6.977896,2,0x03,0.0000,0.1111,6.969184
6.977896,3,0x04,0.0000,0.0556,6.964200
6.978991,0,0x01,0.0000,0.1111,6.968186
6.978991,1,0x02,0.0000,-0.0556,6.966200
6.978991,2,0x03,0.0000,0.1111,6.969184
6.978991,3,0x04,0.0000,0.0556,6.964200
6.986043,0,0x01,0.0000,0.1111,6.968186
6.986043,1,0x02,0.0000,-0.0556,6.966200
6.986043,2,0x03,0.0000,0.1111,6.969184
6.986043,3,0x04,0.0000,0.0556,6.964200
6.987149,0,0x01,0.0000,0.1111,6.968186
6.987149,1,0x02,0.0000,-0.0556,6.966200
6.987149,2,0x03,0.0000,0.1111,6.969184
6.987149,3,0x04,0.0000,0.0556,6.964200
6.988226,0,0x01,0.0000,0.1111,6.968186
6.988226,1,0x02,0.0000,-0.0556,6.966200
6.988226,2,0x03,0.0000,0.1111,6.969184
6.988226,3,0x04,0.0000,0.0556,6.964200
6.989297,0,0x01,0.0000,0.1111,6.968186
6.989297,1,0x02,0.0000,-0.0556,6.966200
6.989297,2,0x03,0.0000,0.1111,6.969184
6.989297,3,0x04,0.0000,0.0556,6.964200
6.996790,0,0x01,0.0000,0.1111,6.968186
6.996790,1,0x02,0.0000,-0.0556,6.966200
6.996790,2,0x03,0.0000,0.1111,6.969184
6.996790,3,0x04,0.0000,0.0556,6.964200
6.997858,0,0x01,0.0000,0.1111,6.968186
6.997858,1,0x02,0.0000,-0.0556,6.966200
6.997858,2,0x03,0.0000,0.1111,6.969184
6.997858,3,0x04,0.0000,0.0556,6.964200
6.998941,0,0x01,0.0000,0.1111,6.968186
6.998941,1,0x02,0.0000,-0.0556,6.966200
6.998941,2,0x03,0.0000,0.1111,6.969184
6.998941,3,0x04,0.0000,0.0556,6.964200
7.005801,0,0x01,0.0000,0.1111,6.968186
7.005801,1,0x02,0.0000,-0.0556,6.966200
7.005801,2,0x03,0.0000,0.1111,6.969184
7.005801,3,0x04,0.0000,0.0556,6.964200
7.006869,0,0x01,0.0000,0.1111,6.968186
7.006869,1,0x02,0.0000,-0.0556,6.966200
7.006869,2,0x03,0.0000,0.1111,6.969184
7.006869,3,0x04,0.0000,0.0556,6.964200
7.007962,0,0x01,0.0000,0.1111,6.968186
7.007962,1,0x02,0.0000,-0.0556,6.966200
7.007962,2,0x03,0.0000,0.1111,6.969184
7.007962,3,0x04,0.0000,0.0556,6.964200
7.009045,0,0x01,0.0000,0.1111,6.968186
7.009045,1,0x02,0.0000,-0.0556,6.966200
7.009045,2,0x03,0.0000,0.1111,6.969184
7.009045,3,0x04,0.0000,0.0556,6.964200
7.014774,0,0x01,0.0000,0.1111,6.968186
7.014774,1,0x02,0.0000,-0.0556,6.966200
7.014774,2,0x03,0.0000,0.1111,6.969184
7.014774,3,0x04,0.0000,0.0556,6.964200
7.015844,0,0x01,0.0000,0.1111,6.968186
7.015844,1,0x02,0.0000,-0.0556,6.966200
7.015844,2,0x03,0.0000,0.1111,6.969184
7.015844,3,0x04,0.0000,0.0556,6.964200
7.016930,0,0x01,0.0000,0.1111,6.968186
7.016930,1,0x02,0.0000,-0.0556,6.966200
7.016930,2,0x03,0.0000,0.1111,6.969184
7.016930,3,0x04,0.0000,0.0556,6.964200
7.018018,0,0x01,0.0000,0.1111,6.968186
7.018018,1,0x02,0.0000,-0.0556,7.017204
7.018018,2,0x03,0.0000,0.1111,6.969184
7.018018,3,0x04,0.0000,0.0556,6.964200
7.019127,0,0x01,0.0000,0.0556,7.023198
7.019127,1,0x02,0.0000,-0.0556,7.024215
7.019127,2,0x03,0.0000,0.0556,7.018192
7.019127,3,0x04,0.0000,0.0556,7.025191
7.026908,0,0x01,0.0000,0.1111,7.026202
7.026908,1,0x02,0.0000,-0.0556,7.024215
7.026908,2,0x03,0.0000,0.0556,7.018192
7.026908,3,0x04,0.0000,0.0556,7.025191
7.027994,0,0x01,0.0000,0.1111,7.026202
7.027994,1,0x02,0.0000,-0.0556,7.024215
7.027994,2,0x03,0.0000,0.0556,7.027178
7.027994,3,0x04,0.0000,0.0556,7.025191
7.029104,0,0x01,0.0000,0.1111,7.029175
7.029104,1,0x02,0.0000,-0.0556,7.030199
7.029104,2,0x03,0.0000,0.0556,7.027178
7.029104,3,0x04,0.0000,0.0556,7.025191
7.035899,0,0x01,0.0000,0.1111,7.029175
7.035899,1,0x02,0.0000,-0.0556,7.030199
7.035899,2,0x03,0.0000,0.0556,7.027178
7.035899,3,0x04,0.0000,0.0556,7.025191
7.036973,0,0x01,0.0000,0.1111,7.029175
7.036973,1,0x02,0.0000,-0.0556,7.030199
7.036973,2,0x03,0.0000,0.0556,7.027178
7.036973,3,0x04,0.0000,0.0556,7.025191
7.038060,0,0x01,0.0000,0.1111,7.029175
7.038060,1,0x02,0.0000,-0.0556,7.030199
7.038060,2,0x03,0.0000,0.0556,7.027178
7.038060,3,0x04,0.0000,0.0556,7.025191
7.039146,0,0x01,0.0000,0.1111,7.029175
7.039146,1,0x02,0.0000,-0.0556,7.030199
7.039146,2,0x03,0.0000,0.0556,7.027178
7.039146,3,0x04,0.0000,0.0556,7.025191
7.046778,0,0x01,0.0000,0.1111,7.029175
7.046778,1,0x02,0.0000,-0.0556,7.030199
7.046778,2,0x03,0.0000,0.0556,7.027178
7.046778,3,0x04,0.0000,0.0556,7.025191
7.047848,0,0x01,0.0000,0.1111,7.029175
7.047848,1,0x02,0.0000,-0.0556,7.030199
7.047848,2,0x03,0.0000,0.0556,7.027178
7.047848,3,0x04,0.0000,0.0556,7.025191
7.048931,0,0x01,0.0000,0.1111,7.029175
7.048931,1,0x02,0.0000,-0.0556,7.030199
7.048931,2,0x03,0.0000,0.0556,7.027178
7.048931,3,0x04,0.0000,0.0556,7.025191
7.055823,0,0x01,0.0000,0.1111,7.029175
7.055823,1,0x02,0.0000,-0.0556,7.030199
7.055823,2,0x03,0.0000,0.0556,7.027178
7.055823,3,0x04,0.0000,0.0556,7.025191
7.056909,0,0x01,0.0000,0.1111,7.029175
7.056909,1,0x02,0.0000,-0.0556,7.030199
7.056909,2,0x03,0.0000,0.0556,7.027178
7.056909,3,0x04,0.0000,0.0556,7.025191
7.057996,0,0x01,0.0000,0.1111,7.029175
7.057996,1,0x02,0.0000,-0.0556,7.030199
7.057996,2,0x03,0.0000,0.0556,7.027178
7.057996,3,0x04,0.0000,0.0556,7.025191
7.059081,0,0x01,0.0000,0.1111,7.029175
7.059081,1,0x02,0.0000,-0.0556,7.030199
7.059081,2,0x03,0.0000,0.0556,7.027178
7.059081,3,0x04,0.0000,0.0556,7.025191
7.066804,0,0x01,0.0000,0.1111,7.029175
7.066804,1,0x02,0.0000,-0.0556,7.030199
7.066804,2,0x03,0.0000,0.0556,7.027178
7.066804,3,0x04,0.0000,0.0556,7.025191
7.067874,0,0x01,0.0000,0.1111,7.029175
7.067874,1,0x02,0.0000,-0.0556,7.030199
7.067874,2,0x03,0.0000,0.0556,7.027178
7.067874,3,0x04,0.0000,0.0556,7.025191
7.068963,0,0x01,0.0000,0.1111,7.029175
7.068963,1,0x02,0.0000,-0.0556,7.030199
7.068963,2,0x03,0.0000,0.0556,7.027178
7.068963,3,0x04,0.0000,0.0556,7.025191
7.075791,0,0x01,0.0000,0.1111,7.029175
7.075791,1,0x02,0.0000,-0.0556,7.030199
7.075791,2,0x03,0.0000,0.0556,7.027178
7.075791,3,0x04,0.0000,0.0556,7.025191
7.076877,0,0x01,0.0000,0.1111,7.029175
7.076877,1,0x02,0.0000,-0.0556,7.030199
7.076877,2,0x03,0.0000,0.1111,7.076204
7.076877,3,0x04,0.0000,0.0556,7.025191
7.077998,0,0x01,0.0000,0.1111,7.029175
7.077998,1,0x02,0.0000,-0.0556,7.030199
7.077998,2,0x03,0.0000,0.1111,7.076204
7.077998,3,0x04,0.0000,0.0556,7.025191
7.079089,0,0x01,0.0000,0.1111,7.083200
7.079089,1,0x02,0.0000,-0.0556,7.084362
7.079089,2,0x03,0.0000,0.0556,7.085203
7.079089,3,0x04,0.0000,0.0556,7.025191
7.086897,0,0x01,0.0000,0.1111,7.086186
7.086897,1,0x02,0.0000,-0.0556,7.084362
7.086897,2,0x03,0.0000,0.0556,7.085203
7.086897,3,0x04,0.0000,0.0556,7.025191
7.088001,0,0x01,0.0000,0.1111,7.086186
7.088001,1,0x02,0.0000,-0.0556,7.087181
7.088001,2,0x03,0.0000,0.0556,7.085203
7.088001,3,0x04,0.0000,0.0556,7.025191
7.089123,0,0x01,0.0000,0.1111,7.090183
7.089123,1,0x02,0.0000,-0.0556,7.087181
7.089123,2,0x03,0.0000,0.0556,7.091197
7.089123,3,0x04,0.0000,0.0556,7.092217
7.096834,0,0x01,0.0000,0.1111,7.090183
7.096834,1,0x02,0.0000,-0.0556,7.087181
7.096834,2,0x03,0.0000,0.0556,7.091197
7.096834,3,0x04,0.0000,0.0556,7.092217
7.097899,0,0x01,0.0000,0.1111,7.090183
7.097899,1,0x02,0.0000,-0.0556,7.087181
7.097899,2,0x03,0.0000,0.0556,7.091197
7.097899,3,0x04,0.0000,0.0556,7.092217
7.098985,0,0x01,0.0000,0.1111,7.090183
7.098985,1,0x02,0.0000,-0.0556,7.087181
7.098985,2,0x03,0.0000,0.0556,7.091197
7.098985,3,0x04,0.0000,0.0556,7.092217
7.105974,0,0x01,0.0000,0.1111,7.090183
7.105974,1,0x02,0.0000,-0.0556,7.087181
7.105974,2,0x03,0.0000,0.0556,7.091197
7.105974,3,0x04,0.0000,0.0556,7.092217
7.107058,0,0x01,0.0000,0.1111,7.090183
7.107058,1,0x02,0.0000,-0.0556,7.087181
7.107058,2,0x03,0.0000,0.0556,7.091197
7.107058,3,0x04,0.0000,0.0556,7.092217
7.108143,0,0x01,0.0000,0.1111,7.090183
7.108143,1,0x02,0.0000,-0.0556,7.087181
7.108143,2,0x03,0.0000,0.0556,7.091197
7.108143,3,0x04,0.0000,0.0556,7.092217
7.109241,0,0x01,0.0000,0.1111,7.090183
7.109241,1,0x02,0.0000,-0.0556,7.087181
7.109241,2,0x03,0.0000,0.0556,7.091197
7.109241,3,0x04,0.0000,0.0556,7.092217
7.116789,0,0x01,0.0000,0.1111,7.090183
7.116789,1,0x02,0.0000,-0.0556,7.087181
7.116789,2,0x03,0.0000,0.0556,7.091197
7.116789,3,0x04,0.0000,0.0556,7.092217
7.117856,0,0x01,0.0000,0.1111,7.090183
7.117856,1,0x02,0.0000,-0.0556,7.087181
7.117856,2,0x03,0.0000,0.0556,7.091197
7.117856,3,0x04,0.0000,0.0556,7.092217
7.118929,0,0x01,0.0000,0.1111,7.090183
7.118929,1,0x02,0.0000,-0.0556,7.087181
7.118929,2,0x03,0.0000,0.0556,7.091197
7.118929,3,0x04,0.0000,0.0556,7.092217
7.125784,0,0x01,0.0000,0.1111,7.090183
7.125784,1,0x02,0.0000,-0.0556,7.087181
7.125784,2,0x03,0.0000,0.0556,7.091197
7.125784,3,0x04,0.0000,0.0556,7.092217
7.126855,0,0x01,0.0000,0.1111,7.090183
7.126855,1,0x02,0.0000,-0.0556,7.087181
7.126855,2,0x03,0.0000,0.0556,7.091197
7.126855,3,0x04,0.0000,0.0556,7.092217
7.127946,0,0x01,0.0000,0.1111,7.090183
7.127946,1,0x02,0.0000,-0.0556,7.087181
7.127946,2,0x03,0.0000,0.0556,7.091197
7.127946,3,0x04,0.0000,0.0556,7.092217
7.129032,0,0x01,0.0000,0.1111,7.090183
7.129032,1,0x02,0.0000,-0.0556,7.132204
7.129032,2,0x03,0.0000,0.1111,7.133191
7.129032,3,0x04,0.0000,0.0556,7.130204
7.134870,0,0x01,0.0000,0.1111,7.134204
7.134870,1,0x02,0.0000,-0.0556,7.132204
7.134870,2,0x03,0.0000,0.1111,7.133191
7.134870,3,0x04,0.0000,0.0556,7.130204
7.135957,0,0x01,0.0000,0.1111,7.134204
7.135957,1,0x02,0.0000,-0.0556,7.135186
7.135957,2,0x03,0.0000,0.1111,7.133191
7.135957,3,0x04,0.0000,0.0556,7.130204
7.137040,0,0x01,0.0000,0.1111,7.134204
7.137040,1,0x02,0.0000,-0.0556,7.135186
7.137040,2,0x03,0.0000,0.1111,7.136180
7.137040,3,0x04,0.0000,0.0556,7.130204
7.138122,0,0x01,0.0000,0.1111,7.134204
7.138122,1,0x02,0.0000,-0.0556,7.135186
7.138122,2,0x03,0.0000,0.1111,7.136180
7.138122,3,0x04,0.0000,0.0556,7.130204
7.139190,0,0x01,0.0000,0.1111,7.134204
7.139190,1,0x02,0.0000,-0.0556,7.135186
7.139190,2,0x03,0.0000,0.1111,7.136180
7.139190,3,0x04,0.0000,0.0556,7.130204
7.146787,0,0x01,0.0000,0.1111,7.134204
7.146787,1,0x02,0.0000,-0.0556,7.135186
7.146787,2,0x03,0.0000,0.1111,7.136180
7.146787,3,0x04,0.0000,0.0556,7.130204
7.147871,0,0x01,0.0000,0.1111,7.134204
7.147871,1,0x02,0.0000,-0.0556,7.135186
7.147871,2,0x03,0.0000,0.1111,7.136180
7.147871,3,0x04,0.0000,0.0556,7.130204
7.148956,0,0x01,0.0000,0.1111,7.134204
7.148956,1,0x02,0.0000,-0.0556,7.135186
7.148956,2,0x03,0.0000,0.1111,7.136180
7.148956,3,0x04,0.0000,0.0556,7.130204
7.155819,0,0x01,0.0000,0.1111,7.134204
7.155819,1,0x02,0.0000,-0.0556,7.135186
7.155819,2,0x03,0.0000,0.1111,7.136180
7.155819,3,0x04,0.0000,0.0556,7.130204
7.156899,0,0x01,0.0000,0.1111,7.134204
7.156899,1,0x02,0.0000,-0.0556,7.135186
7.156899,2,0x03,0.0000,0.1111,7.136180
7.156899,3,0x04,0.0000,0.0556,7.130204
7.157994,0,0x01,0.0000,0.1111,7.134204
7.157994,1,0x02,0.0000,-0.0556,7.135186
7.157994,2,0x03,0.0000,0.1111,7.136180
7.157994,3,0x04,0.0000,0.0556,7.130204
7.159080,0,0x01,0.0000,0.1111,7.134204
7.159080,1,0x02,0.0000,-0.0556,7.135186
7.159080,2,0x03,0.0000,0.1111,7.136180
7.159080,3,0x04,0.0000,0.0556,7.130204
7.166789,0,0x01,0.0000,0.1111,7.134204
7.166789,1,0x02,0.0000,-0.0556,7.135186
7.166789,2,0x03,0.0000,0.1111,7.136180
7.166789,3,0x04,0.0000,0.0556,7.130204
7.167863,0,0x01,0.0000,0.1111,7.134204
7.167863,1,0x02,0.0000,-0.0556,7.135186
7.167863,2,0x03,0.0000,0.1111,7.136180
7.167863,3,0x04,0.0000,0.0556,7.130204
7.168954,0,0x01,0.0000,0.1111,7.172223
7.168954,1,0x02,0.0000,-0.0556,7.135186
7.168954,2,0x03,0.0000,0.0556,7.173198
7.168954,3,0x04,0.0000,0.0556,7.174189
7.175829,0,0x01,0.0000,0.1111,7.172223
7.175829,1,0x02,0.0000,-0.0556,7.135186
7.175829,2,0x03,0.0000,0.0556,7.173198
7.175829,3,0x04,0.0000,0.0556,7.174189
7.176908,0,0x01,0.0000,0.1111,7.176182
7.176908,1,0x02,0.0000,-0.0556,7.135186
7.176908,2,0x03,0.0000,0.0556,7.173198
7.176908,3,0x04,0.0000,0.0556,7.174189
7.178019,0,0x01,0.0000,0.1111,7.176182
7.178019,1,0x02,0.0000,-0.0556,7.135186
7.178019,2,0x03,0.0000,0.0556,7.173198
7.178019,3,0x04,0.0000,0.0556,7.177180
7.179138,0,0x01,0.0000,0.1111,7.184220
7.179138,1,0x02,0.0000,-0.1111,7.185202
7.179138,2,0x03,0.0000,0.0556,7.183202
7.179138,3,0x04,0.0000,0.0556,7.177180
7.186888,0,0x01,0.0000,0.1111,7.184220
7.186888,1,0x02,0.0000,-0.1111,7.185202
7.186888,2,0x03,0.0000,0.0556,7.186193
7.186888,3,0x04,0.0000,0.0556,7.177180
7.187998,0,0x01,0.0000,0.1111,7.187178
7.187998,1,0x02,0.0000,-0.1111,7.185202
7.187998,2,0x03,0.0000,0.0556,7.186193
7.187998,3,0x04,0.0000,0.0556,7.177180
7.189117,0,0x01,0.0000,0.1111,7.187178
7.189117,1,0x02,0.0000,-0.0556,7.188179
7.189117,2,0x03,0.0000,0.0556,7.186193
7.189117,3,0x04,0.0000,0.0556,7.177180
7.197836,0,0x01,0.0000,0.1111,7.187178
7.197836,1,0x02,0.0000,-0.0556,7.188179
7.197836,2,0x03,0.0000,0.0556,7.186193
7.197836,3,0x04,0.0000,0.0556,7.177180
7.198903,0,0x01,0.0000,0.1111,7.201198
7.198903,1,0x02,0.0000,-0.0556,7.202191
7.198903,2,0x03,0.0000,0.1111,7.203187
7.198903,3,0x04,0.0000,0.0556,7.200218
7.204853,0,0x01,0.0000,0.1111,7.201198
7.204853,1,0x02,0.0000,-0.0556,7.202191
7.204853,2,0x03,0.0000,0.1111,7.203187
7.204853,3,0x04,0.0000,0.0556,7.200218
7.205923,0,0x01,0.0000,0.1111,7.201198
7.205923,1,0x02,0.0000,-0.0556,7.202191
7.205923,2,0x03,0.0000,0.1111,7.203187
7.205923,3,0x04,0.0000,0.0556,7.205177
7.207025,0,0x01,0.0000,0.1111,7.201198
7.207025,1,0x02,0.0000,-0.0556,7.202191
7.207025,2,0x03,0.0000,0.1111,7.203187
7.207025,3,0x04,0.0000,0.0556,7.205177
7.208112,0,0x01,0.0000,0.1111,7.201198
7.208112,1,0x02,0.0000,-0.0556,7.202191
7.208112,2,0x03,0.0000,0.1111,7.203187
7.208112,3,0x04,0.0000,0.0556,7.205177
7.209229,0,0x01,0.0000,0.1111,7.209184
7.209229,1,0x02,0.0000,-0.1111,7.211196
7.209229,2,0x03,0.0000,0.1111,7.215199
7.209229,3,0x04,0.0000,0.0556,7.205177
7.216823,0,0x01,0.0000,0.1111,7.209184
7.216823,1,0x02,0.0000,-0.1111,7.211196
7.216823,2,0x03,0.0000,0.1111,7.215199
7.216823,3,0x04,0.0000,0.0556,7.205177
7.217896,0,0x01,0.0000,0.1111,7.209184
7.217896,1,0x02,0.0000,-0.1111,7.211196
7.217896,2,0x03,0.0000,0.1111,7.215199
7.217896,3,0x04,0.0000,0.0556,7.217552
7.219014,0,0x01,0.0000,0.1111,7.221197
7.219014,1,0x02,0.0000,-0.0556,7.223189
7.219014,2,0x03,0.0000,0.1111,7.215199
7.219014,3,0x04,0.0000,0.0556,7.217552
7.225832,0,0x01,0.0000,0.1111,7.221197
7.225832,1,0x02,0.0000,-0.0556,7.223189
7.225832,2,0x03,0.0000,0.1111,7.215199
7.225832,3,0x04,0.0000,0.0556,7.217552
7.226902,0,0x01,0.0000,0.1111,7.221197
7.226902,1,0x02,0.0000,-0.0556,7.223189
7.226902,2,0x03,0.0000,0.1111,7.215199
7.226902,3,0x04,0.0000,0.0556,7.217552
7.227994,0,0x01,0.0000,0.1111,7.221197
7.227994,1,0x02,0.0000,-0.0556,7.223189
7.227994,2,0x03,0.0000,0.1111,7.227178
7.227994,3,0x04,0.0000,0.0556,7.217552
7.229100,0,0x01,0.0000,0.1111,7.232203
7.229100,1,0x02,0.0000,-0.0556,7.223189
7.229100,2,0x03,0.0000,0.1111,7.227178
7.229100,3,0x04,0.0000,0.0556,7.230170
7.236890,0,0x01,0.0000,0.1111,7.232203
7.236890,1,0x02,0.0000,-0.0556,7.223189
7.236890,2,0x03,0.0000,0.1111,7.227178
7.236890,3,0x04,0.0000,0.0556,7.230170
7.237987,0,0x01,0.0000,0.1111,7.232203
7.237987,1,0x02,0.0000,-0.0556,7.223189
7.237987,2,0x03,0.0000,0.1111,7.227178
7.237987,3,0x04,0.0000,0.0556,7.230170
7.239089,0,0x01,0.0000,0.1111,7.232203
7.239089,1,0x02,0.0000,-0.0556,7.223189
7.239089,2,0x03,0.0000,0.1111,7.227178
7.239089,3,0x04,0.0000,0.0556,7.230170
7.246785,0,0x01,0.0000,0.1111,7.232203
7.246785,1,0x02,0.0000,-0.0556,7.223189
7.246785,2,0x03,0.0000,0.1111,7.227178
7.246785,3,0x04,0.0000,0.0556,7.230170
7.247868,0,0x01,0.0000,0.1111,7.232203
7.247868,1,0x02,0.0000,-0.0556,7.223189
7.247868,2,0x03,0.0000,0.1111,7.227178
7.247868,3,0x04,0.0000,0.0556,7.230170
7.248941,0,0x01,0.0000,0.1111,7.232203
7.248941,1,0x02,0.0000,-0.0556,7.223189
7.248941,2,0x03,0.0000,0.1111,7.227178
7.248941,3,0x04,0.0000,0.0556,7.230170
7.255781,0,0x01,0.0000,0.1111,7.232203
7.255781,1,0x02,0.0000,-0.0556,7.223189
7.255781,2,0x03,0.0000,0.1111,7.227178
7.255781,3,0x04,0.0000,0.0556,7.230170
7.256855,0,0x01,0.0000,0.1111,7.232203
7.256855,1,0x02,0.0000,-0.0556,7.223189
7.256855,2,0x03,0.0000,0.1111,7.227178
7.256855,3,0x04,0.0000,0.0556,7.230170
7.257938,0,0x01,0.0000,0.1111,7.232203
7.257938,1,0x02,0.0000,-0.0556,7.223189
7.257938,2,0x03,0.0000,0.1111,7.227178
7.257938,3,0x04,0.0000,0.0556,7.230170
7.259034,0,0x01,0.0000,0.1111,7.232203
7.259034,1,0x02,0.0000,-0.0556,7.223189
7.259034,2,0x03,0.0000,0.1111,7.227178
7.259034,3,0x04,0.0000,0.0556,7.230170
7.264804,0,0x01,0.0000,0.1111,7.232203
7.264804,1,0x02,0.0000,-0.0556,7.223189
7.264804,2,0x03,0.0000,0.1111,7.227178
7.264804,3,0x04,0.0000,0.0556,7.230170
7.265876,0,0x01,0.0000,0.1111,7.232203
7.265876,1,0x02,0.0000,-0.0556,7.223189
7.265876,2,0x03,0.0000,0.1111,7.227178
7.265876,3,0x04,0.0000,0.0556,7.230170
7.266963,0,0x01,0.0000,0.1111,7.232203
7.266963,1,0x02,0.0000,-0.0556,7.223189
7.266963,2,0x03,0.0000,0.1111,7.227178
7.266963,3,0x04,0.0000,0.0556,7.230170
7.268057,0,0x01,0.0000,0.1111,7.232203
7.268057,1,0x02,0.0000,-0.0556,7.223189
7.268057,2,0x03,0.0000,0.1111,7.227178
7.268057,3,0x04,0.0000,0.0556,7.230170
7.269140,0,0x01,0.0000,0.1111,7.273194
7.269140,1,0x02,0.0000,-0.0556,7.274189
7.269140,2,0x03,0.0000,0.0556,7.271192
7.269140,3,0x04,0.0000,0.0556,7.275187
7.276863,0,0x01,0.0000,0.1111,7.276187
7.276863,1,0x02,0.0000,-0.0556,7.274189
7.276863,2,0x03,0.0000,0.0556,7.271192
7.276863,3,0x04,0.0000,0.0556,7.275187
7.277947,0,0x01,0.0000,0.1111,7.276187
7.277947,1,0x02,0.0000,-0.0556,7.277256
7.277947,2,0x03,0.0000,0.0556,7.271192
7.277947,3,0x04,0.0000,0.0556,7.275187
7.279052,0,0x01,0.0000,0.0556,7.279181
7.279052,1,0x02,0.0000,-0.0556,7.277256
7.279052,2,0x03,0.0000,0.0556,7.280189
7.279052,3,0x04,0.0000,0.0556,7.275187
7.288876,0,0x01,0.0000,0.0556,7.279181
7.288876,1,0x02,0.0000,-0.0556,7.277256
7.288876,2,0x03,0.0000,0.0556,7.280189
7.288876,3,0x04,0.0000,0.0556,7.275187
7.294820,0,0x01,0.0000,0.0556,7.279181
7.294820,1,0x02,0.0000,-0.0556,7.277256
7.294820,2,0x03,0.0000,0.0556,7.280189
7.294820,3,0x04,0.0000,0.0556,7.275187
7.295889,0,0x01,0.0000,0.0556,7.279181
7.295889,1,0x02,0.0000,-0.0556,7.277256
7.295889,2,0x03,0.0000,0.0556,7.280189
7.295889,3,0x04,0.0000,0.0556,7.275187
7.296974,0,0x01,0.0000,0.0556,7.279181
7.296974,1,0x02,0.0000,-0.0556,7.277256
7.296974,2,0x03,0.0000,0.0556,7.280189
7.296974,3,0x04,0.0000,0.0556,7.275187
7.298057,0,0x01,0.0000,0.0556,7.279181
7.298057,1,0x02,0.0000,-0.0556,7.277256
7.298057,2,0x03,0.0000,0.0556,7.280189
7.298057,3,0x04,0.0000,0.0556,7.275187
7.299128,0,0x01,0.0000,0.0556,7.279181
7.299128,1,0x02,0.0000,-0.0556,7.277256
7.299128,2,0x03,0.0000,0.0556,7.280189
7.299128,3,0x04,0.0000,0.0556,7.275187
7.306875,0,0x01,0.0000,0.0556,7.279181
7.306875,1,0x02,0.0000,-0.0556,7.277256
7.306875,2,0x03,0.0000,0.0556,7.280189
7.306875,3,0x04,0.0000,0.0556,7.275187
7.307965,0,0x01,0.0000,0.0556,7.279181
7.307965,1,0x02,0.0000,-0.0556,7.277256
7.307965,2,0x03,0.0000,0.0556,7.280189
7.307965,3,0x04,0.0000,0.0556,7.275187
7.309050,0,0x01,0.0000,0.0556,7.279181
7.309050,1,0x02,0.0000,-0.0556,7.277256
7.309050,2,0x03,0.0000,0.0556,7.280189
7.309050,3,0x04,0.0000,0.0556,7.275187
7.316843,0,0x01,0.0000,0.0556,7.279181
7.316843,1,0x02,0.0000,-0.0556,7.277256
7.316843,2,0x03,0.0000,0.0556,7.280189
7.316843,3,0x04,0.0000,0.0556,7.275187
7.317934,0,0x01,0.0000,0.0556,7.279181
7.317934,1,0x02,0.0000,-0.0556,7.277256
7.317934,2,0x03,0.0000,0.0556,7.280189
7.317934,3,0x04,0.0000,0.0556,7.275187
7.319019,0,0x01,0.0000,0.0556,7.279181
7.319019,1,0x02,0.0000,-0.0556,7.277256
7.319019,2,0x03,0.0000,0.0556,7.280189
7.319019,3,0x04,0.0000,0.0556,7.275187
7.326788,0,0x01,0.0000,0.0556,7.279181
7.326788,1,0x02,0.0000,-0.0556,7.277256
7.326788,2,0x03,0.0000,0.0556,7.280189
7.326788,3,0x04,0.0000,0.0556,7.326201
7.327896,0,0x01,0.0000,0.0556,7.279181
7.327896,1,0x02,0.0000,-0.0556,7.277256
7.327896,2,0x03,0.0000,0.0556,7.280189
7.327896,3,0x04,0.0000,0.0556,7.326201
7.328982,0,0x01,0.0000,0.1111,7.334197
7.328982,1,0x02,0.0000,-0.0556,7.331202
7.328982,2,0x03,0.0000,0.0556,7.332213
7.328982,3,0x04,0.0000,0.0556,7.326201
7.335894,0,0x01,0.0000,0.1111,7.334197
7.335894,1,0x02,0.0000,-0.0556,7.331202
7.335894,2,0x03,0.0000,0.0556,7.335195
7.335894,3,0x04,0.0000,0.0556,7.326201
7.337042,0,0x01,0.0000,0.1111,7.334197
7.337042,1,0x02,0.0000,-0.0556,7.331202
7.337042,2,0x03,0.0000,0.0556,7.335195
7.337042,3,0x04,0.0000,0.0556,7.336171
7.338126,0,0x01,0.0000,0.0556,7.337175
7.338126,1,0x02,0.0000,-0.0556,7.331202
7.338126,2,0x03,0.0000,0.0556,7.335195
7.338126,3,0x04,0.0000,0.0556,7.336171
7.339237,0,0x01,0.0000,0.1111,7.339171
7.339237,1,0x02,0.0000,-0.0556,7.340172
7.339237,2,0x03,0.0000,0.1111,7.341190
7.339237,3,0x04,0.0000,0.0556,7.336171
7.346823,0,0x01,0.0000,0.1111,7.339171
7.346823,1,0x02,0.0000,-0.0556,7.340172
7.346823,2,0x03,0.0000,0.1111,7.341190
7.346823,3,0x04,0.0000,0.0556,7.336171
7.347992,0,0x01,0.0000,0.1111,7.339171
7.347992,1,0x02,0.0000,-0.0556,7.340172
7.347992,2,0x03,0.0000,0.1111,7.341190
7.347992,3,0x04,0.0000,0.0556,7.336171
7.349085,0,0x01,0.0000,0.1111,7.339171
7.349085,1,0x02,0.0000,-0.0556,7.340172
7.349085,2,0x03,0.0000,0.1111,7.341190
7.349085,3,0x04,0.0000,0.0556,7.336171
7.355826,0,0x01,0.0000,0.1111,7.339171
7.355826,1,0x02,0.0000,-0.0556,7.340172
7.355826,2,0x03,0.0000,0.1111,7.341190
7.355826,3,0x04,0.0000,0.0556,7.336171
7.356901,0,0x01,0.0000,0.1111,7.339171
7.356901,1,0x02,0.0000,-0.0556,7.340172
7.356901,2,0x03,0.0000,0.1111,7.341190
7.356901,3,0x04,0.0000,0.0556,7.336171
7.357990,0,0x01,0.0000,0.1111,7.339171
7.357990,1,0x02,0.0000,-0.0556,7.340172
7.357990,2,0x03,0.0000,0.1111,7.341190
7.357990,3,0x04,0.0000,0.0556,7.336171
7.359081,0,0x01,0.0000,0.1111,7.339171
7.359081,1,0x02,0.0000,-0.0556,7.340172
7.359081,2,0x03,0.0000,0.1111,7.341190
7.359081,3,0x04,0.0000,0.0556,7.336171
7.366844,0,0x01,0.0000,0.1111,7.339171
7.366844,1,0x02,0.0000,-0.0556,7.340172
7.366844,2,0x03,0.0000,0.1111,7.341190
7.366844,3,0x04,0.0000,0.0556,7.336171
7.367927,0,0x01,0.0000,0.1111,7.339171
7.367927,1,0x02,0.0000,-0.0556,7.340172
7.367927,2,0x03,0.0000,0.1111,7.341190
7.367927,3,0x04,0.0000,0.0556,7.336171
7.369038,0,0x01,0.0000,0.1111,7.339171
7.369038,1,0x02,0.0000,-0.0556,7.340172
7.369038,2,0x03,0.0000,0.1111,7.341190
7.369038,3,0x04,0.0000,0.0556,7.336171
7.375832,0,0x01,0.0000,0.1111,7.339171
7.375832,1,0x02,0.0000,-0.0556,7.340172
7.375832,2,0x03,0.0000,0.1111,7.341190
7.375832,3,0x04,0.0000,0.0556,7.336171
7.376905,0,0x01,0.0000,0.1111,7.339171
7.376905,1,0x02,0.0000,-0.0556,7.340172
7.376905,2,0x03,0.0000,0.1111,7.341190
7.376905,3,0x04,0.0000,0.0556,7.336171
7.377996,0,0x01,0.0000,0.1111,7.339171
7.377996,1,0x02,0.0000,-0.0556,7.340172
7.377996,2,0x03,0.0000,0.1111,7.341190
7.377996,3,0x04,0.0000,0.0556,7.377220
7.379121,0,0x01,0.0000,0.1111,7.384219
7.379121,1,0x02,0.0000,-0.0556,7.385195
7.379121,2,0x03,0.0000,0.1111,7.341190
7.379121,3,0x04,0.0000,0.0556,7.383188
7.386889,0,0x01,0.0000,0.1111,7.384219
7.386889,1,0x02,0.0000,-0.0556,7.385195
7.386889,2,0x03,0.0000,0.1111,7.341190
7.386889,3,0x04,0.0000,0.0556,7.386189
7.387973,0,0x01,0.0000,0.0556,7.387171
7.387973,1,0x02,0.0000,-0.0556,7.385195
7.387973,2,0x03,0.0000,0.1111,7.341190
7.387973,3,0x04,0.0000,0.0556,7.386189
7.389082,0,0x01,0.0000,0.0556,7.387171
7.389082,1,0x02,0.0000,-0.0556,7.388170
7.389082,2,0x03,0.0000,0.1111,7.389185
7.389082,3,0x04,0.0000,0.0556,7.390196
7.396864,0,0x01,0.0000,0.0556,7.387171
7.396864,1,0x02,0.0000,-0.0556,7.388170
7.396864,2,0x03,0.0000,0.1111,7.389185
7.396864,3,0x04,0.0000,0.0556,7.390196
7.397934,0,0x01,0.0000,0.0556,7.387171
7.397934,1,0x02,0.0000,-0.0556,7.388170
7.397934,2,0x03,0.0000,0.1111,7.389185
7.397934,3,0x04,0.0000,0.0556,7.390196
7.399007,0,0x01,0.0000,0.0556,7.387171
7.399007,1,0x02,0.0000,-0.0556,7.388170
7.399007,2,0x03,0.0000,0.1111,7.389185
7.399007,3,0x04,0.0000,0.0556,7.390196
7.405830,0,0x01,0.0000,0.0556,7.387171
7.405830,1,0x02,0.0000,-0.0556,7.388170
7.405830,2,0x03,0.0000,0.1111,7.389185
7.405830,3,0x04,0.0000,0.0556,7.390196
7.406915,0,0x01,0.0000,0.0556,7.387171
7.406915,1,0x02,0.0000,-0.0556,7.388170
7.406915,2,0x03,0.0000,0.1111,7.389185
7.406915,3,0x04,0.0000,0.0556,7.390196
7.407980,0,0x01,0.0000,0.0556,7.387171
7.407980,1,0x02,0.0000,-0.0556,7.388170
7.407980,2,0x03,0.0000,0.1111,7.389185
7.407980,3,0x04,0.0000,0.0556,7.390196
7.409045,0,0x01,0.0000,0.0556,7.387171
7.409045,1,0x02,0.0000,-0.0556,7.388170
7.409045,2,0x03,0.0000,0.1111,7.389185
7.409045,3,0x04,0.0000,0.0556,7.390196
7.414774,0,0x01,0.0000,0.0556,7.387171
7.414774,1,0x02,0.0000,-0.0556,7.388170
7.414774,2,0x03,0.0000,0.1111,7.389185
7.414774,3,0x04,0.0000,0.0556,7.390196
7.415853,0,0x01,0.0000,0.0556,7.387171
7.415853,1,0x02,0.0000,-0.0556,7.388170
7.415853,2,0x03,0.0000,0.1111,7.389185
7.415853,3,0x04,0.0000,0.0556,7.390196
7.416938,0,0x01,0.0000,0.0556,7.387171
7.416938,1,0x02,0.0000,-0.0556,7.388170
7.416938,2,0x03,0.0000,0.1111,7.389185
7.416938,3,0x04,0.0000,0.0556,7.390196
7.418022,0,0x01,0.0000,0.0556,7.387171
7.418022,1,0x02,0.0000,-0.0556,7.388170
7.418022,2,0x03,0.0000,0.1111,7.389185
7.418022,3,0x04,0.0000,0.0556,7.390196
7.419106,0,0x01,0.0000,0.0556,7.387171
7.419106,1,0x02,0.0000,-0.0556,7.388170
7.419106,2,0x03,0.0000,0.1111,7.389185
7.419106,3,0x04,0.0000,0.0556,7.390196
7.426866,0,0x01,0.0000,0.0556,7.387171
7.426866,1,0x02,0.0000,-0.0556,7.388170
7.426866,2,0x03,0.0000,0.1111,7.389185
7.426866,3,0x04,0.0000,0.0556,7.390196
7.427936,0,0x01,0.0000,0.0556,7.387171
7.427936,1,0x02,0.0000,-0.0556,7.388170
7.427936,2,0x03,0.0000,0.1111,7.389185
7.427936,3,0x04,0.0000,0.0556,7.390196
7.429020,0,0x01,0.0000,0.0556,7.387171
7.429020,1,0x02,0.0000,-0.0556,7.388170
7.429020,2,0x03,0.0000,0.1111,7.389185
7.429020,3,0x04,0.0000,0.0556,7.390196
7.435815,0,0x01,0.0000,0.1111,7.435214
7.435815,1,0x02,0.0000,-0.0556,7.388170
7.435815,2,0x03,0.0000,0.1111,7.389185
7.435815,3,0x04,0.0000,0.0556,7.390196
7.436924,0,0x01,0.0000,0.1111,7.435214
7.436924,1,0x02,0.0000,-0.0556,7.388170
7.436924,2,0x03,0.0000,0.1111,7.389185
7.436924,3,0x04,0.0000,0.0556,7.390196
7.438012,0,0x01,0.0000,0.1111,7.435214
7.438012,1,0x02,0.0000,-0.0556,7.388170
7.438012,2,0x03,0.0000,0.0556,7.437202
7.438012,3,0x04,0.0000,0.0556,7.390196
7.439155,0,0x01,0.0000,0.1111,7.444188
7.439155,1,0x02,0.0000,-0.0556,7.443192
7.439155,2,0x03,0.0000,0.1111,7.440188
7.439155,3,0x04,0.0000,0.0556,7.438186
7.446918,0,0x01,0.0000,0.1111,7.444188
7.446918,1,0x02,0.0000,-0.0556,7.446182
7.446918,2,0x03,0.0000,0.1111,7.440188
7.446918,3,0x04,0.0000,0.0556,7.438186
7.448022,0,0x01,0.0000,0.1111,7.444188
7.448022,1,0x02,0.0000,-0.0556,7.446182
7.448022,2,0x03,0.0000,0.1111,7.440188
7.448022,3,0x04,0.0000,0.0556,7.447253
7.449112,0,0x01,0.0000,0.1111,7.448189
7.449112,1,0x02,0.0000,-0.0556,7.446182
7.449112,2,0x03,0.0000,0.1111,7.449217
7.449112,3,0x04,0.0000,0.0556,7.450188
7.457853,0,0x01,0.0000,0.1111,7.448189
7.457853,1,0x02,0.0000,-0.0556,7.446182
7.457853,2,0x03,0.0000,0.1111,7.449217
7.457853,3,0x04,0.0000,0.0556,7.450188
7.458923,0,0x01,0.0000,0.1111,7.448189
7.458923,1,0x02,0.0000,-0.0556,7.446182
7.458923,2,0x03,0.0000,0.1111,7.449217
7.458923,3,0x04,0.0000,0.0556,7.450188
7.464858,0,0x01,0.0000,0.1111,7.448189
7.464858,1,0x02,0.0000,-0.0556,7.446182
7.464858,2,0x03,0.0000,0.1111,7.449217
7.464858,3,0x04,0.0000,0.0556,7.450188
7.465970,0,0x01,0.0000,0.1111,7.448189
7.465970,1,0x02,0.0000,-0.0556,7.446182
7.465970,2,0x03,0.0000,0.1111,7.449217
7.465970,3,0x04,0.0000,0.0556,7.450188
7.467060,0,0x01,0.0000,0.1111,7.448189
7.467060,1,0x02,0.0000,-0.0556,7.446182
7.467060,2,0x03,0.0000,0.1111,7.449217
7.467060,3,0x04,0.0000,0.0556,7.450188
7.468149,0,0x01,0.0000,0.1111,7.448189
7.468149,1,0x02,0.0000,-0.0556,7.446182
7.468149,2,0x03,0.0000,0.1111,7.449217
7.468149,3,0x04,0.0000,0.0556,7.450188
7.469257,0,0x01,0.0000,0.1111,7.448189
7.469257,1,0x02,0.0000,-0.0556,7.446182
7.469257,2,0x03,0.0000,0.1111,7.449217
7.469257,3,0x04,0.0000,0.0556,7.450188
7.476790,0,0x01,0.0000,0.1111,7.448189
7.476790,1,0x02,0.0000,-0.0556,7.446182
7.476790,2,0x03,0.0000,0.1111,7.449217
7.476790,3,0x04,0.0000,0.0556,7.450188
7.477858,0,0x01,0.0000,0.1111,7.448189
7.477858,1,0x02,0.0000,-0.0556,7.446182
7.477858,2,0x03,0.0000,0.1111,7.449217
7.477858,3,0x04,0.0000,0.0556,7.450188
7.478941,0,0x01,0.0000,0.1111,7.448189
7.478941,1,0x02,0.0000,-0.0556,7.446182
7.478941,2,0x03,0.0000,0.1111,7.449217
7.478941,3,0x04,0.0000,0.0556,7.450188
7.485784,0,0x01,0.0000,0.1111,7.448189
7.485784,1,0x02,0.0000,-0.0556,7.446182
7.485784,2,0x03,0.0000,0.1111,7.449217
7.485784,3,0x04,0.0000,0.0556,7.450188
7.486857,0,0x01,0.0000,0.1111,7.448189
7.486857,1,0x02,0.0000,-0.0556,7.446182
7.486857,2,0x03,0.0000,0.1111,7.449217
7.486857,3,0x04,0.0000,0.0556,7.450188
7.487946,0,0x01,0.0000,0.1111,7.448189
7.487946,1,0x02,0.0000,-0.0556,7.446182
7.487946,2,0x03,0.0000,0.1111,7.449217
7.487946,3,0x04,0.0000,0.0556,7.450188
7.489042,0,0x01,0.0000,0.1111,7.448189
7.489042,1,0x02,0.0000,-0.0556,7.446182
7.489042,2,0x03,0.0000,0.1111,7.449217
7.489042,3,0x04,0.0000,0.0556,7.450188
7.494778,0,0x01,0.0000,0.1111,7.448189
7.494778,1,0x02,0.0000,-0.0556,7.446182
7.494778,2,0x03,0.0000,0.1111,7.449217
7.494778,3,0x04,0.0000,0.0556,7.450188
7.495846,0,0x01,0.0000,0.1111,7.448189
7.495846,1,0x02,0.0000,-0.0556,7.446182
7.495846,2,0x03,0.0000,0.1111,7.449217
7.495846,3,0x04,0.0000,0.0556,7.450188
7.496930,0,0x01,0.0000,0.1111,7.448189
7.496930,1,0x02,0.0000,-0.0556,7.446182
7.496930,2,0x03,0.0000,0.1111,7.449217
7.496930,3,0x04,0.0000,0.0556,7.450188
7.498009,0,0x01,0.0000,0.1111,7.448189
7.498009,1,0x02,0.0000,-0.0556,7.497201
7.498009,2,0x03,0.0000,0.1111,7.449217
7.498009,3,0x04,0.0000,0.0556,7.450188
7.499109,0,0x01,0.0000,0.1111,7.503191
7.499109,1,0x02,0.0000,-0.0556,7.504220
7.499109,2,0x03,0.0000,0.0556,7.505197
7.499109,3,0x04,0.0000,0.0556,7.502202
7.506891,0,0x01,0.0000,0.1111,7.503191
7.506891,1,0x02,0.0000,-0.0556,7.504220
7.506891,2,0x03,0.0000,0.0556,7.505197
7.506891,3,0x04,0.0000,0.0556,7.506196
7.507992,0,0x01,0.0000,0.1111,7.507191
7.507992,1,0x02,0.0000,-0.0556,7.504220
7.507992,2,0x03,0.0000,0.0556,7.505197
7.507992,3,0x04,0.0000,0.0556,7.506196
7.509090,0,0x01,0.0000,0.1111,7.512266
7.509090,1,0x02,0.0000,-0.0556,7.504220
7.509090,2,0x03,0.0000,0.0556,7.511225
7.509090,3,0x04,0.0000,0.0556,7.506196
7.515850,0,0x01,0.0000,0.1111,7.512266
7.515850,1,0x02,0.0000,-0.0556,7.504220
7.515850,2,0x03,0.0000,0.0556,7.511225
7.515850,3,0x04,0.0000,0.0556,7.506196
7.516920,0,0x01,0.0000,0.1111,7.512266
7.516920,1,0x02,0.0000,-0.0556,7.504220
7.516920,2,0x03,0.0000,0.0556,7.511225
7.516920,3,0x04,0.0000,0.0556,7.506196
7.518008,0,0x01,0.0000,0.1111,7.512266
7.518008,1,0x02,0.0000,-0.0556,7.504220
7.518008,2,0x03,0.0000,0.0556,7.511225
7.518008,3,0x04,0.0000,0.0556,7.506196
7.519102,0,0x01,0.0000,0.1111,7.512266
7.519102,1,0x02,0.0000,-0.0556,7.504220
7.519102,2,0x03,0.0000,0.0556,7.511225
7.519102,3,0x04,0.0000,0.0556,7.506196
7.526794,0,0x01,0.0000,0.1111,7.512266
7.526794,1,0x02,0.0000,-0.0556,7.504220
7.526794,2,0x03,0.0000,0.0556,7.511225
7.526794,3,0x04,0.0000,0.0556,7.506196
7.527878,0,0x01,0.0000,0.1111,7.512266
7.527878,1,0x02,0.0000,-0.0556,7.504220
7.527878,2,0x03,0.0000,0.0556,7.511225
7.527878,3,0x04,0.0000,0.0556,7.506196
7.528961,0,0x01,0.0000,0.1111,7.512266
7.528961,1,0x02,0.0000,-0.0556,7.504220
7.528961,2,0x03,0.0000,0.0556,7.511225
7.528961,3,0x04,0.0000,0.0556,7.506196
7.535824,0,0x01,0.0000,0.1111,7.512266
7.535824,1,0x02,0.0000,-0.0556,7.504220
7.535824,2,0x03,0.0000,0.0556,7.511225
7.535824,3,0x04,0.0000,0.0556,7.506196
7.536910,0,0x01,0.0000,0.1111,7.512266
7.536910,1,0x02,0.0000,-0.0556,7.504220
7.536910,2,0x03,0.0000,0.0556,7.511225
7.536910,3,0x04,0.0000,0.0556,7.506196
7.537981,0,0x01,0.0000,0.1111,7.512266
7.537981,1,0x02,0.0000,-0.0556,7.504220
7.537981,2,0x03,0.0000,0.0556,7.511225
7.537981,3,0x04,0.0000,0.0556,7.506196
7.539054,0,0x01,0.0000,0.1111,7.512266
7.539054,1,0x02,0.0000,-0.0556,7.504220
7.539054,2,0x03,0.0000,0.0556,7.511225
7.539054,3,0x04,0.0000,0.0556,7.506196
7.546812,0,0x01,0.0000,0.1111,7.512266
7.546812,1,0x02,0.0000,-0.0556,7.504220
7.546812,2,0x03,0.0000,0.0556,7.511225
7.546812,3,0x04,0.0000,0.0556,7.506196
7.547906,0,0x01,0.0000,0.1111,7.512266
7.547906,1,0x02,0.0000,-0.0556,7.504220
7.547906,2,0x03,0.0000,0.0556,7.511225
7.547906,3,0x04,0.0000,0.0556,7.506196
7.548996,0,0x01,0.0000,0.1111,7.554208
7.548996,1,0x02,0.0000,-0.0556,7.552222
7.548996,2,0x03,0.0000,0.0556,7.553196
7.548996,3,0x04,0.0000,0.0556,7.506196
7.555950,0,0x01,0.0000,0.1111,7.554208
7.555950,1,0x02,0.0000,-0.0556,7.555195
7.555950,2,0x03,0.0000,0.0556,7.553196
7.555950,3,0x04,0.0000,0.0556,7.506196
7.557045,0,0x01,0.0000,0.1111,7.554208
7.557045,1,0x02,0.0000,-0.0556,7.555195
7.557045,2,0x03,0.0000,0.0556,7.553196
7.557045,3,0x04,0.0000,0.0556,7.556178
7.558127,0,0x01,0.0000,0.1111,7.557184
7.558127,1,0x02,0.0000,-0.0556,7.555195
7.558127,2,0x03,0.0000,0.0556,7.553196
7.558127,3,0x04,0.0000,0.0556,7.556178
7.559292,0,0x01,0.0000,0.1111,7.557184
7.559292,1,0x02,0.0000,0.0000,7.558183
7.559292,2,0x03,0.0000,0.1111,7.559209
7.559292,3,0x04,0.0000,0.0556,7.560199
7.568881,0,0x01,0.0000,0.1111,7.557184
7.568881,1,0x02,0.0000,-0.1111,7.571213
7.568881,2,0x03,0.0000,0.1111,7.559209
7.568881,3,0x04,0.0000,0.0556,7.560199
7.575822,0,0x01,0.0000,0.1111,7.557184
7.575822,1,0x02,0.0000,-0.1111,7.571213
7.575822,2,0x03,0.0000,0.1111,7.559209
7.575822,3,0x04,0.0000,0.0556,7.560199
7.576893,0,0x01,0.0000,0.1111,7.557184
7.576893,1,0x02,0.0000,-0.1111,7.571213
7.576893,2,0x03,0.0000,0.1111,7.559209
7.576893,3,0x04,0.0000,0.0556,7.560199
7.577981,0,0x01,0.0000,0.1111,7.557184
7.577981,1,0x02,0.0000,-0.1111,7.571213
7.577981,2,0x03,0.0000,0.1111,7.559209
7.577981,3,0x04,0.0000,0.0556,7.560199
7.579068,0,0x01,0.0000,0.1111,7.557184
7.579068,1,0x02,0.0000,-0.1111,7.571213
7.579068,2,0x03,0.0000,0.1111,7.559209
7.579068,3,0x04,0.0000,0.0556,7.560199
7.586841,0,0x01,0.0000,0.1111,7.557184
7.586841,1,0x02,0.0000,-0.1111,7.571213
7.586841,2,0x03,0.0000,0.1111,7.559209
7.586841,3,0x04,0.0000,0.0556,7.560199
7.587927,0,0x01,0.0000,0.1111,7.557184
7.587927,1,0x02,0.0000,-0.1111,7.571213
7.587927,2,0x03,0.0000,0.1111,7.559209
7.587927,3,0x04,0.0000,0.0556,7.560199
7.588998,0,0x01,0.0000,0.1111,7.557184
7.588998,1,0x02,0.0000,-0.1111,7.571213
7.588998,2,0x03,0.0000,0.1111,7.559209
7.588998,3,0x04,0.0000,0.0556,7.560199
7.596800,0,0x01,0.0000,0.1111,7.557184
7.596800,1,0x02,0.0000,-0.1111,7.571213
7.596800,2,0x03,0.0000,0.1111,7.559209
7.596800,3,0x04,0.0000,0.0556,7.560199
7.597884,0,0x01,0.0000,0.1111,7.557184
7.597884,1,0x02,0.0000,-0.1111,7.571213
7.597884,2,0x03,0.0000,0.1111,7.559209
7.597884,3,0x04,0.0000,0.0556,7.560199
7.598967,0,0x01,0.0000,0.1111,7.557184
7.598967,1,0x02,0.0000,-0.1111,7.571213
7.598967,2,0x03,0.0000,0.1111,7.559209
7.598967,3,0x04,0.0000,0.0556,7.560199
7.605820,0,0x01,0.0000,0.1111,7.557184
7.605820,1,0x02,0.0000,-0.1111,7.571213
7.605820,2,0x03,0.0000,0.1111,7.559209
7.605820,3,0x04,0.0000,0.0556,7.560199
7.606894,0,0x01,0.0000,0.1111,7.557184
7.606894,1,0x02,0.0000,-0.1111,7.571213
7.606894,2,0x03,0.0000,0.1111,7.559209
7.606894,3,0x04,0.0000,0.0556,7.560199
7.607978,0,0x01,0.0000,0.1111,7.557184
7.607978,1,0x02,0.0000,-0.1111,7.571213
7.607978,2,0x03,0.0000,0.1111,7.559209
7.607978,3,0x04,0.0000,0.0556,7.560199
7.609061,0,0x01,0.0000,0.1111,7.615223
7.609061,1,0x02,0.0000,-0.0556,7.613197
7.609061,2,0x03,0.0000,0.0556,7.611203
7.609061,3,0x04,0.0000,0.0556,7.614191
7.616912,0,0x01,0.0000,0.1111,7.615223
7.616912,1,0x02,0.0000,-0.0556,7.616202
7.616912,2,0x03,0.0000,0.0556,7.611203
7.616912,3,0x04,0.0000,0.0556,7.614191
7.618075,0,0x01,0.0000,0.1111,7.615223
7.618075,1,0x02,0.0000,-0.0556,7.616202
7.618075,2,0x03,0.0000,0.0556,7.611203
7.618075,3,0x04,0.0000,0.1111,7.617207
7.619182,0,0x01,0.0000,0.1111,7.619230
7.619182,1,0x02,0.0000,-0.0556,7.616202
7.619182,2,0x03,0.0000,0.0556,7.620192
7.619182,3,0x04,0.0000,0.0556,7.621212
7.625838,0,0x01,0.0000,0.1111,7.619230
7.625838,1,0x02,0.0000,-0.0556,7.616202
7.625838,2,0x03,0.0000,0.0556,7.620192
7.625838,3,0x04,0.0000,0.0556,7.621212
7.626917,0,0x01,0.0000,0.1111,7.619230
7.626917,1,0x02,0.0000,-0.0556,7.616202
7.626917,2,0x03,0.0000,0.0556,7.620192
7.626917,3,0x04,0.0000,0.0556,7.621212
7.627982,0,0x01,0.0000,0.1111,7.619230
7.627982,1,0x02,0.0000,-0.0556,7.616202
7.627982,2,0x03,0.0000,0.0556,7.620192
7.627982,3,0x04,0.0000,0.0556,7.621212
7.629047,0,0x01,0.0000,0.1111,7.619230
7.629047,1,0x02,0.0000,-0.0556,7.616202
7.629047,2,0x03,0.0000,0.0556,7.620192
7.629047,3,0x04,0.0000,0.0556,7.621212
7.636901,0,0x01,0.0000,0.1111,7.619230
7.636901,1,0x02,0.0000,-0.0556,7.616202
7.636901,2,0x03,0.0000,0.0556,7.620192
7.636901,3,0x04,0.0000,0.0556,7.621212
7.637986,0,0x01,0.0000,0.1111,7.619230
7.637986,1,0x02,0.0000,-0.0556,7.616202
7.637986,2,0x03,0.0000,0.0556,7.620192
7.637986,3,0x04,0.0000,0.0556,7.621212
7.639056,0,0x01,0.0000,0.1111,7.619230
7.639056,1,0x02,0.0000,-0.0556,7.616202
7.639056,2,0x03,0.0000,0.0556,7.620192
7.639056,3,0x04,0.0000,0.0556,7.621212
7.646797,0,0x01,0.0000,0.1111,7.619230
7.646797,1,0x02,0.0000,-0.0556,7.616202
7.646797,2,0x03,0.0000,0.0556,7.620192
7.646797,3,0x04,0.0000,0.0556,7.621212
7.647882,0,0x01,0.0000,0.1111,7.619230
7.647882,1,0x02,0.0000,-0.0556,7.616202
7.647882,2,0x03,0.0000,0.0556,7.620192
7.647882,3,0x04,0.0000,0.0556,7.621212
7.648966,0,0x01,0.0000,0.1111,7.619230
7.648966,1,0x02,0.0000,-0.0556,7.616202
7.648966,2,0x03,0.0000,0.0556,7.620192
7.648966,3,0x04,0.0000,0.0556,7.621212
7.656784,0,0x01,0.0000,0.1111,7.619230
7.656784,1,0x02,0.0000,-0.0556,7.616202
7.656784,2,0x03,0.0000,0.0556,7.620192
7.656784,3,0x04,0.0000,0.0556,7.621212
7.657853,0,0x01,0.0000,0.1111,7.657215
7.657853,1,0x02,0.0000,-0.0556,7.616202
7.657853,2,0x03,0.0000,0.0556,7.620192
7.657853,3,0x04,0.0000,0.0556,7.621212
7.658970,0,0x01,0.0000,0.1111,7.663196
7.658970,1,0x02,0.0000,-0.0556,7.664194
7.658970,2,0x03,0.0000,0.0556,7.662196
7.658970,3,0x04,0.0000,0.0556,7.621212
7.665903,0,0x01,0.0000,0.1111,7.663196
7.665903,1,0x02,0.0000,-0.0556,7.664194
7.665903,2,0x03,0.0000,0.1111,7.665211
7.665903,3,0x04,0.0000,0.0556,7.621212
7.666987,0,0x01,0.0000,0.1111,7.663196
7.666987,1,0x02,0.0000,-0.0556,7.664194
7.666987,2,0x03,0.0000,0.1111,7.665211
7.666987,3,0x04,0.0000,0.0556,7.666183
7.668114,0,0x01,0.0000,0.1111,7.667179
7.668114,1,0x02,0.0000,-0.0556,7.664194
7.668114,2,0x03,0.0000,0.1111,7.665211
7.668114,3,0x04,0.0000,0.0556,7.666183
7.669265,0,0x01,0.0000,0.1111,7.667179
7.669265,1,0x02,0.0000,-0.0556,7.664194
7.669265,2,0x03,0.0000,0.1111,7.668222
7.669265,3,0x04,0.0000,0.0556,7.669197
7.678833,0,0x01,0.0000,0.1111,7.667179
7.678833,1,0x02,0.0000,-0.0556,7.664194
7.678833,2,0x03,0.0000,0.1111,7.668222
7.678833,3,0x04,0.0000,0.0556,7.669197
7.684792,0,0x01,0.0000,0.1111,7.667179
7.684792,1,0x02,0.0000,-0.0556,7.664194
7.684792,2,0x03,0.0000,0.1111,7.668222
7.684792,3,0x04,0.0000,0.0556,7.669197
7.685868,0,0x01,0.0000,0.1111,7.667179
7.685868,1,0x02,0.0000,-0.0556,7.664194
7.685868,2,0x03,0.0000,0.1111,7.668222
7.685868,3,0x04,0.0000,0.0556,7.669197
7.686957,0,0x01,0.0000,0.1111,7.667179
7.686957,1,0x02,0.0000,-0.0556,7.664194
7.686957,2,0x03,0.0000,0.1111,7.668222
7.686957,3,0x04,0.0000,0.0556,7.669197
7.688062,0,0x01,0.0000,0.1111,7.667179
7.688062,1,0x02,0.0000,-0.0556,7.664194
7.688062,2,0x03,0.0000,0.1111,7.668222
7.688062,3,0x04,0.0000,0.0556,7.669197
7.689143,0,0x01,0.0000,0.1111,7.667179
7.689143,1,0x02,0.0000,-0.0556,7.664194
7.689143,2,0x03,0.0000,0.1111,7.668222
7.689143,3,0x04,0.0000,0.0556,7.669197
7.696789,0,0x01,0.0000,0.1111,7.667179
7.696789,1,0x02,0.0000,-0.0556,7.664194
7.696789,2,0x03,0.0000,0.1111,7.668222
7.696789,3,0x04,0.0000,0.0556,7.669197
7.697858,0,0x01,0.0000,0.1111,7.667179
7.697858,1,0x02,0.0000,-0.0556,7.664194
7.697858,2,0x03,0.0000,0.1111,7.668222
7.697858,3,0x04,0.0000,0.0556,7.669197
7.698946,0,0x01,0.0000,0.1111,7.667179
7.698946,1,0x02,0.0000,-0.0556,7.664194
7.698946,2,0x03,0.0000,0.1111,7.668222
7.698946,3,0x04,0.0000,0.0556,7.669197
7.705804,0,0x01,0.0000,0.1111,7.667179
7.705804,1,0x02,0.0000,-0.0556,7.664194
7.705804,2,0x03,0.0000,0.1111,7.668222
7.705804,3,0x04,0.0000,0.0556,7.669197
7.706874,0,0x01,0.0000,0.1111,7.667179
7.706874,1,0x02,0.0000,-0.0556,7.664194
7.706874,2,0x03,0.0000,0.1111,7.668222
7.706874,3,0x04,0.0000,0.0556,7.669197
7.707945,0,0x01,0.0000,0.1111,7.667179
7.707945,1,0x02,0.0000,-0.0556,7.664194
7.707945,2,0x03,0.0000,0.1111,7.668222
7.707945,3,0x04,0.0000,0.0556,7.669197
7.709032,0,0x01,0.0000,0.1111,7.667179
7.709032,1,0x02,0.0000,-0.0556,7.664194
7.709032,2,0x03,0.0000,0.1111,7.668222
7.709032,3,0x04,0.0000,0.0556,7.669197
7.714775,0,0x01,0.0000,0.1111,7.667179
7.714775,1,0x02,0.0000,-0.0556,7.664194
7.714775,2,0x03,0.0000,0.1111,7.668222
7.714775,3,0x04,0.0000,0.0556,7.669197
7.715871,0,0x01,0.0000,0.1111,7.667179
7.715871,1,0x02,0.0000,-0.0556,7.664194
7.715871,2,0x03,0.0000,0.1111,7.668222
7.715871,3,0x04,0.0000,0.0556,7.669197
7.716973,0,0x01,0.0000,0.1111,7.667179
7.716973,1,0x02,0.0000,-0.0556,7.664194
7.716973,2,0x03,0.0000,0.0556,7.716181
7.716973,3,0x04,0.0000,0.0556,7.669197
7.718101,0,0x01,0.0000,0.1111,7.667179
7.718101,1,0x02,0.0000,-0.0556,7.664194
7.718101,2,0x03,0.0000,0.0556,7.716181
7.718101,3,0x04,0.0000,0.0556,7.717193
7.719217,0,0x01,0.0000,0.1111,7.724188
7.719217,1,0x02,0.0000,-0.0556,7.725199
7.719217,2,0x03,0.0000,0.1111,7.723200
7.719217,3,0x04,0.0000,0.0556,7.720194
7.726874,0,0x01,0.0000,0.1111,7.724188
7.726874,1,0x02,0.0000,-0.0556,7.725199
7.726874,2,0x03,0.0000,0.1111,7.723200
7.726874,3,0x04,0.0000,0.0556,7.726215
7.727981,0,0x01,0.0000,0.1111,7.724188
7.727981,1,0x02,0.0000,-0.0556,7.725199
7.727981,2,0x03,0.0000,0.1111,7.723200
7.727981,3,0x04,0.0000,0.0556,7.726215
7.729064,0,0x01,0.0000,0.1111,7.728169
7.729064,1,0x02,0.0000,-0.0556,7.725199
7.729064,2,0x03,0.0000,0.1111,7.723200
7.729064,3,0x04,0.0000,0.0556,7.729178
7.735879,0,0x01,0.0000,0.1111,7.728169
7.735879,1,0x02,0.0000,-0.0556,7.725199
7.735879,2,0x03,0.0000,0.1111,7.723200
7.735879,3,0x04,0.0000,0.0556,7.729178
7.736971,0,0x01,0.0000,0.1111,7.728169
7.736971,1,0x02,0.0000,-0.0556,7.725199
7.736971,2,0x03,0.0000,0.1111,7.723200
7.736971,3,0x04,0.0000,0.0556,7.729178
7.738063,0,0x01,0.0000,0.1111,7.728169
7.738063,1,0x02,0.0000,-0.0556,7.725199
7.738063,2,0x03,0.0000,0.1111,7.723200
7.738063,3,0x04,0.0000,0.0556,7.729178
7.739151,0,0x01,0.0000,0.1111,7.728169
7.739151,1,0x02,0.0000,-0.0556,7.725199
7.739151,2,0x03,0.0000,0.1111,7.723200
7.739151,3,0x04,0.0000,0.0556,7.729178
7.746787,0,0x01,0.0000,0.1111,7.728169
7.746787,1,0x02,0.0000,-0.0556,7.725199
7.746787,2,0x03,0.0000,0.1111,7.723200
7.746787,3,0x04,0.0000,0.0556,7.729178
7.747861,0,0x01,0.0000,0.1111,7.728169
7.747861,1,0x02,0.0000,-0.0556,7.725199
7.747861,2,0x03,0.0000,0.1111,7.723200
7.747861,3,0x04,0.0000,0.0556,7.729178
7.748948,0,0x01,0.0000,0.1111,7.728169
7.748948,1,0x02,0.0000,-0.0556,7.725199
7.748948,2,0x03,0.0000,0.1111,7.723200
7.748948,3,0x04,0.0000,0.0556,7.729178
7.755807,0,0x01,0.0000,0.1111,7.728169
7.755807,1,0x02,0.0000,-0.0556,7.725199
7.755807,2,0x03,0.0000,0.1111,7.723200
7.755807,3,0x04,0.0000,0.0556,7.729178
7.756891,0,0x01,0.0000,0.1111,7.728169
7.756891,1,0x02,0.0000,-0.0556,7.725199
7.756891,2,0x03,0.0000,0.1111,7.723200
7.756891,3,0x04,0.0000,0.0556,7.729178
7.757978,0,0x01,0.0000,0.1111,7.728169
7.757978,1,0x02,0.0000,-0.0556,7.725199
7.757978,2,0x03,0.0000,0.1111,7.723200
7.757978,3,0x04,0.0000,0.0556,7.729178
7.759068,0,0x01,0.0000,0.1111,7.765209
7.759068,1,0x02,0.0000,-0.0556,7.725199
7.759068,2,0x03,0.0000,0.1111,7.723200
7.759068,3,0x04,0.0000,0.0556,7.729178
7.766851,0,0x01,0.0000,0.1111,7.765209
7.766851,1,0x02,0.0000,-0.0556,7.725199
7.766851,2,0x03,0.0000,0.1111,7.723200
7.766851,3,0x04,0.0000,0.0556,7.729178
7.767926,0,0x01,0.0000,0.1111,7.765209
7.767926,1,0x02,0.0000,-0.0556,7.725199
7.767926,2,0x03,0.0000,0.0556,7.767385
7.767926,3,0x04,0.0000,0.0556,7.729178
7.769036,0,0x01,0.0000,0.1111,7.774199
7.769036,1,0x02,0.0000,-0.0556,7.772188
7.769036,2,0x03,0.0000,0.1111,7.773187
7.769036,3,0x04,0.0000,0.0556,7.768184
7.775912,0,0x01,0.0000,0.1111,7.774199
7.775912,1,0x02,0.0000,-0.0556,7.775197
7.775912,2,0x03,0.0000,0.1111,7.773187
7.775912,3,0x04,0.0000,0.0556,7.768184
7.777027,0,0x01,0.0000,0.1111,7.774199
7.777027,1,0x02,0.0000,-0.0556,7.775197
7.777027,2,0x03,0.0000,0.1111,7.776177
7.777027,3,0x04,0.0000,0.0556,7.768184
7.778145,0,0x01,0.0000,0.1111,7.774199
7.778145,1,0x02,0.0000,-0.0556,7.775197
7.778145,2,0x03,0.0000,0.1111,7.776177
7.778145,3,0x04,0.0000,0.0556,7.777197
7.779271,0,0x01,0.0000,0.1111,7.778325
7.779271,1,0x02,0.0000,-0.0556,7.779180
7.779271,2,0x03,0.0000,0.1111,7.776177
7.779271,3,0x04,0.0000,0.0556,7.777197
7.786889,0,0x01,0.0000,0.1111,7.778325
7.786889,1,0x02,0.0000,-0.0556,7.779180
7.786889,2,0x03,0.0000,0.1111,7.776177
7.786889,3,0x04,0.0000,0.0556,7.777197
7.787968,0,0x01,0.0000,0.1111,7.778325
7.787968,1,0x02,0.0000,-0.0556,7.779180
7.787968,2,0x03,0.0000,0.1111,7.776177
7.787968,3,0x04,0.0000,0.0556,7.777197
7.789046,0,0x01,0.0000,0.1111,7.778325
7.789046,1,0x02,0.0000,-0.0556,7.779180
7.789046,2,0x03,0.0000,0.1111,7.776177
7.789046,3,0x04,0.0000,0.0556,7.777197
7.796817,0,0x01,0.0000,0.1111,7.778325
7.796817,1,0x02,0.0000,-0.0556,7.779180
7.796817,2,0x03,0.0000,0.1111,7.776177
7.796817,3,0x04,0.0000,0.0556,7.777197
7.797884,0,0x01,0.0000,0.1111,7.778325
7.797884,1,0x02,0.0000,-0.0556,7.779180
7.797884,2,0x03,0.0000,0.1111,7.776177
7.797884,3,0x04,0.0000,0.0556,7.777197
7.798957,0,0x01,0.0000,0.1111,7.778325
7.798957,1,0x02,0.0000,-0.0556,7.779180
7.798957,2,0x03,0.0000,0.1111,7.776177
7.798957,3,0x04,0.0000,0.0556,7.777197
7.805812,0,0x01,0.0000,0.1111,7.778325
7.805812,1,0x02,0.0000,-0.0556,7.779180
7.805812,2,0x03,0.0000,0.1111,7.776177
7.805812,3,0x04,0.0000,0.0556,7.777197
7.806882,0,0x01,0.0000,0.1111,7.778325
7.806882,1,0x02,0.0000,-0.0556,7.779180
7.806882,2,0x03,0.0000,0.1111,7.776177
7.806882,3,0x04,0.0000,0.0556,7.777197
7.807951,0,0x01,0.0000,0.1111,7.778325
7.807951,1,0x02,0.0000,-0.0556,7.779180
7.807951,2,0x03,0.0000,0.1111,7.776177
7.807951,3,0x04,0.0000,0.0556,7.777197
7.809041,0,0x01,0.0000,0.1111,7.778325
7.809041,1,0x02,0.0000,-0.0556,7.779180
7.809041,2,0x03,0.0000,0.1111,7.776177
7.809041,3,0x04,0.0000,0.0556,7.815210
7.816878,0,0x01,0.0000,0.1111,7.816187
7.816878,1,0x02,0.0000,-0.0556,7.779180
7.816878,2,0x03,0.0000,0.1111,7.776177
7.816878,3,0x04,0.0000,0.0556,7.815210
7.817971,0,0x01,0.0000,0.1111,7.816187
7.817971,1,0x02,0.0000,-0.0556,7.817171
7.817971,2,0x03,0.0000,0.1111,7.776177
7.817971,3,0x04,0.0000,0.0556,7.815210
7.819082,0,0x01,0.0000,0.1111,7.823186
7.819082,1,0x02,0.0000,-0.0556,7.824186
7.819082,2,0x03,0.0000,0.1111,7.821187
7.819082,3,0x04,0.0000,0.0556,7.822198
7.825914,0,0x01,0.0000,0.1111,7.823186
7.825914,1,0x02,0.0000,-0.0556,7.824186
7.825914,2,0x03,0.0000,0.0556,7.825186
7.825914,3,0x04,0.0000,0.0556,7.822198
7.826998,0,0x01,0.0000,0.1111,7.823186
7.826998,1,0x02,0.0000,-0.0556,7.826167
7.826998,2,0x03,0.0000,0.0556,7.825186
7.826998,3,0x04,0.0000,0.0556,7.822198
7.828107,0,0x01,0.0000,0.1111,7.823186
7.828107,1,0x02,0.0000,-0.0556,7.826167
7.828107,2,0x03,0.0000,0.0556,7.825186
7.828107,3,0x04,0.0000,0.0556,7.822198
7.829188,0,0x01,0.0000,0.1111,7.823186
7.829188,1,0x02,0.0000,-0.0556,7.826167
7.829188,2,0x03,0.0000,0.0556,7.825186
7.829188,3,0x04,0.0000,0.0556,7.822198
7.837819,0,0x01,0.0000,0.1111,7.823186
7.837819,1,0x02,0.0000,-0.0556,7.826167
7.837819,2,0x03,0.0000,0.0556,7.825186
7.837819,3,0x04,0.0000,0.0556,7.822198
7.838891,0,0x01,0.0000,0.1111,7.844189
7.838891,1,0x02,0.0000,-0.1111,7.840200
7.838891,2,0x03,0.0000,0.1111,7.841186
7.838891,3,0x04,0.0000,0.0556,7.842185
7.845920,0,0x01,0.0000,0.1111,7.844189
7.845920,1,0x02,0.0000,-0.1111,7.840200
7.845920,2,0x03,0.0000,0.1111,7.841186
7.845920,3,0x04,0.0000,0.0556,7.842185
7.846989,0,0x01,0.0000,0.1111,7.844189
7.846989,1,0x02,0.0000,-0.1111,7.840200
7.846989,2,0x03,0.0000,0.1111,7.841186
7.846989,3,0x04,0.0000,0.0556,7.842185
7.848086,0,0x01,0.0000,0.1111,7.844189
7.848086,1,0x02,0.0000,-0.0556,7.847169
7.848086,2,0x03,0.0000,0.1111,7.841186
7.848086,3,0x04,0.0000,0.0556,7.842185
7.849185,0,0x01,0.0000,0.1111,7.844189
7.849185,1,0x02,0.0000,-0.0556,7.847169
7.849185,2,0x03,0.0000,0.0556,7.850177
7.849185,3,0x04,0.0000,0.0556,7.852203
7.856831,0,0x01,0.0000,0.1111,7.856201
7.856831,1,0x02,0.0000,-0.0556,7.847169
7.856831,2,0x03,0.0000,0.0556,7.850177
7.856831,3,0x04,0.0000,0.0556,7.852203
7.857910,0,0x01,0.0000,0.1111,7.856201
7.857910,1,0x02,0.0000,-0.0556,7.847169
7.857910,2,0x03,0.0000,0.0556,7.850177
7.857910,3,0x04,0.0000,0.0556,7.852203
7.858977,0,0x01,0.0000,0.1111,7.856201
7.858977,1,0x02,0.0000,-0.0556,7.858171
7.858977,2,0x03,0.0000,0.1111,7.860190
7.858977,3,0x04,0.0000,0.0556,7.863186
7.865823,0,0x01,0.0000,0.1111,7.856201
7.865823,1,0x02,0.0000,-0.0556,7.858171
7.865823,2,0x03,0.0000,0.1111,7.860190
7.865823,3,0x04,0.0000,0.0556,7.863186
7.866900,0,0x01,0.0000,0.1111,7.856201
7.866900,1,0x02,0.0000,-0.0556,7.858171
7.866900,2,0x03,0.0000,0.1111,7.860190
7.866900,3,0x04,0.0000,0.0556,7.863186
7.867988,0,0x01,0.0000,0.1111,7.867174
7.867988,1,0x02,0.0000,-0.0556,7.858171
7.867988,2,0x03,0.0000,0.1111,7.860190
7.867988,3,0x04,0.0000,0.0556,7.863186
7.869097,0,0x01,0.0000,0.1111,7.867174
7.869097,1,0x02,0.0000,-0.1111,7.870182
7.869097,2,0x03,0.0000,0.1111,7.860190
7.869097,3,0x04,0.0000,0.0556,7.863186
7.876836,0,0x01,0.0000,0.1111,7.867174
7.876836,1,0x02,0.0000,-0.1111,7.870182
7.876836,2,0x03,0.0000,0.1111,7.860190
7.876836,3,0x04,0.0000,0.0556,7.863186
7.877909,0,0x01,0.0000,0.1111,7.867174
7.877909,1,0x02,0.0000,-0.1111,7.870182
7.877909,2,0x03,0.0000,0.1111,7.860190
7.877909,3,0x04,0.0000,0.0556,7.863186
7.878996,0,0x01,0.0000,0.1111,7.867174
7.878996,1,0x02,0.0000,-0.1111,7.870182
7.878996,2,0x03,0.0000,0.1111,7.860190
7.878996,3,0x04,0.0000,0.0556,7.863186
7.885818,0,0x01,0.0000,0.1111,7.867174
7.885818,1,0x02,0.0000,-0.1111,7.870182
7.885818,2,0x03,0.0000,0.1111,7.860190
7.885818,3,0x04,0.0000,0.0556,7.863186
7.886892,0,0x01,0.0000,0.1111,7.867174
7.886892,1,0x02,0.0000,-0.1111,7.870182
7.886892,2,0x03,0.0000,0.1111,7.860190
7.886892,3,0x04,0.0000,0.0556,7.863186
7.887988,0,0x01,0.0000,0.1111,7.867174
7.887988,1,0x02,0.0000,-0.1111,7.870182
7.887988,2,0x03,0.0000,0.1111,7.860190
7.887988,3,0x04,0.0000,0.0556,7.863186
7.889074,0,0x01,0.0000,0.1111,7.867174
7.889074,1,0x02,0.0000,-0.1111,7.870182
7.889074,2,0x03,0.0000,0.1111,7.860190
7.889074,3,0x04,0.0000,0.0556,7.863186
7.896900,0,0x01,0.0000,0.1111,7.867174
7.896900,1,0x02,0.0000,-0.1111,7.870182
7.896900,2,0x03,0.0000,0.1111,7.860190
7.896900,3,0x04,0.0000,0.0556,7.863186
7.897989,0,0x01,0.0000,0.1111,7.867174
7.897989,1,0x02,0.0000,-0.1111,7.870182
7.897989,2,0x03,0.0000,0.1111,7.860190
7.897989,3,0x04,0.0000,0.0556,7.863186
7.899092,0,0x01,0.0000,0.1111,7.867174
7.899092,1,0x02,0.0000,-0.1111,7.870182
7.899092,2,0x03,0.0000,0.1111,7.860190
7.899092,3,0x04,0.0000,0.0556,7.863186
7.905785,0,0x01,0.0000,0.1111,7.867174
7.905785,1,0x02,0.0000,-0.1111,7.870182
7.905785,2,0x03,0.0000,0.1111,7.860190
7.905785,3,0x04,0.0000,0.0556,7.863186
7.906870,0,0x01,0.0000,0.1111,7.867174
7.906870,1,0x02,0.0000,-0.1111,7.870182
7.906870,2,0x03,0.0000,0.1111,7.860190
7.906870,3,0x04,0.0000,0.0556,7.863186
7.907960,0,0x01,0.0000,0.1111,7.867174
7.907960,1,0x02,0.0000,-0.1111,7.870182
7.907960,2,0x03,0.0000,0.1111,7.860190
7.907960,3,0x04,0.0000,0.0556,7.863186
7.909050,0,0x01,0.0000,0.1111,7.915195
7.909050,1,0x02,0.0000,-0.1111,7.870182
7.909050,2,0x03,0.0000,0.1111,7.914200
7.909050,3,0x04,0.0000,0.0556,7.912188
7.916945,0,0x01,0.0000,0.1111,7.915195
7.916945,1,0x02,0.0000,-0.0556,7.916189
7.916945,2,0x03,0.0000,0.1111,7.914200
7.916945,3,0x04,0.0000,0.0556,7.912188
7.918053,0,0x01,0.0000,0.1111,7.915195
7.918053,1,0x02,0.0000,-0.0556,7.916189
7.918053,2,0x03,0.0000,0.1111,7.917169
7.918053,3,0x04,0.0000,0.0556,7.912188
7.919172,0,0x01,0.0000,0.0556,7.918171
7.919172,1,0x02,0.0000,-0.0556,7.919211
7.919172,2,0x03,0.0000,0.1111,7.917169
7.919172,3,0x04,0.0000,0.0556,7.912188
7.928834,0,0x01,0.0000,0.0556,7.918171
7.928834,1,0x02,0.0000,-0.0556,7.919211
7.928834,2,0x03,0.0000,0.1111,7.917169
7.928834,3,0x04,0.0000,0.0556,7.912188
7.936801,0,0x01,0.0000,0.0556,7.918171
7.936801,1,0x02,0.0000,-0.0556,7.919211
7.936801,2,0x03,0.0000,0.1111,7.917169
7.936801,3,0x04,0.0000,0.0556,7.912188
7.937892,0,0x01,0.0000,0.0556,7.918171
7.937892,1,0x02,0.0000,-0.0556,7.919211
7.937892,2,0x03,0.0000,0.1111,7.917169
7.937892,3,0x04,0.0000,0.0556,7.912188
7.938962,0,0x01,0.0000,0.0556,7.918171
7.938962,1,0x02,0.0000,-0.0556,7.919211
7.938962,2,0x03,0.0000,0.1111,7.917169
7.938962,3,0x04,0.0000,0.0556,7.912188
7.945820,0,0x01,0.0000,0.0556,7.918171
7.945820,1,0x02,0.0000,-0.0556,7.919211
7.945820,2,0x03,0.0000,0.1111,7.917169
7.945820,3,0x04,0.0000,0.0556,7.912188
7.946891,0,0x01,0.0000,0.0556,7.918171
7.946891,1,0x02,0.0000,-0.0556,7.919211
7.946891,2,0x03,0.0000,0.1111,7.917169
7.946891,3,0x04,0.0000,0.0556,7.912188
7.947984,0,0x01,0.0000,0.0556,7.918171
7.947984,1,0x02,0.0000,-0.0556,7.919211
7.947984,2,0x03,0.0000,0.1111,7.917169
7.947984,3,0x04,0.0000,0.0556,7.912188
7.949070,0,0x01,0.0000,0.0556,7.918171
7.949070,1,0x02,0.0000,-0.0556,7.919211
7.949070,2,0x03,0.0000,0.1111,7.917169
7.949070,3,0x04,0.0000,0.0556,7.912188
7.956789,0,0x01,0.0000,0.0556,7.918171
7.956789,1,0x02,0.0000,-0.0556,7.919211
7.956789,2,0x03,0.0000,0.1111,7.917169
7.956789,3,0x04,0.0000,0.0556,7.912188
7.957859,0,0x01,0.0000,0.0556,7.918171
7.957859,1,0x02,0.0000,-0.0556,7.919211
7.957859,2,0x03,0.0000,0.1111,7.917169
7.957859,3,0x04,0.0000,0.0556,7.912188
7.958945,0,0x01,0.0000,0.0556,7.918171
7.958945,1,0x02,-5.0000,-0.0556,7.919211
7.958945,2,0x03,0.0000,0.1111,7.917169
7.958945,3,0x04,0.0000,0.0556,7.912188
7.965862,0,0x01,0.0000,0.0556,7.918171
7.965862,1,0x02,-5.0000,-0.0556,7.919211
7.965862,2,0x03,0.0000,0.1111,7.917169
7.965862,3,0x04,0.0000,0.0556,7.912188
7.966932,0,0x01,0.0000,0.0556,7.918171
7.966932,1,0x02,-5.0000,-0.0556,7.919211
7.966932,2,0x03,0.0000,0.1111,7.917169
7.966932,3,0x04,0.0000,0.0556,7.912188
7.968035,0,0x01,0.0000,0.1111,7.967361
7.968035,1,0x02,-5.0000,-0.0556,7.919211
7.968035,2,0x03,0.0000,0.1111,7.917169
7.968035,3,0x04,0.0000,0.0556,7.912188
7.969147,0,0x01,0.0000,0.0556,7.973246
7.969147,1,0x02,-5.0000,-0.0556,7.971246
7.969147,2,0x03,0.0000,0.1111,7.975256
7.969147,3,0x04,0.0000,0.0556,7.972260
7.977093,0,0x01,0.0000,0.0556,7.973246
7.977093,1,0x02,-5.0000,-0.0556,7.971246
7.977093,2,0x03,0.0000,0.1111,7.975256
7.977093,3,0x04,0.0000,0.0556,7.976205
7.978177,0,0x01,0.0000,0.0556,7.973246
7.978177,1,0x02,-5.0000,-0.0556,7.977272
7.978177,2,0x03,0.0000,0.1111,7.975256
7.978177,3,0x04,0.0000,0.0556,7.976205
7.979311,0,0x01,0.0000,0.1111,7.982250
7.979311,1,0x02,-5.0000,-0.0556,7.980235
7.979311,2,0x03,0.0000,0.0556,7.981360
7.979311,3,0x04,0.0000,0.0556,7.979246
7.985900,0,0x01,0.0000,0.1111,7.982250
7.985900,1,0x02,-5.0000,-0.0556,7.980235
7.985900,2,0x03,0.0000,0.0556,7.981360
7.985900,3,0x04,0.0000,0.0556,7.979246
7.986991,0,0x01,0.0000,0.1111,7.982250
7.986991,1,0x02,-5.0000,-0.0556,7.980235
7.986991,2,0x03,0.0000,0.0556,7.981360
7.986991,3,0x04,0.0000,0.0556,7.979246
7.988085,0,0x01,0.0000,0.1111,7.982250
7.988085,1,0x02,-5.0000,-0.0556,7.980235
7.988085,2,0x03,0.0000,0.0556,7.981360
7.988085,3,0x04,0.0000,0.0556,7.979246
7.989176,0,0x01,0.0000,0.1111,7.982250
7.989176,1,0x02,-5.0000,-0.0556,7.980235
7.989176,2,0x03,0.0000,0.0556,7.981360
7.989176,3,0x04,0.0000,0.0556,7.979246
7.996784,0,0x01,0.0000,0.1111,7.982250
7.996784,1,0x02,-5.0000,-0.0556,7.980235
7.996784,2,0x03,0.0000,0.0556,7.981360
7.996784,3,0x04,0.0000,0.0556,7.979246
7.997851,0,0x01,0.0000,0.1111,7.982250
7.997851,1,0x02,-5.0000,-0.0556,7.980235
7.997851,2,0x03,0.0000,0.0556,7.981360
7.997851,3,0x04,0.0000,0.0556,7.979246
7.998922,0,0x01,0.0000,0.1111,7.982250
7.998922,1,0x02,-5.0000,-0.0556,7.980235
7.998922,2,0x03,0.0000,0.0556,7.981360
7.998922,3,0x04,0.0000,0.0556,7.979246
8.005790,0,0x01,0.0000,0.1111,7.982250
8.005790,1,0x02,-5.0000,-0.0556,7.980235
8.005790,2,0x03,0.0000,0.0556,7.981360
8.005790,3,0x04,0.0000,0.0556,7.979246
8.006869,0,0x01,0.0000,0.1111,7.982250
8.006869,1,0x02,-5.0000,-0.0556,7.980235
8.006869,2,0x03,0.0000,0.0556,7.981360
8.006869,3,0x04,0.0000,0.0556,7.979246
8.007961,0,0x01,0.0000,0.1111,7.982250
8.007961,1,0x02,-5.0000,-0.0556,7.980235
8.007961,2,0x03,0.0000,0.0556,7.981360
8.007961,3,0x04,0.0000,0.0556,7.979246
8.009045,0,0x01,0.0000,0.1111,7.982250
8.009045,1,0x02,-5.0000,-0.0556,7.980235
8.009045,2,0x03,0.0000,0.0556,7.981360
8.009045,3,0x04,0.0000,0.0556,7.979246
8.014790,0,0x01,0.0000,0.1111,7.982250
8.014790,1,0x02,-5.0000,-0.0556,7.980235
8.014790,2,0x03,0.0000,0.0556,7.981360
8.014790,3,0x04,0.0000,0.0556,7.979246
8.015856,0,0x01,0.0000,0.1111,7.982250
8.015856,1,0x02,-5.0000,-0.0556,7.980235
8.015856,2,0x03,0.0000,0.0556,7.981360
8.015856,3,0x04,0.0000,0.0556,7.979246
8.016927,0,0x01,0.0000,0.1111,7.982250
8.016927,1,0x02,-5.0000,-0.0556,7.980235
8.016927,2,0x03,0.0000,0.0556,7.981360
8.016927,3,0x04,0.0000,0.0556,7.979246
8.018010,0,0x01,0.0000,0.1111,7.982250
8.018010,1,0x02,-5.0000,-0.0556,7.980235
8.018010,2,0x03,0.0000,0.0556,7.981360
8.018010,3,0x04,0.0000,0.0556,7.979246
8.019097,0,0x01,0.0000,0.1111,8.024187
8.019097,1,0x02,-5.0000,-3.6111,8.025186
8.019097,2,0x03,0.0000,0.1111,8.023199
8.019097,3,0x04,0.0000,0.0556,7.979246
8.026891,0,0x01,0.0000,0.1111,8.024187
8.026891,1,0x02,-5.0000,-3.6111,8.025186
8.026891,2,0x03,0.0000,0.1111,8.023199
8.026891,3,0x04,0.0000,0.0556,8.026197
8.027991,0,0x01,0.0000,0.1111,8.027180
8.027991,1,0x02,-5.0000,-3.6111,8.025186
8.027991,2,0x03,0.0000,0.1111,8.023199
8.027991,3,0x04,0.0000,0.0556,8.026197
8.029104,0,0x01,0.0000,0.1111,8.027180
8.029104,1,0x02,-5.0000,-4.0556,8.028178
8.029104,2,0x03,0.0000,0.1111,8.023199
8.029104,3,0x04,0.0000,0.0556,8.029180
8.035835,0,0x01,0.0000,0.1111,8.027180
8.035835,1,0x02,-5.0000,-4.0556,8.028178
8.035835,2,0x03,0.0000,0.1111,8.023199
8.035835,3,0x04,0.0000,0.0556,8.029180
8.036912,0,0x01,0.0000,0.1111,8.027180
8.036912,1,0x02,-5.0000,-4.0556,8.028178
8.036912,2,0x03,0.0000,0.1111,8.023199
8.036912,3,0x04,0.0000,0.0556,8.029180
8.038000,0,0x01,0.0000,0.1111,8.027180
8.038000,1,0x02,-5.0000,-4.0556,8.028178
8.038000,2,0x03,0.0000,0.1111,8.023199
8.038000,3,0x04,0.0000,0.0556,8.029180
8.039091,0,0x01,0.0000,0.1111,8.027180
8.039091,1,0x02,-5.0000,-4.0556,8.028178
8.039091,2,0x03,0.0000,0.1111,8.023199
8.039091,3,0x04,0.0000,0.0556,8.029180
8.046796,0,0x01,0.0000,0.1111,8.027180
8.046796,1,0x02,-5.0000,-4.0556,8.028178
8.046796,2,0x03,0.0000,0.1111,8.023199
8.046796,3,0x04,0.0000,0.0556,8.029180
8.047863,0,0x01,0.0000,0.1111,8.027180
8.047863,1,0x02,-5.0000,-4.0556,8.028178
8.047863,2,0x03,0.0000,0.1111,8.023199
8.047863,3,0x04,0.0000,0.0556,8.029180
8.048934,0,0x01,0.0000,0.1111,8.027180
8.048934,1,0x02,-5.0000,-4.0556,8.028178
8.048934,2,0x03,0.0000,0.1111,8.023199
8.048934,3,0x04,0.0000,0.0556,8.029180
8.055807,0,0x01,0.0000,0.1111,8.027180
8.055807,1,0x02,-5.0000,-4.0556,8.028178
8.055807,2,0x03,0.0000,0.1111,8.023199
8.055807,3,0x04,0.0000,0.0556,8.029180
8.056880,0,0x01,0.0000,0.1111,8.027180
8.056880,1,0x02,-5.0000,-4.0556,8.028178
8.056880,2,0x03,0.0000,0.1111,8.023199
8.056880,3,0x04,0.0000,0.0556,8.029180
8.057960,0,0x01,0.0000,0.1111,8.027180
8.057960,1,0x02,-5.0000,-4.0556,8.028178
8.057960,2,0x03,0.0000,0.1111,8.023199
8.057960,3,0x04,0.0000,0.0556,8.029180
8.059044,0,0x01,0.0000,0.1111,8.027180
8.059044,1,0x02,-5.0000,-4.0556,8.028178
8.059044,2,0x03,0.0000,0.1111,8.023199
8.059044,3,0x04,0.0000,0.0556,8.029180
8.064779,0,0x01,0.0000,0.1111,8.027180
8.064779,1,0x02,-5.0000,-4.0556,8.028178
8.064779,2,0x03,0.0000,0.1111,8.023199
8.064779,3,0x04,0.0000,0.0556,8.029180
8.065846,0,0x01,0.0000,0.1111,8.027180
8.065846,1,0x02,-5.0000,-4.0556,8.028178
8.065846,2,0x03,0.0000,0.1111,8.023199
8.065846,3,0x04,0.0000,0.0556,8.029180
8.066915,0,0x01,0.0000,0.1111,8.027180
8.066915,1,0x02,-5.0000,-4.0556,8.028178
8.066915,2,0x03,0.0000,0.1111,8.023199
8.066915,3,0x04,0.0000,0.0556,8.029180
8.067997,0,0x01,0.0000,0.1111,8.027180
8.067997,1,0x02,-5.0000,-4.0556,8.028178
8.067997,2,0x03,0.0000,0.1111,8.023199
8.067997,3,0x04,0.0000,0.0556,8.029180
8.069070,0,0x01,0.0000,0.1111,8.027180
8.069070,1,0x02,-5.0000,-4.0556,8.028178
8.069070,2,0x03,0.0000,0.1111,8.023199
8.069070,3,0x04,0.0000,0.0556,8.029180
8.076808,0,0x01,0.0000,0.1111,8.027180
8.076808,1,0x02,-5.0000,-4.0556,8.028178
8.076808,2,0x03,0.0000,0.1111,8.023199
8.076808,3,0x04,0.0000,0.0556,8.029180
8.077883,0,0x01,0.0000,0.1111,8.027180
8.077883,1,0x02,-5.0000,-4.0556,8.028178
8.077883,2,0x03,0.0000,0.0556,8.077191
8.077883,3,0x04,0.0000,0.0556,8.029180
8.079001,0,0x01,0.0000,0.1111,8.079183
8.079001,1,0x02,-5.0000,-5.1111,8.083193
8.079001,2,0x03,0.0000,0.1111,8.080189
8.079001,3,0x04,0.0000,0.0556,8.084205
8.085895,0,0x01,0.0000,0.0556,8.085202
8.085895,1,0x02,-5.0000,-5.1111,8.083193
8.085895,2,0x03,0.0000,0.1111,8.080189
8.085895,3,0x04,0.0000,0.0556,8.084205
8.086982,0,0x01,0.0000,0.0556,8.085202
8.086982,1,0x02,-5.0000,-5.0556,8.086183
8.086982,2,0x03,0.0000,0.1111,8.080189
8.086982,3,0x04,0.0000,0.0556,8.084205
8.088098,0,0x01,0.0000,0.0556,8.085202
8.088098,1,0x02,-5.0000,-5.0556,8.086183
8.088098,2,0x03,0.0000,0.1111,8.080189
8.088098,3,0x04,0.0000,0.0556,8.087194
8.089245,0,0x01,0.0000,0.1111,8.091197
8.089245,1,0x02,-5.0000,-5.1111,8.089195
8.089245,2,0x03,0.0000,0.1111,8.080189
8.089245,3,0x04,0.0000,0.0556,8.090186
8.097044,0,0x01,0.0000,0.1111,8.091197
8.097044,1,0x02,-5.0000,-5.1111,8.089195
8.097044,2,0x03,0.0000,0.1111,8.080189
8.097044,3,0x04,0.0000,0.0556,8.090186
8.098125,0,0x01,0.0000,0.1111,8.091197
8.098125,1,0x02,-5.0000,-5.1111,8.089195
8.098125,2,0x03,0.0000,0.1111,8.080189
8.098125,3,0x04,0.0000,0.0556,8.090186
8.099194,0,0x01,0.0000,0.1111,8.091197
8.099194,1,0x02,-5.0000,-5.1111,8.089195
8.099194,2,0x03,0.0000,0.1111,8.080189
8.099194,3,0x04,0.0000,0.0556,8.090186
8.106820,0,0x01,0.0000,0.1111,8.091197
8.106820,1,0x02,-5.0000,-5.1111,8.089195
8.106820,2,0x03,0.0000,0.1111,8.080189
8.106820,3,0x04,0.0000,0.0556,8.090186
8.107895,0,0x01,0.0000,0.1111,8.091197
8.107895,1,0x02,-5.0000,-5.1111,8.089195
8.107895,2,0x03,0.0000,0.1111,8.080189
8.107895,3,0x04,0.0000,0.0556,8.090186
8.108979,0,0x01,0.0000,0.1111,8.091197
8.108979,1,0x02,-5.0000,-5.1111,8.089195
8.108979,2,0x03,0.0000,0.1111,8.080189
8.108979,3,0x04,0.0000,0.0556,8.090186
8.115838,0,0x01,0.0000,0.1111,8.091197
8.115838,1,0x02,-5.0000,-5.1111,8.089195
8.115838,2,0x03,0.0000,0.1111,8.080189
8.115838,3,0x04,0.0000,0.0556,8.090186
8.116910,0,0x01,0.0000,0.1111,8.091197
8.116910,1,0x02,-5.0000,-5.1111,8.089195
8.116910,2,0x03,0.0000,0.1111,8.080189
8.116910,3,0x04,0.0000,0.0556,8.090186
8.117998,0,0x01,0.0000,0.1111,8.091197
8.117998,1,0x02,-5.0000,-5.1111,8.089195
8.117998,2,0x03,0.0000,0.1111,8.080189
8.117998,3,0x04,0.0000,0.0556,8.090186
8.119089,0,0x01,0.0000,0.1111,8.091197
8.119089,1,0x02,-5.0000,-5.1111,8.089195
8.119089,2,0x03,0.0000,0.1111,8.080189
8.119089,3,0x04,0.0000,0.0556,8.090186
8.126790,0,0x01,0.0000,0.1111,8.091197
8.126790,1,0x02,-5.0000,-5.1111,8.089195
8.126790,2,0x03,0.0000,0.1111,8.080189
8.126790,3,0x04,0.0000,0.0556,8.090186
8.127890,0,0x01,0.0000,0.1111,8.091197
8.127890,1,0x02,-5.0000,-5.1111,8.127216
8.127890,2,0x03,0.0000,0.1111,8.080189
8.127890,3,0x04,0.0000,0.0556,8.090186
8.129016,0,0x01,0.0000,0.1111,8.133281
8.129016,1,0x02,-5.0000,-5.0556,8.134214
8.129016,2,0x03,0.0000,0.0556,8.131287
8.129016,3,0x04,0.0000,0.0556,8.132243
8.135874,0,0x01,0.0000,0.1111,8.133281
8.135874,1,0x02,-5.0000,-5.0556,8.134214
8.135874,2,0x03,0.0000,0.1111,8.135199
8.135874,3,0x04,0.0000,0.0556,8.132243
8.136967,0,0x01,0.0000,0.1111,8.136173
8.136967,1,0x02,-5.0000,-5.0556,8.134214
8.136967,2,0x03,0.0000,0.1111,8.135199
8.136967,3,0x04,0.0000,0.0556,8.132243
8.138069,0,0x01,0.0000,0.1111,8.136173
8.138069,1,0x02,-5.0000,-5.0556,8.137188
8.138069,2,0x03,0.0000,0.1111,8.135199
8.138069,3,0x04,0.0000,0.0556,8.132243
8.139264,0,0x01,0.0000,0.0556,8.139190
8.139264,1,0x02,-5.0000,-5.0556,8.137188
8.139264,2,0x03,0.0000,0.1111,8.138180
8.139264,3,0x04,0.0000,0.0556,8.132243
8.148870,0,0x01,0.0000,0.1111,8.152204
8.148870,1,0x02,-5.0000,-5.0556,8.153204
8.148870,2,0x03,0.0000,0.1111,8.138180
8.148870,3,0x04,0.0000,0.0556,8.151224
8.154869,0,0x01,0.0000,0.1111,8.152204
8.154869,1,0x02,-5.0000,-5.0556,8.153204
8.154869,2,0x03,0.0000,0.1111,8.154199
8.154869,3,0x04,0.0000,0.0556,8.151224
8.155961,0,0x01,0.0000,0.1111,8.152204
8.155961,1,0x02,-5.0000,-5.0556,8.153204
8.155961,2,0x03,0.0000,0.1111,8.154199
8.155961,3,0x04,0.0000,0.0556,8.151224
8.157052,0,0x01,0.0000,0.1111,8.152204
8.157052,1,0x02,-5.0000,-5.0556,8.153204
8.157052,2,0x03,0.0000,0.1111,8.154199
8.157052,3,0x04,0.0000,0.0556,8.156192
8.158159,0,0x01,0.0000,0.1111,8.152204
8.158159,1,0x02,-5.0000,-5.0556,8.153204
8.158159,2,0x03,0.0000,0.1111,8.154199
8.158159,3,0x04,0.0000,0.0556,8.156192
8.159240,0,0x01,0.0000,0.1111,8.159180
8.159240,1,0x02,-5.0000,-5.0556,8.162211
8.159240,2,0x03,0.0000,0.0556,8.165208
8.159240,3,0x04,0.0000,0.0556,8.156192
8.166860,0,0x01,0.0000,0.1111,8.159180
8.166860,1,0x02,-5.0000,-5.0556,8.162211
8.166860,2,0x03,0.0000,0.0556,8.165208
8.166860,3,0x04,0.0000,0.0556,8.156192
8.167940,0,0x01,0.0000,0.1111,8.159180
8.167940,1,0x02,-5.0000,-5.0556,8.162211
8.167940,2,0x03,0.0000,0.0556,8.165208
8.167940,3,0x04,0.0000,0.0556,8.156192
8.169032,0,0x01,0.0000,0.1111,8.170196
8.169032,1,0x02,-5.0000,-5.0556,8.174200
8.169032,2,0x03,0.0000,0.0556,8.165208
8.169032,3,0x04,0.0000,0.0556,8.168218
8.175856,0,0x01,0.0000,0.1111,8.170196
8.175856,1,0x02,-5.0000,-5.0556,8.174200
8.175856,2,0x03,0.0000,0.0556,8.165208
8.175856,3,0x04,0.0000,0.0556,8.168218
8.176928,0,0x01,0.0000,0.1111,8.170196
8.176928,1,0x02,-5.0000,-5.0556,8.174200
8.176928,2,0x03,0.0000,0.0556,8.165208
8.176928,3,0x04,0.0000,0.0556,8.168218
8.178016,0,0x01,0.0000,0.1111,8.170196
8.178016,1,0x02,-5.0000,-5.0556,8.174200
8.178016,2,0x03,0.0000,0.1111,8.177183
8.178016,3,0x04,0.0000,0.0556,8.168218
8.179123,0,0x01,0.0000,0.1111,8.183195
8.179123,1,0x02,-5.0000,-5.0556,8.174200
8.179123,2,0x03,0.0000,0.1111,8.177183
8.179123,3,0x04,0.0000,0.0556,8.180191
8.186894,0,0x01,0.0000,0.1111,8.183195
8.186894,1,0x02,-5.0000,-5.0556,8.174200
8.186894,2,0x03,0.0000,0.1111,8.177183
8.186894,3,0x04,0.0000,0.0556,8.180191
8.187971,0,0x01,0.0000,0.1111,8.183195
8.187971,1,0x02,-5.0000,-5.0556,8.174200
8.187971,2,0x03,0.0000,0.1111,8.177183
8.187971,3,0x04,0.0000,0.0556,8.180191
8.189067,0,0x01,0.0000,0.1111,8.183195
8.189067,1,0x02,-5.0000,-5.0556,8.174200
8.189067,2,0x03,0.0000,0.1111,8.177183
8.189067,3,0x04,0.0000,0.0556,8.180191
8.195815,0,0x01,0.0000,0.1111,8.183195
8.195815,1,0x02,-5.0000,-5.0556,8.174200
8.195815,2,0x03,0.0000,0.1111,8.177183
8.195815,3,0x04,0.0000,0.0556,8.180191
8.196884,0,0x01,0.0000,0.1111,8.183195
8.196884,1,0x02,-5.0000,-5.0556,8.174200
8.196884,2,0x03,0.0000,0.1111,8.177183
8.196884,3,0x04,0.0000,0.0556,8.180191
8.197957,0,0x01,0.0000,0.1111,8.183195
8.197957,1,0x02,-5.0000,-5.0556,8.174200
8.197957,2,0x03,0.0000,0.1111,8.177183
8.197957,3,0x04,0.0000,0.0556,8.180191
8.199043,0,0x01,0.0000,0.1111,8.183195
8.199043,1,0x02,-5.0000,-5.0556,8.174200
8.199043,2,0x03,0.0000,0.1111,8.177183
8.199043,3,0x04,0.0000,0.0556,8.180191
8.204819,0,0x01,0.0000,0.1111,8.183195
8.204819,1,0x02,-5.0000,-5.0556,8.174200
8.204819,2,0x03,0.0000,0.1111,8.177183
8.204819,3,0x04,0.0000,0.0556,8.180191
8.205895,0,0x01,0.0000,0.1111,8.183195
8.205895,1,0x02,-5.0000,-5.0556,8.174200
8.205895,2,0x03,0.0000,0.1111,8.177183
8.205895,3,0x04,0.0000,0.0556,8.180191
8.206987,0,0x01,0.0000,0.1111,8.183195
8.206987,1,0x02,-5.0000,-5.0556,8.174200
8.206987,2,0x03,0.0000,0.1111,8.177183
8.206987,3,0x04,0.0000,0.0556,8.180191
8.208076,0,0x01,0.0000,0.1111,8.183195
8.208076,1,0x02,-5.0000,-5.0556,8.174200
8.208076,2,0x03,0.0000,0.1111,8.177183
8.208076,3,0x04,0.0000,0.0556,8.180191
8.209158,0,0x01,0.0000,0.1111,8.183195
8.209158,1,0x02,-5.0000,-5.0556,8.174200
8.209158,2,0x03,0.0000,0.1111,8.177183
8.209158,3,0x04,0.0000,0.0556,8.180191
8.216814,0,0x01,0.0000,0.1111,8.183195
8.216814,1,0x02,-5.0000,-5.0556,8.174200
8.216814,2,0x03,0.0000,0.1111,8.177183
8.216814,3,0x04,0.0000,0.0556,8.180191
8.217929,0,0x01,0.0000,0.1111,8.183195
8.217929,1,0x02,-5.0000,-5.0556,8.174200
8.217929,2,0x03,0.0000,0.1111,8.177183
8.217929,3,0x04,0.0000,0.0556,8.180191
8.219026,0,0x01,0.0000,0.1111,8.223196
8.219026,1,0x02,-5.0000,-5.0556,8.224196
8.219026,2,0x03,0.0000,0.0556,8.221222
8.219026,3,0x04,0.0000,0.0556,8.222207
8.225898,0,0x01,0.0000,0.1111,8.223196
8.225898,1,0x02,-5.0000,-5.0556,8.224196
8.225898,2,0x03,0.0000,0.0556,8.225196
8.225898,3,0x04,0.0000,0.0556,8.222207
8.227003,0,0x01,0.0000,0.1111,8.223196
8.227003,1,0x02,-5.0000,-5.0556,8.224196
8.227003,2,0x03,0.0000,0.0556,8.225196
8.227003,3,0x04,0.0000,0.0556,8.226177
8.228102,0,0x01,0.0000,0.1111,8.227185
8.228102,1,0x02,-5.0000,-5.0556,8.224196
8.228102,2,0x03,0.0000,0.0556,8.225196
8.228102,3,0x04,0.0000,0.0556,8.226177
8.229217,0,0x01,0.0000,0.1111,8.229180
8.229217,1,0x02,-5.0000,-5.0556,8.224196
8.229217,2,0x03,0.0000,0.0556,8.231225
8.229217,3,0x04,0.0000,0.0556,8.232198
8.236932,0,0x01,0.0000,0.1111,8.229180
8.236932,1,0x02,-5.0000,-5.0556,8.224196
8.236932,2,0x03,0.0000,0.0556,8.231225
8.236932,3,0x04,0.0000,0.0556,8.232198
8.238057,0,0x01,0.0000,0.1111,8.229180
8.238057,1,0x02,-5.0000,-5.0556,8.224196
8.238057,2,0x03,0.0000,0.0556,8.231225
8.238057,3,0x04,0.0000,0.0556,8.232198
8.239143,0,0x01,0.0000,0.1111,8.229180
8.239143,1,0x02,-5.0000,-5.0556,8.224196
8.239143,2,0x03,0.0000,0.0556,8.231225
8.239143,3,0x04,0.0000,0.0556,8.232198
8.245816,0,0x01,0.0000,0.1111,8.229180
8.245816,1,0x02,-5.0000,-5.0556,8.224196
8.245816,2,0x03,0.0000,0.0556,8.231225
8.245816,3,0x04,0.0000,0.0556,8.232198
8.246891,0,0x01,0.0000,0.1111,8.229180
8.246891,1,0x02,-5.0000,-5.0556,8.224196
8.246891,2,0x03,0.0000,0.0556,8.246189
8.246891,3,0x04,0.0000,0.0556,8.232198
8.248015,0,0x01,0.0000,0.1111,8.229180
8.248015,1,0x02,-5.0000,-5.0000,8.247183
8.248015,2,0x03,0.0000,0.0556,8.246189
8.248015,3,0x04,0.0000,0.0556,8.232198
8.249132,0,0x01,0.0000,0.1111,8.253200
8.249132,1,0x02,-5.0000,-5.0000,8.247183
8.249132,2,0x03,0.0000,0.1111,8.248181
8.249132,3,0x04,0.0000,0.0556,8.250188
8.256891,0,0x01,0.0000,0.1111,8.253200
8.256891,1,0x02,-5.0000,-5.0556,8.256198
8.256891,2,0x03,0.0000,0.1111,8.248181
8.256891,3,0x04,0.0000,0.0556,8.250188
8.257979,0,0x01,0.0000,0.1111,8.253200
8.257979,1,0x02,-5.0000,-5.0556,8.256198
8.257979,2,0x03,0.0000,0.1111,8.248181
8.257979,3,0x04,0.0000,0.0556,8.250188
8.259085,0,0x01,0.0000,0.1111,8.264201
8.259085,1,0x02,-5.0000,-5.0556,8.256198
8.259085,2,0x03,0.0000,0.1111,8.258179
8.259085,3,0x04,0.0000,0.0556,8.260193
8.265865,0,0x01,0.0000,0.1111,8.264201
8.265865,1,0x02,-5.0000,-5.0556,8.256198
8.265865,2,0x03,0.0000,0.1111,8.258179
8.265865,3,0x04,0.0000,0.0556,8.260193
8.266938,0,0x01,0.0000,0.1111,8.264201
8.266938,1,0x02,-5.0000,-5.0556,8.256198
8.266938,2,0x03,0.0000,0.1111,8.258179
8.266938,3,0x04,0.0000,0.0556,8.260193
8.268030,0,0x01,0.0000,0.1111,8.264201
8.268030,1,0x02,-5.0000,-5.0556,8.267213
8.268030,2,0x03,0.0000,0.1111,8.258179
8.268030,3,0x04,0.0000,0.0556,8.260193
8.269138,0,0x01,0.0000,0.1111,8.264201
8.269138,1,0x02,-5.0000,-5.0556,8.267213
8.269138,2,0x03,0.0000,0.1111,8.270194
8.269138,3,0x04,0.0000,0.0556,8.272197
8.276808,0,0x01,0.0000,0.1111,8.276197
8.276808,1,0x02,-5.0000,-5.0556,8.267213
8.276808,2,0x03,0.0000,0.1111,8.270194
8.276808,3,0x04,0.0000,0.0556,8.272197
8.277910,0,0x01,0.0000,0.1111,8.276197
8.277910,1,0x02,-5.0000,-5.0556,8.267213
8.277910,2,0x03,0.0000,0.1111,8.270194
8.277910,3,0x04,0.0000,0.0556,8.272197
8.279001,0,0x01,0.0000,0.1111,8.276197
8.279001,1,0x02,-5.0000,-5.0556,8.267213
8.279001,2,0x03,0.0000,0.1111,8.270194
8.279001,3,0x04,0.0000,0.0556,8.272197
8.289815,0,0x01,0.0000,0.1111,8.276197
8.289815,1,0x02,-5.0000,-5.0556,8.267213
8.289815,2,0x03,0.0000,0.1111,8.270194
8.289815,3,0x04,0.0000,0.0556,8.272197
8.295801,0,0x01,0.0000,0.1111,8.276197
8.295801,1,0x02,-5.0000,-5.0556,8.267213
8.295801,2,0x03,0.0000,0.1111,8.270194
8.295801,3,0x04,0.0000,0.0556,8.272197
8.296870,0,0x01,0.0000,0.1111,8.276197
8.296870,1,0x02,-5.0000,-5.0556,8.267213
8.296870,2,0x03,0.0000,0.1111,8.270194
8.296870,3,0x04,0.0000,0.0556,8.272197
8.297963,0,0x01,0.0000,0.1111,8.276197
8.297963,1,0x02,-5.0000,-5.0556,8.267213
8.297963,2,0x03,0.0000,0.1111,8.270194
8.297963,3,0x04,0.0000,0.0556,8.272197
8.299046,0,0x01,0.0000,0.1111,8.276197
8.299046,1,0x02,-5.0000,-5.0556,8.267213
8.299046,2,0x03,0.0000,0.1111,8.270194
8.299046,3,0x04,0.0000,0.0556,8.272197
8.304786,0,0x01,0.0000,0.1111,8.276197
8.304786,1,0x02,-5.0000,-5.0556,8.267213
8.304786,2,0x03,0.0000,0.1111,8.270194
8.304786,3,0x04,0.0000,0.0556,8.272197
8.305874,0,0x01,0.0000,0.1111,8.276197
8.305874,1,0x02,-5.0000,-5.0556,8.267213
8.305874,2,0x03,0.0000,0.1111,8.270194
8.305874,3,0x04,0.0000,0.0556,8.272197
8.306961,0,0x01,0.0000,0.1111,8.276197
8.306961,1,0x02,-5.0000,-5.0556,8.267213
8.306961,2,0x03,0.0000,0.1111,8.270194
8.306961,3,0x04,0.0000,0.0556,8.272197
8.308048,0,0x01,0.0000,0.1111,8.276197
8.308048,1,0x02,-5.0000,-5.0556,8.267213
8.308048,2,0x03,0.0000,0.1111,8.270194
8.308048,3,0x04,0.0000,0.0556,8.272197
8.309133,0,0x01,0.0000,0.1111,8.276197
8.309133,1,0x02,-5.0000,-5.0556,8.267213
8.309133,2,0x03,0.0000,0.1111,8.270194
8.309133,3,0x04,0.0000,0.0556,8.272197
8.316780,0,0x01,0.0000,0.1111,8.276197
8.316780,1,0x02,-5.0000,-5.0556,8.267213
8.316780,2,0x03,0.0000,0.1111,8.270194
8.316780,3,0x04,0.0000,0.0556,8.272197
8.317864,0,0x01,0.0000,0.1111,8.276197
8.317864,1,0x02,-5.0000,-5.0556,8.267213
8.317864,2,0x03,0.0000,0.1111,8.270194
8.317864,3,0x04,0.0000,0.0556,8.272197
8.318951,0,0x01,0.0000,0.1111,8.276197
8.318951,1,0x02,-5.0000,-5.0556,8.267213
8.318951,2,0x03,0.0000,0.0556,8.324208
8.318951,3,0x04,0.0000,0.0556,8.272197
8.325815,0,0x01,0.0000,0.1111,8.325200
8.325815,1,0x02,-5.0000,-5.0556,8.267213
8.325815,2,0x03,0.0000,0.0556,8.324208
8.325815,3,0x04,0.0000,0.0556,8.272197
8.326904,0,0x01,0.0000,0.1111,8.325200
8.326904,1,0x02,-5.0000,-5.0556,8.326181
8.326904,2,0x03,0.0000,0.0556,8.324208
8.326904,3,0x04,0.0000,0.0556,8.272197
8.328018,0,0x01,0.0000,0.1111,8.325200
8.328018,1,0x02,-5.0000,-5.0556,8.326181
8.328018,2,0x03,0.0000,0.0556,8.327179
8.328018,3,0x04,0.0000,0.0556,8.272197
8.329127,0,0x01,0.0000,0.1111,8.335198
8.329127,1,0x02,-5.0000,-5.0556,8.333194
8.329127,2,0x03,0.0000,0.0556,8.334202
8.329127,3,0x04,0.0000,0.0556,8.328186
8.336919,0,0x01,0.0000,0.1111,8.335198
8.336919,1,0x02,-5.0000,-5.0000,8.336198
8.336919,2,0x03,0.0000,0.0556,8.334202
8.336919,3,0x04,0.0000,0.0556,8.328186
8.338010,0,0x01,0.0000,0.1111,8.335198
8.338010,1,0x02,-5.0000,-5.0000,8.336198
8.338010,2,0x03,0.0000,0.0556,8.334202
8.338010,3,0x04,0.0000,0.0556,8.337179
8.339121,0,0x01,0.0000,0.0556,8.338179
8.339121,1,0x02,-5.0000,-5.0000,8.336198
8.339121,2,0x03,0.0000,0.0556,8.334202
8.339121,3,0x04,0.0000,0.0556,8.337179
8.346826,0,0x01,0.0000,0.0556,8.338179
8.346826,1,0x02,-5.0000,-5.0000,8.336198
8.346826,2,0x03,0.0000,0.0556,8.334202
8.346826,3,0x04,0.0000,0.0556,8.337179
8.347894,0,0x01,0.0000,0.0556,8.338179
8.347894,1,0x02,-5.0000,-5.0000,8.336198
8.347894,2,0x03,0.0000,0.0556,8.334202
8.347894,3,0x04,0.0000,0.0556,8.337179
8.348967,0,0x01,0.0000,0.1111,8.352197
8.348967,1,0x02,-5.0000,-5.0000,8.336198
8.348967,2,0x03,0.0000,0.1111,8.353198
8.348967,3,0x04,0.0000,0.0556,8.351203
8.355857,0,0x01,0.0000,0.1111,8.352197
8.355857,1,0x02,-5.0000,-5.0000,8.336198
8.355857,2,0x03,0.0000,0.1111,8.353198
8.355857,3,0x04,0.0000,0.0556,8.351203
8.356926,0,0x01,0.0000,0.1111,8.352197
8.356926,1,0x02,-5.0000,-5.0000,8.336198
8.356926,2,0x03,0.0000,0.1111,8.353198
8.356926,3,0x04,0.0000,0.0556,8.351203
8.358024,0,0x01,0.0000,0.1111,8.352197
8.358024,1,0x02,-5.0000,-5.0000,8.336198
8.358024,2,0x03,0.0000,0.1111,8.353198
8.358024,3,0x04,0.0000,0.0556,8.357167
8.359133,0,0x01,0.0000,0.1111,8.360178
8.359133,1,0x02,-5.0000,-5.0000,8.363201
8.359133,2,0x03,0.0000,0.1111,8.365192
8.359133,3,0x04,0.0000,0.0556,8.357167
8.366859,0,0x01,0.0000,0.1111,8.360178
8.366859,1,0x02,-5.0000,-5.0000,8.363201
8.366859,2,0x03,0.0000,0.1111,8.365192
8.366859,3,0x04,0.0000,0.0556,8.357167
8.367929,0,0x01,0.0000,0.1111,8.360178
8.367929,1,0x02,-5.0000,-5.0000,8.363201
8.367929,2,0x03,0.0000,0.1111,8.365192
8.367929,3,0x04,0.0000,0.0556,8.357167
8.369005,0,0x01,0.0000,0.1111,8.371191
8.369005,1,0x02,-5.0000,-5.0556,8.374187
8.369005,2,0x03,0.0000,0.1111,8.365192
8.369005,3,0x04,0.0000,0.0556,8.368187
8.376030,0,0x01,0.0000,0.1111,8.371191
8.376030,1,0x02,-5.0000,-5.0556,8.374187
8.376030,2,0x03,0.0000,0.1111,8.365192
8.376030,3,0x04,0.0000,0.0556,8.368187
8.377148,0,0x01,0.0000,0.1111,8.371191
8.377148,1,0x02,-5.0000,-5.0556,8.374187
8.377148,2,0x03,0.0000,0.1111,8.365192
8.377148,3,0x04,0.0000,0.0556,8.368187
8.378290,0,0x01,0.0000,0.1111,8.371191
8.378290,1,0x02,-5.0000,-5.0556,8.374187
8.378290,2,0x03,0.0000,0.0556,8.377227
8.378290,3,0x04,0.0000,0.0556,8.368187
8.379453,0,0x01,0.0000,0.1111,8.383201
8.379453,1,0x02,-5.0000,-5.0556,8.374187
8.379453,2,0x03,0.0000,0.0556,8.377227
8.379453,3,0x04,0.0000,0.0556,8.380186
8.386898,0,0x01,0.0000,0.1111,8.383201
8.386898,1,0x02,-5.0000,-5.0556,8.374187
8.386898,2,0x03,0.0000,0.0556,8.377227
8.386898,3,0x04,0.0000,0.0556,8.380186
8.387975,0,0x01,0.0000,0.1111,8.383201
8.387975,1,0x02,-5.0000,-5.0556,8.374187
8.387975,2,0x03,0.0000,0.0556,8.377227
8.387975,3,0x04,0.0000,0.0556,8.380186
8.389067,0,0x01,0.0000,0.1111,8.383201
8.389067,1,0x02,-5.0000,-5.0556,8.374187
8.389067,2,0x03,0.0000,0.0556,8.377227
8.389067,3,0x04,0.0000,0.0556,8.380186
8.395813,0,0x01,0.0000,0.1111,8.383201
8.395813,1,0x02,-5.0000,-5.0556,8.374187
8.395813,2,0x03,0.0000,0.0556,8.377227
8.395813,3,0x04,0.0000,0.0556,8.380186
8.396883,0,0x01,0.0000,0.1111,8.383201
8.396883,1,0x02,-5.0000,-5.0556,8.374187
8.396883,2,0x03,0.0000,0.0556,8.377227
8.396883,3,0x04,0.0000,0.0556,8.380186
8.397966,0,0x01,0.0000,0.1111,8.383201
8.397966,1,0x02,-5.0000,-5.0556,8.374187
8.397966,2,0x03,0.0000,0.0556,8.377227
8.397966,3,0x04,0.0000,0.0556,8.380186
8.399036,0,0x01,0.0000,0.1111,8.383201
8.399036,1,0x02,-5.0000,-5.0556,8.374187
8.399036,2,0x03,0.0000,0.0556,8.377227
8.399036,3,0x04,0.0000,0.0556,8.380186
8.404777,0,0x01,0.0000,0.1111,8.383201
8.404777,1,0x02,-5.0000,-5.0556,8.374187
8.404777,2,0x03,0.0000,0.0556,8.377227
8.404777,3,0x04,0.0000,0.0556,8.380186
8.405854,0,0x01,0.0000,0.1111,8.383201
8.405854,1,0x02,-5.0000,-5.0556,8.374187
8.405854,2,0x03,0.0000,0.0556,8.377227
8.405854,3,0x04,0.0000,0.0556,8.380186
8.406939,0,0x01,0.0000,0.1111,8.383201
8.406939,1,0x02,-5.0000,-5.0556,8.374187
8.406939,2,0x03,0.0000,0.0556,8.377227
8.406939,3,0x04,0.0000,0.0556,8.380186
8.408024,0,0x01,0.0000,0.1111,8.383201
8.408024,1,0x02,-5.0000,-5.0556,8.374187
8.408024,2,0x03,0.0000,0.0556,8.377227
8.408024,3,0x04,0.0000,0.0556,8.380186
8.409106,0,0x01,0.0000,0.1111,8.383201
8.409106,1,0x02,-5.0000,-5.0556,8.374187
8.409106,2,0x03,0.0000,0.0556,8.377227
8.409106,3,0x04,0.0000,0.0556,8.380186
8.416817,0,0x01,0.0000,0.1111,8.383201
8.416817,1,0x02,-5.0000,-5.0556,8.374187
8.416817,2,0x03,0.0000,0.0556,8.377227
8.416817,3,0x04,0.0000,0.0556,8.380186
8.417890,0,0x01,0.0000,0.1111,8.383201
8.417890,1,0x02,-5.0000,-5.0556,8.374187
8.417890,2,0x03,0.0000,0.0556,8.377227
8.417890,3,0x04,0.0000,0.0556,8.380186
8.418970,0,0x01,0.0000,0.1111,8.422208
8.418970,1,0x02,-5.0000,-5.0556,8.424193
8.418970,2,0x03,0.0000,0.1111,8.421200
8.418970,3,0x04,0.0000,0.0556,8.380186
8.425855,0,0x01,0.0000,0.1111,8.422208
8.425855,1,0x02,-5.0000,-5.0556,8.424193
8.425855,2,0x03,0.0000,0.1111,8.421200
8.425855,3,0x04,0.0000,0.0556,8.425196
8.426958,0,0x01,0.0000,0.1111,8.426176
8.426958,1,0x02,-5.0000,-5.0556,8.424193
8.426958,2,0x03,0.0000,0.1111,8.421200
8.426958,3,0x04,0.0000,0.0556,8.425196
8.428047,0,0x01,0.0000,0.1111,8.426176
8.428047,1,0x02,-5.0000,-5.0556,8.427178
8.428047,2,0x03,0.0000,0.1111,8.421200
8.428047,3,0x04,0.0000,0.0556,8.425196
8.429128,0,0x01,0.0000,0.1111,8.429185
8.429128,1,0x02,-5.0000,-5.0000,8.430197
8.429128,2,0x03,0.0000,0.0556,8.431214
8.429128,3,0x04,0.0000,0.0556,8.428180
8.438902,0,0x01,0.0000,0.1111,8.429185
8.438902,1,0x02,-5.0000,-5.0000,8.430197
8.438902,2,0x03,0.0000,0.0556,8.431214
8.438902,3,0x04,0.0000,0.0556,8.428180
8.445793,0,0x01,0.0000,0.1111,8.429185
8.445793,1,0x02,-5.0000,-5.0000,8.430197
8.445793,2,0x03,0.0000,0.0556,8.431214
8.445793,3,0x04,0.0000,0.0556,8.428180
8.446859,0,0x01,0.0000,0.1111,8.429185
8.446859,1,0x02,-5.0000,-5.0000,8.430197
8.446859,2,0x03,0.0000,0.0556,8.431214
8.446859,3,0x04,0.0000,0.0556,8.428180
8.447931,0,0x01,0.0000,0.1111,8.429185
8.447931,1,0x02,-5.0000,-5.0000,8.430197
8.447931,2,0x03,0.0000,0.0556,8.431214
8.447931,3,0x04,0.0000,0.0556,8.428180
8.449017,0,0x01,0.0000,0.1111,8.429185
8.449017,1,0x02,-5.0000,-5.0000,8.430197
8.449017,2,0x03,0.0000,0.0556,8.431214
8.449017,3,0x04,0.0000,0.0556,8.428180
8.454788,0,0x01,0.0000,0.1111,8.429185
8.454788,1,0x02,-5.0000,-5.0000,8.430197
8.454788,2,0x03,0.0000,0.0556,8.431214
8.454788,3,0x04,0.0000,0.0556,8.428180
8.455864,0,0x01,0.0000,0.1111,8.429185
8.455864,1,0x02,-5.0000,-5.0000,8.430197
8.455864,2,0x03,0.0000,0.0556,8.431214
8.455864,3,0x04,0.0000,0.0556,8.428180
8.456949,0,0x01,0.0000,0.1111,8.429185
8.456949,1,0x02,-5.0000,-5.0000,8.430197
8.456949,2,0x03,0.0000,0.0556,8.431214
8.456949,3,0x04,0.0000,0.0556,8.428180
8.458035,0,0x01,0.0000,0.1111,8.429185
8.458035,1,0x02,-5.0000,-5.0000,8.430197
8.458035,2,0x03,0.0000,0.0556,8.431214
8.458035,3,0x04,0.0000,0.0556,8.428180
8.459117,0,0x01,0.0000,0.1111,8.429185
8.459117,1,0x02,-5.0000,-5.0000,8.430197
8.459117,2,0x03,0.0000,0.0556,8.431214
8.459117,3,0x04,0.0000,0.0556,8.428180
8.466804,0,0x01,0.0000,0.1111,8.429185
8.466804,1,0x02,-5.0000,-5.0000,8.430197
8.466804,2,0x03,0.0000,0.0556,8.431214
8.466804,3,0x04,0.0000,0.0556,8.428180
8.467913,0,0x01,0.0000,0.1111,8.429185
8.467913,1,0x02,-5.0000,-5.0000,8.430197
8.467913,2,0x03,0.0000,0.0556,8.431214
8.467913,3,0x04,0.0000,0.0556,8.428180
8.469002,0,0x01,0.0000,0.1111,8.429185
8.469002,1,0x02,-5.0000,-5.0000,8.430197
8.469002,2,0x03,0.0000,0.0556,8.431214
8.469002,3,0x04,0.0000,0.0556,8.428180
8.475797,0,0x01,0.0000,0.1111,8.429185
8.475797,1,0x02,-5.0000,-5.0000,8.430197
8.475797,2,0x03,0.0000,0.0556,8.431214
8.475797,3,0x04,0.0000,0.0556,8.428180
8.476869,0,0x01,0.0000,0.1111,8.429185
8.476869,1,0x02,-5.0000,-5.0000,8.430197
8.476869,2,0x03,0.0000,0.0556,8.431214
8.476869,3,0x04,0.0000,0.1111,8.476186
8.477994,0,0x01,0.0000,0.1111,8.429185
8.477994,1,0x02,-5.0000,-5.0556,8.477181
8.477994,2,0x03,0.0000,0.0556,8.431214
8.477994,3,0x04,0.0000,0.1111,8.476186
8.479111,0,0x01,0.0000,0.1111,8.484225
8.479111,1,0x02,-5.0000,-5.0556,8.481198
8.479111,2,0x03,0.0000,0.1111,8.485214
8.479111,3,0x04,0.0000,0.0556,8.483204
8.486914,0,0x01,0.0000,0.1111,8.484225
8.486914,1,0x02,-5.0000,-5.0556,8.481198
8.486914,2,0x03,0.0000,0.1111,8.485214
8.486914,3,0x04,0.0000,0.0556,8.486198
8.488000,0,0x01,0.0000,0.1111,8.487179
8.488000,1,0x02,-5.0000,-5.0556,8.481198
8.488000,2,0x03,0.0000,0.1111,8.485214
8.488000,3,0x04,0.0000,0.0556,8.486198
8.489088,0,0x01,0.0000,0.1111,8.490190
8.489088,1,0x02,-5.0000,-5.0556,8.481198
8.489088,2,0x03,0.0000,0.0556,8.491196
8.489088,3,0x04,0.0000,0.0556,8.492193
8.495842,0,0x01,0.0000,0.1111,8.490190
8.495842,1,0x02,-5.0000,-5.0556,8.481198
8.495842,2,0x03,0.0000,0.0556,8.491196
8.495842,3,0x04,0.0000,0.0556,8.492193
8.496921,0,0x01,0.0000,0.1111,8.490190
8.496921,1,0x02,-5.0000,-5.0556,8.481198
8.496921,2,0x03,0.0000,0.0556,8.491196
8.496921,3,0x04,0.0000,0.0556,8.492193
8.497993,0,0x01,0.0000,0.1111,8.490190
8.497993,1,0x02,-5.0000,-5.0556,8.481198
8.497993,2,0x03,0.0000,0.0556,8.491196
8.497993,3,0x04,0.0000,0.0556,8.492193
8.499081,0,0x01,0.0000,0.1111,8.490190
8.499081,1,0x02,-5.0000,-5.0556,8.481198
8.499081,2,0x03,0.0000,0.0556,8.491196
8.499081,3,0x04,0.0000,0.0556,8.492193
8.506787,0,0x01,0.0000,0.1111,8.490190
8.506787,1,0x02,-5.0000,-5.0556,8.481198
8.506787,2,0x03,0.0000,0.0556,8.491196
8.506787,3,0x04,0.0000,0.0556,8.492193
8.507853,0,0x01,0.0000,0.1111,8.490190
8.507853,1,0x02,-5.0000,-5.0556,8.481198
8.507853,2,0x03,0.0000,0.0556,8.491196
8.507853,3,0x04,0.0000,0.0556,8.492193
8.508920,0,0x01,0.0000,0.1111,8.490190
8.508920,1,0x02,-5.0000,-5.0556,8.481198
8.508920,2,0x03,0.0000,0.0556,8.491196
8.508920,3,0x04,0.0000,0.0556,8.492193
8.515782,0,0x01,0.0000,0.1111,8.490190
8.515782,1,0x02,-5.0000,-5.0556,8.481198
8.515782,2,0x03,0.0000,0.0556,8.491196
8.515782,3,0x04,0.0000,0.0556,8.492193
8.516867,0,0x01,0.0000,0.1111,8.490190
8.516867,1,0x02,-5.0000,-5.0556,8.481198
8.516867,2,0x03,0.0000,0.0556,8.491196
8.516867,3,0x04,0.0000,0.0556,8.492193
8.517941,0,0x01,0.0000,0.1111,8.490190
8.517941,1,0x02,-5.0000,-5.0556,8.481198
8.517941,2,0x03,0.0000,0.0556,8.491196
8.517941,3,0x04,0.0000,0.0556,8.492193
8.519030,0,0x01,0.0000,0.1111,8.490190
8.519030,1,0x02,-5.0000,-5.0556,8.481198
8.519030,2,0x03,0.0000,0.0556,8.491196
8.519030,3,0x04,0.0000,0.0556,8.492193
8.524784,0,0x01,0.0000,0.1111,8.490190
8.524784,1,0x02,-5.0000,-5.0556,8.481198
8.524784,2,0x03,0.0000,0.0556,8.491196
8.524784,3,0x04,0.0000,0.0556,8.492193
8.525862,0,0x01,0.0000,0.1111,8.490190
8.525862,1,0x02,-5.0000,-5.0556,8.481198
8.525862,2,0x03,0.0000,0.0556,8.491196
8.525862,3,0x04,0.0000,0.0556,8.492193
8.526959,0,0x01,0.0000,0.1111,8.490190
8.526959,1,0x02,-5.0000,-5.0556,8.481198
8.526959,2,0x03,0.0000,0.0556,8.491196
8.526959,3,0x04,0.0000,0.0556,8.492193
8.528060,0,0x01,0.0000,0.1111,8.490190
8.528060,1,0x02,-5.0000,-5.0556,8.481198
8.528060,2,0x03,0.0000,0.0556,8.491196
8.528060,3,0x04,0.0000,0.0556,8.492193
8.529144,0,0x01,0.0000,0.1111,8.534190
8.529144,1,0x02,-5.0000,-5.0556,8.535229
8.529144,2,0x03,0.0000,0.0556,8.533238
8.529144,3,0x04,0.0000,0.0556,8.492193
8.536924,0,0x01,0.0000,0.1111,8.534190
8.536924,1,0x02,-5.0000,-5.0556,8.535229
8.536924,2,0x03,0.0000,0.1111,8.536188
8.536924,3,0x04,0.0000,0.0556,8.492193
8.538076,0,0x01,0.0000,0.1111,8.534190
8.538076,1,0x02,-5.0000,-5.0556,8.535229
8.538076,2,0x03,0.0000,0.1111,8.536188
8.538076,3,0x04,0.0000,0.0556,8.537175
8.539230,0,0x01,0.0000,0.0556,8.538169
8.539230,1,0x02,-5.0000,-5.0556,8.535229
8.539230,2,0x03,0.0000,0.1111,8.536188
8.539230,3,0x04,0.0000,0.0000,8.539186
8.545828,0,0x01,0.0000,0.0556,8.538169
8.545828,1,0x02,-5.0000,-5.0556,8.535229
8.545828,2,0x03,0.0000,0.1111,8.536188
8.545828,3,0x04,0.0000,0.0000,8.539186
8.546904,0,0x01,0.0000,0.0556,8.538169
8.546904,1,0x02,-5.0000,-5.0556,8.535229
8.546904,2,0x03,0.0000,0.1111,8.536188
8.546904,3,0x04,0.0000,0.0000,8.539186
8.547994,0,0x01,0.0000,0.0556,8.538169
8.547994,1,0x02,-5.0000,-5.0556,8.535229
8.547994,2,0x03,0.0000,0.1111,8.536188
8.547994,3,0x04,0.0000,0.0000,8.539186
8.549083,0,0x01,0.0000,0.0556,8.538169
8.549083,1,0x02,-5.0000,-5.0556,8.535229
8.549083,2,0x03,0.0000,0.1111,8.536188
8.549083,3,0x04,0.0000,0.0000,8.539186
8.556783,0,0x01,0.0000,0.0556,8.538169
8.556783,1,0x02,-5.0000,-5.0556,8.535229
8.556783,2,0x03,0.0000,0.1111,8.536188
8.556783,3,0x04,0.0000,0.0000,8.539186
8.557856,0,0x01,0.0000,0.0556,8.538169
8.557856,1,0x02,-5.0000,-5.0556,8.535229
8.557856,2,0x03,0.0000,0.1111,8.536188
8.557856,3,0x04,0.0000,0.0000,8.539186
8.558943,0,0x01,0.0000,0.0556,8.538169
8.558943,1,0x02,-5.0000,-5.0556,8.535229
8.558943,2,0x03,0.0000,0.1111,8.536188
8.558943,3,0x04,0.0000,0.0000,8.539186
8.565782,0,0x01,0.0000,0.0556,8.538169
8.565782,1,0x02,-5.0000,-5.0556,8.535229
8.565782,2,0x03,0.0000,0.1111,8.536188
8.565782,3,0x04,0.0000,0.0000,8.539186
8.566849,0,0x01,0.0000,0.0556,8.538169
8.566849,1,0x02,-5.0000,-5.0556,8.535229
8.566849,2,0x03,0.0000,0.1111,8.536188
8.566849,3,0x04,0.0000,0.0000,8.539186
8.567920,0,0x01,0.0000,0.0556,8.538169
8.567920,1,0x02,-5.0000,-5.0556,8.535229
8.567920,2,0x03,0.0000,0.1111,8.536188
8.567920,3,0x04,0.0000,0.0000,8.539186
8.569018,0,0x01,0.0000,0.0556,8.538169
8.569018,1,0x02,-5.0000,-5.0556,8.535229
8.569018,2,0x03,0.0000,0.1111,8.536188
8.569018,3,0x04,0.0000,0.0000,8.539186
8.574776,0,0x01,0.0000,0.0556,8.538169
8.574776,1,0x02,-5.0000,-5.0556,8.535229
8.574776,2,0x03,0.0000,0.1111,8.536188
8.574776,3,0x04,0.0000,0.0000,8.539186
8.575848,0,0x01,0.0000,0.1111,8.575216
8.575848,1,0x02,-5.0000,-5.0556,8.535229
8.575848,2,0x03,0.0000,0.1111,8.536188
8.575848,3,0x04,0.0000,0.0000,8.539186
8.576971,0,0x01,0.0000,0.1111,8.575216
8.576971,1,0x02,-5.0000,-5.0556,8.535229
8.576971,2,0x03,0.0000,0.1111,8.536188
8.576971,3,0x04,0.0000,0.0000,8.539186
8.578054,0,0x01,0.0000,0.1111,8.575216
8.578054,1,0x02,-5.0000,-5.0556,8.535229
8.578054,2,0x03,0.0000,0.0556,8.577198
8.578054,3,0x04,0.0000,0.0000,8.539186
8.579265,0,0x01,0.0000,0.0556,8.585197
8.579265,1,0x02,-5.0000,-5.0556,8.582205
8.579265,2,0x03,0.0000,0.0556,8.583201
8.579265,3,0x04,0.0000,0.0556,8.581231
8.586889,0,0x01,0.0000,0.0556,8.585197
8.586889,1,0x02,-5.0000,-5.0556,8.586192
8.586889,2,0x03,0.0000,0.0556,8.583201
8.586889,3,0x04,0.0000,0.0556,8.581231
8.587986,0,0x01,0.0000,0.0556,8.585197
8.587986,1,0x02,-5.0000,-5.0556,8.586192
8.587986,2,0x03,0.0000,0.0556,8.587174
8.587986,3,0x04,0.0000,0.0556,8.581231
8.589094,0,0x01,0.0000,0.1111,8.588168
8.589094,1,0x02,-5.0000,-5.0556,8.586192
8.589094,2,0x03,0.0000,0.0556,8.587174
8.589094,3,0x04,0.0000,0.0556,8.581231
8.599802,0,0x01,0.0000,0.1111,8.588168
8.599802,1,0x02,-5.0000,-5.0000,8.599189
8.599802,2,0x03,0.0000,0.0556,8.587174
8.599802,3,0x04,0.0000,0.0556,8.581231
8.605790,0,0x01,0.0000,0.1111,8.588168
8.605790,1,0x02,-5.0000,-5.0000,8.599189
8.605790,2,0x03,0.0000,0.0556,8.587174
8.605790,3,0x04,0.0000,0.0556,8.581231
8.606859,0,0x01,0.0000,0.1111,8.588168
8.606859,1,0x02,-5.0000,-5.0000,8.599189
8.606859,2,0x03,0.0000,0.0556,8.587174
8.606859,3,0x04,0.0000,0.0556,8.581231
8.607947,0,0x01,0.0000,0.1111,8.588168
8.607947,1,0x02,-5.0000,-5.0000,8.599189
8.607947,2,0x03,0.0000,0.0556,8.587174
8.607947,3,0x04,0.0000,0.0556,8.581231
8.609038,0,0x01,0.0000,0.1111,8.588168
8.609038,1,0x02,-5.0000,-5.0000,8.599189
8.609038,2,0x03,0.0000,0.0556,8.587174
8.609038,3,0x04,0.0000,0.0556,8.581231
8.614804,0,0x01,0.0000,0.1111,8.588168
8.614804,1,0x02,-5.0000,-5.0000,8.599189
8.614804,2,0x03,0.0000,0.0556,8.587174
8.614804,3,0x04,0.0000,0.0556,8.581231
8.615875,0,0x01,0.0000,0.1111,8.588168
8.615875,1,0x02,-5.0000,-5.0000,8.599189
8.615875,2,0x03,0.0000,0.0556,8.587174
8.615875,3,0x04,0.0000,0.0556,8.581231
8.616963,0,0x01,0.0000,0.1111,8.588168
8.616963,1,0x02,-5.0000,-5.0000,8.599189
8.616963,2,0x03,0.0000,0.0556,8.587174
8.616963,3,0x04,0.0000,0.0556,8.581231
8.618062,0,0x01,0.0000,0.1111,8.588168
8.618062,1,0x02,-5.0000,-5.0000,8.599189
8.618062,2,0x03,0.0000,0.0556,8.587174
8.618062,3,0x04,0.0000,0.0556,8.581231
8.619148,0,0x01,0.0000,0.1111,8.588168
8.619148,1,0x02,-5.0000,-5.0000,8.599189
8.619148,2,0x03,0.0000,0.0556,8.587174
8.619148,3,0x04,0.0000,0.0556,8.581231
8.626776,0,0x01,0.0000,0.1111,8.588168
8.626776,1,0x02,-5.0000,-5.0000,8.599189
8.626776,2,0x03,0.0000,0.0556,8.587174
8.626776,3,0x04,0.0000,0.0556,8.581231
8.627847,0,0x01,0.0000,0.1111,8.588168
8.627847,1,0x02,-5.0000,-5.0000,8.599189
8.627847,2,0x03,0.0000,0.0556,8.587174
8.627847,3,0x04,0.0000,0.0556,8.581231
8.628934,0,0x01,0.0000,0.1111,8.588168
8.628934,1,0x02,-5.0000,-5.0000,8.599189
8.628934,2,0x03,0.0000,0.0556,8.634192
8.628934,3,0x04,0.0000,0.0556,8.581231
8.635807,0,0x01,0.0000,0.1111,8.588168
8.635807,1,0x02,-5.0000,-5.0000,8.599189
8.635807,2,0x03,0.0000,0.0556,8.634192
8.635807,3,0x04,0.0000,0.0556,8.581231
8.636885,0,0x01,0.0000,0.0556,8.636180
8.636885,1,0x02,-5.0000,-5.0000,8.599189
8.636885,2,0x03,0.0000,0.0556,8.634192
8.636885,3,0x04,0.0000,0.0556,8.581231
8.638008,0,0x01,0.0000,0.0556,8.636180
8.638008,1,0x02,-5.0000,-5.0556,8.637173
8.638008,2,0x03,0.0000,0.0556,8.634192
8.638008,3,0x04,0.0000,0.0556,8.581231
8.639117,0,0x01,0.0000,0.0556,8.636180
8.639117,1,0x02,-5.0000,-5.0556,8.644192
8.639117,2,0x03,0.0000,0.1111,8.645187
8.639117,3,0x04,0.0000,0.0556,8.639175
8.646906,0,0x01,0.0000,0.0556,8.646188
8.646906,1,0x02,-5.0000,-5.0556,8.644192
8.646906,2,0x03,0.0000,0.1111,8.645187
8.646906,3,0x04,0.0000,0.0556,8.639175
8.648046,0,0x01,0.0000,0.0556,8.646188
8.648046,1,0x02,-5.0000,-5.0556,8.647168
8.648046,2,0x03,0.0000,0.1111,8.645187
8.648046,3,0x04,0.0000,0.0556,8.639175
8.649138,0,0x01,0.0000,0.0556,8.649191
8.649138,1,0x02,-5.0000,-5.0556,8.647168
8.649138,2,0x03,0.0000,0.1111,8.645187
8.649138,3,0x04,0.0000,0.0556,8.648174
8.655861,0,0x01,0.0000,0.0556,8.649191
8.655861,1,0x02,-5.0000,-5.0556,8.647168
8.655861,2,0x03,0.0000,0.1111,8.645187
8.655861,3,0x04,0.0000,0.0556,8.648174
8.656952,0,0x01,0.0000,0.0556,8.649191
8.656952,1,0x02,-5.0000,-5.0556,8.647168
8.656952,2,0x03,0.0000,0.1111,8.645187
8.656952,3,0x04,0.0000,0.0556,8.648174
8.658042,0,0x01,0.0000,0.0556,8.649191
8.658042,1,0x02,-5.0000,-5.0556,8.647168
8.658042,2,0x03,0.0000,0.1111,8.645187
8.658042,3,0x04,0.0000,0.0556,8.648174
8.659126,0,0x01,0.0000,0.0556,8.649191
8.659126,1,0x02,-5.0000,-5.0556,8.647168
8.659126,2,0x03,0.0000,0.1111,8.645187
8.659126,3,0x04,0.0000,0.0556,8.648174
8.666782,0,0x01,0.0000,0.0556,8.649191
8.666782,1,0x02,-5.0000,-5.0556,8.647168
8.666782,2,0x03,0.0000,0.1111,8.645187
8.666782,3,0x04,0.0000,0.0556,8.648174
8.667851,0,0x01,0.0000,0.0556,8.649191
8.667851,1,0x02,-5.0000,-5.0556,8.647168
8.667851,2,0x03,0.0000,0.1111,8.645187
8.667851,3,0x04,0.0000,0.0556,8.648174
8.668926,0,0x01,0.0000,0.0556,8.649191
8.668926,1,0x02,-5.0000,-5.0556,8.647168
8.668926,2,0x03,0.0000,0.1111,8.645187
8.668926,3,0x04,0.0000,0.0556,8.648174
8.675774,0,0x01,0.0000,0.0556,8.649191
8.675774,1,0x02,-5.0000,-5.0556,8.647168
8.675774,2,0x03,0.0000,0.1111,8.645187
8.675774,3,0x04,0.0000,0.0556,8.648174
8.676846,0,0x01,0.0000,0.0556,8.649191
8.676846,1,0x02,-5.0000,-5.0556,8.647168
8.676846,2,0x03,0.0000,0.1111,8.645187
8.676846,3,0x04,0.0000,0.0556,8.648174
8.677929,0,0x01,0.0000,0.0556,8.649191
8.677929,1,0x02,-5.0000,-5.0556,8.647168
8.677929,2,0x03,0.0000,0.1111,8.645187
8.677929,3,0x04,0.0000,0.0556,8.648174
8.679000,0,0x01,0.0000,0.0556,8.649191
8.679000,1,0x02,-5.0000,-5.0556,8.647168
8.679000,2,0x03,0.0000,0.1111,8.645187
8.679000,3,0x04,0.0000,0.0556,8.648174
8.684801,0,0x01,0.0000,0.0556,8.649191
8.684801,1,0x02,-5.0000,-5.0556,8.647168
8.684801,2,0x03,0.0000,0.1111,8.645187
8.684801,3,0x04,0.0000,0.0556,8.648174
8.685893,0,0x01,0.0000,0.0556,8.649191
8.685893,1,0x02,-5.0000,-5.0556,8.647168
8.685893,2,0x03,0.0000,0.1111,8.645187
8.685893,3,0x04,0.0000,0.0556,8.648174
8.686984,0,0x01,0.0000,0.0556,8.649191
8.686984,1,0x02,-5.0000,-5.0556,8.647168
8.686984,2,0x03,0.0000,0.1111,8.645187
8.686984,3,0x04,0.0000,0.0556,8.648174
8.688070,0,0x01,0.0000,0.0556,8.649191
8.688070,1,0x02,-5.0000,-5.0556,8.647168
8.688070,2,0x03,0.0000,0.1111,8.645187
8.688070,3,0x04,0.0000,0.0556,8.648174
8.689141,0,0x01,0.0000,0.0556,8.649191
8.689141,1,0x02,-5.0000,-5.0556,8.647168
8.689141,2,0x03,0.0000,0.1111,8.645187
8.689141,3,0x04,0.0000,0.0556,8.648174
8.696770,0,0x01,0.0000,0.0556,8.649191
8.696770,1,0x02,-5.0000,-5.0556,8.647168
8.696770,2,0x03,0.0000,0.1111,8.645187
8.696770,3,0x04,0.0000,0.0556,8.696204
8.697865,0,0x01,0.0000,0.1111,8.697176
8.697865,1,0x02,-5.0000,-5.0556,8.647168
8.697865,2,0x03,0.0000,0.1111,8.645187
8.697865,3,0x04,0.0000,0.0556,8.696204
8.698953,0,0x01,0.0000,0.1111,8.704185
8.698953,1,0x02,-5.0000,-5.0556,8.701198
8.698953,2,0x03,0.0000,0.1111,8.702195
8.698953,3,0x04,0.0000,0.0556,8.696204
8.705869,0,0x01,0.0000,0.1111,8.704185
8.705869,1,0x02,-5.0000,-5.0556,8.705198
8.705869,2,0x03,0.0000,0.1111,8.702195
8.705869,3,0x04,0.0000,0.0556,8.696204
8.706953,0,0x01,0.0000,0.1111,8.704185
8.706953,1,0x02,-5.0000,-5.0556,8.705198
8.706953,2,0x03,0.0000,0.1111,8.702195
8.706953,3,0x04,0.0000,0.0556,8.706166
8.708069,0,0x01,0.0000,0.1111,8.707166
8.708069,1,0x02,-5.0000,-5.0556,8.705198
8.708069,2,0x03,0.0000,0.1111,8.702195
8.708069,3,0x04,0.0000,0.0556,8.706166
8.709219,0,0x01,0.0000,0.1111,8.710167
8.709219,1,0x02,-5.0000,-5.0556,8.708172
8.709219,2,0x03,0.0000,0.1111,8.702195
8.709219,3,0x04,0.0000,0.0556,8.709178
8.717857,0,0x01,0.0000,0.1111,8.710167
8.717857,1,0x02,-5.0000,-5.0556,8.708172
8.717857,2,0x03,0.0000,0.1111,8.702195
8.717857,3,0x04,0.0000,0.0556,8.709178
8.718927,0,0x01,0.0000,0.1111,8.710167
8.718927,1,0x02,-5.0000,-5.0556,8.708172
8.718927,2,0x03,0.0000,0.1111,8.722198
8.718927,3,0x04,0.0000,0.0556,8.723186
8.724809,0,0x01,0.0000,0.0556,8.724190
8.724809,1,0x02,-5.0000,-5.0556,8.708172
8.724809,2,0x03,0.0000,0.1111,8.722198
8.724809,3,0x04,0.0000,0.0556,8.723186
8.725942,0,0x01,0.0000,0.0556,8.724190
8.725942,1,0x02,-5.0000,-5.0556,8.725168
8.725942,2,0x03,0.0000,0.1111,8.722198
8.725942,3,0x04,0.0000,0.0556,8.723186
8.727050,0,0x01,0.0000,0.0556,8.724190
8.727050,1,0x02,-5.0000,-5.0556,8.725168
8.727050,2,0x03,0.0000,0.0556,8.726171
8.727050,3,0x04,0.0000,0.0556,8.723186
8.728153,0,0x01,0.0000,0.0556,8.724190
8.728153,1,0x02,-5.0000,-5.0556,8.725168
8.728153,2,0x03,0.0000,0.0556,8.726171
8.728153,3,0x04,0.0000,0.0556,8.723186
8.729226,0,0x01,0.0000,0.1111,8.732187
8.729226,1,0x02,-5.0000,-5.0556,8.735187
8.729226,2,0x03,0.0000,0.0556,8.726171
8.729226,3,0x04,0.0000,0.0556,8.729166
8.736839,0,0x01,0.0000,0.1111,8.732187
8.736839,1,0x02,-5.0000,-5.0556,8.735187
8.736839,2,0x03,0.0000,0.0556,8.726171
8.736839,3,0x04,0.0000,0.0556,8.729166
8.737911,0,0x01,0.0000,0.1111,8.732187
8.737911,1,0x02,-5.0000,-5.0556,8.735187
8.737911,2,0x03,0.0000,0.0556,8.726171
8.737911,3,0x04,0.0000,0.0556,8.729166
8.738994,0,0x01,0.0000,0.0556,8.744197
8.738994,1,0x02,-5.0000,-5.0556,8.735187
8.738994,2,0x03,0.0000,0.0556,8.738170
8.738994,3,0x04,0.0000,0.1111,8.741185
8.745840,0,0x01,0.0000,0.0556,8.744197
8.745840,1,0x02,-5.0000,-5.0556,8.735187
8.745840,2,0x03,0.0000,0.0556,8.738170
8.745840,3,0x04,0.0000,0.1111,8.741185
8.746928,0,0x01,0.0000,0.0556,8.744197
8.746928,1,0x02,-5.0000,-5.0556,8.735187
8.746928,2,0x03,0.0000,0.0556,8.738170
8.746928,3,0x04,0.0000,0.1111,8.741185
8.748017,0,0x01,0.0000,0.0556,8.744197
8.748017,1,0x02,-5.0000,-5.0556,8.747167
8.748017,2,0x03,0.0000,0.0556,8.738170
8.748017,3,0x04,0.0000,0.1111,8.741185
8.749125,0,0x01,0.0000,0.0556,8.744197
8.749125,1,0x02,-5.0000,-5.0556,8.747167
8.749125,2,0x03,0.0000,0.0556,8.750174
8.749125,3,0x04,0.0000,0.0556,8.753186
8.756813,0,0x01,0.0000,0.0556,8.744197
8.756813,1,0x02,-5.0000,-5.0556,8.747167
8.756813,2,0x03,0.0000,0.0556,8.750174
8.756813,3,0x04,0.0000,0.0556,8.753186
8.757886,0,0x01,0.0000,0.0556,8.744197
8.757886,1,0x02,-5.0000,-5.0556,8.747167
8.757886,2,0x03,0.0000,0.0556,8.750174
8.757886,3,0x04,0.0000,0.0556,8.753186
8.758969,0,0x01,0.0000,0.0556,8.744197
8.758969,1,0x02,-5.0000,-5.0556,8.767325
8.758969,2,0x03,0.0000,0.0556,8.750174
8.758969,3,0x04,0.0000,0.0556,8.768189
8.769878,0,0x01,0.0000,0.1111,8.769187
8.769878,1,0x02,-5.0000,-5.0556,8.772201
8.769878,2,0x03,0.0000,0.0556,8.775185
8.769878,3,0x04,0.0000,0.0556,8.768189
8.776815,0,0x01,0.0000,0.1111,8.769187
8.776815,1,0x02,-5.0000,-5.0556,8.772201
8.776815,2,0x03,0.0000,0.0556,8.775185
8.776815,3,0x04,0.0000,0.0556,8.768189
8.777880,0,0x01,0.0000,0.1111,8.769187
8.777880,1,0x02,-5.0000,-5.0556,8.772201
8.777880,2,0x03,0.0000,0.0556,8.775185
8.777880,3,0x04,0.0000,0.0556,8.768189
8.778950,0,0x01,0.0000,0.0556,8.781186
8.778950,1,0x02,-5.0000,-5.0000,8.784187
8.778950,2,0x03,0.0000,0.0556,8.775185
8.778950,3,0x04,0.0000,0.0556,8.778167
8.785865,0,0x01,0.0000,0.0556,8.781186
8.785865,1,0x02,-5.0000,-5.0000,8.784187
8.785865,2,0x03,0.0000,0.0556,8.775185
8.785865,3,0x04,0.0000,0.0556,8.778167
8.786958,0,0x01,0.0000,0.0556,8.781186
8.786958,1,0x02,-5.0000,-5.0000,8.784187
8.786958,2,0x03,0.0000,0.0556,8.775185
8.786958,3,0x04,0.0000,0.0556,8.778167
8.788044,0,0x01,0.0000,0.0556,8.781186
8.788044,1,0x02,-5.0000,-5.0000,8.784187
8.788044,2,0x03,0.0000,0.0556,8.787169
8.788044,3,0x04,0.0000,0.0556,8.778167
8.789132,0,0x01,0.0000,0.0556,8.793187
8.789132,1,0x02,-5.0000,-5.0000,8.784187
8.789132,2,0x03,0.0000,0.0556,8.787169
8.789132,3,0x04,0.0000,0.0556,8.790166
8.796845,0,0x01,0.0000,0.0556,8.793187
8.796845,1,0x02,-5.0000,-5.0000,8.796192
8.796845,2,0x03,0.0000,0.0556,8.787169
8.796845,3,0x04,0.0000,0.0556,8.790166
8.797932,0,0x01,0.0000,0.0556,8.793187
8.797932,1,0x02,-5.0000,-5.0000,8.796192
8.797932,2,0x03,0.0000,0.0556,8.787169
8.797932,3,0x04,0.0000,0.0556,8.790166
8.799023,0,0x01,0.0000,0.0556,8.793187
8.799023,1,0x02,-5.0000,-5.0000,8.796192
8.799023,2,0x03,0.0000,0.1111,8.798173
8.799023,3,0x04,0.0000,0.0556,8.790166
8.805827,0,0x01,0.0000,0.0556,8.793187
8.805827,1,0x02,-5.0000,-5.0000,8.796192
8.805827,2,0x03,0.0000,0.1111,8.798173
8.805827,3,0x04,0.0000,0.0556,8.790166
8.806917,0,0x01,0.0000,0.0556,8.793187
8.806917,1,0x02,-5.0000,-5.0000,8.796192
8.806917,2,0x03,0.0000,0.1111,8.798173
8.806917,3,0x04,0.0000,0.0556,8.790166
8.808018,0,0x01,0.0000,0.0556,8.793187
8.808018,1,0x02,-5.0000,-5.0000,8.796192
8.808018,2,0x03,0.0000,0.1111,8.798173
8.808018,3,0x04,0.0000,0.0556,8.790166
8.809117,0,0x01,0.0000,0.0556,8.813203
8.809117,1,0x02,-5.0000,-5.0556,8.814200
8.809117,2,0x03,0.0000,0.1111,8.798173
8.809117,3,0x04,0.0000,0.0556,8.815198
8.816844,0,0x01,0.0000,0.0556,8.816187
8.816844,1,0x02,-5.0000,-5.0556,8.814200
8.816844,2,0x03,0.0000,0.1111,8.798173
8.816844,3,0x04,0.0000,0.0556,8.815198
8.817959,0,0x01,0.0000,0.0556,8.816187
8.817959,1,0x02,-5.0000,-5.0556,8.814200
8.817959,2,0x03,0.0000,0.1111,8.798173
8.817959,3,0x04,0.0000,0.0556,8.815198
8.819050,0,0x01,0.0000,0.0556,8.816187
8.819050,1,0x02,-5.0000,-5.0556,8.818177
8.819050,2,0x03,0.0000,0.0556,8.821186
8.819050,3,0x04,0.0000,0.0556,8.823186
8.825822,0,0x01,0.0000,0.0556,8.816187
8.825822,1,0x02,-5.0000,-5.0556,8.818177
8.825822,2,0x03,0.0000,0.0556,8.821186
8.825822,3,0x04,0.0000,0.0556,8.823186
8.826912,0,0x01,0.0000,0.0556,8.816187
8.826912,1,0x02,-5.0000,-5.0556,8.818177
8.826912,2,0x03,0.0000,0.0556,8.821186
8.826912,3,0x04,0.0000,0.0556,8.823186
8.828000,0,0x01,0.0000,0.1111,8.827166
8.828000,1,0x02,-5.0000,-5.0556,8.818177
8.828000,2,0x03,0.0000,0.0556,8.821186
8.828000,3,0x04,0.0000,0.0556,8.823186
8.829110,0,0x01,0.0000,0.1111,8.827166
8.829110,1,0x02,-5.0000,-5.0556,8.830167
8.829110,2,0x03,0.0000,0.0556,8.832192
8.829110,3,0x04,0.0000,0.0556,8.835192
8.836843,0,0x01,0.0000,0.1111,8.827166
8.836843,1,0x02,-5.0000,-5.0556,8.830167
8.836843,2,0x03,0.0000,0.0556,8.832192
8.836843,3,0x04,0.0000,0.0556,8.835192
8.837917,0,0x01,0.0000,0.1111,8.827166
8.837917,1,0x02,-5.0000,-5.0556,8.830167
8.837917,2,0x03,0.0000,0.0556,8.832192
8.837917,3,0x04,0.0000,0.0556,8.835192
8.838984,0,0x01,0.0000,0.0556,8.838170
8.838984,1,0x02,-5.0000,-5.0556,8.840195
8.838984,2,0x03,0.0000,0.1111,8.843188
8.838984,3,0x04,0.0000,0.0556,8.835192
8.845837,0,0x01,0.0000,0.0556,8.838170
8.845837,1,0x02,-5.0000,-5.0556,8.840195
8.845837,2,0x03,0.0000,0.1111,8.843188
8.845837,3,0x04,0.0000,0.0556,8.835192
8.846907,0,0x01,0.0000,0.0556,8.838170
8.846907,1,0x02,-5.0000,-5.0556,8.840195
8.846907,2,0x03,0.0000,0.1111,8.843188
8.846907,3,0x04,0.0000,0.0556,8.835192
8.847994,0,0x01,0.0000,0.0556,8.838170
8.847994,1,0x02,-5.0000,-5.0556,8.840195
8.847994,2,0x03,0.0000,0.1111,8.843188
8.847994,3,0x04,0.0000,0.0556,8.835192
8.849082,0,0x01,0.0000,0.0556,8.838170
8.849082,1,0x02,-5.0000,-5.0556,8.840195
8.849082,2,0x03,0.0000,0.1111,8.843188
8.849082,3,0x04,0.0000,0.0556,8.835192
8.856788,0,0x01,0.0000,0.0556,8.838170
8.856788,1,0x02,-5.0000,-5.0556,8.840195
8.856788,2,0x03,0.0000,0.1111,8.843188
8.856788,3,0x04,0.0000,0.0556,8.835192
8.857855,0,0x01,0.0000,0.0556,8.838170
8.857855,1,0x02,-5.0000,-5.0556,8.840195
8.857855,2,0x03,0.0000,0.1111,8.843188
8.857855,3,0x04,0.0000,0.0556,8.835192
8.858923,0,0x01,0.0000,0.0556,8.838170
8.858923,1,0x02,-5.0000,-5.0556,8.840195
8.858923,2,0x03,0.0000,0.1111,8.843188
8.858923,3,0x04,0.0000,0.0556,8.835192
8.865811,0,0x01,0.0000,0.0556,8.838170
8.865811,1,0x02,-5.0000,-5.0556,8.840195
8.865811,2,0x03,0.0000,0.1111,8.843188
8.865811,3,0x04,0.0000,0.0556,8.835192
8.866884,0,0x01,0.0000,0.0556,8.838170
8.866884,1,0x02,-5.0000,-5.0556,8.840195
8.866884,2,0x03,0.0000,0.1111,8.843188
8.866884,3,0x04,0.0000,0.0556,8.835192
8.867970,0,0x01,0.0000,0.0556,8.838170
8.867970,1,0x02,-5.0000,-5.0556,8.840195
8.867970,2,0x03,0.0000,0.1111,8.843188
8.867970,3,0x04,0.0000,0.0556,8.835192
8.869040,0,0x01,0.0000,0.0556,8.838170
8.869040,1,0x02,-5.0000,-5.0556,8.840195
8.869040,2,0x03,0.0000,0.1111,8.843188
8.869040,3,0x04,0.0000,0.0556,8.835192
8.874824,0,0x01,0.0000,0.0556,8.838170
8.874824,1,0x02,-5.0000,-5.0556,8.840195
8.874824,2,0x03,0.0000,0.1111,8.843188
8.874824,3,0x04,0.0000,0.0556,8.835192
8.875893,0,0x01,0.0000,0.0556,8.838170
8.875893,1,0x02,-5.0000,-5.0556,8.840195
8.875893,2,0x03,0.0000,0.1111,8.843188
8.875893,3,0x04,0.0000,0.0556,8.835192
8.876964,0,0x01,0.0000,0.0556,8.838170
8.876964,1,0x02,-5.0000,-5.0556,8.840195
8.876964,2,0x03,0.0000,0.1111,8.843188
8.876964,3,0x04,0.0000,0.0556,8.835192
8.878051,0,0x01,0.0000,0.0556,8.838170
8.878051,1,0x02,-5.0000,-5.0556,8.840195
8.878051,2,0x03,0.0000,0.1111,8.843188
8.878051,3,0x04,0.0000,0.0556,8.835192
8.879144,0,0x01,0.0000,0.0556,8.885186
8.879144,1,0x02,-5.0000,-5.0556,8.883202
8.879144,2,0x03,0.0000,0.0556,8.884196
8.879144,3,0x04,0.0000,0.0556,8.835192
8.886909,0,0x01,0.0000,0.0556,8.885186
8.886909,1,0x02,-5.0000,-5.0556,8.886188
8.886909,2,0x03,0.0000,0.0556,8.884196
8.886909,3,0x04,0.0000,0.0556,8.835192
8.887993,0,0x01,0.0000,0.0556,8.885186
8.887993,1,0x02,-5.0000,-5.0556,8.886188
8.887993,2,0x03,0.0000,0.0556,8.887168
8.887993,3,0x04,0.0000,0.0556,8.835192
8.889079,0,0x01,0.0000,0.1111,8.891187
8.889079,1,0x02,-5.0000,-5.0000,8.892200
8.889079,2,0x03,0.0000,0.0556,8.893191
8.889079,3,0x04,0.0000,0.0556,8.894186
8.895859,0,0x01,0.0000,0.1111,8.891187
8.895859,1,0x02,-5.0000,-5.0000,8.892200
8.895859,2,0x03,0.0000,0.0556,8.893191
8.895859,3,0x04,0.0000,0.0556,8.894186
8.896929,0,0x01,0.0000,0.1111,8.891187
8.896929,1,0x02,-5.0000,-5.0000,8.892200
8.896929,2,0x03,0.0000,0.0556,8.893191
8.896929,3,0x04,0.0000,0.0556,8.894186
8.898025,0,0x01,0.0000,0.1111,8.891187
8.898025,1,0x02,-5.0000,-5.0000,8.892200
8.898025,2,0x03,0.0000,0.0556,8.893191
8.898025,3,0x04,0.0000,0.0556,8.894186
8.899112,0,0x01,0.0000,0.1111,8.891187
8.899112,1,0x02,-5.0000,-5.0000,8.892200
8.899112,2,0x03,0.0000,0.0556,8.893191
8.899112,3,0x04,0.0000,0.0556,8.894186
8.906784,0,0x01,0.0000,0.1111,8.891187
8.906784,1,0x02,-5.0000,-5.0000,8.892200
8.906784,2,0x03,0.0000,0.0556,8.893191
8.906784,3,0x04,0.0000,0.0556,8.894186
8.907853,0,0x01,0.0000,0.1111,8.891187
8.907853,1,0x02,-5.0000,-5.0000,8.892200
8.907853,2,0x03,0.0000,0.0556,8.893191
8.907853,3,0x04,0.0000,0.0556,8.894186
8.908940,0,0x01,0.0000,0.1111,8.891187
8.908940,1,0x02,-5.0000,-5.0000,8.892200
8.908940,2,0x03,0.0000,0.0556,8.893191
8.908940,3,0x04,0.0000,0.0556,8.894186
8.915790,0,0x01,0.0000,0.1111,8.891187
8.915790,1,0x02,-5.0000,-5.0000,8.892200
8.915790,2,0x03,0.0000,0.0556,8.893191
8.915790,3,0x04,0.0000,0.0556,8.894186
8.916872,0,0x01,0.0000,0.1111,8.891187
8.916872,1,0x02,-5.0000,-5.0000,8.892200
8.916872,2,0x03,0.0000,0.0556,8.893191
8.916872,3,0x04,0.0000,0.0556,8.894186
8.917961,0,0x01,0.0000,0.1111,8.891187
8.917961,1,0x02,-5.0000,-5.0000,8.892200
8.917961,2,0x03,0.0000,0.0556,8.893191
8.917961,3,0x04,0.0000,0.0556,8.894186
8.919050,0,0x01,0.0000,0.1111,8.891187
8.919050,1,0x02,-5.0000,-5.0000,8.892200
8.919050,2,0x03,0.0000,0.0556,8.893191
8.919050,3,0x04,0.0000,0.0556,8.894186
8.924791,0,0x01,0.0000,0.1111,8.891187
8.924791,1,0x02,-5.0000,-5.0000,8.892200
8.924791,2,0x03,0.0000,0.0556,8.893191
8.924791,3,0x04,0.0000,0.0556,8.894186
8.925875,0,0x01,0.0000,0.1111,8.891187
8.925875,1,0x02,-5.0000,-5.0000,8.892200
8.925875,2,0x03,0.0000,0.0556,8.893191
8.925875,3,0x04,0.0000,0.0556,8.894186
8.926964,0,0x01,0.0000,0.1111,8.891187
8.926964,1,0x02,-5.0000,-5.0000,8.892200
8.926964,2,0x03,0.0000,0.0556,8.893191
8.926964,3,0x04,0.0000,0.0556,8.894186
8.928051,0,0x01,0.0000,0.1111,8.891187
8.928051,1,0x02,-5.0000,-5.0000,8.892200
8.928051,2,0x03,0.0000,0.0556,8.893191
8.928051,3,0x04,0.0000,0.0556,8.894186
8.929137,0,0x01,0.0000,0.0556,8.934200
8.929137,1,0x02,-5.0000,-5.0000,8.892200
8.929137,2,0x03,0.0000,0.0556,8.935186
8.929137,3,0x04,0.0000,0.0556,8.933224
8.936865,0,0x01,0.0000,0.0556,8.934200
8.936865,1,0x02,-5.0000,-5.0000,8.892200
8.936865,2,0x03,0.0000,0.0556,8.935186
8.936865,3,0x04,0.0000,0.0556,8.936197
8.937948,0,0x01,0.0000,0.1111,8.937170
8.937948,1,0x02,-5.0000,-5.0000,8.892200
8.937948,2,0x03,0.0000,0.0556,8.935186
8.937948,3,0x04,0.0000,0.0556,8.936197
8.939030,0,0x01,0.0000,0.1111,8.937170
8.939030,1,0x02,-5.0000,-5.0556,8.940198
8.939030,2,0x03,0.0000,0.1111,8.941186
8.939030,3,0x04,0.0000,0.0556,8.936197
8.945862,0,0x01,0.0000,0.1111,8.937170
8.945862,1,0x02,-5.0000,-5.0556,8.940198
8.945862,2,0x03,0.0000,0.1111,8.941186
8.945862,3,0x04,0.0000,0.0556,8.936197
8.946932,0,0x01,0.0000,0.1111,8.937170
8.946932,1,0x02,-5.0000,-5.0556,8.940198
8.946932,2,0x03,0.0000,0.1111,8.941186
8.946932,3,0x04,0.0000,0.0556,8.936197
8.948017,0,0x01,0.0000,0.1111,8.937170
8.948017,1,0x02,-5.0000,-5.0556,8.940198
8.948017,2,0x03,0.0000,0.1111,8.941186
8.948017,3,0x04,0.0000,0.0556,8.936197
8.949105,0,0x01,0.0000,0.1111,8.937170
8.949105,1,0x02,-5.0000,-5.0556,8.940198
8.949105,2,0x03,0.0000,0.1111,8.941186
8.949105,3,0x04,0.0000,0.0556,8.936197
8.956784,0,0x01,0.0000,0.1111,8.937170
8.956784,1,0x02,-5.0000,-5.0556,8.940198
8.956784,2,0x03,0.0000,0.1111,8.941186
8.956784,3,0x04,0.0000,0.0556,8.936197
8.957853,0,0x01,0.0000,0.1111,8.937170
8.957853,1,0x02,-5.0000,-5.0556,8.940198
8.957853,2,0x03,0.0000,0.1111,8.941186
8.957853,3,0x04,0.0000,0.0556,8.936197
8.958937,0,0x01,0.0000,0.1111,8.937170
8.958937,1,0x02,-5.0000,-5.0556,8.940198
8.958937,2,0x03,0.0000,0.1111,8.941186
8.958937,3,0x04,0.0000,0.0556,8.936197
8.965768,0,0x01,0.0000,0.1111,8.937170
8.965768,1,0x02,-5.0000,-5.0556,8.940198
8.965768,2,0x03,0.0000,0.1111,8.941186
8.965768,3,0x04,0.0000,0.0556,8.936197
8.966839,0,0x01,0.0000,0.1111,8.937170
8.966839,1,0x02,-5.0000,-5.0556,8.940198
8.966839,2,0x03,0.0000,0.1111,8.941186
8.966839,3,0x04,0.0000,0.0556,8.936197
8.967926,0,0x01,0.0000,0.1111,8.937170
8.967926,1,0x02,-5.0000,-5.0556,8.940198
8.967926,2,0x03,0.0000,0.1111,8.941186
8.967926,3,0x04,0.0000,0.0556,8.936197
8.969022,0,0x01,0.0000,0.1111,8.937170
8.969022,1,0x02,-5.0000,-5.0556,8.940198
8.969022,2,0x03,0.0000,0.1111,8.941186
8.969022,3,0x04,0.0000,0.0556,8.936197
8.974774,0,0x01,0.0000,0.1111,8.937170
8.974774,1,0x02,-5.0000,-5.0556,8.940198
8.974774,2,0x03,0.0000,0.1111,8.941186
8.974774,3,0x04,0.0000,0.0556,8.936197
8.975848,0,0x01,0.0000,0.1111,8.937170
8.975848,1,0x02,-5.0000,-5.0556,8.940198
8.975848,2,0x03,0.0000,0.1111,8.941186
8.975848,3,0x04,0.0000,0.0556,8.936197
8.976938,0,0x01,0.0000,0.1111,8.937170
8.976938,1,0x02,-5.0000,-5.0556,8.940198
8.976938,2,0x03,0.0000,0.1111,8.941186
8.976938,3,0x04,0.0000,0.0556,8.936197
8.978021,0,0x01,0.0000,0.1111,8.937170
8.978021,1,0x02,-5.0000,-5.0556,8.940198
8.978021,2,0x03,0.0000,0.1111,8.941186
8.978021,3,0x04,0.0000,0.0556,8.977177
8.979114,0,0x01,0.0000,0.0556,8.985190
8.979114,1,0x02,-5.0000,-5.0000,8.979169
8.979114,2,0x03,0.0000,0.0556,8.983197
8.979114,3,0x04,0.0000,0.0556,8.984190
8.986971,0,0x01,0.0000,0.0556,8.985190
8.986971,1,0x02,-5.0000,-5.0000,8.979169
8.986971,2,0x03,0.0000,0.1111,8.986187
8.986971,3,0x04,0.0000,0.0556,8.984190
8.988063,0,0x01,0.0000,0.0556,8.985190
8.988063,1,0x02,-5.0000,-5.0000,8.979169
8.988063,2,0x03,0.0000,0.1111,8.986187
8.988063,3,0x04,0.0000,0.0556,8.984190
8.989134,0,0x01,0.0000,0.0556,8.985190
8.989134,1,0x02,-5.0000,-5.0000,8.979169
8.989134,2,0x03,0.0000,0.0556,8.989177
8.989134,3,0x04,0.0000,0.0556,8.988169
8.997826,0,0x01,0.0000,0.0556,8.985190
8.997826,1,0x02,-5.0000,-5.0000,8.979169
8.997826,2,0x03,0.0000,0.0556,8.989177
8.997826,3,0x04,0.0000,0.0556,8.988169
8.998896,0,0x01,0.0000,0.0556,8.985190
8.998896,1,0x02,-5.0000,-5.0000,8.979169
8.998896,2,0x03,0.0000,0.0556,8.989177
8.998896,3,0x04,0.0000,0.0556,8.988169
9.005787,0,0x01,0.0000,0.0556,8.985190
9.005787,1,0x02,-5.0000,-5.0000,8.979169
9.005787,2,0x03,0.0000,0.0556,8.989177
9.005787,3,0x04,0.0000,0.0556,8.988169
9.006856,0,0x01,0.0000,0.0556,8.985190
9.006856,1,0x02,-5.0000,-5.0000,8.979169
9.006856,2,0x03,0.0000,0.0556,8.989177
9.006856,3,0x04,0.0000,0.0556,8.988169
9.007943,0,0x01,0.0000,0.0556,8.985190
9.007943,1,0x02,-5.0000,-5.0000,8.979169
9.007943,2,0x03,0.0000,0.0556,8.989177
9.007943,3,0x04,0.0000,0.0556,8.988169
9.009033,0,0x01,0.0000,0.0556,8.985190
9.009033,1,0x02,-5.0000,-5.0000,8.979169
9.009033,2,0x03,0.0000,0.0556,8.989177
9.009033,3,0x04,0.0000,0.0556,8.988169
9.014786,0,0x01,0.0000,0.0556,8.985190
9.014786,1,0x02,-5.0000,-5.0000,8.979169
9.014786,2,0x03,0.0000,0.0556,8.989177
9.014786,3,0x04,0.0000,0.0556,8.988169
9.015875,0,0x01,0.0000,0.0556,8.985190
9.015875,1,0x02,-5.0000,-5.0000,8.979169
9.015875,2,0x03,0.0000,0.0556,8.989177
9.015875,3,0x04,0.0000,0.0556,8.988169
9.016968,0,0x01,0.0000,0.0556,8.985190
9.016968,1,0x02,-5.0000,-5.0000,8.979169
9.016968,2,0x03,0.0000,0.0556,8.989177
9.016968,3,0x04,0.0000,0.0556,8.988169
9.018035,0,0x01,0.0000,0.0556,8.985190
9.018035,1,0x02,-5.0000,-5.0000,8.979169
9.018035,2,0x03,0.0000,0.0556,8.989177
9.018035,3,0x04,0.0000,0.0556,8.988169
9.019105,0,0x01,0.0000,0.0556,8.985190
9.019105,1,0x02,-5.0000,-5.0000,8.979169
9.019105,2,0x03,0.0000,0.0556,8.989177
9.019105,3,0x04,0.0000,0.0556,8.988169
9.026808,0,0x01,0.0000,0.0556,8.985190
9.026808,1,0x02,-5.0000,-5.0000,8.979169
9.026808,2,0x03,0.0000,0.0556,8.989177
9.026808,3,0x04,0.0000,0.0556,8.988169
9.027878,0,0x01,0.0000,0.0556,8.985190
9.027878,1,0x02,-5.0000,-5.0000,8.979169
9.027878,2,0x03,0.0000,0.0556,8.989177
9.027878,3,0x04,0.0000,0.0556,8.988169
9.028963,0,0x01,0.0000,0.0556,8.985190
9.028963,1,0x02,-5.0000,-5.0000,8.979169
9.028963,2,0x03,0.0000,0.0556,8.989177
9.028963,3,0x04,0.0000,0.0556,8.988169
9.035803,0,0x01,0.0000,0.0556,8.985190
9.035803,1,0x02,-5.0000,-5.0000,8.979169
9.035803,2,0x03,0.0000,0.0556,8.989177
9.035803,3,0x04,0.0000,0.0556,8.988169
9.036884,0,0x01,0.0000,0.0556,9.036180
9.036884,1,0x02,-5.0000,-5.0000,8.979169
9.036884,2,0x03,0.0000,0.0556,8.989177
9.036884,3,0x04,0.0000,0.0556,8.988169
9.038028,0,0x01,0.0000,0.0556,9.036180
9.038028,1,0x02,-5.0000,-5.0556,9.037174
9.038028,2,0x03,0.0000,0.0556,8.989177
9.038028,3,0x04,0.0000,0.0556,8.988169
9.039142,0,0x01,0.0000,0.1111,9.045198
9.039142,1,0x02,-5.0000,-5.0556,9.043186
9.039142,2,0x03,0.0000,0.1111,9.044190
9.039142,3,0x04,0.0000,0.0556,9.039196
9.046917,0,0x01,0.0000,0.1111,9.045198
9.046917,1,0x02,-5.0000,-5.0556,9.043186
9.046917,2,0x03,0.0000,0.1111,9.044190
9.046917,3,0x04,0.0000,0.0556,9.039196
9.047984,0,0x01,0.0000,0.1111,9.045198
9.047984,1,0x02,-5.0000,-5.0556,9.047168
9.047984,2,0x03,0.0000,0.1111,9.044190
9.047984,3,0x04,0.0000,0.0556,9.039196
9.049068,0,0x01,0.0000,0.1111,9.049171
9.049068,1,0x02,-5.0000,-5.0000,9.052186
9.049068,2,0x03,0.0000,0.1111,9.044190
9.049068,3,0x04,0.0000,0.0556,9.051207
9.055891,0,0x01,0.0000,0.1111,9.049171
9.055891,1,0x02,-5.0000,-5.0000,9.052186
9.055891,2,0x03,0.0000,0.1111,9.044190
9.055891,3,0x04,0.0000,0.0556,9.051207
9.056962,0,0x01,0.0000,0.1111,9.049171
9.056962,1,0x02,-5.0000,-5.0000,9.052186
9.056962,2,0x03,0.0000,0.1111,9.044190
9.056962,3,0x04,0.0000,0.0556,9.051207
9.058056,0,0x01,0.0000,0.1111,9.049171
9.058056,1,0x02,-5.0000,-5.0000,9.052186
9.058056,2,0x03,0.0000,0.1111,9.044190
9.058056,3,0x04,0.0000,0.0556,9.051207
9.059148,0,0x01,0.0000,0.1111,9.049171
9.059148,1,0x02,-5.0000,-5.0000,9.052186
9.059148,2,0x03,0.0000,0.1111,9.044190
9.059148,3,0x04,0.0000,0.0556,9.051207
9.066821,0,0x01,0.0000,0.1111,9.049171
9.066821,1,0x02,-5.0000,-5.0000,9.052186
9.066821,2,0x03,0.0000,0.1111,9.044190
9.066821,3,0x04,0.0000,0.0556,9.051207
9.067890,0,0x01,0.0000,0.1111,9.049171
9.067890,1,0x02,-5.0000,-5.0000,9.052186
9.067890,2,0x03,0.0000,0.1111,9.044190
9.067890,3,0x04,0.0000,0.0556,9.051207
9.068961,0,0x01,0.0000,0.1111,9.049171
9.068961,1,0x02,-5.0000,-5.0000,9.052186
9.068961,2,0x03,0.0000,0.1111,9.044190
9.068961,3,0x04,0.0000,0.0556,9.051207
9.075779,0,0x01,0.0000,0.1111,9.049171
9.075779,1,0x02,-5.0000,-5.0000,9.052186
9.075779,2,0x03,0.0000,0.1111,9.044190
9.075779,3,0x04,0.0000,0.0556,9.051207
9.076851,0,0x01,0.0000,0.1111,9.049171
9.076851,1,0x02,-5.0000,-5.0000,9.052186
9.076851,2,0x03,0.0000,0.1111,9.044190
9.076851,3,0x04,0.0000,0.0556,9.051207
9.077920,0,0x01,0.0000,0.1111,9.049171
9.077920,1,0x02,-5.0000,-5.0000,9.052186
9.077920,2,0x03,0.0000,0.1111,9.044190
9.077920,3,0x04,0.0000,0.0556,9.051207
9.078989,0,0x01,0.0000,0.1111,9.049171
9.078989,1,0x02,-5.0000,-5.0000,9.052186
9.078989,2,0x03,0.0000,0.1111,9.044190
9.078989,3,0x04,0.0000,0.0556,9.051207
9.084775,0,0x01,0.0000,0.1111,9.049171
9.084775,1,0x02,-5.0000,-5.0000,9.052186
9.084775,2,0x03,0.0000,0.1111,9.044190
9.084775,3,0x04,0.0000,0.0556,9.051207
9.085847,0,0x01,0.0000,0.1111,9.049171
9.085847,1,0x02,-5.0000,-5.0000,9.052186
9.085847,2,0x03,0.0000,0.1111,9.044190
9.085847,3,0x04,0.0000,0.0556,9.051207
9.086930,0,0x01,0.0000,0.1111,9.049171
9.086930,1,0x02,-5.0000,-5.0000,9.052186
9.086930,2,0x03,0.0000,0.1111,9.044190
9.086930,3,0x04,0.0000,0.0556,9.051207
9.088018,0,0x01,0.0000,0.1111,9.049171
9.088018,1,0x02,-5.0000,-5.0000,9.052186
9.088018,2,0x03,0.0000,0.1111,9.044190
9.088018,3,0x04,0.0000,0.0556,9.051207
9.089089,0,0x01,0.0000,0.1111,9.093204
9.089089,1,0x02,-5.0000,-5.0000,9.094195
9.089089,2,0x03,0.0000,0.1111,9.095195
9.089089,3,0x04,0.0000,0.0556,9.051207
9.096922,0,0x01,0.0000,0.0556,9.096195
9.096922,1,0x02,-5.0000,-5.0000,9.094195
9.096922,2,0x03,0.0000,0.1111,9.095195
9.096922,3,0x04,0.0000,0.0556,9.051207
9.098015,0,0x01,0.0000,0.0556,9.096195
9.098015,1,0x02,-5.0000,-5.0000,9.094195
9.098015,2,0x03,0.0000,0.1111,9.095195
9.098015,3,0x04,0.0000,0.0556,9.051207
9.099085,0,0x01,0.0000,0.1111,9.099187
9.099085,1,0x02,-5.0000,-5.0556,9.098172
9.099085,2,0x03,0.0000,0.1111,9.095195
9.099085,3,0x04,0.0000,0.0556,9.051207
9.107808,0,0x01,0.0000,0.1111,9.099187
9.107808,1,0x02,-5.0000,-5.0556,9.098172
9.107808,2,0x03,0.0000,0.1111,9.095195
9.107808,3,0x04,0.0000,0.0556,9.051207
9.108881,0,0x01,0.0000,0.1111,9.099187
9.108881,1,0x02,-5.0000,-5.0556,9.098172
9.108881,2,0x03,0.0000,0.1111,9.095195
9.108881,3,0x04,0.0000,0.0556,9.051207
9.115801,0,0x01,0.0000,0.1111,9.099187
9.115801,1,0x02,-5.0000,-5.0556,9.098172
9.115801,2,0x03,0.0000,0.1111,9.095195
9.115801,3,0x04,0.0000,0.0556,9.051207
9.116896,0,0x01,0.0000,0.1111,9.099187
9.116896,1,0x02,-5.0000,-5.0556,9.098172
9.116896,2,0x03,0.0000,0.1111,9.095195
9.116896,3,0x04,0.0000,0.0556,9.051207
9.117991,0,0x01,0.0000,0.1111,9.099187
9.117991,1,0x02,-5.0000,-5.0556,9.098172
9.117991,2,0x03,0.0000,0.1111,9.095195
9.117991,3,0x04,0.0000,0.0556,9.051207
9.119085,0,0x01,0.0000,0.1111,9.099187
9.119085,1,0x02,-5.0000,-5.0556,9.098172
9.119085,2,0x03,0.0000,0.1111,9.095195
9.119085,3,0x04,0.0000,0.0556,9.051207
9.126782,0,0x01,0.0000,0.1111,9.099187
9.126782,1,0x02,-5.0000,-5.0556,9.098172
9.126782,2,0x03,0.0000,0.1111,9.095195
9.126782,3,0x04,0.0000,0.0556,9.051207
9.127853,0,0x01,0.0000,0.1111,9.099187
9.127853,1,0x02,-5.0000,-5.0556,9.098172
9.127853,2,0x03,0.0000,0.1111,9.095195
9.127853,3,0x04,0.0000,0.0556,9.051207
9.128943,0,0x01,0.0000,0.1111,9.099187
9.128943,1,0x02,-5.0000,-5.0556,9.098172
9.128943,2,0x03,0.0000,0.1111,9.095195
9.128943,3,0x04,0.0000,0.0556,9.051207
9.135741,0,0x01,0.0000,0.1111,9.099187
9.135741,1,0x02,-5.0000,-5.0556,9.098172
9.135741,2,0x03,0.0000,0.1111,9.095195
9.135741,3,0x04,0.0000,0.0556,9.051207
9.136822,0,0x01,0.0000,0.1111,9.099187
9.136822,1,0x02,-5.0000,-5.0556,9.098172
9.136822,2,0x03,0.0000,0.1111,9.095195
9.136822,3,0x04,0.0000,0.0556,9.051207
9.137914,0,0x01,0.0000,0.1111,9.099187
9.137914,1,0x02,-5.0000,-5.0556,9.098172
9.137914,2,0x03,0.0000,0.1111,9.095195
9.137914,3,0x04,0.0000,0.0556,9.051207
9.139011,0,0x01,0.0000,0.1111,9.099187
9.139011,1,0x02,-5.0000,-5.0556,9.098172
9.139011,2,0x03,0.0000,0.1111,9.095195
9.139011,3,0x04,0.0000,0.0556,9.051207
9.144785,0,0x01,0.0000,0.1111,9.099187
9.144785,1,0x02,-5.0000,-5.0556,9.098172
9.144785,2,0x03,0.0000,0.1111,9.095195
9.144785,3,0x04,0.0000,0.0556,9.051207
9.145855,0,0x01,0.0000,0.1111,9.099187
9.145855,1,0x02,-5.0000,-5.0556,9.098172
9.145855,2,0x03,0.0000,0.1111,9.095195
9.145855,3,0x04,0.0000,0.0556,9.051207
9.146944,0,0x01,0.0000,0.1111,9.099187
9.146944,1,0x02,-5.0000,-5.0556,9.098172
9.146944,2,0x03,0.0000,0.1111,9.095195
9.146944,3,0x04,0.0000,0.0556,9.051207
9.148031,0,0x01,0.0000,0.1111,9.099187
9.148031,1,0x02,-5.0000,-5.0556,9.098172
9.148031,2,0x03,0.0000,0.1111,9.095195
9.148031,3,0x04,0.0000,0.0000,9.147177
9.149128,0,0x01,0.0000,0.1111,9.151198
9.149128,1,0x02,-5.0000,-5.0556,9.152186
9.149128,2,0x03,0.0000,0.1111,9.153196
9.149128,3,0x04,0.0000,0.0000,9.147177
9.156916,0,0x01,0.0000,0.1111,9.151198
9.156916,1,0x02,-5.0000,-5.0556,9.152186
9.156916,2,0x03,0.0000,0.1111,9.153196
9.156916,3,0x04,0.0000,0.0000,9.147177
9.157988,0,0x01,0.0000,0.1111,9.151198
9.157988,1,0x02,-5.0000,-5.0556,9.152186
9.157988,2,0x03,0.0000,0.1111,9.153196
9.157988,3,0x04,0.0000,0.0000,9.147177
9.159091,0,0x01,0.0000,0.1111,9.151198
9.159091,1,0x02,-5.0000,-5.0556,9.152186
9.159091,2,0x03,0.0000,0.1111,9.153196
9.159091,3,0x04,0.0000,0.0000,9.147177
9.165812,0,0x01,0.0000,0.1111,9.151198
9.165812,1,0x02,-5.0000,-5.0556,9.152186
9.165812,2,0x03,0.0000,0.1111,9.153196
9.165812,3,0x04,0.0000,0.0000,9.147177
9.166884,0,0x01,0.0000,0.1111,9.151198
9.166884,1,0x02,-5.0000,-5.0556,9.152186
9.166884,2,0x03,0.0000,0.1111,9.153196
9.166884,3,0x04,0.0000,0.0000,9.147177
9.167970,0,0x01,0.0000,0.1111,9.151198
9.167970,1,0x02,-5.0000,-5.0556,9.152186
9.167970,2,0x03,0.0000,0.1111,9.153196
9.167970,3,0x04,0.0000,0.0000,9.147177
9.169049,0,0x01,0.0000,0.1111,9.151198
9.169049,1,0x02,-5.0000,-5.0556,9.152186
9.169049,2,0x03,0.0000,0.1111,9.153196
9.169049,3,0x04,0.0000,0.0000,9.147177
9.174807,0,0x01,0.0000,0.1111,9.151198
9.174807,1,0x02,-5.0000,-5.0556,9.152186
9.174807,2,0x03,0.0000,0.1111,9.153196
9.174807,3,0x04,0.0000,0.0000,9.147177
9.175879,0,0x01,0.0000,0.1111,9.151198
9.175879,1,0x02,-5.0000,-5.0556,9.152186
9.175879,2,0x03,0.0000,0.1111,9.153196
9.175879,3,0x04,0.0000,0.0000,9.147177
9.176967,0,0x01,0.0000,0.1111,9.151198
9.176967,1,0x02,-5.0000,-5.0556,9.152186
9.176967,2,0x03,0.0000,0.1111,9.153196
9.176967,3,0x04,0.0000,0.0000,9.147177
9.178056,0,0x01,0.0000,0.1111,9.151198
9.178056,1,0x02,-5.0000,-5.0556,9.152186
9.178056,2,0x03,0.0000,0.1111,9.153196
9.178056,3,0x04,0.0000,0.0000,9.147177
9.179139,0,0x01,0.0000,0.1111,9.151198
9.179139,1,0x02,-5.0000,-5.0556,9.152186
9.179139,2,0x03,0.0000,0.1111,9.153196
9.179139,3,0x04,0.0000,0.0000,9.147177
9.186788,0,0x01,0.0000,0.1111,9.151198
9.186788,1,0x02,-5.0000,-5.0556,9.152186
9.186788,2,0x03,0.0000,0.1111,9.153196
9.186788,3,0x04,0.0000,0.0000,9.147177
9.187869,0,0x01,0.0000,0.1111,9.151198
9.187869,1,0x02,-5.0000,-5.0556,9.152186
9.187869,2,0x03,0.0000,0.1111,9.153196
9.187869,3,0x04,0.0000,0.0000,9.147177
9.188959,0,0x01,0.0000,0.1111,9.192200
9.188959,1,0x02,-5.0000,-5.0556,9.194187
9.188959,2,0x03,0.0000,0.0556,9.191200
9.188959,3,0x04,0.0000,0.0000,9.147177
9.195830,0,0x01,0.0000,0.1111,9.195198
9.195830,1,0x02,-5.0000,-5.0556,9.194187
9.195830,2,0x03,0.0000,0.0556,9.191200
9.195830,3,0x04,0.0000,0.0000,9.147177
9.196924,0,0x01,0.0000,0.1111,9.195198
9.196924,1,0x02,-5.0000,-5.0556,9.196167
9.196924,2,0x03,0.0000,0.0556,9.191200
9.196924,3,0x04,0.0000,0.0000,9.147177
9.198027,0,0x01,0.0000,0.1111,9.195198
9.198027,1,0x02,-5.0000,-5.0556,9.196167
9.198027,2,0x03,0.0000,0.0556,9.191200
9.198027,3,0x04,0.0000,0.0556,9.197167
9.199111,0,0x01,0.0000,0.1111,9.205196
9.199111,1,0x02,-5.0000,-5.0556,9.196167
9.199111,2,0x03,0.0000,0.1111,9.203186
9.199111,3,0x04,0.0000,0.0556,9.204187
9.206904,0,0x01,0.0000,0.1111,9.205196
9.206904,1,0x02,-5.0000,-5.0556,9.206187
9.206904,2,0x03,0.0000,0.1111,9.203186
9.206904,3,0x04,0.0000,0.0556,9.204187
9.207989,0,0x01,0.0000,0.1111,9.205196
9.207989,1,0x02,-5.0000,-5.0556,9.206187
9.207989,2,0x03,0.0000,0.1111,9.203186
9.207989,3,0x04,0.0000,0.0556,9.207166
9.209095,0,0x01,0.0000,0.1111,9.208167
9.209095,1,0x02,-5.0000,-5.0556,9.209185
9.209095,2,0x03,0.0000,0.1111,9.203186
9.209095,3,0x04,0.0000,0.0556,9.207166
9.216867,0,0x01,0.0000,0.1111,9.208167
9.216867,1,0x02,-5.0000,-5.0556,9.209185
9.216867,2,0x03,0.0000,0.1111,9.203186
9.216867,3,0x04,0.0000,0.0556,9.207166
9.217942,0,0x01,0.0000,0.1111,9.208167
9.217942,1,0x02,-5.0000,-5.0556,9.209185
9.217942,2,0x03,0.0000,0.1111,9.203186
9.217942,3,0x04,0.0000,0.0556,9.207166
9.219041,0,0x01,0.0000,0.0556,9.222195
9.219041,1,0x02,-5.0000,-5.0556,9.223187
9.219041,2,0x03,0.0000,0.1111,9.203186
9.219041,3,0x04,0.0000,0.0556,9.224186
9.225849,0,0x01,0.0000,0.0556,9.222195
9.225849,1,0x02,-5.0000,-5.0556,9.223187
9.225849,2,0x03,0.0000,0.1111,9.203186
9.225849,3,0x04,0.0000,0.0556,9.224186
9.226930,0,0x01,0.0000,0.0556,9.222195
9.226930,1,0x02,-5.0000,-5.0556,9.223187
9.226930,2,0x03,0.0000,0.1111,9.203186
9.226930,3,0x04,0.0000,0.0556,9.224186
9.228006,0,0x01,0.0000,0.1111,9.227177
9.228006,1,0x02,-5.0000,-5.0556,9.223187
9.228006,2,0x03,0.0000,0.1111,9.203186
9.228006,3,0x04,0.0000,0.0556,9.224186
9.229111,0,0x01,0.0000,0.1111,9.227177
9.229111,1,0x02,-5.0000,-5.0556,9.230168
9.229111,2,0x03,0.0000,0.1111,9.233204
9.229111,3,0x04,0.0000,0.0556,9.235189
9.236840,0,0x01,0.0000,0.1111,9.227177
9.236840,1,0x02,-5.0000,-5.0556,9.230168
9.236840,2,0x03,0.0000,0.1111,9.233204
9.236840,3,0x04,0.0000,0.0556,9.235189
9.237926,0,0x01,0.0000,0.1111,9.227177
9.237926,1,0x02,-5.0000,-5.0556,9.230168
9.237926,2,0x03,0.0000,0.1111,9.233204
9.237926,3,0x04,0.0000,0.0556,9.235189
9.238997,0,0x01,0.0000,0.1111,9.239175
9.238997,1,0x02,-5.0000,-5.0556,9.243199
9.238997,2,0x03,0.0000,0.1111,9.233204
9.238997,3,0x04,0.0000,0.0556,9.235189
9.246823,0,0x01,0.0000,0.1111,9.239175
9.246823,1,0x02,-5.0000,-5.0556,9.243199
9.246823,2,0x03,0.0000,0.1111,9.246189
9.246823,3,0x04,0.0000,0.0556,9.235189
9.247912,0,0x01,0.0000,0.1111,9.239175
9.247912,1,0x02,-5.0000,-5.0556,9.243199
9.247912,2,0x03,0.0000,0.1111,9.246189
9.247912,3,0x04,0.0000,0.0556,9.235189
9.249015,0,0x01,0.0000,0.1111,9.250190
9.249015,1,0x02,-5.0000,-5.0556,9.254186
9.249015,2,0x03,0.0000,0.1111,9.246189
9.249015,3,0x04,0.0000,0.0556,9.248173
9.255833,0,0x01,0.0000,0.1111,9.250190
9.255833,1,0x02,-5.0000,-5.0556,9.254186
9.255833,2,0x03,0.0000,0.1111,9.246189
9.255833,3,0x04,0.0000,0.0556,9.248173
9.256907,0,0x01,0.0000,0.1111,9.250190
9.256907,1,0x02,-5.0000,-5.0556,9.254186
9.256907,2,0x03,0.0000,0.1111,9.246189
9.256907,3,0x04,0.0000,0.0556,9.248173
9.257997,0,0x01,0.0000,0.1111,9.250190
9.257997,1,0x02,-5.0000,-5.0556,9.254186
9.257997,2,0x03,0.0000,0.1111,9.246189
9.257997,3,0x04,0.0000,0.0556,9.248173
9.259088,0,0x01,0.0000,0.1111,9.250190
9.259088,1,0x02,-5.0000,-5.0556,9.254186
9.259088,2,0x03,0.0000,0.1111,9.246189
9.259088,3,0x04,0.0000,0.0556,9.248173
9.266791,0,0x01,0.0000,0.1111,9.250190
9.266791,1,0x02,-5.0000,-5.0556,9.254186
9.266791,2,0x03,0.0000,0.1111,9.246189
9.266791,3,0x04,0.0000,0.0556,9.248173
9.267861,0,0x01,0.0000,0.1111,9.250190
9.267861,1,0x02,-5.0000,-5.0556,9.254186
9.267861,2,0x03,0.0000,0.1111,9.246189
9.267861,3,0x04,0.0000,0.0556,9.248173
9.268936,0,0x01,0.0000,0.1111,9.250190
9.268936,1,0x02,-5.0000,-5.0556,9.254186
9.268936,2,0x03,0.0000,0.1111,9.246189
9.268936,3,0x04,0.0000,0.0556,9.248173
9.275788,0,0x01,0.0000,0.1111,9.250190
9.275788,1,0x02,-5.0000,-5.0556,9.254186
9.275788,2,0x03,0.0000,0.1111,9.246189
9.275788,3,0x04,0.0000,0.0556,9.248173
9.276861,0,0x01,0.0000,0.1111,9.250190
9.276861,1,0x02,-5.0000,-5.0556,9.254186
9.276861,2,0x03,0.0000,0.1111,9.246189
9.276861,3,0x04,0.0000,0.0556,9.248173
9.277961,0,0x01,0.0000,0.1111,9.250190
9.277961,1,0x02,-5.0000,-5.0556,9.254186
9.277961,2,0x03,0.0000,0.1111,9.246189
9.277961,3,0x04,0.0000,0.0556,9.248173
9.279051,0,0x01,0.0000,0.1111,9.250190
9.279051,1,0x02,-5.0000,-5.0556,9.254186
9.279051,2,0x03,0.0000,0.1111,9.246189
9.279051,3,0x04,0.0000,0.0556,9.248173
9.286795,0,0x01,0.0000,0.1111,9.250190
9.286795,1,0x02,-5.0000,-5.0556,9.254186
9.286795,2,0x03,0.0000,0.1111,9.246189
9.286795,3,0x04,0.0000,0.0556,9.248173
9.287869,0,0x01,0.0000,0.1111,9.250190
9.287869,1,0x02,-5.0000,-5.0556,9.254186
9.287869,2,0x03,0.0000,0.1111,9.246189
9.287869,3,0x04,0.0000,0.0556,9.248173
9.288959,0,0x01,0.0000,0.0556,9.292198
9.288959,1,0x02,-5.0000,-5.0000,9.293197
9.288959,2,0x03,0.0000,0.0556,9.294190
9.288959,3,0x04,0.0000,0.0556,9.248173
9.295868,0,0x01,0.0000,0.0556,9.292198
9.295868,1,0x02,-5.0000,-5.0000,9.293197
9.295868,2,0x03,0.0000,0.0556,9.294190
9.295868,3,0x04,0.0000,0.0556,9.295196
9.296950,0,0x01,0.0000,0.1111,9.296168
9.296950,1,0x02,-5.0000,-5.0000,9.293197
9.296950,2,0x03,0.0000,0.0556,9.294190
9.296950,3,0x04,0.0000,0.0556,9.295196
9.298032,0,0x01,0.0000,0.1111,9.296168
9.298032,1,0x02,-5.0000,-5.0556,9.297169
9.298032,2,0x03,0.0000,0.0556,9.294190
9.298032,3,0x04,0.0000,0.0556,9.295196
9.299122,0,0x01,0.0000,0.1111,9.299173
9.299122,1,0x02,-5.0000,-5.0556,9.300194
9.299122,2,0x03,0.0000,0.0556,9.294190
9.299122,3,0x04,0.0000,0.0556,9.301199
9.307853,0,0x01,0.0000,0.1111,9.299173
9.307853,1,0x02,-5.0000,-5.0556,9.300194
9.307853,2,0x03,0.0000,0.0556,9.294190
9.307853,3,0x04,0.0000,0.0556,9.301199
9.308926,0,0x01,0.0000,0.1111,9.299173
9.308926,1,0x02,-5.0000,-5.0556,9.300194
9.308926,2,0x03,0.0000,0.0556,9.294190
9.308926,3,0x04,0.0000,0.0556,9.301199
9.316797,0,0x01,0.0000,0.1111,9.299173
9.316797,1,0x02,-5.0000,-5.0556,9.300194
9.316797,2,0x03,0.0000,0.0556,9.294190
9.316797,3,0x04,0.0000,0.0556,9.301199
9.317866,0,0x01,0.0000,0.1111,9.299173
9.317866,1,0x02,-5.0000,-5.0556,9.300194
9.317866,2,0x03,0.0000,0.0556,9.294190
9.317866,3,0x04,0.0000,0.0556,9.301199
9.318960,0,0x01,0.0000,0.1111,9.299173
9.318960,1,0x02,-5.0000,-5.0556,9.300194
9.318960,2,0x03,0.0000,0.0556,9.294190
9.318960,3,0x04,0.0000,0.0556,9.301199
9.325819,0,0x01,0.0000,0.1111,9.299173
9.325819,1,0x02,-5.0000,-5.0556,9.300194
9.325819,2,0x03,0.0000,0.0556,9.294190
9.325819,3,0x04,0.0000,0.0556,9.301199
9.326896,0,0x01,0.0000,0.1111,9.299173
9.326896,1,0x02,-5.0000,-5.0556,9.300194
9.326896,2,0x03,0.0000,0.0556,9.294190
9.326896,3,0x04,0.0000,0.0556,9.301199
9.327985,0,0x01,0.0000,0.1111,9.299173
9.327985,1,0x02,-5.0000,-5.0556,9.300194
9.327985,2,0x03,0.0000,0.0556,9.294190
9.327985,3,0x04,0.0000,0.0556,9.301199
9.329080,0,0x01,0.0000,0.1111,9.299173
9.329080,1,0x02,-5.0000,-5.0556,9.300194
9.329080,2,0x03,0.0000,0.0556,9.294190
9.329080,3,0x04,0.0000,0.0556,9.301199
9.336819,0,0x01,0.0000,0.1111,9.299173
9.336819,1,0x02,-5.0000,-5.0556,9.300194
9.336819,2,0x03,0.0000,0.0556,9.294190
9.336819,3,0x04,0.0000,0.0556,9.301199
9.337898,0,0x01,0.0000,0.1111,9.299173
9.337898,1,0x02,-5.0000,-5.0556,9.300194
9.337898,2,0x03,0.0000,0.0556,9.294190
9.337898,3,0x04,0.0000,0.0556,9.301199
9.338995,0,0x01,0.0000,0.1111,9.299173
9.338995,1,0x02,-5.0000,-5.0556,9.300194
9.338995,2,0x03,0.0000,0.0556,9.294190
9.338995,3,0x04,0.0000,0.0556,9.301199
9.345783,0,0x01,0.0000,0.1111,9.299173
9.345783,1,0x02,-5.0000,-5.0556,9.300194
9.345783,2,0x03,0.0000,0.0556,9.294190
9.345783,3,0x04,0.0000,0.0556,9.301199
9.346853,0,0x01,0.0000,0.1111,9.299173
9.346853,1,0x02,-5.0000,-5.0556,9.300194
9.346853,2,0x03,0.0000,0.0556,9.294190
9.346853,3,0x04,0.0000,0.0556,9.301199
9.347940,0,0x01,0.0000,0.1111,9.347198
9.347940,1,0x02,-5.0000,-5.0556,9.300194
9.347940,2,0x03,0.0000,0.0556,9.294190
9.347940,3,0x04,0.0000,0.0556,9.301199
9.349057,0,0x01,0.0000,0.1111,9.350187
9.349057,1,0x02,-5.0000,-5.0000,9.354214
9.349057,2,0x03,0.0000,0.1111,9.355200
9.349057,3,0x04,0.0000,0.0556,9.353234
9.356892,0,0x01,0.0000,0.1111,9.356190
9.356892,1,0x02,-5.0000,-5.0000,9.354214
9.356892,2,0x03,0.0000,0.1111,9.355200
9.356892,3,0x04,0.0000,0.0556,9.353234
9.357978,0,0x01,0.0000,0.1111,9.356190
9.357978,1,0x02,-5.0000,-5.0000,9.357182
9.357978,2,0x03,0.0000,0.1111,9.355200
9.357978,3,0x04,0.0000,0.0556,9.353234
9.359097,0,0x01,0.0000,0.1111,9.362198
9.359097,1,0x02,-5.0000,-5.0000,9.363198
9.359097,2,0x03,0.0000,0.1111,9.361192
9.359097,3,0x04,0.0000,0.0556,9.353234
9.365893,0,0x01,0.0000,0.1111,9.362198
9.365893,1,0x02,-5.0000,-5.0000,9.363198
9.365893,2,0x03,0.0000,0.1111,9.361192
9.365893,3,0x04,0.0000,0.0556,9.353234
9.366967,0,0x01,0.0000,0.1111,9.362198
9.366967,1,0x02,-5.0000,-5.0000,9.363198
9.366967,2,0x03,0.0000,0.1111,9.361192
9.366967,3,0x04,0.0000,0.0556,9.353234
9.368060,0,0x01,0.0000,0.1111,9.362198
9.368060,1,0x02,-5.0000,-5.0000,9.363198
9.368060,2,0x03,0.0000,0.1111,9.361192
9.368060,3,0x04,0.0000,0.0556,9.353234
9.369139,0,0x01,0.0000,0.1111,9.362198
9.369139,1,0x02,-5.0000,-5.0000,9.363198
9.369139,2,0x03,0.0000,0.1111,9.361192
9.369139,3,0x04,0.0000,0.0556,9.353234
9.378885,0,0x01,0.0000,0.1111,9.362198
9.378885,1,0x02,-5.0000,-5.0000,9.363198
9.378885,2,0x03,0.0000,0.1111,9.361192
9.378885,3,0x04,0.0000,0.0556,9.353234
9.384898,0,0x01,0.0000,0.1111,9.362198
9.384898,1,0x02,-5.0000,-5.0000,9.363198
9.384898,2,0x03,0.0000,0.1111,9.361192
9.384898,3,0x04,0.0000,0.0556,9.353234
9.385997,0,0x01,0.0000,0.1111,9.362198
9.385997,1,0x02,-5.0000,-5.0000,9.363198
9.385997,2,0x03,0.0000,0.1111,9.361192
9.385997,3,0x04,0.0000,0.0556,9.353234
9.387094,0,0x01,0.0000,0.1111,9.362198
9.387094,1,0x02,-5.0000,-5.0000,9.363198
9.387094,2,0x03,0.0000,0.1111,9.361192
9.387094,3,0x04,0.0000,0.0556,9.353234
9.388191,0,0x01,0.0000,0.1111,9.362198
9.388191,1,0x02,-5.0000,-5.0000,9.363198
9.388191,2,0x03,0.0000,0.1111,9.361192
9.388191,3,0x04,0.0000,0.0556,9.353234
9.389282,0,0x01,0.0000,0.1111,9.362198
9.389282,1,0x02,-5.0000,-5.0000,9.363198
9.389282,2,0x03,0.0000,0.1111,9.361192
9.389282,3,0x04,0.0000,0.0556,9.353234
9.396884,0,0x01,0.0000,0.1111,9.362198
9.396884,1,0x02,-5.0000,-5.0000,9.363198
9.396884,2,0x03,0.0000,0.1111,9.361192
9.396884,3,0x04,0.0000,0.0556,9.353234
9.398026,0,0x01,0.0000,0.1111,9.362198
9.398026,1,0x02,-5.0000,-5.0000,9.363198
9.398026,2,0x03,0.0000,0.1111,9.361192
9.398026,3,0x04,0.0000,0.0556,9.353234
9.399132,0,0x01,0.0000,0.1111,9.362198
9.399132,1,0x02,-5.0000,-5.0000,9.363198
9.399132,2,0x03,0.0000,0.1111,9.361192
9.399132,3,0x04,0.0000,0.0556,9.353234
9.405839,0,0x01,0.0000,0.1111,9.362198
9.405839,1,0x02,-5.0000,-5.0000,9.363198
9.405839,2,0x03,0.0000,0.1111,9.361192
9.405839,3,0x04,0.0000,0.0556,9.353234
9.406908,0,0x01,0.0000,0.1111,9.362198
9.406908,1,0x02,-5.0000,-5.0000,9.363198
9.406908,2,0x03,0.0000,0.1111,9.361192
9.406908,3,0x04,0.0000,0.0556,9.353234
9.407984,0,0x01,0.0000,0.1111,9.362198
9.407984,1,0x02,-5.0000,-5.0000,9.363198
9.407984,2,0x03,0.0000,0.1111,9.361192
9.407984,3,0x04,0.0000,0.0556,9.353234
9.409053,0,0x01,0.0000,0.1111,9.411239
9.409053,1,0x02,-5.0000,-5.0000,9.363198
9.409053,2,0x03,0.0000,0.0556,9.412202
9.409053,3,0x04,0.0000,0.0000,9.413195
9.414868,0,0x01,0.0000,0.1111,9.414215
9.414868,1,0x02,-5.0000,-5.0000,9.363198
9.414868,2,0x03,0.0000,0.0556,9.412202
9.414868,3,0x04,0.0000,0.0000,9.413195
9.416001,0,0x01,0.0000,0.1111,9.414215
9.416001,1,0x02,-5.0000,-5.0000,9.415187
9.416001,2,0x03,0.0000,0.0556,9.412202
9.416001,3,0x04,0.0000,0.0000,9.413195
9.417115,0,0x01,0.0000,0.1111,9.414215
9.417115,1,0x02,-5.0000,-5.0000,9.415187
9.417115,2,0x03,0.0000,0.1111,9.416185
9.417115,3,0x04,0.0000,0.0000,9.413195
9.418251,0,0x01,0.0000,0.1111,9.417188
9.418251,1,0x02,-5.0000,-5.0556,9.418193
9.418251,2,0x03,0.0000,0.1111,9.416185
9.418251,3,0x04,0.0000,0.0000,9.413195
9.419365,0,0x01,0.0000,0.1111,9.421191
9.419365,1,0x02,-5.0000,-5.0556,9.418193
9.419365,2,0x03,0.0000,0.0556,9.422186
9.419365,3,0x04,0.0000,0.0556,9.423198
9.426883,0,0x01,0.0000,0.1111,9.421191
9.426883,1,0x02,-5.0000,-5.0556,9.418193
9.426883,2,0x03,0.0000,0.0556,9.422186
9.426883,3,0x04,0.0000,0.0556,9.423198
9.427951,0,0x01,0.0000,0.1111,9.421191
9.427951,1,0x02,-5.0000,-5.0556,9.418193
9.427951,2,0x03,0.0000,0.0556,9.422186
9.427951,3,0x04,0.0000,0.0556,9.423198
9.429022,0,0x01,0.0000,0.1111,9.421191
9.429022,1,0x02,-5.0000,-5.0556,9.418193
9.429022,2,0x03,0.0000,0.0556,9.422186
9.429022,3,0x04,0.0000,0.0556,9.423198
9.435807,0,0x01,0.0000,0.1111,9.421191
9.435807,1,0x02,-5.0000,-5.0556,9.418193
9.435807,2,0x03,0.0000,0.0556,9.422186
9.435807,3,0x04,0.0000,0.0556,9.423198
9.436880,0,0x01,0.0000,0.1111,9.421191
9.436880,1,0x02,-5.0000,-5.0556,9.418193
9.436880,2,0x03,0.0000,0.0556,9.422186
9.436880,3,0x04,0.0000,0.0556,9.423198
9.437977,0,0x01,0.0000,0.1111,9.421191
9.437977,1,0x02,-5.0000,-5.0556,9.418193
9.437977,2,0x03,0.0000,0.0556,9.422186
9.437977,3,0x04,0.0000,0.0556,9.423198
9.439080,0,0x01,0.0000,0.1111,9.421191
9.439080,1,0x02,-5.0000,-5.0556,9.418193
9.439080,2,0x03,0.0000,0.0556,9.422186
9.439080,3,0x04,0.0000,0.0556,9.423198
9.446823,0,0x01,0.0000,0.1111,9.421191
9.446823,1,0x02,-5.0000,-5.0556,9.418193
9.446823,2,0x03,0.0000,0.0556,9.422186
9.446823,3,0x04,0.0000,0.0556,9.423198
9.447912,0,0x01,0.0000,0.1111,9.421191
9.447912,1,0x02,-5.0000,-5.0556,9.418193
9.447912,2,0x03,0.0000,0.0556,9.422186
9.447912,3,0x04,0.0000,0.0556,9.423198
9.449001,0,0x01,0.0000,0.1111,9.421191
9.449001,1,0x02,-5.0000,-5.0556,9.418193
9.449001,2,0x03,0.0000,0.0556,9.422186
9.449001,3,0x04,0.0000,0.0556,9.423198
9.455813,0,0x01,0.0000,0.1111,9.421191
9.455813,1,0x02,-5.0000,-5.0556,9.418193
9.455813,2,0x03,0.0000,0.0556,9.422186
9.455813,3,0x04,0.0000,0.0556,9.423198
9.456891,0,0x01,0.0000,0.1111,9.421191
9.456891,1,0x02,-5.0000,-5.0556,9.418193
9.456891,2,0x03,0.0000,0.0556,9.422186
9.456891,3,0x04,0.0000,0.0556,9.423198
9.457981,0,0x01,0.0000,0.1111,9.421191
9.457981,1,0x02,-5.0000,-5.0556,9.418193
9.457981,2,0x03,0.0000,0.0556,9.422186
9.457981,3,0x04,0.0000,0.0556,9.423198
9.459073,0,0x01,0.0000,0.1111,9.465199
9.459073,1,0x02,0.0000,-5.0556,9.462203
9.459073,2,0x03,0.0000,0.0556,9.463218
9.459073,3,0x04,0.0000,0.0556,9.464201
9.467203,0,0x01,0.0000,0.1111,9.465199
9.467203,1,0x02,0.0000,-5.0556,9.466200
9.467203,2,0x03,0.0000,0.0556,9.463218
9.467203,3,0x04,0.0000,0.0556,9.464201
9.468398,0,0x01,0.0000,0.1111,9.468188
9.468398,1,0x02,0.0000,-5.0556,9.466200
9.468398,2,0x03,0.0000,0.0556,9.463218
9.468398,3,0x04,0.0000,0.0556,9.467376
9.469574,0,0x01,0.0000,0.1111,9.471193
9.469574,1,0x02,0.0000,-5.0556,9.469183
9.469574,2,0x03,0.0000,0.0556,9.463218
9.469574,3,0x04,0.0000,0.0556,9.470196
9.482880,0,0x01,0.0000,0.1111,9.471193
9.482880,1,0x02,0.0000,-5.0556,9.469183
9.482880,2,0x03,0.0000,0.0556,9.463218
9.482880,3,0x04,0.0000,0.0556,9.470196
9.488905,0,0x01,0.0000,0.1111,9.471193
9.488905,1,0x02,0.0000,-5.0556,9.469183
9.488905,2,0x03,0.0000,0.0556,9.463218
9.488905,3,0x04,0.0000,0.0556,9.470196
9.494796,0,0x01,0.0000,0.1111,9.471193
9.494796,1,0x02,0.0000,-5.0556,9.469183
9.494796,2,0x03,0.0000,0.0556,9.463218
9.494796,3,0x04,0.0000,0.0556,9.470196
9.495875,0,0x01,0.0000,0.1111,9.471193
9.495875,1,0x02,0.0000,-5.0556,9.469183
9.495875,2,0x03,0.0000,0.0556,9.463218
9.495875,3,0x04,0.0000,0.0556,9.470196
9.496969,0,0x01,0.0000,0.1111,9.471193
9.496969,1,0x02,0.0000,-5.0556,9.469183
9.496969,2,0x03,0.0000,0.0556,9.463218
9.496969,3,0x04,0.0000,0.0556,9.470196
9.498059,0,0x01,0.0000,0.1111,9.471193
9.498059,1,0x02,0.0000,-5.0556,9.469183
9.498059,2,0x03,0.0000,0.0556,9.463218
9.498059,3,0x04,0.0000,0.0556,9.470196
9.499147,0,0x01,0.0000,0.1111,9.471193
9.499147,1,0x02,0.0000,-5.0556,9.469183
9.499147,2,0x03,0.0000,0.0556,9.463218
9.499147,3,0x04,0.0000,0.0556,9.470196
9.506781,0,0x01,0.0000,0.1111,9.471193
9.506781,1,0x02,0.0000,-5.0556,9.469183
9.506781,2,0x03,0.0000,0.0556,9.463218
9.506781,3,0x04,0.0000,0.0556,9.470196
9.507853,0,0x01,0.0000,0.1111,9.471193
9.507853,1,0x02,0.0000,-5.0556,9.469183
9.507853,2,0x03,0.0000,0.0556,9.463218
9.507853,3,0x04,0.0000,0.0556,9.470196
9.508955,0,0x01,0.0000,0.1111,9.471193
9.508955,1,0x02,0.0000,-5.0556,9.469183
9.508955,2,0x03,0.0000,0.0556,9.463218
9.508955,3,0x04,0.0000,0.0556,9.470196
9.515791,0,0x01,0.0000,0.1111,9.471193
9.515791,1,0x02,0.0000,-5.0556,9.469183
9.515791,2,0x03,0.0000,0.0556,9.463218
9.515791,3,0x04,0.0000,0.0556,9.470196
9.516858,0,0x01,0.0000,0.1111,9.471193
9.516858,1,0x02,0.0000,-5.0000,9.516220
9.516858,2,0x03,0.0000,0.0556,9.463218
9.516858,3,0x04,0.0000,0.0556,9.470196
9.517979,0,0x01,0.0000,0.1111,9.471193
9.517979,1,0x02,0.0000,-5.0000,9.516220
9.517979,2,0x03,0.0000,0.0556,9.463218
9.517979,3,0x04,0.0000,0.0556,9.470196
9.519084,0,0x01,0.0000,0.1111,9.523209
9.519084,1,0x02,0.0000,-1.1111,9.524199
9.519084,2,0x03,0.0000,0.1111,9.521202
9.519084,3,0x04,0.0000,0.0556,9.525197
9.526916,0,0x01,0.0000,0.1111,9.526197
9.526916,1,0x02,0.0000,-1.1111,9.524199
9.526916,2,0x03,0.0000,0.1111,9.521202
9.526916,3,0x04,0.0000,0.0556,9.525197
9.528011,0,0x01,0.0000,0.1111,9.526197
9.528011,1,0x02,0.0000,-0.6667,9.527190
9.528011,2,0x03,0.0000,0.1111,9.521202
9.528011,3,0x04,0.0000,0.0556,9.525197
9.529157,0,0x01,0.0000,0.1111,9.526197
9.529157,1,0x02,0.0000,-0.5556,9.530198
9.529157,2,0x03,0.0000,0.1111,9.528181
9.529157,3,0x04,0.0000,0.0556,9.529197
9.537869,0,0x01,0.0000,0.1111,9.526197
9.537869,1,0x02,0.0000,-0.5556,9.530198
9.537869,2,0x03,0.0000,0.1111,9.528181
9.537869,3,0x04,0.0000,0.0556,9.529197
9.538965,0,0x01,0.0000,0.1111,9.526197
9.538965,1,0x02,0.0000,-0.5556,9.530198
9.538965,2,0x03,0.0000,0.1111,9.528181
9.538965,3,0x04,0.0000,0.0556,9.529197
9.545815,0,0x01,0.0000,0.1111,9.526197
9.545815,1,0x02,0.0000,-0.5556,9.530198
9.545815,2,0x03,0.0000,0.1111,9.528181
9.545815,3,0x04,0.0000,0.0556,9.529197
9.546883,0,0x01,0.0000,0.1111,9.526197
9.546883,1,0x02,0.0000,-0.5556,9.530198
9.546883,2,0x03,0.0000,0.1111,9.528181
9.546883,3,0x04,0.0000,0.0556,9.529197
9.547950,0,0x01,0.0000,0.1111,9.526197
9.547950,1,0x02,0.0000,-0.5556,9.530198
9.547950,2,0x03,0.0000,0.1111,9.528181
9.547950,3,0x04,0.0000,0.0556,9.529197
9.549023,0,0x01,0.0000,0.1111,9.526197
9.549023,1,0x02,0.0000,-0.5556,9.530198
9.549023,2,0x03,0.0000,0.1111,9.528181
9.549023,3,0x04,0.0000,0.0556,9.529197
9.554818,0,0x01,0.0000,0.1111,9.526197
9.554818,1,0x02,0.0000,-0.5556,9.530198
9.554818,2,0x03,0.0000,0.1111,9.528181
9.554818,3,0x04,0.0000,0.0556,9.529197
9.555890,0,0x01,0.0000,0.1111,9.526197
9.555890,1,0x02,0.0000,-0.5556,9.530198
9.555890,2,0x03,0.0000,0.1111,9.528181
9.555890,3,0x04,0.0000,0.0556,9.529197
9.556993,0,0x01,0.0000,0.1111,9.526197
9.556993,1,0x02,0.0000,-0.5556,9.530198
9.556993,2,0x03,0.0000,0.1111,9.528181
9.556993,3,0x04,0.0000,0.0556,9.529197
9.558083,0,0x01,0.0000,0.1111,9.526197
9.558083,1,0x02,0.0000,-0.5556,9.530198
9.558083,2,0x03,0.0000,0.1111,9.528181
9.558083,3,0x04,0.0000,0.0556,9.529197
9.559171,0,0x01,0.0000,0.1111,9.526197
9.559171,1,0x02,0.0000,-0.5556,9.530198
9.559171,2,0x03,0.0000,0.1111,9.528181
9.559171,3,0x04,0.0000,0.0556,9.529197
9.566814,0,0x01,0.0000,0.1111,9.526197
9.566814,1,0x02,0.0000,-0.5556,9.530198
9.566814,2,0x03,0.0000,0.1111,9.528181
9.566814,3,0x04,0.0000,0.0556,9.529197
9.567904,0,0x01,0.0000,0.1111,9.526197
9.567904,1,0x02,0.0000,-0.5556,9.530198
9.567904,2,0x03,0.0000,0.1111,9.528181
9.567904,3,0x04,0.0000,0.0556,9.529197
9.568984,0,0x01,0.0000,0.1111,9.526197
9.568984,1,0x02,0.0000,-0.5556,9.530198
9.568984,2,0x03,0.0000,0.1111,9.528181
9.568984,3,0x04,0.0000,0.0556,9.529197
9.575819,0,0x01,0.0000,0.1111,9.526197
9.575819,1,0x02,0.0000,-0.5556,9.530198
9.575819,2,0x03,0.0000,0.1111,9.528181
9.575819,3,0x04,0.0000,0.0556,9.529197
9.576894,0,0x01,0.0000,0.1111,9.526197
9.576894,1,0x02,0.0000,-0.5556,9.530198
9.576894,2,0x03,0.0000,0.1111,9.576199
9.576894,3,0x04,0.0000,0.0556,9.529197
9.578017,0,0x01,0.0000,0.1111,9.526197
9.578017,1,0x02,0.0000,-0.5556,9.530198
9.578017,2,0x03,0.0000,0.1111,9.576199
9.578017,3,0x04,0.0000,0.0556,9.529197
9.579103,0,0x01,0.0000,0.1111,9.581210
9.579103,1,0x02,0.0000,0.0556,9.578190
9.579103,2,0x03,0.0000,0.1111,9.585205
9.579103,3,0x04,0.0000,0.0556,9.583208
9.586933,0,0x01,0.0000,0.0556,9.586203
9.586933,1,0x02,0.0000,0.0556,9.578190
9.586933,2,0x03,0.0000,0.1111,9.585205
9.586933,3,0x04,0.0000,0.0556,9.583208
9.588048,0,0x01,0.0000,0.0556,9.586203
9.588048,1,0x02,0.0000,0.0556,9.587197
9.588048,2,0x03,0.0000,0.1111,9.585205
9.588048,3,0x04,0.0000,0.0556,9.583208
9.589182,0,0x01,0.0000,0.1111,9.590190
9.589182,1,0x02,0.0000,0.0556,9.591190
9.589182,2,0x03,0.0000,0.1111,9.589213
9.589182,3,0x04,0.0000,0.0556,9.583208
9.599847,0,0x01,0.0000,0.1111,9.590190
9.599847,1,0x02,0.0000,0.0556,9.591190
9.599847,2,0x03,0.0000,0.1111,9.589213
9.599847,3,0x04,0.0000,0.0556,9.583208
9.607793,0,0x01,0.0000,0.1111,9.590190
9.607793,1,0x02,0.0000,0.0556,9.591190
9.607793,2,0x03,0.0000,0.1111,9.589213
9.607793,3,0x04,0.0000,0.0556,9.583208
9.608862,0,0x01,0.0000,0.1111,9.590190
9.608862,1,0x02,0.0000,0.0556,9.591190
9.608862,2,0x03,0.0000,0.1111,9.589213
9.608862,3,0x04,0.0000,0.0556,9.583208
9.615786,0,0x01,0.0000,0.1111,9.590190
9.615786,1,0x02,0.0000,0.0556,9.591190
9.615786,2,0x03,0.0000,0.1111,9.589213
9.615786,3,0x04,0.0000,0.0556,9.583208
9.616869,0,0x01,0.0000,0.1111,9.590190
9.616869,1,0x02,0.0000,0.0556,9.591190
9.616869,2,0x03,0.0000,0.1111,9.589213
9.616869,3,0x04,0.0000,0.0556,9.583208
9.617957,0,0x01,0.0000,0.1111,9.590190
9.617957,1,0x02,0.0000,0.0556,9.591190
9.617957,2,0x03,0.0000,0.1111,9.589213
9.617957,3,0x04,0.0000,0.0556,9.583208
9.619050,0,0x01,0.0000,0.1111,9.590190
9.619050,1,0x02,0.0000,0.0556,9.591190
9.619050,2,0x03,0.0000,0.1111,9.589213
9.619050,3,0x04,0.0000,0.0556,9.583208
9.624795,0,0x01,0.0000,0.1111,9.590190
9.624795,1,0x02,0.0000,0.0556,9.591190
9.624795,2,0x03,0.0000,0.1111,9.589213
9.624795,3,0x04,0.0000,0.0556,9.583208
9.625870,0,0x01,0.0000,0.1111,9.590190
9.625870,1,0x02,0.0000,0.0556,9.591190
9.625870,2,0x03,0.0000,0.1111,9.589213
9.625870,3,0x04,0.0000,0.0556,9.583208
9.626962,0,0x01,0.0000,0.1111,9.590190
9.626962,1,0x02,0.0000,0.0556,9.591190
9.626962,2,0x03,0.0000,0.1111,9.589213
9.626962,3,0x04,0.0000,0.0556,9.583208
9.628045,0,0x01,0.0000,0.1111,9.590190
9.628045,1,0x02,0.0000,0.0556,9.591190
9.628045,2,0x03,0.0000,0.1111,9.589213
9.628045,3,0x04,0.0000,0.0556,9.583208
9.629113,0,0x01,0.0000,0.1111,9.590190
9.629113,1,0x02,0.0000,0.0556,9.591190
9.629113,2,0x03,0.0000,0.1111,9.589213
9.629113,3,0x04,0.0000,0.0556,9.583208
9.636907,0,0x01,0.0000,0.1111,9.590190
9.636907,1,0x02,0.0000,0.0556,9.591190
9.636907,2,0x03,0.0000,0.1111,9.589213
9.636907,3,0x04,0.0000,0.0556,9.583208
9.637990,0,0x01,0.0000,0.1111,9.590190
9.637990,1,0x02,0.0000,0.0556,9.591190
9.637990,2,0x03,0.0000,0.1111,9.589213
9.637990,3,0x04,0.0000,0.0556,9.583208
9.639098,0,0x01,0.0000,0.1111,9.641204
9.639098,1,0x02,0.0000,0.0556,9.642213
9.639098,2,0x03,0.0000,0.1111,9.643200
9.639098,3,0x04,0.0000,0.0556,9.644223
9.646013,0,0x01,0.0000,0.1111,9.641204
9.646013,1,0x02,0.0000,0.0556,9.645197
9.646013,2,0x03,0.0000,0.1111,9.643200
9.646013,3,0x04,0.0000,0.0556,9.644223
9.647116,0,0x01,0.0000,0.1111,9.641204
9.647116,1,0x02,0.0000,0.0556,9.645197
9.647116,2,0x03,0.0000,0.0556,9.646181
9.647116,3,0x04,0.0000,0.0556,9.644223
9.648202,0,0x01,0.0000,0.1111,9.647177
9.648202,1,0x02,0.0000,0.0556,9.645197
9.648202,2,0x03,0.0000,0.0556,9.646181
9.648202,3,0x04,0.0000,0.0556,9.644223
9.649300,0,0x01,0.0000,0.1111,9.647177
9.649300,1,0x02,0.0000,0.0556,9.651470
9.649300,2,0x03,0.0000,0.1111,9.652250
9.649300,3,0x04,0.0000,0.0556,9.650439
9.656985,0,0x01,0.0000,0.1111,9.647177
9.656985,1,0x02,0.0000,0.0556,9.651470
9.656985,2,0x03,0.0000,0.1111,9.652250
9.656985,3,0x04,0.0000,0.0556,9.650439
9.658072,0,0x01,0.0000,0.1111,9.647177
9.658072,1,0x02,0.0000,0.0556,9.651470
9.658072,2,0x03,0.0000,0.1111,9.652250
9.658072,3,0x04,0.0000,0.0556,9.650439
9.659147,0,0x01,0.0000,0.1111,9.647177
9.659147,1,0x02,0.0000,0.0556,9.651470
9.659147,2,0x03,0.0000,0.1111,9.652250
9.659147,3,0x04,0.0000,0.0556,9.650439
9.669212,0,0x01,0.0000,0.1111,9.647177
9.669212,1,0x02,0.0000,0.0556,9.651470
9.669212,2,0x03,0.0000,0.1111,9.652250
9.669212,3,0x04,0.0000,0.0556,9.650439
9.675794,0,0x01,0.0000,0.1111,9.647177
9.675794,1,0x02,0.0000,0.0556,9.651470
9.675794,2,0x03,0.0000,0.1111,9.652250
9.675794,3,0x04,0.0000,0.0556,9.650439
9.676890,0,0x01,0.0000,0.1111,9.647177
9.676890,1,0x02,0.0000,0.0556,9.651470
9.676890,2,0x03,0.0000,0.1111,9.652250
9.676890,3,0x04,0.0000,0.0556,9.650439
9.677980,0,0x01,0.0000,0.1111,9.647177
9.677980,1,0x02,0.0000,0.0556,9.651470
9.677980,2,0x03,0.0000,0.1111,9.652250
9.677980,3,0x04,0.0000,0.0556,9.650439
9.679066,0,0x01,0.0000,0.1111,9.647177
9.679066,1,0x02,0.0000,0.0556,9.651470
9.679066,2,0x03,0.0000,0.1111,9.652250
9.679066,3,0x04,0.0000,0.0556,9.650439
9.684815,0,0x01,0.0000,0.1111,9.647177
9.684815,1,0x02,0.0000,0.0556,9.651470
9.684815,2,0x03,0.0000,0.1111,9.652250
9.684815,3,0x04,0.0000,0.0556,9.650439
9.685919,0,0x01,0.0000,0.1111,9.647177
9.685919,1,0x02,0.0000,0.0556,9.651470
9.685919,2,0x03,0.0000,0.1111,9.652250
9.685919,3,0x04,0.0000,0.0556,9.650439
9.687018,0,0x01,0.0000,0.1111,9.647177
9.687018,1,0x02,0.0000,0.0556,9.651470
9.687018,2,0x03,0.0000,0.1111,9.652250
9.687018,3,0x04,0.0000,0.0556,9.650439
9.688124,0,0x01,0.0000,0.1111,9.647177
9.688124,1,0x02,0.0000,0.0556,9.651470
9.688124,2,0x03,0.0000,0.1111,9.652250
9.688124,3,0x04,0.0000,0.0556,9.650439
9.689212,0,0x01,0.0000,0.1111,9.647177
9.689212,1,0x02,0.0000,0.0556,9.651470
9.689212,2,0x03,0.0000,0.1111,9.652250
9.689212,3,0x04,0.0000,0.0556,9.650439
9.696793,0,0x01,0.0000,0.1111,9.647177
9.696793,1,0x02,0.0000,0.0556,9.651470
9.696793,2,0x03,0.0000,0.1111,9.652250
9.696793,3,0x04,0.0000,0.0556,9.650439
9.697866,0,0x01,0.0000,0.1111,9.647177
9.697866,1,0x02,0.0000,0.0556,9.651470
9.697866,2,0x03,0.0000,0.1111,9.652250
9.697866,3,0x04,0.0000,0.0556,9.650439
9.698956,0,0x01,0.0000,0.0556,9.702206
9.698956,1,0x02,0.0000,0.0556,9.703190
9.698956,2,0x03,0.0000,0.0556,9.704201
9.698956,3,0x04,0.0000,0.0556,9.650439
9.705897,0,0x01,0.0000,0.0556,9.702206
9.705897,1,0x02,0.0000,0.0556,9.703190
9.705897,2,0x03,0.0000,0.0556,9.704201
9.705897,3,0x04,0.0000,0.0556,9.705191
9.706982,0,0x01,0.0000,0.1111,9.706175
9.706982,1,0x02,0.0000,0.0556,9.703190
9.706982,2,0x03,0.0000,0.0556,9.704201
9.706982,3,0x04,0.0000,0.0556,9.705191
9.708071,0,0x01,0.0000,0.1111,9.706175
9.708071,1,0x02,0.0000,0.0556,9.703190
9.708071,2,0x03,0.0000,0.0556,9.707178
9.708071,3,0x04,0.0000,0.0556,9.705191
9.709223,0,0x01,0.0000,0.1111,9.711213
9.709223,1,0x02,0.0000,0.0556,9.712192
9.709223,2,0x03,0.0000,0.1111,9.714204
9.709223,3,0x04,0.0000,0.0556,9.708181
9.716871,0,0x01,0.0000,0.1111,9.711213
9.716871,1,0x02,0.0000,0.0556,9.712192
9.716871,2,0x03,0.0000,0.1111,9.714204
9.716871,3,0x04,0.0000,0.0556,9.708181
9.717948,0,0x01,0.0000,0.1111,9.711213
9.717948,1,0x02,0.0000,0.0556,9.712192
9.717948,2,0x03,0.0000,0.1111,9.714204
9.717948,3,0x04,0.0000,0.0556,9.708181
9.719041,0,0x01,0.0000,0.1111,9.711213
9.719041,1,0x02,0.0000,0.0556,9.712192
9.719041,2,0x03,0.0000,0.1111,9.714204
9.719041,3,0x04,0.0000,0.0556,9.708181
9.725831,0,0x01,0.0000,0.1111,9.711213
9.725831,1,0x02,0.0000,0.0556,9.712192
9.725831,2,0x03,0.0000,0.1111,9.714204
9.725831,3,0x04,0.0000,0.0556,9.708181
9.726899,0,0x01,0.0000,0.1111,9.711213
9.726899,1,0x02,0.0000,0.0556,9.712192
9.726899,2,0x03,0.0000,0.1111,9.714204
9.726899,3,0x04,0.0000,0.0556,9.708181
9.727968,0,0x01,0.0000,0.1111,9.711213
9.727968,1,0x02,0.0000,0.0556,9.712192
9.727968,2,0x03,0.0000,0.1111,9.714204
9.727968,3,0x04,0.0000,0.0556,9.708181
9.729041,0,0x01,0.0000,0.1111,9.711213
9.729041,1,0x02,0.0000,0.0556,9.712192
9.729041,2,0x03,0.0000,0.1111,9.714204
9.729041,3,0x04,0.0000,0.0556,9.708181
9.734810,0,0x01,0.0000,0.1111,9.711213
9.734810,1,0x02,0.0000,0.0556,9.712192
9.734810,2,0x03,0.0000,0.1111,9.714204
9.734810,3,0x04,0.0000,0.0556,9.708181
9.735892,0,0x01,0.0000,0.1111,9.711213
9.735892,1,0x02,0.0000,0.0556,9.712192
9.735892,2,0x03,0.0000,0.1111,9.714204
9.735892,3,0x04,0.0000,0.0556,9.708181
9.736987,0,0x01,0.0000,0.1111,9.711213
9.736987,1,0x02,0.0000,0.0556,9.712192
9.736987,2,0x03,0.0000,0.1111,9.714204
9.736987,3,0x04,0.0000,0.0556,9.708181
9.738078,0,0x01,0.0000,0.1111,9.711213
9.738078,1,0x02,0.0000,0.0556,9.712192
9.738078,2,0x03,0.0000,0.1111,9.714204
9.738078,3,0x04,0.0000,0.0556,9.708181
9.739149,0,0x01,0.0000,0.1111,9.711213
9.739149,1,0x02,0.0000,0.0556,9.712192
9.739149,2,0x03,0.0000,0.1111,9.714204
9.739149,3,0x04,0.0000,0.0556,9.708181
9.746817,0,0x01,0.0000,0.1111,9.711213
9.746817,1,0x02,0.0000,0.0556,9.712192
9.746817,2,0x03,0.0000,0.1111,9.714204
9.746817,3,0x04,0.0000,0.0556,9.708181
9.747887,0,0x01,0.0000,0.1111,9.711213
9.747887,1,0x02,0.0000,0.0556,9.712192
9.747887,2,0x03,0.0000,0.1111,9.714204
9.747887,3,0x04,0.0000,0.0556,9.708181
9.748980,0,0x01,0.0000,0.1111,9.753189
9.748980,1,0x02,0.0000,0.0556,9.754197
9.748980,2,0x03,0.0000,0.1111,9.751210
9.748980,3,0x04,0.0000,0.0556,9.752217
9.755889,0,0x01,0.0000,0.1111,9.753189
9.755889,1,0x02,0.0000,0.0556,9.754197
9.755889,2,0x03,0.0000,0.1111,9.755188
9.755889,3,0x04,0.0000,0.0556,9.752217
9.756991,0,0x01,0.0000,0.1111,9.753189
9.756991,1,0x02,0.0000,0.0556,9.754197
9.756991,2,0x03,0.0000,0.1111,9.755188
9.756991,3,0x04,0.0000,0.0000,9.756179
9.758098,0,0x01,0.0000,0.0556,9.757183
9.758098,1,0x02,0.0000,0.0556,9.754197
9.758098,2,0x03,0.0000,0.1111,9.755188
9.758098,3,0x04,0.0000,0.0000,9.756179
9.759232,0,0x01,0.0000,0.1111,9.759192
9.759232,1,0x02,0.0000,0.0556,9.754197
9.759232,2,0x03,0.0000,0.0556,9.761202
9.759232,3,0x04,0.0000,0.0556,9.758188
9.768924,0,0x01,0.0000,0.1111,9.759192
9.768924,1,0x02,0.0000,0.0556,9.754197
9.768924,2,0x03,0.0000,0.0556,9.761202
9.768924,3,0x04,0.0000,0.0000,9.772227
9.777852,0,0x01,0.0000,0.1111,9.759192
9.777852,1,0x02,0.0000,0.0556,9.754197
9.777852,2,0x03,0.0000,0.0556,9.761202
9.777852,3,0x04,0.0000,0.0000,9.772227
9.778945,0,0x01,0.0000,0.1111,9.759192
9.778945,1,0x02,0.0000,0.0556,9.754197
9.778945,2,0x03,0.0000,0.0556,9.761202
9.778945,3,0x04,0.0000,0.0000,9.772227
9.786809,0,0x01,0.0000,0.1111,9.759192
9.786809,1,0x02,0.0000,0.0556,9.754197
9.786809,2,0x03,0.0000,0.0556,9.761202
9.786809,3,0x04,0.0000,0.0000,9.772227
9.787898,0,0x01,0.0000,0.1111,9.759192
9.787898,1,0x02,0.0000,0.0556,9.754197
9.787898,2,0x03,0.0000,0.0556,9.761202
9.787898,3,0x04,0.0000,0.0000,9.772227
9.789003,0,0x01,0.0000,0.1111,9.759192
9.789003,1,0x02,0.0000,0.0556,9.754197
9.789003,2,0x03,0.0000,0.0556,9.761202
9.789003,3,0x04,0.0000,0.0000,9.772227
9.795815,0,0x01,0.0000,0.1111,9.759192
9.795815,1,0x02,0.0000,0.0556,9.754197
9.795815,2,0x03,0.0000,0.0556,9.761202
9.795815,3,0x04,0.0000,0.0000,9.772227
9.796885,0,0x01,0.0000,0.1111,9.759192
9.796885,1,0x02,0.0000,0.0556,9.754197
9.796885,2,0x03,0.0000,0.0556,9.761202
9.796885,3,0x04,0.0000,0.0000,9.772227
9.797978,0,0x01,0.0000,0.1111,9.759192
9.797978,1,0x02,0.0000,0.0556,9.754197
9.797978,2,0x03,0.0000,0.0556,9.761202
9.797978,3,0x04,0.0000,0.0000,9.772227
9.799057,0,0x01,0.0000,0.1111,9.759192
9.799057,1,0x02,0.0000,0.0556,9.754197
9.799057,2,0x03,0.0000,0.0556,9.761202
9.799057,3,0x04,0.0000,0.0000,9.772227
9.806802,0,0x01,0.0000,0.1111,9.759192
9.806802,1,0x02,0.0000,0.0556,9.754197
9.806802,2,0x03,0.0000,0.0556,9.761202
9.806802,3,0x04,0.0000,0.0000,9.772227
9.807874,0,0x01,0.0000,0.1111,9.759192
9.807874,1,0x02,0.0000,0.0556,9.754197
9.807874,2,0x03,0.0000,0.0556,9.761202
9.807874,3,0x04,0.0000,0.0000,9.772227
9.808965,0,0x01,0.0000,0.1111,9.814188
9.808965,1,0x02,0.0000,0.0556,9.812201
9.808965,2,0x03,0.0000,0.1111,9.813198
9.808965,3,0x04,0.0000,0.0556,9.810199
9.815957,0,0x01,0.0000,0.1111,9.814188
9.815957,1,0x02,0.0000,0.0556,9.815206
9.815957,2,0x03,0.0000,0.1111,9.813198
9.815957,3,0x04,0.0000,0.0556,9.810199
9.817062,0,0x01,0.0000,0.1111,9.814188
9.817062,1,0x02,0.0000,0.0556,9.815206
9.817062,2,0x03,0.0000,0.1111,9.813198
9.817062,3,0x04,0.0000,0.0556,9.816178
9.818166,0,0x01,0.0000,0.1111,9.817213
9.818166,1,0x02,0.0000,0.0556,9.815206
9.818166,2,0x03,0.0000,0.1111,9.813198
9.818166,3,0x04,0.0000,0.0556,9.816178
9.819298,0,0x01,0.0000,0.0556,9.823187
9.819298,1,0x02,0.0000,0.1111,9.821209
9.819298,2,0x03,0.0000,0.0556,9.822198
9.819298,3,0x04,0.0000,0.0556,9.820187
9.826887,0,0x01,0.0000,0.0556,9.823187
9.826887,1,0x02,0.0000,0.1111,9.821209
9.826887,2,0x03,0.0000,0.0556,9.822198
9.826887,3,0x04,0.0000,0.0556,9.820187
9.827960,0,0x01,0.0000,0.0556,9.823187
9.827960,1,0x02,0.0000,0.1111,9.821209
9.827960,2,0x03,0.0000,0.0556,9.822198
9.827960,3,0x04,0.0000,0.0556,9.820187
9.829051,0,0x01,0.0000,0.0556,9.823187
9.829051,1,0x02,0.0000,0.1111,9.821209
9.829051,2,0x03,0.0000,0.0556,9.822198
9.829051,3,0x04,0.0000,0.0556,9.820187
9.835800,0,0x01,0.0000,0.0556,9.823187
9.835800,1,0x02,0.0000,0.1111,9.821209
9.835800,2,0x03,0.0000,0.0556,9.822198
9.835800,3,0x04,0.0000,0.0556,9.820187
9.836882,0,0x01,0.0000,0.0556,9.823187
9.836882,1,0x02,0.0000,0.1111,9.821209
9.836882,2,0x03,0.0000,0.0556,9.822198
9.836882,3,0x04,0.0000,0.0556,9.820187
9.837971,0,0x01,0.0000,0.0556,9.823187
9.837971,1,0x02,0.0000,0.1111,9.821209
9.837971,2,0x03,0.0000,0.0556,9.822198
9.837971,3,0x04,0.0000,0.0556,9.820187
9.839074,0,0x01,0.0000,0.0556,9.823187
9.839074,1,0x02,0.0000,0.1111,9.821209
9.839074,2,0x03,0.0000,0.0556,9.822198
9.839074,3,0x04,0.0000,0.0556,9.820187
9.846812,0,0x01,0.0000,0.0556,9.823187
9.846812,1,0x02,0.0000,0.1111,9.821209
9.846812,2,0x03,0.0000,0.0556,9.822198
9.846812,3,0x04,0.0000,0.0556,9.820187
9.847884,0,0x01,0.0000,0.0556,9.823187
9.847884,1,0x02,0.0000,0.1111,9.821209
9.847884,2,0x03,0.0000,0.0556,9.822198
9.847884,3,0x04,0.0000,0.0556,9.820187
9.848974,0,0x01,0.0000,0.0556,9.823187
9.848974,1,0x02,0.0000,0.1111,9.821209
9.848974,2,0x03,0.0000,0.0556,9.822198
9.848974,3,0x04,0.0000,0.0556,9.820187
9.855795,0,0x01,0.0000,0.0556,9.823187
9.855795,1,0x02,0.0000,0.1111,9.821209
9.855795,2,0x03,0.0000,0.0556,9.822198
9.855795,3,0x04,0.0000,0.0556,9.820187
9.856885,0,0x01,0.0000,0.0556,9.823187
9.856885,1,0x02,0.0000,0.1111,9.821209
9.856885,2,0x03,0.0000,0.0556,9.822198
9.856885,3,0x04,0.0000,0.0556,9.820187
9.857974,0,0x01,0.0000,0.0556,9.823187
9.857974,1,0x02,0.0000,0.1111,9.821209
9.857974,2,0x03,0.0000,0.0556,9.822198
9.857974,3,0x04,0.0000,0.0556,9.820187
9.859067,0,0x01,0.0000,0.0556,9.865201
9.859067,1,0x02,0.0000,0.1111,9.863208
9.859067,2,0x03,0.0000,0.1111,9.860219
9.859067,3,0x04,0.0000,0.0556,9.864208
9.866877,0,0x01,0.0000,0.0556,9.865201
9.866877,1,0x02,0.0000,0.0556,9.866216
9.866877,2,0x03,0.0000,0.1111,9.860219
9.866877,3,0x04,0.0000,0.0556,9.864208
9.867970,0,0x01,0.0000,0.0556,9.865201
9.867970,1,0x02,0.0000,0.0556,9.866216
9.867970,2,0x03,0.0000,0.1111,9.860219
9.867970,3,0x04,0.0000,0.0556,9.867169
9.869096,0,0x01,0.0000,0.1111,9.871203
9.869096,1,0x02,0.0000,0.0556,9.872222
9.869096,2,0x03,0.0000,0.0556,9.870224
9.869096,3,0x04,0.0000,0.0556,9.867169
9.875861,0,0x01,0.0000,0.1111,9.871203
9.875861,1,0x02,0.0000,0.0556,9.872222
9.875861,2,0x03,0.0000,0.0556,9.870224
9.875861,3,0x04,0.0000,0.0556,9.867169
9.876934,0,0x01,0.0000,0.1111,9.871203
9.876934,1,0x02,0.0000,0.0556,9.872222
9.876934,2,0x03,0.0000,0.0556,9.870224
9.876934,3,0x04,0.0000,0.0556,9.867169
9.878027,0,0x01,0.0000,0.1111,9.871203
9.878027,1,0x02,0.0000,0.0556,9.872222
9.878027,2,0x03,0.0000,0.0556,9.870224
9.878027,3,0x04,0.0000,0.0556,9.867169
9.879124,0,0x01,0.0000,0.1111,9.871203
9.879124,1,0x02,0.0000,0.0556,9.872222
9.879124,2,0x03,0.0000,0.0556,9.870224
9.879124,3,0x04,0.0000,0.0556,9.867169
9.886806,0,0x01,0.0000,0.1111,9.871203
9.886806,1,0x02,0.0000,0.0556,9.872222
9.886806,2,0x03,0.0000,0.0556,9.870224
9.886806,3,0x04,0.0000,0.0556,9.867169
9.887885,0,0x01,0.0000,0.1111,9.871203
9.887885,1,0x02,0.0000,0.0556,9.872222
9.887885,2,0x03,0.0000,0.0556,9.870224
9.887885,3,0x04,0.0000,0.0556,9.867169
9.888981,0,0x01,0.0000,0.1111,9.871203
9.888981,1,0x02,0.0000,0.0556,9.872222
9.888981,2,0x03,0.0000,0.0556,9.870224
9.888981,3,0x04,0.0000,0.0556,9.867169
9.895782,0,0x01,0.0000,0.1111,9.871203
9.895782,1,0x02,0.0000,0.0556,9.872222
9.895782,2,0x03,0.0000,0.0556,9.870224
9.895782,3,0x04,0.0000,0.0556,9.867169
9.896849,0,0x01,0.0000,0.1111,9.871203
9.896849,1,0x02,0.0000,0.0556,9.872222
9.896849,2,0x03,0.0000,0.0556,9.870224
9.896849,3,0x04,0.0000,0.0556,9.867169
9.897915,0,0x01,0.0000,0.1111,9.871203
9.897915,1,0x02,0.0000,0.0556,9.872222
9.897915,2,0x03,0.0000,0.0556,9.870224
9.897915,3,0x04,0.0000,0.0556,9.867169
9.898982,0,0x01,0.0000,0.1111,9.871203
9.898982,1,0x02,0.0000,0.0556,9.872222
9.898982,2,0x03,0.0000,0.0556,9.870224
9.898982,3,0x04,0.0000,0.0556,9.867169
9.904822,0,0x01,0.0000,0.1111,9.871203
9.904822,1,0x02,0.0000,0.0556,9.872222
9.904822,2,0x03,0.0000,0.0556,9.870224
9.904822,3,0x04,0.0000,0.0556,9.867169
9.905912,0,0x01,0.0000,0.1111,9.871203
9.905912,1,0x02,0.0000,0.0556,9.872222
9.905912,2,0x03,0.0000,0.0556,9.870224
9.905912,3,0x04,0.0000,0.0556,9.867169
9.907002,0,0x01,0.0000,0.1111,9.871203
9.907002,1,0x02,0.0000,0.0556,9.872222
9.907002,2,0x03,0.0000,0.0556,9.870224
9.907002,3,0x04,0.0000,0.0556,9.867169
9.908104,0,0x01,0.0000,0.1111,9.871203
9.908104,1,0x02,0.0000,0.0556,9.872222
9.908104,2,0x03,0.0000,0.0556,9.870224
9.908104,3,0x04,0.0000,0.0556,9.867169
9.909195,0,0x01,0.0000,0.1111,9.915193
9.909195,1,0x02,0.0000,0.0556,9.872222
9.909195,2,0x03,0.0000,0.1111,9.914198
9.909195,3,0x04,0.0000,0.0556,9.912199
9.917021,0,0x01,0.0000,0.1111,9.915193
9.917021,1,0x02,0.0000,0.0556,9.916267
9.917021,2,0x03,0.0000,0.1111,9.914198
9.917021,3,0x04,0.0000,0.0556,9.912199
9.918123,0,0x01,0.0000,0.1111,9.915193
9.918123,1,0x02,0.0000,0.0556,9.916267
9.918123,2,0x03,0.0000,0.1111,9.914198
9.918123,3,0x04,0.0000,0.0556,9.912199
9.919262,0,0x01,0.0000,0.1111,9.915193
9.919262,1,0x02,0.0000,0.0556,9.919198
9.919262,2,0x03,0.0000,0.1111,9.918219
9.919262,3,0x04,0.0000,0.0556,9.912199
9.928883,0,0x01,0.0000,0.1111,9.915193
9.928883,1,0x02,0.0000,0.0556,9.919198
9.928883,2,0x03,0.0000,0.1111,9.918219
9.928883,3,0x04,0.0000,0.0556,9.912199
9.934853,0,0x01,0.0000,0.1111,9.915193
9.934853,1,0x02,0.0000,0.0556,9.919198
9.934853,2,0x03,0.0000,0.1111,9.918219
9.934853,3,0x04,0.0000,0.0556,9.912199
9.935939,0,0x01,0.0000,0.1111,9.915193
9.935939,1,0x02,0.0000,0.0556,9.919198
9.935939,2,0x03,0.0000,0.1111,9.918219
9.935939,3,0x04,0.0000,0.0556,9.912199
9.937013,0,0x01,0.0000,0.1111,9.915193
9.937013,1,0x02,0.0000,0.0556,9.919198
9.937013,2,0x03,0.0000,0.1111,9.918219
9.937013,3,0x04,0.0000,0.0556,9.912199
9.938085,0,0x01,0.0000,0.1111,9.915193
9.938085,1,0x02,0.0000,0.0556,9.919198
9.938085,2,0x03,0.0000,0.1111,9.918219
9.938085,3,0x04,0.0000,0.0556,9.912199
9.939152,0,0x01,0.0000,0.1111,9.915193
9.939152,1,0x02,0.0000,0.0556,9.919198
9.939152,2,0x03,0.0000,0.1111,9.918219
9.939152,3,0x04,0.0000,0.0556,9.912199
9.946817,0,0x01,0.0000,0.1111,9.915193
9.946817,1,0x02,0.0000,0.0556,9.919198
9.946817,2,0x03,0.0000,0.1111,9.918219
9.946817,3,0x04,0.0000,0.0556,9.912199
9.947890,0,0x01,0.0000,0.1111,9.915193
9.947890,1,0x02,0.0000,0.0556,9.919198
9.947890,2,0x03,0.0000,0.1111,9.918219
9.947890,3,0x04,0.0000,0.0556,9.912199
9.948987,0,0x01,0.0000,0.1111,9.915193
9.948987,1,0x02,0.0000,0.0556,9.919198
9.948987,2,0x03,0.0000,0.1111,9.918219
9.948987,3,0x04,0.0000,0.0556,9.912199
9.955784,0,0x01,0.0000,0.1111,9.915193
9.955784,1,0x02,0.0000,0.0556,9.919198
9.955784,2,0x03,0.0000,0.1111,9.918219
9.955784,3,0x04,0.0000,0.0556,9.912199
9.956852,0,0x01,0.0000,0.1111,9.915193
9.956852,1,0x02,0.0000,0.0556,9.919198
9.956852,2,0x03,0.0000,0.1111,9.918219
9.956852,3,0x04,0.0000,0.0556,9.912199
9.957920,0,0x01,0.0000,0.1111,9.915193
9.957920,1,0x02,0.0000,0.0556,9.919198
9.957920,2,0x03,0.0000,0.1111,9.918219
9.957920,3,0x04,0.0000,0.0556,9.912199
9.958989,0,0x01,0.0000,0.1111,9.915193
9.958989,1,0x02,0.0000,0.0556,9.919198
9.958989,2,0x03,0.0000,0.1111,9.918219
9.958989,3,0x04,0.0000,0.0556,9.912199
9.964787,0,0x01,0.0000,0.1111,9.915193
9.964787,1,0x02,0.0000,0.0556,9.919198
9.964787,2,0x03,0.0000,0.1111,9.918219
9.964787,3,0x04,0.0000,0.0556,9.912199
9.965861,0,0x01,0.0000,0.1111,9.915193
9.965861,1,0x02,0.0000,0.0556,9.919198
9.965861,2,0x03,0.0000,0.1111,9.918219
9.965861,3,0x04,0.0000,0.0556,9.912199
9.966951,0,0x01,0.0000,0.1111,9.915193
9.966951,1,0x02,0.0000,0.0556,9.919198
9.966951,2,0x03,0.0000,0.1111,9.918219
9.966951,3,0x04,0.0000,0.0556,9.912199
9.968043,0,0x01,0.0000,0.1111,9.967357
9.968043,1,0x02,0.0000,0.0556,9.919198
9.968043,2,0x03,0.0000,0.1111,9.918219
9.968043,3,0x04,0.0000,0.0556,9.912199
9.969180,0,0x01,0.0000,0.1111,9.970208
9.969180,1,0x02,0.0000,0.0556,9.974201
9.969180,2,0x03,0.0000,0.1111,9.975249
9.969180,3,0x04,0.0000,0.0556,9.973191
9.976914,0,0x01,0.0000,0.1111,9.970208
9.976914,1,0x02,0.0000,0.0556,9.974201
9.976914,2,0x03,0.0000,0.1111,9.975249
9.976914,3,0x04,0.0000,0.0556,9.973191
9.977983,0,0x01,0.0000,0.1111,9.977282
9.977983,1,0x02,0.0000,0.0556,9.974201
9.977983,2,0x03,0.0000,0.1111,9.975249
9.977983,3,0x04,0.0000,0.0556,9.973191
9.979079,0,0x01,0.0000,0.1111,9.977282
9.979079,1,0x02,0.0000,0.0556,9.978246
9.979079,2,0x03,0.0000,0.1111,9.979248
9.979079,3,0x04,0.0000,0.0556,9.973191
9.985934,0,0x01,0.0000,0.1111,9.977282
9.985934,1,0x02,0.0000,0.0556,9.978246
9.985934,2,0x03,0.0000,0.1111,9.979248
9.985934,3,0x04,0.0000,0.0556,9.973191
9.987011,0,0x01,0.0000,0.1111,9.977282
9.987011,1,0x02,0.0000,0.0556,9.978246
9.987011,2,0x03,0.0000,0.1111,9.979248
9.987011,3,0x04,0.0000,0.0556,9.973191
9.988101,0,0x01,0.0000,0.1111,9.977282
9.988101,1,0x02,0.0000,0.0556,9.978246
9.988101,2,0x03,0.0000,0.1111,9.979248
9.988101,3,0x04,0.0000,0.0556,9.973191
9.989181,0,0x01,0.0000,0.1111,9.977282
9.989181,1,0x02,0.0000,0.0556,9.978246
9.989181,2,0x03,0.0000,0.1111,9.979248
9.989181,3,0x04,0.0000,0.0556,9.973191
9.996930,0,0x01,0.0000,0.1111,9.977282
9.996930,1,0x02,0.0000,0.0556,9.978246
9.996930,2,0x03,0.0000,0.1111,9.979248
9.996930,3,0x04,0.0000,0.0556,9.973191
9.998018,0,0x01,0.0000,0.1111,9.977282
9.998018,1,0x02,0.0000,0.0556,9.978246
9.998018,2,0x03,0.0000,0.1111,9.979248
9.998018,3,0x04,0.0000,0.0556,9.973191
9.999094,0,0x01,0.0000,0.1111,9.977282
9.999094,1,0x02,0.0000,0.0556,9.978246
9.999094,2,0x03,0.0000,0.1111,9.979248
9.999094,3,0x04,0.0000,0.0556,9.973191
10.005827,0,0x01,0.0000,0.1111,9.977282
10.005827,1,0x02,0.0000,0.0556,9.978246
10.005827,2,0x03,0.0000,0.1111,9.979248
10.005827,3,0x04,0.0000,0.0556,9.973191
10.006897,0,0x01,0.0000,0.1111,9.977282
10.006897,1,0x02,0.0000,0.0556,9.978246
10.006897,2,0x03,0.0000,0.1111,9.979248
10.006897,3,0x04,0.0000,0.0556,9.973191
10.008000,0,0x01,0.0000,0.1111,9.977282
10.008000,1,0x02,0.0000,0.0556,9.978246
10.008000,2,0x03,0.0000,0.1111,9.979248
10.008000,3,0x04,0.0000,0.0556,9.973191
10.009095,0,0x01,0.0000,0.1111,9.977282
10.009095,1,0x02,0.0000,0.0556,9.978246
10.009095,2,0x03,0.0000,0.1111,9.979248
10.009095,3,0x04,0.0000,0.0556,9.973191
10.016847,0,0x01,0.0000,0.1111,9.977282
10.016847,1,0x02,0.0000,0.0556,9.978246
10.016847,2,0x03,0.0000,0.1111,9.979248
10.016847,3,0x04,0.0000,0.0556,9.973191
10.017962,0,0x01,0.0000,0.1111,9.977282
10.017962,1,0x02,0.0000,0.0556,9.978246
10.017962,2,0x03,0.0000,0.1111,9.979248
10.017962,3,0x04,0.0000,0.0556,9.973191
10.019091,0,0x01,0.0000,0.1111,9.977282
10.019091,1,0x02,0.0000,0.0556,9.978246
10.019091,2,0x03,0.0000,0.1111,9.979248
10.019091,3,0x04,0.0000,0.0556,9.973191
10.025892,0,0x01,0.0000,0.0556,10.025270
10.025892,1,0x02,0.0000,0.0556,9.978246
10.025892,2,0x03,0.0000,0.1111,9.979248
10.025892,3,0x04,0.0000,0.0556,9.973191
10.027057,0,0x01,0.0000,0.0556,10.025270
10.027057,1,0x02,0.0000,0.0556,9.978246
10.027057,2,0x03,0.0000,0.1111,9.979248
10.027057,3,0x04,0.0000,0.0556,9.973191
10.028144,0,0x01,0.0000,0.0556,10.025270
10.028144,1,0x02,0.0000,0.0556,9.978246
10.028144,2,0x03,0.0000,0.1111,9.979248
10.028144,3,0x04,0.0000,0.0556,10.027250
10.029234,0,0x01,0.0000,0.0556,10.031211
10.029234,1,0x02,0.0000,0.0556,10.034206
10.029234,2,0x03,0.0000,0.1111,10.035194
10.029234,3,0x04,0.0000,0.0556,10.033210
10.036949,0,0x01,0.0000,0.0556,10.036191
10.036949,1,0x02,0.0000,0.0556,10.034206
10.036949,2,0x03,0.0000,0.1111,10.035194
10.036949,3,0x04,0.0000,0.0556,10.033210
10.038076,0,0x01,0.0000,0.0556,10.036191
10.038076,1,0x02,0.0000,0.1111,10.037178
10.038076,2,0x03,0.0000,0.1111,10.035194
10.038076,3,0x04,0.0000,0.0556,10.033210
10.039231,0,0x01,0.0000,0.1111,10.040201
10.039231,1,0x02,0.0000,0.0556,10.041186
10.039231,2,0x03,0.0000,0.1111,10.039192
10.039231,3,0x04,0.0000,0.0556,10.033210
10.045855,0,0x01,0.0000,0.1111,10.040201
10.045855,1,0x02,0.0000,0.0556,10.041186
10.045855,2,0x03,0.0000,0.1111,10.039192
10.045855,3,0x04,0.0000,0.0556,10.033210
10.046929,0,0x01,0.0000,0.1111,10.040201
10.046929,1,0x02,0.0000,0.0556,10.041186
10.046929,2,0x03,0.0000,0.1111,10.039192
10.046929,3,0x04,0.0000,0.0556,10.033210
10.048021,0,0x01,0.0000,0.1111,10.040201
10.048021,1,0x02,0.0000,0.0556,10.041186
10.048021,2,0x03,0.0000,0.1111,10.039192
10.048021,3,0x04,0.0000,0.0556,10.033210
10.049114,0,0x01,0.0000,0.1111,10.040201
10.049114,1,0x02,0.0000,0.0556,10.041186
10.049114,2,0x03,0.0000,0.1111,10.039192
10.049114,3,0x04,0.0000,0.0556,10.033210
10.056849,0,0x01,0.0000,0.1111,10.040201
10.056849,1,0x02,0.0000,0.0556,10.041186
10.056849,2,0x03,0.0000,0.1111,10.039192
10.056849,3,0x04,0.0000,0.0556,10.033210
10.057943,0,0x01,0.0000,0.1111,10.040201
10.057943,1,0x02,0.0000,0.0556,10.041186
10.057943,2,0x03,0.0000,0.1111,10.039192
10.057943,3,0x04,0.0000,0.0556,10.033210
10.059036,0,0x01,0.0000,0.1111,10.040201
10.059036,1,0x02,0.0000,0.0556,10.041186
10.059036,2,0x03,0.0000,0.1111,10.039192
10.059036,3,0x04,0.0000,0.0556,10.033210
10.065805,0,0x01,0.0000,0.1111,10.040201
10.065805,1,0x02,0.0000,0.0556,10.041186
10.065805,2,0x03,0.0000,0.1111,10.039192
10.065805,3,0x04,0.0000,0.0556,10.033210
10.066879,0,0x01,0.0000,0.1111,10.040201
10.066879,1,0x02,0.0000,0.0556,10.041186
10.066879,2,0x03,0.0000,0.1111,10.039192
10.066879,3,0x04,0.0000,0.0556,10.033210
10.067975,0,0x01,0.0000,0.1111,10.040201
10.067975,1,0x02,0.0000,0.0556,10.041186
10.067975,2,0x03,0.0000,0.1111,10.039192
10.067975,3,0x04,0.0000,0.0556,10.033210
10.069076,0,0x01,0.0000,0.1111,10.040201
10.069076,1,0x02,0.0000,0.0556,10.041186
10.069076,2,0x03,0.0000,0.1111,10.039192
10.069076,3,0x04,0.0000,0.0556,10.033210
10.076835,0,0x01,0.0000,0.1111,10.040201
10.076835,1,0x02,0.0000,0.0556,10.041186
10.076835,2,0x03,0.0000,0.1111,10.039192
10.076835,3,0x04,0.0000,0.0556,10.033210
10.077912,0,0x01,0.0000,0.1111,10.040201
10.077912,1,0x02,0.0000,0.0556,10.041186
10.077912,2,0x03,0.0000,0.1111,10.039192
10.077912,3,0x04,0.0000,0.0556,10.077195
10.079041,0,0x01,0.0000,0.0556,10.081211
10.079041,1,0x02,0.0000,0.1111,10.082199
10.079041,2,0x03,0.0000,0.1111,10.083193
10.079041,3,0x04,0.0000,0.0556,10.084185
10.086003,0,0x01,0.0000,0.0556,10.085187
10.086003,1,0x02,0.0000,0.1111,10.082199
10.086003,2,0x03,0.0000,0.1111,10.083193
10.086003,3,0x04,0.0000,0.0556,10.084185
10.087088,0,0x01,0.0000,0.0556,10.085187
10.087088,1,0x02,0.0000,0.1111,10.082199
10.087088,2,0x03,0.0000,0.1111,10.086169
10.087088,3,0x04,0.0000,0.0556,10.084185
10.088191,0,0x01,0.0000,0.1111,10.088169
10.088191,1,0x02,0.0000,0.1111,10.082199
10.088191,2,0x03,0.0000,0.1111,10.086169
10.088191,3,0x04,0.0000,0.0556,10.087167
10.089290,0,0x01,0.0000,0.1111,10.088169
10.089290,1,0x02,0.0000,0.1111,10.082199
10.089290,2,0x03,0.0000,0.1111,10.089177
10.089290,3,0x04,0.0000,0.0556,10.090177
10.097834,0,0x01,0.0000,0.1111,10.088169
10.097834,1,0x02,0.0000,0.1111,10.082199
10.097834,2,0x03,0.0000,0.1111,10.089177
10.097834,3,0x04,0.0000,0.0556,10.090177
10.098904,0,0x01,0.0000,0.1111,10.088169
10.098904,1,0x02,0.0000,0.0556,10.101191
10.098904,2,0x03,0.0000,0.1111,10.103185
10.098904,3,0x04,0.0000,0.0556,10.104187
10.105857,0,0x01,0.0000,0.1111,10.088169
10.105857,1,0x02,0.0000,0.0556,10.105185
10.105857,2,0x03,0.0000,0.1111,10.103185
10.105857,3,0x04,0.0000,0.0556,10.104187
10.106944,0,0x01,0.0000,0.1111,10.088169
10.106944,1,0x02,0.0000,0.0556,10.105185
10.106944,2,0x03,0.0000,0.1111,10.103185
10.106944,3,0x04,0.0000,0.0556,10.104187
10.108035,0,0x01,0.0000,0.1111,10.088169
10.108035,1,0x02,0.0000,0.0556,10.105185
10.108035,2,0x03,0.0000,0.0556,10.107168
10.108035,3,0x04,0.0000,0.0556,10.104187
10.109150,0,0x01,0.0000,0.1111,10.113201
10.109150,1,0x02,0.0000,0.0556,10.105185
10.109150,2,0x03,0.0000,0.0556,10.107168
10.109150,3,0x04,0.0000,0.0556,10.110168
10.116860,0,0x01,0.0000,0.1111,10.113201
10.116860,1,0x02,0.0000,0.0556,10.116186
10.116860,2,0x03,0.0000,0.0556,10.107168
10.116860,3,0x04,0.0000,0.0556,10.110168
10.117985,0,0x01,0.0000,0.1111,10.113201
10.117985,1,0x02,0.0000,0.0556,10.116186
10.117985,2,0x03,0.0000,0.0556,10.117177
10.117985,3,0x04,0.0000,0.0556,10.110168
10.119103,0,0x01,0.0000,0.1111,10.123186
10.119103,1,0x02,0.0000,0.0556,10.116186
10.119103,2,0x03,0.0000,0.0556,10.117177
10.119103,3,0x04,0.0000,0.0556,10.121190
10.125831,0,0x01,0.0000,0.1111,10.123186
10.125831,1,0x02,0.0000,0.0556,10.116186
10.125831,2,0x03,0.0000,0.0556,10.117177
10.125831,3,0x04,0.0000,0.0556,10.121190
10.126902,0,0x01,0.0000,0.1111,10.123186
10.126902,1,0x02,0.0000,0.0556,10.126173
10.126902,2,0x03,0.0000,0.0556,10.117177
10.126902,3,0x04,0.0000,0.0556,10.121190
10.128011,0,0x01,0.0000,0.1111,10.123186
10.128011,1,0x02,0.0000,0.0556,10.126173
10.128011,2,0x03,0.0000,0.0556,10.117177
10.128011,3,0x04,0.0000,0.0556,10.121190
10.129082,0,0x01,0.0000,0.1111,10.123186
10.129082,1,0x02,0.0000,0.0556,10.126173
10.129082,2,0x03,0.0000,0.1111,10.130179
10.129082,3,0x04,0.0000,0.0556,10.133205
10.136859,0,0x01,0.0000,0.1111,10.123186
10.136859,1,0x02,0.0000,0.0556,10.126173
10.136859,2,0x03,0.0000,0.1111,10.130179
10.136859,3,0x04,0.0000,0.0556,10.133205
10.137930,0,0x01,0.0000,0.1111,10.123186
10.137930,1,0x02,0.0000,0.0556,10.126173
10.137930,2,0x03,0.0000,0.1111,10.130179
10.137930,3,0x04,0.0000,0.0556,10.133205
10.138999,0,0x01,0.0000,0.1111,10.123186
10.138999,1,0x02,0.0000,0.0556,10.126173
10.138999,2,0x03,0.0000,0.1111,10.130179
10.138999,3,0x04,0.0000,0.0556,10.133205
10.145802,0,0x01,0.0000,0.1111,10.123186
10.145802,1,0x02,0.0000,0.0556,10.126173
10.145802,2,0x03,0.0000,0.1111,10.130179
10.145802,3,0x04,0.0000,0.0556,10.133205
10.146874,0,0x01,0.0000,0.1111,10.123186
10.146874,1,0x02,0.0000,0.0556,10.126173
10.146874,2,0x03,0.0000,0.1111,10.130179
10.146874,3,0x04,0.0000,0.0556,10.133205
10.147979,0,0x01,0.0000,0.1111,10.123186
10.147979,1,0x02,0.0000,0.0556,10.126173
10.147979,2,0x03,0.0000,0.1111,10.130179
10.147979,3,0x04,0.0000,0.0556,10.133205
10.149070,0,0x01,0.0000,0.1111,10.123186
10.149070,1,0x02,0.0000,0.0556,10.126173
10.149070,2,0x03,0.0000,0.1111,10.130179
10.149070,3,0x04,0.0000,0.0556,10.133205
10.156857,0,0x01,0.0000,0.1111,10.123186
10.156857,1,0x02,0.0000,0.0556,10.126173
10.156857,2,0x03,0.0000,0.1111,10.130179
10.156857,3,0x04,0.0000,0.0556,10.133205
10.157929,0,0x01,0.0000,0.1111,10.123186
10.157929,1,0x02,0.0000,0.0556,10.126173
10.157929,2,0x03,0.0000,0.1111,10.130179
10.157929,3,0x04,0.0000,0.0556,10.133205
10.158998,0,0x01,0.0000,0.1111,10.123186
10.158998,1,0x02,0.0000,0.0556,10.126173
10.158998,2,0x03,0.0000,0.1111,10.130179
10.158998,3,0x04,0.0000,0.0556,10.133205
10.165807,0,0x01,0.0000,0.1111,10.123186
10.165807,1,0x02,0.0000,0.0556,10.126173
10.165807,2,0x03,0.0000,0.1111,10.130179
10.165807,3,0x04,0.0000,0.0556,10.133205
10.166883,0,0x01,0.0000,0.1111,10.123186
10.166883,1,0x02,0.0000,0.0556,10.126173
10.166883,2,0x03,0.0000,0.1111,10.130179
10.166883,3,0x04,0.0000,0.0556,10.133205
10.167980,0,0x01,0.0000,0.1111,10.123186
10.167980,1,0x02,0.0000,0.0556,10.126173
10.167980,2,0x03,0.0000,0.1111,10.130179
10.167980,3,0x04,0.0000,0.0556,10.133205
10.169084,0,0x01,0.0000,0.1111,10.174204
10.169084,1,0x02,0.0000,0.0556,10.175193
10.169084,2,0x03,0.0000,0.1111,10.130179
10.169084,3,0x04,0.0000,0.0556,10.173187
10.176925,0,0x01,0.0000,0.1111,10.174204
10.176925,1,0x02,0.0000,0.0556,10.175193
10.176925,2,0x03,0.0000,0.1111,10.130179
10.176925,3,0x04,0.0000,0.0556,10.176187
10.178057,0,0x01,0.0000,0.0556,10.177165
10.178057,1,0x02,0.0000,0.0556,10.175193
10.178057,2,0x03,0.0000,0.1111,10.130179
10.178057,3,0x04,0.0000,0.0556,10.176187
10.179152,0,0x01,0.0000,0.0556,10.180196
10.179152,1,0x02,0.0000,0.0556,10.181189
10.179152,2,0x03,0.0000,0.1111,10.182210
10.179152,3,0x04,0.0000,0.0556,10.179185
10.185938,0,0x01,0.0000,0.0556,10.180196
10.185938,1,0x02,0.0000,0.0556,10.181189
10.185938,2,0x03,0.0000,0.1111,10.182210
10.185938,3,0x04,0.0000,0.0556,10.179185
10.187070,0,0x01,0.0000,0.0556,10.180196
10.187070,1,0x02,0.0000,0.0556,10.181189
10.187070,2,0x03,0.0000,0.1111,10.182210
10.187070,3,0x04,0.0000,0.0556,10.179185
10.188156,0,0x01,0.0000,0.0556,10.180196
10.188156,1,0x02,0.0000,0.0556,10.181189
10.188156,2,0x03,0.0000,0.1111,10.182210
10.188156,3,0x04,0.0000,0.0556,10.179185
10.189272,0,0x01,0.0000,0.0556,10.180196
10.189272,1,0x02,0.0000,0.0556,10.181189
10.189272,2,0x03,0.0000,0.1111,10.182210
10.189272,3,0x04,0.0000,0.0556,10.179185
10.196853,0,0x01,0.0000,0.0556,10.180196
10.196853,1,0x02,0.0000,0.0556,10.181189
10.196853,2,0x03,0.0000,0.1111,10.182210
10.196853,3,0x04,0.0000,0.0556,10.179185
10.197977,0,0x01,0.0000,0.0556,10.180196
10.197977,1,0x02,0.0000,0.0556,10.181189
10.197977,2,0x03,0.0000,0.1111,10.182210
10.197977,3,0x04,0.0000,0.0556,10.179185
10.199116,0,0x01,0.0000,0.0556,10.180196
10.199116,1,0x02,0.0000,0.0556,10.181189
10.199116,2,0x03,0.0000,0.1111,10.182210
10.199116,3,0x04,0.0000,0.0556,10.179185
10.205820,0,0x01,0.0000,0.0556,10.180196
10.205820,1,0x02,0.0000,0.0556,10.181189
10.205820,2,0x03,0.0000,0.1111,10.182210
10.205820,3,0x04,0.0000,0.0556,10.179185
10.206945,0,0x01,0.0000,0.0556,10.180196
10.206945,1,0x02,0.0000,0.0556,10.181189
10.206945,2,0x03,0.0000,0.1111,10.182210
10.206945,3,0x04,0.0000,0.0556,10.179185
10.208041,0,0x01,0.0000,0.0556,10.180196
10.208041,1,0x02,0.0000,0.0556,10.181189
10.208041,2,0x03,0.0000,0.1111,10.182210
10.208041,3,0x04,0.0000,0.0556,10.179185
10.209140,0,0x01,0.0000,0.0556,10.180196
10.209140,1,0x02,0.0000,0.0556,10.181189
10.209140,2,0x03,0.0000,0.1111,10.182210
10.209140,3,0x04,0.0000,0.0556,10.179185
10.216914,0,0x01,0.0000,0.0556,10.180196
10.216914,1,0x02,0.0000,0.0556,10.181189
10.216914,2,0x03,0.0000,0.1111,10.182210
10.216914,3,0x04,0.0000,0.0556,10.179185
10.218074,0,0x01,0.0000,0.0556,10.180196
10.218074,1,0x02,0.0000,0.0556,10.181189
10.218074,2,0x03,0.0000,0.1111,10.182210
10.218074,3,0x04,0.0000,0.0556,10.179185
10.219185,0,0x01,0.0000,0.0556,10.224189
10.219185,1,0x02,0.0000,0.0556,10.222202
10.219185,2,0x03,0.0000,0.1111,10.223190
10.219185,3,0x04,0.0000,0.0556,10.179185
10.226023,0,0x01,0.0000,0.0556,10.224189
10.226023,1,0x02,0.0000,0.0556,10.225192
10.226023,2,0x03,0.0000,0.1111,10.223190
10.226023,3,0x04,0.0000,0.0556,10.179185
10.227114,0,0x01,0.0000,0.0556,10.224189
10.227114,1,0x02,0.0000,0.0556,10.225192
10.227114,2,0x03,0.0000,0.1111,10.223190
10.227114,3,0x04,0.0000,0.0556,10.226178
10.228245,0,0x01,0.0000,0.1111,10.227176
10.228245,1,0x02,0.0000,0.0556,10.228192
10.228245,2,0x03,0.0000,0.1111,10.223190
10.228245,3,0x04,0.0000,0.0556,10.226178
10.229352,0,0x01,0.0000,0.1111,10.227176
10.229352,1,0x02,0.0000,0.0556,10.228192
10.229352,2,0x03,0.0000,0.1111,10.223190
10.229352,3,0x04,0.0000,0.0556,10.229180
10.238862,0,0x01,0.0000,0.1111,10.227176
10.238862,1,0x02,0.0000,0.0556,10.241199
10.238862,2,0x03,0.0000,0.1111,10.242201
10.238862,3,0x04,0.0000,0.0556,10.243196
10.245913,0,0x01,0.0000,0.1111,10.227176
10.245913,1,0x02,0.0000,0.0556,10.241199
10.245913,2,0x03,0.0000,0.1111,10.242201
10.245913,3,0x04,0.0000,0.0556,10.243196
10.247012,0,0x01,0.0000,0.1111,10.227176
10.247012,1,0x02,0.0000,0.0556,10.241199
10.247012,2,0x03,0.0000,0.1111,10.242201
10.247012,3,0x04,0.0000,0.0556,10.243196
10.248139,0,0x01,0.0000,0.1111,10.227176
10.248139,1,0x02,0.0000,0.0556,10.241199
10.248139,2,0x03,0.0000,0.1111,10.242201
10.248139,3,0x04,0.0000,0.0556,10.243196
10.249277,0,0x01,0.0000,0.1111,10.227176
10.249277,1,0x02,0.0000,0.0556,10.241199
10.249277,2,0x03,0.0000,0.1111,10.242201
10.249277,3,0x04,0.0000,0.0556,10.243196
10.256837,0,0x01,0.0000,0.1111,10.227176
10.256837,1,0x02,0.0000,0.0556,10.241199
10.256837,2,0x03,0.0000,0.1111,10.242201
10.256837,3,0x04,0.0000,0.0556,10.243196
10.257935,0,0x01,0.0000,0.1111,10.227176
10.257935,1,0x02,0.0000,0.0556,10.241199
10.257935,2,0x03,0.0000,0.1111,10.242201
10.257935,3,0x04,0.0000,0.0556,10.243196
10.259030,0,0x01,0.0000,0.1111,10.227176
10.259030,1,0x02,0.0000,0.0556,10.241199
10.259030,2,0x03,0.0000,0.1111,10.242201
10.259030,3,0x04,0.0000,0.0556,10.243196
10.265844,0,0x01,0.0000,0.1111,10.227176
10.265844,1,0x02,0.0000,0.0556,10.241199
10.265844,2,0x03,0.0000,0.1111,10.242201
10.265844,3,0x04,0.0000,0.0556,10.243196
10.266918,0,0x01,0.0000,0.1111,10.227176
10.266918,1,0x02,0.0000,0.0556,10.241199
10.266918,2,0x03,0.0000,0.1111,10.242201
10.266918,3,0x04,0.0000,0.0556,10.243196
10.268041,0,0x01,0.0000,0.1111,10.227176
10.268041,1,0x02,0.0000,0.0556,10.241199
10.268041,2,0x03,0.0000,0.1111,10.242201
10.268041,3,0x04,0.0000,0.0556,10.243196
10.269152,0,0x01,0.0000,0.1111,10.227176
10.269152,1,0x02,0.0000,0.0556,10.241199
10.269152,2,0x03,0.0000,0.1111,10.242201
10.269152,3,0x04,0.0000,0.0556,10.243196
10.276835,0,0x01,0.0000,0.1111,10.227176
10.276835,1,0x02,0.0000,0.0556,10.241199
10.276835,2,0x03,0.0000,0.1111,10.242201
10.276835,3,0x04,0.0000,0.0556,10.243196
10.277935,0,0x01,0.0000,0.1111,10.227176
10.277935,1,0x02,0.0000,0.0556,10.241199
10.277935,2,0x03,0.0000,0.1111,10.242201
10.277935,3,0x04,0.0000,0.0556,10.243196
10.279041,0,0x01,0.0000,0.0556,10.282222
10.279041,1,0x02,0.0000,0.0556,10.283199
10.279041,2,0x03,0.0000,0.1111,10.284198
10.279041,3,0x04,0.0000,0.0556,10.243196
10.285963,0,0x01,0.0000,0.0556,10.285196
10.285963,1,0x02,0.0000,0.0556,10.283199
10.285963,2,0x03,0.0000,0.1111,10.284198
10.285963,3,0x04,0.0000,0.0556,10.243196
10.287081,0,0x01,0.0000,0.0556,10.285196
10.287081,1,0x02,0.0000,0.0556,10.286181
10.287081,2,0x03,0.0000,0.1111,10.284198
10.287081,3,0x04,0.0000,0.0556,10.243196
10.288264,0,0x01,0.0000,0.0556,10.288202
10.288264,1,0x02,0.0000,0.0556,10.286181
10.288264,2,0x03,0.0000,0.1111,10.287169
10.288264,3,0x04,0.0000,0.0556,10.243196
10.289372,0,0x01,0.0000,0.0556,10.288202
10.289372,1,0x02,0.0000,0.0556,10.289182
10.289372,2,0x03,0.0000,0.0556,10.290179
10.289372,3,0x04,0.0000,0.0556,10.291196
10.296894,0,0x01,0.0000,0.0556,10.288202
10.296894,1,0x02,0.0000,0.0556,10.289182
10.296894,2,0x03,0.0000,0.0556,10.290179
10.296894,3,0x04,0.0000,0.0556,10.291196
10.297999,0,0x01,0.0000,0.0556,10.288202
10.297999,1,0x02,0.0000,0.0556,10.289182
10.297999,2,0x03,0.0000,0.0556,10.290179
10.297999,3,0x04,0.0000,0.0556,10.291196
10.299100,0,0x01,0.0000,0.0556,10.288202
10.299100,1,0x02,0.0000,0.0556,10.289182
10.299100,2,0x03,0.0000,0.0556,10.290179
10.299100,3,0x04,0.0000,0.0556,10.291196
10.305848,0,0x01,0.0000,0.0556,10.288202
10.305848,1,0x02,0.0000,0.0556,10.289182
10.305848,2,0x03,0.0000,0.0556,10.290179
10.305848,3,0x04,0.0000,0.0556,10.291196
10.306948,0,0x01,0.0000,0.0556,10.288202
10.306948,1,0x02,0.0000,0.0556,10.289182
10.306948,2,0x03,0.0000,0.0556,10.290179
10.306948,3,0x04,0.0000,0.0556,10.291196
10.308042,0,0x01,0.0000,0.0556,10.288202
10.308042,1,0x02,0.0000,0.0556,10.289182
10.308042,2,0x03,0.0000,0.0556,10.290179
10.308042,3,0x04,0.0000,0.0556,10.291196
10.309133,0,0x01,0.0000,0.0556,10.288202
10.309133,1,0x02,0.0000,0.0556,10.289182
10.309133,2,0x03,0.0000,0.0556,10.290179
10.309133,3,0x04,0.0000,0.0556,10.291196
10.316835,0,0x01,0.0000,0.0556,10.288202
10.316835,1,0x02,0.0000,0.0556,10.289182
10.316835,2,0x03,0.0000,0.0556,10.290179
10.316835,3,0x04,0.0000,0.0556,10.291196
10.317944,0,0x01,0.0000,0.0556,10.288202
10.317944,1,0x02,0.0000,0.0556,10.289182
10.317944,2,0x03,0.0000,0.0556,10.290179
10.317944,3,0x04,0.0000,0.0556,10.291196
10.319067,0,0x01,0.0000,0.0556,10.288202
10.319067,1,0x02,0.0000,0.0556,10.289182
10.319067,2,0x03,0.0000,0.0556,10.290179
10.319067,3,0x04,0.0000,0.0556,10.291196
10.325822,0,0x01,0.0000,0.0556,10.288202
10.325822,1,0x02,0.0000,0.0556,10.289182
10.325822,2,0x03,0.0000,0.0556,10.290179
10.325822,3,0x04,0.0000,0.0556,10.291196
10.326920,0,0x01,0.0000,0.0556,10.288202
10.326920,1,0x02,0.0000,0.0556,10.289182
10.326920,2,0x03,0.0000,0.0556,10.290179
10.326920,3,0x04,0.0000,0.0556,10.291196
10.328025,0,0x01,0.0000,0.1111,10.327177
10.328025,1,0x02,0.0000,0.0556,10.289182
10.328025,2,0x03,0.0000,0.0556,10.290179
10.328025,3,0x04,0.0000,0.0556,10.291196
10.329155,0,0x01,0.0000,0.0556,10.335203
10.329155,1,0x02,0.0000,0.0556,10.289182
10.329155,2,0x03,0.0000,0.1111,10.334272
10.329155,3,0x04,0.0000,0.0556,10.332199
10.336993,0,0x01,0.0000,0.0556,10.335203
10.336993,1,0x02,0.0000,0.0556,10.289182
10.336993,2,0x03,0.0000,0.1111,10.334272
10.336993,3,0x04,0.0000,0.0556,10.332199
10.338091,0,0x01,0.0000,0.0556,10.335203
10.338091,1,0x02,0.0000,0.0556,10.337179
10.338091,2,0x03,0.0000,0.1111,10.334272
10.338091,3,0x04,0.0000,0.0556,10.332199
10.339236,0,0x01,0.0000,0.0556,10.339187
10.339236,1,0x02,0.0000,0.0556,10.340196
10.339236,2,0x03,0.0000,0.0556,10.338169
10.339236,3,0x04,0.0000,0.0556,10.332199
10.348945,0,0x01,0.0000,0.0556,10.339187
10.348945,1,0x02,0.0000,0.0556,10.340196
10.348945,2,0x03,0.0000,0.0556,10.338169
10.348945,3,0x04,0.0000,0.0556,10.332199
10.354829,0,0x01,0.0000,0.0556,10.339187
10.354829,1,0x02,0.0000,0.0556,10.340196
10.354829,2,0x03,0.0000,0.0556,10.338169
10.354829,3,0x04,0.0000,0.0556,10.332199
10.355902,0,0x01,0.0000,0.0556,10.339187
10.355902,1,0x02,0.0000,0.0556,10.340196
10.355902,2,0x03,0.0000,0.0556,10.338169
10.355902,3,0x04,0.0000,0.0556,10.332199
10.356994,0,0x01,0.0000,0.0556,10.339187
10.356994,1,0x02,0.0000,0.0556,10.340196
10.356994,2,0x03,0.0000,0.0556,10.338169
10.356994,3,0x04,0.0000,0.0556,10.332199
10.358086,0,0x01,0.0000,0.0556,10.339187
10.358086,1,0x02,0.0000,0.0556,10.340196
10.358086,2,0x03,0.0000,0.0556,10.338169
10.358086,3,0x04,0.0000,0.0556,10.332199
10.359174,0,0x01,0.0000,0.0556,10.339187
10.359174,1,0x02,0.0000,0.0556,10.340196
10.359174,2,0x03,0.0000,0.0556,10.338169
10.359174,3,0x04,0.0000,0.0556,10.332199
10.366819,0,0x01,0.0000,0.0556,10.339187
10.366819,1,0x02,0.0000,0.0556,10.340196
10.366819,2,0x03,0.0000,0.0556,10.338169
10.366819,3,0x04,0.0000,0.0556,10.332199
10.367891,0,0x01,0.0000,0.0556,10.339187
10.367891,1,0x02,0.0000,0.0556,10.340196
10.367891,2,0x03,0.0000,0.0556,10.338169
10.367891,3,0x04,0.0000,0.0556,10.332199
10.368987,0,0x01,0.0000,0.0556,10.339187
10.368987,1,0x02,0.0000,0.0556,10.340196
10.368987,2,0x03,0.0000,0.0556,10.338169
10.368987,3,0x04,0.0000,0.0556,10.332199
10.375791,0,0x01,0.0000,0.0556,10.339187
10.375791,1,0x02,0.0000,0.0556,10.340196
10.375791,2,0x03,0.0000,0.0556,10.338169
10.375791,3,0x04,0.0000,0.0556,10.332199
10.376865,0,0x01,0.0000,0.0556,10.339187
10.376865,1,0x02,0.0000,0.0556,10.340196
10.376865,2,0x03,0.0000,0.0556,10.338169
10.376865,3,0x04,0.0000,0.0556,10.332199
10.377968,0,0x01,0.0000,0.0556,10.339187
10.377968,1,0x02,0.0000,0.0556,10.340196
10.377968,2,0x03,0.0000,0.0556,10.338169
10.377968,3,0x04,0.0000,0.0556,10.332199
10.379059,0,0x01,0.0000,0.0556,10.339187
10.379059,1,0x02,0.0000,0.0556,10.340196
10.379059,2,0x03,0.0000,0.0556,10.338169
10.379059,3,0x04,0.0000,0.0556,10.332199
10.386814,0,0x01,0.0000,0.0556,10.339187
10.386814,1,0x02,0.0000,0.0556,10.340196
10.386814,2,0x03,0.0000,0.0556,10.338169
10.386814,3,0x04,0.0000,0.0556,10.332199
10.387890,0,0x01,0.0000,0.0556,10.339187
10.387890,1,0x02,0.0000,0.0556,10.340196
10.387890,2,0x03,0.0000,0.0556,10.338169
10.387890,3,0x04,0.0000,0.0556,10.332199
10.388983,0,0x01,0.0000,0.0556,10.394186
10.388983,1,0x02,0.0000,0.0556,10.388187
10.388983,2,0x03,0.0000,0.1111,10.392195
10.388983,3,0x04,0.0000,0.0556,10.393191
10.395927,0,0x01,0.0000,0.0556,10.394186
10.395927,1,0x02,0.0000,0.0556,10.388187
10.395927,2,0x03,0.0000,0.1111,10.395204
10.395927,3,0x04,0.0000,0.0556,10.393191
10.397049,0,0x01,0.0000,0.0556,10.394186
10.397049,1,0x02,0.0000,0.0556,10.388187
10.397049,2,0x03,0.0000,0.1111,10.395204
10.397049,3,0x04,0.0000,0.0556,10.396167
10.398144,0,0x01,0.0000,0.0556,10.394186
10.398144,1,0x02,0.0000,0.0556,10.397167
10.398144,2,0x03,0.0000,0.1111,10.395204
10.398144,3,0x04,0.0000,0.0556,10.396167
10.399255,0,0x01,0.0000,0.0556,10.394186
10.399255,1,0x02,0.0000,0.1111,10.401224
10.399255,2,0x03,0.0000,0.0556,10.398204
10.399255,3,0x04,0.0000,0.0556,10.399179
10.406884,0,0x01,0.0000,0.0556,10.394186
10.406884,1,0x02,0.0000,0.1111,10.401224
10.406884,2,0x03,0.0000,0.0556,10.398204
10.406884,3,0x04,0.0000,0.0556,10.399179
10.407981,0,0x01,0.0000,0.0556,10.394186
10.407981,1,0x02,0.0000,0.1111,10.401224
10.407981,2,0x03,0.0000,0.0556,10.398204
10.407981,3,0x04,0.0000,0.0556,10.399179
10.409078,0,0x01,0.0000,0.0556,10.394186
10.409078,1,0x02,0.0000,0.1111,10.401224
10.409078,2,0x03,0.0000,0.0556,10.398204
10.409078,3,0x04,0.0000,0.0556,10.399179
10.415822,0,0x01,0.0000,0.0556,10.394186
10.415822,1,0x02,0.0000,0.1111,10.401224
10.415822,2,0x03,0.0000,0.0556,10.398204
10.415822,3,0x04,0.0000,0.0556,10.399179
10.416891,0,0x01,0.0000,0.0556,10.394186
10.416891,1,0x02,0.0000,0.1111,10.401224
10.416891,2,0x03,0.0000,0.0556,10.398204
10.416891,3,0x04,0.0000,0.0556,10.399179
10.417967,0,0x01,0.0000,0.0556,10.394186
10.417967,1,0x02,0.0000,0.1111,10.401224
10.417967,2,0x03,0.0000,0.0556,10.398204
10.417967,3,0x04,0.0000,0.0556,10.399179
10.419070,0,0x01,0.0000,0.0556,10.394186
10.419070,1,0x02,0.0000,0.1111,10.401224
10.419070,2,0x03,0.0000,0.0556,10.398204
10.419070,3,0x04,0.0000,0.0556,10.399179
10.426789,0,0x01,0.0000,0.0556,10.394186
10.426789,1,0x02,0.0000,0.1111,10.401224
10.426789,2,0x03,0.0000,0.0556,10.398204
10.426789,3,0x04,0.0000,0.0556,10.399179
10.427861,0,0x01,0.0000,0.0556,10.394186
10.427861,1,0x02,0.0000,0.1111,10.401224
10.427861,2,0x03,0.0000,0.0556,10.398204
10.427861,3,0x04,0.0000,0.0556,10.399179
10.428939,0,0x01,0.0000,0.0556,10.394186
10.428939,1,0x02,0.0000,0.1111,10.401224
10.428939,2,0x03,0.0000,0.0556,10.398204
10.428939,3,0x04,0.0000,0.0556,10.399179
10.435827,0,0x01,0.0000,0.0556,10.394186
10.435827,1,0x02,0.0000,0.1111,10.401224
10.435827,2,0x03,0.0000,0.0556,10.398204
10.435827,3,0x04,0.0000,0.0556,10.399179
10.436902,0,0x01,0.0000,0.0556,10.394186
10.436902,1,0x02,0.0000,0.1111,10.401224
10.436902,2,0x03,0.0000,0.0556,10.398204
10.436902,3,0x04,0.0000,0.0556,10.399179
10.437991,0,0x01,0.0000,0.0556,10.394186
10.437991,1,0x02,0.0000,0.1111,10.401224
10.437991,2,0x03,0.0000,0.0556,10.398204
10.437991,3,0x04,0.0000,0.0556,10.437196
10.439114,0,0x01,0.0000,0.1111,10.444200
10.439114,1,0x02,0.0000,0.1111,10.445187
10.439114,2,0x03,0.0000,0.1111,10.440172
10.439114,3,0x04,0.0000,0.0556,10.443190
10.446932,0,0x01,0.0000,0.1111,10.444200
10.446932,1,0x02,0.0000,0.1111,10.445187
10.446932,2,0x03,0.0000,0.1111,10.440172
10.446932,3,0x04,0.0000,0.0556,10.446189
10.448024,0,0x01,0.0000,0.1111,10.447166
10.448024,1,0x02,0.0000,0.1111,10.445187
10.448024,2,0x03,0.0000,0.1111,10.440172
10.448024,3,0x04,0.0000,0.0556,10.446189
10.449113,0,0x01,0.0000,0.1111,10.447166
10.449113,1,0x02,0.0000,0.0556,10.448172
10.449113,2,0x03,0.0000,0.1111,10.449189
10.449113,3,0x04,0.0000,0.0556,10.450192
10.460899,0,0x01,0.0000,0.1111,10.447166
10.460899,1,0x02,0.0000,0.0556,10.448172
10.460899,2,0x03,0.0000,0.1111,10.449189
10.460899,3,0x04,0.0000,0.0556,10.450192
10.466805,0,0x01,0.0000,0.1111,10.447166
10.466805,1,0x02,0.0000,0.0556,10.448172
10.466805,2,0x03,0.0000,0.1111,10.449189
10.466805,3,0x04,0.0000,0.0556,10.450192
10.467931,0,0x01,0.0000,0.1111,10.447166
10.467931,1,0x02,0.0000,0.0556,10.448172
10.467931,2,0x03,0.0000,0.1111,10.449189
10.467931,3,0x04,0.0000,0.0556,10.450192
10.469158,0,0x01,0.0000,0.1111,10.447166
10.469158,1,0x02,0.0000,0.0556,10.448172
10.469158,2,0x03,0.0000,0.1111,10.449189
10.469158,3,0x04,0.0000,0.0556,10.450192
10.475804,0,0x01,0.0000,0.1111,10.447166
10.475804,1,0x02,0.0000,0.0556,10.448172
10.475804,2,0x03,0.0000,0.1111,10.449189
10.475804,3,0x04,0.0000,0.0556,10.450192
10.476903,0,0x01,0.0000,0.1111,10.447166
10.476903,1,0x02,0.0000,0.0556,10.448172
10.476903,2,0x03,0.0000,0.1111,10.449189
10.476903,3,0x04,0.0000,0.0556,10.450192
10.477973,0,0x01,0.0000,0.1111,10.447166
10.477973,1,0x02,0.0000,0.0556,10.448172
10.477973,2,0x03,0.0000,0.1111,10.449189
10.477973,3,0x04,0.0000,0.0556,10.450192
10.479057,0,0x01,0.0000,0.1111,10.447166
10.479057,1,0x02,0.0000,0.0556,10.448172
10.479057,2,0x03,0.0000,0.1111,10.449189
10.479057,3,0x04,0.0000,0.0556,10.450192
10.486932,0,0x01,0.0000,0.1111,10.447166
10.486932,1,0x02,0.0000,0.0556,10.448172
10.486932,2,0x03,0.0000,0.1111,10.449189
10.486932,3,0x04,0.0000,0.0556,10.450192
10.488045,0,0x01,0.0000,0.1111,10.447166
10.488045,1,0x02,0.0000,0.0556,10.448172
10.488045,2,0x03,0.0000,0.1111,10.449189
10.488045,3,0x04,0.0000,0.0556,10.450192
10.489122,0,0x01,0.0000,0.1111,10.447166
10.489122,1,0x02,0.0000,0.0556,10.448172
10.489122,2,0x03,0.0000,0.1111,10.449189
10.489122,3,0x04,0.0000,0.0556,10.450192
10.495827,0,0x01,0.0000,0.1111,10.447166
10.495827,1,0x02,0.0000,0.0556,10.448172
10.495827,2,0x03,0.0000,0.1111,10.449189
10.495827,3,0x04,0.0000,0.0556,10.450192
10.496919,0,0x01,0.0000,0.1111,10.447166
10.496919,1,0x02,0.0000,0.0556,10.448172
10.496919,2,0x03,0.0000,0.1111,10.449189
10.496919,3,0x04,0.0000,0.0556,10.450192
10.498013,0,0x01,0.0000,0.1111,10.447166
10.498013,1,0x02,0.0000,0.0556,10.448172
10.498013,2,0x03,0.0000,0.1111,10.497178
10.498013,3,0x04,0.0000,0.0556,10.450192
10.499140,0,0x01,0.0000,0.1111,10.503186
10.499140,1,0x02,0.0000,0.0556,10.500185
10.499140,2,0x03,0.0000,0.1111,10.504191
10.499140,3,0x04,0.0000,0.0556,10.505188
10.506964,0,0x01,0.0000,0.0556,10.506187
10.506964,1,0x02,0.0000,0.0556,10.500185
10.506964,2,0x03,0.0000,0.1111,10.504191
10.506964,3,0x04,0.0000,0.0556,10.505188
10.508050,0,0x01,0.0000,0.0556,10.506187
10.508050,1,0x02,0.0000,0.0556,10.500185
10.508050,2,0x03,0.0000,0.1111,10.507166
10.508050,3,0x04,0.0000,0.0556,10.505188
10.509136,0,0x01,0.0000,0.0556,10.506187
10.509136,1,0x02,0.0000,0.0556,10.509174
10.509136,2,0x03,0.0000,0.1111,10.507166
10.509136,3,0x04,0.0000,0.0556,10.508169
10.516871,0,0x01,0.0000,0.0556,10.506187
10.516871,1,0x02,0.0000,0.0556,10.509174
10.516871,2,0x03,0.0000,0.1111,10.507166
10.516871,3,0x04,0.0000,0.0556,10.508169
10.517987,0,0x01,0.0000,0.0556,10.506187
10.517987,1,0x02,0.0000,0.0556,10.509174
10.517987,2,0x03,0.0000,0.1111,10.507166
10.517987,3,0x04,0.0000,0.0556,10.508169
10.519104,0,0x01,0.0000,0.0556,10.506187
10.519104,1,0x02,0.0000,0.0556,10.509174
10.519104,2,0x03,0.0000,0.1111,10.507166
10.519104,3,0x04,0.0000,0.0556,10.508169
10.525795,0,0x01,0.0000,0.0556,10.506187
10.525795,1,0x02,0.0000,0.0556,10.509174
10.525795,2,0x03,0.0000,0.1111,10.507166
10.525795,3,0x04,0.0000,0.0556,10.508169
10.526895,0,0x01,0.0000,0.0556,10.506187
10.526895,1,0x02,0.0000,0.0556,10.509174
10.526895,2,0x03,0.0000,0.1111,10.507166
10.526895,3,0x04,0.0000,0.0556,10.508169
10.527998,0,0x01,0.0000,0.0556,10.506187
10.527998,1,0x02,0.0000,0.0556,10.509174
10.527998,2,0x03,0.0000,0.1111,10.507166
10.527998,3,0x04,0.0000,0.0556,10.508169
10.529070,0,0x01,0.0000,0.0556,10.506187
10.529070,1,0x02,0.0000,0.0556,10.509174
10.529070,2,0x03,0.0000,0.1111,10.507166
10.529070,3,0x04,0.0000,0.0556,10.508169
10.536928,0,0x01,0.0000,0.0556,10.506187
10.536928,1,0x02,0.0000,0.0556,10.509174
10.536928,2,0x03,0.0000,0.1111,10.507166
10.536928,3,0x04,0.0000,0.0556,10.508169
10.538027,0,0x01,0.0000,0.0556,10.506187
10.538027,1,0x02,0.0000,0.0556,10.509174
10.538027,2,0x03,0.0000,0.1111,10.507166
10.538027,3,0x04,0.0000,0.0556,10.508169
10.539130,0,0x01,0.0000,0.0556,10.506187
10.539130,1,0x02,0.0000,0.0556,10.509174
10.539130,2,0x03,0.0000,0.1111,10.507166
10.539130,3,0x04,0.0000,0.0556,10.508169
10.545858,0,0x01,0.0000,0.0556,10.506187
10.545858,1,0x02,0.0000,0.0556,10.509174
10.545858,2,0x03,0.0000,0.1111,10.507166
10.545858,3,0x04,0.0000,0.0556,10.508169
10.546956,0,0x01,0.0000,0.0556,10.506187
10.546956,1,0x02,0.0000,0.0556,10.509174
10.546956,2,0x03,0.0000,0.1111,10.507166
10.546956,3,0x04,0.0000,0.0556,10.508169
10.548133,0,0x01,0.0000,0.0556,10.506187
10.548133,1,0x02,0.0000,0.0556,10.509174
10.548133,2,0x03,0.0000,0.1111,10.507166
10.548133,3,0x04,0.0000,0.0556,10.508169
10.549411,0,0x01,0.0000,0.0556,10.506187
10.549411,1,0x02,0.0000,0.0556,10.509174
10.549411,2,0x03,0.0000,0.1111,10.507166
10.549411,3,0x04,0.0000,0.0556,10.555218
10.556907,0,0x01,0.0000,0.0556,10.506187
10.556907,1,0x02,0.0000,0.0556,10.509174
10.556907,2,0x03,0.0000,0.1111,10.507166
10.556907,3,0x04,0.0000,0.0556,10.555218
10.558006,0,0x01,0.0000,0.0556,10.506187
10.558006,1,0x02,0.0000,0.0556,10.557174
10.558006,2,0x03,0.0000,0.1111,10.507166
10.558006,3,0x04,0.0000,0.0556,10.555218
10.559127,0,0x01,0.0000,0.1111,10.562199
10.559127,1,0x02,0.0000,0.0556,10.563187
10.559127,2,0x03,0.0000,0.1111,10.564462
10.559127,3,0x04,0.0000,0.0556,10.561223
10.565997,0,0x01,0.0000,0.1111,10.562199
10.565997,1,0x02,0.0000,0.0556,10.563187
10.565997,2,0x03,0.0000,0.1111,10.564462
10.565997,3,0x04,0.0000,0.0556,10.565248
10.567577,0,0x01,0.0000,0.1111,10.566276
10.567577,1,0x02,0.0000,0.1111,10.567386
10.567577,2,0x03,0.0000,0.1111,10.564462
10.567577,3,0x04,0.0000,0.0556,10.565248
10.568746,0,0x01,0.0000,0.1111,10.566276
10.568746,1,0x02,0.0000,0.1111,10.567386
10.568746,2,0x03,0.0000,0.1111,10.564462
10.568746,3,0x04,0.0000,0.0556,10.568343
10.569925,0,0x01,0.0000,0.0556,10.569251
10.569925,1,0x02,0.0000,0.1111,10.567386
10.569925,2,0x03,0.0000,0.0556,10.570271
10.569925,3,0x04,0.0000,0.0556,10.568343
10.579992,0,0x01,0.0000,0.0556,10.569251
10.579992,1,0x02,0.0000,0.1111,10.583233
10.579992,2,0x03,0.0000,0.0556,10.584209
10.579992,3,0x04,0.0000,0.0556,10.585270
10.587236,0,0x01,0.0000,0.0556,10.586235
10.587236,1,0x02,0.0000,0.1111,10.583233
10.587236,2,0x03,0.0000,0.0556,10.584209
10.587236,3,0x04,0.0000,0.0556,10.585270
10.588361,0,0x01,0.0000,0.0556,10.586235
10.588361,1,0x02,0.0000,0.0556,10.588268
10.588361,2,0x03,0.0000,0.0556,10.584209
10.588361,3,0x04,0.0000,0.0556,10.585270
10.589484,0,0x01,0.0000,0.0556,10.586235
10.589484,1,0x02,0.0000,0.0556,10.588268
10.589484,2,0x03,0.0000,0.1111,10.591211
10.589484,3,0x04,0.0000,0.0556,10.593205
10.595906,0,0x01,0.0000,0.0556,10.586235
10.595906,1,0x02,0.0000,0.0556,10.588268
10.595906,2,0x03,0.0000,0.1111,10.591211
10.595906,3,0x04,0.0000,0.0556,10.593205
10.596998,0,0x01,0.0000,0.0556,10.586235
10.596998,1,0x02,0.0000,0.0556,10.588268
10.596998,2,0x03,0.0000,0.1111,10.591211
10.596998,3,0x04,0.0000,0.0556,10.593205
10.598103,0,0x01,0.0000,0.1111,10.597178
10.598103,1,0x02,0.0000,0.0556,10.588268
10.598103,2,0x03,0.0000,0.1111,10.591211
10.598103,3,0x04,0.0000,0.0556,10.593205
10.599455,0,0x01,0.0000,0.1111,10.597178
10.599455,1,0x02,0.0000,0.0556,10.600270
10.599455,2,0x03,0.0000,0.1111,10.602239
10.599455,3,0x04,0.0000,0.0556,10.593205
10.607053,0,0x01,0.0000,0.1111,10.597178
10.607053,1,0x02,0.0000,0.0556,10.600270
10.607053,2,0x03,0.0000,0.1111,10.602239
10.607053,3,0x04,0.0000,0.0556,10.606230
10.608228,0,0x01,0.0000,0.1111,10.597178
10.608228,1,0x02,0.0000,0.0556,10.600270
10.608228,2,0x03,0.0000,0.1111,10.602239
10.608228,3,0x04,0.0000,0.0556,10.606230
10.609342,0,0x01,0.0000,0.1111,10.609282
10.609342,1,0x02,0.0000,0.0556,10.611242
10.609342,2,0x03,0.0000,0.0556,10.615208
10.609342,3,0x04,0.0000,0.0556,10.606230
10.616975,0,0x01,0.0000,0.1111,10.609282
10.616975,1,0x02,0.0000,0.0556,10.611242
10.616975,2,0x03,0.0000,0.0556,10.615208
10.616975,3,0x04,0.0000,0.0556,10.606230
10.618077,0,0x01,0.0000,0.1111,10.609282
10.618077,1,0x02,0.0000,0.0556,10.611242
10.618077,2,0x03,0.0000,0.0556,10.615208
10.618077,3,0x04,0.0000,0.0556,10.606230
10.619195,0,0x01,0.0000,0.1111,10.609282
10.619195,1,0x02,0.0000,0.0556,10.611242
10.619195,2,0x03,0.0000,0.0556,10.615208
10.619195,3,0x04,0.0000,0.0556,10.606230
10.625824,0,0x01,0.0000,0.1111,10.609282
10.625824,1,0x02,0.0000,0.0556,10.611242
10.625824,2,0x03,0.0000,0.0556,10.615208
10.625824,3,0x04,0.0000,0.0556,10.606230
10.626897,0,0x01,0.0000,0.1111,10.609282
10.626897,1,0x02,0.0000,0.0556,10.611242
10.626897,2,0x03,0.0000,0.0556,10.615208
10.626897,3,0x04,0.0000,0.0556,10.606230
10.628005,0,0x01,0.0000,0.1111,10.609282
10.628005,1,0x02,0.0000,0.0556,10.611242
10.628005,2,0x03,0.0000,0.0556,10.615208
10.628005,3,0x04,0.0000,0.0556,10.606230
10.629098,0,0x01,0.0000,0.1111,10.609282
10.629098,1,0x02,0.0000,0.0556,10.611242
10.629098,2,0x03,0.0000,0.0556,10.615208
10.629098,3,0x04,0.0000,0.0556,10.606230
10.636843,0,0x01,0.0000,0.1111,10.609282
10.636843,1,0x02,0.0000,0.0556,10.611242
10.636843,2,0x03,0.0000,0.0556,10.615208
10.636843,3,0x04,0.0000,0.0556,10.606230
10.637914,0,0x01,0.0000,0.1111,10.609282
10.637914,1,0x02,0.0000,0.0556,10.611242
10.637914,2,0x03,0.0000,0.0556,10.615208
10.637914,3,0x04,0.0000,0.0556,10.606230
10.639008,0,0x01,0.0000,0.1111,10.609282
10.639008,1,0x02,0.0000,0.0556,10.611242
10.639008,2,0x03,0.0000,0.0556,10.615208
10.639008,3,0x04,0.0000,0.0556,10.606230
10.645797,0,0x01,0.0000,0.1111,10.609282
10.645797,1,0x02,0.0000,0.0556,10.611242
10.645797,2,0x03,0.0000,0.0556,10.615208
10.645797,3,0x04,0.0000,0.0556,10.606230
10.646868,0,0x01,0.0000,0.1111,10.609282
10.646868,1,0x02,0.0000,0.0556,10.611242
10.646868,2,0x03,0.0000,0.0556,10.615208
10.646868,3,0x04,0.0000,0.0556,10.606230
10.647955,0,0x01,0.0000,0.1111,10.609282
10.647955,1,0x02,0.0000,0.0556,10.611242
10.647955,2,0x03,0.0000,0.0556,10.615208
10.647955,3,0x04,0.0000,0.0556,10.606230
10.649053,0,0x01,0.0000,0.1111,10.653222
10.649053,1,0x02,0.0000,0.0556,10.654200
10.649053,2,0x03,0.0000,0.0556,10.655192
10.649053,3,0x04,0.0000,0.0556,10.606230
10.656924,0,0x01,0.0000,0.1111,10.653222
10.656924,1,0x02,0.0000,0.0556,10.654200
10.656924,2,0x03,0.0000,0.0556,10.655192
10.656924,3,0x04,0.0000,0.0556,10.656192
10.658058,0,0x01,0.0000,0.1111,10.657164
10.658058,1,0x02,0.0000,0.0556,10.654200
10.658058,2,0x03,0.0000,0.0556,10.655192
10.658058,3,0x04,0.0000,0.0556,10.656192
10.659188,0,0x01,0.0000,0.0556,10.663186
10.659188,1,0x02,0.0000,0.0556,10.664195
10.659188,2,0x03,0.0000,0.0556,10.655192
10.659188,3,0x04,0.0000,0.0556,10.662190
10.665968,0,0x01,0.0000,0.0556,10.663186
10.665968,1,0x02,0.0000,0.0556,10.664195
10.665968,2,0x03,0.0000,0.0556,10.655192
10.665968,3,0x04,0.0000,0.0556,10.662190
10.667086,0,0x01,0.0000,0.0556,10.663186
10.667086,1,0x02,0.0000,0.0556,10.664195
10.667086,2,0x03,0.0000,0.0556,10.655192
10.667086,3,0x04,0.0000,0.0556,10.662190
10.668201,0,0x01,0.0000,0.0556,10.663186
10.668201,1,0x02,0.0000,0.0556,10.664195
10.668201,2,0x03,0.0000,0.0556,10.655192
10.668201,3,0x04,0.0000,0.0556,10.662190
10.669321,0,0x01,0.0000,0.0556,10.663186
10.669321,1,0x02,0.0000,0.0556,10.664195
10.669321,2,0x03,0.0000,0.0556,10.655192
10.669321,3,0x04,0.0000,0.0556,10.675205
10.676974,0,0x01,0.0000,0.1111,10.676186
10.676974,1,0x02,0.0000,0.0556,10.664195
10.676974,2,0x03,0.0000,0.0556,10.655192
10.676974,3,0x04,0.0000,0.0556,10.675205
10.678142,0,0x01,0.0000,0.1111,10.676186
10.678142,1,0x02,0.0000,0.0556,10.664195
10.678142,2,0x03,0.0000,0.0556,10.655192
10.678142,3,0x04,0.0000,0.0556,10.675205
10.679309,0,0x01,0.0000,0.1111,10.680184
10.679309,1,0x02,0.0000,0.0556,10.682205
10.679309,2,0x03,0.0000,0.0556,10.684200
10.679309,3,0x04,0.0000,0.0556,10.679183
10.686958,0,0x01,0.0000,0.1111,10.680184
10.686958,1,0x02,0.0000,0.0556,10.682205
10.686958,2,0x03,0.0000,0.0556,10.684200
10.686958,3,0x04,0.0000,0.0556,10.679183
10.688104,0,0x01,0.0000,0.1111,10.680184
10.688104,1,0x02,0.0000,0.0556,10.682205
10.688104,2,0x03,0.0000,0.0556,10.684200
10.688104,3,0x04,0.0000,0.0556,10.679183
10.689236,0,0x01,0.0000,0.0556,10.690193
10.689236,1,0x02,0.0000,0.0556,10.693191
10.689236,2,0x03,0.0000,0.0556,10.684200
10.689236,3,0x04,0.0000,0.0556,10.688202
10.695892,0,0x01,0.0000,0.0556,10.690193
10.695892,1,0x02,0.0000,0.0556,10.693191
10.695892,2,0x03,0.0000,0.0556,10.684200
10.695892,3,0x04,0.0000,0.0556,10.688202
10.696991,0,0x01,0.0000,0.0556,10.690193
10.696991,1,0x02,0.0000,0.0556,10.693191
10.696991,2,0x03,0.0000,0.0556,10.696171
10.696991,3,0x04,0.0000,0.0556,10.688202
10.698130,0,0x01,0.0000,0.0556,10.690193
10.698130,1,0x02,0.0000,0.0556,10.693191
10.698130,2,0x03,0.0000,0.0556,10.696171
10.698130,3,0x04,0.0000,0.0556,10.688202
10.699264,0,0x01,0.0000,0.1111,10.702198
10.699264,1,0x02,0.0000,0.0556,10.705190
10.699264,2,0x03,0.0000,0.0556,10.696171
10.699264,3,0x04,0.0000,0.0556,10.700180
10.706951,0,0x01,0.0000,0.1111,10.702198
10.706951,1,0x02,0.0000,0.0556,10.705190
10.706951,2,0x03,0.0000,0.0556,10.696171
10.706951,3,0x04,0.0000,0.0556,10.700180
10.708049,0,0x01,0.0000,0.1111,10.702198
10.708049,1,0x02,0.0000,0.0556,10.705190
10.708049,2,0x03,0.0000,0.1111,10.707166
10.708049,3,0x04,0.0000,0.0556,10.700180
10.709146,0,0x01,0.0000,0.1111,10.702198
10.709146,1,0x02,0.0000,0.0556,10.705190
10.709146,2,0x03,0.0000,0.1111,10.707166
10.709146,3,0x04,0.0000,0.0556,10.710187
10.715850,0,0x01,0.0000,0.1111,10.702198
10.715850,1,0x02,0.0000,0.0556,10.705190
10.715850,2,0x03,0.0000,0.1111,10.707166
10.715850,3,0x04,0.0000,0.0556,10.710187
10.716938,0,0x01,0.0000,0.1111,10.702198
10.716938,1,0x02,0.0000,0.0556,10.705190
10.716938,2,0x03,0.0000,0.1111,10.707166
10.716938,3,0x04,0.0000,0.0556,10.710187
10.718019,0,0x01,0.0000,0.1111,10.702198
10.718019,1,0x02,0.0000,0.0556,10.705190
10.718019,2,0x03,0.0000,0.1111,10.707166
10.718019,3,0x04,0.0000,0.0556,10.710187
10.719159,0,0x01,0.0000,0.1111,10.702198
10.719159,1,0x02,0.0000,0.0556,10.705190
10.719159,2,0x03,0.0000,0.1111,10.707166
10.719159,3,0x04,0.0000,0.0556,10.710187
10.726815,0,0x01,0.0000,0.1111,10.702198
10.726815,1,0x02,0.0000,0.0556,10.705190
10.726815,2,0x03,0.0000,0.1111,10.707166
10.726815,3,0x04,0.0000,0.0556,10.710187
10.727897,0,0x01,0.0000,0.1111,10.702198
10.727897,1,0x02,0.0000,0.0556,10.705190
10.727897,2,0x03,0.0000,0.1111,10.707166
10.727897,3,0x04,0.0000,0.0556,10.710187
10.728986,0,0x01,0.0000,0.1111,10.702198
10.728986,1,0x02,0.0000,0.0556,10.705190
10.728986,2,0x03,0.0000,0.1111,10.707166
10.728986,3,0x04,0.0000,0.0556,10.710187
10.735853,0,0x01,0.0000,0.1111,10.702198
10.735853,1,0x02,0.0000,0.0556,10.705190
10.735853,2,0x03,0.0000,0.1111,10.707166
10.735853,3,0x04,0.0000,0.0556,10.710187
10.736952,0,0x01,0.0000,0.1111,10.702198
10.736952,1,0x02,0.0000,0.0556,10.705190
10.736952,2,0x03,0.0000,0.1111,10.707166
10.736952,3,0x04,0.0000,0.0556,10.710187
10.738025,0,0x01,0.0000,0.1111,10.702198
10.738025,1,0x02,0.0000,0.0556,10.705190
10.738025,2,0x03,0.0000,0.1111,10.707166
10.738025,3,0x04,0.0000,0.0556,10.710187
10.739117,0,0x01,0.0000,0.1111,10.702198
10.739117,1,0x02,0.0000,0.0556,10.705190
10.739117,2,0x03,0.0000,0.1111,10.707166
10.739117,3,0x04,0.0000,0.0556,10.710187
10.746817,0,0x01,0.0000,0.1111,10.702198
10.746817,1,0x02,0.0000,0.0556,10.705190
10.746817,2,0x03,0.0000,0.1111,10.707166
10.746817,3,0x04,0.0000,0.0556,10.710187
10.747911,0,0x01,0.0000,0.0556,10.747199
10.747911,1,0x02,0.0000,0.0556,10.705190
10.747911,2,0x03,0.0000,0.1111,10.707166
10.747911,3,0x04,0.0000,0.0556,10.710187
10.749104,0,0x01,0.0000,0.1111,10.754194
10.749104,1,0x02,0.0000,0.0556,10.752213
10.749104,2,0x03,0.0000,0.1111,10.707166
10.749104,3,0x04,0.0000,0.0000,10.753186
10.755943,0,0x01,0.0000,0.1111,10.754194
10.755943,1,0x02,0.0000,0.0556,10.755198
10.755943,2,0x03,0.0000,0.1111,10.707166
10.755943,3,0x04,0.0000,0.0000,10.753186
10.757056,0,0x01,0.0000,0.1111,10.754194
10.757056,1,0x02,0.0000,0.0556,10.755198
10.757056,2,0x03,0.0000,0.0556,10.756163
10.757056,3,0x04,0.0000,0.0000,10.753186
10.758162,0,0x01,0.0000,0.1111,10.757167
10.758162,1,0x02,0.0000,0.0556,10.755198
10.758162,2,0x03,0.0000,0.0556,10.756163
10.758162,3,0x04,0.0000,0.0000,10.753186
10.759268,0,0x01,0.0000,0.1111,10.757167
10.759268,1,0x02,0.0000,0.0556,10.758214
10.759268,2,0x03,0.0000,0.1111,10.759179
10.759268,3,0x04,0.0000,0.0000,10.753186
10.766861,0,0x01,0.0000,0.1111,10.757167
10.766861,1,0x02,0.0000,0.0556,10.758214
10.766861,2,0x03,0.0000,0.1111,10.759179
10.766861,3,0x04,0.0000,0.0000,10.753186
10.767984,0,0x01,0.0000,0.1111,10.757167
10.767984,1,0x02,0.0000,0.0556,10.758214
10.767984,2,0x03,0.0000,0.1111,10.759179
10.767984,3,0x04,0.0000,0.0000,10.753186
10.769114,0,0x01,0.0000,0.1111,10.757167
10.769114,1,0x02,0.0000,0.0556,10.758214
10.769114,2,0x03,0.0000,0.1111,10.759179
10.769114,3,0x04,0.0000,0.0000,10.753186
10.775811,0,0x01,0.0000,0.1111,10.757167
10.775811,1,0x02,0.0000,0.0556,10.758214
10.775811,2,0x03,0.0000,0.1111,10.759179
10.775811,3,0x04,0.0000,0.0000,10.753186
10.776884,0,0x01,0.0000,0.1111,10.757167
10.776884,1,0x02,0.0000,0.0556,10.758214
10.776884,2,0x03,0.0000,0.1111,10.759179
10.776884,3,0x04,0.0000,0.0000,10.753186
10.777974,0,0x01,0.0000,0.1111,10.757167
10.777974,1,0x02,0.0000,0.0556,10.758214
10.777974,2,0x03,0.0000,0.1111,10.759179
10.777974,3,0x04,0.0000,0.0000,10.753186
10.779069,0,0x01,0.0000,0.1111,10.757167
10.779069,1,0x02,0.0000,0.0556,10.758214
10.779069,2,0x03,0.0000,0.1111,10.759179
10.779069,3,0x04,0.0000,0.0000,10.753186
10.786851,0,0x01,0.0000,0.1111,10.757167
10.786851,1,0x02,0.0000,0.0556,10.758214
10.786851,2,0x03,0.0000,0.1111,10.759179
10.786851,3,0x04,0.0000,0.0000,10.753186
10.787927,0,0x01,0.0000,0.1111,10.757167
10.787927,1,0x02,0.0000,0.0556,10.758214
10.787927,2,0x03,0.0000,0.1111,10.759179
10.787927,3,0x04,0.0000,0.0000,10.753186
10.789021,0,0x01,0.0000,0.1111,10.757167
10.789021,1,0x02,0.0000,0.0556,10.758214
10.789021,2,0x03,0.0000,0.1111,10.759179
10.789021,3,0x04,0.0000,0.0000,10.753186
10.795824,0,0x01,0.0000,0.1111,10.757167
10.795824,1,0x02,0.0000,0.0556,10.758214
10.795824,2,0x03,0.0000,0.1111,10.759179
10.795824,3,0x04,0.0000,0.0000,10.753186
10.796898,0,0x01,0.0000,0.1111,10.757167
10.796898,1,0x02,0.0000,0.0556,10.758214
10.796898,2,0x03,0.0000,0.1111,10.759179
10.796898,3,0x04,0.0000,0.0000,10.753186
10.798008,0,0x01,0.0000,0.1111,10.757167
10.798008,1,0x02,0.0000,0.0556,10.758214
10.798008,2,0x03,0.0000,0.1111,10.759179
10.798008,3,0x04,0.0000,0.0000,10.753186
10.799117,0,0x01,0.0000,0.1111,10.757167
10.799117,1,0x02,0.0000,0.0556,10.758214
10.799117,2,0x03,0.0000,0.1111,10.759179
10.799117,3,0x04,0.0000,0.0556,10.804214
10.806919,0,0x01,0.0000,0.1111,10.757167
10.806919,1,0x02,0.0000,0.1111,10.806187
10.806919,2,0x03,0.0000,0.1111,10.759179
10.806919,3,0x04,0.0000,0.0556,10.804214
10.808038,0,0x01,0.0000,0.1111,10.757167
10.808038,1,0x02,0.0000,0.1111,10.806187
10.808038,2,0x03,0.0000,0.1111,10.807164
10.808038,3,0x04,0.0000,0.0556,10.804214
10.809138,0,0x01,0.0000,0.0556,10.814206
10.809138,1,0x02,0.0000,0.0556,10.812210
10.809138,2,0x03,0.0000,0.1111,10.813198
10.809138,3,0x04,0.0000,0.0556,10.808168
10.816143,0,0x01,0.0000,0.0556,10.814206
10.816143,1,0x02,0.0000,0.0556,10.815202
10.816143,2,0x03,0.0000,0.1111,10.813198
10.816143,3,0x04,0.0000,0.0556,10.808168
10.817279,0,0x01,0.0000,0.0556,10.814206
10.817279,1,0x02,0.0000,0.0556,10.815202
10.817279,2,0x03,0.0000,0.1111,10.816226
10.817279,3,0x04,0.0000,0.0556,10.817177
10.818454,0,0x01,0.0000,0.0556,10.818204
10.818454,1,0x02,0.0000,0.0556,10.815202
10.818454,2,0x03,0.0000,0.1111,10.816226
10.818454,3,0x04,0.0000,0.0556,10.817177
10.819599,0,0x01,0.0000,0.0556,10.818204
10.819599,1,0x02,0.0000,0.0556,10.815202
10.819599,2,0x03,0.0000,0.1111,10.816226
10.819599,3,0x04,0.0000,0.0556,10.820183
10.827842,0,0x01,0.0000,0.0556,10.818204
10.827842,1,0x02,0.0000,0.0556,10.815202
10.827842,2,0x03,0.0000,0.1111,10.816226
10.827842,3,0x04,0.0000,0.0556,10.820183
10.828915,0,0x01,0.0000,0.0556,10.834190
10.828915,1,0x02,0.0000,0.1111,10.835201
10.828915,2,0x03,0.0000,0.1111,10.832198
10.828915,3,0x04,0.0000,0.0556,10.833198
10.837062,0,0x01,0.0000,0.0556,10.834190
10.837062,1,0x02,0.0000,0.1111,10.835201
10.837062,2,0x03,0.0000,0.1111,10.836196
10.837062,3,0x04,0.0000,0.0556,10.833198
10.838202,0,0x01,0.0000,0.0556,10.834190
10.838202,1,0x02,0.0000,0.1111,10.835201
10.838202,2,0x03,0.0000,0.1111,10.836196
10.838202,3,0x04,0.0000,0.0556,10.838168
10.839313,0,0x01,0.0000,0.1111,10.840193
10.839313,1,0x02,0.0000,0.0556,10.843188
10.839313,2,0x03,0.0000,0.1111,10.836196
10.839313,3,0x04,0.0000,0.0556,10.838168
10.845859,0,0x01,0.0000,0.1111,10.840193
10.845859,1,0x02,0.0000,0.0556,10.843188
10.845859,2,0x03,0.0000,0.1111,10.836196
10.845859,3,0x04,0.0000,0.0556,10.838168
10.846935,0,0x01,0.0000,0.1111,10.840193
10.846935,1,0x02,0.0000,0.0556,10.843188
10.846935,2,0x03,0.0000,0.0556,10.846166
10.846935,3,0x04,0.0000,0.0556,10.838168
10.848030,0,0x01,0.0000,0.1111,10.840193
10.848030,1,0x02,0.0000,0.0556,10.843188
10.848030,2,0x03,0.0000,0.0556,10.846166
10.848030,3,0x04,0.0000,0.0556,10.838168
10.849105,0,0x01,0.0000,0.1111,10.852190
10.849105,1,0x02,0.0000,0.0556,10.855192
10.849105,2,0x03,0.0000,0.0556,10.846166
10.849105,3,0x04,0.0000,0.0556,10.850187
10.856916,0,0x01,0.0000,0.1111,10.852190
10.856916,1,0x02,0.0000,0.0556,10.855192
10.856916,2,0x03,0.0000,0.0556,10.846166
10.856916,3,0x04,0.0000,0.0556,10.850187
10.858052,0,0x01,0.0000,0.1111,10.852190
10.858052,1,0x02,0.0000,0.0556,10.855192
10.858052,2,0x03,0.0000,0.0556,10.857169
10.858052,3,0x04,0.0000,0.0556,10.850187
10.859173,0,0x01,0.0000,0.0556,10.863190
10.859173,1,0x02,0.0000,0.0556,10.855192
10.859173,2,0x03,0.0000,0.0556,10.857169
10.859173,3,0x04,0.0000,0.0556,10.861194
10.865900,0,0x01,0.0000,0.0556,10.863190
10.865900,1,0x02,0.0000,0.0556,10.855192
10.865900,2,0x03,0.0000,0.0556,10.857169
10.865900,3,0x04,0.0000,0.0556,10.861194
10.867014,0,0x01,0.0000,0.0556,10.863190
10.867014,1,0x02,0.0000,0.0556,10.855192
10.867014,2,0x03,0.0000,0.0556,10.857169
10.867014,3,0x04,0.0000,0.0556,10.861194
10.868092,0,0x01,0.0000,0.0556,10.863190
10.868092,1,0x02,0.0000,0.0556,10.855192
10.868092,2,0x03,0.0000,0.0556,10.857169
10.868092,3,0x04,0.0000,0.0556,10.861194
10.869195,0,0x01,0.0000,0.0556,10.863190
10.869195,1,0x02,0.0000,0.0556,10.855192
10.869195,2,0x03,0.0000,0.0556,10.857169
10.869195,3,0x04,0.0000,0.0556,10.861194
10.876847,0,0x01,0.0000,0.0556,10.863190
10.876847,1,0x02,0.0000,0.0556,10.855192
10.876847,2,0x03,0.0000,0.0556,10.857169
10.876847,3,0x04,0.0000,0.0556,10.861194
10.877943,0,0x01,0.0000,0.0556,10.863190
10.877943,1,0x02,0.0000,0.0556,10.855192
10.877943,2,0x03,0.0000,0.0556,10.857169
10.877943,3,0x04,0.0000,0.0556,10.861194
10.879073,0,0x01,0.0000,0.0556,10.863190
10.879073,1,0x02,0.0000,0.0556,10.855192
10.879073,2,0x03,0.0000,0.0556,10.857169
10.879073,3,0x04,0.0000,0.0556,10.861194
10.886865,0,0x01,0.0000,0.0556,10.863190
10.886865,1,0x02,0.0000,0.0556,10.855192
10.886865,2,0x03,0.0000,0.0556,10.857169
10.886865,3,0x04,0.0000,0.0556,10.861194
10.887961,0,0x01,0.0000,0.0556,10.863190
10.887961,1,0x02,0.0000,0.0556,10.855192
10.887961,2,0x03,0.0000,0.0556,10.857169
10.887961,3,0x04,0.0000,0.0556,10.861194
10.889056,0,0x01,0.0000,0.0556,10.863190
10.889056,1,0x02,0.0000,0.0556,10.855192
10.889056,2,0x03,0.0000,0.0556,10.857169
10.889056,3,0x04,0.0000,0.0556,10.861194
10.895829,0,0x01,0.0000,0.0556,10.863190
10.895829,1,0x02,0.0000,0.0556,10.855192
10.895829,2,0x03,0.0000,0.0556,10.857169
10.895829,3,0x04,0.0000,0.0556,10.861194
10.896924,0,0x01,0.0000,0.0556,10.863190
10.896924,1,0x02,0.0000,0.0556,10.855192
10.896924,2,0x03,0.0000,0.0556,10.857169
10.896924,3,0x04,0.0000,0.0556,10.861194
10.898013,0,0x01,0.0000,0.0556,10.863190
10.898013,1,0x02,0.0000,0.0556,10.855192
10.898013,2,0x03,0.0000,0.0556,10.857169
10.898013,3,0x04,0.0000,0.0556,10.861194
10.899092,0,0x01,0.0000,0.0556,10.904188
10.899092,1,0x02,0.0000,0.0556,10.905187
10.899092,2,0x03,0.0000,0.0556,10.902217
10.899092,3,0x04,0.0000,0.0556,10.861194
10.906890,0,0x01,0.0000,0.0556,10.904188
10.906890,1,0x02,0.0000,0.0556,10.905187
10.906890,2,0x03,0.0000,0.0556,10.902217
10.906890,3,0x04,0.0000,0.0556,10.906196
10.908055,0,0x01,0.0000,0.0556,10.907164
10.908055,1,0x02,0.0000,0.0556,10.905187
10.908055,2,0x03,0.0000,0.0556,10.902217
10.908055,3,0x04,0.0000,0.0556,10.906196
10.909158,0,0x01,0.0000,0.0556,10.907164
10.909158,1,0x02,0.0000,0.0556,10.911198
10.909158,2,0x03,0.0000,0.1111,10.913191
10.909158,3,0x04,0.0000,0.0556,10.910200
10.915971,0,0x01,0.0000,0.0556,10.907164
10.915971,1,0x02,0.0000,0.0556,10.911198
10.915971,2,0x03,0.0000,0.1111,10.913191
10.915971,3,0x04,0.0000,0.0556,10.910200
10.917092,0,0x01,0.0000,0.0556,10.907164
10.917092,1,0x02,0.0000,0.0556,10.911198
10.917092,2,0x03,0.0000,0.1111,10.913191
10.917092,3,0x04,0.0000,0.0556,10.910200
10.918179,0,0x01,0.0000,0.0556,10.907164
10.918179,1,0x02,0.0000,0.0556,10.911198
10.918179,2,0x03,0.0000,0.1111,10.913191
10.918179,3,0x04,0.0000,0.0556,10.910200
10.919300,0,0x01,0.0000,0.0556,10.907164
10.919300,1,0x02,0.0000,0.0556,10.911198
10.919300,2,0x03,0.0000,0.1111,10.913191
10.919300,3,0x04,0.0000,0.0556,10.910200
10.927807,0,0x01,0.0000,0.0556,10.907164
10.927807,1,0x02,0.0000,0.0556,10.911198
10.927807,2,0x03,0.0000,0.1111,10.913191
10.927807,3,0x04,0.0000,0.0556,10.910200
10.928900,0,0x01,0.0000,0.0556,10.907164
10.928900,1,0x02,0.0000,0.0556,10.911198
10.928900,2,0x03,0.0000,0.1111,10.913191
10.928900,3,0x04,0.0000,0.0556,10.910200
10.936891,0,0x01,0.0000,0.0556,10.907164
10.936891,1,0x02,0.0000,0.0556,10.911198
10.936891,2,0x03,0.0000,0.1111,10.913191
10.936891,3,0x04,0.0000,0.0556,10.910200
10.938006,0,0x01,0.0000,0.0556,10.907164
10.938006,1,0x02,0.0000,0.0556,10.911198
10.938006,2,0x03,0.0000,0.1111,10.913191
10.938006,3,0x04,0.0000,0.0556,10.910200
10.939110,0,0x01,0.0000,0.0556,10.907164
10.939110,1,0x02,0.0000,0.0556,10.911198
10.939110,2,0x03,0.0000,0.1111,10.913191
10.939110,3,0x04,0.0000,0.0556,10.910200
10.945820,0,0x01,0.0000,0.0556,10.907164
10.945820,1,0x02,0.0000,0.0556,10.911198
10.945820,2,0x03,0.0000,0.1111,10.913191
10.945820,3,0x04,0.0000,0.0556,10.910200
10.946915,0,0x01,0.0000,0.0556,10.907164
10.946915,1,0x02,0.0000,0.0556,10.911198
10.946915,2,0x03,0.0000,0.1111,10.913191
10.946915,3,0x04,0.0000,0.0556,10.910200
10.948017,0,0x01,0.0000,0.0556,10.907164
10.948017,1,0x02,0.0000,0.0556,10.911198
10.948017,2,0x03,0.0000,0.1111,10.913191
10.948017,3,0x04,0.0000,0.0556,10.910200
10.949139,0,0x01,0.0000,0.0556,10.907164
10.949139,1,0x02,0.0000,0.0556,10.911198
10.949139,2,0x03,0.0000,0.1111,10.913191
10.949139,3,0x04,0.0000,0.0556,10.910200
10.956866,0,0x01,0.0000,0.0556,10.907164
10.956866,1,0x02,0.0000,0.0556,10.911198
10.956866,2,0x03,0.0000,0.1111,10.913191
10.956866,3,0x04,0.0000,0.0556,10.910200
10.957968,0,0x01,0.0000,0.0556,10.907164
10.957968,1,0x02,0.0000,0.0556,10.911198
10.957968,2,0x03,0.0000,0.1111,10.913191
10.957968,3,0x04,0.0000,0.0556,10.910200
10.959065,0,0x01,0.0000,0.0556,10.962206
10.959065,1,0x02,5.0000,0.0556,10.963203
10.959065,2,0x03,0.0000,0.0556,10.964218
10.959065,3,0x04,0.0000,0.0556,10.961201
10.966116,0,0x01,0.0000,0.1111,10.965197
10.966116,1,0x02,5.0000,0.0556,10.963203
10.966116,2,0x03,0.0000,0.0556,10.964218
10.966116,3,0x04,0.0000,0.0556,10.961201
10.967253,0,0x01,0.0000,0.1111,10.965197
10.967253,1,0x02,5.0000,0.0556,10.966207
10.967253,2,0x03,0.0000,0.0556,10.964218
10.967253,3,0x04,0.0000,0.0556,10.967180
10.968403,0,0x01,0.0000,0.0556,10.968193
10.968403,1,0x02,5.0000,0.0556,10.966207
10.968403,2,0x03,0.0000,0.0556,10.964218
10.968403,3,0x04,0.0000,0.0556,10.967180
10.969510,0,0x01,0.0000,0.0556,10.968193
10.969510,1,0x02,5.0000,0.0556,10.969180
10.969510,2,0x03,0.0000,0.0556,10.964218
10.969510,3,0x04,0.0000,0.0556,10.967180
10.977873,0,0x01,0.0000,0.0556,10.968193
10.977873,1,0x02,5.0000,0.0556,10.969180
10.977873,2,0x03,0.0000,0.0556,10.964218
10.977873,3,0x04,0.0000,0.0556,10.967180
10.978956,0,0x01,0.0000,0.0556,10.968193
10.978956,1,0x02,5.0000,0.0556,10.969180
10.978956,2,0x03,0.0000,0.0556,10.964218
10.978956,3,0x04,0.0000,0.0556,10.967180
10.986842,0,0x01,0.0000,0.0556,10.968193
10.986842,1,0x02,5.0000,0.0556,10.969180
10.986842,2,0x03,0.0000,0.0556,10.964218
10.986842,3,0x04,0.0000,0.0556,10.967180
10.987940,0,0x01,0.0000,0.0556,10.968193
10.987940,1,0x02,5.0000,0.0556,10.969180
10.987940,2,0x03,0.0000,0.0556,10.964218
10.987940,3,0x04,0.0000,0.0556,10.967180
10.989073,0,0x01,0.0000,0.0556,10.968193
10.989073,1,0x02,5.0000,0.0556,10.969180
10.989073,2,0x03,0.0000,0.0556,10.964218
10.989073,3,0x04,0.0000,0.0556,10.967180
10.996848,0,0x01,0.0000,0.0556,10.968193
10.996848,1,0x02,5.0000,0.0556,10.969180
10.996848,2,0x03,0.0000,0.0556,10.964218
10.996848,3,0x04,0.0000,0.0556,10.967180
10.997944,0,0x01,0.0000,0.0556,10.968193
10.997944,1,0x02,5.0000,0.0556,10.969180
10.997944,2,0x03,0.0000,0.0556,10.964218
10.997944,3,0x04,0.0000,0.0556,10.967180
10.999029,0,0x01,0.0000,0.0556,10.968193
10.999029,1,0x02,5.0000,0.0556,10.969180
10.999029,2,0x03,0.0000,0.0556,10.964218
10.999029,3,0x04,0.0000,0.0556,10.967180
11.005854,0,0x01,0.0000,0.0556,10.968193
11.005854,1,0x02,5.0000,0.0556,10.969180
11.005854,2,0x03,0.0000,0.0556,10.964218
11.005854,3,0x04,0.0000,0.0556,10.967180
11.006950,0,0x01,0.0000,0.0556,10.968193
11.006950,1,0x02,5.0000,0.0556,10.969180
11.006950,2,0x03,0.0000,0.0556,10.964218
11.006950,3,0x04,0.0000,0.0556,10.967180
11.008046,0,0x01,0.0000,0.0556,10.968193
11.008046,1,0x02,5.0000,0.0556,10.969180
11.008046,2,0x03,0.0000,0.0556,10.964218
11.008046,3,0x04,0.0000,0.0556,10.967180
11.009143,0,0x01,0.0000,0.0556,10.968193
11.009143,1,0x02,5.0000,0.0556,10.969180
11.009143,2,0x03,0.0000,0.0556,10.964218
11.009143,3,0x04,0.0000,0.0556,11.015211
11.016904,0,0x01,0.0000,0.0556,11.016193
11.016904,1,0x02,5.0000,0.0556,10.969180
11.016904,2,0x03,0.0000,0.0556,10.964218
11.016904,3,0x04,0.0000,0.0556,11.015211
11.018077,0,0x01,0.0000,0.0556,11.016193
11.018077,1,0x02,5.0000,0.0556,11.017167
11.018077,2,0x03,0.0000,0.0556,10.964218
11.018077,3,0x04,0.0000,0.0556,11.015211
11.019225,0,0x01,0.0000,0.1111,11.023230
11.019225,1,0x02,5.0000,0.1111,11.024252
11.019225,2,0x03,0.0000,0.1111,11.021234
11.019225,3,0x04,0.0000,0.0556,11.022227
11.026093,0,0x01,0.0000,0.1111,11.023230
11.026093,1,0x02,5.0000,0.1111,11.024252
11.026093,2,0x03,0.0000,0.1111,11.021234
11.026093,3,0x04,0.0000,0.0556,11.022227
11.027192,0,0x01,0.0000,0.1111,11.026226
11.027192,1,0x02,5.0000,0.1111,11.024252
11.027192,2,0x03,0.0000,0.1111,11.021234
11.027192,3,0x04,0.0000,0.0556,11.022227
11.028313,0,0x01,0.0000,0.1111,11.026226
11.028313,1,0x02,5.0000,0.3333,11.027351
11.028313,2,0x03,0.0000,0.1111,11.021234
11.028313,3,0x04,0.0000,0.0556,11.022227
11.029429,0,0x01,0.0000,0.1111,11.035200
11.029429,1,0x02,5.0000,0.5556,11.033201
11.029429,2,0x03,0.0000,0.1111,11.034224
11.029429,3,0x04,0.0000,0.0556,11.031205
11.037146,0,0x01,0.0000,0.1111,11.035200
11.037146,1,0x02,5.0000,0.5000,11.036180
11.037146,2,0x03,0.0000,0.1111,11.034224
11.037146,3,0x04,0.0000,0.0556,11.031205
11.038283,0,0x01,0.0000,0.1111,11.035200
11.038283,1,0x02,5.0000,0.5000,11.036180
11.038283,2,0x03,0.0000,0.1111,11.034224
11.038283,3,0x04,0.0000,0.0556,11.031205
11.039384,0,0x01,0.0000,0.1111,11.035200
11.039384,1,0x02,5.0000,0.5000,11.036180
11.039384,2,0x03,0.0000,0.1111,11.034224
11.039384,3,0x04,0.0000,0.0556,11.031205
11.049814,0,0x01,0.0000,0.1111,11.054192
11.049814,1,0x02,5.0000,2.2778,11.050197
11.049814,2,0x03,0.0000,0.1111,11.051201
11.049814,3,0x04,0.0000,0.0556,11.052266
11.057145,0,0x01,0.0000,0.1111,11.054192
11.057145,1,0x02,5.0000,2.2778,11.050197
11.057145,2,0x03,0.0000,0.1111,11.051201
11.057145,3,0x04,0.0000,0.0556,11.052266
11.058235,0,0x01,0.0000,0.1111,11.054192
11.058235,1,0x02,5.0000,3.0000,11.058177
11.058235,2,0x03,0.0000,0.1111,11.051201
11.058235,3,0x04,0.0000,0.0556,11.052266
11.059322,0,0x01,0.0000,0.1111,11.054192
11.059322,1,0x02,5.0000,3.0000,11.058177
11.059322,2,0x03,0.0000,0.0556,11.060198
11.059322,3,0x04,0.0000,0.0556,11.064185
11.065858,0,0x01,0.0000,0.1111,11.054192
11.065858,1,0x02,5.0000,3.0000,11.058177
11.065858,2,0x03,0.0000,0.0556,11.060198
11.065858,3,0x04,0.0000,0.0556,11.064185
11.066991,0,0x01,0.0000,0.1111,11.066175
11.066991,1,0x02,5.0000,3.0000,11.058177
11.066991,2,0x03,0.0000,0.0556,11.060198
11.066991,3,0x04,0.0000,0.0556,11.064185
11.068132,0,0x01,0.0000,0.1111,11.066175
11.068132,1,0x02,5.0000,3.0000,11.058177
11.068132,2,0x03,0.0000,0.0556,11.060198
11.068132,3,0x04,0.0000,0.0556,11.064185
11.069235,0,0x01,0.0000,0.1111,11.066175
11.069235,1,0x02,5.0000,3.8889,11.070172
11.069235,2,0x03,0.0000,0.0556,11.072196
11.069235,3,0x04,0.0000,0.0556,11.064185
11.076889,0,0x01,0.0000,0.1111,11.066175
11.076889,1,0x02,5.0000,3.8889,11.070172
11.076889,2,0x03,0.0000,0.0556,11.072196
11.076889,3,0x04,0.0000,0.0556,11.076196
11.077979,0,0x01,0.0000,0.1111,11.066175
11.077979,1,0x02,5.0000,3.8889,11.070172
11.077979,2,0x03,0.0000,0.0556,11.072196
11.077979,3,0x04,0.0000,0.0556,11.076196
11.079073,0,0x01,0.0000,0.0556,11.078165
11.079073,1,0x02,5.0000,4.4444,11.081196
11.079073,2,0x03,0.0000,0.0556,11.072196
11.079073,3,0x04,0.0000,0.0556,11.076196
11.085969,0,0x01,0.0000,0.0556,11.078165
11.085969,1,0x02,5.0000,4.4444,11.081196
11.085969,2,0x03,0.0000,0.0556,11.072196
11.085969,3,0x04,0.0000,0.0556,11.076196
11.087066,0,0x01,0.0000,0.0556,11.078165
11.087066,1,0x02,5.0000,4.4444,11.081196
11.087066,2,0x03,0.0000,0.0556,11.072196
11.087066,3,0x04,0.0000,0.0556,11.076196
11.088165,0,0x01,0.0000,0.0556,11.078165
11.088165,1,0x02,5.0000,4.4444,11.081196
11.088165,2,0x03,0.0000,0.0556,11.072196
11.088165,3,0x04,0.0000,0.0556,11.076196
11.089261,0,0x01,0.0000,0.0556,11.078165
11.089261,1,0x02,5.0000,4.4444,11.081196
11.089261,2,0x03,0.0000,0.0556,11.072196
11.089261,3,0x04,0.0000,0.0556,11.076196
11.096889,0,0x01,0.0000,0.0556,11.078165
11.096889,1,0x02,5.0000,4.4444,11.081196
11.096889,2,0x03,0.0000,0.0556,11.072196
11.096889,3,0x04,0.0000,0.0556,11.076196
11.097974,0,0x01,0.0000,0.0556,11.078165
11.097974,1,0x02,5.0000,4.4444,11.081196
11.097974,2,0x03,0.0000,0.0556,11.072196
11.097974,3,0x04,0.0000,0.0556,11.076196
11.099199,0,0x01,0.0000,0.0556,11.078165
11.099199,1,0x02,5.0000,4.4444,11.081196
11.099199,2,0x03,0.0000,0.0556,11.072196
11.099199,3,0x04,0.0000,0.0556,11.076196
11.106840,0,0x01,0.0000,0.0556,11.078165
11.106840,1,0x02,5.0000,4.4444,11.081196
11.106840,2,0x03,0.0000,0.0556,11.072196
11.106840,3,0x04,0.0000,0.0556,11.076196
11.107938,0,0x01,0.0000,0.0556,11.078165
11.107938,1,0x02,5.0000,4.4444,11.081196
11.107938,2,0x03,0.0000,0.0556,11.072196
11.107938,3,0x04,0.0000,0.0556,11.076196
11.109011,0,0x01,0.0000,0.0556,11.078165
11.109011,1,0x02,5.0000,4.4444,11.081196
11.109011,2,0x03,0.0000,0.0556,11.072196
11.109011,3,0x04,0.0000,0.0556,11.076196
11.115833,0,0x01,0.0000,0.0556,11.078165
11.115833,1,0x02,5.0000,4.4444,11.081196
11.115833,2,0x03,0.0000,0.0556,11.072196
11.115833,3,0x04,0.0000,0.0556,11.076196
11.116985,0,0x01,0.0000,0.0556,11.078165
11.116985,1,0x02,5.0000,4.4444,11.081196
11.116985,2,0x03,0.0000,0.0556,11.072196
11.116985,3,0x04,0.0000,0.0556,11.076196
11.118120,0,0x01,0.0000,0.0556,11.078165
11.118120,1,0x02,5.0000,4.4444,11.081196
11.118120,2,0x03,0.0000,0.0556,11.072196
11.118120,3,0x04,0.0000,0.0556,11.076196
11.119226,0,0x01,0.0000,0.1111,11.119181
11.119226,1,0x02,5.0000,5.1111,11.124214
11.119226,2,0x03,0.0000,0.0556,11.125194
11.119226,3,0x04,0.0000,0.0556,11.076196
11.126923,0,0x01,0.0000,0.0556,11.126195
11.126923,1,0x02,5.0000,5.1111,11.124214
11.126923,2,0x03,0.0000,0.0556,11.125194
11.126923,3,0x04,0.0000,0.0556,11.076196
11.128074,0,0x01,0.0000,0.0556,11.126195
11.128074,1,0x02,5.0000,5.1111,11.127163
11.128074,2,0x03,0.0000,0.0556,11.125194
11.128074,3,0x04,0.0000,0.0556,11.076196
11.129189,0,0x01,0.0000,0.0556,11.126195
11.129189,1,0x02,5.0000,5.1111,11.127163
11.129189,2,0x03,0.0000,0.1111,11.128164
11.129189,3,0x04,0.0000,0.0556,11.129226
11.137925,0,0x01,0.0000,0.0556,11.126195
11.137925,1,0x02,5.0000,5.1111,11.127163
11.137925,2,0x03,0.0000,0.1111,11.128164
11.137925,3,0x04,0.0000,0.0556,11.129226
11.139018,0,0x01,0.0000,0.0556,11.140202
11.139018,1,0x02,5.0000,5.1111,11.143202
11.139018,2,0x03,0.0000,0.1111,11.145197
11.139018,3,0x04,0.0000,0.0556,11.142202
11.146929,0,0x01,0.0000,0.0556,11.140202
11.146929,1,0x02,5.0000,5.1111,11.143202
11.146929,2,0x03,0.0000,0.1111,11.145197
11.146929,3,0x04,0.0000,0.0556,11.142202
11.148030,0,0x01,0.0000,0.0556,11.140202
11.148030,1,0x02,5.0000,5.1111,11.143202
11.148030,2,0x03,0.0000,0.1111,11.145197
11.148030,3,0x04,0.0000,0.0556,11.142202
11.149138,0,0x01,0.0000,0.0556,11.150215
11.149138,1,0x02,5.0000,5.1111,11.153201
11.149138,2,0x03,0.0000,0.1111,11.145197
11.149138,3,0x04,0.0000,0.0556,11.148173
11.155904,0,0x01,0.0000,0.0556,11.150215
11.155904,1,0x02,5.0000,5.1111,11.153201
11.155904,2,0x03,0.0000,0.1111,11.145197
11.155904,3,0x04,0.0000,0.0556,11.148173
11.157000,0,0x01,0.0000,0.0556,11.150215
11.157000,1,0x02,5.0000,5.1111,11.153201
11.157000,2,0x03,0.0000,0.1111,11.156178
11.157000,3,0x04,0.0000,0.0556,11.148173
11.158114,0,0x01,0.0000,0.0556,11.150215
11.158114,1,0x02,5.0000,5.1111,11.153201
11.158114,2,0x03,0.0000,0.1111,11.156178
11.158114,3,0x04,0.0000,0.0556,11.148173
11.159211,0,0x01,0.0000,0.0556,11.162199
11.159211,1,0x02,5.0000,5.0556,11.165198
11.159211,2,0x03,0.0000,0.1111,11.156178
11.159211,3,0x04,0.0000,0.0556,11.160171
11.166890,0,0x01,0.0000,0.0556,11.162199
11.166890,1,0x02,5.0000,5.0556,11.165198
11.166890,2,0x03,0.0000,0.1111,11.156178
11.166890,3,0x04,0.0000,0.0556,11.160171
11.167972,0,0x01,0.0000,0.0556,11.162199
11.167972,1,0x02,5.0000,5.0556,11.165198
11.167972,2,0x03,0.0000,0.1111,11.167203
11.167972,3,0x04,0.0000,0.0556,11.160171
11.169124,0,0x01,0.0000,0.1111,11.173198
11.169124,1,0x02,5.0000,5.0556,11.165198
11.169124,2,0x03,0.0000,0.1111,11.167203
11.169124,3,0x04,0.0000,0.0556,11.170204
11.175847,0,0x01,0.0000,0.1111,11.173198
11.175847,1,0x02,5.0000,5.0556,11.165198
11.175847,2,0x03,0.0000,0.1111,11.167203
11.175847,3,0x04,0.0000,0.0556,11.170204
11.176942,0,0x01,0.0000,0.1111,11.173198
11.176942,1,0x02,5.0000,5.0556,11.165198
11.176942,2,0x03,0.0000,0.1111,11.167203
11.176942,3,0x04,0.0000,0.0556,11.170204
11.178035,0,0x01,0.0000,0.1111,11.173198
11.178035,1,0x02,5.0000,5.0556,11.165198
11.178035,2,0x03,0.0000,0.1111,11.167203
11.178035,3,0x04,0.0000,0.0556,11.170204
11.179131,0,0x01,0.0000,0.1111,11.173198
11.179131,1,0x02,5.0000,5.0556,11.165198
11.179131,2,0x03,0.0000,0.1111,11.167203
11.179131,3,0x04,0.0000,0.0556,11.170204
11.186850,0,0x01,0.0000,0.1111,11.173198
11.186850,1,0x02,5.0000,5.0556,11.165198
11.186850,2,0x03,0.0000,0.1111,11.167203
11.186850,3,0x04,0.0000,0.0556,11.170204
11.187943,0,0x01,0.0000,0.1111,11.173198
11.187943,1,0x02,5.0000,5.0556,11.165198
11.187943,2,0x03,0.0000,0.1111,11.167203
11.187943,3,0x04,0.0000,0.0556,11.170204
11.189033,0,0x01,0.0000,0.1111,11.173198
11.189033,1,0x02,5.0000,5.0556,11.165198
11.189033,2,0x03,0.0000,0.1111,11.167203
11.189033,3,0x04,0.0000,0.0556,11.170204
11.195829,0,0x01,0.0000,0.1111,11.173198
11.195829,1,0x02,5.0000,5.0556,11.165198
11.195829,2,0x03,0.0000,0.1111,11.167203
11.195829,3,0x04,0.0000,0.0556,11.170204
11.196923,0,0x01,0.0000,0.1111,11.173198
11.196923,1,0x02,5.0000,5.0556,11.165198
11.196923,2,0x03,0.0000,0.1111,11.167203
11.196923,3,0x04,0.0000,0.0556,11.170204
11.198028,0,0x01,0.0000,0.1111,11.173198
11.198028,1,0x02,5.0000,5.0556,11.165198
11.198028,2,0x03,0.0000,0.1111,11.167203
11.198028,3,0x04,0.0000,0.0556,11.170204
11.199126,0,0x01,0.0000,0.1111,11.173198
11.199126,1,0x02,5.0000,5.0556,11.165198
11.199126,2,0x03,0.0000,0.1111,11.167203
11.199126,3,0x04,0.0000,0.0556,11.170204
11.206843,0,0x01,0.0000,0.1111,11.173198
11.206843,1,0x02,5.0000,5.0556,11.165198
11.206843,2,0x03,0.0000,0.1111,11.167203
11.206843,3,0x04,0.0000,0.0556,11.170204
11.207938,0,0x01,0.0000,0.1111,11.173198
11.207938,1,0x02,5.0000,5.0556,11.165198
11.207938,2,0x03,0.0000,0.1111,11.167203
11.207938,3,0x04,0.0000,0.0556,11.170204
11.209031,0,0x01,0.0000,0.0556,11.213201
11.209031,1,0x02,5.0000,5.1111,11.214208
11.209031,2,0x03,0.0000,0.1111,11.167203
11.209031,3,0x04,0.0000,0.0556,11.212198
11.215874,0,0x01,0.0000,0.0556,11.213201
11.215874,1,0x02,5.0000,5.1111,11.214208
11.215874,2,0x03,0.0000,0.1111,11.167203
11.215874,3,0x04,0.0000,0.0556,11.215202
11.216998,0,0x01,0.0000,0.0556,11.213201
11.216998,1,0x02,5.0000,5.1111,11.214208
11.216998,2,0x03,0.0000,0.1111,11.167203
11.216998,3,0x04,0.0000,0.0556,11.215202
11.218110,0,0x01,0.0000,0.1111,11.217182
11.218110,1,0x02,5.0000,5.1111,11.214208
11.218110,2,0x03,0.0000,0.1111,11.167203
11.218110,3,0x04,0.0000,0.0556,11.215202
11.219271,0,0x01,0.0000,0.1111,11.220186
11.219271,1,0x02,5.0000,5.1111,11.214208
11.219271,2,0x03,0.0000,0.1111,11.221214
11.219271,3,0x04,0.0000,0.0556,11.222199
11.231923,0,0x01,0.0000,0.1111,11.220186
11.231923,1,0x02,5.0000,5.1111,11.214208
11.231923,2,0x03,0.0000,0.1111,11.221214
11.231923,3,0x04,0.0000,0.0556,11.222199
11.237839,0,0x01,0.0000,0.1111,11.220186
11.237839,1,0x02,5.0000,5.1111,11.214208
11.237839,2,0x03,0.0000,0.1111,11.221214
11.237839,3,0x04,0.0000,0.0556,11.222199
11.238928,0,0x01,0.0000,0.1111,11.220186
11.238928,1,0x02,5.0000,5.1111,11.214208
11.238928,2,0x03,0.0000,0.1111,11.221214
11.238928,3,0x04,0.0000,0.0556,11.222199
11.246823,0,0x01,0.0000,0.1111,11.220186
11.246823,1,0x02,5.0000,5.1111,11.214208
11.246823,2,0x03,0.0000,0.1111,11.221214
11.246823,3,0x04,0.0000,0.0556,11.222199
11.247917,0,0x01,0.0000,0.1111,11.220186
11.247917,1,0x02,5.0000,5.1111,11.214208
11.247917,2,0x03,0.0000,0.1111,11.221214
11.247917,3,0x04,0.0000,0.0556,11.222199
11.249013,0,0x01,0.0000,0.1111,11.220186
11.249013,1,0x02,5.0000,5.1111,11.214208
11.249013,2,0x03,0.0000,0.1111,11.221214
11.249013,3,0x04,0.0000,0.0556,11.222199
11.255825,0,0x01,0.0000,0.1111,11.220186
11.255825,1,0x02,5.0000,5.1111,11.214208
11.255825,2,0x03,0.0000,0.1111,11.221214
11.255825,3,0x04,0.0000,0.0556,11.222199
11.256917,0,0x01,0.0000,0.1111,11.220186
11.256917,1,0x02,5.0000,5.1111,11.214208
11.256917,2,0x03,0.0000,0.1111,11.221214
11.256917,3,0x04,0.0000,0.0556,11.222199
11.258023,0,0x01,0.0000,0.1111,11.220186
11.258023,1,0x02,5.0000,5.1111,11.214208
11.258023,2,0x03,0.0000,0.1111,11.221214
11.258023,3,0x04,0.0000,0.0556,11.222199
11.259121,0,0x01,0.0000,0.1111,11.220186
11.259121,1,0x02,5.0000,5.1111,11.214208
11.259121,2,0x03,0.0000,0.1111,11.221214
11.259121,3,0x04,0.0000,0.0556,11.222199
11.266811,0,0x01,0.0000,0.1111,11.220186
11.266811,1,0x02,5.0000,5.1111,11.214208
11.266811,2,0x03,0.0000,0.1111,11.221214
11.266811,3,0x04,0.0000,0.0556,11.222199
11.267908,0,0x01,0.0000,0.1111,11.220186
11.267908,1,0x02,5.0000,5.1111,11.214208
11.267908,2,0x03,0.0000,0.1111,11.221214
11.267908,3,0x04,0.0000,0.0556,11.222199
11.269030,0,0x01,0.0000,0.0556,11.271222
11.269030,1,0x02,5.0000,5.1111,11.273200
11.269030,2,0x03,0.0000,0.1111,11.270223
11.269030,3,0x04,0.0000,0.0556,11.222199
11.275884,0,0x01,0.0000,0.0556,11.271222
11.275884,1,0x02,5.0000,5.1111,11.273200
11.275884,2,0x03,0.0000,0.1111,11.270223
11.275884,3,0x04,0.0000,0.0556,11.275199
11.276993,0,0x01,0.0000,0.0556,11.271222
11.276993,1,0x02,5.0000,5.1111,11.273200
11.276993,2,0x03,0.0000,0.1111,11.276179
11.276993,3,0x04,0.0000,0.0556,11.275199
11.278129,0,0x01,0.0000,0.0556,11.271222
11.278129,1,0x02,5.0000,5.1111,11.273200
11.278129,2,0x03,0.0000,0.1111,11.276179
11.278129,3,0x04,0.0000,0.0556,11.277175
11.279243,0,0x01,0.0000,0.0556,11.281229
11.279243,1,0x02,5.0000,5.1111,11.282202
11.279243,2,0x03,0.0000,0.0556,11.283232
11.279243,3,0x04,0.0000,0.0556,11.277175
11.286969,0,0x01,0.0000,0.0556,11.281229
11.286969,1,0x02,5.0000,5.1111,11.282202
11.286969,2,0x03,0.0000,0.0556,11.283232
11.286969,3,0x04,0.0000,0.0556,11.277175
11.288042,0,0x01,0.0000,0.0556,11.281229
11.288042,1,0x02,5.0000,5.1111,11.282202
11.288042,2,0x03,0.0000,0.0556,11.283232
11.288042,3,0x04,0.0000,0.0556,11.277175
11.289117,0,0x01,0.0000,0.0556,11.294208
11.289117,1,0x02,5.0000,5.0556,11.295206
11.289117,2,0x03,0.0000,0.0556,11.283232
11.289117,3,0x04,0.0000,0.0556,11.277175
11.296884,0,0x01,0.0000,0.0556,11.294208
11.296884,1,0x02,5.0000,5.0556,11.295206
11.296884,2,0x03,0.0000,0.1111,11.296195
11.296884,3,0x04,0.0000,0.0556,11.277175
11.297985,0,0x01,0.0000,0.1111,11.297189
11.297985,1,0x02,5.0000,5.0556,11.295206
11.297985,2,0x03,0.0000,0.1111,11.296195
11.297985,3,0x04,0.0000,0.0556,11.277175
11.299120,0,0x01,0.0000,0.1111,11.297189
11.299120,1,0x02,5.0000,5.1111,11.298192
11.299120,2,0x03,0.0000,0.1111,11.300202
11.299120,3,0x04,0.0000,0.1111,11.303203
11.305897,0,0x01,0.0000,0.1111,11.297189
11.305897,1,0x02,5.0000,5.1111,11.298192
11.305897,2,0x03,0.0000,0.1111,11.300202
11.305897,3,0x04,0.0000,0.1111,11.303203
11.306993,0,0x01,0.0000,0.1111,11.297189
11.306993,1,0x02,5.0000,5.1111,11.298192
11.306993,2,0x03,0.0000,0.1111,11.300202
11.306993,3,0x04,0.0000,0.1111,11.303203
11.308087,0,0x01,0.0000,0.0556,11.307172
11.308087,1,0x02,5.0000,5.1111,11.298192
11.308087,2,0x03,0.0000,0.1111,11.300202
11.308087,3,0x04,0.0000,0.1111,11.303203
11.309199,0,0x01,0.0000,0.0556,11.307172
11.309199,1,0x02,5.0000,5.0556,11.310200
11.309199,2,0x03,0.0000,0.1111,11.312199
11.309199,3,0x04,0.0000,0.0556,11.315202
11.316905,0,0x01,0.0000,0.0556,11.307172
11.316905,1,0x02,5.0000,5.0556,11.310200
11.316905,2,0x03,0.0000,0.1111,11.312199
11.316905,3,0x04,0.0000,0.0556,11.315202
11.317979,0,0x01,0.0000,0.0556,11.307172
11.317979,1,0x02,5.0000,5.0556,11.310200
11.317979,2,0x03,0.0000,0.1111,11.312199
11.317979,3,0x04,0.0000,0.0556,11.315202
11.319054,0,0x01,0.0000,0.0556,11.318191
11.319054,1,0x02,5.0000,5.1111,11.320204
11.319054,2,0x03,0.0000,0.0556,11.323193
11.319054,3,0x04,0.0000,0.0556,11.315202
11.325860,0,0x01,0.0000,0.0556,11.318191
11.325860,1,0x02,5.0000,5.1111,11.320204
11.325860,2,0x03,0.0000,0.0556,11.323193
11.325860,3,0x04,0.0000,0.0556,11.315202
11.326936,0,0x01,0.0000,0.0556,11.318191
11.326936,1,0x02,5.0000,5.1111,11.320204
11.326936,2,0x03,0.0000,0.0556,11.323193
11.326936,3,0x04,0.0000,0.0556,11.326202
11.328050,0,0x01,0.0000,0.0556,11.318191
11.328050,1,0x02,5.0000,5.1111,11.320204
11.328050,2,0x03,0.0000,0.0556,11.323193
11.328050,3,0x04,0.0000,0.0556,11.326202
11.329148,0,0x01,0.0000,0.0556,11.318191
11.329148,1,0x02,5.0000,5.1111,11.320204
11.329148,2,0x03,0.0000,0.0556,11.323193
11.329148,3,0x04,0.0000,0.0556,11.326202
11.338821,0,0x01,0.0000,0.0556,11.318191
11.338821,1,0x02,5.0000,5.1111,11.320204
11.338821,2,0x03,0.0000,0.0556,11.323193
11.338821,3,0x04,0.0000,0.0556,11.326202
11.344816,0,0x01,0.0000,0.0556,11.318191
11.344816,1,0x02,5.0000,5.1111,11.320204
11.344816,2,0x03,0.0000,0.0556,11.323193
11.344816,3,0x04,0.0000,0.0556,11.326202
11.345906,0,0x01,0.0000,0.0556,11.318191
11.345906,1,0x02,5.0000,5.1111,11.320204
11.345906,2,0x03,0.0000,0.0556,11.323193
11.345906,3,0x04,0.0000,0.0556,11.326202
11.346989,0,0x01,0.0000,0.0556,11.318191
11.346989,1,0x02,5.0000,5.1111,11.320204
11.346989,2,0x03,0.0000,0.0556,11.323193
11.346989,3,0x04,0.0000,0.0556,11.326202
11.348092,0,0x01,0.0000,0.0556,11.318191
11.348092,1,0x02,5.0000,5.1111,11.320204
11.348092,2,0x03,0.0000,0.0556,11.323193
11.348092,3,0x04,0.0000,0.0556,11.326202
11.349189,0,0x01,0.0000,0.0556,11.318191
11.349189,1,0x02,5.0000,5.1111,11.320204
11.349189,2,0x03,0.0000,0.0556,11.323193
11.349189,3,0x04,0.0000,0.0556,11.326202
11.356797,0,0x01,0.0000,0.0556,11.318191
11.356797,1,0x02,5.0000,5.1111,11.320204
11.356797,2,0x03,0.0000,0.0556,11.323193
11.356797,3,0x04,0.0000,0.0556,11.326202
11.357895,0,0x01,0.0000,0.0556,11.318191
11.357895,1,0x02,5.0000,5.1111,11.320204
11.357895,2,0x03,0.0000,0.0556,11.323193
11.357895,3,0x04,0.0000,0.0556,11.326202
11.358990,0,0x01,0.0000,0.0556,11.318191
11.358990,1,0x02,5.0000,5.1111,11.320204
11.358990,2,0x03,0.0000,0.0556,11.323193
11.358990,3,0x04,0.0000,0.0556,11.326202
11.365815,0,0x01,0.0000,0.0556,11.318191
11.365815,1,0x02,5.0000,5.1111,11.320204
11.365815,2,0x03,0.0000,0.0556,11.323193
11.365815,3,0x04,0.0000,0.0556,11.326202
11.366890,0,0x01,0.0000,0.0556,11.318191
11.366890,1,0x02,5.0000,5.1111,11.320204
11.366890,2,0x03,0.0000,0.0556,11.323193
11.366890,3,0x04,0.0000,0.0556,11.326202
11.367987,0,0x01,0.0000,0.0556,11.318191
11.367987,1,0x02,5.0000,5.1111,11.320204
11.367987,2,0x03,0.0000,0.0556,11.323193
11.367987,3,0x04,0.0000,0.0556,11.326202
11.369083,0,0x01,0.0000,0.0556,11.318191
11.369083,1,0x02,5.0000,5.1111,11.320204
11.369083,2,0x03,0.0000,0.0556,11.323193
11.369083,3,0x04,0.0000,0.0556,11.326202
11.376798,0,0x01,0.0000,0.0556,11.318191
11.376798,1,0x02,5.0000,5.1111,11.376219
11.376798,2,0x03,0.0000,0.0556,11.323193
11.376798,3,0x04,0.0000,0.0556,11.326202
11.377920,0,0x01,0.0000,0.0556,11.318191
11.377920,1,0x02,5.0000,5.1111,11.376219
11.377920,2,0x03,0.0000,0.0556,11.323193
11.377920,3,0x04,0.0000,0.0556,11.326202
11.379014,0,0x01,0.0000,0.0556,11.382232
11.379014,1,0x02,5.0000,5.1111,11.383203
11.379014,2,0x03,0.0000,0.1111,11.384213
11.379014,3,0x04,0.0000,0.0556,11.378173
11.385940,0,0x01,0.0000,0.0556,11.382232
11.385940,1,0x02,5.0000,5.1111,11.383203
11.385940,2,0x03,0.0000,0.1111,11.384213
11.385940,3,0x04,0.0000,0.0556,11.385201
11.387080,0,0x01,0.0000,0.0556,11.386185
11.387080,1,0x02,5.0000,5.1111,11.383203
11.387080,2,0x03,0.0000,0.1111,11.384213
11.387080,3,0x04,0.0000,0.0556,11.385201
11.388227,0,0x01,0.0000,0.0556,11.386185
11.388227,1,0x02,5.0000,5.1111,11.383203
11.388227,2,0x03,0.0000,0.1111,11.387174
11.388227,3,0x04,0.0000,0.1111,11.388189
11.389358,0,0x01,0.0000,0.0556,11.386185
11.389358,1,0x02,5.0000,5.1111,11.389184
11.389358,2,0x03,0.0000,0.1111,11.390184
11.389358,3,0x04,0.0000,0.1111,11.388189
11.398929,0,0x01,0.0000,0.0556,11.386185
11.398929,1,0x02,5.0000,5.0556,11.403206
11.398929,2,0x03,0.0000,0.1111,11.404202
11.398929,3,0x04,0.0000,0.0556,11.405201
11.406866,0,0x01,0.0000,0.0556,11.386185
11.406866,1,0x02,5.0000,5.0556,11.403206
11.406866,2,0x03,0.0000,0.1111,11.404202
11.406866,3,0x04,0.0000,0.0556,11.405201
11.407943,0,0x01,0.0000,0.0556,11.386185
11.407943,1,0x02,5.0000,5.0556,11.403206
11.407943,2,0x03,0.0000,0.1111,11.404202
11.407943,3,0x04,0.0000,0.0556,11.405201
11.409037,0,0x01,0.0000,0.0556,11.386185
11.409037,1,0x02,5.0000,5.1111,11.408190
11.409037,2,0x03,0.0000,0.1111,11.410226
11.409037,3,0x04,0.0000,0.0556,11.413209
11.415863,0,0x01,0.0000,0.0556,11.386185
11.415863,1,0x02,5.0000,5.1111,11.408190
11.415863,2,0x03,0.0000,0.1111,11.410226
11.415863,3,0x04,0.0000,0.0556,11.413209
11.416939,0,0x01,0.0000,0.0556,11.386185
11.416939,1,0x02,5.0000,5.1111,11.408190
11.416939,2,0x03,0.0000,0.1111,11.410226
11.416939,3,0x04,0.0000,0.0556,11.413209
11.418042,0,0x01,0.0000,0.0556,11.417239
11.418042,1,0x02,5.0000,5.1111,11.408190
11.418042,2,0x03,0.0000,0.1111,11.410226
11.418042,3,0x04,0.0000,0.0556,11.413209
11.419162,0,0x01,0.0000,0.0556,11.417239
11.419162,1,0x02,5.0000,5.1111,11.420229
11.419162,2,0x03,0.0000,0.1111,11.422204
11.419162,3,0x04,0.0000,0.0556,11.425206
11.426873,0,0x01,0.0000,0.0556,11.417239
11.426873,1,0x02,5.0000,5.1111,11.420229
11.426873,2,0x03,0.0000,0.1111,11.422204
11.426873,3,0x04,0.0000,0.0556,11.425206
11.427953,0,0x01,0.0000,0.0556,11.417239
11.427953,1,0x02,5.0000,5.1111,11.420229
11.427953,2,0x03,0.0000,0.1111,11.422204
11.427953,3,0x04,0.0000,0.0556,11.425206
11.429049,0,0x01,0.0000,0.0556,11.428183
11.429049,1,0x02,5.0000,5.1111,11.430208
11.429049,2,0x03,0.0000,0.0556,11.433220
11.429049,3,0x04,0.0000,0.0556,11.425206
11.435892,0,0x01,0.0000,0.0556,11.428183
11.435892,1,0x02,5.0000,5.1111,11.430208
11.435892,2,0x03,0.0000,0.0556,11.433220
11.435892,3,0x04,0.0000,0.0556,11.425206
11.436991,0,0x01,0.0000,0.0556,11.428183
11.436991,1,0x02,5.0000,5.1111,11.430208
11.436991,2,0x03,0.0000,0.0556,11.433220
11.436991,3,0x04,0.0000,0.0556,11.425206
11.438095,0,0x01,0.0000,0.0556,11.428183
11.438095,1,0x02,5.0000,5.1111,11.430208
11.438095,2,0x03,0.0000,0.0556,11.433220
11.438095,3,0x04,0.0000,0.0556,11.425206
11.439184,0,0x01,0.0000,0.0556,11.428183
11.439184,1,0x02,5.0000,5.1111,11.430208
11.439184,2,0x03,0.0000,0.0556,11.433220
11.439184,3,0x04,0.0000,0.0556,11.425206
11.446810,0,0x01,0.0000,0.0556,11.428183
11.446810,1,0x02,5.0000,5.1111,11.430208
11.446810,2,0x03,0.0000,0.0556,11.433220
11.446810,3,0x04,0.0000,0.0556,11.425206
11.447882,0,0x01,0.0000,0.0556,11.428183
11.447882,1,0x02,5.0000,5.1111,11.430208
11.447882,2,0x03,0.0000,0.0556,11.433220
11.447882,3,0x04,0.0000,0.0556,11.425206
11.448987,0,0x01,0.0000,0.0556,11.428183
11.448987,1,0x02,5.0000,5.1111,11.430208
11.448987,2,0x03,0.0000,0.0556,11.433220
11.448987,3,0x04,0.0000,0.0556,11.425206
11.455843,0,0x01,0.0000,0.0556,11.428183
11.455843,1,0x02,5.0000,5.1111,11.430208
11.455843,2,0x03,0.0000,0.0556,11.433220
11.455843,3,0x04,0.0000,0.0556,11.425206
11.456923,0,0x01,0.0000,0.0556,11.428183
11.456923,1,0x02,5.0000,5.1111,11.430208
11.456923,2,0x03,0.0000,0.0556,11.433220
11.456923,3,0x04,0.0000,0.0556,11.425206
11.458018,0,0x01,0.0000,0.0556,11.428183
11.458018,1,0x02,5.0000,5.1111,11.430208
11.458018,2,0x03,0.0000,0.0556,11.433220
11.458018,3,0x04,0.0000,0.0556,11.425206
11.459111,0,0x01,0.0000,0.0556,11.428183
11.459111,1,0x02,5.0000,5.1111,11.430208
11.459111,2,0x03,0.0000,0.0556,11.433220
11.459111,3,0x04,0.0000,0.0556,11.425206
11.466854,0,0x01,0.0000,0.0556,11.428183
11.466854,1,0x02,5.0000,5.1111,11.430208
11.466854,2,0x03,0.0000,0.0556,11.433220
11.466854,3,0x04,0.0000,0.0556,11.425206
11.467937,0,0x01,0.0000,0.0556,11.428183
11.467937,1,0x02,5.0000,5.1111,11.430208
11.467937,2,0x03,0.0000,0.0556,11.433220
11.467937,3,0x04,0.0000,0.0556,11.425206
11.469057,0,0x01,0.0000,0.0556,11.472262
11.469057,1,0x02,5.0000,5.0556,11.473244
11.469057,2,0x03,0.0000,0.1111,11.474258
11.469057,3,0x04,0.0000,0.0556,11.425206
11.476064,0,0x01,0.0000,0.0556,11.475252
11.476064,1,0x02,5.0000,5.0556,11.473244
11.476064,2,0x03,0.0000,0.1111,11.474258
11.476064,3,0x04,0.0000,0.0556,11.425206
11.477159,0,0x01,0.0000,0.0556,11.475252
11.477159,1,0x02,5.0000,5.1111,11.476270
11.477159,2,0x03,0.0000,0.1111,11.474258
11.477159,3,0x04,0.0000,0.0556,11.425206
11.478271,0,0x01,0.0000,0.0556,11.475252
11.478271,1,0x02,5.0000,5.1111,11.476270
11.478271,2,0x03,0.0000,0.1111,11.477253
11.478271,3,0x04,0.0000,0.0556,11.478207
11.479378,0,0x01,0.0000,0.1111,11.482217
11.479378,1,0x02,5.0000,5.1111,11.483218
11.479378,2,0x03,0.0000,0.1111,11.477253
11.479378,3,0x04,0.0000,0.0556,11.478207
11.486955,0,0x01,0.0000,0.1111,11.482217
11.486955,1,0x02,5.0000,5.1111,11.483218
11.486955,2,0x03,0.0000,0.1111,11.477253
11.486955,3,0x04,0.0000,0.0556,11.478207
11.488050,0,0x01,0.0000,0.1111,11.482217
11.488050,1,0x02,5.0000,5.1111,11.483218
11.488050,2,0x03,0.0000,0.1111,11.477253
11.488050,3,0x04,0.0000,0.0556,11.478207
11.489129,0,0x01,0.0000,0.1111,11.482217
11.489129,1,0x02,5.0000,5.1111,11.483218
11.489129,2,0x03,0.0000,0.1111,11.477253
11.489129,3,0x04,0.0000,0.0556,11.478207
11.495815,0,0x01,0.0000,0.1111,11.482217
11.495815,1,0x02,5.0000,5.1111,11.483218
11.495815,2,0x03,0.0000,0.1111,11.477253
11.495815,3,0x04,0.0000,0.0556,11.478207
11.496883,0,0x01,0.0000,0.1111,11.482217
11.496883,1,0x02,5.0000,5.1111,11.483218
11.496883,2,0x03,0.0000,0.1111,11.477253
11.496883,3,0x04,0.0000,0.0556,11.478207
11.497952,0,0x01,0.0000,0.1111,11.482217
11.497952,1,0x02,5.0000,5.1111,11.483218
11.497952,2,0x03,0.0000,0.1111,11.477253
11.497952,3,0x04,0.0000,0.0556,11.478207
11.499049,0,0x01,0.0000,0.1111,11.482217
11.499049,1,0x02,5.0000,5.1111,11.483218
11.499049,2,0x03,0.0000,0.1111,11.477253
11.499049,3,0x04,0.0000,0.0556,11.478207
11.504801,0,0x01,0.0000,0.1111,11.482217
11.504801,1,0x02,5.0000,5.1111,11.483218
11.504801,2,0x03,0.0000,0.1111,11.477253
11.504801,3,0x04,0.0000,0.0556,11.478207
11.505875,0,0x01,0.0000,0.1111,11.482217
11.505875,1,0x02,5.0000,5.1111,11.483218
11.505875,2,0x03,0.0000,0.1111,11.477253
11.505875,3,0x04,0.0000,0.0556,11.478207
11.506972,0,0x01,0.0000,0.1111,11.482217
11.506972,1,0x02,5.0000,5.1111,11.483218
11.506972,2,0x03,0.0000,0.1111,11.477253
11.506972,3,0x04,0.0000,0.0556,11.478207
11.508066,0,0x01,0.0000,0.1111,11.482217
11.508066,1,0x02,5.0000,5.1111,11.483218
11.508066,2,0x03,0.0000,0.1111,11.477253
11.508066,3,0x04,0.0000,0.0556,11.478207
11.509158,0,0x01,0.0000,0.1111,11.482217
11.509158,1,0x02,5.0000,5.1111,11.483218
11.509158,2,0x03,0.0000,0.1111,11.477253
11.509158,3,0x04,0.0000,0.0556,11.478207
11.516808,0,0x01,0.0000,0.1111,11.482217
11.516808,1,0x02,5.0000,5.1111,11.483218
11.516808,2,0x03,0.0000,0.1111,11.477253
11.516808,3,0x04,0.0000,0.0556,11.478207
11.517887,0,0x01,0.0000,0.1111,11.482217
11.517887,1,0x02,5.0000,5.1111,11.483218
11.517887,2,0x03,0.0000,0.1111,11.477253
11.517887,3,0x04,0.0000,0.0556,11.478207
11.518965,0,0x01,0.0000,0.1111,11.523205
11.518965,1,0x02,5.0000,5.1111,11.521205
11.518965,2,0x03,0.0000,0.1111,11.477253
11.518965,3,0x04,0.0000,0.0556,11.522203
11.525889,0,0x01,0.0000,0.1111,11.523205
11.525889,1,0x02,5.0000,5.1111,11.521205
11.525889,2,0x03,0.0000,0.1111,11.525293
11.525889,3,0x04,0.0000,0.0556,11.522203
11.526983,0,0x01,0.0000,0.1111,11.523205
11.526983,1,0x02,5.0000,5.1111,11.521205
11.526983,2,0x03,0.0000,0.1111,11.525293
11.526983,3,0x04,0.0000,0.0556,11.526294
11.528103,0,0x01,0.0000,0.1111,11.523205
11.528103,1,0x02,5.0000,5.1111,11.521205
11.528103,2,0x03,0.0000,0.1111,11.525293
11.528103,3,0x04,0.0000,0.0556,11.526294
11.529193,0,0x01,0.0000,0.1111,11.523205
11.529193,1,0x02,5.0000,5.1111,11.530300
11.529193,2,0x03,0.0000,0.1111,11.528256
11.529193,3,0x04,0.0000,0.0556,11.529269
11.539966,0,0x01,0.0000,0.1111,11.523205
11.539966,1,0x02,5.0000,5.1111,11.530300
11.539966,2,0x03,0.0000,0.1111,11.528256
11.539966,3,0x04,0.0000,0.0556,11.529269
11.545884,0,0x01,0.0000,0.1111,11.523205
11.545884,1,0x02,5.0000,5.1111,11.530300
11.545884,2,0x03,0.0000,0.1111,11.528256
11.545884,3,0x04,0.0000,0.0556,11.529269
11.546956,0,0x01,0.0000,0.1111,11.523205
11.546956,1,0x02,5.0000,5.1111,11.530300
11.546956,2,0x03,0.0000,0.1111,11.528256
11.546956,3,0x04,0.0000,0.0556,11.529269
11.548049,0,0x01,0.0000,0.1111,11.523205
11.548049,1,0x02,5.0000,5.1111,11.530300
11.548049,2,0x03,0.0000,0.1111,11.528256
11.548049,3,0x04,0.0000,0.0556,11.529269
11.549151,0,0x01,0.0000,0.1111,11.523205
11.549151,1,0x02,5.0000,5.1111,11.530300
11.549151,2,0x03,0.0000,0.1111,11.528256
11.549151,3,0x04,0.0000,0.0556,11.529269
11.556807,0,0x01,0.0000,0.1111,11.523205
11.556807,1,0x02,5.0000,5.1111,11.530300
11.556807,2,0x03,0.0000,0.1111,11.528256
11.556807,3,0x04,0.0000,0.0556,11.529269
11.557877,0,0x01,0.0000,0.1111,11.523205
11.557877,1,0x02,5.0000,5.1111,11.530300
11.557877,2,0x03,0.0000,0.1111,11.528256
11.557877,3,0x04,0.0000,0.0556,11.529269
11.558948,0,0x01,0.0000,0.1111,11.523205
11.558948,1,0x02,5.0000,5.1111,11.530300
11.558948,2,0x03,0.0000,0.1111,11.528256
11.558948,3,0x04,0.0000,0.0556,11.529269
11.565786,0,0x01,0.0000,0.1111,11.523205
11.565786,1,0x02,5.0000,5.1111,11.530300
11.565786,2,0x03,0.0000,0.1111,11.528256
11.565786,3,0x04,0.0000,0.0556,11.529269
11.566864,0,0x01,0.0000,0.1111,11.523205
11.566864,1,0x02,5.0000,5.1111,11.530300
11.566864,2,0x03,0.0000,0.1111,11.528256
11.566864,3,0x04,0.0000,0.0556,11.529269
11.567964,0,0x01,0.0000,0.1111,11.523205
11.567964,1,0x02,5.0000,5.1111,11.530300
11.567964,2,0x03,0.0000,0.1111,11.528256
11.567964,3,0x04,0.0000,0.0556,11.529269
11.569071,0,0x01,0.0000,0.1111,11.523205
11.569071,1,0x02,5.0000,5.1111,11.530300
11.569071,2,0x03,0.0000,0.1111,11.528256
11.569071,3,0x04,0.0000,0.0556,11.529269
11.576848,0,0x01,0.0000,0.1111,11.523205
11.576848,1,0x02,5.0000,5.1111,11.530300
11.576848,2,0x03,0.0000,0.0556,11.576214
11.576848,3,0x04,0.0000,0.0556,11.529269
11.577952,0,0x01,0.0000,0.0556,11.577178
11.577952,1,0x02,5.0000,5.1111,11.530300
11.577952,2,0x03,0.0000,0.0556,11.576214
11.577952,3,0x04,0.0000,0.0556,11.529269
11.579041,0,0x01,0.0000,0.0556,11.584247
11.579041,1,0x02,5.0000,5.1111,11.578179
11.579041,2,0x03,0.0000,0.0556,11.582207
11.579041,3,0x04,0.0000,0.0556,11.583204
11.585968,0,0x01,0.0000,0.0556,11.584247
11.585968,1,0x02,5.0000,5.1111,11.578179
11.585968,2,0x03,0.0000,0.1111,11.585201
11.585968,3,0x04,0.0000,0.0556,11.583204
11.587100,0,0x01,0.0000,0.0556,11.584247
11.587100,1,0x02,5.0000,5.1111,11.578179
11.587100,2,0x03,0.0000,0.1111,11.585201
11.587100,3,0x04,0.0000,0.0556,11.586182
11.588257,0,0x01,0.0000,0.0556,11.587183
11.588257,1,0x02,5.0000,5.1111,11.588201
11.588257,2,0x03,0.0000,0.1111,11.585201
11.588257,3,0x04,0.0000,0.0556,11.586182
11.589361,0,0x01,0.0000,0.1111,11.590188
11.589361,1,0x02,5.0000,5.1111,11.591206
11.589361,2,0x03,0.0000,0.1111,11.592204
11.589361,3,0x04,0.0000,0.0556,11.586182
11.596908,0,0x01,0.0000,0.1111,11.590188
11.596908,1,0x02,5.0000,5.1111,11.591206
11.596908,2,0x03,0.0000,0.1111,11.592204
11.596908,3,0x04,0.0000,0.0556,11.586182
11.598016,0,0x01,0.0000,0.1111,11.590188
11.598016,1,0x02,5.0000,5.1111,11.591206
11.598016,2,0x03,0.0000,0.1111,11.592204
11.598016,3,0x04,0.0000,0.0556,11.586182
11.599091,0,0x01,0.0000,0.1111,11.590188
11.599091,1,0x02,5.0000,5.1111,11.591206
11.599091,2,0x03,0.0000,0.1111,11.592204
11.599091,3,0x04,0.0000,0.0556,11.586182
11.605840,0,0x01,0.0000,0.1111,11.590188
11.605840,1,0x02,5.0000,5.1111,11.591206
11.605840,2,0x03,0.0000,0.1111,11.592204
11.605840,3,0x04,0.0000,0.0556,11.586182
11.606936,0,0x01,0.0000,0.1111,11.590188
11.606936,1,0x02,5.0000,5.1111,11.591206
11.606936,2,0x03,0.0000,0.1111,11.592204
11.606936,3,0x04,0.0000,0.0556,11.586182
11.608011,0,0x01,0.0000,0.1111,11.590188
11.608011,1,0x02,5.0000,5.1111,11.591206
11.608011,2,0x03,0.0000,0.1111,11.592204
11.608011,3,0x04,0.0000,0.0556,11.586182
11.609112,0,0x01,0.0000,0.1111,11.590188
11.609112,1,0x02,5.0000,5.1111,11.591206
11.609112,2,0x03,0.0000,0.1111,11.592204
11.609112,3,0x04,0.0000,0.0556,11.586182
11.616821,0,0x01,0.0000,0.1111,11.590188
11.616821,1,0x02,5.0000,5.1111,11.591206
11.616821,2,0x03,0.0000,0.1111,11.592204
11.616821,3,0x04,0.0000,0.0556,11.586182
11.617919,0,0x01,0.0000,0.1111,11.590188
11.617919,1,0x02,5.0000,5.1111,11.591206
11.617919,2,0x03,0.0000,0.1111,11.592204
11.617919,3,0x04,0.0000,0.0556,11.586182
11.619017,0,0x01,0.0000,0.1111,11.590188
11.619017,1,0x02,5.0000,5.1111,11.591206
11.619017,2,0x03,0.0000,0.1111,11.592204
11.619017,3,0x04,0.0000,0.0556,11.586182
11.626808,0,0x01,0.0000,0.1111,11.590188
11.626808,1,0x02,5.0000,5.1111,11.591206
11.626808,2,0x03,0.0000,0.1111,11.592204
11.626808,3,0x04,0.0000,0.0556,11.586182
11.627900,0,0x01,0.0000,0.1111,11.590188
11.627900,1,0x02,5.0000,5.1111,11.591206
11.627900,2,0x03,0.0000,0.1111,11.592204
11.627900,3,0x04,0.0000,0.0556,11.586182
11.628994,0,0x01,0.0000,0.1111,11.590188
11.628994,1,0x02,5.0000,5.1111,11.591206
11.628994,2,0x03,0.0000,0.1111,11.592204
11.628994,3,0x04,0.0000,0.0556,11.586182
11.637145,0,0x01,0.0000,0.1111,11.590188
11.637145,1,0x02,5.0000,5.1111,11.591206
11.637145,2,0x03,0.0000,0.1111,11.592204
11.637145,3,0x04,0.0000,0.0556,11.586182
11.638253,0,0x01,0.0000,0.1111,11.590188
11.638253,1,0x02,5.0000,5.1111,11.591206
11.638253,2,0x03,0.0000,0.1111,11.592204
11.638253,3,0x04,0.0000,0.0556,11.586182
11.639336,0,0x01,0.0000,0.0556,11.645216
11.639336,1,0x02,5.0000,5.0556,11.643212
11.639336,2,0x03,0.0000,0.1111,11.644211
11.639336,3,0x04,0.0000,0.0556,11.641207
11.646993,0,0x01,0.0000,0.0556,11.645216
11.646993,1,0x02,5.0000,5.0556,11.646199
11.646993,2,0x03,0.0000,0.1111,11.644211
11.646993,3,0x04,0.0000,0.0556,11.641207
11.648111,0,0x01,0.0000,0.0556,11.645216
11.648111,1,0x02,5.0000,5.0556,11.646199
11.648111,2,0x03,0.0000,0.1111,11.647179
11.648111,3,0x04,0.0000,0.0556,11.641207
11.649260,0,0x01,0.0000,0.0556,11.651213
11.649260,1,0x02,5.0000,5.1111,11.652215
11.649260,2,0x03,0.0000,0.0556,11.653205
11.649260,3,0x04,0.0000,0.0556,11.654199
11.655944,0,0x01,0.0000,0.0556,11.651213
11.655944,1,0x02,5.0000,5.1111,11.652215
11.655944,2,0x03,0.0000,0.0556,11.653205
11.655944,3,0x04,0.0000,0.0556,11.654199
11.657053,0,0x01,0.0000,0.0556,11.651213
11.657053,1,0x02,5.0000,5.1111,11.652215
11.657053,2,0x03,0.0000,0.0556,11.653205
11.657053,3,0x04,0.0000,0.0556,11.654199
11.658131,0,0x01,0.0000,0.0556,11.651213
11.658131,1,0x02,5.0000,5.1111,11.652215
11.658131,2,0x03,0.0000,0.0556,11.653205
11.658131,3,0x04,0.0000,0.0556,11.654199
11.659226,0,0x01,0.0000,0.0556,11.651213
11.659226,1,0x02,5.0000,5.1111,11.652215
11.659226,2,0x03,0.0000,0.0556,11.653205
11.659226,3,0x04,0.0000,0.0556,11.654199
11.667829,0,0x01,0.0000,0.0556,11.651213
11.667829,1,0x02,5.0000,5.1111,11.652215
11.667829,2,0x03,0.0000,0.0556,11.653205
11.667829,3,0x04,0.0000,0.0556,11.654199
11.668906,0,0x01,0.0000,0.0556,11.651213
11.668906,1,0x02,5.0000,5.1111,11.652215
11.668906,2,0x03,0.0000,0.0556,11.653205
11.668906,3,0x04,0.0000,0.0556,11.654199
11.675833,0,0x01,0.0000,0.0556,11.651213
11.675833,1,0x02,5.0000,5.1111,11.652215
11.675833,2,0x03,0.0000,0.0556,11.653205
11.675833,3,0x04,0.0000,0.0556,11.654199
11.676914,0,0x01,0.0000,0.0556,11.651213
11.676914,1,0x02,5.0000,5.1111,11.652215
11.676914,2,0x03,0.0000,0.0556,11.653205
11.676914,3,0x04,0.0000,0.0556,11.654199
11.678015,0,0x01,0.0000,0.0556,11.651213
11.678015,1,0x02,5.0000,5.1111,11.652215
11.678015,2,0x03,0.0000,0.0556,11.653205
11.678015,3,0x04,0.0000,0.0556,11.654199
11.679114,0,0x01,0.0000,0.0556,11.651213
11.679114,1,0x02,5.0000,5.1111,11.652215
11.679114,2,0x03,0.0000,0.0556,11.653205
11.679114,3,0x04,0.0000,0.0556,11.654199
11.686839,0,0x01,0.0000,0.0556,11.651213
11.686839,1,0x02,5.0000,5.1111,11.652215
11.686839,2,0x03,0.0000,0.0556,11.653205
11.686839,3,0x04,0.0000,0.0556,11.654199
11.687916,0,0x01,0.0000,0.0556,11.651213
11.687916,1,0x02,5.0000,5.1111,11.652215
11.687916,2,0x03,0.0000,0.0556,11.653205
11.687916,3,0x04,0.0000,0.0556,11.654199
11.689013,0,0x01,0.0000,0.0556,11.651213
11.689013,1,0x02,5.0000,5.1111,11.652215
11.689013,2,0x03,0.0000,0.0556,11.653205
11.689013,3,0x04,0.0000,0.0556,11.654199
11.695809,0,0x01,0.0000,0.0556,11.651213
11.695809,1,0x02,5.0000,5.1111,11.652215
11.695809,2,0x03,0.0000,0.0556,11.653205
11.695809,3,0x04,0.0000,0.0556,11.654199
11.696882,0,0x01,0.0000,0.0556,11.651213
11.696882,1,0x02,5.0000,5.1111,11.652215
11.696882,2,0x03,0.0000,0.0556,11.653205
11.696882,3,0x04,0.0000,0.0556,11.654199
11.697976,0,0x01,0.0000,0.0556,11.651213
11.697976,1,0x02,5.0000,5.1111,11.652215
11.697976,2,0x03,0.0000,0.0556,11.653205
11.697976,3,0x04,0.0000,0.0556,11.654199
11.699073,0,0x01,0.0000,0.0556,11.703219
11.699073,1,0x02,5.0000,5.1111,11.704229
11.699073,2,0x03,0.0000,0.1111,11.705212
11.699073,3,0x04,0.0000,0.0556,11.702266
11.707036,0,0x01,0.0000,0.0556,11.703219
11.707036,1,0x02,5.0000,5.1111,11.704229
11.707036,2,0x03,0.0000,0.1111,11.705212
11.707036,3,0x04,0.0000,0.0556,11.706206
11.708150,0,0x01,0.0000,0.1111,11.707185
11.708150,1,0x02,5.0000,5.1111,11.704229
11.708150,2,0x03,0.0000,0.1111,11.705212
11.708150,3,0x04,0.0000,0.0556,11.706206
11.709260,0,0x01,0.0000,0.1111,11.710206
11.709260,1,0x02,5.0000,5.1111,11.713207
11.709260,2,0x03,0.0000,0.1111,11.714255
11.709260,3,0x04,0.0000,0.0556,11.712212
11.716072,0,0x01,0.0000,0.0556,11.715227
11.716072,1,0x02,5.0000,5.1111,11.713207
11.716072,2,0x03,0.0000,0.1111,11.714255
11.716072,3,0x04,0.0000,0.0556,11.712212
11.717227,0,0x01,0.0000,0.0556,11.715227
11.717227,1,0x02,5.0000,5.1111,11.713207
11.717227,2,0x03,0.0000,0.1111,11.714255
11.717227,3,0x04,0.0000,0.0556,11.712212
11.718355,0,0x01,0.0000,0.0556,11.715227
11.718355,1,0x02,5.0000,5.1111,11.713207
11.718355,2,0x03,0.0000,0.1111,11.714255
11.718355,3,0x04,0.0000,0.0556,11.712212
11.719480,0,0x01,0.0000,0.0556,11.715227
11.719480,1,0x02,5.0000,5.1111,11.713207
11.719480,2,0x03,0.0000,0.1111,11.714255
11.719480,3,0x04,0.0000,0.0556,11.712212
11.727853,0,0x01,0.0000,0.0556,11.715227
11.727853,1,0x02,5.0000,5.1111,11.713207
11.727853,2,0x03,0.0000,0.1111,11.727207
11.727853,3,0x04,0.0000,0.0556,11.712212
11.728961,0,0x01,0.0000,0.0556,11.735255
11.728961,1,0x02,5.0000,5.0556,11.730218
11.728961,2,0x03,0.0000,0.1111,11.731241
11.728961,3,0x04,0.0000,0.0556,11.733245
11.737202,0,0x01,0.0000,0.0556,11.735255
11.737202,1,0x02,5.0000,5.0556,11.730218
11.737202,2,0x03,0.0000,0.1111,11.731241
11.737202,3,0x04,0.0000,0.0556,11.733245
11.738287,0,0x01,0.0000,0.0556,11.735255
11.738287,1,0x02,5.0000,5.0556,11.730218
11.738287,2,0x03,0.0000,0.1111,11.731241
11.738287,3,0x04,0.0000,0.0556,11.733245
11.739440,0,0x01,0.0000,0.0556,11.735255
11.739440,1,0x02,5.0000,5.1111,11.739352
11.739440,2,0x03,0.0000,0.0556,11.741270
11.739440,3,0x04,0.0000,0.0556,11.744217
11.746972,0,0x01,0.0000,0.0556,11.735255
11.746972,1,0x02,5.0000,5.1111,11.739352
11.746972,2,0x03,0.0000,0.0556,11.741270
11.746972,3,0x04,0.0000,0.0556,11.744217
11.748070,0,0x01,0.0000,0.0556,11.735255
11.748070,1,0x02,5.0000,5.1111,11.739352
11.748070,2,0x03,0.0000,0.0556,11.741270
11.748070,3,0x04,0.0000,0.0556,11.744217
11.749193,0,0x01,0.0000,0.0556,11.748194
11.749193,1,0x02,5.0000,5.1111,11.751230
11.749193,2,0x03,0.0000,0.1111,11.753204
11.749193,3,0x04,0.0000,0.0556,11.744217
11.755960,0,0x01,0.0000,0.0556,11.748194
11.755960,1,0x02,5.0000,5.1111,11.751230
11.755960,2,0x03,0.0000,0.1111,11.753204
11.755960,3,0x04,0.0000,0.0556,11.744217
11.757070,0,0x01,0.0000,0.0556,11.748194
11.757070,1,0x02,5.0000,5.1111,11.751230
11.757070,2,0x03,0.0000,0.1111,11.753204
11.757070,3,0x04,0.0000,0.0556,11.744217
11.758158,0,0x01,0.0000,0.0556,11.748194
11.758158,1,0x02,5.0000,5.1111,11.751230
11.758158,2,0x03,0.0000,0.1111,11.753204
11.758158,3,0x04,0.0000,0.0556,11.757186
11.759269,0,0x01,0.0000,0.0556,11.760214
11.759269,1,0x02,5.0000,5.1111,11.751230
11.759269,2,0x03,0.0000,0.1111,11.753204
11.759269,3,0x04,0.0000,0.0556,11.757186
11.766896,0,0x01,0.0000,0.0556,11.760214
11.766896,1,0x02,5.0000,5.1111,11.751230
11.766896,2,0x03,0.0000,0.1111,11.753204
11.766896,3,0x04,0.0000,0.0556,11.757186
11.767989,0,0x01,0.0000,0.0556,11.760214
11.767989,1,0x02,5.0000,5.1111,11.751230
11.767989,2,0x03,0.0000,0.1111,11.753204
11.767989,3,0x04,0.0000,0.0556,11.757186
11.769114,0,0x01,0.0000,0.0556,11.760214
11.769114,1,0x02,5.0000,5.1111,11.751230
11.769114,2,0x03,0.0000,0.1111,11.753204
11.769114,3,0x04,0.0000,0.0556,11.757186
11.775812,0,0x01,0.0000,0.0556,11.760214
11.775812,1,0x02,5.0000,5.1111,11.751230
11.775812,2,0x03,0.0000,0.1111,11.753204
11.775812,3,0x04,0.0000,0.0556,11.757186
11.776906,0,0x01,0.0000,0.0556,11.760214
11.776906,1,0x02,5.0000,5.1111,11.751230
11.776906,2,0x03,0.0000,0.1111,11.753204
11.776906,3,0x04,0.0000,0.0556,11.757186
11.778000,0,0x01,0.0000,0.0556,11.760214
11.778000,1,0x02,5.0000,5.1111,11.751230
11.778000,2,0x03,0.0000,0.1111,11.753204
11.778000,3,0x04,0.0000,0.0556,11.757186
11.779096,0,0x01,0.0000,0.0556,11.760214
11.779096,1,0x02,5.0000,5.1111,11.751230
11.779096,2,0x03,0.0000,0.1111,11.753204
11.779096,3,0x04,0.0000,0.0556,11.757186
11.786875,0,0x01,0.0000,0.0556,11.760214
11.786875,1,0x02,5.0000,5.1111,11.751230
11.786875,2,0x03,0.0000,0.1111,11.753204
11.786875,3,0x04,0.0000,0.0556,11.757186
11.787956,0,0x01,0.0000,0.0556,11.760214
11.787956,1,0x02,5.0000,5.1111,11.751230
11.787956,2,0x03,0.0000,0.1111,11.753204
11.787956,3,0x04,0.0000,0.0556,11.757186
11.789053,0,0x01,0.0000,0.0556,11.760214
11.789053,1,0x02,5.0000,5.1111,11.751230
11.789053,2,0x03,0.0000,0.1111,11.753204
11.789053,3,0x04,0.0000,0.0556,11.757186
11.795811,0,0x01,0.0000,0.0556,11.760214
11.795811,1,0x02,5.0000,5.1111,11.751230
11.795811,2,0x03,0.0000,0.1111,11.753204
11.795811,3,0x04,0.0000,0.0556,11.757186
11.796907,0,0x01,0.0000,0.0556,11.760214
11.796907,1,0x02,5.0000,5.1111,11.751230
11.796907,2,0x03,0.0000,0.1111,11.753204
11.796907,3,0x04,0.0000,0.0556,11.757186
11.798010,0,0x01,0.0000,0.0556,11.760214
11.798010,1,0x02,5.0000,5.1111,11.751230
11.798010,2,0x03,0.0000,0.1111,11.753204
11.798010,3,0x04,0.0000,0.0556,11.757186
11.799119,0,0x01,0.0000,0.1111,11.803212
11.799119,1,0x02,5.0000,5.1111,11.804211
11.799119,2,0x03,0.0000,0.0556,11.805205
11.799119,3,0x04,0.0000,0.0556,11.757186
11.806992,0,0x01,0.0000,0.0556,11.806204
11.806992,1,0x02,5.0000,5.1111,11.804211
11.806992,2,0x03,0.0000,0.0556,11.805205
11.806992,3,0x04,0.0000,0.0556,11.757186
11.808081,0,0x01,0.0000,0.0556,11.806204
11.808081,1,0x02,5.0000,5.1111,11.807182
11.808081,2,0x03,0.0000,0.0556,11.805205
11.808081,3,0x04,0.0000,0.0556,11.757186
11.809173,0,0x01,0.0000,0.0556,11.806204
11.809173,1,0x02,5.0000,5.1111,11.807182
11.809173,2,0x03,0.0000,0.1111,11.808194
11.809173,3,0x04,0.0000,0.0000,11.809215
11.816922,0,0x01,0.0000,0.0556,11.806204
11.816922,1,0x02,5.0000,5.1111,11.807182
11.816922,2,0x03,0.0000,0.1111,11.808194
11.816922,3,0x04,0.0000,0.0000,11.809215
11.818026,0,0x01,0.0000,0.0556,11.806204
11.818026,1,0x02,5.0000,5.1111,11.807182
11.818026,2,0x03,0.0000,0.1111,11.808194
11.818026,3,0x04,0.0000,0.0000,11.809215
11.819121,0,0x01,0.0000,0.1111,11.823236
11.819121,1,0x02,5.0000,5.0556,11.821256
11.819121,2,0x03,0.0000,0.1111,11.824262
11.819121,3,0x04,0.0000,0.0000,11.809215
11.826154,0,0x01,0.0000,0.1111,11.823236
11.826154,1,0x02,5.0000,5.0556,11.821256
11.826154,2,0x03,0.0000,0.1111,11.824262
11.826154,3,0x04,0.0000,0.0000,11.809215
11.827247,0,0x01,0.0000,0.1111,11.823236
11.827247,1,0x02,5.0000,5.0556,11.821256
11.827247,2,0x03,0.0000,0.1111,11.824262
11.827247,3,0x04,0.0000,0.0000,11.809215
11.828316,0,0x01,0.0000,0.1111,11.823236
11.828316,1,0x02,5.0000,5.0556,11.821256
11.828316,2,0x03,0.0000,0.1111,11.824262
11.828316,3,0x04,0.0000,0.0556,11.827296
11.829407,0,0x01,0.0000,0.1111,11.830298
11.829407,1,0x02,5.0000,5.1111,11.833320
11.829407,2,0x03,0.0000,0.0556,11.835262
11.829407,3,0x04,0.0000,0.0556,11.827296
11.837113,0,0x01,0.0000,0.1111,11.830298
11.837113,1,0x02,5.0000,5.1111,11.833320
11.837113,2,0x03,0.0000,0.0556,11.835262
11.837113,3,0x04,0.0000,0.0556,11.827296
11.838211,0,0x01,0.0000,0.1111,11.830298
11.838211,1,0x02,5.0000,5.1111,11.833320
11.838211,2,0x03,0.0000,0.0556,11.835262
11.838211,3,0x04,0.0000,0.0556,11.827296
11.839363,0,0x01,0.0000,0.0556,11.841264
11.839363,1,0x02,5.0000,5.1111,11.844245
11.839363,2,0x03,0.0000,0.0556,11.835262
11.839363,3,0x04,0.0000,0.0556,11.839274
11.846898,0,0x01,0.0000,0.0556,11.841264
11.846898,1,0x02,5.0000,5.1111,11.844245
11.846898,2,0x03,0.0000,0.0556,11.835262
11.846898,3,0x04,0.0000,0.0556,11.839274
11.847973,0,0x01,0.0000,0.0556,11.841264
11.847973,1,0x02,5.0000,5.1111,11.844245
11.847973,2,0x03,0.0000,0.1111,11.847210
11.847973,3,0x04,0.0000,0.0556,11.839274
11.849077,0,0x01,0.0000,0.1111,11.853221
11.849077,1,0x02,5.0000,5.1111,11.844245
11.849077,2,0x03,0.0000,0.1111,11.847210
11.849077,3,0x04,0.0000,0.0556,11.850221
11.855902,0,0x01,0.0000,0.1111,11.853221
11.855902,1,0x02,5.0000,5.1111,11.844245
11.855902,2,0x03,0.0000,0.1111,11.847210
11.855902,3,0x04,0.0000,0.0556,11.850221
11.856973,0,0x01,0.0000,0.1111,11.853221
11.856973,1,0x02,5.0000,5.1111,11.844245
11.856973,2,0x03,0.0000,0.1111,11.847210
11.856973,3,0x04,0.0000,0.0556,11.850221
11.858049,0,0x01,0.0000,0.1111,11.853221
11.858049,1,0x02,5.0000,5.1111,11.844245
11.858049,2,0x03,0.0000,0.1111,11.847210
11.858049,3,0x04,0.0000,0.0556,11.850221
11.859146,0,0x01,0.0000,0.1111,11.853221
11.859146,1,0x02,5.0000,5.1111,11.844245
11.859146,2,0x03,0.0000,0.1111,11.847210
11.859146,3,0x04,0.0000,0.0556,11.850221
11.866832,0,0x01,0.0000,0.1111,11.853221
11.866832,1,0x02,5.0000,5.1111,11.844245
11.866832,2,0x03,0.0000,0.1111,11.847210
11.866832,3,0x04,0.0000,0.0556,11.850221
11.867914,0,0x01,0.0000,0.1111,11.853221
11.867914,1,0x02,5.0000,5.1111,11.844245
11.867914,2,0x03,0.0000,0.1111,11.847210
11.867914,3,0x04,0.0000,0.0556,11.850221
11.869055,0,0x01,0.0000,0.1111,11.853221
11.869055,1,0x02,5.0000,5.1111,11.844245
11.869055,2,0x03,0.0000,0.1111,11.847210
11.869055,3,0x04,0.0000,0.0556,11.850221
11.875837,0,0x01,0.0000,0.1111,11.853221
11.875837,1,0x02,5.0000,5.1111,11.844245
11.875837,2,0x03,0.0000,0.1111,11.847210
11.875837,3,0x04,0.0000,0.0556,11.850221
11.876912,0,0x01,0.0000,0.1111,11.853221
11.876912,1,0x02,5.0000,5.1111,11.844245
11.876912,2,0x03,0.0000,0.1111,11.847210
11.876912,3,0x04,0.0000,0.0556,11.850221
11.878002,0,0x01,0.0000,0.1111,11.853221
11.878002,1,0x02,5.0000,5.1111,11.844245
11.878002,2,0x03,0.0000,0.1111,11.847210
11.878002,3,0x04,0.0000,0.0556,11.850221
11.879071,0,0x01,0.0000,0.1111,11.853221
11.879071,1,0x02,5.0000,5.1111,11.844245
11.879071,2,0x03,0.0000,0.1111,11.847210
11.879071,3,0x04,0.0000,0.0556,11.850221
11.886870,0,0x01,0.0000,0.1111,11.853221
11.886870,1,0x02,5.0000,5.1111,11.844245
11.886870,2,0x03,0.0000,0.1111,11.847210
11.886870,3,0x04,0.0000,0.0556,11.850221
11.887949,0,0x01,0.0000,0.1111,11.853221
11.887949,1,0x02,5.0000,5.1111,11.844245
11.887949,2,0x03,0.0000,0.1111,11.847210
11.887949,3,0x04,0.0000,0.0556,11.850221
11.889049,0,0x01,0.0000,0.1111,11.894217
11.889049,1,0x02,5.0000,5.1111,11.844245
11.889049,2,0x03,0.0000,0.1111,11.892246
11.889049,3,0x04,0.0000,0.0556,11.850221
11.895902,0,0x01,0.0000,0.1111,11.894217
11.895902,1,0x02,5.0000,5.1111,11.844245
11.895902,2,0x03,0.0000,0.1111,11.895217
11.895902,3,0x04,0.0000,0.0556,11.850221
11.896993,0,0x01,0.0000,0.1111,11.894217
11.896993,1,0x02,5.0000,5.1111,11.844245
11.896993,2,0x03,0.0000,0.1111,11.895217
11.896993,3,0x04,0.0000,0.0556,11.896194
11.898089,0,0x01,0.0000,0.1111,11.897197
11.898089,1,0x02,5.0000,5.1111,11.844245
11.898089,2,0x03,0.0000,0.1111,11.895217
11.898089,3,0x04,0.0000,0.0556,11.896194
11.899188,0,0x01,0.0000,0.0556,11.903215
11.899188,1,0x02,5.0000,5.1111,11.901219
11.899188,2,0x03,0.0000,0.1111,11.902215
11.899188,3,0x04,0.0000,0.0556,11.899260
11.906975,0,0x01,0.0000,0.0556,11.903215
11.906975,1,0x02,5.0000,5.1111,11.901219
11.906975,2,0x03,0.0000,0.1111,11.902215
11.906975,3,0x04,0.0000,0.0556,11.899260
11.908073,0,0x01,0.0000,0.0556,11.903215
11.908073,1,0x02,5.0000,5.1111,11.901219
11.908073,2,0x03,0.0000,0.1111,11.902215
11.908073,3,0x04,0.0000,0.0556,11.899260
11.909152,0,0x01,0.0000,0.0556,11.903215
11.909152,1,0x02,5.0000,5.1111,11.901219
11.909152,2,0x03,0.0000,0.1111,11.902215
11.909152,3,0x04,0.0000,0.0556,11.899260
11.915846,0,0x01,0.0000,0.0556,11.903215
11.915846,1,0x02,5.0000,5.1111,11.901219
11.915846,2,0x03,0.0000,0.1111,11.902215
11.915846,3,0x04,0.0000,0.0556,11.899260
11.916918,0,0x01,0.0000,0.0556,11.903215
11.916918,1,0x02,5.0000,5.1111,11.901219
11.916918,2,0x03,0.0000,0.1111,11.902215
11.916918,3,0x04,0.0000,0.0556,11.899260
11.918007,0,0x01,0.0000,0.0556,11.903215
11.918007,1,0x02,5.0000,5.1111,11.901219
11.918007,2,0x03,0.0000,0.1111,11.902215
11.918007,3,0x04,0.0000,0.0556,11.899260
11.919131,0,0x01,0.0000,0.0556,11.903215
11.919131,1,0x02,5.0000,5.1111,11.901219
11.919131,2,0x03,0.0000,0.1111,11.902215
11.919131,3,0x04,0.0000,0.0556,11.899260
11.926833,0,0x01,0.0000,0.0556,11.903215
11.926833,1,0x02,5.0000,5.1111,11.901219
11.926833,2,0x03,0.0000,0.1111,11.902215
11.926833,3,0x04,0.0000,0.0556,11.899260
11.927902,0,0x01,0.0000,0.0556,11.903215
11.927902,1,0x02,5.0000,5.1111,11.901219
11.927902,2,0x03,0.0000,0.1111,11.902215
11.927902,3,0x04,0.0000,0.0556,11.899260
11.928975,0,0x01,0.0000,0.0556,11.903215
11.928975,1,0x02,5.0000,5.1111,11.901219
11.928975,2,0x03,0.0000,0.1111,11.902215
11.928975,3,0x04,0.0000,0.0556,11.899260
11.936872,0,0x01,0.0000,0.0556,11.903215
11.936872,1,0x02,5.0000,5.1111,11.901219
11.936872,2,0x03,0.0000,0.1111,11.902215
11.936872,3,0x04,0.0000,0.0556,11.899260
11.937947,0,0x01,0.0000,0.0556,11.903215
11.937947,1,0x02,5.0000,5.1111,11.901219
11.937947,2,0x03,0.0000,0.1111,11.902215
11.937947,3,0x04,0.0000,0.0556,11.899260
11.939017,0,0x01,0.0000,0.0556,11.903215
11.939017,1,0x02,5.0000,5.1111,11.943223
11.939017,2,0x03,0.0000,0.1111,11.940219
11.939017,3,0x04,0.0000,0.0556,11.944221
11.945952,0,0x01,0.0000,0.0556,11.945216
11.945952,1,0x02,5.0000,5.1111,11.943223
11.945952,2,0x03,0.0000,0.1111,11.940219
11.945952,3,0x04,0.0000,0.0556,11.944221
11.947056,0,0x01,0.0000,0.0556,11.945216
11.947056,1,0x02,5.0000,5.1111,11.946203
11.947056,2,0x03,0.0000,0.1111,11.940219
11.947056,3,0x04,0.0000,0.0556,11.944221
11.948195,0,0x01,0.0000,0.0556,11.945216
11.948195,1,0x02,5.0000,5.1111,11.946203
11.948195,2,0x03,0.0000,0.1111,11.947200
11.948195,3,0x04,0.0000,0.0556,11.944221
11.949287,0,0x01,0.0000,0.1111,11.951229
11.949287,1,0x02,5.0000,5.1111,11.952218
11.949287,2,0x03,0.0000,0.1111,11.950223
11.949287,3,0x04,0.0000,0.0556,11.944221
11.956985,0,0x01,0.0000,0.1111,11.951229
11.956985,1,0x02,5.0000,5.1111,11.952218
11.956985,2,0x03,0.0000,0.1111,11.950223
11.956985,3,0x04,0.0000,0.0556,11.944221
11.958069,0,0x01,0.0000,0.1111,11.951229
11.958069,1,0x02,5.0000,5.1111,11.952218
11.958069,2,0x03,0.0000,0.1111,11.950223
11.958069,3,0x04,0.0000,0.0556,11.944221
11.959145,0,0x01,0.0000,0.1111,11.951229
11.959145,1,0x02,5.0000,5.1111,11.952218
11.959145,2,0x03,0.0000,0.1111,11.950223
11.959145,3,0x04,0.0000,0.0556,11.944221
11.965965,0,0x01,0.0000,0.1111,11.951229
11.965965,1,0x02,5.0000,5.1111,11.952218
11.965965,2,0x03,0.0000,0.1111,11.950223
11.965965,3,0x04,0.0000,0.0556,11.944221
11.967039,0,0x01,0.0000,0.1111,11.951229
11.967039,1,0x02,5.0000,5.1111,11.952218
11.967039,2,0x03,0.0000,0.1111,11.950223
11.967039,3,0x04,0.0000,0.0556,11.944221
11.968129,0,0x01,0.0000,0.1111,11.951229
11.968129,1,0x02,5.0000,5.1111,11.952218
11.968129,2,0x03,0.0000,0.1111,11.950223
11.968129,3,0x04,0.0000,0.0556,11.944221
11.969262,0,0x01,0.0000,0.1111,11.951229
11.969262,1,0x02,5.0000,5.1111,11.952218
11.969262,2,0x03,0.0000,0.1111,11.950223
11.969262,3,0x04,0.0000,0.0556,11.944221
11.976855,0,0x01,0.0000,0.1111,11.951229
11.976855,1,0x02,5.0000,5.1111,11.952218
11.976855,2,0x03,0.0000,0.1111,11.950223
11.976855,3,0x04,0.0000,0.0556,11.944221
11.977928,0,0x01,0.0000,0.1111,11.951229
11.977928,1,0x02,5.0000,5.1111,11.952218
11.977928,2,0x03,0.0000,0.1111,11.950223
11.977928,3,0x04,0.0000,0.0556,11.944221
11.979026,0,0x01,0.0000,0.1111,11.951229
11.979026,1,0x02,5.0000,5.1111,11.952218
11.979026,2,0x03,0.0000,0.1111,11.950223
11.979026,3,0x04,0.0000,0.0556,11.944221
11.985865,0,0x01,0.0000,0.1111,11.951229
11.985865,1,0x02,5.0000,5.1111,11.952218
11.985865,2,0x03,0.0000,0.1111,11.950223
11.985865,3,0x04,0.0000,0.0556,11.944221
11.986951,0,0x01,0.0000,0.1111,11.951229
11.986951,1,0x02,5.0000,5.1111,11.952218
11.986951,2,0x03,0.0000,0.1111,11.950223
11.986951,3,0x04,0.0000,0.0556,11.944221
11.988049,0,0x01,0.0000,0.1111,11.951229
11.988049,1,0x02,5.0000,5.1111,11.952218
11.988049,2,0x03,0.0000,0.1111,11.950223
11.988049,3,0x04,0.0000,0.0556,11.944221
11.989145,0,0x01,0.0000,0.1111,11.951229
11.989145,1,0x02,5.0000,5.1111,11.952218
11.989145,2,0x03,0.0000,0.1111,11.950223
11.989145,3,0x04,0.0000,0.0556,11.944221
11.996801,0,0x01,0.0000,0.1111,11.951229
11.996801,1,0x02,5.0000,5.1111,11.952218
11.996801,2,0x03,0.0000,0.1111,11.950223
11.996801,3,0x04,0.0000,0.0556,11.944221
11.997892,0,0x01,0.0000,0.1111,11.951229
11.997892,1,0x02,5.0000,5.1111,11.952218
11.997892,2,0x03,0.0000,0.1111,11.950223
11.997892,3,0x04,0.0000,0.0556,11.944221
11.998992,0,0x01,0.0000,0.0556,12.003226
11.998992,1,0x02,5.0000,5.1111,12.000238
11.998992,2,0x03,0.0000,0.1111,12.004233
11.998992,3,0x04,0.0000,0.0556,12.002232
12.006028,0,0x01,0.0000,0.0556,12.003226
12.006028,1,0x02,5.0000,5.1111,12.000238
12.006028,2,0x03,0.0000,0.1111,12.004233
12.006028,3,0x04,0.0000,0.0556,12.005225
12.007139,0,0x01,0.0000,0.0556,12.006206
12.007139,1,0x02,5.0000,5.1111,12.000238
12.007139,2,0x03,0.0000,0.1111,12.004233
12.007139,3,0x04,0.0000,0.0556,12.005225
12.008284,0,0x01,0.0000,0.0556,12.006206
12.008284,1,0x02,5.0000,5.1111,12.000238
12.008284,2,0x03,0.0000,0.0556,12.007213
12.008284,3,0x04,0.0000,0.0556,12.008231
12.009397,0,0x01,0.0000,0.0556,12.006206
12.009397,1,0x02,5.0000,5.0556,12.013227
12.009397,2,0x03,0.0000,0.1111,12.014226
12.009397,3,0x04,0.0000,0.0556,12.011230
12.016941,0,0x01,0.0000,0.0556,12.006206
12.016941,1,0x02,5.0000,5.0556,12.013227
12.016941,2,0x03,0.0000,0.1111,12.014226
12.016941,3,0x04,0.0000,0.0556,12.011230
12.018024,0,0x01,0.0000,0.0556,12.006206
12.018024,1,0x02,5.0000,5.0556,12.013227
12.018024,2,0x03,0.0000,0.1111,12.014226
12.018024,3,0x04,0.0000,0.0556,12.011230
12.019130,0,0x01,0.0000,0.0556,12.006206
12.019130,1,0x02,5.0000,5.0556,12.013227
12.019130,2,0x03,0.0000,0.1111,12.014226
12.019130,3,0x04,0.0000,0.0556,12.011230
12.025867,0,0x01,0.0000,0.0556,12.006206
12.025867,1,0x02,5.0000,5.0556,12.013227
12.025867,2,0x03,0.0000,0.1111,12.014226
12.025867,3,0x04,0.0000,0.0556,12.011230
12.026964,0,0x01,0.0000,0.0556,12.006206
12.026964,1,0x02,5.0000,5.0556,12.013227
12.026964,2,0x03,0.0000,0.1111,12.014226
12.026964,3,0x04,0.0000,0.0556,12.011230
12.028059,0,0x01,0.0000,0.0556,12.006206
12.028059,1,0x02,5.0000,5.0556,12.013227
12.028059,2,0x03,0.0000,0.1111,12.014226
12.028059,3,0x04,0.0000,0.0556,12.011230
12.029155,0,0x01,0.0000,0.0556,12.006206
12.029155,1,0x02,5.0000,5.0556,12.013227
12.029155,2,0x03,0.0000,0.1111,12.014226
12.029155,3,0x04,0.0000,0.0556,12.011230
12.036862,0,0x01,0.0000,0.0556,12.006206
12.036862,1,0x02,5.0000,5.0556,12.013227
12.036862,2,0x03,0.0000,0.1111,12.014226
12.036862,3,0x04,0.0000,0.0556,12.011230
12.037932,0,0x01,0.0000,0.0556,12.006206
12.037932,1,0x02,5.0000,5.0556,12.013227
12.037932,2,0x03,0.0000,0.1111,12.014226
12.037932,3,0x04,0.0000,0.0556,12.011230
12.039032,0,0x01,0.0000,0.0556,12.006206
12.039032,1,0x02,5.0000,5.0556,12.013227
12.039032,2,0x03,0.0000,0.1111,12.014226
12.039032,3,0x04,0.0000,0.0556,12.011230
12.045939,0,0x01,0.0000,0.0556,12.006206
12.045939,1,0x02,5.0000,5.0556,12.013227
12.045939,2,0x03,0.0000,0.1111,12.014226
12.045939,3,0x04,0.0000,0.0556,12.011230
12.047014,0,0x01,0.0000,0.0556,12.006206
12.047014,1,0x02,5.0000,5.0556,12.013227
12.047014,2,0x03,0.0000,0.1111,12.014226
12.047014,3,0x04,0.0000,0.0556,12.011230
12.048111,0,0x01,0.0000,0.0556,12.006206
12.048111,1,0x02,5.0000,5.0556,12.013227
12.048111,2,0x03,0.0000,0.1111,12.014226
12.048111,3,0x04,0.0000,0.0556,12.011230
12.049194,0,0x01,0.0000,0.0556,12.053269
12.049194,1,0x02,5.0000,5.0556,12.054244
12.049194,2,0x03,0.0000,0.1111,12.055239
12.049194,3,0x04,0.0000,0.0556,12.052286
12.057004,0,0x01,0.0000,0.0556,12.056237
12.057004,1,0x02,5.0000,5.0556,12.054244
12.057004,2,0x03,0.0000,0.1111,12.055239
12.057004,3,0x04,0.0000,0.0556,12.052286
12.058095,0,0x01,0.0000,0.0556,12.056237
12.058095,1,0x02,5.0000,5.1111,12.057217
12.058095,2,0x03,0.0000,0.1111,12.055239
12.058095,3,0x04,0.0000,0.0556,12.052286
12.059184,0,0x01,0.0000,0.0556,12.060239
12.059184,1,0x02,5.0000,5.1111,12.057217
12.059184,2,0x03,0.0000,0.1111,12.061239
12.059184,3,0x04,0.0000,0.0556,12.062244
12.065960,0,0x01,0.0000,0.0556,12.060239
12.065960,1,0x02,5.0000,5.1111,12.057217
12.065960,2,0x03,0.0000,0.1111,12.061239
12.065960,3,0x04,0.0000,0.0556,12.062244
12.067466,0,0x01,0.0000,0.0556,12.060239
12.067466,1,0x02,5.0000,5.1111,12.057217
12.067466,2,0x03,0.0000,0.1111,12.061239
12.067466,3,0x04,0.0000,0.0556,12.062244
12.068572,0,0x01,0.0000,0.0556,12.060239
12.068572,1,0x02,5.0000,5.1111,12.057217
12.068572,2,0x03,0.0000,0.1111,12.061239
12.068572,3,0x04,0.0000,0.0556,12.062244
12.069669,0,0x01,0.0000,0.0556,12.060239
12.069669,1,0x02,5.0000,5.1111,12.057217
12.069669,2,0x03,0.0000,0.1111,12.061239
12.069669,3,0x04,0.0000,0.0556,12.062244
12.076831,0,0x01,0.0000,0.0556,12.060239
12.076831,1,0x02,5.0000,5.1111,12.057217
12.076831,2,0x03,0.0000,0.1111,12.061239
12.076831,3,0x04,0.0000,0.0556,12.062244
12.077904,0,0x01,0.0000,0.0556,12.060239
12.077904,1,0x02,5.0000,5.1111,12.057217
12.077904,2,0x03,0.0000,0.1111,12.061239
12.077904,3,0x04,0.0000,0.0556,12.062244
12.079000,0,0x01,0.0000,0.0556,12.060239
12.079000,1,0x02,5.0000,5.1111,12.057217
12.079000,2,0x03,0.0000,0.1111,12.061239
12.079000,3,0x04,0.0000,0.0556,12.062244
12.085880,0,0x01,0.0000,0.0556,12.060239
12.085880,1,0x02,5.0000,5.1111,12.057217
12.085880,2,0x03,0.0000,0.1111,12.061239
12.085880,3,0x04,0.0000,0.0556,12.062244
12.086982,0,0x01,0.0000,0.0556,12.060239
12.086982,1,0x02,5.0000,5.1111,12.057217
12.086982,2,0x03,0.0000,0.1111,12.061239
12.086982,3,0x04,0.0000,0.0556,12.062244
12.088060,0,0x01,0.0000,0.0556,12.060239
12.088060,1,0x02,5.0000,5.1111,12.057217
12.088060,2,0x03,0.0000,0.1111,12.061239
12.088060,3,0x04,0.0000,0.0556,12.062244
12.089132,0,0x01,0.0000,0.0556,12.060239
12.089132,1,0x02,5.0000,5.1111,12.057217
12.089132,2,0x03,0.0000,0.1111,12.061239
12.089132,3,0x04,0.0000,0.0556,12.062244
12.096873,0,0x01,0.0000,0.0556,12.060239
12.096873,1,0x02,5.0000,5.1111,12.057217
12.096873,2,0x03,0.0000,0.1111,12.061239
12.096873,3,0x04,0.0000,0.0556,12.062244
12.097983,0,0x01,0.0000,0.0556,12.060239
12.097983,1,0x02,5.0000,5.1111,12.057217
12.097983,2,0x03,0.0000,0.1111,12.061239
12.097983,3,0x04,0.0000,0.0556,12.062244
12.099083,0,0x01,0.0000,0.1111,12.103248
12.099083,1,0x02,5.0000,5.0556,12.104251
12.099083,2,0x03,0.0000,0.0556,12.102269
12.099083,3,0x04,0.0000,0.0556,12.062244
12.105970,0,0x01,0.0000,0.1111,12.103248
12.105970,1,0x02,5.0000,5.0556,12.104251
12.105970,2,0x03,0.0000,0.1111,12.105248
12.105970,3,0x04,0.0000,0.0556,12.062244
12.107079,0,0x01,0.0000,0.0556,12.106230
12.107079,1,0x02,5.0000,5.0556,12.104251
12.107079,2,0x03,0.0000,0.1111,12.105248
12.107079,3,0x04,0.0000,0.0556,12.062244
12.108169,0,0x01,0.0000,0.0556,12.106230
12.108169,1,0x02,5.0000,5.0556,12.104251
12.108169,2,0x03,0.0000,0.1111,12.105248
12.108169,3,0x04,0.0000,0.0556,12.062244
12.109290,0,0x01,0.0000,0.0556,12.110232
12.109290,1,0x02,5.0000,5.1111,12.108231
12.109290,2,0x03,0.0000,0.1111,12.105248
12.109290,3,0x04,0.0000,0.0556,12.109233
12.117969,0,0x01,0.0000,0.0556,12.110232
12.117969,1,0x02,5.0000,5.1111,12.108231
12.117969,2,0x03,0.0000,0.1111,12.105248
12.117969,3,0x04,0.0000,0.0556,12.109233
12.119085,0,0x01,0.0000,0.1111,12.123258
12.119085,1,0x02,5.0000,5.1111,12.108231
12.119085,2,0x03,0.0000,0.1111,12.105248
12.119085,3,0x04,0.0000,0.0556,12.122282
12.126908,0,0x01,0.0000,0.1111,12.123258
12.126908,1,0x02,5.0000,5.1111,12.108231
12.126908,2,0x03,0.0000,0.1111,12.105248
12.126908,3,0x04,0.0000,0.0556,12.122282
12.128000,0,0x01,0.0000,0.1111,12.123258
12.128000,1,0x02,5.0000,5.1111,12.108231
12.128000,2,0x03,0.0000,0.1111,12.105248
12.128000,3,0x04,0.0000,0.0556,12.122282
12.129073,0,0x01,0.0000,0.1111,12.123258
12.129073,1,0x02,5.0000,5.1111,12.108231
12.129073,2,0x03,0.0000,0.1111,12.105248
12.129073,3,0x04,0.0000,0.0556,12.122282
12.135903,0,0x01,0.0000,0.1111,12.123258
12.135903,1,0x02,5.0000,5.1111,12.108231
12.135903,2,0x03,0.0000,0.1111,12.105248
12.135903,3,0x04,0.0000,0.0556,12.122282
12.137002,0,0x01,0.0000,0.1111,12.123258
12.137002,1,0x02,5.0000,5.1111,12.108231
12.137002,2,0x03,0.0000,0.1111,12.105248
12.137002,3,0x04,0.0000,0.0556,12.122282
12.138098,0,0x01,0.0000,0.1111,12.123258
12.138098,1,0x02,5.0000,5.1111,12.108231
12.138098,2,0x03,0.0000,0.1111,12.105248
12.138098,3,0x04,0.0000,0.0556,12.122282
12.139195,0,0x01,0.0000,0.1111,12.123258
12.139195,1,0x02,5.0000,5.1111,12.108231
12.139195,2,0x03,0.0000,0.1111,12.105248
12.139195,3,0x04,0.0000,0.0556,12.122282
12.146846,0,0x01,0.0000,0.1111,12.123258
12.146846,1,0x02,5.0000,5.1111,12.108231
12.146846,2,0x03,0.0000,0.1111,12.105248
12.146846,3,0x04,0.0000,0.0556,12.122282
12.147946,0,0x01,0.0000,0.1111,12.123258
12.147946,1,0x02,5.0000,5.1111,12.108231
12.147946,2,0x03,0.0000,0.1111,12.105248
12.147946,3,0x04,0.0000,0.0556,12.122282
12.149056,0,0x01,0.0000,0.1111,12.123258
12.149056,1,0x02,5.0000,5.1111,12.108231
12.149056,2,0x03,0.0000,0.1111,12.105248
12.149056,3,0x04,0.0000,0.0556,12.122282
12.156914,0,0x01,0.0000,0.1111,12.123258
12.156914,1,0x02,5.0000,5.1111,12.108231
12.156914,2,0x03,0.0000,0.1111,12.105248
12.156914,3,0x04,0.0000,0.0556,12.122282
12.158044,0,0x01,0.0000,0.1111,12.123258
12.158044,1,0x02,5.0000,5.1111,12.108231
12.158044,2,0x03,0.0000,0.1111,12.105248
12.158044,3,0x04,0.0000,0.0556,12.122282
12.159162,0,0x01,0.0000,0.0556,12.161265
12.159162,1,0x02,5.0000,5.1111,12.165280
12.159162,2,0x03,0.0000,0.1111,12.163266
12.159162,3,0x04,0.0000,0.0556,12.164280
12.167008,0,0x01,0.0000,0.0556,12.161265
12.167008,1,0x02,5.0000,5.1111,12.165280
12.167008,2,0x03,0.0000,0.1111,12.166262
12.167008,3,0x04,0.0000,0.0556,12.164280
12.168137,0,0x01,0.0000,0.0556,12.161265
12.168137,1,0x02,5.0000,5.1111,12.165280
12.168137,2,0x03,0.0000,0.1111,12.166262
12.168137,3,0x04,0.0000,0.0556,12.167254
12.169323,0,0x01,0.0000,0.0556,12.171291
12.169323,1,0x02,5.0000,5.1111,12.169246
12.169323,2,0x03,0.0000,0.1111,12.166262
12.169323,3,0x04,0.0000,0.0556,12.170262
12.176002,0,0x01,0.0000,0.0556,12.171291
12.176002,1,0x02,5.0000,5.1111,12.169246
12.176002,2,0x03,0.0000,0.1111,12.166262
12.176002,3,0x04,0.0000,0.0556,12.170262
12.177095,0,0x01,0.0000,0.0556,12.171291
12.177095,1,0x02,5.0000,5.1111,12.169246
12.177095,2,0x03,0.0000,0.1111,12.166262
12.177095,3,0x04,0.0000,0.0556,12.170262
12.178167,0,0x01,0.0000,0.0556,12.171291
12.178167,1,0x02,5.0000,5.1111,12.169246
12.178167,2,0x03,0.0000,0.1111,12.166262
12.178167,3,0x04,0.0000,0.0556,12.170262
12.179270,0,0x01,0.0000,0.0556,12.171291
12.179270,1,0x02,5.0000,5.1111,12.169246
12.179270,2,0x03,0.0000,0.1111,12.166262
12.179270,3,0x04,0.0000,0.0556,12.170262
12.186906,0,0x01,0.0000,0.0556,12.171291
12.186906,1,0x02,5.0000,5.1111,12.169246
12.186906,2,0x03,0.0000,0.1111,12.166262
12.186906,3,0x04,0.0000,0.0556,12.170262
12.187980,0,0x01,0.0000,0.0556,12.171291
12.187980,1,0x02,5.0000,5.1111,12.169246
12.187980,2,0x03,0.0000,0.1111,12.166262
12.187980,3,0x04,0.0000,0.0556,12.170262
12.189091,0,0x01,0.0000,0.0556,12.171291
12.189091,1,0x02,5.0000,5.1111,12.169246
12.189091,2,0x03,0.0000,0.1111,12.166262
12.189091,3,0x04,0.0000,0.0556,12.170262
12.196884,0,0x01,0.0000,0.0556,12.171291
12.196884,1,0x02,5.0000,5.1111,12.169246
12.196884,2,0x03,0.0000,0.1111,12.166262
12.196884,3,0x04,0.0000,0.0556,12.170262
12.197987,0,0x01,0.0000,0.0556,12.171291
12.197987,1,0x02,5.0000,5.1111,12.169246
12.197987,2,0x03,0.0000,0.1111,12.166262
12.197987,3,0x04,0.0000,0.0556,12.170262
12.199080,0,0x01,0.0000,0.0556,12.171291
12.199080,1,0x02,5.0000,5.1111,12.169246
12.199080,2,0x03,0.0000,0.1111,12.166262
12.199080,3,0x04,0.0000,0.0556,12.170262
12.205920,0,0x01,0.0000,0.0556,12.171291
12.205920,1,0x02,5.0000,5.1111,12.169246
12.205920,2,0x03,0.0000,0.1111,12.166262
12.205920,3,0x04,0.0000,0.0556,12.170262
12.207016,0,0x01,0.0000,0.0556,12.171291
12.207016,1,0x02,5.0000,5.1111,12.169246
12.207016,2,0x03,0.0000,0.1111,12.166262
12.207016,3,0x04,0.0000,0.0556,12.170262
12.208114,0,0x01,0.0000,0.0556,12.171291
12.208114,1,0x02,5.0000,5.1111,12.207270
12.208114,2,0x03,0.0000,0.1111,12.166262
12.208114,3,0x04,0.0000,0.0556,12.170262
12.209245,0,0x01,0.0000,0.1111,12.215278
12.209245,1,0x02,5.0000,5.1111,12.213270
12.209245,2,0x03,0.0000,0.1111,12.214428
12.209245,3,0x04,0.0000,0.0556,12.212274
12.217064,0,0x01,0.0000,0.1111,12.215278
12.217064,1,0x02,5.0000,5.1111,12.216286
12.217064,2,0x03,0.0000,0.1111,12.214428
12.217064,3,0x04,0.0000,0.0556,12.212274
12.218223,0,0x01,0.0000,0.1111,12.215278
12.218223,1,0x02,5.0000,5.1111,12.216286
12.218223,2,0x03,0.0000,0.1111,12.217354
12.218223,3,0x04,0.0000,0.0556,12.212274
12.219478,0,0x01,0.0000,0.0556,12.219337
12.219478,1,0x02,5.0000,5.1111,12.216286
12.219478,2,0x03,0.0000,0.1111,12.217354
12.219478,3,0x04,0.0000,0.0556,12.218416
12.231041,0,0x01,0.0000,0.0556,12.232283
12.231041,1,0x02,5.0000,5.0556,12.233288
12.231041,2,0x03,0.0000,0.0556,12.234282
12.231041,3,0x04,0.0000,0.0556,12.235286
12.237019,0,0x01,0.0000,0.0556,12.232283
12.237019,1,0x02,5.0000,5.0556,12.233288
12.237019,2,0x03,0.0000,0.0556,12.234282
12.237019,3,0x04,0.0000,0.0556,12.235286
12.238120,0,0x01,0.0000,0.0556,12.232283
12.238120,1,0x02,5.0000,5.0556,12.233288
12.238120,2,0x03,0.0000,0.0556,12.234282
12.238120,3,0x04,0.0000,0.0556,12.235286
12.239195,0,0x01,0.0000,0.1111,12.238265
12.239195,1,0x02,5.0000,5.1111,12.241279
12.239195,2,0x03,0.0000,0.1111,12.243281
12.239195,3,0x04,0.0000,0.0556,12.235286
12.245971,0,0x01,0.0000,0.1111,12.238265
12.245971,1,0x02,5.0000,5.1111,12.241279
12.245971,2,0x03,0.0000,0.1111,12.243281
12.245971,3,0x04,0.0000,0.0556,12.235286
12.247044,0,0x01,0.0000,0.1111,12.238265
12.247044,1,0x02,5.0000,5.1111,12.241279
12.247044,2,0x03,0.0000,0.1111,12.243281
12.247044,3,0x04,0.0000,0.0556,12.235286
12.248116,0,0x01,0.0000,0.1111,12.238265
12.248116,1,0x02,5.0000,5.1111,12.241279
12.248116,2,0x03,0.0000,0.1111,12.243281
12.248116,3,0x04,0.0000,0.0556,12.247260
12.249218,0,0x01,0.0000,0.0556,12.250292
12.249218,1,0x02,5.0000,5.0556,12.252284
12.249218,2,0x03,0.0000,0.1111,12.243281
12.249218,3,0x04,0.0000,0.0556,12.247260
12.257009,0,0x01,0.0000,0.0556,12.250292
12.257009,1,0x02,5.0000,5.0556,12.252284
12.257009,2,0x03,0.0000,0.1111,12.256280
12.257009,3,0x04,0.0000,0.0556,12.247260
12.258129,0,0x01,0.0000,0.0556,12.250292
12.258129,1,0x02,5.0000,5.0556,12.252284
12.258129,2,0x03,0.0000,0.1111,12.256280
12.258129,3,0x04,0.0000,0.0556,12.247260
12.259206,0,0x01,0.0000,0.1111,12.260279
12.259206,1,0x02,5.0000,5.1667,12.264293
12.259206,2,0x03,0.0000,0.1111,12.256280
12.259206,3,0x04,0.0000,0.0556,12.258267
12.265985,0,0x01,0.0000,0.1111,12.260279
12.265985,1,0x02,5.0000,5.1667,12.264293
12.265985,2,0x03,0.0000,0.1111,12.256280
12.265985,3,0x04,0.0000,0.0556,12.258267
12.267504,0,0x01,0.0000,0.1111,12.260279
12.267504,1,0x02,5.0000,5.1667,12.264293
12.267504,2,0x03,0.0000,0.1111,12.256280
12.267504,3,0x04,0.0000,0.0556,12.258267
12.268608,0,0x01,0.0000,0.1111,12.260279
12.268608,1,0x02,5.0000,5.1667,12.264293
12.268608,2,0x03,0.0000,0.1111,12.256280
12.268608,3,0x04,0.0000,0.0556,12.258267
12.269719,0,0x01,0.0000,0.1111,12.260279
12.269719,1,0x02,5.0000,5.1667,12.264293
12.269719,2,0x03,0.0000,0.1111,12.256280
12.269719,3,0x04,0.0000,0.0556,12.258267
12.276908,0,0x01,0.0000,0.1111,12.260279
12.276908,1,0x02,5.0000,5.1667,12.264293
12.276908,2,0x03,0.0000,0.1111,12.256280
12.276908,3,0x04,0.0000,0.0556,12.258267
12.277982,0,0x01,0.0000,0.1111,12.260279
12.277982,1,0x02,5.0000,5.1667,12.264293
12.277982,2,0x03,0.0000,0.1111,12.256280
12.277982,3,0x04,0.0000,0.0556,12.258267
12.279078,0,0x01,0.0000,0.1111,12.260279
12.279078,1,0x02,5.0000,5.1667,12.264293
12.279078,2,0x03,0.0000,0.1111,12.256280
12.279078,3,0x04,0.0000,0.0556,12.258267
12.285926,0,0x01,0.0000,0.1111,12.260279
12.285926,1,0x02,5.0000,5.1667,12.264293
12.285926,2,0x03,0.0000,0.1111,12.256280
12.285926,3,0x04,0.0000,0.0556,12.258267
12.287038,0,0x01,0.0000,0.1111,12.260279
12.287038,1,0x02,5.0000,5.1667,12.264293
12.287038,2,0x03,0.0000,0.1111,12.256280
12.287038,3,0x04,0.0000,0.0556,12.258267
12.288138,0,0x01,0.0000,0.1111,12.260279
12.288138,1,0x02,5.0000,5.1667,12.264293
12.288138,2,0x03,0.0000,0.1111,12.256280
12.288138,3,0x04,0.0000,0.0556,12.258267
12.289248,0,0x01,0.0000,0.1111,12.260279
12.289248,1,0x02,5.0000,5.1667,12.264293
12.289248,2,0x03,0.0000,0.1111,12.256280
12.289248,3,0x04,0.0000,0.0556,12.258267
12.296881,0,0x01,0.0000,0.1111,12.260279
12.296881,1,0x02,5.0000,5.1667,12.264293
12.296881,2,0x03,0.0000,0.1111,12.256280
12.296881,3,0x04,0.0000,0.0556,12.258267
12.297954,0,0x01,0.0000,0.1111,12.260279
12.297954,1,0x02,5.0000,5.1667,12.264293
12.297954,2,0x03,0.0000,0.1111,12.256280
12.297954,3,0x04,0.0000,0.0556,12.258267
12.299028,0,0x01,0.0000,0.0556,12.303292
12.299028,1,0x02,5.0000,5.1111,12.304284
12.299028,2,0x03,0.0000,0.0556,12.301322
12.299028,3,0x04,0.0000,0.0556,12.302313
12.306014,0,0x01,0.0000,0.0556,12.303292
12.306014,1,0x02,5.0000,5.1111,12.304284
12.306014,2,0x03,0.0000,0.0556,12.301322
12.306014,3,0x04,0.0000,0.0556,12.305294
12.307143,0,0x01,0.0000,0.0556,12.306272
12.307143,1,0x02,5.0000,5.1111,12.304284
12.307143,2,0x03,0.0000,0.0556,12.301322
12.307143,3,0x04,0.0000,0.0556,12.305294
12.308253,0,0x01,0.0000,0.0556,12.306272
12.308253,1,0x02,5.0000,5.1111,12.307275
12.308253,2,0x03,0.0000,0.0556,12.301322
12.308253,3,0x04,0.0000,0.0556,12.305294
12.309359,0,0x01,0.0000,0.0556,12.312295
12.309359,1,0x02,5.0000,5.1111,12.310316
12.309359,2,0x03,0.0000,0.0556,12.301322
12.309359,3,0x04,0.0000,0.0556,12.311311
12.317035,0,0x01,0.0000,0.0556,12.312295
12.317035,1,0x02,5.0000,5.1111,12.310316
12.317035,2,0x03,0.0000,0.0556,12.301322
12.317035,3,0x04,0.0000,0.0556,12.311311
12.318130,0,0x01,0.0000,0.0556,12.312295
12.318130,1,0x02,5.0000,5.1111,12.310316
12.318130,2,0x03,0.0000,0.0556,12.301322
12.318130,3,0x04,0.0000,0.0556,12.311311
12.319218,0,0x01,0.0000,0.0556,12.312295
12.319218,1,0x02,5.0000,5.1111,12.310316
12.319218,2,0x03,0.0000,0.0556,12.301322
12.319218,3,0x04,0.0000,0.0556,12.311311
12.326939,0,0x01,0.0000,0.0556,12.312295
12.326939,1,0x02,5.0000,5.1111,12.310316
12.326939,2,0x03,0.0000,0.0556,12.301322
12.326939,3,0x04,0.0000,0.0556,12.311311
12.328036,0,0x01,0.0000,0.0556,12.312295
12.328036,1,0x02,5.0000,5.1111,12.310316
12.328036,2,0x03,0.0000,0.0556,12.301322
12.328036,3,0x04,0.0000,0.0556,12.311311
12.329132,0,0x01,0.0000,0.0556,12.312295
12.329132,1,0x02,5.0000,5.1111,12.310316
12.329132,2,0x03,0.0000,0.0556,12.301322
12.329132,3,0x04,0.0000,0.0556,12.311311
12.335952,0,0x01,0.0000,0.0556,12.312295
12.335952,1,0x02,5.0000,5.1111,12.310316
12.335952,2,0x03,0.0000,0.0556,12.301322
12.335952,3,0x04,0.0000,0.0556,12.311311
12.337067,0,0x01,0.0000,0.0556,12.312295
12.337067,1,0x02,5.0000,5.1111,12.310316
12.337067,2,0x03,0.0000,0.0556,12.301322
12.337067,3,0x04,0.0000,0.0556,12.311311
12.338163,0,0x01,0.0000,0.0556,12.312295
12.338163,1,0x02,5.0000,5.1111,12.310316
12.338163,2,0x03,0.0000,0.0556,12.301322
12.338163,3,0x04,0.0000,0.0556,12.311311
12.339269,0,0x01,0.0000,0.0556,12.312295
12.339269,1,0x02,5.0000,5.1111,12.310316
12.339269,2,0x03,0.0000,0.0556,12.301322
12.339269,3,0x04,0.0000,0.0556,12.311311
12.346929,0,0x01,0.0000,0.0556,12.312295
12.346929,1,0x02,5.0000,5.1111,12.310316
12.346929,2,0x03,0.0000,0.0556,12.301322
12.346929,3,0x04,0.0000,0.0556,12.311311
12.348044,0,0x01,0.0000,0.0556,12.312295
12.348044,1,0x02,5.0000,5.1111,12.310316
12.348044,2,0x03,0.0000,0.0556,12.301322
12.348044,3,0x04,0.0000,0.0556,12.311311
12.349143,0,0x01,0.0000,0.0556,12.312295
12.349143,1,0x02,5.0000,5.1111,12.310316
12.349143,2,0x03,0.0000,0.0556,12.301322
12.349143,3,0x04,0.0000,0.0556,12.311311
12.355936,0,0x01,0.0000,0.0556,12.312295
12.355936,1,0x02,5.0000,5.1111,12.310316
12.355936,2,0x03,0.0000,0.0556,12.301322
12.355936,3,0x04,0.0000,0.0556,12.311311
12.357019,0,0x01,0.0000,0.0556,12.312295
12.357019,1,0x02,5.0000,5.1111,12.310316
12.357019,2,0x03,0.0000,0.0556,12.301322
12.357019,3,0x04,0.0000,0.0556,12.311311
12.358115,0,0x01,0.0000,0.0556,12.312295
12.358115,1,0x02,5.0000,5.1111,12.310316
12.358115,2,0x03,0.0000,0.0556,12.301322
12.358115,3,0x04,0.0000,0.0556,12.311311
12.359215,0,0x01,0.0000,0.0556,12.363304
12.359215,1,0x02,5.0000,5.1111,12.365302
12.359215,2,0x03,0.0000,0.1111,12.362308
12.359215,3,0x04,0.0000,0.0556,12.359292
12.367093,0,0x01,0.0000,0.0556,12.363304
12.367093,1,0x02,5.0000,5.1111,12.365302
12.367093,2,0x03,0.0000,0.1111,12.366296
12.367093,3,0x04,0.0000,0.0556,12.359292
12.368230,0,0x01,0.0000,0.0556,12.367289
12.368230,1,0x02,5.0000,5.1111,12.365302
12.368230,2,0x03,0.0000,0.1111,12.366296
12.368230,3,0x04,0.0000,0.0556,12.359292
12.369383,0,0x01,0.0000,0.1111,12.373309
12.369383,1,0x02,5.0000,5.1111,12.374297
12.369383,2,0x03,0.0000,0.1111,12.369306
12.369383,3,0x04,0.0000,0.0556,12.372310
12.376039,0,0x01,0.0000,0.1111,12.373309
12.376039,1,0x02,5.0000,5.1111,12.374297
12.376039,2,0x03,0.0000,0.1111,12.369306
12.376039,3,0x04,0.0000,0.0556,12.372310
12.377176,0,0x01,0.0000,0.1111,12.373309
12.377176,1,0x02,5.0000,5.1111,12.374297
12.377176,2,0x03,0.0000,0.1111,12.369306
12.377176,3,0x04,0.0000,0.0556,12.372310
12.378272,0,0x01,0.0000,0.1111,12.373309
12.378272,1,0x02,5.0000,5.1111,12.374297
12.378272,2,0x03,0.0000,0.1111,12.369306
12.378272,3,0x04,0.0000,0.0556,12.372310
12.379368,0,0x01,0.0000,0.1111,12.373309
12.379368,1,0x02,5.0000,5.1111,12.374297
12.379368,2,0x03,0.0000,0.1111,12.369306
12.379368,3,0x04,0.0000,0.0556,12.372310
12.386988,0,0x01,0.0000,0.1111,12.373309
12.386988,1,0x02,5.0000,5.1111,12.374297
12.386988,2,0x03,0.0000,0.1111,12.369306
12.386988,3,0x04,0.0000,0.0556,12.372310
12.388089,0,0x01,0.0000,0.1111,12.373309
12.388089,1,0x02,5.0000,5.1111,12.374297
12.388089,2,0x03,0.0000,0.1111,12.369306
12.388089,3,0x04,0.0000,0.0556,12.372310
12.389188,0,0x01,0.0000,0.1111,12.373309
12.389188,1,0x02,5.0000,5.1111,12.374297
12.389188,2,0x03,0.0000,0.1111,12.369306
12.389188,3,0x04,0.0000,0.0556,12.372310
12.396924,0,0x01,0.0000,0.1111,12.373309
12.396924,1,0x02,5.0000,5.1111,12.374297
12.396924,2,0x03,0.0000,0.1111,12.369306
12.396924,3,0x04,0.0000,0.0556,12.372310
12.397999,0,0x01,0.0000,0.1111,12.373309
12.397999,1,0x02,5.0000,5.1111,12.374297
12.397999,2,0x03,0.0000,0.1111,12.369306
12.397999,3,0x04,0.0000,0.0556,12.372310
12.399086,0,0x01,0.0000,0.1111,12.373309
12.399086,1,0x02,5.0000,5.1111,12.374297
12.399086,2,0x03,0.0000,0.1111,12.369306
12.399086,3,0x04,0.0000,0.0556,12.372310
12.405931,0,0x01,0.0000,0.1111,12.373309
12.405931,1,0x02,5.0000,5.1111,12.374297
12.405931,2,0x03,0.0000,0.1111,12.369306
12.405931,3,0x04,0.0000,0.0556,12.372310
12.407027,0,0x01,0.0000,0.1111,12.373309
12.407027,1,0x02,5.0000,5.1111,12.374297
12.407027,2,0x03,0.0000,0.1111,12.369306
12.407027,3,0x04,0.0000,0.0556,12.372310
12.408123,0,0x01,0.0000,0.1111,12.373309
12.408123,1,0x02,5.0000,5.1111,12.374297
12.408123,2,0x03,0.0000,0.1111,12.369306
12.408123,3,0x04,0.0000,0.0556,12.372310
12.409219,0,0x01,0.0000,0.1111,12.373309
12.409219,1,0x02,5.0000,5.1111,12.374297
12.409219,2,0x03,0.0000,0.1111,12.369306
12.409219,3,0x04,0.0000,0.0556,12.372310
12.416951,0,0x01,0.0000,0.1111,12.373309
12.416951,1,0x02,5.0000,5.1111,12.374297
12.416951,2,0x03,0.0000,0.1111,12.369306
12.416951,3,0x04,0.0000,0.0556,12.372310
12.418058,0,0x01,0.0000,0.1111,12.373309
12.418058,1,0x02,5.0000,5.1111,12.374297
12.418058,2,0x03,0.0000,0.1111,12.369306
12.418058,3,0x04,0.0000,0.0556,12.372310
12.419159,0,0x01,0.0000,0.0556,12.425323
12.419159,1,0x02,5.0000,5.1111,12.374297
12.419159,2,0x03,0.0000,0.1111,12.423331
12.419159,3,0x04,0.0000,0.0000,12.424319
12.427023,0,0x01,0.0000,0.0556,12.425323
12.427023,1,0x02,5.0000,5.1111,12.374297
12.427023,2,0x03,0.0000,0.1111,12.426327
12.427023,3,0x04,0.0000,0.0000,12.424319
12.428178,0,0x01,0.0000,0.0556,12.425323
12.428178,1,0x02,5.0000,5.1111,12.374297
12.428178,2,0x03,0.0000,0.1111,12.426327
12.428178,3,0x04,0.0000,0.0556,12.427301
12.429304,0,0x01,0.0000,0.1111,12.434364
12.429304,1,0x02,5.0000,5.0556,12.432337
12.429304,2,0x03,0.0000,0.1111,12.429402
12.429304,3,0x04,0.0000,0.0556,12.433327
12.436111,0,0x01,0.0000,0.1111,12.434364
12.436111,1,0x02,5.0000,5.1111,12.435315
12.436111,2,0x03,0.0000,0.1111,12.429402
12.436111,3,0x04,0.0000,0.0556,12.433327
12.437226,0,0x01,0.0000,0.1111,12.434364
12.437226,1,0x02,5.0000,5.1111,12.435315
12.437226,2,0x03,0.0000,0.1111,12.429402
12.437226,3,0x04,0.0000,0.0556,12.436308
12.438342,0,0x01,0.0000,0.1111,12.434364
12.438342,1,0x02,5.0000,5.1111,12.435315
12.438342,2,0x03,0.0000,0.1111,12.429402
12.438342,3,0x04,0.0000,0.0556,12.436308
12.439441,0,0x01,0.0000,0.1111,12.434364
12.439441,1,0x02,5.0000,5.1111,12.435315
12.439441,2,0x03,0.0000,0.1111,12.429402
12.439441,3,0x04,0.0000,0.0556,12.436308
12.447962,0,0x01,0.0000,0.1111,12.434364
12.447962,1,0x02,5.0000,5.1111,12.435315
12.447962,2,0x03,0.0000,0.1111,12.429402
12.447962,3,0x04,0.0000,0.0556,12.436308
12.449068,0,0x01,0.0000,0.1111,12.451348
12.449068,1,0x02,5.0000,5.1111,12.453321
12.449068,2,0x03,0.0000,0.1111,12.455319
12.449068,3,0x04,0.0000,0.0556,12.450331
12.457062,0,0x01,0.0000,0.1111,12.451348
12.457062,1,0x02,5.0000,5.1111,12.453321
12.457062,2,0x03,0.0000,0.1111,12.455319
12.457062,3,0x04,0.0000,0.0556,12.450331
12.458184,0,0x01,0.0000,0.1111,12.451348
12.458184,1,0x02,5.0000,5.1111,12.453321
12.458184,2,0x03,0.0000,0.1111,12.455319
12.458184,3,0x04,0.0000,0.0556,12.450331
12.459283,0,0x01,0.0000,0.1111,12.460336
12.459283,1,0x02,0.0000,5.0556,12.464325
12.459283,2,0x03,0.0000,0.1111,12.455319
12.459283,3,0x04,0.0000,0.0556,12.458298
12.466042,0,0x01,0.0000,0.1111,12.460336
12.466042,1,0x02,0.0000,5.0556,12.464325
12.466042,2,0x03,0.0000,0.1111,12.455319
12.466042,3,0x04,0.0000,0.0556,12.458298
12.467148,0,0x01,0.0000,0.1111,12.460336
12.467148,1,0x02,0.0000,5.0556,12.464325
12.467148,2,0x03,0.0000,0.1111,12.455319
12.467148,3,0x04,0.0000,0.0556,12.458298
12.468255,0,0x01,0.0000,0.1111,12.460336
12.468255,1,0x02,0.0000,5.0556,12.464325
12.468255,2,0x03,0.0000,0.1111,12.467330
12.468255,3,0x04,0.0000,0.0556,12.458298
12.469478,0,0x01,0.0000,0.1111,12.472338
12.469478,1,0x02,0.0000,5.0556,12.464325
12.469478,2,0x03,0.0000,0.1111,12.467330
12.469478,3,0x04,0.0000,0.0556,12.470360
12.477003,0,0x01,0.0000,0.1111,12.472338
12.477003,1,0x02,0.0000,4.8889,12.476330
12.477003,2,0x03,0.0000,0.1111,12.467330
12.477003,3,0x04,0.0000,0.0556,12.470360
12.478124,0,0x01,0.0000,0.1111,12.472338
12.478124,1,0x02,0.0000,4.8889,12.476330
12.478124,2,0x03,0.0000,0.1111,12.467330
12.478124,3,0x04,0.0000,0.0556,12.470360
12.479220,0,0x01,0.0000,0.1111,12.472338
12.479220,1,0x02,0.0000,4.8889,12.476330
12.479220,2,0x03,0.0000,0.0556,12.479304
12.479220,3,0x04,0.0000,0.0556,12.481350
12.487024,0,0x01,0.0000,0.1111,12.472338
12.487024,1,0x02,0.0000,4.8889,12.476330
12.487024,2,0x03,0.0000,0.0556,12.479304
12.487024,3,0x04,0.0000,0.0556,12.481350
12.488123,0,0x01,0.0000,0.1111,12.472338
12.488123,1,0x02,0.0000,4.8889,12.476330
12.488123,2,0x03,0.0000,0.0556,12.479304
12.488123,3,0x04,0.0000,0.0556,12.481350
12.489230,0,0x01,0.0000,0.1111,12.472338
12.489230,1,0x02,0.0000,4.8889,12.476330
12.489230,2,0x03,0.0000,0.0556,12.479304
12.489230,3,0x04,0.0000,0.0556,12.481350
12.495960,0,0x01,0.0000,0.1111,12.472338
12.495960,1,0x02,0.0000,4.8889,12.476330
12.495960,2,0x03,0.0000,0.0556,12.479304
12.495960,3,0x04,0.0000,0.0556,12.481350
12.497056,0,0x01,0.0000,0.1111,12.472338
12.497056,1,0x02,0.0000,4.8889,12.476330
12.497056,2,0x03,0.0000,0.0556,12.479304
12.497056,3,0x04,0.0000,0.0556,12.481350
12.498150,0,0x01,0.0000,0.1111,12.472338
12.498150,1,0x02,0.0000,4.8889,12.476330
12.498150,2,0x03,0.0000,0.0556,12.479304
12.498150,3,0x04,0.0000,0.0556,12.481350
12.499240,0,0x01,0.0000,0.1111,12.472338
12.499240,1,0x02,0.0000,4.8889,12.476330
12.499240,2,0x03,0.0000,0.0556,12.479304
12.499240,3,0x04,0.0000,0.0556,12.481350
12.506963,0,0x01,0.0000,0.1111,12.472338
12.506963,1,0x02,0.0000,4.8889,12.476330
12.506963,2,0x03,0.0000,0.0556,12.479304
12.506963,3,0x04,0.0000,0.0556,12.481350
12.508059,0,0x01,0.0000,0.1111,12.472338
12.508059,1,0x02,0.0000,4.8889,12.476330
12.508059,2,0x03,0.0000,0.0556,12.479304
12.508059,3,0x04,0.0000,0.0556,12.481350
12.509151,0,0x01,0.0000,0.1111,12.472338
12.509151,1,0x02,0.0000,4.8889,12.476330
12.509151,2,0x03,0.0000,0.0556,12.479304
12.509151,3,0x04,0.0000,0.0556,12.481350
12.515994,0,0x01,0.0000,0.1111,12.472338
12.515994,1,0x02,0.0000,4.8889,12.476330
12.515994,2,0x03,0.0000,0.0556,12.479304
12.515994,3,0x04,0.0000,0.0556,12.481350
12.517090,0,0x01,0.0000,0.1111,12.472338
12.517090,1,0x02,0.0000,4.8889,12.476330
12.517090,2,0x03,0.0000,0.0556,12.479304
12.517090,3,0x04,0.0000,0.0556,12.481350
12.518202,0,0x01,0.0000,0.1111,12.472338
12.518202,1,0x02,0.0000,4.8889,12.476330
12.518202,2,0x03,0.0000,0.0556,12.479304
12.518202,3,0x04,0.0000,0.0556,12.481350
12.519294,0,0x01,0.0000,0.1111,12.525346
12.519294,1,0x02,0.0000,0.5000,12.520357
12.519294,2,0x03,0.0000,0.1111,12.523362
12.519294,3,0x04,0.0000,0.0556,12.524352
12.527098,0,0x01,0.0000,0.1111,12.525346
12.527098,1,0x02,0.0000,0.5000,12.520357
12.527098,2,0x03,0.0000,0.1111,12.526344
12.527098,3,0x04,0.0000,0.0556,12.524352
12.528253,0,0x01,0.0000,0.1111,12.525346
12.528253,1,0x02,0.0000,0.5000,12.520357
12.528253,2,0x03,0.0000,0.1111,12.526344
12.528253,3,0x04,0.0000,0.0556,12.524352
12.529373,0,0x01,0.0000,0.1111,12.528334
12.529373,1,0x02,0.0000,0.4444,12.529336
12.529373,2,0x03,0.0000,0.1111,12.526344
12.529373,3,0x04,0.0000,0.0556,12.524352
12.539041,0,0x01,0.0000,0.1111,12.528334
12.539041,1,0x02,0.0000,0.4444,12.529336
12.539041,2,0x03,0.0000,0.1111,12.526344
12.539041,3,0x04,0.0000,0.0556,12.524352
12.545961,0,0x01,0.0000,0.1111,12.528334
12.545961,1,0x02,0.0000,0.4444,12.529336
12.545961,2,0x03,0.0000,0.1111,12.526344
12.545961,3,0x04,0.0000,0.0556,12.524352
12.547055,0,0x01,0.0000,0.1111,12.528334
12.547055,1,0x02,0.0000,0.4444,12.529336
12.547055,2,0x03,0.0000,0.1111,12.526344
12.547055,3,0x04,0.0000,0.0556,12.524352
12.548148,0,0x01,0.0000,0.1111,12.528334
12.548148,1,0x02,0.0000,0.4444,12.529336
12.548148,2,0x03,0.0000,0.1111,12.526344
12.548148,3,0x04,0.0000,0.0556,12.524352
12.549243,0,0x01,0.0000,0.1111,12.528334
12.549243,1,0x02,0.0000,0.4444,12.529336
12.549243,2,0x03,0.0000,0.1111,12.526344
12.549243,3,0x04,0.0000,0.0556,12.524352
12.556969,0,0x01,0.0000,0.1111,12.528334
12.556969,1,0x02,0.0000,0.4444,12.529336
12.556969,2,0x03,0.0000,0.1111,12.526344
12.556969,3,0x04,0.0000,0.0556,12.524352
12.558069,0,0x01,0.0000,0.1111,12.528334
12.558069,1,0x02,0.0000,0.4444,12.529336
12.558069,2,0x03,0.0000,0.1111,12.526344
12.558069,3,0x04,0.0000,0.0556,12.524352
12.559167,0,0x01,0.0000,0.1111,12.528334
12.559167,1,0x02,0.0000,0.4444,12.529336
12.559167,2,0x03,0.0000,0.1111,12.526344
12.559167,3,0x04,0.0000,0.0556,12.524352
12.565984,0,0x01,0.0000,0.1111,12.528334
12.565984,1,0x02,0.0000,0.4444,12.529336
12.565984,2,0x03,0.0000,0.1111,12.526344
12.565984,3,0x04,0.0000,0.0556,12.524352
12.567112,0,0x01,0.0000,0.1111,12.528334
12.567112,1,0x02,0.0000,0.4444,12.529336
12.567112,2,0x03,0.0000,0.1111,12.526344
12.567112,3,0x04,0.0000,0.0556,12.524352
12.568226,0,0x01,0.0000,0.1111,12.528334
12.568226,1,0x02,0.0000,0.4444,12.529336
12.568226,2,0x03,0.0000,0.1111,12.526344
12.568226,3,0x04,0.0000,0.0556,12.524352
12.569334,0,0x01,0.0000,0.1111,12.528334
12.569334,1,0x02,0.0000,0.4444,12.529336
12.569334,2,0x03,0.0000,0.1111,12.526344
12.569334,3,0x04,0.0000,0.0556,12.575364
12.577007,0,0x01,0.0000,0.1111,12.528334
12.577007,1,0x02,0.0000,0.4444,12.529336
12.577007,2,0x03,0.0000,0.1111,12.526344
12.577007,3,0x04,0.0000,0.0556,12.575364
12.578118,0,0x01,0.0000,0.1111,12.528334
12.578118,1,0x02,0.0000,-0.0556,12.577327
12.578118,2,0x03,0.0000,0.1111,12.526344
12.578118,3,0x04,0.0000,0.0556,12.575364
12.579233,0,0x01,0.0000,0.1111,12.583362
12.579233,1,0x02,0.0000,-0.0556,12.584374
12.579233,2,0x03,0.0000,0.0556,12.581366
12.579233,3,0x04,0.0000,0.0556,12.582372
12.586158,0,0x01,0.0000,0.1111,12.583362
12.586158,1,0x02,0.0000,-0.0556,12.584374
12.586158,2,0x03,0.0000,0.0556,12.581366
12.586158,3,0x04,0.0000,0.1111,12.585360
12.587306,0,0x01,0.0000,0.1111,12.586353
12.587306,1,0x02,0.0000,-0.0556,12.584374
12.587306,2,0x03,0.0000,0.0556,12.581366
12.587306,3,0x04,0.0000,0.1111,12.585360
12.588436,0,0x01,0.0000,0.1111,12.586353
12.588436,1,0x02,0.0000,-0.0556,12.584374
12.588436,2,0x03,0.0000,0.1111,12.587387
12.588436,3,0x04,0.0000,0.0556,12.588350
12.589579,0,0x01,0.0000,0.1111,12.589349
12.589579,1,0x02,0.0000,-0.0556,12.590343
12.589579,2,0x03,0.0000,0.0556,12.591377
12.589579,3,0x04,0.0000,0.0556,12.588350
12.597064,0,0x01,0.0000,0.1111,12.589349
12.597064,1,0x02,0.0000,-0.0556,12.590343
12.597064,2,0x03,0.0000,0.0556,12.591377
12.597064,3,0x04,0.0000,0.0556,12.588350
12.598161,0,0x01,0.0000,0.1111,12.589349
12.598161,1,0x02,0.0000,-0.0556,12.590343
12.598161,2,0x03,0.0000,0.0556,12.591377
12.598161,3,0x04,0.0000,0.0556,12.588350
12.599274,0,0x01,0.0000,0.1111,12.589349
12.599274,1,0x02,0.0000,-0.0556,12.590343
12.599274,2,0x03,0.0000,0.0556,12.591377
12.599274,3,0x04,0.0000,0.0556,12.588350
12.605982,0,0x01,0.0000,0.1111,12.589349
12.605982,1,0x02,0.0000,-0.0556,12.590343
12.605982,2,0x03,0.0000,0.0556,12.591377
12.605982,3,0x04,0.0000,0.0556,12.588350
12.607076,0,0x01,0.0000,0.1111,12.589349
12.607076,1,0x02,0.0000,-0.0556,12.590343
12.607076,2,0x03,0.0000,0.0556,12.591377
12.607076,3,0x04,0.0000,0.0556,12.588350
12.608171,0,0x01,0.0000,0.1111,12.589349
12.608171,1,0x02,0.0000,-0.0556,12.590343
12.608171,2,0x03,0.0000,0.0556,12.591377
12.608171,3,0x04,0.0000,0.0556,12.588350
12.609265,0,0x01,0.0000,0.1111,12.589349
12.609265,1,0x02,0.0000,-0.0556,12.590343
12.609265,2,0x03,0.0000,0.0556,12.591377
12.609265,3,0x04,0.0000,0.0556,12.588350
12.617012,0,0x01,0.0000,0.1111,12.589349
12.617012,1,0x02,0.0000,-0.0556,12.590343
12.617012,2,0x03,0.0000,0.0556,12.591377
12.617012,3,0x04,0.0000,0.0556,12.588350
12.618108,0,0x01,0.0000,0.1111,12.589349
12.618108,1,0x02,0.0000,-0.0556,12.590343
12.618108,2,0x03,0.0000,0.0556,12.591377
12.618108,3,0x04,0.0000,0.0556,12.588350
12.619208,0,0x01,0.0000,0.1111,12.589349
12.619208,1,0x02,0.0000,-0.0556,12.590343
12.619208,2,0x03,0.0000,0.0556,12.591377
12.619208,3,0x04,0.0000,0.0556,12.588350
12.626995,0,0x01,0.0000,0.1111,12.589349
12.626995,1,0x02,0.0000,-0.0556,12.590343
12.626995,2,0x03,0.0000,0.0556,12.591377
12.626995,3,0x04,0.0000,0.0556,12.588350
12.628090,0,0x01,0.0000,0.1111,12.589349
12.628090,1,0x02,0.0000,-0.0556,12.590343
12.628090,2,0x03,0.0000,0.0556,12.591377
12.628090,3,0x04,0.0000,0.0556,12.588350
12.629188,0,0x01,0.0000,0.1111,12.589349
12.629188,1,0x02,0.0000,-0.0556,12.590343
12.629188,2,0x03,0.0000,0.0556,12.591377
12.629188,3,0x04,0.0000,0.0556,12.588350
12.637027,0,0x01,0.0000,0.1111,12.589349
12.637027,1,0x02,0.0000,-0.0556,12.590343
12.637027,2,0x03,0.0000,0.0556,12.591377
12.637027,3,0x04,0.0000,0.1111,12.636393
12.638162,0,0x01,0.0000,0.1111,12.589349
12.638162,1,0x02,0.0000,-0.0556,12.637376
12.638162,2,0x03,0.0000,0.0556,12.591377
12.638162,3,0x04,0.0000,0.1111,12.636393
12.639285,0,0x01,0.0000,0.1111,12.643388
12.639285,1,0x02,0.0000,-0.0556,12.644380
12.639285,2,0x03,0.0000,0.1111,12.645373
12.639285,3,0x04,0.0000,0.0556,12.639376
12.647151,0,0x01,0.0000,0.1111,12.643388
12.647151,1,0x02,0.0000,-0.0556,12.644380
12.647151,2,0x03,0.0000,0.1111,12.645373
12.647151,3,0x04,0.0000,0.0556,12.646379
12.648303,0,0x01,0.0000,0.1111,12.647367
12.648303,1,0x02,0.0000,-0.0556,12.644380
12.648303,2,0x03,0.0000,0.1111,12.645373
12.648303,3,0x04,0.0000,0.0556,12.646379
12.649447,0,0x01,0.0000,0.1111,12.650380
12.649447,1,0x02,0.0000,-0.0556,12.651417
12.649447,2,0x03,0.0000,0.1111,12.652415
12.649447,3,0x04,0.0000,0.0556,12.649371
12.656086,0,0x01,0.0000,0.1111,12.650380
12.656086,1,0x02,0.0000,-0.0556,12.651417
12.656086,2,0x03,0.0000,0.1111,12.652415
12.656086,3,0x04,0.0000,0.0556,12.649371
12.657185,0,0x01,0.0000,0.1111,12.650380
12.657185,1,0x02,0.0000,-0.0556,12.651417
12.657185,2,0x03,0.0000,0.1111,12.652415
12.657185,3,0x04,0.0000,0.0556,12.649371
12.658283,0,0x01,0.0000,0.1111,12.650380
12.658283,1,0x02,0.0000,-0.0556,12.651417
12.658283,2,0x03,0.0000,0.1111,12.652415
12.658283,3,0x04,0.0000,0.0556,12.649371
12.659389,0,0x01,0.0000,0.1111,12.650380
12.659389,1,0x02,0.0000,-0.0556,12.651417
12.659389,2,0x03,0.0000,0.1111,12.652415
12.659389,3,0x04,0.0000,0.0556,12.649371
12.666984,0,0x01,0.0000,0.1111,12.650380
12.666984,1,0x02,0.0000,-0.0556,12.651417
12.666984,2,0x03,0.0000,0.1111,12.652415
12.666984,3,0x04,0.0000,0.0556,12.649371
12.668079,0,0x01,0.0000,0.1111,12.650380
12.668079,1,0x02,0.0000,-0.0556,12.651417
12.668079,2,0x03,0.0000,0.1111,12.652415
12.668079,3,0x04,0.0000,0.0556,12.649371
12.669181,0,0x01,0.0000,0.1111,12.650380
12.669181,1,0x02,0.0000,-0.0556,12.651417
12.669181,2,0x03,0.0000,0.1111,12.652415
12.669181,3,0x04,0.0000,0.0556,12.649371
12.676002,0,0x01,0.0000,0.1111,12.650380
12.676002,1,0x02,0.0000,-0.0556,12.651417
12.676002,2,0x03,0.0000,0.1111,12.652415
12.676002,3,0x04,0.0000,0.0556,12.649371
12.677097,0,0x01,0.0000,0.1111,12.650380
12.677097,1,0x02,0.0000,-0.0556,12.651417
12.677097,2,0x03,0.0000,0.1111,12.652415
12.677097,3,0x04,0.0000,0.0556,12.649371
12.678194,0,0x01,0.0000,0.1111,12.650380
12.678194,1,0x02,0.0000,-0.0556,12.651417
12.678194,2,0x03,0.0000,0.1111,12.652415
12.678194,3,0x04,0.0000,0.0556,12.649371
12.679291,0,0x01,0.0000,0.1111,12.650380
12.679291,1,0x02,0.0000,-0.0556,12.651417
12.679291,2,0x03,0.0000,0.1111,12.652415
12.679291,3,0x04,0.0000,0.0556,12.649371
12.687039,0,0x01,0.0000,0.1111,12.650380
12.687039,1,0x02,0.0000,-0.0556,12.651417
12.687039,2,0x03,0.0000,0.1111,12.652415
12.687039,3,0x04,0.0000,0.0556,12.649371
12.688137,0,0x01,0.0000,0.1111,12.650380
12.688137,1,0x02,0.0000,-0.0556,12.651417
12.688137,2,0x03,0.0000,0.1111,12.652415
12.688137,3,0x04,0.0000,0.0556,12.649371
12.689262,0,0x01,0.0000,0.1111,12.694386
12.689262,1,0x02,0.0000,-0.1111,12.695390
12.689262,2,0x03,0.0000,0.1111,12.693392
12.689262,3,0x04,0.0000,0.0556,12.649371
12.697161,0,0x01,0.0000,0.1111,12.694386
12.697161,1,0x02,0.0000,-0.1111,12.695390
12.697161,2,0x03,0.0000,0.1111,12.693392
12.697161,3,0x04,0.0000,0.0556,12.696384
12.698284,0,0x01,0.0000,0.1111,12.697381
12.698284,1,0x02,0.0000,-0.1111,12.695390
12.698284,2,0x03,0.0000,0.1111,12.693392
12.698284,3,0x04,0.0000,0.0556,12.696384
12.699445,0,0x01,0.0000,0.1111,12.697381
12.699445,1,0x02,0.0000,-0.0556,12.698384
12.699445,2,0x03,0.0000,0.1111,12.699387
12.699445,3,0x04,0.0000,0.0556,12.700389
12.707084,0,0x01,0.0000,0.1111,12.697381
12.707084,1,0x02,0.0000,-0.0556,12.698384
12.707084,2,0x03,0.0000,0.1111,12.699387
12.707084,3,0x04,0.0000,0.0556,12.700389
12.708178,0,0x01,0.0000,0.1111,12.697381
12.708178,1,0x02,0.0000,-0.0556,12.698384
12.708178,2,0x03,0.0000,0.1111,12.699387
12.708178,3,0x04,0.0000,0.0556,12.700389
12.709272,0,0x01,0.0000,0.1111,12.697381
12.709272,1,0x02,0.0000,-0.0556,12.698384
12.709272,2,0x03,0.0000,0.1111,12.699387
12.709272,3,0x04,0.0000,0.0556,12.700389
12.717035,0,0x01,0.0000,0.1111,12.697381
12.717035,1,0x02,0.0000,-0.0556,12.698384
12.717035,2,0x03,0.0000,0.1111,12.699387
12.717035,3,0x04,0.0000,0.0556,12.700389
12.718133,0,0x01,0.0000,0.1111,12.697381
12.718133,1,0x02,0.0000,-0.0556,12.698384
12.718133,2,0x03,0.0000,0.1111,12.699387
12.718133,3,0x04,0.0000,0.0556,12.700389
12.719235,0,0x01,0.0000,0.1111,12.697381
12.719235,1,0x02,0.0000,-0.0556,12.698384
12.719235,2,0x03,0.0000,0.1111,12.699387
12.719235,3,0x04,0.0000,0.0556,12.700389
12.726044,0,0x01,0.0000,0.1111,12.697381
12.726044,1,0x02,0.0000,-0.0556,12.698384
12.726044,2,0x03,0.0000,0.1111,12.699387
12.726044,3,0x04,0.0000,0.0556,12.700389
12.727128,0,0x01,0.0000,0.1111,12.697381
12.727128,1,0x02,0.0000,-0.0556,12.698384
12.727128,2,0x03,0.0000,0.1111,12.699387
12.727128,3,0x04,0.0000,0.0556,12.700389
12.728226,0,0x01,0.0000,0.1111,12.697381
12.728226,1,0x02,0.0000,-0.0556,12.698384
12.728226,2,0x03,0.0000,0.1111,12.699387
12.728226,3,0x04,0.0000,0.0556,12.700389
12.729324,0,0x01,0.0000,0.1111,12.697381
12.729324,1,0x02,0.0000,-0.0556,12.698384
12.729324,2,0x03,0.0000,0.1111,12.699387
12.729324,3,0x04,0.0000,0.0556,12.700389
12.737068,0,0x01,0.0000,0.1111,12.697381
12.737068,1,0x02,0.0000,-0.0556,12.698384
12.737068,2,0x03,0.0000,0.1111,12.699387
12.737068,3,0x04,0.0000,0.0556,12.700389
12.738147,0,0x01,0.0000,0.1111,12.697381
12.738147,1,0x02,0.0000,-0.0556,12.698384
12.738147,2,0x03,0.0000,0.1111,12.699387
12.738147,3,0x04,0.0000,0.0556,12.700389
12.739244,0,0x01,0.0000,0.1111,12.697381
12.739244,1,0x02,0.0000,-0.0556,12.698384
12.739244,2,0x03,0.0000,0.1111,12.699387
12.739244,3,0x04,0.0000,0.0556,12.700389
12.746016,0,0x01,0.0000,0.1111,12.697381
12.746016,1,0x02,0.0000,-0.0556,12.698384
12.746016,2,0x03,0.0000,0.1111,12.699387
12.746016,3,0x04,0.0000,0.0556,12.700389
12.747102,0,0x01,0.0000,0.1111,12.697381
12.747102,1,0x02,0.0000,-0.0556,12.698384
12.747102,2,0x03,0.0000,0.1111,12.699387
12.747102,3,0x04,0.0000,0.0556,12.700389
12.748206,0,0x01,0.0000,0.1111,12.697381
12.748206,1,0x02,0.0000,-0.0556,12.698384
12.748206,2,0x03,0.0000,0.1111,12.747410
12.748206,3,0x04,0.0000,0.0556,12.700389
12.749362,0,0x01,0.0000,0.1111,12.755393
12.749362,1,0x02,0.0000,-0.1111,12.753398
12.749362,2,0x03,0.0000,0.1111,12.747410
12.749362,3,0x04,0.0000,0.0556,12.754420
12.757152,0,0x01,0.0000,0.1111,12.755393
12.757152,1,0x02,0.0000,-0.0556,12.756394
12.757152,2,0x03,0.0000,0.1111,12.747410
12.757152,3,0x04,0.0000,0.0556,12.754420
12.758246,0,0x01,0.0000,0.1111,12.755393
12.758246,1,0x02,0.0000,-0.0556,12.756394
12.758246,2,0x03,0.0000,0.1111,12.747410
12.758246,3,0x04,0.0000,0.0556,12.757375
12.759342,0,0x01,0.0000,0.1111,12.758441
12.759342,1,0x02,0.0000,-0.0556,12.759469
12.759342,2,0x03,0.0000,0.0556,12.760397
12.759342,3,0x04,0.0000,0.0556,12.757375
12.769135,0,0x01,0.0000,0.1111,12.758441
12.769135,1,0x02,0.0000,-0.0556,12.759469
12.769135,2,0x03,0.0000,0.0556,12.760397
12.769135,3,0x04,0.0000,0.0556,12.757375
12.776025,0,0x01,0.0000,0.1111,12.758441
12.776025,1,0x02,0.0000,-0.0556,12.759469
12.776025,2,0x03,0.0000,0.0556,12.760397
12.776025,3,0x04,0.0000,0.0556,12.757375
12.777123,0,0x01,0.0000,0.1111,12.758441
12.777123,1,0x02,0.0000,-0.0556,12.759469
12.777123,2,0x03,0.0000,0.0556,12.760397
12.777123,3,0x04,0.0000,0.0556,12.757375
12.778220,0,0x01,0.0000,0.1111,12.758441
12.778220,1,0x02,0.0000,-0.0556,12.759469
12.778220,2,0x03,0.0000,0.0556,12.760397
12.778220,3,0x04,0.0000,0.0556,12.757375
12.779318,0,0x01,0.0000,0.1111,12.758441
12.779318,1,0x02,0.0000,-0.0556,12.759469
12.779318,2,0x03,0.0000,0.0556,12.760397
12.779318,3,0x04,0.0000,0.0556,12.757375
12.787047,0,0x01,0.0000,0.1111,12.758441
12.787047,1,0x02,0.0000,-0.0556,12.759469
12.787047,2,0x03,0.0000,0.0556,12.760397
12.787047,3,0x04,0.0000,0.0556,12.757375
12.788127,0,0x01,0.0000,0.1111,12.758441
12.788127,1,0x02,0.0000,-0.0556,12.759469
12.788127,2,0x03,0.0000,0.0556,12.760397
12.788127,3,0x04,0.0000,0.0556,12.757375
12.789203,0,0x01,0.0000,0.1111,12.758441
12.789203,1,0x02,0.0000,-0.0556,12.759469
12.789203,2,0x03,0.0000,0.0556,12.760397
12.789203,3,0x04,0.0000,0.0556,12.757375
12.796017,0,0x01,0.0000,0.1111,12.758441
12.796017,1,0x02,0.0000,-0.0556,12.759469
12.796017,2,0x03,0.0000,0.0556,12.760397
12.796017,3,0x04,0.0000,0.0556,12.757375
12.797090,0,0x01,0.0000,0.1111,12.758441
12.797090,1,0x02,0.0000,-0.0556,12.759469
12.797090,2,0x03,0.0000,0.0556,12.760397
12.797090,3,0x04,0.0000,0.0556,12.757375
12.798170,0,0x01,0.0000,0.1111,12.758441
12.798170,1,0x02,0.0000,-0.0556,12.759469
12.798170,2,0x03,0.0000,0.0556,12.760397
12.798170,3,0x04,0.0000,0.0556,12.757375
12.799270,0,0x01,0.0000,0.1111,12.758441
12.799270,1,0x02,0.0000,-0.0556,12.759469
12.799270,2,0x03,0.0000,0.0556,12.760397
12.799270,3,0x04,0.0000,0.0556,12.757375
12.807007,0,0x01,0.0000,0.1111,12.758441
12.807007,1,0x02,0.0000,-0.0556,12.759469
12.807007,2,0x03,0.0000,0.0556,12.760397
12.807007,3,0x04,0.0000,0.0556,12.806412
12.808114,0,0x01,0.0000,0.1111,12.758441
12.808114,1,0x02,0.0000,-0.0556,12.759469
12.808114,2,0x03,0.0000,0.1111,12.807385
12.808114,3,0x04,0.0000,0.0556,12.806412
12.809208,0,0x01,0.0000,0.1111,12.813405
12.809208,1,0x02,0.0000,-0.0556,12.814447
12.809208,2,0x03,0.0000,0.0556,12.811485
12.809208,3,0x04,0.0000,0.0556,12.812453
12.816204,0,0x01,0.0000,0.1111,12.813405
12.816204,1,0x02,0.0000,-0.0556,12.814447
12.816204,2,0x03,0.0000,0.0556,12.811485
12.816204,3,0x04,0.0000,0.0556,12.812453
12.817301,0,0x01,0.0000,0.1111,12.816391
12.817301,1,0x02,0.0000,-0.0556,12.814447
12.817301,2,0x03,0.0000,0.0556,12.811485
12.817301,3,0x04,0.0000,0.0556,12.812453
12.818449,0,0x01,0.0000,0.1111,12.816391
12.818449,1,0x02,0.0000,-0.0556,12.817397
12.818449,2,0x03,0.0000,0.0556,12.811485
12.818449,3,0x04,0.0000,0.0556,12.818403
12.819610,0,0x01,0.0000,0.1111,12.822412
12.819610,1,0x02,0.0000,-0.0556,12.820394
12.819610,2,0x03,0.0000,0.0556,12.811485
12.819610,3,0x04,0.0000,0.0556,12.821409
12.827111,0,0x01,0.0000,0.1111,12.822412
12.827111,1,0x02,0.0000,-0.0556,12.820394
12.827111,2,0x03,0.0000,0.0556,12.811485
12.827111,3,0x04,0.0000,0.0556,12.821409
12.828187,0,0x01,0.0000,0.1111,12.822412
12.828187,1,0x02,0.0000,-0.0556,12.820394
12.828187,2,0x03,0.0000,0.0556,12.811485
12.828187,3,0x04,0.0000,0.0556,12.821409
12.829309,0,0x01,0.0000,0.1111,12.822412
12.829309,1,0x02,0.0000,-0.0556,12.820394
12.829309,2,0x03,0.0000,0.0556,12.811485
12.829309,3,0x04,0.0000,0.0556,12.821409
12.839078,0,0x01,0.0000,0.1111,12.822412
12.839078,1,0x02,0.0000,-0.0556,12.820394
12.839078,2,0x03,0.0000,0.0556,12.811485
12.839078,3,0x04,0.0000,0.0556,12.821409
12.846069,0,0x01,0.0000,0.1111,12.822412
12.846069,1,0x02,0.0000,-0.0556,12.820394
12.846069,2,0x03,0.0000,0.0556,12.811485
12.846069,3,0x04,0.0000,0.0556,12.821409
12.847178,0,0x01,0.0000,0.1111,12.822412
12.847178,1,0x02,0.0000,-0.0556,12.820394
12.847178,2,0x03,0.0000,0.0556,12.811485
12.847178,3,0x04,0.0000,0.0556,12.821409
12.848311,0,0x01,0.0000,0.1111,12.822412
12.848311,1,0x02,0.0000,-0.0556,12.820394
12.848311,2,0x03,0.0000,0.0556,12.811485
12.848311,3,0x04,0.0000,0.0556,12.821409
12.849453,0,0x01,0.0000,0.1111,12.822412
12.849453,1,0x02,0.0000,-0.0556,12.820394
12.849453,2,0x03,0.0000,0.0556,12.811485
12.849453,3,0x04,0.0000,0.0556,12.821409
12.857088,0,0x01,0.0000,0.1111,12.822412
12.857088,1,0x02,0.0000,-0.0556,12.820394
12.857088,2,0x03,0.0000,0.0556,12.811485
12.857088,3,0x04,0.0000,0.0556,12.821409
12.858191,0,0x01,0.0000,0.1111,12.822412
12.858191,1,0x02,0.0000,-0.0556,12.820394
12.858191,2,0x03,0.0000,0.0556,12.811485
12.858191,3,0x04,0.0000,0.0556,12.821409
12.859288,0,0x01,0.0000,0.1111,12.822412
12.859288,1,0x02,0.0000,-0.0556,12.820394
12.859288,2,0x03,0.0000,0.0556,12.811485
12.859288,3,0x04,0.0000,0.0556,12.821409
12.866070,0,0x01,0.0000,0.1111,12.822412
12.866070,1,0x02,0.0000,-0.0556,12.820394
12.866070,2,0x03,0.0000,0.0556,12.811485
12.866070,3,0x04,0.0000,0.0556,12.821409
12.867174,0,0x01,0.0000,0.1111,12.822412
12.867174,1,0x02,0.0000,-0.0556,12.820394
12.867174,2,0x03,0.0000,0.0556,12.811485
12.867174,3,0x04,0.0000,0.0556,12.821409
12.868275,0,0x01,0.0000,0.1111,12.822412
12.868275,1,0x02,0.0000,-0.0556,12.820394
12.868275,2,0x03,0.0000,0.0556,12.811485
12.868275,3,0x04,0.0000,0.0556,12.821409
12.869373,0,0x01,0.0000,0.1111,12.874426
12.869373,1,0x02,0.0000,-0.0556,12.875419
12.869373,2,0x03,0.0000,0.0556,12.872425
12.869373,3,0x04,0.0000,0.0556,12.873428
12.877201,0,0x01,0.0000,0.1111,12.874426
12.877201,1,0x02,0.0000,-0.0556,12.875419
12.877201,2,0x03,0.0000,0.1111,12.876424
12.877201,3,0x04,0.0000,0.0556,12.873428
12.878322,0,0x01,0.0000,0.1111,12.877414
12.878322,1,0x02,0.0000,-0.0556,12.875419
12.878322,2,0x03,0.0000,0.1111,12.876424
12.878322,3,0x04,0.0000,0.0556,12.873428
12.879479,0,0x01,0.0000,0.1111,12.883420
12.879479,1,0x02,0.0000,-0.0556,12.884465
12.879479,2,0x03,0.0000,0.0556,12.882433
12.879479,3,0x04,0.0000,0.0556,12.879426
12.886321,0,0x01,0.0000,0.1111,12.883420
12.886321,1,0x02,0.0000,-0.0556,12.884465
12.886321,2,0x03,0.0000,0.0556,12.882433
12.886321,3,0x04,0.0000,0.0556,12.879426
12.887399,0,0x01,0.0000,0.1111,12.883420
12.887399,1,0x02,0.0000,-0.0556,12.884465
12.887399,2,0x03,0.0000,0.0556,12.882433
12.887399,3,0x04,0.0000,0.0556,12.879426
12.888503,0,0x01,0.0000,0.1111,12.883420
12.888503,1,0x02,0.0000,-0.0556,12.884465
12.888503,2,0x03,0.0000,0.0556,12.882433
12.888503,3,0x04,0.0000,0.0556,12.879426
12.889710,0,0x01,0.0000,0.1111,12.883420
12.889710,1,0x02,0.0000,-0.0556,12.884465
12.889710,2,0x03,0.0000,0.0556,12.882433
12.889710,3,0x04,0.0000,0.0556,12.879426
12.898060,0,0x01,0.0000,0.1111,12.883420
12.898060,1,0x02,0.0000,-0.0556,12.884465
12.898060,2,0x03,0.0000,0.0556,12.882433
12.898060,3,0x04,0.0000,0.0556,12.879426
12.899164,0,0x01,0.0000,0.1111,12.883420
12.899164,1,0x02,0.0000,-0.0556,12.884465
12.899164,2,0x03,0.0000,0.0556,12.882433
12.899164,3,0x04,0.0000,0.0556,12.879426
12.907135,0,0x01,0.0000,0.1111,12.883420
12.907135,1,0x02,0.0000,-0.0556,12.884465
12.907135,2,0x03,0.0000,0.0556,12.882433
12.907135,3,0x04,0.0000,0.0556,12.879426
12.908219,0,0x01,0.0000,0.1111,12.883420
12.908219,1,0x02,0.0000,-0.0556,12.884465
12.908219,2,0x03,0.0000,0.0556,12.882433
12.908219,3,0x04,0.0000,0.0556,12.879426
12.909328,0,0x01,0.0000,0.1111,12.883420
12.909328,1,0x02,0.0000,-0.0556,12.884465
12.909328,2,0x03,0.0000,0.0556,12.882433
12.909328,3,0x04,0.0000,0.0556,12.879426
12.916088,0,0x01,0.0000,0.1111,12.883420
12.916088,1,0x02,0.0000,-0.0556,12.884465
12.916088,2,0x03,0.0000,0.0556,12.882433
12.916088,3,0x04,0.0000,0.0556,12.879426
12.917201,0,0x01,0.0000,0.1111,12.883420
12.917201,1,0x02,0.0000,-0.0556,12.884465
12.917201,2,0x03,0.0000,0.0556,12.882433
12.917201,3,0x04,0.0000,0.0556,12.879426
12.918363,0,0x01,0.0000,0.1111,12.883420
12.918363,1,0x02,0.0000,-0.0556,12.884465
12.918363,2,0x03,0.0000,0.0556,12.882433
12.918363,3,0x04,0.0000,0.0556,12.879426
12.919514,0,0x01,0.0000,0.1111,12.883420
12.919514,1,0x02,0.0000,-0.0556,12.884465
12.919514,2,0x03,0.0000,0.0556,12.882433
12.919514,3,0x04,0.0000,0.0556,12.879426
12.927105,0,0x01,0.0000,0.1111,12.883420
12.927105,1,0x02,0.0000,-0.0556,12.884465
12.927105,2,0x03,0.0000,0.0556,12.882433
12.927105,3,0x04,0.0000,0.0556,12.879426
12.928231,0,0x01,0.0000,0.1111,12.883420
12.928231,1,0x02,0.0000,-0.0556,12.884465
12.928231,2,0x03,0.0000,0.0556,12.882433
12.928231,3,0x04,0.0000,0.0556,12.879426
12.929326,0,0x01,0.0000,0.0556,12.931455
12.929326,1,0x02,0.0000,-0.0556,12.884465
12.929326,2,0x03,0.0000,0.1111,12.933436
12.929326,3,0x04,0.0000,0.0556,12.934452
12.936237,0,0x01,0.0000,0.1111,12.935440
12.936237,1,0x02,0.0000,-0.0556,12.884465
12.936237,2,0x03,0.0000,0.1111,12.933436
12.936237,3,0x04,0.0000,0.0556,12.934452
12.937410,0,0x01,0.0000,0.1111,12.935440
12.937410,1,0x02,0.0000,-0.0556,12.884465
12.937410,2,0x03,0.0000,0.1111,12.936414
12.937410,3,0x04,0.0000,0.0556,12.934452
12.938500,0,0x01,0.0000,0.1111,12.937482
12.938500,1,0x02,0.0000,-0.0556,12.884465
12.938500,2,0x03,0.0000,0.1111,12.936414
12.938500,3,0x04,0.0000,0.0556,12.934452
12.939591,0,0x01,0.0000,0.0556,12.944441
12.939591,1,0x02,0.0000,-0.0556,12.945434
12.939591,2,0x03,0.0000,0.0556,12.943444
12.939591,3,0x04,0.0000,0.0556,12.934452
12.947296,0,0x01,0.0000,0.0556,12.944441
12.947296,1,0x02,0.0000,-0.0556,12.945434
12.947296,2,0x03,0.0000,0.0556,12.943444
12.947296,3,0x04,0.0000,0.0556,12.946436
12.948429,0,0x01,0.0000,0.0556,12.944441
12.948429,1,0x02,0.0000,-0.0556,12.945434
12.948429,2,0x03,0.0000,0.0556,12.943444
12.948429,3,0x04,0.0000,0.0556,12.946436
12.949505,0,0x01,0.0000,0.0556,12.944441
12.949505,1,0x02,0.0000,-0.0556,12.945434
12.949505,2,0x03,0.0000,0.0556,12.943444
12.949505,3,0x04,0.0000,0.0556,12.946436
12.956119,0,0x01,0.0000,0.0556,12.944441
12.956119,1,0x02,0.0000,-0.0556,12.945434
12.956119,2,0x03,0.0000,0.0556,12.943444
12.956119,3,0x04,0.0000,0.0556,12.946436
12.957241,0,0x01,0.0000,0.0556,12.944441
12.957241,1,0x02,0.0000,-0.0556,12.945434
12.957241,2,0x03,0.0000,0.0556,12.943444
12.957241,3,0x04,0.0000,0.0556,12.946436
12.958345,0,0x01,0.0000,0.0556,12.944441
12.958345,1,0x02,0.0000,-0.0556,12.945434
12.958345,2,0x03,0.0000,0.0556,12.943444
12.958345,3,0x04,0.0000,0.0556,12.946436
12.959452,0,0x01,0.0000,0.0556,12.944441
12.959452,1,0x02,0.0000,-0.0556,12.945434
12.959452,2,0x03,0.0000,0.0556,12.943444
12.959452,3,0x04,0.0000,0.0556,12.946436
12.967143,0,0x01,0.0000,0.0556,12.944441
12.967143,1,0x02,0.0000,-0.0556,12.945434
12.967143,2,0x03,0.0000,0.0556,12.943444
12.967143,3,0x04,0.0000,0.0556,12.946436
12.968373,0,0x01,0.0000,0.0556,12.944441
12.968373,1,0x02,0.0000,-0.0556,12.945434
12.968373,2,0x03,0.0000,0.0556,12.943444
12.968373,3,0x04,0.0000,0.0556,12.946436
12.969510,0,0x01,0.0000,0.0556,12.944441
12.969510,1,0x02,0.0000,-0.0556,12.945434
12.969510,2,0x03,0.0000,0.0556,12.943444
12.969510,3,0x04,0.0000,0.0556,12.946436
12.976150,0,0x01,0.0000,0.0556,12.944441
12.976150,1,0x02,0.0000,-0.0556,12.945434
12.976150,2,0x03,0.0000,0.0556,12.943444
12.976150,3,0x04,0.0000,0.0556,12.946436
12.977254,0,0x01,0.0000,0.0556,12.944441
12.977254,1,0x02,0.0000,-0.0556,12.945434
12.977254,2,0x03,0.0000,0.0556,12.943444
12.977254,3,0x04,0.0000,0.0556,12.946436
12.978355,0,0x01,0.0000,0.0556,12.944441
12.978355,1,0x02,0.0000,-0.0556,12.945434
12.978355,2,0x03,0.0000,0.0556,12.943444
12.978355,3,0x04,0.0000,0.0556,12.946436
12.979471,0,0x01,0.0000,0.1111,12.985445
12.979471,1,0x02,0.0000,-0.0556,12.945434
12.979471,2,0x03,0.0000,0.1111,12.983462
12.979471,3,0x04,0.0000,0.0000,12.984511
12.987309,0,0x01,0.0000,0.1111,12.985445
12.987309,1,0x02,0.0000,-0.0556,12.945434
12.987309,2,0x03,0.0000,0.0556,12.986447
12.987309,3,0x04,0.0000,0.0000,12.984511
12.988477,0,0x01,0.0000,0.1111,12.988431
12.988477,1,0x02,0.0000,-0.0556,12.945434
12.988477,2,0x03,0.0000,0.0556,12.986447
12.988477,3,0x04,0.0000,0.0556,12.987427
12.989613,0,0x01,0.0000,0.1111,12.988431
12.989613,1,0x02,0.0000,-0.0556,12.992448
12.989613,2,0x03,0.0000,0.1111,12.994449
12.989613,3,0x04,0.0000,0.0556,12.991453
12.996237,0,0x01,0.0000,0.1111,12.988431
12.996237,1,0x02,0.0000,-0.0556,12.992448
12.996237,2,0x03,0.0000,0.1111,12.994449
12.996237,3,0x04,0.0000,0.0556,12.991453
12.997350,0,0x01,0.0000,0.1111,12.988431
12.997350,1,0x02,0.0000,-0.0556,12.992448
12.997350,2,0x03,0.0000,0.1111,12.994449
12.997350,3,0x04,0.0000,0.0556,12.991453
12.998446,0,0x01,0.0000,0.1111,12.988431
12.998446,1,0x02,0.0000,-0.0556,12.992448
12.998446,2,0x03,0.0000,0.1111,12.994449
12.998446,3,0x04,0.0000,0.0556,12.991453
12.999507,0,0x01,0.0000,0.1111,12.988431
12.999507,1,0x02,0.0000,-0.0556,12.992448
12.999507,2,0x03,0.0000,0.1111,12.994449
12.999507,3,0x04,0.0000,0.0556,12.991453
13.008131,0,0x01,0.0000,0.1111,12.988431
13.008131,1,0x02,0.0000,-0.0556,12.992448
13.008131,2,0x03,0.0000,0.1111,12.994449
13.008131,3,0x04,0.0000,0.0556,12.991453
13.009230,0,0x01,0.0000,0.1111,12.988431
13.009230,1,0x02,0.0000,-0.0556,12.992448
13.009230,2,0x03,0.0000,0.1111,12.994449
13.009230,3,0x04,0.0000,0.0556,12.991453
13.017114,0,0x01,0.0000,0.1111,12.988431
13.017114,1,0x02,0.0000,-0.0556,12.992448
13.017114,2,0x03,0.0000,0.1111,12.994449
13.017114,3,0x04,0.0000,0.0556,12.991453
13.018262,0,0x01,0.0000,0.1111,12.988431
13.018262,1,0x02,0.0000,-0.0556,12.992448
13.018262,2,0x03,0.0000,0.1111,12.994449
13.018262,3,0x04,0.0000,0.0556,12.991453
13.019422,0,0x01,0.0000,0.1111,12.988431
13.019422,1,0x02,0.0000,-0.0556,12.992448
13.019422,2,0x03,0.0000,0.1111,12.994449
13.019422,3,0x04,0.0000,0.0556,12.991453
13.026119,0,0x01,0.0000,0.1111,12.988431
13.026119,1,0x02,0.0000,-0.0556,12.992448
13.026119,2,0x03,0.0000,0.1111,12.994449
13.026119,3,0x04,0.0000,0.0556,12.991453
13.027221,0,0x01,0.0000,0.1111,12.988431
13.027221,1,0x02,0.0000,-0.0556,12.992448
13.027221,2,0x03,0.0000,0.1111,12.994449
13.027221,3,0x04,0.0000,0.0556,12.991453
13.028319,0,0x01,0.0000,0.1111,12.988431
13.028319,1,0x02,0.0000,-0.0556,12.992448
13.028319,2,0x03,0.0000,0.1111,12.994449
13.028319,3,0x04,0.0000,0.0556,12.991453
13.029419,0,0x01,0.0000,0.1111,12.988431
13.029419,1,0x02,0.0000,-0.0556,12.992448
13.029419,2,0x03,0.0000,0.1111,12.994449
13.029419,3,0x04,0.0000,0.0556,12.991453
13.037144,0,0x01,0.0000,0.1111,12.988431
13.037144,1,0x02,0.0000,-0.0556,12.992448
13.037144,2,0x03,0.0000,0.1111,12.994449
13.037144,3,0x04,0.0000,0.0556,12.991453
13.038247,0,0x01,0.0000,0.1111,12.988431
13.038247,1,0x02,0.0000,-0.0556,12.992448
13.038247,2,0x03,0.0000,0.1111,12.994449
13.038247,3,0x04,0.0000,0.0556,12.991453
13.039346,0,0x01,0.0000,0.1111,13.042463
13.039346,1,0x02,0.0000,-0.1111,13.043493
13.039346,2,0x03,0.0000,0.1111,13.044480
13.039346,3,0x04,0.0000,0.0556,12.991453
13.046324,0,0x01,0.0000,0.1111,13.042463
13.046324,1,0x02,0.0000,-0.1111,13.043493
13.046324,2,0x03,0.0000,0.1111,13.044480
13.046324,3,0x04,0.0000,0.0556,13.045470
13.047524,0,0x01,0.0000,0.1111,13.047451
13.047524,1,0x02,0.0000,-0.1111,13.043493
13.047524,2,0x03,0.0000,0.1111,13.044480
13.047524,3,0x04,0.0000,0.0556,13.045470
13.048689,0,0x01,0.0000,0.1111,13.047451
13.048689,1,0x02,0.0000,-0.1111,13.043493
13.048689,2,0x03,0.0000,0.1111,13.044480
13.048689,3,0x04,0.0000,0.0556,13.048457
13.049836,0,0x01,0.0000,0.1111,13.055465
13.049836,1,0x02,0.0000,-0.0556,13.053457
13.049836,2,0x03,0.0000,0.1111,13.054482
13.049836,3,0x04,0.0000,0.0556,13.052465
13.057418,0,0x01,0.0000,0.1111,13.055465
13.057418,1,0x02,0.0000,-0.0556,13.053457
13.057418,2,0x03,0.0000,0.1111,13.054482
13.057418,3,0x04,0.0000,0.0556,13.052465
13.058509,0,0x01,0.0000,0.1111,13.055465
13.058509,1,0x02,0.0000,-0.0556,13.053457
13.058509,2,0x03,0.0000,0.1111,13.054482
13.058509,3,0x04,0.0000,0.0556,13.052465
13.059611,0,0x01,0.0000,0.1111,13.055465
13.059611,1,0x02,0.0000,-0.0556,13.053457
13.059611,2,0x03,0.0000,0.1111,13.054482
13.059611,3,0x04,0.0000,0.0556,13.052465
13.068123,0,0x01,0.0000,0.1111,13.055465
13.068123,1,0x02,0.0000,-0.0556,13.053457
13.068123,2,0x03,0.0000,0.1111,13.054482
13.068123,3,0x04,0.0000,0.0556,13.052465
13.069255,0,0x01,0.0000,0.1111,13.075469
13.069255,1,0x02,0.0000,-0.0556,13.070464
13.069255,2,0x03,0.0000,0.0556,13.071484
13.069255,3,0x04,0.0000,0.0000,13.073456
13.077414,0,0x01,0.0000,0.1111,13.075469
13.077414,1,0x02,0.0000,-0.0556,13.070464
13.077414,2,0x03,0.0000,0.0556,13.071484
13.077414,3,0x04,0.0000,0.0000,13.073456
13.078504,0,0x01,0.0000,0.1111,13.075469
13.078504,1,0x02,0.0000,-0.0556,13.070464
13.078504,2,0x03,0.0000,0.0556,13.071484
13.078504,3,0x04,0.0000,0.0000,13.073456
13.079605,0,0x01,0.0000,0.1111,13.075469
13.079605,1,0x02,0.0000,-0.0556,13.079444
13.079605,2,0x03,0.0000,0.1111,13.081472
13.079605,3,0x04,0.0000,0.1111,13.085486
13.087287,0,0x01,0.0000,0.1111,13.075469
13.087287,1,0x02,0.0000,-0.0556,13.079444
13.087287,2,0x03,0.0000,0.1111,13.081472
13.087287,3,0x04,0.0000,0.1111,13.085486
13.088382,0,0x01,0.0000,0.1111,13.075469
13.088382,1,0x02,0.0000,-0.0556,13.079444
13.088382,2,0x03,0.0000,0.1111,13.081472
13.088382,3,0x04,0.0000,0.1111,13.085486
13.089489,0,0x01,0.0000,0.1111,13.088459
13.089489,1,0x02,0.0000,-0.1111,13.091472
13.089489,2,0x03,0.0000,0.0556,13.094480
13.089489,3,0x04,0.0000,0.1111,13.085486
13.096290,0,0x01,0.0000,0.1111,13.088459
13.096290,1,0x02,0.0000,-0.1111,13.091472
13.096290,2,0x03,0.0000,0.0556,13.094480
13.096290,3,0x04,0.0000,0.1111,13.085486
13.097403,0,0x01,0.0000,0.1111,13.088459
13.097403,1,0x02,0.0000,-0.1111,13.091472
13.097403,2,0x03,0.0000,0.0556,13.094480
13.097403,3,0x04,0.0000,0.1111,13.085486
13.098480,0,0x01,0.0000,0.1111,13.088459
13.098480,1,0x02,0.0000,-0.1111,13.091472
13.098480,2,0x03,0.0000,0.0556,13.094480
13.098480,3,0x04,0.0000,0.0556,13.097446
13.099581,0,0x01,0.0000,0.1111,13.100465
13.099581,1,0x02,0.0000,-0.1111,13.091472
13.099581,2,0x03,0.0000,0.0556,13.094480
13.099581,3,0x04,0.0000,0.0556,13.097446
13.107212,0,0x01,0.0000,0.1111,13.100465
13.107212,1,0x02,0.0000,-0.1111,13.091472
13.107212,2,0x03,0.0000,0.0556,13.094480
13.107212,3,0x04,0.0000,0.0556,13.097446
13.108289,0,0x01,0.0000,0.1111,13.100465
13.108289,1,0x02,0.0000,-0.1111,13.091472
13.108289,2,0x03,0.0000,0.0556,13.094480
13.108289,3,0x04,0.0000,0.0556,13.097446
13.109397,0,0x01,0.0000,0.1111,13.100465
13.109397,1,0x02,0.0000,-0.1111,13.091472
13.109397,2,0x03,0.0000,0.0556,13.094480
13.109397,3,0x04,0.0000,0.0556,13.097446
13.116147,0,0x01,0.0000,0.1111,13.100465
13.116147,1,0x02,0.0000,-0.1111,13.091472
13.116147,2,0x03,0.0000,0.0556,13.094480
13.116147,3,0x04,0.0000,0.0556,13.097446
13.117249,0,0x01,0.0000,0.1111,13.100465
13.117249,1,0x02,0.0000,-0.1111,13.091472
13.117249,2,0x03,0.0000,0.0556,13.094480
13.117249,3,0x04,0.0000,0.0556,13.097446
13.118418,0,0x01,0.0000,0.1111,13.100465
13.118418,1,0x02,0.0000,-0.1111,13.091472
13.118418,2,0x03,0.0000,0.0556,13.094480
13.118418,3,0x04,0.0000,0.0556,13.097446
13.119510,0,0x01,0.0000,0.1111,13.100465
13.119510,1,0x02,0.0000,-0.1111,13.091472
13.119510,2,0x03,0.0000,0.0556,13.094480
13.119510,3,0x04,0.0000,0.0556,13.097446
13.127149,0,0x01,0.0000,0.1111,13.100465
13.127149,1,0x02,0.0000,-0.1111,13.091472
13.127149,2,0x03,0.0000,0.0556,13.094480
13.127149,3,0x04,0.0000,0.0556,13.097446
13.128241,0,0x01,0.0000,0.1111,13.100465
13.128241,1,0x02,0.0000,-0.1111,13.091472
13.128241,2,0x03,0.0000,0.0556,13.094480
13.128241,3,0x04,0.0000,0.0556,13.097446
13.129341,0,0x01,0.0000,0.1111,13.100465
13.129341,1,0x02,0.0000,-0.1111,13.091472
13.129341,2,0x03,0.0000,0.0556,13.094480
13.129341,3,0x04,0.0000,0.0556,13.097446
13.136146,0,0x01,0.0000,0.1111,13.100465
13.136146,1,0x02,0.0000,-0.1111,13.091472
13.136146,2,0x03,0.0000,0.0556,13.094480
13.136146,3,0x04,0.0000,0.0556,13.097446
13.137272,0,0x01,0.0000,0.1111,13.100465
13.137272,1,0x02,0.0000,-0.1111,13.091472
13.137272,2,0x03,0.0000,0.0556,13.094480
13.137272,3,0x04,0.0000,0.0556,13.097446
13.138374,0,0x01,0.0000,0.1111,13.100465
13.138374,1,0x02,0.0000,-0.1111,13.091472
13.138374,2,0x03,0.0000,0.0556,13.094480
13.138374,3,0x04,0.0000,0.0556,13.097446
13.139570,0,0x01,0.0000,0.1111,13.100465
13.139570,1,0x02,0.0000,-0.0556,13.144482
13.139570,2,0x03,0.0000,0.1111,13.145476
13.139570,3,0x04,0.0000,0.0556,13.143493
13.147275,0,0x01,0.0000,0.1111,13.146487
13.147275,1,0x02,0.0000,-0.0556,13.144482
13.147275,2,0x03,0.0000,0.1111,13.145476
13.147275,3,0x04,0.0000,0.0556,13.143493
13.148389,0,0x01,0.0000,0.1111,13.146487
13.148389,1,0x02,0.0000,-0.0556,13.147451
13.148389,2,0x03,0.0000,0.1111,13.145476
13.148389,3,0x04,0.0000,0.0556,13.143493
13.149647,0,0x01,0.0000,0.1111,13.150483
13.149647,1,0x02,0.0000,-0.0556,13.147451
13.149647,2,0x03,0.0000,0.0556,13.148453
13.149647,3,0x04,0.0000,0.0556,13.149476
13.156227,0,0x01,0.0000,0.1111,13.150483
13.156227,1,0x02,0.0000,-0.0556,13.147451
13.156227,2,0x03,0.0000,0.0556,13.148453
13.156227,3,0x04,0.0000,0.0556,13.149476
13.157340,0,0x01,0.0000,0.1111,13.150483
13.157340,1,0x02,0.0000,-0.0556,13.147451
13.157340,2,0x03,0.0000,0.0556,13.148453
13.157340,3,0x04,0.0000,0.0556,13.149476
13.158425,0,0x01,0.0000,0.1111,13.150483
13.158425,1,0x02,0.0000,-0.0556,13.147451
13.158425,2,0x03,0.0000,0.0556,13.148453
13.158425,3,0x04,0.0000,0.0556,13.149476
13.159506,0,0x01,0.0000,0.1111,13.150483
13.159506,1,0x02,0.0000,-0.0556,13.147451
13.159506,2,0x03,0.0000,0.0556,13.148453
13.159506,3,0x04,0.0000,0.0556,13.149476
13.167148,0,0x01,0.0000,0.1111,13.150483
13.167148,1,0x02,0.0000,-0.0556,13.147451
13.167148,2,0x03,0.0000,0.0556,13.148453
13.167148,3,0x04,0.0000,0.0556,13.149476
13.168298,0,0x01,0.0000,0.1111,13.150483
13.168298,1,0x02,0.0000,-0.0556,13.147451
13.168298,2,0x03,0.0000,0.0556,13.148453
13.168298,3,0x04,0.0000,0.0556,13.149476
13.169417,0,0x01,0.0000,0.1111,13.150483
13.169417,1,0x02,0.0000,-0.0556,13.147451
13.169417,2,0x03,0.0000,0.0556,13.148453
13.169417,3,0x04,0.0000,0.0556,13.149476
13.176131,0,0x01,0.0000,0.1111,13.150483
13.176131,1,0x02,0.0000,-0.0556,13.147451
13.176131,2,0x03,0.0000,0.0556,13.148453
13.176131,3,0x04,0.0000,0.0556,13.149476
13.177217,0,0x01,0.0000,0.1111,13.150483
13.177217,1,0x02,0.0000,-0.0556,13.147451
13.177217,2,0x03,0.0000,0.0556,13.148453
13.177217,3,0x04,0.0000,0.0556,13.149476
13.178311,0,0x01,0.0000,0.1111,13.150483
13.178311,1,0x02,0.0000,-0.0556,13.147451
13.178311,2,0x03,0.0000,0.0556,13.148453
13.178311,3,0x04,0.0000,0.0556,13.149476
13.179399,0,0x01,0.0000,0.1111,13.150483
13.179399,1,0x02,0.0000,-0.0556,13.147451
13.179399,2,0x03,0.0000,0.0556,13.148453
13.179399,3,0x04,0.0000,0.0556,13.149476
13.187205,0,0x01,0.0000,0.1111,13.150483
13.187205,1,0x02,0.0000,-0.0556,13.147451
13.187205,2,0x03,0.0000,0.0556,13.148453
13.187205,3,0x04,0.0000,0.0556,13.149476
13.188291,0,0x01,0.0000,0.1111,13.150483
13.188291,1,0x02,0.0000,-0.0556,13.147451
13.188291,2,0x03,0.0000,0.0556,13.148453
13.188291,3,0x04,0.0000,0.0556,13.149476
13.189399,0,0x01,0.0000,0.1111,13.150483
13.189399,1,0x02,0.0000,-0.0556,13.147451
13.189399,2,0x03,0.0000,0.0556,13.148453
13.189399,3,0x04,0.0000,0.0556,13.149476
13.196134,0,0x01,0.0000,0.1111,13.150483
13.196134,1,0x02,0.0000,-0.0556,13.147451
13.196134,2,0x03,0.0000,0.0556,13.148453
13.196134,3,0x04,0.0000,0.0556,13.149476
13.197224,0,0x01,0.0000,0.1111,13.150483
13.197224,1,0x02,0.0000,-0.0556,13.147451
13.197224,2,0x03,0.0000,0.0556,13.148453
13.197224,3,0x04,0.0000,0.0556,13.149476
13.198325,0,0x01,0.0000,0.1111,13.150483
13.198325,1,0x02,0.0000,-0.0556,13.147451
13.198325,2,0x03,0.0000,0.0556,13.148453
13.198325,3,0x04,0.0000,0.0556,13.197478
13.199523,0,0x01,0.0000,0.1111,13.201510
13.199523,1,0x02,0.0000,-0.0556,13.205487
13.199523,2,0x03,0.0000,0.0556,13.202507
13.199523,3,0x04,0.0000,0.0556,13.203505
13.207529,0,0x01,0.0000,0.1111,13.207487
13.207529,1,0x02,0.0000,-0.0556,13.205487
13.207529,2,0x03,0.0000,0.0556,13.206523
13.207529,3,0x04,0.0000,0.0556,13.203505
13.208681,0,0x01,0.0000,0.1111,13.207487
13.208681,1,0x02,0.0000,-0.0556,13.208471
13.208681,2,0x03,0.0000,0.0556,13.206523
13.208681,3,0x04,0.0000,0.0556,13.203505
13.209815,0,0x01,0.0000,0.0556,13.211489
13.209815,1,0x02,0.0000,-0.0556,13.208471
13.209815,2,0x03,0.0000,0.0556,13.209482
13.209815,3,0x04,0.0000,0.0556,13.210485
13.219218,0,0x01,0.0000,0.1111,13.223509
13.219218,1,0x02,0.0000,-0.0556,13.224506
13.219218,2,0x03,0.0000,0.0556,13.225507
13.219218,3,0x04,0.0000,0.0556,13.210485
13.227362,0,0x01,0.0000,0.1111,13.223509
13.227362,1,0x02,0.0000,-0.0556,13.224506
13.227362,2,0x03,0.0000,0.0556,13.225507
13.227362,3,0x04,0.0000,0.0556,13.226506
13.228529,0,0x01,0.0000,0.1111,13.227485
13.228529,1,0x02,0.0000,-0.0556,13.228484
13.228529,2,0x03,0.0000,0.0556,13.225507
13.228529,3,0x04,0.0000,0.0556,13.226506
13.229641,0,0x01,0.0000,0.1111,13.227485
13.229641,1,0x02,0.0000,-0.0556,13.228484
13.229641,2,0x03,0.0000,0.0556,13.231556
13.229641,3,0x04,0.0000,0.0556,13.234547
13.236213,0,0x01,0.0000,0.1111,13.227485
13.236213,1,0x02,0.0000,-0.0556,13.228484
13.236213,2,0x03,0.0000,0.0556,13.231556
13.236213,3,0x04,0.0000,0.0556,13.234547
13.237320,0,0x01,0.0000,0.1111,13.227485
13.237320,1,0x02,0.0000,-0.0556,13.228484
13.237320,2,0x03,0.0000,0.0556,13.231556
13.237320,3,0x04,0.0000,0.0556,13.234547
13.238427,0,0x01,0.0000,0.0556,13.237507
13.238427,1,0x02,0.0000,-0.0556,13.228484
13.238427,2,0x03,0.0000,0.0556,13.231556
13.238427,3,0x04,0.0000,0.0556,13.234547
13.239578,0,0x01,0.0000,0.0556,13.237507
13.239578,1,0x02,0.0000,-0.0556,13.240488
13.239578,2,0x03,0.0000,0.0556,13.242503
13.239578,3,0x04,0.0000,0.0556,13.234547
13.247334,0,0x01,0.0000,0.0556,13.237507
13.247334,1,0x02,0.0000,-0.0556,13.240488
13.247334,2,0x03,0.0000,0.0556,13.242503
13.247334,3,0x04,0.0000,0.0556,13.246501
13.248483,0,0x01,0.0000,0.0556,13.237507
13.248483,1,0x02,0.0000,-0.0556,13.240488
13.248483,2,0x03,0.0000,0.0556,13.242503
13.248483,3,0x04,0.0000,0.0556,13.246501
13.249609,0,0x01,0.0000,0.1111,13.248570
13.249609,1,0x02,0.0000,-0.0556,13.251523
13.249609,2,0x03,0.0000,0.0556,13.253520
13.249609,3,0x04,0.0000,0.0556,13.246501
13.256269,0,0x01,0.0000,0.1111,13.248570
13.256269,1,0x02,0.0000,-0.0556,13.251523
13.256269,2,0x03,0.0000,0.0556,13.253520
13.256269,3,0x04,0.0000,0.0556,13.246501
13.257370,0,0x01,0.0000,0.1111,13.248570
13.257370,1,0x02,0.0000,-0.0556,13.251523
13.257370,2,0x03,0.0000,0.0556,13.253520
13.257370,3,0x04,0.0000,0.0556,13.246501
13.258480,0,0x01,0.0000,0.1111,13.248570
13.258480,1,0x02,0.0000,-0.0556,13.251523
13.258480,2,0x03,0.0000,0.0556,13.253520
13.258480,3,0x04,0.0000,0.0556,13.257484
13.259635,0,0x01,0.0000,0.1111,13.248570
13.259635,1,0x02,0.0000,-0.0556,13.251523
13.259635,2,0x03,0.0000,0.0556,13.253520
13.259635,3,0x04,0.0000,0.0556,13.257484
13.267179,0,0x01,0.0000,0.1111,13.248570
13.267179,1,0x02,0.0000,-0.0556,13.251523
13.267179,2,0x03,0.0000,0.0556,13.253520
13.267179,3,0x04,0.0000,0.0556,13.257484
13.268321,0,0x01,0.0000,0.1111,13.248570
13.268321,1,0x02,0.0000,-0.0556,13.251523
13.268321,2,0x03,0.0000,0.0556,13.253520
13.268321,3,0x04,0.0000,0.0556,13.257484
13.269442,0,0x01,0.0000,0.1111,13.248570
13.269442,1,0x02,0.0000,-0.0556,13.251523
13.269442,2,0x03,0.0000,0.0556,13.253520
13.269442,3,0x04,0.0000,0.0556,13.257484
13.276171,0,0x01,0.0000,0.1111,13.248570
13.276171,1,0x02,0.0000,-0.0556,13.251523
13.276171,2,0x03,0.0000,0.0556,13.253520
13.276171,3,0x04,0.0000,0.0556,13.257484
13.277276,0,0x01,0.0000,0.1111,13.248570
13.277276,1,0x02,0.0000,-0.0556,13.251523
13.277276,2,0x03,0.0000,0.0556,13.253520
13.277276,3,0x04,0.0000,0.0556,13.257484
13.278375,0,0x01,0.0000,0.1111,13.248570
13.278375,1,0x02,0.0000,-0.0556,13.251523
13.278375,2,0x03,0.0000,0.0556,13.253520
13.278375,3,0x04,0.0000,0.0556,13.257484
13.279474,0,0x01,0.0000,0.1111,13.248570
13.279474,1,0x02,0.0000,-0.0556,13.251523
13.279474,2,0x03,0.0000,0.0556,13.253520
13.279474,3,0x04,0.0000,0.0556,13.257484
13.287206,0,0x01,0.0000,0.1111,13.248570
13.287206,1,0x02,0.0000,-0.0556,13.251523
13.287206,2,0x03,0.0000,0.0556,13.253520
13.287206,3,0x04,0.0000,0.0556,13.257484
13.288320,0,0x01,0.0000,0.1111,13.248570
13.288320,1,0x02,0.0000,-0.0556,13.251523
13.288320,2,0x03,0.0000,0.0556,13.253520
13.288320,3,0x04,0.0000,0.0556,13.257484
13.289425,0,0x01,0.0000,0.1111,13.248570
13.289425,1,0x02,0.0000,-0.0556,13.295548
13.289425,2,0x03,0.0000,0.0556,13.253520
13.289425,3,0x04,0.0000,0.0556,13.257484
13.297208,0,0x01,0.0000,0.1111,13.248570
13.297208,1,0x02,0.0000,-0.0556,13.295548
13.297208,2,0x03,0.0000,0.1111,13.296541
13.297208,3,0x04,0.0000,0.0556,13.257484
13.298354,0,0x01,0.0000,0.1111,13.248570
13.298354,1,0x02,0.0000,-0.0556,13.295548
13.298354,2,0x03,0.0000,0.1111,13.296541
13.298354,3,0x04,0.0000,0.0556,13.297514
13.299511,0,0x01,0.0000,0.1111,13.304555
13.299511,1,0x02,0.0000,-0.0556,13.302537
13.299511,2,0x03,0.0000,0.1111,13.303529
13.299511,3,0x04,0.0000,0.0556,13.297514
13.306465,0,0x01,0.0000,0.1111,13.304555
13.306465,1,0x02,0.0000,-0.0556,13.305522
13.306465,2,0x03,0.0000,0.1111,13.303529
13.306465,3,0x04,0.0000,0.0556,13.297514
13.307616,0,0x01,0.0000,0.1111,13.304555
13.307616,1,0x02,0.0000,-0.0556,13.305522
13.307616,2,0x03,0.0000,0.0556,13.306571
13.307616,3,0x04,0.0000,0.0556,13.307508
13.308797,0,0x01,0.0000,0.1111,13.304555
13.308797,1,0x02,0.0000,-0.0556,13.305522
13.308797,2,0x03,0.0000,0.0556,13.306571
13.308797,3,0x04,0.0000,0.0556,13.307508
13.316195,0,0x01,0.0000,0.1111,13.304555
13.316195,1,0x02,0.0000,-0.0556,13.305522
13.316195,2,0x03,0.0000,0.0556,13.306571
13.316195,3,0x04,0.0000,0.0556,13.307508
13.317305,0,0x01,0.0000,0.1111,13.304555
13.317305,1,0x02,0.0000,-0.0556,13.305522
13.317305,2,0x03,0.0000,0.0556,13.306571
13.317305,3,0x04,0.0000,0.0556,13.307508
13.318392,0,0x01,0.0000,0.1111,13.304555
13.318392,1,0x02,0.0000,-0.0556,13.305522
13.318392,2,0x03,0.0000,0.0556,13.306571
13.318392,3,0x04,0.0000,0.0556,13.307508
13.319506,0,0x01,0.0000,0.1111,13.322530
13.319506,1,0x02,0.0000,-0.0556,13.323531
13.319506,2,0x03,0.0000,0.0556,13.325523
13.319506,3,0x04,0.0000,0.0556,13.321539
13.327657,0,0x01,0.0000,0.1111,13.322530
13.327657,1,0x02,0.0000,-0.0556,13.323531
13.327657,2,0x03,0.0000,0.0556,13.325523
13.327657,3,0x04,0.0000,0.0556,13.321539
13.328733,0,0x01,0.0000,0.1111,13.322530
13.328733,1,0x02,0.0000,-0.0556,13.323531
13.328733,2,0x03,0.0000,0.0556,13.325523
13.328733,3,0x04,0.0000,0.0556,13.321539
13.329828,0,0x01,0.0000,0.1111,13.332551
13.329828,1,0x02,0.0000,-0.0556,13.335570
13.329828,2,0x03,0.0000,0.0556,13.325523
13.329828,3,0x04,0.0000,0.0556,13.329513
13.337374,0,0x01,0.0000,0.1111,13.332551
13.337374,1,0x02,0.0000,-0.0556,13.335570
13.337374,2,0x03,0.0000,0.0556,13.325523
13.337374,3,0x04,0.0000,0.0556,13.329513
13.338476,0,0x01,0.0000,0.1111,13.332551
13.338476,1,0x02,0.0000,-0.0556,13.335570
13.338476,2,0x03,0.0000,0.0556,13.325523
13.338476,3,0x04,0.0000,0.0556,13.329513
13.339583,0,0x01,0.0000,0.1111,13.344540
13.339583,1,0x02,0.0000,-0.0556,13.335570
13.339583,2,0x03,0.0000,0.0556,13.338540
13.339583,3,0x04,0.0000,0.0556,13.341525
13.346346,0,0x01,0.0000,0.1111,13.344540
13.346346,1,0x02,0.0000,-0.0556,13.335570
13.346346,2,0x03,0.0000,0.0556,13.338540
13.346346,3,0x04,0.0000,0.0556,13.341525
13.347448,0,0x01,0.0000,0.1111,13.344540
13.347448,1,0x02,0.0000,-0.0556,13.335570
13.347448,2,0x03,0.0000,0.0556,13.338540
13.347448,3,0x04,0.0000,0.0556,13.341525
13.348510,0,0x01,0.0000,0.1111,13.344540
13.348510,1,0x02,0.0000,-0.0556,13.347521
13.348510,2,0x03,0.0000,0.0556,13.338540
13.348510,3,0x04,0.0000,0.0556,13.341525
13.349675,0,0x01,0.0000,0.1111,13.344540
13.349675,1,0x02,0.0000,-0.0556,13.347521
13.349675,2,0x03,0.0000,0.0556,13.350533
13.349675,3,0x04,0.0000,0.0556,13.341525
13.358235,0,0x01,0.0000,0.1111,13.344540
13.358235,1,0x02,0.0000,-0.0556,13.347521
13.358235,2,0x03,0.0000,0.0556,13.350533
13.358235,3,0x04,0.0000,0.0556,13.341525
13.359343,0,0x01,0.0000,0.1111,13.364557
13.359343,1,0x02,0.0000,-0.0556,13.365538
13.359343,2,0x03,0.0000,0.0556,13.366536
13.359343,3,0x04,0.0000,0.0556,13.341525
13.368306,0,0x01,0.0000,0.1111,13.364557
13.368306,1,0x02,0.0000,-0.0556,13.365538
13.368306,2,0x03,0.0000,0.0556,13.366536
13.368306,3,0x04,0.0000,0.0556,13.367522
13.369458,0,0x01,0.0000,0.0556,13.370530
13.369458,1,0x02,0.0000,-0.0556,13.373534
13.369458,2,0x03,0.0000,0.0556,13.375532
13.369458,3,0x04,0.0000,0.0556,13.367522
13.377323,0,0x01,0.0000,0.0556,13.370530
13.377323,1,0x02,0.0000,-0.0556,13.373534
13.377323,2,0x03,0.0000,0.0556,13.375532
13.377323,3,0x04,0.0000,0.0556,13.367522
13.378426,0,0x01,0.0000,0.0556,13.370530
13.378426,1,0x02,0.0000,-0.0556,13.373534
13.378426,2,0x03,0.0000,0.0556,13.375532
13.378426,3,0x04,0.0000,0.0556,13.367522
13.379506,0,0x01,0.0000,0.1111,13.381568
13.379506,1,0x02,0.0000,-0.0556,13.384573
13.379506,2,0x03,0.0000,0.0556,13.375532
13.379506,3,0x04,0.0000,0.0556,13.378524
13.386322,0,0x01,0.0000,0.1111,13.381568
13.386322,1,0x02,0.0000,-0.0556,13.384573
13.386322,2,0x03,0.0000,0.0556,13.375532
13.386322,3,0x04,0.0000,0.0556,13.378524
13.387483,0,0x01,0.0000,0.1111,13.381568
13.387483,1,0x02,0.0000,-0.0556,13.384573
13.387483,2,0x03,0.0000,0.0556,13.375532
13.387483,3,0x04,0.0000,0.0556,13.378524
13.388611,0,0x01,0.0000,0.1111,13.381568
13.388611,1,0x02,0.0000,-0.0556,13.384573
13.388611,2,0x03,0.0000,0.1111,13.387563
13.388611,3,0x04,0.0000,0.0556,13.378524
13.389756,0,0x01,0.0000,0.0556,13.393569
13.389756,1,0x02,0.0000,-0.0556,13.384573
13.389756,2,0x03,0.0000,0.1111,13.387563
13.389756,3,0x04,0.0000,0.0556,13.390525
13.397276,0,0x01,0.0000,0.0556,13.393569
13.397276,1,0x02,0.0000,-0.1111,13.396533
13.397276,2,0x03,0.0000,0.1111,13.387563
13.397276,3,0x04,0.0000,0.0556,13.390525
13.398453,0,0x01,0.0000,0.0556,13.393569
13.398453,1,0x02,0.0000,-0.1111,13.396533
13.398453,2,0x03,0.0000,0.1111,13.387563
13.398453,3,0x04,0.0000,0.0556,13.390525
13.399562,0,0x01,0.0000,0.0556,13.393569
13.399562,1,0x02,0.0000,-0.1111,13.396533
13.399562,2,0x03,0.0000,0.1111,13.387563
13.399562,3,0x04,0.0000,0.0556,13.390525
13.407177,0,0x01,0.0000,0.0556,13.393569
13.407177,1,0x02,0.0000,-0.1111,13.396533
13.407177,2,0x03,0.0000,0.1111,13.387563
13.407177,3,0x04,0.0000,0.0556,13.390525
13.408279,0,0x01,0.0000,0.0556,13.393569
13.408279,1,0x02,0.0000,-0.1111,13.396533
13.408279,2,0x03,0.0000,0.1111,13.387563
13.408279,3,0x04,0.0000,0.0556,13.390525
13.409439,0,0x01,0.0000,0.0556,13.410537
13.409439,1,0x02,0.0000,-0.0556,13.411534
13.409439,2,0x03,0.0000,0.1111,13.412571
13.409439,3,0x04,0.0000,0.1111,13.415560
13.417460,0,0x01,0.0000,0.0556,13.410537
13.417460,1,0x02,0.0000,-0.0556,13.411534
13.417460,2,0x03,0.0000,0.1111,13.412571
13.417460,3,0x04,0.0000,0.1111,13.415560
13.418604,0,0x01,0.0000,0.1111,13.418554
13.418604,1,0x02,0.0000,-0.0556,13.411534
13.418604,2,0x03,0.0000,0.1111,13.412571
13.418604,3,0x04,0.0000,0.1111,13.415560
13.419710,0,0x01,0.0000,0.1111,13.418554
13.419710,1,0x02,0.0000,-0.1111,13.421584
13.419710,2,0x03,0.0000,0.0556,13.423540
13.419710,3,0x04,0.0000,0.1111,13.415560
13.426219,0,0x01,0.0000,0.1111,13.418554
13.426219,1,0x02,0.0000,-0.1111,13.421584
13.426219,2,0x03,0.0000,0.0556,13.423540
13.426219,3,0x04,0.0000,0.1111,13.415560
13.427325,0,0x01,0.0000,0.1111,13.418554
13.427325,1,0x02,0.0000,-0.1111,13.421584
13.427325,2,0x03,0.0000,0.0556,13.423540
13.427325,3,0x04,0.0000,0.1111,13.415560
13.428407,0,0x01,0.0000,0.1111,13.418554
13.428407,1,0x02,0.0000,-0.1111,13.421584
13.428407,2,0x03,0.0000,0.0556,13.423540
13.428407,3,0x04,0.0000,0.0556,13.427533
13.429569,0,0x01,0.0000,0.0556,13.430529
13.429569,1,0x02,0.0000,-0.0556,13.432552
13.429569,2,0x03,0.0000,0.0556,13.423540
13.429569,3,0x04,0.0000,0.0556,13.427533
13.437413,0,0x01,0.0000,0.0556,13.430529
13.437413,1,0x02,0.0000,-0.0556,13.432552
13.437413,2,0x03,0.0000,0.1111,13.436553
13.437413,3,0x04,0.0000,0.0556,13.427533
13.438584,0,0x01,0.0000,0.0556,13.430529
13.438584,1,0x02,0.0000,-0.0556,13.432552
13.438584,2,0x03,0.0000,0.1111,13.436553
13.438584,3,0x04,0.0000,0.0556,13.427533
13.439664,0,0x01,0.0000,0.1111,13.441563
13.439664,1,0x02,0.0000,-0.0556,13.432552
13.439664,2,0x03,0.0000,0.1111,13.436553
13.439664,3,0x04,0.0000,0.0556,13.439537
13.447404,0,0x01,0.0000,0.1111,13.441563
13.447404,1,0x02,0.0000,-0.0556,13.432552
13.447404,2,0x03,0.0000,0.1111,13.436553
13.447404,3,0x04,0.0000,0.0556,13.439537
13.448504,0,0x01,0.0000,0.1111,13.441563
13.448504,1,0x02,0.0000,-0.0556,13.432552
13.448504,2,0x03,0.0000,0.1111,13.436553
13.448504,3,0x04,0.0000,0.0556,13.439537
13.449581,0,0x01,0.0000,0.1111,13.441563
13.449581,1,0x02,0.0000,-0.0556,13.432552
13.449581,2,0x03,0.0000,0.1111,13.436553
13.449581,3,0x04,0.0000,0.0556,13.439537
13.456471,0,0x01,0.0000,0.1111,13.441563
13.456471,1,0x02,0.0000,-0.0556,13.432552
13.456471,2,0x03,0.0000,0.1111,13.436553
13.456471,3,0x04,0.0000,0.0556,13.439537
13.457611,0,0x01,0.0000,0.1111,13.441563
13.457611,1,0x02,0.0000,-0.0556,13.432552
13.457611,2,0x03,0.0000,0.1111,13.436553
13.457611,3,0x04,0.0000,0.0556,13.439537
13.458739,0,0x01,0.0000,0.1111,13.441563
13.458739,1,0x02,0.0000,-0.0556,13.432552
13.458739,2,0x03,0.0000,0.1111,13.436553
13.458739,3,0x04,0.0000,0.0556,13.439537
13.459854,0,0x01,0.0000,0.1111,13.441563
13.459854,1,0x02,0.0000,-0.0556,13.432552
13.459854,2,0x03,0.0000,0.1111,13.436553
13.459854,3,0x04,0.0000,0.0556,13.439537
13.467258,0,0x01,0.0000,0.1111,13.441563
13.467258,1,0x02,0.0000,-0.0556,13.432552
13.467258,2,0x03,0.0000,0.1111,13.436553
13.467258,3,0x04,0.0000,0.0556,13.439537
13.468427,0,0x01,0.0000,0.1111,13.441563
13.468427,1,0x02,0.0000,-0.0556,13.432552
13.468427,2,0x03,0.0000,0.1111,13.436553
13.468427,3,0x04,0.0000,0.0556,13.439537
13.469586,0,0x01,0.0000,0.1111,13.441563
13.469586,1,0x02,0.0000,-0.0556,13.432552
13.469586,2,0x03,0.0000,0.1111,13.436553
13.469586,3,0x04,0.0000,0.0556,13.439537
13.476180,0,0x01,0.0000,0.1111,13.441563
13.476180,1,0x02,0.0000,-0.0556,13.432552
13.476180,2,0x03,0.0000,0.1111,13.436553
13.476180,3,0x04,0.0000,0.0556,13.439537
13.477260,0,0x01,0.0000,0.1111,13.441563
13.477260,1,0x02,0.0000,-0.0556,13.432552
13.477260,2,0x03,0.0000,0.1111,13.436553
13.477260,3,0x04,0.0000,0.0556,13.439537
13.478331,0,0x01,0.0000,0.1111,13.441563
13.478331,1,0x02,0.0000,-0.0556,13.432552
13.478331,2,0x03,0.0000,0.1111,13.436553
13.478331,3,0x04,0.0000,0.0556,13.439537
13.479404,0,0x01,0.0000,0.1111,13.482562
13.479404,1,0x02,0.0000,-0.0556,13.483557
13.479404,2,0x03,0.0000,0.1111,13.480554
13.479404,3,0x04,0.0000,0.0556,13.481557
13.485468,0,0x01,0.0000,0.1111,13.482562
13.485468,1,0x02,0.0000,-0.0556,13.483557
13.485468,2,0x03,0.0000,0.1111,13.480554
13.485468,3,0x04,0.0000,0.0556,13.484554
13.486655,0,0x01,0.0000,0.0556,13.485605
13.486655,1,0x02,0.0000,-0.0556,13.486531
13.486655,2,0x03,0.0000,0.1111,13.480554
13.486655,3,0x04,0.0000,0.0556,13.484554
13.487784,0,0x01,0.0000,0.0556,13.485605
13.487784,1,0x02,0.0000,-0.0556,13.486531
13.487784,2,0x03,0.0000,0.1111,13.480554
13.487784,3,0x04,0.0000,0.0556,13.487539
13.488894,0,0x01,0.0000,0.1111,13.488531
13.488894,1,0x02,0.0000,-0.1111,13.489534
13.488894,2,0x03,0.0000,0.0556,13.490566
13.488894,3,0x04,0.0000,0.0556,13.487539
13.496229,0,0x01,0.0000,0.1111,13.488531
13.496229,1,0x02,0.0000,-0.1111,13.489534
13.496229,2,0x03,0.0000,0.0556,13.490566
13.496229,3,0x04,0.0000,0.0556,13.487539
13.497309,0,0x01,0.0000,0.1111,13.488531
13.497309,1,0x02,0.0000,-0.1111,13.489534
13.497309,2,0x03,0.0000,0.0556,13.490566
13.497309,3,0x04,0.0000,0.0556,13.487539
13.498413,0,0x01,0.0000,0.1111,13.488531
13.498413,1,0x02,0.0000,-0.1111,13.489534
13.498413,2,0x03,0.0000,0.0556,13.490566
13.498413,3,0x04,0.0000,0.0556,13.487539
13.499508,0,0x01,0.0000,0.1111,13.504587
13.499508,1,0x02,0.0000,-0.0556,13.505555
13.499508,2,0x03,0.0000,0.1111,13.503554
13.499508,3,0x04,0.0000,0.0556,13.501613
13.507357,0,0x01,0.0000,0.1111,13.504587
13.507357,1,0x02,0.0000,-0.0556,13.505555
13.507357,2,0x03,0.0000,0.1111,13.506552
13.507357,3,0x04,0.0000,0.0556,13.501613
13.508507,0,0x01,0.0000,0.1111,13.504587
13.508507,1,0x02,0.0000,-0.0556,13.505555
13.508507,2,0x03,0.0000,0.1111,13.506552
13.508507,3,0x04,0.0000,0.0556,13.501613
13.509612,0,0x01,0.0000,0.0556,13.511557
13.509612,1,0x02,0.0000,-0.0556,13.514565
13.509612,2,0x03,0.0000,0.1111,13.506552
13.509612,3,0x04,0.0000,0.0556,13.508562
13.516297,0,0x01,0.0000,0.0556,13.511557
13.516297,1,0x02,0.0000,-0.0556,13.514565
13.516297,2,0x03,0.0000,0.1111,13.506552
13.516297,3,0x04,0.0000,0.0556,13.508562
13.517423,0,0x01,0.0000,0.0556,13.511557
13.517423,1,0x02,0.0000,-0.0556,13.514565
13.517423,2,0x03,0.0000,0.1111,13.506552
13.517423,3,0x04,0.0000,0.0556,13.508562
13.518506,0,0x01,0.0000,0.0556,13.511557
13.518506,1,0x02,0.0000,-0.0556,13.514565
13.518506,2,0x03,0.0000,0.1111,13.517549
13.518506,3,0x04,0.0000,0.0556,13.508562
13.519675,0,0x01,0.0000,0.1111,13.523568
13.519675,1,0x02,0.0000,-0.0556,13.525560
13.519675,2,0x03,0.0000,0.1111,13.517549
13.519675,3,0x04,0.0000,0.0556,13.520558
13.527262,0,0x01,0.0000,0.1111,13.523568
13.527262,1,0x02,0.0000,-0.0556,13.525560
13.527262,2,0x03,0.0000,0.1111,13.517549
13.527262,3,0x04,0.0000,0.0556,13.520558
13.528363,0,0x01,0.0000,0.1111,13.523568
13.528363,1,0x02,0.0000,-0.0556,13.525560
13.528363,2,0x03,0.0000,0.1111,13.517549
13.528363,3,0x04,0.0000,0.0556,13.520558
13.529466,0,0x01,0.0000,0.0556,13.534590
13.529466,1,0x02,0.0000,-0.0556,13.525560
13.529466,2,0x03,0.0000,0.0556,13.528551
13.529466,3,0x04,0.0000,0.0556,13.531600
13.536307,0,0x01,0.0000,0.0556,13.534590
13.536307,1,0x02,0.0000,-0.0556,13.525560
13.536307,2,0x03,0.0000,0.0556,13.528551
13.536307,3,0x04,0.0000,0.0556,13.531600
13.537390,0,0x01,0.0000,0.0556,13.534590
13.537390,1,0x02,0.0000,-0.0556,13.525560
13.537390,2,0x03,0.0000,0.0556,13.528551
13.537390,3,0x04,0.0000,0.0556,13.531600
13.538482,0,0x01,0.0000,0.0556,13.534590
13.538482,1,0x02,0.0000,-0.0556,13.525560
13.538482,2,0x03,0.0000,0.0556,13.528551
13.538482,3,0x04,0.0000,0.0556,13.531600
13.539564,0,0x01,0.0000,0.0556,13.534590
13.539564,1,0x02,0.0000,-0.0556,13.525560
13.539564,2,0x03,0.0000,0.0556,13.528551
13.539564,3,0x04,0.0000,0.0556,13.531600
13.547164,0,0x01,0.0000,0.0556,13.534590
13.547164,1,0x02,0.0000,-0.0556,13.525560
13.547164,2,0x03,0.0000,0.0556,13.528551
13.547164,3,0x04,0.0000,0.0556,13.531600
13.548247,0,0x01,0.0000,0.0556,13.534590
13.548247,1,0x02,0.0000,-0.0556,13.525560
13.548247,2,0x03,0.0000,0.0556,13.528551
13.548247,3,0x04,0.0000,0.0556,13.531600
13.549376,0,0x01,0.0000,0.0556,13.534590
13.549376,1,0x02,0.0000,-0.0556,13.525560
13.549376,2,0x03,0.0000,0.0556,13.528551
13.549376,3,0x04,0.0000,0.0556,13.531600
13.556228,0,0x01,0.0000,0.0556,13.534590
13.556228,1,0x02,0.0000,-0.0556,13.525560
13.556228,2,0x03,0.0000,0.0556,13.528551
13.556228,3,0x04,0.0000,0.0556,13.531600
13.557328,0,0x01,0.0000,0.0556,13.534590
13.557328,1,0x02,0.0000,-0.0556,13.525560
13.557328,2,0x03,0.0000,0.0556,13.528551
13.557328,3,0x04,0.0000,0.0556,13.531600
13.558426,0,0x01,0.0000,0.0556,13.534590
13.558426,1,0x02,0.0000,-0.0556,13.525560
13.558426,2,0x03,0.0000,0.0556,13.528551
13.558426,3,0x04,0.0000,0.0556,13.531600
13.559507,0,0x01,0.0000,0.0556,13.534590
13.559507,1,0x02,0.0000,-0.0556,13.525560
13.559507,2,0x03,0.0000,0.0556,13.528551
13.559507,3,0x04,0.0000,0.0556,13.531600
13.567261,0,0x01,0.0000,0.0556,13.534590
13.567261,1,0x02,0.0000,-0.0556,13.525560
13.567261,2,0x03,0.0000,0.0556,13.528551
13.567261,3,0x04,0.0000,0.0556,13.531600
13.568348,0,0x01,0.0000,0.0556,13.534590
13.568348,1,0x02,0.0000,-0.0556,13.525560
13.568348,2,0x03,0.0000,0.0556,13.528551
13.568348,3,0x04,0.0000,0.0556,13.531600
13.569428,0,0x01,0.0000,0.1111,13.574588
13.569428,1,0x02,0.0000,-0.0556,13.575595
13.569428,2,0x03,0.0000,0.0556,13.572604
13.569428,3,0x04,0.0000,0.0556,13.573606
13.577325,0,0x01,0.0000,0.1111,13.574588
13.577325,1,0x02,0.0000,-0.0556,13.575595
13.577325,2,0x03,0.0000,0.0556,13.572604
13.577325,3,0x04,0.0000,0.0556,13.576586
13.578459,0,0x01,0.0000,0.1111,13.577549
13.578459,1,0x02,0.0000,-0.0556,13.575595
13.578459,2,0x03,0.0000,0.0556,13.572604
13.578459,3,0x04,0.0000,0.0556,13.576586
13.579623,0,0x01,0.0000,0.1111,13.583579
13.579623,1,0x02,0.0000,-0.1111,13.581581
13.579623,2,0x03,0.0000,0.0556,13.582584
13.579623,3,0x04,0.0000,0.0556,13.579571
13.586413,0,0x01,0.0000,0.1111,13.583579
13.586413,1,0x02,0.0000,-0.1111,13.581581
13.586413,2,0x03,0.0000,0.0556,13.582584
13.586413,3,0x04,0.0000,0.0556,13.579571
13.587492,0,0x01,0.0000,0.1111,13.583579
13.587492,1,0x02,0.0000,-0.1111,13.581581
13.587492,2,0x03,0.0000,0.0556,13.582584
13.587492,3,0x04,0.0000,0.0556,13.579571
13.588578,0,0x01,0.0000,0.1111,13.583579
13.588578,1,0x02,0.0000,-0.1111,13.581581
13.588578,2,0x03,0.0000,0.0556,13.582584
13.588578,3,0x04,0.0000,0.0556,13.579571
13.589675,0,0x01,0.0000,0.1111,13.583579
13.589675,1,0x02,0.0000,-0.1111,13.581581
13.589675,2,0x03,0.0000,0.0556,13.582584
13.589675,3,0x04,0.0000,0.0556,13.579571
13.597239,0,0x01,0.0000,0.1111,13.583579
13.597239,1,0x02,0.0000,-0.1111,13.581581
13.597239,2,0x03,0.0000,0.0556,13.582584
13.597239,3,0x04,0.0000,0.0556,13.579571
13.598356,0,0x01,0.0000,0.1111,13.583579
13.598356,1,0x02,0.0000,-0.1111,13.581581
13.598356,2,0x03,0.0000,0.0556,13.582584
13.598356,3,0x04,0.0000,0.0556,13.579571
13.599474,0,0x01,0.0000,0.1111,13.583579
13.599474,1,0x02,0.0000,-0.1111,13.581581
13.599474,2,0x03,0.0000,0.0556,13.582584
13.599474,3,0x04,0.0000,0.0556,13.579571
13.606362,0,0x01,0.0000,0.1111,13.583579
13.606362,1,0x02,0.0000,-0.1111,13.581581
13.606362,2,0x03,0.0000,0.0556,13.582584
13.606362,3,0x04,0.0000,0.0556,13.579571
13.607469,0,0x01,0.0000,0.1111,13.583579
13.607469,1,0x02,0.0000,-0.1111,13.581581
13.607469,2,0x03,0.0000,0.0556,13.582584
13.607469,3,0x04,0.0000,0.0556,13.579571
13.608581,0,0x01,0.0000,0.1111,13.583579
13.608581,1,0x02,0.0000,-0.1111,13.581581
13.608581,2,0x03,0.0000,0.0556,13.582584
13.608581,3,0x04,0.0000,0.0556,13.579571
13.609665,0,0x01,0.0000,0.1111,13.583579
13.609665,1,0x02,0.0000,-0.1111,13.581581
13.609665,2,0x03,0.0000,0.0556,13.582584
13.609665,3,0x04,0.0000,0.0556,13.579571
13.617268,0,0x01,0.0000,0.1111,13.583579
13.617268,1,0x02,0.0000,-0.1111,13.581581
13.617268,2,0x03,0.0000,0.0556,13.582584
13.617268,3,0x04,0.0000,0.0556,13.579571
13.618352,0,0x01,0.0000,0.1111,13.583579
13.618352,1,0x02,0.0000,-0.1111,13.581581
13.618352,2,0x03,0.0000,0.0556,13.582584
13.618352,3,0x04,0.0000,0.0556,13.579571
13.619461,0,0x01,0.0000,0.1111,13.622582
13.619461,1,0x02,0.0000,-0.0556,13.623580
13.619461,2,0x03,0.0000,0.1111,13.620583
13.619461,3,0x04,0.0000,0.0556,13.624582
13.626356,0,0x01,0.0000,0.0556,13.625584
13.626356,1,0x02,0.0000,-0.0556,13.623580
13.626356,2,0x03,0.0000,0.1111,13.620583
13.626356,3,0x04,0.0000,0.0556,13.624582
13.627473,0,0x01,0.0000,0.0556,13.625584
13.627473,1,0x02,0.0000,-0.1111,13.626560
13.627473,2,0x03,0.0000,0.1111,13.620583
13.627473,3,0x04,0.0000,0.0556,13.624582
13.628612,0,0x01,0.0000,0.1111,13.628581
13.628612,1,0x02,0.0000,-0.1111,13.626560
13.628612,2,0x03,0.0000,0.1111,13.620583
13.628612,3,0x04,0.0000,0.0556,13.627560
13.629730,0,0x01,0.0000,0.1111,13.628581
13.629730,1,0x02,0.0000,-0.0556,13.629563
13.629730,2,0x03,0.0000,0.1111,13.620583
13.629730,3,0x04,0.0000,0.0556,13.630576
13.637345,0,0x01,0.0000,0.1111,13.628581
13.637345,1,0x02,0.0000,-0.0556,13.629563
13.637345,2,0x03,0.0000,0.1111,13.620583
13.637345,3,0x04,0.0000,0.0556,13.630576
13.638446,0,0x01,0.0000,0.1111,13.628581
13.638446,1,0x02,0.0000,-0.0556,13.629563
13.638446,2,0x03,0.0000,0.1111,13.620583
13.638446,3,0x04,0.0000,0.0556,13.630576
13.639504,0,0x01,0.0000,0.1111,13.628581
13.639504,1,0x02,0.0000,-0.0556,13.629563
13.639504,2,0x03,0.0000,0.1111,13.620583
13.639504,3,0x04,0.0000,0.0556,13.630576
13.647374,0,0x01,0.0000,0.1111,13.628581
13.647374,1,0x02,0.0000,-0.0556,13.629563
13.647374,2,0x03,0.0000,0.1111,13.620583
13.647374,3,0x04,0.0000,0.0556,13.630576
13.648508,0,0x01,0.0000,0.1111,13.628581
13.648508,1,0x02,0.0000,-0.0556,13.629563
13.648508,2,0x03,0.0000,0.1111,13.620583
13.648508,3,0x04,0.0000,0.0556,13.630576
13.649617,0,0x01,0.0000,0.1111,13.628581
13.649617,1,0x02,0.0000,-0.0556,13.629563
13.649617,2,0x03,0.0000,0.1111,13.620583
13.649617,3,0x04,0.0000,0.0556,13.630576
13.656262,0,0x01,0.0000,0.1111,13.628581
13.656262,1,0x02,0.0000,-0.0556,13.629563
13.656262,2,0x03,0.0000,0.1111,13.620583
13.656262,3,0x04,0.0000,0.0556,13.630576
13.657360,0,0x01,0.0000,0.1111,13.628581
13.657360,1,0x02,0.0000,-0.0556,13.629563
13.657360,2,0x03,0.0000,0.1111,13.620583
13.657360,3,0x04,0.0000,0.0556,13.630576
13.658471,0,0x01,0.0000,0.1111,13.628581
13.658471,1,0x02,0.0000,-0.0556,13.629563
13.658471,2,0x03,0.0000,0.1111,13.620583
13.658471,3,0x04,0.0000,0.0556,13.630576
13.659574,0,0x01,0.0000,0.1111,13.628581
13.659574,1,0x02,0.0000,-0.0556,13.629563
13.659574,2,0x03,0.0000,0.1111,13.620583
13.659574,3,0x04,0.0000,0.0556,13.630576
13.667278,0,0x01,0.0000,0.1111,13.628581
13.667278,1,0x02,0.0000,-0.0556,13.629563
13.667278,2,0x03,0.0000,0.1111,13.620583
13.667278,3,0x04,0.0000,0.0556,13.630576
13.668369,0,0x01,0.0000,0.1111,13.628581
13.668369,1,0x02,0.0000,-0.0556,13.629563
13.668369,2,0x03,0.0000,0.1111,13.620583
13.668369,3,0x04,0.0000,0.0556,13.630576
13.669482,0,0x01,0.0000,0.1111,13.628581
13.669482,1,0x02,0.0000,-0.0556,13.629563
13.669482,2,0x03,0.0000,0.1111,13.620583
13.669482,3,0x04,0.0000,0.0556,13.630576
13.676234,0,0x01,0.0000,0.1111,13.628581
13.676234,1,0x02,0.0000,-0.0556,13.629563
13.676234,2,0x03,0.0000,0.1111,13.620583
13.676234,3,0x04,0.0000,0.0556,13.630576
13.677334,0,0x01,0.0000,0.1111,13.628581
13.677334,1,0x02,0.0000,-0.0556,13.676597
13.677334,2,0x03,0.0000,0.1111,13.620583
13.677334,3,0x04,0.0000,0.0556,13.630576
13.678467,0,0x01,0.0000,0.1111,13.628581
13.678467,1,0x02,0.0000,-0.0556,13.676597
13.678467,2,0x03,0.0000,0.0556,13.677573
13.678467,3,0x04,0.0000,0.0556,13.630576
13.679638,0,0x01,0.0000,0.1111,13.685599
13.679638,1,0x02,0.0000,-0.0556,13.683628
13.679638,2,0x03,0.0000,0.1111,13.684622
13.679638,3,0x04,0.0000,0.0556,13.679587
13.687442,0,0x01,0.0000,0.1111,13.685599
13.687442,1,0x02,0.0000,-0.0556,13.686578
13.687442,2,0x03,0.0000,0.1111,13.684622
13.687442,3,0x04,0.0000,0.0556,13.679587
13.688501,0,0x01,0.0000,0.1111,13.685599
13.688501,1,0x02,0.0000,-0.0556,13.686578
13.688501,2,0x03,0.0000,0.1111,13.687598
13.688501,3,0x04,0.0000,0.0556,13.679587
13.689597,0,0x01,0.0000,0.1111,13.692604
13.689597,1,0x02,0.0000,-0.1111,13.690577
13.689597,2,0x03,0.0000,0.1111,13.687598
13.689597,3,0x04,0.0000,0.0556,13.691604
13.697326,0,0x01,0.0000,0.1111,13.692604
13.697326,1,0x02,0.0000,-0.1111,13.690577
13.697326,2,0x03,0.0000,0.1111,13.687598
13.697326,3,0x04,0.0000,0.0556,13.691604
13.698428,0,0x01,0.0000,0.1111,13.692604
13.698428,1,0x02,0.0000,-0.1111,13.690577
13.698428,2,0x03,0.0000,0.1111,13.687598
13.698428,3,0x04,0.0000,0.0556,13.691604
13.699509,0,0x01,0.0000,0.1111,13.692604
13.699509,1,0x02,0.0000,-0.1111,13.690577
13.699509,2,0x03,0.0000,0.1111,13.687598
13.699509,3,0x04,0.0000,0.0556,13.691604
13.706265,0,0x01,0.0000,0.1111,13.692604
13.706265,1,0x02,0.0000,-0.1111,13.690577
13.706265,2,0x03,0.0000,0.1111,13.687598
13.706265,3,0x04,0.0000,0.0556,13.691604
13.707379,0,0x01,0.0000,0.1111,13.692604
13.707379,1,0x02,0.0000,-0.1111,13.690577
13.707379,2,0x03,0.0000,0.1111,13.687598
13.707379,3,0x04,0.0000,0.0556,13.691604
13.708479,0,0x01,0.0000,0.1111,13.692604
13.708479,1,0x02,0.0000,-0.1111,13.690577
13.708479,2,0x03,0.0000,0.1111,13.687598
13.708479,3,0x04,0.0000,0.0556,13.691604
13.709578,0,0x01,0.0000,0.1111,13.692604
13.709578,1,0x02,0.0000,-0.1111,13.690577
13.709578,2,0x03,0.0000,0.1111,13.687598
13.709578,3,0x04,0.0000,0.0556,13.691604
13.717255,0,0x01,0.0000,0.1111,13.692604
13.717255,1,0x02,0.0000,-0.1111,13.690577
13.717255,2,0x03,0.0000,0.1111,13.687598
13.717255,3,0x04,0.0000,0.0556,13.691604
13.718335,0,0x01,0.0000,0.1111,13.692604
13.718335,1,0x02,0.0000,-0.1111,13.690577
13.718335,2,0x03,0.0000,0.1111,13.687598
13.718335,3,0x04,0.0000,0.0556,13.691604
13.719432,0,0x01,0.0000,0.1111,13.692604
13.719432,1,0x02,0.0000,-0.1111,13.690577
13.719432,2,0x03,0.0000,0.1111,13.687598
13.719432,3,0x04,0.0000,0.0556,13.691604
13.726222,0,0x01,0.0000,0.1111,13.692604
13.726222,1,0x02,0.0000,-0.1111,13.690577
13.726222,2,0x03,0.0000,0.1111,13.687598
13.726222,3,0x04,0.0000,0.0556,13.691604
13.727323,0,0x01,0.0000,0.1111,13.692604
13.727323,1,0x02,0.0000,-0.1111,13.690577
13.727323,2,0x03,0.0000,0.1111,13.687598
13.727323,3,0x04,0.0000,0.0556,13.691604
13.728409,0,0x01,0.0000,0.1111,13.692604
13.728409,1,0x02,0.0000,-0.1111,13.690577
13.728409,2,0x03,0.0000,0.1111,13.687598
13.728409,3,0x04,0.0000,0.0556,13.691604
13.729511,0,0x01,0.0000,0.0556,13.733645
13.729511,1,0x02,0.0000,-0.0556,13.734614
13.729511,2,0x03,0.0000,0.1111,13.735614
13.729511,3,0x04,0.0000,0.0556,13.729581
13.737432,0,0x01,0.0000,0.1111,13.736584
13.737432,1,0x02,0.0000,-0.0556,13.734614
13.737432,2,0x03,0.0000,0.1111,13.735614
13.737432,3,0x04,0.0000,0.0556,13.729581
13.738503,0,0x01,0.0000,0.1111,13.736584
13.738503,1,0x02,0.0000,-0.0556,13.737600
13.738503,2,0x03,0.0000,0.1111,13.735614
13.738503,3,0x04,0.0000,0.0556,13.729581
13.739612,0,0x01,0.0000,0.1111,13.740590
13.739612,1,0x02,0.0000,-0.0556,13.737600
13.739612,2,0x03,0.0000,0.0556,13.738591
13.739612,3,0x04,0.0000,0.0556,13.739584
13.749394,0,0x01,0.0000,0.1111,13.753655
13.749394,1,0x02,0.0000,-0.1111,13.751673
13.749394,2,0x03,0.0000,0.0556,13.738591
13.749394,3,0x04,0.0000,0.0556,13.752611
13.755373,0,0x01,0.0000,0.1111,13.753655
13.755373,1,0x02,0.0000,-0.0556,13.754615
13.755373,2,0x03,0.0000,0.0556,13.738591
13.755373,3,0x04,0.0000,0.0556,13.752611
13.756516,0,0x01,0.0000,0.1111,13.753655
13.756516,1,0x02,0.0000,-0.0556,13.754615
13.756516,2,0x03,0.0000,0.0556,13.755587
13.756516,3,0x04,0.0000,0.0556,13.752611
13.757610,0,0x01,0.0000,0.1111,13.753655
13.757610,1,0x02,0.0000,-0.0556,13.754615
13.757610,2,0x03,0.0000,0.0556,13.755587
13.757610,3,0x04,0.0000,0.0000,13.756589
13.758708,0,0x01,0.0000,0.1111,13.753655
13.758708,1,0x02,0.0000,-0.0556,13.754615
13.758708,2,0x03,0.0000,0.0556,13.755587
13.758708,3,0x04,0.0000,0.0000,13.756589
13.759805,0,0x01,0.0000,0.1111,13.759595
13.759805,1,0x02,0.0000,-0.0556,13.762628
13.759805,2,0x03,0.0000,0.0556,13.765627
13.759805,3,0x04,0.0000,0.0000,13.756589
13.767370,0,0x01,0.0000,0.1111,13.759595
13.767370,1,0x02,0.0000,-0.0556,13.762628
13.767370,2,0x03,0.0000,0.0556,13.765627
13.767370,3,0x04,0.0000,0.0000,13.756589
13.768516,0,0x01,0.0000,0.1111,13.759595
13.768516,1,0x02,0.0000,-0.0556,13.762628
13.768516,2,0x03,0.0000,0.0556,13.765627
13.768516,3,0x04,0.0000,0.0000,13.756589
13.769615,0,0x01,0.0000,0.1111,13.771629
13.769615,1,0x02,0.0000,-0.0556,13.774620
13.769615,2,0x03,0.0000,0.0556,13.765627
13.769615,3,0x04,0.0000,0.0556,13.768609
13.776330,0,0x01,0.0000,0.1111,13.771629
13.776330,1,0x02,0.0000,-0.0556,13.774620
13.776330,2,0x03,0.0000,0.0556,13.765627
13.776330,3,0x04,0.0000,0.0556,13.768609
13.777445,0,0x01,0.0000,0.1111,13.771629
13.777445,1,0x02,0.0000,-0.0556,13.774620
13.777445,2,0x03,0.0000,0.0556,13.765627
13.777445,3,0x04,0.0000,0.0556,13.768609
13.778505,0,0x01,0.0000,0.1111,13.771629
13.778505,1,0x02,0.0000,-0.0556,13.774620
13.778505,2,0x03,0.0000,0.0556,13.777600
13.778505,3,0x04,0.0000,0.0556,13.768609
13.779634,0,0x01,0.0000,0.0556,13.783627
13.779634,1,0x02,0.0000,-0.0556,13.774620
13.779634,2,0x03,0.0000,0.0556,13.777600
13.779634,3,0x04,0.0000,0.0556,13.780600
13.787351,0,0x01,0.0000,0.0556,13.783627
13.787351,1,0x02,0.0000,-0.0556,13.774620
13.787351,2,0x03,0.0000,0.0556,13.777600
13.787351,3,0x04,0.0000,0.0556,13.780600
13.788502,0,0x01,0.0000,0.0556,13.783627
13.788502,1,0x02,0.0000,-0.0556,13.774620
13.788502,2,0x03,0.0000,0.0556,13.777600
13.788502,3,0x04,0.0000,0.0556,13.780600
13.789579,0,0x01,0.0000,0.0556,13.783627
13.789579,1,0x02,0.0000,-0.0556,13.774620
13.789579,2,0x03,0.0000,0.0556,13.777600
13.789579,3,0x04,0.0000,0.0556,13.780600
13.797242,0,0x01,0.0000,0.0556,13.783627
13.797242,1,0x02,0.0000,-0.0556,13.774620
13.797242,2,0x03,0.0000,0.0556,13.777600
13.797242,3,0x04,0.0000,0.0556,13.780600
13.798331,0,0x01,0.0000,0.0556,13.783627
13.798331,1,0x02,0.0000,-0.0556,13.774620
13.798331,2,0x03,0.0000,0.0556,13.797615
13.798331,3,0x04,0.0000,0.0556,13.780600
13.799471,0,0x01,0.0000,0.1111,13.799618
13.799471,1,0x02,0.0000,-0.0556,13.800623
13.799471,2,0x03,0.0000,0.0556,13.801642
13.799471,3,0x04,0.0000,0.0556,13.803624
13.806379,0,0x01,0.0000,0.1111,13.799618
13.806379,1,0x02,0.0000,-0.0556,13.800623
13.806379,2,0x03,0.0000,0.0556,13.801642
13.806379,3,0x04,0.0000,0.0556,13.803624
13.807461,0,0x01,0.0000,0.1111,13.799618
13.807461,1,0x02,0.0000,-0.0556,13.800623
13.807461,2,0x03,0.0000,0.0556,13.801642
13.807461,3,0x04,0.0000,0.0556,13.803624
13.808561,0,0x01,0.0000,0.1111,13.807610
13.808561,1,0x02,0.0000,-0.0556,13.800623
13.808561,2,0x03,0.0000,0.0556,13.801642
13.808561,3,0x04,0.0000,0.0556,13.803624
13.809661,0,0x01,0.0000,0.1111,13.807610
13.809661,1,0x02,0.0000,-0.0556,13.810619
13.809661,2,0x03,0.0000,0.0556,13.812622
13.809661,3,0x04,0.0000,0.0556,13.815627
13.817379,0,0x01,0.0000,0.1111,13.807610
13.817379,1,0x02,0.0000,-0.0556,13.810619
13.817379,2,0x03,0.0000,0.0556,13.812622
13.817379,3,0x04,0.0000,0.0556,13.815627
13.818508,0,0x01,0.0000,0.1111,13.807610
13.818508,1,0x02,0.0000,-0.0556,13.810619
13.818508,2,0x03,0.0000,0.0556,13.812622
13.818508,3,0x04,0.0000,0.0556,13.815627
13.819614,0,0x01,0.0000,0.1111,13.818616
13.819614,1,0x02,0.0000,-0.0556,13.820626
13.819614,2,0x03,0.0000,0.1111,13.823628
13.819614,3,0x04,0.0000,0.0556,13.815627
13.826348,0,0x01,0.0000,0.1111,13.818616
13.826348,1,0x02,0.0000,-0.0556,13.820626
13.826348,2,0x03,0.0000,0.1111,13.823628
13.826348,3,0x04,0.0000,0.0556,13.815627
13.827444,0,0x01,0.0000,0.1111,13.818616
13.827444,1,0x02,0.0000,-0.0556,13.820626
13.827444,2,0x03,0.0000,0.1111,13.823628
13.827444,3,0x04,0.0000,0.0556,13.815627
13.828501,0,0x01,0.0000,0.1111,13.818616
13.828501,1,0x02,0.0000,-0.0556,13.820626
13.828501,2,0x03,0.0000,0.1111,13.823628
13.828501,3,0x04,0.0000,0.0556,13.827612
13.829601,0,0x01,0.0000,0.1111,13.830619
13.829601,1,0x02,0.0000,-0.0556,13.820626
13.829601,2,0x03,0.0000,0.1111,13.823628
13.829601,3,0x04,0.0000,0.0556,13.827612
13.837335,0,0x01,0.0000,0.1111,13.830619
13.837335,1,0x02,0.0000,-0.0556,13.820626
13.837335,2,0x03,0.0000,0.1111,13.823628
13.837335,3,0x04,0.0000,0.0556,13.827612
13.838451,0,0x01,0.0000,0.1111,13.830619
13.838451,1,0x02,0.0000,-0.0556,13.820626
13.838451,2,0x03,0.0000,0.1111,13.823628
13.838451,3,0x04,0.0000,0.0556,13.827612
13.839506,0,0x01,0.0000,0.1111,13.830619
13.839506,1,0x02,0.0000,-0.0556,13.820626
13.839506,2,0x03,0.0000,0.1111,13.823628
13.839506,3,0x04,0.0000,0.0556,13.827612
13.846295,0,0x01,0.0000,0.1111,13.830619
13.846295,1,0x02,0.0000,-0.0556,13.820626
13.846295,2,0x03,0.0000,0.1111,13.823628
13.846295,3,0x04,0.0000,0.0556,13.827612
13.847380,0,0x01,0.0000,0.1111,13.830619
13.847380,1,0x02,0.0000,-0.0556,13.820626
13.847380,2,0x03,0.0000,0.1111,13.823628
13.847380,3,0x04,0.0000,0.0556,13.827612
13.848511,0,0x01,0.0000,0.1111,13.830619
13.848511,1,0x02,0.0000,-0.0556,13.820626
13.848511,2,0x03,0.0000,0.1111,13.823628
13.848511,3,0x04,0.0000,0.0556,13.827612
13.849645,0,0x01,0.0000,0.1111,13.830619
13.849645,1,0x02,0.0000,-0.0556,13.820626
13.849645,2,0x03,0.0000,0.1111,13.823628
13.849645,3,0x04,0.0000,0.0556,13.827612
13.857310,0,0x01,0.0000,0.1111,13.830619
13.857310,1,0x02,0.0000,-0.0556,13.820626
13.857310,2,0x03,0.0000,0.1111,13.823628
13.857310,3,0x04,0.0000,0.0556,13.827612
13.858389,0,0x01,0.0000,0.1111,13.830619
13.858389,1,0x02,0.0000,-0.0556,13.820626
13.858389,2,0x03,0.0000,0.1111,13.823628
13.858389,3,0x04,0.0000,0.0556,13.827612
13.859485,0,0x01,0.0000,0.1111,13.830619
13.859485,1,0x02,0.0000,-0.0556,13.820626
13.859485,2,0x03,0.0000,0.1111,13.823628
13.859485,3,0x04,0.0000,0.0556,13.827612
13.866310,0,0x01,0.0000,0.1111,13.830619
13.866310,1,0x02,0.0000,-0.0556,13.820626
13.866310,2,0x03,0.0000,0.1111,13.823628
13.866310,3,0x04,0.0000,0.0556,13.827612
13.867403,0,0x01,0.0000,0.1111,13.830619
13.867403,1,0x02,0.0000,-0.0556,13.820626
13.867403,2,0x03,0.0000,0.1111,13.823628
13.867403,3,0x04,0.0000,0.0556,13.827612
13.868512,0,0x01,0.0000,0.1111,13.830619
13.868512,1,0x02,0.0000,-0.0556,13.820626
13.868512,2,0x03,0.0000,0.1111,13.823628
13.868512,3,0x04,0.0000,0.0556,13.827612
13.869737,0,0x01,0.0000,0.1111,13.873655
13.869737,1,0x02,0.0000,-0.0556,13.874649
13.869737,2,0x03,0.0000,0.1111,13.875646
13.869737,3,0x04,0.0000,0.0556,13.827612
13.877448,0,0x01,0.0000,0.1111,13.873655
13.877448,1,0x02,0.0000,-0.0556,13.874649
13.877448,2,0x03,0.0000,0.1111,13.875646
13.877448,3,0x04,0.0000,0.0556,13.876638
13.878575,0,0x01,0.0000,0.1111,13.877628
13.878575,1,0x02,0.0000,-0.0556,13.874649
13.878575,2,0x03,0.0000,0.1111,13.875646
13.878575,3,0x04,0.0000,0.0556,13.876638
13.879696,0,0x01,0.0000,0.1111,13.880647
13.879696,1,0x02,0.0000,-0.0556,13.878650
13.879696,2,0x03,0.0000,0.1111,13.875646
13.879696,3,0x04,0.0000,0.0556,13.879647
13.886404,0,0x01,0.0000,0.1111,13.880647
13.886404,1,0x02,0.0000,-0.0556,13.878650
13.886404,2,0x03,0.0000,0.1111,13.875646
13.886404,3,0x04,0.0000,0.0556,13.879647
13.887546,0,0x01,0.0000,0.1111,13.880647
13.887546,1,0x02,0.0000,-0.0556,13.878650
13.887546,2,0x03,0.0000,0.1111,13.875646
13.887546,3,0x04,0.0000,0.0556,13.879647
13.888638,0,0x01,0.0000,0.1111,13.880647
13.888638,1,0x02,0.0000,-0.0556,13.878650
13.888638,2,0x03,0.0000,0.1111,13.875646
13.888638,3,0x04,0.0000,0.0556,13.879647
13.889736,0,0x01,0.0000,0.1111,13.880647
13.889736,1,0x02,0.0000,-0.0556,13.878650
13.889736,2,0x03,0.0000,0.1111,13.875646
13.889736,3,0x04,0.0000,0.0556,13.879647
13.897319,0,0x01,0.0000,0.1111,13.880647
13.897319,1,0x02,0.0000,-0.0556,13.878650
13.897319,2,0x03,0.0000,0.1111,13.875646
13.897319,3,0x04,0.0000,0.0556,13.879647
13.898427,0,0x01,0.0000,0.1111,13.880647
13.898427,1,0x02,0.0000,-0.0556,13.878650
13.898427,2,0x03,0.0000,0.1111,13.875646
13.898427,3,0x04,0.0000,0.0556,13.879647
13.899525,0,0x01,0.0000,0.1111,13.880647
13.899525,1,0x02,0.0000,-0.0556,13.878650
13.899525,2,0x03,0.0000,0.1111,13.875646
13.899525,3,0x04,0.0000,0.0556,13.879647
13.906319,0,0x01,0.0000,0.1111,13.880647
13.906319,1,0x02,0.0000,-0.0556,13.878650
13.906319,2,0x03,0.0000,0.1111,13.875646
13.906319,3,0x04,0.0000,0.0556,13.879647
13.907397,0,0x01,0.0000,0.1111,13.880647
13.907397,1,0x02,0.0000,-0.0556,13.878650
13.907397,2,0x03,0.0000,0.1111,13.875646
13.907397,3,0x04,0.0000,0.0556,13.879647
13.908469,0,0x01,0.0000,0.1111,13.880647
13.908469,1,0x02,0.0000,-0.0556,13.878650
13.908469,2,0x03,0.0000,0.1111,13.875646
13.908469,3,0x04,0.0000,0.0556,13.879647
13.909502,0,0x01,0.0000,0.1111,13.880647
13.909502,1,0x02,0.0000,-0.0556,13.878650
13.909502,2,0x03,0.0000,0.1111,13.875646
13.909502,3,0x04,0.0000,0.0556,13.879647
13.915317,0,0x01,0.0000,0.1111,13.880647
13.915317,1,0x02,0.0000,-0.0556,13.878650
13.915317,2,0x03,0.0000,0.1111,13.875646
13.915317,3,0x04,0.0000,0.0556,13.879647
13.916434,0,0x01,0.0000,0.1111,13.880647
13.916434,1,0x02,0.0000,-0.0556,13.915655
13.916434,2,0x03,0.0000,0.1111,13.875646
13.916434,3,0x04,0.0000,0.0556,13.879647
13.917573,0,0x01,0.0000,0.1111,13.880647
13.917573,1,0x02,0.0000,-0.0556,13.915655
13.917573,2,0x03,0.0000,0.1111,13.875646
13.917573,3,0x04,0.0000,0.0556,13.879647
13.918720,0,0x01,0.0000,0.1111,13.918637
13.918720,1,0x02,0.0000,-0.0556,13.915655
13.918720,2,0x03,0.0000,0.1111,13.875646
13.918720,3,0x04,0.0000,0.0556,13.917688
13.919887,0,0x01,0.0000,0.1111,13.921657
13.919887,1,0x02,0.0000,-0.0556,13.925666
13.919887,2,0x03,0.0000,0.0556,13.922665
13.919887,3,0x04,0.0000,0.0556,13.923662
13.927419,0,0x01,0.0000,0.1111,13.921657
13.927419,1,0x02,0.0000,-0.0556,13.925666
13.927419,2,0x03,0.0000,0.0556,13.926656
13.927419,3,0x04,0.0000,0.0556,13.923662
13.928598,0,0x01,0.0000,0.1111,13.921657
13.928598,1,0x02,0.0000,-0.0556,13.927636
13.928598,2,0x03,0.0000,0.0556,13.926656
13.928598,3,0x04,0.0000,0.0556,13.923662
13.929688,0,0x01,0.0000,0.1111,13.921657
13.929688,1,0x02,0.0000,-0.0556,13.927636
13.929688,2,0x03,0.0000,0.0556,13.926656
13.929688,3,0x04,0.0000,0.0556,13.923662
13.937346,0,0x01,0.0000,0.1111,13.921657
13.937346,1,0x02,0.0000,-0.0556,13.927636
13.937346,2,0x03,0.0000,0.0556,13.926656
13.937346,3,0x04,0.0000,0.0556,13.923662
13.938429,0,0x01,0.0000,0.1111,13.921657
13.938429,1,0x02,0.0000,-0.0556,13.927636
13.938429,2,0x03,0.0000,0.0556,13.926656
13.938429,3,0x04,0.0000,0.0556,13.923662
13.939502,0,0x01,0.0000,0.1111,13.941711
13.939502,1,0x02,0.0000,-0.0556,13.927636
13.939502,2,0x03,0.0000,0.0556,13.926656
13.939502,3,0x04,0.0000,0.0556,13.939663
13.946399,0,0x01,0.0000,0.1111,13.941711
13.946399,1,0x02,0.0000,-0.0556,13.927636
13.946399,2,0x03,0.0000,0.0556,13.926656
13.946399,3,0x04,0.0000,0.0556,13.939663
13.947596,0,0x01,0.0000,0.1111,13.941711
13.947596,1,0x02,0.0000,-0.0556,13.927636
13.947596,2,0x03,0.0000,0.0556,13.926656
13.947596,3,0x04,0.0000,0.0556,13.939663
13.948715,0,0x01,0.0000,0.1111,13.941711
13.948715,1,0x02,0.0000,-0.0556,13.927636
13.948715,2,0x03,0.0000,0.0556,13.926656
13.948715,3,0x04,0.0000,0.0556,13.939663
13.949801,0,0x01,0.0000,0.1111,13.941711
13.949801,1,0x02,0.0000,-0.0556,13.927636
13.949801,2,0x03,0.0000,0.0556,13.926656
13.949801,3,0x04,0.0000,0.0556,13.939663
13.957347,0,0x01,0.0000,0.1111,13.941711
13.957347,1,0x02,0.0000,-0.0556,13.927636
13.957347,2,0x03,0.0000,0.0556,13.926656
13.957347,3,0x04,0.0000,0.0556,13.939663
13.958430,0,0x01,0.0000,0.1111,13.941711
13.958430,1,0x02,0.0000,-0.0556,13.927636
13.958430,2,0x03,0.0000,0.0556,13.926656
13.958430,3,0x04,0.0000,0.0556,13.939663
13.959621,0,0x01,0.0000,0.1111,13.941711
13.959621,1,0x02,0.0000,-0.0556,13.927636
13.959621,2,0x03,0.0000,0.0556,13.926656
13.959621,3,0x04,0.0000,0.0556,13.939663
13.967328,0,0x01,0.0000,0.1111,13.941711
13.967328,1,0x02,0.0000,-0.0556,13.927636
13.967328,2,0x03,0.0000,0.0556,13.926656
13.967328,3,0x04,0.0000,0.0556,13.939663
13.968479,0,0x01,0.0000,0.1111,13.941711
13.968479,1,0x02,0.0000,-0.0556,13.927636
13.968479,2,0x03,0.0000,0.0556,13.926656
13.968479,3,0x04,0.0000,0.0556,13.939663
13.969691,0,0x01,0.0000,0.1111,13.941711
13.969691,1,0x02,0.0000,-0.0556,13.927636
13.969691,2,0x03,0.0000,0.0556,13.926656
13.969691,3,0x04,0.0000,0.0556,13.939663
13.976297,0,0x01,0.0000,0.1111,13.941711
13.976297,1,0x02,0.0000,-0.0556,13.927636
13.976297,2,0x03,0.0000,0.0556,13.926656
13.976297,3,0x04,0.0000,0.0556,13.939663
13.977410,0,0x01,0.0000,0.1111,13.941711
13.977410,1,0x02,0.0000,-0.0556,13.927636
13.977410,2,0x03,0.0000,0.0556,13.926656
13.977410,3,0x04,0.0000,0.0556,13.939663
13.978510,0,0x01,0.0000,0.1111,13.941711
13.978510,1,0x02,0.0000,-0.0556,13.927636
13.978510,2,0x03,0.0000,0.0556,13.977668
13.978510,3,0x04,0.0000,0.0556,13.939663
13.979698,0,0x01,0.0000,0.1111,13.985671
13.979698,1,0x02,0.0000,-0.0556,13.980649
13.979698,2,0x03,0.0000,0.0556,13.984680
13.979698,3,0x04,0.0000,0.0556,13.982669
13.987742,0,0x01,0.0000,0.1111,13.985671
13.987742,1,0x02,0.0000,-0.0556,13.986696
13.987742,2,0x03,0.0000,0.0556,13.987661
13.987742,3,0x04,0.0000,0.0556,13.982669
13.988956,0,0x01,0.0000,0.0556,13.988652
13.988956,1,0x02,0.0000,-0.0556,13.986696
13.988956,2,0x03,0.0000,0.0556,13.987661
13.988956,3,0x04,0.0000,0.0556,13.982669
13.990119,0,0x01,0.0000,0.0556,13.988652
13.990119,1,0x02,0.0000,-0.0556,13.989649
13.990119,2,0x03,0.0000,0.0556,13.987661
13.990119,3,0x04,0.0000,0.0556,13.982669
13.997387,0,0x01,0.0000,0.0556,13.988652
13.997387,1,0x02,0.0000,-0.0556,13.989649
13.997387,2,0x03,0.0000,0.0556,13.987661
13.997387,3,0x04,0.0000,0.0556,13.982669
13.998491,0,0x01,0.0000,0.0556,13.988652
13.998491,1,0x02,0.0000,-0.0556,13.989649
13.998491,2,0x03,0.0000,0.0556,13.987661
13.998491,3,0x04,0.0000,0.0556,13.982669
13.999607,0,0x01,0.0000,0.0556,13.988652
13.999607,1,0x02,0.0000,-0.0556,13.989649
13.999607,2,0x03,0.0000,0.0556,13.987661
13.999607,3,0x04,0.0000,0.0556,13.982669
14.000713,0,0x01,0.0000,0.1111,14.006673
14.000713,1,0x02,0.0000,-0.1111,14.003676
14.000713,2,0x03,0.0000,0.0556,14.004676
14.000713,3,0x04,0.0000,0.0556,14.005667
14.008689,0,0x01,0.0000,0.1111,14.006673
14.008689,1,0x02,0.0000,-0.1111,14.003676
14.008689,2,0x03,0.0000,0.0556,14.004676
14.008689,3,0x04,0.0000,0.0556,14.005667
14.009772,0,0x01,0.0000,0.1111,14.006673
14.009772,1,0x02,0.0000,-0.0556,14.010647
14.009772,2,0x03,0.0000,0.0556,14.013683
14.009772,3,0x04,0.0000,0.0556,14.015677
14.017455,0,0x01,0.0000,0.1111,14.006673
14.017455,1,0x02,0.0000,-0.0556,14.010647
14.017455,2,0x03,0.0000,0.0556,14.013683
14.017455,3,0x04,0.0000,0.0556,14.015677
14.018579,0,0x01,0.0000,0.1111,14.006673
14.018579,1,0x02,0.0000,-0.0556,14.010647
14.018579,2,0x03,0.0000,0.0556,14.013683
14.018579,3,0x04,0.0000,0.0556,14.015677
14.019667,0,0x01,0.0000,0.1111,14.018657
14.019667,1,0x02,0.0000,-0.0556,14.021679
14.019667,2,0x03,0.0000,0.1111,14.024680
14.019667,3,0x04,0.0000,0.0556,14.015677
14.026371,0,0x01,0.0000,0.1111,14.018657
14.026371,1,0x02,0.0000,-0.0556,14.021679
14.026371,2,0x03,0.0000,0.1111,14.024680
14.026371,3,0x04,0.0000,0.0556,14.015677
14.027476,0,0x01,0.0000,0.1111,14.018657
14.027476,1,0x02,0.0000,-0.0556,14.021679
14.027476,2,0x03,0.0000,0.1111,14.024680
14.027476,3,0x04,0.0000,0.0556,14.026649
14.028600,0,0x01,0.0000,0.1111,14.018657
14.028600,1,0x02,0.0000,-0.0556,14.021679
14.028600,2,0x03,0.0000,0.1111,14.024680
14.028600,3,0x04,0.0000,0.0556,14.026649
14.029679,0,0x01,0.0000,0.1111,14.030652
14.029679,1,0x02,0.0000,-0.0556,14.033684
14.029679,2,0x03,0.0000,0.1111,14.024680
14.029679,3,0x04,0.0000,0.0556,14.026649
14.037419,0,0x01,0.0000,0.1111,14.030652
14.037419,1,0x02,0.0000,-0.0556,14.033684
14.037419,2,0x03,0.0000,0.1111,14.024680
14.037419,3,0x04,0.0000,0.0556,14.026649
14.038505,0,0x01,0.0000,0.1111,14.030652
14.038505,1,0x02,0.0000,-0.0556,14.033684
14.038505,2,0x03,0.0000,0.1111,14.024680
14.038505,3,0x04,0.0000,0.0556,14.026649
14.039624,0,0x01,0.0000,0.1111,14.030652
14.039624,1,0x02,0.0000,-0.0556,14.033684
14.039624,2,0x03,0.0000,0.1111,14.024680
14.039624,3,0x04,0.0000,0.0556,14.026649
14.046307,0,0x01,0.0000,0.1111,14.030652
14.046307,1,0x02,0.0000,-0.0556,14.033684
14.046307,2,0x03,0.0000,0.1111,14.024680
14.046307,3,0x04,0.0000,0.0556,14.026649
14.047385,0,0x01,0.0000,0.1111,14.030652
14.047385,1,0x02,0.0000,-0.0556,14.033684
14.047385,2,0x03,0.0000,0.1111,14.024680
14.047385,3,0x04,0.0000,0.0556,14.026649
14.048490,0,0x01,0.0000,0.1111,14.030652
14.048490,1,0x02,0.0000,-0.0556,14.033684
14.048490,2,0x03,0.0000,0.1111,14.024680
14.048490,3,0x04,0.0000,0.0556,14.026649
14.049597,0,0x01,0.0000,0.1111,14.030652
14.049597,1,0x02,0.0000,-0.0556,14.033684
14.049597,2,0x03,0.0000,0.1111,14.024680
14.049597,3,0x04,0.0000,0.0556,14.026649
14.050690,0,0x01,0.0000,0.1111,14.030652
14.050690,1,0x02,0.0000,-0.0556,14.033684
14.050690,2,0x03,0.0000,0.1111,14.024680
14.050690,3,0x04,0.0000,0.0556,14.026649
14.058330,0,0x01,0.0000,0.1111,14.030652
14.058330,1,0x02,0.0000,-0.0556,14.033684
14.058330,2,0x03,0.0000,0.1111,14.024680
14.058330,3,0x04,0.0000,0.0556,14.026649
14.059430,0,0x01,0.0000,0.1111,14.030652
14.059430,1,0x02,0.0000,-0.0556,14.033684
14.059430,2,0x03,0.0000,0.1111,14.024680
14.059430,3,0x04,0.0000,0.0556,14.026649
14.060504,0,0x01,0.0000,0.1111,14.030652
14.060504,1,0x02,0.0000,-0.0556,14.033684
14.060504,2,0x03,0.0000,0.1111,14.024680
14.060504,3,0x04,0.0000,0.0556,14.026649
14.067331,0,0x01,0.0000,0.1111,14.030652
14.067331,1,0x02,0.0000,-0.0556,14.033684
14.067331,2,0x03,0.0000,0.1111,14.024680
14.067331,3,0x04,0.0000,0.0556,14.026649
14.068439,0,0x01,0.0000,0.1111,14.030652
14.068439,1,0x02,0.0000,-0.0556,14.033684
14.068439,2,0x03,0.0000,0.1111,14.024680
14.068439,3,0x04,0.0000,0.0556,14.026649
14.069579,0,0x01,0.0000,0.1111,14.030652
14.069579,1,0x02,0.0000,-0.0556,14.033684
14.069579,2,0x03,0.0000,0.1111,14.024680
14.069579,3,0x04,0.0000,0.0556,14.026649
14.070687,0,0x01,0.0000,0.0556,14.075686
14.070687,1,0x02,0.0000,-0.0556,14.076681
14.070687,2,0x03,0.0000,0.0556,14.074687
14.070687,3,0x04,0.0000,0.0556,14.026649
14.078420,0,0x01,0.0000,0.0556,14.075686
14.078420,1,0x02,0.0000,-0.0556,14.076681
14.078420,2,0x03,0.0000,0.0556,14.077689
14.078420,3,0x04,0.0000,0.0556,14.026649
14.079597,0,0x01,0.0000,0.1111,14.078658
14.079597,1,0x02,0.0000,-0.0556,14.076681
14.079597,2,0x03,0.0000,0.0556,14.077689
14.079597,3,0x04,0.0000,0.0556,14.026649
14.080738,0,0x01,0.0000,0.1111,14.082699
14.080738,1,0x02,0.0000,-0.0556,14.080661
14.080738,2,0x03,0.0000,0.0556,14.077689
14.080738,3,0x04,0.0000,0.0556,14.081685
14.087446,0,0x01,0.0000,0.1111,14.082699
14.087446,1,0x02,0.0000,-0.0556,14.080661
14.087446,2,0x03,0.0000,0.0556,14.077689
14.087446,3,0x04,0.0000,0.0556,14.081685
14.088505,0,0x01,0.0000,0.1111,14.082699
14.088505,1,0x02,0.0000,-0.0556,14.080661
14.088505,2,0x03,0.0000,0.0556,14.077689
14.088505,3,0x04,0.0000,0.0556,14.081685
14.089619,0,0x01,0.0000,0.1111,14.082699
14.089619,1,0x02,0.0000,-0.0556,14.080661
14.089619,2,0x03,0.0000,0.0556,14.077689
14.089619,3,0x04,0.0000,0.0556,14.081685
14.090702,0,0x01,0.0000,0.1111,14.082699
14.090702,1,0x02,0.0000,-0.0556,14.080661
14.090702,2,0x03,0.0000,0.0556,14.077689
14.090702,3,0x04,0.0000,0.0556,14.081685
14.098308,0,0x01,0.0000,0.1111,14.082699
14.098308,1,0x02,0.0000,-0.0556,14.080661
14.098308,2,0x03,0.0000,0.0556,14.077689
14.098308,3,0x04,0.0000,0.0556,14.081685
14.099388,0,0x01,0.0000,0.1111,14.082699
14.099388,1,0x02,0.0000,-0.0556,14.080661
14.099388,2,0x03,0.0000,0.0556,14.077689
14.099388,3,0x04,0.0000,0.0556,14.081685
14.100489,0,0x01,0.0000,0.1111,14.082699
14.100489,1,0x02,0.0000,-0.0556,14.080661
14.100489,2,0x03,0.0000,0.0556,14.077689
14.100489,3,0x04,0.0000,0.0556,14.081685
14.107356,0,0x01,0.0000,0.1111,14.082699
14.107356,1,0x02,0.0000,-0.0556,14.080661
14.107356,2,0x03,0.0000,0.0556,14.077689
14.107356,3,0x04,0.0000,0.0556,14.081685
14.108459,0,0x01,0.0000,0.1111,14.082699
14.108459,1,0x02,0.0000,-0.0556,14.080661
14.108459,2,0x03,0.0000,0.0556,14.077689
14.108459,3,0x04,0.0000,0.0556,14.081685
14.109563,0,0x01,0.0000,0.1111,14.082699
14.109563,1,0x02,0.0000,-0.0556,14.080661
14.109563,2,0x03,0.0000,0.0556,14.077689
14.109563,3,0x04,0.0000,0.0556,14.081685
14.110642,0,0x01,0.0000,0.1111,14.082699
14.110642,1,0x02,0.0000,-0.0556,14.080661
14.110642,2,0x03,0.0000,0.0556,14.077689
14.110642,3,0x04,0.0000,0.0556,14.081685
14.118357,0,0x01,0.0000,0.1111,14.082699
14.118357,1,0x02,0.0000,-0.0556,14.080661
14.118357,2,0x03,0.0000,0.0556,14.077689
14.118357,3,0x04,0.0000,0.0556,14.081685
14.119471,0,0x01,0.0000,0.1111,14.082699
14.119471,1,0x02,0.0000,-0.0556,14.080661
14.119471,2,0x03,0.0000,0.0556,14.118708
14.119471,3,0x04,0.0000,0.0556,14.081685
14.120642,0,0x01,0.0000,0.1111,14.120675
14.120642,1,0x02,0.0000,-0.0556,14.121700
14.120642,2,0x03,0.0000,0.0556,14.125698
14.120642,3,0x04,0.0000,0.0556,14.123691
14.127491,0,0x01,0.0000,0.1111,14.126715
14.127491,1,0x02,0.0000,-0.0556,14.121700
14.127491,2,0x03,0.0000,0.0556,14.125698
14.127491,3,0x04,0.0000,0.0556,14.123691
14.128622,0,0x01,0.0000,0.1111,14.126715
14.128622,1,0x02,0.0000,-0.0556,14.127670
14.128622,2,0x03,0.0000,0.0556,14.125698
14.128622,3,0x04,0.0000,0.0556,14.123691
14.129738,0,0x01,0.0000,0.1111,14.126715
14.129738,1,0x02,0.0000,-0.0556,14.130702
14.129738,2,0x03,0.0000,0.0556,14.129669
14.129738,3,0x04,0.0000,0.0556,14.123691
14.138436,0,0x01,0.0000,0.1111,14.126715
14.138436,1,0x02,0.0000,-0.0556,14.130702
14.138436,2,0x03,0.0000,0.0556,14.129669
14.138436,3,0x04,0.0000,0.0556,14.123691
14.139507,0,0x01,0.0000,0.1111,14.126715
14.139507,1,0x02,0.0000,-0.0556,14.130702
14.139507,2,0x03,0.0000,0.0556,14.129669
14.139507,3,0x04,0.0000,0.0556,14.123691
14.140630,0,0x01,0.0000,0.0556,14.143720
14.140630,1,0x02,0.0000,-0.0556,14.130702
14.140630,2,0x03,0.0000,0.1111,14.144694
14.140630,3,0x04,0.0000,0.0556,14.145709
14.147430,0,0x01,0.0000,0.0556,14.143720
14.147430,1,0x02,0.0000,-0.0556,14.130702
14.147430,2,0x03,0.0000,0.1111,14.144694
14.147430,3,0x04,0.0000,0.0556,14.145709
14.148552,0,0x01,0.0000,0.0556,14.147674
14.148552,1,0x02,0.0000,-0.0556,14.130702
14.148552,2,0x03,0.0000,0.1111,14.144694
14.148552,3,0x04,0.0000,0.0556,14.145709
14.149754,0,0x01,0.0000,0.0556,14.147674
14.149754,1,0x02,0.0000,-0.0556,14.151712
14.149754,2,0x03,0.0000,0.1111,14.154709
14.149754,3,0x04,0.0000,0.0556,14.145709
14.156768,0,0x01,0.0000,0.0556,14.147674
14.156768,1,0x02,0.0000,-0.0556,14.151712
14.156768,2,0x03,0.0000,0.1111,14.154709
14.156768,3,0x04,0.0000,0.1111,14.156683
14.157937,0,0x01,0.0000,0.0556,14.147674
14.157937,1,0x02,0.0000,-0.0556,14.151712
14.157937,2,0x03,0.0000,0.1111,14.154709
14.157937,3,0x04,0.0000,0.1111,14.156683
14.159039,0,0x01,0.0000,0.0556,14.147674
14.159039,1,0x02,0.0000,-0.0556,14.151712
14.159039,2,0x03,0.0000,0.1111,14.154709
14.159039,3,0x04,0.0000,0.1111,14.156683
14.160135,0,0x01,0.0000,0.0556,14.159677
14.160135,1,0x02,0.0000,-0.0556,14.162702
14.160135,2,0x03,0.0000,0.1111,14.154709
14.160135,3,0x04,0.0000,0.1111,14.156683
14.167419,0,0x01,0.0000,0.0556,14.159677
14.167419,1,0x02,0.0000,-0.0556,14.162702
14.167419,2,0x03,0.0000,0.1111,14.166711
14.167419,3,0x04,0.0000,0.1111,14.156683
14.168586,0,0x01,0.0000,0.0556,14.159677
14.168586,1,0x02,0.0000,-0.0556,14.162702
14.168586,2,0x03,0.0000,0.1111,14.166711
14.168586,3,0x04,0.0000,0.0556,14.167682
14.169704,0,0x01,0.0000,0.1111,14.171714
14.169704,1,0x02,0.0000,-0.0556,14.174712
14.169704,2,0x03,0.0000,0.1111,14.166711
14.169704,3,0x04,0.0000,0.0556,14.167682
14.176424,0,0x01,0.0000,0.1111,14.171714
14.176424,1,0x02,0.0000,-0.0556,14.174712
14.176424,2,0x03,0.0000,0.1111,14.166711
14.176424,3,0x04,0.0000,0.0556,14.167682
14.177504,0,0x01,0.0000,0.1111,14.171714
14.177504,1,0x02,0.0000,-0.0556,14.174712
14.177504,2,0x03,0.0000,0.1111,14.166711
14.177504,3,0x04,0.0000,0.0556,14.167682
14.178603,0,0x01,0.0000,0.1111,14.171714
14.178603,1,0x02,0.0000,-0.0556,14.174712
14.178603,2,0x03,0.0000,0.1111,14.166711
14.178603,3,0x04,0.0000,0.0556,14.167682
14.179704,0,0x01,0.0000,0.1111,14.171714
14.179704,1,0x02,0.0000,-0.0556,14.174712
14.179704,2,0x03,0.0000,0.1111,14.166711
14.179704,3,0x04,0.0000,0.0556,14.167682
14.187356,0,0x01,0.0000,0.1111,14.171714
14.187356,1,0x02,0.0000,-0.0556,14.174712
14.187356,2,0x03,0.0000,0.1111,14.166711
14.187356,3,0x04,0.0000,0.0556,14.167682
14.188462,0,0x01,0.0000,0.1111,14.171714
14.188462,1,0x02,0.0000,-0.0556,14.174712
14.188462,2,0x03,0.0000,0.1111,14.166711
14.188462,3,0x04,0.0000,0.0556,14.167682
14.189566,0,0x01,0.0000,0.1111,14.171714
14.189566,1,0x02,0.0000,-0.0556,14.174712
14.189566,2,0x03,0.0000,0.1111,14.166711
14.189566,3,0x04,0.0000,0.0556,14.167682
14.190663,0,0x01,0.0000,0.1111,14.171714
14.190663,1,0x02,0.0000,-0.0556,14.174712
14.190663,2,0x03,0.0000,0.1111,14.166711
14.190663,3,0x04,0.0000,0.0556,14.167682
14.198352,0,0x01,0.0000,0.1111,14.171714
14.198352,1,0x02,0.0000,-0.0556,14.174712
14.198352,2,0x03,0.0000,0.1111,14.166711
14.198352,3,0x04,0.0000,0.0556,14.167682
14.199455,0,0x01,0.0000,0.1111,14.171714
14.199455,1,0x02,0.0000,-0.0556,14.174712
14.199455,2,0x03,0.0000,0.1111,14.166711
14.199455,3,0x04,0.0000,0.0556,14.167682
14.200557,0,0x01,0.0000,0.1111,14.171714
14.200557,1,0x02,0.0000,-0.0556,14.174712
14.200557,2,0x03,0.0000,0.1111,14.166711
14.200557,3,0x04,0.0000,0.0556,14.167682
14.207359,0,0x01,0.0000,0.1111,14.171714
14.207359,1,0x02,0.0000,-0.0556,14.174712
14.207359,2,0x03,0.0000,0.1111,14.166711
14.207359,3,0x04,0.0000,0.0556,14.167682
14.208456,0,0x01,0.0000,0.1111,14.171714
14.208456,1,0x02,0.0000,-0.0556,14.174712
14.208456,2,0x03,0.0000,0.1111,14.166711
14.208456,3,0x04,0.0000,0.0556,14.167682
14.209554,0,0x01,0.0000,0.1111,14.171714
14.209554,1,0x02,0.0000,-0.0556,14.174712
14.209554,2,0x03,0.0000,0.1111,14.166711
14.209554,3,0x04,0.0000,0.0556,14.167682
14.210631,0,0x01,0.0000,0.1111,14.216722
14.210631,1,0x02,0.0000,-0.0556,14.214718
14.210631,2,0x03,0.0000,0.0556,14.215718
14.210631,3,0x04,0.0000,0.0556,14.212742
14.218507,0,0x01,0.0000,0.1111,14.216722
14.218507,1,0x02,0.0000,-0.0556,14.217694
14.218507,2,0x03,0.0000,0.0556,14.215718
14.218507,3,0x04,0.0000,0.0556,14.212742
14.219667,0,0x01,0.0000,0.1111,14.223719
14.219667,1,0x02,0.0000,-0.0556,14.220713
14.219667,2,0x03,0.0000,0.0556,14.221733
14.219667,3,0x04,0.0000,0.0556,14.222715
14.231493,0,0x01,0.0000,0.1111,14.236726
14.231493,1,0x02,0.0000,-0.0556,14.220713
14.231493,2,0x03,0.0000,0.1111,14.234733
14.231493,3,0x04,0.0000,0.0556,14.235723
14.238483,0,0x01,0.0000,0.1111,14.236726
14.238483,1,0x02,0.0000,-0.0556,14.237713
14.238483,2,0x03,0.0000,0.1111,14.234733
14.238483,3,0x04,0.0000,0.0556,14.235723
14.239608,0,0x01,0.0000,0.1111,14.236726
14.239608,1,0x02,0.0000,-0.0556,14.237713
14.239608,2,0x03,0.0000,0.1111,14.234733
14.239608,3,0x04,0.0000,0.0556,14.235723
14.240701,0,0x01,0.0000,0.0556,14.244721
14.240701,1,0x02,0.0000,-0.0556,14.237713
14.240701,2,0x03,0.0000,0.0556,14.239693
14.240701,3,0x04,0.0000,0.0556,14.242725
14.247403,0,0x01,0.0000,0.0556,14.244721
14.247403,1,0x02,0.0000,-0.0556,14.237713
14.247403,2,0x03,0.0000,0.0556,14.239693
14.247403,3,0x04,0.0000,0.0556,14.242725
14.248505,0,0x01,0.0000,0.0556,14.244721
14.248505,1,0x02,0.0000,-0.1111,14.247695
14.248505,2,0x03,0.0000,0.0556,14.239693
14.248505,3,0x04,0.0000,0.0556,14.242725
14.249754,0,0x01,0.0000,0.0556,14.244721
14.249754,1,0x02,0.0000,-0.1111,14.247695
14.249754,2,0x03,0.0000,0.1111,14.251720
14.249754,3,0x04,0.0000,0.0556,14.253730
14.256451,0,0x01,0.0000,0.0556,14.244721
14.256451,1,0x02,0.0000,-0.1111,14.247695
14.256451,2,0x03,0.0000,0.1111,14.251720
14.256451,3,0x04,0.0000,0.0556,14.253730
14.257598,0,0x01,0.0000,0.1111,14.256710
14.257598,1,0x02,0.0000,-0.1111,14.247695
14.257598,2,0x03,0.0000,0.1111,14.251720
14.257598,3,0x04,0.0000,0.0556,14.253730
14.258720,0,0x01,0.0000,0.1111,14.256710
14.258720,1,0x02,0.0000,-0.1111,14.247695
14.258720,2,0x03,0.0000,0.1111,14.251720
14.258720,3,0x04,0.0000,0.0556,14.253730
14.259828,0,0x01,0.0000,0.1111,14.256710
14.259828,1,0x02,0.0000,-0.1111,14.260701
14.259828,2,0x03,0.0000,0.0556,14.263718
14.259828,3,0x04,0.0000,0.0556,14.265719
14.267407,0,0x01,0.0000,0.1111,14.256710
14.267407,1,0x02,0.0000,-0.1111,14.260701
14.267407,2,0x03,0.0000,0.0556,14.263718
14.267407,3,0x04,0.0000,0.0556,14.265719
14.268505,0,0x01,0.0000,0.1111,14.267718
14.268505,1,0x02,0.0000,-0.1111,14.260701
14.268505,2,0x03,0.0000,0.0556,14.263718
14.268505,3,0x04,0.0000,0.0556,14.265719
14.269634,0,0x01,0.0000,0.1111,14.267718
14.269634,1,0x02,0.0000,-0.1111,14.260701
14.269634,2,0x03,0.0000,0.0556,14.263718
14.269634,3,0x04,0.0000,0.0556,14.265719
14.276340,0,0x01,0.0000,0.1111,14.267718
14.276340,1,0x02,0.0000,-0.1111,14.260701
14.276340,2,0x03,0.0000,0.0556,14.263718
14.276340,3,0x04,0.0000,0.0556,14.265719
14.277441,0,0x01,0.0000,0.1111,14.267718
14.277441,1,0x02,0.0000,-0.1111,14.260701
14.277441,2,0x03,0.0000,0.0556,14.263718
14.277441,3,0x04,0.0000,0.0556,14.265719
14.278567,0,0x01,0.0000,0.1111,14.267718
14.278567,1,0x02,0.0000,-0.1111,14.260701
14.278567,2,0x03,0.0000,0.0556,14.263718
14.278567,3,0x04,0.0000,0.0556,14.265719
14.279642,0,0x01,0.0000,0.1111,14.267718
14.279642,1,0x02,0.0000,-0.1111,14.260701
14.279642,2,0x03,0.0000,0.0556,14.263718
14.279642,3,0x04,0.0000,0.0556,14.265719
14.287368,0,0x01,0.0000,0.1111,14.267718
14.287368,1,0x02,0.0000,-0.1111,14.260701
14.287368,2,0x03,0.0000,0.0556,14.263718
14.287368,3,0x04,0.0000,0.0556,14.265719
14.288461,0,0x01,0.0000,0.1111,14.267718
14.288461,1,0x02,0.0000,-0.1111,14.260701
14.288461,2,0x03,0.0000,0.0556,14.263718
14.288461,3,0x04,0.0000,0.0556,14.265719
14.289500,0,0x01,0.0000,0.1111,14.267718
14.289500,1,0x02,0.0000,-0.1111,14.260701
14.289500,2,0x03,0.0000,0.0556,14.263718
14.289500,3,0x04,0.0000,0.0556,14.265719
14.290577,0,0x01,0.0000,0.1111,14.267718
14.290577,1,0x02,0.0000,-0.1111,14.260701
14.290577,2,0x03,0.0000,0.0556,14.263718
14.290577,3,0x04,0.0000,0.0556,14.265719
14.296399,0,0x01,0.0000,0.1111,14.267718
14.296399,1,0x02,0.0000,-0.1111,14.260701
14.296399,2,0x03,0.0000,0.0556,14.263718
14.296399,3,0x04,0.0000,0.0556,14.265719
14.297507,0,0x01,0.0000,0.1111,14.267718
14.297507,1,0x02,0.0000,-0.1111,14.260701
14.297507,2,0x03,0.0000,0.0556,14.263718
14.297507,3,0x04,0.0000,0.0556,14.265719
14.298616,0,0x01,0.0000,0.1111,14.267718
14.298616,1,0x02,0.0000,-0.1111,14.260701
14.298616,2,0x03,0.0000,0.0556,14.263718
14.298616,3,0x04,0.0000,0.0556,14.265719
14.299714,0,0x01,0.0000,0.1111,14.267718
14.299714,1,0x02,0.0000,-0.1111,14.260701
14.299714,2,0x03,0.0000,0.0556,14.263718
14.299714,3,0x04,0.0000,0.0556,14.265719
14.307381,0,0x01,0.0000,0.1111,14.267718
14.307381,1,0x02,0.0000,-0.1111,14.260701
14.307381,2,0x03,0.0000,0.0556,14.306735
14.307381,3,0x04,0.0000,0.0556,14.265719
14.308508,0,0x01,0.0000,0.1111,14.267718
14.308508,1,0x02,0.0000,-0.1111,14.260701
14.308508,2,0x03,0.0000,0.0556,14.306735
14.308508,3,0x04,0.0000,0.0556,14.265719
14.309616,0,0x01,0.0000,0.1111,14.308710
14.309616,1,0x02,0.0000,-0.1111,14.260701
14.309616,2,0x03,0.0000,0.0556,14.306735
14.309616,3,0x04,0.0000,0.0556,14.265719
14.310748,0,0x01,0.0000,0.1111,14.314729
14.310748,1,0x02,0.0000,-0.0556,14.316743
14.310748,2,0x03,0.0000,0.1111,14.313730
14.310748,3,0x04,0.0000,0.0556,14.265719
14.318805,0,0x01,0.0000,0.1111,14.318741
14.318805,1,0x02,0.0000,-0.0556,14.316743
14.318805,2,0x03,0.0000,0.1111,14.313730
14.318805,3,0x04,0.0000,0.0556,14.317727
14.319977,0,0x01,0.0000,0.1111,14.318741
14.319977,1,0x02,0.0000,-0.0556,14.319715
14.319977,2,0x03,0.0000,0.1111,14.313730
14.319977,3,0x04,0.0000,0.0556,14.317727
14.327423,0,0x01,0.0000,0.1111,14.318741
14.327423,1,0x02,0.0000,-0.0556,14.319715
14.327423,2,0x03,0.0000,0.1111,14.313730
14.327423,3,0x04,0.0000,0.0556,14.317727
14.328504,0,0x01,0.0000,0.1111,14.318741
14.328504,1,0x02,0.0000,-0.0556,14.319715
14.328504,2,0x03,0.0000,0.1111,14.313730
14.328504,3,0x04,0.0000,0.0556,14.317727
14.329609,0,0x01,0.0000,0.1111,14.318741
14.329609,1,0x02,0.0000,-0.0556,14.319715
14.329609,2,0x03,0.0000,0.1111,14.313730
14.329609,3,0x04,0.0000,0.0556,14.317727
14.330716,0,0x01,0.0000,0.1111,14.318741
14.330716,1,0x02,0.0000,-0.0556,14.319715
14.330716,2,0x03,0.0000,0.1111,14.313730
14.330716,3,0x04,0.0000,0.0556,14.317727
14.338411,0,0x01,0.0000,0.1111,14.318741
14.338411,1,0x02,0.0000,-0.0556,14.319715
14.338411,2,0x03,0.0000,0.1111,14.313730
14.338411,3,0x04,0.0000,0.0556,14.317727
14.339503,0,0x01,0.0000,0.1111,14.318741
14.339503,1,0x02,0.0000,-0.0556,14.319715
14.339503,2,0x03,0.0000,0.1111,14.313730
14.339503,3,0x04,0.0000,0.0556,14.317727
14.340609,0,0x01,0.0000,0.1111,14.318741
14.340609,1,0x02,0.0000,-0.0556,14.319715
14.340609,2,0x03,0.0000,0.1111,14.313730
14.340609,3,0x04,0.0000,0.0556,14.317727
14.347415,0,0x01,0.0000,0.1111,14.318741
14.347415,1,0x02,0.0000,-0.0556,14.319715
14.347415,2,0x03,0.0000,0.1111,14.313730
14.347415,3,0x04,0.0000,0.0556,14.317727
14.348503,0,0x01,0.0000,0.1111,14.318741
14.348503,1,0x02,0.0000,-0.0556,14.319715
14.348503,2,0x03,0.0000,0.1111,14.313730
14.348503,3,0x04,0.0000,0.0556,14.317727
14.349606,0,0x01,0.0000,0.1111,14.318741
14.349606,1,0x02,0.0000,-0.0556,14.319715
14.349606,2,0x03,0.0000,0.1111,14.313730
14.349606,3,0x04,0.0000,0.0556,14.317727
14.350723,0,0x01,0.0000,0.1111,14.318741
14.350723,1,0x02,0.0000,-0.0556,14.319715
14.350723,2,0x03,0.0000,0.1111,14.313730
14.350723,3,0x04,0.0000,0.0556,14.355765
14.358495,0,0x01,0.0000,0.1111,14.357740
14.358495,1,0x02,0.0000,-0.0556,14.319715
14.358495,2,0x03,0.0000,0.1111,14.313730
14.358495,3,0x04,0.0000,0.0556,14.355765
14.359615,0,0x01,0.0000,0.1111,14.357740
14.359615,1,0x02,0.0000,-0.1111,14.358729
14.359615,2,0x03,0.0000,0.1111,14.313730
14.359615,3,0x04,0.0000,0.0556,14.355765
14.360724,0,0x01,0.0000,0.1111,14.363765
14.360724,1,0x02,0.0000,-0.0556,14.360750
14.360724,2,0x03,0.0000,0.1111,14.313730
14.360724,3,0x04,0.0000,0.0556,14.365751
14.367667,0,0x01,0.0000,0.1111,14.366749
14.367667,1,0x02,0.0000,-0.0556,14.360750
14.367667,2,0x03,0.0000,0.1111,14.313730
14.367667,3,0x04,0.0000,0.0556,14.365751
14.368861,0,0x01,0.0000,0.1111,14.366749
14.368861,1,0x02,0.0000,-0.0556,14.360750
14.368861,2,0x03,0.0000,0.0556,14.367828
14.368861,3,0x04,0.0000,0.0556,14.365751
14.370032,0,0x01,0.0000,0.1111,14.366749
14.370032,1,0x02,0.0000,-0.0556,14.360750
14.370032,2,0x03,0.0000,0.0556,14.367828
14.370032,3,0x04,0.0000,0.0556,14.365751
14.376471,0,0x01,0.0000,0.1111,14.366749
14.376471,1,0x02,0.0000,-0.0556,14.360750
14.376471,2,0x03,0.0000,0.0556,14.367828
14.376471,3,0x04,0.0000,0.0556,14.365751
14.377589,0,0x01,0.0000,0.1111,14.366749
14.377589,1,0x02,0.0000,-0.0556,14.360750
14.377589,2,0x03,0.0000,0.0556,14.367828
14.377589,3,0x04,0.0000,0.0556,14.365751
14.378694,0,0x01,0.0000,0.1111,14.366749
14.378694,1,0x02,0.0000,-0.0556,14.360750
14.378694,2,0x03,0.0000,0.0556,14.367828
14.378694,3,0x04,0.0000,0.0556,14.365751
14.379831,0,0x01,0.0000,0.1111,14.366749
14.379831,1,0x02,0.0000,-0.0556,14.360750
14.379831,2,0x03,0.0000,0.0556,14.367828
14.379831,3,0x04,0.0000,0.0556,14.365751
14.387451,0,0x01,0.0000,0.1111,14.366749
14.387451,1,0x02,0.0000,-0.0556,14.360750
14.387451,2,0x03,0.0000,0.0556,14.367828
14.387451,3,0x04,0.0000,0.0556,14.365751
14.388504,0,0x01,0.0000,0.1111,14.366749
14.388504,1,0x02,0.0000,-0.0556,14.360750
14.388504,2,0x03,0.0000,0.0556,14.367828
14.388504,3,0x04,0.0000,0.0556,14.365751
14.389621,0,0x01,0.0000,0.1111,14.366749
14.389621,1,0x02,0.0000,-0.0556,14.360750
14.389621,2,0x03,0.0000,0.0556,14.367828
14.389621,3,0x04,0.0000,0.0556,14.365751
14.396445,0,0x01,0.0000,0.1111,14.366749
14.396445,1,0x02,0.0000,-0.0556,14.360750
14.396445,2,0x03,0.0000,0.0556,14.367828
14.396445,3,0x04,0.0000,0.0556,14.365751
14.397509,0,0x01,0.0000,0.1111,14.366749
14.397509,1,0x02,0.0000,-0.0556,14.360750
14.397509,2,0x03,0.0000,0.0556,14.367828
14.397509,3,0x04,0.0000,0.0556,14.365751
14.398611,0,0x01,0.0000,0.1111,14.366749
14.398611,1,0x02,0.0000,-0.0556,14.360750
14.398611,2,0x03,0.0000,0.0556,14.367828
14.398611,3,0x04,0.0000,0.0556,14.365751
14.399706,0,0x01,0.0000,0.1111,14.366749
14.399706,1,0x02,0.0000,-0.0556,14.360750
14.399706,2,0x03,0.0000,0.0556,14.367828
14.399706,3,0x04,0.0000,0.0556,14.365751
14.407429,0,0x01,0.0000,0.1111,14.366749
14.407429,1,0x02,0.0000,-0.0556,14.360750
14.407429,2,0x03,0.0000,0.0556,14.367828
14.407429,3,0x04,0.0000,0.0556,14.365751
14.408502,0,0x01,0.0000,0.1111,14.366749
14.408502,1,0x02,0.0000,-0.0556,14.360750
14.408502,2,0x03,0.0000,0.0556,14.367828
14.408502,3,0x04,0.0000,0.0556,14.365751
14.409588,0,0x01,0.0000,0.1111,14.366749
14.409588,1,0x02,0.0000,-0.0556,14.360750
14.409588,2,0x03,0.0000,0.0556,14.367828
14.409588,3,0x04,0.0000,0.0556,14.365751
14.410743,0,0x01,0.0000,0.1111,14.366749
14.410743,1,0x02,0.0000,-0.0556,14.415777
14.410743,2,0x03,0.0000,0.0556,14.416758
14.410743,3,0x04,0.0000,0.0556,14.365751
14.418578,0,0x01,0.0000,0.1111,14.417759
14.418578,1,0x02,0.0000,-0.0556,14.415777
14.418578,2,0x03,0.0000,0.0556,14.416758
14.418578,3,0x04,0.0000,0.0556,14.365751
14.419780,0,0x01,0.0000,0.1111,14.424755
14.419780,1,0x02,0.0000,-0.0556,14.422758
14.419780,2,0x03,0.0000,0.0556,14.425761
14.419780,3,0x04,0.0000,0.0556,14.423761
14.427709,0,0x01,0.0000,0.1111,14.424755
14.427709,1,0x02,0.0000,-0.0556,14.422758
14.427709,2,0x03,0.0000,0.0556,14.425761
14.427709,3,0x04,0.0000,0.0556,14.426758
14.428785,0,0x01,0.0000,0.1111,14.427769
14.428785,1,0x02,0.0000,-0.0556,14.428734
14.428785,2,0x03,0.0000,0.0556,14.425761
14.428785,3,0x04,0.0000,0.0556,14.426758
14.429952,0,0x01,0.0000,0.1111,14.430766
14.429952,1,0x02,0.0000,-0.0556,14.428734
14.429952,2,0x03,0.0000,0.0556,14.425761
14.429952,3,0x04,0.0000,0.0556,14.429751
14.436491,0,0x01,0.0000,0.1111,14.430766
14.436491,1,0x02,0.0000,-0.0556,14.428734
14.436491,2,0x03,0.0000,0.0556,14.425761
14.436491,3,0x04,0.0000,0.0556,14.429751
14.437570,0,0x01,0.0000,0.1111,14.430766
14.437570,1,0x02,0.0000,-0.0556,14.428734
14.437570,2,0x03,0.0000,0.0556,14.425761
14.437570,3,0x04,0.0000,0.0556,14.429751
14.438651,0,0x01,0.0000,0.1111,14.430766
14.438651,1,0x02,0.0000,-0.0556,14.428734
14.438651,2,0x03,0.0000,0.0556,14.425761
14.438651,3,0x04,0.0000,0.0556,14.429751
14.439723,0,0x01,0.0000,0.1111,14.430766
14.439723,1,0x02,0.0000,-0.0556,14.428734
14.439723,2,0x03,0.0000,0.0556,14.425761
14.439723,3,0x04,0.0000,0.0556,14.429751
14.447440,0,0x01,0.0000,0.1111,14.430766
14.447440,1,0x02,0.0000,-0.0556,14.428734
14.447440,2,0x03,0.0000,0.0556,14.425761
14.447440,3,0x04,0.0000,0.0556,14.429751
14.448505,0,0x01,0.0000,0.1111,14.430766
14.448505,1,0x02,0.0000,-0.0556,14.428734
14.448505,2,0x03,0.0000,0.0556,14.425761
14.448505,3,0x04,0.0000,0.0556,14.429751
14.449616,0,0x01,0.0000,0.1111,14.430766
14.449616,1,0x02,0.0000,-0.0556,14.428734
14.449616,2,0x03,0.0000,0.0556,14.425761
14.449616,3,0x04,0.0000,0.0556,14.429751
14.450724,0,0x01,0.0000,0.1111,14.430766
14.450724,1,0x02,0.0000,-0.0556,14.428734
14.450724,2,0x03,0.0000,0.0556,14.425761
14.450724,3,0x04,0.0000,0.0556,14.429751
14.458426,0,0x01,0.0000,0.1111,14.430766
14.458426,1,0x02,0.0000,-0.0556,14.428734
14.458426,2,0x03,0.0000,0.0556,14.425761
14.458426,3,0x04,0.0000,0.0556,14.429751
14.459506,0,0x01,0.0000,0.1111,14.430766
14.459506,1,0x02,0.0000,-0.0556,14.428734
14.459506,2,0x03,0.0000,0.0556,14.425761
14.459506,3,0x04,0.0000,0.0556,14.429751
