t_s,servo_idx,node_id,cmd_deg,fb_deg,t_fb_arrival_s
1.499874,0,0x01,0.0000,0.0556,1.478281
1.499874,1,0x02,0.0000,0.0000,1.483278
1.499874,2,0x03,0.0000,0.1111,1.499296
1.499874,3,0x04,0.0000,0.0556,1.498287
1.500950,0,0x01,0.0000,0.0556,1.478281
1.500950,1,0x02,0.0000,0.0000,1.483278
1.500950,2,0x03,0.0000,0.1111,1.499296
1.500950,3,0x04,0.0000,0.0556,1.498287
1.502023,0,0x01,0.0000,0.0556,1.478281
1.502023,1,0x02,0.0000,0.0000,1.483278
1.502023,2,0x03,0.0000,0.1111,1.499296
1.502023,3,0x04,0.0000,0.0556,1.498287
1.503112,0,0x01,0.0000,0.0556,1.478281
1.503112,1,0x02,0.0000,0.0000,1.483278
1.503112,2,0x03,0.0000,0.1111,1.499296
1.503112,3,0x04,0.0000,0.0000,1.502270
1.510852,0,0x01,0.0000,0.1667,1.505282
1.510852,1,0x02,0.0000,0.0000,1.508295
1.510852,2,0x03,0.0000,0.1111,1.499296
1.510852,3,0x04,0.0000,0.0000,1.502270
1.511954,0,0x01,0.0000,0.1667,1.505282
1.511954,1,0x02,0.0000,0.0000,1.508295
1.511954,2,0x03,0.0000,0.1667,1.511285
1.511954,3,0x04,0.0000,0.0000,1.502270
1.513027,0,0x01,0.0000,0.1667,1.505282
1.513027,1,0x02,0.0000,0.0000,1.508295
1.513027,2,0x03,0.0000,0.1667,1.511285
1.513027,3,0x04,0.0000,0.0000,1.502270
1.514122,0,0x01,0.0000,0.1667,1.505282
1.514122,1,0x02,0.0000,0.0000,1.508295
1.514122,2,0x03,0.0000,0.1667,1.511285
1.514122,3,0x04,0.0000,0.2778,1.513269
1.521875,0,0x01,0.0000,0.0556,1.516271
1.521875,1,0x02,0.0000,0.3333,1.518289
1.521875,2,0x03,0.0000,0.1667,1.511285
1.521875,3,0x04,0.0000,0.2778,1.513269
1.522993,0,0x01,0.0000,0.0556,1.516271
1.522993,1,0x02,0.0000,0.3333,1.518289
1.522993,2,0x03,0.0000,0.6667,1.522290
1.522993,3,0x04,0.0000,0.2778,1.513269
1.524060,0,0x01,0.0000,0.0556,1.516271
1.524060,1,0x02,0.0000,0.3333,1.518289
1.524060,2,0x03,0.0000,0.6667,1.522290
1.524060,3,0x04,0.0000,0.2778,1.513269
1.531851,0,0x01,0.0000,0.6667,1.528285
1.531851,1,0x02,0.0000,0.3333,1.518289
1.531851,2,0x03,0.0000,0.6667,1.522290
1.531851,3,0x04,0.0000,0.6667,1.525259
1.532926,0,0x01,0.0000,0.6667,1.528285
1.532926,1,0x02,0.0000,0.3333,1.518289
1.532926,2,0x03,0.0000,0.6667,1.522290
1.532926,3,0x04,0.0000,0.6667,1.525259
1.533993,0,0x01,0.0000,0.6667,1.528285
1.533993,1,0x02,0.0000,0.3333,1.518289
1.533993,2,0x03,0.0000,0.6667,1.522290
1.533993,3,0x04,0.0000,0.6667,1.525259
1.541855,0,0x01,0.0000,0.6667,1.528285
1.541855,1,0x02,0.0000,0.3333,1.518289
1.541855,2,0x03,0.0000,0.6667,1.522290
1.541855,3,0x04,0.0000,0.6667,1.525259
1.542934,0,0x01,0.0000,0.6667,1.528285
1.542934,1,0x02,0.0000,0.3333,1.518289
1.542934,2,0x03,0.0000,0.6667,1.522290
1.542934,3,0x04,0.0000,0.6667,1.525259
1.543994,0,0x01,0.0000,0.6667,1.528285
1.543994,1,0x02,0.0000,0.3333,1.518289
1.543994,2,0x03,0.0000,0.6667,1.522290
1.543994,3,0x04,0.0000,0.6667,1.525259
1.550793,0,0x01,0.0000,0.6667,1.528285
1.550793,1,0x02,0.0000,0.3333,1.518289
1.550793,2,0x03,0.0000,0.6667,1.522290
1.550793,3,0x04,0.0000,0.6667,1.525259
1.551856,0,0x01,0.0000,0.6667,1.528285
1.551856,1,0x02,0.0000,0.3333,1.518289
1.551856,2,0x03,0.0000,0.6667,1.522290
1.551856,3,0x04,0.0000,0.6667,1.525259
1.552929,0,0x01,0.0000,0.6667,1.528285
1.552929,1,0x02,0.0000,0.3333,1.518289
1.552929,2,0x03,0.0000,0.6667,1.522290
1.552929,3,0x04,0.0000,0.6667,1.525259
1.554005,0,0x01,0.0000,0.6667,1.528285
1.554005,1,0x02,0.0000,0.3333,1.518289
1.554005,2,0x03,0.0000,0.6667,1.522290
1.554005,3,0x04,0.0000,0.6667,1.525259
1.559799,0,0x01,0.0000,0.6667,1.528285
1.559799,1,0x02,0.0000,0.3333,1.518289
1.559799,2,0x03,0.0000,0.6667,1.522290
1.559799,3,0x04,0.0000,0.6667,1.525259
1.560892,0,0x01,0.0000,0.6667,1.528285
1.560892,1,0x02,0.0000,0.3333,1.518289
1.560892,2,0x03,0.0000,0.6667,1.522290
1.560892,3,0x04,0.0000,0.6667,1.525259
1.561960,0,0x01,0.0000,0.6667,1.528285
1.561960,1,0x02,0.0000,0.3333,1.518289
1.561960,2,0x03,0.0000,0.6667,1.522290
1.561960,3,0x04,0.0000,0.6667,1.525259
1.563036,0,0x01,0.0000,0.6667,1.528285
1.563036,1,0x02,0.0000,0.3333,1.518289
1.563036,2,0x03,0.0000,0.6667,1.522290
1.563036,3,0x04,0.0000,0.6667,1.525259
1.568832,0,0x01,0.0000,0.6667,1.528285
1.568832,1,0x02,0.0000,0.3333,1.518289
1.568832,2,0x03,0.0000,0.6667,1.522290
1.568832,3,0x04,0.0000,0.6667,1.525259
1.569896,0,0x01,0.0000,0.6667,1.528285
1.569896,1,0x02,0.0000,0.3333,1.518289
1.569896,2,0x03,0.0000,0.6667,1.522290
1.569896,3,0x04,0.0000,0.6667,1.525259
1.570966,0,0x01,0.0000,0.6667,1.528285
1.570966,1,0x02,0.0000,0.3333,1.518289
1.570966,2,0x03,0.0000,0.6667,1.522290
1.570966,3,0x04,0.0000,0.6667,1.525259
1.572037,0,0x01,0.0000,0.6667,1.528285
1.572037,1,0x02,0.0000,0.3333,1.518289
1.572037,2,0x03,0.0000,0.6667,1.522290
1.572037,3,0x04,0.0000,0.6667,1.525259
1.573100,0,0x01,0.0000,0.6667,1.528285
1.573100,1,0x02,0.0000,0.3333,1.518289
1.573100,2,0x03,0.0000,0.6667,1.522290
1.573100,3,0x04,0.0000,0.6667,1.525259
1.580898,0,0x01,0.0000,1.1111,1.579277
1.580898,1,0x02,0.0000,1.1111,1.580301
1.580898,2,0x03,0.0000,1.1111,1.577314
1.580898,3,0x04,0.0000,0.6667,1.525259
1.581974,0,0x01,0.0000,1.1111,1.579277
1.581974,1,0x02,0.0000,1.1111,1.580301
1.581974,2,0x03,0.0000,1.0556,1.581289
1.581974,3,0x04,0.0000,0.6667,1.525259
1.583150,0,0x01,0.0000,1.1111,1.579277
1.583150,1,0x02,0.0000,1.1111,1.580301
1.583150,2,0x03,0.0000,1.0556,1.581289
1.583150,3,0x04,0.0000,1.0556,1.582277
1.589912,0,0x01,0.0000,1.1111,1.588299
1.589912,1,0x02,0.0000,1.1111,1.589301
1.589912,2,0x03,0.0000,1.0556,1.587286
1.589912,3,0x04,0.0000,1.1111,1.585277
1.590987,0,0x01,0.0000,1.1111,1.588299
1.590987,1,0x02,0.0000,1.1111,1.589301
1.590987,2,0x03,0.0000,1.0556,1.590289
1.590987,3,0x04,0.0000,1.1111,1.585277
1.592056,0,0x01,0.0000,1.1111,1.588299
1.592056,1,0x02,0.0000,1.1111,1.589301
1.592056,2,0x03,0.0000,1.0556,1.590289
1.592056,3,0x04,0.0000,1.0556,1.591267
1.593122,0,0x01,0.0000,1.1111,1.592275
1.593122,1,0x02,0.0000,1.1111,1.589301
1.593122,2,0x03,0.0000,1.0556,1.590289
1.593122,3,0x04,0.0000,1.0556,1.591267
1.600815,0,0x01,0.0000,1.1111,1.592275
1.600815,1,0x02,0.0000,1.1111,1.589301
1.600815,2,0x03,0.0000,1.0556,1.590289
1.600815,3,0x04,0.0000,1.0556,1.591267
1.601888,0,0x01,0.0000,1.1111,1.592275
1.601888,1,0x02,0.0000,1.1111,1.589301
1.601888,2,0x03,0.0000,1.0556,1.590289
1.601888,3,0x04,0.0000,1.0556,1.591267
1.602979,0,0x01,0.0000,1.1111,1.592275
1.602979,1,0x02,0.0000,1.1111,1.589301
1.602979,2,0x03,0.0000,1.0556,1.590289
1.602979,3,0x04,0.0000,1.0556,1.591267
1.604052,0,0x01,0.0000,1.1111,1.592275
1.604052,1,0x02,0.0000,1.1111,1.589301
1.604052,2,0x03,0.0000,1.0556,1.590289
1.604052,3,0x04,0.0000,1.0556,1.591267
1.610791,0,0x01,0.0000,1.1111,1.592275
1.610791,1,0x02,0.0000,1.1111,1.589301
1.610791,2,0x03,0.0000,1.0556,1.590289
1.610791,3,0x04,0.0000,1.0556,1.591267
1.611859,0,0x01,0.0000,1.1111,1.592275
1.611859,1,0x02,0.0000,1.1111,1.589301
1.611859,2,0x03,0.0000,1.0556,1.590289
1.611859,3,0x04,0.0000,1.0556,1.591267
1.612927,0,0x01,0.0000,1.1111,1.592275
1.612927,1,0x02,0.0000,1.1111,1.589301
1.612927,2,0x03,0.0000,1.0556,1.590289
1.612927,3,0x04,0.0000,1.0556,1.591267
1.614000,0,0x01,0.0000,1.1111,1.592275
1.614000,1,0x02,0.0000,1.1111,1.589301
1.614000,2,0x03,0.0000,1.0556,1.590289
1.614000,3,0x04,0.0000,1.0556,1.591267
1.619795,0,0x01,0.0000,1.1111,1.592275
1.619795,1,0x02,0.0000,1.1111,1.589301
1.619795,2,0x03,0.0000,1.0556,1.590289
1.619795,3,0x04,0.0000,1.0556,1.591267
1.620868,0,0x01,0.0000,1.1111,1.592275
1.620868,1,0x02,0.0000,1.1111,1.589301
1.620868,2,0x03,0.0000,1.0556,1.590289
1.620868,3,0x04,0.0000,1.0556,1.591267
1.621936,0,0x01,0.0000,1.1111,1.592275
1.621936,1,0x02,0.0000,1.1111,1.589301
1.621936,2,0x03,0.0000,1.0556,1.590289
1.621936,3,0x04,0.0000,1.0556,1.591267
1.622998,0,0x01,0.0000,1.1111,1.592275
1.622998,1,0x02,0.0000,1.1111,1.589301
1.622998,2,0x03,0.0000,1.0556,1.590289
1.622998,3,0x04,0.0000,1.0556,1.591267
1.624061,0,0x01,0.0000,1.1111,1.592275
1.624061,1,0x02,0.0000,1.1111,1.589301
1.624061,2,0x03,0.0000,1.0556,1.590289
1.624061,3,0x04,0.0000,1.0556,1.591267
1.631813,0,0x01,0.0000,1.1111,1.592275
1.631813,1,0x02,0.0000,1.1111,1.589301
1.631813,2,0x03,0.0000,1.0556,1.590289
1.631813,3,0x04,0.0000,1.0556,1.591267
1.632886,0,0x01,0.0000,1.1111,1.592275
1.632886,1,0x02,0.0000,1.1111,1.589301
1.632886,2,0x03,0.0000,1.0556,1.590289
1.632886,3,0x04,0.0000,1.0556,1.591267
1.633953,0,0x01,0.0000,1.1111,1.592275
1.633953,1,0x02,0.0000,1.1111,1.589301
1.633953,2,0x03,0.0000,1.0556,1.590289
1.633953,3,0x04,0.0000,1.0556,1.591267
1.640851,0,0x01,0.0000,1.1111,1.640279
1.640851,1,0x02,0.0000,1.1111,1.589301
1.640851,2,0x03,0.0000,1.0556,1.590289
1.640851,3,0x04,0.0000,1.0556,1.639301
1.641930,0,0x01,0.0000,1.1111,1.640279
1.641930,1,0x02,0.0000,1.1111,1.641293
1.641930,2,0x03,0.0000,1.0556,1.590289
1.641930,3,0x04,0.0000,1.0556,1.639301
1.643020,0,0x01,0.0000,1.1111,1.640279
1.643020,1,0x02,0.0000,1.1111,1.641293
1.643020,2,0x03,0.0000,1.0556,1.590289
1.643020,3,0x04,0.0000,1.1111,1.642272
1.644117,0,0x01,0.0000,1.1111,1.643256
1.644117,1,0x02,0.0000,1.1111,1.641293
1.644117,2,0x03,0.0000,1.0556,1.590289
1.644117,3,0x04,0.0000,1.1111,1.642272
1.651893,0,0x01,0.0000,1.1111,1.646261
1.651893,1,0x02,0.0000,1.1111,1.650300
1.651893,2,0x03,0.0000,1.0000,1.651284
1.651893,3,0x04,0.0000,1.0556,1.649308
1.652964,0,0x01,0.0000,1.1111,1.646261
1.652964,1,0x02,0.0000,1.1111,1.650300
1.652964,2,0x03,0.0000,1.0000,1.651284
1.652964,3,0x04,0.0000,1.0556,1.649308
1.654065,0,0x01,0.0000,1.1111,1.653254
1.654065,1,0x02,0.0000,1.1111,1.650300
1.654065,2,0x03,0.0000,1.0000,1.651284
1.654065,3,0x04,0.0000,1.0556,1.649308
1.663851,0,0x01,0.0000,1.1111,1.653254
1.663851,1,0x02,0.0000,1.1111,1.654278
1.663851,2,0x03,0.0000,1.0000,1.651284
1.663851,3,0x04,0.0000,1.0556,1.649308
1.669854,0,0x01,0.0000,1.1111,1.653254
1.669854,1,0x02,0.0000,1.1111,1.654278
1.669854,2,0x03,0.0000,1.0000,1.651284
1.669854,3,0x04,0.0000,1.0556,1.665315
1.670944,0,0x01,0.0000,1.1111,1.653254
1.670944,1,0x02,0.0000,1.1111,1.654278
1.670944,2,0x03,0.0000,1.0000,1.651284
1.670944,3,0x04,0.0000,1.0556,1.665315
1.672023,0,0x01,0.0000,1.1111,1.653254
1.672023,1,0x02,0.0000,1.1111,1.654278
1.672023,2,0x03,0.0000,1.0000,1.651284
1.672023,3,0x04,0.0000,1.0556,1.665315
1.673102,0,0x01,0.0000,1.1111,1.653254
1.673102,1,0x02,0.0000,1.1111,1.654278
1.673102,2,0x03,0.0000,1.0000,1.651284
1.673102,3,0x04,0.0000,1.0556,1.665315
1.680802,0,0x01,0.0000,1.1111,1.653254
1.680802,1,0x02,0.0000,1.1111,1.654278
1.680802,2,0x03,0.0000,1.0000,1.651284
1.680802,3,0x04,0.0000,1.0556,1.665315
1.681886,0,0x01,0.0000,1.1111,1.653254
1.681886,1,0x02,0.0000,1.1111,1.654278
1.681886,2,0x03,0.0000,1.0000,1.651284
1.681886,3,0x04,0.0000,1.0556,1.665315
1.682979,0,0x01,0.0000,1.1111,1.653254
1.682979,1,0x02,0.0000,1.1111,1.654278
1.682979,2,0x03,0.0000,1.0000,1.651284
1.682979,3,0x04,0.0000,1.0556,1.665315
1.684081,0,0x01,0.0000,1.1111,1.653254
1.684081,1,0x02,0.0000,1.1111,1.654278
1.684081,2,0x03,0.0000,1.0000,1.651284
1.684081,3,0x04,0.0000,1.0556,1.665315
1.691842,0,0x01,0.0000,1.1111,1.653254
1.691842,1,0x02,0.0000,1.1111,1.654278
1.691842,2,0x03,0.0000,1.0000,1.651284
1.691842,3,0x04,0.0000,1.0556,1.665315
1.692930,0,0x01,0.0000,1.1111,1.653254
1.692930,1,0x02,0.0000,1.1111,1.654278
1.692930,2,0x03,0.0000,1.0000,1.651284
1.692930,3,0x04,0.0000,1.0556,1.665315
1.693995,0,0x01,0.0000,1.1111,1.653254
1.693995,1,0x02,0.0000,1.1111,1.654278
1.693995,2,0x03,0.0000,1.0000,1.651284
1.693995,3,0x04,0.0000,1.0556,1.665315
1.700817,0,0x01,0.0000,1.1111,1.653254
1.700817,1,0x02,0.0000,1.1111,1.654278
1.700817,2,0x03,0.0000,1.0000,1.651284
1.700817,3,0x04,0.0000,1.0556,1.665315
1.701931,0,0x01,0.0000,1.1111,1.701294
1.701931,1,0x02,0.0000,1.1111,1.654278
1.701931,2,0x03,0.0000,1.0000,1.651284
1.701931,3,0x04,0.0000,1.0556,1.665315
1.703029,0,0x01,0.0000,1.1111,1.701294
1.703029,1,0x02,0.0000,1.1111,1.654278
1.703029,2,0x03,0.0000,1.0556,1.702277
1.703029,3,0x04,0.0000,1.0556,1.665315
1.709904,0,0x01,0.0000,1.1111,1.704313
1.709904,1,0x02,0.0000,1.1111,1.708284
1.709904,2,0x03,0.0000,1.0556,1.709293
1.709904,3,0x04,0.0000,1.0556,1.707311
1.710999,0,0x01,0.0000,1.1111,1.704313
1.710999,1,0x02,0.0000,1.1111,1.708284
1.710999,2,0x03,0.0000,1.0556,1.709293
1.710999,3,0x04,0.0000,1.0556,1.710278
1.712077,0,0x01,0.0000,1.1111,1.711257
1.712077,1,0x02,0.0000,1.1111,1.708284
1.712077,2,0x03,0.0000,1.0556,1.709293
1.712077,3,0x04,0.0000,1.0556,1.710278
1.713151,0,0x01,0.0000,1.1111,1.711257
1.713151,1,0x02,0.0000,1.1111,1.708284
1.713151,2,0x03,0.0000,1.0556,1.712259
1.713151,3,0x04,0.0000,1.0556,1.710278
1.726887,0,0x01,0.0000,1.1111,1.711257
1.726887,1,0x02,0.0000,1.1111,1.714253
1.726887,2,0x03,0.0000,1.0556,1.712259
1.726887,3,0x04,0.0000,1.0556,1.713259
1.732830,0,0x01,0.0000,1.1111,1.711257
1.732830,1,0x02,0.0000,1.1111,1.714253
1.732830,2,0x03,0.0000,1.0556,1.712259
1.732830,3,0x04,0.0000,1.0556,1.713259
1.733930,0,0x01,0.0000,1.1111,1.711257
1.733930,1,0x02,0.0000,1.1111,1.714253
1.733930,2,0x03,0.0000,1.0556,1.712259
1.733930,3,0x04,0.0000,1.0556,1.713259
1.740826,0,0x01,0.0000,1.1111,1.711257
1.740826,1,0x02,0.0000,1.1111,1.714253
1.740826,2,0x03,0.0000,1.0556,1.712259
1.740826,3,0x04,0.0000,1.0556,1.713259
1.741921,0,0x01,0.0000,1.1111,1.711257
1.741921,1,0x02,0.0000,1.1111,1.714253
1.741921,2,0x03,0.0000,1.0556,1.712259
1.741921,3,0x04,0.0000,1.0556,1.713259
1.742988,0,0x01,0.0000,1.1111,1.711257
1.742988,1,0x02,0.0000,1.1111,1.714253
1.742988,2,0x03,0.0000,1.0556,1.712259
1.742988,3,0x04,0.0000,1.0556,1.713259
1.744050,0,0x01,0.0000,1.1111,1.711257
1.744050,1,0x02,0.0000,1.1111,1.714253
1.744050,2,0x03,0.0000,1.0556,1.712259
1.744050,3,0x04,0.0000,1.0556,1.713259
1.750806,0,0x01,0.0000,1.1111,1.711257
1.750806,1,0x02,0.0000,1.1111,1.714253
1.750806,2,0x03,0.0000,1.0556,1.712259
1.750806,3,0x04,0.0000,1.0556,1.713259
1.751876,0,0x01,0.0000,1.1111,1.711257
1.751876,1,0x02,0.0000,1.1111,1.714253
1.751876,2,0x03,0.0000,1.0556,1.712259
1.751876,3,0x04,0.0000,1.0556,1.713259
1.752943,0,0x01,0.0000,1.1111,1.711257
1.752943,1,0x02,0.0000,1.1111,1.714253
1.752943,2,0x03,0.0000,1.0556,1.712259
1.752943,3,0x04,0.0000,1.0556,1.713259
1.754015,0,0x01,0.0000,1.1111,1.711257
1.754015,1,0x02,0.0000,1.1111,1.714253
1.754015,2,0x03,0.0000,1.0556,1.712259
1.754015,3,0x04,0.0000,1.0556,1.713259
1.759828,0,0x01,0.0000,1.1111,1.711257
1.759828,1,0x02,0.0000,1.1111,1.714253
1.759828,2,0x03,0.0000,1.0556,1.712259
1.759828,3,0x04,0.0000,1.0556,1.713259
1.760971,0,0x01,0.0000,1.1111,1.711257
1.760971,1,0x02,0.0000,1.1111,1.714253
1.760971,2,0x03,0.0000,1.0556,1.760313
1.760971,3,0x04,0.0000,1.0556,1.713259
1.762047,0,0x01,0.0000,1.1111,1.761259
1.762047,1,0x02,0.0000,1.1111,1.714253
1.762047,2,0x03,0.0000,1.0556,1.760313
1.762047,3,0x04,0.0000,1.0556,1.713259
1.763131,0,0x01,0.0000,1.1111,1.761259
1.763131,1,0x02,0.0000,1.1111,1.762274
1.763131,2,0x03,0.0000,1.0556,1.760313
1.763131,3,0x04,0.0000,1.0556,1.713259
1.770898,0,0x01,0.0000,1.1111,1.765274
1.770898,1,0x02,0.0000,1.1111,1.770287
1.770898,2,0x03,0.0000,1.0556,1.767293
1.770898,3,0x04,0.0000,1.1111,1.768293
1.772003,0,0x01,0.0000,1.1111,1.765274
1.772003,1,0x02,0.0000,1.1111,1.770287
1.772003,2,0x03,0.0000,1.0556,1.771291
1.772003,3,0x04,0.0000,1.1111,1.768293
1.773095,0,0x01,0.0000,1.1111,1.772263
1.773095,1,0x02,0.0000,1.1111,1.770287
1.773095,2,0x03,0.0000,1.0556,1.771291
1.773095,3,0x04,0.0000,1.1111,1.768293
1.780880,0,0x01,0.0000,1.0556,1.775290
1.780880,1,0x02,0.0000,1.1111,1.773264
1.780880,2,0x03,0.0000,1.0556,1.771291
1.780880,3,0x04,0.0000,1.0556,1.774265
1.781953,0,0x01,0.0000,1.0556,1.775290
1.781953,1,0x02,0.0000,1.1111,1.773264
1.781953,2,0x03,0.0000,1.0556,1.771291
1.781953,3,0x04,0.0000,1.0556,1.774265
1.783042,0,0x01,0.0000,1.0556,1.775290
1.783042,1,0x02,0.0000,1.1111,1.773264
1.783042,2,0x03,0.0000,1.0556,1.771291
1.783042,3,0x04,0.0000,1.0556,1.774265
1.789254,0,0x01,0.0000,1.0556,1.775290
1.789254,1,0x02,0.0000,1.1111,1.773264
1.789254,2,0x03,0.0000,1.0556,1.771291
1.789254,3,0x04,0.0000,1.0556,1.774265
1.790333,0,0x01,0.0000,1.0556,1.775290
1.790333,1,0x02,0.0000,1.1111,1.773264
1.790333,2,0x03,0.0000,1.0556,1.771291
1.790333,3,0x04,0.0000,1.0556,1.774265
1.791398,0,0x01,0.0000,1.0556,1.775290
1.791398,1,0x02,0.0000,1.1111,1.773264
1.791398,2,0x03,0.0000,1.0556,1.771291
1.791398,3,0x04,0.0000,1.0556,1.774265
1.792457,0,0x01,0.0000,1.0556,1.775290
1.792457,1,0x02,0.0000,1.1111,1.773264
1.792457,2,0x03,0.0000,1.0556,1.771291
1.792457,3,0x04,0.0000,1.0556,1.774265
1.793485,0,0x01,0.0000,1.0556,1.775290
1.793485,1,0x02,0.0000,1.1111,1.773264
1.793485,2,0x03,0.0000,1.0556,1.771291
1.793485,3,0x04,0.0000,1.0556,1.774265
1.800816,0,0x01,0.0000,1.0556,1.775290
1.800816,1,0x02,0.0000,1.1111,1.773264
1.800816,2,0x03,0.0000,1.0556,1.771291
1.800816,3,0x04,0.0000,1.0556,1.774265
1.801880,0,0x01,0.0000,1.0556,1.775290
1.801880,1,0x02,0.0000,1.1111,1.773264
1.801880,2,0x03,0.0000,1.0556,1.771291
1.801880,3,0x04,0.0000,1.0556,1.774265
1.802944,0,0x01,0.0000,1.0556,1.775290
1.802944,1,0x02,0.0000,1.1111,1.773264
1.802944,2,0x03,0.0000,1.0556,1.771291
1.802944,3,0x04,0.0000,1.0556,1.774265
1.804031,0,0x01,0.0000,1.0556,1.775290
1.804031,1,0x02,0.0000,1.1111,1.773264
1.804031,2,0x03,0.0000,1.0556,1.771291
1.804031,3,0x04,0.0000,1.0556,1.774265
1.809807,0,0x01,0.0000,1.0556,1.775290
1.809807,1,0x02,0.0000,1.1111,1.773264
1.809807,2,0x03,0.0000,1.0556,1.771291
1.809807,3,0x04,0.0000,1.0556,1.774265
1.810888,0,0x01,0.0000,1.0556,1.775290
1.810888,1,0x02,0.0000,1.1111,1.773264
1.810888,2,0x03,0.0000,1.0556,1.771291
1.810888,3,0x04,0.0000,1.0556,1.774265
1.811965,0,0x01,0.0000,1.0556,1.775290
1.811965,1,0x02,0.0000,1.1111,1.773264
1.811965,2,0x03,0.0000,1.0556,1.771291
1.811965,3,0x04,0.0000,1.0556,1.774265
1.813038,0,0x01,0.0000,1.0556,1.775290
1.813038,1,0x02,0.0000,1.1111,1.773264
1.813038,2,0x03,0.0000,1.0556,1.771291
1.813038,3,0x04,0.0000,1.0556,1.774265
1.818809,0,0x01,0.0000,1.0556,1.775290
1.818809,1,0x02,0.0000,1.1111,1.773264
1.818809,2,0x03,0.0000,1.0556,1.771291
1.818809,3,0x04,0.0000,1.0556,1.774265
1.819883,0,0x01,0.0000,1.0556,1.775290
1.819883,1,0x02,0.0000,1.1111,1.773264
1.819883,2,0x03,0.0000,1.0556,1.771291
1.819883,3,0x04,0.0000,1.0556,1.774265
1.820961,0,0x01,0.0000,1.0556,1.775290
1.820961,1,0x02,0.0000,1.1111,1.773264
1.820961,2,0x03,0.0000,1.0556,1.771291
1.820961,3,0x04,0.0000,1.0556,1.774265
1.822040,0,0x01,0.0000,1.0556,1.775290
1.822040,1,0x02,0.0000,1.1111,1.773264
1.822040,2,0x03,0.0000,1.0556,1.771291
1.822040,3,0x04,0.0000,1.0556,1.774265
1.823138,0,0x01,0.0000,1.0556,1.775290
1.823138,1,0x02,0.0000,1.1111,1.773264
1.823138,2,0x03,0.0000,1.0556,1.771291
1.823138,3,0x04,0.0000,-1.1111,1.822285
1.830907,0,0x01,0.0000,-1.3333,1.829279
1.830907,1,0x02,0.0000,-1.1111,1.830279
1.830907,2,0x03,0.0000,-0.8889,1.828276
1.830907,3,0x04,0.0000,-1.1111,1.822285
1.831983,0,0x01,0.0000,-1.3333,1.829279
1.831983,1,0x02,0.0000,-1.1111,1.830279
1.831983,2,0x03,0.0000,-0.8889,1.831280
1.831983,3,0x04,0.0000,-1.1111,1.822285
1.833109,0,0x01,0.0000,-1.3333,1.829279
1.833109,1,0x02,0.0000,-1.1111,1.830279
1.833109,2,0x03,0.0000,-0.8889,1.831280
1.833109,3,0x04,0.0000,-1.0000,1.832259
1.845871,0,0x01,0.0000,-1.3889,1.833258
1.845871,1,0x02,0.0000,-1.1111,1.830279
1.845871,2,0x03,0.0000,-1.0000,1.834263
1.845871,3,0x04,0.0000,-1.0556,1.835283
1.851806,0,0x01,0.0000,-1.3889,1.833258
1.851806,1,0x02,0.0000,-1.1111,1.830279
1.851806,2,0x03,0.0000,-1.0000,1.834263
1.851806,3,0x04,0.0000,-1.0556,1.835283
1.852882,0,0x01,0.0000,-1.3889,1.833258
1.852882,1,0x02,0.0000,-1.1111,1.830279
1.852882,2,0x03,0.0000,-1.0000,1.834263
1.852882,3,0x04,0.0000,-1.0556,1.835283
1.853973,0,0x01,0.0000,-1.3889,1.833258
1.853973,1,0x02,0.0000,-1.1111,1.830279
1.853973,2,0x03,0.0000,-1.0000,1.834263
1.853973,3,0x04,0.0000,-1.0556,1.835283
1.860818,0,0x01,0.0000,-1.3889,1.833258
1.860818,1,0x02,0.0000,-1.1111,1.830279
1.860818,2,0x03,0.0000,-1.0000,1.834263
1.860818,3,0x04,0.0000,-1.0556,1.835283
1.861901,0,0x01,0.0000,-1.3889,1.833258
1.861901,1,0x02,0.0000,-1.1111,1.830279
1.861901,2,0x03,0.0000,-1.0000,1.834263
1.861901,3,0x04,0.0000,-1.0556,1.835283
1.862968,0,0x01,0.0000,-1.3889,1.833258
1.862968,1,0x02,0.0000,-1.1111,1.830279
1.862968,2,0x03,0.0000,-1.0000,1.834263
1.862968,3,0x04,0.0000,-1.0556,1.835283
1.864039,0,0x01,0.0000,-1.3889,1.833258
1.864039,1,0x02,0.0000,-1.1111,1.830279
1.864039,2,0x03,0.0000,-1.0000,1.834263
1.864039,3,0x04,0.0000,-1.0556,1.835283
1.869802,0,0x01,0.0000,-1.3889,1.833258
1.869802,1,0x02,0.0000,-1.1111,1.830279
1.869802,2,0x03,0.0000,-1.0000,1.834263
1.869802,3,0x04,0.0000,-1.0556,1.835283
1.870884,0,0x01,0.0000,-1.3889,1.833258
1.870884,1,0x02,0.0000,-1.1111,1.830279
1.870884,2,0x03,0.0000,-1.0000,1.834263
1.870884,3,0x04,0.0000,-1.0556,1.835283
1.871958,0,0x01,0.0000,-1.3889,1.833258
1.871958,1,0x02,0.0000,-1.1111,1.830279
1.871958,2,0x03,0.0000,-1.0000,1.834263
1.871958,3,0x04,0.0000,-1.0556,1.835283
1.873047,0,0x01,0.0000,-1.3889,1.833258
1.873047,1,0x02,0.0000,-1.1111,1.830279
1.873047,2,0x03,0.0000,-1.0000,1.834263
1.873047,3,0x04,0.0000,-1.0556,1.835283
1.878814,0,0x01,0.0000,-1.3889,1.833258
1.878814,1,0x02,0.0000,-1.1111,1.830279
1.878814,2,0x03,0.0000,-1.0000,1.834263
1.878814,3,0x04,0.0000,-1.0556,1.835283
1.879907,0,0x01,0.0000,-1.3889,1.833258
1.879907,1,0x02,0.0000,-1.1111,1.830279
1.879907,2,0x03,0.0000,-1.0000,1.834263
1.879907,3,0x04,0.0000,-1.0556,1.835283
1.880979,0,0x01,0.0000,-1.3889,1.833258
1.880979,1,0x02,0.0000,-1.1111,1.830279
1.880979,2,0x03,0.0000,-1.0000,1.834263
1.880979,3,0x04,0.0000,-1.0556,1.835283
1.882042,0,0x01,0.0000,-1.3889,1.833258
1.882042,1,0x02,0.0000,-1.1111,1.830279
1.882042,2,0x03,0.0000,-1.0000,1.834263
1.882042,3,0x04,0.0000,-1.0556,1.835283
1.883132,0,0x01,0.0000,-1.3889,1.833258
1.883132,1,0x02,0.0000,-1.1111,1.830279
1.883132,2,0x03,0.0000,-1.1111,1.882281
1.883132,3,0x04,0.0000,-1.0556,1.835283
1.891100,0,0x01,0.0000,-1.0556,1.890335
1.891100,1,0x02,0.0000,-1.1667,1.888329
1.891100,2,0x03,0.0000,-1.1111,1.889345
1.891100,3,0x04,0.0000,-1.1111,1.886304
1.892196,0,0x01,0.0000,-1.0556,1.890335
1.892196,1,0x02,0.0000,-1.1667,1.891375
1.892196,2,0x03,0.0000,-1.1111,1.889345
1.892196,3,0x04,0.0000,-1.1111,1.886304
1.893302,0,0x01,0.0000,-1.0556,1.890335
1.893302,1,0x02,0.0000,-1.1667,1.891375
1.893302,2,0x03,0.0000,-1.1667,1.892347
1.893302,3,0x04,0.0000,-1.1111,1.886304
1.900981,0,0x01,0.0000,-1.0556,1.893363
1.900981,1,0x02,0.0000,-1.1111,1.894342
1.900981,2,0x03,0.0000,-1.1111,1.895426
1.900981,3,0x04,0.0000,-1.1111,1.886304
1.902054,0,0x01,0.0000,-1.0556,1.893363
1.902054,1,0x02,0.0000,-1.1111,1.894342
1.902054,2,0x03,0.0000,-1.1111,1.895426
1.902054,3,0x04,0.0000,-1.1111,1.886304
1.903123,0,0x01,0.0000,-1.0556,1.893363
1.903123,1,0x02,0.0000,-1.1111,1.894342
1.903123,2,0x03,0.0000,-1.1111,1.895426
1.903123,3,0x04,0.0000,-1.1111,1.886304
1.909931,0,0x01,0.0000,-1.0556,1.893363
1.909931,1,0x02,0.0000,-1.1111,1.894342
1.909931,2,0x03,0.0000,-1.1111,1.895426
1.909931,3,0x04,0.0000,-1.1111,1.886304
1.911037,0,0x01,0.0000,-1.0556,1.893363
1.911037,1,0x02,0.0000,-1.1111,1.894342
1.911037,2,0x03,0.0000,-1.1111,1.895426
1.911037,3,0x04,0.0000,-1.1111,1.886304
1.912119,0,0x01,0.0000,-1.0556,1.893363
1.912119,1,0x02,0.0000,-1.1111,1.894342
1.912119,2,0x03,0.0000,-1.1111,1.895426
1.912119,3,0x04,0.0000,-1.1111,1.886304
1.913194,0,0x01,0.0000,-1.0556,1.893363
1.913194,1,0x02,0.0000,-1.1111,1.894342
1.913194,2,0x03,0.0000,-1.1111,1.895426
1.913194,3,0x04,0.0000,-1.1111,1.886304
1.920819,0,0x01,0.0000,-1.0556,1.893363
1.920819,1,0x02,0.0000,-1.1111,1.894342
1.920819,2,0x03,0.0000,-1.1111,1.895426
1.920819,3,0x04,0.0000,-1.1111,1.886304
1.921893,0,0x01,0.0000,-1.0556,1.893363
1.921893,1,0x02,0.0000,-1.1111,1.894342
1.921893,2,0x03,0.0000,-1.1111,1.895426
1.921893,3,0x04,0.0000,-1.1111,1.886304
1.922968,0,0x01,0.0000,-1.0556,1.893363
1.922968,1,0x02,0.0000,-1.1111,1.894342
1.922968,2,0x03,0.0000,-1.1111,1.895426
1.922968,3,0x04,0.0000,-1.1111,1.886304
1.924043,0,0x01,0.0000,-1.0556,1.893363
1.924043,1,0x02,0.0000,-1.1111,1.894342
1.924043,2,0x03,0.0000,-1.1111,1.895426
1.924043,3,0x04,0.0000,-1.1111,1.886304
1.929799,0,0x01,0.0000,-1.0556,1.893363
1.929799,1,0x02,0.0000,-1.1111,1.894342
1.929799,2,0x03,0.0000,-1.1111,1.895426
1.929799,3,0x04,0.0000,-1.1111,1.886304
1.930865,0,0x01,0.0000,-1.0556,1.893363
1.930865,1,0x02,0.0000,-1.1111,1.894342
1.930865,2,0x03,0.0000,-1.1111,1.895426
1.930865,3,0x04,0.0000,-1.1111,1.886304
1.931930,0,0x01,0.0000,-1.0556,1.893363
1.931930,1,0x02,0.0000,-1.1111,1.894342
1.931930,2,0x03,0.0000,-1.1111,1.895426
1.931930,3,0x04,0.0000,-1.1111,1.886304
1.933002,0,0x01,0.0000,-1.0556,1.893363
1.933002,1,0x02,0.0000,-1.1111,1.894342
1.933002,2,0x03,0.0000,-1.1111,1.895426
1.933002,3,0x04,0.0000,-1.1111,1.886304
1.934118,0,0x01,0.0000,-1.0556,1.933271
1.934118,1,0x02,0.0000,-1.1111,1.894342
1.934118,2,0x03,0.0000,-1.1111,1.895426
1.934118,3,0x04,0.0000,-1.1111,1.886304
1.941993,0,0x01,0.0000,-1.0556,1.939279
1.941993,1,0x02,0.0000,-1.1667,1.937300
1.941993,2,0x03,0.0000,-1.1111,1.941288
1.941993,3,0x04,0.0000,-1.1111,1.938279
1.943205,0,0x01,0.0000,-1.0556,1.939279
1.943205,1,0x02,0.0000,-1.1667,1.937300
1.943205,2,0x03,0.0000,-1.1111,1.941288
1.943205,3,0x04,0.0000,-1.1111,1.942279
1.957882,0,0x01,0.0000,-1.0556,1.939279
1.957882,1,0x02,0.0000,-1.1111,1.943262
1.957882,2,0x03,0.0000,-1.0556,1.944265
1.957882,3,0x04,0.0000,-1.1111,1.942279
1.963801,0,0x01,0.0000,-1.0556,1.939279
1.963801,1,0x02,0.0000,-1.1111,1.943262
1.963801,2,0x03,0.0000,-1.0556,1.944265
1.963801,3,0x04,0.0000,-1.1111,1.942279
1.969800,0,0x01,0.0000,-1.0556,1.939279
1.969800,1,0x02,0.0000,-1.1111,1.943262
1.969800,2,0x03,0.0000,-1.0556,1.944265
1.969800,3,0x04,0.0000,-1.1111,1.942279
1.970867,0,0x01,0.0000,-1.0556,1.939279
1.970867,1,0x02,0.0000,-1.1111,1.943262
1.970867,2,0x03,0.0000,-1.0556,1.944265
1.970867,3,0x04,0.0000,-1.1111,1.942279
1.971936,0,0x01,0.0000,-1.0556,1.939279
1.971936,1,0x02,0.0000,-1.1111,1.943262
1.971936,2,0x03,0.0000,-1.0556,1.944265
1.971936,3,0x04,0.0000,-1.1111,1.942279
1.973001,0,0x01,0.0000,-1.0556,1.939279
1.973001,1,0x02,0.0000,-1.1111,1.943262
1.973001,2,0x03,0.0000,-1.0556,1.944265
1.973001,3,0x04,0.0000,-1.1111,1.942279
1.974062,0,0x01,0.0000,-1.0556,1.939279
1.974062,1,0x02,0.0000,-1.1111,1.943262
1.974062,2,0x03,0.0000,-1.0556,1.944265
1.974062,3,0x04,0.0000,-1.1111,1.942279
1.981812,0,0x01,0.0000,-1.0556,1.939279
1.981812,1,0x02,0.0000,-1.1111,1.943262
1.981812,2,0x03,0.0000,-1.0556,1.944265
1.981812,3,0x04,0.0000,-1.1111,1.942279
1.982898,0,0x01,0.0000,-1.0556,1.939279
1.982898,1,0x02,0.0000,-1.1111,1.943262
1.982898,2,0x03,0.0000,-1.0556,1.944265
1.982898,3,0x04,0.0000,-1.1111,1.942279
1.983974,0,0x01,0.0000,-1.0556,1.939279
1.983974,1,0x02,0.0000,-1.1111,1.943262
1.983974,2,0x03,0.0000,-1.0556,1.944265
1.983974,3,0x04,0.0000,-1.1111,1.942279
1.990900,0,0x01,0.0000,-1.0556,1.939279
1.990900,1,0x02,0.0000,-1.1111,1.990280
1.990900,2,0x03,0.0000,-1.0556,1.944265
1.990900,3,0x04,0.0000,-1.1111,1.988301
1.992000,0,0x01,0.0000,-1.0556,1.939279
1.992000,1,0x02,0.0000,-1.1111,1.990280
1.992000,2,0x03,0.0000,-1.1111,1.991286
1.992000,3,0x04,0.0000,-1.1111,1.988301
1.993072,0,0x01,0.0000,-1.0556,1.939279
1.993072,1,0x02,0.0000,-1.1111,1.990280
1.993072,2,0x03,0.0000,-1.1111,1.991286
1.993072,3,0x04,0.0000,-1.1111,1.992257
1.999891,0,0x01,0.0000,-1.0556,1.999298
1.999891,1,0x02,0.0000,-1.1111,1.994279
1.999891,2,0x03,0.0000,-1.1111,1.998288
1.999891,3,0x04,0.0000,-1.0556,1.996279
2.000976,0,0x01,0.0000,-1.0556,1.999298
2.000976,1,0x02,0.0000,-1.1667,2.000279
2.000976,2,0x03,0.0000,-1.1111,1.998288
2.000976,3,0x04,0.0000,-1.0556,1.996279
2.002061,0,0x01,0.0000,-1.0556,1.999298
2.002061,1,0x02,0.0000,-1.1667,2.000279
2.002061,2,0x03,0.0000,-1.1111,2.001266
2.002061,3,0x04,0.0000,-1.0556,1.996279
2.003149,0,0x01,0.0000,-1.0556,2.002259
2.003149,1,0x02,0.0000,-1.1667,2.000279
2.003149,2,0x03,0.0000,-1.1111,2.001266
2.003149,3,0x04,0.0000,-1.0556,1.996279
2.012812,0,0x01,0.0000,-1.0556,2.002259
2.012812,1,0x02,0.0000,-1.1667,2.000279
2.012812,2,0x03,0.0000,-1.1111,2.001266
2.012812,3,0x04,0.0000,-1.0556,1.996279
2.013883,0,0x01,0.0000,-1.0556,2.002259
2.013883,1,0x02,0.0000,-1.1667,2.013283
2.013883,2,0x03,0.0000,-1.1111,2.001266
2.013883,3,0x04,0.0000,-1.0556,1.996279
2.020936,0,0x01,0.0000,-1.0556,2.016279
2.020936,1,0x02,0.0000,-1.2222,2.017287
2.020936,2,0x03,0.0000,-0.8889,2.018279
2.020936,3,0x04,0.0000,-0.6111,2.020291
2.021999,0,0x01,0.0000,-1.0556,2.016279
2.021999,1,0x02,0.0000,-1.2222,2.017287
2.021999,2,0x03,0.0000,-0.8889,2.018279
2.021999,3,0x04,0.0000,-0.6111,2.020291
2.023070,0,0x01,0.0000,-1.0556,2.016279
2.023070,1,0x02,0.0000,-1.2222,2.017287
2.023070,2,0x03,0.0000,-0.8889,2.018279
2.023070,3,0x04,0.0000,-0.6111,2.020291
2.029836,0,0x01,0.0000,-0.4444,2.023270
2.029836,1,0x02,0.0000,-0.5000,2.026278
2.029836,2,0x03,0.0000,-0.3889,2.029296
2.029836,3,0x04,0.0000,-0.6111,2.020291
2.030896,0,0x01,0.0000,-0.4444,2.023270
2.030896,1,0x02,0.0000,-0.5000,2.026278
2.030896,2,0x03,0.0000,-0.3889,2.029296
2.030896,3,0x04,0.0000,-0.6111,2.020291
2.031962,0,0x01,0.0000,-0.4444,2.023270
2.031962,1,0x02,0.0000,-0.5000,2.026278
2.031962,2,0x03,0.0000,-0.3889,2.029296
2.031962,3,0x04,0.0000,-0.6111,2.020291
2.033054,0,0x01,0.0000,-0.4444,2.023270
2.033054,1,0x02,0.0000,-0.5000,2.026278
2.033054,2,0x03,0.0000,-0.3889,2.029296
2.033054,3,0x04,0.0000,0.0000,2.032258
2.038840,0,0x01,0.0000,0.2222,2.035279
2.038840,1,0x02,0.0000,0.6111,2.038278
2.038840,2,0x03,0.0000,-0.3889,2.029296
2.038840,3,0x04,0.0000,0.0000,2.032258
2.039907,0,0x01,0.0000,0.2222,2.035279
2.039907,1,0x02,0.0000,0.6111,2.038278
2.039907,2,0x03,0.0000,-0.3889,2.029296
2.039907,3,0x04,0.0000,0.0000,2.032258
2.040988,0,0x01,0.0000,0.2222,2.035279
2.040988,1,0x02,0.0000,0.6111,2.038278
2.040988,2,0x03,0.0000,-0.3889,2.029296
2.040988,3,0x04,0.0000,0.0000,2.032258
2.042082,0,0x01,0.0000,0.2222,2.035279
2.042082,1,0x02,0.0000,0.6111,2.038278
2.042082,2,0x03,0.0000,0.7222,2.041261
2.042082,3,0x04,0.0000,0.0000,2.032258
2.043161,0,0x01,0.0000,0.2222,2.035279
2.043161,1,0x02,0.0000,0.6111,2.038278
2.043161,2,0x03,0.0000,0.7222,2.041261
2.043161,3,0x04,0.0000,0.0000,2.032258
2.050839,0,0x01,0.0000,0.6667,2.047279
2.050839,1,0x02,0.0000,0.6111,2.038278
2.050839,2,0x03,0.0000,0.7222,2.041261
2.050839,3,0x04,0.0000,0.6667,2.044266
2.051900,0,0x01,0.0000,0.6667,2.047279
2.051900,1,0x02,0.0000,0.6111,2.038278
2.051900,2,0x03,0.0000,0.7222,2.041261
2.051900,3,0x04,0.0000,0.6667,2.044266
2.052990,0,0x01,0.0000,0.6667,2.047279
2.052990,1,0x02,0.0000,0.6111,2.038278
2.052990,2,0x03,0.0000,0.7222,2.041261
2.052990,3,0x04,0.0000,0.6667,2.044266
2.054056,0,0x01,0.0000,0.6667,2.047279
2.054056,1,0x02,0.0000,0.6111,2.038278
2.054056,2,0x03,0.0000,0.7222,2.041261
2.054056,3,0x04,0.0000,0.6667,2.044266
2.059804,0,0x01,0.0000,0.6667,2.047279
2.059804,1,0x02,0.0000,0.6111,2.038278
2.059804,2,0x03,0.0000,0.7222,2.041261
2.059804,3,0x04,0.0000,0.6667,2.044266
2.060878,0,0x01,0.0000,0.6667,2.047279
2.060878,1,0x02,0.0000,0.6111,2.038278
2.060878,2,0x03,0.0000,0.7222,2.041261
2.060878,3,0x04,0.0000,0.6667,2.044266
2.061955,0,0x01,0.0000,0.6667,2.047279
2.061955,1,0x02,0.0000,0.6111,2.038278
2.061955,2,0x03,0.0000,0.7222,2.041261
2.061955,3,0x04,0.0000,0.6667,2.044266
2.063029,0,0x01,0.0000,0.6667,2.047279
2.063029,1,0x02,0.0000,0.6111,2.038278
2.063029,2,0x03,0.0000,0.7222,2.041261
2.063029,3,0x04,0.0000,0.6667,2.044266
2.064103,0,0x01,0.0000,0.6667,2.047279
2.064103,1,0x02,0.0000,0.6111,2.038278
2.064103,2,0x03,0.0000,0.7222,2.041261
2.064103,3,0x04,0.0000,0.6667,2.044266
2.071810,0,0x01,0.0000,0.6667,2.047279
2.071810,1,0x02,0.0000,0.6111,2.038278
2.071810,2,0x03,0.0000,0.7222,2.041261
2.071810,3,0x04,0.0000,0.6667,2.044266
2.072879,0,0x01,0.0000,0.6667,2.047279
2.072879,1,0x02,0.0000,0.6111,2.038278
2.072879,2,0x03,0.0000,0.7222,2.041261
2.072879,3,0x04,0.0000,0.6667,2.044266
2.073947,0,0x01,0.0000,0.6667,2.047279
2.073947,1,0x02,0.0000,0.6111,2.038278
2.073947,2,0x03,0.0000,0.7222,2.041261
2.073947,3,0x04,0.0000,0.6667,2.044266
2.080821,0,0x01,0.0000,0.6667,2.047279
2.080821,1,0x02,0.0000,0.6111,2.038278
2.080821,2,0x03,0.0000,0.7222,2.041261
2.080821,3,0x04,0.0000,0.6667,2.044266
2.081887,0,0x01,0.0000,0.6667,2.047279
2.081887,1,0x02,0.0000,0.6111,2.038278
2.081887,2,0x03,0.0000,0.7222,2.041261
2.081887,3,0x04,0.0000,0.6667,2.044266
2.082954,0,0x01,0.0000,0.6667,2.047279
2.082954,1,0x02,0.0000,0.6111,2.038278
2.082954,2,0x03,0.0000,0.7222,2.041261
2.082954,3,0x04,0.0000,0.6667,2.044266
2.084024,0,0x01,0.0000,0.6667,2.047279
2.084024,1,0x02,0.0000,0.6111,2.038278
2.084024,2,0x03,0.0000,0.7222,2.041261
2.084024,3,0x04,0.0000,0.6667,2.044266
2.090208,0,0x01,0.0000,1.1111,2.089493
2.090208,1,0x02,0.0000,1.1111,2.088362
2.090208,2,0x03,0.0000,1.0556,2.085293
2.090208,3,0x04,0.0000,1.0556,2.086293
2.091282,0,0x01,0.0000,1.1111,2.089493
2.091282,1,0x02,0.0000,1.1111,2.088362
2.091282,2,0x03,0.0000,1.0556,2.085293
2.091282,3,0x04,0.0000,1.0556,2.086293
2.092358,0,0x01,0.0000,1.1111,2.089493
2.092358,1,0x02,0.0000,1.1111,2.091350
2.092358,2,0x03,0.0000,1.0556,2.085293
2.092358,3,0x04,0.0000,1.0556,2.086293
2.093444,0,0x01,0.0000,1.1111,2.093355
2.093444,1,0x02,0.0000,1.1111,2.091350
2.093444,2,0x03,0.0000,1.0556,2.085293
2.093444,3,0x04,0.0000,1.0556,2.092387
2.100863,0,0x01,0.0000,1.1111,2.093355
2.100863,1,0x02,0.0000,1.1111,2.094366
2.100863,2,0x03,0.0000,1.0556,2.095364
2.100863,3,0x04,0.0000,1.0556,2.092387
2.101925,0,0x01,0.0000,1.1111,2.093355
2.101925,1,0x02,0.0000,1.1111,2.094366
2.101925,2,0x03,0.0000,1.0556,2.095364
2.101925,3,0x04,0.0000,1.0556,2.092387
2.102996,0,0x01,0.0000,1.1111,2.093355
2.102996,1,0x02,0.0000,1.1111,2.094366
2.102996,2,0x03,0.0000,1.0556,2.095364
2.102996,3,0x04,0.0000,1.0556,2.092387
2.104064,0,0x01,0.0000,1.1111,2.093355
2.104064,1,0x02,0.0000,1.1111,2.094366
2.104064,2,0x03,0.0000,1.0556,2.095364
2.104064,3,0x04,0.0000,1.0556,2.092387
2.109895,0,0x01,0.0000,1.1111,2.093355
2.109895,1,0x02,0.0000,1.1111,2.094366
2.109895,2,0x03,0.0000,1.0556,2.095364
2.109895,3,0x04,0.0000,1.0556,2.092387
2.110970,0,0x01,0.0000,1.1111,2.093355
2.110970,1,0x02,0.0000,1.1111,2.094366
2.110970,2,0x03,0.0000,1.0556,2.095364
2.110970,3,0x04,0.0000,1.0556,2.092387
2.112040,0,0x01,0.0000,1.1111,2.093355
2.112040,1,0x02,0.0000,1.1111,2.094366
2.112040,2,0x03,0.0000,1.0556,2.095364
2.112040,3,0x04,0.0000,1.0556,2.092387
2.113119,0,0x01,0.0000,1.1111,2.093355
2.113119,1,0x02,0.0000,1.1111,2.094366
2.113119,2,0x03,0.0000,1.0556,2.095364
2.113119,3,0x04,0.0000,1.0556,2.092387
2.120898,0,0x01,0.0000,1.1111,2.093355
2.120898,1,0x02,0.0000,1.1111,2.094366
2.120898,2,0x03,0.0000,1.0556,2.095364
2.120898,3,0x04,0.0000,1.0556,2.092387
2.121969,0,0x01,0.0000,1.1111,2.093355
2.121969,1,0x02,0.0000,1.1111,2.094366
2.121969,2,0x03,0.0000,1.0556,2.095364
2.121969,3,0x04,0.0000,1.0556,2.092387
2.123041,0,0x01,0.0000,1.1111,2.093355
2.123041,1,0x02,0.0000,1.1111,2.094366
2.123041,2,0x03,0.0000,1.0556,2.095364
2.123041,3,0x04,0.0000,1.0556,2.092387
2.129806,0,0x01,0.0000,1.1111,2.093355
2.129806,1,0x02,0.0000,1.1111,2.094366
2.129806,2,0x03,0.0000,1.0556,2.095364
2.129806,3,0x04,0.0000,1.0556,2.092387
2.130880,0,0x01,0.0000,1.1111,2.093355
2.130880,1,0x02,0.0000,1.1111,2.094366
2.130880,2,0x03,0.0000,1.0556,2.095364
2.130880,3,0x04,0.0000,1.0556,2.092387
2.131950,0,0x01,0.0000,1.1111,2.093355
2.131950,1,0x02,0.0000,1.1111,2.094366
2.131950,2,0x03,0.0000,1.0556,2.095364
2.131950,3,0x04,0.0000,1.0556,2.092387
2.133023,0,0x01,0.0000,1.1111,2.093355
2.133023,1,0x02,0.0000,1.1111,2.094366
2.133023,2,0x03,0.0000,1.0556,2.095364
2.133023,3,0x04,0.0000,1.0556,2.092387
2.134089,0,0x01,0.0000,1.1111,2.093355
2.134089,1,0x02,0.0000,1.1111,2.094366
2.134089,2,0x03,0.0000,1.0556,2.095364
2.134089,3,0x04,0.0000,1.0556,2.092387
2.141899,0,0x01,0.0000,1.1111,2.093355
2.141899,1,0x02,0.0000,1.1111,2.094366
2.141899,2,0x03,0.0000,1.0556,2.095364
2.141899,3,0x04,0.0000,1.0556,2.140368
2.142977,0,0x01,0.0000,1.1111,2.093355
2.142977,1,0x02,0.0000,1.1111,2.142344
2.142977,2,0x03,0.0000,1.0556,2.095364
2.142977,3,0x04,0.0000,1.0556,2.140368
2.144051,0,0x01,0.0000,1.1111,2.093355
2.144051,1,0x02,0.0000,1.1111,2.142344
2.144051,2,0x03,0.0000,1.0556,2.143367
2.144051,3,0x04,0.0000,1.0556,2.140368
2.150860,0,0x01,0.0000,1.1111,2.147340
2.150860,1,0x02,0.0000,1.1111,2.148322
2.150860,2,0x03,0.0000,1.1111,2.149392
2.150860,3,0x04,0.0000,1.0556,2.144356
2.151949,0,0x01,0.0000,1.1667,2.151294
2.151949,1,0x02,0.0000,1.1111,2.148322
2.151949,2,0x03,0.0000,1.1111,2.149392
2.151949,3,0x04,0.0000,1.0556,2.144356
2.153041,0,0x01,0.0000,1.1667,2.151294
2.153041,1,0x02,0.0000,1.1111,2.152274
2.153041,2,0x03,0.0000,1.1111,2.149392
2.153041,3,0x04,0.0000,1.0556,2.144356
2.159876,0,0x01,0.0000,1.1111,2.157292
2.159876,1,0x02,0.0000,1.1111,2.155288
2.159876,2,0x03,0.0000,1.1111,2.149392
2.159876,3,0x04,0.0000,1.0556,2.156293
2.160944,0,0x01,0.0000,1.1111,2.157292
2.160944,1,0x02,0.0000,1.1111,2.155288
2.160944,2,0x03,0.0000,1.1111,2.149392
2.160944,3,0x04,0.0000,1.0556,2.156293
2.162012,0,0x01,0.0000,1.1111,2.157292
2.162012,1,0x02,0.0000,1.1111,2.155288
2.162012,2,0x03,0.0000,1.1111,2.149392
2.162012,3,0x04,0.0000,1.0556,2.156293
2.163072,0,0x01,0.0000,1.1111,2.157292
2.163072,1,0x02,0.0000,1.1111,2.155288
2.163072,2,0x03,0.0000,1.1111,2.149392
2.163072,3,0x04,0.0000,1.0556,2.156293
2.168816,0,0x01,0.0000,1.1111,2.157292
2.168816,1,0x02,0.0000,1.1111,2.155288
2.168816,2,0x03,0.0000,1.1111,2.149392
2.168816,3,0x04,0.0000,1.0556,2.156293
2.169877,0,0x01,0.0000,1.1111,2.157292
2.169877,1,0x02,0.0000,1.1111,2.155288
2.169877,2,0x03,0.0000,1.1111,2.149392
2.169877,3,0x04,0.0000,1.0556,2.156293
2.170951,0,0x01,0.0000,1.1111,2.157292
2.170951,1,0x02,0.0000,1.1111,2.155288
2.170951,2,0x03,0.0000,1.1111,2.149392
2.170951,3,0x04,0.0000,1.0556,2.156293
2.172017,0,0x01,0.0000,1.1111,2.157292
2.172017,1,0x02,0.0000,1.1111,2.155288
2.172017,2,0x03,0.0000,1.1111,2.149392
2.172017,3,0x04,0.0000,1.0556,2.156293
2.173088,0,0x01,0.0000,1.1111,2.157292
2.173088,1,0x02,0.0000,1.1111,2.155288
2.173088,2,0x03,0.0000,1.1111,2.149392
2.173088,3,0x04,0.0000,1.0556,2.156293
2.180812,0,0x01,0.0000,1.1111,2.157292
2.180812,1,0x02,0.0000,1.1111,2.155288
2.180812,2,0x03,0.0000,1.1111,2.149392
2.180812,3,0x04,0.0000,1.0556,2.156293
2.181904,0,0x01,0.0000,1.1111,2.157292
2.181904,1,0x02,0.0000,1.1111,2.155288
2.181904,2,0x03,0.0000,1.1111,2.149392
2.181904,3,0x04,0.0000,1.0556,2.156293
2.182977,0,0x01,0.0000,1.1111,2.157292
2.182977,1,0x02,0.0000,1.1111,2.155288
2.182977,2,0x03,0.0000,1.1111,2.149392
2.182977,3,0x04,0.0000,1.0556,2.156293
2.184052,0,0x01,0.0000,1.1111,2.157292
2.184052,1,0x02,0.0000,1.1111,2.155288
2.184052,2,0x03,0.0000,1.1111,2.149392
2.184052,3,0x04,0.0000,1.0556,2.156293
2.189823,0,0x01,0.0000,1.1111,2.157292
2.189823,1,0x02,0.0000,1.1111,2.155288
2.189823,2,0x03,0.0000,1.1111,2.149392
2.189823,3,0x04,0.0000,1.0556,2.156293
2.190894,0,0x01,0.0000,1.1111,2.157292
2.190894,1,0x02,0.0000,1.1111,2.155288
2.190894,2,0x03,0.0000,1.1111,2.149392
2.190894,3,0x04,0.0000,1.0556,2.156293
2.191963,0,0x01,0.0000,1.1111,2.157292
2.191963,1,0x02,0.0000,1.1111,2.155288
2.191963,2,0x03,0.0000,1.1111,2.149392
2.191963,3,0x04,0.0000,1.0556,2.156293
2.193037,0,0x01,0.0000,1.1111,2.157292
2.193037,1,0x02,0.0000,1.1111,2.155288
2.193037,2,0x03,0.0000,1.1111,2.149392
2.193037,3,0x04,0.0000,1.0556,2.156293
2.198866,0,0x01,0.0000,1.1111,2.195305
2.198866,1,0x02,0.0000,1.1111,2.196304
2.198866,2,0x03,0.0000,1.1111,2.197292
2.198866,3,0x04,0.0000,1.0556,2.198283
2.199957,0,0x01,0.0000,1.1111,2.195305
2.199957,1,0x02,0.0000,1.1111,2.199305
2.199957,2,0x03,0.0000,1.1111,2.197292
2.199957,3,0x04,0.0000,1.0556,2.198283
2.201054,0,0x01,0.0000,1.1111,2.195305
2.201054,1,0x02,0.0000,1.1111,2.199305
2.201054,2,0x03,0.0000,1.0556,2.200275
2.201054,3,0x04,0.0000,1.0556,2.198283
2.202148,0,0x01,0.0000,1.1111,2.201281
2.202148,1,0x02,0.0000,1.1111,2.199305
2.202148,2,0x03,0.0000,1.0556,2.200275
2.202148,3,0x04,0.0000,1.0556,2.198283
2.203219,0,0x01,0.0000,1.1111,2.201281
2.203219,1,0x02,0.0000,1.1111,2.199305
2.203219,2,0x03,0.0000,1.0556,2.200275
2.203219,3,0x04,0.0000,1.0556,2.198283
2.215864,0,0x01,0.0000,1.1667,2.215316
2.215864,1,0x02,0.0000,1.1111,2.203272
2.215864,2,0x03,0.0000,1.0556,2.200275
2.215864,3,0x04,0.0000,1.0556,2.204280
2.221823,0,0x01,0.0000,1.1667,2.215316
2.221823,1,0x02,0.0000,1.1111,2.203272
2.221823,2,0x03,0.0000,1.0556,2.200275
2.221823,3,0x04,0.0000,1.0556,2.204280
2.222915,0,0x01,0.0000,1.1667,2.215316
2.222915,1,0x02,0.0000,1.1111,2.203272
2.222915,2,0x03,0.0000,1.0556,2.200275
2.222915,3,0x04,0.0000,1.0556,2.204280
2.223987,0,0x01,0.0000,1.1667,2.215316
2.223987,1,0x02,0.0000,1.1111,2.203272
2.223987,2,0x03,0.0000,1.0556,2.200275
2.223987,3,0x04,0.0000,1.0556,2.204280
2.230822,0,0x01,0.0000,1.1667,2.215316
2.230822,1,0x02,0.0000,1.1111,2.203272
2.230822,2,0x03,0.0000,1.0556,2.200275
2.230822,3,0x04,0.0000,1.0556,2.204280
2.231890,0,0x01,0.0000,1.1667,2.215316
2.231890,1,0x02,0.0000,1.1111,2.203272
2.231890,2,0x03,0.0000,1.0556,2.200275
2.231890,3,0x04,0.0000,1.0556,2.204280
2.232965,0,0x01,0.0000,1.1667,2.215316
2.232965,1,0x02,0.0000,1.1111,2.203272
2.232965,2,0x03,0.0000,1.0556,2.200275
2.232965,3,0x04,0.0000,1.0556,2.204280
2.234038,0,0x01,0.0000,1.1667,2.215316
2.234038,1,0x02,0.0000,1.1111,2.203272
2.234038,2,0x03,0.0000,1.0556,2.200275
2.234038,3,0x04,0.0000,1.0556,2.204280
2.239826,0,0x01,0.0000,1.1667,2.215316
2.239826,1,0x02,0.0000,1.1111,2.203272
2.239826,2,0x03,0.0000,1.0556,2.200275
2.239826,3,0x04,0.0000,1.0556,2.204280
2.240905,0,0x01,0.0000,1.1667,2.215316
2.240905,1,0x02,0.0000,1.1111,2.203272
2.240905,2,0x03,0.0000,1.0556,2.200275
2.240905,3,0x04,0.0000,1.0556,2.204280
2.241977,0,0x01,0.0000,1.1667,2.215316
2.241977,1,0x02,0.0000,1.1111,2.203272
2.241977,2,0x03,0.0000,1.0556,2.200275
2.241977,3,0x04,0.0000,1.0556,2.204280
2.243053,0,0x01,0.0000,1.1667,2.215316
2.243053,1,0x02,0.0000,1.1111,2.203272
2.243053,2,0x03,0.0000,1.0556,2.200275
2.243053,3,0x04,0.0000,1.0556,2.204280
2.248804,0,0x01,0.0000,1.1667,2.215316
2.248804,1,0x02,0.0000,1.1111,2.203272
2.248804,2,0x03,0.0000,1.0556,2.200275
2.248804,3,0x04,0.0000,1.0556,2.204280
2.249867,0,0x01,0.0000,1.1667,2.215316
2.249867,1,0x02,0.0000,1.1111,2.203272
2.249867,2,0x03,0.0000,1.0556,2.200275
2.249867,3,0x04,0.0000,1.0556,2.204280
2.250927,0,0x01,0.0000,1.1667,2.215316
2.250927,1,0x02,0.0000,1.1111,2.203272
2.250927,2,0x03,0.0000,1.0556,2.200275
2.250927,3,0x04,0.0000,1.0556,2.204280
2.252016,0,0x01,0.0000,1.1667,2.215316
2.252016,1,0x02,0.0000,1.1111,2.203272
2.252016,2,0x03,0.0000,1.1111,2.251298
2.252016,3,0x04,0.0000,1.0556,2.204280
2.253119,0,0x01,0.0000,1.1111,2.252301
2.253119,1,0x02,0.0000,1.1111,2.203272
2.253119,2,0x03,0.0000,1.1111,2.251298
2.253119,3,0x04,0.0000,1.0556,2.204280
2.260890,0,0x01,0.0000,1.1111,2.259295
2.260890,1,0x02,0.0000,1.1111,2.260292
2.260890,2,0x03,0.0000,1.1111,2.258367
2.260890,3,0x04,0.0000,1.0556,2.204280
2.261964,0,0x01,0.0000,1.1111,2.259295
2.261964,1,0x02,0.0000,1.1111,2.260292
2.261964,2,0x03,0.0000,1.1111,2.258367
2.261964,3,0x04,0.0000,1.0556,2.204280
2.263059,0,0x01,0.0000,1.1111,2.259295
2.263059,1,0x02,0.0000,1.1111,2.260292
2.263059,2,0x03,0.0000,1.1111,2.258367
2.263059,3,0x04,0.0000,1.0556,2.262270
2.270840,0,0x01,0.0000,1.1667,2.263272
2.270840,1,0x02,0.0000,1.1111,2.260292
2.270840,2,0x03,0.0000,1.0556,2.264281
2.270840,3,0x04,0.0000,1.0556,2.262270
2.271918,0,0x01,0.0000,1.1667,2.263272
2.271918,1,0x02,0.0000,1.1111,2.260292
2.271918,2,0x03,0.0000,1.0556,2.264281
2.271918,3,0x04,0.0000,1.0556,2.262270
2.272996,0,0x01,0.0000,1.1667,2.263272
2.272996,1,0x02,0.0000,1.1111,2.260292
2.272996,2,0x03,0.0000,1.0556,2.264281
2.272996,3,0x04,0.0000,1.0556,2.262270
2.274081,0,0x01,0.0000,1.1667,2.263272
2.274081,1,0x02,0.0000,1.1111,2.260292
2.274081,2,0x03,0.0000,1.0556,2.264281
2.274081,3,0x04,0.0000,1.0556,2.262270
2.281816,0,0x01,0.0000,1.1667,2.263272
2.281816,1,0x02,0.0000,1.1111,2.260292
2.281816,2,0x03,0.0000,1.0556,2.264281
2.281816,3,0x04,0.0000,1.0556,2.262270
2.282887,0,0x01,0.0000,1.1667,2.263272
2.282887,1,0x02,0.0000,1.1111,2.260292
2.282887,2,0x03,0.0000,1.0556,2.264281
2.282887,3,0x04,0.0000,1.0556,2.262270
2.283959,0,0x01,0.0000,1.1667,2.263272
2.283959,1,0x02,0.0000,1.1111,2.260292
2.283959,2,0x03,0.0000,1.0556,2.264281
2.283959,3,0x04,0.0000,1.0556,2.262270
2.290816,0,0x01,0.0000,1.1667,2.263272
2.290816,1,0x02,0.0000,1.1111,2.260292
2.290816,2,0x03,0.0000,1.0556,2.264281
2.290816,3,0x04,0.0000,1.0556,2.262270
2.291894,0,0x01,0.0000,1.1667,2.263272
2.291894,1,0x02,0.0000,1.1111,2.260292
2.291894,2,0x03,0.0000,1.0556,2.264281
2.291894,3,0x04,0.0000,1.0556,2.262270
2.292964,0,0x01,0.0000,1.1667,2.263272
2.292964,1,0x02,0.0000,1.1111,2.260292
2.292964,2,0x03,0.0000,1.0556,2.264281
2.292964,3,0x04,0.0000,1.0556,2.262270
2.294040,0,0x01,0.0000,1.1667,2.263272
2.294040,1,0x02,0.0000,1.1111,2.260292
2.294040,2,0x03,0.0000,1.0556,2.264281
2.294040,3,0x04,0.0000,1.0556,2.262270
2.299823,0,0x01,0.0000,1.1667,2.263272
2.299823,1,0x02,0.0000,1.1111,2.260292
2.299823,2,0x03,0.0000,1.0556,2.264281
2.299823,3,0x04,0.0000,1.0556,2.262270
2.300902,0,0x01,0.0000,1.1667,2.263272
2.300902,1,0x02,0.0000,1.1111,2.260292
2.300902,2,0x03,0.0000,1.0556,2.264281
2.300902,3,0x04,0.0000,1.0556,2.262270
2.301978,0,0x01,0.0000,1.1667,2.263272
2.301978,1,0x02,0.0000,1.1111,2.260292
2.301978,2,0x03,0.0000,1.0556,2.264281
2.301978,3,0x04,0.0000,1.0556,2.262270
2.303054,0,0x01,0.0000,1.1667,2.263272
2.303054,1,0x02,0.0000,1.1111,2.260292
2.303054,2,0x03,0.0000,1.0556,2.264281
2.303054,3,0x04,0.0000,1.0556,2.262270
2.310859,0,0x01,0.0000,1.1667,2.263272
2.310859,1,0x02,0.0000,1.1111,2.260292
2.310859,2,0x03,0.0000,1.0556,2.264281
2.310859,3,0x04,0.0000,1.0556,2.310303
2.311933,0,0x01,0.0000,1.1667,2.263272
2.311933,1,0x02,0.0000,1.1111,2.260292
2.311933,2,0x03,0.0000,1.0556,2.264281
2.311933,3,0x04,0.0000,1.0556,2.310303
2.313032,0,0x01,0.0000,1.1667,2.263272
2.313032,1,0x02,0.0000,1.1111,2.260292
2.313032,2,0x03,0.0000,-0.8889,2.312272
2.313032,3,0x04,0.0000,1.0556,2.310303
2.319867,0,0x01,0.0000,-0.9444,2.317310
2.319867,1,0x02,0.0000,-1.0556,2.318293
2.319867,2,0x03,0.0000,-0.8889,2.319283
2.319867,3,0x04,0.0000,1.0556,2.310303
2.320962,0,0x01,0.0000,-1.0000,2.320293
2.320962,1,0x02,0.0000,-1.0556,2.318293
2.320962,2,0x03,0.0000,-0.8889,2.319283
2.320962,3,0x04,0.0000,1.0556,2.310303
2.322068,0,0x01,0.0000,-1.0000,2.320293
2.322068,1,0x02,0.0000,-1.0556,2.321362
2.322068,2,0x03,0.0000,-0.8889,2.319283
2.322068,3,0x04,0.0000,1.0556,2.310303
2.323144,0,0x01,0.0000,-1.0000,2.320293
2.323144,1,0x02,0.0000,-1.0556,2.321362
2.323144,2,0x03,0.0000,-0.8889,2.322343
2.323144,3,0x04,0.0000,1.0556,2.310303
2.330899,0,0x01,0.0000,-1.0556,2.323444
2.330899,1,0x02,0.0000,-1.1111,2.324361
2.330899,2,0x03,0.0000,-0.8889,2.325373
2.330899,3,0x04,0.0000,1.0556,2.310303
2.331962,0,0x01,0.0000,-1.0556,2.323444
2.331962,1,0x02,0.0000,-1.1111,2.324361
2.331962,2,0x03,0.0000,-0.8889,2.325373
2.331962,3,0x04,0.0000,1.0556,2.310303
2.333033,0,0x01,0.0000,-1.0556,2.323444
2.333033,1,0x02,0.0000,-1.1111,2.324361
2.333033,2,0x03,0.0000,-0.8889,2.325373
2.333033,3,0x04,0.0000,1.0556,2.310303
2.340862,0,0x01,0.0000,-1.1667,2.340292
2.340862,1,0x02,0.0000,-1.2778,2.337298
2.340862,2,0x03,0.0000,-1.3333,2.338319
2.340862,3,0x04,0.0000,-1.2778,2.339300
2.341953,0,0x01,0.0000,-1.1667,2.340292
2.341953,1,0x02,0.0000,-1.2778,2.337298
2.341953,2,0x03,0.0000,-1.2222,2.341293
2.341953,3,0x04,0.0000,-1.2778,2.339300
2.343018,0,0x01,0.0000,-1.1667,2.340292
2.343018,1,0x02,0.0000,-1.2778,2.337298
2.343018,2,0x03,0.0000,-1.2222,2.341293
2.343018,3,0x04,0.0000,-1.2778,2.339300
2.344115,0,0x01,0.0000,-1.1667,2.340292
2.344115,1,0x02,0.0000,-1.2778,2.337298
2.344115,2,0x03,0.0000,-1.2222,2.341293
2.344115,3,0x04,0.0000,-1.1667,2.343266
2.351878,0,0x01,0.0000,-1.1111,2.346269
2.351878,1,0x02,0.0000,-1.1111,2.349312
2.351878,2,0x03,0.0000,-1.0556,2.351298
2.351878,3,0x04,0.0000,-1.1667,2.343266
2.352950,0,0x01,0.0000,-1.1111,2.346269
2.352950,1,0x02,0.0000,-1.1111,2.349312
2.352950,2,0x03,0.0000,-1.0556,2.351298
2.352950,3,0x04,0.0000,-1.1667,2.343266
2.354026,0,0x01,0.0000,-1.1111,2.346269
2.354026,1,0x02,0.0000,-1.1111,2.349312
2.354026,2,0x03,0.0000,-1.0556,2.351298
2.354026,3,0x04,0.0000,-1.1667,2.343266
2.360867,0,0x01,0.0000,-1.1111,2.357313
2.360867,1,0x02,0.0000,-1.1111,2.360283
2.360867,2,0x03,0.0000,-1.0556,2.351298
2.360867,3,0x04,0.0000,-1.1111,2.354272
2.361939,0,0x01,0.0000,-1.1111,2.357313
2.361939,1,0x02,0.0000,-1.1111,2.360283
2.361939,2,0x03,0.0000,-1.0556,2.351298
2.361939,3,0x04,0.0000,-1.1111,2.354272
2.363012,0,0x01,0.0000,-1.1111,2.357313
2.363012,1,0x02,0.0000,-1.1111,2.360283
2.363012,2,0x03,0.0000,-1.0556,2.351298
2.363012,3,0x04,0.0000,-1.1111,2.354272
2.364115,0,0x01,0.0000,-1.1111,2.357313
2.364115,1,0x02,0.0000,-1.1111,2.360283
2.364115,2,0x03,0.0000,-1.1111,2.363261
2.364115,3,0x04,0.0000,-1.1111,2.354272
2.371905,0,0x01,0.0000,-1.1111,2.369296
2.371905,1,0x02,0.0000,-1.1111,2.360283
2.371905,2,0x03,0.0000,-1.1111,2.363261
2.371905,3,0x04,0.0000,-1.1111,2.365262
2.372990,0,0x01,0.0000,-1.1111,2.369296
2.372990,1,0x02,0.0000,-1.1111,2.360283
2.372990,2,0x03,0.0000,-1.1111,2.363261
2.372990,3,0x04,0.0000,-1.1111,2.365262
2.374068,0,0x01,0.0000,-1.1111,2.369296
2.374068,1,0x02,0.0000,-1.1111,2.360283
2.374068,2,0x03,0.0000,-1.1111,2.363261
2.374068,3,0x04,0.0000,-1.1111,2.365262
2.381807,0,0x01,0.0000,-1.1111,2.369296
2.381807,1,0x02,0.0000,-1.1111,2.360283
2.381807,2,0x03,0.0000,-1.1111,2.363261
2.381807,3,0x04,0.0000,-1.1111,2.365262
2.382913,0,0x01,0.0000,-1.1111,2.369296
2.382913,1,0x02,0.0000,-1.0556,2.382299
2.382913,2,0x03,0.0000,-1.1111,2.363261
2.382913,3,0x04,0.0000,-1.1111,2.365262
2.384007,0,0x01,0.0000,-1.1111,2.369296
2.384007,1,0x02,0.0000,-1.0556,2.382299
2.384007,2,0x03,0.0000,-1.1111,2.383278
2.384007,3,0x04,0.0000,-1.1111,2.365262
2.390896,0,0x01,0.0000,-1.1111,2.385297
2.390896,1,0x02,0.0000,-1.0556,2.386297
2.390896,2,0x03,0.0000,-1.1111,2.387312
2.390896,3,0x04,0.0000,-1.1111,2.390325
2.391969,0,0x01,0.0000,-1.1111,2.385297
2.391969,1,0x02,0.0000,-1.0556,2.386297
2.391969,2,0x03,0.0000,-1.1111,2.387312
2.391969,3,0x04,0.0000,-1.1111,2.390325
2.393042,0,0x01,0.0000,-1.1111,2.385297
2.393042,1,0x02,0.0000,-1.0556,2.386297
2.393042,2,0x03,0.0000,-1.1111,2.387312
2.393042,3,0x04,0.0000,-1.1111,2.390325
2.399857,0,0x01,0.0000,-1.0556,2.393262
2.399857,1,0x02,0.0000,-1.0556,2.395315
2.399857,2,0x03,0.0000,-1.1111,2.398297
2.399857,3,0x04,0.0000,-1.1111,2.390325
2.400933,0,0x01,0.0000,-1.0556,2.393262
2.400933,1,0x02,0.0000,-1.0556,2.395315
2.400933,2,0x03,0.0000,-1.1111,2.398297
2.400933,3,0x04,0.0000,-1.1111,2.390325
2.402029,0,0x01,0.0000,-1.0556,2.393262
2.402029,1,0x02,0.0000,-1.0556,2.395315
2.402029,2,0x03,0.0000,-1.1111,2.398297
2.402029,3,0x04,0.0000,-1.1111,2.401278
2.403104,0,0x01,0.0000,-1.0556,2.393262
2.403104,1,0x02,0.0000,-1.0556,2.395315
2.403104,2,0x03,0.0000,-1.1111,2.398297
2.403104,3,0x04,0.0000,-1.1111,2.401278
2.410879,0,0x01,0.0000,-1.0556,2.405292
2.410879,1,0x02,0.0000,-1.1111,2.407297
2.410879,2,0x03,0.0000,-1.1111,2.398297
2.410879,3,0x04,0.0000,-1.1111,2.401278
2.411976,0,0x01,0.0000,-1.0556,2.405292
2.411976,1,0x02,0.0000,-1.1111,2.407297
2.411976,2,0x03,0.0000,-1.1667,2.411298
2.411976,3,0x04,0.0000,-1.1111,2.401278
2.413046,0,0x01,0.0000,-1.0556,2.405292
2.413046,1,0x02,0.0000,-1.1111,2.407297
2.413046,2,0x03,0.0000,-1.1667,2.411298
2.413046,3,0x04,0.0000,-1.1111,2.401278
2.419848,0,0x01,0.0000,-1.1111,2.415290
2.419848,1,0x02,0.0000,-1.1111,2.407297
2.419848,2,0x03,0.0000,-1.1667,2.411298
2.419848,3,0x04,0.0000,-1.1667,2.413262
2.420930,0,0x01,0.0000,-1.1111,2.415290
2.420930,1,0x02,0.0000,-1.1111,2.407297
2.420930,2,0x03,0.0000,-1.1667,2.411298
2.420930,3,0x04,0.0000,-1.1667,2.413262
2.422009,0,0x01,0.0000,-1.1111,2.415290
2.422009,1,0x02,0.0000,-1.1111,2.407297
2.422009,2,0x03,0.0000,-1.1667,2.411298
2.422009,3,0x04,0.0000,-1.1667,2.413262
2.423082,0,0x01,0.0000,-1.1111,2.415290
2.423082,1,0x02,0.0000,-1.1111,2.407297
2.423082,2,0x03,0.0000,-1.1667,2.411298
2.423082,3,0x04,0.0000,-1.1667,2.413262
2.430840,0,0x01,0.0000,-1.1111,2.415290
2.430840,1,0x02,0.0000,-1.1111,2.407297
2.430840,2,0x03,0.0000,-1.1667,2.411298
2.430840,3,0x04,0.0000,-1.1667,2.413262
2.431918,0,0x01,0.0000,-1.1111,2.415290
2.431918,1,0x02,0.0000,-1.1111,2.407297
2.431918,2,0x03,0.0000,-1.1667,2.411298
2.431918,3,0x04,0.0000,-1.1667,2.413262
2.432991,0,0x01,0.0000,-1.1111,2.415290
2.432991,1,0x02,0.0000,-1.1111,2.407297
2.432991,2,0x03,0.0000,-1.1667,2.411298
2.432991,3,0x04,0.0000,-1.1667,2.413262
2.434081,0,0x01,0.0000,-1.1111,2.415290
2.434081,1,0x02,0.0000,-1.1111,2.407297
2.434081,2,0x03,0.0000,-1.1667,2.411298
2.434081,3,0x04,0.0000,-1.1667,2.413262
2.441825,0,0x01,0.0000,-1.1111,2.415290
2.441825,1,0x02,0.0000,-1.1111,2.407297
2.441825,2,0x03,0.0000,-1.1667,2.411298
2.441825,3,0x04,0.0000,-1.1667,2.413262
2.442907,0,0x01,0.0000,-1.1111,2.415290
2.442907,1,0x02,0.0000,-1.1111,2.407297
2.442907,2,0x03,0.0000,-1.1667,2.411298
2.442907,3,0x04,0.0000,-1.1667,2.413262
2.443983,0,0x01,0.0000,-1.1111,2.415290
2.443983,1,0x02,0.0000,-1.1111,2.407297
2.443983,2,0x03,0.0000,-1.1667,2.411298
2.443983,3,0x04,0.0000,-1.1667,2.413262
2.450805,0,0x01,0.0000,-1.1111,2.415290
2.450805,1,0x02,0.0000,-1.1111,2.407297
2.450805,2,0x03,0.0000,-1.1667,2.411298
2.450805,3,0x04,0.0000,-1.1667,2.413262
2.451866,0,0x01,0.0000,-1.1111,2.415290
2.451866,1,0x02,0.0000,-1.1111,2.407297
2.451866,2,0x03,0.0000,-1.1667,2.411298
2.451866,3,0x04,0.0000,-1.1667,2.413262
2.452938,0,0x01,0.0000,-1.1111,2.415290
2.452938,1,0x02,0.0000,-1.1111,2.407297
2.452938,2,0x03,0.0000,-1.1667,2.411298
2.452938,3,0x04,0.0000,-1.1667,2.413262
2.454007,0,0x01,0.0000,-1.1111,2.415290
2.454007,1,0x02,0.0000,-1.1111,2.407297
2.454007,2,0x03,0.0000,-1.1667,2.411298
2.454007,3,0x04,0.0000,-1.1667,2.413262
2.459879,0,0x01,0.0000,-1.0556,2.459295
2.459879,1,0x02,0.0000,-1.0556,2.457302
2.459879,2,0x03,0.0000,-1.1111,2.458295
2.459879,3,0x04,0.0000,-1.1667,2.413262
2.460989,0,0x01,0.0000,-1.0556,2.459295
2.460989,1,0x02,0.0000,-1.1111,2.460285
2.460989,2,0x03,0.0000,-1.1111,2.458295
2.460989,3,0x04,0.0000,-1.1667,2.413262
2.462088,0,0x01,0.0000,-1.0556,2.459295
2.462088,1,0x02,0.0000,-1.1111,2.460285
2.462088,2,0x03,0.0000,-1.1111,2.461277
2.462088,3,0x04,0.0000,-1.1667,2.413262
2.463182,0,0x01,0.0000,-1.1111,2.462262
2.463182,1,0x02,0.0000,-1.1111,2.460285
2.463182,2,0x03,0.0000,-1.1111,2.461277
2.463182,3,0x04,0.0000,-1.1667,2.413262
2.471875,0,0x01,0.0000,-1.0556,2.465278
2.471875,1,0x02,0.0000,-1.0556,2.463283
2.471875,2,0x03,0.0000,-1.1111,2.461277
2.471875,3,0x04,0.0000,-1.1111,2.464314
2.472943,0,0x01,0.0000,-1.0556,2.465278
2.472943,1,0x02,0.0000,-1.0556,2.463283
2.472943,2,0x03,0.0000,-1.1111,2.461277
2.472943,3,0x04,0.0000,-1.1111,2.464314
2.474005,0,0x01,0.0000,-1.0556,2.465278
2.474005,1,0x02,0.0000,-1.0556,2.463283
2.474005,2,0x03,0.0000,-1.1111,2.461277
2.474005,3,0x04,0.0000,-1.1111,2.464314
2.481813,0,0x01,0.0000,-1.0556,2.465278
2.481813,1,0x02,0.0000,-1.0556,2.463283
2.481813,2,0x03,0.0000,-1.1111,2.461277
2.481813,3,0x04,0.0000,-1.1111,2.464314
2.482882,0,0x01,0.0000,-1.0556,2.465278
2.482882,1,0x02,0.0000,-1.0556,2.463283
2.482882,2,0x03,0.0000,-1.1111,2.461277
2.482882,3,0x04,0.0000,-1.1111,2.464314
2.483950,0,0x01,0.0000,-1.0556,2.465278
2.483950,1,0x02,0.0000,-1.0556,2.463283
2.483950,2,0x03,0.0000,-1.1111,2.461277
2.483950,3,0x04,0.0000,-1.1111,2.464314
2.490830,0,0x01,0.0000,-1.0556,2.465278
2.490830,1,0x02,0.0000,-1.0556,2.463283
2.490830,2,0x03,0.0000,-1.1111,2.461277
2.490830,3,0x04,0.0000,-1.1111,2.464314
2.491912,0,0x01,0.0000,-1.0556,2.465278
2.491912,1,0x02,0.0000,-1.0556,2.463283
2.491912,2,0x03,0.0000,-1.1111,2.461277
2.491912,3,0x04,0.0000,-1.1111,2.464314
2.492988,0,0x01,0.0000,-1.0556,2.465278
2.492988,1,0x02,0.0000,-1.0556,2.463283
2.492988,2,0x03,0.0000,-1.1111,2.461277
2.492988,3,0x04,0.0000,-1.1111,2.464314
2.494068,0,0x01,0.0000,-1.0556,2.465278
2.494068,1,0x02,0.0000,-1.0556,2.463283
2.494068,2,0x03,0.0000,-1.1111,2.461277
2.494068,3,0x04,0.0000,-1.1111,2.464314
2.499817,0,0x01,0.0000,-1.0556,2.465278
2.499817,1,0x02,0.0000,-1.0556,2.463283
2.499817,2,0x03,0.0000,-1.1111,2.461277
2.499817,3,0x04,0.0000,-1.1111,2.464314
2.500894,0,0x01,0.0000,-1.0556,2.465278
2.500894,1,0x02,0.0000,-1.0556,2.463283
2.500894,2,0x03,0.0000,-1.1111,2.461277
2.500894,3,0x04,0.0000,-1.1111,2.464314
2.501963,0,0x01,0.0000,-1.0556,2.465278
2.501963,1,0x02,0.0000,-1.0556,2.463283
2.501963,2,0x03,0.0000,-1.1111,2.461277
2.501963,3,0x04,0.0000,-1.1111,2.464314
2.503032,0,0x01,0.0000,-1.0556,2.465278
2.503032,1,0x02,0.0000,-1.0556,2.463283
2.503032,2,0x03,0.0000,-1.1111,2.461277
2.503032,3,0x04,0.0000,-1.1111,2.464314
2.508822,0,0x01,0.0000,-1.0556,2.465278
2.508822,1,0x02,0.0000,-1.0556,2.463283
2.508822,2,0x03,0.0000,-1.1111,2.461277
2.508822,3,0x04,0.0000,-1.1111,2.464314
2.509896,0,0x01,0.0000,-1.0556,2.465278
2.509896,1,0x02,0.0000,-1.0556,2.463283
2.509896,2,0x03,0.0000,-1.1111,2.461277
2.509896,3,0x04,0.0000,-1.1111,2.464314
2.510966,0,0x01,0.0000,-1.0556,2.465278
2.510966,1,0x02,0.0000,-1.0556,2.463283
2.510966,2,0x03,0.0000,-1.1111,2.461277
2.510966,3,0x04,0.0000,-1.1111,2.464314
2.512026,0,0x01,0.0000,-1.0556,2.465278
2.512026,1,0x02,0.0000,-1.0556,2.463283
2.512026,2,0x03,0.0000,-1.1111,2.461277
2.512026,3,0x04,0.0000,-1.1111,2.464314
2.513121,0,0x01,0.0000,-1.0556,2.465278
2.513121,1,0x02,0.0000,-1.0556,2.463283
2.513121,2,0x03,0.0000,-1.1111,2.512299
2.513121,3,0x04,0.0000,-1.1111,2.464314
2.520906,0,0x01,0.0000,-1.0556,2.520330
2.520906,1,0x02,0.0000,-1.0556,2.518298
2.520906,2,0x03,0.0000,-1.1111,2.519295
2.520906,3,0x04,0.0000,-1.1111,2.513275
2.521993,0,0x01,0.0000,-1.0556,2.520330
2.521993,1,0x02,0.0000,-1.1111,2.521307
2.521993,2,0x03,0.0000,-1.1111,2.519295
2.521993,3,0x04,0.0000,-1.1111,2.513275
2.523090,0,0x01,0.0000,-1.0556,2.520330
2.523090,1,0x02,0.0000,-1.1111,2.521307
2.523090,2,0x03,0.0000,-1.1111,2.522269
2.523090,3,0x04,0.0000,-1.1111,2.513275
2.529886,0,0x01,0.0000,-1.0000,2.527297
2.529886,1,0x02,0.0000,-1.0556,2.525296
2.529886,2,0x03,0.0000,-1.1111,2.522269
2.529886,3,0x04,0.0000,-1.1111,2.526295
2.530948,0,0x01,0.0000,-1.0000,2.527297
2.530948,1,0x02,0.0000,-1.0556,2.525296
2.530948,2,0x03,0.0000,-1.1111,2.522269
2.530948,3,0x04,0.0000,-1.1111,2.526295
2.532017,0,0x01,0.0000,-1.0000,2.527297
2.532017,1,0x02,0.0000,-1.0556,2.525296
2.532017,2,0x03,0.0000,-1.1111,2.522269
2.532017,3,0x04,0.0000,-1.1111,2.526295
2.533090,0,0x01,0.0000,-1.0000,2.527297
2.533090,1,0x02,0.0000,-1.0556,2.525296
2.533090,2,0x03,0.0000,-1.1111,2.522269
2.533090,3,0x04,0.0000,-1.1111,2.526295
2.538818,0,0x01,0.0000,-1.0000,2.527297
2.538818,1,0x02,0.0000,-1.0556,2.525296
2.538818,2,0x03,0.0000,-1.1111,2.522269
2.538818,3,0x04,0.0000,-1.1111,2.526295
2.539883,0,0x01,0.0000,-1.0000,2.527297
2.539883,1,0x02,0.0000,-1.0556,2.525296
2.539883,2,0x03,0.0000,-1.1111,2.522269
2.539883,3,0x04,0.0000,-1.1111,2.526295
2.540953,0,0x01,0.0000,-1.0000,2.527297
2.540953,1,0x02,0.0000,-1.0556,2.525296
2.540953,2,0x03,0.0000,-1.1111,2.522269
2.540953,3,0x04,0.0000,-1.1111,2.526295
2.542025,0,0x01,0.0000,-1.0000,2.527297
2.542025,1,0x02,0.0000,-1.0556,2.525296
2.542025,2,0x03,0.0000,-1.1111,2.522269
2.542025,3,0x04,0.0000,-1.1111,2.526295
2.543098,0,0x01,0.0000,-1.0000,2.527297
2.543098,1,0x02,0.0000,-1.0556,2.525296
2.543098,2,0x03,0.0000,-1.1111,2.522269
2.543098,3,0x04,0.0000,-1.1111,2.526295
2.550822,0,0x01,0.0000,-1.0000,2.527297
2.550822,1,0x02,0.0000,-1.0556,2.525296
2.550822,2,0x03,0.0000,-1.1111,2.522269
2.550822,3,0x04,0.0000,-1.1111,2.526295
2.551891,0,0x01,0.0000,-1.0000,2.527297
2.551891,1,0x02,0.0000,-1.0556,2.525296
2.551891,2,0x03,0.0000,-1.1111,2.522269
2.551891,3,0x04,0.0000,-1.1111,2.526295
2.552962,0,0x01,0.0000,-1.0000,2.527297
2.552962,1,0x02,0.0000,-1.0556,2.525296
2.552962,2,0x03,0.0000,-1.1111,2.522269
2.552962,3,0x04,0.0000,-1.1111,2.526295
2.554031,0,0x01,0.0000,-1.0000,2.527297
2.554031,1,0x02,0.0000,-1.0556,2.525296
2.554031,2,0x03,0.0000,-1.1111,2.522269
2.554031,3,0x04,0.0000,-1.1111,2.526295
2.559826,0,0x01,0.0000,-1.0000,2.527297
2.559826,1,0x02,0.0000,-1.0556,2.525296
2.559826,2,0x03,0.0000,-1.1111,2.522269
2.559826,3,0x04,0.0000,-1.1111,2.526295
2.560905,0,0x01,0.0000,-1.0000,2.527297
2.560905,1,0x02,0.0000,-1.0556,2.525296
2.560905,2,0x03,0.0000,-1.1111,2.522269
2.560905,3,0x04,0.0000,-1.1111,2.526295
2.561977,0,0x01,0.0000,-1.0000,2.527297
2.561977,1,0x02,0.0000,-1.0556,2.525296
2.561977,2,0x03,0.0000,-1.1111,2.522269
2.561977,3,0x04,0.0000,-1.1111,2.526295
2.563049,0,0x01,0.0000,-1.0000,2.527297
2.563049,1,0x02,0.0000,-1.0556,2.525296
2.563049,2,0x03,0.0000,-1.1111,2.522269
2.563049,3,0x04,0.0000,-1.1111,2.526295
2.568854,0,0x01,0.0000,0.6667,2.565310
2.568854,1,0x02,0.0000,1.0000,2.566304
2.568854,2,0x03,0.0000,0.7222,2.568289
2.568854,3,0x04,0.0000,-1.1111,2.526295
2.569927,0,0x01,0.0000,0.6667,2.565310
2.569927,1,0x02,0.0000,1.1111,2.569296
2.569927,2,0x03,0.0000,0.7222,2.568289
2.569927,3,0x04,0.0000,-1.1111,2.526295
2.571018,0,0x01,0.0000,0.6667,2.565310
2.571018,1,0x02,0.0000,1.1111,2.569296
2.571018,2,0x03,0.0000,0.7222,2.570277
2.571018,3,0x04,0.0000,-1.1111,2.526295
2.572099,0,0x01,0.0000,1.1111,2.571286
2.572099,1,0x02,0.0000,1.1111,2.569296
2.572099,2,0x03,0.0000,0.7222,2.570277
2.572099,3,0x04,0.0000,-1.1111,2.526295
2.573170,0,0x01,0.0000,1.1111,2.571286
2.573170,1,0x02,0.0000,1.1111,2.572275
2.573170,2,0x03,0.0000,0.7222,2.570277
2.573170,3,0x04,0.0000,-1.1111,2.526295
2.582861,0,0x01,0.0000,1.2222,2.575281
2.582861,1,0x02,0.0000,1.1111,2.572275
2.582861,2,0x03,0.0000,0.7778,2.573275
2.582861,3,0x04,0.0000,1.1667,2.574275
2.583927,0,0x01,0.0000,1.2222,2.575281
2.583927,1,0x02,0.0000,1.1111,2.572275
2.583927,2,0x03,0.0000,0.7778,2.573275
2.583927,3,0x04,0.0000,1.1667,2.574275
2.590878,0,0x01,0.0000,1.2222,2.589297
2.590878,1,0x02,0.0000,1.1111,2.572275
2.590878,2,0x03,0.0000,1.2778,2.587301
2.590878,3,0x04,0.0000,1.2222,2.588299
2.591970,0,0x01,0.0000,1.2222,2.589297
2.591970,1,0x02,0.0000,1.1111,2.572275
2.591970,2,0x03,0.0000,1.1667,2.591294
2.591970,3,0x04,0.0000,1.2222,2.588299
2.593038,0,0x01,0.0000,1.2222,2.589297
2.593038,1,0x02,0.0000,1.1111,2.572275
2.593038,2,0x03,0.0000,1.1667,2.591294
2.593038,3,0x04,0.0000,1.2222,2.588299
2.599818,0,0x01,0.0000,1.2222,2.589297
2.599818,1,0x02,0.0000,1.1111,2.572275
2.599818,2,0x03,0.0000,1.1667,2.591294
2.599818,3,0x04,0.0000,1.2222,2.588299
2.600901,0,0x01,0.0000,1.2222,2.589297
2.600901,1,0x02,0.0000,1.1111,2.572275
2.600901,2,0x03,0.0000,1.1667,2.591294
2.600901,3,0x04,0.0000,1.2222,2.588299
2.601976,0,0x01,0.0000,1.2222,2.589297
2.601976,1,0x02,0.0000,1.1111,2.572275
2.601976,2,0x03,0.0000,1.1667,2.591294
2.601976,3,0x04,0.0000,1.2222,2.588299
2.603050,0,0x01,0.0000,1.2222,2.589297
2.603050,1,0x02,0.0000,1.1111,2.572275
2.603050,2,0x03,0.0000,1.1667,2.591294
2.603050,3,0x04,0.0000,1.2222,2.588299
2.608812,0,0x01,0.0000,1.2222,2.589297
2.608812,1,0x02,0.0000,1.1111,2.572275
2.608812,2,0x03,0.0000,1.1667,2.591294
2.608812,3,0x04,0.0000,1.2222,2.588299
2.609877,0,0x01,0.0000,1.2222,2.589297
2.609877,1,0x02,0.0000,1.1111,2.572275
2.609877,2,0x03,0.0000,1.1667,2.591294
2.609877,3,0x04,0.0000,1.2222,2.588299
2.610950,0,0x01,0.0000,1.2222,2.589297
2.610950,1,0x02,0.0000,1.1111,2.572275
2.610950,2,0x03,0.0000,1.1667,2.591294
2.610950,3,0x04,0.0000,1.2222,2.588299
2.612019,0,0x01,0.0000,1.2222,2.589297
2.612019,1,0x02,0.0000,1.1111,2.572275
2.612019,2,0x03,0.0000,1.1667,2.591294
2.612019,3,0x04,0.0000,1.2222,2.588299
2.613079,0,0x01,0.0000,1.2222,2.589297
2.613079,1,0x02,0.0000,1.1111,2.572275
2.613079,2,0x03,0.0000,1.1667,2.591294
2.613079,3,0x04,0.0000,1.2222,2.588299
2.620822,0,0x01,0.0000,1.2222,2.589297
2.620822,1,0x02,0.0000,1.1111,2.572275
2.620822,2,0x03,0.0000,1.1667,2.591294
2.620822,3,0x04,0.0000,1.2222,2.588299
2.621891,0,0x01,0.0000,1.2222,2.589297
2.621891,1,0x02,0.0000,1.1111,2.572275
2.621891,2,0x03,0.0000,1.1667,2.591294
2.621891,3,0x04,0.0000,1.2222,2.588299
2.622959,0,0x01,0.0000,1.2222,2.589297
2.622959,1,0x02,0.0000,1.1111,2.572275
2.622959,2,0x03,0.0000,1.1667,2.591294
2.622959,3,0x04,0.0000,1.2222,2.588299
2.624034,0,0x01,0.0000,1.2222,2.589297
2.624034,1,0x02,0.0000,1.1111,2.572275
2.624034,2,0x03,0.0000,1.1667,2.591294
2.624034,3,0x04,0.0000,1.2222,2.588299
2.629878,0,0x01,0.0000,1.1111,2.628299
2.629878,1,0x02,0.0000,1.1111,2.629293
2.629878,2,0x03,0.0000,1.1667,2.591294
2.629878,3,0x04,0.0000,1.0556,2.627325
2.630950,0,0x01,0.0000,1.1111,2.628299
2.630950,1,0x02,0.0000,1.1111,2.629293
2.630950,2,0x03,0.0000,1.0556,2.630295
2.630950,3,0x04,0.0000,1.0556,2.627325
2.632040,0,0x01,0.0000,1.1111,2.631275
2.632040,1,0x02,0.0000,1.1111,2.629293
2.632040,2,0x03,0.0000,1.0556,2.630295
2.632040,3,0x04,0.0000,1.0556,2.627325
2.633115,0,0x01,0.0000,1.1111,2.631275
2.633115,1,0x02,0.0000,1.1111,2.632284
2.633115,2,0x03,0.0000,1.0556,2.630295
2.633115,3,0x04,0.0000,1.0556,2.627325
2.640989,0,0x01,0.0000,1.1111,2.638305
2.640989,1,0x02,0.0000,1.1111,2.635278
2.640989,2,0x03,0.0000,1.0556,2.636296
2.640989,3,0x04,0.0000,1.0556,2.637298
2.642073,0,0x01,0.0000,1.1111,2.638305
2.642073,1,0x02,0.0000,1.1111,2.635278
2.642073,2,0x03,0.0000,1.0556,2.636296
2.642073,3,0x04,0.0000,1.0556,2.637298
2.643150,0,0x01,0.0000,1.1111,2.638305
2.643150,1,0x02,0.0000,1.1111,2.635278
2.643150,2,0x03,0.0000,1.0556,2.636296
2.643150,3,0x04,0.0000,1.0556,2.637298
2.649815,0,0x01,0.0000,1.1111,2.638305
2.649815,1,0x02,0.0000,1.1111,2.635278
2.649815,2,0x03,0.0000,1.0556,2.636296
2.649815,3,0x04,0.0000,1.0556,2.637298
2.650894,0,0x01,0.0000,1.1111,2.638305
2.650894,1,0x02,0.0000,1.1111,2.635278
2.650894,2,0x03,0.0000,1.0556,2.636296
2.650894,3,0x04,0.0000,1.0556,2.637298
2.651968,0,0x01,0.0000,1.1111,2.638305
2.651968,1,0x02,0.0000,1.1111,2.635278
2.651968,2,0x03,0.0000,1.0556,2.636296
2.651968,3,0x04,0.0000,1.0556,2.637298
2.653043,0,0x01,0.0000,1.1111,2.638305
2.653043,1,0x02,0.0000,1.1111,2.635278
2.653043,2,0x03,0.0000,1.0556,2.636296
2.653043,3,0x04,0.0000,1.0556,2.637298
2.660838,0,0x01,0.0000,1.1111,2.638305
2.660838,1,0x02,0.0000,1.1111,2.635278
2.660838,2,0x03,0.0000,1.0556,2.636296
2.660838,3,0x04,0.0000,1.0556,2.637298
2.661927,0,0x01,0.0000,1.1111,2.638305
2.661927,1,0x02,0.0000,1.1111,2.635278
2.661927,2,0x03,0.0000,1.0556,2.636296
2.661927,3,0x04,0.0000,1.0556,2.637298
2.663013,0,0x01,0.0000,1.1111,2.638305
2.663013,1,0x02,0.0000,1.1111,2.635278
2.663013,2,0x03,0.0000,1.0556,2.636296
2.663013,3,0x04,0.0000,1.0556,2.637298
2.664089,0,0x01,0.0000,1.1111,2.638305
2.664089,1,0x02,0.0000,1.1111,2.635278
2.664089,2,0x03,0.0000,1.0556,2.636296
2.664089,3,0x04,0.0000,1.0556,2.637298
2.669820,0,0x01,0.0000,1.1111,2.638305
2.669820,1,0x02,0.0000,1.1111,2.635278
2.669820,2,0x03,0.0000,1.0556,2.636296
2.669820,3,0x04,0.0000,1.0556,2.637298
2.670908,0,0x01,0.0000,1.1111,2.638305
2.670908,1,0x02,0.0000,1.1111,2.635278
2.670908,2,0x03,0.0000,1.0556,2.636296
2.670908,3,0x04,0.0000,1.0556,2.637298
2.671990,0,0x01,0.0000,1.1111,2.638305
2.671990,1,0x02,0.0000,1.1111,2.635278
2.671990,2,0x03,0.0000,1.0556,2.636296
2.671990,3,0x04,0.0000,1.0556,2.637298
2.673087,0,0x01,0.0000,1.1111,2.638305
2.673087,1,0x02,0.0000,1.1111,2.635278
2.673087,2,0x03,0.0000,1.0556,2.636296
2.673087,3,0x04,0.0000,1.0556,2.637298
2.680938,0,0x01,0.0000,1.1111,2.676296
2.680938,1,0x02,0.0000,1.1111,2.635278
2.680938,2,0x03,0.0000,1.0556,2.677296
2.680938,3,0x04,0.0000,1.0556,2.679321
2.682018,0,0x01,0.0000,1.1111,2.676296
2.682018,1,0x02,0.0000,1.1111,2.635278
2.682018,2,0x03,0.0000,1.0556,2.681289
2.682018,3,0x04,0.0000,1.0556,2.679321
2.683128,0,0x01,0.0000,1.1111,2.682284
2.683128,1,0x02,0.0000,1.1111,2.635278
2.683128,2,0x03,0.0000,1.0556,2.681289
2.683128,3,0x04,0.0000,1.0556,2.679321
2.689966,0,0x01,0.0000,1.1111,2.682284
2.689966,1,0x02,0.0000,1.1111,2.686313
2.689966,2,0x03,0.0000,1.0556,2.687297
2.689966,3,0x04,0.0000,1.0556,2.685300
2.691045,0,0x01,0.0000,1.1111,2.682284
2.691045,1,0x02,0.0000,1.1111,2.686313
2.691045,2,0x03,0.0000,1.0556,2.687297
2.691045,3,0x04,0.0000,1.0556,2.685300
2.692119,0,0x01,0.0000,1.1111,2.682284
2.692119,1,0x02,0.0000,1.1111,2.686313
2.692119,2,0x03,0.0000,1.0556,2.687297
2.692119,3,0x04,0.0000,1.0556,2.685300
2.693195,0,0x01,0.0000,1.1111,2.682284
2.693195,1,0x02,0.0000,1.1111,2.686313
2.693195,2,0x03,0.0000,1.0556,2.687297
2.693195,3,0x04,0.0000,1.0556,2.685300
2.700833,0,0x01,0.0000,1.1111,2.682284
2.700833,1,0x02,0.0000,1.1111,2.686313
2.700833,2,0x03,0.0000,1.0556,2.687297
2.700833,3,0x04,0.0000,1.0556,2.685300
2.701911,0,0x01,0.0000,1.1111,2.682284
2.701911,1,0x02,0.0000,1.1111,2.686313
2.701911,2,0x03,0.0000,1.0556,2.687297
2.701911,3,0x04,0.0000,1.0556,2.685300
2.703000,0,0x01,0.0000,1.1111,2.682284
2.703000,1,0x02,0.0000,1.1111,2.686313
2.703000,2,0x03,0.0000,1.0556,2.687297
2.703000,3,0x04,0.0000,1.0556,2.685300
2.704081,0,0x01,0.0000,1.1111,2.682284
2.704081,1,0x02,0.0000,1.1111,2.686313
2.704081,2,0x03,0.0000,1.0556,2.687297
2.704081,3,0x04,0.0000,1.0556,2.685300
2.711834,0,0x01,0.0000,1.1111,2.682284
2.711834,1,0x02,0.0000,1.1111,2.686313
2.711834,2,0x03,0.0000,1.0556,2.687297
2.711834,3,0x04,0.0000,1.0556,2.685300
2.712914,0,0x01,0.0000,1.1111,2.682284
2.712914,1,0x02,0.0000,1.1111,2.686313
2.712914,2,0x03,0.0000,1.0556,2.687297
2.712914,3,0x04,0.0000,1.0556,2.685300
2.713980,0,0x01,0.0000,1.1111,2.682284
2.713980,1,0x02,0.0000,1.1111,2.686313
2.713980,2,0x03,0.0000,1.0556,2.687297
2.713980,3,0x04,0.0000,1.0556,2.685300
2.721834,0,0x01,0.0000,1.1111,2.682284
2.721834,1,0x02,0.0000,1.1111,2.686313
2.721834,2,0x03,0.0000,1.0556,2.687297
2.721834,3,0x04,0.0000,1.0556,2.685300
2.722925,0,0x01,0.0000,1.1111,2.682284
2.722925,1,0x02,0.0000,1.1111,2.686313
2.722925,2,0x03,0.0000,1.0556,2.687297
2.722925,3,0x04,0.0000,1.0556,2.685300
2.724006,0,0x01,0.0000,1.1111,2.682284
2.724006,1,0x02,0.0000,1.1111,2.686313
2.724006,2,0x03,0.0000,1.0556,2.687297
2.724006,3,0x04,0.0000,1.0556,2.685300
2.731929,0,0x01,0.0000,1.1111,2.730321
2.731929,1,0x02,0.0000,1.1111,2.731299
2.731929,2,0x03,0.0000,1.0556,2.687297
2.731929,3,0x04,0.0000,1.0556,2.729297
2.733038,0,0x01,0.0000,1.1111,2.730321
2.733038,1,0x02,0.0000,1.1111,2.731299
2.733038,2,0x03,0.0000,1.0556,2.732297
2.733038,3,0x04,0.0000,1.0556,2.729297
2.742887,0,0x01,0.0000,1.1111,2.730321
2.742887,1,0x02,0.0000,1.1111,2.734273
2.742887,2,0x03,0.0000,1.0556,2.732297
2.742887,3,0x04,0.0000,1.0556,2.733265
2.743965,0,0x01,0.0000,1.1111,2.730321
2.743965,1,0x02,0.0000,1.1111,2.734273
2.743965,2,0x03,0.0000,1.0556,2.732297
2.743965,3,0x04,0.0000,1.0556,2.733265
2.751829,0,0x01,0.0000,1.1111,2.730321
2.751829,1,0x02,0.0000,1.1111,2.734273
2.751829,2,0x03,0.0000,1.0556,2.732297
2.751829,3,0x04,0.0000,1.0556,2.733265
2.752912,0,0x01,0.0000,1.1111,2.730321
2.752912,1,0x02,0.0000,1.1111,2.734273
2.752912,2,0x03,0.0000,1.0556,2.732297
2.752912,3,0x04,0.0000,1.0556,2.733265
2.753998,0,0x01,0.0000,1.1111,2.730321
2.753998,1,0x02,0.0000,1.1111,2.734273
2.753998,2,0x03,0.0000,1.0556,2.732297
2.753998,3,0x04,0.0000,1.0556,2.733265
2.760821,0,0x01,0.0000,1.1111,2.730321
2.760821,1,0x02,0.0000,1.1111,2.734273
2.760821,2,0x03,0.0000,1.0556,2.732297
2.760821,3,0x04,0.0000,1.0556,2.733265
2.761895,0,0x01,0.0000,1.1111,2.730321
2.761895,1,0x02,0.0000,1.1111,2.734273
2.761895,2,0x03,0.0000,1.0556,2.732297
2.761895,3,0x04,0.0000,1.0556,2.733265
2.762963,0,0x01,0.0000,1.1111,2.730321
2.762963,1,0x02,0.0000,1.1111,2.734273
2.762963,2,0x03,0.0000,1.0556,2.732297
2.762963,3,0x04,0.0000,1.0556,2.733265
2.764038,0,0x01,0.0000,1.1111,2.730321
2.764038,1,0x02,0.0000,1.1111,2.734273
2.764038,2,0x03,0.0000,1.0556,2.732297
2.764038,3,0x04,0.0000,1.0556,2.733265
2.769813,0,0x01,0.0000,1.1111,2.730321
2.769813,1,0x02,0.0000,1.1111,2.734273
2.769813,2,0x03,0.0000,1.0556,2.732297
2.769813,3,0x04,0.0000,1.0556,2.733265
2.770898,0,0x01,0.0000,1.1111,2.730321
2.770898,1,0x02,0.0000,1.1111,2.734273
2.770898,2,0x03,0.0000,1.0556,2.732297
2.770898,3,0x04,0.0000,1.0556,2.733265
2.771979,0,0x01,0.0000,1.1111,2.730321
2.771979,1,0x02,0.0000,1.1111,2.734273
2.771979,2,0x03,0.0000,1.0556,2.732297
2.771979,3,0x04,0.0000,1.0556,2.733265
2.773062,0,0x01,0.0000,1.1111,2.730321
2.773062,1,0x02,0.0000,1.1111,2.734273
2.773062,2,0x03,0.0000,1.0556,2.732297
2.773062,3,0x04,0.0000,1.0556,2.733265
2.780852,0,0x01,0.0000,1.1111,2.730321
2.780852,1,0x02,0.0000,1.1111,2.734273
2.780852,2,0x03,0.0000,1.0556,2.732297
2.780852,3,0x04,0.0000,1.0556,2.780295
2.781937,0,0x01,0.0000,1.1111,2.781286
2.781937,1,0x02,0.0000,1.1111,2.734273
2.781937,2,0x03,0.0000,1.0556,2.732297
2.781937,3,0x04,0.0000,1.0556,2.780295
2.783031,0,0x01,0.0000,1.1111,2.781286
2.783031,1,0x02,0.0000,1.1111,2.782268
2.783031,2,0x03,0.0000,1.0556,2.732297
2.783031,3,0x04,0.0000,1.0556,2.780295
2.789891,0,0x01,0.0000,1.1111,2.788290
2.789891,1,0x02,0.0000,1.1111,2.789290
2.789891,2,0x03,0.0000,1.0556,2.786287
2.789891,3,0x04,0.0000,1.0556,2.787302
2.790988,0,0x01,0.0000,1.1111,2.788290
2.790988,1,0x02,0.0000,1.1111,2.789290
2.790988,2,0x03,0.0000,1.0556,2.790299
2.790988,3,0x04,0.0000,1.0556,2.787302
2.792082,0,0x01,0.0000,1.1111,2.788290
2.792082,1,0x02,0.0000,1.1111,2.789290
2.792082,2,0x03,0.0000,1.0556,2.790299
2.792082,3,0x04,0.0000,1.0556,2.791264
2.793175,0,0x01,0.0000,1.1111,2.788290
2.793175,1,0x02,0.0000,1.1111,2.792278
2.793175,2,0x03,0.0000,1.0556,2.790299
2.793175,3,0x04,0.0000,1.0556,2.791264
2.802893,0,0x01,0.0000,0.7778,2.794293
2.802893,1,0x02,0.0000,1.1111,2.795288
2.802893,2,0x03,0.0000,0.7778,2.793269
2.802893,3,0x04,0.0000,1.0556,2.791264
2.803962,0,0x01,0.0000,0.7778,2.794293
2.803962,1,0x02,0.0000,1.1111,2.795288
2.803962,2,0x03,0.0000,0.7778,2.793269
2.803962,3,0x04,0.0000,1.0556,2.791264
2.811857,0,0x01,0.0000,0.1667,2.808310
2.811857,1,0x02,0.0000,1.1111,2.795288
2.811857,2,0x03,0.0000,0.7778,2.793269
2.811857,3,0x04,0.0000,1.0556,2.791264
2.812930,0,0x01,0.0000,0.1667,2.808310
2.812930,1,0x02,0.0000,1.1111,2.795288
2.812930,2,0x03,0.0000,0.7778,2.793269
2.812930,3,0x04,0.0000,1.0556,2.791264
2.814016,0,0x01,0.0000,0.1667,2.808310
2.814016,1,0x02,0.0000,1.1111,2.795288
2.814016,2,0x03,0.0000,0.7778,2.793269
2.814016,3,0x04,0.0000,1.0556,2.791264
2.820834,0,0x01,0.0000,0.1667,2.808310
2.820834,1,0x02,0.0000,1.1111,2.795288
2.820834,2,0x03,0.0000,0.7778,2.793269
2.820834,3,0x04,0.0000,1.0556,2.791264
2.821936,0,0x01,0.0000,0.1667,2.808310
2.821936,1,0x02,0.0000,1.1111,2.795288
2.821936,2,0x03,0.0000,0.7778,2.793269
2.821936,3,0x04,0.0000,1.0556,2.791264
2.823024,0,0x01,0.0000,0.1667,2.808310
2.823024,1,0x02,0.0000,1.1111,2.795288
2.823024,2,0x03,0.0000,0.7778,2.793269
2.823024,3,0x04,0.0000,1.0556,2.791264
2.824105,0,0x01,0.0000,0.1667,2.808310
2.824105,1,0x02,0.0000,1.1111,2.795288
2.824105,2,0x03,0.0000,0.7778,2.793269
2.824105,3,0x04,0.0000,1.0556,2.791264
2.831826,0,0x01,0.0000,0.1667,2.808310
2.831826,1,0x02,0.0000,1.1111,2.795288
2.831826,2,0x03,0.0000,0.7778,2.793269
2.831826,3,0x04,0.0000,1.0556,2.791264
2.832926,0,0x01,0.0000,0.1667,2.808310
2.832926,1,0x02,0.0000,1.1111,2.795288
2.832926,2,0x03,0.0000,0.7778,2.793269
2.832926,3,0x04,0.0000,1.0556,2.791264
2.834014,0,0x01,0.0000,0.1667,2.808310
2.834014,1,0x02,0.0000,1.1111,2.795288
2.834014,2,0x03,0.0000,0.7778,2.793269
2.834014,3,0x04,0.0000,1.0556,2.791264
2.840835,0,0x01,0.0000,0.1667,2.808310
2.840835,1,0x02,0.0000,1.1111,2.795288
2.840835,2,0x03,0.0000,0.7778,2.793269
2.840835,3,0x04,0.0000,1.0556,2.791264
2.841915,0,0x01,0.0000,0.1667,2.808310
2.841915,1,0x02,0.0000,1.1111,2.795288
2.841915,2,0x03,0.0000,0.7778,2.793269
2.841915,3,0x04,0.0000,1.0556,2.791264
2.843019,0,0x01,0.0000,0.1667,2.808310
2.843019,1,0x02,0.0000,1.1111,2.795288
2.843019,2,0x03,0.0000,0.7778,2.793269
2.843019,3,0x04,0.0000,1.0556,2.791264
2.844095,0,0x01,0.0000,0.1667,2.808310
2.844095,1,0x02,0.0000,1.1111,2.795288
2.844095,2,0x03,0.0000,0.7778,2.793269
2.844095,3,0x04,0.0000,1.0556,2.791264
2.851898,0,0x01,0.0000,-1.1111,2.849304
2.851898,1,0x02,0.0000,-1.0000,2.847300
2.851898,2,0x03,0.0000,-1.1111,2.850308
2.851898,3,0x04,0.0000,-1.0556,2.851292
2.852992,0,0x01,0.0000,-1.1667,2.852299
2.852992,1,0x02,0.0000,-1.0000,2.847300
2.852992,2,0x03,0.0000,-1.1111,2.850308
2.852992,3,0x04,0.0000,-1.0556,2.851292
2.854082,0,0x01,0.0000,-1.1667,2.852299
2.854082,1,0x02,0.0000,-1.0000,2.847300
2.854082,2,0x03,0.0000,-1.3333,2.853266
2.854082,3,0x04,0.0000,-1.0556,2.851292
2.860874,0,0x01,0.0000,-1.1667,2.852299
2.860874,1,0x02,0.0000,-1.0000,2.847300
2.860874,2,0x03,0.0000,-1.3333,2.853266
2.860874,3,0x04,0.0000,-1.0556,2.855286
2.861950,0,0x01,0.0000,-1.1667,2.852299
2.861950,1,0x02,0.0000,-1.0000,2.847300
2.861950,2,0x03,0.0000,-1.3333,2.853266
2.861950,3,0x04,0.0000,-1.0556,2.855286
2.863043,0,0x01,0.0000,-1.1667,2.852299
2.863043,1,0x02,0.0000,-1.0000,2.847300
2.863043,2,0x03,0.0000,-1.3333,2.853266
2.863043,3,0x04,0.0000,-1.0556,2.855286
2.870849,0,0x01,0.0000,-1.1667,2.852299
2.870849,1,0x02,0.0000,-1.0000,2.847300
2.870849,2,0x03,0.0000,-1.3333,2.853266
2.870849,3,0x04,0.0000,-1.0556,2.855286
2.871937,0,0x01,0.0000,-1.1667,2.852299
2.871937,1,0x02,0.0000,-1.0000,2.847300
2.871937,2,0x03,0.0000,-1.3333,2.853266
2.871937,3,0x04,0.0000,-1.0556,2.855286
2.873023,0,0x01,0.0000,-1.1667,2.852299
2.873023,1,0x02,0.0000,-1.0000,2.847300
2.873023,2,0x03,0.0000,-1.3333,2.853266
2.873023,3,0x04,0.0000,-1.0556,2.855286
2.874105,0,0x01,0.0000,-1.1667,2.852299
2.874105,1,0x02,0.0000,-1.0000,2.847300
2.874105,2,0x03,0.0000,-1.3333,2.853266
2.874105,3,0x04,0.0000,-1.0556,2.855286
2.881826,0,0x01,0.0000,-1.1667,2.852299
2.881826,1,0x02,0.0000,-1.0000,2.847300
2.881826,2,0x03,0.0000,-1.3333,2.853266
2.881826,3,0x04,0.0000,-1.0556,2.855286
2.882915,0,0x01,0.0000,-1.1667,2.852299
2.882915,1,0x02,0.0000,-1.0000,2.847300
2.882915,2,0x03,0.0000,-1.3333,2.853266
2.882915,3,0x04,0.0000,-1.0556,2.855286
2.883992,0,0x01,0.0000,-1.1667,2.852299
2.883992,1,0x02,0.0000,-1.0000,2.847300
2.883992,2,0x03,0.0000,-1.3333,2.853266
2.883992,3,0x04,0.0000,-1.0556,2.855286
2.890833,0,0x01,0.0000,-1.1667,2.852299
2.890833,1,0x02,0.0000,-1.0000,2.847300
2.890833,2,0x03,0.0000,-1.3333,2.853266
2.890833,3,0x04,0.0000,-1.0556,2.855286
2.891923,0,0x01,0.0000,-1.1667,2.852299
2.891923,1,0x02,0.0000,-1.0000,2.847300
2.891923,2,0x03,0.0000,-1.3333,2.853266
2.891923,3,0x04,0.0000,-1.0556,2.855286
2.893000,0,0x01,0.0000,-1.1667,2.852299
2.893000,1,0x02,0.0000,-1.0000,2.847300
2.893000,2,0x03,0.0000,-1.3333,2.853266
2.893000,3,0x04,0.0000,-1.0556,2.855286
2.894088,0,0x01,0.0000,-1.1667,2.852299
2.894088,1,0x02,0.0000,-1.0000,2.847300
2.894088,2,0x03,0.0000,-1.3333,2.853266
2.894088,3,0x04,0.0000,-1.0556,2.855286
2.901880,0,0x01,0.0000,-1.1667,2.852299
2.901880,1,0x02,0.0000,-1.0000,2.847300
2.901880,2,0x03,0.0000,-1.3333,2.853266
2.901880,3,0x04,0.0000,-1.1111,2.901307
2.902957,0,0x01,0.0000,-1.1667,2.852299
2.902957,1,0x02,0.0000,-1.0000,2.847300
2.902957,2,0x03,0.0000,-1.3333,2.853266
2.902957,3,0x04,0.0000,-1.1111,2.901307
2.904048,0,0x01,0.0000,-1.1667,2.852299
2.904048,1,0x02,0.0000,-1.1111,2.903267
2.904048,2,0x03,0.0000,-1.3333,2.853266
2.904048,3,0x04,0.0000,-1.1111,2.901307
2.910923,0,0x01,0.0000,-1.1111,2.909297
2.910923,1,0x02,0.0000,-1.1111,2.910303
2.910923,2,0x03,0.0000,-1.1111,2.907315
2.910923,3,0x04,0.0000,-1.1111,2.908300
2.912021,0,0x01,0.0000,-1.1111,2.909297
2.912021,1,0x02,0.0000,-1.1111,2.910303
2.912021,2,0x03,0.0000,-1.1111,2.907315
2.912021,3,0x04,0.0000,-1.1111,2.911299
2.913116,0,0x01,0.0000,-1.1111,2.912265
2.913116,1,0x02,0.0000,-1.1111,2.910303
2.913116,2,0x03,0.0000,-1.1111,2.907315
2.913116,3,0x04,0.0000,-1.1111,2.911299
2.926026,0,0x01,0.0000,-1.1111,2.915290
2.926026,1,0x02,0.0000,-1.1111,2.910303
2.926026,2,0x03,0.0000,-1.1111,2.916307
2.926026,3,0x04,0.0000,-1.1667,2.914286
2.931831,0,0x01,0.0000,-1.1111,2.915290
2.931831,1,0x02,0.0000,-1.1111,2.910303
2.931831,2,0x03,0.0000,-1.1111,2.916307
2.931831,3,0x04,0.0000,-1.1667,2.914286
2.932918,0,0x01,0.0000,-1.1111,2.915290
2.932918,1,0x02,0.0000,-1.1111,2.910303
2.932918,2,0x03,0.0000,-1.1111,2.916307
2.932918,3,0x04,0.0000,-1.1667,2.914286
2.933993,0,0x01,0.0000,-1.1111,2.915290
2.933993,1,0x02,0.0000,-1.1111,2.910303
2.933993,2,0x03,0.0000,-1.1111,2.916307
2.933993,3,0x04,0.0000,-1.1667,2.914286
2.940832,0,0x01,0.0000,-1.1111,2.915290
2.940832,1,0x02,0.0000,-1.1111,2.910303
2.940832,2,0x03,0.0000,-1.1111,2.916307
2.940832,3,0x04,0.0000,-1.1667,2.914286
2.941912,0,0x01,0.0000,-1.1111,2.915290
2.941912,1,0x02,0.0000,-1.1111,2.910303
2.941912,2,0x03,0.0000,-1.1111,2.916307
2.941912,3,0x04,0.0000,-1.1667,2.914286
2.942983,0,0x01,0.0000,-1.1111,2.915290
2.942983,1,0x02,0.0000,-1.1111,2.910303
2.942983,2,0x03,0.0000,-1.1111,2.916307
2.942983,3,0x04,0.0000,-1.1667,2.914286
2.944080,0,0x01,0.0000,-1.1111,2.915290
2.944080,1,0x02,0.0000,-1.1111,2.910303
2.944080,2,0x03,0.0000,-1.1111,2.916307
2.944080,3,0x04,0.0000,-1.1667,2.914286
2.951823,0,0x01,0.0000,-1.1111,2.915290
2.951823,1,0x02,0.0000,-1.1111,2.910303
2.951823,2,0x03,0.0000,-1.1111,2.916307
2.951823,3,0x04,0.0000,-1.1667,2.914286
2.952903,0,0x01,0.0000,-1.1111,2.915290
2.952903,1,0x02,0.0000,-1.1111,2.910303
2.952903,2,0x03,0.0000,-1.1111,2.916307
2.952903,3,0x04,0.0000,-1.1667,2.914286
2.953986,0,0x01,0.0000,-1.1111,2.915290
2.953986,1,0x02,0.0000,-1.1111,2.910303
2.953986,2,0x03,0.0000,-1.1111,2.916307
2.953986,3,0x04,0.0000,-1.1667,2.914286
2.960824,0,0x01,0.0000,-1.1111,2.915290
2.960824,1,0x02,0.0000,-1.1111,2.910303
2.960824,2,0x03,0.0000,-1.1111,2.916307
2.960824,3,0x04,0.0000,-1.1667,2.914286
2.961902,0,0x01,0.0000,-1.1111,2.915290
2.961902,1,0x02,0.0000,-1.1111,2.910303
2.961902,2,0x03,0.0000,-1.1111,2.916307
2.961902,3,0x04,0.0000,-1.1667,2.914286
2.963026,0,0x01,0.0000,-1.0556,2.962288
2.963026,1,0x02,0.0000,-1.1111,2.910303
2.963026,2,0x03,0.0000,-1.1111,2.916307
2.963026,3,0x04,0.0000,-1.1667,2.914286
2.964129,0,0x01,0.0000,-1.0556,2.962288
2.964129,1,0x02,0.0000,-1.1111,2.963267
2.964129,2,0x03,0.0000,-1.1111,2.916307
2.964129,3,0x04,0.0000,-1.1667,2.914286
2.971904,0,0x01,0.0000,-1.1111,2.966274
2.971904,1,0x02,0.0000,-1.1111,2.970299
2.971904,2,0x03,0.0000,-1.1667,2.971307
2.971904,3,0x04,0.0000,-1.1667,2.969294
2.972987,0,0x01,0.0000,-1.1111,2.966274
2.972987,1,0x02,0.0000,-1.1111,2.970299
2.972987,2,0x03,0.0000,-1.1667,2.971307
2.972987,3,0x04,0.0000,-1.1667,2.969294
2.974104,0,0x01,0.0000,-1.1111,2.966274
2.974104,1,0x02,0.0000,-1.0556,2.973284
2.974104,2,0x03,0.0000,-1.1667,2.971307
2.974104,3,0x04,0.0000,-1.1667,2.969294
2.980876,0,0x01,0.0000,-1.1111,2.975288
2.980876,1,0x02,0.0000,-1.1111,2.976297
2.980876,2,0x03,0.0000,-1.1111,2.974267
2.980876,3,0x04,0.0000,-1.1667,2.969294
2.981943,0,0x01,0.0000,-1.1111,2.975288
2.981943,1,0x02,0.0000,-1.1111,2.976297
2.981943,2,0x03,0.0000,-1.1111,2.974267
2.981943,3,0x04,0.0000,-1.1667,2.969294
2.983012,0,0x01,0.0000,-1.1111,2.975288
2.983012,1,0x02,0.0000,-1.1111,2.976297
2.983012,2,0x03,0.0000,-1.1111,2.974267
2.983012,3,0x04,0.0000,-1.1667,2.969294
2.984086,0,0x01,0.0000,-1.1111,2.975288
2.984086,1,0x02,0.0000,-1.1111,2.976297
2.984086,2,0x03,0.0000,-1.1111,2.974267
2.984086,3,0x04,0.0000,-1.1667,2.969294
2.989890,0,0x01,0.0000,-1.1111,2.989314
2.989890,1,0x02,0.0000,-1.1111,2.976297
2.989890,2,0x03,0.0000,-1.1111,2.987327
2.989890,3,0x04,0.0000,-1.1667,2.969294
2.990991,0,0x01,0.0000,-1.1111,2.989314
2.990991,1,0x02,0.0000,-1.1111,2.990298
2.990991,2,0x03,0.0000,-1.1111,2.987327
2.990991,3,0x04,0.0000,-1.1667,2.969294
2.992084,0,0x01,0.0000,-1.1111,2.989314
2.992084,1,0x02,0.0000,-1.1111,2.990298
2.992084,2,0x03,0.0000,-1.1111,2.987327
2.992084,3,0x04,0.0000,-1.1667,2.991278
2.993184,0,0x01,0.0000,-1.0556,2.992281
2.993184,1,0x02,0.0000,-1.1111,2.990298
2.993184,2,0x03,0.0000,-1.1111,2.987327
2.993184,3,0x04,0.0000,-1.1667,2.991278
3.000878,0,0x01,0.0000,-1.0556,2.992281
3.000878,1,0x02,0.0000,-1.1111,2.995280
3.000878,2,0x03,0.0000,-1.0556,2.998300
3.000878,3,0x04,0.0000,-1.1667,2.991278
3.001979,0,0x01,0.0000,-1.0556,2.992281
3.001979,1,0x02,0.0000,-1.1111,2.995280
3.001979,2,0x03,0.0000,-1.0556,2.998300
3.001979,3,0x04,0.0000,-1.1667,3.001302
3.003055,0,0x01,0.0000,-1.0556,2.992281
3.003055,1,0x02,0.0000,-1.1111,2.995280
3.003055,2,0x03,0.0000,-1.0556,2.998300
3.003055,3,0x04,0.0000,-1.1667,3.001302
3.009896,0,0x01,0.0000,-1.0556,3.003282
3.009896,1,0x02,0.0000,-1.1111,3.006311
3.009896,2,0x03,0.0000,-0.8889,3.009297
3.009896,3,0x04,0.0000,-1.1667,3.001302
3.010966,0,0x01,0.0000,-1.0556,3.003282
3.010966,1,0x02,0.0000,-1.1111,3.006311
3.010966,2,0x03,0.0000,-0.8889,3.009297
3.010966,3,0x04,0.0000,-1.1667,3.001302
3.012045,0,0x01,0.0000,-1.0556,3.003282
3.012045,1,0x02,0.0000,-1.1111,3.006311
3.012045,2,0x03,0.0000,-0.8889,3.009297
3.012045,3,0x04,0.0000,-1.1667,3.001302
3.013139,0,0x01,0.0000,-1.0556,3.003282
3.013139,1,0x02,0.0000,-1.1111,3.006311
3.013139,2,0x03,0.0000,-0.8889,3.009297
3.013139,3,0x04,0.0000,-1.0556,3.012266
3.020899,0,0x01,0.0000,-0.7222,3.015273
3.020899,1,0x02,0.0000,-0.5000,3.018321
3.020899,2,0x03,0.0000,-0.8889,3.009297
3.020899,3,0x04,0.0000,-1.0556,3.012266
3.022005,0,0x01,0.0000,-0.7222,3.015273
3.022005,1,0x02,0.0000,-0.5000,3.018321
3.022005,2,0x03,0.0000,-0.5000,3.021294
3.022005,3,0x04,0.0000,-1.0556,3.012266
3.023092,0,0x01,0.0000,-0.7222,3.015273
3.023092,1,0x02,0.0000,-0.5000,3.018321
3.023092,2,0x03,0.0000,-0.5000,3.021294
3.023092,3,0x04,0.0000,-1.0556,3.012266
3.029815,0,0x01,0.0000,-0.7222,3.015273
3.029815,1,0x02,0.0000,-0.5000,3.018321
3.029815,2,0x03,0.0000,-0.5000,3.021294
3.029815,3,0x04,0.0000,-1.0556,3.012266
3.030883,0,0x01,0.0000,-0.7222,3.015273
3.030883,1,0x02,0.0000,-0.5000,3.018321
3.030883,2,0x03,0.0000,-0.5000,3.021294
3.030883,3,0x04,0.0000,-1.0556,3.012266
3.031943,0,0x01,0.0000,-0.7222,3.015273
3.031943,1,0x02,0.0000,-0.5000,3.018321
3.031943,2,0x03,0.0000,-0.5000,3.021294
3.031943,3,0x04,0.0000,-1.0556,3.012266
3.033021,0,0x01,0.0000,-0.7222,3.015273
3.033021,1,0x02,0.0000,-0.5000,3.018321
3.033021,2,0x03,0.0000,-0.5000,3.021294
3.033021,3,0x04,0.0000,-1.0556,3.012266
3.038814,0,0x01,0.0000,-0.7222,3.015273
3.038814,1,0x02,0.0000,-0.5000,3.018321
3.038814,2,0x03,0.0000,-0.5000,3.021294
3.038814,3,0x04,0.0000,-1.0556,3.012266
3.039901,0,0x01,0.0000,-0.7222,3.015273
3.039901,1,0x02,0.0000,-0.5000,3.018321
3.039901,2,0x03,0.0000,-0.5000,3.021294
3.039901,3,0x04,0.0000,-1.0556,3.012266
3.040978,0,0x01,0.0000,-0.7222,3.015273
3.040978,1,0x02,0.0000,-0.5000,3.018321
3.040978,2,0x03,0.0000,-0.5000,3.021294
3.040978,3,0x04,0.0000,-1.0556,3.012266
3.042052,0,0x01,0.0000,-0.7222,3.015273
3.042052,1,0x02,0.0000,-0.5000,3.018321
3.042052,2,0x03,0.0000,-0.5000,3.021294
3.042052,3,0x04,0.0000,-1.0556,3.012266
3.043125,0,0x01,0.0000,-0.7222,3.015273
3.043125,1,0x02,0.0000,-0.5000,3.018321
3.043125,2,0x03,0.0000,-0.5000,3.021294
3.043125,3,0x04,0.0000,-1.0556,3.012266
3.050815,0,0x01,0.0000,-0.7222,3.015273
3.050815,1,0x02,0.0000,-0.5000,3.018321
3.050815,2,0x03,0.0000,-0.5000,3.021294
3.050815,3,0x04,0.0000,-1.0556,3.012266
3.051884,0,0x01,0.0000,-0.7222,3.015273
3.051884,1,0x02,0.0000,-0.5000,3.018321
3.051884,2,0x03,0.0000,-0.5000,3.021294
3.051884,3,0x04,0.0000,-1.0556,3.012266
3.052955,0,0x01,0.0000,-0.7222,3.015273
3.052955,1,0x02,0.0000,-0.5000,3.018321
3.052955,2,0x03,0.0000,-0.5000,3.021294
3.052955,3,0x04,0.0000,-1.0556,3.012266
3.054023,0,0x01,0.0000,-0.7222,3.015273
3.054023,1,0x02,0.0000,-0.5000,3.018321
3.054023,2,0x03,0.0000,-0.5000,3.021294
3.054023,3,0x04,0.0000,-1.0556,3.012266
3.059891,0,0x01,0.0000,1.2778,3.058316
3.059891,1,0x02,0.0000,1.0000,3.059300
3.059891,2,0x03,0.0000,-0.5000,3.021294
3.059891,3,0x04,0.0000,-1.0556,3.012266
3.060971,0,0x01,0.0000,1.2778,3.058316
3.060971,1,0x02,0.0000,1.0000,3.059300
3.060971,2,0x03,0.0000,1.2778,3.060299
3.060971,3,0x04,0.0000,-1.0556,3.012266
3.062061,0,0x01,0.0000,1.2222,3.061278
3.062061,1,0x02,0.0000,1.0000,3.059300
3.062061,2,0x03,0.0000,1.2778,3.060299
3.062061,3,0x04,0.0000,-1.0556,3.012266
3.063154,0,0x01,0.0000,1.2222,3.061278
3.063154,1,0x02,0.0000,1.1111,3.062267
3.063154,2,0x03,0.0000,1.2778,3.060299
3.063154,3,0x04,0.0000,-1.0556,3.012266
3.070927,0,0x01,0.0000,1.2222,3.068289
3.070927,1,0x02,0.0000,1.2778,3.069296
3.070927,2,0x03,0.0000,1.3333,3.063289
3.070927,3,0x04,0.0000,1.2222,3.067305
3.072003,0,0x01,0.0000,1.2222,3.068289
3.072003,1,0x02,0.0000,1.2778,3.069296
3.072003,2,0x03,0.0000,1.3333,3.063289
3.072003,3,0x04,0.0000,1.2222,3.067305
3.073091,0,0x01,0.0000,1.2222,3.068289
3.073091,1,0x02,0.0000,1.2778,3.069296
3.073091,2,0x03,0.0000,1.3333,3.063289
3.073091,3,0x04,0.0000,1.2222,3.067305
3.079810,0,0x01,0.0000,1.2222,3.068289
3.079810,1,0x02,0.0000,1.2778,3.069296
3.079810,2,0x03,0.0000,1.3333,3.063289
3.079810,3,0x04,0.0000,1.2222,3.067305
3.080887,0,0x01,0.0000,1.2222,3.068289
3.080887,1,0x02,0.0000,1.2778,3.069296
3.080887,2,0x03,0.0000,1.3333,3.063289
3.080887,3,0x04,0.0000,1.2222,3.067305
3.081952,0,0x01,0.0000,1.2222,3.068289
3.081952,1,0x02,0.0000,1.2778,3.069296
3.081952,2,0x03,0.0000,1.3333,3.063289
3.081952,3,0x04,0.0000,1.2222,3.067305
3.083038,0,0x01,0.0000,1.2222,3.068289
3.083038,1,0x02,0.0000,1.2778,3.069296
3.083038,2,0x03,0.0000,1.3333,3.063289
3.083038,3,0x04,0.0000,1.2222,3.067305
3.088819,0,0x01,0.0000,1.2222,3.068289
3.088819,1,0x02,0.0000,1.2778,3.069296
3.088819,2,0x03,0.0000,1.3333,3.063289
3.088819,3,0x04,0.0000,1.2222,3.067305
3.089890,0,0x01,0.0000,1.2222,3.068289
3.089890,1,0x02,0.0000,1.2778,3.069296
3.089890,2,0x03,0.0000,1.3333,3.063289
3.089890,3,0x04,0.0000,1.2222,3.067305
3.090961,0,0x01,0.0000,1.2222,3.068289
3.090961,1,0x02,0.0000,1.2778,3.069296
3.090961,2,0x03,0.0000,1.3333,3.063289
3.090961,3,0x04,0.0000,1.2222,3.067305
3.092035,0,0x01,0.0000,1.2222,3.068289
3.092035,1,0x02,0.0000,1.2778,3.069296
3.092035,2,0x03,0.0000,1.3333,3.063289
3.092035,3,0x04,0.0000,1.2222,3.067305
3.093100,0,0x01,0.0000,1.2222,3.068289
3.093100,1,0x02,0.0000,1.2778,3.069296
3.093100,2,0x03,0.0000,1.3333,3.063289
3.093100,3,0x04,0.0000,1.2222,3.067305
3.100820,0,0x01,0.0000,1.2222,3.068289
3.100820,1,0x02,0.0000,1.2778,3.069296
3.100820,2,0x03,0.0000,1.3333,3.063289
3.100820,3,0x04,0.0000,1.2222,3.067305
3.101893,0,0x01,0.0000,1.2222,3.068289
3.101893,1,0x02,0.0000,1.2778,3.069296
3.101893,2,0x03,0.0000,1.3333,3.063289
3.101893,3,0x04,0.0000,1.2222,3.067305
3.102971,0,0x01,0.0000,1.2222,3.068289
3.102971,1,0x02,0.0000,1.2778,3.069296
3.102971,2,0x03,0.0000,1.3333,3.063289
3.102971,3,0x04,0.0000,1.2222,3.067305
3.104063,0,0x01,0.0000,1.2222,3.068289
3.104063,1,0x02,0.0000,1.2778,3.069296
3.104063,2,0x03,0.0000,1.3333,3.063289
3.104063,3,0x04,0.0000,1.2222,3.067305
3.109912,0,0x01,0.0000,1.1111,3.107308
3.109912,1,0x02,0.0000,1.2778,3.069296
3.109912,2,0x03,0.0000,1.0556,3.108301
3.109912,3,0x04,0.0000,1.0556,3.109297
3.110993,0,0x01,0.0000,1.1111,3.107308
3.110993,1,0x02,0.0000,1.1111,3.110297
3.110993,2,0x03,0.0000,1.0556,3.108301
3.110993,3,0x04,0.0000,1.0556,3.109297
3.112085,0,0x01,0.0000,1.1111,3.107308
3.112085,1,0x02,0.0000,1.1111,3.110297
3.112085,2,0x03,0.0000,1.1111,3.111278
3.112085,3,0x04,0.0000,1.0556,3.109297
3.113180,0,0x01,0.0000,1.1111,3.112267
3.113180,1,0x02,0.0000,1.1111,3.110297
3.113180,2,0x03,0.0000,1.1111,3.111278
3.113180,3,0x04,0.0000,1.0556,3.109297
3.120946,0,0x01,0.0000,1.1111,3.116335
3.120946,1,0x02,0.0000,1.1111,3.117302
3.120946,2,0x03,0.0000,1.0556,3.115301
3.120946,3,0x04,0.0000,1.0556,3.109297
3.122041,0,0x01,0.0000,1.1111,3.116335
3.122041,1,0x02,0.0000,1.1111,3.117302
3.122041,2,0x03,0.0000,1.0556,3.115301
3.122041,3,0x04,0.0000,1.0556,3.109297
3.123126,0,0x01,0.0000,1.1111,3.116335
3.123126,1,0x02,0.0000,1.1111,3.117302
3.123126,2,0x03,0.0000,1.0556,3.115301
3.123126,3,0x04,0.0000,1.0556,3.109297
3.130841,0,0x01,0.0000,1.1111,3.116335
3.130841,1,0x02,0.0000,1.1111,3.117302
3.130841,2,0x03,0.0000,1.0556,3.115301
3.130841,3,0x04,0.0000,1.0556,3.109297
3.131922,0,0x01,0.0000,1.1111,3.116335
3.131922,1,0x02,0.0000,1.1111,3.117302
3.131922,2,0x03,0.0000,1.0556,3.115301
3.131922,3,0x04,0.0000,1.0556,3.109297
3.133002,0,0x01,0.0000,1.1111,3.116335
3.133002,1,0x02,0.0000,1.1111,3.117302
3.133002,2,0x03,0.0000,1.0556,3.115301
3.133002,3,0x04,0.0000,1.0556,3.109297
3.134079,0,0x01,0.0000,1.1111,3.116335
3.134079,1,0x02,0.0000,1.1111,3.117302
3.134079,2,0x03,0.0000,1.0556,3.115301
3.134079,3,0x04,0.0000,1.0556,3.109297
3.139820,0,0x01,0.0000,1.1111,3.116335
3.139820,1,0x02,0.0000,1.1111,3.117302
3.139820,2,0x03,0.0000,1.0556,3.115301
3.139820,3,0x04,0.0000,1.0556,3.109297
3.140897,0,0x01,0.0000,1.1111,3.116335
3.140897,1,0x02,0.0000,1.1111,3.117302
3.140897,2,0x03,0.0000,1.0556,3.115301
3.140897,3,0x04,0.0000,1.0556,3.109297
3.141970,0,0x01,0.0000,1.1111,3.116335
3.141970,1,0x02,0.0000,1.1111,3.117302
3.141970,2,0x03,0.0000,1.0556,3.115301
3.141970,3,0x04,0.0000,1.0556,3.109297
3.143043,0,0x01,0.0000,1.1111,3.116335
3.143043,1,0x02,0.0000,1.1111,3.117302
3.143043,2,0x03,0.0000,1.0556,3.115301
3.143043,3,0x04,0.0000,1.0556,3.109297
3.148825,0,0x01,0.0000,1.1111,3.116335
3.148825,1,0x02,0.0000,1.1111,3.117302
3.148825,2,0x03,0.0000,1.0556,3.115301
3.148825,3,0x04,0.0000,1.0556,3.109297
3.149908,0,0x01,0.0000,1.1111,3.116335
3.149908,1,0x02,0.0000,1.1111,3.117302
3.149908,2,0x03,0.0000,1.0556,3.115301
3.149908,3,0x04,0.0000,1.0556,3.109297
3.150989,0,0x01,0.0000,1.1111,3.116335
3.150989,1,0x02,0.0000,1.1111,3.117302
3.150989,2,0x03,0.0000,1.0556,3.115301
3.150989,3,0x04,0.0000,1.0556,3.109297
3.152063,0,0x01,0.0000,1.1111,3.116335
3.152063,1,0x02,0.0000,1.1111,3.117302
3.152063,2,0x03,0.0000,1.0556,3.115301
3.152063,3,0x04,0.0000,1.0556,3.109297
3.153137,0,0x01,0.0000,1.1111,3.116335
3.153137,1,0x02,0.0000,1.1111,3.117302
3.153137,2,0x03,0.0000,1.0556,3.115301
3.153137,3,0x04,0.0000,1.0556,3.109297
3.160837,0,0x01,0.0000,1.1111,3.116335
3.160837,1,0x02,0.0000,1.1111,3.117302
3.160837,2,0x03,0.0000,1.0556,3.115301
3.160837,3,0x04,0.0000,1.0556,3.109297
3.161919,0,0x01,0.0000,1.1111,3.116335
3.161919,1,0x02,0.0000,1.1111,3.117302
3.161919,2,0x03,0.0000,1.0556,3.115301
3.161919,3,0x04,0.0000,1.0556,3.109297
3.162992,0,0x01,0.0000,1.1111,3.116335
3.162992,1,0x02,0.0000,1.1111,3.117302
3.162992,2,0x03,0.0000,1.0556,3.115301
3.162992,3,0x04,0.0000,1.0556,3.109297
3.164070,0,0x01,0.0000,1.1111,3.116335
3.164070,1,0x02,0.0000,1.1111,3.117302
3.164070,2,0x03,0.0000,1.0556,3.115301
3.164070,3,0x04,0.0000,1.0556,3.109297
3.170182,0,0x01,0.0000,1.1111,3.168303
3.170182,1,0x02,0.0000,1.1111,3.165305
3.170182,2,0x03,0.0000,1.0556,3.169300
3.170182,3,0x04,0.0000,1.0556,3.167291
3.171273,0,0x01,0.0000,1.1111,3.168303
3.171273,1,0x02,0.0000,1.1111,3.165305
3.171273,2,0x03,0.0000,1.0556,3.169300
3.171273,3,0x04,0.0000,1.0556,3.167291
3.172440,0,0x01,0.0000,1.1111,3.168303
3.172440,1,0x02,0.0000,1.1111,3.172287
3.172440,2,0x03,0.0000,1.0556,3.169300
3.172440,3,0x04,0.0000,1.0556,3.171305
3.173509,0,0x01,0.0000,1.1111,3.168303
3.173509,1,0x02,0.0000,1.1111,3.172287
3.173509,2,0x03,0.0000,1.0556,3.173307
3.173509,3,0x04,0.0000,1.0556,3.171305
3.180908,0,0x01,0.0000,1.1111,3.177295
3.180908,1,0x02,0.0000,1.1111,3.178302
3.180908,2,0x03,0.0000,1.0556,3.176302
3.180908,3,0x04,0.0000,1.0556,3.171305
3.181993,0,0x01,0.0000,1.1111,3.177295
3.181993,1,0x02,0.0000,1.1111,3.178302
3.181993,2,0x03,0.0000,1.0556,3.176302
3.181993,3,0x04,0.0000,1.0556,3.171305
3.183084,0,0x01,0.0000,1.1111,3.177295
3.183084,1,0x02,0.0000,1.1111,3.178302
3.183084,2,0x03,0.0000,1.0556,3.176302
3.183084,3,0x04,0.0000,1.0556,3.171305
3.191835,0,0x01,0.0000,1.1111,3.177295
3.191835,1,0x02,0.0000,1.1111,3.178302
3.191835,2,0x03,0.0000,1.0556,3.176302
3.191835,3,0x04,0.0000,1.0556,3.171305
3.192926,0,0x01,0.0000,1.1111,3.177295
3.192926,1,0x02,0.0000,1.1111,3.178302
3.192926,2,0x03,0.0000,1.0556,3.176302
3.192926,3,0x04,0.0000,1.0556,3.171305
3.193997,0,0x01,0.0000,1.1111,3.177295
3.193997,1,0x02,0.0000,1.1111,3.178302
3.193997,2,0x03,0.0000,1.0556,3.176302
3.193997,3,0x04,0.0000,1.0556,3.171305
3.200812,0,0x01,0.0000,1.1111,3.177295
3.200812,1,0x02,0.0000,1.1111,3.178302
3.200812,2,0x03,0.0000,1.0556,3.176302
3.200812,3,0x04,0.0000,1.0556,3.171305
3.201877,0,0x01,0.0000,1.1111,3.177295
3.201877,1,0x02,0.0000,1.1111,3.178302
3.201877,2,0x03,0.0000,1.0556,3.176302
3.201877,3,0x04,0.0000,1.0556,3.171305
3.202949,0,0x01,0.0000,1.1111,3.177295
3.202949,1,0x02,0.0000,1.1111,3.178302
3.202949,2,0x03,0.0000,1.0556,3.176302
3.202949,3,0x04,0.0000,1.0556,3.171305
3.204022,0,0x01,0.0000,1.1111,3.177295
3.204022,1,0x02,0.0000,1.1111,3.178302
3.204022,2,0x03,0.0000,1.0556,3.176302
3.204022,3,0x04,0.0000,1.0556,3.171305
3.209819,0,0x01,0.0000,1.1111,3.177295
3.209819,1,0x02,0.0000,1.1111,3.178302
3.209819,2,0x03,0.0000,1.0556,3.176302
3.209819,3,0x04,0.0000,1.0556,3.171305
3.210891,0,0x01,0.0000,1.1111,3.177295
3.210891,1,0x02,0.0000,1.1111,3.178302
3.210891,2,0x03,0.0000,1.0556,3.176302
3.210891,3,0x04,0.0000,1.0556,3.171305
3.211960,0,0x01,0.0000,1.1111,3.177295
3.211960,1,0x02,0.0000,1.1111,3.178302
3.211960,2,0x03,0.0000,1.0556,3.176302
3.211960,3,0x04,0.0000,1.0556,3.171305
3.213035,0,0x01,0.0000,1.1111,3.177295
3.213035,1,0x02,0.0000,1.1111,3.178302
3.213035,2,0x03,0.0000,1.0556,3.176302
3.213035,3,0x04,0.0000,1.0556,3.171305
3.214100,0,0x01,0.0000,1.1111,3.177295
3.214100,1,0x02,0.0000,1.1111,3.178302
3.214100,2,0x03,0.0000,1.0556,3.176302
3.214100,3,0x04,0.0000,1.0556,3.171305
3.221816,0,0x01,0.0000,1.1111,3.177295
3.221816,1,0x02,0.0000,1.1111,3.178302
3.221816,2,0x03,0.0000,1.0556,3.176302
3.221816,3,0x04,0.0000,1.0556,3.171305
3.222899,0,0x01,0.0000,1.1111,3.177295
3.222899,1,0x02,0.0000,1.1111,3.178302
3.222899,2,0x03,0.0000,1.0556,3.176302
3.222899,3,0x04,0.0000,1.0556,3.171305
3.223978,0,0x01,0.0000,1.1111,3.177295
3.223978,1,0x02,0.0000,1.1111,3.178302
3.223978,2,0x03,0.0000,1.0556,3.176302
3.223978,3,0x04,0.0000,1.0556,3.171305
3.230991,0,0x01,0.0000,1.1111,3.225303
3.230991,1,0x02,0.0000,1.1111,3.229300
3.230991,2,0x03,0.0000,1.0556,3.176302
3.230991,3,0x04,0.0000,1.0556,3.230311
3.232113,0,0x01,0.0000,1.1111,3.231306
3.232113,1,0x02,0.0000,1.1111,3.229300
3.232113,2,0x03,0.0000,1.0556,3.176302
3.232113,3,0x04,0.0000,1.0556,3.230311
3.233242,0,0x01,0.0000,1.1111,3.231306
3.233242,1,0x02,0.0000,1.1111,3.232290
3.233242,2,0x03,0.0000,1.0556,3.176302
3.233242,3,0x04,0.0000,1.0556,3.230311
3.239981,0,0x01,0.0000,1.1111,3.231306
3.239981,1,0x02,0.0000,1.1111,3.238291
3.239981,2,0x03,0.0000,1.1111,3.239292
3.239981,3,0x04,0.0000,1.1111,3.237292
3.241085,0,0x01,0.0000,1.1111,3.240302
3.241085,1,0x02,0.0000,1.1111,3.238291
3.241085,2,0x03,0.0000,1.1111,3.239292
3.241085,3,0x04,0.0000,1.1111,3.237292
3.242177,0,0x01,0.0000,1.1111,3.240302
3.242177,1,0x02,0.0000,1.1111,3.238291
3.242177,2,0x03,0.0000,1.1111,3.239292
3.242177,3,0x04,0.0000,1.1111,3.237292
3.243257,0,0x01,0.0000,1.1111,3.240302
3.243257,1,0x02,0.0000,1.1111,3.238291
3.243257,2,0x03,0.0000,1.1111,3.239292
3.243257,3,0x04,0.0000,1.1111,3.237292
3.250835,0,0x01,0.0000,1.1111,3.240302
3.250835,1,0x02,0.0000,1.1111,3.238291
3.250835,2,0x03,0.0000,1.1111,3.239292
3.250835,3,0x04,0.0000,1.1111,3.237292
3.251914,0,0x01,0.0000,1.1111,3.240302
3.251914,1,0x02,0.0000,1.1111,3.238291
3.251914,2,0x03,0.0000,1.1111,3.239292
3.251914,3,0x04,0.0000,1.1111,3.237292
3.252989,0,0x01,0.0000,1.1111,3.240302
3.252989,1,0x02,0.0000,1.1111,3.238291
3.252989,2,0x03,0.0000,1.1111,3.239292
3.252989,3,0x04,0.0000,1.1111,3.237292
3.254059,0,0x01,0.0000,1.1111,3.240302
3.254059,1,0x02,0.0000,1.1111,3.238291
3.254059,2,0x03,0.0000,1.1111,3.239292
3.254059,3,0x04,0.0000,1.1111,3.237292
3.260834,0,0x01,0.0000,1.1111,3.240302
3.260834,1,0x02,0.0000,1.1111,3.238291
3.260834,2,0x03,0.0000,1.1111,3.239292
3.260834,3,0x04,0.0000,1.1111,3.237292
3.261916,0,0x01,0.0000,1.1111,3.240302
3.261916,1,0x02,0.0000,1.1111,3.238291
3.261916,2,0x03,0.0000,1.1111,3.239292
3.261916,3,0x04,0.0000,1.1111,3.237292
3.263006,0,0x01,0.0000,1.1111,3.240302
3.263006,1,0x02,0.0000,1.1111,3.238291
3.263006,2,0x03,0.0000,1.1111,3.239292
3.263006,3,0x04,0.0000,1.1111,3.237292
3.264080,0,0x01,0.0000,1.1111,3.240302
3.264080,1,0x02,0.0000,1.1111,3.238291
3.264080,2,0x03,0.0000,1.1111,3.239292
3.264080,3,0x04,0.0000,1.1111,3.237292
3.269813,0,0x01,0.0000,1.1111,3.240302
3.269813,1,0x02,0.0000,1.1111,3.238291
3.269813,2,0x03,0.0000,1.1111,3.239292
3.269813,3,0x04,0.0000,1.1111,3.237292
3.270892,0,0x01,0.0000,1.1111,3.240302
3.270892,1,0x02,0.0000,1.1111,3.238291
3.270892,2,0x03,0.0000,1.1111,3.239292
3.270892,3,0x04,0.0000,1.1111,3.237292
3.271970,0,0x01,0.0000,1.1111,3.240302
3.271970,1,0x02,0.0000,1.1111,3.238291
3.271970,2,0x03,0.0000,1.1111,3.239292
3.271970,3,0x04,0.0000,1.1111,3.237292
3.273053,0,0x01,0.0000,1.1111,3.240302
3.273053,1,0x02,0.0000,1.1111,3.238291
3.273053,2,0x03,0.0000,1.1111,3.239292
3.273053,3,0x04,0.0000,1.1111,3.237292
3.278883,0,0x01,0.0000,1.1111,3.240302
3.278883,1,0x02,0.0000,1.1111,3.238291
3.278883,2,0x03,0.0000,1.0556,3.277308
3.278883,3,0x04,0.0000,1.0556,3.278308
3.279977,0,0x01,0.0000,1.1111,3.279303
3.279977,1,0x02,0.0000,1.1111,3.238291
3.279977,2,0x03,0.0000,1.0556,3.277308
3.279977,3,0x04,0.0000,1.0556,3.278308
3.281080,0,0x01,0.0000,1.1111,3.279303
3.281080,1,0x02,0.0000,1.1111,3.280276
3.281080,2,0x03,0.0000,1.0556,3.277308
3.281080,3,0x04,0.0000,1.0556,3.278308
3.282193,0,0x01,0.0000,1.1111,3.279303
3.282193,1,0x02,0.0000,1.1111,3.280276
3.282193,2,0x03,0.0000,1.0556,3.277308
3.282193,3,0x04,0.0000,1.0556,3.281283
3.283297,0,0x01,0.0000,1.1111,3.282315
3.283297,1,0x02,0.0000,1.1111,3.280276
3.283297,2,0x03,0.0000,1.0556,3.277308
3.283297,3,0x04,0.0000,1.0556,3.281283
3.290924,0,0x01,0.0000,1.1111,3.282315
3.290924,1,0x02,0.0000,1.1111,3.286300
3.290924,2,0x03,0.0000,0.7778,3.287305
3.290924,3,0x04,0.0000,0.9444,3.288313
3.292004,0,0x01,0.0000,1.1111,3.282315
3.292004,1,0x02,0.0000,1.1111,3.286300
3.292004,2,0x03,0.0000,0.7778,3.287305
3.292004,3,0x04,0.0000,0.9444,3.288313
3.293080,0,0x01,0.0000,1.1111,3.282315
3.293080,1,0x02,0.0000,1.1111,3.286300
3.293080,2,0x03,0.0000,0.7778,3.287305
3.293080,3,0x04,0.0000,0.9444,3.288313
3.299849,0,0x01,0.0000,1.1111,3.282315
3.299849,1,0x02,0.0000,1.1111,3.286300
3.299849,2,0x03,0.0000,0.7778,3.287305
3.299849,3,0x04,0.0000,0.9444,3.288313
3.300932,0,0x01,0.0000,1.1111,3.282315
3.300932,1,0x02,0.0000,1.1111,3.286300
3.300932,2,0x03,0.0000,0.7778,3.287305
3.300932,3,0x04,0.0000,0.9444,3.288313
3.302022,0,0x01,0.0000,1.1111,3.282315
3.302022,1,0x02,0.0000,1.1111,3.286300
3.302022,2,0x03,0.0000,0.7778,3.287305
3.302022,3,0x04,0.0000,0.9444,3.288313
3.303100,0,0x01,0.0000,1.1111,3.282315
3.303100,1,0x02,0.0000,1.1111,3.286300
3.303100,2,0x03,0.0000,0.7778,3.287305
3.303100,3,0x04,0.0000,0.9444,3.288313
3.310843,0,0x01,0.0000,1.1111,3.282315
3.310843,1,0x02,0.0000,1.1111,3.286300
3.310843,2,0x03,0.0000,0.7778,3.287305
3.310843,3,0x04,0.0000,0.9444,3.288313
3.311928,0,0x01,0.0000,1.1111,3.282315
3.311928,1,0x02,0.0000,1.1111,3.286300
3.311928,2,0x03,0.0000,0.7778,3.287305
3.311928,3,0x04,0.0000,0.9444,3.288313
3.313001,0,0x01,0.0000,1.1111,3.282315
3.313001,1,0x02,0.0000,1.1111,3.286300
3.313001,2,0x03,0.0000,0.7778,3.287305
3.313001,3,0x04,0.0000,0.9444,3.288313
3.314075,0,0x01,0.0000,1.1111,3.282315
3.314075,1,0x02,0.0000,1.1111,3.286300
3.314075,2,0x03,0.0000,0.7778,3.287305
3.314075,3,0x04,0.0000,0.9444,3.288313
3.319835,0,0x01,0.0000,1.1111,3.282315
3.319835,1,0x02,0.0000,1.1111,3.286300
3.319835,2,0x03,0.0000,0.7778,3.287305
3.319835,3,0x04,0.0000,0.9444,3.288313
3.320924,0,0x01,0.0000,1.1111,3.282315
3.320924,1,0x02,0.0000,1.1111,3.286300
3.320924,2,0x03,0.0000,0.7778,3.287305
3.320924,3,0x04,0.0000,0.9444,3.288313
3.322004,0,0x01,0.0000,1.1111,3.282315
3.322004,1,0x02,0.0000,1.1111,3.286300
3.322004,2,0x03,0.0000,0.7778,3.287305
3.322004,3,0x04,0.0000,0.9444,3.288313
3.323086,0,0x01,0.0000,1.1111,3.282315
3.323086,1,0x02,0.0000,1.1111,3.286300
3.323086,2,0x03,0.0000,0.7778,3.287305
3.323086,3,0x04,0.0000,0.9444,3.288313
3.330922,0,0x01,0.0000,-0.9444,3.327297
3.330922,1,0x02,0.0000,-1.1667,3.328297
3.330922,2,0x03,0.0000,-0.8889,3.329307
3.330922,3,0x04,0.0000,-1.0556,3.330291
3.332029,0,0x01,0.0000,-0.8889,3.331301
3.332029,1,0x02,0.0000,-1.1667,3.328297
3.332029,2,0x03,0.0000,-0.8889,3.329307
3.332029,3,0x04,0.0000,-1.0556,3.330291
3.333129,0,0x01,0.0000,-0.8889,3.331301
3.333129,1,0x02,0.0000,-1.1667,3.328297
3.333129,2,0x03,0.0000,-0.8889,3.332273
3.333129,3,0x04,0.0000,-1.0556,3.330291
3.340900,0,0x01,0.0000,-0.9444,3.334279
3.340900,1,0x02,0.0000,-1.1667,3.328297
3.340900,2,0x03,0.0000,-0.8889,3.335300
3.340900,3,0x04,0.0000,-1.0556,3.336306
3.341972,0,0x01,0.0000,-0.9444,3.334279
3.341972,1,0x02,0.0000,-1.1667,3.328297
3.341972,2,0x03,0.0000,-0.8889,3.335300
3.341972,3,0x04,0.0000,-1.0556,3.336306
3.343046,0,0x01,0.0000,-0.9444,3.334279
3.343046,1,0x02,0.0000,-1.1667,3.328297
3.343046,2,0x03,0.0000,-0.8889,3.335300
3.343046,3,0x04,0.0000,-1.0556,3.336306
3.351837,0,0x01,0.0000,-0.9444,3.334279
3.351837,1,0x02,0.0000,-1.1667,3.328297
3.351837,2,0x03,0.0000,-0.8889,3.335300
3.351837,3,0x04,0.0000,-1.0556,3.336306
3.352928,0,0x01,0.0000,-0.9444,3.334279
3.352928,1,0x02,0.0000,-1.1667,3.328297
3.352928,2,0x03,0.0000,-0.8889,3.335300
3.352928,3,0x04,0.0000,-1.0556,3.336306
3.354005,0,0x01,0.0000,-0.9444,3.334279
3.354005,1,0x02,0.0000,-1.1667,3.328297
3.354005,2,0x03,0.0000,-0.8889,3.335300
3.354005,3,0x04,0.0000,-1.0556,3.336306
3.360862,0,0x01,0.0000,-0.9444,3.334279
3.360862,1,0x02,0.0000,-1.1667,3.328297
3.360862,2,0x03,0.0000,-0.8889,3.335300
3.360862,3,0x04,0.0000,-1.0556,3.336306
3.361946,0,0x01,0.0000,-0.9444,3.334279
3.361946,1,0x02,0.0000,-1.1667,3.328297
3.361946,2,0x03,0.0000,-0.8889,3.335300
3.361946,3,0x04,0.0000,-1.0556,3.336306
3.363020,0,0x01,0.0000,-0.9444,3.334279
3.363020,1,0x02,0.0000,-1.1667,3.328297
3.363020,2,0x03,0.0000,-0.8889,3.335300
3.363020,3,0x04,0.0000,-1.0556,3.336306
3.364093,0,0x01,0.0000,-0.9444,3.334279
3.364093,1,0x02,0.0000,-1.1667,3.328297
3.364093,2,0x03,0.0000,-0.8889,3.335300
3.364093,3,0x04,0.0000,-1.0556,3.336306
3.371851,0,0x01,0.0000,-0.9444,3.334279
3.371851,1,0x02,0.0000,-1.1667,3.328297
3.371851,2,0x03,0.0000,-0.8889,3.335300
3.371851,3,0x04,0.0000,-1.0556,3.336306
3.372942,0,0x01,0.0000,-0.9444,3.334279
3.372942,1,0x02,0.0000,-1.1667,3.328297
3.372942,2,0x03,0.0000,-0.8889,3.335300
3.372942,3,0x04,0.0000,-1.0556,3.336306
3.374023,0,0x01,0.0000,-0.9444,3.334279
3.374023,1,0x02,0.0000,-1.1667,3.328297
3.374023,2,0x03,0.0000,-0.8889,3.335300
3.374023,3,0x04,0.0000,-1.0556,3.336306
3.381829,0,0x01,0.0000,-0.9444,3.334279
3.381829,1,0x02,0.0000,-1.1667,3.328297
3.381829,2,0x03,0.0000,-0.8889,3.335300
3.381829,3,0x04,0.0000,-1.0556,3.336306
3.382911,0,0x01,0.0000,-0.9444,3.334279
3.382911,1,0x02,0.0000,-1.1667,3.328297
3.382911,2,0x03,0.0000,-0.8889,3.335300
3.382911,3,0x04,0.0000,-1.0556,3.336306
3.384056,0,0x01,0.0000,-0.9444,3.334279
3.384056,1,0x02,0.0000,-1.1667,3.328297
3.384056,2,0x03,0.0000,-1.1111,3.383315
3.384056,3,0x04,0.0000,-1.0556,3.336306
3.391010,0,0x01,0.0000,-1.0556,3.388356
3.391010,1,0x02,0.0000,-1.1111,3.389303
3.391010,2,0x03,0.0000,-1.1111,3.390324
3.391010,3,0x04,0.0000,-1.1111,3.384298
3.392118,0,0x01,0.0000,-1.0556,3.391300
3.392118,1,0x02,0.0000,-1.1111,3.389303
3.392118,2,0x03,0.0000,-1.1111,3.390324
3.392118,3,0x04,0.0000,-1.1111,3.384298
3.393217,0,0x01,0.0000,-1.0556,3.391300
3.393217,1,0x02,0.0000,-1.0556,3.392281
3.393217,2,0x03,0.0000,-1.1111,3.390324
3.393217,3,0x04,0.0000,-1.1111,3.384298
3.399930,0,0x01,0.0000,-1.0556,3.397308
3.399930,1,0x02,0.0000,-1.0556,3.395301
3.399930,2,0x03,0.0000,-1.1111,3.393283
3.399930,3,0x04,0.0000,-1.1111,3.396321
3.401014,0,0x01,0.0000,-1.0556,3.397308
3.401014,1,0x02,0.0000,-1.0556,3.395301
3.401014,2,0x03,0.0000,-1.1111,3.393283
3.401014,3,0x04,0.0000,-1.1111,3.396321
3.402091,0,0x01,0.0000,-1.0556,3.397308
3.402091,1,0x02,0.0000,-1.0556,3.395301
3.402091,2,0x03,0.0000,-1.1111,3.393283
3.402091,3,0x04,0.0000,-1.1111,3.396321
3.403167,0,0x01,0.0000,-1.0556,3.397308
3.403167,1,0x02,0.0000,-1.0556,3.395301
3.403167,2,0x03,0.0000,-1.1111,3.393283
3.403167,3,0x04,0.0000,-1.1111,3.396321
3.410865,0,0x01,0.0000,-1.0556,3.397308
3.410865,1,0x02,0.0000,-1.0556,3.395301
3.410865,2,0x03,0.0000,-1.1111,3.393283
3.410865,3,0x04,0.0000,-1.1111,3.396321
3.411962,0,0x01,0.0000,-1.0556,3.397308
3.411962,1,0x02,0.0000,-1.0556,3.395301
3.411962,2,0x03,0.0000,-1.1111,3.393283
3.411962,3,0x04,0.0000,-1.1111,3.396321
3.413040,0,0x01,0.0000,-1.0556,3.397308
3.413040,1,0x02,0.0000,-1.0556,3.395301
3.413040,2,0x03,0.0000,-1.1111,3.393283
3.413040,3,0x04,0.0000,-1.1111,3.396321
3.419858,0,0x01,0.0000,-1.0556,3.397308
3.419858,1,0x02,0.0000,-1.0556,3.395301
3.419858,2,0x03,0.0000,-1.1111,3.393283
3.419858,3,0x04,0.0000,-1.1111,3.396321
3.420950,0,0x01,0.0000,-1.0556,3.397308
3.420950,1,0x02,0.0000,-1.0556,3.395301
3.420950,2,0x03,0.0000,-1.1111,3.393283
3.420950,3,0x04,0.0000,-1.1111,3.396321
3.422046,0,0x01,0.0000,-1.0556,3.397308
3.422046,1,0x02,0.0000,-1.0556,3.395301
3.422046,2,0x03,0.0000,-1.1111,3.393283
3.422046,3,0x04,0.0000,-1.1111,3.396321
3.423138,0,0x01,0.0000,-1.0556,3.397308
3.423138,1,0x02,0.0000,-1.0556,3.395301
3.423138,2,0x03,0.0000,-1.1111,3.393283
3.423138,3,0x04,0.0000,-1.1111,3.396321
3.430839,0,0x01,0.0000,-1.0556,3.397308
3.430839,1,0x02,0.0000,-1.0556,3.395301
3.430839,2,0x03,0.0000,-1.1111,3.393283
3.430839,3,0x04,0.0000,-1.1111,3.396321
3.431947,0,0x01,0.0000,-1.0556,3.397308
3.431947,1,0x02,0.0000,-1.0556,3.395301
3.431947,2,0x03,0.0000,-1.1111,3.393283
3.431947,3,0x04,0.0000,-1.1111,3.396321
3.433056,0,0x01,0.0000,-1.0556,3.397308
3.433056,1,0x02,0.0000,-1.0556,3.395301
3.433056,2,0x03,0.0000,-1.1111,3.393283
3.433056,3,0x04,0.0000,-1.1111,3.396321
3.439978,0,0x01,0.0000,-1.0556,3.438309
3.439978,1,0x02,0.0000,-1.1111,3.439317
3.439978,2,0x03,0.0000,-1.0556,3.437314
3.439978,3,0x04,0.0000,-1.1111,3.396321
3.441089,0,0x01,0.0000,-1.0556,3.438309
3.441089,1,0x02,0.0000,-1.1111,3.439317
3.441089,2,0x03,0.0000,-1.1111,3.440301
3.441089,3,0x04,0.0000,-1.1111,3.396321
3.442204,0,0x01,0.0000,-1.0556,3.438309
3.442204,1,0x02,0.0000,-1.1111,3.439317
3.442204,2,0x03,0.0000,-1.1111,3.440301
3.442204,3,0x04,0.0000,-1.1111,3.441282
3.443283,0,0x01,0.0000,-1.0556,3.438309
3.443283,1,0x02,0.0000,-1.1111,3.439317
3.443283,2,0x03,0.0000,-1.1111,3.440301
3.443283,3,0x04,0.0000,-1.1111,3.441282
3.452967,0,0x01,0.0000,-1.1111,3.445297
3.452967,1,0x02,0.0000,-1.1111,3.443309
3.452967,2,0x03,0.0000,-1.1111,3.440301
3.452967,3,0x04,0.0000,-1.1667,3.444299
3.454041,0,0x01,0.0000,-1.1111,3.445297
3.454041,1,0x02,0.0000,-1.1111,3.443309
3.454041,2,0x03,0.0000,-1.1111,3.440301
3.454041,3,0x04,0.0000,-1.1667,3.444299
3.461994,0,0x01,0.0000,-1.1111,3.458304
3.461994,1,0x02,0.0000,-1.0556,3.459304
3.461994,2,0x03,0.0000,-1.1111,3.460313
3.461994,3,0x04,0.0000,-1.1667,3.461301
3.463086,0,0x01,0.0000,-1.1111,3.458304
3.463086,1,0x02,0.0000,-1.0556,3.459304
3.463086,2,0x03,0.0000,-1.1111,3.460313
3.463086,3,0x04,0.0000,-1.1667,3.461301
3.469104,0,0x01,0.0000,-1.0556,3.464305
3.469104,1,0x02,0.0000,-1.0556,3.468309
3.469104,2,0x03,0.0000,-1.1111,3.460313
3.469104,3,0x04,0.0000,-1.1667,3.461301
3.470192,0,0x01,0.0000,-1.0556,3.464305
3.470192,1,0x02,0.0000,-1.0556,3.468309
3.470192,2,0x03,0.0000,-1.1111,3.460313
3.470192,3,0x04,0.0000,-1.1667,3.461301
3.471303,0,0x01,0.0000,-1.0556,3.464305
3.471303,1,0x02,0.0000,-1.0556,3.468309
3.471303,2,0x03,0.0000,-1.1111,3.470291
3.471303,3,0x04,0.0000,-1.1667,3.461301
3.472375,0,0x01,0.0000,-1.0556,3.464305
3.472375,1,0x02,0.0000,-1.0556,3.468309
3.472375,2,0x03,0.0000,-1.1111,3.470291
3.472375,3,0x04,0.0000,-1.1667,3.461301
3.473472,0,0x01,0.0000,-1.0556,3.464305
3.473472,1,0x02,0.0000,-1.0556,3.468309
3.473472,2,0x03,0.0000,-1.1111,3.470291
3.473472,3,0x04,0.0000,-1.1667,3.461301
3.480881,0,0x01,0.0000,-1.0556,3.476306
3.480881,1,0x02,0.0000,-1.0556,3.480300
3.480881,2,0x03,0.0000,-1.1111,3.470291
3.480881,3,0x04,0.0000,-1.1111,3.474309
3.481953,0,0x01,0.0000,-1.0556,3.476306
3.481953,1,0x02,0.0000,-1.0556,3.480300
3.481953,2,0x03,0.0000,-1.1111,3.470291
3.481953,3,0x04,0.0000,-1.1111,3.474309
3.483028,0,0x01,0.0000,-1.0556,3.476306
3.483028,1,0x02,0.0000,-1.0556,3.480300
3.483028,2,0x03,0.0000,-1.1111,3.470291
3.483028,3,0x04,0.0000,-1.1111,3.474309
3.484127,0,0x01,0.0000,-1.0556,3.476306
3.484127,1,0x02,0.0000,-1.0556,3.480300
3.484127,2,0x03,0.0000,-1.1111,3.483305
3.484127,3,0x04,0.0000,-1.1111,3.474309
3.491975,0,0x01,0.0000,-1.0556,3.488306
3.491975,1,0x02,0.0000,-1.0556,3.480300
3.491975,2,0x03,0.0000,-1.1111,3.483305
3.491975,3,0x04,0.0000,-1.1667,3.486292
3.493046,0,0x01,0.0000,-1.0556,3.488306
3.493046,1,0x02,0.0000,-1.0556,3.480300
3.493046,2,0x03,0.0000,-1.1111,3.483305
3.493046,3,0x04,0.0000,-1.1667,3.486292
3.999262,0,0x01,0.0000,0.1111,3.958301
3.999262,1,0x02,0.0000,0.0556,4.004326
3.999262,2,0x03,0.0000,0.1111,4.002313
3.999262,3,0x04,0.0000,0.0556,4.005315
4.008855,0,0x01,0.0000,0.1111,4.007841
4.008855,1,0x02,0.0000,0.0556,4.004326
4.008855,2,0x03,0.0000,0.1111,4.002313
4.008855,3,0x04,0.0000,0.0556,4.008288
4.009964,0,0x01,0.0000,0.1111,4.007841
4.009964,1,0x02,0.0000,0.0556,4.004326
4.009964,2,0x03,0.0000,0.1111,4.002313
4.009964,3,0x04,0.0000,0.0556,4.008288
4.019949,0,0x01,0.0000,0.1111,4.023391
4.019949,1,0x02,0.0000,0.0556,4.020347
4.019949,2,0x03,0.0000,0.1111,4.021406
4.019949,3,0x04,0.0000,0.0556,4.022573
4.025996,0,0x01,0.0000,0.1111,4.023391
4.025996,1,0x02,0.0000,0.0556,4.020347
4.025996,2,0x03,0.0000,0.1111,4.021406
4.025996,3,0x04,0.0000,0.0556,4.022573
4.027075,0,0x01,0.0000,0.1111,4.023391
4.027075,1,0x02,0.0000,0.0556,4.026367
4.027075,2,0x03,0.0000,0.1111,4.021406
4.027075,3,0x04,0.0000,0.0556,4.022573
4.028175,0,0x01,0.0000,0.1111,4.023391
4.028175,1,0x02,0.0000,0.0556,4.026367
4.028175,2,0x03,0.0000,0.1111,4.021406
4.028175,3,0x04,0.0000,0.0556,4.022573
4.029253,0,0x01,0.0000,0.1111,4.023391
4.029253,1,0x02,0.0000,0.0556,4.026367
4.029253,2,0x03,0.0000,0.1111,4.021406
4.029253,3,0x04,0.0000,0.0556,4.022573
4.030329,0,0x01,0.0000,0.1111,4.035390
4.030329,1,0x02,0.0000,0.0556,4.026367
4.030329,2,0x03,0.0000,0.1111,4.029386
4.030329,3,0x04,0.0000,0.0556,4.033361
4.038097,0,0x01,0.0000,0.1111,4.035390
4.038097,1,0x02,0.0000,0.0556,4.026367
4.038097,2,0x03,0.0000,0.1111,4.029386
4.038097,3,0x04,0.0000,0.0556,4.033361
4.039178,0,0x01,0.0000,0.1111,4.035390
4.039178,1,0x02,0.0000,0.0556,4.026367
4.039178,2,0x03,0.0000,0.1111,4.029386
4.039178,3,0x04,0.0000,0.0556,4.033361
4.040259,0,0x01,0.0000,0.1111,4.035390
4.040259,1,0x02,0.0000,0.0556,4.039323
4.040259,2,0x03,0.0000,0.1111,4.042313
4.040259,3,0x04,0.0000,0.0556,4.044310
4.046946,0,0x01,0.0000,0.1111,4.035390
4.046946,1,0x02,0.0000,0.0556,4.039323
4.046946,2,0x03,0.0000,0.1111,4.042313
4.046946,3,0x04,0.0000,0.0556,4.044310
4.048029,0,0x01,0.0000,0.1111,4.047287
4.048029,1,0x02,0.0000,0.0556,4.039323
4.048029,2,0x03,0.0000,0.1111,4.042313
4.048029,3,0x04,0.0000,0.0556,4.044310
4.049133,0,0x01,0.0000,0.1111,4.047287
4.049133,1,0x02,0.0000,0.0556,4.039323
4.049133,2,0x03,0.0000,0.1111,4.042313
4.049133,3,0x04,0.0000,0.0556,4.044310
4.050210,0,0x01,0.0000,0.1111,4.047287
4.050210,1,0x02,0.0000,0.0556,4.051282
4.050210,2,0x03,0.0000,0.1111,4.042313
4.050210,3,0x04,0.0000,0.0556,4.044310
4.057911,0,0x01,0.0000,0.1111,4.047287
4.057911,1,0x02,0.0000,0.0556,4.051282
4.057911,2,0x03,0.0000,0.1111,4.042313
4.057911,3,0x04,0.0000,0.0556,4.044310
4.058977,0,0x01,0.0000,0.1111,4.047287
4.058977,1,0x02,0.0000,0.0556,4.051282
4.058977,2,0x03,0.0000,0.1111,4.042313
4.058977,3,0x04,0.0000,0.0556,4.044310
4.060052,0,0x01,0.0000,0.1111,4.047287
4.060052,1,0x02,0.0000,0.0556,4.051282
4.060052,2,0x03,0.0000,0.1111,4.042313
4.060052,3,0x04,0.0000,0.0556,4.044310
4.066887,0,0x01,0.0000,0.1111,4.047287
4.066887,1,0x02,0.0000,0.0556,4.051282
4.066887,2,0x03,0.0000,0.1111,4.042313
4.066887,3,0x04,0.0000,0.0556,4.066316
4.067992,0,0x01,0.0000,0.1111,4.047287
4.067992,1,0x02,0.0000,0.0556,4.067290
4.067992,2,0x03,0.0000,0.1111,4.042313
4.067992,3,0x04,0.0000,0.0556,4.066316
4.069095,0,0x01,0.0000,0.1111,4.047287
4.069095,1,0x02,0.0000,0.0556,4.067290
4.069095,2,0x03,0.0000,0.1111,4.068280
4.069095,3,0x04,0.0000,0.0556,4.066316
4.070194,0,0x01,0.0000,0.1111,4.071312
4.070194,1,0x02,0.0000,0.0556,4.073305
4.070194,2,0x03,0.0000,0.1111,4.076300
4.070194,3,0x04,0.0000,0.0556,4.069300
4.077994,0,0x01,0.0000,0.1111,4.071312
4.077994,1,0x02,0.0000,0.0556,4.073305
4.077994,2,0x03,0.0000,0.1111,4.076300
4.077994,3,0x04,0.0000,0.0556,4.069300
4.079075,0,0x01,0.0000,0.1111,4.071312
4.079075,1,0x02,0.0000,0.0556,4.073305
4.079075,2,0x03,0.0000,0.1111,4.076300
4.079075,3,0x04,0.0000,0.0556,4.069300
4.080152,0,0x01,0.0000,0.1111,4.081308
4.080152,1,0x02,0.0000,0.0556,4.085317
4.080152,2,0x03,0.0000,0.1111,4.076300
4.080152,3,0x04,0.0000,0.0556,4.079278
4.086941,0,0x01,0.0000,0.1111,4.081308
4.086941,1,0x02,0.0000,0.0556,4.085317
4.086941,2,0x03,0.0000,0.1111,4.076300
4.086941,3,0x04,0.0000,0.0556,4.079278
4.088042,0,0x01,0.0000,0.1111,4.081308
4.088042,1,0x02,0.0000,0.0556,4.085317
4.088042,2,0x03,0.0000,0.1111,4.087303
4.088042,3,0x04,0.0000,0.0556,4.079278
4.089142,0,0x01,0.0000,0.1111,4.081308
4.089142,1,0x02,0.0000,0.0556,4.085317
4.089142,2,0x03,0.0000,0.1111,4.087303
4.089142,3,0x04,0.0000,0.0556,4.079278
4.090223,0,0x01,0.0000,0.1111,4.093308
4.090223,1,0x02,0.0000,0.0000,4.096311
4.090223,2,0x03,0.0000,0.1111,4.087303
4.090223,3,0x04,0.0000,0.0556,4.091285
4.097952,0,0x01,0.0000,0.1111,4.093308
4.097952,1,0x02,0.0000,0.0000,4.096311
4.097952,2,0x03,0.0000,0.1111,4.087303
4.097952,3,0x04,0.0000,0.0556,4.091285
4.099030,0,0x01,0.0000,0.1111,4.093308
4.099030,1,0x02,0.0000,0.0000,4.096311
4.099030,2,0x03,0.0000,0.1111,4.087303
4.099030,3,0x04,0.0000,0.0556,4.091285
4.100107,0,0x01,0.0000,0.1111,4.093308
4.100107,1,0x02,0.0000,0.0000,4.096311
4.100107,2,0x03,0.0000,0.1111,4.087303
4.100107,3,0x04,0.0000,0.0556,4.091285
4.109901,0,0x01,0.0000,0.0556,4.111298
4.109901,1,0x02,0.0000,0.0556,4.112308
4.109901,2,0x03,0.0000,0.1667,4.113308
4.109901,3,0x04,0.0000,0.0556,4.114298
4.115939,0,0x01,0.0000,0.0556,4.111298
4.115939,1,0x02,0.0000,0.0556,4.112308
4.115939,2,0x03,0.0000,0.1667,4.113308
4.115939,3,0x04,0.0000,0.0556,4.114298
4.117017,0,0x01,0.0000,0.0556,4.111298
4.117017,1,0x02,0.0000,0.0556,4.112308
4.117017,2,0x03,0.0000,0.1667,4.113308
4.117017,3,0x04,0.0000,0.0556,4.114298
4.118096,0,0x01,0.0000,0.1111,4.117279
4.118096,1,0x02,0.0000,0.0556,4.112308
4.118096,2,0x03,0.0000,0.1667,4.113308
4.118096,3,0x04,0.0000,0.0556,4.114298
4.119229,0,0x01,0.0000,0.1111,4.117279
4.119229,1,0x02,0.0000,0.0556,4.112308
4.119229,2,0x03,0.0000,0.1667,4.113308
4.119229,3,0x04,0.0000,0.0556,4.114298
4.120361,0,0x01,0.0000,0.1111,4.117279
4.120361,1,0x02,0.0000,0.0556,4.120312
4.120361,2,0x03,0.0000,0.1667,4.123308
4.120361,3,0x04,0.0000,0.0556,4.125308
4.127912,0,0x01,0.0000,0.1111,4.117279
4.127912,1,0x02,0.0000,0.0556,4.120312
4.127912,2,0x03,0.0000,0.1667,4.123308
4.127912,3,0x04,0.0000,0.0556,4.125308
4.128992,0,0x01,0.0000,0.1111,4.128288
4.128992,1,0x02,0.0000,0.0556,4.120312
4.128992,2,0x03,0.0000,0.1667,4.123308
4.128992,3,0x04,0.0000,0.0556,4.125308
4.130090,0,0x01,0.0000,0.1111,4.128288
4.130090,1,0x02,0.0000,0.0556,4.132302
4.130090,2,0x03,0.0000,0.1667,4.134304
4.130090,3,0x04,0.0000,0.0556,4.125308
4.136926,0,0x01,0.0000,0.1111,4.128288
4.136926,1,0x02,0.0000,0.0556,4.132302
4.136926,2,0x03,0.0000,0.1667,4.134304
4.136926,3,0x04,0.0000,0.0556,4.125308
4.138000,0,0x01,0.0000,0.1111,4.128288
4.138000,1,0x02,0.0000,0.0556,4.132302
4.138000,2,0x03,0.0000,0.1667,4.134304
4.138000,3,0x04,0.0000,0.0556,4.125308
4.139083,0,0x01,0.0000,0.1111,4.128288
4.139083,1,0x02,0.0000,0.0556,4.132302
4.139083,2,0x03,0.0000,0.1667,4.134304
4.139083,3,0x04,0.0000,0.0556,4.138287
4.140188,0,0x01,0.0000,0.1111,4.140296
4.140188,1,0x02,0.0000,0.0556,4.132302
4.140188,2,0x03,0.0000,0.1667,4.134304
4.140188,3,0x04,0.0000,0.0556,4.138287
4.147920,0,0x01,0.0000,0.1111,4.140296
4.147920,1,0x02,0.0000,0.0556,4.132302
4.147920,2,0x03,0.0000,0.1667,4.134304
4.147920,3,0x04,0.0000,0.0556,4.138287
4.148999,0,0x01,0.0000,0.1111,4.140296
4.148999,1,0x02,0.0000,0.0556,4.132302
4.148999,2,0x03,0.0000,0.1667,4.134304
4.148999,3,0x04,0.0000,0.0556,4.138287
4.150076,0,0x01,0.0000,0.1111,4.140296
4.150076,1,0x02,0.0000,0.0556,4.132302
4.150076,2,0x03,0.0000,0.1667,4.134304
4.150076,3,0x04,0.0000,0.0556,4.138287
4.158907,0,0x01,0.0000,0.1111,4.140296
4.158907,1,0x02,0.0000,0.0556,4.132302
4.158907,2,0x03,0.0000,0.1667,4.134304
4.158907,3,0x04,0.0000,0.0556,4.138287
4.159983,0,0x01,0.0000,0.1111,4.140296
4.159983,1,0x02,0.0000,0.0556,4.132302
4.159983,2,0x03,0.0000,0.1667,4.134304
4.159983,3,0x04,0.0000,0.0556,4.138287
4.166895,0,0x01,0.0000,0.1111,4.140296
4.166895,1,0x02,0.0000,0.0556,4.132302
4.166895,2,0x03,0.0000,0.1667,4.134304
4.166895,3,0x04,0.0000,0.0556,4.138287
4.167982,0,0x01,0.0000,0.1111,4.140296
4.167982,1,0x02,0.0000,0.0556,4.132302
4.167982,2,0x03,0.0000,0.1667,4.134304
4.167982,3,0x04,0.0000,0.0556,4.138287
4.169054,0,0x01,0.0000,0.1111,4.140296
4.169054,1,0x02,0.0000,0.0556,4.132302
4.169054,2,0x03,0.0000,0.1667,4.134304
4.169054,3,0x04,0.0000,0.0556,4.138287
4.170141,0,0x01,0.0000,0.1111,4.140296
4.170141,1,0x02,0.0000,0.0556,4.132302
4.170141,2,0x03,0.0000,0.1667,4.134304
4.170141,3,0x04,0.0000,0.0556,4.138287
4.175914,0,0x01,0.0000,0.1111,4.140296
4.175914,1,0x02,0.0000,0.0556,4.132302
4.175914,2,0x03,0.0000,0.1667,4.134304
4.175914,3,0x04,0.0000,0.0556,4.138287
4.176990,0,0x01,0.0000,0.1111,4.140296
4.176990,1,0x02,0.0000,0.0556,4.132302
4.176990,2,0x03,0.0000,0.1667,4.134304
4.176990,3,0x04,0.0000,0.0556,4.138287
4.178066,0,0x01,0.0000,0.1111,4.140296
4.178066,1,0x02,0.0000,0.0556,4.132302
4.178066,2,0x03,0.0000,0.1667,4.134304
4.178066,3,0x04,0.0000,0.0556,4.138287
4.179142,0,0x01,0.0000,0.1111,4.140296
4.179142,1,0x02,0.0000,0.0556,4.132302
4.179142,2,0x03,0.0000,0.1667,4.134304
4.179142,3,0x04,0.0000,0.0556,4.138287
4.180213,0,0x01,0.0000,0.1111,4.140296
4.180213,1,0x02,0.0000,0.0556,4.132302
4.180213,2,0x03,0.0000,0.1667,4.134304
4.180213,3,0x04,0.0000,0.0556,4.138287
4.187908,0,0x01,0.0000,0.1111,4.140296
4.187908,1,0x02,0.0000,0.0556,4.132302
4.187908,2,0x03,0.0000,0.1667,4.134304
4.187908,3,0x04,0.0000,0.0556,4.138287
4.188984,0,0x01,0.0000,0.1111,4.140296
4.188984,1,0x02,0.0000,0.0556,4.132302
4.188984,2,0x03,0.0000,0.1667,4.134304
4.188984,3,0x04,0.0000,0.0556,4.138287
4.190058,0,0x01,0.0000,0.1111,4.192306
4.190058,1,0x02,0.0000,0.0000,4.193300
4.190058,2,0x03,0.0000,0.1111,4.194302
4.190058,3,0x04,0.0000,0.0556,4.195306
4.196978,0,0x01,0.0000,0.1667,4.196310
4.196978,1,0x02,0.0000,0.0000,4.193300
4.196978,2,0x03,0.0000,0.1111,4.194302
4.196978,3,0x04,0.0000,0.0556,4.195306
4.198075,0,0x01,0.0000,0.1667,4.196310
4.198075,1,0x02,0.0000,0.0000,4.193300
4.198075,2,0x03,0.0000,0.1111,4.194302
4.198075,3,0x04,0.0000,0.0556,4.195306
4.199151,0,0x01,0.0000,0.1667,4.196310
4.199151,1,0x02,0.0000,0.0000,4.193300
4.199151,2,0x03,0.0000,0.1111,4.194302
4.199151,3,0x04,0.0000,0.0556,4.198276
4.200250,0,0x01,0.0000,0.0556,4.202315
4.200250,1,0x02,0.0000,0.0556,4.200301
4.200250,2,0x03,0.0000,0.1111,4.203311
4.200250,3,0x04,0.0000,0.0556,4.205354
4.207946,0,0x01,0.0000,0.0556,4.202315
4.207946,1,0x02,0.0000,0.0556,4.200301
4.207946,2,0x03,0.0000,0.1111,4.203311
4.207946,3,0x04,0.0000,0.0556,4.205354
4.209033,0,0x01,0.0000,0.0556,4.202315
4.209033,1,0x02,0.0000,0.0556,4.200301
4.209033,2,0x03,0.0000,0.1111,4.203311
4.209033,3,0x04,0.0000,0.0556,4.205354
4.210111,0,0x01,0.0000,0.0556,4.202315
4.210111,1,0x02,0.0000,0.0556,4.200301
4.210111,2,0x03,0.0000,0.1111,4.203311
4.210111,3,0x04,0.0000,0.0556,4.205354
4.217982,0,0x01,0.0000,0.0556,4.202315
4.217982,1,0x02,0.0000,0.0556,4.200301
4.217982,2,0x03,0.0000,0.1111,4.203311
4.217982,3,0x04,0.0000,0.0556,4.205354
4.219048,0,0x01,0.0000,0.0556,4.202315
4.219048,1,0x02,0.0000,0.0556,4.200301
4.219048,2,0x03,0.0000,0.1111,4.203311
4.219048,3,0x04,0.0000,0.0556,4.205354
4.220120,0,0x01,0.0000,0.0556,4.202315
4.220120,1,0x02,0.0000,0.0556,4.200301
4.220120,2,0x03,0.0000,0.1111,4.203311
4.220120,3,0x04,0.0000,0.0556,4.205354
4.226896,0,0x01,0.0000,0.0556,4.202315
4.226896,1,0x02,0.0000,0.0556,4.200301
4.226896,2,0x03,0.0000,0.1111,4.203311
4.226896,3,0x04,0.0000,0.0556,4.205354
4.227974,0,0x01,0.0000,0.0556,4.202315
4.227974,1,0x02,0.0000,0.0556,4.200301
4.227974,2,0x03,0.0000,0.1111,4.203311
4.227974,3,0x04,0.0000,0.0556,4.205354
4.229051,0,0x01,0.0000,0.0556,4.202315
4.229051,1,0x02,0.0000,0.0556,4.200301
4.229051,2,0x03,0.0000,0.1111,4.203311
4.229051,3,0x04,0.0000,0.0556,4.205354
4.230138,0,0x01,0.0000,0.0556,4.202315
4.230138,1,0x02,0.0000,0.0556,4.200301
4.230138,2,0x03,0.0000,0.1111,4.203311
4.230138,3,0x04,0.0000,0.0556,4.205354
4.236004,0,0x01,0.0000,0.0556,4.202315
4.236004,1,0x02,0.0000,0.0556,4.200301
4.236004,2,0x03,0.0000,0.1111,4.203311
4.236004,3,0x04,0.0000,0.0556,4.205354
4.237082,0,0x01,0.0000,0.0556,4.202315
4.237082,1,0x02,0.0000,0.0556,4.200301
4.237082,2,0x03,0.0000,0.1111,4.203311
4.237082,3,0x04,0.0000,0.0556,4.205354
4.238169,0,0x01,0.0000,0.0556,4.202315
4.238169,1,0x02,0.0000,0.0556,4.200301
4.238169,2,0x03,0.0000,0.1111,4.203311
4.238169,3,0x04,0.0000,0.0556,4.205354
4.239251,0,0x01,0.0000,0.0556,4.202315
4.239251,1,0x02,0.0000,0.0556,4.200301
4.239251,2,0x03,0.0000,0.1111,4.203311
4.239251,3,0x04,0.0000,0.0556,4.205354
4.240329,0,0x01,0.0000,0.1111,4.246360
4.240329,1,0x02,0.0000,0.0000,4.244378
4.240329,2,0x03,0.0000,0.1111,4.245315
4.240329,3,0x04,0.0000,0.0556,4.242358
4.248171,0,0x01,0.0000,0.1111,4.246360
4.248171,1,0x02,0.0000,0.0000,4.247337
4.248171,2,0x03,0.0000,0.1111,4.245315
4.248171,3,0x04,0.0000,0.0556,4.242358
4.249268,0,0x01,0.0000,0.1111,4.250407
4.249268,1,0x02,0.0000,0.0000,4.247337
4.249268,2,0x03,0.0000,0.1111,4.248380
4.249268,3,0x04,0.0000,0.0556,4.252374
4.256944,0,0x01,0.0000,0.1111,4.250407
4.256944,1,0x02,0.0000,0.0000,4.247337
4.256944,2,0x03,0.0000,0.1111,4.248380
4.256944,3,0x04,0.0000,0.0556,4.252374
4.258013,0,0x01,0.0000,0.1111,4.250407
4.258013,1,0x02,0.0000,0.0000,4.247337
4.258013,2,0x03,0.0000,0.1111,4.248380
4.258013,3,0x04,0.0000,0.0556,4.252374
4.259103,0,0x01,0.0000,0.1111,4.250407
4.259103,1,0x02,0.0000,0.0000,4.247337
4.259103,2,0x03,0.0000,0.1111,4.248380
4.259103,3,0x04,0.0000,0.0556,4.252374
4.260203,0,0x01,0.0000,0.1111,4.250407
4.260203,1,0x02,0.0000,0.0000,4.247337
4.260203,2,0x03,0.0000,0.1111,4.248380
4.260203,3,0x04,0.0000,0.0556,4.252374
4.267901,0,0x01,0.0000,0.1111,4.250407
4.267901,1,0x02,0.0000,0.0000,4.247337
4.267901,2,0x03,0.0000,0.1111,4.248380
4.267901,3,0x04,0.0000,0.0556,4.252374
4.268963,0,0x01,0.0000,0.1111,4.250407
4.268963,1,0x02,0.0000,0.0000,4.247337
4.268963,2,0x03,0.0000,0.1111,4.248380
4.268963,3,0x04,0.0000,0.0556,4.252374
4.270025,0,0x01,0.0000,0.1111,4.250407
4.270025,1,0x02,0.0000,0.0000,4.247337
4.270025,2,0x03,0.0000,0.1111,4.248380
4.270025,3,0x04,0.0000,0.0556,4.252374
4.276900,0,0x01,0.0000,0.1111,4.250407
4.276900,1,0x02,0.0000,0.0000,4.247337
4.276900,2,0x03,0.0000,0.1111,4.248380
4.276900,3,0x04,0.0000,0.0556,4.252374
4.277977,0,0x01,0.0000,0.1111,4.250407
4.277977,1,0x02,0.0000,0.0000,4.247337
4.277977,2,0x03,0.0000,0.1111,4.248380
4.277977,3,0x04,0.0000,0.0556,4.252374
4.279052,0,0x01,0.0000,0.1111,4.250407
4.279052,1,0x02,0.0000,0.0000,4.247337
4.279052,2,0x03,0.0000,0.1111,4.248380
4.279052,3,0x04,0.0000,0.0556,4.252374
4.280130,0,0x01,0.0000,0.1111,4.250407
4.280130,1,0x02,0.0000,0.0000,4.247337
4.280130,2,0x03,0.0000,0.1111,4.248380
4.280130,3,0x04,0.0000,0.0556,4.252374
4.285919,0,0x01,0.0000,0.1111,4.250407
4.285919,1,0x02,0.0000,0.0000,4.247337
4.285919,2,0x03,0.0000,0.1111,4.248380
4.285919,3,0x04,0.0000,0.0556,4.252374
4.287005,0,0x01,0.0000,0.1111,4.250407
4.287005,1,0x02,0.0000,0.0000,4.247337
4.287005,2,0x03,0.0000,0.1111,4.248380
4.287005,3,0x04,0.0000,0.0556,4.252374
4.288084,0,0x01,0.0000,0.1111,4.250407
4.288084,1,0x02,0.0000,0.0000,4.247337
4.288084,2,0x03,0.0000,0.1111,4.248380
4.288084,3,0x04,0.0000,0.0556,4.252374
4.289165,0,0x01,0.0000,0.1111,4.250407
4.289165,1,0x02,0.0000,0.0000,4.247337
4.289165,2,0x03,0.0000,0.1111,4.248380
4.289165,3,0x04,0.0000,0.0556,4.252374
4.290255,0,0x01,0.0000,0.1111,4.250407
4.290255,1,0x02,0.0000,0.0000,4.247337
4.290255,2,0x03,0.0000,0.1111,4.248380
4.290255,3,0x04,0.0000,0.0556,4.252374
4.297905,0,0x01,0.0000,0.1111,4.250407
4.297905,1,0x02,0.0000,0.0000,4.247337
4.297905,2,0x03,0.0000,0.1111,4.248380
4.297905,3,0x04,0.0000,0.0556,4.252374
4.298980,0,0x01,0.0000,0.0556,4.298310
4.298980,1,0x02,0.0000,0.0000,4.247337
4.298980,2,0x03,0.0000,0.1111,4.248380
4.298980,3,0x04,0.0000,0.0556,4.252374
4.300070,0,0x01,0.0000,0.0556,4.304320
4.300070,1,0x02,0.0000,0.0000,4.305311
4.300070,2,0x03,0.0000,0.1111,4.300299
4.300070,3,0x04,0.0000,0.0556,4.303315
4.306978,0,0x01,0.0000,0.0556,4.304320
4.306978,1,0x02,0.0000,0.0000,4.305311
4.306978,2,0x03,0.0000,0.1111,4.300299
4.306978,3,0x04,0.0000,0.0556,4.303315
4.308062,0,0x01,0.0000,0.0556,4.304320
4.308062,1,0x02,0.0000,0.0000,4.305311
4.308062,2,0x03,0.0000,0.1111,4.300299
4.308062,3,0x04,0.0000,0.0556,4.307322
4.309171,0,0x01,0.0000,0.1111,4.308280
4.309171,1,0x02,0.0000,0.0000,4.305311
4.309171,2,0x03,0.0000,0.1111,4.300299
4.309171,3,0x04,0.0000,0.0556,4.307322
4.310275,0,0x01,0.0000,0.1111,4.313310
4.310275,1,0x02,0.0000,0.0000,4.305311
4.310275,2,0x03,0.0000,0.1111,4.312323
4.310275,3,0x04,0.0000,0.0556,4.314312
4.317964,0,0x01,0.0000,0.1111,4.313310
4.317964,1,0x02,0.0000,0.0000,4.305311
4.317964,2,0x03,0.0000,0.1111,4.312323
4.317964,3,0x04,0.0000,0.0556,4.314312
4.319046,0,0x01,0.0000,0.1111,4.313310
4.319046,1,0x02,0.0000,0.0000,4.305311
4.319046,2,0x03,0.0000,0.1111,4.312323
4.319046,3,0x04,0.0000,0.0556,4.314312
4.320122,0,0x01,0.0000,0.1111,4.313310
4.320122,1,0x02,0.0000,0.0000,4.305311
4.320122,2,0x03,0.0000,0.1111,4.312323
4.320122,3,0x04,0.0000,0.0556,4.314312
4.326886,0,0x01,0.0000,0.1111,4.313310
4.326886,1,0x02,0.0000,0.0000,4.305311
4.326886,2,0x03,0.0000,0.1111,4.312323
4.326886,3,0x04,0.0000,0.0556,4.314312
4.327963,0,0x01,0.0000,0.1111,4.313310
4.327963,1,0x02,0.0000,0.0000,4.305311
4.327963,2,0x03,0.0000,0.1111,4.312323
4.327963,3,0x04,0.0000,0.0556,4.314312
4.329039,0,0x01,0.0000,0.1111,4.313310
4.329039,1,0x02,0.0000,0.0000,4.305311
4.329039,2,0x03,0.0000,0.1111,4.312323
4.329039,3,0x04,0.0000,0.0556,4.314312
4.330127,0,0x01,0.0000,0.1111,4.313310
4.330127,1,0x02,0.0000,0.0000,4.305311
4.330127,2,0x03,0.0000,0.1111,4.312323
4.330127,3,0x04,0.0000,0.0556,4.314312
4.335884,0,0x01,0.0000,0.1111,4.313310
4.335884,1,0x02,0.0000,0.0000,4.305311
4.335884,2,0x03,0.0000,0.1111,4.312323
4.335884,3,0x04,0.0000,0.0556,4.314312
4.336962,0,0x01,0.0000,0.1111,4.313310
4.336962,1,0x02,0.0000,0.0000,4.305311
4.336962,2,0x03,0.0000,0.1111,4.312323
4.336962,3,0x04,0.0000,0.0556,4.314312
4.338040,0,0x01,0.0000,0.1111,4.313310
4.338040,1,0x02,0.0000,0.0000,4.305311
4.338040,2,0x03,0.0000,0.1111,4.312323
4.338040,3,0x04,0.0000,0.0556,4.314312
4.339120,0,0x01,0.0000,0.1111,4.313310
4.339120,1,0x02,0.0000,0.0000,4.305311
4.339120,2,0x03,0.0000,0.1111,4.312323
4.339120,3,0x04,0.0000,0.0556,4.314312
4.340238,0,0x01,0.0000,0.1111,4.313310
4.340238,1,0x02,0.0000,0.0000,4.305311
4.340238,2,0x03,0.0000,0.1111,4.312323
4.340238,3,0x04,0.0000,0.0556,4.314312
4.347900,0,0x01,0.0000,0.1111,4.313310
4.347900,1,0x02,0.0000,0.0000,4.305311
4.347900,2,0x03,0.0000,0.1111,4.312323
4.347900,3,0x04,0.0000,0.0556,4.314312
4.348976,0,0x01,0.0000,0.1111,4.313310
4.348976,1,0x02,0.0000,0.0000,4.305311
4.348976,2,0x03,0.0000,0.1111,4.312323
4.348976,3,0x04,0.0000,0.0556,4.314312
4.350055,0,0x01,0.0000,0.1111,4.353303
4.350055,1,0x02,0.0000,0.0556,4.354317
4.350055,2,0x03,0.0000,0.1111,4.355338
4.350055,3,0x04,0.0000,0.0556,4.352318
4.356965,0,0x01,0.0000,0.1111,4.356312
4.356965,1,0x02,0.0000,0.0556,4.354317
4.356965,2,0x03,0.0000,0.1111,4.355338
4.356965,3,0x04,0.0000,0.0556,4.352318
4.358066,0,0x01,0.0000,0.1111,4.356312
4.358066,1,0x02,0.0000,0.0000,4.357294
4.358066,2,0x03,0.0000,0.1111,4.355338
4.358066,3,0x04,0.0000,0.0556,4.352318
4.359164,0,0x01,0.0000,0.1111,4.356312
4.359164,1,0x02,0.0000,0.0000,4.357294
4.359164,2,0x03,0.0000,0.1111,4.355338
4.359164,3,0x04,0.0000,0.0556,4.358277
4.360261,0,0x01,0.0000,0.1111,4.359301
4.360261,1,0x02,0.0000,0.0000,4.360323
4.360261,2,0x03,0.0000,0.1111,4.355338
4.360261,3,0x04,0.0000,0.0556,4.361292
4.367957,0,0x01,0.0000,0.1111,4.359301
4.367957,1,0x02,0.0000,0.0000,4.360323
4.367957,2,0x03,0.0000,0.1111,4.355338
4.367957,3,0x04,0.0000,0.0556,4.361292
4.369035,0,0x01,0.0000,0.1111,4.359301
4.369035,1,0x02,0.0000,0.0000,4.360323
4.369035,2,0x03,0.0000,0.1111,4.355338
4.369035,3,0x04,0.0000,0.0556,4.361292
4.370111,0,0x01,0.0000,0.1111,4.359301
4.370111,1,0x02,0.0000,0.0000,4.360323
4.370111,2,0x03,0.0000,0.1111,4.355338
4.370111,3,0x04,0.0000,0.0556,4.361292
4.378897,0,0x01,0.0000,0.1111,4.359301
4.378897,1,0x02,0.0000,0.0000,4.360323
4.378897,2,0x03,0.0000,0.1111,4.355338
4.378897,3,0x04,0.0000,0.0556,4.361292
4.379977,0,0x01,0.0000,0.1111,4.359301
4.379977,1,0x02,0.0000,0.0000,4.360323
4.379977,2,0x03,0.0000,0.1111,4.355338
4.379977,3,0x04,0.0000,0.0556,4.361292
4.386885,0,0x01,0.0000,0.1111,4.359301
4.386885,1,0x02,0.0000,0.0000,4.360323
4.386885,2,0x03,0.0000,0.1111,4.355338
4.386885,3,0x04,0.0000,0.0556,4.361292
4.387960,0,0x01,0.0000,0.1111,4.359301
4.387960,1,0x02,0.0000,0.0000,4.360323
4.387960,2,0x03,0.0000,0.1111,4.355338
4.387960,3,0x04,0.0000,0.0556,4.361292
4.389041,0,0x01,0.0000,0.1111,4.359301
4.389041,1,0x02,0.0000,0.0000,4.360323
4.389041,2,0x03,0.0000,0.1111,4.355338
4.389041,3,0x04,0.0000,0.0556,4.361292
4.390123,0,0x01,0.0000,0.1111,4.359301
4.390123,1,0x02,0.0000,0.0000,4.360323
4.390123,2,0x03,0.0000,0.1111,4.355338
4.390123,3,0x04,0.0000,0.0556,4.361292
4.395883,0,0x01,0.0000,0.1111,4.359301
4.395883,1,0x02,0.0000,0.0000,4.360323
4.395883,2,0x03,0.0000,0.1111,4.355338
4.395883,3,0x04,0.0000,0.0556,4.361292
4.396945,0,0x01,0.0000,0.1111,4.359301
4.396945,1,0x02,0.0000,0.0000,4.360323
4.396945,2,0x03,0.0000,0.1111,4.355338
4.396945,3,0x04,0.0000,0.0556,4.361292
4.398009,0,0x01,0.0000,0.1111,4.359301
4.398009,1,0x02,0.0000,0.0000,4.360323
4.398009,2,0x03,0.0000,0.1111,4.355338
4.398009,3,0x04,0.0000,0.0556,4.361292
4.399086,0,0x01,0.0000,0.1111,4.359301
4.399086,1,0x02,0.0000,0.0000,4.360323
4.399086,2,0x03,0.0000,0.1111,4.355338
4.399086,3,0x04,0.0000,0.0556,4.361292
4.400183,0,0x01,0.0000,0.1111,4.359301
4.400183,1,0x02,0.0000,0.0000,4.360323
4.400183,2,0x03,0.0000,0.1111,4.355338
4.400183,3,0x04,0.0000,0.0556,4.361292
4.408095,0,0x01,0.0000,0.1111,4.407359
4.408095,1,0x02,0.0000,0.0000,4.360323
4.408095,2,0x03,0.0000,0.1111,4.355338
4.408095,3,0x04,0.0000,0.0556,4.361292
4.409183,0,0x01,0.0000,0.1111,4.407359
4.409183,1,0x02,0.0000,0.0000,4.360323
4.409183,2,0x03,0.0000,0.1111,4.408375
4.409183,3,0x04,0.0000,0.0556,4.361292
4.410284,0,0x01,0.0000,0.1111,4.413382
4.410284,1,0x02,0.0000,0.0556,4.414359
4.410284,2,0x03,0.0000,0.1111,4.415357
4.410284,3,0x04,0.0000,0.0556,4.412332
4.417155,0,0x01,0.0000,0.1111,4.413382
4.417155,1,0x02,0.0000,0.0556,4.414359
4.417155,2,0x03,0.0000,0.1111,4.415357
4.417155,3,0x04,0.0000,0.0556,4.412332
4.418230,0,0x01,0.0000,0.1111,4.413382
4.418230,1,0x02,0.0000,0.0556,4.414359
4.418230,2,0x03,0.0000,0.1111,4.415357
4.418230,3,0x04,0.0000,0.0556,4.412332
4.419292,0,0x01,0.0000,0.1111,4.422320
4.419292,1,0x02,0.0000,0.0556,4.423311
4.419292,2,0x03,0.0000,0.1111,4.421304
4.419292,3,0x04,0.0000,0.0556,4.424311
4.426268,0,0x01,0.0000,0.1111,4.422320
4.426268,1,0x02,0.0000,0.0556,4.423311
4.426268,2,0x03,0.0000,0.1111,4.421304
4.426268,3,0x04,0.0000,0.0556,4.424311
4.427350,0,0x01,0.0000,0.1111,4.422320
4.427350,1,0x02,0.0000,0.0556,4.423311
4.427350,2,0x03,0.0000,0.1111,4.421304
4.427350,3,0x04,0.0000,0.0556,4.424311
4.428430,0,0x01,0.0000,0.1111,4.422320
4.428430,1,0x02,0.0000,0.0556,4.423311
4.428430,2,0x03,0.0000,0.1111,4.421304
4.428430,3,0x04,0.0000,0.0556,4.424311
4.429482,0,0x01,0.0000,0.1111,4.422320
4.429482,1,0x02,0.0000,0.0556,4.423311
4.429482,2,0x03,0.0000,0.1111,4.421304
4.429482,3,0x04,0.0000,0.0556,4.424311
4.436947,0,0x01,0.0000,0.1111,4.422320
4.436947,1,0x02,0.0000,0.0556,4.423311
4.436947,2,0x03,0.0000,0.1111,4.421304
4.436947,3,0x04,0.0000,0.0556,4.424311
4.438020,0,0x01,0.0000,0.1111,4.422320
4.438020,1,0x02,0.0000,0.0556,4.423311
4.438020,2,0x03,0.0000,0.1111,4.421304
4.438020,3,0x04,0.0000,0.0556,4.424311
4.439093,0,0x01,0.0000,0.1111,4.422320
4.439093,1,0x02,0.0000,0.0556,4.423311
4.439093,2,0x03,0.0000,0.1111,4.421304
4.439093,3,0x04,0.0000,0.0556,4.424311
4.440167,0,0x01,0.0000,0.1111,4.422320
4.440167,1,0x02,0.0000,0.0556,4.423311
4.440167,2,0x03,0.0000,0.1111,4.421304
4.440167,3,0x04,0.0000,0.0556,4.424311
4.448055,0,0x01,0.0000,0.1111,4.422320
4.448055,1,0x02,0.0000,0.0556,4.423311
4.448055,2,0x03,0.0000,0.1111,4.421304
4.448055,3,0x04,0.0000,0.0556,4.424311
4.449245,0,0x01,0.0000,0.1111,4.422320
4.449245,1,0x02,0.0000,0.0556,4.423311
4.449245,2,0x03,0.0000,0.1111,4.421304
4.449245,3,0x04,0.0000,0.0556,4.424311
4.450331,0,0x01,0.0000,0.1111,4.422320
4.450331,1,0x02,0.0000,0.0556,4.423311
4.450331,2,0x03,0.0000,0.1111,4.421304
4.450331,3,0x04,0.0000,0.0556,4.424311
4.456935,0,0x01,0.0000,0.1111,4.422320
4.456935,1,0x02,0.0000,0.0556,4.423311
4.456935,2,0x03,0.0000,0.1111,4.421304
4.456935,3,0x04,0.0000,0.0556,4.424311
4.458004,0,0x01,0.0000,0.1111,4.422320
4.458004,1,0x02,0.0000,0.0556,4.423311
4.458004,2,0x03,0.0000,0.1111,4.421304
4.458004,3,0x04,0.0000,0.0556,4.424311
4.459082,0,0x01,0.0000,0.1111,4.422320
4.459082,1,0x02,0.0000,0.0556,4.423311
4.459082,2,0x03,0.0000,0.1111,4.421304
4.459082,3,0x04,0.0000,0.0556,4.424311
4.460159,0,0x01,0.0000,0.1111,4.462336
4.460159,1,0x02,0.0000,0.0556,4.423311
4.460159,2,0x03,0.0000,0.1111,4.465331
4.460159,3,0x04,0.0000,0.0556,4.466317
4.468354,0,0x01,0.0000,0.0556,4.467305
4.468354,1,0x02,0.0000,0.0556,4.423311
4.468354,2,0x03,0.0000,0.1111,4.468314
4.468354,3,0x04,0.0000,0.0556,4.466317
4.469496,0,0x01,0.0000,0.0556,4.467305
4.469496,1,0x02,0.0000,0.0556,4.471357
4.469496,2,0x03,0.0000,0.1111,4.468314
4.469496,3,0x04,0.0000,0.0556,4.470310
4.483060,0,0x01,0.0000,0.0556,4.467305
4.483060,1,0x02,0.0000,0.0556,4.471357
4.483060,2,0x03,0.0000,0.1111,4.468314
4.483060,3,0x04,0.0000,0.0556,4.470310
4.489074,0,0x01,0.0000,0.0556,4.467305
4.489074,1,0x02,0.0000,0.0556,4.471357
4.489074,2,0x03,0.0000,0.1111,4.468314
4.489074,3,0x04,0.0000,0.0556,4.470310
4.490182,0,0x01,0.0000,0.0556,4.467305
4.490182,1,0x02,0.0000,0.0556,4.471357
4.490182,2,0x03,0.0000,0.1111,4.468314
4.490182,3,0x04,0.0000,0.0556,4.470310
4.497912,0,0x01,0.0000,0.0556,4.467305
4.497912,1,0x02,0.0000,0.0556,4.471357
4.497912,2,0x03,0.0000,0.1111,4.468314
4.497912,3,0x04,0.0000,0.0556,4.470310
4.498980,0,0x01,0.0000,0.0556,4.467305
4.498980,1,0x02,0.0000,0.0556,4.471357
4.498980,2,0x03,0.0000,0.1111,4.468314
4.498980,3,0x04,0.0000,0.0556,4.470310
4.500060,0,0x01,0.0000,0.0556,4.467305
4.500060,1,0x02,0.0000,0.0556,4.471357
4.500060,2,0x03,0.0000,0.1111,4.468314
4.500060,3,0x04,0.0000,0.0556,4.470310
4.505882,0,0x01,0.0000,0.0556,4.467305
4.505882,1,0x02,0.0000,0.0556,4.471357
4.505882,2,0x03,0.0000,0.1111,4.468314
4.505882,3,0x04,0.0000,0.0556,4.470310
4.512912,0,0x01,0.0000,0.0556,4.467305
4.512912,1,0x02,0.0000,0.0556,4.471357
4.512912,2,0x03,0.0000,0.1111,4.468314
4.512912,3,0x04,0.0000,0.0556,4.470310
4.513978,0,0x01,0.0000,0.0556,4.467305
4.513978,1,0x02,0.0000,0.0556,4.471357
4.513978,2,0x03,0.0000,0.1111,4.468314
4.513978,3,0x04,0.0000,0.0556,4.470310
4.515054,0,0x01,0.0000,0.0556,4.467305
4.515054,1,0x02,0.0000,0.0556,4.471357
4.515054,2,0x03,0.0000,0.1111,4.468314
4.515054,3,0x04,0.0000,0.0556,4.470310
4.516131,0,0x01,0.0000,0.0556,4.467305
4.516131,1,0x02,0.0000,0.0556,4.518337
4.516131,2,0x03,0.3075,0.1111,4.468314
4.516131,3,0x04,0.0000,0.0556,4.520317
4.522007,0,0x01,0.0000,0.1111,4.521317
4.522007,1,0x02,0.0000,0.0556,4.518337
4.522007,2,0x03,0.3075,0.1111,4.468314
4.522007,3,0x04,0.0000,0.0556,4.520317
4.523205,0,0x01,0.0000,0.1111,4.521317
4.523205,1,0x02,0.0000,0.0556,4.522295
4.523205,2,0x03,0.3075,0.1111,4.468314
4.523205,3,0x04,0.0000,0.0556,4.520317
4.524340,0,0x01,0.0000,0.1111,4.524301
4.524340,1,0x02,0.0000,0.0556,4.522295
4.524340,2,0x03,0.3075,0.1111,4.523289
4.524340,3,0x04,0.0000,0.0556,4.520317
4.525450,0,0x01,0.0000,0.1111,4.524301
4.525450,1,0x02,0.0000,0.0000,4.525290
4.525450,2,0x03,0.3075,0.1111,4.523289
4.525450,3,0x04,0.0000,0.0556,4.520317
4.526538,0,0x01,0.0000,0.1111,4.528304
4.526538,1,0x02,0.0000,0.0000,4.525290
4.526538,2,0x03,0.6197,0.1111,4.529303
4.526538,3,0x04,0.0000,0.0556,4.531307
4.534062,0,0x01,0.0000,0.1111,4.528304
4.534062,1,0x02,0.0000,0.0000,4.525290
4.534062,2,0x03,0.6197,0.1111,4.529303
4.534062,3,0x04,0.0000,0.0556,4.531307
4.535168,0,0x01,0.0000,0.1111,4.528304
4.535168,1,0x02,0.0000,0.0000,4.525290
4.535168,2,0x03,0.6197,0.1111,4.529303
4.535168,3,0x04,0.0000,0.0556,4.531307
4.536250,0,0x01,0.0000,0.1111,4.528304
4.536250,1,0x02,0.0000,0.0000,4.525290
4.536250,2,0x03,0.9110,0.1111,4.529303
4.536250,3,0x04,0.0000,0.0556,4.531307
4.544928,0,0x01,0.0000,0.1111,4.528304
4.544928,1,0x02,0.0000,0.0000,4.525290
4.544928,2,0x03,0.9110,0.1111,4.529303
4.544928,3,0x04,0.0000,0.0556,4.531307
4.545996,0,0x01,0.0000,0.1111,4.528304
4.545996,1,0x02,0.0000,0.0000,4.525290
4.545996,2,0x03,1.2034,0.1111,4.529303
4.545996,3,0x04,0.0000,0.0556,4.531307
4.552921,0,0x01,0.0000,0.1111,4.528304
4.552921,1,0x02,0.0000,0.0000,4.525290
4.552921,2,0x03,1.2034,0.1111,4.529303
4.552921,3,0x04,0.0000,0.0556,4.531307
4.553987,0,0x01,0.0000,0.1111,4.528304
4.553987,1,0x02,0.0000,0.0000,4.525290
4.553987,2,0x03,1.2034,0.1111,4.529303
4.553987,3,0x04,0.0000,0.0556,4.531307
4.555077,0,0x01,0.0000,0.1111,4.528304
4.555077,1,0x02,0.0000,0.0000,4.525290
4.555077,2,0x03,1.2034,0.1111,4.529303
4.555077,3,0x04,0.0000,0.0556,4.531307
4.556487,0,0x01,0.0000,0.1111,4.528304
4.556487,1,0x02,0.0000,0.0000,4.525290
4.556487,2,0x03,1.5182,0.1111,4.529303
4.556487,3,0x04,0.0000,0.0556,4.531307
4.563907,0,0x01,0.0000,0.1111,4.528304
4.563907,1,0x02,0.0000,0.0000,4.525290
4.563907,2,0x03,1.5182,0.1111,4.529303
4.563907,3,0x04,0.0000,0.0556,4.531307
4.564972,0,0x01,0.0000,0.1111,4.528304
4.564972,1,0x02,0.0000,0.0000,4.525290
4.564972,2,0x03,1.5182,0.1111,4.529303
4.564972,3,0x04,0.0000,0.0556,4.531307
4.566055,0,0x01,0.0000,0.1111,4.528304
4.566055,1,0x02,0.0000,0.0000,4.525290
4.566055,2,0x03,1.8052,0.1111,4.529303
4.566055,3,0x04,0.0000,0.0556,4.531307
4.572913,0,0x01,0.0000,0.1111,4.528304
4.572913,1,0x02,0.0000,0.0000,4.525290
4.572913,2,0x03,1.8052,0.1111,4.529303
4.572913,3,0x04,0.0000,0.0556,4.531307
4.573998,0,0x01,0.0000,0.1111,4.528304
4.573998,1,0x02,0.0000,0.0000,4.525290
4.573998,2,0x03,1.8052,0.1111,4.529303
4.573998,3,0x04,0.0000,0.0556,4.531307
4.575099,0,0x01,0.0000,0.1111,4.528304
4.575099,1,0x02,0.0000,0.0000,4.525290
4.575099,2,0x03,1.8052,0.1111,4.529303
4.575099,3,0x04,0.0000,0.0556,4.531307
4.576182,0,0x01,0.0000,0.0556,4.580302
4.576182,1,0x02,0.0000,0.0000,4.581311
4.576182,2,0x03,2.1090,0.1111,4.529303
4.576182,3,0x04,0.0000,0.0000,4.582313
4.584041,0,0x01,0.0000,0.0556,4.583312
4.584041,1,0x02,0.0000,0.0000,4.581311
4.584041,2,0x03,2.1090,0.1111,4.529303
4.584041,3,0x04,0.0000,0.0000,4.582313
4.585175,0,0x01,0.0000,0.0556,4.583312
4.585175,1,0x02,0.0000,0.0556,4.584283
4.585175,2,0x03,2.1090,0.1111,4.529303
4.585175,3,0x04,0.0000,0.0000,4.582313
4.586255,0,0x01,0.0000,0.0556,4.589318
4.586255,1,0x02,0.0000,0.0000,4.587303
4.586255,2,0x03,2.4112,0.5556,4.590311
4.586255,3,0x04,0.0000,0.0556,4.591313
4.593003,0,0x01,0.0000,0.0556,4.592311
4.593003,1,0x02,0.0000,0.0000,4.587303
4.593003,2,0x03,2.4112,0.5556,4.590311
4.593003,3,0x04,0.0000,0.0556,4.591313
4.594083,0,0x01,0.0000,0.0556,4.592311
4.594083,1,0x02,0.0000,0.0000,4.587303
4.594083,2,0x03,2.4112,0.7222,4.593292
4.594083,3,0x04,0.0000,0.0556,4.591313
4.595198,0,0x01,0.0000,0.0556,4.592311
4.595198,1,0x02,0.0000,0.0000,4.587303
4.595198,2,0x03,2.4112,0.7222,4.593292
4.595198,3,0x04,0.0000,0.0556,4.591313
4.596275,0,0x01,0.0000,0.0556,4.592311
4.596275,1,0x02,0.0000,0.0000,4.587303
4.596275,2,0x03,2.7118,0.7222,4.593292
4.596275,3,0x04,0.0000,0.0556,4.591313
4.604912,0,0x01,0.0000,0.0556,4.592311
4.604912,1,0x02,0.0000,0.0000,4.587303
4.604912,2,0x03,2.7118,0.7222,4.593292
4.604912,3,0x04,0.0000,0.0556,4.604318
4.606047,0,0x01,0.0000,0.0556,4.606290
4.606047,1,0x02,0.0000,0.0000,4.587303
4.606047,2,0x03,3.0050,0.7778,4.607305
4.606047,3,0x04,0.0000,0.0556,4.608319
4.614005,0,0x01,0.0000,0.0556,4.606290
4.614005,1,0x02,0.0000,0.0000,4.587303
4.614005,2,0x03,3.0050,0.7778,4.607305
4.614005,3,0x04,0.0000,0.0556,4.608319
4.615083,0,0x01,0.0000,0.0556,4.606290
4.615083,1,0x02,0.0000,0.0000,4.587303
4.615083,2,0x03,3.0050,0.7778,4.607305
4.615083,3,0x04,0.0000,0.0556,4.608319
4.616161,0,0x01,0.0000,0.0556,4.606290
4.616161,1,0x02,0.0000,0.0000,4.587303
4.616161,2,0x03,3.3084,0.7778,4.607305
4.616161,3,0x04,0.0000,0.0556,4.608319
4.622919,0,0x01,0.0000,0.0556,4.606290
4.622919,1,0x02,0.0000,0.0000,4.587303
4.622919,2,0x03,3.3084,0.7778,4.607305
4.622919,3,0x04,0.0000,0.0556,4.608319
4.623998,0,0x01,0.0000,0.0556,4.606290
4.623998,1,0x02,0.0000,0.0000,4.587303
4.623998,2,0x03,3.3084,0.7778,4.607305
4.623998,3,0x04,0.0000,0.0556,4.608319
4.625075,0,0x01,0.0000,0.0556,4.606290
4.625075,1,0x02,0.0000,0.0000,4.587303
4.625075,2,0x03,3.3084,0.7778,4.607305
4.625075,3,0x04,0.0000,0.0556,4.608319
4.626152,0,0x01,0.0000,0.0556,4.606290
4.626152,1,0x02,0.0000,0.0000,4.587303
4.626152,2,0x03,3.6081,0.7778,4.607305
4.626152,3,0x04,0.0000,0.0556,4.608319
4.631925,0,0x01,0.0000,0.0556,4.606290
4.631925,1,0x02,0.0000,0.0000,4.587303
4.631925,2,0x03,3.6081,0.7778,4.607305
4.631925,3,0x04,0.0000,0.0556,4.608319
4.632992,0,0x01,0.0000,0.0556,4.606290
4.632992,1,0x02,0.0000,0.0000,4.587303
4.632992,2,0x03,3.6081,0.7778,4.607305
4.632992,3,0x04,0.0000,0.0556,4.608319
4.634070,0,0x01,0.0000,0.0556,4.606290
4.634070,1,0x02,0.0000,0.0000,4.587303
4.634070,2,0x03,3.6081,0.7778,4.607305
4.634070,3,0x04,0.0000,0.0556,4.608319
4.635148,0,0x01,0.0000,0.0556,4.606290
4.635148,1,0x02,0.0000,0.0000,4.587303
4.635148,2,0x03,3.6081,0.7778,4.607305
4.635148,3,0x04,0.0000,0.0556,4.608319
4.636237,0,0x01,0.0000,0.0556,4.606290
4.636237,1,0x02,0.0000,0.0000,4.587303
4.636237,2,0x03,3.9107,0.7778,4.607305
4.636237,3,0x04,0.0000,0.0556,4.608319
4.643934,0,0x01,0.0000,0.0556,4.606290
4.643934,1,0x02,0.0000,0.0000,4.587303
4.643934,2,0x03,3.9107,0.7778,4.607305
4.643934,3,0x04,0.0000,0.0556,4.608319
4.645015,0,0x01,0.0000,0.1111,4.644311
4.645015,1,0x02,0.0000,0.0000,4.587303
4.645015,2,0x03,3.9107,0.7778,4.607305
4.645015,3,0x04,0.0000,0.0556,4.608319
4.646135,0,0x01,0.0000,0.0556,4.651313
4.646135,1,0x02,0.0000,0.0000,4.649318
4.646135,2,0x03,4.2076,2.7778,4.646287
4.646135,3,0x04,0.0000,0.0556,4.650309
4.652979,0,0x01,0.0000,0.0556,4.651313
4.652979,1,0x02,0.0000,0.0000,4.649318
4.652979,2,0x03,4.2076,3.0556,4.652307
4.652979,3,0x04,0.0000,0.0556,4.650309
4.654056,0,0x01,0.0000,0.0556,4.651313
4.654056,1,0x02,0.0000,0.0000,4.649318
4.654056,2,0x03,4.2076,3.0556,4.652307
4.654056,3,0x04,0.0000,0.0556,4.653298
4.655170,0,0x01,0.0000,0.1111,4.654311
4.655170,1,0x02,0.0000,0.0000,4.649318
4.655170,2,0x03,4.2076,3.0556,4.652307
4.655170,3,0x04,0.0000,0.0556,4.653298
4.656302,0,0x01,0.0000,0.1111,4.654311
4.656302,1,0x02,0.0000,0.0000,4.649318
4.656302,2,0x03,4.5126,3.0556,4.655293
4.656302,3,0x04,0.0000,0.0556,4.653298
4.664958,0,0x01,0.0000,0.1111,4.654311
4.664958,1,0x02,0.0000,0.0000,4.649318
4.664958,2,0x03,4.5126,3.0556,4.655293
4.664958,3,0x04,0.0000,0.0556,4.653298
4.666036,0,0x01,0.0000,0.1111,4.654311
4.666036,1,0x02,0.0000,0.0000,4.649318
4.666036,2,0x03,4.8046,3.0556,4.655293
4.666036,3,0x04,0.0000,0.0556,4.653298
4.673933,0,0x01,0.0000,0.1111,4.654311
4.673933,1,0x02,0.0000,0.0000,4.649318
4.673933,2,0x03,4.8046,3.0556,4.655293
4.673933,3,0x04,0.0000,0.0556,4.653298
4.675012,0,0x01,0.0000,0.1111,4.654311
4.675012,1,0x02,0.0000,0.0000,4.649318
4.675012,2,0x03,4.8046,3.0556,4.655293
4.675012,3,0x04,0.0000,0.0556,4.653298
4.676088,0,0x01,0.0000,0.1111,4.654311
4.676088,1,0x02,0.0000,0.0000,4.649318
4.676088,2,0x03,5.1062,3.0556,4.655293
4.676088,3,0x04,0.0000,0.0556,4.653298
4.682924,0,0x01,0.0000,0.1111,4.654311
4.682924,1,0x02,0.0000,0.0000,4.649318
4.682924,2,0x03,5.1062,3.0556,4.655293
4.682924,3,0x04,0.0000,0.0556,4.653298
4.684003,0,0x01,0.0000,0.1111,4.654311
4.684003,1,0x02,0.0000,0.0000,4.649318
4.684003,2,0x03,5.1062,3.0556,4.655293
4.684003,3,0x04,0.0000,0.0556,4.653298
4.685082,0,0x01,0.0000,0.1111,4.654311
4.685082,1,0x02,0.0000,0.0000,4.649318
4.685082,2,0x03,5.1062,3.0556,4.655293
4.685082,3,0x04,0.0000,0.0556,4.653298
4.686165,0,0x01,0.0000,0.1111,4.654311
4.686165,1,0x02,0.0000,0.0000,4.649318
4.686165,2,0x03,5.4085,3.0556,4.655293
4.686165,3,0x04,0.0000,0.0556,4.653298
4.693954,0,0x01,0.0000,0.1111,4.654311
4.693954,1,0x02,0.0000,0.0000,4.649318
4.693954,2,0x03,5.4085,3.0556,4.655293
4.693954,3,0x04,0.0000,0.0556,4.653298
4.695046,0,0x01,0.0000,0.1111,4.654311
4.695046,1,0x02,0.0000,0.0000,4.649318
4.695046,2,0x03,5.4085,3.0556,4.655293
4.695046,3,0x04,0.0000,0.0556,4.653298
4.696125,0,0x01,0.0000,0.1111,4.654311
4.696125,1,0x02,0.0000,0.0000,4.649318
4.696125,2,0x03,5.7073,3.0556,4.655293
4.696125,3,0x04,0.0000,0.0556,4.653298
4.702920,0,0x01,0.0000,0.1111,4.654311
4.702920,1,0x02,0.0000,0.0000,4.649318
4.702920,2,0x03,5.7073,3.0556,4.655293
4.702920,3,0x04,0.0000,0.0556,4.653298
4.704003,0,0x01,0.0000,0.1111,4.654311
4.704003,1,0x02,0.0000,0.0556,4.703310
4.704003,2,0x03,5.7073,3.0556,4.655293
4.704003,3,0x04,0.0000,0.0556,4.653298
4.705140,0,0x01,0.0000,0.1111,4.654311
4.705140,1,0x02,0.0000,0.0556,4.703310
4.705140,2,0x03,5.7073,4.2222,4.704293
4.705140,3,0x04,0.0000,0.0556,4.653298
4.706360,0,0x01,0.0000,0.1111,4.712308
4.706360,1,0x02,0.0000,0.0000,4.709309
4.706360,2,0x03,6.0144,4.5556,4.710329
4.706360,3,0x04,0.0000,0.0556,4.711309
4.714003,0,0x01,0.0000,0.1111,4.712308
4.714003,1,0x02,0.0000,0.0000,4.709309
4.714003,2,0x03,6.0144,4.6111,4.713316
4.714003,3,0x04,0.0000,0.0556,4.711309
4.715102,0,0x01,0.0000,0.1111,4.712308
4.715102,1,0x02,0.0000,0.0000,4.709309
4.715102,2,0x03,6.0144,4.6111,4.713316
4.715102,3,0x04,0.0000,0.0556,4.714281
4.716203,0,0x01,0.0000,0.1111,4.715297
4.716203,1,0x02,0.0000,0.0000,4.716286
4.716203,2,0x03,6.3096,4.6111,4.713316
4.716203,3,0x04,0.0000,0.0556,4.717308
4.727002,0,0x01,0.0000,0.1111,4.728329
4.727002,1,0x02,0.0000,0.0000,4.716286
4.727002,2,0x03,6.6336,4.6111,4.713316
4.727002,3,0x04,0.0000,0.0556,4.717308
4.732949,0,0x01,0.0000,0.1111,4.728329
4.732949,1,0x02,0.0000,0.0000,4.716286
4.732949,2,0x03,6.6336,4.6111,4.713316
4.732949,3,0x04,0.0000,0.0556,4.717308
4.734030,0,0x01,0.0000,0.1111,4.728329
4.734030,1,0x02,0.0000,0.0000,4.716286
4.734030,2,0x03,6.6336,4.6111,4.713316
4.734030,3,0x04,0.0000,0.0556,4.717308
4.735108,0,0x01,0.0000,0.1111,4.728329
4.735108,1,0x02,0.0000,0.0000,4.716286
4.735108,2,0x03,6.6336,4.6111,4.713316
4.735108,3,0x04,0.0000,0.0556,4.717308
4.736189,0,0x01,0.0000,0.1111,4.728329
4.736189,1,0x02,0.0000,0.0000,4.716286
4.736189,2,0x03,6.9092,4.6111,4.713316
4.736189,3,0x04,0.0000,0.0556,4.717308
4.743935,0,0x01,0.0000,0.1111,4.728329
4.743935,1,0x02,0.0000,0.0000,4.716286
4.743935,2,0x03,6.9092,4.6111,4.713316
4.743935,3,0x04,0.0000,0.0556,4.717308
4.745027,0,0x01,0.0000,0.1111,4.728329
4.745027,1,0x02,0.0000,0.0000,4.716286
4.745027,2,0x03,6.9092,4.6111,4.713316
4.745027,3,0x04,0.0000,0.0556,4.717308
4.746107,0,0x01,0.0000,0.1111,4.728329
4.746107,1,0x02,0.0000,0.0000,4.716286
4.746107,2,0x03,7.2067,4.6111,4.713316
4.746107,3,0x04,0.0000,0.0556,4.717308
4.752906,0,0x01,0.0000,0.1111,4.728329
4.752906,1,0x02,0.0000,0.0000,4.716286
4.752906,2,0x03,7.2067,4.6111,4.713316
4.752906,3,0x04,0.0000,0.0556,4.717308
4.753987,0,0x01,0.0000,0.1111,4.728329
4.753987,1,0x02,0.0000,0.0000,4.716286
4.753987,2,0x03,7.2067,4.6111,4.713316
4.753987,3,0x04,0.0000,0.0556,4.717308
4.755086,0,0x01,0.0000,0.1111,4.728329
4.755086,1,0x02,0.0000,0.0000,4.716286
4.755086,2,0x03,7.2067,4.6111,4.713316
4.755086,3,0x04,0.0000,0.0556,4.717308
4.756186,0,0x01,0.0000,0.1111,4.728329
4.756186,1,0x02,0.0000,0.0000,4.716286
4.756186,2,0x03,7.5091,4.6111,4.713316
4.756186,3,0x04,0.0000,0.0556,4.717308
4.763928,0,0x01,0.0000,0.1111,4.728329
4.763928,1,0x02,0.0000,0.0000,4.716286
4.763928,2,0x03,7.5091,4.6111,4.713316
4.763928,3,0x04,0.0000,0.0556,4.717308
4.765005,0,0x01,0.0000,0.1111,4.728329
4.765005,1,0x02,0.0000,0.0000,4.716286
4.765005,2,0x03,7.5091,4.6111,4.713316
4.765005,3,0x04,0.0000,0.0556,4.717308
4.766084,0,0x01,0.0000,0.1111,4.769315
4.766084,1,0x02,0.0000,0.0000,4.770317
4.766084,2,0x03,7.8060,5.8333,4.771373
4.766084,3,0x04,0.0000,0.0556,4.765314
4.773035,0,0x01,0.0000,0.1111,4.769315
4.773035,1,0x02,0.0000,0.0000,4.770317
4.773035,2,0x03,7.8060,5.8333,4.771373
4.773035,3,0x04,0.0000,0.0556,4.772309
4.774198,0,0x01,0.0000,0.0556,4.773282
4.774198,1,0x02,0.0000,0.0000,4.770317
4.774198,2,0x03,7.8060,5.8333,4.771373
4.774198,3,0x04,0.0000,0.0556,4.772309
4.775294,0,0x01,0.0000,0.0556,4.773282
4.775294,1,0x02,0.0000,0.0556,4.774283
4.775294,2,0x03,7.8060,5.8333,4.771373
4.775294,3,0x04,0.0000,0.0556,4.772309
4.776390,0,0x01,0.0000,0.0556,4.779311
4.776390,1,0x02,0.0000,0.0556,4.777300
4.776390,2,0x03,7.8848,5.8333,4.771373
4.776390,3,0x04,0.0000,0.0556,4.778313
4.785020,0,0x01,0.0000,0.0556,4.779311
4.785020,1,0x02,0.0000,0.0556,4.777300
4.785020,2,0x03,7.8848,5.8333,4.771373
4.785020,3,0x04,0.0000,0.0556,4.778313
4.786122,0,0x01,0.0000,0.0556,4.779311
4.786122,1,0x02,0.0000,0.0556,4.777300
4.786122,2,0x03,7.5928,5.8333,4.771373
4.786122,3,0x04,0.0000,0.0556,4.778313
4.793937,0,0x01,0.0000,0.0556,4.779311
4.793937,1,0x02,0.0000,0.0556,4.777300
4.793937,2,0x03,7.5928,5.8333,4.771373
4.793937,3,0x04,0.0000,0.0556,4.778313
4.795021,0,0x01,0.0000,0.0556,4.779311
4.795021,1,0x02,0.0000,0.0556,4.777300
4.795021,2,0x03,7.5928,5.8333,4.771373
4.795021,3,0x04,0.0000,0.0556,4.778313
4.796099,0,0x01,0.0000,0.0556,4.779311
4.796099,1,0x02,0.0000,0.0556,4.777300
4.796099,2,0x03,7.2935,5.8333,4.771373
4.796099,3,0x04,0.0000,0.0556,4.778313
4.802918,0,0x01,0.0000,0.0556,4.779311
4.802918,1,0x02,0.0000,0.0556,4.777300
4.802918,2,0x03,7.2935,5.8333,4.771373
4.802918,3,0x04,0.0000,0.0556,4.778313
4.803998,0,0x01,0.0000,0.0556,4.779311
4.803998,1,0x02,0.0000,0.0556,4.777300
4.803998,2,0x03,7.2935,5.8333,4.771373
4.803998,3,0x04,0.0000,0.0556,4.778313
4.805092,0,0x01,0.0000,0.0556,4.779311
4.805092,1,0x02,0.0000,0.0556,4.777300
4.805092,2,0x03,7.2935,5.8333,4.771373
4.805092,3,0x04,0.0000,0.0556,4.778313
4.806180,0,0x01,0.0000,0.0556,4.779311
4.806180,1,0x02,0.0000,0.0556,4.777300
4.806180,2,0x03,6.9911,5.8333,4.771373
4.806180,3,0x04,0.0000,0.0556,4.778313
4.813925,0,0x01,0.0000,0.0556,4.779311
4.813925,1,0x02,0.0000,0.0556,4.777300
4.813925,2,0x03,6.9911,5.8333,4.771373
4.813925,3,0x04,0.0000,0.0556,4.778313
4.814991,0,0x01,0.0000,0.0556,4.779311
4.814991,1,0x02,0.0000,0.0556,4.777300
4.814991,2,0x03,6.9911,5.8333,4.771373
4.814991,3,0x04,0.0000,0.0556,4.778313
4.816073,0,0x01,0.0000,0.0556,4.779311
4.816073,1,0x02,0.0000,0.0556,4.777300
4.816073,2,0x03,6.6943,5.8333,4.771373
4.816073,3,0x04,0.0000,0.0556,4.778313
4.822943,0,0x01,0.0000,0.0556,4.779311
4.822943,1,0x02,0.0000,0.0556,4.777300
4.822943,2,0x03,6.6943,5.8333,4.771373
4.822943,3,0x04,0.0000,0.0556,4.778313
4.824042,0,0x01,0.0000,0.0556,4.779311
4.824042,1,0x02,0.0000,0.0556,4.777300
4.824042,2,0x03,6.6943,5.8333,4.771373
4.824042,3,0x04,0.0000,0.0556,4.778313
4.825122,0,0x01,0.0000,0.0556,4.779311
4.825122,1,0x02,0.0000,0.0556,4.777300
4.825122,2,0x03,6.6943,5.8333,4.771373
4.825122,3,0x04,0.0000,0.0556,4.778313
4.826202,0,0x01,0.0000,0.0556,4.827310
4.826202,1,0x02,0.0000,0.0000,4.831318
4.826202,2,0x03,6.3904,8.0000,4.832314
4.826202,3,0x04,0.0000,0.0556,4.830314
4.834149,0,0x01,0.0000,0.1111,4.833304
4.834149,1,0x02,0.0000,0.0000,4.831318
4.834149,2,0x03,6.3904,8.0000,4.832314
4.834149,3,0x04,0.0000,0.0556,4.830314
4.835265,0,0x01,0.0000,0.1111,4.833304
4.835265,1,0x02,0.0000,0.0556,4.834295
4.835265,2,0x03,6.3904,8.0000,4.832314
4.835265,3,0x04,0.0000,0.0556,4.830314
4.836366,0,0x01,0.0000,0.1111,4.840313
4.836366,1,0x02,0.0000,0.0000,4.838311
4.836366,2,0x03,6.0855,7.8889,4.841315
4.836366,3,0x04,0.0000,0.0556,4.839340
4.843041,0,0x01,0.0000,0.1111,4.840313
4.843041,1,0x02,0.0000,0.0000,4.838311
4.843041,2,0x03,6.0855,7.8889,4.841315
4.843041,3,0x04,0.0000,0.0556,4.839340
4.844119,0,0x01,0.0000,0.1111,4.840313
4.844119,1,0x02,0.0000,0.0000,4.838311
4.844119,2,0x03,6.0855,7.8889,4.841315
4.844119,3,0x04,0.0000,0.0556,4.839340
4.845184,0,0x01,0.0000,0.1111,4.840313
4.845184,1,0x02,0.0000,0.0000,4.838311
4.845184,2,0x03,6.0855,7.8889,4.841315
4.845184,3,0x04,0.0000,0.0556,4.839340
4.846261,0,0x01,0.0000,0.1111,4.840313
4.846261,1,0x02,0.0000,0.0000,4.838311
4.846261,2,0x03,5.7886,7.8889,4.841315
4.846261,3,0x04,0.0000,0.0556,4.839340
4.853928,0,0x01,0.0000,0.1111,4.840313
4.853928,1,0x02,0.0000,0.0000,4.838311
4.853928,2,0x03,5.7886,7.8889,4.841315
4.853928,3,0x04,0.0000,0.0556,4.839340
4.855008,0,0x01,0.0000,0.1111,4.840313
4.855008,1,0x02,0.0000,0.0000,4.838311
4.855008,2,0x03,5.7886,7.8889,4.841315
4.855008,3,0x04,0.0000,0.0556,4.839340
4.856091,0,0x01,0.0000,0.1111,4.840313
4.856091,1,0x02,0.0000,0.0000,4.838311
4.856091,2,0x03,5.4937,7.8889,4.841315
4.856091,3,0x04,0.0000,0.0556,4.839340
4.862923,0,0x01,0.0000,0.1111,4.840313
4.862923,1,0x02,0.0000,0.0000,4.838311
4.862923,2,0x03,5.4937,7.8889,4.841315
4.862923,3,0x04,0.0000,0.0556,4.839340
4.864002,0,0x01,0.0000,0.1111,4.840313
4.864002,1,0x02,0.0000,0.0000,4.838311
4.864002,2,0x03,5.4937,7.8889,4.841315
4.864002,3,0x04,0.0000,0.0556,4.839340
4.865094,0,0x01,0.0000,0.1111,4.840313
4.865094,1,0x02,0.0000,0.0000,4.838311
4.865094,2,0x03,5.4937,7.8889,4.841315
4.865094,3,0x04,0.0000,0.0556,4.839340
4.866177,0,0x01,0.0000,0.1111,4.840313
4.866177,1,0x02,0.0000,0.0000,4.838311
4.866177,2,0x03,5.1911,7.8889,4.841315
4.866177,3,0x04,0.0000,0.0556,4.839340
4.873941,0,0x01,0.0000,0.1111,4.840313
4.873941,1,0x02,0.0000,0.0000,4.838311
4.873941,2,0x03,5.1911,7.8889,4.841315
4.873941,3,0x04,0.0000,0.0556,4.839340
4.875022,0,0x01,0.0000,0.1111,4.840313
4.875022,1,0x02,0.0000,0.0000,4.838311
4.875022,2,0x03,5.1911,7.8889,4.841315
4.875022,3,0x04,0.0000,0.0556,4.839340
4.876103,0,0x01,0.0000,0.0556,4.881327
4.876103,1,0x02,0.0000,0.0000,4.838311
4.876103,2,0x03,4.8934,6.5000,4.879319
4.876103,3,0x04,0.0000,0.0556,4.880314
4.883100,0,0x01,0.0000,0.0556,4.881327
4.883100,1,0x02,0.0000,0.0556,4.882316
4.883100,2,0x03,4.8934,6.5000,4.879319
4.883100,3,0x04,0.0000,0.0556,4.880314
4.884213,0,0x01,0.0000,0.0556,4.881327
4.884213,1,0x02,0.0000,0.0556,4.882316
4.884213,2,0x03,4.8934,6.3889,4.883294
4.884213,3,0x04,0.0000,0.0556,4.880314
4.885351,0,0x01,0.0000,0.0556,4.881327
4.885351,1,0x02,0.0000,0.0556,4.882316
4.885351,2,0x03,4.8934,6.3889,4.883294
4.885351,3,0x04,0.0000,0.0000,4.884492
4.886486,0,0x01,0.0000,0.0556,4.887595
4.886486,1,0x02,0.0000,0.0556,4.888414
4.886486,2,0x03,4.5819,6.4444,4.889392
4.886486,3,0x04,0.0000,0.0000,4.884492
4.894032,0,0x01,0.0000,0.0556,4.887595
4.894032,1,0x02,0.0000,0.0556,4.888414
4.894032,2,0x03,4.5819,6.4444,4.889392
4.894032,3,0x04,0.0000,0.0000,4.884492
4.895108,0,0x01,0.0000,0.0556,4.887595
4.895108,1,0x02,0.0000,0.0556,4.888414
4.895108,2,0x03,4.5819,6.4444,4.889392
4.895108,3,0x04,0.0000,0.0000,4.884492
4.896172,0,0x01,0.0000,0.0556,4.887595
4.896172,1,0x02,0.0000,0.0556,4.902365
4.896172,2,0x03,4.2913,6.4444,4.889392
4.896172,3,0x04,0.0000,0.0556,4.900361
4.904144,0,0x01,0.0000,0.0556,4.887595
4.904144,1,0x02,0.0000,0.0556,4.902365
4.904144,2,0x03,4.2913,5.8889,4.903407
4.904144,3,0x04,0.0000,0.0556,4.900361
4.905263,0,0x01,0.0000,0.0556,4.887595
4.905263,1,0x02,0.0000,0.0556,4.902365
4.905263,2,0x03,4.2913,5.8889,4.903407
4.905263,3,0x04,0.0000,0.0556,4.904534
4.906457,0,0x01,0.0000,0.0556,4.905499
4.906457,1,0x02,0.0000,0.0000,4.906363
4.906457,2,0x03,3.9827,5.8333,4.909321
4.906457,3,0x04,0.0000,0.0556,4.912317
4.913981,0,0x01,0.0000,0.0556,4.905499
4.913981,1,0x02,0.0000,0.0000,4.906363
4.913981,2,0x03,3.9827,5.8333,4.909321
4.913981,3,0x04,0.0000,0.0556,4.912317
4.915062,0,0x01,0.0000,0.0556,4.905499
4.915062,1,0x02,0.0000,0.0000,4.906363
4.915062,2,0x03,3.9827,5.8333,4.909321
4.915062,3,0x04,0.0000,0.0556,4.912317
4.916139,0,0x01,0.0000,0.1111,4.915296
4.916139,1,0x02,0.0000,0.0556,4.917320
4.916139,2,0x03,3.6923,5.1667,4.921327
4.916139,3,0x04,0.0000,0.0556,4.912317
4.923008,0,0x01,0.0000,0.1111,4.915296
4.923008,1,0x02,0.0000,0.0556,4.917320
4.923008,2,0x03,3.6923,5.1667,4.921327
4.923008,3,0x04,0.0000,0.0556,4.912317
4.924090,0,0x01,0.0000,0.1111,4.915296
4.924090,1,0x02,0.0000,0.0556,4.917320
4.924090,2,0x03,3.6923,5.1667,4.921327
4.924090,3,0x04,0.0000,0.0556,4.912317
4.925170,0,0x01,0.0000,0.1111,4.915296
4.925170,1,0x02,0.0000,0.0556,4.917320
4.925170,2,0x03,3.6923,5.1667,4.921327
4.925170,3,0x04,0.0000,0.0556,4.924302
4.926274,0,0x01,0.0000,0.0556,4.927299
4.926274,1,0x02,0.0000,0.0000,4.929310
4.926274,2,0x03,3.3882,5.1667,4.921327
4.926274,3,0x04,0.0000,0.0556,4.924302
4.933952,0,0x01,0.0000,0.0556,4.927299
4.933952,1,0x02,0.0000,0.0000,4.929310
4.933952,2,0x03,3.3882,4.7222,4.933317
4.933952,3,0x04,0.0000,0.0556,4.924302
4.935050,0,0x01,0.0000,0.0556,4.927299
4.935050,1,0x02,0.0000,0.0000,4.929310
4.935050,2,0x03,3.3882,4.7222,4.933317
4.935050,3,0x04,0.0000,0.0556,4.924302
4.936129,0,0x01,0.0000,0.0556,4.927299
4.936129,1,0x02,0.0000,0.0000,4.929310
4.936129,2,0x03,3.0926,4.7222,4.933317
4.936129,3,0x04,0.0000,0.0556,4.935301
4.942981,0,0x01,0.0000,0.0556,4.927299
4.942981,1,0x02,0.0000,0.0000,4.929310
4.942981,2,0x03,3.0926,4.7222,4.933317
4.942981,3,0x04,0.0000,0.0556,4.935301
4.944061,0,0x01,0.0000,0.0556,4.927299
4.944061,1,0x02,0.0000,0.0000,4.929310
4.944061,2,0x03,3.0926,4.7222,4.933317
4.944061,3,0x04,0.0000,0.0556,4.935301
4.945139,0,0x01,0.0000,0.0556,4.927299
4.945139,1,0x02,0.0000,0.0000,4.929310
4.945139,2,0x03,3.0926,4.7222,4.933317
4.945139,3,0x04,0.0000,0.0556,4.935301
4.946220,0,0x01,0.0000,0.0556,4.927299
4.946220,1,0x02,0.0000,0.0000,4.929310
4.946220,2,0x03,2.7899,4.7222,4.933317
4.946220,3,0x04,0.0000,0.0556,4.935301
4.953942,0,0x01,0.0000,0.0556,4.927299
4.953942,1,0x02,0.0000,0.0000,4.929310
4.953942,2,0x03,2.7899,4.7222,4.933317
4.953942,3,0x04,0.0000,0.0556,4.935301
4.955023,0,0x01,0.0000,0.0556,4.927299
4.955023,1,0x02,0.0000,0.0000,4.929310
4.955023,2,0x03,2.7899,4.7222,4.933317
4.955023,3,0x04,0.0000,0.0556,4.935301
4.956110,0,0x01,0.0000,0.0556,4.927299
4.956110,1,0x02,0.0000,0.0000,4.929310
4.956110,2,0x03,2.4931,4.7222,4.933317
4.956110,3,0x04,0.0000,0.0556,4.935301
4.962930,0,0x01,0.0000,0.0556,4.927299
4.962930,1,0x02,0.0000,0.0000,4.929310
4.962930,2,0x03,2.4931,4.7222,4.933317
4.962930,3,0x04,0.0000,0.0556,4.935301
4.964009,0,0x01,0.0000,0.0556,4.927299
4.964009,1,0x02,0.0000,0.0000,4.929310
4.964009,2,0x03,2.4931,4.7222,4.933317
4.964009,3,0x04,0.0000,0.0556,4.935301
4.965087,0,0x01,0.0000,0.0556,4.927299
4.965087,1,0x02,0.0000,0.0000,4.929310
4.965087,2,0x03,2.4931,4.7222,4.933317
4.965087,3,0x04,0.0000,0.0556,4.935301
4.966166,0,0x01,0.0000,0.0556,4.927299
4.966166,1,0x02,0.0000,0.0000,4.929310
4.966166,2,0x03,2.1915,4.7222,4.933317
4.966166,3,0x04,0.0000,0.0556,4.935301
4.973954,0,0x01,0.0000,0.0556,4.927299
4.973954,1,0x02,0.0000,0.0000,4.929310
4.973954,2,0x03,2.1915,4.7222,4.933317
4.973954,3,0x04,0.0000,0.0556,4.935301
4.975034,0,0x01,0.0000,0.0556,4.927299
4.975034,1,0x02,0.0000,0.0556,4.974310
4.975034,2,0x03,2.1915,4.7222,4.933317
4.975034,3,0x04,0.0000,0.0556,4.935301
4.976163,0,0x01,0.0000,0.1111,4.979315
4.976163,1,0x02,0.0000,0.0556,4.980329
4.976163,2,0x03,1.8916,3.6667,4.981315
4.976163,3,0x04,0.0000,0.0000,4.982315
4.984156,0,0x01,0.0000,0.0556,4.983300
4.984156,1,0x02,0.0000,0.0556,4.980329
4.984156,2,0x03,1.8916,3.6667,4.981315
4.984156,3,0x04,0.0000,0.0000,4.982315
4.985263,0,0x01,0.0000,0.0556,4.983300
4.985263,1,0x02,0.0000,0.0556,4.980329
4.985263,2,0x03,1.8916,3.5000,4.984307
4.985263,3,0x04,0.0000,0.0000,4.982315
4.986374,0,0x01,0.0000,0.0556,4.983300
4.986374,1,0x02,0.0000,0.0556,4.980329
4.986374,2,0x03,1.5852,3.5000,4.984307
4.986374,3,0x04,0.0000,0.0000,4.985329
4.994008,0,0x01,0.0000,0.0556,4.983300
4.994008,1,0x02,0.0000,0.0556,4.980329
4.994008,2,0x03,1.5852,3.5000,4.984307
4.994008,3,0x04,0.0000,0.0000,4.985329
4.995087,0,0x01,0.0000,0.0556,4.983300
4.995087,1,0x02,0.0000,0.0556,4.980329
4.995087,2,0x03,1.5852,3.5000,4.984307
4.995087,3,0x04,0.0000,0.0000,4.985329
4.996165,0,0x01,0.0000,0.0556,4.983300
4.996165,1,0x02,0.0000,0.0556,4.980329
4.996165,2,0x03,1.2915,3.5000,4.984307
4.996165,3,0x04,0.0000,0.0000,4.985329
5.002896,0,0x01,0.0000,0.0556,4.983300
5.002896,1,0x02,0.0000,0.0556,4.980329
5.002896,2,0x03,1.2915,3.5000,4.984307
5.002896,3,0x04,0.0000,0.0000,4.985329
5.003963,0,0x01,0.0000,0.0556,4.983300
5.003963,1,0x02,0.0000,0.0556,4.980329
5.003963,2,0x03,1.2915,3.5000,4.984307
5.003963,3,0x04,0.0000,0.0000,4.985329
5.005041,0,0x01,0.0000,0.0556,4.983300
5.005041,1,0x02,0.0000,0.0556,4.980329
5.005041,2,0x03,1.2915,3.5000,4.984307
5.005041,3,0x04,0.0000,0.0000,4.985329
5.006132,0,0x01,0.0000,0.0556,4.983300
5.006132,1,0x02,0.0000,0.0556,4.980329
5.006132,2,0x03,0.9925,3.5000,4.984307
5.006132,3,0x04,0.0000,0.0000,4.985329
5.011913,0,0x01,0.0000,0.0556,4.983300
5.011913,1,0x02,0.0000,0.0556,4.980329
5.011913,2,0x03,0.9925,3.5000,4.984307
5.011913,3,0x04,0.0000,0.0000,4.985329
5.012990,0,0x01,0.0000,0.0556,4.983300
5.012990,1,0x02,0.0000,0.0556,4.980329
5.012990,2,0x03,0.9925,3.5000,4.984307
5.012990,3,0x04,0.0000,0.0000,4.985329
5.014067,0,0x01,0.0000,0.0556,4.983300
5.014067,1,0x02,0.0000,0.0556,4.980329
5.014067,2,0x03,0.9925,3.5000,4.984307
5.014067,3,0x04,0.0000,0.0000,4.985329
5.015144,0,0x01,0.0000,0.0556,4.983300
5.015144,1,0x02,0.0000,0.0556,4.980329
5.015144,2,0x03,0.9925,3.5000,4.984307
5.015144,3,0x04,0.0000,0.0000,4.985329
5.016223,0,0x01,0.0000,0.0556,4.983300
5.016223,1,0x02,0.0000,0.0000,5.021325
5.016223,2,0x03,0.6898,2.1111,5.022324
5.016223,3,0x04,0.0000,0.0000,4.985329
5.023998,0,0x01,0.0000,0.0556,4.983300
5.023998,1,0x02,0.0000,0.0000,5.021325
5.023998,2,0x03,0.6898,2.1111,5.022324
5.023998,3,0x04,0.0000,0.0000,5.023307
5.025102,0,0x01,0.0000,0.0556,4.983300
5.025102,1,0x02,0.0000,0.0000,5.021325
5.025102,2,0x03,0.6898,2.1111,5.022324
5.025102,3,0x04,0.0000,0.0000,5.023307
5.026179,0,0x01,0.0000,0.1111,5.030318
5.026179,1,0x02,0.0000,0.0556,5.031303
5.026179,2,0x03,0.3911,1.9444,5.026303
5.026179,3,0x04,0.0000,0.0556,5.029316
5.033082,0,0x01,0.0000,0.1111,5.030318
5.033082,1,0x02,0.0000,0.0556,5.031303
5.033082,2,0x03,0.3911,1.9444,5.026303
5.033082,3,0x04,0.0000,0.0000,5.032306
5.034187,0,0x01,0.0000,0.1111,5.030318
5.034187,1,0x02,0.0000,0.0556,5.031303
5.034187,2,0x03,0.3911,1.9444,5.026303
5.034187,3,0x04,0.0000,0.0000,5.032306
5.035264,0,0x01,0.0000,0.1111,5.030318
5.035264,1,0x02,0.0000,0.0556,5.031303
5.035264,2,0x03,0.3911,1.9444,5.026303
5.035264,3,0x04,0.0000,0.0000,5.032306
5.036345,0,0x01,0.0000,0.1111,5.030318
5.036345,1,0x02,0.0000,0.0556,5.031303
5.036345,2,0x03,0.0861,1.9444,5.026303
5.036345,3,0x04,0.0000,0.0000,5.032306
5.043925,0,0x01,0.0000,0.1111,5.030318
5.043925,1,0x02,0.0000,0.0556,5.031303
5.043925,2,0x03,0.0861,1.9444,5.026303
5.043925,3,0x04,0.0000,0.0000,5.032306
5.044992,0,0x01,0.0000,0.1111,5.030318
5.044992,1,0x02,0.0000,0.0556,5.031303
5.044992,2,0x03,0.0861,1.9444,5.026303
5.044992,3,0x04,0.0000,0.0000,5.032306
5.046070,0,0x01,0.0000,0.1111,5.030318
5.046070,1,0x02,0.0000,0.0556,5.031303
5.046070,2,0x03,-0.2057,1.9444,5.026303
5.046070,3,0x04,0.0000,0.0000,5.032306
5.052903,0,0x01,0.0000,0.1111,5.030318
5.052903,1,0x02,0.0000,0.0556,5.031303
5.052903,2,0x03,-0.2057,1.9444,5.026303
5.052903,3,0x04,0.0000,0.0000,5.032306
5.053976,0,0x01,0.0000,0.1111,5.030318
5.053976,1,0x02,0.0000,0.0556,5.031303
5.053976,2,0x03,-0.2057,1.9444,5.026303
5.053976,3,0x04,0.0000,0.0000,5.032306
5.055055,0,0x01,0.0000,0.1111,5.030318
5.055055,1,0x02,0.0000,0.0556,5.031303
5.055055,2,0x03,-0.2057,1.9444,5.026303
5.055055,3,0x04,0.0000,0.0000,5.032306
5.056138,0,0x01,0.0000,0.1111,5.030318
5.056138,1,0x02,0.0000,0.0556,5.031303
5.056138,2,0x03,-0.5077,1.9444,5.026303
5.056138,3,0x04,0.0000,0.0000,5.032306
5.061892,0,0x01,0.0000,0.1111,5.030318
5.061892,1,0x02,0.0000,0.0556,5.031303
5.061892,2,0x03,-0.5077,1.9444,5.026303
5.061892,3,0x04,0.0000,0.0000,5.032306
5.062954,0,0x01,0.0000,0.1111,5.030318
5.062954,1,0x02,0.0000,0.0556,5.031303
5.062954,2,0x03,-0.5077,1.9444,5.026303
5.062954,3,0x04,0.0000,0.0000,5.032306
5.064019,0,0x01,0.0000,0.1111,5.030318
5.064019,1,0x02,0.0000,0.0556,5.031303
5.064019,2,0x03,-0.5077,1.9444,5.026303
5.064019,3,0x04,0.0000,0.0000,5.032306
5.065096,0,0x01,0.0000,0.1111,5.030318
5.065096,1,0x02,0.0000,0.0556,5.031303
5.065096,2,0x03,-0.5077,1.9444,5.026303
5.065096,3,0x04,0.0000,0.0000,5.032306
5.066176,0,0x01,0.0000,0.0556,5.072308
5.066176,1,0x02,0.0000,0.0000,5.069324
5.066176,2,0x03,-0.8088,0.7778,5.070323
5.066176,3,0x04,0.0000,0.0556,5.071315
5.074057,0,0x01,0.0000,0.0556,5.072308
5.074057,1,0x02,0.0000,0.0000,5.069324
5.074057,2,0x03,-0.8088,0.7222,5.073315
5.074057,3,0x04,0.0000,0.0556,5.071315
5.075175,0,0x01,0.0000,0.1111,5.074295
5.075175,1,0x02,0.0000,0.0000,5.069324
5.075175,2,0x03,-0.8088,0.7222,5.073315
5.075175,3,0x04,0.0000,0.0556,5.071315
5.076263,0,0x01,0.0000,0.1111,5.074295
5.076263,1,0x02,0.0000,0.0000,5.079315
5.076263,2,0x03,-1.1114,0.5556,5.080315
5.076263,3,0x04,0.0000,0.0556,5.071315
5.083003,0,0x01,0.0000,0.1111,5.074295
5.083003,1,0x02,0.0000,0.0000,5.079315
5.083003,2,0x03,-1.1114,0.5556,5.080315
5.083003,3,0x04,0.0000,0.0556,5.071315
5.084073,0,0x01,0.0000,0.1111,5.074295
5.084073,1,0x02,0.0000,0.0000,5.079315
5.084073,2,0x03,-1.1114,0.5556,5.080315
5.084073,3,0x04,0.0000,0.0556,5.071315
5.085150,0,0x01,0.0000,0.1111,5.074295
5.085150,1,0x02,0.0000,0.0000,5.079315
5.085150,2,0x03,-1.1114,0.5556,5.080315
5.085150,3,0x04,0.0000,0.0556,5.071315
5.086228,0,0x01,0.0000,0.1111,5.074295
5.086228,1,0x02,0.0000,0.0000,5.079315
5.086228,2,0x03,-1.4104,0.5556,5.080315
5.086228,3,0x04,0.0000,0.0556,5.071315
5.093920,0,0x01,0.0000,0.1111,5.074295
5.093920,1,0x02,0.0000,0.0556,5.093320
5.093920,2,0x03,-1.4104,0.5556,5.080315
5.093920,3,0x04,0.0000,0.0556,5.071315
5.095011,0,0x01,0.0000,0.1111,5.074295
5.095011,1,0x02,0.0000,0.0556,5.093320
5.095011,2,0x03,-1.4104,0.5556,5.080315
5.095011,3,0x04,0.0000,0.0556,5.094296
5.096125,0,0x01,0.0000,0.0556,5.095284
5.096125,1,0x02,0.0000,0.0556,5.096304
5.096125,2,0x03,-1.7073,-0.0556,5.098310
5.096125,3,0x04,0.0000,0.0556,5.101319
5.103020,0,0x01,0.0000,0.0556,5.095284
5.103020,1,0x02,0.0000,0.0556,5.096304
5.103020,2,0x03,-1.7073,-0.0556,5.098310
5.103020,3,0x04,0.0000,0.0556,5.101319
5.104102,0,0x01,0.0000,0.0556,5.095284
5.104102,1,0x02,0.0000,0.0556,5.096304
5.104102,2,0x03,-1.7073,-0.0556,5.098310
5.104102,3,0x04,0.0000,0.0556,5.101319
5.105185,0,0x01,0.0000,0.1111,5.104287
5.105185,1,0x02,0.0000,0.0556,5.096304
5.105185,2,0x03,-1.7073,-0.0556,5.098310
5.105185,3,0x04,0.0000,0.0556,5.101319
5.106308,0,0x01,0.0000,0.1111,5.104287
5.106308,1,0x02,0.0000,0.0556,5.107290
5.106308,2,0x03,-2.0128,-0.5000,5.110314
5.106308,3,0x04,0.0000,0.0556,5.101319
5.113969,0,0x01,0.0000,0.1111,5.104287
5.113969,1,0x02,0.0000,0.0556,5.107290
5.113969,2,0x03,-2.0128,-0.5000,5.110314
5.113969,3,0x04,0.0000,0.0556,5.113315
5.115045,0,0x01,0.0000,0.1111,5.104287
5.115045,1,0x02,0.0000,0.0556,5.107290
5.115045,2,0x03,-2.0128,-0.5000,5.110314
5.115045,3,0x04,0.0000,0.0556,5.113315
5.116125,0,0x01,0.0000,0.0556,5.115299
5.116125,1,0x02,0.0000,0.0000,5.117318
5.116125,2,0x03,-2.3073,-0.8889,5.121304
5.116125,3,0x04,0.0000,0.0556,5.113315
5.122997,0,0x01,0.0000,0.0556,5.115299
5.122997,1,0x02,0.0000,0.0000,5.117318
5.122997,2,0x03,-2.3073,-0.8889,5.121304
5.122997,3,0x04,0.0000,0.0556,5.113315
5.124066,0,0x01,0.0000,0.0556,5.115299
5.124066,1,0x02,0.0000,0.0000,5.117318
5.124066,2,0x03,-2.3073,-0.8889,5.121304
5.124066,3,0x04,0.0000,0.0556,5.113315
5.125145,0,0x01,0.0000,0.0556,5.115299
5.125145,1,0x02,0.0000,0.0000,5.117318
5.125145,2,0x03,-2.3073,-0.8889,5.121304
5.125145,3,0x04,0.0000,0.0556,5.124288
5.126250,0,0x01,0.0000,0.0556,5.115299
5.126250,1,0x02,0.0000,0.0000,5.117318
5.126250,2,0x03,-2.6110,-0.8889,5.121304
5.126250,3,0x04,0.0000,0.0556,5.124288
5.134932,0,0x01,0.0000,0.0556,5.115299
5.134932,1,0x02,0.0000,0.0000,5.117318
5.134932,2,0x03,-2.6110,-0.8889,5.121304
5.134932,3,0x04,0.0000,0.0556,5.124288
5.135998,0,0x01,0.0000,0.1111,5.141316
5.135998,1,0x02,0.0000,0.0556,5.138318
5.135998,2,0x03,-2.9035,-1.6667,5.139318
5.135998,3,0x04,0.0000,0.0000,5.140317
5.143038,0,0x01,0.0000,0.1111,5.141316
5.143038,1,0x02,0.0000,0.0556,5.142315
5.143038,2,0x03,-2.9035,-1.6667,5.139318
5.143038,3,0x04,0.0000,0.0000,5.140317
5.144165,0,0x01,0.0000,0.1111,5.141316
5.144165,1,0x02,0.0000,0.0556,5.142315
5.144165,2,0x03,-2.9035,-1.6667,5.139318
5.144165,3,0x04,0.0000,0.0000,5.140317
5.145240,0,0x01,0.0000,0.1111,5.141316
5.145240,1,0x02,0.0000,0.0556,5.142315
5.145240,2,0x03,-2.9035,-2.1667,5.144288
5.145240,3,0x04,0.0000,0.0000,5.140317
5.146360,0,0x01,0.0000,0.1111,5.149317
5.146360,1,0x02,0.0000,0.0000,5.152317
5.146360,2,0x03,-3.2144,-2.1667,5.144288
5.146360,3,0x04,0.0000,0.0556,5.147285
5.154135,0,0x01,0.0000,0.1111,5.149317
5.154135,1,0x02,0.0000,0.0000,5.152317
5.154135,2,0x03,-3.2144,-2.1667,5.144288
5.154135,3,0x04,0.0000,0.0556,5.147285
5.155228,0,0x01,0.0000,0.1111,5.149317
5.155228,1,0x02,0.0000,0.0000,5.152317
5.155228,2,0x03,-3.2144,-2.1667,5.144288
5.155228,3,0x04,0.0000,0.0556,5.147285
5.156313,0,0x01,0.0000,0.1111,5.160306
5.156313,1,0x02,0.0000,0.0000,5.152317
5.156313,2,0x03,-3.5129,-2.1111,5.155298
5.156313,3,0x04,0.0000,0.0000,5.158304
5.163003,0,0x01,0.0000,0.1111,5.160306
5.163003,1,0x02,0.0000,0.0000,5.152317
5.163003,2,0x03,-3.5129,-2.1111,5.155298
5.163003,3,0x04,0.0000,0.0000,5.158304
5.164072,0,0x01,0.0000,0.1111,5.160306
5.164072,1,0x02,0.0000,0.0000,5.163297
5.164072,2,0x03,-3.5129,-2.1111,5.155298
5.164072,3,0x04,0.0000,0.0000,5.158304
5.165187,0,0x01,0.0000,0.1111,5.160306
5.165187,1,0x02,0.0000,0.0000,5.163297
5.165187,2,0x03,-3.5129,-2.1111,5.155298
5.165187,3,0x04,0.0000,0.0000,5.158304
5.166268,0,0x01,0.0000,0.1111,5.160306
5.166268,1,0x02,0.0000,0.0000,5.163297
5.166268,2,0x03,-3.8116,-2.7222,5.166348
5.166268,3,0x04,0.0000,0.0556,5.170309
5.173999,0,0x01,0.0000,0.1111,5.160306
5.173999,1,0x02,0.0000,0.0000,5.163297
5.173999,2,0x03,-3.8116,-2.7222,5.166348
5.173999,3,0x04,0.0000,0.0556,5.170309
5.175074,0,0x01,0.0000,0.1111,5.160306
5.175074,1,0x02,0.0000,0.0000,5.163297
5.175074,2,0x03,-3.8116,-2.7222,5.166348
5.175074,3,0x04,0.0000,0.0556,5.170309
5.176140,0,0x01,0.0000,0.1111,5.160306
5.176140,1,0x02,0.0000,0.0000,5.163297
5.176140,2,0x03,-4.1078,-2.7222,5.166348
5.176140,3,0x04,0.0000,0.0556,5.170309
5.183938,0,0x01,0.0000,0.1111,5.160306
5.183938,1,0x02,0.0000,0.0000,5.163297
5.183938,2,0x03,-4.1078,-2.7222,5.166348
5.183938,3,0x04,0.0000,0.0556,5.170309
5.185018,0,0x01,0.0000,0.1111,5.160306
5.185018,1,0x02,0.0000,0.0000,5.163297
5.185018,2,0x03,-4.1078,-2.7222,5.166348
5.185018,3,0x04,0.0000,0.0556,5.170309
5.186102,0,0x01,0.0000,0.1111,5.160306
5.186102,1,0x02,0.0000,0.0000,5.163297
5.186102,2,0x03,-4.4066,-2.7222,5.166348
5.186102,3,0x04,0.0000,0.0556,5.170309
5.192912,0,0x01,0.0000,0.1111,5.160306
5.192912,1,0x02,0.0000,0.0000,5.163297
5.192912,2,0x03,-4.4066,-2.7222,5.166348
5.192912,3,0x04,0.0000,0.0556,5.170309
5.193990,0,0x01,0.0000,0.1111,5.160306
5.193990,1,0x02,0.0000,0.0000,5.163297
5.193990,2,0x03,-4.4066,-2.7222,5.166348
5.193990,3,0x04,0.0000,0.0556,5.170309
5.195077,0,0x01,0.0000,0.1111,5.160306
5.195077,1,0x02,0.0000,0.0000,5.163297
5.195077,2,0x03,-4.4066,-2.7222,5.166348
5.195077,3,0x04,0.0000,0.0556,5.170309
5.196205,0,0x01,0.0000,0.1111,5.160306
5.196205,1,0x02,0.0000,0.0000,5.163297
5.196205,2,0x03,-4.7097,-2.7222,5.166348
5.196205,3,0x04,0.0000,0.0556,5.170309
5.203932,0,0x01,0.0000,0.1111,5.160306
5.203932,1,0x02,0.0000,0.0000,5.163297
5.203932,2,0x03,-4.7097,-2.7222,5.166348
5.203932,3,0x04,0.0000,0.0556,5.170309
5.205000,0,0x01,0.0000,0.1111,5.160306
5.205000,1,0x02,0.0000,0.0000,5.163297
5.205000,2,0x03,-4.7097,-2.7222,5.166348
5.205000,3,0x04,0.0000,0.0556,5.170309
5.206078,0,0x01,0.0000,0.1111,5.211321
5.206078,1,0x02,0.0000,0.0556,5.208332
5.206078,2,0x03,-5.0059,-3.8333,5.209312
5.206078,3,0x04,0.0000,0.0556,5.210316
5.213105,0,0x01,0.0000,0.1111,5.211321
5.213105,1,0x02,0.0000,0.0000,5.212317
5.213105,2,0x03,-5.0059,-3.8333,5.209312
5.213105,3,0x04,0.0000,0.0556,5.210316
5.214190,0,0x01,0.0000,0.1111,5.211321
5.214190,1,0x02,0.0000,0.0000,5.212317
5.214190,2,0x03,-5.0059,-3.8333,5.213295
5.214190,3,0x04,0.0000,0.0556,5.210316
5.215279,0,0x01,0.0000,0.0556,5.214300
5.215279,1,0x02,0.0000,0.0000,5.212317
5.215279,2,0x03,-5.0059,-3.8333,5.213295
5.215279,3,0x04,0.0000,0.0556,5.210316
5.216386,0,0x01,0.0000,0.0556,5.214300
5.216386,1,0x02,0.0000,0.0000,5.218324
5.216386,2,0x03,-5.3151,-3.8889,5.219318
5.216386,3,0x04,0.0000,0.0556,5.210316
5.224003,0,0x01,0.0000,0.0556,5.214300
5.224003,1,0x02,0.0000,0.0000,5.218324
5.224003,2,0x03,-5.3151,-3.8889,5.219318
5.224003,3,0x04,0.0000,0.0556,5.210316
5.225087,0,0x01,0.0000,0.0556,5.214300
5.225087,1,0x02,0.0000,0.0000,5.218324
5.225087,2,0x03,-5.3151,-3.8889,5.219318
5.225087,3,0x04,0.0000,0.0556,5.210316
5.226165,0,0x01,0.0000,0.1111,5.234317
5.226165,1,0x02,0.0000,0.0556,5.232314
5.226165,2,0x03,-5.6085,-4.3333,5.233330
5.226165,3,0x04,0.0000,0.0556,5.210316
5.236012,0,0x01,0.0000,0.1111,5.234317
5.236012,1,0x02,0.0000,0.0556,5.235318
5.236012,2,0x03,-5.9039,-4.4444,5.237359
5.236012,3,0x04,0.0000,0.0556,5.240310
5.241956,0,0x01,0.0000,0.1111,5.234317
5.241956,1,0x02,0.0000,0.0556,5.235318
5.241956,2,0x03,-5.9039,-4.4444,5.237359
5.241956,3,0x04,0.0000,0.0556,5.240310
5.243034,0,0x01,0.0000,0.1111,5.234317
5.243034,1,0x02,0.0000,0.0556,5.235318
5.243034,2,0x03,-5.9039,-4.4444,5.237359
5.243034,3,0x04,0.0000,0.0556,5.240310
5.244123,0,0x01,0.0000,0.0556,5.243295
5.244123,1,0x02,0.0000,0.0556,5.235318
5.244123,2,0x03,-5.9039,-4.4444,5.237359
5.244123,3,0x04,0.0000,0.0556,5.240310
5.245231,0,0x01,0.0000,0.0556,5.243295
5.245231,1,0x02,0.0000,0.0556,5.235318
5.245231,2,0x03,-5.9039,-4.4444,5.237359
5.245231,3,0x04,0.0000,0.0556,5.240310
5.246337,0,0x01,0.0000,0.0556,5.243295
5.246337,1,0x02,0.0000,0.0000,5.246301
5.246337,2,0x03,-6.2137,-4.7778,5.249328
5.246337,3,0x04,0.0000,0.0000,5.252313
5.253984,0,0x01,0.0000,0.0556,5.243295
5.253984,1,0x02,0.0000,0.0000,5.246301
5.253984,2,0x03,-6.2137,-4.7778,5.249328
5.253984,3,0x04,0.0000,0.0000,5.252313
5.255069,0,0x01,0.0000,0.0556,5.243295
5.255069,1,0x02,0.0000,0.0000,5.246301
5.255069,2,0x03,-6.2137,-4.7778,5.249328
5.255069,3,0x04,0.0000,0.0000,5.252313
5.256157,0,0x01,0.0000,0.0556,5.255378
5.256157,1,0x02,0.0000,0.0556,5.257308
5.256157,2,0x03,-6.5082,-5.0556,5.261308
5.256157,3,0x04,0.0000,0.0000,5.252313
5.262991,0,0x01,0.0000,0.0556,5.255378
5.262991,1,0x02,0.0000,0.0556,5.257308
5.262991,2,0x03,-6.5082,-5.0556,5.261308
5.262991,3,0x04,0.0000,0.0000,5.252313
5.264074,0,0x01,0.0000,0.0556,5.255378
5.264074,1,0x02,0.0000,0.0556,5.257308
5.264074,2,0x03,-6.5082,-5.0556,5.261308
5.264074,3,0x04,0.0000,0.0000,5.252313
5.265169,0,0x01,0.0000,0.0556,5.255378
5.265169,1,0x02,0.0000,0.0556,5.257308
5.265169,2,0x03,-6.5082,-5.0556,5.261308
5.265169,3,0x04,0.0000,0.0556,5.264286
5.266275,0,0x01,0.0000,0.0556,5.255378
5.266275,1,0x02,0.0000,0.0556,5.257308
5.266275,2,0x03,-6.8118,-5.0556,5.261308
5.266275,3,0x04,0.0000,0.0556,5.264286
5.273947,0,0x01,0.0000,0.0556,5.255378
5.273947,1,0x02,0.0000,0.0556,5.257308
5.273947,2,0x03,-6.8118,-5.0556,5.261308
5.273947,3,0x04,0.0000,0.0556,5.264286
5.275027,0,0x01,0.0000,0.0556,5.255378
5.275027,1,0x02,0.0000,0.0556,5.257308
5.275027,2,0x03,-6.8118,-5.0556,5.261308
5.275027,3,0x04,0.0000,0.0556,5.264286
5.276105,0,0x01,0.0000,0.0556,5.255378
5.276105,1,0x02,0.0000,0.0556,5.257308
5.276105,2,0x03,-7.1067,-5.0556,5.261308
5.276105,3,0x04,0.0000,0.0556,5.264286
5.282904,0,0x01,0.0000,0.0556,5.255378
5.282904,1,0x02,0.0000,0.0556,5.257308
5.282904,2,0x03,-7.1067,-5.0556,5.261308
5.282904,3,0x04,0.0000,0.0556,5.264286
5.283974,0,0x01,0.0000,0.0556,5.255378
5.283974,1,0x02,0.0000,0.0556,5.257308
5.283974,2,0x03,-7.1067,-5.0556,5.261308
5.283974,3,0x04,0.0000,0.0556,5.264286
5.285055,0,0x01,0.0000,0.0556,5.255378
5.285055,1,0x02,0.0000,0.0556,5.257308
5.285055,2,0x03,-7.1067,-5.0556,5.261308
5.285055,3,0x04,0.0000,0.0556,5.264286
5.286144,0,0x01,0.0000,0.0556,5.255378
5.286144,1,0x02,0.0000,0.0556,5.257308
5.286144,2,0x03,-7.4079,-5.0556,5.261308
5.286144,3,0x04,0.0000,0.0556,5.264286
5.291942,0,0x01,0.0000,0.0556,5.255378
5.291942,1,0x02,0.0000,0.0556,5.257308
5.291942,2,0x03,-7.4079,-5.0556,5.261308
5.291942,3,0x04,0.0000,0.0556,5.264286
5.293032,0,0x01,0.0000,0.0556,5.255378
5.293032,1,0x02,0.0000,0.0556,5.257308
5.293032,2,0x03,-7.4079,-5.0556,5.261308
5.293032,3,0x04,0.0000,0.0556,5.264286
5.294107,0,0x01,0.0000,0.0556,5.255378
5.294107,1,0x02,0.0000,0.0556,5.257308
5.294107,2,0x03,-7.4079,-5.0556,5.261308
5.294107,3,0x04,0.0000,0.0556,5.264286
5.295174,0,0x01,0.0000,0.0556,5.255378
5.295174,1,0x02,0.0000,0.0556,5.257308
5.295174,2,0x03,-7.4079,-5.0556,5.261308
5.295174,3,0x04,0.0000,0.0556,5.264286
5.296251,0,0x01,0.0000,0.0556,5.255378
5.296251,1,0x02,0.0000,0.0000,5.302335
5.296251,2,0x03,-7.7111,-5.0556,5.261308
5.296251,3,0x04,0.0000,0.0556,5.264286
5.303977,0,0x01,0.0000,0.0556,5.255378
5.303977,1,0x02,0.0000,0.0000,5.302335
5.303977,2,0x03,-7.7111,-6.2778,5.303317
5.303977,3,0x04,0.0000,0.0556,5.264286
5.305096,0,0x01,0.0000,0.0556,5.304309
5.305096,1,0x02,0.0000,0.0000,5.302335
5.305096,2,0x03,-7.7111,-6.2778,5.303317
5.305096,3,0x04,0.0000,0.0556,5.264286
5.306207,0,0x01,0.0000,0.1111,5.311313
5.306207,1,0x02,0.0000,0.0556,5.309309
5.306207,2,0x03,-7.9902,-6.3333,5.307307
5.306207,3,0x04,0.0000,0.0556,5.264286
5.312957,0,0x01,0.0000,0.1111,5.311313
5.312957,1,0x02,0.0000,0.0000,5.312315
5.312957,2,0x03,-7.9902,-6.3333,5.307307
5.312957,3,0x04,0.0000,0.0556,5.264286
5.314060,0,0x01,0.0000,0.1111,5.311313
5.314060,1,0x02,0.0000,0.0000,5.312315
5.314060,2,0x03,-7.9902,-6.5556,5.313286
5.314060,3,0x04,0.0000,0.0556,5.264286
5.315159,0,0x01,0.0000,0.1111,5.311313
5.315159,1,0x02,0.0000,0.0000,5.312315
5.315159,2,0x03,-7.9902,-6.5556,5.313286
5.315159,3,0x04,0.0000,0.0556,5.314301
5.316261,0,0x01,0.0000,0.1111,5.311313
5.316261,1,0x02,0.0000,0.0000,5.312315
5.316261,2,0x03,-7.6886,-6.5556,5.313286
5.316261,3,0x04,0.0000,0.0556,5.314301
5.324940,0,0x01,0.0000,0.1111,5.311313
5.324940,1,0x02,0.0000,0.0000,5.312315
5.324940,2,0x03,-7.6886,-6.5556,5.313286
5.324940,3,0x04,0.0000,0.0556,5.314301
5.326020,0,0x01,0.0000,0.1111,5.325310
5.326020,1,0x02,0.0000,0.0556,5.326301
5.326020,2,0x03,-7.3958,-6.6667,5.327312
5.326020,3,0x04,0.0000,0.0556,5.328318
5.333979,0,0x01,0.0000,0.1111,5.325310
5.333979,1,0x02,0.0000,0.0556,5.326301
5.333979,2,0x03,-7.3958,-6.6667,5.327312
5.333979,3,0x04,0.0000,0.0556,5.328318
5.335058,0,0x01,0.0000,0.1111,5.325310
5.335058,1,0x02,0.0000,0.0556,5.326301
5.335058,2,0x03,-7.3958,-6.6667,5.327312
5.335058,3,0x04,0.0000,0.0556,5.328318
5.336136,0,0x01,0.0000,0.1111,5.325310
5.336136,1,0x02,0.0000,0.0556,5.326301
5.336136,2,0x03,-7.0924,-6.6667,5.327312
5.336136,3,0x04,0.0000,0.0556,5.328318
5.342938,0,0x01,0.0000,0.1111,5.325310
5.342938,1,0x02,0.0000,0.0556,5.326301
5.342938,2,0x03,-7.0924,-6.6667,5.327312
5.342938,3,0x04,0.0000,0.0556,5.328318
5.344017,0,0x01,0.0000,0.1111,5.325310
5.344017,1,0x02,0.0000,0.0556,5.326301
5.344017,2,0x03,-7.0924,-6.6667,5.327312
5.344017,3,0x04,0.0000,0.0556,5.328318
5.345094,0,0x01,0.0000,0.1111,5.325310
5.345094,1,0x02,0.0000,0.0556,5.326301
5.345094,2,0x03,-7.0924,-6.6667,5.327312
5.345094,3,0x04,0.0000,0.0556,5.328318
5.346172,0,0x01,0.0000,0.1111,5.325310
5.346172,1,0x02,0.0000,0.0556,5.326301
5.346172,2,0x03,-6.7913,-6.6667,5.327312
5.346172,3,0x04,0.0000,0.0556,5.328318
5.353924,0,0x01,0.0000,0.1111,5.325310
5.353924,1,0x02,0.0000,0.0556,5.326301
5.353924,2,0x03,-6.7913,-6.6667,5.327312
5.353924,3,0x04,0.0000,0.0556,5.328318
5.355013,0,0x01,0.0000,0.1111,5.325310
5.355013,1,0x02,0.0000,0.0556,5.326301
5.355013,2,0x03,-6.7913,-6.6667,5.327312
5.355013,3,0x04,0.0000,0.0556,5.328318
5.356102,0,0x01,0.0000,0.1111,5.325310
5.356102,1,0x02,0.0000,0.0556,5.326301
5.356102,2,0x03,-6.4934,-6.6667,5.327312
5.356102,3,0x04,0.0000,0.0556,5.328318
5.362936,0,0x01,0.0000,0.1111,5.325310
5.362936,1,0x02,0.0000,0.0556,5.326301
5.362936,2,0x03,-6.4934,-6.6667,5.327312
5.362936,3,0x04,0.0000,0.0556,5.328318
5.364014,0,0x01,0.0000,0.1111,5.325310
5.364014,1,0x02,0.0000,0.0556,5.326301
5.364014,2,0x03,-6.4934,-6.6667,5.327312
5.364014,3,0x04,0.0000,0.0556,5.328318
5.365092,0,0x01,0.0000,0.1111,5.325310
5.365092,1,0x02,0.0000,0.0000,5.364311
5.365092,2,0x03,-6.4934,-6.6667,5.327312
5.365092,3,0x04,0.0000,0.0556,5.328318
5.366205,0,0x01,0.0000,0.1111,5.370321
5.366205,1,0x02,0.0000,0.0000,5.371332
5.366205,2,0x03,-6.1903,-7.7778,5.372315
5.366205,3,0x04,0.0000,0.0556,5.328318
5.374013,0,0x01,0.0000,0.0556,5.373314
5.374013,1,0x02,0.0000,0.0000,5.371332
5.374013,2,0x03,-6.1903,-7.7778,5.372315
5.374013,3,0x04,0.0000,0.0556,5.328318
5.375115,0,0x01,0.0000,0.0556,5.373314
5.375115,1,0x02,0.0000,0.0000,5.374286
5.375115,2,0x03,-6.1903,-7.7778,5.372315
5.375115,3,0x04,0.0000,0.0556,5.328318
5.376216,0,0x01,0.0000,0.0556,5.376291
5.376216,1,0x02,0.0000,0.0000,5.374286
5.376216,2,0x03,-5.8900,-7.7778,5.375300
5.376216,3,0x04,0.0000,0.0556,5.328318
5.383960,0,0x01,0.0000,0.0556,5.376291
5.383960,1,0x02,0.0000,0.0000,5.374286
5.383960,2,0x03,-5.8900,-7.7778,5.375300
5.383960,3,0x04,0.0000,0.0556,5.328318
5.385043,0,0x01,0.0000,0.0556,5.376291
5.385043,1,0x02,0.0000,0.0000,5.374286
5.385043,2,0x03,-5.8900,-7.7778,5.375300
5.385043,3,0x04,0.0000,0.0556,5.328318
5.386140,0,0x01,0.0000,0.0556,5.376291
5.386140,1,0x02,0.0000,0.0000,5.374286
5.386140,2,0x03,-5.5923,-7.7778,5.375300
5.386140,3,0x04,0.0000,0.0556,5.328318
5.392935,0,0x01,0.0000,0.0556,5.376291
5.392935,1,0x02,0.0000,0.0000,5.374286
5.392935,2,0x03,-5.5923,-7.7778,5.375300
5.392935,3,0x04,0.0000,0.0556,5.328318
5.394014,0,0x01,0.0000,0.0556,5.376291
5.394014,1,0x02,0.0000,0.0000,5.374286
5.394014,2,0x03,-5.5923,-7.7778,5.375300
5.394014,3,0x04,0.0000,0.0556,5.328318
5.395092,0,0x01,0.0000,0.0556,5.376291
5.395092,1,0x02,0.0000,0.0000,5.374286
5.395092,2,0x03,-5.5923,-7.7778,5.375300
5.395092,3,0x04,0.0000,0.0556,5.328318
5.396173,0,0x01,0.0000,0.0556,5.376291
5.396173,1,0x02,0.0000,0.0000,5.374286
5.396173,2,0x03,-5.2913,-7.7778,5.375300
5.396173,3,0x04,0.0000,0.0556,5.328318
5.403921,0,0x01,0.0000,0.0556,5.376291
5.403921,1,0x02,0.0000,0.0000,5.374286
5.403921,2,0x03,-5.2913,-7.7778,5.375300
5.403921,3,0x04,0.0000,0.0556,5.328318
5.405008,0,0x01,0.0000,0.0556,5.376291
5.405008,1,0x02,0.0000,0.0000,5.374286
5.405008,2,0x03,-5.2913,-7.7778,5.375300
5.405008,3,0x04,0.0000,0.0556,5.328318
5.406091,0,0x01,0.0000,0.0556,5.376291
5.406091,1,0x02,0.0000,0.0000,5.374286
5.406091,2,0x03,-4.9937,-7.7778,5.375300
5.406091,3,0x04,0.0000,0.0556,5.328318
5.412932,0,0x01,0.0000,0.0556,5.376291
5.412932,1,0x02,0.0000,0.0000,5.374286
5.412932,2,0x03,-4.9937,-7.7778,5.375300
5.412932,3,0x04,0.0000,0.0556,5.328318
5.414010,0,0x01,0.0000,0.0556,5.376291
5.414010,1,0x02,0.0000,0.0000,5.374286
5.414010,2,0x03,-4.9937,-7.7778,5.375300
5.414010,3,0x04,0.0000,0.0556,5.328318
5.415088,0,0x01,0.0000,0.0556,5.376291
5.415088,1,0x02,0.0000,0.0000,5.374286
5.415088,2,0x03,-4.9937,-7.7778,5.375300
5.415088,3,0x04,0.0000,0.0556,5.328318
5.416176,0,0x01,0.0000,0.0556,5.376291
5.416176,1,0x02,0.0000,0.0000,5.374286
5.416176,2,0x03,-4.6912,-7.7778,5.375300
5.416176,3,0x04,0.0000,0.0556,5.328318
5.423967,0,0x01,0.0000,0.0556,5.376291
5.423967,1,0x02,0.0000,0.0000,5.374286
5.423967,2,0x03,-4.6912,-7.7778,5.375300
5.423967,3,0x04,0.0000,0.0000,5.423322
5.425096,0,0x01,0.0000,0.0556,5.376291
5.425096,1,0x02,0.0000,0.0000,5.374286
5.425096,2,0x03,-4.6912,-7.7778,5.375300
5.425096,3,0x04,0.0000,0.0000,5.423322
5.426175,0,0x01,0.0000,0.1111,5.427313
5.426175,1,0x02,0.0000,0.0000,5.428315
5.426175,2,0x03,-4.3912,-6.1667,5.430320
5.426175,3,0x04,0.0000,0.0000,5.423322
5.432990,0,0x01,0.0000,0.1111,5.427313
5.432990,1,0x02,0.0000,0.0556,5.432312
5.432990,2,0x03,-4.3912,-6.1667,5.430320
5.432990,3,0x04,0.0000,0.0000,5.423322
5.434097,0,0x01,0.0000,0.1111,5.427313
5.434097,1,0x02,0.0000,0.0556,5.432312
5.434097,2,0x03,-4.3912,-6.1667,5.433299
5.434097,3,0x04,0.0000,0.0000,5.423322
5.435195,0,0x01,0.0000,0.1111,5.434303
5.435195,1,0x02,0.0000,0.0556,5.432312
5.435195,2,0x03,-4.3912,-6.1667,5.433299
5.435195,3,0x04,0.0000,0.0000,5.423322
5.436338,0,0x01,0.0000,0.1111,5.437310
5.436338,1,0x02,0.0000,0.0556,5.435291
5.436338,2,0x03,-4.0863,-6.1111,5.436299
5.436338,3,0x04,0.0000,0.0000,5.423322
5.446997,0,0x01,0.0000,0.1111,5.451319
5.446997,1,0x02,0.0000,0.0556,5.435291
5.446997,2,0x03,-3.7665,-5.8889,5.448329
5.446997,3,0x04,0.0000,0.0556,5.449322
5.452968,0,0x01,0.0000,0.1111,5.451319
5.452968,1,0x02,0.0000,0.0556,5.435291
5.452968,2,0x03,-3.7665,-5.5556,5.452319
5.452968,3,0x04,0.0000,0.0556,5.449322
5.454067,0,0x01,0.0000,0.1111,5.451319
5.454067,1,0x02,0.0000,0.0556,5.435291
5.454067,2,0x03,-3.7665,-5.5556,5.452319
5.454067,3,0x04,0.0000,0.0556,5.449322
5.455162,0,0x01,0.0000,0.1111,5.451319
5.455162,1,0x02,0.0000,0.0556,5.435291
5.455162,2,0x03,-3.7665,-5.5556,5.452319
5.455162,3,0x04,0.0000,0.0000,5.454312
5.456270,0,0x01,0.0000,0.1111,5.457302
5.456270,1,0x02,0.0000,0.0000,5.459312
5.456270,2,0x03,-3.4884,-5.5556,5.452319
5.456270,3,0x04,0.0000,0.0000,5.454312
5.463969,0,0x01,0.0000,0.1111,5.457302
5.463969,1,0x02,0.0000,0.0000,5.459312
5.463969,2,0x03,-3.4884,-4.8889,5.463309
5.463969,3,0x04,0.0000,0.0000,5.454312
5.465081,0,0x01,0.0000,0.1111,5.457302
5.465081,1,0x02,0.0000,0.0000,5.459312
5.465081,2,0x03,-3.4884,-4.8889,5.463309
5.465081,3,0x04,0.0000,0.0556,5.464287
5.466184,0,0x01,0.0000,0.1111,5.467317
5.466184,1,0x02,0.0000,0.0556,5.470324
5.466184,2,0x03,-3.1909,-4.8889,5.463309
5.466184,3,0x04,0.0000,0.0556,5.464287
5.473002,0,0x01,0.0000,0.1111,5.467317
5.473002,1,0x02,0.0000,0.0556,5.470324
5.473002,2,0x03,-3.1909,-4.8889,5.463309
5.473002,3,0x04,0.0000,0.0556,5.464287
5.474098,0,0x01,0.0000,0.1111,5.467317
5.474098,1,0x02,0.0000,0.0556,5.470324
5.474098,2,0x03,-3.1909,-4.8889,5.463309
5.474098,3,0x04,0.0000,0.0556,5.464287
5.475182,0,0x01,0.0000,0.1111,5.467317
5.475182,1,0x02,0.0000,0.0556,5.470324
5.475182,2,0x03,-3.1909,-4.3889,5.474298
5.475182,3,0x04,0.0000,0.0556,5.464287
5.476294,0,0x01,0.0000,0.0556,5.480314
5.476294,1,0x02,0.0000,0.0556,5.470324
5.476294,2,0x03,-2.8877,-4.3889,5.474298
5.476294,3,0x04,0.0000,0.0556,5.477292
5.484001,0,0x01,0.0000,0.0556,5.480314
5.484001,1,0x02,0.0000,0.0556,5.470324
5.484001,2,0x03,-2.8877,-4.3889,5.474298
5.484001,3,0x04,0.0000,0.0556,5.477292
5.485092,0,0x01,0.0000,0.0556,5.480314
5.485092,1,0x02,0.0000,0.0556,5.470324
5.485092,2,0x03,-2.8877,-4.3889,5.474298
5.485092,3,0x04,0.0000,0.0556,5.477292
5.486185,0,0x01,0.0000,0.0556,5.480314
5.486185,1,0x02,0.0000,0.0556,5.470324
5.486185,2,0x03,-2.5909,-4.3889,5.474298
5.486185,3,0x04,0.0000,0.0556,5.477292
5.495975,0,0x01,0.0000,0.0556,5.480314
5.495975,1,0x02,0.0000,0.0556,5.470324
5.495975,2,0x03,-2.2972,-4.3889,5.474298
5.495975,3,0x04,0.0000,0.0556,5.477292
5.501934,0,0x01,0.0000,0.0556,5.480314
5.501934,1,0x02,0.0000,0.0556,5.470324
5.501934,2,0x03,-2.2972,-4.3889,5.474298
5.501934,3,0x04,0.0000,0.0556,5.477292
5.503015,0,0x01,0.0000,0.0556,5.480314
5.503015,1,0x02,0.0000,0.0556,5.470324
5.503015,2,0x03,-2.2972,-4.3889,5.474298
5.503015,3,0x04,0.0000,0.0556,5.477292
5.504098,0,0x01,0.0000,0.0556,5.480314
5.504098,1,0x02,0.0000,0.0556,5.470324
5.504098,2,0x03,-2.2972,-4.3889,5.474298
5.504098,3,0x04,0.0000,0.0556,5.477292
5.505202,0,0x01,0.0000,0.0556,5.480314
5.505202,1,0x02,0.0000,0.0556,5.470324
5.505202,2,0x03,-2.2972,-4.3889,5.474298
5.505202,3,0x04,0.0000,0.0556,5.477292
5.506306,0,0x01,0.0000,0.0556,5.480314
5.506306,1,0x02,0.0000,0.0556,5.470324
5.506306,2,0x03,-1.9873,-4.3889,5.474298
5.506306,3,0x04,0.0000,0.0556,5.477292
5.513987,0,0x01,0.0000,0.0556,5.480314
5.513987,1,0x02,0.0000,0.0556,5.470324
5.513987,2,0x03,-1.9873,-4.3889,5.474298
5.513987,3,0x04,0.0000,0.0556,5.477292
5.515058,0,0x01,0.0000,0.0556,5.480314
5.515058,1,0x02,0.0000,0.0556,5.470324
5.515058,2,0x03,-1.9873,-4.3889,5.474298
5.515058,3,0x04,0.0000,0.0556,5.477292
5.516138,0,0x01,0.0000,0.0556,5.480314
5.516138,1,0x02,0.0000,0.0556,5.470324
5.516138,2,0x03,-1.6923,-4.3889,5.474298
5.516138,3,0x04,0.0000,0.0556,5.477292
5.522936,0,0x01,0.0000,0.0556,5.480314
5.522936,1,0x02,0.0000,0.0556,5.470324
5.522936,2,0x03,-1.6923,-4.3889,5.474298
5.522936,3,0x04,0.0000,0.0556,5.477292
5.524043,0,0x01,0.0000,0.0556,5.480314
5.524043,1,0x02,0.0000,0.0556,5.470324
5.524043,2,0x03,-1.6923,-4.3889,5.474298
5.524043,3,0x04,0.0000,0.0556,5.477292
5.525127,0,0x01,0.0000,0.0556,5.480314
5.525127,1,0x02,0.0000,0.0556,5.470324
5.525127,2,0x03,-1.6923,-4.3889,5.474298
5.525127,3,0x04,0.0000,0.0556,5.477292
5.526211,0,0x01,0.0000,0.0556,5.480314
5.526211,1,0x02,0.0000,0.0556,5.531323
5.526211,2,0x03,-1.3901,-2.6667,5.532316
5.526211,3,0x04,0.0000,0.0000,5.529322
5.533993,0,0x01,0.0000,0.0556,5.480314
5.533993,1,0x02,0.0000,0.0556,5.531323
5.533993,2,0x03,-1.3901,-2.6667,5.532316
5.533993,3,0x04,0.0000,0.0556,5.533309
5.535073,0,0x01,0.0000,0.1111,5.534290
5.535073,1,0x02,0.0000,0.0556,5.531323
5.535073,2,0x03,-1.3901,-2.6667,5.532316
5.535073,3,0x04,0.0000,0.0556,5.533309
5.536153,0,0x01,0.0000,0.0556,5.540310
5.536153,1,0x02,0.0000,0.0000,5.538567
5.536153,2,0x03,-1.0919,-2.7222,5.539313
5.536153,3,0x04,0.0000,0.0556,5.536295
5.543020,0,0x01,0.0000,0.0556,5.540310
5.543020,1,0x02,0.0000,0.0000,5.538567
5.543020,2,0x03,-1.0919,-2.6667,5.542309
5.543020,3,0x04,0.0000,0.0556,5.536295
5.544112,0,0x01,0.0000,0.0556,5.540310
5.544112,1,0x02,0.0000,0.0000,5.538567
5.544112,2,0x03,-1.0919,-2.6667,5.542309
5.544112,3,0x04,0.0000,0.0556,5.536295
5.545212,0,0x01,0.0000,0.0556,5.540310
5.545212,1,0x02,0.0000,0.0000,5.538567
5.545212,2,0x03,-1.0919,-2.6667,5.542309
5.545212,3,0x04,0.0000,0.0556,5.536295
5.546298,0,0x01,0.0000,0.0556,5.540310
5.546298,1,0x02,0.0000,0.0000,5.538567
5.546298,2,0x03,-0.7875,-2.6667,5.554322
5.546298,3,0x04,0.0000,0.0556,5.536295
5.555966,0,0x01,0.0000,0.1111,5.556309
5.555966,1,0x02,0.0000,0.0556,5.557309
5.555966,2,0x03,-0.4975,-2.2222,5.558310
5.555966,3,0x04,0.0000,0.0556,5.559311
5.561993,0,0x01,0.0000,0.1111,5.556309
5.561993,1,0x02,0.0000,0.0556,5.557309
5.561993,2,0x03,-0.4975,-2.2222,5.558310
5.561993,3,0x04,0.0000,0.0556,5.559311
5.563060,0,0x01,0.0000,0.1111,5.556309
5.563060,1,0x02,0.0000,0.0556,5.557309
5.563060,2,0x03,-0.4975,-2.2222,5.558310
5.563060,3,0x04,0.0000,0.0556,5.559311
5.564141,0,0x01,0.0000,0.1111,5.556309
5.564141,1,0x02,0.0000,0.0556,5.557309
5.564141,2,0x03,-0.4975,-2.2222,5.558310
5.564141,3,0x04,0.0000,0.0556,5.559311
5.565231,0,0x01,0.0000,0.1111,5.556309
5.565231,1,0x02,0.0000,0.0556,5.557309
5.565231,2,0x03,-0.4975,-2.2222,5.558310
5.565231,3,0x04,0.0000,0.0556,5.559311
5.566308,0,0x01,0.0000,0.1111,5.556309
5.566308,1,0x02,0.0000,0.0556,5.557309
5.566308,2,0x03,-0.1872,-2.2222,5.558310
5.566308,3,0x04,0.0000,0.0556,5.559311
5.574010,0,0x01,0.0000,0.1111,5.556309
5.574010,1,0x02,0.0000,0.0556,5.557309
5.574010,2,0x03,-0.1872,-2.2222,5.558310
5.574010,3,0x04,0.0000,0.0556,5.559311
5.575081,0,0x01,0.0000,0.1111,5.556309
5.575081,1,0x02,0.0000,0.0556,5.557309
5.575081,2,0x03,-0.1872,-2.2222,5.558310
5.575081,3,0x04,0.0000,0.0556,5.559311
5.576163,0,0x01,0.0000,0.1111,5.556309
5.576163,1,0x02,0.0000,0.0556,5.557309
5.576163,2,0x03,0.1084,-2.2222,5.558310
5.576163,3,0x04,0.0000,0.0556,5.559311
5.582929,0,0x01,0.0000,0.1111,5.556309
5.582929,1,0x02,0.0000,0.0556,5.557309
5.582929,2,0x03,0.1084,-2.2222,5.558310
5.582929,3,0x04,0.0000,0.0556,5.559311
5.584001,0,0x01,0.0000,0.1111,5.556309
5.584001,1,0x02,0.0000,0.0556,5.557309
5.584001,2,0x03,0.1084,-2.2222,5.558310
5.584001,3,0x04,0.0000,0.0556,5.559311
5.585082,0,0x01,0.0000,0.1111,5.556309
5.585082,1,0x02,0.0000,0.0556,5.557309
5.585082,2,0x03,0.1084,-2.2222,5.558310
5.585082,3,0x04,0.0000,0.0556,5.559311
5.586184,0,0x01,0.0000,0.1111,5.556309
5.586184,1,0x02,0.0000,0.0556,5.557309
5.586184,2,0x03,0.4091,-2.2222,5.558310
5.586184,3,0x04,0.0000,0.0556,5.559311
5.593990,0,0x01,0.0000,0.1111,5.556309
5.593990,1,0x02,0.0000,0.0556,5.557309
5.593990,2,0x03,0.4091,-2.2222,5.558310
5.593990,3,0x04,0.0000,0.0556,5.559311
5.595064,0,0x01,0.0000,0.1111,5.556309
5.595064,1,0x02,0.0000,0.0556,5.557309
5.595064,2,0x03,0.4091,-2.2222,5.558310
5.595064,3,0x04,0.0000,0.0556,5.559311
5.596163,0,0x01,0.0000,0.1111,5.599328
5.596163,1,0x02,0.0000,0.0556,5.600325
5.596163,2,0x03,0.7084,-0.7222,5.601315
5.596163,3,0x04,0.0000,0.0556,5.598317
5.603059,0,0x01,0.0000,0.1111,5.599328
5.603059,1,0x02,0.0000,0.0556,5.600325
5.603059,2,0x03,0.7084,-0.7222,5.601315
5.603059,3,0x04,0.0000,0.0556,5.602326
5.604154,0,0x01,0.0000,0.1111,5.599328
5.604154,1,0x02,0.0000,0.0000,5.603305
5.604154,2,0x03,0.7084,-0.7222,5.601315
5.604154,3,0x04,0.0000,0.0556,5.602326
5.605275,0,0x01,0.0000,0.1111,5.599328
5.605275,1,0x02,0.0000,0.0000,5.603305
5.605275,2,0x03,0.7084,-0.6111,5.604319
5.605275,3,0x04,0.0000,0.0556,5.602326
5.606379,0,0x01,0.0000,0.1111,5.599328
5.606379,1,0x02,0.0000,0.0000,5.606307
5.606379,2,0x03,1.0149,-0.6111,5.604319
5.606379,3,0x04,0.0000,0.0556,5.605339
5.615995,0,0x01,0.0000,0.1111,5.619327
5.615995,1,0x02,0.0000,0.0556,5.620323
5.615995,2,0x03,1.3034,-0.6111,5.604319
5.615995,3,0x04,0.0000,0.0556,5.618336
5.622010,0,0x01,0.0000,0.1111,5.619327
5.622010,1,0x02,0.0000,0.0556,5.620323
5.622010,2,0x03,1.3034,-0.6111,5.604319
5.622010,3,0x04,0.0000,0.0556,5.618336
5.623086,0,0x01,0.0000,0.1111,5.619327
5.623086,1,0x02,0.0000,0.0556,5.620323
5.623086,2,0x03,1.3034,-0.6111,5.604319
5.623086,3,0x04,0.0000,0.0556,5.618336
5.624167,0,0x01,0.0000,0.1111,5.619327
5.624167,1,0x02,0.0000,0.0556,5.620323
5.624167,2,0x03,1.3034,-0.6111,5.604319
5.624167,3,0x04,0.0000,0.0556,5.618336
5.625234,0,0x01,0.0000,0.1111,5.619327
5.625234,1,0x02,0.0000,0.0556,5.620323
5.625234,2,0x03,1.3034,-0.6111,5.604319
5.625234,3,0x04,0.0000,0.0556,5.618336
5.626298,0,0x01,0.0000,0.1111,5.619327
5.626298,1,0x02,0.0000,0.0556,5.620323
5.626298,2,0x03,1.6125,-0.6111,5.604319
5.626298,3,0x04,0.0000,0.0556,5.618336
5.634043,0,0x01,0.0000,0.1111,5.619327
5.634043,1,0x02,0.0000,0.0556,5.620323
5.634043,2,0x03,1.6125,-0.6111,5.604319
5.634043,3,0x04,0.0000,0.0556,5.618336
5.635115,0,0x01,0.0000,0.1111,5.619327
5.635115,1,0x02,0.0000,0.0556,5.620323
5.635115,2,0x03,1.6125,-0.6111,5.604319
5.635115,3,0x04,0.0000,0.0556,5.618336
5.636199,0,0x01,0.0000,0.1111,5.619327
5.636199,1,0x02,0.0000,0.0556,5.620323
5.636199,2,0x03,1.9095,-0.6111,5.604319
5.636199,3,0x04,0.0000,0.0556,5.618336
5.642924,0,0x01,0.0000,0.1111,5.619327
5.642924,1,0x02,0.0000,0.0556,5.620323
5.642924,2,0x03,1.9095,-0.6111,5.604319
5.642924,3,0x04,0.0000,0.0556,5.618336
5.644011,0,0x01,0.0000,0.1111,5.619327
5.644011,1,0x02,0.0000,0.0556,5.620323
5.644011,2,0x03,1.9095,-0.6111,5.604319
5.644011,3,0x04,0.0000,0.0556,5.618336
5.645138,0,0x01,0.0000,0.1111,5.619327
5.645138,1,0x02,0.0000,0.0556,5.620323
5.645138,2,0x03,1.9095,-0.6111,5.604319
5.645138,3,0x04,0.0000,0.0556,5.618336
5.646205,0,0x01,0.0000,0.1111,5.619327
5.646205,1,0x02,0.0000,0.0556,5.620323
5.646205,2,0x03,2.2097,-0.6111,5.604319
5.646205,3,0x04,0.0000,0.0556,5.618336
5.653917,0,0x01,0.0000,0.1111,5.619327
5.653917,1,0x02,0.0000,0.0556,5.620323
5.653917,2,0x03,2.2097,-0.6111,5.604319
5.653917,3,0x04,0.0000,0.0556,5.618336
5.655032,0,0x01,0.0000,0.1111,5.619327
5.655032,1,0x02,0.0000,0.0556,5.620323
5.655032,2,0x03,2.2097,-0.6111,5.604319
5.655032,3,0x04,0.0000,0.0556,5.618336
5.656132,0,0x01,0.0000,0.0556,5.661323
5.656132,1,0x02,0.0000,0.0556,5.620323
5.656132,2,0x03,2.5075,-0.6111,5.604319
5.656132,3,0x04,0.0000,0.0556,5.659319
5.662968,0,0x01,0.0000,0.0556,5.661323
5.662968,1,0x02,0.0000,0.0556,5.620323
5.662968,2,0x03,2.5075,0.7222,5.662314
5.662968,3,0x04,0.0000,0.0556,5.659319
5.664051,0,0x01,0.0000,0.0556,5.661323
5.664051,1,0x02,0.0000,0.0556,5.620323
5.664051,2,0x03,2.5075,0.7222,5.662314
5.664051,3,0x04,0.0000,0.0000,5.663300
5.665154,0,0x01,0.0000,0.0556,5.661323
5.665154,1,0x02,0.0000,0.0556,5.664292
5.665154,2,0x03,2.5075,0.7222,5.662314
5.665154,3,0x04,0.0000,0.0000,5.663300
5.666257,0,0x01,0.0000,0.0556,5.666333
5.666257,1,0x02,0.0000,0.0556,5.667303
5.666257,2,0x03,2.8112,0.7222,5.665294
5.666257,3,0x04,0.0000,0.0000,5.663300
5.680006,0,0x01,0.0000,0.0556,5.666333
5.680006,1,0x02,0.0000,0.0556,5.667303
5.680006,2,0x03,3.2237,0.7222,5.665294
5.680006,3,0x04,0.0000,0.0000,5.663300
5.685918,0,0x01,0.0000,0.0556,5.666333
5.685918,1,0x02,0.0000,0.0556,5.667303
5.685918,2,0x03,3.4011,0.7222,5.665294
5.685918,3,0x04,0.0000,0.0000,5.663300
5.691963,0,0x01,0.0000,0.0556,5.666333
5.691963,1,0x02,0.0000,0.0556,5.667303
5.691963,2,0x03,3.4011,0.7222,5.665294
5.691963,3,0x04,0.0000,0.0000,5.663300
5.693032,0,0x01,0.0000,0.0556,5.666333
5.693032,1,0x02,0.0000,0.0556,5.667303
5.693032,2,0x03,3.4011,0.7222,5.665294
5.693032,3,0x04,0.0000,0.0000,5.663300
5.694104,0,0x01,0.0000,0.0556,5.666333
5.694104,1,0x02,0.0000,0.0556,5.667303
5.694104,2,0x03,3.4011,0.7222,5.665294
5.694104,3,0x04,0.0000,0.0000,5.663300
5.695200,0,0x01,0.0000,0.0556,5.666333
5.695200,1,0x02,0.0000,0.0556,5.667303
5.695200,2,0x03,3.4011,0.7222,5.665294
5.695200,3,0x04,0.0000,0.0000,5.663300
5.696267,0,0x01,0.0000,0.0556,5.666333
5.696267,1,0x02,0.0000,0.0556,5.667303
5.696267,2,0x03,3.7116,0.7222,5.665294
5.696267,3,0x04,0.0000,0.0000,5.663300
5.703929,0,0x01,0.0000,0.0556,5.666333
5.703929,1,0x02,0.0000,0.0556,5.667303
5.703929,2,0x03,3.7116,0.7222,5.665294
5.703929,3,0x04,0.0000,0.0000,5.663300
5.705027,0,0x01,0.0000,0.0556,5.666333
5.705027,1,0x02,0.0000,0.0556,5.667303
5.705027,2,0x03,3.7116,0.7222,5.665294
5.705027,3,0x04,0.0000,0.0000,5.663300
5.706133,0,0x01,0.0000,0.0556,5.666333
5.706133,1,0x02,0.0000,0.0556,5.667303
5.706133,2,0x03,4.0075,0.7222,5.665294
5.706133,3,0x04,0.0000,0.0000,5.663300
5.712928,0,0x01,0.0000,0.0556,5.666333
5.712928,1,0x02,0.0000,0.0556,5.667303
5.712928,2,0x03,4.0075,0.7222,5.665294
5.712928,3,0x04,0.0000,0.0000,5.663300
5.713996,0,0x01,0.0000,0.0556,5.666333
5.713996,1,0x02,0.0000,0.0556,5.667303
5.713996,2,0x03,4.0075,0.7222,5.665294
5.713996,3,0x04,0.0000,0.0000,5.663300
5.715075,0,0x01,0.0000,0.1111,5.714298
5.715075,1,0x02,0.0000,0.0556,5.667303
5.715075,2,0x03,4.0075,0.7222,5.665294
5.715075,3,0x04,0.0000,0.0000,5.663300
5.716184,0,0x01,0.0000,0.1111,5.718354
5.716184,1,0x02,0.0000,0.0000,5.722324
5.716184,2,0x03,4.3091,2.3333,5.720329
5.716184,3,0x04,0.0000,0.0556,5.721338
5.724016,0,0x01,0.0000,0.1111,5.718354
5.724016,1,0x02,0.0000,0.0000,5.722324
5.724016,2,0x03,4.3091,2.3333,5.723324
5.724016,3,0x04,0.0000,0.0556,5.721338
5.725106,0,0x01,0.0000,0.0556,5.724313
5.725106,1,0x02,0.0000,0.0000,5.722324
5.725106,2,0x03,4.3091,2.3333,5.723324
5.725106,3,0x04,0.0000,0.0556,5.721338
5.726218,0,0x01,0.0000,0.1111,5.728322
5.726218,1,0x02,0.0000,0.0000,5.725305
5.726218,2,0x03,4.6101,2.3889,5.726310
5.726218,3,0x04,0.0000,0.0556,5.727321
5.732972,0,0x01,0.0000,0.1111,5.728322
5.732972,1,0x02,0.0000,0.0000,5.725305
5.732972,2,0x03,4.6101,2.3889,5.726310
5.732972,3,0x04,0.0000,0.0556,5.727321
5.734052,0,0x01,0.0000,0.1111,5.728322
5.734052,1,0x02,0.0000,0.0000,5.725305
5.734052,2,0x03,4.6101,2.3889,5.726310
5.734052,3,0x04,0.0000,0.0556,5.727321
5.735137,0,0x01,0.0000,0.1111,5.728322
5.735137,1,0x02,0.0000,0.0000,5.725305
5.735137,2,0x03,4.6101,2.3889,5.726310
5.735137,3,0x04,0.0000,0.0556,5.727321
5.736218,0,0x01,0.0000,0.1111,5.728322
5.736218,1,0x02,0.0000,0.0000,5.725305
5.736218,2,0x03,4.9101,2.3889,5.726310
5.736218,3,0x04,0.0000,0.0556,5.727321
5.743944,0,0x01,0.0000,0.1111,5.728322
5.743944,1,0x02,0.0000,0.0000,5.725305
5.743944,2,0x03,4.9101,2.3889,5.726310
5.743944,3,0x04,0.0000,0.0556,5.727321
5.745037,0,0x01,0.0000,0.1111,5.728322
5.745037,1,0x02,0.0000,0.0000,5.725305
5.745037,2,0x03,4.9101,2.3889,5.726310
5.745037,3,0x04,0.0000,0.0556,5.727321
5.746117,0,0x01,0.0000,0.1111,5.728322
5.746117,1,0x02,0.0000,0.0000,5.725305
5.746117,2,0x03,5.2071,2.3889,5.726310
5.746117,3,0x04,0.0000,0.0556,5.727321
5.752923,0,0x01,0.0000,0.1111,5.728322
5.752923,1,0x02,0.0000,0.0000,5.725305
5.752923,2,0x03,5.2071,2.3889,5.726310
5.752923,3,0x04,0.0000,0.0556,5.727321
5.754031,0,0x01,0.0000,0.1111,5.728322
5.754031,1,0x02,0.0000,0.0000,5.725305
5.754031,2,0x03,5.2071,2.3889,5.726310
5.754031,3,0x04,0.0000,0.0556,5.727321
5.755149,0,0x01,0.0000,0.1111,5.728322
5.755149,1,0x02,0.0000,0.0000,5.725305
5.755149,2,0x03,5.2071,2.3889,5.726310
5.755149,3,0x04,0.0000,0.0556,5.727321
5.756257,0,0x01,0.0000,0.1111,5.728322
5.756257,1,0x02,0.0000,0.0000,5.725305
5.756257,2,0x03,5.5112,2.3889,5.726310
5.756257,3,0x04,0.0000,0.0556,5.727321
5.763938,0,0x01,0.0000,0.1111,5.728322
5.763938,1,0x02,0.0000,0.0000,5.725305
5.763938,2,0x03,5.5112,2.3889,5.726310
5.763938,3,0x04,0.0000,0.0556,5.727321
5.765003,0,0x01,0.0000,0.1111,5.728322
5.765003,1,0x02,0.0000,0.0000,5.725305
5.765003,2,0x03,5.5112,2.3333,5.764323
5.765003,3,0x04,0.0000,0.0556,5.727321
5.766102,0,0x01,0.0000,0.0556,5.766311
5.766102,1,0x02,0.0000,0.0556,5.767326
5.766102,2,0x03,5.8066,4.0556,5.771361
5.766102,3,0x04,0.0000,0.0556,5.769330
5.773015,0,0x01,0.0000,0.1111,5.772340
5.773015,1,0x02,0.0000,0.0556,5.767326
5.773015,2,0x03,5.8066,4.0556,5.771361
5.773015,3,0x04,0.0000,0.0556,5.769330
5.774112,0,0x01,0.0000,0.1111,5.772340
5.774112,1,0x02,0.0000,0.0556,5.767326
5.774112,2,0x03,5.8066,4.0556,5.771361
5.774112,3,0x04,0.0000,0.0556,5.769330
5.775196,0,0x01,0.0000,0.1111,5.772340
5.775196,1,0x02,0.0000,0.0556,5.767326
5.775196,2,0x03,5.8066,4.0556,5.771361
5.775196,3,0x04,0.0000,0.0556,5.769330
5.776264,0,0x01,0.0000,0.1111,5.772340
5.776264,1,0x02,0.0000,0.0000,5.776316
5.776264,2,0x03,6.1115,4.3333,5.775322
5.776264,3,0x04,0.0000,0.0556,5.769330
5.785967,0,0x01,0.0000,0.1111,5.772340
5.785967,1,0x02,0.0000,0.0000,5.776316
5.785967,2,0x03,6.4025,4.3333,5.775322
5.785967,3,0x04,0.0000,0.0000,5.787337
5.791978,0,0x01,0.0000,0.1111,5.772340
5.791978,1,0x02,0.0000,0.0000,5.776316
5.791978,2,0x03,6.4025,4.3333,5.775322
5.791978,3,0x04,0.0000,0.0000,5.787337
5.793061,0,0x01,0.0000,0.1111,5.772340
5.793061,1,0x02,0.0000,0.0000,5.776316
5.793061,2,0x03,6.4025,4.3333,5.775322
5.793061,3,0x04,0.0000,0.0000,5.787337
5.794145,0,0x01,0.0000,0.1111,5.772340
5.794145,1,0x02,0.0000,0.0000,5.776316
5.794145,2,0x03,6.4025,4.3333,5.775322
5.794145,3,0x04,0.0000,0.0000,5.787337
5.795237,0,0x01,0.0000,0.1111,5.772340
5.795237,1,0x02,0.0000,0.0000,5.776316
5.795237,2,0x03,6.4025,4.3333,5.775322
5.795237,3,0x04,0.0000,0.0000,5.787337
5.796300,0,0x01,0.0000,0.1111,5.772340
5.796300,1,0x02,0.0000,0.0000,5.776316
5.796300,2,0x03,6.7125,4.3333,5.775322
5.796300,3,0x04,0.0000,0.0000,5.787337
5.803918,0,0x01,0.0000,0.1111,5.772340
5.803918,1,0x02,0.0000,0.0000,5.776316
5.803918,2,0x03,6.7125,4.3333,5.775322
5.803918,3,0x04,0.0000,0.0000,5.787337
5.805015,0,0x01,0.0000,0.1111,5.772340
5.805015,1,0x02,0.0000,0.0000,5.776316
5.805015,2,0x03,6.7125,4.3333,5.775322
5.805015,3,0x04,0.0000,0.0000,5.787337
5.806088,0,0x01,0.0000,0.1111,5.772340
5.806088,1,0x02,0.0000,0.0000,5.776316
5.806088,2,0x03,7.0062,4.3333,5.775322
5.806088,3,0x04,0.0000,0.0000,5.787337
5.812916,0,0x01,0.0000,0.1111,5.772340
5.812916,1,0x02,0.0000,0.0000,5.776316
5.812916,2,0x03,7.0062,4.3333,5.775322
5.812916,3,0x04,0.0000,0.0000,5.787337
5.813983,0,0x01,0.0000,0.1111,5.772340
5.813983,1,0x02,0.0000,0.0000,5.776316
5.813983,2,0x03,7.0062,4.3333,5.775322
5.813983,3,0x04,0.0000,0.0000,5.787337
5.815061,0,0x01,0.0000,0.1111,5.772340
5.815061,1,0x02,0.0000,0.0000,5.776316
5.815061,2,0x03,7.0062,4.3333,5.775322
5.815061,3,0x04,0.0000,0.0000,5.787337
5.816140,0,0x01,0.0000,0.1111,5.772340
5.816140,1,0x02,0.0000,0.0000,5.776316
5.816140,2,0x03,7.3077,4.3333,5.775322
5.816140,3,0x04,0.0000,0.0000,5.787337
5.821935,0,0x01,0.0000,0.1111,5.772340
5.821935,1,0x02,0.0000,0.0000,5.776316
5.821935,2,0x03,7.3077,4.3333,5.775322
5.821935,3,0x04,0.0000,0.0000,5.787337
5.823000,0,0x01,0.0000,0.1111,5.772340
5.823000,1,0x02,0.0000,0.0000,5.776316
5.823000,2,0x03,7.3077,4.3333,5.775322
5.823000,3,0x04,0.0000,0.0000,5.787337
5.824072,0,0x01,0.0000,0.0556,5.823314
5.824072,1,0x02,0.0000,0.0000,5.776316
5.824072,2,0x03,7.3077,4.3333,5.775322
5.824072,3,0x04,0.0000,0.0000,5.787337
5.825197,0,0x01,0.0000,0.0556,5.823314
5.825197,1,0x02,0.0000,0.0000,5.776316
5.825197,2,0x03,7.3077,4.3333,5.775322
5.825197,3,0x04,0.0000,0.0000,5.787337
5.826279,0,0x01,0.0000,0.1111,5.830314
5.826279,1,0x02,0.0000,0.0556,5.831313
5.826279,2,0x03,7.6119,5.8333,5.832323
5.826279,3,0x04,0.0000,0.0556,5.829312
5.834044,0,0x01,0.0000,0.1111,5.833323
5.834044,1,0x02,0.0000,0.0556,5.831313
5.834044,2,0x03,7.6119,5.8333,5.832323
5.834044,3,0x04,0.0000,0.0556,5.829312
5.835132,0,0x01,0.0000,0.1111,5.833323
5.835132,1,0x02,0.0000,0.0556,5.834295
5.835132,2,0x03,7.6119,5.8333,5.832323
5.835132,3,0x04,0.0000,0.0556,5.829312
5.836223,0,0x01,0.0000,0.1111,5.833323
5.836223,1,0x02,0.0000,0.0556,5.834295
5.836223,2,0x03,7.9102,5.7778,5.835294
5.836223,3,0x04,0.0000,0.0556,5.836302
5.845992,0,0x01,0.0000,0.1111,5.833323
5.845992,1,0x02,0.0000,0.0556,5.834295
5.845992,2,0x03,7.7967,5.7778,5.847357
5.845992,3,0x04,0.0000,0.0556,5.848331
5.853974,0,0x01,0.0000,0.1111,5.833323
5.853974,1,0x02,0.0000,0.0556,5.834295
5.853974,2,0x03,7.7967,5.7778,5.847357
5.853974,3,0x04,0.0000,0.0556,5.848331
5.855088,0,0x01,0.0000,0.1111,5.833323
5.855088,1,0x02,0.0000,0.0556,5.834295
5.855088,2,0x03,7.7967,5.7778,5.847357
5.855088,3,0x04,0.0000,0.0556,5.848331
5.856184,0,0x01,0.0000,0.1111,5.833323
5.856184,1,0x02,0.0000,0.0556,5.834295
5.856184,2,0x03,7.4909,5.7778,5.847357
5.856184,3,0x04,0.0000,0.0556,5.848331
5.862938,0,0x01,0.0000,0.1111,5.833323
5.862938,1,0x02,0.0000,0.0556,5.834295
5.862938,2,0x03,7.4909,5.7778,5.847357
5.862938,3,0x04,0.0000,0.0556,5.848331
5.864009,0,0x01,0.0000,0.1111,5.833323
5.864009,1,0x02,0.0000,0.0556,5.834295
5.864009,2,0x03,7.4909,5.7778,5.847357
5.864009,3,0x04,0.0000,0.0556,5.848331
5.865086,0,0x01,0.0000,0.1111,5.833323
5.865086,1,0x02,0.0000,0.0556,5.834295
5.865086,2,0x03,7.4909,5.7778,5.847357
5.865086,3,0x04,0.0000,0.0556,5.848331
5.866151,0,0x01,0.0000,0.1111,5.833323
5.866151,1,0x02,0.0000,0.0556,5.834295
5.866151,2,0x03,7.1919,5.7778,5.847357
5.866151,3,0x04,0.0000,0.0556,5.848331
5.871977,0,0x01,0.0000,0.1111,5.833323
5.871977,1,0x02,0.0000,0.0556,5.834295
5.871977,2,0x03,7.1919,5.7778,5.847357
5.871977,3,0x04,0.0000,0.0556,5.848331
5.873076,0,0x01,0.0000,0.1111,5.833323
5.873076,1,0x02,0.0000,0.0556,5.834295
5.873076,2,0x03,7.1919,5.7778,5.847357
5.873076,3,0x04,0.0000,0.0556,5.848331
5.874223,0,0x01,0.0000,0.1111,5.833323
5.874223,1,0x02,0.0000,0.0556,5.834295
5.874223,2,0x03,7.1919,5.7778,5.847357
5.874223,3,0x04,0.0000,0.0556,5.848331
5.875314,0,0x01,0.0000,0.1111,5.833323
5.875314,1,0x02,0.0000,0.0556,5.834295
5.875314,2,0x03,7.1919,5.7778,5.847357
5.875314,3,0x04,0.0000,0.0556,5.848331
5.876400,0,0x01,0.0000,0.1111,5.833323
5.876400,1,0x02,0.0000,0.0556,5.834295
5.876400,2,0x03,6.8845,5.7778,5.847357
5.876400,3,0x04,0.0000,0.0556,5.848331
5.883923,0,0x01,0.0000,0.1111,5.833323
5.883923,1,0x02,0.0000,0.0556,5.834295
5.883923,2,0x03,6.8845,5.7778,5.847357
5.883923,3,0x04,0.0000,0.0556,5.848331
5.884996,0,0x01,0.0000,0.0556,5.884330
5.884996,1,0x02,0.0000,0.0556,5.834295
5.884996,2,0x03,6.8845,5.7778,5.847357
5.884996,3,0x04,0.0000,0.0556,5.848331
5.886122,0,0x01,0.0000,0.1111,5.888325
5.886122,1,0x02,0.0000,0.0000,5.885308
5.886122,2,0x03,6.5928,7.4444,5.889331
5.886122,3,0x04,0.0000,0.0556,5.890323
5.893146,0,0x01,0.0000,0.1111,5.888325
5.893146,1,0x02,0.0000,0.0000,5.892323
5.893146,2,0x03,6.5928,7.4444,5.889331
5.893146,3,0x04,0.0000,0.0556,5.890323
5.894258,0,0x01,0.0000,0.1111,5.888325
5.894258,1,0x02,0.0000,0.0000,5.892323
5.894258,2,0x03,6.5928,7.4444,5.893303
5.894258,3,0x04,0.0000,0.0556,5.890323
5.895385,0,0x01,0.0000,0.1111,5.888325
5.895385,1,0x02,0.0000,0.0000,5.895310
5.895385,2,0x03,6.5928,7.4444,5.893303
5.895385,3,0x04,0.0000,0.0556,5.890323
5.896485,0,0x01,0.0000,0.0556,5.897308
5.896485,1,0x02,0.0000,0.0000,5.898337
5.896485,2,0x03,6.2819,7.4444,5.896307
5.896485,3,0x04,0.0000,0.0556,5.890323
5.910036,0,0x01,0.0000,0.0556,5.897308
5.910036,1,0x02,0.0000,0.0000,5.898337
5.910036,2,0x03,5.8754,7.4444,5.896307
5.910036,3,0x04,0.0000,0.0556,5.890323
5.915940,0,0x01,0.0000,0.0556,5.897308
5.915940,1,0x02,0.0000,0.0000,5.898337
5.915940,2,0x03,5.6983,7.4444,5.896307
5.915940,3,0x04,0.0000,0.0556,5.890323
5.921932,0,0x01,0.0000,0.0556,5.897308
5.921932,1,0x02,0.0000,0.0000,5.898337
5.921932,2,0x03,5.6983,7.4444,5.896307
5.921932,3,0x04,0.0000,0.0556,5.890323
5.923026,0,0x01,0.0000,0.0556,5.897308
5.923026,1,0x02,0.0000,0.0000,5.898337
5.923026,2,0x03,5.6983,7.4444,5.896307
5.923026,3,0x04,0.0000,0.0556,5.890323
5.924108,0,0x01,0.0000,0.0556,5.897308
5.924108,1,0x02,0.0000,0.0000,5.898337
5.924108,2,0x03,5.6983,7.4444,5.896307
5.924108,3,0x04,0.0000,0.0556,5.890323
5.925189,0,0x01,0.0000,0.0556,5.897308
5.925189,1,0x02,0.0000,0.0000,5.898337
5.925189,2,0x03,5.6983,7.4444,5.896307
5.925189,3,0x04,0.0000,0.0556,5.890323
5.926295,0,0x01,0.0000,0.0556,5.897308
5.926295,1,0x02,0.0000,0.0000,5.898337
5.926295,2,0x03,5.3876,7.4444,5.896307
5.926295,3,0x04,0.0000,0.0556,5.890323
5.933982,0,0x01,0.0000,0.0556,5.897308
5.933982,1,0x02,0.0000,0.0000,5.898337
5.933982,2,0x03,5.3876,7.4444,5.896307
5.933982,3,0x04,0.0000,0.0556,5.890323
5.935075,0,0x01,0.0000,0.0556,5.897308
5.935075,1,0x02,0.0000,0.0000,5.898337
5.935075,2,0x03,5.3876,7.4444,5.896307
5.935075,3,0x04,0.0000,0.0556,5.890323
5.936172,0,0x01,0.0000,0.0556,5.897308
5.936172,1,0x02,0.0000,0.0000,5.898337
5.936172,2,0x03,5.0913,7.4444,5.896307
5.936172,3,0x04,0.0000,0.0556,5.890323
5.942948,0,0x01,0.0000,0.0556,5.897308
5.942948,1,0x02,0.0000,0.0000,5.898337
5.942948,2,0x03,5.0913,7.4444,5.896307
5.942948,3,0x04,0.0000,0.0556,5.890323
5.944035,0,0x01,0.0000,0.0556,5.897308
5.944035,1,0x02,0.0000,0.0000,5.898337
5.944035,2,0x03,5.0913,7.4444,5.896307
5.944035,3,0x04,0.0000,0.0556,5.890323
5.945118,0,0x01,0.0000,0.0556,5.897308
5.945118,1,0x02,0.0000,0.0000,5.898337
5.945118,2,0x03,5.0913,7.4444,5.896307
5.945118,3,0x04,0.0000,0.0556,5.944324
5.946239,0,0x01,0.0000,0.0556,5.952349
5.946239,1,0x02,0.0000,0.0000,5.951400
5.946239,2,0x03,4.7893,6.9444,5.947421
5.946239,3,0x04,0.0000,0.0000,5.948384
5.954039,0,0x01,0.0000,0.0556,5.952349
5.954039,1,0x02,0.0000,0.0000,5.953309
5.954039,2,0x03,4.7893,6.9444,5.947421
5.954039,3,0x04,0.0000,0.0000,5.948384
5.955146,0,0x01,0.0000,0.0556,5.952349
5.955146,1,0x02,0.0000,0.0000,5.953309
5.955146,2,0x03,4.7893,7.0000,5.954316
5.955146,3,0x04,0.0000,0.0000,5.948384
5.956252,0,0x01,0.0000,0.1111,5.956328
5.956252,1,0x02,0.0000,0.0000,5.953309
5.956252,2,0x03,4.4889,6.7778,5.957306
5.956252,3,0x04,0.0000,0.0556,5.958316
5.965001,0,0x01,0.0000,0.1111,5.956328
5.965001,1,0x02,0.0000,0.0000,5.953309
5.965001,2,0x03,4.4889,6.7778,5.957306
5.965001,3,0x04,0.0000,0.0556,5.958316
5.966069,0,0x01,0.0000,0.1111,5.956328
5.966069,1,0x02,0.0000,0.0000,5.953309
5.966069,2,0x03,4.1944,6.7778,5.957306
5.966069,3,0x04,0.0000,0.0556,5.958316
5.973949,0,0x01,0.0000,0.1111,5.956328
5.973949,1,0x02,0.0000,0.0000,5.953309
5.973949,2,0x03,4.1944,6.7778,5.957306
5.973949,3,0x04,0.0000,0.0556,5.958316
5.975040,0,0x01,0.0000,0.1111,5.956328
5.975040,1,0x02,0.0000,0.0000,5.953309
5.975040,2,0x03,4.1944,6.7778,5.957306
5.975040,3,0x04,0.0000,0.0556,5.958316
5.976126,0,0x01,0.0000,0.1111,5.956328
5.976126,1,0x02,0.0000,0.0000,5.953309
5.976126,2,0x03,3.8927,6.7778,5.957306
5.976126,3,0x04,0.0000,0.0556,5.958316
5.982922,0,0x01,0.0000,0.1111,5.956328
5.982922,1,0x02,0.0000,0.0000,5.953309
5.982922,2,0x03,3.8927,6.7778,5.957306
5.982922,3,0x04,0.0000,0.0556,5.958316
5.984012,0,0x01,0.0000,0.1111,5.956328
5.984012,1,0x02,0.0000,0.0000,5.953309
5.984012,2,0x03,3.8927,6.7778,5.957306
5.984012,3,0x04,0.0000,0.0556,5.958316
5.985082,0,0x01,0.0000,0.1111,5.956328
5.985082,1,0x02,0.0000,0.0000,5.953309
5.985082,2,0x03,3.8927,6.7778,5.957306
5.985082,3,0x04,0.0000,0.0556,5.958316
5.986186,0,0x01,0.0000,0.1111,5.956328
5.986186,1,0x02,0.0000,0.0000,5.953309
5.986186,2,0x03,3.5909,6.7778,5.957306
5.986186,3,0x04,0.0000,0.0556,5.958316
5.993925,0,0x01,0.0000,0.1111,5.956328
5.993925,1,0x02,0.0000,0.0000,5.953309
5.993925,2,0x03,3.5909,6.7778,5.957306
5.993925,3,0x04,0.0000,0.0556,5.958316
5.995020,0,0x01,0.0000,0.1111,5.956328
5.995020,1,0x02,0.0000,0.0000,5.953309
5.995020,2,0x03,3.5909,6.7778,5.957306
5.995020,3,0x04,0.0000,0.0556,5.958316
5.996122,0,0x01,0.0000,0.1111,5.956328
5.996122,1,0x02,0.0000,0.0000,5.953309
5.996122,2,0x03,3.2928,6.7778,5.957306
5.996122,3,0x04,0.0000,0.0556,5.958316
6.002948,0,0x01,0.0000,0.1111,5.956328
6.002948,1,0x02,0.0000,0.0000,5.953309
6.002948,2,0x03,3.2928,6.7778,5.957306
6.002948,3,0x04,0.0000,0.0556,5.958316
6.004014,0,0x01,0.0000,0.1111,6.003319
6.004014,1,0x02,0.0000,0.0000,5.953309
6.004014,2,0x03,3.2928,6.7778,5.957306
6.004014,3,0x04,0.0000,0.0556,5.958316
6.005127,0,0x01,0.0000,0.1111,6.003319
6.005127,1,0x02,0.0000,0.0000,6.004304
6.005127,2,0x03,3.2928,6.7778,5.957306
6.005127,3,0x04,0.0000,0.0556,5.958316
6.006232,0,0x01,0.0000,0.0556,6.010362
6.006232,1,0x02,0.0000,0.0556,6.011399
6.006232,2,0x03,2.9895,4.7222,6.009324
6.006232,3,0x04,0.0000,0.0556,6.012323
6.014022,0,0x01,0.0000,0.1111,6.013326
6.014022,1,0x02,0.0000,0.0556,6.011399
6.014022,2,0x03,2.9895,4.7222,6.009324
6.014022,3,0x04,0.0000,0.0556,6.012323
6.015130,0,0x01,0.0000,0.1111,6.013326
6.015130,1,0x02,0.0000,0.0000,6.014312
6.015130,2,0x03,2.9895,4.7222,6.009324
6.015130,3,0x04,0.0000,0.0556,6.012323
6.016205,0,0x01,0.0000,0.1111,6.017325
6.016205,1,0x02,0.0000,0.0000,6.014312
6.016205,2,0x03,2.6903,4.6111,6.018338
6.016205,3,0x04,0.0000,0.0000,6.019323
6.024998,0,0x01,0.0000,0.1111,6.017325
6.024998,1,0x02,0.0000,0.0000,6.014312
6.024998,2,0x03,2.6903,4.6111,6.018338
6.024998,3,0x04,0.0000,0.0000,6.019323
6.026083,0,0x01,0.0000,0.1111,6.017325
6.026083,1,0x02,0.0000,0.0000,6.014312
6.026083,2,0x03,2.3940,4.1667,6.032352
6.026083,3,0x04,0.0000,0.0000,6.019323
6.033989,0,0x01,0.0000,0.1111,6.017325
6.033989,1,0x02,0.0000,0.0000,6.014312
6.033989,2,0x03,2.3940,4.1667,6.032352
6.033989,3,0x04,0.0000,0.0000,6.033312
6.035071,0,0x01,0.0000,0.1111,6.017325
6.035071,1,0x02,0.0000,0.0556,6.034376
6.035071,2,0x03,2.3940,4.1667,6.032352
6.035071,3,0x04,0.0000,0.0000,6.033312
6.036189,0,0x01,0.0000,0.1111,6.042324
6.036189,1,0x02,0.0000,0.0556,6.034376
6.036189,2,0x03,2.0908,4.0000,6.036309
6.036189,3,0x04,0.0000,0.0556,6.040352
6.043981,0,0x01,0.0000,0.1111,6.042324
6.043981,1,0x02,0.0000,0.0556,6.034376
6.043981,2,0x03,2.0908,4.0000,6.036309
6.043981,3,0x04,0.0000,0.0556,6.040352
6.045088,0,0x01,0.0000,0.1111,6.042324
6.045088,1,0x02,0.0000,0.0556,6.034376
6.045088,2,0x03,2.0908,4.0000,6.036309
6.045088,3,0x04,0.0000,0.0556,6.040352
6.046188,0,0x01,0.0000,0.1111,6.042324
6.046188,1,0x02,0.0000,0.0000,6.045305
6.046188,2,0x03,1.7908,3.3889,6.048482
6.046188,3,0x04,0.0000,0.0556,6.050418
6.053050,0,0x01,0.0000,0.1111,6.042324
6.053050,1,0x02,0.0000,0.0000,6.045305
6.053050,2,0x03,1.7908,3.3889,6.048482
6.053050,3,0x04,0.0000,0.0556,6.050418
6.054119,0,0x01,0.0000,0.1111,6.042324
6.054119,1,0x02,0.0000,0.0000,6.045305
6.054119,2,0x03,1.7908,3.3889,6.048482
6.054119,3,0x04,0.0000,0.0556,6.050418
6.055217,0,0x01,0.0000,0.1111,6.054438
6.055217,1,0x02,0.0000,0.0000,6.045305
6.055217,2,0x03,1.7908,3.3889,6.048482
6.055217,3,0x04,0.0000,0.0556,6.050418
6.056344,0,0x01,0.0000,0.1111,6.054438
6.056344,1,0x02,0.0000,0.0556,6.057334
6.056344,2,0x03,1.4861,3.0000,6.060333
6.056344,3,0x04,0.0000,0.0556,6.062328
6.063995,0,0x01,0.0000,0.1111,6.054438
6.063995,1,0x02,0.0000,0.0556,6.057334
6.063995,2,0x03,1.4861,3.0000,6.060333
6.063995,3,0x04,0.0000,0.0556,6.062328
6.065078,0,0x01,0.0000,0.1111,6.054438
6.065078,1,0x02,0.0000,0.0556,6.057334
6.065078,2,0x03,1.4861,3.0000,6.060333
6.065078,3,0x04,0.0000,0.0556,6.062328
6.066144,0,0x01,0.0000,0.1111,6.054438
6.066144,1,0x02,0.0000,0.0556,6.057334
6.066144,2,0x03,1.1921,3.0000,6.060333
6.066144,3,0x04,0.0000,0.0556,6.062328
6.076967,0,0x01,0.0000,0.1111,6.054438
6.076967,1,0x02,0.0000,0.0556,6.080324
6.076967,2,0x03,0.8675,2.2222,6.077327
6.076967,3,0x04,0.0000,0.0556,6.078342
6.083057,0,0x01,0.0000,0.1111,6.054438
6.083057,1,0x02,0.0000,0.0556,6.080324
6.083057,2,0x03,0.8675,2.2222,6.077327
6.083057,3,0x04,0.0000,0.0556,6.078342
6.084157,0,0x01,0.0000,0.1111,6.054438
6.084157,1,0x02,0.0000,0.0556,6.080324
6.084157,2,0x03,0.8675,2.2222,6.077327
6.084157,3,0x04,0.0000,0.0556,6.078342
6.085246,0,0x01,0.0000,0.1111,6.054438
6.085246,1,0x02,0.0000,0.0556,6.080324
6.085246,2,0x03,0.8675,1.7778,6.084313
6.085246,3,0x04,0.0000,0.0556,6.078342
6.086356,0,0x01,0.0000,0.1111,6.090329
6.086356,1,0x02,0.0000,0.0556,6.092324
6.086356,2,0x03,0.5858,1.7778,6.084313
6.086356,3,0x04,0.0000,0.0000,6.087310
6.094074,0,0x01,0.0000,0.1111,6.090329
6.094074,1,0x02,0.0000,0.0556,6.092324
6.094074,2,0x03,0.5858,1.7778,6.084313
6.094074,3,0x04,0.0000,0.0000,6.087310
6.095195,0,0x01,0.0000,0.1111,6.090329
6.095195,1,0x02,0.0000,0.0556,6.092324
6.095195,2,0x03,0.5858,1.7778,6.084313
6.095195,3,0x04,0.0000,0.0000,6.087310
6.096277,0,0x01,0.0000,0.1111,6.100329
6.096277,1,0x02,0.0000,0.0556,6.092324
6.096277,2,0x03,0.2881,1.5000,6.095306
6.096277,3,0x04,0.0000,0.0556,6.097323
6.103031,0,0x01,0.0000,0.1111,6.100329
6.103031,1,0x02,0.0000,0.0556,6.092324
6.103031,2,0x03,0.2881,1.5000,6.095306
6.103031,3,0x04,0.0000,0.0556,6.097323
6.104111,0,0x01,0.0000,0.1111,6.100329
6.104111,1,0x02,0.0000,0.0556,6.092324
6.104111,2,0x03,0.2881,1.5000,6.095306
6.104111,3,0x04,0.0000,0.0556,6.097323
6.105243,0,0x01,0.0000,0.1111,6.100329
6.105243,1,0x02,0.0000,0.0556,6.104303
6.105243,2,0x03,0.2881,1.5000,6.095306
6.105243,3,0x04,0.0000,0.0556,6.097323
6.106394,0,0x01,0.0000,0.1111,6.100329
6.106394,1,0x02,0.0000,0.0556,6.104303
6.106394,2,0x03,-0.0154,1.4444,6.107309
6.106394,3,0x04,0.0000,0.0556,6.097323
6.113950,0,0x01,0.0000,0.1111,6.100329
6.113950,1,0x02,0.0000,0.0556,6.104303
6.113950,2,0x03,-0.0154,1.4444,6.107309
6.113950,3,0x04,0.0000,0.0556,6.097323
6.115032,0,0x01,0.0000,0.1111,6.100329
6.115032,1,0x02,0.0000,0.0556,6.104303
6.115032,2,0x03,-0.0154,1.4444,6.107309
6.115032,3,0x04,0.0000,0.0556,6.097323
6.116113,0,0x01,0.0000,0.1111,6.100329
6.116113,1,0x02,0.0000,0.0556,6.104303
6.116113,2,0x03,-0.3069,1.4444,6.107309
6.116113,3,0x04,0.0000,0.0556,6.097323
6.124951,0,0x01,0.0000,0.1111,6.100329
6.124951,1,0x02,0.0000,0.0556,6.104303
6.124951,2,0x03,-0.3069,1.4444,6.107309
6.124951,3,0x04,0.0000,0.0556,6.097323
6.126037,0,0x01,0.0000,0.1111,6.100329
6.126037,1,0x02,0.0000,0.0556,6.104303
6.126037,2,0x03,-0.6046,1.4444,6.107309
6.126037,3,0x04,0.0000,0.0556,6.097323
6.133943,0,0x01,0.0000,0.1111,6.100329
6.133943,1,0x02,0.0000,0.0556,6.104303
6.133943,2,0x03,-0.6046,1.4444,6.107309
6.133943,3,0x04,0.0000,0.0556,6.097323
6.135023,0,0x01,0.0000,0.1111,6.100329
6.135023,1,0x02,0.0000,0.0556,6.104303
6.135023,2,0x03,-0.6046,1.4444,6.107309
6.135023,3,0x04,0.0000,0.0556,6.097323
6.136105,0,0x01,0.0000,0.1111,6.100329
6.136105,1,0x02,0.0000,0.0556,6.104303
6.136105,2,0x03,-0.9067,1.4444,6.107309
6.136105,3,0x04,0.0000,0.0556,6.097323
6.143939,0,0x01,0.0000,0.1111,6.100329
6.143939,1,0x02,0.0000,0.0556,6.104303
6.143939,2,0x03,-0.9067,1.4444,6.107309
6.143939,3,0x04,0.0000,0.0556,6.097323
6.145020,0,0x01,0.0000,0.1111,6.100329
6.145020,1,0x02,0.0000,0.0556,6.104303
6.145020,2,0x03,-0.9067,1.4444,6.107309
6.145020,3,0x04,0.0000,0.0556,6.097323
6.146115,0,0x01,0.0000,0.1111,6.100329
6.146115,1,0x02,0.0000,0.0556,6.104303
6.146115,2,0x03,-1.2070,1.4444,6.107309
6.146115,3,0x04,0.0000,0.0556,6.097323
6.152944,0,0x01,0.0000,0.1111,6.100329
6.152944,1,0x02,0.0000,0.0556,6.104303
6.152944,2,0x03,-1.2070,1.4444,6.107309
6.152944,3,0x04,0.0000,0.0556,6.097323
6.154027,0,0x01,0.0000,0.1111,6.100329
6.154027,1,0x02,0.0000,0.0556,6.104303
6.154027,2,0x03,-1.2070,1.4444,6.107309
6.154027,3,0x04,0.0000,0.0556,6.097323
6.155126,0,0x01,0.0000,0.1111,6.100329
6.155126,1,0x02,0.0000,0.0556,6.104303
6.155126,2,0x03,-1.2070,1.4444,6.107309
6.155126,3,0x04,0.0000,0.0556,6.097323
6.156228,0,0x01,0.0000,0.0556,6.160324
6.156228,1,0x02,0.0000,0.0556,6.161327
6.156228,2,0x03,-1.5104,0.1111,6.158331
6.156228,3,0x04,0.0000,0.0000,6.162339
6.164034,0,0x01,0.0000,0.1111,6.163323
6.164034,1,0x02,0.0000,0.0556,6.161327
6.164034,2,0x03,-1.5104,0.1111,6.158331
6.164034,3,0x04,0.0000,0.0000,6.162339
6.165137,0,0x01,0.0000,0.1111,6.163323
6.165137,1,0x02,0.0000,0.0556,6.164310
6.165137,2,0x03,-1.5104,0.1111,6.158331
6.165137,3,0x04,0.0000,0.0000,6.162339
6.166259,0,0x01,0.0000,0.1111,6.169344
6.166259,1,0x02,0.0000,0.0556,6.170338
6.166259,2,0x03,-1.8113,0.1111,6.171342
6.166259,3,0x04,0.0000,0.0000,6.162339
6.173044,0,0x01,0.0000,0.1111,6.169344
6.173044,1,0x02,0.0000,0.0556,6.170338
6.173044,2,0x03,-1.8113,0.1111,6.171342
6.173044,3,0x04,0.0000,0.0000,6.162339
6.174127,0,0x01,0.0000,0.1111,6.169344
6.174127,1,0x02,0.0000,0.0556,6.170338
6.174127,2,0x03,-1.8113,0.1111,6.171342
6.174127,3,0x04,0.0000,0.0000,6.162339
6.175210,0,0x01,0.0000,0.1111,6.169344
6.175210,1,0x02,0.0000,0.0556,6.170338
6.175210,2,0x03,-1.8113,0.1111,6.171342
6.175210,3,0x04,0.0000,0.0000,6.162339
6.176292,0,0x01,0.0000,0.1111,6.169344
6.176292,1,0x02,0.0000,0.0556,6.170338
6.176292,2,0x03,-2.1123,0.1111,6.171342
6.176292,3,0x04,0.0000,0.0000,6.162339
6.183973,0,0x01,0.0000,0.1111,6.169344
6.183973,1,0x02,0.0000,0.0556,6.170338
6.183973,2,0x03,-2.1123,0.1111,6.171342
6.183973,3,0x04,0.0000,0.0000,6.162339
6.185059,0,0x01,0.0000,0.1111,6.169344
6.185059,1,0x02,0.0000,0.0556,6.170338
6.185059,2,0x03,-2.1123,0.1111,6.171342
6.185059,3,0x04,0.0000,0.0000,6.162339
6.186140,0,0x01,0.0000,0.1111,6.169344
6.186140,1,0x02,0.0000,0.0556,6.170338
6.186140,2,0x03,-2.4077,0.1111,6.171342
6.186140,3,0x04,0.0000,0.0000,6.162339
6.192963,0,0x01,0.0000,0.1111,6.169344
6.192963,1,0x02,0.0000,0.0556,6.170338
6.192963,2,0x03,-2.4077,0.1111,6.171342
6.192963,3,0x04,0.0000,0.0000,6.162339
6.194049,0,0x01,0.0000,0.1111,6.169344
6.194049,1,0x02,0.0000,0.0556,6.170338
6.194049,2,0x03,-2.4077,0.1111,6.171342
6.194049,3,0x04,0.0000,0.0000,6.162339
6.195129,0,0x01,0.0000,0.1111,6.169344
6.195129,1,0x02,0.0000,0.0556,6.170338
6.195129,2,0x03,-2.4077,0.1111,6.171342
6.195129,3,0x04,0.0000,0.0000,6.162339
6.196209,0,0x01,0.0000,0.1111,6.169344
6.196209,1,0x02,0.0000,0.0556,6.170338
6.196209,2,0x03,-2.7098,0.1111,6.171342
6.196209,3,0x04,0.0000,0.0000,6.162339
6.203932,0,0x01,0.0000,0.1111,6.169344
6.203932,1,0x02,0.0000,0.0556,6.170338
6.203932,2,0x03,-2.7098,0.1111,6.171342
6.203932,3,0x04,0.0000,0.0000,6.162339
6.205026,0,0x01,0.0000,0.1111,6.169344
6.205026,1,0x02,0.0000,0.0556,6.170338
6.205026,2,0x03,-2.7098,0.1111,6.171342
6.205026,3,0x04,0.0000,0.0000,6.162339
6.206119,0,0x01,0.0000,0.1111,6.210321
6.206119,1,0x02,0.0000,0.0556,6.211328
6.206119,2,0x03,-3.0071,-1.5556,6.209326
6.206119,3,0x04,0.0000,0.0000,6.162339
6.213000,0,0x01,0.0000,0.1111,6.210321
6.213000,1,0x02,0.0000,0.0556,6.211328
6.213000,2,0x03,-3.0071,-1.5556,6.209326
6.213000,3,0x04,0.0000,0.0000,6.162339
6.214082,0,0x01,0.0000,0.1111,6.210321
6.214082,1,0x02,0.0000,0.0556,6.211328
6.214082,2,0x03,-3.0071,-1.5556,6.209326
6.214082,3,0x04,0.0000,0.0000,6.213294
6.215186,0,0x01,0.0000,0.1111,6.214309
6.215186,1,0x02,0.0000,0.0556,6.211328
6.215186,2,0x03,-3.0071,-1.5556,6.209326
6.215186,3,0x04,0.0000,0.0000,6.213294
6.216292,0,0x01,0.0000,0.0556,6.217320
6.216292,1,0x02,0.0000,0.0556,6.211328
6.216292,2,0x03,-3.3123,-1.7222,6.218328
6.216292,3,0x04,0.0000,0.0556,6.216345
6.229060,0,0x01,0.0000,0.0556,6.217320
6.229060,1,0x02,0.0000,0.0556,6.211328
6.229060,2,0x03,-3.6953,-1.7222,6.218328
6.229060,3,0x04,0.0000,0.0556,6.216345
6.235931,0,0x01,0.0000,0.0556,6.217320
6.235931,1,0x02,0.0000,0.0556,6.211328
6.235931,2,0x03,-3.9015,-1.7222,6.218328
6.235931,3,0x04,0.0000,0.0556,6.216345
6.241968,0,0x01,0.0000,0.0556,6.217320
6.241968,1,0x02,0.0000,0.0556,6.211328
6.241968,2,0x03,-3.9015,-1.7222,6.218328
6.241968,3,0x04,0.0000,0.0556,6.216345
6.243052,0,0x01,0.0000,0.0556,6.217320
6.243052,1,0x02,0.0000,0.0556,6.211328
6.243052,2,0x03,-3.9015,-1.7222,6.218328
6.243052,3,0x04,0.0000,0.0556,6.216345
6.244138,0,0x01,0.0000,0.0556,6.217320
6.244138,1,0x02,0.0000,0.0556,6.211328
6.244138,2,0x03,-3.9015,-1.7222,6.218328
6.244138,3,0x04,0.0000,0.0556,6.216345
6.245214,0,0x01,0.0000,0.0556,6.217320
6.245214,1,0x02,0.0000,0.0556,6.211328
6.245214,2,0x03,-3.9015,-1.7222,6.218328
6.245214,3,0x04,0.0000,0.0556,6.216345
6.246291,0,0x01,0.0000,0.0556,6.217320
6.246291,1,0x02,0.0000,0.0556,6.211328
6.246291,2,0x03,-4.2123,-1.7222,6.218328
6.246291,3,0x04,0.0000,0.0556,6.216345
6.253949,0,0x01,0.0000,0.0556,6.217320
6.253949,1,0x02,0.0000,0.0556,6.211328
6.253949,2,0x03,-4.2123,-1.7222,6.218328
6.253949,3,0x04,0.0000,0.0556,6.216345
6.255038,0,0x01,0.0000,0.0556,6.217320
6.255038,1,0x02,0.0000,0.0556,6.211328
6.255038,2,0x03,-4.2123,-1.7222,6.218328
6.255038,3,0x04,0.0000,0.0556,6.216345
6.256126,0,0x01,0.0000,0.0556,6.217320
6.256126,1,0x02,0.0000,0.0556,6.211328
6.256126,2,0x03,-4.5073,-1.7222,6.218328
6.256126,3,0x04,0.0000,0.0556,6.216345
6.262937,0,0x01,0.0000,0.0556,6.217320
6.262937,1,0x02,0.0000,0.0556,6.211328
6.262937,2,0x03,-4.5073,-1.7222,6.218328
6.262937,3,0x04,0.0000,0.0556,6.216345
6.264017,0,0x01,0.0000,0.0556,6.217320
6.264017,1,0x02,0.0000,0.0556,6.211328
6.264017,2,0x03,-4.5073,-1.7222,6.218328
6.264017,3,0x04,0.0000,0.0556,6.216345
6.265097,0,0x01,0.0000,0.0556,6.217320
6.265097,1,0x02,0.0000,0.0556,6.211328
6.265097,2,0x03,-4.5073,-1.7222,6.218328
6.265097,3,0x04,0.0000,0.0000,6.264325
6.266211,0,0x01,0.0000,0.1111,6.271325
6.266211,1,0x02,0.0000,0.0556,6.268329
6.266211,2,0x03,-4.8099,-3.1111,6.272333
6.266211,3,0x04,0.0000,0.0556,6.270324
6.274061,0,0x01,0.0000,0.1111,6.271325
6.274061,1,0x02,0.0000,0.0556,6.268329
6.274061,2,0x03,-4.8099,-3.1111,6.272333
6.274061,3,0x04,0.0000,0.0556,6.270324
6.275177,0,0x01,0.0000,0.1111,6.274295
6.275177,1,0x02,0.0000,0.0556,6.268329
6.275177,2,0x03,-4.8099,-3.1111,6.272333
6.275177,3,0x04,0.0000,0.0556,6.270324
6.276284,0,0x01,0.0000,0.1111,6.277322
6.276284,1,0x02,0.0000,0.0556,6.278326
6.276284,2,0x03,-5.1121,-3.1111,6.279324
6.276284,3,0x04,0.0000,0.0556,6.270324
6.283011,0,0x01,0.0000,0.1111,6.277322
6.283011,1,0x02,0.0000,0.0556,6.278326
6.283011,2,0x03,-5.1121,-3.1111,6.279324
6.283011,3,0x04,0.0000,0.0556,6.270324
6.284096,0,0x01,0.0000,0.1111,6.277322
6.284096,1,0x02,0.0000,0.0556,6.278326
6.284096,2,0x03,-5.1121,-3.1111,6.279324
6.284096,3,0x04,0.0000,0.0556,6.270324
6.285175,0,0x01,0.0000,0.1111,6.277322
6.285175,1,0x02,0.0000,0.0556,6.278326
6.285175,2,0x03,-5.1121,-3.1111,6.279324
6.285175,3,0x04,0.0000,0.0556,6.270324
6.286255,0,0x01,0.0000,0.1111,6.277322
6.286255,1,0x02,0.0000,0.0556,6.278326
6.286255,2,0x03,-5.4112,-3.1111,6.279324
6.286255,3,0x04,0.0000,0.0556,6.270324
6.293968,0,0x01,0.0000,0.1111,6.277322
6.293968,1,0x02,0.0000,0.0556,6.278326
6.293968,2,0x03,-5.4112,-3.1111,6.279324
6.293968,3,0x04,0.0000,0.0556,6.270324
6.295088,0,0x01,0.0000,0.1111,6.277322
6.295088,1,0x02,0.0000,0.0556,6.278326
6.295088,2,0x03,-5.4112,-3.1111,6.279324
6.295088,3,0x04,0.0000,0.0556,6.270324
6.296173,0,0x01,0.0000,0.1111,6.277322
6.296173,1,0x02,0.0000,0.0556,6.278326
6.296173,2,0x03,-5.7087,-3.1111,6.279324
6.296173,3,0x04,0.0000,0.0556,6.270324
6.302958,0,0x01,0.0000,0.1111,6.277322
6.302958,1,0x02,0.0000,0.0556,6.278326
6.302958,2,0x03,-5.7087,-3.1111,6.279324
6.302958,3,0x04,0.0000,0.0556,6.270324
6.304044,0,0x01,0.0000,0.1111,6.277322
6.304044,1,0x02,0.0000,0.0556,6.278326
6.304044,2,0x03,-5.7087,-3.1111,6.279324
6.304044,3,0x04,0.0000,0.0556,6.270324
6.305144,0,0x01,0.0000,0.1111,6.277322
6.305144,1,0x02,0.0000,0.0556,6.278326
6.305144,2,0x03,-5.7087,-3.1111,6.279324
6.305144,3,0x04,0.0000,0.0556,6.270324
6.306252,0,0x01,0.0000,0.1111,6.277322
6.306252,1,0x02,0.0000,0.0556,6.278326
6.306252,2,0x03,-6.0111,-3.1111,6.279324
6.306252,3,0x04,0.0000,0.0556,6.270324
6.313952,0,0x01,0.0000,0.1111,6.277322
6.313952,1,0x02,0.0000,0.0556,6.278326
6.313952,2,0x03,-6.0111,-3.1111,6.279324
6.313952,3,0x04,0.0000,0.0556,6.270324
6.315047,0,0x01,0.0000,0.1111,6.277322
6.315047,1,0x02,0.0000,0.0556,6.278326
6.315047,2,0x03,-6.0111,-3.1111,6.279324
6.315047,3,0x04,0.0000,0.0556,6.270324
6.316152,0,0x01,0.0000,0.1111,6.319339
6.316152,1,0x02,0.0000,0.0556,6.320337
6.316152,2,0x03,-6.3081,-3.1111,6.279324
6.316152,3,0x04,0.0000,0.0556,6.321361
6.323150,0,0x01,0.0000,0.0556,6.322343
6.323150,1,0x02,0.0000,0.0556,6.320337
6.323150,2,0x03,-6.3081,-3.1111,6.279324
6.323150,3,0x04,0.0000,0.0556,6.321361
6.324469,0,0x01,0.0000,0.0556,6.322343
6.324469,1,0x02,0.0000,0.0556,6.323306
6.324469,2,0x03,-6.3081,-4.9444,6.324335
6.324469,3,0x04,0.0000,0.0556,6.321361
6.325693,0,0x01,0.0000,0.0556,6.322343
6.325693,1,0x02,0.0000,0.0556,6.323306
6.325693,2,0x03,-6.3081,-4.9444,6.324335
6.325693,3,0x04,0.0000,0.0556,6.325338
6.326855,0,0x01,0.0000,0.0556,6.322343
6.326855,1,0x02,0.0000,0.0556,6.326308
6.326855,2,0x03,-6.6292,-4.9444,6.327320
6.326855,3,0x04,0.0000,0.0556,6.325338
6.334027,0,0x01,0.0000,0.0556,6.322343
6.334027,1,0x02,0.0000,0.0556,6.326308
6.334027,2,0x03,-6.6292,-4.9444,6.327320
6.334027,3,0x04,0.0000,0.0556,6.325338
6.335114,0,0x01,0.0000,0.0556,6.322343
6.335114,1,0x02,0.0000,0.0556,6.326308
6.335114,2,0x03,-6.6292,-4.9444,6.327320
6.335114,3,0x04,0.0000,0.0556,6.325338
6.336202,0,0x01,0.0000,0.1111,6.341324
6.336202,1,0x02,0.0000,0.0556,6.342333
6.336202,2,0x03,-6.9096,-5.2222,6.340319
6.336202,3,0x04,0.0000,0.0556,6.337359
6.345013,0,0x01,0.0000,0.1111,6.341324
6.345013,1,0x02,0.0000,0.0556,6.342333
6.345013,2,0x03,-6.9096,-5.5556,6.344317
6.345013,3,0x04,0.0000,0.0556,6.337359
6.346117,0,0x01,0.0000,0.0556,6.350337
6.346117,1,0x02,0.0000,0.0556,6.342333
6.346117,2,0x03,-7.2070,-5.5556,6.344317
6.346117,3,0x04,0.0000,0.0556,6.346301
6.353975,0,0x01,0.0000,0.0556,6.350337
6.353975,1,0x02,0.0000,0.0000,6.353321
6.353975,2,0x03,-7.2070,-5.5556,6.344317
6.353975,3,0x04,0.0000,0.0556,6.346301
6.355089,0,0x01,0.0000,0.0556,6.350337
6.355089,1,0x02,0.0000,0.0000,6.353321
6.355089,2,0x03,-7.2070,-5.5556,6.344317
6.355089,3,0x04,0.0000,0.0556,6.346301
6.356181,0,0x01,0.0000,0.1111,6.361323
6.356181,1,0x02,0.0000,0.0000,6.353321
6.356181,2,0x03,-7.5090,-6.1667,6.355310
6.356181,3,0x04,0.0000,0.0556,6.357319
6.362977,0,0x01,0.0000,0.1111,6.361323
6.362977,1,0x02,0.0000,0.0000,6.353321
6.362977,2,0x03,-7.5090,-6.1667,6.355310
6.362977,3,0x04,0.0000,0.0556,6.357319
6.364061,0,0x01,0.0000,0.1111,6.361323
6.364061,1,0x02,0.0000,0.0000,6.353321
6.364061,2,0x03,-7.5090,-6.1667,6.355310
6.364061,3,0x04,0.0000,0.0556,6.357319
6.365145,0,0x01,0.0000,0.1111,6.361323
6.365145,1,0x02,0.0000,0.0000,6.364299
6.365145,2,0x03,-7.5090,-6.1667,6.355310
6.365145,3,0x04,0.0000,0.0556,6.357319
6.366254,0,0x01,0.0000,0.1111,6.361323
6.366254,1,0x02,0.0000,0.0000,6.364299
6.366254,2,0x03,-7.8112,-6.3889,6.367313
6.366254,3,0x04,0.0000,0.0556,6.369322
6.373980,0,0x01,0.0000,0.1111,6.361323
6.373980,1,0x02,0.0000,0.0000,6.364299
6.373980,2,0x03,-7.8112,-6.3889,6.367313
6.373980,3,0x04,0.0000,0.0556,6.369322
6.375066,0,0x01,0.0000,0.1111,6.361323
6.375066,1,0x02,0.0000,0.0000,6.364299
6.375066,2,0x03,-7.8112,-6.3889,6.367313
6.375066,3,0x04,0.0000,0.0556,6.369322
6.376150,0,0x01,0.0000,0.1111,6.361323
6.376150,1,0x02,0.0000,0.0000,6.364299
6.376150,2,0x03,-7.8919,-6.3889,6.367313
6.376150,3,0x04,0.0000,0.0556,6.369322
6.384921,0,0x01,0.0000,0.1111,6.361323
6.384921,1,0x02,0.0000,0.0556,6.384343
6.384921,2,0x03,-7.8919,-6.3889,6.367313
6.384921,3,0x04,0.0000,0.0556,6.369322
6.386029,0,0x01,0.0000,0.1111,6.387338
6.386029,1,0x02,0.0000,0.0556,6.390351
6.386029,2,0x03,-7.5956,-7.2778,6.385312
6.386029,3,0x04,0.0000,0.0556,6.386311
6.394001,0,0x01,0.0000,0.1111,6.387338
6.394001,1,0x02,0.0000,0.0556,6.390351
6.394001,2,0x03,-7.5956,-7.2778,6.393324
6.394001,3,0x04,0.0000,0.0556,6.386311
6.395112,0,0x01,0.0000,0.1111,6.387338
6.395112,1,0x02,0.0000,0.0556,6.390351
6.395112,2,0x03,-7.5956,-7.2778,6.393324
6.395112,3,0x04,0.0000,0.0556,6.394307
6.396227,0,0x01,0.0000,0.0556,6.397323
6.396227,1,0x02,0.0000,0.0556,6.401329
6.396227,2,0x03,-7.2897,-7.2778,6.393324
6.396227,3,0x04,0.0000,0.0556,6.394307
6.402968,0,0x01,0.0000,0.0556,6.397323
6.402968,1,0x02,0.0000,0.0556,6.401329
6.402968,2,0x03,-7.2897,-7.2778,6.393324
6.402968,3,0x04,0.0000,0.0556,6.394307
6.404054,0,0x01,0.0000,0.0556,6.397323
6.404054,1,0x02,0.0000,0.0556,6.401329
6.404054,2,0x03,-7.2897,-7.2778,6.393324
6.404054,3,0x04,0.0000,0.0556,6.394307
6.405134,0,0x01,0.0000,0.0556,6.397323
6.405134,1,0x02,0.0000,0.0556,6.401329
6.405134,2,0x03,-7.2897,-7.8889,6.404329
6.405134,3,0x04,0.0000,0.0556,6.394307
6.406253,0,0x01,0.0000,0.0556,6.410321
6.406253,1,0x02,0.0000,0.0556,6.412326
6.406253,2,0x03,-6.9889,-7.8889,6.404329
6.406253,3,0x04,0.0000,0.0556,6.406346
6.413965,0,0x01,0.0000,0.0556,6.410321
6.413965,1,0x02,0.0000,0.0556,6.412326
6.413965,2,0x03,-6.9889,-7.8889,6.404329
6.413965,3,0x04,0.0000,0.0556,6.406346
6.415046,0,0x01,0.0000,0.0556,6.410321
6.415046,1,0x02,0.0000,0.0556,6.412326
6.415046,2,0x03,-6.9889,-7.8889,6.404329
6.415046,3,0x04,0.0000,0.0556,6.406346
6.416139,0,0x01,0.0000,0.0556,6.410321
6.416139,1,0x02,0.0000,0.0556,6.412326
6.416139,2,0x03,-6.6923,-7.7778,6.415299
6.416139,3,0x04,0.0000,0.0556,6.417320
6.423036,0,0x01,0.0000,0.0556,6.410321
6.423036,1,0x02,0.0000,0.0556,6.412326
6.423036,2,0x03,-6.6923,-7.7778,6.415299
6.423036,3,0x04,0.0000,0.0556,6.417320
6.424103,0,0x01,0.0000,0.0556,6.410321
6.424103,1,0x02,0.0000,0.0556,6.412326
6.424103,2,0x03,-6.6923,-7.7778,6.415299
6.424103,3,0x04,0.0000,0.0556,6.417320
6.425169,0,0x01,0.0000,0.0556,6.410321
6.425169,1,0x02,0.0000,0.0556,6.412326
6.425169,2,0x03,-6.6923,-7.7778,6.415299
6.425169,3,0x04,0.0000,0.0556,6.417320
6.426242,0,0x01,0.0000,0.0556,6.410321
6.426242,1,0x02,0.0000,0.0556,6.412326
6.426242,2,0x03,-6.3892,-7.7778,6.415299
6.426242,3,0x04,0.0000,0.0556,6.417320
6.433943,0,0x01,0.0000,0.0556,6.410321
6.433943,1,0x02,0.0000,0.0556,6.412326
6.433943,2,0x03,-6.3892,-7.7778,6.415299
6.433943,3,0x04,0.0000,0.0556,6.417320
6.435019,0,0x01,0.0000,0.0556,6.410321
6.435019,1,0x02,0.0000,0.0556,6.412326
6.435019,2,0x03,-6.3892,-7.7778,6.415299
6.435019,3,0x04,0.0000,0.0556,6.417320
6.436104,0,0x01,0.0000,0.0556,6.410321
6.436104,1,0x02,0.0000,0.0556,6.412326
6.436104,2,0x03,-6.0933,-7.7778,6.415299
6.436104,3,0x04,0.0000,0.0556,6.417320
6.442907,0,0x01,0.0000,0.0556,6.410321
6.442907,1,0x02,0.0000,0.0556,6.412326
6.442907,2,0x03,-6.0933,-7.7778,6.415299
6.442907,3,0x04,0.0000,0.0556,6.417320
6.443973,0,0x01,0.0000,0.0556,6.410321
6.443973,1,0x02,0.0000,0.0556,6.412326
6.443973,2,0x03,-6.0933,-7.7778,6.415299
6.443973,3,0x04,0.0000,0.0556,6.417320
6.445048,0,0x01,0.0000,0.0556,6.410321
6.445048,1,0x02,0.0000,0.0556,6.412326
6.445048,2,0x03,-6.0933,-7.7778,6.415299
6.445048,3,0x04,0.0000,0.0556,6.417320
6.446122,0,0x01,0.0000,0.0556,6.410321
6.446122,1,0x02,0.0000,0.0556,6.412326
6.446122,2,0x03,-5.7928,-7.7778,6.415299
6.446122,3,0x04,0.0000,0.0556,6.417320
6.451911,0,0x01,0.0000,0.0556,6.410321
6.451911,1,0x02,0.0000,0.0556,6.412326
6.451911,2,0x03,-5.7928,-7.7778,6.415299
6.451911,3,0x04,0.0000,0.0556,6.417320
6.452996,0,0x01,0.0000,0.0556,6.410321
6.452996,1,0x02,0.0000,0.0556,6.412326
6.452996,2,0x03,-5.7928,-7.7778,6.415299
6.452996,3,0x04,0.0000,0.0556,6.417320
6.454078,0,0x01,0.0000,0.0556,6.410321
6.454078,1,0x02,0.0000,0.0556,6.412326
6.454078,2,0x03,-5.7928,-7.7778,6.415299
6.454078,3,0x04,0.0000,0.0556,6.417320
6.455163,0,0x01,0.0000,0.0556,6.410321
6.455163,1,0x02,0.0000,0.0556,6.412326
6.455163,2,0x03,-5.7928,-7.7778,6.415299
6.455163,3,0x04,0.0000,0.0556,6.417320
6.456261,0,0x01,0.0000,0.1111,6.461327
6.456261,1,0x02,0.0000,0.0000,6.456327
6.456261,2,0x03,-5.4886,-6.8333,6.462337
6.456261,3,0x04,0.0000,0.0556,6.460349
6.464029,0,0x01,0.0000,0.1111,6.461327
6.464029,1,0x02,0.0000,0.0000,6.456327
6.464029,2,0x03,-5.4886,-6.8333,6.462337
6.464029,3,0x04,0.0000,0.0556,6.460349
6.465117,0,0x01,0.0000,0.1111,6.464329
6.465117,1,0x02,0.0000,0.0000,6.456327
6.465117,2,0x03,-5.4886,-6.8333,6.462337
6.465117,3,0x04,0.0000,0.0556,6.460349
6.466230,0,0x01,0.0000,0.1111,6.464329
6.466230,1,0x02,0.0000,0.0000,6.456327
6.466230,2,0x03,-5.1895,-6.7778,6.465310
6.466230,3,0x04,0.0000,0.0556,6.460349
6.475957,0,0x01,0.0000,0.1111,6.481319
6.475957,1,0x02,0.0000,0.0000,6.456327
6.475957,2,0x03,-4.8978,-6.6111,6.479399
6.475957,3,0x04,0.0000,0.0000,6.480333
6.483217,0,0x01,0.0000,0.1111,6.481319
6.483217,1,0x02,0.0000,0.0000,6.456327
6.483217,2,0x03,-4.8978,-6.6111,6.479399
6.483217,3,0x04,0.0000,0.0000,6.480333
6.484518,0,0x01,0.0000,0.1111,6.481319
6.484518,1,0x02,0.0000,0.0000,6.484317
6.484518,2,0x03,-4.8978,-6.6111,6.479399
6.484518,3,0x04,0.0000,0.0000,6.480333
6.485694,0,0x01,0.0000,0.1111,6.481319
6.485694,1,0x02,0.0000,0.0000,6.484317
6.485694,2,0x03,-4.8978,-6.6111,6.479399
6.485694,3,0x04,0.0000,0.0000,6.480333
6.486786,0,0x01,0.0000,0.1111,6.481319
6.486786,1,0x02,0.0000,0.0000,6.484317
6.486786,2,0x03,-4.5729,-6.1667,6.487356
6.486786,3,0x04,0.0000,0.0556,6.489331
6.494035,0,0x01,0.0000,0.1111,6.493336
6.494035,1,0x02,0.0000,0.0000,6.484317
6.494035,2,0x03,-4.5729,-6.1667,6.487356
6.494035,3,0x04,0.0000,0.0556,6.489331
6.495145,0,0x01,0.0000,0.1111,6.493336
6.495145,1,0x02,0.0000,0.0000,6.484317
6.495145,2,0x03,-4.5729,-6.1667,6.487356
6.495145,3,0x04,0.0000,0.0556,6.489331
6.496264,0,0x01,0.0000,0.1111,6.493336
6.496264,1,0x02,0.0000,0.0000,6.495312
6.496264,2,0x03,-4.2885,-5.5000,6.498344
6.496264,3,0x04,0.0000,0.0556,6.500330
6.502999,0,0x01,0.0000,0.1111,6.493336
6.502999,1,0x02,0.0000,0.0000,6.495312
6.502999,2,0x03,-4.2885,-5.5000,6.498344
6.502999,3,0x04,0.0000,0.0556,6.500330
6.504087,0,0x01,0.0000,0.1111,6.493336
6.504087,1,0x02,0.0000,0.0000,6.495312
6.504087,2,0x03,-4.2885,-5.5000,6.498344
6.504087,3,0x04,0.0000,0.0556,6.500330
6.505214,0,0x01,0.0000,0.0556,6.504314
6.505214,1,0x02,0.0000,0.0000,6.495312
6.505214,2,0x03,-4.2885,-5.5000,6.498344
6.505214,3,0x04,0.0000,0.0556,6.500330
6.506370,0,0x01,0.0000,0.0556,6.504314
6.506370,1,0x02,0.0000,0.0556,6.507314
6.506370,2,0x03,-3.9854,-4.8889,6.510336
6.506370,3,0x04,0.0000,0.0556,6.500330
6.514127,0,0x01,0.0000,0.0556,6.504314
6.514127,1,0x02,0.0000,0.0556,6.507314
6.514127,2,0x03,-3.9854,-4.8889,6.510336
6.514127,3,0x04,0.0000,0.0556,6.500330
6.515226,0,0x01,0.0000,0.0556,6.504314
6.515226,1,0x02,0.0000,0.0556,6.507314
6.515226,2,0x03,-3.9854,-4.8889,6.510336
6.515226,3,0x04,0.0000,0.0556,6.500330
6.516323,0,0x01,0.0000,0.0556,6.504314
6.516323,1,0x02,0.0000,0.0556,6.507314
6.516323,2,0x03,-3.6868,-4.8889,6.510336
6.516323,3,0x04,0.0000,0.0556,6.500330
6.522997,0,0x01,0.0000,0.0556,6.504314
6.522997,1,0x02,0.0000,0.0556,6.507314
6.522997,2,0x03,-3.6868,-4.8889,6.510336
6.522997,3,0x04,0.0000,0.0556,6.500330
6.524075,0,0x01,0.0000,0.0556,6.504314
6.524075,1,0x02,0.0000,0.0556,6.507314
6.524075,2,0x03,-3.6868,-4.8889,6.510336
6.524075,3,0x04,0.0000,0.0556,6.500330
6.525161,0,0x01,0.0000,0.0556,6.504314
6.525161,1,0x02,0.0000,0.0556,6.507314
6.525161,2,0x03,-3.6868,-4.8889,6.510336
6.525161,3,0x04,0.0000,0.0556,6.500330
6.526244,0,0x01,0.0000,0.0556,6.504314
6.526244,1,0x02,0.0000,0.0556,6.507314
6.526244,2,0x03,-3.3891,-4.8889,6.510336
6.526244,3,0x04,0.0000,0.0556,6.500330
6.533991,0,0x01,0.0000,0.0556,6.504314
6.533991,1,0x02,0.0000,0.0556,6.507314
6.533991,2,0x03,-3.3891,-4.8889,6.510336
6.533991,3,0x04,0.0000,0.0556,6.500330
6.535081,0,0x01,0.0000,0.0556,6.504314
6.535081,1,0x02,0.0000,0.0556,6.507314
6.535081,2,0x03,-3.3891,-4.8889,6.510336
6.535081,3,0x04,0.0000,0.0556,6.500330
6.536167,0,0x01,0.0000,0.0556,6.504314
6.536167,1,0x02,0.0000,0.0556,6.507314
6.536167,2,0x03,-3.0914,-4.8889,6.510336
6.536167,3,0x04,0.0000,0.0556,6.500330
6.542966,0,0x01,0.0000,0.0556,6.504314
6.542966,1,0x02,0.0000,0.0556,6.507314
6.542966,2,0x03,-3.0914,-4.8889,6.510336
6.542966,3,0x04,0.0000,0.0556,6.500330
6.544059,0,0x01,0.0000,0.0556,6.504314
6.544059,1,0x02,0.0000,0.0556,6.507314
6.544059,2,0x03,-3.0914,-4.8889,6.510336
6.544059,3,0x04,0.0000,0.0556,6.500330
6.545143,0,0x01,0.0000,0.0556,6.504314
6.545143,1,0x02,0.0000,0.0556,6.507314
6.545143,2,0x03,-3.0914,-4.8889,6.510336
6.545143,3,0x04,0.0000,0.0556,6.500330
6.546221,0,0x01,0.0000,0.0556,6.551332
6.546221,1,0x02,0.0000,0.0556,6.552328
6.546221,2,0x03,-2.7898,-4.3889,6.549326
6.546221,3,0x04,0.0000,0.0556,6.547341
6.554046,0,0x01,0.0000,0.0556,6.551332
6.554046,1,0x02,0.0000,0.0556,6.552328
6.554046,2,0x03,-2.7898,-4.5000,6.553321
6.554046,3,0x04,0.0000,0.0556,6.547341
6.555237,0,0x01,0.0000,0.0556,6.551332
6.555237,1,0x02,0.0000,0.0556,6.552328
6.555237,2,0x03,-2.7898,-4.5000,6.553321
6.555237,3,0x04,0.0000,0.0556,6.547341
6.556395,0,0x01,0.0000,0.0556,6.558343
6.556395,1,0x02,0.0000,0.0556,6.559341
6.556395,2,0x03,-2.4846,-4.5000,6.556336
6.556395,3,0x04,0.0000,0.0556,6.557329
6.563008,0,0x01,0.0000,0.0556,6.558343
6.563008,1,0x02,0.0000,0.0556,6.559341
6.563008,2,0x03,-2.4846,-4.5000,6.556336
6.563008,3,0x04,0.0000,0.0556,6.557329
6.564117,0,0x01,0.0000,0.0556,6.558343
6.564117,1,0x02,0.0000,0.0556,6.559341
6.564117,2,0x03,-2.4846,-4.5000,6.556336
6.564117,3,0x04,0.0000,0.0556,6.557329
6.565198,0,0x01,0.0000,0.0556,6.558343
6.565198,1,0x02,0.0000,0.0556,6.559341
6.565198,2,0x03,-2.4846,-4.5000,6.556336
6.565198,3,0x04,0.0000,0.0556,6.557329
6.566287,0,0x01,0.0000,0.0556,6.558343
6.566287,1,0x02,0.0000,0.0556,6.559341
6.566287,2,0x03,-2.1879,-4.5000,6.556336
6.566287,3,0x04,0.0000,0.0556,6.557329
6.573973,0,0x01,0.0000,0.0556,6.558343
6.573973,1,0x02,0.0000,0.0556,6.559341
6.573973,2,0x03,-2.1879,-4.5000,6.556336
6.573973,3,0x04,0.0000,0.0556,6.557329
6.575062,0,0x01,0.0000,0.0556,6.558343
6.575062,1,0x02,0.0000,0.0556,6.559341
6.575062,2,0x03,-2.1879,-4.5000,6.556336
6.575062,3,0x04,0.0000,0.0556,6.557329
6.576147,0,0x01,0.0000,0.0556,6.558343
6.576147,1,0x02,0.0000,0.0556,6.559341
6.576147,2,0x03,-1.8920,-4.5000,6.556336
6.576147,3,0x04,0.0000,0.0556,6.557329
6.582964,0,0x01,0.0000,0.0556,6.558343
6.582964,1,0x02,0.0000,0.0556,6.559341
6.582964,2,0x03,-1.8920,-4.5000,6.556336
6.582964,3,0x04,0.0000,0.0556,6.557329
6.584062,0,0x01,0.0000,0.0556,6.558343
6.584062,1,0x02,0.0000,0.0556,6.559341
6.584062,2,0x03,-1.8920,-4.5000,6.556336
6.584062,3,0x04,0.0000,0.0556,6.557329
6.585150,0,0x01,0.0000,0.0556,6.558343
6.585150,1,0x02,0.0000,0.0556,6.559341
6.585150,2,0x03,-1.8920,-4.5000,6.556336
6.585150,3,0x04,0.0000,0.0556,6.557329
6.586234,0,0x01,0.0000,0.0556,6.558343
6.586234,1,0x02,0.0000,0.0556,6.559341
6.586234,2,0x03,-1.5894,-4.5000,6.556336
6.586234,3,0x04,0.0000,0.0556,6.557329
6.593958,0,0x01,0.0000,0.0556,6.558343
6.593958,1,0x02,0.0000,0.0556,6.559341
6.593958,2,0x03,-1.5894,-4.5000,6.556336
6.593958,3,0x04,0.0000,0.0556,6.557329
6.595054,0,0x01,0.0000,0.0556,6.558343
6.595054,1,0x02,0.0000,0.0556,6.559341
6.595054,2,0x03,-1.5894,-4.5000,6.556336
6.595054,3,0x04,0.0000,0.0556,6.557329
6.596139,0,0x01,0.0000,0.0556,6.599331
6.596139,1,0x02,0.0000,0.0000,6.600330
6.596139,2,0x03,-1.2923,-4.5000,6.556336
6.596139,3,0x04,0.0000,0.0556,6.601330
6.603071,0,0x01,0.0000,0.1111,6.602321
6.603071,1,0x02,0.0000,0.0000,6.600330
6.603071,2,0x03,-1.2923,-4.5000,6.556336
6.603071,3,0x04,0.0000,0.0556,6.601330
6.604202,0,0x01,0.0000,0.1111,6.602321
6.604202,1,0x02,0.0000,0.0000,6.600330
6.604202,2,0x03,-1.2923,-2.6667,6.603301
6.604202,3,0x04,0.0000,0.0556,6.601330
6.605351,0,0x01,0.0000,0.1111,6.605313
6.605351,1,0x02,0.0000,0.0000,6.600330
6.605351,2,0x03,-1.2923,-2.6667,6.603301
6.605351,3,0x04,0.0000,0.0000,6.604324
6.606478,0,0x01,0.0000,0.1111,6.605313
6.606478,1,0x02,0.0000,0.0556,6.606313
6.606478,2,0x03,-0.9821,-2.6111,6.607304
6.606478,3,0x04,0.0000,0.0000,6.604324
6.617050,0,0x01,0.0000,0.1111,6.605313
6.617050,1,0x02,0.0000,0.0556,6.606313
6.617050,2,0x03,-0.6649,-2.6111,6.607304
6.617050,3,0x04,0.0000,0.0000,6.604324
6.622964,0,0x01,0.0000,0.1111,6.605313
6.622964,1,0x02,0.0000,0.0556,6.606313
6.622964,2,0x03,-0.6649,-2.6111,6.607304
6.622964,3,0x04,0.0000,0.0000,6.604324
6.624055,0,0x01,0.0000,0.1111,6.605313
6.624055,1,0x02,0.0000,0.0556,6.606313
6.624055,2,0x03,-0.6649,-2.6111,6.607304
6.624055,3,0x04,0.0000,0.0000,6.604324
6.625146,0,0x01,0.0000,0.1111,6.605313
6.625146,1,0x02,0.0000,0.0556,6.606313
6.625146,2,0x03,-0.6649,-2.6111,6.607304
6.625146,3,0x04,0.0000,0.0000,6.604324
6.626229,0,0x01,0.0000,0.1111,6.605313
6.626229,1,0x02,0.0000,0.0556,6.606313
6.626229,2,0x03,-0.3896,-2.6111,6.607304
6.626229,3,0x04,0.0000,0.0000,6.604324
6.633966,0,0x01,0.0000,0.1111,6.605313
6.633966,1,0x02,0.0000,0.0556,6.606313
6.633966,2,0x03,-0.3896,-2.6111,6.607304
6.633966,3,0x04,0.0000,0.0000,6.604324
6.635055,0,0x01,0.0000,0.1111,6.605313
6.635055,1,0x02,0.0000,0.0556,6.606313
6.635055,2,0x03,-0.3896,-2.6111,6.607304
6.635055,3,0x04,0.0000,0.0000,6.604324
6.636141,0,0x01,0.0000,0.1111,6.605313
6.636141,1,0x02,0.0000,0.0556,6.606313
6.636141,2,0x03,-0.0922,-2.6111,6.607304
6.636141,3,0x04,0.0000,0.0000,6.604324
6.642955,0,0x01,0.0000,0.1111,6.605313
6.642955,1,0x02,0.0000,0.0556,6.606313
6.642955,2,0x03,-0.0922,-2.6111,6.607304
6.642955,3,0x04,0.0000,0.0000,6.604324
6.644028,0,0x01,0.0000,0.1111,6.605313
6.644028,1,0x02,0.0000,0.0556,6.606313
6.644028,2,0x03,-0.0922,-2.6111,6.607304
6.644028,3,0x04,0.0000,0.0000,6.604324
6.645130,0,0x01,0.0000,0.1111,6.605313
6.645130,1,0x02,0.0000,0.0556,6.606313
6.645130,2,0x03,-0.0922,-2.6111,6.607304
6.645130,3,0x04,0.0000,0.0000,6.604324
6.646222,0,0x01,0.0000,0.1111,6.605313
6.646222,1,0x02,0.0000,0.0556,6.606313
6.646222,2,0x03,0.2102,-2.6111,6.607304
6.646222,3,0x04,0.0000,0.0000,6.604324
6.653967,0,0x01,0.0000,0.1111,6.605313
6.653967,1,0x02,0.0000,0.0556,6.606313
6.653967,2,0x03,0.2102,-2.6111,6.607304
6.653967,3,0x04,0.0000,0.0556,6.653328
6.655112,0,0x01,0.0000,0.1111,6.605313
6.655112,1,0x02,0.0000,0.0000,6.654313
6.655112,2,0x03,0.2102,-2.6111,6.607304
6.655112,3,0x04,0.0000,0.0556,6.653328
6.656264,0,0x01,0.0000,0.1111,6.660322
6.656264,1,0x02,0.0000,0.0000,6.661352
6.656264,2,0x03,0.5115,-1.0556,6.659329
6.656264,3,0x04,0.0000,0.0000,6.656324
6.663218,0,0x01,0.0000,0.1111,6.660322
6.663218,1,0x02,0.0000,0.0000,6.661352
6.663218,2,0x03,0.5115,-1.1111,6.662331
6.663218,3,0x04,0.0000,0.0000,6.656324
6.664368,0,0x01,0.0000,0.1111,6.660322
6.664368,1,0x02,0.0000,0.0556,6.664312
6.664368,2,0x03,0.5115,-1.1111,6.662331
6.664368,3,0x04,0.0000,0.0556,6.663309
6.665455,0,0x01,0.0000,0.1111,6.660322
6.665455,1,0x02,0.0000,0.0556,6.664312
6.665455,2,0x03,0.5115,-1.0556,6.665321
6.665455,3,0x04,0.0000,0.0556,6.663309
6.666549,0,0x01,0.0000,0.0556,6.667306
6.666549,1,0x02,0.0000,0.0556,6.664312
6.666549,2,0x03,0.8200,-0.8889,6.668352
6.666549,3,0x04,0.0000,0.0000,6.669330
6.674077,0,0x01,0.0000,0.0556,6.667306
6.674077,1,0x02,0.0000,0.0556,6.664312
6.674077,2,0x03,0.8200,-0.8889,6.668352
6.674077,3,0x04,0.0000,0.0000,6.669330
6.675212,0,0x01,0.0000,0.0556,6.667306
6.675212,1,0x02,0.0000,0.0556,6.664312
6.675212,2,0x03,0.8200,-0.8889,6.668352
6.675212,3,0x04,0.0000,0.0000,6.669330
6.676282,0,0x01,0.0000,0.0556,6.667306
6.676282,1,0x02,0.0000,0.0556,6.664312
6.676282,2,0x03,1.1120,-0.6667,6.682341
6.676282,3,0x04,0.0000,0.0000,6.669330
6.683962,0,0x01,0.0000,0.1111,6.683333
6.683962,1,0x02,0.0000,0.0556,6.664312
6.683962,2,0x03,1.1120,-0.6667,6.682341
6.683962,3,0x04,0.0000,0.0000,6.669330
6.685067,0,0x01,0.0000,0.1111,6.683333
6.685067,1,0x02,0.0000,0.0000,6.684315
6.685067,2,0x03,1.1120,-0.6667,6.682341
6.685067,3,0x04,0.0000,0.0000,6.669330
6.686173,0,0x01,0.0000,0.0556,6.691348
6.686173,1,0x02,0.0000,0.0000,6.684315
6.686173,2,0x03,1.4087,-0.3333,6.685314
6.686173,3,0x04,0.0000,0.0000,6.687327
6.693022,0,0x01,0.0000,0.0556,6.691348
6.693022,1,0x02,0.0000,0.0000,6.684315
6.693022,2,0x03,1.4087,-0.3333,6.685314
6.693022,3,0x04,0.0000,0.0000,6.687327
6.694105,0,0x01,0.0000,0.0556,6.691348
6.694105,1,0x02,0.0000,0.0000,6.684315
6.694105,2,0x03,1.4087,-0.3333,6.685314
6.694105,3,0x04,0.0000,0.0000,6.687327
6.695195,0,0x01,0.0000,0.0556,6.691348
6.695195,1,0x02,0.0000,0.0556,6.694338
6.695195,2,0x03,1.4087,-0.3333,6.685314
6.695195,3,0x04,0.0000,0.0000,6.687327
6.696303,0,0x01,0.0000,0.0556,6.691348
6.696303,1,0x02,0.0000,0.0556,6.694338
6.696303,2,0x03,1.7126,0.1111,6.697317
6.696303,3,0x04,0.0000,0.0556,6.699332
6.703990,0,0x01,0.0000,0.1111,6.703323
6.703990,1,0x02,0.0000,0.0556,6.694338
6.703990,2,0x03,1.7126,0.1111,6.697317
6.703990,3,0x04,0.0000,0.0556,6.699332
6.705126,0,0x01,0.0000,0.1111,6.703323
6.705126,1,0x02,0.0000,0.0556,6.694338
6.705126,2,0x03,1.7126,0.1111,6.697317
6.705126,3,0x04,0.0000,0.0556,6.699332
6.706225,0,0x01,0.0000,0.1111,6.703323
6.706225,1,0x02,0.0000,0.0556,6.705338
6.706225,2,0x03,2.0103,0.7778,6.708338
6.706225,3,0x04,0.0000,0.0556,6.711331
6.713013,0,0x01,0.0000,0.1111,6.703323
6.713013,1,0x02,0.0000,0.0556,6.705338
6.713013,2,0x03,2.0103,0.7778,6.708338
6.713013,3,0x04,0.0000,0.0556,6.711331
6.714096,0,0x01,0.0000,0.1111,6.703323
6.714096,1,0x02,0.0000,0.0556,6.705338
6.714096,2,0x03,2.0103,0.7778,6.708338
6.714096,3,0x04,0.0000,0.0556,6.711331
6.715178,0,0x01,0.0000,0.1111,6.714315
6.715178,1,0x02,0.0000,0.0556,6.705338
6.715178,2,0x03,2.0103,0.7778,6.708338
6.715178,3,0x04,0.0000,0.0556,6.711331
6.716313,0,0x01,0.0000,0.1111,6.714315
6.716313,1,0x02,0.0000,0.0556,6.705338
6.716313,2,0x03,2.3129,0.7778,6.708338
6.716313,3,0x04,0.0000,0.0556,6.711331
6.723954,0,0x01,0.0000,0.1111,6.714315
6.723954,1,0x02,0.0000,0.0556,6.705338
6.723954,2,0x03,2.3129,0.7778,6.708338
6.723954,3,0x04,0.0000,0.0556,6.711331
6.725037,0,0x01,0.0000,0.1111,6.714315
6.725037,1,0x02,0.0000,0.0556,6.705338
6.725037,2,0x03,2.3129,0.7778,6.708338
6.725037,3,0x04,0.0000,0.0556,6.711331
6.726108,0,0x01,0.0000,0.1111,6.714315
6.726108,1,0x02,0.0000,0.0556,6.705338
6.726108,2,0x03,2.6068,0.7778,6.708338
6.726108,3,0x04,0.0000,0.0556,6.711331
6.733969,0,0x01,0.0000,0.1111,6.714315
6.733969,1,0x02,0.0000,0.0556,6.705338
6.733969,2,0x03,2.6068,0.7778,6.708338
6.733969,3,0x04,0.0000,0.0556,6.711331
6.735057,0,0x01,0.0000,0.1111,6.714315
6.735057,1,0x02,0.0000,0.0556,6.705338
6.735057,2,0x03,2.6068,0.7778,6.708338
6.735057,3,0x04,0.0000,0.0556,6.711331
6.736152,0,0x01,0.0000,0.1111,6.714315
6.736152,1,0x02,0.0000,0.0556,6.705338
6.736152,2,0x03,2.9081,0.7778,6.708338
6.736152,3,0x04,0.0000,0.0556,6.711331
6.742962,0,0x01,0.0000,0.1111,6.714315
6.742962,1,0x02,0.0000,0.0556,6.705338
6.742962,2,0x03,2.9081,0.7778,6.708338
6.742962,3,0x04,0.0000,0.0556,6.711331
6.744042,0,0x01,0.0000,0.1111,6.714315
6.744042,1,0x02,0.0000,0.0556,6.705338
6.744042,2,0x03,2.9081,0.7778,6.708338
6.744042,3,0x04,0.0000,0.0556,6.711331
6.745132,0,0x01,0.0000,0.1111,6.714315
6.745132,1,0x02,0.0000,0.0556,6.705338
6.745132,2,0x03,2.9081,0.7778,6.708338
6.745132,3,0x04,0.0000,0.0556,6.711331
6.746214,0,0x01,0.0000,0.1111,6.714315
6.746214,1,0x02,0.0000,0.0556,6.705338
6.746214,2,0x03,3.2100,1.8889,6.752345
6.746214,3,0x04,0.0000,0.0556,6.711331
6.753978,0,0x01,0.0000,0.1111,6.714315
6.753978,1,0x02,0.0000,0.0556,6.705338
6.753978,2,0x03,3.2100,1.8889,6.752345
6.753978,3,0x04,0.0000,0.0556,6.753332
6.755120,0,0x01,0.0000,0.1111,6.754326
6.755120,1,0x02,0.0000,0.0556,6.705338
6.755120,2,0x03,3.2100,1.8889,6.752345
6.755120,3,0x04,0.0000,0.0556,6.753332
6.756274,0,0x01,0.0000,0.1111,6.760320
6.756274,1,0x02,0.0000,0.0556,6.761332
6.756274,2,0x03,3.5118,1.8333,6.759330
6.756274,3,0x04,0.0000,0.0556,6.753332
6.763047,0,0x01,0.0000,0.1111,6.760320
6.763047,1,0x02,0.0000,0.0556,6.761332
6.763047,2,0x03,3.5118,1.8333,6.762329
6.763047,3,0x04,0.0000,0.0556,6.753332
6.764183,0,0x01,0.0000,0.1111,6.763298
6.764183,1,0x02,0.0000,0.0556,6.761332
6.764183,2,0x03,3.5118,1.8333,6.762329
6.764183,3,0x04,0.0000,0.0556,6.753332
6.765265,0,0x01,0.0000,0.1111,6.763298
6.765265,1,0x02,0.0000,0.0556,6.761332
6.765265,2,0x03,3.5118,1.8333,6.762329
6.765265,3,0x04,0.0000,0.0556,6.753332
6.766358,0,0x01,0.0000,0.1111,6.763298
6.766358,1,0x02,0.0000,0.0556,6.761332
6.766358,2,0x03,3.8143,1.8333,6.762329
6.766358,3,0x04,0.0000,0.0556,6.753332
6.774972,0,0x01,0.0000,0.1111,6.763298
6.774972,1,0x02,0.0000,0.0556,6.761332
6.774972,2,0x03,3.8143,1.8333,6.762329
6.774972,3,0x04,0.0000,0.0556,6.753332
6.776061,0,0x01,0.0000,0.1111,6.763298
6.776061,1,0x02,0.0000,0.0556,6.761332
6.776061,2,0x03,4.1054,1.8333,6.762329
6.776061,3,0x04,0.0000,0.0556,6.753332
6.783990,0,0x01,0.0000,0.1111,6.763298
6.783990,1,0x02,0.0000,0.0556,6.761332
6.783990,2,0x03,4.1054,1.8333,6.762329
6.783990,3,0x04,0.0000,0.0556,6.753332
6.785080,0,0x01,0.0000,0.1111,6.763298
6.785080,1,0x02,0.0000,0.0556,6.761332
6.785080,2,0x03,4.1054,1.8333,6.762329
6.785080,3,0x04,0.0000,0.0556,6.753332
6.786163,0,0x01,0.0000,0.1111,6.763298
6.786163,1,0x02,0.0000,0.0556,6.761332
6.786163,2,0x03,4.4084,1.8333,6.762329
6.786163,3,0x04,0.0000,0.0556,6.753332
6.792958,0,0x01,0.0000,0.1111,6.763298
6.792958,1,0x02,0.0000,0.0556,6.761332
6.792958,2,0x03,4.4084,1.8333,6.762329
6.792958,3,0x04,0.0000,0.0556,6.753332
6.794034,0,0x01,0.0000,0.1111,6.763298
6.794034,1,0x02,0.0000,0.0556,6.761332
6.794034,2,0x03,4.4084,1.8333,6.762329
6.794034,3,0x04,0.0000,0.0556,6.753332
6.795137,0,0x01,0.0000,0.1111,6.763298
6.795137,1,0x02,0.0000,0.0556,6.761332
6.795137,2,0x03,4.4084,1.8333,6.762329
6.795137,3,0x04,0.0000,0.0556,6.753332
6.796227,0,0x01,0.0000,0.1111,6.763298
6.796227,1,0x02,0.0000,0.0556,6.761332
6.796227,2,0x03,4.7103,1.8333,6.762329
6.796227,3,0x04,0.0000,0.0556,6.753332
6.803958,0,0x01,0.0000,0.1111,6.763298
6.803958,1,0x02,0.0000,0.0556,6.761332
6.803958,2,0x03,4.7103,1.8333,6.762329
6.803958,3,0x04,0.0000,0.0556,6.753332
6.805055,0,0x01,0.0000,0.1111,6.763298
6.805055,1,0x02,0.0000,0.0556,6.761332
6.805055,2,0x03,4.7103,1.8333,6.762329
6.805055,3,0x04,0.0000,0.0556,6.753332
6.806142,0,0x01,0.0000,0.1111,6.763298
6.806142,1,0x02,0.0000,0.0556,6.761332
6.806142,2,0x03,5.0078,1.8333,6.762329
6.806142,3,0x04,0.0000,0.0556,6.811342
6.812981,0,0x01,0.0000,0.1111,6.812330
6.812981,1,0x02,0.0000,0.0556,6.761332
6.812981,2,0x03,5.0078,1.8333,6.762329
6.812981,3,0x04,0.0000,0.0556,6.811342
6.814087,0,0x01,0.0000,0.1111,6.812330
6.814087,1,0x02,0.0000,0.0000,6.813299
6.814087,2,0x03,5.0078,1.8333,6.762329
6.814087,3,0x04,0.0000,0.0556,6.811342
6.815208,0,0x01,0.0000,0.1111,6.812330
6.815208,1,0x02,0.0000,0.0000,6.813299
6.815208,2,0x03,5.0078,3.4444,6.814310
6.815208,3,0x04,0.0000,0.0556,6.811342
6.816367,0,0x01,0.0000,0.0556,6.819325
6.816367,1,0x02,0.0000,0.0556,6.822324
6.816367,2,0x03,5.3146,3.4444,6.821356
6.816367,3,0x04,0.0000,0.0556,6.818328
6.824078,0,0x01,0.0000,0.0556,6.819325
6.824078,1,0x02,0.0000,0.0556,6.822324
6.824078,2,0x03,5.3146,3.5556,6.823323
6.824078,3,0x04,0.0000,0.0556,6.818328
6.825199,0,0x01,0.0000,0.0556,6.819325
6.825199,1,0x02,0.0000,0.0556,6.822324
6.825199,2,0x03,5.3146,3.5556,6.823323
6.825199,3,0x04,0.0000,0.0556,6.818328
6.826274,0,0x01,0.0000,0.1111,6.825302
6.826274,1,0x02,0.0000,0.0000,6.826321
6.826274,2,0x03,5.6118,3.5556,6.823323
6.826274,3,0x04,0.0000,0.0556,6.818328
6.836058,0,0x01,0.0000,0.1111,6.825302
6.836058,1,0x02,0.0000,0.0000,6.826321
6.836058,2,0x03,5.9053,3.5556,6.837386
6.836058,3,0x04,0.0000,0.0556,6.818328
6.841994,0,0x01,0.0000,0.1111,6.825302
6.841994,1,0x02,0.0000,0.0000,6.826321
6.841994,2,0x03,5.9053,3.5556,6.837386
6.841994,3,0x04,0.0000,0.0556,6.818328
6.843076,0,0x01,0.0000,0.1111,6.825302
6.843076,1,0x02,0.0000,0.0000,6.826321
6.843076,2,0x03,5.9053,3.5556,6.837386
6.843076,3,0x04,0.0000,0.0556,6.818328
6.844165,0,0x01,0.0000,0.1111,6.825302
6.844165,1,0x02,0.0000,0.0000,6.826321
6.844165,2,0x03,5.9053,3.5556,6.837386
6.844165,3,0x04,0.0000,0.0556,6.818328
6.845268,0,0x01,0.0000,0.1111,6.825302
6.845268,1,0x02,0.0000,0.0000,6.826321
6.845268,2,0x03,5.9053,3.5556,6.837386
6.845268,3,0x04,0.0000,0.0556,6.818328
6.846346,0,0x01,0.0000,0.1111,6.825302
6.846346,1,0x02,0.0000,0.0000,6.826321
6.846346,2,0x03,6.2139,3.5556,6.837386
6.846346,3,0x04,0.0000,0.0556,6.818328
6.853948,0,0x01,0.0000,0.1111,6.825302
6.853948,1,0x02,0.0000,0.0000,6.826321
6.853948,2,0x03,6.2139,3.5556,6.837386
6.853948,3,0x04,0.0000,0.0556,6.818328
6.855053,0,0x01,0.0000,0.1111,6.825302
6.855053,1,0x02,0.0000,0.0000,6.826321
6.855053,2,0x03,6.2139,3.5556,6.837386
6.855053,3,0x04,0.0000,0.0556,6.818328
6.856164,0,0x01,0.0000,0.1111,6.825302
6.856164,1,0x02,0.0000,0.0000,6.826321
6.856164,2,0x03,6.5085,3.5556,6.837386
6.856164,3,0x04,0.0000,0.0556,6.818328
6.862960,0,0x01,0.0000,0.1111,6.825302
6.862960,1,0x02,0.0000,0.0000,6.826321
6.862960,2,0x03,6.5085,3.5556,6.837386
6.862960,3,0x04,0.0000,0.0556,6.818328
6.864030,0,0x01,0.0000,0.1111,6.825302
6.864030,1,0x02,0.0000,0.0000,6.826321
6.864030,2,0x03,6.5085,3.5556,6.837386
6.864030,3,0x04,0.0000,0.0556,6.818328
6.865111,0,0x01,0.0000,0.1111,6.825302
6.865111,1,0x02,0.0000,0.0000,6.826321
6.865111,2,0x03,6.5085,3.5556,6.837386
6.865111,3,0x04,0.0000,0.0556,6.818328
6.866212,0,0x01,0.0000,0.1111,6.825302
6.866212,1,0x02,0.0000,0.0000,6.826321
6.866212,2,0x03,6.8099,3.5556,6.837386
6.866212,3,0x04,0.0000,0.0556,6.818328
6.873943,0,0x01,0.0000,0.1111,6.825302
6.873943,1,0x02,0.0000,0.0000,6.826321
6.873943,2,0x03,6.8099,3.5556,6.837386
6.873943,3,0x04,0.0000,0.0556,6.818328
6.875016,0,0x01,0.0000,0.1111,6.825302
6.875016,1,0x02,0.0000,0.0556,6.874337
6.875016,2,0x03,6.8099,3.5556,6.837386
6.875016,3,0x04,0.0000,0.0556,6.818328
6.876143,0,0x01,0.0000,0.1111,6.880324
6.876143,1,0x02,0.0000,0.0000,6.878321
6.876143,2,0x03,7.1078,5.1667,6.875303
6.876143,3,0x04,0.0000,0.0556,6.879335
6.883138,0,0x01,0.0000,0.1111,6.880324
6.883138,1,0x02,0.0000,0.0000,6.878321
6.883138,2,0x03,7.1078,5.5556,6.882335
6.883138,3,0x04,0.0000,0.0556,6.879335
6.884245,0,0x01,0.0000,0.1111,6.883309
6.884245,1,0x02,0.0000,0.0000,6.878321
6.884245,2,0x03,7.1078,5.5556,6.882335
6.884245,3,0x04,0.0000,0.0556,6.879335
6.885366,0,0x01,0.0000,0.1111,6.883309
6.885366,1,0x02,0.0000,0.0000,6.878321
6.885366,2,0x03,7.1078,5.6111,6.885326
6.885366,3,0x04,0.0000,0.0556,6.879335
6.886406,0,0x01,0.0000,0.1111,6.886310
6.886406,1,0x02,0.0000,0.0556,6.887328
6.886406,2,0x03,7.4157,5.6111,6.885326
6.886406,3,0x04,0.0000,0.0556,6.879335
6.896009,0,0x01,0.0000,0.1111,6.886310
6.896009,1,0x02,0.0000,0.0556,6.887328
6.896009,2,0x03,7.7038,5.6111,6.885326
6.896009,3,0x04,0.0000,0.0556,6.898339
6.905020,0,0x01,0.0000,0.1111,6.886310
6.905020,1,0x02,0.0000,0.0556,6.887328
6.905020,2,0x03,7.7038,5.6111,6.885326
6.905020,3,0x04,0.0000,0.0556,6.898339
6.906117,0,0x01,0.0000,0.1111,6.886310
6.906117,1,0x02,0.0000,0.0556,6.887328
6.906117,2,0x03,7.9929,5.6111,6.885326
6.906117,3,0x04,0.0000,0.0556,6.898339
6.911939,0,0x01,0.0000,0.1111,6.886310
6.911939,1,0x02,0.0000,0.0556,6.887328
6.911939,2,0x03,7.9929,5.6111,6.885326
6.911939,3,0x04,0.0000,0.0556,6.898339
6.913024,0,0x01,0.0000,0.1111,6.886310
6.913024,1,0x02,0.0000,0.0556,6.887328
6.913024,2,0x03,7.9929,5.6111,6.885326
6.913024,3,0x04,0.0000,0.0556,6.898339
6.914106,0,0x01,0.0000,0.1111,6.886310
6.914106,1,0x02,0.0000,0.0556,6.887328
6.914106,2,0x03,7.9929,5.6111,6.885326
6.914106,3,0x04,0.0000,0.0556,6.898339
6.915186,0,0x01,0.0000,0.1111,6.886310
6.915186,1,0x02,0.0000,0.0556,6.887328
6.915186,2,0x03,7.9929,5.6111,6.885326
6.915186,3,0x04,0.0000,0.0556,6.898339
6.916271,0,0x01,0.0000,0.1111,6.886310
6.916271,1,0x02,0.0000,0.0556,6.887328
6.916271,2,0x03,7.6883,5.6111,6.885326
6.916271,3,0x04,0.0000,0.0556,6.898339
6.923944,0,0x01,0.0000,0.1111,6.886310
6.923944,1,0x02,0.0000,0.0556,6.887328
6.923944,2,0x03,7.6883,5.6111,6.885326
6.923944,3,0x04,0.0000,0.0556,6.898339
6.925073,0,0x01,0.0000,0.1111,6.886310
6.925073,1,0x02,0.0000,0.0556,6.887328
6.925073,2,0x03,7.6883,5.6111,6.885326
6.925073,3,0x04,0.0000,0.0556,6.898339
6.926196,0,0x01,0.0000,0.1111,6.886310
6.926196,1,0x02,0.0000,0.0556,6.887328
6.926196,2,0x03,7.3906,5.6111,6.885326
6.926196,3,0x04,0.0000,0.0556,6.898339
6.932937,0,0x01,0.0000,0.1111,6.886310
6.932937,1,0x02,0.0000,0.0556,6.887328
6.932937,2,0x03,7.3906,5.6111,6.885326
6.932937,3,0x04,0.0000,0.0556,6.898339
6.934030,0,0x01,0.0000,0.1111,6.886310
6.934030,1,0x02,0.0000,0.0556,6.887328
6.934030,2,0x03,7.3906,5.6111,6.885326
6.934030,3,0x04,0.0000,0.0556,6.898339
6.935106,0,0x01,0.0000,0.1111,6.934334
6.935106,1,0x02,0.0000,0.0556,6.887328
6.935106,2,0x03,7.3906,5.6111,6.885326
6.935106,3,0x04,0.0000,0.0556,6.898339
6.936203,0,0x01,0.0000,0.1111,6.941335
6.936203,1,0x02,0.0000,0.0556,6.939323
6.936203,2,0x03,7.0904,6.8333,6.940346
6.936203,3,0x04,0.0000,0.0000,6.937335
6.944063,0,0x01,0.0000,0.1111,6.941335
6.944063,1,0x02,0.0000,0.0556,6.939323
6.944063,2,0x03,7.0904,6.8333,6.943323
6.944063,3,0x04,0.0000,0.0000,6.937335
6.945177,0,0x01,0.0000,0.1111,6.941335
6.945177,1,0x02,0.0000,0.0556,6.939323
6.945177,2,0x03,7.0904,6.8333,6.943323
6.945177,3,0x04,0.0000,0.0556,6.944303
6.946271,0,0x01,0.0000,0.1111,6.941335
6.946271,1,0x02,0.0000,0.0556,6.948329
6.946271,2,0x03,6.7883,7.2778,6.949348
6.946271,3,0x04,0.0000,0.0556,6.947323
6.953011,0,0x01,0.0000,0.1111,6.941335
6.953011,1,0x02,0.0000,0.0556,6.948329
6.953011,2,0x03,6.7883,7.2778,6.949348
6.953011,3,0x04,0.0000,0.0556,6.947323
6.954110,0,0x01,0.0000,0.1111,6.941335
6.954110,1,0x02,0.0000,0.0556,6.948329
6.954110,2,0x03,6.7883,7.2778,6.949348
6.954110,3,0x04,0.0000,0.0556,6.947323
6.955232,0,0x01,0.0000,0.1111,6.941335
6.955232,1,0x02,0.0000,0.0556,6.948329
6.955232,2,0x03,6.7883,7.2778,6.949348
6.955232,3,0x04,0.0000,0.0556,6.947323
6.956325,0,0x01,0.0000,0.1111,6.941335
6.956325,1,0x02,0.0000,0.0556,6.948329
6.956325,2,0x03,6.4867,7.2778,6.949348
6.956325,3,0x04,0.0000,0.0556,6.947323
6.963952,0,0x01,0.0000,0.1111,6.941335
6.963952,1,0x02,0.0000,0.0556,6.948329
6.963952,2,0x03,6.4867,7.2778,6.949348
6.963952,3,0x04,0.0000,0.0556,6.947323
6.965032,0,0x01,0.0000,0.1111,6.941335
6.965032,1,0x02,0.0000,0.0556,6.948329
6.965032,2,0x03,6.4867,7.2778,6.949348
6.965032,3,0x04,0.0000,0.0556,6.947323
6.966108,0,0x01,0.0000,0.1111,6.941335
6.966108,1,0x02,0.0000,0.0556,6.948329
6.966108,2,0x03,6.1932,7.2778,6.949348
6.966108,3,0x04,0.0000,0.0556,6.947323
6.972995,0,0x01,0.0000,0.1111,6.941335
6.972995,1,0x02,0.0000,0.0556,6.948329
6.972995,2,0x03,6.1932,7.2778,6.949348
6.972995,3,0x04,0.0000,0.0556,6.947323
6.974098,0,0x01,0.0000,0.1111,6.941335
6.974098,1,0x02,0.0000,0.0556,6.948329
6.974098,2,0x03,6.1932,7.2778,6.949348
6.974098,3,0x04,0.0000,0.0556,6.947323
6.975187,0,0x01,0.0000,0.1111,6.941335
6.975187,1,0x02,0.0000,0.0556,6.948329
6.975187,2,0x03,6.1932,7.2778,6.949348
6.975187,3,0x04,0.0000,0.0556,6.947323
6.976272,0,0x01,0.0000,0.1111,6.941335
6.976272,1,0x02,0.0000,0.0556,6.948329
6.976272,2,0x03,5.8883,7.2778,6.949348
6.976272,3,0x04,0.0000,0.0556,6.947323
6.984009,0,0x01,0.0000,0.1111,6.941335
6.984009,1,0x02,0.0000,0.0556,6.948329
6.984009,2,0x03,5.8883,7.2778,6.949348
6.984009,3,0x04,0.0000,0.0556,6.947323
6.985103,0,0x01,0.0000,0.1111,6.941335
6.985103,1,0x02,0.0000,0.0556,6.948329
6.985103,2,0x03,5.8883,7.2778,6.949348
6.985103,3,0x04,0.0000,0.0556,6.947323
6.986185,0,0x01,0.0000,0.1111,6.989341
6.986185,1,0x02,0.0000,0.0000,6.990323
6.986185,2,0x03,5.5909,7.2778,6.949348
6.986185,3,0x04,0.0000,0.0556,6.991338
6.993047,0,0x01,0.0000,0.1111,6.992323
6.993047,1,0x02,0.0000,0.0000,6.990323
6.993047,2,0x03,5.5909,7.2778,6.949348
6.993047,3,0x04,0.0000,0.0556,6.991338
6.994178,0,0x01,0.0000,0.1111,6.992323
6.994178,1,0x02,0.0000,0.0000,6.993302
6.994178,2,0x03,5.5909,7.2778,6.949348
6.994178,3,0x04,0.0000,0.0556,6.991338
6.995288,0,0x01,0.0000,0.1111,6.992323
6.995288,1,0x02,0.0000,0.0000,6.993302
6.995288,2,0x03,5.5909,7.8889,6.994304
6.995288,3,0x04,0.0000,0.0556,6.991338
6.996391,0,0x01,0.0000,0.1111,6.992323
6.996391,1,0x02,0.0000,0.0000,6.996312
6.996391,2,0x03,5.2847,7.6111,6.997313
6.996391,3,0x04,0.0000,0.0556,6.995343
7.006108,0,0x01,0.0000,0.1111,6.992323
7.006108,1,0x02,0.0000,0.0000,7.009327
7.006108,2,0x03,4.9932,7.6111,6.997313
7.006108,3,0x04,0.0000,0.0556,7.008366
7.011990,0,0x01,0.0000,0.1111,6.992323
7.011990,1,0x02,0.0000,0.0000,7.009327
7.011990,2,0x03,4.9932,7.6111,6.997313
7.011990,3,0x04,0.0000,0.0556,7.008366
7.013076,0,0x01,0.0000,0.1111,6.992323
7.013076,1,0x02,0.0000,0.0000,7.009327
7.013076,2,0x03,4.9932,7.6111,6.997313
7.013076,3,0x04,0.0000,0.0556,7.008366
7.014158,0,0x01,0.0000,0.1111,6.992323
7.014158,1,0x02,0.0000,0.0000,7.009327
7.014158,2,0x03,4.9932,7.6111,6.997313
7.014158,3,0x04,0.0000,0.0556,7.008366
7.015253,0,0x01,0.0000,0.1111,6.992323
7.015253,1,0x02,0.0000,0.0000,7.009327
7.015253,2,0x03,4.9932,7.6111,6.997313
7.015253,3,0x04,0.0000,0.0556,7.008366
7.016333,0,0x01,0.0000,0.1111,6.992323
7.016333,1,0x02,0.0000,0.0000,7.009327
7.016333,2,0x03,4.6865,7.6111,6.997313
7.016333,3,0x04,0.0000,0.0556,7.008366
7.024004,0,0x01,0.0000,0.1111,6.992323
7.024004,1,0x02,0.0000,0.0000,7.009327
7.024004,2,0x03,4.6865,7.6111,6.997313
7.024004,3,0x04,0.0000,0.0556,7.008366
7.025094,0,0x01,0.0000,0.1111,6.992323
7.025094,1,0x02,0.0000,0.0000,7.009327
7.025094,2,0x03,4.6865,7.6111,6.997313
7.025094,3,0x04,0.0000,0.0556,7.008366
7.026180,0,0x01,0.0000,0.1111,6.992323
7.026180,1,0x02,0.0000,0.0000,7.009327
7.026180,2,0x03,4.3911,7.6111,6.997313
7.026180,3,0x04,0.0000,0.0556,7.008366
7.032956,0,0x01,0.0000,0.1111,6.992323
7.032956,1,0x02,0.0000,0.0000,7.009327
7.032956,2,0x03,4.3911,7.6111,6.997313
7.032956,3,0x04,0.0000,0.0556,7.008366
7.034043,0,0x01,0.0000,0.1111,6.992323
7.034043,1,0x02,0.0000,0.0000,7.009327
7.034043,2,0x03,4.3911,7.6111,6.997313
7.034043,3,0x04,0.0000,0.0556,7.008366
7.035130,0,0x01,0.0000,0.1111,6.992323
7.035130,1,0x02,0.0000,0.0000,7.009327
7.035130,2,0x03,4.3911,7.6111,6.997313
7.035130,3,0x04,0.0000,0.0556,7.008366
7.036213,0,0x01,0.0000,0.1111,6.992323
7.036213,1,0x02,0.0000,0.0000,7.009327
7.036213,2,0x03,4.0901,7.6111,6.997313
7.036213,3,0x04,0.0000,0.0556,7.008366
7.043996,0,0x01,0.0000,0.1111,6.992323
7.043996,1,0x02,0.0000,0.0000,7.009327
7.043996,2,0x03,4.0901,7.6111,6.997313
7.043996,3,0x04,0.0000,0.0556,7.008366
7.045108,0,0x01,0.0000,0.1111,6.992323
7.045108,1,0x02,0.0000,0.0000,7.009327
7.045108,2,0x03,4.0901,7.6111,6.997313
7.045108,3,0x04,0.0000,0.0556,7.008366
7.046196,0,0x01,0.0000,0.0556,7.050333
7.046196,1,0x02,0.0000,0.0556,7.051342
7.046196,2,0x03,3.7906,7.6111,6.997313
7.046196,3,0x04,0.0000,0.0556,7.045322
7.053056,0,0x01,0.0000,0.0556,7.050333
7.053056,1,0x02,0.0000,0.0556,7.051342
7.053056,2,0x03,3.7906,7.6111,6.997313
7.053056,3,0x04,0.0000,0.0556,7.052335
7.054212,0,0x01,0.0000,0.1111,7.053308
7.054212,1,0x02,0.0000,0.0556,7.051342
7.054212,2,0x03,3.7906,7.6111,6.997313
7.054212,3,0x04,0.0000,0.0556,7.052335
7.055388,0,0x01,0.0000,0.1111,7.053308
7.055388,1,0x02,0.0000,0.0556,7.054315
7.055388,2,0x03,3.7906,5.2778,7.055322
7.055388,3,0x04,0.0000,0.0556,7.052335
7.056486,0,0x01,0.0000,0.1111,7.053308
7.056486,1,0x02,0.0000,0.0556,7.057337
7.056486,2,0x03,3.4819,5.2778,7.058343
7.056486,3,0x04,0.0000,0.0556,7.056331
7.065024,0,0x01,0.0000,0.1111,7.053308
7.065024,1,0x02,0.0000,0.0556,7.057337
7.065024,2,0x03,3.4819,5.2778,7.058343
7.065024,3,0x04,0.0000,0.0556,7.056331
7.066117,0,0x01,0.0000,0.1111,7.053308
7.066117,1,0x02,0.0000,0.0556,7.070325
7.066117,2,0x03,3.1929,4.6667,7.071343
7.066117,3,0x04,0.0000,0.0556,7.072335
7.075059,0,0x01,0.0000,0.1111,7.053308
7.075059,1,0x02,0.0000,0.0556,7.074335
7.075059,2,0x03,3.1929,4.6667,7.071343
7.075059,3,0x04,0.0000,0.0556,7.072335
7.076196,0,0x01,0.0000,0.1111,7.082333
7.076196,1,0x02,0.0000,0.0556,7.074335
7.076196,2,0x03,2.8906,4.7222,7.076305
7.076196,3,0x04,0.0000,0.0556,7.079329
7.084000,0,0x01,0.0000,0.1111,7.082333
7.084000,1,0x02,0.0000,0.0556,7.074335
7.084000,2,0x03,2.8906,4.7222,7.076305
7.084000,3,0x04,0.0000,0.0556,7.079329
7.085090,0,0x01,0.0000,0.1111,7.082333
7.085090,1,0x02,0.0000,0.0556,7.074335
7.085090,2,0x03,2.8906,4.7222,7.076305
7.085090,3,0x04,0.0000,0.0556,7.079329
7.086175,0,0x01,0.0000,0.1111,7.082333
7.086175,1,0x02,0.0000,0.0556,7.085307
7.086175,2,0x03,2.5912,4.1111,7.088363
7.086175,3,0x04,0.0000,0.0556,7.091342
7.093025,0,0x01,0.0000,0.1111,7.082333
7.093025,1,0x02,0.0000,0.0556,7.085307
7.093025,2,0x03,2.5912,4.1111,7.088363
7.093025,3,0x04,0.0000,0.0556,7.091342
7.094125,0,0x01,0.0000,0.1111,7.082333
7.094125,1,0x02,0.0000,0.0556,7.085307
7.094125,2,0x03,2.5912,4.1111,7.088363
7.094125,3,0x04,0.0000,0.0556,7.091342
7.095217,0,0x01,0.0000,0.1111,7.094307
7.095217,1,0x02,0.0000,0.0556,7.085307
7.095217,2,0x03,2.5912,4.1111,7.088363
7.095217,3,0x04,0.0000,0.0556,7.091342
7.096325,0,0x01,0.0000,0.1111,7.094307
7.096325,1,0x02,0.0000,0.0556,7.097314
7.096325,2,0x03,2.2867,3.6111,7.100449
7.096325,3,0x04,0.0000,0.0556,7.102432
7.104028,0,0x01,0.0000,0.1111,7.094307
7.104028,1,0x02,0.0000,0.0556,7.097314
7.104028,2,0x03,2.2867,3.6111,7.100449
7.104028,3,0x04,0.0000,0.0556,7.102432
7.105142,0,0x01,0.0000,0.1111,7.094307
7.105142,1,0x02,0.0000,0.0556,7.097314
7.105142,2,0x03,2.2867,3.6111,7.100449
7.105142,3,0x04,0.0000,0.0556,7.102432
7.106252,0,0x01,0.0000,0.1111,7.094307
7.106252,1,0x02,0.0000,0.0556,7.097314
7.106252,2,0x03,1.9889,3.6111,7.100449
7.106252,3,0x04,0.0000,0.0556,7.102432
7.113162,0,0x01,0.0000,0.1111,7.094307
7.113162,1,0x02,0.0000,0.0556,7.097314
7.113162,2,0x03,1.9889,3.6111,7.100449
7.113162,3,0x04,0.0000,0.0556,7.102432
7.114259,0,0x01,0.0000,0.1111,7.094307
7.114259,1,0x02,0.0000,0.0556,7.097314
7.114259,2,0x03,1.9889,3.6111,7.100449
7.114259,3,0x04,0.0000,0.0556,7.102432
7.115355,0,0x01,0.0000,0.1111,7.094307
7.115355,1,0x02,0.0000,0.0556,7.097314
7.115355,2,0x03,1.9889,3.6111,7.100449
7.115355,3,0x04,0.0000,0.0556,7.102432
7.116483,0,0x01,0.0000,0.1111,7.094307
7.116483,1,0x02,0.0000,0.0556,7.097314
7.116483,2,0x03,1.6820,3.6111,7.100449
7.116483,3,0x04,0.0000,0.0556,7.102432
7.123998,0,0x01,0.0000,0.1111,7.094307
7.123998,1,0x02,0.0000,0.0556,7.097314
7.123998,2,0x03,1.6820,3.6111,7.100449
7.123998,3,0x04,0.0000,0.0556,7.102432
7.125092,0,0x01,0.0000,0.1111,7.094307
7.125092,1,0x02,0.0000,0.0556,7.097314
7.125092,2,0x03,1.6820,3.6111,7.100449
7.125092,3,0x04,0.0000,0.0556,7.102432
7.126179,0,0x01,0.0000,0.1111,7.094307
7.126179,1,0x02,0.0000,0.0556,7.097314
7.126179,2,0x03,1.3911,3.6111,7.100449
7.126179,3,0x04,0.0000,0.0556,7.102432
7.132971,0,0x01,0.0000,0.1111,7.094307
7.132971,1,0x02,0.0000,0.0556,7.097314
7.132971,2,0x03,1.3911,3.6111,7.100449
7.132971,3,0x04,0.0000,0.0556,7.102432
7.134064,0,0x01,0.0000,0.1111,7.094307
7.134064,1,0x02,0.0000,0.0556,7.097314
7.134064,2,0x03,1.3911,3.6111,7.100449
7.134064,3,0x04,0.0000,0.0556,7.102432
7.135146,0,0x01,0.0000,0.1111,7.094307
7.135146,1,0x02,0.0000,0.0556,7.097314
7.135146,2,0x03,1.3911,3.6111,7.100449
7.135146,3,0x04,0.0000,0.0556,7.102432
7.136235,0,0x01,0.0000,0.1111,7.094307
7.136235,1,0x02,0.0000,0.0556,7.140382
7.136235,2,0x03,1.0894,2.3333,7.141344
7.136235,3,0x04,0.0000,0.0000,7.142334
7.144091,0,0x01,0.0000,0.1111,7.094307
7.144091,1,0x02,0.0000,0.0000,7.143320
7.144091,2,0x03,1.0894,2.3333,7.141344
7.144091,3,0x04,0.0000,0.0000,7.142334
7.145239,0,0x01,0.0000,0.1111,7.094307
7.145239,1,0x02,0.0000,0.0000,7.143320
7.145239,2,0x03,1.0894,2.3333,7.141344
7.145239,3,0x04,0.0000,0.0000,7.142334
7.146336,0,0x01,0.0000,0.1111,7.149364
7.146336,1,0x02,0.0000,0.0556,7.150356
7.146336,2,0x03,0.7864,1.9444,7.151333
7.146336,3,0x04,0.0000,0.0000,7.142334
7.154109,0,0x01,0.0000,0.1111,7.149364
7.154109,1,0x02,0.0000,0.0556,7.150356
7.154109,2,0x03,0.7864,1.9444,7.151333
7.154109,3,0x04,0.0000,0.0000,7.142334
7.155222,0,0x01,0.0000,0.1111,7.149364
7.155222,1,0x02,0.0000,0.0556,7.150356
7.155222,2,0x03,0.7864,1.9444,7.151333
7.155222,3,0x04,0.0000,0.0000,7.142334
7.156318,0,0x01,0.0000,0.1111,7.162368
7.156318,1,0x02,0.0000,0.0556,7.150356
7.156318,2,0x03,0.4869,1.9444,7.151333
7.156318,3,0x04,0.0000,0.0000,7.142334
7.164992,0,0x01,0.0000,0.1111,7.162368
7.164992,1,0x02,0.0000,0.0556,7.150356
7.164992,2,0x03,0.4869,1.9444,7.151333
7.164992,3,0x04,0.0000,0.0000,7.142334
7.166068,0,0x01,0.0000,0.1111,7.162368
7.166068,1,0x02,0.0000,0.0556,7.150356
7.166068,2,0x03,0.1944,1.9444,7.151333
7.166068,3,0x04,0.0000,0.0000,7.142334
7.174066,0,0x01,0.0000,0.1111,7.162368
7.174066,1,0x02,0.0000,0.0556,7.150356
7.174066,2,0x03,0.1944,1.9444,7.151333
7.174066,3,0x04,0.0000,0.0000,7.142334
7.175336,0,0x01,0.0000,0.1111,7.162368
7.175336,1,0x02,0.0000,0.0556,7.150356
7.175336,2,0x03,0.1944,1.9444,7.151333
7.175336,3,0x04,0.0000,0.0000,7.142334
7.176441,0,0x01,0.0000,0.1111,7.162368
7.176441,1,0x02,0.0000,0.0556,7.150356
7.176441,2,0x03,-0.1168,1.9444,7.151333
7.176441,3,0x04,0.0000,0.0000,7.142334
7.182969,0,0x01,0.0000,0.1111,7.162368
7.182969,1,0x02,0.0000,0.0556,7.150356
7.182969,2,0x03,-0.1168,1.9444,7.151333
7.182969,3,0x04,0.0000,0.0000,7.142334
7.184064,0,0x01,0.0000,0.1111,7.162368
7.184064,1,0x02,0.0000,0.0556,7.150356
7.184064,2,0x03,-0.1168,1.9444,7.151333
7.184064,3,0x04,0.0000,0.0000,7.142334
7.185147,0,0x01,0.0000,0.1111,7.162368
7.185147,1,0x02,0.0000,0.0556,7.150356
7.185147,2,0x03,-0.1168,1.9444,7.151333
7.185147,3,0x04,0.0000,0.0000,7.142334
7.186228,0,0x01,0.0000,0.1111,7.162368
7.186228,1,0x02,0.0000,0.0556,7.150356
7.186228,2,0x03,-0.4104,1.9444,7.151333
7.186228,3,0x04,0.0000,0.0000,7.142334
7.193960,0,0x01,0.0000,0.1111,7.162368
7.193960,1,0x02,0.0000,0.0556,7.150356
7.193960,2,0x03,-0.4104,1.9444,7.151333
7.193960,3,0x04,0.0000,0.0000,7.142334
7.195033,0,0x01,0.0000,0.1111,7.162368
7.195033,1,0x02,0.0000,0.0556,7.150356
7.195033,2,0x03,-0.4104,1.9444,7.151333
7.195033,3,0x04,0.0000,0.0000,7.142334
7.196115,0,0x01,0.0000,0.1111,7.201333
7.196115,1,0x02,0.0000,0.0000,7.199353
7.196115,2,0x03,-0.7070,1.9444,7.151333
7.196115,3,0x04,0.0000,0.0556,7.200335
7.203080,0,0x01,0.0000,0.1111,7.201333
7.203080,1,0x02,0.0000,0.0000,7.202337
7.203080,2,0x03,-0.7070,1.9444,7.151333
7.203080,3,0x04,0.0000,0.0556,7.200335
7.204208,0,0x01,0.0000,0.1111,7.201333
7.204208,1,0x02,0.0000,0.0000,7.202337
7.204208,2,0x03,-0.7070,0.7778,7.203314
7.204208,3,0x04,0.0000,0.0556,7.200335
7.205416,0,0x01,0.0000,0.1111,7.201333
7.205416,1,0x02,0.0000,0.0556,7.205320
7.205416,2,0x03,-0.7070,0.7778,7.203314
7.205416,3,0x04,0.0000,0.0556,7.204321
7.206569,0,0x01,0.0000,0.1111,7.210342
7.206569,1,0x02,0.0000,0.0556,7.211386
7.206569,2,0x03,-1.0206,0.7222,7.212335
7.206569,3,0x04,0.0000,0.0556,7.204321
7.214111,0,0x01,0.0000,0.1111,7.213352
7.214111,1,0x02,0.0000,0.0556,7.211386
7.214111,2,0x03,-1.0206,0.7222,7.212335
7.214111,3,0x04,0.0000,0.0556,7.204321
7.215221,0,0x01,0.0000,0.1111,7.213352
7.215221,1,0x02,0.0000,0.0556,7.211386
7.215221,2,0x03,-1.0206,0.7222,7.212335
7.215221,3,0x04,0.0000,0.0556,7.204321
7.216323,0,0x01,0.0000,0.1111,7.213352
7.216323,1,0x02,0.0000,0.0556,7.211386
7.216323,2,0x03,-1.3132,0.7222,7.212335
7.216323,3,0x04,0.0000,0.0556,7.204321
7.226082,0,0x01,0.0000,0.1111,7.213352
7.226082,1,0x02,0.0000,0.0556,7.211386
7.226082,2,0x03,-1.6060,0.7222,7.212335
7.226082,3,0x04,0.0000,0.0556,7.204321
7.232036,0,0x01,0.0000,0.1111,7.213352
7.232036,1,0x02,0.0000,0.0556,7.211386
7.232036,2,0x03,-1.6060,0.7222,7.212335
7.232036,3,0x04,0.0000,0.0556,7.204321
7.233147,0,0x01,0.0000,0.1111,7.213352
7.233147,1,0x02,0.0000,0.0556,7.211386
7.233147,2,0x03,-1.6060,0.7222,7.212335
7.233147,3,0x04,0.0000,0.0556,7.204321
7.234234,0,0x01,0.0000,0.1111,7.213352
7.234234,1,0x02,0.0000,0.0556,7.211386
7.234234,2,0x03,-1.6060,0.7222,7.212335
7.234234,3,0x04,0.0000,0.0556,7.204321
7.235321,0,0x01,0.0000,0.1111,7.213352
7.235321,1,0x02,0.0000,0.0556,7.211386
7.235321,2,0x03,-1.6060,0.7222,7.212335
7.235321,3,0x04,0.0000,0.0556,7.204321
7.236408,0,0x01,0.0000,0.1111,7.213352
7.236408,1,0x02,0.0000,0.0556,7.211386
7.236408,2,0x03,-1.9158,0.7222,7.212335
7.236408,3,0x04,0.0000,0.0556,7.204321
7.244052,0,0x01,0.0000,0.1111,7.213352
7.244052,1,0x02,0.0000,0.0556,7.211386
7.244052,2,0x03,-1.9158,0.7222,7.212335
7.244052,3,0x04,0.0000,0.0556,7.204321
7.245178,0,0x01,0.0000,0.1111,7.213352
7.245178,1,0x02,0.0000,0.0556,7.211386
7.245178,2,0x03,-1.9158,0.7222,7.212335
7.245178,3,0x04,0.0000,0.0556,7.204321
7.246262,0,0x01,0.0000,0.1111,7.213352
7.246262,1,0x02,0.0000,0.0556,7.211386
7.246262,2,0x03,-2.2114,0.7222,7.212335
7.246262,3,0x04,0.0000,0.0556,7.204321
7.252969,0,0x01,0.0000,0.1111,7.213352
7.252969,1,0x02,0.0000,0.0556,7.211386
7.252969,2,0x03,-2.2114,0.7222,7.212335
7.252969,3,0x04,0.0000,0.0556,7.204321
7.254057,0,0x01,0.0000,0.1111,7.213352
7.254057,1,0x02,0.0000,0.0556,7.211386
7.254057,2,0x03,-2.2114,0.7222,7.212335
7.254057,3,0x04,0.0000,0.0556,7.204321
7.255171,0,0x01,0.0000,0.1111,7.213352
7.255171,1,0x02,0.0000,0.0556,7.211386
7.255171,2,0x03,-2.2114,0.7222,7.212335
7.255171,3,0x04,0.0000,0.0556,7.204321
7.256263,0,0x01,0.0000,0.1111,7.261341
7.256263,1,0x02,0.0000,0.0556,7.262327
7.256263,2,0x03,-2.5114,0.7222,7.212335
7.256263,3,0x04,0.0000,0.0556,7.260352
7.264014,0,0x01,0.0000,0.1111,7.261341
7.264014,1,0x02,0.0000,0.0556,7.262327
7.264014,2,0x03,-2.5114,-0.8889,7.263334
7.264014,3,0x04,0.0000,0.0556,7.260352
7.265119,0,0x01,0.0000,0.1111,7.261341
7.265119,1,0x02,0.0000,0.0556,7.262327
7.265119,2,0x03,-2.5114,-0.8889,7.263334
7.265119,3,0x04,0.0000,0.0000,7.264302
7.266221,0,0x01,0.0000,0.0556,7.268328
7.266221,1,0x02,0.0000,0.0556,7.262327
7.266221,2,0x03,-2.8102,-0.8889,7.269338
7.266221,3,0x04,0.0000,0.0000,7.271352
7.273071,0,0x01,0.0000,0.0556,7.268328
7.273071,1,0x02,0.0000,0.0556,7.272338
7.273071,2,0x03,-2.8102,-0.8889,7.269338
7.273071,3,0x04,0.0000,0.0000,7.271352
7.274209,0,0x01,0.0000,0.0556,7.268328
7.274209,1,0x02,0.0000,0.0556,7.272338
7.274209,2,0x03,-2.8102,-0.8889,7.273305
7.274209,3,0x04,0.0000,0.0000,7.271352
7.275324,0,0x01,0.0000,0.0556,7.268328
7.275324,1,0x02,0.0000,0.0556,7.272338
7.275324,2,0x03,-2.8102,-0.8889,7.273305
7.275324,3,0x04,0.0000,0.0000,7.271352
7.276395,0,0x01,0.0000,0.0556,7.268328
7.276395,1,0x02,0.0000,0.0556,7.272338
7.276395,2,0x03,-3.1154,-0.8889,7.273305
7.276395,3,0x04,0.0000,0.0000,7.271352
7.284974,0,0x01,0.0000,0.0556,7.268328
7.284974,1,0x02,0.0000,0.0556,7.272338
7.284974,2,0x03,-3.1154,-0.8889,7.273305
7.284974,3,0x04,0.0000,0.0000,7.271352
7.286067,0,0x01,0.0000,0.0556,7.268328
7.286067,1,0x02,0.0000,0.0556,7.272338
7.286067,2,0x03,-3.4056,-0.8889,7.285314
7.286067,3,0x04,0.0000,0.0000,7.271352
7.293987,0,0x01,0.0000,0.0556,7.268328
7.293987,1,0x02,0.0000,0.0556,7.272338
7.293987,2,0x03,-3.4056,-0.8889,7.285314
7.293987,3,0x04,0.0000,0.0000,7.271352
7.295080,0,0x01,0.0000,0.0556,7.268328
7.295080,1,0x02,0.0000,0.0556,7.272338
7.295080,2,0x03,-3.4056,-0.8889,7.285314
7.295080,3,0x04,0.0000,0.0000,7.271352
7.296165,0,0x01,0.0000,0.0556,7.268328
7.296165,1,0x02,0.0000,0.0556,7.272338
7.296165,2,0x03,-3.7085,-0.8889,7.285314
7.296165,3,0x04,0.0000,0.0000,7.271352
7.302981,0,0x01,0.0000,0.0556,7.268328
7.302981,1,0x02,0.0000,0.0556,7.272338
7.302981,2,0x03,-3.7085,-0.8889,7.285314
7.302981,3,0x04,0.0000,0.0000,7.271352
7.304075,0,0x01,0.0000,0.0556,7.268328
7.304075,1,0x02,0.0000,0.0556,7.272338
7.304075,2,0x03,-3.7085,-0.8889,7.285314
7.304075,3,0x04,0.0000,0.0000,7.271352
7.305188,0,0x01,0.0000,0.0556,7.268328
7.305188,1,0x02,0.0000,0.0556,7.272338
7.305188,2,0x03,-3.7085,-0.8889,7.285314
7.305188,3,0x04,0.0000,0.0000,7.271352
7.306302,0,0x01,0.0000,0.0556,7.268328
7.306302,1,0x02,0.0000,0.0556,7.272338
7.306302,2,0x03,-4.0126,-0.8889,7.285314
7.306302,3,0x04,0.0000,0.0000,7.271352
7.313978,0,0x01,0.0000,0.0556,7.268328
7.313978,1,0x02,0.0000,0.0556,7.272338
7.313978,2,0x03,-4.0126,-0.8889,7.285314
7.313978,3,0x04,0.0000,0.0000,7.271352
7.315074,0,0x01,0.0000,0.0556,7.268328
7.315074,1,0x02,0.0000,0.0556,7.272338
7.315074,2,0x03,-4.0126,-0.8889,7.285314
7.315074,3,0x04,0.0000,0.0000,7.271352
7.316161,0,0x01,0.0000,0.0556,7.268328
7.316161,1,0x02,0.0000,0.0556,7.272338
7.316161,2,0x03,-4.3084,-0.8889,7.285314
7.316161,3,0x04,0.0000,0.0556,7.321363
7.322999,0,0x01,0.0000,0.0556,7.268328
7.322999,1,0x02,0.0000,0.0556,7.272338
7.322999,2,0x03,-4.3084,-0.8889,7.285314
7.322999,3,0x04,0.0000,0.0556,7.321363
7.324090,0,0x01,0.0000,0.0556,7.268328
7.324090,1,0x02,0.0000,0.0556,7.323317
7.324090,2,0x03,-4.3084,-0.8889,7.285314
7.324090,3,0x04,0.0000,0.0556,7.321363
7.325200,0,0x01,0.0000,0.0556,7.268328
7.325200,1,0x02,0.0000,0.0556,7.323317
7.325200,2,0x03,-4.3084,-2.7778,7.324309
7.325200,3,0x04,0.0000,0.0556,7.321363
7.326305,0,0x01,0.0000,0.1111,7.332337
7.326305,1,0x02,0.0000,0.0556,7.329332
7.326305,2,0x03,-4.6127,-3.1111,7.330338
7.326305,3,0x04,0.0000,0.0556,7.331341
7.334083,0,0x01,0.0000,0.1111,7.332337
7.334083,1,0x02,0.0000,0.0556,7.329332
7.334083,2,0x03,-4.6127,-3.0556,7.333410
7.334083,3,0x04,0.0000,0.0556,7.331341
7.335204,0,0x01,0.0000,0.1111,7.334409
7.335204,1,0x02,0.0000,0.0556,7.329332
7.335204,2,0x03,-4.6127,-3.0556,7.333410
7.335204,3,0x04,0.0000,0.0556,7.331341
7.336308,0,0x01,0.0000,0.1111,7.334409
7.336308,1,0x02,0.0000,0.0000,7.335568
7.336308,2,0x03,-4.9128,-3.0556,7.333410
7.336308,3,0x04,0.0000,0.0556,7.331341
7.344996,0,0x01,0.0000,0.1111,7.334409
7.344996,1,0x02,0.0000,0.0000,7.335568
7.344996,2,0x03,-4.9128,-3.0556,7.333410
7.344996,3,0x04,0.0000,0.0556,7.331341
7.346082,0,0x01,0.0000,0.1111,7.334409
7.346082,1,0x02,0.0000,0.0000,7.335568
7.346082,2,0x03,-5.2060,-3.0556,7.333410
7.346082,3,0x04,0.0000,0.0556,7.347371
7.354054,0,0x01,0.0000,0.1111,7.334409
7.354054,1,0x02,0.0000,0.0000,7.335568
7.354054,2,0x03,-5.2060,-3.0556,7.333410
7.354054,3,0x04,0.0000,0.0556,7.347371
7.355226,0,0x01,0.0000,0.1111,7.334409
7.355226,1,0x02,0.0000,0.0000,7.335568
7.355226,2,0x03,-5.2060,-3.0556,7.333410
7.355226,3,0x04,0.0000,0.0556,7.347371
7.356337,0,0x01,0.0000,0.1111,7.334409
7.356337,1,0x02,0.0000,0.0000,7.335568
7.356337,2,0x03,-5.5136,-3.0556,7.333410
7.356337,3,0x04,0.0000,0.0556,7.347371
7.363024,0,0x01,0.0000,0.1111,7.334409
7.363024,1,0x02,0.0000,0.0000,7.335568
7.363024,2,0x03,-5.5136,-3.0556,7.333410
7.363024,3,0x04,0.0000,0.0556,7.347371
7.364111,0,0x01,0.0000,0.1111,7.334409
7.364111,1,0x02,0.0000,0.0000,7.335568
7.364111,2,0x03,-5.5136,-3.0556,7.333410
7.364111,3,0x04,0.0000,0.0556,7.347371
7.365202,0,0x01,0.0000,0.1111,7.334409
7.365202,1,0x02,0.0000,0.0000,7.335568
7.365202,2,0x03,-5.5136,-3.0556,7.333410
7.365202,3,0x04,0.0000,0.0556,7.347371
7.366325,0,0x01,0.0000,0.1111,7.334409
7.366325,1,0x02,0.0000,0.0000,7.335568
7.366325,2,0x03,-5.8133,-3.0556,7.333410
7.366325,3,0x04,0.0000,0.0556,7.347371
7.373977,0,0x01,0.0000,0.1111,7.334409
7.373977,1,0x02,0.0000,0.0000,7.335568
7.373977,2,0x03,-5.8133,-3.0556,7.333410
7.373977,3,0x04,0.0000,0.0556,7.347371
7.375066,0,0x01,0.0000,0.1111,7.334409
7.375066,1,0x02,0.0000,0.0000,7.335568
7.375066,2,0x03,-5.8133,-3.0556,7.333410
7.375066,3,0x04,0.0000,0.0556,7.347371
7.376150,0,0x01,0.0000,0.1111,7.334409
7.376150,1,0x02,0.0000,0.0000,7.335568
7.376150,2,0x03,-6.1080,-3.0556,7.333410
7.376150,3,0x04,0.0000,0.0556,7.347371
7.382973,0,0x01,0.0000,0.1111,7.334409
7.382973,1,0x02,0.0000,0.0000,7.335568
7.382973,2,0x03,-6.1080,-3.0556,7.333410
7.382973,3,0x04,0.0000,0.0556,7.347371
7.384068,0,0x01,0.0000,0.1111,7.334409
7.384068,1,0x02,0.0000,0.0000,7.335568
7.384068,2,0x03,-6.1080,-3.0556,7.333410
7.384068,3,0x04,0.0000,0.0556,7.347371
7.385165,0,0x01,0.0000,0.1111,7.334409
7.385165,1,0x02,0.0000,0.0000,7.335568
7.385165,2,0x03,-6.1080,-3.0556,7.333410
7.385165,3,0x04,0.0000,0.0556,7.347371
7.386254,0,0x01,0.0000,0.1111,7.390346
7.386254,1,0x02,0.0000,0.0000,7.335568
7.386254,2,0x03,-6.4112,-4.4444,7.391337
7.386254,3,0x04,0.0000,0.0556,7.392327
7.394076,0,0x01,0.0000,0.1111,7.393334
7.394076,1,0x02,0.0000,0.0000,7.335568
7.394076,2,0x03,-6.4112,-4.4444,7.391337
7.394076,3,0x04,0.0000,0.0556,7.392327
7.395210,0,0x01,0.0000,0.1111,7.393334
7.395210,1,0x02,0.0000,0.0000,7.335568
7.395210,2,0x03,-6.4112,-4.5000,7.394308
7.395210,3,0x04,0.0000,0.0556,7.392327
7.396309,0,0x01,0.0000,0.0556,7.395305
7.396309,1,0x02,0.0000,0.0000,7.335568
7.396309,2,0x03,-6.7128,-4.5000,7.394308
7.396309,3,0x04,0.0000,0.0556,7.392327
7.403983,0,0x01,0.0000,0.0556,7.395305
7.403983,1,0x02,0.0000,0.0000,7.335568
7.403983,2,0x03,-6.7128,-4.5000,7.394308
7.403983,3,0x04,0.0000,0.0556,7.392327
7.405080,0,0x01,0.0000,0.0556,7.395305
7.405080,1,0x02,0.0000,0.0000,7.335568
7.405080,2,0x03,-6.7128,-4.5000,7.394308
7.405080,3,0x04,0.0000,0.0556,7.392327
7.406182,0,0x01,0.0000,0.0556,7.395305
7.406182,1,0x02,0.0000,0.0000,7.335568
7.406182,2,0x03,-7.0090,-4.5000,7.394308
7.406182,3,0x04,0.0000,0.0556,7.392327
7.412963,0,0x01,0.0000,0.0556,7.395305
7.412963,1,0x02,0.0000,0.0000,7.335568
7.412963,2,0x03,-7.0090,-4.5000,7.394308
7.412963,3,0x04,0.0000,0.0556,7.392327
7.414047,0,0x01,0.0000,0.0556,7.395305
7.414047,1,0x02,0.0000,0.0000,7.335568
7.414047,2,0x03,-7.0090,-4.5000,7.394308
7.414047,3,0x04,0.0000,0.0556,7.392327
7.415130,0,0x01,0.0000,0.0556,7.395305
7.415130,1,0x02,0.0000,0.0000,7.335568
7.415130,2,0x03,-7.0090,-4.5000,7.394308
7.415130,3,0x04,0.0000,0.0556,7.392327
7.416212,0,0x01,0.0000,0.0556,7.395305
7.416212,1,0x02,0.0000,0.0000,7.335568
7.416212,2,0x03,-7.3099,-4.5000,7.394308
7.416212,3,0x04,0.0000,0.0556,7.392327
7.423961,0,0x01,0.0000,0.0556,7.395305
7.423961,1,0x02,0.0000,0.0000,7.335568
7.423961,2,0x03,-7.3099,-4.5000,7.394308
7.423961,3,0x04,0.0000,0.0556,7.392327
7.425050,0,0x01,0.0000,0.0556,7.395305
7.425050,1,0x02,0.0000,0.0000,7.335568
7.425050,2,0x03,-7.3099,-4.5000,7.394308
7.425050,3,0x04,0.0000,0.0556,7.392327
7.426135,0,0x01,0.0000,0.0556,7.395305
7.426135,1,0x02,0.0000,0.0000,7.335568
7.426135,2,0x03,-7.6076,-4.5000,7.394308
7.426135,3,0x04,0.0000,0.0556,7.392327
7.432968,0,0x01,0.0000,0.0556,7.395305
7.432968,1,0x02,0.0000,0.0000,7.335568
7.432968,2,0x03,-7.6076,-4.5000,7.394308
7.432968,3,0x04,0.0000,0.0556,7.392327
7.434058,0,0x01,0.0000,0.0556,7.395305
7.434058,1,0x02,0.0000,0.0000,7.335568
7.434058,2,0x03,-7.6076,-4.5000,7.394308
7.434058,3,0x04,0.0000,0.0556,7.392327
7.435145,0,0x01,0.0000,0.0556,7.395305
7.435145,1,0x02,0.0000,0.0000,7.335568
7.435145,2,0x03,-7.6076,-4.5000,7.394308
7.435145,3,0x04,0.0000,0.0556,7.392327
7.436233,0,0x01,0.0000,0.0556,7.395305
7.436233,1,0x02,0.0000,0.0000,7.335568
7.436233,2,0x03,-7.9105,-4.5000,7.394308
7.436233,3,0x04,0.0000,0.0000,7.442359
7.443995,0,0x01,0.0000,0.0556,7.395305
7.443995,1,0x02,0.0000,0.0000,7.335568
7.443995,2,0x03,-7.9105,-4.5000,7.394308
7.443995,3,0x04,0.0000,0.0000,7.442359
7.445099,0,0x01,0.0000,0.0556,7.395305
7.445099,1,0x02,0.0000,0.0556,7.444326
7.445099,2,0x03,-7.9105,-4.5000,7.394308
7.445099,3,0x04,0.0000,0.0000,7.442359
7.446216,0,0x01,0.0000,0.1111,7.450337
7.446216,1,0x02,0.0000,0.0556,7.451439
7.446216,2,0x03,-7.7900,-5.8333,7.445310
7.446216,3,0x04,0.0000,0.0556,7.449358
7.453116,0,0x01,0.0000,0.1111,7.450337
7.453116,1,0x02,0.0000,0.0556,7.451439
7.453116,2,0x03,-7.7900,-5.8333,7.445310
7.453116,3,0x04,0.0000,0.0000,7.452381
7.454241,0,0x01,0.0000,0.1111,7.453399
7.454241,1,0x02,0.0000,0.0556,7.451439
7.454241,2,0x03,-7.7900,-5.8333,7.445310
7.454241,3,0x04,0.0000,0.0000,7.452381
7.455389,0,0x01,0.0000,0.1111,7.453399
7.455389,1,0x02,0.0000,0.0556,7.451439
7.455389,2,0x03,-7.7900,-6.1111,7.454517
7.455389,3,0x04,0.0000,0.0000,7.452381
7.456576,0,0x01,0.0000,0.0556,7.456448
7.456576,1,0x02,0.0000,0.0556,7.451439
7.456576,2,0x03,-7.4792,-6.1667,7.457391
7.456576,3,0x04,0.0000,0.0556,7.455766
7.468063,0,0x01,0.0000,0.0556,7.456448
7.468063,1,0x02,0.0000,0.0556,7.451439
7.468063,2,0x03,-7.1346,-6.1667,7.457391
7.468063,3,0x04,0.0000,0.0556,7.455766
7.474981,0,0x01,0.0000,0.0556,7.456448
7.474981,1,0x02,0.0000,0.0556,7.451439
7.474981,2,0x03,-7.1346,-6.1667,7.457391
7.474981,3,0x04,0.0000,0.0556,7.455766
7.476070,0,0x01,0.0000,0.0556,7.456448
7.476070,1,0x02,0.0000,0.0556,7.451439
7.476070,2,0x03,-6.8943,-6.1667,7.457391
7.476070,3,0x04,0.0000,0.0556,7.455766
7.483997,0,0x01,0.0000,0.0556,7.456448
7.483997,1,0x02,0.0000,0.0556,7.451439
7.483997,2,0x03,-6.8943,-6.1667,7.457391
7.483997,3,0x04,0.0000,0.0556,7.455766
7.485090,0,0x01,0.0000,0.0556,7.456448
7.485090,1,0x02,0.0000,0.0556,7.451439
7.485090,2,0x03,-6.8943,-6.1667,7.457391
7.485090,3,0x04,0.0000,0.0556,7.455766
7.486178,0,0x01,0.0000,0.0556,7.456448
7.486178,1,0x02,0.0000,0.0556,7.451439
7.486178,2,0x03,-6.5911,-6.1667,7.457391
7.486178,3,0x04,0.0000,0.0556,7.455766
7.492978,0,0x01,0.0000,0.0556,7.456448
7.492978,1,0x02,0.0000,0.0556,7.451439
7.492978,2,0x03,-6.5911,-6.1667,7.457391
7.492978,3,0x04,0.0000,0.0556,7.455766
7.494066,0,0x01,0.0000,0.0556,7.456448
7.494066,1,0x02,0.0000,0.0556,7.451439
7.494066,2,0x03,-6.5911,-6.1667,7.457391
7.494066,3,0x04,0.0000,0.0556,7.455766
7.495166,0,0x01,0.0000,0.0556,7.456448
7.495166,1,0x02,0.0000,0.0556,7.451439
7.495166,2,0x03,-6.5911,-6.1667,7.457391
7.495166,3,0x04,0.0000,0.0556,7.455766
7.496268,0,0x01,0.0000,0.0556,7.456448
7.496268,1,0x02,0.0000,0.0556,7.451439
7.496268,2,0x03,-6.2884,-6.1667,7.457391
7.496268,3,0x04,0.0000,0.0556,7.455766
7.503998,0,0x01,0.0000,0.0556,7.456448
7.503998,1,0x02,0.0000,0.0556,7.451439
7.503998,2,0x03,-6.2884,-6.1667,7.457391
7.503998,3,0x04,0.0000,0.0556,7.503338
7.505208,0,0x01,0.0000,0.0556,7.456448
7.505208,1,0x02,0.0000,0.0000,7.504330
7.505208,2,0x03,-6.2884,-6.1667,7.457391
7.505208,3,0x04,0.0000,0.0556,7.503338
7.506386,0,0x01,0.0000,0.1111,7.511333
7.506386,1,0x02,0.0000,0.0556,7.508348
7.506386,2,0x03,-5.9849,-7.6667,7.509344
7.506386,3,0x04,0.0000,0.0556,7.510340
7.513274,0,0x01,0.0000,0.1111,7.511333
7.513274,1,0x02,0.0000,0.0556,7.508348
7.513274,2,0x03,-5.9849,-7.5556,7.512327
7.513274,3,0x04,0.0000,0.0556,7.510340
7.514410,0,0x01,0.0000,0.1111,7.514307
7.514410,1,0x02,0.0000,0.0556,7.508348
7.514410,2,0x03,-5.9849,-7.5556,7.512327
7.514410,3,0x04,0.0000,0.0556,7.513364
7.515556,0,0x01,0.0000,0.1111,7.514307
7.515556,1,0x02,0.0000,0.0556,7.508348
7.515556,2,0x03,-5.9849,-7.5000,7.515318
7.515556,3,0x04,0.0000,0.0556,7.513364
7.516679,0,0x01,0.0000,0.1111,7.514307
7.516679,1,0x02,0.0000,0.0000,7.517310
7.516679,2,0x03,-5.6761,-7.3889,7.518345
7.516679,3,0x04,0.0000,0.0556,7.519335
7.524143,0,0x01,0.0000,0.1111,7.514307
7.524143,1,0x02,0.0000,0.0000,7.517310
7.524143,2,0x03,-5.6761,-7.3889,7.518345
7.524143,3,0x04,0.0000,0.0556,7.519335
7.525236,0,0x01,0.0000,0.1111,7.514307
7.525236,1,0x02,0.0000,0.0000,7.517310
7.525236,2,0x03,-5.6761,-7.3889,7.518345
7.525236,3,0x04,0.0000,0.0556,7.519335
7.526320,0,0x01,0.0000,0.1111,7.514307
7.526320,1,0x02,0.0000,0.0000,7.517310
7.526320,2,0x03,-5.3869,-7.3889,7.518345
7.526320,3,0x04,0.0000,0.0556,7.519335
7.533983,0,0x01,0.0000,0.1111,7.514307
7.533983,1,0x02,0.0000,0.0000,7.517310
7.533983,2,0x03,-5.3869,-7.3889,7.518345
7.533983,3,0x04,0.0000,0.0556,7.519335
7.535072,0,0x01,0.0000,0.1111,7.514307
7.535072,1,0x02,0.0000,0.0000,7.517310
7.535072,2,0x03,-5.3869,-7.3889,7.518345
7.535072,3,0x04,0.0000,0.0556,7.519335
7.536174,0,0x01,0.0000,0.1111,7.514307
7.536174,1,0x02,0.0000,0.0000,7.517310
7.536174,2,0x03,-5.0912,-7.3889,7.518345
7.536174,3,0x04,0.0000,0.0556,7.519335
7.542981,0,0x01,0.0000,0.1111,7.514307
7.542981,1,0x02,0.0000,0.0000,7.517310
7.542981,2,0x03,-5.0912,-7.3889,7.518345
7.542981,3,0x04,0.0000,0.0556,7.519335
7.544071,0,0x01,0.0000,0.1111,7.514307
7.544071,1,0x02,0.0000,0.0000,7.517310
7.544071,2,0x03,-5.0912,-7.3889,7.518345
7.544071,3,0x04,0.0000,0.0556,7.519335
7.545185,0,0x01,0.0000,0.1111,7.514307
7.545185,1,0x02,0.0000,0.0000,7.517310
7.545185,2,0x03,-5.0912,-7.3889,7.518345
7.545185,3,0x04,0.0000,0.0556,7.519335
7.546270,0,0x01,0.0000,0.1111,7.514307
7.546270,1,0x02,0.0000,0.0000,7.517310
7.546270,2,0x03,-4.7884,-7.3889,7.518345
7.546270,3,0x04,0.0000,0.0556,7.519335
7.553975,0,0x01,0.0000,0.1111,7.514307
7.553975,1,0x02,0.0000,0.0000,7.517310
7.553975,2,0x03,-4.7884,-7.3889,7.518345
7.553975,3,0x04,0.0000,0.0556,7.519335
7.555094,0,0x01,0.0000,0.1111,7.514307
7.555094,1,0x02,0.0000,0.0000,7.517310
7.555094,2,0x03,-4.7884,-7.3889,7.518345
7.555094,3,0x04,0.0000,0.0556,7.519335
7.556196,0,0x01,0.0000,0.1111,7.514307
7.556196,1,0x02,0.0000,0.0000,7.517310
7.556196,2,0x03,-4.4906,-7.3889,7.518345
7.556196,3,0x04,0.0000,0.0556,7.519335
7.562981,0,0x01,0.0000,0.1111,7.514307
7.562981,1,0x02,0.0000,0.0000,7.517310
7.562981,2,0x03,-4.4906,-7.3889,7.518345
7.562981,3,0x04,0.0000,0.0556,7.519335
7.564064,0,0x01,0.0000,0.1111,7.514307
7.564064,1,0x02,0.0000,0.0000,7.517310
7.564064,2,0x03,-4.4906,-7.3889,7.518345
7.564064,3,0x04,0.0000,0.0556,7.519335
7.565151,0,0x01,0.0000,0.1111,7.514307
7.565151,1,0x02,0.0000,0.0000,7.517310
7.565151,2,0x03,-4.4906,-7.3889,7.518345
7.565151,3,0x04,0.0000,0.0556,7.519335
7.566253,0,0x01,0.0000,0.1111,7.514307
7.566253,1,0x02,0.0000,0.0000,7.569344
7.566253,2,0x03,-4.1889,-6.1667,7.570332
7.566253,3,0x04,0.0000,0.0556,7.519335
7.574166,0,0x01,0.0000,0.1111,7.514307
7.574166,1,0x02,0.0000,0.0000,7.569344
7.574166,2,0x03,-4.1889,-6.1667,7.570332
7.574166,3,0x04,0.0000,0.0556,7.519335
7.575268,0,0x01,0.0000,0.1111,7.514307
7.575268,1,0x02,0.0000,0.0000,7.569344
7.575268,2,0x03,-4.1889,-6.1667,7.570332
7.575268,3,0x04,0.0000,0.0556,7.519335
7.576353,0,0x01,0.0000,0.1111,7.514307
7.576353,1,0x02,0.0000,0.0000,7.569344
7.576353,2,0x03,-3.8859,-6.1667,7.570332
7.576353,3,0x04,0.0000,0.0556,7.519335
7.584090,0,0x01,0.0000,0.1111,7.514307
7.584090,1,0x02,0.0000,0.0000,7.569344
7.584090,2,0x03,-3.8859,-6.1667,7.570332
7.584090,3,0x04,0.0000,0.0556,7.519335
7.585228,0,0x01,0.0000,0.1111,7.514307
7.585228,1,0x02,0.0000,0.0000,7.569344
7.585228,2,0x03,-3.8859,-6.1667,7.570332
7.585228,3,0x04,0.0000,0.0556,7.519335
7.586332,0,0x01,0.0000,0.1111,7.514307
7.586332,1,0x02,0.0000,0.0000,7.569344
7.586332,2,0x03,-3.5865,-6.1667,7.570332
7.586332,3,0x04,0.0000,0.0556,7.519335
7.592964,0,0x01,0.0000,0.1111,7.514307
7.592964,1,0x02,0.0000,0.0000,7.569344
7.592964,2,0x03,-3.5865,-6.1667,7.570332
7.592964,3,0x04,0.0000,0.0556,7.519335
7.594044,0,0x01,0.0000,0.1111,7.514307
7.594044,1,0x02,0.0000,0.0000,7.569344
7.594044,2,0x03,-3.5865,-6.1667,7.570332
7.594044,3,0x04,0.0000,0.0556,7.519335
7.595163,0,0x01,0.0000,0.1111,7.514307
7.595163,1,0x02,0.0000,0.0000,7.569344
7.595163,2,0x03,-3.5865,-6.1667,7.570332
7.595163,3,0x04,0.0000,0.0556,7.519335
7.596249,0,0x01,0.0000,0.1111,7.514307
7.596249,1,0x02,0.0000,0.0000,7.569344
7.596249,2,0x03,-3.2890,-6.1667,7.570332
7.596249,3,0x04,0.0000,0.0556,7.519335
7.604007,0,0x01,0.0000,0.1111,7.514307
7.604007,1,0x02,0.0000,0.0000,7.569344
7.604007,2,0x03,-3.2890,-6.1667,7.570332
7.604007,3,0x04,0.0000,0.0556,7.519335
7.605123,0,0x01,0.0000,0.1111,7.514307
7.605123,1,0x02,0.0000,0.0000,7.569344
7.605123,2,0x03,-3.2890,-6.1667,7.570332
7.605123,3,0x04,0.0000,0.0556,7.519335
7.606194,0,0x01,0.0000,0.1111,7.609344
7.606194,1,0x02,0.0000,0.0556,7.610328
7.606194,2,0x03,-2.9906,-5.5000,7.608333
7.606194,3,0x04,0.0000,0.0556,7.611374
7.613050,0,0x01,0.0000,0.0556,7.612342
7.613050,1,0x02,0.0000,0.0556,7.610328
7.613050,2,0x03,-2.9906,-5.5000,7.608333
7.613050,3,0x04,0.0000,0.0556,7.611374
7.614156,0,0x01,0.0000,0.0556,7.612342
7.614156,1,0x02,0.0000,0.0556,7.610328
7.614156,2,0x03,-2.9906,-5.5556,7.613308
7.614156,3,0x04,0.0000,0.0556,7.611374
7.615260,0,0x01,0.0000,0.0556,7.612342
7.615260,1,0x02,0.0000,0.0556,7.610328
7.615260,2,0x03,-2.9906,-5.5556,7.613308
7.615260,3,0x04,0.0000,0.0556,7.614311
7.616357,0,0x01,0.0000,0.1111,7.615320
7.616357,1,0x02,0.0000,0.0556,7.610328
7.616357,2,0x03,-2.6858,-5.5556,7.613308
7.616357,3,0x04,0.0000,0.0556,7.614311
7.624028,0,0x01,0.0000,0.1111,7.615320
7.624028,1,0x02,0.0000,0.0556,7.610328
7.624028,2,0x03,-2.6858,-5.5556,7.613308
7.624028,3,0x04,0.0000,0.0556,7.614311
7.625121,0,0x01,0.0000,0.1111,7.615320
7.625121,1,0x02,0.0000,0.0556,7.610328
7.625121,2,0x03,-2.6858,-5.5556,7.613308
7.625121,3,0x04,0.0000,0.0556,7.614311
7.626242,0,0x01,0.0000,0.1111,7.615320
7.626242,1,0x02,0.0000,0.0556,7.610328
7.626242,2,0x03,-2.3892,-5.5556,7.613308
7.626242,3,0x04,0.0000,0.0556,7.614311
7.633970,0,0x01,0.0000,0.1111,7.615320
7.633970,1,0x02,0.0000,0.0556,7.610328
7.633970,2,0x03,-2.3892,-5.5556,7.613308
7.633970,3,0x04,0.0000,0.0556,7.614311
7.635059,0,0x01,0.0000,0.1111,7.615320
7.635059,1,0x02,0.0000,0.0556,7.610328
7.635059,2,0x03,-2.3892,-5.5556,7.613308
7.635059,3,0x04,0.0000,0.0556,7.614311
7.636145,0,0x01,0.0000,0.1111,7.615320
7.636145,1,0x02,0.0000,0.0556,7.610328
7.636145,2,0x03,-2.0921,-5.5556,7.613308
7.636145,3,0x04,0.0000,0.0556,7.614311
7.643003,0,0x01,0.0000,0.1111,7.615320
7.643003,1,0x02,0.0000,0.0556,7.610328
7.643003,2,0x03,-2.0921,-5.5556,7.613308
7.643003,3,0x04,0.0000,0.0556,7.614311
7.644077,0,0x01,0.0000,0.1111,7.615320
7.644077,1,0x02,0.0000,0.0556,7.610328
7.644077,2,0x03,-2.0921,-5.5556,7.613308
7.644077,3,0x04,0.0000,0.0556,7.614311
7.645158,0,0x01,0.0000,0.1111,7.615320
7.645158,1,0x02,0.0000,0.0556,7.610328
7.645158,2,0x03,-2.0921,-5.5556,7.613308
7.645158,3,0x04,0.0000,0.0556,7.614311
7.646233,0,0x01,0.0000,0.1111,7.615320
7.646233,1,0x02,0.0000,0.0556,7.610328
7.646233,2,0x03,-1.7895,-5.5556,7.613308
7.646233,3,0x04,0.0000,0.0556,7.614311
7.653963,0,0x01,0.0000,0.1111,7.653345
7.653963,1,0x02,0.0000,0.0556,7.610328
7.653963,2,0x03,-1.7895,-5.5556,7.613308
7.653963,3,0x04,0.0000,0.0556,7.614311
7.655086,0,0x01,0.0000,0.1111,7.653345
7.655086,1,0x02,0.0000,0.0000,7.654340
7.655086,2,0x03,-1.7895,-5.5556,7.613308
7.655086,3,0x04,0.0000,0.0556,7.614311
7.656181,0,0x01,0.0000,0.0556,7.659332
7.656181,1,0x02,0.0000,0.0000,7.660331
7.656181,2,0x03,-1.4910,-3.8889,7.661328
7.656181,3,0x04,0.0000,0.0556,7.614311
7.663034,0,0x01,0.0000,0.1111,7.662333
7.663034,1,0x02,0.0000,0.0000,7.660331
7.663034,2,0x03,-1.4910,-3.8889,7.661328
7.663034,3,0x04,0.0000,0.0556,7.614311
7.664131,0,0x01,0.0000,0.1111,7.662333
7.664131,1,0x02,0.0000,0.0556,7.663313
7.664131,2,0x03,-1.4910,-3.8889,7.661328
7.664131,3,0x04,0.0000,0.0556,7.614311
7.665208,0,0x01,0.0000,0.1111,7.662333
7.665208,1,0x02,0.0000,0.0556,7.663313
7.665208,2,0x03,-1.4910,-3.8889,7.664310
7.665208,3,0x04,0.0000,0.0556,7.614311
7.666287,0,0x01,0.0000,0.0556,7.668359
7.666287,1,0x02,0.0000,0.0556,7.669336
7.666287,2,0x03,-1.1878,-3.8333,7.671375
7.666287,3,0x04,0.0000,0.0556,7.665318
7.674112,0,0x01,0.0000,0.0556,7.668359
7.674112,1,0x02,0.0000,0.0556,7.673315
7.674112,2,0x03,-1.1878,-3.8333,7.671375
7.674112,3,0x04,0.0000,0.0556,7.665318
7.675399,0,0x01,0.0000,0.1111,7.675327
7.675399,1,0x02,0.0000,0.0556,7.673315
7.675399,2,0x03,-1.1878,-3.8889,7.674348
7.675399,3,0x04,0.0000,0.0556,7.665318
7.676563,0,0x01,0.0000,0.1111,7.675327
7.676563,1,0x02,0.0000,0.0000,7.676311
7.676563,2,0x03,-0.8796,-3.5556,7.677333
7.676563,3,0x04,0.0000,0.0556,7.665318
7.684014,0,0x01,0.0000,0.1111,7.675327
7.684014,1,0x02,0.0000,0.0000,7.676311
7.684014,2,0x03,-0.8796,-3.5556,7.677333
7.684014,3,0x04,0.0000,0.0556,7.665318
7.685110,0,0x01,0.0000,0.1111,7.675327
7.685110,1,0x02,0.0000,0.0000,7.676311
7.685110,2,0x03,-0.8796,-3.5556,7.677333
7.685110,3,0x04,0.0000,0.0556,7.665318
7.686205,0,0x01,0.0000,0.1111,7.675327
7.686205,1,0x02,0.0000,0.0000,7.676311
7.686205,2,0x03,-0.5903,-3.5556,7.677333
7.686205,3,0x04,0.0000,0.0556,7.665318
7.692977,0,0x01,0.0000,0.1111,7.675327
7.692977,1,0x02,0.0000,0.0000,7.676311
7.692977,2,0x03,-0.5903,-3.5556,7.677333
7.692977,3,0x04,0.0000,0.0556,7.665318
7.694067,0,0x01,0.0000,0.1111,7.675327
7.694067,1,0x02,0.0000,0.0000,7.676311
7.694067,2,0x03,-0.5903,-3.5556,7.677333
7.694067,3,0x04,0.0000,0.0556,7.665318
7.695152,0,0x01,0.0000,0.1111,7.675327
7.695152,1,0x02,0.0000,0.0000,7.676311
7.695152,2,0x03,-0.5903,-3.5556,7.677333
7.695152,3,0x04,0.0000,0.0556,7.665318
7.696236,0,0x01,0.0000,0.1111,7.675327
7.696236,1,0x02,0.0000,0.0000,7.676311
7.696236,2,0x03,-0.2894,-3.5556,7.677333
7.696236,3,0x04,0.0000,0.0556,7.665318
7.703967,0,0x01,0.0000,0.1111,7.675327
7.703967,1,0x02,0.0000,0.0000,7.676311
7.703967,2,0x03,-0.2894,-3.5556,7.677333
7.703967,3,0x04,0.0000,0.0556,7.665318
7.705051,0,0x01,0.0000,0.1111,7.675327
7.705051,1,0x02,0.0000,0.0000,7.676311
7.705051,2,0x03,-0.2894,-3.5556,7.677333
7.705051,3,0x04,0.0000,0.0556,7.665318
7.706207,0,0x01,0.0000,0.1111,7.675327
7.706207,1,0x02,0.0000,0.0000,7.676311
7.706207,2,0x03,0.0000,-3.5556,7.677333
7.706207,3,0x04,0.0000,0.0556,7.665318
7.712952,0,0x01,0.0000,0.1111,7.675327
7.712952,1,0x02,0.0000,0.0000,7.676311
7.712952,2,0x03,0.0000,-3.5556,7.677333
7.712952,3,0x04,0.0000,0.0556,7.665318
7.714038,0,0x01,0.0000,0.1111,7.675327
7.714038,1,0x02,0.0000,0.0000,7.676311
7.714038,2,0x03,0.0000,-3.5556,7.677333
7.714038,3,0x04,0.0000,0.0556,7.665318
7.715131,0,0x01,0.0000,0.1111,7.675327
7.715131,1,0x02,0.0000,0.0000,7.676311
7.715131,2,0x03,0.0000,-3.5556,7.677333
7.715131,3,0x04,0.0000,0.0556,7.665318
7.716222,0,0x01,0.0000,0.1111,7.718336
7.716222,1,0x02,0.0000,0.0000,7.722341
7.716222,2,0x03,0.0000,-1.0000,7.720338
7.716222,3,0x04,0.0000,0.0556,7.721345
7.724109,0,0x01,0.0000,0.1111,7.718336
7.724109,1,0x02,0.0000,0.0000,7.722341
7.724109,2,0x03,0.0000,-0.8889,7.723331
7.724109,3,0x04,0.0000,0.0556,7.721345
7.725195,0,0x01,0.0000,0.1111,7.718336
7.725195,1,0x02,0.0000,0.0000,7.722341
7.725195,2,0x03,0.0000,-0.8889,7.723331
7.725195,3,0x04,0.0000,0.0556,7.724313
7.726278,0,0x01,0.0000,0.1111,7.718336
7.726278,1,0x02,0.0000,0.0000,7.725310
7.726278,2,0x03,0.0000,-0.8889,7.723331
7.726278,3,0x04,0.0000,0.0556,7.724313
7.734973,0,0x01,0.0000,0.1111,7.718336
7.734973,1,0x02,0.0000,0.0000,7.725310
7.734973,2,0x03,0.0000,-0.8889,7.723331
7.734973,3,0x04,0.0000,0.0556,7.724313
7.736049,0,0x01,0.0000,0.1111,7.718336
7.736049,1,0x02,0.0000,0.0000,7.725310
7.736049,2,0x03,0.0000,-0.8889,7.723331
7.736049,3,0x04,0.0000,0.0556,7.724313
7.737148,0,0x01,0.0000,0.1111,7.741339
7.737148,1,0x02,0.0000,0.0556,7.739342
7.737148,2,0x03,0.0000,-0.8889,7.740332
7.737148,3,0x04,0.0000,0.0556,7.724313
7.744019,0,0x01,0.0000,0.1111,7.741339
7.744019,1,0x02,0.0000,0.0556,7.739342
7.744019,2,0x03,0.0000,-0.8889,7.740332
7.744019,3,0x04,0.0000,0.0556,7.724313
7.745086,0,0x01,0.0000,0.1111,7.741339
7.745086,1,0x02,0.0000,0.0556,7.739342
7.745086,2,0x03,0.0000,-0.8889,7.740332
7.745086,3,0x04,0.0000,0.0556,7.724313
7.746151,0,0x01,0.0000,0.1111,7.741339
7.746151,1,0x02,0.0000,0.0556,7.745316
7.746151,2,0x03,0.0000,-0.8889,7.740332
7.746151,3,0x04,0.0000,0.0556,7.724313
7.747231,0,0x01,0.0000,0.1111,7.741339
7.747231,1,0x02,0.0000,0.0556,7.745316
7.747231,2,0x03,0.0000,-0.5000,7.748314
7.747231,3,0x04,0.0000,0.0556,7.751343
7.755026,0,0x01,0.0000,0.0556,7.754352
7.755026,1,0x02,0.0000,0.0556,7.745316
7.755026,2,0x03,0.0000,-0.5000,7.748314
7.755026,3,0x04,0.0000,0.0556,7.751343
7.756150,0,0x01,0.0000,0.0556,7.754352
7.756150,1,0x02,0.0000,0.0556,7.745316
7.756150,2,0x03,0.0000,-0.5000,7.748314
7.756150,3,0x04,0.0000,0.0556,7.751343
7.757300,0,0x01,0.0000,0.0556,7.754352
7.757300,1,0x02,0.0000,0.0556,7.757329
7.757300,2,0x03,0.0000,-0.4444,7.760373
7.757300,3,0x04,0.0000,0.0556,7.763362
7.765002,0,0x01,0.0000,0.0556,7.754352
7.765002,1,0x02,0.0000,0.0556,7.757329
7.765002,2,0x03,0.0000,-0.4444,7.760373
7.765002,3,0x04,0.0000,0.0556,7.763362
7.766074,0,0x01,0.0000,0.1111,7.765311
7.766074,1,0x02,0.0000,0.0556,7.757329
7.766074,2,0x03,0.0000,-0.4444,7.760373
7.766074,3,0x04,0.0000,0.0556,7.763362
7.767194,0,0x01,0.0000,0.1111,7.765311
7.767194,1,0x02,0.0000,0.0000,7.769368
7.767194,2,0x03,0.0000,-0.4444,7.760373
7.767194,3,0x04,0.0000,0.0556,7.763362
7.773980,0,0x01,0.0000,0.1111,7.765311
7.773980,1,0x02,0.0000,0.0000,7.769368
7.773980,2,0x03,0.0000,-0.4444,7.760373
7.773980,3,0x04,0.0000,0.0556,7.763362
7.775072,0,0x01,0.0000,0.1111,7.765311
7.775072,1,0x02,0.0000,0.0000,7.769368
7.775072,2,0x03,0.0000,-0.4444,7.760373
7.775072,3,0x04,0.0000,0.0556,7.763362
7.776163,0,0x01,0.0000,0.1111,7.765311
7.776163,1,0x02,0.0000,0.0000,7.769368
7.776163,2,0x03,0.0000,-0.4444,7.760373
7.776163,3,0x04,0.0000,0.0556,7.763362
7.777242,0,0x01,0.0000,0.1111,7.765311
7.777242,1,0x02,0.0000,0.0000,7.769368
7.777242,2,0x03,0.0000,-0.4444,7.760373
7.777242,3,0x04,0.0000,0.0556,7.763362
7.784975,0,0x01,0.0000,0.1111,7.765311
7.784975,1,0x02,0.0000,0.0000,7.769368
7.784975,2,0x03,0.0000,-0.4444,7.760373
7.784975,3,0x04,0.0000,0.0556,7.763362
7.786082,0,0x01,0.0000,0.1111,7.765311
7.786082,1,0x02,0.0000,0.0000,7.769368
7.786082,2,0x03,0.0000,-0.4444,7.760373
7.786082,3,0x04,0.0000,0.0556,7.763362
7.787166,0,0x01,0.0000,0.1111,7.765311
7.787166,1,0x02,0.0000,0.0000,7.769368
7.787166,2,0x03,0.0000,-0.4444,7.760373
7.787166,3,0x04,0.0000,0.0556,7.763362
7.794964,0,0x01,0.0000,0.1111,7.765311
7.794964,1,0x02,0.0000,0.0000,7.769368
7.794964,2,0x03,0.0000,-0.4444,7.760373
7.794964,3,0x04,0.0000,0.0556,7.763362
7.796051,0,0x01,0.0000,0.1111,7.765311
7.796051,1,0x02,0.0000,0.0000,7.769368
7.796051,2,0x03,0.0000,-0.4444,7.760373
7.796051,3,0x04,0.0000,0.0556,7.763362
7.797134,0,0x01,0.0000,0.1111,7.765311
7.797134,1,0x02,0.0000,0.0000,7.769368
7.797134,2,0x03,0.0000,-0.4444,7.760373
7.797134,3,0x04,0.0000,0.0556,7.763362
7.803964,0,0x01,0.0000,0.1111,7.765311
7.803964,1,0x02,0.0000,0.0000,7.769368
7.803964,2,0x03,0.0000,-0.4444,7.760373
7.803964,3,0x04,0.0000,0.0556,7.763362
7.805071,0,0x01,0.0000,0.1111,7.765311
7.805071,1,0x02,0.0000,0.0000,7.769368
7.805071,2,0x03,0.0000,-0.4444,7.760373
7.805071,3,0x04,0.0000,0.0556,7.763362
7.806166,0,0x01,0.0000,0.1111,7.765311
7.806166,1,0x02,0.0000,0.0000,7.769368
7.806166,2,0x03,0.0000,-0.4444,7.760373
7.806166,3,0x04,0.0000,0.0556,7.763362
7.807252,0,0x01,0.0000,0.1111,7.808353
7.807252,1,0x02,0.0000,0.0556,7.812352
7.807252,2,0x03,0.0000,0.0556,7.813334
7.807252,3,0x04,0.0000,0.0556,7.811340
7.815054,0,0x01,0.0000,0.0556,7.814332
7.815054,1,0x02,0.0000,0.0556,7.812352
7.815054,2,0x03,0.0000,0.0556,7.813334
7.815054,3,0x04,0.0000,0.0556,7.811340
7.816174,0,0x01,0.0000,0.0556,7.814332
7.816174,1,0x02,0.0000,0.0000,7.815324
7.816174,2,0x03,0.0000,0.0556,7.813334
7.816174,3,0x04,0.0000,0.0556,7.811340
7.817280,0,0x01,0.0000,0.0556,7.818331
7.817280,1,0x02,0.0000,0.0000,7.815324
7.817280,2,0x03,0.0000,0.1111,7.816319
7.817280,3,0x04,0.0000,0.0000,7.817339
7.826048,0,0x01,0.0000,0.0556,7.818331
7.826048,1,0x02,0.0000,0.0000,7.815324
7.826048,2,0x03,0.0000,0.1111,7.816319
7.826048,3,0x04,0.0000,0.0000,7.817339
7.827138,0,0x01,0.0000,0.0556,7.818331
7.827138,1,0x02,0.0000,0.0000,7.815324
7.827138,2,0x03,0.0000,0.1111,7.816319
7.827138,3,0x04,0.0000,0.0000,7.817339
7.834939,0,0x01,0.0000,0.0556,7.818331
7.834939,1,0x02,0.0000,0.0000,7.815324
7.834939,2,0x03,0.0000,0.1111,7.816319
7.834939,3,0x04,0.0000,0.0000,7.817339
7.836015,0,0x01,0.0000,0.0556,7.818331
7.836015,1,0x02,0.0000,0.0000,7.815324
7.836015,2,0x03,0.0000,0.1111,7.816319
7.836015,3,0x04,0.0000,0.0000,7.817339
7.837104,0,0x01,0.0000,0.0556,7.818331
7.837104,1,0x02,0.0000,0.0000,7.815324
7.837104,2,0x03,0.0000,0.1111,7.816319
7.837104,3,0x04,0.0000,0.0000,7.817339
7.845038,0,0x01,0.0000,0.0556,7.818331
7.845038,1,0x02,0.0000,0.0000,7.815324
7.845038,2,0x03,0.0000,0.1111,7.816319
7.845038,3,0x04,0.0000,0.0000,7.817339
7.846129,0,0x01,0.0000,0.0556,7.818331
7.846129,1,0x02,0.0000,0.0000,7.815324
7.846129,2,0x03,0.0000,0.1111,7.816319
7.846129,3,0x04,0.0000,0.0000,7.817339
7.847213,0,0x01,0.0000,0.0556,7.818331
7.847213,1,0x02,0.0000,0.0000,7.815324
7.847213,2,0x03,0.0000,0.1111,7.816319
7.847213,3,0x04,0.0000,0.0000,7.817339
7.854968,0,0x01,0.0000,0.0556,7.818331
7.854968,1,0x02,0.0000,0.0000,7.815324
7.854968,2,0x03,0.0000,0.1111,7.816319
7.854968,3,0x04,0.0000,0.0000,7.817339
7.856044,0,0x01,0.0000,0.0556,7.818331
7.856044,1,0x02,0.0000,0.0000,7.815324
7.856044,2,0x03,0.0000,0.1111,7.816319
7.856044,3,0x04,0.0000,0.0000,7.817339
7.857140,0,0x01,0.0000,0.0556,7.818331
7.857140,1,0x02,0.0000,0.0000,7.815324
7.857140,2,0x03,0.0000,0.1111,7.816319
7.857140,3,0x04,0.0000,0.0000,7.817339
7.863989,0,0x01,0.0000,0.0556,7.818331
7.863989,1,0x02,0.0000,0.0000,7.815324
7.863989,2,0x03,0.0000,0.1111,7.816319
7.863989,3,0x04,0.0000,0.0000,7.817339
7.865078,0,0x01,0.0000,0.0556,7.818331
7.865078,1,0x02,0.0000,0.0000,7.815324
7.865078,2,0x03,0.0000,0.1111,7.816319
7.865078,3,0x04,0.0000,0.0000,7.817339
7.866161,0,0x01,0.0000,0.0556,7.818331
7.866161,1,0x02,0.0000,0.0000,7.815324
7.866161,2,0x03,0.0000,0.1111,7.816319
7.866161,3,0x04,0.0000,0.0556,7.865338
7.867285,0,0x01,0.0000,0.1111,7.873334
7.867285,1,0x02,0.0000,0.0556,7.870342
7.867285,2,0x03,0.0000,0.1111,7.871375
7.867285,3,0x04,0.0000,0.0000,7.872346
7.875124,0,0x01,0.0000,0.1111,7.873334
7.875124,1,0x02,0.0000,0.0556,7.874331
7.875124,2,0x03,0.0000,0.1111,7.871375
7.875124,3,0x04,0.0000,0.0000,7.872346
7.876209,0,0x01,0.0000,0.1111,7.876311
7.876209,1,0x02,0.0000,0.0556,7.877354
7.876209,2,0x03,0.0000,0.1111,7.871375
7.876209,3,0x04,0.0000,0.0556,7.875307
7.888077,0,0x01,0.0000,0.1111,7.876311
7.888077,1,0x02,0.0000,0.0556,7.889358
7.888077,2,0x03,0.0000,0.1111,7.871375
7.888077,3,0x04,0.0000,0.0000,7.888382
7.895037,0,0x01,0.0000,0.1111,7.876311
7.895037,1,0x02,0.0000,0.0556,7.889358
7.895037,2,0x03,0.0000,0.1111,7.871375
7.895037,3,0x04,0.0000,0.0000,7.888382
7.896109,0,0x01,0.0000,0.1111,7.876311
7.896109,1,0x02,0.0000,0.0556,7.889358
7.896109,2,0x03,0.0000,0.1111,7.871375
7.896109,3,0x04,0.0000,0.0000,7.888382
7.897196,0,0x01,0.0000,0.1111,7.876311
7.897196,1,0x02,0.0000,0.0556,7.889358
7.897196,2,0x03,0.0000,0.1111,7.871375
7.897196,3,0x04,0.0000,0.0000,7.888382
7.904007,0,0x01,0.0000,0.1111,7.876311
7.904007,1,0x02,0.0000,0.0556,7.889358
7.904007,2,0x03,0.0000,0.1111,7.871375
7.904007,3,0x04,0.0000,0.0000,7.888382
7.905127,0,0x01,0.0000,0.1111,7.876311
7.905127,1,0x02,0.0000,0.0556,7.889358
7.905127,2,0x03,0.0000,0.1111,7.871375
7.905127,3,0x04,0.0000,0.0000,7.888382
7.906232,0,0x01,0.0000,0.1111,7.876311
7.906232,1,0x02,0.0000,0.0556,7.889358
7.906232,2,0x03,0.0000,0.1111,7.871375
7.906232,3,0x04,0.0000,0.0000,7.888382
7.912978,0,0x01,0.0000,0.1111,7.876311
7.912978,1,0x02,0.0000,0.0556,7.889358
7.912978,2,0x03,0.0000,0.1111,7.871375
7.912978,3,0x04,0.0000,0.0000,7.888382
7.914048,0,0x01,0.0000,0.1111,7.876311
7.914048,1,0x02,0.0000,0.0556,7.889358
7.914048,2,0x03,0.0000,0.1111,7.871375
7.914048,3,0x04,0.0000,0.0000,7.888382
7.915128,0,0x01,0.0000,0.1111,7.876311
7.915128,1,0x02,0.0000,0.0556,7.889358
7.915128,2,0x03,0.0000,0.1111,7.871375
7.915128,3,0x04,0.0000,0.0000,7.888382
7.916206,0,0x01,0.0000,0.1111,7.876311
7.916206,1,0x02,0.0000,0.0556,7.889358
7.916206,2,0x03,0.0000,0.1111,7.871375
7.916206,3,0x04,0.0000,0.0000,7.888382
7.917288,0,0x01,0.0000,0.1111,7.876311
7.917288,1,0x02,0.0000,0.0556,7.889358
7.917288,2,0x03,0.0000,0.1111,7.871375
7.917288,3,0x04,0.0000,0.0000,7.888382
7.924995,0,0x01,0.0000,0.1111,7.876311
7.924995,1,0x02,0.0000,0.0556,7.889358
7.924995,2,0x03,0.0000,0.1111,7.871375
7.924995,3,0x04,0.0000,0.0000,7.888382
7.926067,0,0x01,0.0000,0.1111,7.876311
7.926067,1,0x02,0.0000,0.0556,7.889358
7.926067,2,0x03,0.0000,0.0556,7.925358
7.926067,3,0x04,0.0000,0.0000,7.888382
7.927251,0,0x01,0.0000,0.1111,7.931331
7.927251,1,0x02,0.0000,0.0556,7.928340
7.927251,2,0x03,0.0000,0.1111,7.932346
7.927251,3,0x04,0.0000,0.0556,7.930363
7.934193,0,0x01,0.0000,0.1111,7.931331
7.934193,1,0x02,0.0000,0.0556,7.928340
7.934193,2,0x03,0.0000,0.1111,7.932346
7.934193,3,0x04,0.0000,0.0556,7.930363
7.935278,0,0x01,0.0000,0.1111,7.934314
7.935278,1,0x02,0.0000,0.0556,7.928340
7.935278,2,0x03,0.0000,0.1111,7.932346
7.935278,3,0x04,0.0000,0.0556,7.930363
7.936383,0,0x01,0.0000,0.1111,7.934314
7.936383,1,0x02,0.0000,0.0556,7.937359
7.936383,2,0x03,0.0000,0.1111,7.938343
7.936383,3,0x04,0.0000,0.0556,7.936328
7.943062,0,0x01,0.0000,0.1111,7.934314
7.943062,1,0x02,0.0000,0.0556,7.937359
7.943062,2,0x03,0.0000,0.1111,7.938343
7.943062,3,0x04,0.0000,0.0556,7.936328
7.944155,0,0x01,0.0000,0.1111,7.934314
7.944155,1,0x02,0.0000,0.0556,7.937359
7.944155,2,0x03,0.0000,0.1111,7.938343
7.944155,3,0x04,0.0000,0.0556,7.936328
7.945245,0,0x01,0.0000,0.1111,7.934314
7.945245,1,0x02,0.0000,0.0556,7.937359
7.945245,2,0x03,0.0000,0.1111,7.938343
7.945245,3,0x04,0.0000,0.0556,7.936328
7.946330,0,0x01,0.0000,0.1111,7.934314
7.946330,1,0x02,0.0000,0.0556,7.937359
7.946330,2,0x03,0.0000,0.1111,7.938343
7.946330,3,0x04,0.0000,0.0556,7.936328
7.953969,0,0x01,0.0000,0.1111,7.934314
7.953969,1,0x02,0.0000,0.0556,7.937359
7.953969,2,0x03,0.0000,0.1111,7.938343
7.953969,3,0x04,0.0000,0.0556,7.936328
7.955050,0,0x01,0.0000,0.1111,7.934314
7.955050,1,0x02,0.0000,0.0556,7.937359
7.955050,2,0x03,0.0000,0.1111,7.938343
7.955050,3,0x04,0.0000,0.0556,7.936328
7.956141,0,0x01,0.0000,0.1111,7.934314
7.956141,1,0x02,0.0000,0.0556,7.937359
7.956141,2,0x03,0.0000,0.1111,7.938343
7.956141,3,0x04,0.0000,0.0556,7.936328
7.957233,0,0x01,0.0000,0.1111,7.934314
7.957233,1,0x02,0.0000,0.0556,7.937359
7.957233,2,0x03,0.0000,0.1111,7.938343
7.957233,3,0x04,0.0000,0.0556,7.936328
7.964951,0,0x01,0.0000,0.1111,7.934314
7.964951,1,0x02,0.0000,0.0556,7.937359
7.964951,2,0x03,0.0000,0.1111,7.938343
7.964951,3,0x04,0.0000,0.0556,7.936328
7.966021,0,0x01,0.0000,0.1111,7.934314
7.966021,1,0x02,0.0000,0.0556,7.937359
7.966021,2,0x03,0.0000,0.1111,7.938343
7.966021,3,0x04,0.0000,0.0556,7.936328
7.967114,0,0x01,0.0000,0.1111,7.934314
7.967114,1,0x02,0.0000,0.0556,7.937359
7.967114,2,0x03,0.0000,0.1111,7.938343
7.967114,3,0x04,0.0000,0.0556,7.936328
7.973956,0,0x01,0.0000,0.1111,7.934314
7.973956,1,0x02,0.0000,0.0556,7.937359
7.973956,2,0x03,0.0000,0.1111,7.938343
7.973956,3,0x04,0.0000,0.0556,7.936328
7.975041,0,0x01,0.0000,0.1111,7.934314
7.975041,1,0x02,0.0000,0.0556,7.937359
7.975041,2,0x03,0.0000,0.1111,7.938343
7.975041,3,0x04,0.0000,0.0556,7.974337
7.976155,0,0x01,0.0000,0.1111,7.975316
7.976155,1,0x02,0.0000,0.0556,7.937359
7.976155,2,0x03,0.0000,0.1111,7.938343
7.976155,3,0x04,0.0000,0.0556,7.974337
7.977263,0,0x01,0.0000,0.1111,7.981330
7.977263,1,0x02,0.0000,0.0556,7.982353
7.977263,2,0x03,0.0000,0.1111,7.983337
7.977263,3,0x04,0.0000,0.0556,7.980355
7.985049,0,0x01,0.0000,0.1111,7.981330
7.985049,1,0x02,0.0000,0.0556,7.982353
7.985049,2,0x03,0.0000,0.1111,7.983337
7.985049,3,0x04,0.0000,0.0556,7.984335
7.986126,0,0x01,0.0000,0.1111,7.985324
7.986126,1,0x02,0.0000,0.0556,7.982353
7.986126,2,0x03,0.0000,0.1111,7.983337
7.986126,3,0x04,0.0000,0.0556,7.984335
7.987231,0,0x01,0.0000,0.0556,7.988344
7.987231,1,0x02,0.0000,0.0556,7.982353
7.987231,2,0x03,0.0000,0.0556,7.986316
7.987231,3,0x04,0.0000,0.0556,7.987335
7.993999,0,0x01,0.0000,0.0556,7.988344
7.993999,1,0x02,0.0000,0.0556,7.982353
7.993999,2,0x03,0.0000,0.0556,7.986316
7.993999,3,0x04,0.0000,0.0556,7.987335
7.995068,0,0x01,0.0000,0.0556,7.988344
7.995068,1,0x02,0.0000,0.0556,7.982353
7.995068,2,0x03,0.0000,0.0556,7.986316
7.995068,3,0x04,0.0000,0.0556,7.987335
7.996153,0,0x01,0.0000,0.0556,7.988344
7.996153,1,0x02,0.0000,0.0556,7.982353
7.996153,2,0x03,0.0000,0.0556,7.986316
7.996153,3,0x04,0.0000,0.0556,7.987335
7.997242,0,0x01,0.0000,0.0556,7.988344
7.997242,1,0x02,0.0000,0.0556,7.982353
7.997242,2,0x03,0.0000,0.0556,7.986316
7.997242,3,0x04,0.0000,0.0556,7.987335
8.004984,0,0x01,0.0000,0.0556,7.988344
8.004984,1,0x02,0.0000,0.0556,7.982353
8.004984,2,0x03,0.0000,0.0556,7.986316
8.004984,3,0x04,0.0000,0.0556,7.987335
8.006057,0,0x01,0.0000,0.0556,7.988344
8.006057,1,0x02,0.0000,0.0556,7.982353
8.006057,2,0x03,0.0000,0.0556,7.986316
8.006057,3,0x04,0.0000,0.0556,7.987335
8.007148,0,0x01,0.0000,0.0556,7.988344
8.007148,1,0x02,0.0000,0.0556,7.982353
8.007148,2,0x03,0.0000,0.0556,7.986316
8.007148,3,0x04,0.0000,0.0556,7.987335
8.013936,0,0x01,0.0000,0.0556,7.988344
8.013936,1,0x02,0.0000,0.0556,7.982353
8.013936,2,0x03,0.0000,0.0556,7.986316
8.013936,3,0x04,0.0000,0.0556,7.987335
8.015003,0,0x01,0.0000,0.0556,7.988344
8.015003,1,0x02,0.0000,0.0556,7.982353
8.015003,2,0x03,0.0000,0.0556,7.986316
8.015003,3,0x04,0.0000,0.0556,7.987335
8.016089,0,0x01,0.0000,0.0556,7.988344
8.016089,1,0x02,0.0000,0.0556,7.982353
8.016089,2,0x03,0.0000,0.0556,7.986316
8.016089,3,0x04,0.0000,0.0556,7.987335
8.017187,0,0x01,0.0000,0.0556,7.988344
8.017187,1,0x02,0.0000,0.0556,7.982353
8.017187,2,0x03,0.0000,0.0556,7.986316
8.017187,3,0x04,0.0000,0.0556,7.987335
8.024979,0,0x01,0.0000,0.0556,7.988344
8.024979,1,0x02,0.0000,0.0556,7.982353
8.024979,2,0x03,0.0000,0.0556,7.986316
8.024979,3,0x04,0.0000,0.0556,7.987335
8.026048,0,0x01,0.0000,0.0556,7.988344
8.026048,1,0x02,0.0000,0.0556,7.982353
8.026048,2,0x03,0.0000,0.0556,8.025342
8.026048,3,0x04,0.0000,0.0556,7.987335
8.027163,0,0x01,0.0000,0.1111,8.032333
8.027163,1,0x02,0.0000,0.0556,8.030331
8.027163,2,0x03,0.0000,0.1111,8.031333
8.027163,3,0x04,0.0000,0.0556,8.026315
8.034220,0,0x01,0.0000,0.1111,8.032333
8.034220,1,0x02,0.0000,0.0556,8.033344
8.034220,2,0x03,0.0000,0.1111,8.031333
8.034220,3,0x04,0.0000,0.0556,8.026315
8.035360,0,0x01,0.0000,0.1111,8.032333
8.035360,1,0x02,0.0000,0.0556,8.033344
8.035360,2,0x03,0.0000,0.1111,8.034324
8.035360,3,0x04,0.0000,0.0556,8.035311
8.036462,0,0x01,0.0000,0.1111,8.036337
8.036462,1,0x02,0.0000,0.0556,8.033344
8.036462,2,0x03,0.0000,0.1111,8.034324
8.036462,3,0x04,0.0000,0.0556,8.035311
8.042984,0,0x01,0.0000,0.1111,8.036337
8.042984,1,0x02,0.0000,0.0556,8.033344
8.042984,2,0x03,0.0000,0.1111,8.034324
8.042984,3,0x04,0.0000,0.0556,8.035311
8.044051,0,0x01,0.0000,0.1111,8.036337
8.044051,1,0x02,0.0000,0.0556,8.033344
8.044051,2,0x03,0.0000,0.1111,8.034324
8.044051,3,0x04,0.0000,0.0556,8.035311
8.045117,0,0x01,0.0000,0.1111,8.036337
8.045117,1,0x02,0.0000,0.0556,8.033344
8.045117,2,0x03,0.0000,0.1111,8.034324
8.045117,3,0x04,0.0000,0.0556,8.035311
8.046183,0,0x01,0.0000,0.1111,8.036337
8.046183,1,0x02,0.0000,0.0556,8.033344
8.046183,2,0x03,0.0000,0.1111,8.034324
8.046183,3,0x04,0.0000,0.0556,8.035311
8.047248,0,0x01,0.0000,0.1111,8.050332
8.047248,1,0x02,0.0000,0.0556,8.033344
8.047248,2,0x03,0.0000,0.1111,8.048327
8.047248,3,0x04,0.0000,0.0000,8.053332
8.055024,0,0x01,0.0000,0.1111,8.050332
8.055024,1,0x02,0.0000,0.0556,8.033344
8.055024,2,0x03,0.0000,0.1111,8.048327
8.055024,3,0x04,0.0000,0.0000,8.053332
8.056098,0,0x01,0.0000,0.1111,8.050332
8.056098,1,0x02,0.0000,0.0556,8.033344
8.056098,2,0x03,0.0000,0.1111,8.048327
8.056098,3,0x04,0.0000,0.0000,8.053332
8.057189,0,0x01,0.0000,0.1111,8.056334
8.057189,1,0x02,0.0000,0.0000,8.059333
8.057189,2,0x03,0.0000,0.1111,8.062332
8.057189,3,0x04,0.0000,0.0000,8.053332
8.063992,0,0x01,0.0000,0.1111,8.056334
8.063992,1,0x02,0.0000,0.0000,8.059333
8.063992,2,0x03,0.0000,0.1111,8.062332
8.063992,3,0x04,0.0000,0.0000,8.053332
8.065058,0,0x01,0.0000,0.1111,8.056334
8.065058,1,0x02,0.0000,0.0000,8.059333
8.065058,2,0x03,0.0000,0.1111,8.062332
8.065058,3,0x04,0.0000,0.0000,8.053332
8.066133,0,0x01,0.0000,0.1111,8.056334
8.066133,1,0x02,0.0000,0.0000,8.059333
8.066133,2,0x03,0.0000,0.1111,8.062332
8.066133,3,0x04,0.0000,0.0556,8.065316
8.067239,0,0x01,0.0000,0.1111,8.068316
8.067239,1,0x02,0.0000,0.0000,8.071343
8.067239,2,0x03,0.0000,0.1111,8.073346
8.067239,3,0x04,0.0000,0.0556,8.065316
8.075011,0,0x01,0.0000,0.1111,8.068316
8.075011,1,0x02,0.0000,0.0000,8.071343
8.075011,2,0x03,0.0000,0.1111,8.073346
8.075011,3,0x04,0.0000,0.0556,8.065316
8.076081,0,0x01,0.0000,0.1111,8.068316
8.076081,1,0x02,0.0000,0.0000,8.071343
8.076081,2,0x03,0.0000,0.1111,8.073346
8.076081,3,0x04,0.0000,0.0556,8.065316
8.077165,0,0x01,0.0000,0.1111,8.079388
8.077165,1,0x02,0.0000,0.0000,8.071343
8.077165,2,0x03,0.0000,0.1111,8.073346
8.077165,3,0x04,0.0000,0.0556,8.076317
8.084029,0,0x01,0.0000,0.1111,8.079388
8.084029,1,0x02,0.0000,0.0000,8.071343
8.084029,2,0x03,0.0000,0.1111,8.073346
8.084029,3,0x04,0.0000,0.0556,8.076317
8.085111,0,0x01,0.0000,0.1111,8.079388
8.085111,1,0x02,0.0000,0.0000,8.071343
8.085111,2,0x03,0.0000,0.1111,8.073346
8.085111,3,0x04,0.0000,0.0556,8.076317
8.086199,0,0x01,0.0000,0.1111,8.079388
8.086199,1,0x02,0.0000,0.0000,8.071343
8.086199,2,0x03,0.0000,0.1111,8.073346
8.086199,3,0x04,0.0000,0.0556,8.076317
8.087292,0,0x01,0.0000,0.1111,8.079388
8.087292,1,0x02,0.0000,0.0000,8.071343
8.087292,2,0x03,0.0000,0.1111,8.073346
8.087292,3,0x04,0.0000,0.0556,8.076317
8.094988,0,0x01,0.0000,0.1111,8.079388
8.094988,1,0x02,0.0000,0.0000,8.071343
8.094988,2,0x03,0.0000,0.0556,8.094372
8.094988,3,0x04,0.0000,0.0556,8.076317
8.096087,0,0x01,0.0000,0.1111,8.079388
8.096087,1,0x02,0.0000,0.0000,8.071343
8.096087,2,0x03,0.0000,0.0556,8.094372
8.096087,3,0x04,0.0000,0.0556,8.076317
8.097172,0,0x01,0.0000,0.1111,8.079388
8.097172,1,0x02,0.0000,0.0000,8.071343
8.097172,2,0x03,0.0000,0.0556,8.094372
8.097172,3,0x04,0.0000,0.0556,8.076317
8.103960,0,0x01,0.0000,0.1111,8.079388
8.103960,1,0x02,0.0000,0.0000,8.071343
8.103960,2,0x03,0.0000,0.0556,8.094372
8.103960,3,0x04,0.0000,0.0556,8.076317
8.105060,0,0x01,0.0000,0.1111,8.079388
8.105060,1,0x02,0.0000,0.0000,8.071343
8.105060,2,0x03,0.0000,0.0556,8.094372
8.105060,3,0x04,0.0000,0.0556,8.076317
8.106156,0,0x01,0.0000,0.1111,8.079388
8.106156,1,0x02,0.0000,0.0000,8.071343
8.106156,2,0x03,0.0000,0.0556,8.094372
8.106156,3,0x04,0.0000,0.0556,8.076317
8.107251,0,0x01,0.0000,0.1111,8.079388
8.107251,1,0x02,0.0000,0.0000,8.071343
8.107251,2,0x03,0.0000,0.0556,8.094372
8.107251,3,0x04,0.0000,0.0556,8.076317
8.114966,0,0x01,0.0000,0.1111,8.079388
8.114966,1,0x02,0.0000,0.0000,8.071343
8.114966,2,0x03,0.0000,0.0556,8.094372
8.114966,3,0x04,0.0000,0.0556,8.076317
8.116060,0,0x01,0.0000,0.1111,8.079388
8.116060,1,0x02,0.0000,0.0000,8.071343
8.116060,2,0x03,0.0000,0.0556,8.094372
8.116060,3,0x04,0.0000,0.0556,8.076317
8.117158,0,0x01,0.0000,0.1111,8.079388
8.117158,1,0x02,0.0000,0.0000,8.071343
8.117158,2,0x03,0.0000,0.0556,8.094372
8.117158,3,0x04,0.0000,0.0556,8.076317
8.123997,0,0x01,0.0000,0.1111,8.079388
8.123997,1,0x02,0.0000,0.0000,8.071343
8.123997,2,0x03,0.0000,0.0556,8.094372
8.123997,3,0x04,0.0000,0.0556,8.076317
8.125075,0,0x01,0.0000,0.1111,8.079388
8.125075,1,0x02,0.0000,0.0000,8.071343
8.125075,2,0x03,0.0000,0.0556,8.094372
8.125075,3,0x04,0.0000,0.0556,8.076317
8.126164,0,0x01,0.0000,0.1111,8.079388
8.126164,1,0x02,0.0000,0.0000,8.071343
8.126164,2,0x03,0.0000,0.0556,8.094372
8.126164,3,0x04,0.0000,0.0556,8.076317
8.127249,0,0x01,0.0000,0.0556,8.133345
8.127249,1,0x02,0.0000,0.0000,8.130348
8.127249,2,0x03,0.0000,0.1111,8.131345
8.127249,3,0x04,0.0000,0.0000,8.132359
8.135058,0,0x01,0.0000,0.0556,8.133345
8.135058,1,0x02,0.0000,0.0556,8.134345
8.135058,2,0x03,0.0000,0.1111,8.131345
8.135058,3,0x04,0.0000,0.0000,8.132359
8.136144,0,0x01,0.0000,0.0556,8.133345
8.136144,1,0x02,0.0000,0.0556,8.134345
8.136144,2,0x03,0.0000,0.1111,8.135324
8.136144,3,0x04,0.0000,0.0000,8.132359
8.137266,0,0x01,0.0000,0.0556,8.142370
8.137266,1,0x02,0.0000,0.0000,8.137401
8.137266,2,0x03,0.0000,0.1111,8.140471
8.137266,3,0x04,0.0000,0.0000,8.141382
8.144219,0,0x01,0.0000,0.0556,8.142370
8.144219,1,0x02,0.0000,0.0000,8.137401
8.144219,2,0x03,0.0000,0.1111,8.143339
8.144219,3,0x04,0.0000,0.0000,8.141382
8.145317,0,0x01,0.0000,0.0556,8.142370
8.145317,1,0x02,0.0000,0.0000,8.137401
8.145317,2,0x03,0.0000,0.1111,8.143339
8.145317,3,0x04,0.0000,0.0000,8.141382
8.146383,0,0x01,0.0000,0.0556,8.142370
8.146383,1,0x02,0.0000,0.0000,8.137401
8.146383,2,0x03,0.0000,0.1111,8.143339
8.146383,3,0x04,0.0000,0.0000,8.141382
8.152953,0,0x01,0.0000,0.0556,8.142370
8.152953,1,0x02,0.0000,0.0000,8.137401
8.152953,2,0x03,0.0000,0.1111,8.143339
8.152953,3,0x04,0.0000,0.0000,8.141382
8.154039,0,0x01,0.0000,0.0556,8.142370
8.154039,1,0x02,0.0000,0.0000,8.137401
8.154039,2,0x03,0.0000,0.1111,8.143339
8.154039,3,0x04,0.0000,0.0000,8.141382
8.155132,0,0x01,0.0000,0.0556,8.142370
8.155132,1,0x02,0.0000,0.0000,8.137401
8.155132,2,0x03,0.0000,0.1111,8.143339
8.155132,3,0x04,0.0000,0.0000,8.141382
8.156236,0,0x01,0.0000,0.0556,8.142370
8.156236,1,0x02,0.0000,0.0000,8.137401
8.156236,2,0x03,0.0000,0.1111,8.143339
8.156236,3,0x04,0.0000,0.0000,8.141382
8.164036,0,0x01,0.0000,0.0556,8.142370
8.164036,1,0x02,0.0000,0.0000,8.137401
8.164036,2,0x03,0.0000,0.1111,8.143339
8.164036,3,0x04,0.0000,0.0000,8.141382
8.165123,0,0x01,0.0000,0.0556,8.142370
8.165123,1,0x02,0.0000,0.0000,8.137401
8.165123,2,0x03,0.0000,0.1111,8.143339
8.165123,3,0x04,0.0000,0.0000,8.141382
8.166209,0,0x01,0.0000,0.0556,8.142370
8.166209,1,0x02,0.0000,0.0000,8.137401
8.166209,2,0x03,0.0000,0.1111,8.143339
8.166209,3,0x04,0.0000,0.0000,8.141382
8.173933,0,0x01,0.0000,0.0556,8.142370
8.173933,1,0x02,0.0000,0.0000,8.137401
8.173933,2,0x03,0.0000,0.1111,8.143339
8.173933,3,0x04,0.0000,0.0000,8.141382
8.175006,0,0x01,0.0000,0.0556,8.142370
8.175006,1,0x02,0.0000,0.0000,8.137401
8.175006,2,0x03,0.0000,0.1111,8.143339
8.175006,3,0x04,0.0000,0.0000,8.141382
8.176079,0,0x01,0.0000,0.0556,8.142370
8.176079,1,0x02,0.0000,0.0000,8.137401
8.176079,2,0x03,0.0000,0.1111,8.143339
8.176079,3,0x04,0.0000,0.0000,8.141382
8.177164,0,0x01,0.0000,0.0556,8.180399
8.177164,1,0x02,0.0000,0.0556,8.181358
8.177164,2,0x03,0.0000,0.1111,8.143339
8.177164,3,0x04,0.0000,0.0000,8.141382
8.183009,0,0x01,0.0000,0.0556,8.180399
8.183009,1,0x02,0.0000,0.0556,8.181358
8.183009,2,0x03,0.0000,0.0556,8.182341
8.183009,3,0x04,0.0000,0.0000,8.141382
8.184100,0,0x01,0.0000,0.1111,8.183317
8.184100,1,0x02,0.0000,0.0556,8.181358
8.184100,2,0x03,0.0000,0.0556,8.182341
8.184100,3,0x04,0.0000,0.0000,8.141382
8.185203,0,0x01,0.0000,0.1111,8.183317
8.185203,1,0x02,0.0000,0.0556,8.184332
8.185203,2,0x03,0.0000,0.0556,8.182341
8.185203,3,0x04,0.0000,0.0000,8.141382
8.186310,0,0x01,0.0000,0.1111,8.190341
8.186310,1,0x02,0.0000,0.0556,8.188349
8.186310,2,0x03,0.0000,0.0556,8.185329
8.186310,3,0x04,0.0000,0.0000,8.189337
8.194035,0,0x01,0.0000,0.1111,8.190341
8.194035,1,0x02,0.0000,0.0556,8.188349
8.194035,2,0x03,0.0000,0.0556,8.185329
8.194035,3,0x04,0.0000,0.0000,8.189337
8.195105,0,0x01,0.0000,0.1111,8.190341
8.195105,1,0x02,0.0000,0.0556,8.188349
8.195105,2,0x03,0.0000,0.0556,8.185329
8.195105,3,0x04,0.0000,0.0000,8.189337
8.196191,0,0x01,0.0000,0.1111,8.190341
8.196191,1,0x02,0.0000,0.0556,8.188349
8.196191,2,0x03,0.0000,0.0556,8.185329
8.196191,3,0x04,0.0000,0.0000,8.189337
8.197274,0,0x01,0.0000,0.1111,8.190341
8.197274,1,0x02,0.0000,0.0556,8.188349
8.197274,2,0x03,0.0000,0.0556,8.185329
8.197274,3,0x04,0.0000,0.0000,8.189337
8.204956,0,0x01,0.0000,0.1111,8.190341
8.204956,1,0x02,0.0000,0.0556,8.188349
8.204956,2,0x03,0.0000,0.0556,8.185329
8.204956,3,0x04,0.0000,0.0000,8.189337
8.206038,0,0x01,0.0000,0.1111,8.190341
8.206038,1,0x02,0.0000,0.0556,8.188349
8.206038,2,0x03,0.0000,0.0556,8.185329
8.206038,3,0x04,0.0000,0.0000,8.189337
