time,pos_x,pos_y,pos_z,vel_x,vel_y,vel_z,q0,q1,q2,q3,omega_x,omega_y,omega_z,mass,altitude,ground_range,alpha,beta,mach,fin_cmd_1,fin_cmd_2,fin_cmd_3,fin_cmd_4,fin_act_1,fin_act_2,fin_act_3,fin_act_4,force_x,force_y,force_z,lat,lon,alt_msl
0.010000,4393519.067327,4259900.829654,1795674.982111,-0.077555,-0.075196,0.531329,0.99144474,0.00049536,0.13052618,-0.00006521,0.10000000,0.00000000,0.00000000,12.7370,1200.0000,0.0000,0.00000000,0.00000000,0.000000,0.00000000,0.00000000,0.00000000,0.00000000,0.00000000,0.00000000,0.00000000,0.00000000,0.0000,0.0000,0.0000,16.45747200,44.11536100,1200.0000
0.020000,4393519.066173,4259900.828535,1795674.989567,-0.152902,-0.148252,0.941795,0.99144437,0.00099072,0.13052613,-0.00013041,0.10000000,0.00000000,0.00000000,12.7344,1200.0001,0.0023,0.00000000,0.00000000,0.001580,0.00000000,0.00000000,0.00000000,0.00000000,0.00000000,0.00000000,0.00000000,0.00000000,647.7998,0.0000,0.0000,16.45747202,44.11536100,1200.0001
0.030000,4393519.064270,4259900.826691,1795675.000869,-0.227680,-0.220755,1.321087,0.99144375,0.00148609,0.13052605,-0.00019562,0.10000000,0.00000000,0.00000000,12.7321,1200.0007,0.0099,0.00000000,0.00000000,0.002815,0.00000000,0.00000000,0.00000000,0.00000000,0.00000000,0.00000000,0.00000000,0.00000000,508.4594,0.0000,0.0000,16.45747209,44.11536100,1200.0007
0.040000,4393519.061619,4259900.824120,1795675.016015,-0.302698,-0.293490,1.713483,0.99144288,0.00198145,0.13052593,-0.00026083,0.10000000,0.00000000,0.00000000,12.7297,1200.0014,0.0215,0.00000000,0.00000000,0.003960,0.00000000,0.00000000,0.00000000,0.00000000,0.00000000,0.00000000,0.00000000,0.00000000,528.3637,0.0000,0.0000,16.45747219,44.11536100,1200.0014
0.050000,4393519.058213,4259900.820818,1795675.035295,-0.378550,-0.367034,2.151564,0.99144177,0.00247681,0.13052579,-0.00032603,0.10000000,0.00000000,0.00000000,12.7270,1200.0021,0.0371,0.00000000,0.00000000,0.005144,0.00000000,0.00000000,0.00000000,0.00000000,0.00000000,0.00000000,0.00000000,0.00000000,568.1789,0.0000,0.0000,16.45747233,44.11536100,1200.0021
0.060000,4393519.054044,4259900.816775,1795675.059255,-0.455499,-0.441642,2.649694,0.99144041,0.00297217,0.13052561,-0.00039124,0.10000000,0.00000000,0.00000000,12.7240,1200.0030,0.0569,0.00000000,0.00000000,0.006457,0.00000000,0.00000000,0.00000000,0.00000000,0.00000000,0.00000000,0.00000000,0.00000000,637.8506,0.0000,0.0000,16.45747251,44.11536100,1200.0030
0.070000,4393519.049100,4259900.811982,1795675.088472,-0.533379,-0.517152,3.198788,0.99143880,0.00346753,0.13052539,-0.00045644,0.10000000,0.00000000,0.00000000,12.7207,1200.0042,0.0815,0.00000000,0.00000000,0.007942,0.00000000,0.00000000,0.00000000,0.00000000,0.00000000,0.00000000,0.00000000,0.00000000,707.5193,0.0000,0.0000,16.45747274,44.11536100,1200.0042
0.080000,4393519.043375,4259900.806431,1795675.123336,-0.611833,-0.593219,3.779327,0.99143694,0.00396289,0.13052515,-0.00052165,0.10000000,0.00000000,0.00000000,12.7172,1200.0059,0.1115,0.00000000,0.00000000,0.009573,0.00000000,0.00000000,0.00000000,0.00000000,0.00000000,0.00000000,0.00000000,0.00000000,747.3379,0.0000,0.0000,16.45747301,44.11536100,1200.0059
0.090000,4393519.036863,4259900.800117,1795675.164111,-0.690601,-0.669589,4.376987,0.99143484,0.00445825,0.13052487,-0.00058685,0.10000000,0.00000000,0.00000000,12.7137,1200.0081,0.1472,0.00000000,0.00000000,0.011293,0.00000000,0.00000000,0.00000000,0.00000000,0.00000000,0.00000000,0.00000000,0.00000000,787.1470,0.0000,0.0000,16.45747333,44.11536100,1200.0081
0.100000,4393519.029563,4259900.793039,1795675.210876,-0.769371,-0.745961,4.974820,0.99143249,0.00495360,0.13052456,-0.00065206,0.09999956,-0.00000133,0.00000001,12.7101,1200.0110,0.1888,0.00000000,0.00000000,0.013063,0.00000000,0.00000000,0.00000000,0.00000000,0.00000000,0.00000000,0.00000000,0.00000000,797.1001,0.0000,0.0000,16.45747371,44.11536100,1200.0110
0.110000,4393519.021476,4259900.785198,1795675.263556,-0.847923,-0.822122,5.561080,0.99142989,0.00544895,0.13052419,-0.00071726,0.09999642,-0.00001135,0.00000013,12.7066,1200.0145,0.2365,0.18672177,0.00185654,0.014834,0.00000000,0.00000000,0.00000000,0.00000000,0.00000000,0.00000000,0.00000000,0.00000000,787.1446,-0.0001,-0.0100,16.45747414,44.11536100,1200.0145
0.120000,4393519.012604,4259900.776596,1795675.322098,-0.926428,-0.898236,6.144896,0.99142706,0.00594427,0.13052373,-0.00078247,0.09999208,-0.00002638,0.00000032,12.7032,1200.0186,0.2902,0.18381829,0.00201081,0.016572,0.00000000,0.00000000,0.00000000,0.00000000,0.00000000,0.00000000,0.00000000,0.00000000,787.1381,-0.0002,-0.0153,16.45747462,44.11536100,1200.0186
0.130000,4393519.002948,4259900.767234,1795675.386428,-1.004787,-0.974210,6.721044,0.99142399,0.00643957,0.13052314,-0.00084766,0.09998631,-0.00004803,0.00000063,12.6998,1200.0233,0.3499,0.18153487,0.00216667,0.018303,0.00000000,0.00000000,0.00000000,0.00000000,0.00000000,0.00000000,0.00000000,0.00000000,767.2355,-0.0003,-0.0226,16.45747516,44.11536100,1200.0233
0.140000,4393518.992508,4259900.757112,1795675.456520,-1.083145,-1.050181,7.297353,0.99142069,0.00693484,0.13052239,-0.00091285,0.09997881,-0.00007823,0.00000110,12.6963,1200.0287,0.4154,0.17984408,0.00232560,0.020012,0.00000000,0.00000000,0.00000000,0.00000000,0.00000000,0.00000000,0.00000000,0.00000000,767.2333,-0.0004,-0.0320,16.45747575,44.11536100,1200.0287
0.150000,4393518.981285,4259900.746230,1795675.532402,-1.161641,-1.126286,7.881661,0.99141716,0.00743006,0.13052143,-0.00097804,0.09996927,-0.00011937,0.00000180,12.6929,1200.0346,0.4867,0.17841365,0.00248478,0.021721,0.00000000,0.00000000,0.00000000,0.00000000,0.00000000,0.00000000,0.00000000,0.00000000,767.2305,-0.0006,-0.0441,16.45747640,44.11536100,1200.0346
0.160000,4393518.969275,4259900.734586,1795675.614180,-1.240321,-1.202570,8.476588,0.99141342,0.00792523,0.13052021,-0.00104321,0.09995730,-0.00017436,0.00000280,12.6894,1200.0411,0.5639,0.17701446,0.00264159,0.023454,0.00000000,0.00000000,0.00000000,0.00000000,0.00000000,0.00000000,0.00000000,0.00000000,787.1331,-0.0009,-0.0595,16.45747710,44.11536100,1200.0411
0.170000,4393518.956478,4259900.722178,1795675.701960,-1.319113,-1.278962,9.078214,0.99140948,0.00842033,0.13051863,-0.00110837,0.09994244,-0.00024671,0.00000421,12.6858,1200.0482,0.6470,0.17559046,0.00279524,0.025217,0.00000000,0.00000000,0.00000000,0.00000000,0.00000000,0.00000000,0.00000000,0.00000000,807.0272,-0.0012,-0.0789,16.45747785,44.11536100,1200.0482
0.180000,4393518.942893,4259900.709007,1795675.795745,-1.397870,-1.355320,9.678705,0.99140534,0.00891535,0.13051662,-0.00117352,0.09992429,-0.00034020,0.00000614,12.6823,1200.0560,0.7363,0.17422405,0.00294703,0.026999,0.00000000,0.00000000,0.00000000,0.00000000,0.00000000,0.00000000,0.00000000,0.00000000,797.0683,-0.0017,-0.1030,16.45747865,44.11536100,1200.0560
0.190000,4393518.928520,4259900.695072,1795675.895535,-1.476615,-1.431665,10.279372,0.99140103,0.00941026,0.13051405,-0.00123865,0.09990239,-0.00045913,0.00000874,12.6787,1200.0644,0.8315,0.17304318,0.00309938,0.028778,0.00000000,0.00000000,0.00000000,0.00000000,0.00000000,0.00000000,0.00000000,0.00000000,797.0699,-0.0023,-0.1320,16.45747951,44.11536100,1200.0644
0.200000,4393518.913360,4259900.680373,1795676.001359,-1.555462,-1.508109,10.886754,0.99139655,0.00990506,0.13051078,-0.00130375,0.09987623,-0.00060849,0.00001219,12.6751,1200.0735,0.9329,0.17199290,0.00325183,0.030558,0.00000000,0.00000000,0.00000000,0.00000000,0.00000000,0.00000000,0.00000000,0.00000000,797.0623,-0.0031,-0.1668,16.45748043,44.11536100,1200.0735
0.210000,4393518.897411,4259900.664909,1795676.113297,-1.634457,-1.584697,11.503463,0.99139194,0.01039971,0.13050665,-0.00136882,0.09984523,-0.00079414,0.00001671,12.6715,1200.0832,1.0403,0.17095057,0.00340232,0.032357,0.00000000,0.00000000,0.00000000,0.00000000,0.00000000,0.00000000,0.00000000,0.00000000,807.0159,-0.0041,-0.2085,16.45748140,44.11536100,1200.0832
0.220000,4393518.880671,4259900.648679,1795676.231455,-1.713548,-1.661378,12.126900,0.99138722,0.01089420,0.13050147,-0.00143385,0.09980871,-0.00102291,0.00002254,12.6678,1200.0936,1.1540,0.16987801,0.00355009,0.034183,0.00000000,0.00000000,0.00000000,0.00000000,0.00000000,0.00000000,0.00000000,0.00000000,826.9019,-0.0053,-0.2581,16.45748243,44.11536100,1200.0936
0.230000,4393518.863140,4259900.631682,1795676.355835,-1.792636,-1.738055,12.751833,0.99138242,0.01138849,0.13049499,-0.00149884,0.09976607,-0.00130189,0.00002999,12.6641,1200.1047,1.2739,0.16881646,0.00369594,0.036028,0.00000000,0.00000000,0.00000000,0.00000000,0.00000000,0.00000000,0.00000000,0.00000000,816.9469,-0.0068,-0.3166,16.45748351,44.11536100,1200.1047
0.240000,4393518.844817,4259900.613917,1795676.486518,-1.871835,-1.814839,13.384796,0.99137758,0.01188255,0.13048697,-0.00156378,0.09971654,-0.00163951,0.00003941,12.6604,1200.1166,1.4000,0.16783195,0.00384138,0.037877,0.00000000,0.00000000,0.00000000,0.00000000,0.00000000,0.00000000,0.00000000,0.00000000,836.8285,-0.0087,-0.3846,16.45748465,44.11536100,1200.1166
0.250000,4393518.825703,4259900.595385,1795676.623532,-1.951022,-1.891611,14.019252,0.99137274,0.01237635,0.13047707,-0.00162865,0.09965940,-0.00204476,0.00005120,12.6566,1200.1291,1.5326,0.16683302,0.00398447,0.039750,0.00000000,0.00000000,0.00000000,0.00000000,0.00000000,0.00000000,0.00000000,0.00000000,836.8116,-0.0109,-0.4637,16.45748585,44.11536100,1200.1291
0.260000,4393518.805797,4259900.576085,1795676.766930,-2.030286,-1.968458,14.660442,0.99136794,0.01286984,0.13046494,-0.00169344,0.09959384,-0.00252780,0.00006582,12.6529,1200.1424,1.6715,0.16589735,0.00412707,0.041627,0.00000000,0.00000000,0.00000000,0.00000000,0.00000000,0.00000000,0.00000000,0.00000000,846.7445,-0.0136,-0.5547,16.45748710,44.11536100,1200.1424
0.270000,4393518.785098,4259900.556016,1795676.916741,-2.109502,-2.045259,15.301816,0.99136325,0.01336300,0.13045017,-0.00175813,0.09951902,-0.00309957,0.00008380,12.6491,1200.1564,1.8168,0.16495760,0.00426763,0.043523,0.00000000,0.00000000,0.00000000,0.00000000,0.00000000,0.00000000,0.00000000,0.00000000,846.7336,-0.0168,-0.6592,16.45748842,44.11536100,1200.1564
0.280000,4393518.763607,4259900.535180,1795677.072967,-2.188665,-2.122008,15.943377,0.99135872,0.01385576,0.13043228,-0.00182272,0.09943411,-0.00377172,0.00010574,12.6453,1200.1712,1.9687,0.16408227,0.00440795,0.045419,0.00000000,0.00000000,0.00000000,0.00000000,0.00000000,0.00000000,0.00000000,0.00000000,846.7077,-0.0206,-0.7779,16.45748979,44.11536100,1200.1712
0.290000,4393518.741325,4259900.513576,1795677.235609,-2.267793,-2.198722,16.586429,0.99135443,0.01434808,0.13041076,-0.00188718,0.09933827,-0.00455682,0.00013229,12.6415,1200.1868,2.1269,0.16326153,0.00454793,0.047317,0.00000000,0.00000000,0.00000000,0.00000000,0.00000000,0.00000000,0.00000000,0.00000000,846.6783,-0.0250,-0.9118,16.45749122,44.11536100,1200.1868
0.300000,4393518.718250,4259900.491205,1795677.404749,-2.347097,-2.275606,17.242767,0.99135045,0.01483990,0.13038501,-0.00195149,0.09923044,-0.00546971,0.00016425,12.6376,1200.2031,2.2917,0.16247434,0.00468712,0.049218,0.00000000,0.00000000,0.00000000,0.00000000,0.00000000,0.00000000,0.00000000,0.00000000,856.5982,-0.0301,-1.0624,16.45749271,44.11536100,1200.2031
0.310000,4393518.694383,4259900.468064,1795677.580465,-2.426352,-2.352442,17.900587,0.99134688,0.01533116,0.13035434,-0.00201563,0.09910950,-0.00652657,0.00020248,12.6338,1200.2202,2.4630,0.16160630,0.00482223,0.051158,0.00000000,0.00000000,0.00000000,0.00000000,0.00000000,0.00000000,0.00000000,0.00000000,866.4846,-0.0362,-1.2337,16.45749426,44.11536100,1200.2202
0.320000,4393518.669723,4259900.444156,1795677.762761,-2.505527,-2.429201,18.558584,0.99134382,0.01582181,0.13031801,-0.00207956,0.09897444,-0.00774360,0.00024794,12.6299,1200.2381,2.6409,0.16076898,0.00495639,0.053102,0.00000000,0.00000000,0.00000000,0.00000000,0.00000000,0.00000000,0.00000000,0.00000000,866.4558,-0.0432,-1.4250,16.45749586,44.11536100,1200.2381
0.330000,4393518.644273,4259900.419481,1795677.951611,-2.584496,-2.505758,19.210196,0.99134137,0.01631176,0.13027519,-0.00214325,0.09882431,-0.00913753,0.00030165,12.6261,1200.2568,2.8254,0.15996728,0.00508984,0.055046,0.00000000,0.00000000,0.00000000,0.00000000,0.00000000,0.00000000,0.00000000,0.00000000,866.3927,-0.0512,-1.6376,16.45749753,44.11536100,1200.2568
0.340000,4393518.618034,4259900.394041,1795678.146966,-2.663372,-2.582227,19.861987,0.99133966,0.01680094,0.13022494,-0.00220667,0.09865819,-0.01072546,0.00036470,12.6222,1200.2763,3.0165,0.15924753,0.00522418,0.056972,0.00000000,0.00000000,0.00000000,0.00000000,0.00000000,0.00000000,0.00000000,0.00000000,856.4181,-0.0603,-1.8710,16.45749926,44.11536100,1200.2763
0.350000,4393518.591006,4259900.367836,1795678.348878,-2.742273,-2.658718,20.520497,0.99133883,0.01728929,0.13016627,-0.00226979,0.09847486,-0.01252793,0.00043839,12.6184,1200.2966,3.2142,0.15854619,0.00535748,0.058899,0.00000000,0.00000000,0.00000000,0.00000000,0.00000000,0.00000000,0.00000000,0.00000000,866.2975,-0.0706,-2.1282,16.45750104,44.11536100,1200.2966
0.360000,4393518.563189,4259900.340867,1795678.557376,-2.821044,-2.735082,21.177844,0.99133902,0.01777670,0.13009805,-0.00233254,0.09827315,-0.01456620,0.00052410,12.6145,1200.3177,3.4184,0.15780829,0.00548790,0.060844,0.00000000,0.00000000,0.00000000,0.00000000,0.00000000,0.00000000,0.00000000,0.00000000,866.2165,-0.0824,-2.4129,16.45750289,44.11536100,1200.3177
0.370000,4393518.534586,4259900.313136,1795678.772409,-2.899555,-2.811195,21.827472,0.99134039,0.01826310,0.13001906,-0.00239490,0.09805207,-0.01686040,0.00062327,12.6107,1200.3396,3.6293,0.15709088,0.00561732,0.062787,0.06804124,0.07449280,-0.03163326,-0.03808483,0.00000000,0.00000000,0.00000000,0.00000000,856.2097,-0.0956,-2.7243,16.45750480,44.11536100,1200.3396
0.380000,4393518.505199,4259900.284644,1795678.993900,-2.977828,-2.887075,22.470706,0.99134312,0.01874839,0.12992799,-0.00245680,0.09781076,-0.01943048,0.00073737,12.6069,1200.3623,3.8468,0.15643356,0.00574721,0.064707,0.06804124,0.07449280,-0.03163326,-0.03808483,0.00000000,0.00000000,0.00000000,0.00000000,846.2160,-0.1103,-3.0609,16.45750676,44.11536100,1200.3623
0.390000,4393518.475029,4259900.255394,1795679.221824,-3.056007,-2.962863,23.115370,0.99134739,0.01923247,0.12982341,-0.00251818,0.09754820,-0.02229870,0.00086808,12.6031,1200.3858,4.0708,0.15581678,0.00587700,0.066608,0.06804124,0.07449280,-0.03163326,-0.03808483,0.00000000,0.00000000,0.00000000,0.00000000,846.1350,-0.1267,-3.4241,16.45750879,44.11536100,1200.3858
0.400000,4393518.444079,4259900.225387,1795679.456208,-3.134035,-3.038505,23.758837,0.99135341,0.01971524,0.12970378,-0.00257899,0.09726312,-0.02549014,0.00101723,12.5993,1200.4101,4.3012,0.15518005,0.00600446,0.068514,0.06804124,0.07449280,-0.03163326,-0.03808483,0.00000000,0.00000000,0.00000000,0.00000000,855.9440,-0.1449,-3.8183,16.45751087,44.11536100,1200.4101
0.410000,4393518.412350,4259900.194625,1795679.696974,-3.211784,-3.113875,24.394536,0.99136139,0.02019659,0.12956744,-0.00263914,0.09695470,-0.02902655,0.00118663,12.5955,1200.4351,4.5382,0.15453625,0.00613001,0.070416,0.06716907,0.07285021,-0.03116695,-0.03684809,0.00000000,0.00000000,0.00000000,0.00000000,835.9601,-0.1650,-4.2437,16.45751301,44.11536100,1200.4351
0.420000,4393518.379844,4259900.163110,1795679.944099,-3.289405,-3.189120,25.030354,0.99137156,0.02067642,0.12941261,-0.00269857,0.09662190,-0.03293226,0.00137827,12.5918,1200.4610,4.7815,0.15392075,0.00625502,0.072296,0.06716907,0.07285021,-0.03116695,-0.03684809,0.00000000,0.00000000,0.00000000,0.00000000,835.8573,-0.1870,-4.6978,16.45751521,44.11536100,1200.4610
0.430000,4393518.346562,4259900.130843,1795680.197582,-3.366897,-3.264238,25.666270,0.99138417,0.02115461,0.12923741,-0.00275718,0.09626357,-0.03723338,0.00159428,12.5881,1200.4876,5.0313,0.15327730,0.00637722,0.074175,0.06716907,0.07285021,-0.03116695,-0.03684809,0.00000000,0.00000000,0.00000000,0.00000000,835.7466,-0.2112,-5.1855,16.45751747,44.11536100,1200.4876
0.440000,4393518.312507,4259900.097826,1795680.457398,-3.444100,-3.339076,26.294399,0.99139947,0.02163104,0.12903980,-0.00281490,0.09587868,-0.04195529,0.00183688,12.5844,1200.5149,5.2875,0.15260147,0.00649632,0.076055,0.06716907,0.07285021,-0.03116695,-0.03684809,0.00000000,0.00000000,0.00000000,0.00000000,835.6070,-0.2378,-5.7080,16.45751978,44.11536100,1200.5149
0.450000,4393518.277681,4259900.064063,1795680.723444,-3.521018,-3.413635,26.914734,0.99141773,0.02210558,0.12881764,-0.00287162,0.09546661,-0.04711925,0.00210815,12.5807,1200.5430,5.5501,0.15193331,0.00661392,0.077913,0.06664641,0.07216983,-0.03512862,-0.04065203,0.00000000,0.00000000,0.00000000,0.00000000,815.6163,-0.2666,-6.2608,16.45752215,44.11536100,1200.5430
0.460000,4393518.242087,4259900.029555,1795680.995693,-3.597673,-3.487907,27.535160,0.99143899,0.02257333,0.12857143,-0.00292673,0.09307376,-0.05162956,0.00234137,12.5771,1200.5719,5.8189,0.15126472,0.00672965,0.079748,0.06664641,0.07216983,-0.03512862,-0.04065203,0.02417942,0.02647208,-0.01124133,-0.01353398,815.4835,-0.2818,-7.1042,16.45752458,44.11536100,1200.5719
0.470000,4393518.205729,4259899.994306,1795681.274147,-3.674038,-3.561857,28.155659,0.99146301,0.02302353,0.12830492,-0.00297898,0.08832884,-0.05529098,0.00252349,12.5734,1200.6015,6.0940,0.15054320,0.00684057,0.081583,0.06664641,0.07216983,-0.03512862,-0.04065203,0.04849316,0.05309121,-0.02254510,-0.02714315,815.3197,-0.2965,-8.0357,16.45752707,44.11536100,1200.6015
0.480000,4393518.168608,4259899.958319,1795681.558807,-3.750134,-3.635519,28.774904,0.99148962,0.02344646,0.12802121,-0.00302725,0.08202941,-0.05856980,0.00268213,12.5698,1200.6318,6.3753,0.14977532,0.00694392,0.083418,0.06664641,0.07216983,-0.03512862,-0.04065203,0.06044040,0.06617127,-0.02809953,-0.03383040,815.1681,-0.3202,-8.9034,16.45752961,44.11536100,1200.6318
0.490000,4393518.130727,4259899.921596,1795681.849646,-3.826022,-3.708961,29.394231,0.99151887,0.02383568,0.12772142,-0.00307077,0.07470104,-0.06179831,0.00283587,12.5662,1200.6628,6.6629,0.14897715,0.00703725,0.085249,0.06603658,0.07134326,-0.03606791,-0.04137458,0.06529049,0.07148123,-0.03035440,-0.03654515,805.0540,-0.3504,-9.7370,16.45753221,44.11536100,1200.6628
0.500000,4393518.092088,4259899.884140,1795682.146691,-3.901711,-3.782198,30.013604,0.99155091,0.02418673,0.12740534,-0.00310896,0.06660636,-0.06517285,0.00300505,12.5625,1200.6946,6.9567,0.14814577,0.00711837,0.087081,0.06603658,0.07134326,-0.03606791,-0.04137458,0.06677901,0.07286650,-0.03102482,-0.03711231,814.8361,-0.3876,-10.5709,16.45753486,44.11536100,1200.6946
0.510000,4393518.052694,4259899.845954,1795682.449892,-3.977051,-3.855089,30.626444,0.99158599,0.02449605,0.12707205,-0.00314131,0.05783648,-0.06877069,0.00319506,12.5589,1200.7272,7.2568,0.14728161,0.00718585,0.088912,0.06603658,0.07134326,-0.03606791,-0.04137458,0.06709977,0.07297192,-0.03115220,-0.03702435,804.7014,-0.4281,-11.4335,16.45753758,44.11536100,1200.7272
0.520000,4393518.012547,4259899.807039,1795682.759220,-4.052185,-3.927769,31.239328,0.99162434,0.02476029,0.12672042,-0.00316734,0.04839354,-0.07260967,0.00340189,12.5553,1200.7605,7.5631,0.14641401,0.00724005,0.090724,0.06603658,0.07134326,-0.03606791,-0.04137458,0.06716138,0.07291861,-0.03117017,-0.03692740,804.5111,-0.4694,-12.3316,16.45754034,44.11536100,1200.7605
0.530000,4393517.971651,4259899.767399,1795683.074678,-4.127105,-4.000230,31.852249,0.99166623,0.02497607,0.12634926,-0.00318661,0.03825370,-0.07669583,0.00362190,12.5517,1200.7945,7.8755,0.14550806,0.00727839,0.092537,0.08353778,0.09223395,-0.06218223,-0.07087839,0.06717035,0.07287942,-0.03117000,-0.03687907,804.3098,-0.5116,-13.2756,16.45754317,44.11536100,1200.7945
0.540000,4393517.930006,4259899.727035,1795683.396265,-4.201824,-4.072485,32.466518,0.99171186,0.02514100,0.12595749,-0.00319878,0.02785508,-0.08096346,0.00385577,12.5481,1200.8292,8.1941,0.14456115,0.00729991,0.094349,0.08353778,0.09223395,-0.06218223,-0.07087839,0.06698470,0.07261955,-0.03257627,-0.03821111,804.0972,-0.5556,-14.2827,16.45754605,44.11536100,1200.8292
0.550000,4393517.887615,4259899.685950,1795683.724009,-4.276300,-4.144490,33.080811,0.99176137,0.02525390,0.12554424,-0.00320369,0.01723537,-0.08540456,0.00410207,12.5445,1200.8647,8.5189,0.14356483,0.00730366,0.096165,0.08353778,0.09223395,-0.06218223,-0.07087839,0.06679725,0.07236927,-0.03399104,-0.03956306,813.7995,-0.6008,-15.3414,16.45754898,44.11536100,1200.8647
0.560000,4393517.844481,4259899.644146,1795684.057882,-4.350533,-4.216246,33.695135,0.99181492,0.02531310,0.12510859,-0.00320112,0.00616344,-0.09004971,0.00435727,12.5409,1200.9010,8.8499,0.14252301,0.00728966,0.097981,0.08313207,0.09082453,-0.06885190,-0.07654436,0.06670507,0.07224720,-0.03468628,-0.04022840,803.6614,-0.6464,-16.4405,16.45755197,44.11536100,1200.9010
0.570000,4393517.800604,4259899.601625,1795684.397938,-4.424806,-4.288030,34.314756,0.99187267,0.02531621,0.12464958,-0.00319079,-0.00535832,-0.09484723,0.00461414,12.5373,1200.9379,9.1870,0.14143400,0.00725757,0.099796,0.08313207,0.09082453,-0.06885190,-0.07654436,0.06666764,0.07219779,-0.03496853,-0.04049868,813.3117,-0.6922,-17.5826,16.45755502,44.11536100,1200.9379
0.580000,4393517.755985,4259899.558386,1795684.744151,-4.499036,-4.359768,34.927891,0.99193467,0.02526204,0.12416675,-0.00317258,-0.01695813,-0.09969811,0.00486963,12.5336,1200.9757,9.5304,0.14028051,0.00720606,0.101627,0.08313207,0.09082453,-0.06885190,-0.07654436,0.06643705,0.07188576,-0.03540699,-0.04085570,803.2455,-0.7163,-18.1845,16.45755812,44.11536100,1200.9757
0.590000,4393517.710622,4259899.514428,1795685.096522,-4.573611,-4.431836,35.547696,0.99200091,0.02515022,0.12365987,-0.00314651,-0.02863570,-0.10459684,0.00512062,12.5300,1201.0142,9.8799,0.13911815,0.00713781,0.103440,0.08313207,0.09082453,-0.06885190,-0.07654436,0.06621425,0.07158398,-0.03577944,-0.04114916,803.1204,-0.7355,-18.7067,16.45756128,44.11536100,1201.0142
0.600000,4393517.664512,4259899.469749,1795685.455105,-4.648415,-4.504121,36.168910,0.99207138,0.02498008,0.12312870,-0.00311256,-0.04050254,-0.10953740,0.00536091,12.5264,1201.0534,10.2357,0.13789490,0.00705043,0.105272,0.08313207,0.09082453,-0.06885190,-0.07654436,0.06610552,0.07143666,-0.03595687,-0.04128800,812.9172,-0.7518,-19.2270,16.45756449,44.11536100,1201.0534
0.610000,4393517.617654,4259899.424346,1795685.819874,-4.723283,-4.576463,36.784955,0.99214607,0.02475050,0.12257305,-0.00307069,-0.05262140,-0.11451203,0.00558511,12.5228,1201.0934,10.5977,0.13663184,0.00694521,0.107108,0.07843275,0.08563162,-0.07483309,-0.08203196,0.06606150,0.07137702,-0.03602796,-0.04134348,812.7868,-0.7653,-19.7447,16.45756777,44.11536100,1201.0934
0.620000,4393517.570046,4259899.378219,1795686.190831,-4.798370,-4.648964,37.406381,0.99222442,0.02446339,0.12199636,-0.00302143,-0.06370205,-0.11805263,0.00568757,12.5191,1201.1342,10.9660,0.13535311,0.00682357,0.108929,0.07843275,0.08563162,-0.07483309,-0.08203196,0.07226450,0.07877874,-0.04533423,-0.05184846,812.6850,-0.7513,-20.6052,16.45757109,44.11536100,1201.1342
0.630000,4393517.521687,4259899.331367,1795686.568002,-4.873525,-4.721477,38.027907,0.99230530,0.02412401,0.12140603,-0.00296589,-0.07367425,-0.12004304,0.00565966,12.5155,1201.1757,11.3404,0.13401980,0.00668563,0.110766,0.07843275,0.08563162,-0.07483309,-0.08203196,0.07851262,0.08623603,-0.05467503,-0.06239844,812.5519,-0.7330,-21.4890,16.45757448,44.11536100,1201.1757
0.640000,4393517.472575,4259899.283789,1795686.951389,-4.948844,-4.794119,38.649527,0.99238781,0.02373622,0.12080807,-0.00290496,-0.08318543,-0.12116315,0.00554935,12.5118,1201.2180,11.7211,0.13266603,0.00653538,0.112603,0.07843275,0.08563162,-0.07483309,-0.08203196,0.08158368,0.08990155,-0.05926350,-0.06758137,812.4172,-0.7239,-22.2029,16.45757792,44.11536100,1201.2180
0.650000,4393517.422709,4259899.235484,1795687.340993,-5.024357,-4.866938,39.271237,0.99247132,0.02330427,0.12020618,-0.00283936,-0.09143125,-0.12165094,0.00541886,12.5082,1201.2611,12.1081,0.13130733,0.00637489,0.114440,0.07642004,0.08319876,-0.07477771,-0.08155642,0.08268638,0.09088895,-0.06349616,-0.07169873,812.2811,-0.7275,-22.8565,16.45758141,44.11536100,1201.2611
0.660000,4393517.372087,4259899.186450,1795687.736814,-5.100086,-4.939966,39.893034,0.99255531,0.02283416,0.11960306,-0.00276984,-0.09851501,-0.12167759,0.00528338,12.5045,1201.3048,12.5014,0.12995205,0.00620571,0.116278,0.07642004,0.08319876,-0.07477771,-0.08155642,0.08300379,0.09093720,-0.06657008,-0.07450349,812.1434,-0.7324,-23.4666,16.45758497,44.11536100,1201.3048
0.670000,4393517.320707,4259899.136684,1795688.138854,-5.176100,-5.013269,40.516239,0.99263939,0.02233007,0.11900060,-0.00269693,-0.10509079,-0.12139885,0.00513135,12.5009,1201.3494,12.9009,0.12860598,0.00602961,0.118116,0.07642004,0.08319876,-0.07477771,-0.08155642,0.08309515,0.09088380,-0.06798402,-0.07577268,812.0042,-0.7325,-24.0379,16.45758858,44.11536100,1201.3494
0.680000,4393517.268564,4259899.086184,1795688.547140,-5.252363,-5.086811,41.139532,0.99272332,0.02179354,0.11840013,-0.00262092,-0.11153732,-0.12088680,0.00495360,12.4972,1201.3947,13.3066,0.12726903,0.00584780,0.119959,0.07642004,0.08319876,-0.07477771,-0.08155642,0.08312145,0.09084925,-0.06854190,-0.07626970,821.7845,-0.7286,-24.5913,16.45759224,44.11536100,1201.3947
0.690000,4393517.215659,4259899.034947,1795688.961645,-5.328878,-5.160597,41.762926,0.99280691,0.02122481,0.11780273,-0.00254197,-0.11801976,-0.12016826,0.00474486,12.4935,1201.4407,13.7187,0.12594779,0.00566124,0.121802,0.08064269,0.08733553,-0.08407313,-0.09076597,0.08312901,0.09083383,-0.06874551,-0.07645032,811.7536,-0.7217,-25.1377,16.45759597,44.11536100,1201.4407
0.700000,4393517.161985,4259898.982970,1795689.382425,-5.405828,-5.234808,42.391668,0.99288989,0.02062871,0.11720949,-0.00246077,-0.12250367,-0.11921393,0.00452219,12.4899,1201.4875,14.1370,0.12464406,0.00547039,0.123645,0.08064269,0.08733553,-0.08407313,-0.09076597,0.08146122,0.08898245,-0.07094188,-0.07846312,821.4975,-0.7168,-25.6900,16.45759975,44.11536100,1201.4875
0.710000,4393517.107541,4259898.930250,1795689.809479,-5.483018,-5.309257,43.020516,0.99297187,0.02001538,0.11662157,-0.00237857,-0.12489918,-0.11801858,0.00428723,12.4862,1201.5351,14.5616,0.12334401,0.00527606,0.125504,0.08064269,0.08733553,-0.08407313,-0.09076597,0.07978260,0.08712465,-0.07310309,-0.08044515,811.4311,-0.7101,-26.2469,16.45760358,44.11536100,1201.5351
0.720000,4393517.052324,4259898.876784,1795690.242835,-5.560493,-5.383986,43.650773,0.99305254,0.01939260,0.11604011,-0.00229637,-0.12625140,-0.11659059,0.00403114,12.4825,1201.5834,14.9925,0.12206506,0.00508162,0.127364,0.07990556,0.08561452,-0.08508048,-0.09078944,0.07895763,0.08621209,-0.07416119,-0.08141565,821.2365,-0.6994,-26.8014,16.45760748,44.11536101,1201.5834
0.730000,4393516.996331,4259898.822570,1795690.682495,-5.638196,-5.458939,44.281112,0.99313169,0.01876399,0.11546627,-0.00221469,-0.12718519,-0.11493259,0.00374820,12.4788,1201.6325,15.4298,0.12080524,0.00488907,0.129228,0.07746448,0.08239894,-0.08294114,-0.08787560,0.07862271,0.08584168,-0.07459009,-0.08180906,821.0872,-0.6861,-27.3567,16.45761143,44.11536101,1201.6325
0.740000,4393516.939559,4259898.767605,1795691.128458,-5.716130,-5.534128,44.911533,0.99320917,0.01813200,0.11490090,-0.00213390,-0.12754619,-0.11315566,0.00345397,12.4751,1201.6823,15.8735,0.11956999,0.00469965,0.131092,0.07746448,0.08239894,-0.08294114,-0.08787560,0.07778327,0.08483978,-0.07472932,-0.08178584,820.9365,-0.6755,-27.8864,16.45761544,44.11536101,1201.6823
0.750000,4393516.882007,4259898.711886,1795691.580726,-5.794287,-5.609543,45.542033,0.99328489,0.01749925,0.11434459,-0.00205437,-0.12742243,-0.11126182,0.00314835,12.4714,1201.7328,16.3235,0.11836086,0.00451403,0.132957,0.07746448,0.08239894,-0.08294114,-0.08787560,0.07702038,0.08392214,-0.07476538,-0.08166714,820.7846,-0.6639,-28.4170,16.45761951,44.11536101,1201.7328
0.760000,4393516.823673,4259898.655413,1795692.039299,-5.872648,-5.685165,46.172614,0.99335874,0.01686751,0.11379807,-0.00197636,-0.12706891,-0.10919034,0.00282178,12.4677,1201.7842,16.7798,0.11717837,0.00433285,0.134822,0.07746448,0.08239894,-0.08294114,-0.08787560,0.07665214,0.08347856,-0.07477462,-0.08160104,820.6313,-0.6493,-28.9638,16.45762363,44.11536101,1201.7842
0.770000,4393516.764554,4259898.598182,1795692.504178,-5.951197,-5.760980,46.803276,0.99343061,0.01623755,0.11326231,-0.00190009,-0.12662853,-0.10690246,0.00246847,12.4640,1201.8362,17.2425,0.11602309,0.00415666,0.136687,0.07668670,0.08169255,-0.08149971,-0.08650556,0.07650375,0.08329971,-0.07477695,-0.08157290,820.4769,-0.6326,-29.5218,16.45762781,44.11536101,1201.8362
0.780000,4393516.704649,4259898.540193,1795692.975365,-6.029825,-5.836876,47.434026,0.99350016,0.01561276,0.11274015,-0.00182602,-0.12491318,-0.10369301,0.00209095,12.4603,1201.8890,17.7116,0.11489620,0.00398579,0.138553,0.07668670,0.08169255,-0.08149971,-0.08650556,0.07794953,0.08470369,-0.07808079,-0.08483494,820.3212,-0.6158,-30.2509,16.45763205,44.11536101,1201.8890
0.790000,4393516.643956,4259898.481444,1795693.452885,-6.108739,-5.913059,48.070162,0.99356679,0.01499953,0.11223626,-0.00175492,-0.12188895,-0.09951123,0.00169052,12.4566,1201.9425,18.1870,0.11379989,0.00382118,0.140419,0.07668670,0.08169255,-0.08149971,-0.08650556,0.07943923,0.08615874,-0.08140253,-0.08812205,820.1643,-0.5985,-30.9951,16.45763634,44.11536101,1201.9425
0.800000,4393516.582475,4259898.421933,1795693.936742,-6.187372,-5.988981,48.698512,0.99363001,0.01440280,0.11175468,-0.00168742,-0.11818775,-0.09468602,0.00126655,12.4529,1201.9968,18.6688,0.11273046,0.00366399,0.142301,0.07668670,0.08169255,-0.08149971,-0.08650556,0.08017416,0.08687725,-0.08303473,-0.08973782,820.0049,-0.5807,-31.6708,16.45764070,44.11536101,1201.9968
0.810000,4393516.520208,4259898.361664,1795694.426856,-6.266013,-6.064939,49.325575,0.99368957,0.01382617,0.11129799,-0.00162388,-0.11372102,-0.08945997,0.00087117,12.4492,1202.0518,19.1570,0.11172705,0.00351641,0.144160,0.07391769,0.07704192,-0.07638258,-0.07950681,0.08021105,0.08655794,-0.08405531,-0.09040220,799.9402,-0.5755,-32.2925,16.45764511,44.11536101,1202.0518
0.820000,4393516.457154,4259898.300634,1795694.923254,-6.344919,-6.141203,49.956683,0.99374536,0.01327330,0.11086722,-0.00156443,-0.10855239,-0.08422621,0.00054951,12.4454,1202.1076,19.6514,0.11077959,0.00337832,0.146016,0.07391769,0.07704192,-0.07638258,-0.07950681,0.07919109,0.08490876,-0.08390073,-0.08961840,809.8501,-0.5816,-32.8301,16.45764958,44.11536101,1202.1076
0.830000,4393516.393308,4259898.238838,1795695.426016,-6.424191,-6.217864,50.594513,0.99379742,0.01274700,0.11046234,-0.00150909,-0.10297548,-0.07901322,0.00027846,12.4417,1202.1640,20.1523,0.10987886,0.00324932,0.147883,0.07391769,0.07704192,-0.07638258,-0.07950681,0.07822839,0.08349570,-0.08339954,-0.08866685,829.4397,-0.5829,-33.3757,16.45765410,44.11536101,1202.1640
0.840000,4393516.328672,4259898.176278,1795695.935118,-6.503224,-6.294324,51.227134,0.99384579,0.01224880,0.11008359,-0.00145786,-0.09719571,-0.07367739,0.00002262,12.4380,1202.2213,20.6595,0.10901854,0.00312917,0.149770,0.07391769,0.07704192,-0.07638258,-0.07950681,0.07776048,0.08282137,-0.08312504,-0.08818594,819.4013,-0.5766,-33.9748,16.45765869,44.11536101,1202.2213
0.850000,4393516.263242,4259898.112949,1795696.450612,-6.582794,-6.371333,51.871772,0.99389043,0.01177949,0.10973181,-0.00141078,-0.09130769,-0.06812854,-0.00023674,12.4343,1202.2792,21.1731,0.10822339,0.00301863,0.151642,0.07290168,0.07648876,-0.07514462,-0.07873170,0.07757138,0.08255097,-0.08300889,-0.08798848,829.1510,-0.5667,-34.6046,16.45766333,44.11536101,1202.2792
0.860000,4393516.197017,4259898.048852,1795696.972527,-6.662053,-6.448063,52.511198,0.99393133,0.01133900,0.10940785,-0.00136790,-0.08555088,-0.06246306,-0.00051163,12.4305,1202.3379,21.6932,0.10745789,0.00291670,0.153548,0.07290168,0.07648876,-0.07514462,-0.07873170,0.07722504,0.08220035,-0.08245264,-0.08742794,828.9832,-0.5551,-35.2357,16.45766803,44.11536101,1202.3379
0.870000,4393516.129999,4259897.983987,1795697.500863,-6.741480,-6.524981,53.156018,0.99396849,0.01092661,0.10911228,-0.00132921,-0.07994899,-0.05667631,-0.00080499,12.4268,1202.3974,22.2198,0.10675899,0.00282435,0.155440,0.07290168,0.07648876,-0.07514462,-0.07873170,0.07692255,0.08191306,-0.08192186,-0.08691237,828.8157,-0.5441,-35.8805,16.45767279,44.11536101,1202.3974
0.880000,4393516.062189,4259897.918354,1795698.035621,-6.820505,-6.601534,53.795628,0.99400189,0.01054179,0.10884591,-0.00129474,-0.07440773,-0.05070135,-0.00111532,12.4231,1202.4577,22.7528,0.10610547,0.00274089,0.157347,0.07290168,0.07648876,-0.07514462,-0.07873170,0.07677765,0.08177722,-0.08166339,-0.08666295,828.6459,-0.5348,-36.5634,16.45767760,44.11536102,1202.4577
0.890000,4393515.993589,4259897.851955,1795698.576802,-6.899606,-6.678188,54.440640,0.99403149,0.01018437,0.10860974,-0.00126454,-0.06887028,-0.04450255,-0.00144101,12.4193,1202.5187,23.2923,0.10551879,0.00266677,0.159239,0.06729992,0.06969724,-0.06757859,-0.06997591,0.07671946,0.08172296,-0.08155885,-0.08656236,828.4766,-0.5273,-37.2697,16.45768248,44.11536102,1202.5187
0.900000,4393515.924199,4259897.784792,1795699.124408,-6.978286,-6.754499,55.080434,0.99405741,0.00985246,0.10840327,-0.00123819,-0.06409442,-0.03874380,-0.00165662,12.4156,1202.5804,23.8382,0.10497926,0.00260146,0.161147,0.06729992,0.06969724,-0.06757859,-0.06997591,0.07571400,0.08005036,-0.07970172,-0.08403808,828.3049,-0.5516,-37.8422,16.45768741,44.11536102,1202.5804
0.910000,4393515.854023,4259897.716866,1795699.678411,-7.056776,-6.830693,55.720347,0.99407997,0.00954230,0.10822420,-0.00121472,-0.06010193,-0.03346155,-0.00175598,12.4118,1202.6429,24.3906,0.10450758,0.00254404,0.163039,0.06729992,0.06969724,-0.06757859,-0.06997591,0.07471701,0.07838154,-0.07785959,-0.08152411,828.1338,-0.5788,-38.4239,16.45769240,44.11536102,1202.6429
0.920000,4393515.783063,4259897.648177,1795700.238841,-7.135266,-6.906939,56.365645,0.99409942,0.00925102,0.10807100,-0.00119342,-0.05649593,-0.02832676,-0.00180056,12.4081,1202.7062,24.9495,0.10408813,0.00249220,0.164931,0.06729992,0.06969724,-0.06757859,-0.06997591,0.07422826,0.07756258,-0.07695647,-0.08029079,828.0053,-0.5924,-39.1045,16.45769745,44.11536102,1202.7062
0.930000,4393515.711319,4259897.578728,1795700.805725,-7.213498,-6.982973,57.012372,0.99411581,0.00897729,0.10794340,-0.00117396,-0.05304198,-0.02314602,-0.00182685,12.4043,1202.7703,25.5148,0.10370632,0.00244444,0.166839,0.06522019,0.06741919,-0.06534597,-0.06754497,0.07403004,0.07723030,-0.07659019,-0.07979045,827.7877,-0.5981,-39.8561,16.45770256,44.11536102,1202.7703
0.940000,4393515.638794,4259897.508519,1795701.379089,-7.291450,-7.058761,57.660561,0.99412918,0.00872041,0.10784152,-0.00115631,-0.04971802,-0.01797281,-0.00188457,12.4005,1202.8351,26.0867,0.10336773,0.00240037,0.168751,0.06522019,0.06741919,-0.06534597,-0.06754497,0.07359552,0.07691055,-0.07601451,-0.07932954,837.5654,-0.5925,-40.6167,16.45770773,44.11536102,1202.8351
0.950000,4393515.565491,4259897.437554,1795701.958936,-7.369013,-7.134192,58.308856,0.99413954,0.00847982,0.10776536,-0.00114058,-0.04648706,-0.01278680,-0.00198144,12.3968,1202.9008,26.6650,0.10307206,0.00236007,0.170667,0.06522019,0.06741919,-0.06534597,-0.06754497,0.07320664,0.07666958,-0.07552441,-0.07898736,837.3889,-0.5858,-41.4054,16.45771296,44.11536102,1202.9008
0.960000,4393515.491415,4259897.365836,1795702.545267,-7.446138,-7.209221,58.957261,0.99414688,0.00825516,0.10771518,-0.00112691,-0.04329396,-0.00751658,-0.00210282,12.3930,1202.9672,27.2499,0.10282106,0.00232380,0.172583,0.06522019,0.06741919,-0.06534597,-0.06754497,0.07301947,0.07655775,-0.07529084,-0.07882912,837.2117,-0.5834,-42.2341,16.45771824,44.11536102,1202.9672
0.970000,4393515.416570,4259897.293371,1795703.138082,-7.522776,-7.283807,59.605778,0.99415118,0.00804631,0.10769147,-0.00111537,-0.04010987,-0.00212673,-0.00223918,12.3892,1203.0344,27.8413,0.10261430,0.00229174,0.174499,0.06067791,0.06234277,-0.06057512,-0.06223998,0.07294414,0.07651345,-0.07519723,-0.07876654,837.0337,-0.5842,-43.0951,16.45772359,44.11536102,1203.0344
0.980000,4393515.340959,4259897.220160,1795703.737409,-7.599306,-7.358350,60.259679,0.99415270,0.00785132,0.10769192,-0.00110561,-0.03770734,0.00220300,-0.00229157,12.3854,1203.1025,28.4393,0.10245206,0.00226398,0.176415,0.06067791,0.06234277,-0.06057512,-0.06223998,0.07092568,0.07408378,-0.07247407,-0.07563217,836.8550,-0.6098,-43.6985,16.45772899,44.11536102,1203.1025
0.990000,4393515.264588,4259897.146207,1795704.343223,-7.674889,-7.432028,60.903071,0.99415207,0.00766630,0.10771111,-0.00109682,-0.03610838,0.00541526,-0.00225429,12.3817,1203.1713,29.0437,0.10232389,0.00223925,0.178347,0.06067791,0.06234277,-0.06057512,-0.06223998,0.06891421,0.07165126,-0.06975837,-0.07249542,836.6274,-0.6378,-44.3186,16.45773445,44.11536102,1203.1713
1.000000,4393515.187462,4259897.071519,1795704.955497,-7.750237,-7.505527,61.551895,0.99414977,0.00748827,0.10774494,-0.00108838,-0.03491430,0.00809578,-0.00217385,12.3779,1203.2410,29.6547,0.10224514,0.00221643,0.180247,0.06067791,0.06234277,-0.06057512,-0.06223998,0.06792731,0.07045684,-0.06842578,-0.07095532,836.5431,-0.6549,-45.0921,16.45773997,44.11536102,1203.2410
1.010000,4393515.109585,4259896.996098,1795705.574261,-7.825011,-7.578502,62.200800,0.99414600,0.00731581,0.10779163,-0.00108000,-0.03388961,0.01059285,-0.00207821,12.3741,1203.3115,30.2722,0.10217864,0.00219382,0.182163,0.05909948,0.06067232,-0.05892961,-0.06050245,0.06752691,0.06997210,-0.06788511,-0.07033030,836.3152,-0.6653,-45.9711,16.45774555,44.11536103,1203.3115
1.020000,4393515.030963,4259896.919950,1795706.199514,-7.899224,-7.650969,62.849841,0.99414094,0.00714819,0.10784964,-0.00107152,-0.03299729,0.01265357,-0.00196283,12.3703,1203.3828,30.8962,0.10212847,0.00217113,0.184079,0.05909948,0.06067232,-0.05892961,-0.06050245,0.06663943,0.06898285,-0.06689130,-0.06923472,836.1340,-0.6768,-46.8060,16.45775119,44.11536103,1203.3828
1.030000,4393514.951602,4259896.843081,1795706.831258,-7.972855,-7.722902,63.498999,0.99413481,0.00698485,0.10791689,-0.00106283,-0.03219903,0.01431697,-0.00183231,12.3665,1203.4550,31.5267,0.10209201,0.00214805,0.185995,0.05909948,0.06067232,-0.05892961,-0.06050245,0.06584408,0.06810562,-0.06602303,-0.06828457,835.9523,-0.6869,-47.6658,16.45775689,44.11536103,1203.4550
1.040000,4393514.871508,4259896.765494,1795707.469494,-8.045859,-7.794253,64.148299,0.99412778,0.00682544,0.10799196,-0.00105384,-0.03144634,0.01580149,-0.00169753,12.3627,1203.5280,32.1638,0.10206490,0.00212433,0.187911,0.05909948,0.06067232,-0.05892961,-0.06050245,0.06546119,0.06768417,-0.06560709,-0.06783007,835.8192,-0.6940,-48.5917,16.45776265,44.11536103,1203.5280
1.050000,4393514.790687,4259896.687198,1795708.114224,-8.118206,-7.864989,64.797724,0.99411990,0.00666980,0.10807426,-0.00104453,-0.03071420,0.01723133,-0.00156472,12.3589,1203.6019,32.8073,0.10204349,0.00209985,0.189827,0.05676088,0.05803870,-0.05674424,-0.05802205,0.06530707,0.06751468,-0.06544002,-0.06764762,835.5872,-0.6993,-49.5596,16.45776846,44.11536103,1203.6019
1.060000,4393514.709145,4259896.608195,1795708.765476,-8.190336,-7.935557,65.453951,0.99411145,0.00651759,0.10816130,-0.00103479,-0.03010022,0.01771081,-0.00138684,12.3551,1203.6766,33.4574,0.10202628,0.00207463,0.191743,0.05676088,0.05803870,-0.05674424,-0.05802205,0.06363603,0.06564818,-0.06368304,-0.06569518,835.5043,-0.7155,-50.3251,16.45777433,44.11536103,1203.6766
1.070000,4393514.626882,4259896.528488,1795709.423303,-8.261968,-8.005677,66.111584,0.99410296,0.00636826,0.10824832,-0.00102434,-0.02960353,0.01722488,-0.00116381,12.3513,1203.7523,34.1140,0.10200059,0.00204805,0.193678,0.05676088,0.05803870,-0.05674424,-0.05802205,0.06199295,0.06381226,-0.06195665,-0.06377596,845.1714,-0.7313,-51.1031,16.45778027,44.11536103,1203.7523
1.080000,4393514.543907,4259896.448083,1795710.087708,-8.332975,-8.075214,66.769304,0.99409482,0.00622136,0.10833171,-0.00101302,-0.02916777,0.01625658,-0.00092206,12.3474,1203.8288,34.7772,0.10196545,0.00201976,0.195617,0.05676088,0.05803870,-0.05674424,-0.05802205,0.06118863,0.06291348,-0.06111164,-0.06283649,845.0123,-0.7401,-52.0037,16.45778626,44.11536103,1203.8288
1.090000,4393514.460225,4259896.366986,1795710.758690,-8.403324,-8.144126,67.427102,0.99408721,0.00607668,0.10840979,-0.00100075,-0.02876005,0.01509422,-0.00067762,12.3436,1203.9062,35.4470,0.10191448,0.00198951,0.197556,0.05462671,0.05569841,-0.05458358,-0.05565527,0.06086261,0.06254917,-0.06076915,-0.06245571,844.7364,-0.7440,-52.9743,16.45779231,44.11536103,1203.9062
1.100000,4393514.375843,4259896.285202,1795711.436250,-8.473051,-8.212448,68.084988,0.99408031,0.00593404,0.10848106,-0.00098751,-0.02840035,0.01352232,-0.00042883,12.3398,1203.9845,36.1234,0.10184384,0.00195725,0.199494,0.05462671,0.05569841,-0.05458358,-0.05565527,0.06018090,0.06182057,-0.06005750,-0.06169717,844.5099,-0.7474,-53.8924,16.45779843,44.11536103,1203.9845
1.110000,4393514.290766,4259896.202739,1795712.120390,-8.542227,-8.280244,68.744290,0.99407433,0.00579321,0.10854360,-0.00097326,-0.02808396,0.01158354,-0.00017908,12.3360,1204.0638,36.8064,0.10175146,0.00192294,0.201432,0.05462671,0.05569841,-0.05458358,-0.05565527,0.05957442,0.06117622,-0.05942490,-0.06102670,844.3340,-0.7490,-54.8223,16.45780460,44.11536103,1204.0638
1.120000,4393514.205000,4259896.119599,1795712.811136,-8.610770,-8.347431,69.403672,0.99406942,0.00565401,0.10859607,-0.00095801,-0.02779133,0.00947987,0.00006476,12.3321,1204.1440,37.4959,0.10163179,0.00188653,0.203374,0.05462671,0.05569841,-0.05458358,-0.05565527,0.05928286,0.06086681,-0.05912083,-0.06070478,853.9507,-0.7479,-55.7973,16.45781083,44.11536103,1204.1440
1.130000,4393514.118551,4259896.035791,1795713.508490,-8.678947,-8.414266,70.068511,0.99406563,0.00551636,0.10863796,-0.00094178,-0.02751145,0.00733162,0.00029834,12.3283,1204.2251,38.1921,0.10148403,0.00184809,0.205316,0.05307913,0.05407285,-0.05303196,-0.05402568,0.05916557,0.06074240,-0.05899853,-0.06057535,843.8715,-0.7446,-56.7932,16.45781712,44.11536103,1204.2251
1.140000,4393514.031423,4259895.951316,1795714.212507,-8.746568,-8.480568,70.733393,0.99406312,0.00538041,0.10866785,-0.00092459,-0.02715479,0.00465643,0.00055153,12.3244,1204.3072,38.8948,0.10129966,0.00180763,0.207274,0.05307913,0.05407285,-0.05303196,-0.05402568,0.05829125,0.05976062,-0.05817680,-0.05964617,853.5347,-0.7475,-57.6690,16.45782347,44.11536103,1204.3072
1.150000,4393513.943622,4259895.866181,1795714.923159,-8.813657,-8.546356,71.398377,0.99406218,0.00524656,0.10868314,-0.00090638,-0.02671750,0.00146456,0.00082361,12.3206,1204.3903,39.6042,0.10108549,0.00176521,0.209231,0.05307913,0.05407285,-0.05303196,-0.05402568,0.05744041,0.05880344,-0.05738007,-0.05874310,843.3978,-0.7489,-58.5367,16.45782988,44.11536103,1204.3903
1.160000,4393513.855152,4259895.780390,1795715.640474,-8.880265,-8.611673,72.064763,0.99406301,0.00511511,0.10868201,-0.00088715,-0.02624241,-0.00194808,0.00109676,12.3167,1204.4743,40.3203,0.10083676,0.00172078,0.211188,0.05307913,0.05407285,-0.05303196,-0.05402568,0.05702464,0.05833556,-0.05699098,-0.05830190,853.0562,-0.7448,-59.4599,16.45783635,44.11536103,1204.4743
1.170000,4393513.766019,4259895.693951,1795716.364427,-8.946069,-8.676191,72.725877,0.99406568,0.00498618,0.10866379,-0.00086694,-0.02575493,-0.00540127,0.00135995,12.3128,1204.5594,41.0430,0.10054778,0.00167435,0.213149,0.05244542,0.05349244,-0.05237800,-0.05342502,0.05685624,0.05814603,-0.05683343,-0.05812322,852.7582,-0.7368,-60.4093,16.45784288,44.11536103,1204.5594
1.180000,4393513.676230,4259895.606867,1795717.095019,-9.011692,-8.740529,73.392440,0.99407032,0.00485977,0.10862716,-0.00084575,-0.02528207,-0.00935242,0.00163202,12.3090,1204.6454,41.7723,0.10022660,0.00162623,0.215094,0.05244542,0.05349244,-0.05237800,-0.05342502,0.05603547,0.05724417,-0.05600728,-0.05721598,852.5711,-0.7319,-61.2241,16.45784947,44.11536103,1204.6454
1.190000,4393513.585787,4259895.519141,1795717.832276,-9.076897,-8.804445,74.059043,0.99407722,0.00473580,0.10856971,-0.00082355,-0.02482858,-0.01377139,0.00191068,12.3051,1204.7324,42.5083,0.09985774,0.00157615,0.217054,0.05244542,0.05349244,-0.05237800,-0.05342502,0.05525093,0.05638323,-0.05521469,-0.05634699,852.3248,-0.7251,-62.0285,16.45785612,44.11536103,1204.7324
1.200000,4393513.494694,4259895.430779,1795718.576200,-9.141684,-8.867934,74.725718,0.99408652,0.00461417,0.10848987,-0.00080033,-0.02438800,-0.01835021,0.00218157,12.3012,1204.8205,43.2509,0.09944441,0.00152420,0.219015,0.05244542,0.05349244,-0.05237800,-0.05342502,0.05486876,0.05596393,-0.05482835,-0.05592353,852.1334,-0.7135,-62.8798,16.45786283,44.11536103,1204.8205
1.210000,4393513.402955,4259895.341784,1795719.326791,-9.206068,-8.931003,75.392450,0.99409827,0.00449484,0.10838734,-0.00077614,-0.02395618,-0.02289755,0.00243578,12.2974,1204.9095,44.0001,0.09898339,0.00147045,0.220975,0.05152149,0.05235332,-0.05141068,-0.05224252,0.05471417,0.05579434,-0.05467203,-0.05575221,851.8837,-0.6983,-63.7463,16.45786960,44.11536103,1204.9095
1.220000,4393513.310573,4259895.252160,1795720.084049,-9.270137,-8.993737,76.059230,0.99411253,0.00437775,0.10826147,-0.00075106,-0.02353385,-0.02773057,0.00267857,12.2935,1204.9996,44.7560,0.09847437,0.00141506,0.222935,0.05152149,0.05235332,-0.05141068,-0.05224252,0.05410700,0.05515392,-0.05406278,-0.05510970,851.5743,-0.6829,-64.5050,16.45787643,44.11536103,1204.9996
1.230000,4393513.217553,4259895.161910,1795720.847976,-9.333932,-9.056170,76.726064,0.99412943,0.00426284,0.10811096,-0.00072513,-0.02312036,-0.03280755,0.00290758,12.2896,1205.0907,45.5186,0.09791771,0.00135819,0.224896,0.05152149,0.05235332,-0.05141068,-0.05224252,0.05353390,0.05455100,-0.05348801,-0.05450511,851.3204,-0.6654,-65.2395,16.45788332,44.11536103,1205.0907
1.240000,4393513.123895,4259895.071037,1795721.618571,-9.397469,-9.118314,77.392994,0.99414902,0.00415008,0.10793520,-0.00069845,-0.02271415,-0.03787973,0.00311599,12.2857,1205.1828,46.2878,0.09731144,0.00129999,0.226856,0.05152149,0.05235332,-0.05141068,-0.05224252,0.05325535,0.05425809,-0.05320867,-0.05421141,851.0645,-0.6450,-65.9963,16.45789028,44.11536103,1205.1828
1.250000,4393513.029604,4259894.979545,1795722.395836,-9.460844,-9.180258,78.061326,0.99417126,0.00403940,0.10773460,-0.00067112,-0.02231437,-0.04278909,0.00329944,12.2818,1205.2760,47.0636,0.09665453,0.00124067,0.228816,0.05102558,0.05181255,-0.05092622,-0.05171318,0.05314277,0.05413975,-0.05309578,-0.05409275,850.8660,-0.6221,-66.7509,16.45789729,44.11536103,1205.2760
1.260000,4393512.934678,4259894.887432,1795723.179824,-9.524320,-9.242255,78.735024,0.99419605,0.00393073,0.10750978,-0.00064327,-0.02193455,-0.04761978,0.00344810,12.2779,1205.3702,47.8461,0.09594669,0.00118047,0.230781,0.05102558,0.05181255,-0.05092622,-0.05171318,0.05287594,0.05388972,-0.05282163,-0.05383541,860.4997,-0.5956,-67.4453,16.45790436,44.11536103,1205.3702
1.270000,4393512.839119,4259894.794701,1795723.970509,-9.587327,-9.303741,79.402071,0.99422333,0.00382396,0.10726122,-0.00061506,-0.02157481,-0.05232532,0.00356019,12.2741,1205.4655,48.6353,0.09518540,0.00111965,0.232760,0.05102558,0.05181255,-0.05092622,-0.05171318,0.05263487,0.05366695,-0.05257329,-0.05360537,850.2825,-0.5676,-68.1149,16.45791149,44.11536103,1205.4655
1.280000,4393512.742930,4259894.701356,1795724.767893,-9.650587,-9.365424,80.075905,0.99425298,0.00371897,0.10698988,-0.00058665,-0.02122796,-0.05677855,0.00363836,12.2702,1205.5618,49.4312,0.09438683,0.00105875,0.234721,0.05102558,0.05181255,-0.05092622,-0.05171318,0.05251864,0.05355982,-0.05245349,-0.05349467,850.0797,-0.5391,-68.7662,16.45791868,44.11536103,1205.5618
1.290000,4393512.646108,4259894.607393,1795725.572028,-9.713855,-9.427062,80.751122,0.99428483,0.00361572,0.10669722,-0.00055820,-0.02088977,-0.06089090,0.00368403,12.2662,1205.6591,50.2337,0.09353741,0.00099792,0.236701,0.05015216,0.05083685,-0.05005392,-0.05073862,0.05247183,0.05351673,-0.05240523,-0.05345013,859.7042,-0.5102,-69.4025,16.45792593,44.11536103,1205.6591
1.300000,4393512.548653,4259894.512815,1795726.382915,-9.777067,-9.488601,81.425037,0.99431874,0.00351406,0.10638429,-0.00052977,-0.02059019,-0.06492498,0.00372925,12.2623,1205.7576,51.0430,0.09264705,0.00093756,0.238685,0.05015216,0.05083685,-0.05005392,-0.05073862,0.05212621,0.05309602,-0.05204365,-0.05301347,859.4337,-0.4882,-69.9361,16.45793325,44.11536102,1205.7576
1.310000,4393512.450568,4259894.417623,1795727.200502,-9.840053,-9.549873,82.093624,0.99435465,0.00341380,0.10605154,-0.00050133,-0.02032901,-0.06885388,0.00377487,12.2584,1205.8571,51.8590,0.09172219,0.00087776,0.240665,0.05015216,0.05083685,-0.05005392,-0.05073862,0.05178999,0.05268340,-0.05169174,-0.05258515,849.2709,-0.4657,-70.4347,16.45794062,44.11536102,1205.8571
1.320000,4393512.351850,4259894.321816,1795728.024815,-9.903473,-9.611517,82.768949,0.99439243,0.00331480,0.10569998,-0.00047290,-0.02008949,-0.07248311,0.00380461,12.2545,1205.9576,52.6816,0.09076871,0.00081852,0.242630,0.05015216,0.05083685,-0.05005392,-0.05073862,0.05162570,0.05248149,-0.05151978,-0.05237557,858.8904,-0.4386,-70.9330,16.45794805,44.11536102,1205.9576
1.330000,4393512.252498,4259894.225392,1795728.855881,-9.966993,-9.673204,83.444307,0.99443187,0.00321697,0.10533140,-0.00044457,-0.01986189,-0.07568630,0.00380876,12.2506,1206.0592,53.5110,0.08977547,0.00075980,0.244614,0.04983738,0.05025513,-0.04969401,-0.05011175,0.05155916,0.05239967,-0.05145012,-0.05229063,858.6142,-0.4086,-71.4268,16.45795555,44.11536102,1206.0592
1.340000,4393512.152510,4259894.128351,1795729.693701,-10.030666,-9.734985,84.119691,0.99447276,0.00312025,0.10494769,-0.00041644,-0.01963302,-0.07855824,0.00379001,12.2467,1206.1619,54.3471,0.08875376,0.00070189,0.246599,0.04983738,0.05025513,-0.04969401,-0.05011175,0.05135830,0.05217719,-0.05125217,-0.05207106,858.3361,-0.3786,-71.8586,16.45796310,44.11536102,1206.1619
1.350000,4393512.051882,4259894.030691,1795730.538302,-10.094818,-9.797178,84.800468,0.99451489,0.00302466,0.10455059,-0.00038862,-0.01940110,-0.08105954,0.00374686,12.2428,1206.2656,55.1899,0.08770809,0.00064501,0.248584,0.04983738,0.05025513,-0.04969401,-0.05011175,0.05117243,0.05197330,-0.05106998,-0.05187085,858.0562,-0.3479,-72.2623,16.45797072,44.11536102,1206.2656
1.360000,4393511.950614,4259893.932409,1795731.389683,-10.158946,-9.859292,85.477249,0.99455803,0.00293019,0.10414223,-0.00036125,-0.01917014,-0.08307580,0.00367522,12.2389,1206.3704,56.0394,0.08663684,0.00058935,0.250585,0.04983738,0.05025513,-0.04969401,-0.05011175,0.05108242,0.05187473,-0.05098184,-0.05177415,857.7721,-0.3159,-72.6634,16.45797840,44.11536102,1206.3704
1.370000,4393511.848701,4259893.833503,1795732.247873,-10.223592,-9.921855,86.159420,0.99460189,0.00283681,0.10372521,-0.00033446,-0.01894265,-0.08453132,0.00357304,12.2349,1206.4763,56.8957,0.08555399,0.00053523,0.252574,0.04755853,0.04785746,-0.04747000,-0.04776892,0.05104610,0.05183499,-0.05094629,-0.05173518,867.4409,-0.2833,-73.0457,16.45798613,44.11536102,1206.4763
1.380000,4393511.746143,4259893.733972,1795733.112845,-10.288133,-9.984264,86.834891,0.99464624,0.00274449,0.10330164,-0.00030834,-0.01871877,-0.08570232,0.00345692,12.2310,1206.5832,57.7588,0.08445551,0.00048287,0.254579,0.04755853,0.04785746,-0.04747000,-0.04776892,0.05072229,0.05147357,-0.05062317,-0.05137446,857.1994,-0.2547,-73.3388,16.45799393,44.11536102,1206.5832
1.390000,4393511.642936,4259893.633815,1795733.984598,-10.353357,-10.047290,87.517133,0.99469092,0.00265320,0.10287297,-0.00028296,-0.01849893,-0.08657161,0.00332750,12.2271,1206.6912,58.6287,0.08335829,0.00043250,0.256564,0.04755853,0.04785746,-0.04747000,-0.04776892,0.05040547,0.05111977,-0.05030686,-0.05102116,856.9779,-0.2265,-73.6043,16.45800179,44.11536102,1206.6912
1.400000,4393511.539075,4259893.533026,1795734.863188,-10.418943,-10.110619,88.200720,0.99473573,0.00256293,0.10244115,-0.00025840,-0.01828374,-0.08695686,0.00317662,12.2231,1206.8003,59.5053,0.08225242,0.00038414,0.258570,0.04759428,0.04788126,-0.04746525,-0.04775223,0.05025051,0.05094670,-0.05015213,-0.05084832,866.5728,-0.1967,-73.8960,16.45800971,44.11536102,1206.8003
1.410000,4393511.434556,4259893.431602,1795735.748613,-10.484812,-10.174174,88.884316,0.99478039,0.00247363,0.10200887,-0.00023476,-0.01807353,-0.08674872,0.00299998,12.2192,1206.9104,60.3887,0.08114678,0.00033800,0.260580,0.04511692,0.04528138,-0.04497472,-0.04513917,0.05018772,0.05087657,-0.05008944,-0.05077829,866.2113,-0.1662,-74.1948,16.45801770,44.11536102,1206.9104
1.420000,4393511.329377,4259893.329541,1795736.640874,-10.550980,-10.237987,89.567928,0.99482462,0.00238518,0.10157878,-0.00021204,-0.01790825,-0.08606709,0.00284403,12.2152,1207.0216,61.2790,0.08004779,0.00029428,0.262590,0.04511692,0.04528138,-0.04497472,-0.04513917,0.05005260,0.05064387,-0.04993831,-0.05052958,865.9817,-0.1476,-74.4492,16.45802574,44.11536102,1207.0216
1.430000,4393511.223534,4259893.226840,1795737.539998,-10.617850,-10.302449,90.258265,0.99486818,0.00229736,0.10115329,-0.00019011,-0.01778836,-0.08489183,0.00271014,12.2113,1207.1338,62.1760,0.07896098,0.00025285,0.264600,0.04511692,0.04528138,-0.04497472,-0.04513917,0.04993195,0.05042687,-0.04980153,-0.05029646,865.6834,-0.1298,-74.6975,16.45803385,44.11536102,1207.1338
1.440000,4393511.117021,4259893.123493,1795738.446012,-10.684672,-10.366831,90.943238,0.99491081,0.00221002,0.10073510,-0.00016888,-0.01769306,-0.08312432,0.00257467,12.2073,1207.2471,63.0799,0.07788521,0.00021342,0.266630,0.04511692,0.04528138,-0.04497472,-0.04513917,0.04987391,0.05032163,-0.04973557,-0.05018329,875.2651,-0.1069,-74.9692,16.45804202,44.11536102,1207.2471
1.450000,4393511.009838,4259893.019501,1795739.358890,-10.752094,-10.431756,91.633642,0.99495221,0.00212304,0.10032729,-0.00014838,-0.01761018,-0.08071235,0.00242419,12.2033,1207.3615,63.9907,0.07683592,0.00017591,0.268645,0.04265710,0.04272925,-0.04250643,-0.04257859,0.04985055,0.05027914,-0.04970899,-0.05013758,865.1465,-0.0812,-75.2476,16.45805025,44.11536102,1207.3615
1.460000,4393510.901978,4259892.914857,1795740.278685,-10.819967,-10.497087,92.325380,0.99499229,0.00203652,0.09993089,-0.00012866,-0.01748309,-0.07853400,0.00227590,12.1993,1207.4769,64.9083,0.07580978,0.00014036,0.270675,0.04265710,0.04272925,-0.04250643,-0.04257859,0.04903211,0.04941138,-0.04890885,-0.04928812,874.7240,-0.0603,-75.3271,16.45805854,44.11536102,1207.4769
1.470000,4393510.793437,4259892.809558,1795741.205398,-10.888106,-10.562650,93.015751,0.99503118,0.00195067,0.09954467,-0.00010972,-0.01730923,-0.07661148,0.00212888,12.1953,1207.5934,65.8328,0.07481377,0.00010680,0.272710,0.04265710,0.04272925,-0.04250643,-0.04257859,0.04821476,0.04854909,-0.04811068,-0.04844501,874.4149,-0.0397,-75.4122,16.45806689,44.11536101,1207.5934
1.480000,4393510.684216,4259892.703604,1795742.138973,-10.956097,-10.628040,93.699389,0.99506890,0.00186566,0.09916850,-0.00009161,-0.01711468,-0.07449475,0.00197176,12.1914,1207.7109,66.7642,0.07384725,0.00007522,0.274741,0.04265710,0.04272925,-0.04250643,-0.04257859,0.04781360,0.04812621,-0.04771901,-0.04803162,864.1514,-0.0170,-75.6116,16.45807531,44.11536101,1207.7109
1.490000,4393510.574313,4259892.596995,1795743.079412,-11.024737,-10.694030,94.389715,0.99510532,0.00178145,0.09880399,-0.00007439,-0.01695440,-0.07191691,0.00180097,12.1874,1207.8294,67.7025,0.07291276,0.00004568,0.276752,0.04039236,0.04035342,-0.04025463,-0.04021569,0.04766352,0.04796314,-0.04755840,-0.04785802,863.9129,0.0058,-75.8752,16.45808379,44.11536101,1207.8294
1.500000,4393510.463722,4259892.489724,1795744.026741,-11.093448,-10.760070,95.076022,0.99514044,0.00169782,0.09845111,-0.00005804,-0.01684848,-0.06982012,0.00163936,12.1834,1207.9490,68.6476,0.07200221,0.00001826,0.278784,0.04039236,0.04035342,-0.04025463,-0.04021569,0.04673559,0.04698417,-0.04661275,-0.04686133,873.4102,0.0222,-75.9315,16.45809233,44.11536101,1207.9490
1.510000,4393510.352441,4259892.381790,1795744.980959,-11.162819,-10.826731,95.767703,0.99517452,0.00161456,0.09810747,-0.00004249,-0.01677886,-0.06819706,0.00148617,12.1794,1208.0697,69.5996,0.07112519,-0.00000712,0.280803,0.04039236,0.04035342,-0.04025463,-0.04021569,0.04583539,0.04603696,-0.04570125,-0.04590281,873.1675,0.0379,-75.9987,16.45810093,44.11536101,1208.0697
1.520000,4393510.240465,4259892.273189,1795745.942095,-11.232411,-10.893588,96.459375,0.99520765,0.00153152,0.09777208,-0.00002774,-0.01672756,-0.06650065,0.00132872,12.1754,1208.1913,70.5584,0.07026951,-0.00003061,0.282839,0.04039236,0.04035342,-0.04025463,-0.04021569,0.04539574,0.04557456,-0.04525657,-0.04543538,872.8494,0.0557,-76.2085,16.45810959,44.11536101,1208.1913
1.530000,4393510.127792,4259892.163918,1795746.910147,-11.302168,-10.960585,97.151041,0.99523974,0.00144863,0.09744615,-0.00001381,-0.01668584,-0.06438873,0.00116028,12.1714,1208.3140,71.5242,0.06943576,-0.00005225,0.284875,0.03933826,0.03928471,-0.03920411,-0.03915057,0.04521771,0.04538735,-0.04507658,-0.04524622,872.5303,0.0744,-76.4988,16.45811832,44.11536101,1208.3140
1.540000,4393510.014418,4259892.053974,1795747.885142,-11.372561,-11.028188,97.848073,0.99527083,0.00136583,0.09712935,-0.00000070,-0.01665892,-0.06282527,0.00099841,12.1674,1208.4378,72.4969,0.06862549,-0.00007198,0.286910,0.03933826,0.03928471,-0.03920411,-0.03915057,0.04427765,0.04441110,-0.04413281,-0.04426626,872.2102,0.0879,-76.5667,16.45812711,44.11536101,1208.4378
1.550000,4393509.900341,4259891.943355,1795748.867081,-11.442951,-11.095781,98.541081,0.99530118,0.00128305,0.09681902,0.00001162,-0.01664544,-0.06179112,0.00084335,12.1634,1208.5626,73.4765,0.06783589,-0.00008986,0.288962,0.03933826,0.03928471,-0.03920411,-0.03915057,0.04337550,0.04347478,-0.04322739,-0.04332667,871.8859,0.1004,-76.6539,16.45813596,44.11536101,1208.5626
1.560000,4393509.785557,4259891.832056,1795749.855991,-11.513876,-11.163881,99.239425,0.99533091,0.00120025,0.09651394,0.00002316,-0.01664021,-0.06070946,0.00068568,12.1594,1208.6884,74.4630,0.06706778,-0.00010598,0.291002,0.03933826,0.03928471,-0.03920411,-0.03915057,0.04293573,0.04301839,-0.04278605,-0.04286871,881.4408,0.1142,-76.8780,16.45814488,44.11536101,1208.6884
1.570000,4393509.670065,4259891.720079,1795750.851843,-11.584561,-11.231745,99.932421,0.99535993,0.00111737,0.09621518,0.00003390,-0.01664029,-0.05924841,0.00052054,12.1553,1208.8152,75.4565,0.06631103,-0.00012038,0.293058,0.03653932,0.03635155,-0.03641657,-0.03622879,0.04275778,0.04283374,-0.04260747,-0.04268343,871.2333,0.1282,-77.1865,16.45815386,44.11536101,1208.8152
1.580000,4393509.553863,4259891.607418,1795751.854666,-11.655851,-11.300195,100.630783,0.99538828,0.00103445,0.09592232,0.00004387,-0.01663004,-0.05833968,0.00037177,12.1513,1208.9431,76.4569,0.06557414,-0.00013303,0.295098,0.03653932,0.03635155,-0.03641657,-0.03622879,0.04188711,0.04192110,-0.04174117,-0.04177516,880.8587,0.1354,-77.2708,16.45816290,44.11536101,1208.9431
1.590000,4393509.436947,4259891.494074,1795752.864459,-11.727365,-11.368869,101.329066,0.99541624,0.00095154,0.09563266,0.00005314,-0.01660885,-0.05795568,0.00024006,12.1473,1209.0720,77.4643,0.06485075,-0.00014404,0.297155,0.03653932,0.03635155,-0.03641657,-0.03622879,0.04105470,0.04104812,-0.04091330,-0.04090671,870.5737,0.1415,-77.3701,16.45817200,44.11536101,1209.0720
1.600000,4393509.319317,4259891.380042,1795753.881220,-11.798751,-11.437424,102.023335,0.99544391,0.00086868,0.09534502,0.00006175,-0.01658410,-0.05752805,0.00011325,12.1433,1209.2019,78.4787,0.06413886,-0.00015358,0.299211,0.03655175,0.03643714,-0.03639014,-0.03627552,0.04064919,0.04062280,-0.04051003,-0.04048364,880.1171,0.1496,-77.6017,16.45818117,44.11536101,1209.2019
1.610000,4393509.200970,4259891.265323,1795754.904952,-11.870608,-11.506437,102.722957,0.99547119,0.00078589,0.09506042,0.00006972,-0.01656015,-0.05672556,-0.00001527,12.1392,1209.3328,79.5000,0.06343729,-0.00016177,0.301255,0.03480516,0.03455975,-0.03468965,-0.03444424,0.04048516,0.04045075,-0.04034691,-0.04031250,879.8596,0.1584,-77.9071,16.45819039,44.11536101,1209.3328
1.620000,4393509.081904,4259891.149913,1795755.935680,-11.942613,-11.575602,103.422599,0.99549801,0.00070315,0.09477982,0.00007704,-0.01653467,-0.05592371,-0.00014422,12.1352,1209.4648,80.5283,0.06274160,-0.00016861,0.303315,0.03480516,0.03455975,-0.03468965,-0.03444424,0.04004986,0.04000730,-0.03991323,-0.03987066,879.5219,0.1660,-78.1267,16.45819969,44.11536101,1209.4648
1.630000,4393508.962117,4259891.033810,1795756.973404,-12.014755,-11.644908,104.122220,0.99552435,0.00062048,0.09450330,0.00008370,-0.01650830,-0.05507928,-0.00027373,12.1311,1209.5978,81.5636,0.06205758,-0.00017412,0.305376,0.03480516,0.03455975,-0.03468965,-0.03444424,0.03965187,0.03960305,-0.03951664,-0.03946781,879.1824,0.1727,-78.3551,16.45820904,44.11536101,1209.5978
1.640000,4393508.841608,4259890.917014,1795758.018124,-12.086986,-11.714313,104.821822,0.99555014,0.00053788,0.09423179,0.00008971,-0.01648348,-0.05390717,-0.00040491,12.1271,1209.7318,82.6058,0.06138526,-0.00017830,0.307436,0.03480516,0.03455975,-0.03468965,-0.03444424,0.03945955,0.03940781,-0.03932498,-0.03927324,878.8412,0.1787,-78.6501,16.45821846,44.11536101,1209.7318
1.650000,4393508.720377,4259890.799524,1795759.069840,-12.159278,-11.783791,105.521451,0.99557517,0.00045533,0.09396733,0.00009505,-0.01646153,-0.05224689,-0.00053778,12.1230,1209.8669,83.6551,0.06072585,-0.00018117,0.309496,0.03306837,0.03301967,-0.03297814,-0.03292945,0.03938202,0.03932912,-0.03924772,-0.03919482,878.4983,0.1837,-78.9842,16.45822794,44.11536101,1209.8669
1.660000,4393508.598422,4259890.681337,1795760.128553,-12.231807,-11.853524,106.220993,0.99559957,0.00037286,0.09370880,0.00009980,-0.01642884,-0.05152325,-0.00063754,12.1190,1210.0029,84.7114,0.06008294,-0.00018273,0.311557,0.03306837,0.03301967,-0.03297814,-0.03292945,0.03835874,0.03825771,-0.03822858,-0.03812756,878.1537,0.1793,-78.9862,16.45823749,44.11536101,1210.0029
1.670000,4393508.475740,4259890.562452,1795761.194260,-12.304671,-11.923610,106.921886,0.99562378,0.00029054,0.09345151,0.00010413,-0.01638552,-0.05174749,-0.00070283,12.1149,1210.1400,85.7746,0.05945675,-0.00018321,0.313617,0.03306837,0.03301967,-0.03297814,-0.03292945,0.03734852,0.03719938,-0.03722248,-0.03707334,877.8074,0.1736,-78.9922,16.45824709,44.11536101,1210.1400
1.680000,4393508.352328,4259890.442864,1795762.266990,-12.377666,-11.993849,107.622712,0.99564807,0.00020841,0.09319266,0.00010815,-0.01633908,-0.05214678,-0.00075052,12.1109,1210.2781,86.8448,0.05883692,-0.00018295,0.315682,0.03306837,0.03301967,-0.03297814,-0.03292945,0.03685366,0.03668090,-0.03672962,-0.03655686,887.3321,0.1714,-79.1767,16.45825677,44.11536102,1210.2781
1.690000,4393508.228184,4259890.322573,1795763.346742,-12.451138,-12.064565,108.328920,0.99567239,0.00012637,0.09293254,0.00011190,-0.01634413,-0.05224875,-0.00080976,12.1068,1210.4172,87.9221,0.05821721,-0.00018218,0.317746,0.03231111,0.03223903,-0.03219343,-0.03212136,0.03665743,0.03650109,-0.03652041,-0.03636406,877.1887,0.1756,-79.4582,16.45826650,44.11536102,1210.4172
1.700000,4393508.103306,4259890.201574,1795764.433541,-12.524410,-12.135116,109.029664,0.99569680,0.00004430,0.09267072,0.00011540,-0.01634215,-0.05283164,-0.00084975,12.1028,1210.5574,89.0064,0.05759460,-0.00018091,0.319827,0.03231111,0.03223903,-0.03219343,-0.03212136,0.03596685,0.03578662,-0.03583262,-0.03565239,886.6262,0.1721,-79.5441,16.45827630,44.11536102,1210.5574
1.710000,4393507.977695,4259890.079869,1795765.527335,-12.597888,-12.205898,109.730419,0.99572151,-0.00003770,0.09240491,0.00011876,-0.01630705,-0.05384242,-0.00086126,12.0987,1210.6985,90.0977,0.05697535,-0.00017924,0.321891,0.03231111,0.03223903,-0.03219343,-0.03212136,0.03531877,0.03510340,-0.03519431,-0.03497893,876.4002,0.1659,-79.6233,16.45828616,44.11536102,1210.6985
1.720000,4393507.851346,4259889.957453,1795766.628177,-12.672010,-12.277329,110.437912,0.99574657,-0.00011948,0.09213435,0.00012209,-0.01625562,-0.05473842,-0.00085691,12.0946,1210.8407,91.1960,0.05635205,-0.00017743,0.323956,0.03231111,0.03223903,-0.03219343,-0.03212136,0.03500411,0.03477056,-0.03488500,-0.03465146,885.9980,0.1625,-79.8087,16.45829608,44.11536102,1210.8407
1.730000,4393507.724256,4259889.834324,1795767.736066,-12.745850,-12.348515,111.139946,0.99577187,-0.00020098,0.09186039,0.00012543,-0.01619976,-0.05520184,-0.00084484,12.0906,1210.9838,92.3014,0.05571890,-0.00017563,0.326040,0.03154626,0.03139989,-0.03143657,-0.03129019,0.03487700,0.03463592,-0.03476016,-0.03451909,885.6377,0.1611,-80.0499,16.45830607,44.11536102,1210.9838
1.740000,4393507.596427,4259889.710482,1795768.850975,-12.819946,-12.419956,111.841927,0.99579738,-0.00028213,0.09158322,0.00012867,-0.01610994,-0.05602163,-0.00088462,12.0865,1211.1280,93.4138,0.05508446,-0.00017397,0.328109,0.03154626,0.03139989,-0.03143657,-0.03129019,0.03421280,0.03403880,-0.03410581,-0.03393182,885.1958,0.1741,-80.0765,16.45831613,44.11536102,1211.1280
1.750000,4393507.467854,4259889.585922,1795769.972931,-12.894715,-12.492056,112.549278,0.99582325,-0.00036279,0.09130118,0.00013153,-0.01598829,-0.05715369,-0.00097853,12.0824,1211.2732,94.5332,0.05444787,-0.00017210,0.330178,0.03154626,0.03139989,-0.03143657,-0.03129019,0.03357568,0.03347097,-0.03347803,-0.03337333,884.9175,0.1874,-80.0928,16.45832624,44.11536102,1211.2732
1.760000,4393507.338532,4259889.460640,1795771.101961,-12.969696,-12.564381,113.256590,0.99584951,-0.00044285,0.09101397,0.00013380,-0.01585408,-0.05808879,-0.00109772,12.0783,1211.4194,95.6597,0.05380324,-0.00016945,0.332262,0.03154626,0.03139989,-0.03143657,-0.03129019,0.03326512,0.03319462,-0.03317202,-0.03310152,884.5522,0.1930,-80.2087,16.45833642,44.11536102,1211.4194
1.770000,4393507.208460,4259889.334634,1795772.238063,-13.044863,-12.636912,113.963856,0.99587599,-0.00052230,0.09072333,0.00013540,-0.01571827,-0.05852687,-0.00122440,12.0742,1211.5666,96.7933,0.05315195,-0.00016571,0.334347,0.02910483,0.02896527,-0.02899639,-0.02885683,0.03313947,0.03308287,-0.03304820,-0.03299161,884.2694,0.1933,-80.3676,16.45834666,44.11536102,1211.5666
1.780000,4393507.077632,4259889.207899,1795773.381266,-13.120598,-12.710025,114.675326,0.99590254,-0.00060124,0.09043091,0.00013634,-0.01562555,-0.05880215,-0.00134295,12.0701,1211.7148,97.9339,0.05249714,-0.00016073,0.336431,0.02910483,0.02896527,-0.02899639,-0.02885683,0.03282386,0.03276411,-0.03272352,-0.03266377,883.8168,0.1885,-80.4230,16.45835697,44.11536102,1211.7148
1.790000,4393506.946047,4259889.080432,1795774.531569,-13.196783,-12.783611,115.389367,0.99592908,-0.00067987,0.09013762,0.00013669,-0.01557763,-0.05886711,-0.00144910,12.0660,1211.8640,99.0817,0.05184084,-0.00015458,0.338528,0.02910483,0.02896527,-0.02899639,-0.02885683,0.03253692,0.03247064,-0.03242701,-0.03236073,873.7464,0.1814,-80.4750,16.45836734,44.11536102,1211.8640
1.800000,4393506.813696,4259888.952226,1795775.689052,-13.273277,-12.857534,116.104587,0.99595544,-0.00075837,0.08984519,0.00013652,-0.01555384,-0.05845254,-0.00154417,12.0619,1212.0142,100.2365,0.05118575,-0.00014740,0.340633,0.02910483,0.02896527,-0.02899639,-0.02885683,0.03239841,0.03232864,-0.03228376,-0.03221400,902.8896,0.1734,-80.5767,16.45837778,44.11536102,1212.0142
1.810000,4393506.680581,4259888.823281,1795776.853660,-13.349864,-12.931589,116.818398,0.99598139,-0.00083683,0.08955638,0.00013589,-0.01554199,-0.05741110,-0.00162875,12.0578,1212.1654,101.3986,0.05053547,-0.00013934,0.342742,0.02678317,0.02677363,-0.02670844,-0.02669890,0.03234260,0.03227137,-0.03222602,-0.03215479,882.6912,0.1644,-80.7043,16.45838828,44.11536102,1212.1654
1.820000,4393506.546697,4259888.693593,1795778.025420,-13.426809,-13.006038,117.533545,0.99600675,-0.00091524,0.08927321,0.00013492,-0.01552447,-0.05618796,-0.00167918,12.0537,1212.3176,102.5677,0.04989643,-0.00013053,0.344846,0.02678317,0.02677363,-0.02670844,-0.02669890,0.03205019,0.03195200,-0.03193573,-0.03183754,892.2657,0.1488,-80.7229,16.45839884,44.11536102,1212.3176
1.830000,4393506.412044,4259888.563159,1795779.204331,-13.503989,-13.080766,118.248628,0.99603143,-0.00099356,0.08899659,0.00013376,-0.01549920,-0.05477657,-0.00169469,12.0495,1212.4709,103.7441,0.04927208,-0.00012123,0.346955,0.02678317,0.02677363,-0.02670844,-0.02669890,0.03176965,0.03164472,-0.03165779,-0.03153286,891.7978,0.1323,-80.7501,16.45840947,44.11536103,1212.4709
1.840000,4393506.276617,4259888.431977,1795780.390393,-13.581356,-13.155722,118.963662,0.99605530,-0.00107175,0.08872810,0.00013256,-0.01547186,-0.05291968,-0.00168708,12.0454,1212.6251,104.9276,0.04866467,-0.00011180,0.349063,0.02678317,0.02677363,-0.02670844,-0.02669890,0.03163290,0.03149486,-0.03152235,-0.03138431,891.5022,0.1181,-80.8476,16.45842017,44.11536103,1212.6251
1.850000,4393506.140416,4259888.300044,1795781.583604,-13.658870,-13.230866,119.678639,0.99607814,-0.00114981,0.08847032,0.00013142,-0.01544591,-0.05047763,-0.00166336,12.0413,1212.7803,106.1182,0.04807670,-0.00010251,0.351172,0.02534927,0.02548287,-0.02523429,-0.02536789,0.03157757,0.03143421,-0.03146756,-0.03132421,891.1180,0.1056,-80.9928,16.45843093,44.11536103,1212.7803
1.860000,4393506.003438,4259888.167358,1795782.783965,-13.736727,-13.306385,120.393527,0.99610005,-0.00122772,0.08822222,0.00013041,-0.01542079,-0.04903367,-0.00162918,12.0372,1212.9365,107.3160,0.04751283,-0.00009354,0.353280,0.02534927,0.02548287,-0.02523429,-0.02536789,0.03068949,0.03054658,-0.03058013,-0.03043723,890.7322,0.0945,-80.7860,16.45844175,44.11536103,1212.9365
1.870000,4393505.865680,4259888.033915,1795783.991474,-13.814914,-13.382265,121.108326,0.99612149,-0.00130550,0.08797877,0.00012956,-0.01539703,-0.04861100,-0.00158633,12.0330,1213.0937,108.5210,0.04697318,-0.00008501,0.355389,0.02534927,0.02548287,-0.02523429,-0.02536789,0.02980988,0.02966872,-0.02970104,-0.02955988,890.3449,0.0841,-80.5979,16.45845264,44.11536103,1213.0937
1.880000,4393505.727139,4259887.899711,1795785.206131,-13.893311,-13.458389,121.823063,0.99614271,-0.00138315,0.08773696,0.00012894,-0.01537586,-0.04837363,-0.00153473,12.0289,1213.2519,109.7332,0.04644741,-0.00007700,0.357497,0.02534927,0.02548287,-0.02523429,-0.02536789,0.02937875,0.02923855,-0.02927016,-0.02912996,889.9559,0.0740,-80.6153,16.45846359,44.11536103,1213.2519
1.890000,4393505.587813,4259887.764746,1795786.427935,-13.971959,-13.534797,122.539108,0.99616370,-0.00146067,0.08749709,0.00012859,-0.01535790,-0.04783166,-0.00147450,12.0247,1213.4110,110.9525,0.04592802,-0.00006961,0.359605,0.02535440,0.02545555,-0.02525417,-0.02535533,0.02920392,0.02906412,-0.02909542,-0.02895562,889.6553,0.0644,-80.7439,16.45847461,44.11536103,1213.4110
1.900000,4393505.447696,4259887.629012,1795787.656940,-14.051501,-13.612095,123.261900,0.99618461,-0.00153795,0.08725728,0.00012843,-0.01528633,-0.04834392,-0.00145153,12.0206,1213.5712,112.1789,0.04541428,-0.00006291,0.361718,0.02535440,0.02545555,-0.02525417,-0.02535533,0.02831409,0.02822065,-0.02821760,-0.02812417,899.1257,0.0664,-80.5461,16.45848569,44.11536103,1213.5712
1.910000,4393505.306782,4259887.492503,1795788.893173,-14.131386,-13.689751,123.984596,0.99620591,-0.00161474,0.08701243,0.00012825,-0.01516149,-0.04985042,-0.00146701,12.0164,1213.7323,113.4126,0.04490256,-0.00005665,0.363850,0.02535440,0.02545555,-0.02525417,-0.02535533,0.02746169,0.02741477,-0.02737727,-0.02733035,898.7276,0.0690,-80.3591,16.45849684,44.11536103,1213.7323
1.920000,4393505.165067,4259887.355216,1795790.136632,-14.211410,-13.767572,124.705863,0.99622782,-0.00169086,0.08675971,0.00012791,-0.01501380,-0.05149787,-0.00149761,12.0122,1213.8944,114.6535,0.04438511,-0.00005044,0.365982,0.02535440,0.02545555,-0.02525417,-0.02535533,0.02704630,0.02702223,-0.02696780,-0.02694373,898.3280,0.0659,-80.3468,16.45850806,44.11536103,1213.8944
1.930000,4393505.022553,4259887.217150,1795791.387290,-14.291642,-13.845631,125.427053,0.99625031,-0.00176624,0.08649968,0.00012736,-0.01486083,-0.05278243,-0.00152935,12.0081,1214.0575,115.9017,0.04385563,-0.00004403,0.368111,0.02217300,0.02221496,-0.02211526,-0.02215722,0.02687825,0.02686345,-0.02680216,-0.02678736,888.1579,0.0591,-80.4129,16.45851933,44.11536103,1214.0575
1.940000,4393504.879233,4259887.078302,1795792.645173,-14.372340,-13.924165,126.149491,0.99627336,-0.00184107,0.08623216,0.00012650,-0.01478157,-0.05449232,-0.00160831,12.0039,1214.2215,117.1571,0.04331427,-0.00003734,0.370239,0.02217300,0.02221496,-0.02211526,-0.02215722,0.02630649,0.02634600,-0.02621699,-0.02625650,897.5255,0.0628,-80.2523,16.45853068,44.11536103,1214.2215
1.950000,4393504.735102,4259886.938663,1795793.910307,-14.453862,-14.003525,126.877265,0.99629715,-0.00191574,0.08595527,0.00012513,-0.01477841,-0.05653981,-0.00173220,11.9997,1214.3865,118.4197,0.04276174,-0.00003010,0.372371,0.02217300,0.02221496,-0.02211526,-0.02215722,0.02577226,0.02586413,-0.02566869,-0.02576055,897.1211,0.0651,-80.0742,16.45854209,44.11536104,1214.3865
1.960000,4393504.590157,4259886.798232,1795795.182690,-14.535261,-14.082802,127.599501,0.99632168,-0.00199054,0.08566877,0.00012313,-0.01481400,-0.05834393,-0.00187184,11.9955,1214.5525,119.6896,0.04219305,-0.00002187,0.374519,0.02217300,0.02221496,-0.02211526,-0.02215722,0.02551308,0.02563049,-0.02540254,-0.02551995,896.7122,0.0589,-79.9908,16.45855356,44.11536104,1214.5525
1.970000,4393504.444396,4259886.657006,1795796.462296,-14.616972,-14.162428,128.321641,0.99634676,-0.00206562,0.08537472,0.00012048,-0.01486646,-0.05956180,-0.00200942,11.9913,1214.7194,120.9668,0.04161082,-0.00001245,0.376651,0.02204755,0.02216414,-0.02197970,-0.02209630,0.02540841,0.02553616,-0.02529504,-0.02542279,896.3049,0.0468,-79.9350,16.45856511,44.11536104,1214.7194
1.980000,4393504.297814,4259886.514980,1795797.749150,-14.699455,-14.242857,129.049126,0.99637212,-0.00214096,0.08507644,0.00011722,-0.01489876,-0.06003601,-0.00212363,11.9872,1214.8873,122.2512,0.04101720,-0.00000181,0.378783,0.02204755,0.02216414,-0.02197970,-0.02209630,0.02537153,0.02549158,-0.02526235,-0.02538240,895.8960,0.0277,-79.8732,16.45857671,44.11536104,1214.8873
1.990000,4393504.150408,4259886.372150,1795799.043251,-14.781801,-14.323212,129.771080,0.99639741,-0.00221645,0.08477779,0.00011347,-0.01490739,-0.05970079,-0.00220993,11.9830,1215.0562,123.5430,0.04041715,0.00000987,0.380931,0.02204755,0.02216414,-0.02197970,-0.02209630,0.02535978,0.02546958,-0.02525551,-0.02536530,895.4825,0.0059,-79.8006,16.45858838,44.11536104,1215.0562
2.000000,4393504.002174,4259886.228512,1795800.344599,-14.864928,-14.404386,130.498378,0.99642229,-0.00229199,0.08448289,0.00010935,-0.01490569,-0.05853359,-0.00227242,11.9788,1215.2260,124.8419,0.03982188,0.00002233,0.383063,0.02204755,0.02216414,-0.02197970,-0.02209630,0.02535608,0.02546063,-0.02525427,-0.02535882,895.1656,-0.0162,-79.7141,16.45860012,44.11536104,1215.2260
2.010000,4393503.853110,4259886.084063,1795801.653191,-14.948019,-14.485585,131.221528,0.99644641,-0.00236753,0.08419586,0.00010494,-0.01490165,-0.05653699,-0.00231353,11.9746,1215.3968,126.1482,0.03923620,0.00003531,0.385211,0.01990877,0.02017636,-0.01988509,-0.02015269,0.02535492,0.02545731,-0.02525412,-0.02535651,894.6540,-0.0389,-79.6325,16.45861193,44.11536104,1215.3968
2.020000,4393503.703209,4259885.938795,1795802.969056,-15.032340,-14.568042,131.951272,0.99646997,-0.00244286,0.08391434,0.00010042,-0.01481604,-0.05632191,-0.00231041,11.9704,1215.5684,127.4617,0.03867111,0.00004858,0.387347,0.01990877,0.02017636,-0.01988509,-0.02015269,0.02422400,0.02430455,-0.02413867,-0.02421922,904.0954,-0.0678,-78.9490,16.45862380,44.11536104,1215.5684
2.030000,4393503.552463,4259885.792702,1795804.292189,-15.116854,-14.650751,132.675443,0.99649375,-0.00251756,0.08362932,0.00009597,-0.01465089,-0.05794113,-0.00226352,11.9662,1215.7411,128.7826,0.03812224,0.00006180,0.389503,0.01990877,0.02017636,-0.01988509,-0.02015269,0.02308706,0.02314617,-0.02301704,-0.02307615,903.6665,-0.0971,-78.2733,16.45863573,44.11536104,1215.7411
2.040000,4393503.400868,4259885.645776,1795805.622591,-15.202331,-14.734456,133.404836,0.99651822,-0.00259131,0.08333499,0.00009178,-0.01445110,-0.06004926,-0.00218609,11.9620,1215.9146,130.1107,0.03757498,0.00007456,0.391643,0.01990877,0.02017636,-0.01988509,-0.02015269,0.02252841,0.02257703,-0.02246590,-0.02251452,903.3003,-0.1230,-77.8898,16.45864773,44.11536104,1215.9146
2.050000,4393503.248415,4259885.498011,1795806.960286,-15.288240,-14.818638,134.134117,0.99654341,-0.00266401,0.08303093,0.00008797,-0.01424239,-0.06184019,-0.00208640,11.9578,1216.0891,131.4461,0.03701286,0.00008654,0.393798,0.02001829,0.02005424,-0.01998983,-0.02002578,0.02230162,0.02234599,-0.02224215,-0.02228652,902.7342,-0.1463,-77.6505,16.45865980,44.11536104,1216.0891
2.060000,4393503.095101,4259885.349402,1795808.305273,-15.374583,-14.903286,134.863244,0.99656912,-0.00273569,0.08271943,0.00008456,-0.01405638,-0.06302570,-0.00200046,11.9536,1216.2645,132.7889,0.03643570,0.00009750,0.395954,0.02001829,0.02005424,-0.01998983,-0.02002578,0.02217294,0.02224226,-0.02211102,-0.02218034,902.3606,-0.1600,-77.4250,16.45867193,44.11536104,1216.2645
2.070000,4393502.940922,4259885.199944,1795809.657550,-15.461371,-14.988406,135.592214,0.99659506,-0.00280647,0.08240390,0.00008148,-0.01389698,-0.06345424,-0.00193118,11.9494,1216.4408,134.1390,0.03584805,0.00010748,0.398109,0.02001829,0.02005424,-0.01998983,-0.02002578,0.02209854,0.02219398,-0.02203340,-0.02212884,901.8871,-0.1719,-77.1900,16.45868413,44.11536104,1216.4408
2.080000,4393502.785870,4259885.049630,1795811.017143,-15.549076,-15.074462,136.326470,0.99662090,-0.00287648,0.08208835,0.00007868,-0.01375450,-0.06302814,-0.00186378,11.9451,1216.6180,135.4965,0.03525675,0.00011664,0.400264,0.02001829,0.02005424,-0.01998983,-0.02002578,0.02206648,0.02217483,-0.02199970,-0.02210805,901.5101,-0.1864,-76.9495,16.45869640,44.11536104,1216.6180
2.090000,4393502.629941,4259884.898455,1795812.384052,-15.636721,-15.160501,137.055138,0.99664628,-0.00294577,0.08177714,0.00007616,-0.01362292,-0.06171198,-0.00178992,11.9409,1216.7961,136.8613,0.03466836,0.00012504,0.402435,0.01733955,0.01763508,-0.01732798,-0.01762351,0.02205421,0.02216782,-0.02198675,-0.02210036,900.9293,-0.2021,-76.7318,16.45870873,44.11536104,1216.7961
2.100000,4393502.473133,4259884.746417,1795813.758245,-15.725040,-15.247216,137.783604,0.99667122,-0.00301417,0.08147016,0.00007378,-0.01340533,-0.06132787,-0.00177342,11.9367,1216.9751,138.2334,0.03409414,0.00013267,0.404590,0.01733955,0.01763508,-0.01732798,-0.01762351,0.02128977,0.02145899,-0.02123775,-0.02140697,900.4486,-0.2018,-76.0985,16.45872113,44.11536104,1216.9751
2.110000,4393502.315435,4259884.593506,1795815.139750,-15.814643,-15.335201,138.518676,0.99669610,-0.00308128,0.08116269,0.00007124,-0.01310151,-0.06190799,-0.00181408,11.9324,1217.1550,139.6129,0.03353487,0.00013988,0.406745,0.01733955,0.01763508,-0.01732798,-0.01762351,0.02052399,0.02074785,-0.02048767,-0.02071153,900.0658,-0.2010,-75.4666,16.45873360,44.11536104,1217.1550
2.120000,4393502.156840,4259884.439713,1795816.528591,-15.904304,-15.423273,139.248085,0.99672113,-0.00314680,0.08085226,0.00006832,-0.01276167,-0.06250938,-0.00187637,11.9282,1217.3357,140.9998,0.03297935,0.00014726,0.408920,0.01733955,0.01763508,-0.01732798,-0.01762351,0.02014794,0.02039855,-0.02011934,-0.02036995,909.3276,-0.2093,-75.0501,16.45874613,44.11536104,1217.3357
2.130000,4393501.997345,4259884.285036,1795817.924738,-15.994815,-15.512213,139.981342,0.99674619,-0.00321064,0.08054015,0.00006496,-0.01241478,-0.06257746,-0.00193896,11.9240,1217.5173,142.3941,0.03242429,0.00015520,0.411078,0.01584299,0.01613461,-0.01583722,-0.01612884,0.01999532,0.02025677,-0.01996986,-0.02023131,899.0877,-0.2236,-74.7359,16.45875873,44.11536104,1217.5173
2.140000,4393501.836943,4259884.129467,1795819.328217,-16.085769,-15.601659,140.714406,0.99677103,-0.00327279,0.08022961,0.00006143,-0.01208391,-0.06187763,-0.00188462,11.9197,1217.6998,143.7957,0.03186935,0.00016375,0.413248,0.01584299,0.01613461,-0.01583722,-0.01612884,0.01997765,0.02016080,-0.01995166,-0.02013481,898.4924,-0.2671,-74.4591,16.45877140,44.11536104,1217.6998
2.150000,4393501.675631,4259883.973004,1795820.738999,-16.176781,-15.691235,141.443237,0.99679533,-0.00333329,0.07992467,0.00005833,-0.01177351,-0.06032671,-0.00170901,11.9155,1217.8832,145.2047,0.03132169,0.00017216,0.415418,0.01584299,0.01613461,-0.01583722,-0.01612884,0.01999689,0.02009868,-0.01996959,-0.02007138,898.0982,-0.3119,-74.1965,16.45878413,44.11536104,1217.8832
2.160000,4393501.513403,4259883.815639,1795822.157108,-16.268701,-15.781747,142.177286,0.99681875,-0.00339221,0.07962964,0.00005612,-0.01147928,-0.05790800,-0.00146873,11.9112,1218.0674,146.6211,0.03079007,0.00017924,0.417576,0.01584299,0.01613461,-0.01583722,-0.01612884,0.02000936,0.02007096,-0.01998137,-0.02004296,907.3503,-0.3415,-73.9483,16.45879693,44.11536104,1218.0674
2.170000,4393501.350258,4259883.657370,1795823.582517,-16.360635,-15.872309,142.907104,0.99684094,-0.00344959,0.07934878,0.00005501,-0.01119817,-0.05464539,-0.00119937,11.9070,1218.2524,148.0448,0.03028072,0.00018416,0.419749,0.01469555,0.01498839,-0.01470079,-0.01499363,0.02001493,0.02006017,-0.01998664,-0.02003189,897.1009,-0.3594,-73.7328,16.45880979,44.11536104,1218.2524
2.180000,4393501.186185,4259883.498187,1795825.015277,-16.453915,-15.964166,143.643509,0.99686211,-0.00350541,0.07907999,0.00005480,-0.01088922,-0.05306851,-0.00104508,11.9027,1218.4383,149.4759,0.02980389,0.00018652,0.421910,0.01469555,0.01498839,-0.01470079,-0.01499363,0.01906517,0.01919659,-0.01904277,-0.01917419,916.1948,-0.3392,-72.9726,16.45882273,44.11536104,1218.4383
2.190000,4393501.021177,4259883.338084,1795826.455386,-16.547769,-16.056559,144.378313,0.99688293,-0.00355959,0.07881469,0.00005492,-0.01055212,-0.05324836,-0.00101585,11.8985,1218.6250,150.9145,0.02935594,0.00018698,0.424091,0.01469555,0.01498839,-0.01470079,-0.01499363,0.01810874,0.01833078,-0.01809234,-0.01831437,905.9401,-0.3134,-72.2521,16.45883572,44.11536104,1218.6250
2.200000,4393500.855227,4259883.177054,1795827.902842,-16.642137,-16.149448,145.112898,0.99690384,-0.00361207,0.07854727,0.00005489,-0.01020775,-0.05391263,-0.00104950,11.8942,1218.8125,152.3605,0.02892109,0.00018678,0.426268,0.01469555,0.01498839,-0.01470079,-0.01499363,0.01763866,0.01790555,-0.01762521,-0.01789209,905.4297,-0.3013,-71.8417,16.45884879,44.11536104,1218.8125
2.210000,4393500.688332,4259883.015093,1795829.357643,-16.737051,-16.242878,145.848647,0.99692490,-0.00366287,0.07827721,0.00005451,-0.00986803,-0.05430777,-0.00110835,11.8899,1219.0008,153.8138,0.02848605,0.00018678,0.428445,0.01486724,0.01509531,-0.01487736,-0.01510542,0.01744780,0.01773295,-0.01743555,-0.01772070,904.9169,-0.2985,-71.5894,16.45886192,44.11536104,1219.0008
2.220000,4393500.520484,4259882.852194,1795830.819814,-16.832694,-16.337031,146.585521,0.99694622,-0.00371198,0.07800285,0.00005370,-0.00952378,-0.05563008,-0.00117311,11.8857,1219.1900,155.2746,0.02804858,0.00018737,0.430625,0.01486724,0.01509531,-0.01487736,-0.01510542,0.01684520,0.01713575,-0.01683546,-0.01712600,914.2482,-0.3013,-71.0309,16.45887512,44.11536104,1219.1900
2.230000,4393500.351676,4259882.688350,1795832.289353,-16.928822,-16.431672,147.320780,0.99696815,-0.00375940,0.07771987,0.00005247,-0.00917689,-0.05775658,-0.00123621,11.8814,1219.3800,156.7429,0.02760708,0.00018867,0.432809,0.01486724,0.01509531,-0.01487736,-0.01510542,0.01628554,0.01657707,-0.01627802,-0.01656955,913.7282,-0.3071,-70.4720,16.45888839,44.11536104,1219.3800
2.240000,4393500.181906,4259882.523559,1795833.766229,-17.025492,-16.526861,148.055866,0.99699081,-0.00380512,0.07742642,0.00005084,-0.00883543,-0.05982085,-0.00129509,11.8771,1219.5707,158.2186,0.02715348,0.00019067,0.434989,0.01486724,0.01509531,-0.01487736,-0.01510542,0.01601431,0.01630597,-0.01600786,-0.01629952,903.3601,-0.3148,-70.0640,16.45890173,44.11536103,1219.5707
2.250000,4393500.011165,4259882.357811,1795835.250469,-17.122668,-16.622565,148.790675,0.99701407,-0.00384918,0.07712409,0.00004883,-0.00850371,-0.06131020,-0.00134828,11.8728,1219.7622,159.7017,0.02668302,0.00019333,0.437168,0.01371452,0.01402027,-0.01373316,-0.01403891,0.01590483,0.01619648,-0.01589881,-0.01619046,912.6827,-0.3241,-69.7120,16.45891513,44.11536103,1219.7622
2.260000,4393499.839447,4259882.191102,1795836.742069,-17.221062,-16.719477,149.530699,0.99703790,-0.00389157,0.07681329,0.00004648,-0.00815528,-0.06321020,-0.00139524,11.8686,1219.9546,161.1922,0.02619860,0.00019660,0.439347,0.01371452,0.01402027,-0.01373316,-0.01403891,0.01545660,0.01574867,-0.01545466,-0.01574673,902.4183,-0.3346,-69.0690,16.45892860,44.11536103,1219.9546
2.270000,4393499.666743,4259882.023422,1795838.241055,-17.319791,-16.816735,150.266397,0.99706242,-0.00393220,0.07649221,0.00004381,-0.00779094,-0.06542555,-0.00143499,11.8643,1220.1477,162.6902,0.02570172,0.00020039,0.441542,0.01371452,0.01402027,-0.01373316,-0.01403891,0.01503238,0.01532487,-0.01503442,-0.01532692,911.6237,-0.3466,-68.3972,16.45894214,44.11536103,1220.1477
2.280000,4393499.493046,4259881.854762,1795839.747424,-17.419727,-16.915194,151.007325,0.99708762,-0.00397102,0.07616101,0.00004087,-0.00742589,-0.06726105,-0.00146625,11.8600,1220.3415,164.1957,0.02519062,0.00020465,0.443725,0.01371452,0.01402027,-0.01373316,-0.01403891,0.01482608,0.01511879,-0.01483008,-0.01512279,911.2000,-0.3598,-67.8224,16.45895574,44.11536103,1220.3415
2.290000,4393499.318346,4259881.685115,1795841.261201,-17.520327,-17.014324,151.747970,0.99711327,-0.00400805,0.07582260,0.00003768,-0.00706861,-0.06830606,-0.00148805,11.8557,1220.5361,165.7086,0.02466349,0.00020928,0.445923,0.01112263,0.01157203,-0.01115893,-0.01160833,0.01474270,0.01503549,-0.01474749,-0.01504028,910.6619,-0.3741,-67.2817,16.45896941,44.11536103,1220.5361
2.300000,4393499.142640,4259881.514476,1795842.782355,-17.620898,-17.113461,152.481493,0.99713898,-0.00404329,0.07548179,0.00003438,-0.00670958,-0.06821998,-0.00146390,11.8514,1220.7315,167.2291,0.02412693,0.00021419,0.448122,0.01112263,0.01157203,-0.01115893,-0.01160833,0.01477286,0.01504267,-0.01477968,-0.01504949,910.0120,-0.3978,-66.7703,16.45898315,44.11536103,1220.7315
2.310000,4393498.965924,4259881.342841,1795844.310857,-17.722642,-17.213775,153.220187,0.99716433,-0.00407673,0.07514438,0.00003116,-0.00635009,-0.06693941,-0.00139357,11.8471,1220.9276,168.7570,0.02359141,0.00021906,0.450299,0.01112263,0.01157203,-0.01115893,-0.01160833,0.01482338,0.01507005,-0.01483205,-0.01507872,899.7402,-0.4217,-66.2449,16.45899696,44.11536102,1220.9276
2.320000,4393498.788185,4259881.170199,1795845.846758,-17.825160,-17.314871,153.960027,0.99718888,-0.00410835,0.07481614,0.00002819,-0.00599732,-0.06454596,-0.00129676,11.8428,1221.1244,170.2924,0.02306658,0.00022342,0.452493,0.01112263,0.01157203,-0.01115893,-0.01160833,0.01484986,0.01508516,-0.01485941,-0.01509471,909.0391,-0.4402,-65.7099,16.45901083,44.11536102,1221.1244
2.330000,4393498.609418,4259880.996542,1795847.390056,-17.928282,-17.416577,154.699597,0.99721225,-0.00413821,0.07450241,0.00002554,-0.00565509,-0.06112701,-0.00118601,11.8385,1221.3219,171.8353,0.02256447,0.00022694,0.454690,0.01080578,0.01106249,-0.01084520,-0.01110192,0.01486088,0.01509156,-0.01487079,-0.01510148,908.3805,-0.4544,-65.1954,16.45902477,44.11536102,1221.3219
2.340000,4393498.429617,4259880.821864,1795848.940749,-18.032150,-17.519009,155.438883,0.99723431,-0.00416629,0.07420487,0.00002316,-0.00530114,-0.05806291,-0.00111293,11.8342,1221.5202,173.3856,0.02209565,0.00022944,0.456887,0.01080578,0.01106249,-0.01084520,-0.01110192,0.01445539,0.01471196,-0.01446846,-0.01472504,907.9411,-0.4546,-64.4268,16.45903878,44.11536102,1221.5202
2.350000,4393498.248773,4259880.646159,1795850.498833,-18.136710,-17.622113,156.177875,0.99725525,-0.00419257,0.07392151,0.00002085,-0.00493616,-0.05544650,-0.00108129,11.8299,1221.7191,174.9435,0.02166458,0.00023113,0.459083,0.01080578,0.01106249,-0.01084520,-0.01110192,0.01404495,0.01432868,-0.01406111,-0.01434485,907.3884,-0.4523,-63.7217,16.45905286,44.11536102,1221.7191
2.360000,4393498.066881,4259880.469420,1795852.064305,-18.241815,-17.725753,156.916596,0.99727512,-0.00421702,0.07365160,0.00001846,-0.00457291,-0.05267456,-0.00106920,11.8256,1221.9188,176.5089,0.02126670,0.00023240,0.461279,0.01080578,0.01106249,-0.01084520,-0.01110192,0.01384304,0.01414021,-0.01386072,-0.01415789,906.8334,-0.4545,-63.2341,16.45906701,44.11536101,1221.9188
2.370000,4393497.883935,4259880.291643,1795853.637164,-18.347356,-17.829829,157.655064,0.99729381,-0.00423968,0.07339673,0.00001591,-0.00421847,-0.04942140,-0.00106359,11.8213,1222.1191,178.0818,0.02089921,0.00023355,0.463475,0.01007895,0.01049737,-0.01012126,-0.01053968,0.01376104,0.01406368,-0.01377934,-0.01408197,906.2759,-0.4596,-62.8937,16.45908122,44.11536101,1222.1191
2.380000,4393497.699935,4259880.112826,1795855.217351,-18.452319,-17.933318,158.379517,0.99731171,-0.00426048,0.07315193,0.00001300,-0.00382454,-0.04864087,-0.00114504,11.8169,1222.3201,179.6621,0.02056433,0.00023468,0.465671,0.01007895,0.01049737,-0.01012126,-0.01053968,0.01280956,0.01316528,-0.01283436,-0.01319008,905.7161,-0.4455,-61.9364,16.45909550,44.11536101,1222.3201
2.390000,4393497.514880,4259879.932968,1795856.804809,-18.559473,-18.038933,159.117516,0.99732972,-0.00427927,0.07290484,0.00000932,-0.00339294,-0.05033621,-0.00131045,11.8126,1222.5217,181.2500,0.02025694,0.00023638,0.467825,0.01007895,0.01049737,-0.01012126,-0.01053968,0.01187268,0.01228045,-0.01190387,-0.01231164,885.8266,-0.4331,-61.0291,16.45910985,44.11536100,1222.5217
2.400000,4393497.328741,4259879.752042,1795858.399727,-18.668025,-18.145920,159.863308,0.99734845,-0.00429595,0.07264715,0.00000462,-0.00295152,-0.05288159,-0.00151077,11.8083,1222.7240,182.8452,0.01994849,0.00023945,0.470020,0.01007895,0.01049737,-0.01012126,-0.01053968,0.01141395,0.01184718,-0.01144826,-0.01188149,924.2773,-0.4353,-60.4944,16.45912426,44.11536100,1222.7240
2.410000,4393497.141517,4259879.570047,1795860.002074,-18.776938,-18.253286,160.607529,0.99736803,-0.00431052,0.07237704,-0.00000119,-0.00251604,-0.05530417,-0.00171526,11.8039,1222.9270,184.4480,0.01962125,0.00024441,0.472239,0.00993502,0.00999940,-0.00998039,-0.01004477,0.01122799,0.01167155,-0.01126357,-0.01170712,904.1408,-0.4488,-60.1214,16.45913875,44.11536100,1222.9270
2.420000,4393496.953200,4259879.386974,1795861.611876,-18.886536,-18.361389,161.352832,0.99738840,-0.00432297,0.07209495,-0.00000780,-0.00208353,-0.05767123,-0.00178722,11.7996,1223.1306,186.0583,0.01927208,0.00025140,0.474453,0.00993502,0.00999940,-0.00998039,-0.01004477,0.01104649,0.01142540,-0.01108365,-0.01146256,913.4045,-0.4992,-59.6460,16.45915330,44.11536100,1223.1306
2.430000,4393496.763784,4259879.202817,1795863.229129,-18.996706,-18.470120,162.097768,0.99740952,-0.00433328,0.07180167,-0.00001453,-0.00165633,-0.05978335,-0.00171926,11.7952,1223.3348,187.6763,0.01890212,0.00025959,0.476671,0.00993502,0.00999940,-0.00998039,-0.01004477,0.01090905,0.01122045,-0.01094749,-0.01125889,912.8262,-0.5545,-59.1347,16.45916792,44.11536099,1223.3348
2.440000,4393496.573264,4259879.017570,1795864.853831,-19.107474,-18.579487,162.842463,0.99743119,-0.00434145,0.07149939,-0.00002084,-0.00124003,-0.06126986,-0.00157368,11.7909,1223.5397,189.3018,0.01851337,0.00026759,0.478888,0.00993502,0.00999940,-0.00998039,-0.01004477,0.01084520,0.01112321,-0.01088424,-0.01116226,912.2456,-0.5951,-58.6314,16.45918261,44.11536099,1223.5397
2.450000,4393496.381633,4259878.831225,1795866.485978,-19.218854,-18.689484,163.586831,0.99745317,-0.00434751,0.07119177,-0.00002645,-0.00083740,-0.06192237,-0.00138948,11.7865,1223.7451,190.9349,0.01811019,0.00027439,0.481105,0.00868910,0.00885794,-0.00874135,-0.00891019,0.01081989,0.01108432,-0.01085918,-0.01112361,911.6625,-0.6243,-58.1107,16.45919737,44.11536099,1223.7451
2.460000,4393496.188887,4259878.643780,1795868.125539,-19.330427,-18.799660,164.325355,0.99747528,-0.00435153,0.07088106,-0.00003148,-0.00044025,-0.06250342,-0.00129192,11.7822,1223.9512,192.5756,0.01769999,0.00027949,0.483322,0.00868910,0.00885794,-0.00874135,-0.00891019,0.01055234,0.01086919,-0.01059274,-0.01090959,910.9600,-0.6203,-57.3663,16.45921219,44.11536098,1223.9512
2.470000,4393495.995019,4259878.455227,1795869.772511,-19.443218,-18.911009,165.067680,0.99749749,-0.00435357,0.07056769,-0.00003639,-0.00004874,-0.06298611,-0.00129034,11.7779,1224.1579,194.2238,0.01728895,0.00028331,0.485521,0.00868910,0.00885794,-0.00874135,-0.00891019,0.01028939,0.01066225,-0.01033085,-0.01070371,910.4934,-0.6115,-56.5982,16.45922709,44.11536098,1224.1579
2.480000,4393495.800020,4259878.265558,1795871.426891,-19.556739,-19.023072,165.809667,0.99751968,-0.00435369,0.07025328,-0.00004153,0.00033249,-0.06291576,-0.00133230,11.7735,1224.3652,195.8796,0.01687698,0.00028677,0.487733,0.00868910,0.00885794,-0.00874135,-0.00891019,0.01016068,0.01056133,-0.01020265,-0.01060330,900.0691,-0.6143,-55.9144,16.45924205,44.11536097,1224.3652
2.490000,4393495.603882,4259878.074763,1795873.088703,-19.671095,-19.135961,166.552696,0.99754162,-0.00435195,0.06994123,-0.00004706,0.00070108,-0.06203916,-0.00138582,11.7692,1224.5731,197.5429,0.01646730,0.00029050,0.489944,0.00752281,0.00789090,-0.00757208,-0.00794016,0.01010851,0.01052048,-0.01015069,-0.01056267,909.3126,-0.6256,-55.2754,16.45925708,44.11536097,1224.5731
2.500000,4393495.406596,4259877.882836,1795874.757944,-19.785987,-19.249456,167.293934,0.99756308,-0.00434836,0.06963469,-0.00005239,0.00106633,-0.06070738,-0.00119574,11.7648,1224.7815,199.2138,0.01606626,0.00029474,0.492159,0.00752281,0.00789090,-0.00757208,-0.00794016,0.01003803,0.01032841,-0.01008138,-0.01037176,908.7174,-0.6990,-54.5616,16.45927218,44.11536097,1224.7815
2.510000,4393495.208162,4259877.689774,1795876.434554,-19.900962,-19.363104,168.029368,0.99758391,-0.00434284,0.06933595,-0.00005632,0.00142803,-0.05892077,-0.00075916,11.7605,1224.9905,200.8923,0.01568067,0.00029801,0.494369,0.00752281,0.00789090,-0.00757208,-0.00794016,0.00997981,0.01014515,-0.01002428,-0.01018963,898.2874,-0.7715,-53.8772,16.45928734,44.11536096,1224.9905
2.520000,4393495.008572,4259877.495569,1795878.118557,-20.017290,-19.478100,168.771342,0.99760393,-0.00433537,0.06904776,-0.00005795,0.00178101,-0.05648530,-0.00020937,11.7562,1225.2000,202.5784,0.01531520,0.00029790,0.496562,0.00752281,0.00789090,-0.00757208,-0.00794016,0.00995223,0.01005591,-0.00999725,-0.01010094,907.4068,-0.8053,-53.2822,16.45930258,44.11536096,1225.2000
2.530000,4393494.807818,4259877.300213,1795879.809952,-20.133597,-19.593053,169.507479,0.99762291,-0.00432598,0.06877356,-0.00005695,0.00212256,-0.05332782,0.00036853,11.7518,1225.4101,204.2719,0.01497358,0.00029281,0.498775,0.00619916,0.00669757,-0.00624391,-0.00674232,0.00994120,0.01001982,-0.00998645,-0.01006507,906.8041,-0.8077,-52.7722,16.45931788,44.11536095,1225.4101
2.540000,4393494.605897,4259877.103705,1795881.508705,-20.250512,-19.708521,170.241808,0.99764092,-0.00431466,0.06851266,-0.00005346,0.00247530,-0.05116921,0.00085554,11.7475,1225.6207,205.9731,0.01466321,0.00028225,0.500972,0.00619916,0.00669757,-0.00624391,-0.00674232,0.00949440,0.00960083,-0.00954217,-0.00964860,906.2035,-0.7690,-51.9482,16.45933326,44.11536095,1225.6207
2.550000,4393494.402805,4259876.906040,1795883.214787,-20.368012,-19.824459,170.974472,0.99765830,-0.00430141,0.06825990,-0.00004798,0.00283862,-0.05006903,0.00122709,11.7432,1225.8318,207.6817,0.01438365,0.00026674,0.503163,0.00619916,0.00669757,-0.00624391,-0.00674232,0.00904776,0.00918825,-0.00909802,-0.00923851,895.7702,-0.7124,-51.2048,16.45934870,44.11536094,1225.8318
2.560000,4393494.198534,4259876.707214,1795884.928193,-20.486081,-19.940847,171.706741,0.99767529,-0.00428625,0.06801212,-0.00004102,0.00319992,-0.04917670,0.00150818,11.7389,1226.0434,209.3978,0.01412413,0.00024742,0.505351,0.00619916,0.00669757,-0.00624391,-0.00674232,0.00882851,0.00898623,-0.00887999,-0.00903771,895.1678,-0.6519,-50.7145,16.45936420,44.11536094,1226.0434
2.570000,4393493.993081,4259876.507222,1795886.648921,-20.604638,-20.057601,172.438700,0.99769187,-0.00426922,0.06776951,-0.00003298,0.00355223,-0.04800584,0.00171299,11.7346,1226.2555,211.1215,0.01387694,0.00022534,0.507537,0.00652542,0.00663875,-0.00657592,-0.00668925,0.00873954,0.00890434,-0.00879152,-0.00895631,894.5631,-0.5873,-50.3679,16.45937978,44.11536093,1226.2555
2.580000,4393493.786439,4259876.306060,1795888.376966,-20.723883,-20.174865,173.170309,0.99770819,-0.00425045,0.06752994,-0.00002460,0.00388226,-0.04795373,0.00169980,11.7303,1226.4681,212.8526,0.01364165,0.00020135,0.509723,0.00652542,0.00663875,-0.00657592,-0.00668925,0.00829210,0.00853034,-0.00834320,-0.00858144,893.9562,-0.4833,-49.7214,16.45939542,44.11536093,1226.4681
2.590000,4393493.578601,4259876.103723,1795890.112325,-20.843796,-20.292625,173.901497,0.99772463,-0.00423014,0.06728799,-0.00001691,0.00418958,-0.04895920,0.00147227,11.7260,1226.6811,214.5912,0.01341545,0.00017712,0.511908,0.00652542,0.00663875,-0.00657592,-0.00668925,0.00786375,0.00817412,-0.00791384,-0.00822421,893.3469,-0.3780,-49.1068,16.45941113,44.11536092,1226.6811
2.600000,4393493.369564,4259875.900209,1795891.854967,-20.963509,-20.410066,174.625429,0.99774138,-0.00420843,0.06704054,-0.00001077,0.00448007,-0.05015014,0.00111477,11.7217,1226.8946,216.3373,0.01318732,0.00015478,0.514093,0.00652542,0.00663875,-0.00657592,-0.00668925,0.00765503,0.00800070,-0.00770461,-0.00805029,892.7355,-0.2960,-48.6754,16.45942691,44.11536092,1226.8946
2.610000,4393493.159326,4259875.695517,1795893.604861,-21.084346,-20.528512,175.354612,0.99775841,-0.00418544,0.06678794,-0.00000667,0.00475742,-0.05101051,0.00068241,11.7175,1227.1086,218.0908,0.01295075,0.00013593,0.516257,0.00595422,0.00623681,-0.00600103,-0.00628362,0.00757059,0.00793057,-0.00761997,-0.00797995,882.1744,-0.2344,-48.3158,16.45944276,44.11536091,1227.1086
2.620000,4393492.947877,4259875.489639,1795895.362030,-21.205350,-20.647023,176.077808,0.99777591,-0.00416131,0.06652756,-0.00000515,0.00500687,-0.05325676,0.00010754,11.7132,1227.3230,219.8518,0.01270521,0.00012144,0.518436,0.00595422,0.00623681,-0.00600103,-0.00628362,0.00706896,0.00748055,-0.00711666,-0.00752825,891.3880,-0.1665,-47.5080,16.45945867,44.11536091,1227.3230
2.630000,4393492.735216,4259875.282574,1795897.126416,-21.327022,-20.766114,176.799221,0.99779430,-0.00413620,0.06625275,-0.00000682,0.00522984,-0.05677554,-0.00058659,11.7089,1227.5379,221.6202,0.01244839,0.00011242,0.520598,0.00595422,0.00623681,-0.00600103,-0.00628362,0.00658498,0.00704502,-0.00663105,-0.00709108,880.9472,-0.1169,-46.6628,16.45947465,44.11536090,1227.5379
2.640000,4393492.521334,4259875.074314,1795898.898013,-21.449425,-20.885901,177.520246,0.99781381,-0.00411027,0.06595995,-0.00001207,0.00543610,-0.06044127,-0.00132583,11.7047,1227.7531,223.3961,0.01216699,0.00011004,0.522756,0.00595422,0.00623681,-0.00600103,-0.00628362,0.00634884,0.00683239,-0.00639410,-0.00687765,880.3338,-0.1010,-45.9688,16.45949070,44.11536089,1227.7531
2.650000,4393492.306225,4259874.864853,1795900.676819,-21.572382,-21.006253,178.239424,0.99783434,-0.00408358,0.06565017,-0.00002100,0.00563137,-0.06356273,-0.00205835,11.7004,1227.9688,225.1793,0.01185326,0.00011492,0.524913,0.00553082,0.00563770,-0.00557842,-0.00568530,0.00625326,0.00674631,-0.00629819,-0.00679124,879.7181,-0.1157,-45.2942,16.45950681,44.11536089,1227.9688
2.660000,4393492.089884,4259874.654186,1795902.462801,-21.696015,-21.127414,178.958258,0.99785563,-0.00405606,0.06532752,-0.00003274,0.00584022,-0.06558088,-0.00244464,11.6962,1228.1849,226.9700,0.01150930,0.00012707,0.527066,0.00553082,0.00563770,-0.00557842,-0.00568530,0.00633381,0.00669353,-0.00638067,-0.00674038,869.2750,-0.2303,-44.6132,16.45952299,44.11536088,1228.1849
2.670000,4393491.872305,4259874.442305,1795904.255955,-21.819882,-21.248968,179.672534,0.99787727,-0.00402753,0.06499790,-0.00004554,0.00606320,-0.06634251,-0.00246687,11.6920,1228.4013,228.7680,0.01114334,0.00014423,0.529217,0.00553082,0.00563770,-0.00557842,-0.00568530,0.00643797,0.00666131,-0.00648684,-0.00671018,878.3556,-0.3634,-43.8616,16.45953924,44.11536088,1228.4013
2.680000,4393491.653481,4259874.229201,1795906.056277,-21.945131,-21.371995,180.391870,0.99789886,-0.00399786,0.06466747,-0.00005800,0.00628876,-0.06591001,-0.00228212,11.6877,1228.6181,230.5733,0.01076775,0.00016278,0.531356,0.00553082,0.00563770,-0.00557842,-0.00568530,0.00649104,0.00664718,-0.00654090,-0.00669704,877.8653,-0.4644,-43.0335,16.45955555,44.11536087,1228.6181
2.690000,4393491.433403,4259874.014865,1795907.863764,-22.070382,-21.495109,181.103935,0.99792002,-0.00396699,0.06434199,-0.00006935,0.00651033,-0.06435715,-0.00198800,11.6835,1228.8353,232.3861,0.01039446,0.00018004,0.533511,0.00395018,0.00430738,-0.00398693,-0.00434413,0.00651290,0.00664173,-0.00656317,-0.00669200,877.2409,-0.5401,-42.1784,16.45957193,44.11536086,1228.8353
2.700000,4393491.212067,4259873.799293,1795909.678382,-22.197167,-21.619742,181.821072,0.99794054,-0.00393498,0.06402486,-0.00007954,0.00671068,-0.06257756,-0.00177303,11.6792,1229.0528,234.2062,0.01003577,0.00019456,0.535645,0.00395018,0.00430738,-0.00398693,-0.00434413,0.00631808,0.00649693,-0.00636719,-0.00654604,866.7958,-0.5646,-41.1467,16.45958838,44.11536086,1229.0528
2.710000,4393490.989457,4259873.582468,1795911.500184,-22.324819,-21.745229,182.537764,0.99796038,-0.00390198,0.06371699,-0.00008900,0.00688946,-0.06065128,-0.00166039,11.6750,1229.2707,236.0336,0.00969838,0.00020643,0.537794,0.00395018,0.00430738,-0.00398693,-0.00434413,0.00611685,0.00635262,-0.00616470,-0.00640047,875.8639,-0.5770,-40.1627,16.45960490,44.11536085,1229.2707
2.720000,4393490.765568,4259873.364385,1795913.329136,-22.453067,-21.871320,183.252650,0.99797942,-0.00386809,0.06342000,-0.00009809,0.00705470,-0.05822884,-0.00158691,11.6707,1229.4888,237.8685,0.00938408,0.00021664,0.539943,0.00395018,0.00430738,-0.00398693,-0.00434413,0.00601754,0.00628182,-0.00606476,-0.00632904,865.5396,-0.6003,-39.3343,16.45962148,44.11536084,1229.4888
2.730000,4393490.540396,4259873.145042,1795915.165207,-22.581488,-21.997610,183.962959,0.99799752,-0.00383337,0.06313677,-0.00010692,0.00721121,-0.05514892,-0.00151508,11.6665,1229.7073,239.7107,0.00909532,0.00022584,0.542087,0.00334328,0.00352733,-0.00338201,-0.00356606,0.00597715,0.00625310,-0.00602411,-0.00630005,864.7795,-0.6302,-38.6298,16.45963812,44.11536084,1229.7073
2.740000,4393490.313936,4259872.924431,1795917.008393,-22.710570,-22.124620,184.672777,0.99801459,-0.00379783,0.06286839,-0.00011509,0.00736444,-0.05229048,-0.00127971,11.6623,1229.9261,241.5602,0.00883726,0.00023420,0.544218,0.00334328,0.00352733,-0.00338201,-0.00356606,0.00581170,0.00602955,-0.00585884,-0.00607669,873.9730,-0.6976,-37.8280,16.45965484,44.11536083,1229.9261
2.750000,4393490.086183,4259872.702547,1795918.858662,-22.840088,-22.252120,185.380806,0.99803075,-0.00376142,0.06261360,-0.00012177,0.00751527,-0.04971681,-0.00088063,11.6580,1230.1451,243.4171,0.00861213,0.00024077,0.546349,0.00334328,0.00352733,-0.00338201,-0.00356606,0.00565513,0.00581172,-0.00570252,-0.00585911,863.5192,-0.7608,-37.1334,16.45967162,44.11536082,1230.1451
2.760000,4393489.857129,4259872.479383,1795920.716036,-22.970736,-22.380749,186.094002,0.99804602,-0.00372414,0.06237195,-0.00012637,0.00766243,-0.04704117,-0.00040614,11.6538,1230.3644,245.2812,0.00841685,0.00024393,0.548474,0.00334328,0.00352733,-0.00338201,-0.00356606,0.00557899,0.00570525,-0.00562651,-0.00575277,862.8872,-0.7943,-36.6409,16.45968846,44.11536082,1230.3644
2.770000,4393489.626770,4259872.254934,1795922.580513,-23.101129,-22.509117,186.801317,0.99806035,-0.00368598,0.06214440,-0.00012864,0.00780523,-0.04408025,0.00008446,11.6496,1230.5840,247.1527,0.00824913,0.00024266,0.550615,0.00339473,0.00355007,-0.00343156,-0.00358690,0.00554822,0.00566212,-0.00559579,-0.00570969,862.2482,-0.8015,-36.3004,16.45970537,44.11536081,1230.5840
2.780000,4393489.395103,4259872.029198,1795924.452061,-23.232249,-22.638089,187.508208,0.99807408,-0.00364711,0.06192588,-0.00012913,0.00789726,-0.04343449,0.00033490,11.6454,1230.8039,249.0316,0.00811060,0.00023665,0.552740,0.00339473,0.00355007,-0.00343156,-0.00358690,0.00497513,0.00517340,-0.00501886,-0.00521713,861.7443,-0.7342,-35.4632,16.45972235,44.11536080,1230.8039
2.790000,4393489.162122,4259871.802170,1795926.330675,-23.364078,-22.767631,188.214660,0.99808792,-0.00360788,0.06170478,-0.00012902,0.00794008,-0.04510965,0.00032933,11.6411,1231.0239,250.9177,0.00799298,0.00022735,0.554863,0.00339473,0.00355007,-0.00343156,-0.00358690,0.00440631,0.00469241,-0.00444617,-0.00473227,860.9737,-0.6528,-34.7017,16.45973939,44.11536079,1231.0239
2.800000,4393488.927820,4259871.573844,1795928.216353,-23.496443,-22.897611,188.920724,0.99810236,-0.00356851,0.06147304,-0.00012927,0.00795959,-0.04768480,0.00018162,11.6369,1231.2443,252.8111,0.00787283,0.00021732,0.556986,0.00339473,0.00355007,-0.00343156,-0.00358690,0.00412742,0.00445692,-0.00416537,-0.00449488,860.3334,-0.5953,-34.2494,16.45975650,44.11536079,1231.2443
2.810000,4393488.692195,4259871.344219,1795930.109061,-23.628462,-23.027196,189.619473,0.99811754,-0.00352912,0.06122833,-0.00013039,0.00797057,-0.05028727,-0.00003670,11.6327,1231.4648,254.7119,0.00773279,0.00020840,0.559108,0.00273778,0.00293856,-0.00276478,-0.00296556,0.00401430,0.00436146,-0.00405148,-0.00439865,859.6910,-0.5571,-33.9035,16.45977368,44.11536078,1231.4648
2.820000,4393488.455245,4259871.113294,1795932.008768,-23.761794,-23.158066,190.323269,0.99813359,-0.00348972,0.06096837,-0.00013224,0.00798810,-0.05377868,-0.00013019,11.6285,1231.6856,256.6199,0.00756819,0.00020156,0.561209,0.00273778,0.00293856,-0.00276478,-0.00296556,0.00375670,0.00404889,-0.00379430,-0.00408649,849.2340,-0.5710,-33.2328,16.45979092,44.11536077,1231.6856
2.830000,4393488.216959,4259870.881059,1795933.915497,-23.895374,-23.289187,191.022526,0.99815073,-0.00345021,0.06068929,-0.00013415,0.00801430,-0.05792832,-0.00008351,11.6243,1231.9065,258.5351,0.00737549,0.00019628,0.563325,0.00273778,0.00293856,-0.00276478,-0.00296556,0.00352509,0.00375772,-0.00356330,-0.00379593,858.4077,-0.5932,-32.4776,16.45980823,44.11536076,1231.9065
2.840000,4393487.977331,4259870.647505,1795935.829244,-24.030206,-23.421514,191.725416,0.99816903,-0.00341054,0.06038990,-0.00013561,0.00804511,-0.06189146,0.00002328,11.6201,1232.1277,260.4576,0.00714783,0.00019121,0.565429,0.00273778,0.00293856,-0.00276478,-0.00296556,0.00341352,0.00361653,-0.00345205,-0.00365506,857.7643,-0.5970,-31.7444,16.45982560,44.11536075,1232.1277
2.850000,4393487.736352,4259870.412626,1795937.750004,-24.165698,-23.554452,192.426448,0.99818832,-0.00337068,0.06007246,-0.00013646,0.00807798,-0.06514066,0.00014038,11.6159,1232.3490,262.3873,0.00688263,0.00018541,0.567544,0.00309373,0.00293698,-0.00312692,-0.00297017,0.00336861,0.00355953,-0.00340726,-0.00359819,847.2977,-0.5869,-30.9481,16.45984304,44.11536075,1232.3490
2.860000,4393487.494014,4259870.176413,1795939.677772,-24.302259,-23.688392,193.128459,0.99820832,-0.00333064,0.05974140,-0.00013665,0.00810315,-0.06733329,0.00027113,11.6117,1232.5705,264.3244,0.00658496,0.00017862,0.569654,0.00309373,0.00293698,-0.00312692,-0.00297017,0.00337031,0.00354654,-0.00340834,-0.00358457,846.6482,-0.5742,-30.0639,16.45986054,44.11536074,1232.5705
2.870000,4393487.250304,4259869.938855,1795941.612571,-24.439762,-23.823200,193.829868,0.99822869,-0.00329045,0.05940234,-0.00013616,0.00812047,-0.06833920,0.00040373,11.6075,1232.7922,266.2686,0.00626402,0.00017072,0.571768,0.00309373,0.00293698,-0.00312692,-0.00297017,0.00338288,0.00354727,-0.00342025,-0.00358464,855.8118,-0.5552,-29.0831,16.45987811,44.11536073,1232.7922
2.880000,4393487.005215,4259869.699946,1795943.554368,-24.578267,-23.958924,194.530820,0.99824906,-0.00325015,0.05906123,-0.00013506,0.00813461,-0.06814983,0.00051703,11.6033,1233.0141,268.2202,0.00593146,0.00016166,0.573880,0.00309373,0.00293698,-0.00312692,-0.00297017,0.00338995,0.00354876,-0.00342699,-0.00358580,845.2035,-0.5272,-28.0295,16.45989575,44.11536072,1233.0141
2.890000,4393486.758735,4259869.459673,1795945.503186,-24.717945,-24.095720,195.232662,0.99826909,-0.00320975,0.05872398,-0.00013348,0.00814823,-0.06679896,0.00059848,11.5991,1233.2360,270.1790,0.00559945,0.00015157,0.575993,0.00203420,0.00222048,-0.00206903,-0.00225531,0.00339296,0.00354955,-0.00342987,-0.00358646,854.3616,-0.4925,-26.9494,16.45991345,44.11536071,1233.2360
2.900000,4393486.510852,4259869.218028,1795947.459019,-24.858784,-24.233559,195.933943,0.99828863,-0.00316938,0.05839304,-0.00013172,0.00811610,-0.06562942,0.00059736,11.5949,1233.4581,272.1451,0.00527972,0.00014074,0.578108,0.00203420,0.00222048,-0.00206903,-0.00225531,0.00316065,0.00333257,-0.00319402,-0.00336593,853.8386,-0.4429,-25.5925,16.45993121,44.11536070,1233.4581
2.910000,4393486.261559,4259868.975002,1795949.421835,-25.000065,-24.371739,196.629110,0.99830776,-0.00312930,0.05806732,-0.00013018,0.00804028,-0.06471301,0.00051294,11.5906,1233.6803,274.1185,0.00497826,0.00012980,0.580223,0.00203420,0.00222048,-0.00206903,-0.00225531,0.00292631,0.00311418,-0.00295614,-0.00314401,853.0374,-0.3921,-24.2828,16.45994905,44.11536070,1233.6803
2.920000,4393486.010848,4259868.730590,1795951.391599,-25.142160,-24.510637,197.322278,0.99832646,-0.00308967,0.05774707,-0.00012919,0.00794684,-0.06344042,0.00037188,11.5865,1233.9026,276.0991,0.00469273,0.00011957,0.582321,0.00203420,0.00222048,-0.00206903,-0.00225531,0.00281110,0.00300685,-0.00283920,-0.00303495,852.5165,-0.3490,-23.1689,16.45996694,44.11536069,1233.9026
2.930000,4393485.758713,4259868.484786,1795953.368279,-25.284975,-24.650178,198.013527,0.99834459,-0.00305056,0.05743489,-0.00012900,0.00785051,-0.06149048,0.00019334,11.5823,1234.1249,278.0870,0.00442263,0.00011073,0.584414,0.00159834,0.00165511,-0.00162726,-0.00168404,0.00276431,0.00296327,-0.00279171,-0.00299067,841.9034,-0.3143,-22.1856,16.45998491,44.11536068,1234.1249
2.940000,4393485.505146,4259868.237584,1795955.351868,-25.428499,-24.790464,198.704316,0.99836189,-0.00301184,0.05713530,-0.00012887,0.00778758,-0.05840961,0.00035374,11.5781,1234.3473,280.0820,0.00417245,0.00010368,0.586501,0.00159834,0.00165511,-0.00162726,-0.00168404,0.00287346,0.00294655,-0.00290279,-0.00297589,841.2427,-0.3743,-21.3888,16.46000293,44.11536067,1234.3473
2.950000,4393485.250137,4259867.988972,1795957.342391,-25.573505,-24.932241,199.401602,0.99837808,-0.00297326,0.05685383,-0.00012713,0.00775907,-0.05425424,0.00085080,11.5739,1234.5697,282.0843,0.00395026,0.00009652,0.588588,0.00159834,0.00165511,-0.00162726,-0.00168404,0.00299455,0.00294031,-0.00302601,-0.00297177,840.7206,-0.4341,-20.7030,16.46002103,44.11536066,1234.5697
2.960000,4393484.993677,4259867.738941,1795959.339871,-25.718551,-25.074022,200.094330,0.99839290,-0.00293461,0.05659504,-0.00012264,0.00774861,-0.04935525,0.00147740,11.5697,1234.7922,284.0938,0.00376626,0.00008589,0.590695,0.00159834,0.00165511,-0.00162726,-0.00168404,0.00305498,0.00293810,-0.00308749,-0.00297061,849.7211,-0.4341,-20.1202,16.46003919,44.11536065,1234.7922
2.970000,4393484.735765,4259867.487490,1795961.344276,-25.863872,-25.215970,200.785194,0.99840620,-0.00289581,0.05636192,-0.00011510,0.00774661,-0.04400448,0.00210157,11.5655,1235.0147,286.1105,0.00362910,0.00006977,0.592789,0.00117849,0.00128247,-0.00120963,-0.00131361,0.00307967,0.00293735,-0.00311261,-0.00297029,849.0514,-0.3844,-19.6941,16.46005741,44.11536064,1235.0147
2.980000,4393484.476394,4259867.234616,1795963.355601,-26.010377,-25.358823,201.479810,0.99841817,-0.00285687,0.05615137,-0.00010558,0.00775711,-0.04034172,0.00229349,11.5613,1235.2372,288.1344,0.00354381,0.00004775,0.594878,0.00117849,0.00128247,-0.00120963,-0.00131361,0.00271233,0.00268248,-0.00274602,-0.00271617,838.7118,-0.2121,-19.0226,16.46007570,44.11536063,1235.2372
2.990000,4393484.215555,4259866.980312,1795965.373871,-26.157618,-25.502131,202.175479,0.99842934,-0.00281786,0.05595449,-0.00009628,0.00777814,-0.03853836,0.00202923,11.5571,1235.4597,290.1655,0.00350491,0.00002254,0.596978,0.00117849,0.00128247,-0.00120963,-0.00131361,0.00233696,0.00242637,-0.00237129,-0.00246070,838.0366,-0.0210,-18.5395,16.46009405,44.11536062,1235.4597
3.000000,4393483.953240,4259866.724573,1795967.399110,-26.305345,-25.645723,202.872148,0.99844009,-0.00277884,0.05576425,-0.00008900,0.00780457,-0.03768720,0.00150329,11.5529,1235.6822,292.2039,0.00349389,-0.00000136,0.599082,0.00122812,0.00111466,-0.00124997,-0.00113652,0.00215202,0.00230053,-0.00218665,-0.00233517,847.1682,0.1224,-18.4053,16.46011247,44.11536061,1235.6822
3.010000,4393483.689447,4259866.467398,1795969.431313,-26.453219,-25.789335,203.568346,0.99845063,-0.00273985,0.05557723,-0.00008469,0.00783460,-0.03725003,0.00084334,11.5487,1235.9047,294.2496,0.00349523,-0.00002061,0.601190,0.00139957,0.00126940,-0.00142552,-0.00129535,0.00207686,0.00224945,-0.00211162,-0.00228421,846.3983,0.2214,-18.4679,16.46013096,44.11536060,1235.9047
3.020000,4393483.424175,4259866.208785,1795971.470475,-26.601309,-25.933125,204.264030,0.99846119,-0.00270095,0.05538913,-0.00008350,0.00783608,-0.03810776,0.00026427,11.5445,1236.1272,296.3025,0.00350134,-0.00003344,0.603296,0.00139957,0.00126940,-0.00142552,-0.00129535,0.00189408,0.00202960,-0.00192679,-0.00206230,845.5574,0.2491,-18.3563,16.46014951,44.11536059,1236.1272
3.030000,4393483.157420,4259865.948734,1795973.516591,-26.749420,-26.076945,204.957716,0.99847211,-0.00266226,0.05519378,-0.00008487,0.00780952,-0.04013975,-0.00019118,11.5403,1236.3497,298.3626,0.00350445,-0.00003993,0.605400,0.00139957,0.00126940,-0.00142552,-0.00129535,0.00172852,0.00182091,-0.00175913,-0.00185152,844.7126,0.2451,-18.2540,16.46016813,44.11536059,1236.3497
3.040000,4393482.889186,4259865.687246,1795975.569628,-26.897723,-26.220973,205.650969,0.99848362,-0.00262385,0.05498705,-0.00008829,0.00777199,-0.04264908,-0.00057155,11.5360,1236.5722,300.4300,0.00349231,-0.00004123,0.607500,0.00139957,0.00126940,-0.00142552,-0.00129535,0.00164866,0.00171938,-0.00167824,-0.00174896,834.0573,0.2345,-18.2294,16.46018681,44.11536058,1236.5722
3.050000,4393482.619465,4259865.424314,1795977.629609,-27.046413,-26.365408,206.345085,0.99849577,-0.00258572,0.05476768,-0.00009345,0.00773322,-0.04518207,-0.00090195,11.5318,1236.7947,302.5047,0.00345648,-0.00003839,0.609598,0.00116423,0.00128863,-0.00118957,-0.00131397,0.00161649,0.00167833,-0.00164565,-0.00170749,843.0148,0.2151,-18.1805,16.46020555,44.11536057,1236.7947
3.060000,4393482.348256,4259865.159936,1795979.696527,-27.195313,-26.510080,207.037118,0.99850866,-0.00254785,0.05453390,-0.00010025,0.00770940,-0.04839566,-0.00124069,11.5276,1237.0172,304.5866,0.00339463,-0.00003208,0.611699,0.00116423,0.00128863,-0.00118957,-0.00131397,0.00145541,0.00153072,-0.00148520,-0.00156051,842.1583,0.1970,-17.8335,16.46022437,44.11536056,1237.0172
3.070000,4393482.075557,4259864.894110,1795981.770349,-27.344717,-26.655292,207.728603,0.99852244,-0.00251014,0.05428277,-0.00010869,0.00770146,-0.05210931,-0.00158137,11.5234,1237.2396,306.6757,0.00330463,-0.00002251,0.613794,0.00116423,0.00128863,-0.00118957,-0.00131397,0.00130122,0.00139222,-0.00133175,-0.00142275,831.3467,0.1655,-17.3657,16.46024325,44.11536055,1237.2396
3.080000,4393481.801360,4259864.626828,1795983.851097,-27.494642,-26.801089,208.419395,0.99853714,-0.00247255,0.05401338,-0.00011870,0.00770293,-0.05567629,-0.00188488,11.5192,1237.4620,308.7720,0.00318120,-0.00000970,0.615888,0.00116423,0.00128863,-0.00118957,-0.00131397,0.00122608,0.00132498,-0.00125699,-0.00135588,840.2906,0.1127,-16.8539,16.46026219,44.11536054,1237.4620
3.090000,4393481.525662,4259864.358086,1795985.938735,-27.645156,-26.947630,209.109552,0.99855267,-0.00243510,0.05372718,-0.00012938,0.00765748,-0.05882035,-0.00186803,11.5150,1237.6844,310.8756,0.00302288,0.00000608,0.617981,0.00103976,0.00086740,-0.00105867,-0.00088631,0.00121332,0.00123818,-0.00124108,-0.00126594,829.7651,-0.0188,-16.2008,16.46028120,44.11536053,1237.6844
3.100000,4393481.248455,4259864.087873,1795988.033286,-27.796475,-27.095128,209.800495,0.99856882,-0.00239789,0.05342791,-0.00013906,0.00758860,-0.06089507,-0.00150499,11.5108,1237.9067,312.9863,0.00283321,0.00002271,0.620072,0.00103976,0.00086740,-0.00105867,-0.00088631,0.00128073,0.00122317,-0.00130668,-0.00124912,838.7008,-0.1616,-15.5090,16.46030027,44.11536052,1237.9067
3.110000,4393480.969734,4259863.816184,1795990.134715,-27.947763,-27.242704,210.485144,0.99858526,-0.00236089,0.05312145,-0.00014638,0.00752411,-0.06168978,-0.00094399,11.5066,1238.1289,315.1043,0.00261983,0.00003684,0.622167,0.00103976,0.00086740,-0.00105867,-0.00088631,0.00134676,0.00124547,-0.00137257,-0.00127127,837.6769,-0.2623,-14.7184,16.46031941,44.11536051,1238.1289
3.120000,4393480.689493,4259863.543012,1795992.243014,-28.100374,-27.391619,211.173215,0.99860166,-0.00232404,0.05281392,-0.00015067,0.00746719,-0.06132421,-0.00029767,11.5024,1238.3511,317.2295,0.00239499,0.00004596,0.624244,0.00103976,0.00086740,-0.00105867,-0.00088631,0.00137907,0.00125948,-0.00140493,-0.00128535,836.8037,-0.3193,-13.8182,16.46033861,44.11536050,1238.3511
3.130000,4393480.407724,4259863.268349,1795994.358177,-28.253816,-27.541335,211.860680,0.99861772,-0.00228727,0.05251083,-0.00015166,0.00741718,-0.05992070,0.00036554,11.4982,1238.5731,319.3618,0.00217112,0.00004884,0.626331,0.00029641,0.00024507,-0.00030962,-0.00025828,0.00139215,0.00126568,-0.00141807,-0.00129160,826.2665,-0.3378,-12.8795,16.46035788,44.11536049,1238.5731
3.140000,4393480.124417,4259862.992187,1795996.480197,-28.407585,-27.691228,212.543215,0.99863325,-0.00225062,0.05221641,-0.00015021,0.00736965,-0.05786943,0.00068498,11.4940,1238.7951,321.5014,0.00195933,0.00004517,0.628418,0.00029641,0.00024507,-0.00030962,-0.00025828,0.00131337,0.00127492,-0.00133909,-0.00130064,835.1848,-0.2465,-11.9033,16.46037722,44.11536048,1238.7951
3.150000,4393479.839565,4259862.714519,1795998.609067,-28.562919,-27.842484,213.230614,0.99864808,-0.00221416,0.05193358,-0.00014808,0.00732418,-0.05529410,0.00064024,11.4898,1239.0170,323.6481,0.00176808,0.00003704,0.630490,0.00029641,0.00024507,-0.00030962,-0.00025828,0.00123098,0.00128265,-0.00125649,-0.00130817,834.1506,-0.1320,-11.0014,16.46039662,44.11536047,1239.0170
3.160000,4393479.553160,4259862.435339,1796000.744779,-28.718018,-27.993401,213.910339,0.99866209,-0.00217795,0.05166500,-0.00014669,0.00728240,-0.05218689,0.00039795,11.4856,1239.2387,325.8020,0.00160272,0.00002807,0.632578,0.00029641,0.00024507,-0.00030962,-0.00025828,0.00119024,0.00128633,-0.00121565,-0.00131174,833.2549,-0.0519,-10.2399,16.46041608,44.11536046,1239.2387
3.170000,4393479.265200,4259862.154646,1796002.887299,-28.874218,-28.145326,214.593517,0.99867516,-0.00214202,0.05141313,-0.00014676,0.00724515,-0.04861865,0.00006546,11.4814,1239.4603,327.9631,0.00146793,0.00002090,0.634644,0.00035239,0.00045926,-0.00036799,-0.00047485,0.00117365,0.00128780,-0.00119902,-0.00131317,822.5623,-0.0029,-9.6305,16.46043561,44.11536045,1239.4603
3.180000,4393478.975678,4259861.872434,1796005.036620,-29.030335,-28.297246,215.271954,0.99868731,-0.00210639,0.05117816,-0.00014765,0.00717279,-0.04544901,0.00008371,11.4772,1239.6817,330.1314,0.00136783,0.00001683,0.636721,0.00035239,0.00045926,-0.00036799,-0.00047485,0.00112326,0.00113865,-0.00114633,-0.00116172,821.6632,-0.0696,-9.0193,16.46045520,44.11536044,1239.6817
3.190000,4393478.684588,4259861.588696,1796007.192763,-29.187724,-28.450485,215.956666,0.99869865,-0.00207116,0.05095770,-0.00014753,0.00706681,-0.04282186,0.00046915,11.4731,1239.9030,332.3067,0.00130264,0.00001410,0.638784,0.00035239,0.00045926,-0.00036799,-0.00047485,0.00107662,0.00098832,-0.00109738,-0.00100908,830.7187,-0.1467,-8.5753,16.46047486,44.11536043,1239.9030
3.200000,4393478.391926,4259861.303427,1796009.355724,-29.344424,-28.603051,216.633871,0.99870932,-0.00203636,0.05074971,-0.00014509,0.00694953,-0.04048025,0.00100841,11.4689,1240.1241,334.4893,0.00126683,0.00000910,0.640866,0.00035239,0.00045926,-0.00036799,-0.00047485,0.00105403,0.00091442,-0.00107365,-0.00093405,829.6559,-0.1657,-8.3638,16.46049458,44.11536042,1240.1241
3.210000,4393478.097695,4259861.016631,1796011.525467,-29.501836,-28.756242,217.314618,0.99871936,-0.00200201,0.05055302,-0.00013990,0.00683344,-0.03831242,0.00156197,11.4647,1240.3451,336.6790,0.00125537,-0.00000052,0.642926,0.00024660,0.00043671,-0.00026655,-0.00045667,0.00104491,0.00088442,-0.00106408,-0.00090359,819.1030,-0.1340,-8.3238,16.46051437,44.11536041,1240.3451
3.220000,4393477.801892,4259860.728305,1796013.701986,-29.658882,-28.908909,217.989121,0.99872908,-0.00196820,0.05036205,-0.00013248,0.00668690,-0.03819365,0.00189201,11.4605,1240.5658,338.8758,0.00126518,-0.00001537,0.644997,0.00024660,0.00043671,-0.00026655,-0.00045667,0.00077738,0.00065214,-0.00079435,-0.00066911,818.0357,-0.0247,-7.9772,16.46053422,44.11536040,1240.5658
3.230000,4393477.504516,4259860.438451,1796015.885247,-29.816323,-29.061767,218.663002,0.99873898,-0.00193514,0.05016659,-0.00012399,0.00651306,-0.04010197,0.00196518,11.4563,1240.7864,341.0797,0.00128635,-0.00003409,0.647050,0.00024660,0.00043671,-0.00026655,-0.00045667,0.00051057,0.00042584,-0.00052545,-0.00044072,817.1251,0.1097,-7.6988,16.46055413,44.11536039,1240.7864
3.240000,4393477.205564,4259860.147069,1796018.075244,-29.974073,-29.214751,219.336300,0.99874944,-0.00190297,0.04995920,-0.00011553,0.00633295,-0.04295076,0.00185915,11.4522,1241.0068,343.2907,0.00129833,-0.00005418,0.649101,0.00024660,0.00043671,-0.00026655,-0.00045667,0.00037965,0.00031524,-0.00039350,-0.00032910,816.2106,0.2333,-7.6093,16.46057411,44.11536038,1241.0068
3.250000,4393476.905033,4259859.854156,1796020.271971,-30.132138,-29.367891,220.008985,0.99876059,-0.00187173,0.04973695,-0.00010783,0.00615808,-0.04602328,0.00162892,11.4480,1241.2270,345.5088,0.00128572,-0.00007353,0.651151,0.00045571,0.00049149,-0.00047131,-0.00050709,0.00032653,0.00027044,-0.00033997,-0.00028388,815.4473,0.3428,-7.5277,16.46059416,44.11536037,1241.2270
3.260000,4393476.602920,4259859.559711,1796022.475421,-30.290555,-29.521187,220.681023,0.99877239,-0.00184139,0.04950071,-0.00010201,0.00600896,-0.04852775,0.00108793,11.4438,1241.4470,347.7340,0.00124284,-0.00009070,0.653200,0.00045571,0.00049149,-0.00047131,-0.00050709,0.00032673,0.00032996,-0.00034087,-0.00034410,814.3706,0.4893,-7.4344,16.46061427,44.11536036,1241.4470
3.270000,4393476.299221,4259859.263731,1796024.685589,-30.449389,-29.674747,221.352412,0.99878464,-0.00181191,0.04925389,-0.00009953,0.00588617,-0.05023857,0.00027368,11.4396,1241.6668,349.9662,0.00117156,-0.00010340,0.655247,0.00045571,0.00049149,-0.00047131,-0.00050709,0.00033981,0.00040067,-0.00035475,-0.00041561,813.4450,0.6110,-7.2084,16.46063444,44.11536035,1241.6668
3.280000,4393475.993931,4259858.966214,1796026.902467,-30.608688,-29.828712,222.023144,0.99879717,-0.00178320,0.04900027,-0.00010138,0.00578065,-0.05123776,-0.00065126,11.4354,1241.8864,352.2055,0.00107927,-0.00010883,0.657292,0.00045571,0.00049149,-0.00047131,-0.00050709,0.00034729,0.00043630,-0.00036263,-0.00045164,812.5157,0.6663,-6.8229,16.46065467,44.11536034,1241.8864
3.290000,4393475.687045,4259858.667155,1796029.126050,-30.768468,-29.983183,222.693202,0.99880979,-0.00175523,0.04874327,-0.00010782,0.00568687,-0.05158395,-0.00157035,11.4313,1242.1057,354.4519,0.00097411,-0.00010539,0.659336,0.00052471,0.00023191,-0.00053550,-0.00024270,0.00035050,0.00045091,-0.00036600,-0.00046641,811.7393,0.6580,-6.3333,16.46067497,44.11536033,1242.1057
3.300000,4393475.378556,4259858.366545,1796031.356357,-30.929521,-30.138977,223.368129,0.99882238,-0.00172785,0.04848561,-0.00011894,0.00563245,-0.05149600,-0.00252799,11.4271,1242.3249,356.7053,0.00086329,-0.00009283,0.661379,0.00052471,0.00023191,-0.00053550,-0.00024270,0.00031413,0.00044835,-0.00033124,-0.00046546,810.8030,0.6221,-5.7478,16.46069533,44.11536032,1242.3249
3.310000,4393475.068457,4259858.064377,1796033.593382,-31.090280,-30.294640,224.036789,0.99883483,-0.00170088,0.04822939,-0.00013481,0.00561476,-0.05100619,-0.00346445,11.4229,1242.5438,358.9658,0.00075255,-0.00007111,0.663437,0.00052471,0.00023191,-0.00053550,-0.00024270,0.00027677,0.00044221,-0.00029546,-0.00046091,809.6977,0.5333,-5.1466,16.46071576,44.11536031,1242.5438
3.320000,4393474.756749,4259857.760650,1796035.837090,-31.251421,-30.450921,224.704642,0.99884704,-0.00167416,0.04797676,-0.00015505,0.00561578,-0.05006029,-0.00426541,11.4187,1242.7624,361.2334,0.00064614,-0.00004039,0.665477,0.00052471,0.00023191,-0.00053550,-0.00024270,0.00025834,0.00043891,-0.00027781,-0.00045837,808.7534,0.3780,-4.5776,16.46073625,44.11536030,1242.7624
3.330000,4393474.443428,4259857.455357,1796038.087473,-31.412880,-30.607825,225.371785,0.99885890,-0.00164758,0.04773001,-0.00017877,0.00562528,-0.04866386,-0.00485439,11.4145,1242.9808,363.5080,0.00054814,-0.00000172,0.667515,0.00009790,0.00015826,-0.00010796,-0.00016832,0.00025085,0.00043752,-0.00027063,-0.00045730,807.8056,0.1685,-4.0560,16.46075681,44.11536029,1242.9808
3.340000,4393474.128491,4259857.148492,1796040.344523,-31.574489,-30.765299,226.038244,0.99887027,-0.00162111,0.04749223,-0.00020424,0.00560732,-0.04647753,-0.00495605,11.4104,1243.1989,365.7897,0.00046285,0.00004295,0.669551,0.00009790,0.00015826,-0.00010796,-0.00016832,0.00032238,0.00045646,-0.00034073,-0.00047481,806.8541,-0.1352,-3.6926,16.46077742,44.11536028,1243.1989
3.350000,4393473.811938,4259856.840049,1796042.608236,-31.736372,-30.923468,226.705534,0.99888099,-0.00159476,0.04726713,-0.00022899,0.00556156,-0.04361357,-0.00456587,11.4062,1243.4168,368.0784,0.00039580,0.00008977,0.671586,0.00009790,0.00015826,-0.00010796,-0.00016832,0.00039613,0.00047585,-0.00041296,-0.00049268,805.8989,-0.4541,-3.4238,16.46079811,44.11536027,1243.4168
3.360000,4393473.493764,4259856.530021,1796044.878631,-31.898462,-31.082198,227.373509,0.99889093,-0.00156852,0.04705719,-0.00025094,0.00550524,-0.04043519,-0.00383338,11.4020,1243.6344,370.3741,0.00035385,0.00013382,0.673624,0.00009790,0.00015826,-0.00010796,-0.00016832,0.00043252,0.00048540,-0.00044860,-0.00050148,814.7310,-0.7307,-3.2410,16.46081885,44.11536026,1243.6344
3.370000,4393473.173969,4259856.218405,1796047.155704,-32.060315,-31.240975,228.039477,0.99890009,-0.00154236,0.04686326,-0.00026865,0.00544815,-0.03723570,-0.00287616,11.3978,1243.8517,372.6769,0.00034150,0.00017115,0.675664,0.00004118,0.00016868,-0.00005022,-0.00017773,0.00044731,0.00048929,-0.00046309,-0.00050506,813.9245,-0.9544,-3.1939,16.46083966,44.11536025,1243.8517
3.380000,4393472.852554,4259855.905197,1796049.439447,-32.222830,-31.400731,228.710549,0.99890851,-0.00151627,0.04668409,-0.00027993,0.00535822,-0.03455065,-0.00126881,11.3936,1244.0687,374.9867,0.00035980,0.00019917,0.677698,0.00004118,0.00016868,-0.00005022,-0.00017773,0.00047732,0.00039848,-0.00049127,-0.00041243,803.1642,-1.2415,-3.2366,16.46086053,44.11536024,1244.0687
3.390000,4393472.529513,4259855.590390,1796051.729912,-32.385158,-31.560500,229.380938,0.99891636,-0.00149026,0.04651671,-0.00028177,0.00523847,-0.03254170,0.00088063,11.3894,1244.2854,377.3035,0.00040587,0.00021332,0.679748,0.00004118,0.00016868,-0.00005022,-0.00017773,0.00050391,0.00030623,-0.00051610,-0.00031842,811.9762,-1.4469,-3.4380,16.46088147,44.11536023,1244.2854
3.400000,4393472.204851,4259855.273987,1796054.027065,-32.547347,-31.720081,230.050858,0.99892379,-0.00146434,0.04635786,-0.00027245,0.00510976,-0.03115239,0.00317098,11.3852,1244.5019,379.6275,0.00047310,0.00020805,0.681796,0.00004118,0.00016868,-0.00005022,-0.00017773,0.00051668,0.00026082,-0.00052801,-0.00027216,801.2014,-1.4746,-3.8053,16.46090247,44.11536021,1244.5019
3.410000,4393471.878566,4259854.955989,1796056.330928,-32.709630,-31.879474,230.721632,0.99893093,-0.00143855,0.04620452,-0.00025199,0.00498357,-0.03035143,0.00531352,11.3809,1244.7181,381.9585,0.00055441,0.00018071,0.683842,0.00021153,0.00039555,-0.00022307,-0.00040709,0.00052181,0.00024238,-0.00053280,-0.00025337,810.0050,-1.3358,-4.2852,16.46092353,44.11536020,1244.7181
3.420000,4393471.550658,4259854.636399,1796058.641495,-32.872067,-32.038394,231.391828,0.99893803,-0.00141299,0.04605167,-0.00022303,0.00485878,-0.03095251,0.00654669,11.3767,1244.9340,384.2966,0.00064336,0.00013201,0.685891,0.00021153,0.00039555,-0.00022307,-0.00040709,0.00037204,0.00020936,-0.00038264,-0.00021996,809.0117,-0.9179,-4.6364,16.46094466,44.11536019,1244.9340
3.430000,4393471.221124,4259854.315223,1796060.958762,-33.034731,-32.196816,232.061436,0.99894540,-0.00138788,0.04589245,-0.00019036,0.00473704,-0.03288595,0.00678415,11.3725,1245.1496,386.6417,0.00073051,0.00006832,0.687939,0.00021153,0.00039555,-0.00022307,-0.00040709,0.00022019,0.00018064,-0.00023048,-0.00019093,808.0147,-0.4038,-4.9927,16.46096585,44.11536018,1245.1496
3.440000,4393470.889962,4259853.992465,1796063.282722,-33.197598,-32.354789,232.730423,0.99895328,-0.00136338,0.04572162,-0.00015822,0.00462170,-0.03557658,0.00631971,11.3683,1245.3649,388.9939,0.00080229,-0.00000051,0.689984,0.00021153,0.00039555,-0.00022307,-0.00040709,0.00014547,0.00016689,-0.00015562,-0.00017704,807.0140,0.0733,-5.3723,16.46098711,44.11536017,1245.3649
3.450000,4393470.557171,4259853.668128,1796065.613369,-33.360702,-32.512442,233.398788,0.99896177,-0.00133961,0.04553645,-0.00012960,0.00451426,-0.03859165,0.00536680,11.3641,1245.5799,391.3532,0.00084834,-0.00006621,0.692028,0.00049022,0.00030828,-0.00049942,-0.00031748,0.00011512,0.00016137,-0.00012521,-0.00017146,805.8452,0.4933,-5.6657,16.46100843,44.11536016,1245.5799
3.460000,4393470.222747,4259853.342216,1796067.950696,-33.524135,-32.669940,234.066516,0.99897093,-0.00131665,0.04533588,-0.00010687,0.00440683,-0.04170658,0.00395680,11.3599,1245.7947,393.7196,0.00086372,-0.00012310,0.694070,0.00049022,0.00030828,-0.00049942,-0.00031748,0.00008371,0.00016304,-0.00009342,-0.00017275,805.0014,0.8718,-5.7857,16.46102981,44.11536015,1245.7947
3.470000,4393469.886687,4259853.014729,1796070.294697,-33.687955,-32.827474,234.733543,0.99898073,-0.00129458,0.04512001,-0.00009201,0.00429958,-0.04468133,0.00221528,11.3557,1246.0092,396.0929,0.00084708,-0.00016668,0.696111,0.00049022,0.00030828,-0.00049942,-0.00031748,0.00005948,0.00016605,-0.00006882,-0.00017539,803.9896,1.1648,-5.7219,16.46105126,44.11536014,1246.0092
3.480000,4393469.548986,4259852.685666,1796072.645364,-33.852196,-32.985244,235.399800,0.99899111,-0.00127346,0.04489015,-0.00008622,0.00419679,-0.04727307,0.00032733,11.3514,1246.2234,398.4734,0.00079940,-0.00019340,0.698150,0.00049022,0.00030828,-0.00049942,-0.00031748,0.00004817,0.00016764,-0.00005733,-0.00017680,802.9741,1.3396,-5.4786,16.46107277,44.11536013,1246.2234
3.490000,4393469.209642,4259852.355023,1796075.002689,-34.016834,-33.143401,236.064928,0.99900196,-0.00125325,0.04464869,-0.00008985,0.00410052,-0.04929417,-0.00154671,11.3472,1246.4373,400.8608,0.00072404,-0.00020138,0.700187,0.00055673,0.00026380,-0.00056481,-0.00027188,0.00004368,0.00016830,-0.00005277,-0.00017739,801.7275,1.3911,-5.0648,16.46109434,44.11536012,1246.4373
3.500000,4393468.868653,4259852.022801,1796077.366630,-34.180739,-33.300981,236.721685,0.99901304,-0.00123387,0.04440063,-0.00010273,0.00403223,-0.04990484,-0.00337148,11.3430,1246.6509,403.2553,0.00062645,-0.00019049,0.702221,0.00055673,0.00026380,-0.00056481,-0.00027188,0.00010258,0.00024917,-0.00011252,-0.00025912,800.0353,1.3458,-4.6716,16.46111598,44.11536010,1246.6509
3.510000,4393468.526022,4259851.688998,1796079.737146,-34.345475,-33.459661,237.381238,0.99902403,-0.00121515,0.04415311,-0.00012434,0.00399077,-0.04907575,-0.00502931,11.3388,1246.8642,405.6568,0.00051650,-0.00016144,0.704231,0.00055673,0.00026380,-0.00056481,-0.00027188,0.00016288,0.00033033,-0.00017371,-0.00034116,788.7326,1.1850,-4.1869,16.46113768,44.11536009,1246.8642
3.520000,4393468.181743,4259851.353606,1796082.114251,-34.510608,-33.619170,238.040914,0.99903466,-0.00119693,0.04391225,-0.00015348,0.00396382,-0.04724711,-0.00636834,11.3346,1247.0772,408.0652,0.00040870,-0.00011578,0.706250,0.00055673,0.00026380,-0.00056481,-0.00027188,0.00019259,0.00037019,-0.00020386,-0.00038146,787.0299,0.9056,-3.6129,16.46115944,44.11536008,1247.0772
3.530000,4393467.835810,4259851.016613,1796084.497960,-34.676018,-33.779511,238.700616,0.99904476,-0.00117908,0.04368222,-0.00018827,0.00394426,-0.04476619,-0.00728364,11.3304,1247.2898,410.4806,0.00031544,-0.00005639,0.708270,0.00062394,0.00024472,-0.00063218,-0.00025297,0.00020467,0.00038637,-0.00021612,-0.00039782,795.0991,0.5300,-3.0662,16.46118127,44.11536007,1247.2898
3.540000,4393467.488223,4259850.678013,1796086.888259,-34.841230,-33.940473,239.358965,0.99905418,-0.00116144,0.04346650,-0.00022480,0.00390864,-0.04155053,-0.00705714,11.3262,1247.5022,412.9030,0.00024475,0.00001265,0.710290,0.00062394,0.00024472,-0.00063218,-0.00025297,0.00030819,0.00036136,-0.00031887,-0.00037204,793.3702,-0.0696,-2.7110,16.46120316,44.11536006,1247.5022
3.550000,4393467.138986,4259850.337802,1796089.285134,-35.006126,-34.101910,240.015988,0.99906281,-0.00114384,0.04326815,-0.00025739,0.00385672,-0.03785073,-0.00572084,11.3220,1247.7141,415.3323,0.00020276,0.00008274,0.712307,0.00062394,0.00024472,-0.00063218,-0.00025297,0.00040935,0.00033228,-0.00041922,-0.00034215,791.6320,-0.6784,-2.5227,16.46122511,44.11536005,1247.7141
3.560000,4393466.788102,4259849.995974,1796091.688574,-35.170686,-34.263574,240.671716,0.99907058,-0.00112614,0.04308850,-0.00028163,0.00379958,-0.03410311,-0.00372922,11.3177,1247.9258,417.7686,0.00019483,0.00014267,0.714320,0.00062394,0.00024472,-0.00063218,-0.00025297,0.00045882,0.00031767,-0.00046828,-0.00032713,789.8848,-1.1411,-2.5043,16.46124713,44.11536004,1247.9258
3.570000,4393466.435578,4259849.652534,1796094.098536,-35.334054,-34.424388,241.320514,0.99907756,-0.00110826,0.04292694,-0.00029510,0.00374345,-0.03065538,-0.00142892,11.3135,1248.1370,420.2119,0.00022288,0.00018428,0.716330,-0.00077871,-0.00065496,0.00077140,0.00064765,0.00047887,0.00031169,-0.00048816,-0.00032099,788.1284,-1.4387,-2.6952,16.46126920,44.11536003,1248.1370
3.580000,4393466.081423,4259849.307487,1796096.514980,-35.496768,-34.584703,241.966559,0.99908382,-0.00109015,0.04278139,-0.00029633,0.00368082,-0.02772613,0.00113856,11.3094,1248.3479,422.6621,0.00028479,0.00020343,0.718319,-0.00077871,-0.00065496,0.00077140,0.00064765,0.00050992,0.00029366,-0.00051876,-0.00030249,786.2073,-1.6191,-3.1121,16.46129135,44.11536002,1248.3479
3.590000,4393465.725644,4259848.960842,1796098.937864,-35.658841,-34.744289,242.610005,0.99908951,-0.00107180,0.04264879,-0.00028453,0.00361299,-0.02550324,0.00376366,11.3052,1248.5585,425.1191,0.00037562,0.00019776,0.720300,-0.00077871,-0.00065496,0.00077140,0.00064765,0.00053630,0.00027698,-0.00054471,-0.00028539,774.6696,-1.6279,-3.7259,16.46131355,44.11536001,1248.5585
3.600000,4393465.368247,4259848.612604,1796101.367176,-35.820520,-34.903119,243.252282,0.99909480,-0.00105324,0.04252522,-0.00026013,0.00354579,-0.02413054,0.00615114,11.3010,1248.7687,427.5829,0.00048852,0.00016634,0.722272,-0.00077871,-0.00065496,0.00077140,0.00064765,0.00054886,0.00026890,-0.00055708,-0.00027711,772.9094,-1.4362,-4.4942,16.46133581,44.11536000,1248.7687
3.610000,4393465.009239,4259848.262787,1796103.802877,-35.980821,-35.060005,243.886314,0.99909989,-0.00103455,0.04240623,-0.00022487,0.00348227,-0.02367686,0.00808206,11.2968,1248.9785,430.0536,0.00061517,0.00011085,0.724242,-0.00076786,-0.00079217,0.00076093,0.00078524,0.00055390,0.00026564,-0.00056203,-0.00027377,771.1406,-1.0664,-5.3681,16.46135814,44.11535998,1248.9785
3.620000,4393464.648632,4259847.911407,1796106.244898,-36.140594,-35.215652,244.517663,0.99910495,-0.00101580,0.04228745,-0.00018101,0.00342501,-0.02404284,0.00957835,11.2927,1249.1880,432.5310,0.00074641,0.00003545,0.726186,-0.00076786,-0.00079217,0.00076093,0.00078524,0.00057964,0.00025766,-0.00058779,-0.00026581,759.4294,-0.5928,-6.3116,16.46138053,44.11535997,1249.1880
3.630000,4393464.286428,4259847.558477,1796108.693226,-36.299943,-35.370032,245.146436,0.99911016,-0.00099706,0.04216492,-0.00013094,0.00337410,-0.02516269,0.01054627,11.2886,1249.3972,435.0151,0.00087340,-0.00005505,0.728122,-0.00076786,-0.00079217,0.00076093,0.00078524,0.00060430,0.00025042,-0.00061251,-0.00025862,757.6672,-0.0112,-7.2440,16.46140297,44.11535996,1249.3972
3.640000,4393463.922638,4259847.204014,1796111.147794,-36.458132,-35.522332,245.766837,0.99911566,-0.00097842,0.04203504,-0.00007767,0.00332849,-0.02696783,0.01085172,11.2845,1249.6060,437.5059,0.00098840,-0.00015544,0.730050,-0.00076786,-0.00079217,0.00076093,0.00078524,0.00061632,0.00024692,-0.00062455,-0.00025515,746.1210,0.6631,-8.1000,16.46142548,44.11535995,1249.6060
3.650000,4393463.557265,4259846.848034,1796113.608559,-36.616113,-35.673452,246.384565,0.99912157,-0.00096001,0.04189468,-0.00002463,0.00328745,-0.02932323,0.01044923,11.2804,1249.8144,440.0033,0.00108463,-0.00025949,0.731953,-0.00054691,-0.00052407,0.00054083,0.00051799,0.00062119,0.00024552,-0.00062943,-0.00025376,744.1928,1.3785,-8.8352,16.46144805,44.11535994,1249.8144
3.660000,4393463.190315,4259846.490550,1796116.075451,-36.773733,-35.823025,246.992112,0.99912849,-0.00094208,0.04172985,0.00002220,0.00324157,-0.03668912,0.00837797,11.2764,1250.0225,442.5072,0.00115646,-0.00036024,0.733848,-0.00054691,-0.00052407,0.00054083,0.00051799,0.00012453,-0.00007472,-0.00013245,0.00006681,732.4813,2.3165,-8.3275,16.46147067,44.11535993,1250.0225
3.670000,4393462.821790,4259846.131576,1796118.548368,-36.931242,-35.971512,247.589590,0.99913738,-0.00092498,0.04151674,0.00005491,0.00319102,-0.04851720,0.00481618,11.2724,1250.2303,445.0177,0.00118052,-0.00044515,0.735713,-0.00054691,-0.00052407,0.00054083,0.00051799,-0.00037606,-0.00039639,0.00036848,0.00038881,720.7864,3.1465,-7.5074,16.46149336,44.11535991,1250.2303
3.680000,4393462.451690,4259845.771121,1796121.027208,-37.088550,-36.119326,248.176852,0.99914880,-0.00090894,0.04124122,0.00006806,0.00314067,-0.06151484,0.00057148,11.2685,1250.4376,447.5345,0.00111107,-0.00049896,0.737549,-0.00054691,-0.00052407,0.00054083,0.00051799,-0.00062213,-0.00055443,0.00061471,0.00054701,709.1083,3.6351,-6.6121,16.46151610,44.11535990,1250.4376
3.690000,4393462.080023,4259845.409194,1796123.511841,-37.244949,-36.266273,248.748030,0.99916271,-0.00089403,0.04090325,0.00005978,0.00309313,-0.07336485,-0.00373360,11.2646,1250.6446,450.0577,0.00092083,-0.00051222,0.739356,-0.00085121,-0.00093347,0.00084578,0.00092804,-0.00072204,-0.00061858,0.00071469,0.00061123,697.4475,3.7666,-5.1829,16.46153890,44.11535989,1250.6446
3.700000,4393461.706791,4259845.045793,1796126.002134,-37.401322,-36.413732,249.307312,0.99917869,-0.00088017,0.04051147,0.00003165,0.00304564,-0.08292799,-0.00735559,11.2607,1250.8512,452.5870,0.00061196,-0.00048261,0.741115,-0.00085121,-0.00093347,0.00084578,0.00092804,-0.00075524,-0.00069113,0.00074805,0.00068393,685.8210,3.4915,-2.9613,16.46156176,44.11535988,1250.8512
3.710000,4393461.331999,4259844.680919,1796128.497924,-37.556824,-36.561222,249.847385,0.99919612,-0.00086719,0.04007948,-0.00001217,0.00299857,-0.08937408,-0.00999911,11.2570,1251.0573,455.1223,0.00020457,-0.00041476,0.742842,-0.00085121,-0.00093347,0.00084578,0.00092804,-0.00076439,-0.00074852,0.00075734,0.00074147,664.2639,2.9321,-0.0435,16.46158467,44.11535987,1251.0573
3.720000,4393460.955652,4259844.314563,1796130.999046,-37.712466,-36.709914,250.373878,0.99921428,-0.00085486,0.03962438,-0.00006671,0.00295393,-0.09213952,-0.01164053,11.2533,1251.2629,457.6635,-0.00027189,-0.00031798,0.744513,-0.00085121,-0.00093347,0.00084578,0.00092804,-0.00076691,-0.00077545,0.00075993,0.00076848,642.7507,2.1981,3.3778,16.46160763,44.11535986,1251.2629
3.730000,4393460.577752,4259843.946719,1796133.505337,-37.867641,-36.859323,250.882529,0.99923239,-0.00084298,0.03916509,-0.00012696,0.00291264,-0.09106386,-0.01227997,11.2497,1251.4680,460.2104,-0.00078181,-0.00020276,0.746146,-0.00127141,-0.00112246,0.00126536,0.00111641,-0.00076760,-0.00078618,0.00076065,0.00077923,621.4434,1.3500,7.0825,16.46163065,44.11535985,1251.4680
3.740000,4393460.198303,4259843.577376,1796136.016633,-38.022111,-37.009211,251.373502,0.99924962,-0.00083135,0.03872304,-0.00018822,0.00286632,-0.08530533,-0.01204565,11.2462,1251.6724,462.7629,-0.00128690,-0.00007945,0.747728,-0.00127141,-0.00112246,0.00126536,0.00111641,-0.00068927,-0.00069483,0.00068263,0.00068820,609.7748,0.4737,10.5680,16.46165371,44.11535984,1251.6724
3.750000,4393459.817314,4259843.206535,1796138.532743,-38.175357,-37.159017,251.845364,0.99926514,-0.00081983,0.03832033,-0.00024629,0.00281538,-0.07543952,-0.01100899,11.2428,1251.8763,465.3208,-0.00174565,0.00004254,0.749260,-0.00127141,-0.00112246,0.00126536,0.00111641,-0.00061037,-0.00060040,0.00060404,0.00059408,588.3724,-0.3917,13.7800,16.46167683,44.11535983,1251.8763
3.760000,4393459.434801,4259842.834198,1796141.053477,-38.327008,-37.308264,252.298267,0.99927835,-0.00080828,0.03797404,-0.00029732,0.00276457,-0.06288767,-0.00923945,11.2395,1252.0794,467.8840,-0.00211559,0.00015498,0.750738,-0.00127141,-0.00112246,0.00126536,0.00111641,-0.00057158,-0.00055379,0.00056541,0.00054762,566.8375,-1.2001,16.5247,16.46169999,44.11535982,1252.0794
3.770000,4393459.050786,4259842.460378,1796143.578617,-38.475467,-37.455207,252.725258,0.99928895,-0.00079657,0.03769422,-0.00033800,0.00271643,-0.04901503,-0.00687737,11.2362,1252.2818,470.4521,-0.00236491,0.00025050,0.752160,-0.00171726,-0.00147202,0.00171196,0.00146673,-0.00055584,-0.00053483,0.00054973,0.00052872,545.5288,-1.8919,18.4948,16.46172320,44.11535981,1252.2818
3.780000,4393458.665299,4259842.085099,1796146.107920,-38.621266,-37.600183,253.132286,0.99929699,-0.00078457,0.03748045,-0.00036527,0.00266524,-0.03662307,-0.00389419,11.2331,1252.4834,473.0251,-0.00247678,0.00032298,0.753506,-0.00171726,-0.00147202,0.00171196,0.00146673,-0.00065814,-0.00067329,0.00065228,0.00066742,514.5165,-2.4703,19.8623,16.46174645,44.11535980,1252.4834
3.790000,4393458.278374,4259841.708387,1796148.641173,-38.763044,-37.741559,253.513775,0.99930289,-0.00077222,0.03732275,-0.00037663,0.00261158,-0.02670856,-0.00053676,11.2301,1252.6842,475.6027,-0.00245441,0.00036684,0.754793,-0.00171726,-0.00147202,0.00171196,0.00146673,-0.00076482,-0.00081711,0.00075920,0.00081148,493.3306,-2.8368,20.2403,16.46176974,44.11535979,1252.6842
3.800000,4393457.890050,4259841.330279,1796151.178135,-38.901015,-37.879186,253.874182,0.99930715,-0.00075948,0.03720886,-0.00037115,0.00255917,-0.01919313,0.00280910,11.2273,1252.8842,478.1846,-0.00232115,0.00037795,0.756004,-0.00171726,-0.00147202,0.00171196,0.00146673,-0.00081756,-0.00088815,0.00081205,0.00088264,462.2626,-2.9307,19.5845,16.46179307,44.11535978,1252.8842
3.810000,4393457.500370,4259840.950820,1796153.718569,-39.034276,-38.011844,254.209563,0.99931023,-0.00074639,0.03712661,-0.00034970,0.00250992,-0.01411813,0.00582035,11.2245,1253.0833,480.7707,-0.00210481,0.00035551,0.757153,-0.00148260,-0.00124643,0.00147808,0.00124191,-0.00083902,-0.00091706,0.00083356,0.00091159,431.2537,-2.7575,18.1702,16.46181644,44.11535977,1253.0833
3.820000,4393457.109375,4259840.570056,1796156.262266,-39.164052,-38.140308,254.526965,0.99931272,-0.00073306,0.03706007,-0.00031585,0.00247079,-0.01292250,0.00774859,11.2218,1253.2816,483.3606,-0.00183208,0.00030220,0.758225,-0.00148260,-0.00124643,0.00147808,0.00124191,-0.00099631,-0.00099494,0.00099065,0.00098928,410.2698,-2.2264,16.5646,16.46183984,44.11535976,1253.2816
3.830000,4393456.717105,4259840.188033,1796158.809020,-39.289276,-38.263376,254.819462,0.99931534,-0.00071965,0.03699002,-0.00027535,0.00244137,-0.01549387,0.00846974,11.2193,1253.4790,485.9542,-0.00153500,0.00022634,0.759243,-0.00148260,-0.00124643,0.00147808,0.00124191,-0.00114927,-0.00106625,0.00114339,0.00106038,389.1550,-1.5263,14.7139,16.46186328,44.11535975,1253.4790
3.840000,4393456.323601,4259839.804802,1796161.358596,-39.410618,-38.381737,255.091350,0.99931868,-0.00070633,0.03690017,-0.00023365,0.00241772,-0.02077163,0.00822832,11.2168,1253.6756,488.5512,-0.00125234,0.00013989,0.760187,-0.00148260,-0.00124643,0.00147808,0.00124191,-0.00122400,-0.00110072,0.00121802,0.00109474,358.5253,-0.8112,12.7583,16.46188675,44.11535974,1253.6756
3.850000,4393455.928908,4259839.420416,1796163.910759,-39.527559,-38.494977,255.338228,0.99932315,-0.00069325,0.03677929,-0.00019504,0.00239753,-0.02781772,0.00723176,11.2145,1253.8713,491.1514,-0.00101641,0.00005365,0.761067,-0.00109840,-0.00112312,0.00109339,0.00111811,-0.00125427,-0.00111461,0.00124825,0.00110859,327.7739,-0.1362,11.0261,16.46191024,44.11535973,1253.8713
3.860000,4393455.533063,4259839.034918,1796166.465272,-39.640656,-38.603725,255.559992,0.99932916,-0.00068055,0.03661604,-0.00016342,0.00237172,-0.03760169,0.00544549,11.2123,1254.0662,493.7545,-0.00084847,-0.00002401,0.761873,-0.00109840,-0.00112312,0.00109339,0.00111811,-0.00142392,-0.00124397,0.00141815,0.00123820,306.8663,0.5064,10.1611,16.46193377,44.11535972,1254.0662
3.870000,4393455.136102,4259838.648350,1796169.021899,-39.750950,-38.709193,255.760916,0.99933711,-0.00066838,0.03639894,-0.00014223,0.00234038,-0.04921211,0.00306787,11.2102,1254.2602,496.3604,-0.00076787,-0.00008555,0.762603,-0.00109840,-0.00112312,0.00109339,0.00111811,-0.00158717,-0.00137068,0.00158167,0.00136518,276.4483,1.0172,9.9208,16.46195731,44.11535970,1254.2602
3.880000,4393454.738055,4259838.260746,1796171.580401,-39.858024,-38.811256,255.936538,0.99934710,-0.00065684,0.03612363,-0.00013363,0.00230791,-0.06074769,0.00042999,11.2082,1254.4533,498.9687,-0.00079494,-0.00012460,0.763271,-0.00109840,-0.00112312,0.00109339,0.00111811,-0.00166680,-0.00143268,0.00166142,0.00142730,245.9084,1.3252,10.2670,16.46198088,44.11535969,1254.4533
3.890000,4393454.338952,4259837.872135,1796174.140540,-39.962201,-38.910507,256.086796,0.99935897,-0.00064595,0.03579408,-0.00013819,0.00227673,-0.07078028,-0.00218173,11.2063,1254.6455,501.5793,-0.00093616,-0.00013767,0.763865,-0.00109180,-0.00109734,0.00108810,0.00109364,-0.00169902,-0.00145779,0.00169370,0.00145247,225.2119,1.4172,11.3629,16.46200447,44.11535968,1254.6455
3.900000,4393453.938817,4259837.482541,1796176.702077,-40.064533,-39.008231,256.217471,0.99937220,-0.00063567,0.03542288,-0.00015514,0.00223948,-0.07732172,-0.00451306,11.2046,1254.8368,504.1918,-0.00118100,-0.00012436,0.764383,-0.00109180,-0.00109734,0.00108810,0.00109364,-0.00162756,-0.00138693,0.00162253,0.00138191,195.0089,1.2953,12.9712,16.46202808,44.11535967,1254.8368
3.910000,4393453.537666,4259837.091974,1796179.264828,-40.165398,-39.105008,256.329827,0.99938609,-0.00062598,0.03502881,-0.00018262,0.00219696,-0.07989974,-0.00638118,11.2029,1255.0271,506.8061,-0.00150268,-0.00008693,0.764845,-0.00109180,-0.00109734,0.00108810,0.00109364,-0.00154790,-0.00130959,0.00154315,0.00130485,174.6319,0.9870,15.1796,16.46205170,44.11535966,1255.0271
3.920000,4393453.135513,4259836.700443,1796181.828613,-40.264920,-39.201118,256.424066,0.99939997,-0.00061677,0.03463062,-0.00021802,0.00215393,-0.07897772,-0.00766654,11.2013,1255.2164,509.4219,-0.00186211,-0.00002973,0.765254,-0.00109180,-0.00109734,0.00108810,0.00109364,-0.00150812,-0.00127109,0.00150351,0.00126648,154.3091,0.5307,17.8315,16.46207534,44.11535965,1255.2164
3.930000,4393452.732372,4259836.307954,1796184.393249,-40.362996,-39.296560,256.500130,0.99941326,-0.00060794,0.03424460,-0.00025823,0.00211287,-0.07508818,-0.00830056,11.1998,1255.4047,512.0391,-0.00222073,0.00004154,0.765610,-0.00224532,-0.00194842,0.00224197,0.00194507,-0.00149186,-0.00125538,0.00148731,0.00125083,134.0401,-0.0294,20.5780,16.46209899,44.11535964,1255.4047
3.940000,4393452.328260,4259835.914515,1796186.958556,-40.459382,-39.391287,256.559624,0.99942544,-0.00059929,0.03388710,-0.00029847,0.00207997,-0.06766307,-0.00768643,11.1984,1255.5919,514.6576,-0.00254615,0.00012040,0.765913,-0.00224532,-0.00194842,0.00224197,0.00194507,-0.00134928,-0.00120571,0.00134458,0.00120101,113.8251,-0.7822,22.8546,16.46212265,44.11535963,1255.5919
3.950000,4393451.923188,4259835.520128,1796189.524411,-40.554652,-39.485766,256.608367,0.99943601,-0.00059057,0.03357393,-0.00033274,0.00205495,-0.05748684,-0.00592410,11.1971,1255.7780,517.2770,-0.00280766,0.00019676,0.766169,-0.00224532,-0.00194842,0.00224197,0.00194507,-0.00120986,-0.00115959,0.00120499,0.00115472,103.6128,-1.5073,24.6764,16.46214632,44.11535962,1255.7780
3.960000,4393451.517176,4259835.124806,1796192.090665,-40.647643,-39.578583,256.640963,0.99944467,-0.00058158,0.03331505,-0.00035650,0.00203458,-0.04609417,-0.00350146,11.1958,1255.9629,519.8974,-0.00297556,0.00025881,0.766393,-0.00224532,-0.00194842,0.00224197,0.00194507,-0.00114168,-0.00113724,0.00113672,0.00113228,83.4794,-2.0423,25.9396,16.46217000,44.11535961,1255.9629
3.970000,4393451.110240,4259834.728560,1796194.657200,-40.738903,-39.669979,256.663275,0.99945137,-0.00057224,0.03311326,-0.00036742,0.00201694,-0.03479430,-0.00081313,11.1945,1256.1467,522.5185,-0.00303221,0.00029826,0.766570,-0.00237245,-0.00224770,0.00236909,0.00224434,-0.00111405,-0.00112822,0.00110906,0.00112322,73.3485,-2.3567,26.4305,16.46219369,44.11535959,1256.1467
3.980000,4393450.702404,4259834.331412,1796197.223901,-40.828044,-39.759282,256.675505,0.99945626,-0.00056256,0.03296562,-0.00036504,0.00198698,-0.02456295,0.00179680,11.1934,1256.3293,525.1403,-0.00297467,0.00031125,0.766716,-0.00237245,-0.00224770,0.00236909,0.00224434,-0.00110147,-0.00111572,0.00109693,0.00111118,53.2960,-2.4365,26.0529,16.46221738,44.11535958,1256.3293
3.990000,4393450.293687,4259833.933383,1796199.790682,-40.914950,-39.846128,256.679273,0.99945960,-0.00055264,0.03286468,-0.00035034,0.00194538,-0.01621923,0.00409448,11.1922,1256.5107,527.7626,-0.00281169,0.00029768,0.766832,-0.00237245,-0.00224770,0.00236909,0.00224434,-0.00109551,-0.00110533,0.00109144,0.00110126,43.2282,-2.3044,24.8605,16.46224108,44.11535957,1256.5107
4.000000,4393449.884113,4259833.534500,1796202.357459,-40.999344,-39.930048,256.674722,0.99946176,-0.00054258,0.03279936,-0.00032528,0.00190028,-0.01038839,0.00592322,11.1911,1256.6910,530.3853,-0.00256074,0.00026021,0.766922,-0.00237245,-0.00224770,0.00236909,0.00224434,-0.00109313,-0.00110041,0.00108929,0.00109657,33.1874,-1.9923,22.9818,16.46226478,44.11535956,1256.6910
4.010000,4393449.473709,4259833.134793,1796204.924149,-41.081280,-40.010942,256.663375,0.99946319,-0.00053248,0.03275607,-0.00029250,0.00185610,-0.00743220,0.00716991,11.1901,1256.8701,533.0083,-0.00224600,0.00020334,0.766986,-0.00246797,-0.00228706,0.00246398,0.00228307,-0.00109226,-0.00109844,0.00108851,0.00109469,23.1736,-1.5356,20.5922,16.46228848,44.11535955,1256.8701
4.020000,4393449.062493,4259832.734289,1796207.490698,-41.161476,-40.089229,256.645094,0.99946476,-0.00052251,0.03270857,-0.00025680,0.00181078,-0.01202354,0.00709279,11.1891,1257.0481,535.6316,-0.00189596,0.00013277,0.767028,-0.00246797,-0.00228706,0.00246398,0.00228307,-0.00150187,-0.00140016,0.00149828,0.00139657,22.9438,-0.8171,18.9760,16.46231218,44.11535954,1257.0481
4.030000,4393448.650484,4259832.333016,1796210.057023,-41.239911,-40.164932,256.618529,0.99946766,-0.00051289,0.03262038,-0.00022465,0.00176506,-0.02356212,0.00575353,11.1881,1257.2249,538.2551,-0.00156003,0.00005888,0.767048,-0.00246797,-0.00228706,0.00246398,0.00228307,-0.00191396,-0.00170403,0.00191051,0.00170058,13.1664,-0.0829,17.4127,16.46233589,44.11535952,1257.2249
4.040000,4393448.237695,4259831.930994,1796212.623069,-41.317544,-40.239240,256.589195,0.99947271,-0.00050380,0.03246540,-0.00020111,0.00172115,-0.03854927,0.00366097,11.1871,1257.4006,540.8787,-0.00130999,-0.00000544,0.767043,-0.00246797,-0.00228706,0.00246398,0.00228307,-0.00211647,-0.00185339,0.00211308,0.00185000,3.2239,0.4841,15.9096,16.46235960,44.11535951,1257.4006
4.050000,4393447.824138,4259831.528237,1796215.188779,-41.394062,-40.312122,256.552691,0.99948024,-0.00049530,0.03223302,-0.00018894,0.00168010,-0.05431756,0.00121617,11.1862,1257.5752,543.5023,-0.00119701,-0.00005075,0.767030,-0.00238281,-0.00241448,0.00237909,0.00241076,-0.00219869,-0.00191403,0.00219532,0.00191066,-6.5166,0.8503,15.1257,16.46238331,44.11535950,1257.5752
4.060000,4393447.409816,4259831.124753,1796217.754093,-41.470082,-40.384543,256.508746,0.99949024,-0.00048739,0.03192158,-0.00018820,0.00164232,-0.06997669,-0.00089728,11.1853,1257.7487,546.1259,-0.00123955,-0.00007227,0.766995,-0.00238281,-0.00241448,0.00237909,0.00241076,-0.00227435,-0.00204287,0.00227099,0.00203951,-6.6678,0.9171,15.6312,16.46240701,44.11535949,1257.7487
4.070000,4393446.994732,4259830.720541,1796220.318952,-41.547141,-40.458203,256.462965,0.99950251,-0.00047997,0.03153525,-0.00019672,0.00160775,-0.08409534,-0.00248594,11.1844,1257.9210,548.7494,-0.00143651,-0.00007093,0.766938,-0.00238281,-0.00241448,0.00237909,0.00241076,-0.00233050,-0.00215772,0.00232714,0.00215436,-16.5567,0.8011,17.2816,16.46243072,44.11535948,1257.9210
4.080000,4393446.578872,4259830.315586,1796222.883322,-41.624805,-40.532760,256.409389,0.99951658,-0.00047294,0.03108585,-0.00021206,0.00157612,-0.09507684,-0.00362844,11.1835,1258.0923,551.3728,-0.00177573,-0.00005159,0.766878,-0.00238281,-0.00241448,0.00237909,0.00241076,-0.00235646,-0.00221295,0.00235310,0.00220959,-16.4884,0.5944,19.9100,16.46245443,44.11535946,1258.0923
4.090000,4393446.162228,4259829.909877,1796225.447137,-41.704418,-40.609589,256.353644,0.99953183,-0.00046622,0.03059171,-0.00023209,0.00154716,-0.10190975,-0.00436248,11.1827,1258.2623,553.9960,-0.00223062,-0.00001940,0.766796,-0.00285433,-0.00291944,0.00285135,0.00291647,-0.00236673,-0.00223517,0.00236337,0.00223181,-26.3510,0.3179,23.3832,16.46247813,44.11535945,1258.2623
4.100000,4393445.744780,4259829.503390,1796228.010363,-41.785333,-40.688061,256.289877,0.99954753,-0.00045972,0.03007408,-0.00025511,0.00152740,-0.10445045,-0.00482255,11.1819,1258.4312,556.6190,-0.00276202,0.00002116,0.766710,-0.00285433,-0.00291944,0.00285135,0.00291647,-0.00240443,-0.00225736,0.00240085,0.00225378,-26.4517,0.0212,27.5204,16.46250183,44.11535944,1258.4312
4.110000,4393445.326513,4259829.096106,1796230.572932,-41.868549,-40.769176,256.223858,0.99956303,-0.00045334,0.02955458,-0.00027973,0.00151608,-0.10269226,-0.00500732,11.1811,1258.5988,559.2418,-0.00332582,0.00006666,0.766603,-0.00285433,-0.00291944,0.00285135,0.00291647,-0.00243987,-0.00227430,0.00243606,0.00227049,-36.0926,-0.3066,31.9272,16.46252553,44.11535943,1258.5988
4.120000,4393444.907406,4259828.688002,1796233.134809,-41.952931,-40.851847,256.149860,0.99957769,-0.00044701,0.02905430,-0.00030445,0.00150904,-0.09684839,-0.00486157,11.1804,1258.7651,561.8642,-0.00387835,0.00011424,0.766492,-0.00285433,-0.00291944,0.00285135,0.00291647,-0.00245709,-0.00228219,0.00245317,0.00227827,-36.1682,-0.6619,36.2374,16.46254923,44.11535942,1258.7651
4.130000,4393444.487447,4259828.279061,1796235.695927,-42.038873,-40.936442,256.072397,0.99959101,-0.00044065,0.02859226,-0.00032761,0.00150390,-0.08752216,-0.00438155,11.1796,1258.9301,564.4863,-0.00437839,0.00016081,0.766359,-0.00481905,-0.00465498,0.00481671,0.00465265,-0.00246404,-0.00228532,0.00246008,0.00228135,-45.7821,-1.0145,40.1468,16.46257293,44.11535941,1258.9301
4.140000,4393444.066628,4259827.869271,1796238.256226,-42.125124,-41.021817,255.987249,0.99960261,-0.00043418,0.02818347,-0.00034643,0.00149671,-0.07571327,-0.00313503,11.1789,1259.0938,567.1080,-0.00478963,0.00020307,0.766219,-0.00481905,-0.00465498,0.00481671,0.00465265,-0.00243635,-0.00233174,0.00243246,0.00232786,-55.3869,-1.4475,43.4072,16.46259662,44.11535939,1259.0938
4.150000,4393443.644942,4259827.458620,1796240.815671,-42.212361,-41.108502,255.901812,0.99961230,-0.00042750,0.02783768,-0.00035737,0.00148730,-0.06249706,-0.00124602,11.1782,1259.2560,569.7293,-0.00508477,0.00023529,0.766057,-0.00481905,-0.00465498,0.00481671,0.00465265,-0.00240682,-0.00237767,0.00240303,0.00237388,-55.4113,-1.7981,45.7817,16.46262030,44.11535938,1259.2560
4.160000,4393443.222380,4259827.047099,1796243.374262,-42.299817,-41.195496,255.814891,0.99962002,-0.00042057,0.02755922,-0.00035827,0.00147723,-0.04896206,0.00086840,11.1775,1259.4169,572.3501,-0.00524737,0.00025072,0.765895,-0.00481905,-0.00465498,0.00481671,0.00465265,-0.00239217,-0.00240018,0.00238842,0.00239643,-55.2390,-1.9563,47.1299,16.46264399,44.11535937,1259.4169
4.170000,4393442.798950,4259826.634716,1796245.931941,-42.385980,-41.281089,255.720944,0.99962586,-0.00041338,0.02734696,-0.00034877,0.00146736,-0.03618477,0.00289312,11.1768,1259.5763,574.9705,-0.00527239,0.00024572,0.765730,-0.00567558,-0.00552188,0.00567263,0.00551893,-0.00238620,-0.00240930,0.00238247,0.00240557,-65.0161,-1.9220,47.4108,16.46266767,44.11535936,1259.5763
4.180000,4393442.374660,4259826.221479,1796248.488682,-42.471889,-41.366117,255.627296,0.99963017,-0.00040597,0.02718900,-0.00032970,0.00145004,-0.02735695,0.00468805,11.1762,1259.7343,577.5903,-0.00516577,0.00022029,0.765544,-0.00567558,-0.00552188,0.00567263,0.00551893,-0.00255155,-0.00259213,0.00254809,0.00258868,-64.8184,-1.7345,47.1829,16.46269134,44.11535935,1259.7343
4.190000,4393441.949514,4259825.807396,1796251.044488,-42.556958,-41.449849,255.532645,0.99963358,-0.00039844,0.02706402,-0.00030257,0.00142601,-0.02304930,0.00610229,11.1755,1259.8909,580.2095,-0.00495263,0.00017652,0.765359,-0.00567558,-0.00552188,0.00567263,0.00551893,-0.00271926,-0.00277377,0.00271607,0.00277058,-64.6216,-1.4025,46.1047,16.46271501,44.11535933,1259.8909
4.200000,4393441.523529,4259825.392491,1796253.599308,-42.639897,-41.530902,255.431355,0.99963662,-0.00039087,0.02695172,-0.00026963,0.00139996,-0.02229483,0.00699931,11.1749,1260.0460,582.8282,-0.00467798,0.00011795,0.765170,-0.00567558,-0.00552188,0.00567263,0.00551893,-0.00280178,-0.00286284,0.00279873,0.00285978,-74.3743,-0.9491,44.2519,16.46273867,44.11535932,1260.0460
4.210000,4393441.096715,4259824.976779,1796256.153146,-42.722811,-41.611262,255.336347,0.99963975,-0.00038335,0.02683610,-0.00023367,0.00137441,-0.02434355,0.00731207,11.1743,1260.1998,585.4463,-0.00438457,0.00004944,0.764960,-0.00631978,-0.00637867,0.00631751,0.00637640,-0.00283531,-0.00289896,0.00283230,0.00289596,-74.1524,-0.4181,42.0734,16.46276233,44.11535931,1260.1998
4.220000,4393440.669074,4259824.560270,1796258.706006,-42.805170,-41.690258,255.235831,0.99964385,-0.00037602,0.02668336,-0.00019889,0.00134358,-0.03699358,0.00652904,11.1737,1260.3521,588.0638,-0.00410481,-0.00002327,0.764768,-0.00631978,-0.00637867,0.00631751,0.00637640,-0.00354593,-0.00352910,0.00354317,0.00352635,-73.9491,0.2633,41.8745,16.46278598,44.11535930,1260.3521
4.230000,4393440.240611,4259824.142976,1796261.257833,-42.887187,-41.768198,255.128109,0.99965022,-0.00036903,0.02644366,-0.00017052,0.00130824,-0.05886190,0.00475609,11.1731,1260.5031,590.6806,-0.00389928,-0.00009131,0.764559,-0.00631978,-0.00637867,0.00631751,0.00637640,-0.00425238,-0.00415399,0.00424985,0.00415146,-73.9306,0.9006,42.1429,16.46280963,44.11535928,1260.5031
4.240000,4393439.811326,4259823.724903,1796263.808568,-42.970035,-41.846487,255.018889,0.99965961,-0.00036252,0.02608655,-0.00015241,0.00127240,-0.08364423,0.00243704,11.1725,1260.6527,593.2968,-0.00386480,-0.00014446,0.764330,-0.00631978,-0.00637867,0.00631751,0.00637640,-0.00459884,-0.00446033,0.00459643,0.00445792,-83.4406,1.3530,42.6372,16.46283327,44.11535927,1260.6527
4.250000,4393439.381204,4259823.306041,1796266.358209,-43.054568,-41.926226,254.909325,0.99967197,-0.00035652,0.02560870,-0.00014640,0.00123817,-0.10686649,-0.00007025,11.1719,1260.8009,595.9123,-0.00406047,-0.00017574,0.764096,-0.00708668,-0.00727412,0.00708506,0.00727250,-0.00473939,-0.00458457,0.00473702,0.00458220,-83.1958,1.5972,44.2948,16.46285690,44.11535926,1260.8009
4.260000,4393438.950223,4259822.886368,1796268.906751,-43.142122,-42.008968,254.798908,0.99968700,-0.00035099,0.02501516,-0.00015269,0.00121282,-0.12964525,-0.00247153,11.1714,1260.9477,598.5270,-0.00448882,-0.00018221,0.763864,-0.00708668,-0.00727412,0.00708506,0.00727250,-0.00509586,-0.00493868,0.00509329,0.00493611,-82.9519,1.6287,48.4060,16.46288053,44.11535925,1260.9477
4.270000,4393438.518348,4259822.465848,1796271.454183,-43.233231,-42.095456,254.685745,0.99970431,-0.00034588,0.02431330,-0.00017023,0.00119599,-0.14995034,-0.00455775,11.1708,1261.0931,601.1410,-0.00513171,-0.00016419,0.763632,-0.00708668,-0.00727412,0.00708506,0.00727250,-0.00542024,-0.00526464,0.00541747,0.00526186,-82.7089,1.4676,54.0675,16.46290415,44.11535923,1261.0931
4.280000,4393438.085549,4259822.044448,1796274.000433,-43.327362,-42.185347,254.564112,0.99972319,-0.00034107,0.02352438,-0.00019706,0.00118379,-0.16429958,-0.00618340,11.1703,1261.2369,603.7543,-0.00596934,-0.00012442,0.763397,-0.00708668,-0.00727412,0.00708506,0.00727250,-0.00557686,-0.00542235,0.00557398,0.00541947,-92.4150,1.1437,60.7315,16.46292777,44.11535922,1261.2369
4.290000,4393437.651785,4259821.622124,1796276.545460,-43.426073,-42.280286,254.440952,0.99974262,-0.00033649,0.02268330,-0.00023063,0.00117394,-0.17075338,-0.00724848,11.1698,1261.3792,606.3668,-0.00695638,-0.00006732,0.763140,-0.01020910,-0.01020102,0.01020702,0.01019894,-0.00563997,-0.00548596,0.00563705,0.00548304,-92.1469,0.6923,68.2930,16.46295138,44.11535921,1261.3792
4.300000,4393437.217009,4259821.198822,1796279.089246,-43.529633,-42.380735,254.314577,0.99976177,-0.00033204,0.02182266,-0.00026682,0.00115817,-0.17213063,-0.00723266,11.1693,1261.5199,608.9786,-0.00802071,0.00000161,0.762884,-0.01020910,-0.01020102,0.01020702,0.01019894,-0.00589221,-0.00581394,0.00588951,0.00581124,-91.8796,0.0447,77.1660,16.46297498,44.11535920,1261.5199
4.310000,4393436.781180,4259820.774494,1796281.631717,-43.636955,-42.485603,254.179362,0.99978005,-0.00032762,0.02096774,-0.00030030,0.00113656,-0.16854314,-0.00618551,11.1688,1261.6588,611.5895,-0.00909363,0.00007353,0.762624,-0.01020910,-0.01020102,0.01020702,0.01019894,-0.00613058,-0.00612835,0.00612812,0.00612589,-101.5618,-0.6163,86.0885,16.46299857,44.11535919,1261.6588
4.320000,4393436.344255,4259820.349092,1796284.172827,-43.748809,-42.595448,254.042457,0.99979694,-0.00032316,0.02014635,-0.00032685,0.00111313,-0.15886701,-0.00447664,11.1683,1261.7960,614.1996,-0.01012527,0.00013791,0.762343,-0.01020910,-0.01020102,0.01020702,0.01019894,-0.00624646,-0.00628159,0.00624412,0.00627925,-101.2697,-1.1531,94.2956,16.46302216,44.11535917,1261.7960
4.330000,4393435.906190,4259819.922571,1796286.712561,-43.864620,-42.709498,253.904214,0.99981191,-0.00031861,0.01938876,-0.00034390,0.00109009,-0.14324708,-0.00240999,11.1678,1261.9314,616.8089,-0.01106280,0.00018677,0.762063,-0.01030414,-0.01033605,0.01030346,0.01033537,-0.00629330,-0.00634359,0.00629100,0.00634129,-100.9782,-1.5327,101.5833,16.46304573,44.11535916,1261.9314
4.340000,4393435.466949,4259819.494889,1796289.250907,-43.984142,-42.827374,253.764740,0.99982479,-0.00031393,0.01871254,-0.00034956,0.00106142,-0.12656213,0.00005692,11.1673,1262.0648,619.4172,-0.01184949,0.00021557,0.761783,-0.01030414,-0.01033605,0.01030346,0.01033537,-0.00658315,-0.00668475,0.00658110,0.00668270,-100.6874,-1.8092,108.5263,16.46306930,44.11535915,1262.0648
4.350000,4393435.026497,4259819.066013,1796291.787852,-44.106578,-42.948062,253.624204,0.99983572,-0.00030914,0.01811961,-0.00034240,0.00102789,-0.11017295,0.00269306,11.1668,1262.1962,622.0247,-0.01245191,0.00022090,0.761503,-0.01030414,-0.01033605,0.01030346,0.01033537,-0.00686328,-0.00701279,0.00686147,0.00701097,-100.3976,-1.8985,114.0304,16.46309287,44.11535914,1262.1962
4.360000,4393434.584816,4259818.635927,1796294.323361,-44.229667,-43.069082,253.476100,0.99984484,-0.00030425,0.01760986,-0.00032249,0.00099359,-0.09351904,0.00513532,11.1664,1262.3256,624.6314,-0.01287114,0.00020056,0.761224,-0.01030414,-0.01033605,0.01030346,0.01033537,-0.00700000,-0.00717275,0.00699830,0.00717105,-100.3162,-1.7552,117.6730,16.46311642,44.11535913,1262.3256
4.370000,4393434.141900,4259818.204629,1796296.857374,-44.353586,-43.190377,253.326474,0.99985226,-0.00029932,0.01718391,-0.00029147,0.00096067,-0.07687716,0.00711965,11.1660,1262.4530,627.2371,-0.01311394,0.00015549,0.760924,-0.00940730,-0.00965002,0.00940549,0.00964821,-0.00705535,-0.00723748,0.00705370,0.00723584,-109.7515,-1.4055,119.7045,16.46313997,44.11535911,1262.4530
4.380000,4393433.697733,4259817.772111,1796299.389888,-44.479889,-43.313165,253.176333,0.99985870,-0.00029438,0.01680543,-0.00025315,0.00093474,-0.07459844,0.00805277,11.1655,1262.5782,629.8419,-0.01318417,0.00008962,0.760621,-0.00940730,-0.00965002,0.00940549,0.00964821,-0.00818544,-0.00830156,0.00818365,0.00829977,-109.4386,-0.7921,123.4603,16.46316351,44.11535910,1262.5782
4.390000,4393433.252292,4259817.338359,1796301.920897,-44.608334,-43.437157,253.025642,0.99986540,-0.00028954,0.01640285,-0.00021288,0.00091557,-0.08639970,0.00789511,11.1651,1262.7014,632.4458,-0.01314809,0.00001136,0.760319,-0.00940730,-0.00965002,0.00940549,0.00964821,-0.00930840,-0.00935587,0.00930645,0.00935392,-109.1270,-0.0907,126.2627,16.46318704,44.11535909,1262.7014
4.400000,4393432.805559,4259816.903364,1796304.450399,-44.738004,-43.561569,252.873290,0.99987312,-0.00028484,0.01592608,-0.00017545,0.00090024,-0.10405816,0.00692375,11.1647,1262.8224,635.0487,-0.01315025,-0.00006835,0.760017,-0.00940730,-0.00965002,0.00940549,0.00964821,-0.00985910,-0.00987266,0.00985707,0.00987063,-108.8163,0.5607,127.6129,16.46321056,44.11535908,1262.8224
4.410000,4393432.357531,4259816.467129,1796306.978334,-44.867917,-43.685597,252.713588,0.99988199,-0.00028033,0.01535948,-0.00014434,0.00088710,-0.12210061,0.00537856,11.1643,1262.9413,637.6507,-0.01329425,-0.00014022,0.759712,-0.00910628,-0.00933152,0.00910452,0.00932977,-0.01008248,-0.01008224,0.01008042,0.01008018,-118.4557,1.1156,129.0568,16.46323407,44.11535906,1262.9413
4.420000,4393431.908194,4259816.029647,1796309.504669,-44.999893,-43.811210,252.553364,0.99989179,-0.00027606,0.01470757,-0.00012170,0.00086072,-0.13798305,0.00355023,11.1639,1263.0581,640.2517,-0.01361081,-0.00019771,0.759386,-0.00910628,-0.00933152,0.00910452,0.00932977,-0.01019905,-0.01020790,0.01019748,0.01020632,-118.1216,1.5227,131.5106,16.46325757,44.11535905,1263.0581
4.430000,4393431.457524,4259815.590897,1796312.029398,-45.134416,-43.939062,252.392377,0.99990215,-0.00027210,0.01398559,-0.00010850,0.00082192,-0.14997878,0.00161878,11.1635,1263.1726,642.8517,-0.01408719,-0.00023705,0.759061,-0.00910628,-0.00933152,0.00910452,0.00932977,-0.01026212,-0.01028345,0.01026104,0.01028237,-117.7888,1.7849,135.0305,16.46328107,44.11535904,1263.1726
4.440000,4393431.005496,4259815.150856,1796314.552513,-45.271818,-44.069645,252.230447,0.99991262,-0.00026849,0.01321614,-0.00010496,0.00077918,-0.15689356,-0.00029519,11.1631,1263.2849,645.4506,-0.01468963,-0.00025682,0.758737,-0.00910628,-0.00933152,0.00910452,0.00932977,-0.01028869,-0.01031643,0.01028785,0.01031559,-117.4571,1.9071,139.4082,16.46330455,44.11535903,1263.2849
4.450000,4393430.552078,4259814.709494,1796317.074004,-45.411957,-44.202989,252.066034,0.99992275,-0.00026521,0.01242600,-0.00011068,0.00073712,-0.15824611,-0.00206579,11.1627,1263.3950,648.0485,-0.01537061,-0.00025707,0.758414,-0.00900485,-0.00926150,0.00900343,0.00926007,-0.01029874,-0.01032913,0.01029800,0.01032839,-117.1266,1.8877,144.3544,16.46332803,44.11535902,1263.3950
4.460000,4393430.097250,4259814.266788,1796319.593831,-45.554430,-44.338982,251.900734,0.99993207,-0.00026220,0.01165174,-0.00012349,0.00070928,-0.15064706,-0.00311638,11.1623,1263.5028,650.6455,-0.01607538,-0.00023907,0.758087,-0.00900485,-0.00926150,0.00900343,0.00926007,-0.00998361,-0.01008990,0.00998251,0.01008880,-126.7458,1.6261,148.6734,16.46335150,44.11535900,1263.5028
4.470000,4393429.640989,4259813.822713,1796322.111988,-45.697705,-44.476212,251.728984,0.99994016,-0.00025932,0.01093606,-0.00013965,0.00069521,-0.13501924,-0.00339716,11.1620,1263.6082,653.2413,-0.01673365,-0.00020797,0.757761,-0.00900485,-0.00926150,0.00900343,0.00926007,-0.00966436,-0.00984633,0.00966287,0.00984484,-116.6729,1.2728,152.6935,16.46337495,44.11535899,1263.6082
4.480000,4393429.183291,4259813.377258,1796324.628410,-45.842187,-44.615015,251.555323,0.99994680,-0.00025648,0.01031097,-0.00015592,0.00068794,-0.11468305,-0.00315389,11.1616,1263.7113,655.8362,-0.01726250,-0.00017146,0.757418,-0.00900485,-0.00926150,0.00900343,0.00926007,-0.00950729,-0.00972640,0.00950561,0.00972471,-126.0637,0.9416,156.2035,16.46339840,44.11535898,1263.7113
4.490000,4393428.724143,4259812.930409,1796327.143094,-45.987398,-44.754855,251.381476,0.99995200,-0.00025363,0.00979306,-0.00017011,0.00068353,-0.09244536,-0.00256367,11.1613,1263.8120,658.4299,-0.01760019,-0.00013591,0.757071,-0.00823036,-0.00834744,0.00822971,0.00834680,-0.00944349,-0.00967767,0.00944173,0.00967591,-125.7115,0.6544,158.5473,16.46342184,44.11535897,1263.8120
4.500000,4393428.263545,4259812.482162,1796329.656040,-46.132235,-44.894573,251.207911,0.99995587,-0.00025075,0.00938963,-0.00018087,0.00067974,-0.06919356,-0.00178450,11.1609,1263.9102,661.0226,-0.01771784,-0.00010547,0.756726,-0.00823036,-0.00834744,0.00822971,0.00834680,-0.00931286,-0.00954641,0.00931109,0.00954464,-125.3608,0.4316,159.0396,16.46344527,44.11535896,1263.9102
4.510000,4393427.801509,4259812.032527,1796332.167226,-46.274350,-45.031805,251.028045,0.99995854,-0.00024782,0.00910078,-0.00018750,0.00067594,-0.04689643,-0.00090911,11.1606,1264.0060,663.6141,-0.01760728,-0.00008259,0.756381,-0.00823036,-0.00834744,0.00822971,0.00834680,-0.00919697,-0.00942624,0.00919521,0.00942448,-125.0117,0.2725,157.8712,16.46346869,44.11535895,1264.0060
4.520000,4393427.338065,4259811.581532,1796334.676605,-46.414029,-45.166752,250.847833,0.99996021,-0.00024486,0.00891567,-0.00018966,0.00067223,-0.02793718,0.00000047,11.1602,1264.0994,666.2045,-0.01727441,-0.00006846,0.756017,-0.00823036,-0.00834744,0.00822971,0.00834680,-0.00914129,-0.00936816,0.00913953,0.00936640,-134.3808,0.1773,155.2039,16.46349209,44.11535894,1264.0994
4.530000,4393426.873238,4259811.129202,1796337.184187,-46.550823,-45.298898,250.668865,0.99996112,-0.00024186,0.00881324,-0.00018734,0.00066869,-0.01399687,0.00088036,11.1599,1264.1904,668.7938,-0.01674533,-0.00006352,0.755650,-0.00713090,-0.00727260,0.00712966,0.00727136,-0.00911890,-0.00934474,0.00911714,0.00934299,-134.2254,0.1490,151.1500,16.46351549,44.11535893,1264.1904
4.540000,4393426.407060,4259810.675566,1796339.689988,-46.684198,-45.427667,250.491544,0.99996153,-0.00023883,0.00876669,-0.00018067,0.00066195,-0.00567231,0.00173546,11.1596,1264.2791,671.3819,-0.01606625,-0.00006755,0.755284,-0.00713090,-0.00727260,0.00712966,0.00727136,-0.00907459,-0.00931121,0.00907295,0.00930957,-133.8563,0.1704,145.9038,16.46353888,44.11535891,1264.2791
4.550000,4393425.939567,4259810.220661,1796342.194024,-46.813896,-45.552738,250.315994,0.99996170,-0.00023581,0.00874680,-0.00016992,0.00065227,-0.00334822,0.00250454,11.1593,1264.3655,673.9688,-0.01529410,-0.00008013,0.754920,-0.00713090,-0.00727260,0.00712966,0.00727136,-0.00903545,-0.00928315,0.00903393,0.00928163,-133.4894,0.2547,139.9495,16.46356225,44.11535890,1264.3655
4.560000,4393425.470795,4259809.764524,1796344.696313,-46.939955,-45.674074,250.142215,0.99996191,-0.00023281,0.00872323,-0.00015573,0.00064165,-0.00707619,0.00310078,11.1590,1264.4496,676.5545,-0.01448905,-0.00010048,0.754558,-0.00713090,-0.00727260,0.00712966,0.00727136,-0.00901666,-0.00926982,0.00901520,0.00926836,-133.1246,0.4039,133.7684,16.46358562,44.11535889,1264.4496
4.570000,4393425.000779,4259809.307191,1796347.196874,-47.062656,-45.791895,249.970104,0.99996241,-0.00022984,0.00866682,-0.00013912,0.00063118,-0.01634811,0.00346905,11.1587,1264.5315,679.1390,-0.01371177,-0.00012709,0.754197,-0.00528489,-0.00542301,0.00528365,0.00542177,-0.00900911,-0.00926449,0.00900767,0.00926305,-132.7621,0.6025,127.7881,16.46360897,44.11535888,1264.5315
4.580000,4393424.529553,4259808.848699,1796349.695721,-47.181994,-45.906091,249.799672,0.99996332,-0.00022695,0.00856139,-0.00012203,0.00061321,-0.02652265,0.00328795,11.1584,1264.6113,681.7224,-0.01301922,-0.00015781,0.753838,-0.00528489,-0.00542301,0.00528365,0.00542177,-0.00873109,-0.00893771,0.00872994,0.00893655,-132.4016,0.9020,121.5621,16.46363232,44.11535887,1264.6113
4.590000,4393424.057155,4259808.389086,1796352.192844,-47.297103,-46.015848,249.623702,0.99996465,-0.00022419,0.00840482,-0.00010715,0.00058849,-0.03664952,0.00259082,11.1581,1264.6889,684.3046,-0.01244406,-0.00018841,0.753480,-0.00528489,-0.00542301,0.00528365,0.00542177,-0.00845336,-0.00861039,0.00845249,0.00860952,-132.0431,1.1967,116.2130,16.46365565,44.11535886,1264.6889
4.600000,4393423.583619,4259807.928390,1796354.688199,-47.409818,-46.123066,249.447367,0.99996639,-0.00022160,0.00819488,-0.00009650,0.00056179,-0.04771438,0.00160397,11.1578,1264.7646,686.8856,-0.01198790,-0.00021363,0.753103,-0.00528489,-0.00542301,0.00528365,0.00542177,-0.00831704,-0.00844966,0.00831631,0.00844893,-141.3994,1.4109,112.1873,16.46367898,44.11535885,1264.7646
4.610000,4393423.108964,4259807.466630,1796357.181795,-47.521077,-46.228772,249.271882,0.99996856,-0.00021919,0.00792655,-0.00009109,0.00053564,-0.05983587,0.00050230,11.1575,1264.8382,689.4654,-0.01165042,-0.00022973,0.752722,-0.00469069,-0.00481001,0.00468916,0.00480848,-0.00826172,-0.00838443,0.00826105,0.00838375,-141.0186,1.5344,109.2899,16.46370229,44.11535884,1264.8382
4.620000,4393422.633204,4259807.003821,1796359.673640,-47.630759,-46.332975,249.097258,0.99997103,-0.00021693,0.00760780,-0.00009106,0.00051718,-0.06776240,-0.00053572,11.1573,1264.9098,692.0439,-0.01143764,-0.00023503,0.752343,-0.00469069,-0.00481001,0.00468916,0.00480848,-0.00785050,-0.00797828,0.00784964,0.00797742,-140.8599,1.5556,106.3220,16.46372559,44.11535883,1264.9098
4.630000,4393422.156353,4259806.539975,1796362.163743,-47.739256,-46.436149,248.923353,0.99997361,-0.00021480,0.00726071,-0.00009585,0.00050617,-0.07111241,-0.00141947,11.1570,1264.9795,694.6212,-0.01133397,-0.00022962,0.751965,-0.00469069,-0.00481001,0.00468916,0.00480848,-0.00745042,-0.00758570,0.00744934,0.00758463,-140.4832,1.4950,104.2338,16.46374888,44.11535882,1264.9795
4.640000,4393421.678421,4259806.075100,1796364.652109,-47.847095,-46.538871,248.749945,0.99997615,-0.00021273,0.00690249,-0.00010459,0.00049901,-0.07219224,-0.00211083,11.1568,1265.0473,697.1972,-0.01129283,-0.00021486,0.751588,-0.00469069,-0.00481001,0.00468916,0.00480848,-0.00725492,-0.00739408,0.00725374,0.00739291,-140.1082,1.3721,103.2216,16.46377216,44.11535881,1265.0473
4.650000,4393421.199413,4259805.609198,1796367.138743,-47.954531,-46.641439,248.576923,0.99997858,-0.00021072,0.00654113,-0.00011626,0.00049362,-0.07236661,-0.00258079,11.1565,1265.1131,699.7720,-0.01127666,-0.00019269,0.751212,-0.00426933,-0.00423245,0.00426776,0.00423088,-0.00717573,-0.00731651,0.00717452,0.00731529,-139.7349,1.1999,102.7390,16.46379542,44.11535880,1265.1131
4.660000,4393420.719338,4259805.142277,1796369.623651,-48.060476,-46.742827,248.404674,0.99998075,-0.00020874,0.00619972,-0.00012970,0.00048910,-0.06429120,-0.00281906,11.1562,1265.1770,702.3455,-0.01126793,-0.00016534,0.750838,-0.00426933,-0.00423245,0.00426776,0.00423088,-0.00649041,-0.00663051,0.00648917,0.00662928,-139.3633,0.9949,100.6062,16.46381868,44.11535879,1265.1770
4.670000,4393420.238217,4259804.674354,1796372.106812,-48.163264,-46.841428,248.226349,0.99998246,-0.00020678,0.00591727,-0.00014376,0.00048506,-0.04895552,-0.00282255,11.1560,1265.2391,704.9178,-0.01122643,-0.00013516,0.750464,-0.00426933,-0.00423245,0.00426776,0.00423088,-0.00582045,-0.00595949,0.00581921,0.00595825,-139.2159,0.7723,98.3472,16.46384192,44.11535878,1265.2391
4.680000,4393419.756073,4259804.205448,1796374.588209,-48.265186,-46.939460,248.053155,0.99998363,-0.00020483,0.00571657,-0.00015727,0.00048137,-0.03180356,-0.00260080,11.1557,1265.2992,707.4889,-0.01107589,-0.00010455,0.750071,-0.00426933,-0.00423245,0.00426776,0.00423088,-0.00549282,-0.00563130,0.00549158,0.00563006,-148.3342,0.5480,96.3109,16.46386516,44.11535877,1265.2992
4.690000,4393419.272926,4259803.735576,1796377.067851,-48.363887,-47.034607,247.875294,0.99998430,-0.00020287,0.00559755,-0.00016919,0.00047794,-0.01646332,-0.00218081,11.1555,1265.3575,710.0586,-0.01077018,-0.00007578,0.749692,-0.00388772,-0.00390017,0.00388666,0.00389911,-0.00536008,-0.00549832,0.00535883,0.00549708,-148.1826,0.3392,93.7130,16.46388838,44.11535876,1265.3575
4.700000,4393418.788806,4259803.264766,1796379.545720,-48.459709,-47.127148,247.698878,0.99998455,-0.00020089,0.00555252,-0.00017871,0.00047761,-0.00237247,-0.00164348,11.1553,1265.4139,712.6271,-0.01031181,-0.00005091,0.749296,-0.00388772,-0.00390017,0.00388666,0.00389911,-0.00509975,-0.00523123,0.00509840,0.00522989,-147.7926,0.1700,89.6211,16.46391159,44.11535875,1265.4139
4.710000,4393418.303744,4259802.793044,1796382.021834,-48.552190,-47.216582,247.524111,0.99998444,-0.00019888,0.00557197,-0.00018536,0.00048013,0.00919990,-0.00103617,11.1551,1265.4685,715.1943,-0.00972081,-0.00003137,0.748903,-0.00388772,-0.00390017,0.00388666,0.00389911,-0.00487013,-0.00499487,0.00486869,0.00499343,-147.4045,0.0411,84.6502,16.46393478,44.11535874,1265.4685
4.720000,4393417.817774,4259802.320445,1796384.496208,-48.641145,-47.302680,247.351082,0.99998407,-0.00019683,0.00563790,-0.00018886,0.00048380,0.01614913,-0.00038878,11.1548,1265.5214,717.7601,-0.00901897,-0.00001795,0.748510,-0.00388772,-0.00390017,0.00388666,0.00389911,-0.00475993,-0.00488136,0.00475844,0.00487987,-147.0185,-0.0472,79.2052,16.46395797,44.11535873,1265.5214
4.730000,4393417.330933,4259801.847003,1796386.968862,-48.726493,-47.385305,247.179837,0.99998358,-0.00019473,0.00572443,-0.00018911,0.00048769,0.01744176,0.00025921,11.1546,1265.5726,720.3246,-0.00824352,-0.00001107,0.748119,-0.00290314,-0.00276494,0.00290205,0.00276385,-0.00471564,-0.00483572,0.00471412,0.00483420,-146.6344,-0.0903,73.3904,16.46398114,44.11535872,1265.5726
4.740000,4393416.843258,4259801.372753,1796389.439812,-48.808055,-47.464143,247.010470,0.99998310,-0.00019261,0.00580817,-0.00018703,0.00049195,0.01508750,0.00053862,11.1544,1265.6222,722.8878,-0.00744688,-0.00001076,0.747730,-0.00290314,-0.00276494,0.00290205,0.00276385,-0.00454956,-0.00461364,0.00454803,0.00461210,-146.2523,-0.0092,66.9771,16.46400431,44.11535871,1265.6222
4.750000,4393416.354785,4259800.897732,1796391.909077,-48.886048,-47.539385,246.842897,0.99998273,-0.00019046,0.00587160,-0.00018449,0.00049639,0.00941481,0.00044241,11.1542,1265.6701,725.4498,-0.00667726,-0.00001476,0.747341,-0.00290314,-0.00276494,0.00290205,0.00276385,-0.00439327,-0.00440136,0.00439172,0.00439980,-145.8722,0.1000,60.7755,16.46402746,44.11535870,1265.6701
4.760000,4393415.865547,4259800.421976,1796394.376675,-48.960936,-47.611540,246.676915,0.99998258,-0.00018830,0.00589689,-0.00018290,0.00050070,-0.00003261,0.00015856,11.1540,1265.7165,728.0104,-0.00596855,-0.00001927,0.746955,-0.00290314,-0.00276494,0.00290205,0.00276385,-0.00431735,-0.00429795,0.00431578,0.00429638,-145.4938,0.1700,55.2686,16.46405060,44.11535869,1265.7165
4.770000,4393415.375575,4259799.945510,1796396.842620,-49.033258,-47.681188,246.512295,0.99998276,-0.00018615,0.00586583,-0.00018289,0.00050473,-0.01294638,-0.00018928,11.1537,1265.7614,730.5697,-0.00535368,-0.00002165,0.746569,-0.00146689,-0.00156435,0.00146589,0.00156335,-0.00428668,-0.00425612,0.00428510,0.00425455,-145.1173,0.2002,50.5736,16.46407372,44.11535868,1265.7614
4.780000,4393414.884916,4259799.468384,1796399.306796,-49.096957,-47.742507,246.316593,0.99998334,-0.00018400,0.00576695,-0.00018435,0.00050326,-0.02697688,-0.00043005,11.1100,1265.8049,733.1277,-0.00486586,-0.00002078,0.746185,-0.00146689,-0.00156435,0.00146589,0.00156335,-0.00413972,-0.00412256,0.00413833,0.00412117,-144.7425,0.1724,46.4934,16.46409684,44.11535867,1265.8049
4.790000,4393414.393641,4259798.990665,1796401.768956,-49.157852,-47.801175,246.115462,0.99998430,-0.00018190,0.00559742,-0.00018666,0.00049669,-0.04100868,-0.00053351,11.1100,1265.8469,735.6843,-0.00452572,-0.00001707,0.745704,-0.00146689,-0.00156435,0.00146589,0.00156335,-0.00399937,-0.00399838,0.00399816,0.00399718,-188.4124,0.1211,43.4878,16.46411994,44.11535867,1265.8469
4.800000,4393413.901761,4259798.512363,1796404.229108,-49.217996,-47.859180,245.915055,0.99998561,-0.00017985,0.00535802,-0.00018924,0.00048808,-0.05474283,-0.00054420,11.1100,1265.8876,738.2392,-0.00433504,-0.00001184,0.745206,-0.00146689,-0.00156435,0.00146589,0.00156335,-0.00393101,-0.00393819,0.00392990,0.00393708,-187.9222,0.0711,41.7529,16.46414303,44.11535866,1265.8876
4.810000,4393413.409281,4259798.033482,1796406.687258,-49.278071,-47.917171,245.715100,0.99998721,-0.00017785,0.00505172,-0.00019170,0.00047911,-0.06760301,-0.00049340,11.1100,1265.9269,740.7924,-0.00428793,-0.00000620,0.744708,-0.00086441,-0.00083541,0.00086372,0.00083472,-0.00390336,-0.00391389,0.00390228,0.00391282,-187.4342,0.0258,41.1633,16.46416610,44.11535865,1265.9269
4.820000,4393412.916201,4259797.554021,1796409.143412,-49.338047,-47.975027,245.515620,0.99998894,-0.00017591,0.00469603,-0.00019458,0.00047082,-0.07440943,-0.00071026,11.1100,1265.9648,743.3440,-0.00437460,-0.00000092,0.744212,-0.00086441,-0.00083541,0.00086372,0.00083472,-0.00354325,-0.00350149,0.00354217,0.00350042,-186.9484,0.0602,40.5514,16.46418916,44.11535864,1265.9648
4.830000,4393412.422521,4259797.073981,1796411.597572,-49.398244,-48.033076,245.316479,0.99999062,-0.00017402,0.00432206,-0.00019918,0.00046342,-0.07489805,-0.00117620,11.1100,1266.0014,745.8938,-0.00456051,0.00000531,0.743718,-0.00086441,-0.00083541,0.00086372,0.00083472,-0.00318782,-0.00309268,0.00318674,0.00309160,-186.4649,0.0870,40.7111,16.46421220,44.11535863,1266.0014
4.840000,4393411.928235,4259796.593358,1796414.049742,-49.459001,-48.091734,245.117522,0.99999214,-0.00017218,0.00395538,-0.00020625,0.00045672,-0.07153764,-0.00169267,11.1100,1266.0366,748.4420,-0.00478150,0.00001505,0.743225,-0.00086441,-0.00083541,0.00086372,0.00083472,-0.00301372,-0.00289228,0.00301264,0.00289119,-185.9834,0.0496,41.7047,16.46423522,44.11535862,1266.0366
4.850000,4393411.433339,4259796.112145,1796416.499923,-49.520336,-48.151085,244.918726,0.99999344,-0.00017037,0.00361104,-0.00021572,0.00045060,-0.06602990,-0.00213168,11.1100,1266.0704,750.9885,-0.00498430,0.00002955,0.742733,-0.00092237,-0.00102914,0.00092109,0.00102786,-0.00294314,-0.00281100,0.00294205,0.00280991,-185.5042,-0.0434,42.8997,16.46425824,44.11535861,1266.0704
4.860000,4393410.937831,4259795.630338,1796418.948119,-49.581190,-48.210278,244.720481,0.99999448,-0.00016858,0.00331107,-0.00022583,0.00044406,-0.05393251,-0.00194594,11.1100,1266.1028,753.5334,-0.00513847,0.00004848,0.742243,-0.00092237,-0.00102914,0.00092109,0.00102786,-0.00240659,-0.00235424,0.00240553,0.00235318,-185.0270,-0.2906,42.6125,16.46428123,44.11535860,1266.1028
4.870000,4393410.441719,4259795.147942,1796421.394336,-49.641131,-48.268870,244.522969,0.99999520,-0.00016681,0.00308544,-0.00023348,0.00043711,-0.03650352,-0.00115694,11.1100,1266.1339,756.0765,-0.00520552,0.00006779,0.741754,-0.00092237,-0.00102914,0.00092109,0.00102786,-0.00188417,-0.00191463,0.00188315,0.00191361,-184.5521,-0.5390,41.8006,16.46430421,44.11535859,1266.1339
4.880000,4393409.945013,4259794.664964,1796423.838581,-49.699966,-48.326527,244.326302,0.99999561,-0.00016503,0.00295012,-0.00023647,0.00043023,-0.01802526,-0.00008643,11.1100,1266.1636,758.6181,-0.00512805,0.00008138,0.741266,-0.00092237,-0.00102914,0.00092109,0.00102786,-0.00162886,-0.00170023,0.00162785,0.00169922,-184.0792,-0.6842,40.6760,16.46432718,44.11535858,1266.1636
4.890000,4393409.447726,4259794.181417,1796426.280865,-49.757258,-48.382689,244.130689,0.99999575,-0.00016325,0.00290291,-0.00023395,0.00042368,-0.00146218,0.00103770,11.1100,1266.1919,761.1579,-0.00487562,0.00008522,0.740780,-0.00057143,-0.00062205,0.00057009,0.00062071,-0.00152545,-0.00161346,0.00152445,0.00161245,-183.6086,-0.7246,38.7020,16.46435013,44.11535857,1266.1919
4.900000,4393408.949877,4259793.697320,1796428.721200,-49.812129,-48.436327,243.936524,0.99999565,-0.00016147,0.00293662,-0.00022667,0.00041456,0.01416585,0.00181593,11.1100,1266.2189,763.6962,-0.00445558,0.00007802,0.740295,-0.00057143,-0.00062205,0.00057009,0.00062071,-0.00127305,-0.00132230,0.00127216,0.00132140,-183.1401,-0.6112,35.0547,16.46437307,44.11535856,1266.2189
4.910000,4393408.451494,4259793.212702,1796431.159602,-49.864058,-48.486868,243.744034,0.99999533,-0.00015973,0.00304337,-0.00021653,0.00040311,0.02760906,0.00218188,11.1100,1266.2446,766.2327,-0.00388784,0.00006177,0.739812,-0.00057143,-0.00062205,0.00057009,0.00062071,-0.00104431,-0.00105053,0.00104353,0.00104975,-182.6738,-0.4311,30.4267,16.46439599,44.11535855,1266.2446
4.920000,4393407.952607,4259792.727594,1796433.596087,-49.912767,-48.534059,243.553325,0.99999483,-0.00015802,0.00320642,-0.00020531,0.00039107,0.03658975,0.00224920,11.1100,1266.2691,768.7677,-0.00319136,0.00004047,0.739330,-0.00057143,-0.00062205,0.00057009,0.00062071,-0.00093395,-0.00091871,0.00093323,0.00091798,-182.2097,-0.2483,25.2373,16.46441889,44.11535854,1266.2691
4.930000,4393407.453250,4259792.242032,1796436.030675,-49.958062,-48.577734,243.364469,0.99999419,-0.00015637,0.00340023,-0.00019431,0.00037938,0.03989727,0.00209892,11.1100,1266.2923,771.3010,-0.00240123,0.00001766,0.738850,0.00077284,0.00073960,-0.00077407,-0.00074082,-0.00088949,-0.00086548,0.00088879,0.00086478,-181.7477,-0.0748,19.5654,16.46444179,44.11535854,1266.2923
4.940000,4393406.953457,4259791.756051,1796438.463383,-49.999952,-48.618005,243.177434,0.99999351,-0.00015477,0.00359429,-0.00018379,0.00037403,0.03673972,0.00205740,11.1100,1266.3144,773.8326,-0.00156956,-0.00000413,0.738371,0.00077284,0.00073960,-0.00077407,-0.00074082,-0.00089367,-0.00091465,0.00089277,0.00091374,-181.2879,0.0169,13.7790,16.46446466,44.11535853,1266.3144
4.950000,4393406.453261,4259791.269683,1796440.894229,-50.038647,-48.655087,242.992129,0.99999292,-0.00015318,0.00375713,-0.00017316,0.00037469,0.02754589,0.00213997,11.1100,1266.3353,776.3626,-0.00075713,-0.00002465,0.737893,0.00077284,0.00073960,-0.00077407,-0.00074082,-0.00090862,-0.00097697,0.00090751,0.00097586,-180.8301,0.0972,8.1290,16.46448753,44.11535852,1266.3353
4.960000,4393405.952693,4259790.782958,1796443.323230,-50.074584,-48.689359,242.808382,0.99999252,-0.00015159,0.00386143,-0.00016216,0.00037802,0.01350745,0.00220388,11.1100,1266.3552,778.8910,-0.00002561,-0.00004510,0.737417,0.00077284,0.00073960,-0.00077407,-0.00074082,-0.00091685,-0.00100864,0.00091563,0.00100743,-180.3743,0.2097,2.9683,16.46451037,44.11535851,1266.3552
4.970000,4393405.451777,4259790.295903,1796445.750401,-50.108395,-48.721410,242.625941,0.99999243,-0.00014999,0.00388636,-0.00015107,0.00038217,-0.00397285,0.00216956,11.1100,1266.3741,781.4178,0.00057266,-0.00006590,0.736942,0.00157473,0.00143970,-0.00157611,-0.00144108,-0.00092033,-0.00102168,0.00091908,0.00102042,-179.9206,0.3427,-1.3112,16.46453321,44.11535850,1266.3741
4.980000,4393404.950531,4259789.808536,1796448.175753,-50.140632,-48.751744,242.444590,0.99999267,-0.00014838,0.00382233,-0.00014074,0.00038694,-0.02184464,0.00189964,11.1100,1266.3920,783.9430,0.00099958,-0.00008637,0.736468,0.00157473,0.00143970,-0.00157611,-0.00144108,-0.00079694,-0.00088188,0.00079565,0.00088059,-179.4688,0.5070,-4.7788,16.46455603,44.11535849,1266.3920
4.990000,4393404.448967,4259789.320872,1796450.599296,-50.172066,-48.781135,242.264015,0.99999324,-0.00014678,0.00367089,-0.00013231,0.00039202,-0.03872229,0.00141085,11.1100,1266.4089,786.4665,0.00123901,-0.00010476,0.735996,0.00157473,0.00143970,-0.00157611,-0.00144108,-0.00067201,-0.00073813,0.00067069,0.00073681,-179.0190,0.6575,-6.9372,16.46457883,44.11535848,1266.4089
5.000000,4393403.947090,4259788.832914,1796453.021035,-50.203511,-48.810432,242.083878,0.99999407,-0.00014516,0.00343814,-0.00012664,0.00039699,-0.05417918,0.00080057,11.1100,1266.4249,788.9885,0.00129854,-0.00011884,0.735525,0.00157473,0.00143970,-0.00157611,-0.00144108,-0.00061055,-0.00066723,0.00060922,0.00066590,-178.5711,0.7635,-7.6463,16.46460162,44.11535847,1266.4249
5.010000,4393403.444895,4259788.344661,1796455.440974,-50.235651,-48.840361,241.903890,0.99999507,-0.00014355,0.00313277,-0.00012412,0.00040167,-0.06760771,0.00014917,11.1100,1266.4400,791.5088,0.00119521,-0.00012709,0.735055,0.00223748,0.00197715,-0.00223830,-0.00197797,-0.00058559,-0.00063841,0.00058425,0.00063707,-178.1251,0.8201,-7.1049,16.46462439,44.11535846,1266.4400
5.020000,4393402.942376,4259787.856107,1796457.859114,-50.268229,-48.870725,241.724143,0.99999612,-0.00014193,0.00278053,-0.00012492,0.00040488,-0.07285494,-0.00051597,11.1100,1266.4542,794.0275,0.00095052,-0.00012886,0.734586,0.00223748,0.00197715,-0.00223830,-0.00197797,-0.00009863,-0.00014383,0.00009733,0.00014254,-177.6811,0.8363,-6.7973,16.46464715,44.11535845,1266.4542
5.030000,4393402.439529,4259787.367245,1796460.275457,-50.301466,-48.901792,241.544534,0.99999705,-0.00014030,0.00242274,-0.00012896,0.00040670,-0.06986032,-0.00114246,11.1100,1266.4674,796.5446,0.00061465,-0.00012404,0.734119,0.00223748,0.00197715,-0.00223830,-0.00197797,0.00038499,0.00034650,-0.00038625,-0.00034775,-177.2389,0.8054,-5.7855,16.46466990,44.11535844,1266.4674
5.040000,4393401.936345,4259786.878068,1796462.690005,-50.335646,-48.933893,241.364934,0.99999779,-0.00013868,0.00209250,-0.00013590,0.00040780,-0.06193545,-0.00166899,11.1100,1266.4797,799.0602,0.00027167,-0.00011290,0.733653,0.00223748,0.00197715,-0.00223830,-0.00197797,0.00062213,0.00058686,-0.00062337,-0.00058810,-176.7987,0.7265,-4.0093,16.46469263,44.11535844,1266.4797
5.050000,4393401.432814,4259786.388564,1796465.102756,-50.370652,-48.966957,241.185378,0.99999834,-0.00013704,0.00180863,-0.00014513,0.00040857,-0.05144021,-0.00205303,11.1100,1266.4911,801.5741,-0.00001042,-0.00009631,0.733188,0.00157348,0.00158209,-0.00157478,-0.00158339,0.00071832,0.00068435,-0.00071955,-0.00068557,-176.3604,0.6083,-2.2478,16.46471535,44.11535843,1266.4911
5.060000,4393400.928932,4259785.898729,1796467.513714,-50.405656,-49.000265,241.006181,0.99999872,-0.00013540,0.00158778,-0.00015538,0.00041065,-0.03689686,-0.00206980,11.1100,1266.5014,804.0864,-0.00019449,-0.00007560,0.732725,0.00157348,0.00158209,-0.00157478,-0.00158339,0.00103893,0.00096927,-0.00104021,-0.00097055,-175.9240,0.4146,-1.6906,16.46473805,44.11535842,1266.5014
5.070000,4393400.424703,4259785.408561,1796469.922882,-50.440117,-49.033282,240.827564,0.99999893,-0.00013372,0.00144679,-0.00016481,0.00041400,-0.01970241,-0.00173109,11.1100,1266.5108,806.5972,-0.00025179,-0.00005358,0.732262,0.00157348,0.00158209,-0.00157478,-0.00158339,0.00133801,0.00123214,-0.00133935,-0.00123348,-175.4894,0.2146,-1.9204,16.46476074,44.11535841,1266.5108
5.080000,4393399.920134,4259784.918066,1796472.330268,-50.473627,-49.065550,240.649705,0.99999901,-0.00013201,0.00139163,-0.00017202,0.00041776,-0.00276165,-0.00117763,11.1100,1266.5193,809.1064,-0.00015181,-0.00003387,0.731801,0.00157348,0.00158209,-0.00157478,-0.00158339,0.00148307,0.00135938,-0.00148443,-0.00136074,-175.0567,0.0579,-2.8314,16.46478341,44.11535840,1266.5193
5.090000,4393399.415236,4259784.427254,1796474.735880,-50.505683,-49.096512,240.472821,0.99999897,-0.00013027,0.00141582,-0.00017617,0.00042148,0.01186602,-0.00051640,11.1100,1266.5268,811.6140,0.00011486,-0.00001915,0.731341,0.00205463,0.00210257,-0.00205550,-0.00210344,0.00154164,0.00141071,-0.00154301,-0.00141209,-174.6258,-0.0486,-4.6738,16.46480607,44.11535839,1266.5268
5.100000,4393398.910028,4259783.936143,1796477.139729,-50.535421,-49.125333,240.297259,0.99999884,-0.00012850,0.00151050,-0.00017631,0.00041974,0.02529077,0.00042127,11.1100,1266.5333,814.1200,0.00053212,-0.00001083,0.730883,0.00205463,0.00210257,-0.00205550,-0.00210344,0.00179881,0.00162067,-0.00179999,-0.00162185,-174.1968,-0.1622,-8.0269,16.46482872,44.11535838,1266.5333
5.110000,4393398.404537,4259783.444757,1796479.541830,-50.562409,-49.151512,240.123209,0.99999859,-0.00012673,0.00166723,-0.00017126,0.00041287,0.03656794,0.00155134,11.1100,1266.5390,816.6245,0.00107725,-0.00001087,0.730425,0.00205463,0.00210257,-0.00205550,-0.00210344,0.00204323,0.00181938,-0.00204421,-0.00182036,-173.7695,-0.2142,-12.2226,16.46485135,44.11535838,1266.5390
5.120000,4393397.898790,4259782.953123,1796481.942199,-50.586505,-49.174779,239.950749,0.99999823,-0.00012498,0.00187044,-0.00016058,0.00040396,0.04381210,0.00266043,11.1100,1266.5437,819.1274,0.00173061,-0.00002136,0.729969,0.00205463,0.00210257,-0.00205550,-0.00210344,0.00216218,0.00191601,-0.00216306,-0.00191689,-173.3441,-0.1625,-16.8651,16.46487397,44.11535837,1266.5437
5.130000,4393397.392817,4259782.461272,1796484.340851,-50.607634,-49.194956,239.779924,0.99999778,-0.00012327,0.00209735,-0.00014475,0.00039470,0.04604140,0.00360126,11.1100,1266.5476,821.6288,0.00245981,-0.00004281,0.729514,0.00247047,0.00233506,-0.00247160,-0.00233619,0.00221028,0.00195506,-0.00221112,-0.00195590,-172.9204,-0.0192,-21.8745,16.46489657,44.11535836,1266.5476
5.140000,4393396.886646,4259781.969233,1796486.737802,-50.626230,-49.212241,239.610598,0.99999730,-0.00012159,0.00231698,-0.00012616,0.00039021,0.04096927,0.00376375,11.1100,1266.5508,824.1286,0.00321856,-0.00007393,0.729060,0.00247047,0.00233506,-0.00247160,-0.00233619,0.00199211,0.00182912,-0.00199311,-0.00183012,-172.4984,0.3197,-26.5485,16.46491916,44.11535835,1266.5508
5.150000,4393396.380300,4259781.477036,1796489.133067,-50.642557,-49.226893,239.442659,0.99999688,-0.00011992,0.00249400,-0.00010870,0.00039036,0.02914977,0.00315352,11.1100,1266.5532,826.6268,0.00394670,-0.00010932,0.728607,0.00247047,0.00233506,-0.00247160,-0.00233619,0.00176109,0.00169303,-0.00176225,-0.00169419,-172.0781,0.6842,-31.0250,16.46494173,44.11535834,1266.5532
5.160000,4393395.873801,4259780.984703,1796491.526659,-50.656909,-49.239336,239.275959,0.99999661,-0.00011827,0.00259992,-0.00009541,0.00039260,0.01273295,0.00210654,11.1100,1266.5549,829.1235,0.00457511,-0.00014117,0.728156,0.00247047,0.00233506,-0.00247160,-0.00233619,0.00164662,0.00162538,-0.00164786,-0.00162662,-171.6594,0.9555,-35.0999,16.46496429,44.11535833,1266.5549
5.170000,4393395.367166,4259780.492254,1796493.918590,-50.669832,-49.250237,239.110254,0.99999657,-0.00011663,0.00261656,-0.00008787,0.00039551,-0.00632382,0.00086522,11.1100,1266.5559,831.6186,0.00504888,-0.00016381,0.727705,0.00398424,0.00380662,-0.00398510,-0.00380748,0.00159999,0.00159779,-0.00160127,-0.00159907,-171.2424,1.1244,-38.2867,16.46498684,44.11535832,1266.5559
5.180000,4393394.860408,4259779.999702,1796496.308867,-50.681745,-49.260108,238.945358,0.99999676,-0.00011501,0.00253998,-0.00008684,0.00039453,-0.02433424,-0.00048670,11.1100,1266.5563,834.1122,0.00533523,-0.00017448,0.727255,0.00398424,0.00380662,-0.00398510,-0.00380748,0.00175365,0.00177249,-0.00175479,-0.00177363,-170.8271,1.2128,-40.7320,16.46500937,44.11535832,1266.5563
5.190000,4393394.353533,4259779.507053,1796498.697499,-50.693335,-49.269731,238.780976,0.99999716,-0.00011343,0.00237889,-0.00009257,0.00038977,-0.03993670,-0.00182724,11.1100,1266.5561,836.6043,0.00542898,-0.00017194,0.726807,0.00398424,0.00380662,-0.00398510,-0.00380748,0.00191949,0.00195487,-0.00192047,-0.00195586,-170.4134,1.2049,-41.8847,16.46503189,44.11535831,1266.5561
5.200000,4393393.846540,4259779.014306,1796501.084487,-50.705333,-49.279934,238.616791,0.99999769,-0.00011190,0.00214553,-0.00010466,0.00038347,-0.05308734,-0.00301807,11.1100,1266.5552,839.0948,0.00535187,-0.00015605,0.726359,0.00398424,0.00380662,-0.00398510,-0.00380748,0.00200190,0.00204503,-0.00200281,-0.00204595,-170.0015,1.0956,-41.6366,16.46505440,44.11535830,1266.5552
5.210000,4393393.339423,4259778.521450,1796503.469834,-50.718302,-49.291360,238.452560,0.99999827,-0.00011041,0.00185287,-0.00012209,0.00037689,-0.06353902,-0.00396010,11.1100,1266.5538,841.5838,0.00513298,-0.00012796,0.725913,0.00429695,0.00422385,-0.00429760,-0.00422450,0.00203551,0.00208172,-0.00203639,-0.00208261,-169.5912,0.8995,-40.2842,16.46507689,44.11535829,1266.5538
5.220000,4393392.832171,4259778.028473,1796505.853538,-50.732410,-49.304337,238.288180,0.99999883,-0.00010897,0.00151858,-0.00014258,0.00037292,-0.06967311,-0.00423941,11.1100,1266.5517,844.0713,0.00480182,-0.00008996,0.725468,0.00429695,0.00422385,-0.00429760,-0.00422450,0.00219577,0.00217797,-0.00219674,-0.00217893,-169.1827,0.5534,-38.3979,16.46509937,44.11535828,1266.5517
5.230000,4393392.324770,4259777.535358,1796508.235597,-50.747897,-49.319104,238.123551,0.99999930,-0.00010754,0.00116475,-0.00016281,0.00037155,-0.07133760,-0.00385908,11.1100,1266.5490,846.5572,0.00439519,-0.00004713,0.725025,0.00429695,0.00422385,-0.00429760,-0.00422450,0.00234877,0.00226584,-0.00234983,-0.00226689,-168.7759,0.1794,-35.9579,16.46512183,44.11535828,1266.5490
5.240000,4393391.817208,4259777.042085,1796510.616008,-50.764955,-49.335749,237.958609,0.99999965,-0.00010611,0.00081196,-0.00018003,0.00037139,-0.06929475,-0.00305104,11.1100,1266.5456,849.0416,0.00395873,-0.00000614,0.724582,0.00429695,0.00422385,-0.00429760,-0.00422450,0.00242328,0.00230829,-0.00242439,-0.00230939,-168.3708,-0.1340,-33.1339,16.46514428,44.11535827,1266.5456
5.250000,4393391.309466,4259776.548637,1796512.994768,-50.783581,-49.354162,237.793371,0.99999986,-0.00010467,0.00047706,-0.00019256,0.00037166,-0.06424469,-0.00199211,11.1100,1266.5415,851.5245,0.00353442,0.00002783,0.724141,0.00351976,0.00357312,-0.00352037,-0.00357373,0.00245342,0.00232540,-0.00245454,-0.00232652,-167.9675,-0.3720,-30.2836,16.46516672,44.11535826,1266.5415
5.260000,4393390.801535,4259776.055001,1796515.371877,-50.802756,-49.373275,237.628267,0.99999996,-0.00010323,0.00018816,-0.00019925,0.00036954,-0.05104944,-0.00073026,11.1100,1266.5368,854.0059,0.00315570,0.00005168,0.723700,0.00351976,0.00357312,-0.00352037,-0.00357373,0.00300251,0.00285466,-0.00300355,-0.00285569,-167.5658,-0.5484,-29.0333,16.46518914,44.11535825,1266.5368
5.270000,4393390.293412,4259775.561172,1796517.747335,-50.822037,-49.392543,237.463497,0.99999997,-0.00010178,-0.00001682,-0.00019938,0.00036511,-0.03090197,0.00062315,11.1100,1266.5313,856.4858,0.00287257,0.00006336,0.723261,0.00351976,0.00357312,-0.00352037,-0.00357373,0.00354736,0.00338273,-0.00354830,-0.00338366,-167.1659,-0.6375,-28.3575,16.46521155,44.11535825,1266.5313
5.280000,4393389.785096,4259775.067151,1796520.121148,-50.841146,-49.411577,237.299192,0.99999997,-0.00010034,-0.00011442,-0.00019283,0.00035980,-0.00835916,0.00192541,11.1100,1266.5251,858.9642,0.00275797,0.00006173,0.722824,0.00351976,0.00357312,-0.00352037,-0.00357373,0.00381449,0.00364187,-0.00381538,-0.00364276,-166.7676,-0.6256,-28.0646,16.46523395,44.11535824,1266.5251
5.290000,4393389.276592,4259774.572944,1796522.493322,-50.859511,-49.429711,237.135604,0.99999997,-0.00009890,-0.00010093,-0.00018017,0.00035440,0.01328761,0.00306547,11.1100,1266.5181,861.4411,0.00285684,0.00004695,0.722387,0.00338254,0.00350927,-0.00338332,-0.00351005,0.00392283,0.00374701,-0.00392370,-0.00374788,-166.3709,-0.5205,-28.7817,16.46525633,44.11535823,1266.5181
5.300000,4393388.767912,4259774.078564,1796524.863864,-50.876261,-49.445963,236.973113,0.99999998,-0.00009748,0.00001729,-0.00016289,0.00034737,0.03331257,0.00376582,11.1100,1266.5104,863.9164,0.00317292,0.00002040,0.721951,0.00338254,0.00350927,-0.00338332,-0.00351005,0.00407411,0.00393426,-0.00407490,-0.00393505,-165.9758,-0.2893,-31.1054,16.46527870,44.11535822,1266.5104
5.310000,4393388.259075,4259773.584034,1796527.232789,-50.890707,-49.459617,236.812003,0.99999996,-0.00009608,0.00022828,-0.00014329,0.00033897,0.05021124,0.00399291,11.1100,1266.5021,866.3903,0.00368798,-0.00001446,0.721517,0.00338254,0.00350927,-0.00338332,-0.00351005,0.00419997,0.00409705,-0.00420068,-0.00409776,-165.5823,-0.0056,-34.6929,16.46530105,44.11535821,1266.5021
5.320000,4393387.750107,4259773.089382,1796529.600110,-50.902338,-49.470203,236.652467,0.99999986,-0.00009471,0.00051184,-0.00012350,0.00033028,0.06221762,0.00385150,11.1100,1266.4931,868.8627,0.00437388,-0.00005291,0.721083,0.00338254,0.00350927,-0.00338332,-0.00351005,0.00425967,0.00417496,-0.00426035,-0.00417564,-165.1903,0.2740,-39.2359,16.46532339,44.11535821,1266.4931
5.330000,4393387.241039,4259772.594641,1796531.965844,-50.910784,-49.477402,236.494640,0.99999964,-0.00009338,0.00084085,-0.00010514,0.00032187,0.06834025,0.00342569,11.1100,1266.4834,871.3336,0.00518729,-0.00009078,0.720650,0.00480090,0.00472530,-0.00480149,-0.00472589,0.00428355,0.00420625,-0.00428421,-0.00420691,-164.7997,0.5327,-44.5424,16.46534572,44.11535820,1266.4834
5.340000,4393386.731901,4259772.099844,1796534.330008,-50.916300,-49.481445,236.338408,0.99999930,-0.00009209,0.00117807,-0.00009008,0.00031357,0.06554728,0.00254527,11.1100,1266.4732,873.8031,0.00607191,-0.00012491,0.720219,0.00480090,0.00472530,-0.00480149,-0.00472589,0.00401614,0.00398653,-0.00401678,-0.00398717,-164.4106,0.8142,-49.6683,16.46536804,44.11535819,1266.4732
5.350000,4393386.222721,4259771.605022,1796536.692617,-50.919007,-49.482535,236.183699,0.99999890,-0.00009086,0.00147989,-0.00008037,0.00030545,0.05432411,0.00129677,11.1100,1266.4624,876.2710,0.00695466,-0.00015153,0.719788,0.00480090,0.00472530,-0.00480149,-0.00472589,0.00374150,0.00375803,-0.00374212,-0.00375866,-164.0229,1.0400,-54.8126,16.46539034,44.11535818,1266.4624
5.360000,4393385.713529,4259771.110202,1796539.053686,-50.919117,-49.481019,236.030397,0.99999853,-0.00008968,0.00171021,-0.00007730,0.00029771,0.03715599,-0.00009647,11.1100,1266.4512,878.7375,0.00774930,-0.00016675,0.719358,0.00617865,0.00591738,-0.00617921,-0.00591794,0.00360607,0.00364514,-0.00360669,-0.00364576,-163.6365,1.1577,-59.7410,16.46541263,44.11535818,1266.4512
5.370000,4393385.204346,4259770.615408,1796541.413229,-50.917165,-49.477548,235.878263,0.99999829,-0.00008855,0.00184475,-0.00008117,0.00029046,0.01626110,-0.00146466,11.1100,1266.4395,881.2025,0.00838520,-0.00016841,0.718929,0.00617865,0.00591738,-0.00617921,-0.00591794,0.00355101,0.00359921,-0.00355163,-0.00359982,-163.2514,1.1681,-63.8372,16.46543490,44.11535817,1266.4395
5.380000,4393384.695189,4259770.120654,1796543.771254,-50.913979,-49.473003,235.726955,0.99999825,-0.00008748,0.00186867,-0.00009188,0.00028519,-0.00681718,-0.00282462,11.1100,1266.4274,883.6660,0.00881734,-0.00015631,0.718500,0.00617865,0.00591738,-0.00617921,-0.00591794,0.00348182,0.00355947,-0.00348249,-0.00356014,-162.8678,1.1134,-66.5996,16.46545716,44.11535816,1266.4274
5.390000,4393384.186067,4259769.625948,1796546.127769,-50.910415,-49.468318,235.576116,0.99999841,-0.00008646,0.00177551,-0.00010915,0.00028179,-0.03030114,-0.00407737,11.1100,1266.4149,886.1281,0.00902113,-0.00013085,0.718073,0.00617865,0.00591738,-0.00617921,-0.00591794,0.00342560,0.00353065,-0.00342633,-0.00353138,-162.4855,0.9685,-67.9009,16.46547941,44.11535815,1266.4149
5.400000,4393383.676979,4259769.131285,1796548.482777,-50.907310,-49.464415,235.425397,0.99999876,-0.00008547,0.00156787,-0.00013205,0.00027938,-0.05236234,-0.00507296,11.1100,1266.4021,888.5887,0.00898896,-0.00009290,0.717647,0.00617865,0.00591738,-0.00617921,-0.00591794,0.00339907,0.00351740,-0.00339982,-0.00351816,-162.1048,0.7257,-67.7110,16.46550165,44.11535815,1266.4021
5.410000,4393383.167917,4259768.636654,1796550.836276,-50.905458,-49.462146,235.274470,0.99999919,-0.00008451,0.00125677,-0.00015907,0.00027747,-0.07147135,-0.00571763,11.1100,1266.3889,891.0478,0.00873125,-0.00004465,0.717222,0.00599713,0.00600596,-0.00599767,-0.00600650,0.00338848,0.00351218,-0.00338924,-0.00351294,-161.7256,0.4081,-66.0652,16.46552387,44.11535814,1266.3889
5.420000,4393382.658868,4259768.142038,1796553.188266,-50.904772,-49.461567,235.123349,0.99999960,-0.00008358,0.00087263,-0.00018737,0.00027418,-0.08146542,-0.00559390,11.1100,1266.3752,893.5055,0.00827500,0.00001062,0.716798,0.00599713,0.00600596,-0.00599767,-0.00600650,0.00388862,0.00394240,-0.00388932,-0.00394311,-161.3479,-0.0448,-64.2737,16.46554608,44.11535813,1266.3752
5.430000,4393382.149818,4259767.647417,1796555.538743,-50.905652,-49.463039,234.971875,0.99999987,-0.00008267,0.00046227,-0.00021319,0.00026953,-0.08195505,-0.00473397,11.1100,1266.3612,895.9617,0.00768095,0.00006684,0.716375,0.00599713,0.00600596,-0.00599767,-0.00600650,0.00439409,0.00437627,-0.00439473,-0.00437692,-160.9719,-0.4990,-61.5324,16.46556827,44.11535813,1266.3612
5.440000,4393381.640748,4259767.152770,1796557.887702,-50.908553,-49.466863,234.819886,0.99999997,-0.00008178,0.00006631,-0.00023351,0.00026439,-0.07578718,-0.00341487,11.1100,1266.3468,898.4165,0.00704504,0.00011652,0.715953,0.00599713,0.00600596,-0.00599767,-0.00600650,0.00464268,0.00458957,-0.00464329,-0.00459018,-160.5975,-0.8592,-57.8689,16.46559045,44.11535812,1266.3468
5.450000,4393381.131644,4259766.658076,1796560.235140,-50.912738,-49.472270,234.667687,0.99999993,-0.00008090,-0.00027499,-0.00024573,0.00025905,-0.06026309,-0.00151068,11.1100,1266.3319,900.8698,0.00645079,0.00015409,0.715533,0.00482996,0.00500383,-0.00483029,-0.00500416,0.00523323,0.00509980,-0.00523382,-0.00510039,-160.2247,-1.1915,-55.2234,16.46561262,44.11535811,1266.3319
5.460000,4393380.622492,4259766.163322,1796562.581056,-50.917781,-49.478676,234.515477,0.99999983,-0.00008003,-0.00051949,-0.00024739,0.00025372,-0.03733006,0.00078483,11.1100,1266.3165,903.3217,0.00597426,0.00017442,0.715113,0.00482996,0.00500383,-0.00483029,-0.00500416,0.00576300,0.00555789,-0.00576357,-0.00555846,-159.8534,-1.3958,-53.1432,16.46563478,44.11535810,1266.3165
5.470000,4393380.113287,4259765.668501,1796564.925451,-50.923320,-49.485488,234.363441,0.99999976,-0.00007916,-0.00064123,-0.00023744,0.00024861,-0.01145166,0.00311358,11.1100,1266.3006,905.7721,0.00569670,0.00017313,0.714695,0.00482996,0.00500383,-0.00483029,-0.00500416,0.00601808,0.00577850,-0.00601865,-0.00577907,-159.4837,-1.4109,-51.6780,16.46565692,44.11535810,1266.3006
5.480000,4393379.604027,4259765.173614,1796567.268327,-50.928677,-49.491843,234.211890,0.99999977,-0.00007829,-0.00063375,-0.00021636,0.00024383,0.01407159,0.00521636,11.1100,1266.2842,908.2211,0.00566718,0.00014880,0.714278,0.00482996,0.00500383,-0.00483029,-0.00500416,0.00612076,0.00586731,-0.00612132,-0.00586787,-159.1155,-1.2512,-51.4547,16.46567905,44.11535809,1266.2842
5.490000,4393379.094717,4259764.678669,1796569.609691,-50.933050,-49.496797,234.061174,0.99999985,-0.00007742,-0.00050462,-0.00018572,0.00023943,0.03695322,0.00692167,11.1100,1266.2672,910.6687,0.00589403,0.00010303,0.713862,0.00490385,0.00487753,-0.00490454,-0.00487822,0.00615866,0.00590009,-0.00615922,-0.00590065,-158.7487,-0.9441,-52.7453,16.46570117,44.11535808,1266.2672
5.500000,4393378.585371,4259764.183686,1796571.949554,-50.935767,-49.499440,233.911612,0.99999995,-0.00007656,-0.00027168,-0.00014905,0.00023522,0.05540379,0.00762613,11.1100,1266.2498,913.1149,0.00635684,0.00003943,0.713447,0.00490385,0.00487753,-0.00490454,-0.00487822,0.00610744,0.00594306,-0.00610800,-0.00594362,-158.3832,-0.4047,-55.4793,16.46572327,44.11535807,1266.2498
5.510000,4393378.076009,4259763.688691,1796574.287928,-50.936175,-49.499112,233.763464,0.99999999,-0.00007571,0.00004006,-0.00011141,0.00023116,0.06833636,0.00731658,11.1100,1266.2319,915.5596,0.00701521,-0.00003418,0.713032,0.00490385,0.00487753,-0.00490454,-0.00487822,0.00604708,0.00597861,-0.00604763,-0.00597916,-158.0191,0.1926,-59.4787,16.46574537,44.11535807,1266.2319
5.520000,4393377.566657,4259763.193715,1796576.624829,-50.933755,-49.495428,233.616905,0.99999991,-0.00007487,0.00040151,-0.00007711,0.00022733,0.07522903,0.00630582,11.1100,1266.2136,918.0029,0.00781511,-0.00010759,0.712619,0.00490385,0.00487753,-0.00490454,-0.00487822,0.00601669,0.00599545,-0.00601724,-0.00599599,-157.6562,0.7202,-64.4318,16.46576744,44.11535806,1266.2136
5.530000,4393377.057344,4259762.698794,1796578.960272,-50.928218,-49.488251,233.472011,0.99999969,-0.00007405,0.00078201,-0.00004906,0.00022372,0.07596943,0.00483506,11.1100,1266.1948,920.4448,0.00869564,-0.00017251,0.712206,0.00546080,0.00549206,-0.00546123,-0.00549249,0.00600424,0.00600218,-0.00600478,-0.00600273,-157.2945,1.1528,-69.9424,16.46578951,44.11535805,1266.1948
5.540000,4393376.548100,4259762.203959,1796581.294273,-50.920152,-49.478212,233.328522,0.99999935,-0.00007326,0.00114120,-0.00002987,0.00021848,0.06681121,0.00278390,11.1100,1266.1758,922.8853,0.00959418,-0.00022354,0.711794,0.00546080,0.00549206,-0.00546123,-0.00549249,0.00558483,0.00564854,-0.00558529,-0.00564901,-156.9339,1.5479,-74.6684,16.46581156,44.11535804,1266.1758
5.550000,4393376.038948,4259761.709237,1796583.626846,-50.909846,-49.465771,233.186282,0.99999897,-0.00007252,0.00143174,-0.00002200,0.00021173,0.04872575,0.00033196,11.1100,1266.1564,925.3243,0.01043361,-0.00025563,0.711383,0.00546080,0.00549206,-0.00546123,-0.00549249,0.00516611,0.00529130,-0.00516651,-0.00529170,-156.5745,1.8109,-79.0703,16.46583360,44.11535804,1266.1564
5.560000,4393375.529909,4259761.214649,1796585.958002,-50.897596,-49.451457,233.045129,0.99999869,-0.00007183,0.00161781,-0.00002662,0.00020454,0.02528913,-0.00218435,11.1100,1266.1367,927.7620,0.01112156,-0.00026438,0.710972,0.00546080,0.00549206,-0.00546123,-0.00549249,0.00496062,0.00511563,-0.00496097,-0.00511599,-156.2162,1.8826,-83.0308,16.46585563,44.11535803,1266.1367
5.570000,4393375.021000,4259760.720211,1796588.287751,-50.884045,-49.436112,232.904774,0.99999859,-0.00007120,0.00167989,-0.00004340,0.00019752,-0.00057423,-0.00450961,11.1100,1266.1168,930.1982,0.01158876,-0.00024817,0.710562,0.00718126,0.00699610,-0.00718181,-0.00699665,0.00487723,0.00504430,-0.00487757,-0.00504464,-155.8591,1.7725,-85.8799,16.46587765,44.11535802,1266.1168
5.580000,4393374.512230,4259760.225927,1796590.616099,-50.870004,-49.420800,232.764847,0.99999870,-0.00007062,0.00161135,-0.00007000,0.00019401,-0.02666547,-0.00610271,11.1100,1266.0967,932.6330,0.01180066,-0.00020830,0.710153,0.00718126,0.00699610,-0.00718181,-0.00699665,0.00487258,0.00497296,-0.00487304,-0.00497342,-155.5032,1.4184,-87.2032,16.46589965,44.11535802,1266.0967
5.590000,4393374.003599,4259759.731791,1796592.943048,-50.856395,-49.406523,232.624974,0.99999899,-0.00007007,0.00141586,-0.00010252,0.00019385,-0.05108990,-0.00687412,11.1100,1266.0765,935.0665,0.01174962,-0.00015025,0.709745,0.00718126,0.00699610,-0.00718181,-0.00699665,0.00488812,0.00491852,-0.00488870,-0.00491911,-155.1486,0.9506,-86.8924,16.46592164,44.11535801,1266.0765
5.600000,4393373.495097,4259759.237790,1796595.268598,-50.844128,-49.394150,232.484801,0.99999938,-0.00006953,0.00110589,-0.00013725,0.00019524,-0.07222864,-0.00698784,11.1100,1266.0560,937.4985,0.01144875,-0.00008215,0.709337,0.00718126,0.00699610,-0.00718181,-0.00699665,0.00489740,0.00489319,-0.00489805,-0.00489384,-154.7954,0.4686,-85.0072,16.46594361,44.11535800,1266.0560
5.610000,4393372.986709,4259758.743899,1796597.592742,-50.833993,-49.384404,232.344027,0.99999974,-0.00006899,0.00070116,-0.00017120,0.00019715,-0.08882358,-0.00657016,11.1100,1266.0353,939.9291,0.01092841,-0.00001140,0.708931,0.00747439,0.00726697,-0.00747445,-0.00726703,0.00490144,0.00488314,-0.00490212,-0.00488381,-154.4437,0.0003,-81.7205,16.46596558,44.11535800,1266.0353
5.620000,4393372.478410,4259758.250093,1796599.915476,-50.826308,-49.377502,232.202546,0.99999995,-0.00006846,0.00023212,-0.00020220,0.00019692,-0.09786312,-0.00582154,11.1100,1266.0143,942.3584,0.01023260,0.00005613,0.708527,0.00747439,0.00726697,-0.00747445,-0.00726703,0.00510092,0.00509784,-0.00510151,-0.00509843,-154.0935,-0.4073,-77.7983,16.46598753,44.11535799,1266.0143
5.630000,4393371.970174,4259757.756340,1796602.236791,-50.821414,-49.373699,232.060229,0.99999994,-0.00006794,-0.00026252,-0.00022881,0.00019453,-0.09906381,-0.00482590,11.1100,1265.9931,944.7862,0.00942389,0.00011641,0.708123,0.00747439,0.00726697,-0.00747445,-0.00726703,0.00530050,0.00531615,-0.00530100,-0.00531666,-153.7449,-0.7612,-73.1216,16.46600947,44.11535798,1265.9931
5.640000,4393371.461972,4259757.262608,1796604.556678,-50.819511,-49.373112,231.917001,0.99999969,-0.00006743,-0.00074675,-0.00024986,0.00019121,-0.09377496,-0.00361489,11.1100,1265.9715,947.2127,0.00858154,0.00016673,0.707721,0.00747439,0.00726697,-0.00747445,-0.00726703,0.00539848,0.00542363,-0.00539894,-0.00542408,-153.3978,-1.0604,-67.9358,16.46603140,44.11535798,1265.9715
5.650000,4393370.953774,4259756.768867,1796606.875128,-50.820484,-49.375537,231.772915,0.99999925,-0.00006693,-0.00119116,-0.00026444,0.00018765,-0.08326356,-0.00225005,11.1100,1265.9496,949.6378,0.00777855,0.00020500,0.707319,0.00572633,0.00581264,-0.00572720,-0.00581351,0.00543825,0.00546729,-0.00543869,-0.00546773,-153.0523,-1.2876,-62.8220,16.46605331,44.11535797,1265.9496
5.660000,4393370.445558,4259756.275093,1796609.192135,-50.823063,-49.379742,231.628483,0.99999875,-0.00006644,-0.00155772,-0.00027101,0.00018515,-0.06286332,-0.00042896,11.1100,1265.9273,952.0615,0.00707286,0.00022965,0.706919,0.00572633,0.00581264,-0.00572720,-0.00581351,0.00606438,0.00601796,-0.00606486,-0.00601844,-152.7083,-1.5213,-59.5973,16.46607521,44.11535796,1265.9273
5.670000,4393369.937311,4259755.781270,1796611.507698,-50.826562,-49.384916,231.484007,0.99999834,-0.00006594,-0.00180106,-0.00026760,0.00018373,-0.03429028,0.00172199,11.1100,1265.9045,954.4839,0.00653293,0.00023760,0.706520,0.00572633,0.00581264,-0.00572720,-0.00581351,0.00668435,0.00656111,-0.00668487,-0.00656163,-152.3657,-1.6473,-57.3393,16.46609710,44.11535796,1265.9045
5.680000,4393369.429026,4259755.287394,1796613.821816,-50.830471,-49.390345,231.339727,0.99999817,-0.00006542,-0.00189304,-0.00025342,0.00018288,-0.00265930,0.00385986,11.1100,1265.8812,956.9049,0.00624498,0.00022534,0.706122,0.00572633,0.00581264,-0.00572720,-0.00581351,0.00698821,0.00682714,-0.00698874,-0.00682767,-152.0245,-1.5971,-55.9131,16.46611898,44.11535795,1265.8812
5.690000,4393368.920704,4259754.793466,1796616.134495,-50.833953,-49.395029,231.196015,0.99999830,-0.00006489,-0.00182797,-0.00022916,0.00018230,0.02819304,0.00573937,11.1100,1265.8575,959.3245,0.00626162,0.00019194,0.705726,0.00541730,0.00552012,-0.00541785,-0.00552067,0.00711143,0.00693499,-0.00711197,-0.00693553,-151.6846,-1.3877,-55.9837,16.46614084,44.11535794,1265.8575
5.700000,4393368.412353,4259754.299500,1796618.445740,-50.835890,-49.397750,231.053347,0.99999868,-0.00006435,-0.00161392,-0.00019640,0.00017781,0.05663205,0.00724560,11.1100,1265.8334,961.7427,0.00658862,0.00013933,0.705330,0.00541730,0.00552012,-0.00541785,-0.00552067,0.00726126,0.00707121,-0.00726163,-0.00707158,-151.3460,-1.0580,-58.0727,16.46616269,44.11535794,1265.8334
5.710000,4393367.903994,4259753.805522,1796620.755566,-50.835341,-49.397496,230.912115,0.99999918,-0.00006382,-0.00126795,-0.00015727,0.00016964,0.08071482,0.00828380,11.1100,1265.8087,964.1596,0.00720273,0.00007109,0.704934,0.00541730,0.00552012,-0.00541785,-0.00552067,0.00738206,0.00718205,-0.00738226,-0.00718225,-151.0086,-0.6296,-61.9090,16.46618453,44.11535793,1265.8087
5.720000,4393367.395657,4259753.311563,1796623.063989,-50.831583,-49.393496,230.772613,0.99999966,-0.00006333,-0.00081681,-0.00011429,0.00016014,0.09852533,0.00878504,11.1100,1265.7837,966.5751,0.00806389,-0.00000823,0.704540,0.00541730,0.00552012,-0.00541785,-0.00552067,0.00743897,0.00723438,-0.00743909,-0.00723450,-150.6722,-0.1300,-67.1687,16.46620636,44.11535792,1265.7837
5.730000,4393366.887375,4259752.817666,1796625.371025,-50.824068,-49.385201,230.635049,0.99999995,-0.00006288,-0.00029494,-0.00007020,0.00015057,0.10891695,0.00873054,11.1100,1265.7583,968.9893,0.00911402,-0.00009338,0.704146,0.00631253,0.00622523,-0.00631271,-0.00622541,0.00746167,0.00725526,-0.00746176,-0.00725535,-150.3369,0.4042,-73.5629,16.46622818,44.11535791,1265.7583
5.740000,4393366.379185,4259752.323871,1796627.676695,-50.813400,-49.373075,230.499178,0.99999997,-0.00006246,0.00024476,-0.00002903,0.00014816,0.10570642,0.00762832,11.1100,1265.7326,971.4021,0.01028090,-0.00017881,0.703753,0.00631253,0.00622523,-0.00631271,-0.00622541,0.00684881,0.00674612,-0.00684917,-0.00674648,-150.0025,1.0583,-79.3555,16.46624998,44.11535791,1265.7326
5.750000,4393365.871116,4259751.830215,1796629.981014,-50.799685,-49.357334,230.364923,0.99999973,-0.00006204,0.00073553,0.00000421,0.00015255,0.08952935,0.00558629,11.1100,1265.7066,973.8136,0.01146198,-0.00025608,0.703360,0.00631253,0.00622523,-0.00631271,-0.00622541,0.00622708,0.00622912,-0.00622772,-0.00622976,-149.6690,1.6534,-85.2982,16.46627177,44.11535790,1265.7066
5.760000,4393365.363200,4259751.336735,1796632.283998,-50.783005,-49.338306,230.232203,0.99999937,-0.00006159,0.00112336,0.00002591,0.00015981,0.06481121,0.00303445,11.1100,1265.6804,976.2237,0.01252467,-0.00031552,0.702968,0.00631253,0.00622523,-0.00631271,-0.00622541,0.00592112,0.00597466,-0.00592190,-0.00597544,-149.3364,2.0670,-91.2551,16.46629355,44.11535789,1265.6804
5.770000,4393364.855464,4259750.843457,1796634.585662,-50.763957,-49.316816,230.100737,0.99999905,-0.00006112,0.00137438,0.00003434,0.00016780,0.03514004,0.00030600,11.1100,1265.6541,978.6325,0.01336217,-0.00035062,0.702576,0.00906682,0.00892343,-0.00906741,-0.00892402,0.00579684,0.00587129,-0.00579768,-0.00587213,-149.0046,2.2887,-96.2440,16.46631532,44.11535789,1265.6541
5.780000,4393364.347925,4259750.350402,1796636.886015,-50.743632,-49.294141,229.970058,0.99999892,-0.00006063,0.00146811,0.00002916,0.00017297,0.00225474,-0.00238378,11.1100,1265.6276,981.0399,0.01391105,-0.00035865,0.702185,0.00906682,0.00892343,-0.00906741,-0.00892402,0.00564093,0.00572900,-0.00564167,-0.00572974,-148.6738,2.3320,-99.3798,16.46633707,44.11535788,1265.6276
5.790000,4393363.840591,4259749.857574,1796639.185064,-50.723130,-49.271550,229.839706,0.99999903,-0.00006013,0.00139464,0.00001105,0.00017526,-0.03137716,-0.00484360,11.1100,1265.6011,983.4460,0.01413752,-0.00033960,0.701794,0.00906682,0.00892343,-0.00906741,-0.00892402,0.00551428,0.00561098,-0.00551492,-0.00561162,-148.3441,2.2016,-100.5928,16.46635881,44.11535787,1265.6011
5.800000,4393363.333459,4259749.364967,1796641.482809,-50.703514,-49.250258,229.709240,0.99999933,-0.00005964,0.00115725,-0.00001840,0.00017616,-0.06298122,-0.00690691,11.1100,1265.5744,985.8508,0.01402896,-0.00029543,0.701404,0.00906682,0.00892343,-0.00906741,-0.00892402,0.00545451,0.00555504,-0.00545510,-0.00555563,-148.0155,1.9121,-99.8830,16.46638054,44.11535787,1265.5744
5.810000,4393362.826515,4259748.872561,1796643.779247,-50.685818,-49.231405,229.578235,0.99999970,-0.00005916,0.00077176,-0.00005691,0.00017655,-0.09033205,-0.00845217,11.1100,1265.5477,988.2542,0.01359886,-0.00022985,0.701016,0.00905758,0.00891407,-0.00905755,-0.00891405,0.00543066,0.00553267,-0.00543122,-0.00553323,-147.6883,1.4909,-97.2532,16.46640226,44.11535786,1265.5477
5.820000,4393362.319736,4259748.380329,1796646.074371,-50.670486,-49.215611,229.446488,0.99999996,-0.00005870,0.00027091,-0.00010084,0.00017373,-0.10893825,-0.00907248,11.1100,1265.5209,990.6563,0.01288552,-0.00014787,0.700628,0.00905758,0.00891407,-0.00905755,-0.00891405,0.00574003,0.00577502,-0.00574046,-0.00577544,-147.3624,0.8940,-93.5434,16.46642397,44.11535785,1265.5209
5.830000,4393361.813096,4259747.888237,1796648.368174,-50.658153,-49.203510,229.313733,0.99999994,-0.00005826,-0.00029910,-0.00014553,0.00016801,-0.11791494,-0.00876514,11.1100,1265.4940,993.0571,0.01195766,-0.00005732,0.700242,0.00905758,0.00891407,-0.00905755,-0.00891405,0.00605687,0.00602410,-0.00605716,-0.00602439,-147.0380,0.2517,-88.4755,16.46644566,44.11535785,1265.4940
5.840000,4393361.306561,4259747.396245,1796650.660642,-50.649342,-49.195513,229.179677,0.99999958,-0.00005787,-0.00089304,-0.00018690,0.00016117,-0.11852278,-0.00775740,11.1100,1265.4669,995.4565,0.01091161,0.00003241,0.699857,0.00905758,0.00891407,-0.00905755,-0.00891405,0.00621303,0.00614694,-0.00621325,-0.00614716,-146.7629,-0.3376,-82.2956,16.46646735,44.11535784,1265.4669
5.850000,4393360.800097,4259746.904313,1796652.951763,-50.644190,-49.191628,229.044254,0.99999889,-0.00005750,-0.00147178,-0.00022192,0.00015417,-0.11192502,-0.00624040,11.1100,1265.4395,997.8547,0.00984087,0.00011344,0.699473,0.00789138,0.00785147,-0.00789203,-0.00785212,0.00627650,0.00619688,-0.00627669,-0.00619708,-146.5691,-0.8441,-75.7317,16.46648902,44.11535784,1265.4395
5.860000,4393360.293673,4259746.412406,1796655.241525,-50.641091,-49.190183,228.908137,0.99999801,-0.00005717,-0.00197767,-0.00024819,0.00015073,-0.08962040,-0.00427724,11.1100,1265.4118,1000.2515,0.00882422,0.00018006,0.699089,0.00789138,0.00785147,-0.00789203,-0.00785212,0.00727883,0.00717426,-0.00727916,-0.00717459,-146.3760,-1.2703,-71.6118,16.46651067,44.11535783,1265.4118
5.870000,4393359.787273,4259745.920506,1796657.529925,-50.639330,-49.190322,228.771638,0.99999723,-0.00005682,-0.00233677,-0.00026386,0.00015073,-0.05359550,-0.00202538,11.1100,1265.3838,1002.6470,0.00796695,0.00022782,0.698707,0.00789138,0.00785147,-0.00789203,-0.00785212,0.00827133,0.00814495,-0.00827180,-0.00814542,-146.1834,-1.5729,-68.3492,16.46653232,44.11535783,1265.3838
5.880000,4393359.280885,4259745.428598,1796659.816958,-50.638426,-49.191388,228.634972,0.99999684,-0.00005644,-0.00249936,-0.00026802,0.00015229,-0.01146239,0.00030767,11.1100,1265.3555,1005.0411,0.00741210,0.00025351,0.698325,0.00789138,0.00785147,-0.00789203,-0.00785212,0.00875777,0.00862093,-0.00875831,-0.00862148,-145.9913,-1.7244,-65.7037,16.46655396,44.11535782,1265.3555
5.890000,4393358.774505,4259744.936679,1796662.102626,-50.637344,-49.192195,228.498586,0.99999697,-0.00005603,-0.00244896,-0.00026071,0.00015438,0.03115372,0.00254365,11.1100,1265.3267,1007.4340,0.00725570,0.00025586,0.697944,0.00656848,0.00652333,-0.00656945,-0.00652430,0.00895503,0.00881400,-0.00895560,-0.00881457,-145.7997,-1.7250,-64.8054,16.46657558,44.11535781,1265.3267
5.900000,4393358.268143,4259744.444760,1796664.386933,-50.634799,-49.191333,228.363026,0.99999756,-0.00005559,-0.00219294,-0.00024279,0.00015158,0.07038162,0.00453646,11.1100,1265.2976,1009.8256,0.00752390,0.00023550,0.697564,0.00656848,0.00652333,-0.00656945,-0.00652430,0.00902485,0.00888223,-0.00902521,-0.00888260,-145.6086,-1.5844,-66.2124,16.46659719,44.11535781,1265.2976
5.910000,4393357.761818,4259743.952863,1796666.669891,-50.629519,-49.187431,228.228824,0.99999843,-0.00005516,-0.00175520,-0.00021577,0.00014413,0.10350448,0.00616995,11.1100,1265.2681,1012.2158,0.00819366,0.00019464,0.697184,0.00656848,0.00652333,-0.00656945,-0.00652430,0.00904724,0.00890404,-0.00904739,-0.00890419,-145.4178,-1.3196,-69.9835,16.46661879,44.11535780,1265.2681
5.920000,4393357.255565,4259743.461025,1796668.951515,-50.620418,-49.179328,228.096423,0.99999930,-0.00005474,-0.00117125,-0.00018168,0.00013487,0.12862331,0.00735903,11.1100,1265.2382,1014.6048,0.00920903,0.00013674,0.696804,0.00656848,0.00652333,-0.00656945,-0.00652430,0.00905434,0.00891093,-0.00905438,-0.00891098,-145.2273,-0.9537,-75.8601,16.46664038,44.11535779,1265.2382
5.930000,4393356.749426,4259742.969293,1796671.231826,-50.606689,-49.166171,227.966140,0.99999987,-0.00005436,-0.00048438,-0.00014287,0.00012536,0.14452859,0.00805146,11.1100,1265.2081,1016.9924,0.01049207,0.00006616,0.696425,0.00673830,0.00692135,-0.00673832,-0.00692137,0.00905657,0.00891310,-0.00905657,-0.00891310,-145.0371,-0.5144,-83.3962,16.46666195,44.11535779,1265.2081
5.940000,4393356.243446,4259742.477718,1796673.510845,-50.588439,-49.147985,227.837913,0.99999996,-0.00005401,0.00024792,-0.00010234,0.00012171,0.14679692,0.00805196,11.1100,1265.1777,1019.3787,0.01195104,-0.00001215,0.696045,0.00673830,0.00692135,-0.00673832,-0.00692137,0.00864284,0.00853616,-0.00864307,-0.00853638,-144.8470,0.0090,-91.1455,16.46668352,44.11535778,1265.1777
5.950000,4393355.737671,4259741.986350,1796675.788591,-50.565639,-49.124762,227.711727,0.99999954,-0.00005366,0.00095811,-0.00006349,0.00012368,0.13582313,0.00739025,11.1100,1265.1472,1021.7638,0.01347142,-0.00009197,0.695665,0.00673830,0.00692135,-0.00673832,-0.00692137,0.00822633,0.00815666,-0.00822679,-0.00815712,-144.6571,0.5357,-99.3372,16.46670507,44.11535777,1265.1472
5.960000,4393355.232147,4259741.495238,1796678.065085,-50.538415,-49.096718,227.587500,0.99999874,-0.00005331,0.00158770,-0.00002922,0.00012810,0.11479840,0.00622625,11.1100,1265.1166,1024.1475,0.01491796,-0.00016654,0.695285,0.00673830,0.00692135,-0.00673832,-0.00692137,0.00802162,0.00797014,-0.00802220,-0.00797072,-144.4672,1.0033,-107.6098,16.46672661,44.11535777,1265.1166
5.970000,4393354.726915,4259741.004429,1796680.340346,-50.507381,-49.064565,227.464964,0.99999781,-0.00005295,0.00209340,-0.00000171,0.00013320,0.08658553,0.00470588,11.1100,1265.0860,1026.5299,0.01617471,-0.00023031,0.694905,0.00932249,0.00909697,-0.00932278,-0.00909727,0.00793852,0.00789442,-0.00793914,-0.00789504,-144.2774,1.3886,-115.0433,16.46674814,44.11535776,1265.0860
5.980000,4393354.222006,4259740.513954,1796682.614388,-50.474163,-49.030013,227.343452,0.99999704,-0.00005257,0.00243399,0.00001763,0.00014081,0.04915042,0.00296991,11.1100,1265.0555,1028.9111,0.01715913,-0.00027932,0.694525,0.00932249,0.00909697,-0.00932278,-0.00909727,0.00743759,0.00739436,-0.00743834,-0.00739512,-144.0877,1.6737,-119.9116,16.46676965,44.11535775,1265.0555
5.990000,4393353.717434,4259740.023831,1796684.887217,-50.440048,-48.994444,227.222454,0.99999670,-0.00005217,0.00257013,0.00002802,0.00015054,0.00526339,0.00114326,11.1100,1265.0250,1031.2909,0.01779903,-0.00031109,0.694145,0.00932249,0.00909697,-0.00932278,-0.00909727,0.00695403,0.00690990,-0.00695490,-0.00691077,-143.8981,1.8505,-122.7872,16.46679116,44.11535775,1265.0250
6.000000,4393353.213203,4259739.534064,1796687.158837,-50.406207,-48.959131,227.101519,0.99999692,-0.00005174,0.00248272,0.00002930,0.00016083,-0.03980410,-0.00065977,11.1100,1264.9947,1033.6694,0.01802391,-0.00032449,0.693765,0.00932249,0.00909697,-0.00932278,-0.00909727,0.00671806,0.00667334,-0.00671900,-0.00667427,-143.7089,1.9157,-123.7527,16.46681265,44.11535774,1264.9947
6.010000,4393352.709304,4259739.044643,1796689.429246,-50.373999,-48.925521,226.980122,0.99999763,-0.00005127,0.00217621,0.00002186,0.00017090,-0.08194548,-0.00233211,11.1100,1264.9645,1036.0466,0.01780307,-0.00031962,0.693386,0.01091358,0.01057814,-0.01091429,-0.01057884,0.00662255,0.00657756,-0.00662350,-0.00657851,-143.5201,1.8711,-122.3534,16.46683413,44.11535774,1264.9645
6.020000,4393352.205714,4259738.555544,1796691.698436,-50.344686,-48.894847,226.857792,0.99999860,-0.00005078,0.00167533,0.00000563,0.00017283,-0.11720602,-0.00416331,11.1100,1264.9345,1038.4226,0.01715404,-0.00029764,0.693007,0.01091358,0.01057814,-0.01091429,-0.01057884,0.00664753,0.00668353,-0.00664816,-0.00668416,-143.3317,1.8155,-118.7209,16.46685560,44.11535773,1264.9345
6.030000,4393351.702397,4259738.066732,1796693.966397,-50.319398,-48.868335,226.734070,0.99999948,-0.00005032,0.00101985,-0.00001992,0.00016711,-0.14353257,-0.00604355,11.1100,1264.9045,1040.7972,0.01613397,-0.00025844,0.692630,0.01091358,0.01057814,-0.01091429,-0.01057884,0.00669579,0.00681330,-0.00669608,-0.00681359,-143.1441,1.6560,-112.8728,16.46687706,44.11535773,1264.9045
6.040000,4393351.199309,4259737.578160,1796696.233112,-50.298986,-48.846992,226.608580,0.99999996,-0.00004991,0.00025663,-0.00005426,0.00015818,-0.16015610,-0.00766750,11.1100,1264.8745,1043.1705,0.01482971,-0.00020138,0.692253,0.01091358,0.01057814,-0.01091429,-0.01057884,0.00672139,0.00687896,-0.00672152,-0.00687909,-142.9571,1.3429,-105.1757,16.46689851,44.11535772,1264.8745
6.050000,4393350.696399,4259737.089773,1796698.498562,-50.283927,-48.831417,226.481090,0.99999983,-0.00004955,-0.00056482,-0.00009562,0.00014848,-0.16678779,-0.00884044,11.1100,1264.8445,1045.5426,0.01334078,-0.00012805,0.691878,0.00890493,0.00880317,-0.00890523,-0.00880347,0.00673210,0.00690593,-0.00673216,-0.00690599,-142.7709,0.9084,-96.2651,16.46691994,44.11535771,1264.8445
6.060000,4393350.193619,4259736.601517,1796700.762729,-50.273058,-48.820747,226.352003,0.99999904,-0.00004922,-0.00137431,-0.00013976,0.00014114,-0.15550514,-0.00878347,11.1100,1264.8144,1047.9134,0.01176957,-0.00004243,0.691504,0.00890493,0.00880317,-0.00890523,-0.00880347,0.00765446,0.00768913,-0.00765460,-0.00768926,-142.5854,0.2318,-88.6697,16.46694137,44.11535771,1264.8144
6.070000,4393349.690928,4259736.113345,1796703.025598,-50.265946,-48.814537,226.221473,0.99999781,-0.00004892,-0.00208518,-0.00018058,0.00013627,-0.12763943,-0.00752619,11.1100,1264.7841,1050.2829,0.01025025,0.00004620,0.691131,0.00890493,0.00880317,-0.00890523,-0.00880347,0.00857933,0.00847012,-0.00857955,-0.00847034,-142.4006,-0.4578,-81.2799,16.46696278,44.11535770,1264.7841
6.080000,4393349.188290,4259735.625214,1796705.287154,-50.262271,-48.812259,226.089642,0.99999652,-0.00004863,-0.00263030,-0.00021323,0.00013264,-0.08961267,-0.00553233,11.1100,1264.7536,1052.6511,0.00895349,0.00012570,0.690759,0.00890493,0.00880317,-0.00890523,-0.00880347,0.00903357,0.00885334,-0.00903384,-0.00885361,-142.2165,-1.0020,-74.1611,16.46698418,44.11535770,1264.7536
6.090000,4393348.685674,4259735.137090,1796707.547388,-50.261079,-48.812772,225.956919,0.99999556,-0.00004834,-0.00297139,-0.00023488,0.00012957,-0.04648082,-0.00314872,11.1100,1264.7227,1055.0180,0.00801099,0.00018702,0.690388,0.00687814,0.00700354,-0.00687798,-0.00700339,0.00921794,0.00900882,-0.00921822,-0.00900911,-142.0329,-1.3847,-68.5529,16.46700557,44.11535769,1264.7227
6.100000,4393348.183068,4259734.648958,1796709.806293,-50.260258,-48.813872,225.824192,0.99999523,-0.00004804,-0.00307933,-0.00024374,0.00013005,0.00313948,-0.00043702,11.1100,1264.6915,1057.3837,0.00749287,0.00022515,0.690017,0.00687814,0.00700354,-0.00687798,-0.00700339,0.00985171,0.00959281,-0.00985215,-0.00959325,-141.8499,-1.6487,-66.4211,16.46702694,44.11535769,1264.6915
6.110000,4393347.680475,4259734.160818,1796712.063874,-50.258217,-48.813804,225.692145,0.99999568,-0.00004771,-0.00293040,-0.00023867,0.00013379,0.05574706,0.00239721,11.1100,1264.6599,1059.7480,0.00744394,0.00023697,0.689648,0.00687814,0.00700354,-0.00687798,-0.00700339,0.01044430,0.01014235,-0.01044489,-0.01014294,-141.6674,-1.7457,-66.9574,16.46704831,44.11535768,1264.6599
6.120000,4393347.177913,4259733.672691,1796714.320141,-50.253650,-48.811073,225.561339,0.99999679,-0.00004733,-0.00252460,-0.00021976,0.00013894,0.10539328,0.00507746,11.1100,1264.6280,1062.1112,0.00790127,0.00022087,0.689278,0.00687814,0.00700354,-0.00687798,-0.00700339,0.01073184,0.01040931,-0.01073250,-0.01040997,-141.4852,-1.6510,-69.8328,16.46706966,44.11535768,1264.6280
6.130000,4393346.675415,4259733.184611,1796716.575107,-50.245174,-48.804137,225.432355,0.99999820,-0.00004691,-0.00188779,-0.00018830,0.00014450,0.14774811,0.00739553,11.1100,1264.5957,1064.4730,0.00885611,0.00017771,0.688909,0.00626446,0.00648650,-0.00626403,-0.00648607,0.01084796,0.01051717,-0.01084865,-0.01051786,-141.3033,-1.3834,-75.3102,16.46709101,44.11535767,1264.5957
6.140000,4393346.173022,4259732.696623,1796718.828794,-50.232513,-48.792463,225.305317,0.99999941,-0.00004646,-0.00107980,-0.00014747,0.00014682,0.17361929,0.00882153,11.1100,1264.5631,1066.8336,0.01024766,0.00011070,0.688540,0.00626446,0.00648650,-0.00626403,-0.00648607,0.01017710,0.00992630,-0.01017765,-0.00992686,-141.1216,-0.8808,-81.7827,16.46711234,44.11535767,1264.5631
6.150000,4393345.670780,4259732.208779,1796721.081221,-50.214868,-48.775198,225.180527,0.99999998,-0.00004599,-0.00018652,-0.00010188,0.00014590,0.18180279,0.00929591,11.1100,1264.5303,1069.1929,0.01195372,0.00002699,0.688171,0.00626446,0.00648650,-0.00626403,-0.00648607,0.00947440,0.00930604,-0.00947482,-0.00930646,-140.9400,-0.2840,-90.1470,16.46713366,44.11535766,1264.5303
6.160000,4393345.168743,4259731.721139,1796723.332412,-50.191521,-48.751690,225.058236,0.99999974,-0.00004554,0.00071160,-0.00005580,0.00014350,0.17564639,0.00902297,11.1100,1264.4973,1071.5509,0.01379738,-0.00006393,0.687802,0.00626446,0.00648650,-0.00626403,-0.00648607,0.00912682,0.00899913,-0.00912716,-0.00899948,-140.7585,0.3017,-100.1554,16.46715497,44.11535765,1264.4973
6.170000,4393344.666968,4259731.233766,1796725.582394,-50.162469,-48.722012,224.938402,0.99999880,-0.00004510,0.00154956,-0.00001257,0.00014057,0.15794869,0.00816298,11.1100,1264.4643,1073.9077,0.01561343,-0.00015364,0.687433,0.00887243,0.00888573,-0.00887372,-0.00888701,0.00898533,0.00887418,-0.00898565,-0.00887450,-140.5770,0.8474,-110.4965,16.46717626,44.11535765,1264.4643
6.180000,4393344.165506,4259730.746713,1796727.831186,-50.129258,-48.687656,224.820389,0.99999745,-0.00004470,0.00225918,0.00002423,0.00013392,0.12466747,0.00646912,11.1100,1264.4313,1076.2632,0.01727207,-0.00023569,0.687063,0.00887243,0.00888573,-0.00887372,-0.00888701,0.00821254,0.00818825,-0.00821268,-0.00818840,-140.3954,1.4190,-118.6622,16.46719755,44.11535764,1264.4313
6.190000,4393343.664392,4259730.260023,1796730.078805,-50.092999,-48.649842,224.703737,0.99999616,-0.00004435,0.00276925,0.00005079,0.00012394,0.07860149,0.00409078,11.1100,1264.3984,1078.6175,0.01864642,-0.00030289,0.686692,0.00887243,0.00888573,-0.00887372,-0.00888701,0.00746979,0.00752884,-0.00746977,-0.00752882,-140.2138,1.8922,-125.3004,16.46721882,44.11535764,1264.3984
6.200000,4393343.163652,4259729.773723,1796732.325263,-50.054737,-48.609827,224.588021,0.99999540,-0.00004409,0.00303201,0.00006461,0.00011278,0.02627986,0.00139076,11.1100,1264.3656,1080.9704,0.01960123,-0.00034807,0.686322,0.00887243,0.00888573,-0.00887372,-0.00888701,0.00710763,0.00720730,-0.00710752,-0.00720719,-140.0323,2.1836,-130.3209,16.46724008,44.11535763,1264.3656
6.210000,4393342.663298,4259729.287828,1796734.570567,-50.015956,-48.569278,224.472658,0.99999541,-0.00004390,0.00302920,0.00006476,0.00010166,-0.02708900,-0.00134882,11.1100,1264.3330,1083.3221,0.02004813,-0.00036693,0.685952,0.01113536,0.01086127,-0.01113489,-0.01086080,0.00696107,0.00707718,-0.00696093,-0.00707704,-139.8509,2.2911,-132.8280,16.46726133,44.11535763,1264.3330
6.220000,4393342.163327,4259728.802332,1796736.814715,-49.978626,-48.530267,224.356887,0.99999619,-0.00004380,0.00276089,0.00005119,0.00008893,-0.07940802,-0.00407637,11.1100,1264.3006,1085.6726,0.01996033,-0.00035835,0.685581,0.01113536,0.01086127,-0.01113489,-0.01086080,0.00668874,0.00684527,-0.00668849,-0.00684503,-139.6698,2.2630,-131.9522,16.46728257,44.11535762,1264.3006
6.230000,4393341.663715,4259728.317211,1796739.057701,-49.944417,-48.494609,224.240054,0.99999749,-0.00004379,0.00224062,0.00002440,0.00007493,-0.12741205,-0.00661840,11.1100,1264.2684,1088.0218,0.01935054,-0.00032270,0.685212,0.01113536,0.01086127,-0.01113489,-0.01086080,0.00645040,0.00664360,-0.00645005,-0.00664324,-139.4892,2.0724,-128.0822,16.46730380,44.11535762,1264.2684
6.240000,4393341.164423,4259727.832423,1796741.299511,-49.914705,-48.463829,224.121607,0.99999888,-0.00004387,0.00149925,-0.00001411,0.00006102,-0.16747344,-0.00875102,11.1100,1264.2364,1090.3697,0.01825670,-0.00026158,0.684844,0.01113536,0.01086127,-0.01113489,-0.01086080,0.00633618,0.00654707,-0.00633578,-0.00654667,-139.3093,1.7139,-121.6080,16.46732502,44.11535761,1264.2364
6.250000,4393340.665402,4259727.347914,1796743.540126,-49.890651,-48.439199,224.001064,0.99999983,-0.00004403,0.00058310,-0.00006192,0.00004784,-0.19706117,-0.01032213,11.1100,1264.2045,1092.7163,0.01674960,-0.00017858,0.684477,0.01131676,0.01108199,-0.01131795,-0.01108318,0.00629030,0.00650831,-0.00628987,-0.00650789,-139.1301,1.2197,-112.8174,16.46734622,44.11535761,1264.2045
6.260000,4393340.166595,4259726.863621,1796745.779526,-49.871848,-48.420514,223.878548,0.99999990,-0.00004423,-0.00043064,-0.00011512,0.00004893,-0.20643873,-0.01090893,11.1100,1264.1727,1095.0617,0.01492953,-0.00007901,0.684111,0.01131676,0.01108199,-0.01131795,-0.01108318,0.00720016,0.00734663,-0.00720034,-0.00734681,-138.9517,0.5493,-104.1226,16.46736742,44.11535760,1264.1727
6.270000,4393339.667948,4259726.379484,1796748.017690,-49.858536,-48.408020,223.753930,0.99999895,-0.00004439,-0.00144056,-0.00016877,0.00006325,-0.19566488,-0.01050868,11.1100,1264.1408,1097.4059,0.01294902,0.00002875,0.683746,0.01131676,0.01108199,-0.01131795,-0.01108318,0.00812616,0.00819896,-0.00812695,-0.00819975,-138.7741,-0.1628,-94.4099,16.46738860,44.11535760,1264.1408
6.280000,4393339.169406,4259725.895440,1796750.254598,-49.850932,-48.401823,223.627097,0.99999719,-0.00004446,-0.00235941,-0.00021851,0.00008295,-0.17029044,-0.00935514,11.1100,1264.1087,1099.7488,0.01101248,0.00013475,0.683383,0.01131676,0.01108199,-0.01131795,-0.01108318,0.00858208,0.00861854,-0.00858317,-0.00861963,-138.5973,-0.8163,-83.8737,16.46740977,44.11535759,1264.1087
6.290000,4393338.670913,4259725.411429,1796752.490226,-49.848472,-48.401246,223.498260,0.99999508,-0.00004441,-0.00312511,-0.00026105,0.00010369,-0.13478724,-0.00764584,11.1100,1264.0764,1102.0905,0.00929557,0.00023058,0.683021,0.00803802,0.00803367,-0.00803695,-0.00803260,0.00876732,0.00878900,-0.00876853,-0.00879022,-138.4212,-1.3807,-73.9868,16.46743093,44.11535759,1264.0764
6.300000,4393338.172428,4259724.927405,1796754.724560,-49.848980,-48.404154,223.368295,0.99999319,-0.00004427,-0.00367823,-0.00029286,0.00011027,-0.08574906,-0.00508499,11.1100,1264.0439,1104.4309,0.00791865,0.00031006,0.682660,0.00803802,0.00803367,-0.00803695,-0.00803260,0.00964020,0.00955427,-0.00964084,-0.00955491,-138.2457,-1.9442,-67.3999,16.46745208,44.11535758,1264.0439
6.310000,4393337.673930,4259724.443342,1796756.957591,-49.850882,-48.408818,223.237868,0.99999211,-0.00004410,-0.00395997,-0.00031015,0.00010308,-0.02682597,-0.00186640,11.1100,1264.0109,1106.7701,0.00698711,0.00036619,0.682300,0.00803802,0.00803367,-0.00803695,-0.00803260,0.01047300,0.01028245,-0.01047303,-0.01028248,-138.0708,-2.3618,-63.2392,16.46747322,44.11535758,1264.0109
6.320000,4393337.175412,4259723.959229,1796759.189318,-49.852828,-48.413624,223.107582,0.99999219,-0.00004396,-0.00393935,-0.00031075,0.00008984,0.03460003,0.00155948,11.1100,1263.9776,1109.1080,0.00660814,0.00039200,0.681941,0.00803802,0.00803367,-0.00803695,-0.00803260,0.01087855,0.01063689,-0.01087828,-0.01063661,-137.8964,-2.5413,-61.3713,16.46749435,44.11535757,1263.9776
6.330000,4393336.676880,4259723.475076,1796761.419746,-49.853142,-48.416668,222.978168,0.99999341,-0.00004386,-0.00361809,-0.00029450,0.00007497,0.09286406,0.00485211,11.1100,1263.9438,1111.4447,0.00683448,0.00038411,0.681582,0.00564660,0.00621242,-0.00564650,-0.00621232,0.01104258,0.01078021,-0.01104218,-0.01077981,-137.7223,-2.4915,-62.5132,16.46751546,44.11535757,1263.9438
6.340000,4393336.178361,4259722.990909,1796763.648887,-49.850000,-48.415924,222.850410,0.99999540,-0.00004378,-0.00302074,-0.00026282,0.00007296,0.14455106,0.00770820,11.1100,1263.9096,1113.7802,0.00765136,0.00034301,0.681223,0.00564660,0.00621242,-0.00564650,-0.00621232,0.01116774,0.01091168,-0.01116788,-0.01091182,-137.5486,-2.2221,-67.0338,16.46753657,44.11535756,1263.9096
6.350000,4393335.679897,4259722.506776,1796765.876762,-49.841821,-48.409671,222.724966,0.99999758,-0.00004365,-0.00218788,-0.00021832,0.00008363,0.18668221,0.00996081,11.1100,1263.8751,1116.1144,0.00899757,0.00027237,0.680865,0.00564660,0.00621242,-0.00564650,-0.00621232,0.01125388,0.01100917,-0.01125460,-0.01100990,-137.3751,-1.7804,-74.5656,16.46755766,44.11535756,1263.8751
6.360000,4393335.181545,4259722.022738,1796768.103396,-49.827367,-48.396577,222.602319,0.99999930,-0.00004344,-0.00117364,-0.00016424,0.00009985,0.21684402,0.01153210,11.1100,1263.8403,1118.4474,0.01078151,0.00017802,0.680507,0.00564660,0.00621242,-0.00564650,-0.00621232,0.01129296,0.01105425,-0.01129397,-0.01105525,-137.2017,-1.2126,-84.5608,16.46757874,44.11535755,1263.8403
6.370000,4393334.683373,4259721.538870,1796770.328818,-49.805775,-48.375728,222.482776,0.99999999,-0.00004313,-0.00004170,-0.00010411,0.00011755,0.23363944,0.01237908,11.1100,1263.8052,1120.7792,0.01288682,0.00006680,0.680148,0.00776255,0.00771215,-0.00776291,-0.00771251,0.01130828,0.01107207,-0.01130941,-0.01107320,-137.0284,-0.5574,-96.4075,16.46759981,44.11535755,1263.8052
6.380000,4393334.185447,4259721.055245,1796772.553059,-49.778158,-48.348070,222.365842,0.99999938,-0.00004277,0.00111387,-0.00004250,0.00011777,0.22639299,0.01212830,11.1100,1263.7701,1123.1097,0.01518056,-0.00005395,0.679789,0.00776255,0.00771215,-0.00776291,-0.00771251,0.01014871,0.00999532,-0.01014907,-0.00999568,-136.8549,0.2309,-107.0044,16.46762087,44.11535754,1263.7701
6.390000,4393333.687827,4259720.571928,1796774.776142,-49.744806,-48.313935,222.251351,0.99999763,-0.00004247,0.00217527,0.00001523,0.00010093,0.19628544,0.01084011,11.1100,1263.7349,1125.4390,0.01748109,-0.00017468,0.679429,0.00776255,0.00771215,-0.00776291,-0.00771251,0.00897903,0.00890831,-0.00897860,-0.00890788,-136.6813,1.0096,-117.7530,16.46764192,44.11535754,1263.7349
6.400000,4393333.190569,4259720.088985,1796776.998093,-49.705964,-48.273731,222.139165,0.99999535,-0.00004228,0.00304714,0.00006464,0.00007673,0.15105045,0.00881786,11.1100,1263.6999,1127.7671,0.01955477,-0.00028479,0.679069,0.00776255,0.00771215,-0.00776291,-0.00771251,0.00840397,0.00837382,-0.00840315,-0.00837300,-136.5075,1.6743,-128.5307,16.46766296,44.11535753,1263.6999
6.410000,4393332.693722,4259719.606469,1796779.218932,-49.662738,-48.228724,222.028826,0.99999326,-0.00004223,0.00366901,0.00010268,0.00005065,0.09683619,0.00631517,11.1100,1263.6650,1130.0939,0.02121290,-0.00037594,0.678707,0.01284406,0.01251968,-0.01284517,-0.01252078,0.00817047,0.00815679,-0.00816949,-0.00815581,-136.3335,2.1984,-137.6914,16.46768398,44.11535753,1263.6650
6.420000,4393332.197317,4259719.124416,1796781.438672,-49.617898,-48.181551,221.919289,0.99999203,-0.00004233,0.00399070,0.00012521,0.00003236,0.03161104,0.00264229,11.1100,1263.6304,1132.4195,0.02234194,-0.00044262,0.678346,0.01284406,0.01251968,-0.01284517,-0.01252078,0.00723405,0.00742909,-0.00723336,-0.00742840,-136.1594,2.7793,-142.5895,16.46770500,44.11535752,1263.6304
6.430000,4393331.701361,4259718.642837,1796783.657317,-49.573487,-48.134474,221.809767,0.99999212,-0.00004253,0.00396822,0.00012700,0.00002226,-0.04014189,-0.00194049,11.1100,1263.5961,1134.7439,0.02285850,-0.00047639,0.677984,0.01284406,0.01251968,-0.01284517,-0.01252078,0.00634905,0.00674998,-0.00634869,-0.00674961,-135.9854,3.1598,-144.1521,16.46772600,44.11535752,1263.5961
6.440000,4393331.205839,4259718.161719,1796785.874864,-49.531185,-48.089578,221.699590,0.99999355,-0.00004282,0.00358857,0.00010538,0.00001646,-0.11059549,-0.00668151,11.1100,1263.5621,1137.0670,0.02268813,-0.00046767,0.677623,0.01284406,0.01251968,-0.01284517,-0.01252078,0.00591881,0.00642058,-0.00591860,-0.00642037,-135.8117,3.1809,-142.6722,16.46774699,44.11535751,1263.5621
6.450000,4393330.710723,4259717.681030,1796788.091304,-49.492870,-48.049080,221.588010,0.99999587,-0.00004319,0.00287315,0.00006091,0.00001275,-0.17386210,-0.01104776,11.1100,1263.5283,1139.3889,0.02181656,-0.00041253,0.677262,0.01350833,0.01307276,-0.01350700,-0.01307143,0.00574492,0.00628757,-0.00574478,-0.00628744,-135.6386,2.8736,-137.6617,16.46776798,44.11535751,1263.5283
6.460000,4393330.215967,4259717.200719,1796790.306619,-49.459378,-48.014370,221.474631,0.99999823,-0.00004359,0.00188297,-0.00000124,0.00001361,-0.22008000,-0.01373408,11.1100,1263.4949,1141.7096,0.02029952,-0.00031330,0.676903,0.01350833,0.01307276,-0.01350700,-0.01307143,0.00643253,0.00677135,-0.00643258,-0.00677140,-135.4662,2.0639,-130.4793,16.46778895,44.11535750,1263.4949
6.470000,4393329.721516,4259716.720719,1796792.520789,-49.432092,-47.986946,221.358878,0.99999974,-0.00004399,0.00070955,-0.00007229,0.00001831,-0.24692803,-0.01460362,11.1100,1263.4616,1144.0291,0.01826599,-0.00018212,0.676545,0.01350833,0.01307276,-0.01350700,-0.01307143,0.00716605,0.00729000,-0.00716628,-0.00729022,-135.2946,1.0742,-120.3492,16.46780991,44.11535750,1263.4616
6.480000,4393329.227301,4259716.240952,1796794.733787,-49.412305,-47.967942,221.240224,0.99999983,-0.00004438,-0.00055499,-0.00014436,0.00002451,-0.25647319,-0.01415290,11.1100,1263.4284,1146.3473,0.01590823,-0.00003705,0.676189,0.01350833,0.01307276,-0.01350700,-0.01307143,0.00752993,0.00754748,-0.00753024,-0.00754779,-135.1240,0.1327,-107.6213,16.46783086,44.11535749,1263.4284
6.490000,4393328.733244,4259715.761331,1796796.945583,-49.400517,-47.957699,221.118437,0.99999831,-0.00004474,-0.00182834,-0.00021172,0.00003090,-0.25055952,-0.01273746,11.1100,1263.3952,1148.6643,0.01341830,0.00010652,0.675835,0.00799533,0.00824425,-0.00799678,-0.00824569,0.00767822,0.00765244,-0.00767856,-0.00765279,-134.9542,-0.7239,-93.6808,16.46785179,44.11535749,1263.3952
6.500000,4393328.239276,4259715.281781,1796799.156150,-49.394218,-47.953741,220.994507,0.99999547,-0.00004505,-0.00299768,-0.00026906,0.00004241,-0.21522368,-0.01017098,11.1100,1263.3619,1150.9801,0.01096359,0.00023756,0.675482,0.00799533,0.00824425,-0.00799678,-0.00824569,0.00953911,0.00939988,-0.00953973,-0.00940050,-134.7854,-1.5736,-83.3404,16.46787272,44.11535749,1263.3619
6.510000,4393327.745349,4259714.802243,1796801.365469,-49.392315,-47.954788,220.868874,0.99999226,-0.00004527,-0.00392309,-0.00031120,0.00005840,-0.15358761,-0.00668552,11.1100,1263.3283,1153.2947,0.00875406,0.00034557,0.675130,0.00799533,0.00824425,-0.00799678,-0.00824569,0.01137433,0.01113153,-0.01137522,-0.01113242,-134.6173,-2.2731,-74.1750,16.46789363,44.11535748,1263.3283
6.520000,4393327.251420,4259714.322673,1796803.573524,-49.394051,-47.959780,220.741864,0.99998980,-0.00004537,-0.00450366,-0.00033469,0.00007569,-0.07802451,-0.00274488,11.1100,1263.2944,1155.6081,0.00706213,0.00042083,0.674780,0.00799533,0.00824425,-0.00799678,-0.00824569,0.01227318,0.01198034,-0.01227420,-0.01198137,-134.4499,-2.7244,-65.9092,16.46791454,44.11535748,1263.2944
6.530000,4393326.757462,4259713.843042,1796805.780305,-49.397666,-47.966695,220.614235,0.99998893,-0.00004534,-0.00469294,-0.00033818,0.00009271,0.00216133,0.00128323,11.1100,1263.2602,1157.9203,0.00608392,0.00045747,0.674430,0.00469377,0.00511528,-0.00469241,-0.00511392,0.01263758,0.01232458,-0.01263866,-0.01232566,-134.2829,-2.9228,-60.5321,16.46793543,44.11535747,1263.2602
6.540000,4393326.263470,4259713.363343,1796807.985811,-49.400561,-47.972768,220.487098,0.99998991,-0.00004524,-0.00447956,-0.00032151,0.00009103,0.08228169,0.00528822,11.1100,1263.2255,1160.2312,0.00590039,0.00045375,0.674081,0.00469377,0.00511528,-0.00469241,-0.00511392,0.01300867,0.01264870,-0.01300890,-0.01264893,-134.1164,-2.9201,-59.6038,16.46795632,44.11535747,1263.2255
6.550000,4393325.769462,4259712.883599,1796810.190052,-49.400301,-47.975368,220.361498,0.99999244,-0.00004515,-0.00387688,-0.00028540,0.00007181,0.15719561,0.00903147,11.1100,1263.1904,1162.5410,0.00651718,0.00041011,0.673732,0.00469377,0.00511528,-0.00469241,-0.00511392,0.01329349,0.01289119,-0.01329286,-0.01289055,-133.9503,-2.6879,-63.0134,16.46797719,44.11535746,1263.1904
6.560000,4393325.275482,4259712.403855,1796812.393049,-49.394737,-47.972143,220.238338,0.99999570,-0.00004514,-0.00292401,-0.00023190,0.00004546,0.22177658,0.01222482,11.1100,1263.1549,1164.8496,0.00789144,0.00032884,0.673384,0.00469377,0.00511528,-0.00469241,-0.00511392,0.01342624,0.01300353,-0.01342518,-0.01300247,-133.7844,-2.2237,-70.4213,16.46799805,44.11535746,1263.1549
6.570000,4393324.781591,4259711.924182,1796814.594830,-49.381984,-47.961057,220.118374,0.99999857,-0.00004525,-0.00168234,-0.00016428,0.00001775,0.27227974,0.01466499,11.1100,1263.1190,1167.1569,0.00993058,0.00021486,0.673035,0.00785200,0.00794650,-0.00785082,-0.00794532,0.01347893,0.01304799,-0.01347769,-0.01304676,-133.6186,-1.5680,-81.4635,16.46801890,44.11535745,1263.1190
6.580000,4393324.287859,4259711.444655,1796816.795424,-49.363069,-47.942671,220.001172,0.99999996,-0.00004542,-0.00026955,-0.00008927,0.00001124,0.29007879,0.01517728,11.1100,1263.0829,1169.4631,0.01249931,0.00007538,0.672686,0.00785200,0.00794650,-0.00785082,-0.00794532,0.01153910,0.01134837,-0.01153879,-0.01134806,-133.4527,-0.5223,-91.7319,16.46803974,44.11535745,1263.0829
6.590000,4393323.794348,4259710.965352,1796818.994861,-49.337437,-47.916457,219.886886,0.99999934,-0.00004557,0.00114983,-0.00001650,0.00002517,0.27508190,0.01379055,11.1100,1263.0467,1171.7681,0.01536742,-0.00007474,0.672337,0.00785200,0.00794650,-0.00785082,-0.00794532,0.00957582,0.00962863,-0.00957648,-0.00962928,-133.2868,0.5713,-103.8237,16.46806057,44.11535744,1263.0467
6.600000,4393323.301133,4259710.486352,1796821.193171,-49.304287,-47.881925,219.775732,0.99999703,-0.00004564,0.00243661,0.00004623,0.00004779,0.23743273,0.01118476,11.1100,1263.0105,1174.0719,0.01820243,-0.00021629,0.671986,0.00785200,0.00794650,-0.00785082,-0.00794532,0.00861008,0.00878271,-0.00861122,-0.00878385,-133.1205,1.4759,-117.8175,16.46808139,44.11535744,1263.0105
6.610000,4393322.808285,4259710.007738,1796823.390385,-49.264145,-47.839879,219.667423,0.99999388,-0.00004563,0.00349629,0.00009406,0.00007253,0.18476882,0.00785744,11.1100,1262.9743,1176.3744,0.02072183,-0.00033453,0.671635,0.01112872,0.01093570,-0.01112900,-0.01093598,0.00821785,0.00843916,-0.00821919,-0.00844049,-132.9539,2.1677,-131.2506,16.46810219,44.11535743,1262.9743
6.620000,4393322.315861,4259709.529567,1796825.586524,-49.219952,-47.793380,219.560761,0.99999099,-0.00004557,0.00424218,0.00012356,0.00007613,0.11261012,0.00388938,11.1100,1262.9384,1178.6758,0.02274076,-0.00042063,0.671283,0.01112872,0.01093570,-0.01112900,-0.01093598,0.00689912,0.00719981,-0.00689953,-0.00720022,-132.7870,2.7047,-140.1037,16.46812299,44.11535743,1262.9384
6.630000,4393321.823890,4259709.051875,1796827.781602,-49.173906,-47.744857,219.454891,0.99998946,-0.00004559,0.00458977,0.00013227,0.00005913,0.02625575,-0.00042879,11.1100,1262.9027,1180.9760,0.02410495,-0.00046841,0.670930,0.01112872,0.01093570,-0.01112900,-0.01093598,0.00566818,0.00603690,-0.00566761,-0.00603633,-132.6199,3.0110,-145.5752,16.46814377,44.11535742,1262.9027
6.640000,4393321.332381,4259708.574668,1796829.975622,-49.127948,-47.696528,219.349085,0.99998989,-0.00004576,0.00449430,0.00011943,0.00003336,-0.06377643,-0.00469659,11.1100,1262.8674,1183.2749,0.02466000,-0.00047384,0.670577,0.01112872,0.01093570,-0.01112900,-0.01093598,0.00507109,0.00547227,-0.00507004,-0.00547121,-132.4528,3.0423,-147.8629,16.46816455,44.11535742,1262.8674
6.650000,4393320.841322,4259708.097934,1796832.168581,-49.084489,-47.651038,219.242442,0.99999216,-0.00004610,0.00395754,0.00008610,0.00000558,-0.14947835,-0.00860178,11.1100,1262.8324,1185.5727,0.02432952,-0.00043649,0.670224,0.01476178,0.01447577,-0.01476019,-0.01447419,0.00482999,0.00524419,-0.00482874,-0.00524294,-132.2860,2.8162,-145.9411,16.46818531,44.11535741,1262.8324
6.660000,4393320.350682,4259707.621635,1796834.360467,-49.044619,-47.609837,219.134550,0.99999538,-0.00004661,0.00303911,0.00003592,-0.00002007,-0.21583849,-0.01141692,11.1100,1262.7977,1187.8693,0.02313306,-0.00035941,0.669872,0.01476178,0.01447577,-0.01476019,-0.01447419,0.00586317,0.00616595,-0.00586192,-0.00616470,-132.1199,2.2468,-141.6259,16.46820606,44.11535741,1262.7977
6.670000,4393319.860413,4259707.145718,1796836.551266,-49.010373,-47.575062,219.024614,0.99999830,-0.00004726,0.00184508,-0.00002531,-0.00004276,-0.25934265,-0.01301431,11.1100,1262.7633,1190.1646,0.02119790,-0.00025114,0.669522,0.01476178,0.01447577,-0.01476019,-0.01447419,0.00696044,0.00714805,-0.00695923,-0.00714683,-131.9544,1.5090,-133.2222,16.46822681,44.11535740,1262.7633
6.680000,4393319.370450,4259706.670107,1796838.740950,-48.983803,-47.548707,218.911804,0.99999988,-0.00004803,0.00048275,-0.00009200,-0.00006314,-0.28297257,-0.01360269,11.1100,1262.7292,1192.4588,0.01874949,-0.00012378,0.669173,0.01476178,0.01447577,-0.01476019,-0.01447419,0.00750438,0.00763514,-0.00750319,-0.00763394,-131.7900,0.7337,-120.7950,16.46824754,44.11535740,1262.7292
6.690000,4393318.880708,4259706.194712,1796840.929491,-48.965965,-47.531764,218.795648,0.99999953,-0.00004891,-0.00095344,-0.00015948,-0.00008175,-0.28887881,-0.01333536,11.1100,1262.6951,1194.7518,0.01601550,0.00001146,0.668826,0.01222973,0.01211930,-0.01222911,-0.01211868,0.00772599,0.00783363,-0.00772481,-0.00783244,-131.6265,-0.0430,-106.0780,16.46826826,44.11535740,1262.6951
6.700000,4393318.391108,4259705.719446,1796843.116855,-48.955633,-47.523101,218.676571,0.99999720,-0.00004985,-0.00235417,-0.00022264,-0.00008850,-0.26900822,-0.01189213,11.1100,1262.6610,1197.0435,0.01319155,0.00014532,0.668481,0.01222973,0.01211930,-0.01222911,-0.01211868,0.00897276,0.00896963,-0.00897210,-0.00896897,-131.4640,-0.8924,-92.7505,16.46828897,44.11535739,1262.6610
6.710000,4393317.901575,4259705.244227,1796845.303014,-48.952172,-47.521966,218.554784,0.99999350,-0.00005078,-0.00359597,-0.00027596,-0.00008443,-0.22573984,-0.00941811,11.1100,1262.6267,1199.3342,0.01048882,0.00026741,0.668138,0.01222973,0.01211930,-0.01222911,-0.01211868,0.01017264,0.01006376,-0.01017251,-0.01006362,-131.3024,-1.6621,-79.8698,16.46830967,44.11535739,1262.6267
6.720000,4393317.412045,4259704.768985,1796847.487943,-48.954924,-47.527468,218.430537,0.99998945,-0.00005166,-0.00458210,-0.00031527,-0.00007575,-0.16731268,-0.00631622,11.1100,1262.5922,1201.6236,0.00814999,0.00036707,0.667796,0.01222973,0.01211930,-0.01222911,-0.01211868,0.01075785,0.01059745,-0.01075797,-0.01059757,-131.1415,-2.2454,-67.7039,16.46833035,44.11535739,1262.5922
6.730000,4393316.922461,4259704.293662,1796849.671619,-48.962410,-47.537910,218.304443,0.99998614,-0.00005247,-0.00525313,-0.00033824,-0.00006585,-0.10033972,-0.00290863,11.1100,1262.5573,1203.9118,0.00636371,0.00043678,0.667455,0.00558317,0.00593736,-0.00558192,-0.00593611,0.01099469,0.01081345,-0.01099491,-0.01081368,-130.9813,-2.6277,-57.8505,16.46835103,44.11535738,1262.5573
6.740000,4393316.432795,4259703.818225,1796851.854031,-48.971040,-47.549599,218.178030,0.99998453,-0.00005323,-0.00555168,-0.00034363,-0.00006931,-0.01906248,0.00069229,11.1100,1262.5220,1206.1989,0.00523878,0.00047266,0.667114,0.00558317,0.00593736,-0.00558192,-0.00593611,0.01237342,0.01215143,-0.01237302,-0.01215103,-130.8215,-2.8407,-53.8549,16.46837170,44.11535738,1262.5220
6.750000,4393315.943047,4259703.342677,1796854.035183,-48.978355,-47.559906,218.052363,0.99998526,-0.00005399,-0.00541894,-0.00033102,-0.00008560,0.07136085,0.00426620,11.1100,1262.4861,1208.4848,0.00486651,0.00047289,0.666775,0.00558317,0.00593736,-0.00558192,-0.00593611,0.01370245,0.01344452,-0.01370139,-0.01344347,-130.6622,-2.8512,-53.8188,16.46839235,44.11535737,1262.4861
6.760000,4393315.453240,4259702.867040,1796856.215085,-48.982419,-47.566697,217.928275,0.99998826,-0.00005479,-0.00483617,-0.00030123,-0.00010703,0.16016216,0.00754583,11.1100,1262.4498,1210.7696,0.00534810,0.00043741,0.666435,0.00558317,0.00593736,-0.00558192,-0.00593611,0.01435082,0.01407565,-0.01434944,-0.01407427,-130.5032,-2.6472,-57.0805,16.46841300,44.11535737,1262.4498
6.770000,4393314.963418,4259702.391363,1796858.393757,-48.980973,-47.567566,217.806710,0.99999263,-0.00005565,-0.00383131,-0.00025626,-0.00012929,0.23950627,0.01032612,11.1100,1262.4131,1213.0531,0.00670795,0.00036865,0.666097,0.00632636,0.00650814,-0.00632601,-0.00650780,0.01461325,0.01433115,-0.01461174,-0.01432964,-130.3445,-2.2528,-64.4071,16.46843364,44.11535736,1262.4131
6.780000,4393314.473641,4259701.915712,1796860.571228,-48.972908,-47.561196,217.688100,0.99999689,-0.00005655,-0.00248364,-0.00019963,-0.00014380,0.29678968,0.01220096,11.1100,1262.3759,1215.3355,0.00887511,0.00027129,0.665758,0.00632636,0.00650814,-0.00632601,-0.00650780,0.01381060,0.01358834,-0.01380939,-0.01358712,-130.1859,-1.6399,-74.1608,16.46845426,44.11535736,1262.3759
6.790000,4393313.983986,4259701.440168,1796862.747530,-48.956548,-47.545861,217.573065,0.99999957,-0.00005748,-0.00091113,-0.00013607,-0.00015050,0.32919032,0.01309821,11.1100,1262.3385,1217.6168,0.01168319,0.00015316,0.665418,0.00632636,0.00650814,-0.00632601,-0.00650780,0.01293993,0.01277951,-0.01293905,-0.01277862,-130.0273,-0.9186,-87.4074,16.46847487,44.11535735,1262.3385
6.800000,4393313.494542,4259700.964829,1796864.922703,-48.930395,-47.520118,217.462105,0.99999970,-0.00005842,0.00076828,-0.00007017,-0.00015336,0.33950506,0.01314051,11.1100,1262.3009,1219.8968,0.01488534,0.00002405,0.665078,0.00632636,0.00650814,-0.00632601,-0.00650780,0.01250692,0.01237702,-0.01250619,-0.01237630,-129.8684,-0.1761,-103.7658,16.46849548,44.11535735,1262.3009
6.810000,4393313.005412,4259700.489802,1796867.096786,-48.893921,-47.483501,217.355313,0.99999700,-0.00005938,0.00244983,-0.00000594,-0.00015471,0.33018947,0.01243753,11.1100,1262.2632,1222.1757,0.01823624,-0.00010688,0.664737,0.01127971,0.01114746,-0.01127939,-0.01114714,0.01233026,0.01221278,-0.01232961,-0.01221212,-129.7092,0.5512,-121.5230,16.46851607,44.11535734,1262.2632
6.820000,4393312.516683,4259700.015181,1796869.269816,-48.850329,-47.439007,217.251330,0.99999203,-0.00006036,0.00399185,0.00005140,-0.00016020,0.28413349,0.01040413,11.1100,1262.2257,1224.4535,0.02152319,-0.00023171,0.664395,0.01127971,0.01114746,-0.01127939,-0.01114714,0.00990264,0.00995487,-0.00990178,-0.00995401,-129.5494,1.3933,-134.7468,16.46853665,44.11535734,1262.2257
6.830000,4393312.028420,4259699.541038,1796871.441818,-48.801039,-47.388179,217.149551,0.99998637,-0.00006143,0.00521950,0.00009560,-0.00017005,0.20517895,0.00720547,11.1100,1262.1884,1226.7300,0.02448291,-0.00033968,0.664051,0.01127971,0.01114746,-0.01127939,-0.01114714,0.00750443,0.00772432,-0.00750336,-0.00772324,-129.3891,2.1309,-146.4454,16.46855723,44.11535733,1262.1884
6.840000,4393311.540676,4259699.067432,1796873.612813,-48.747030,-47.332303,217.049588,0.99998196,-0.00006259,0.00600585,0.00012225,-0.00018174,0.10850650,0.00340763,11.1100,1262.1515,1229.0054,0.02677525,-0.00041877,0.663706,0.01127971,0.01114746,-0.01127939,-0.01114714,0.00632951,0.00663153,-0.00632832,-0.00663034,-129.2283,2.6185,-157.0046,16.46857779,44.11535733,1262.1515
6.850000,4393311.053487,4259698.594400,1796875.782813,-48.690532,-47.273860,216.950623,0.99998020,-0.00006388,0.00629069,0.00012941,-0.00019368,0.00551005,-0.00056421,11.1100,1262.1149,1231.2796,0.02815348,-0.00046122,0.663359,0.01430073,0.01392141,-0.01430055,-0.01392123,0.00585313,0.00618844,-0.00585190,-0.00618721,-129.0671,2.8542,-164.0009,16.46859834,44.11535732,1262.1149
6.860000,4393310.566865,4259698.121954,1796877.951825,-48.634138,-47.215722,216.851718,0.99998158,-0.00006525,0.00606769,0.00011763,-0.00019867,-0.09373769,-0.00415386,11.1100,1262.0789,1233.5526,0.02851214,-0.00046415,0.663013,0.01430073,0.01392141,-0.01430055,-0.01392123,0.00594070,0.00622709,-0.00593977,-0.00622617,-128.9060,2.7938,-166.5085,16.46861888,44.11535732,1262.0789
6.870000,4393310.080794,4259697.650074,1796880.119844,-48.580857,-47.161040,216.751792,0.99998557,-0.00006668,0.00537100,0.00008934,-0.00019677,-0.18318156,-0.00715096,11.1100,1262.0434,1235.8245,0.02785602,-0.00042977,0.662667,0.01430073,0.01392141,-0.01430055,-0.01392123,0.00614421,0.00637334,-0.00614361,-0.00637273,-128.7451,2.5255,-163.7059,16.46863941,44.11535731,1262.0434
6.880000,4393309.595228,4259697.178712,1796882.286854,-48.533596,-47.112780,216.649781,0.99999093,-0.00006813,0.00425913,0.00004758,-0.00019157,-0.25915475,-0.00953748,11.1100,1262.0084,1238.0952,0.02627313,-0.00036371,0.662322,0.01430073,0.01392141,-0.01430055,-0.01392123,0.00625364,0.00645397,-0.00625320,-0.00645352,-128.5850,2.1180,-155.6789,16.46865993,44.11535731,1262.0084
6.890000,4393309.110094,4259696.707789,1796884.452830,-48.494738,-47.073368,216.544767,0.99999606,-0.00006958,0.00280730,-0.00000453,-0.00018515,-0.31868033,-0.01128295,11.1100,1261.9737,1240.3647,0.02389941,-0.00027247,0.661979,0.01602346,0.01565921,-0.01602327,-0.01565903,0.00629964,0.00648817,-0.00629926,-0.00648778,-128.4258,1.5957,-143.2080,16.46868043,44.11535731,1261.9737
6.900000,4393308.625310,4259696.237218,1796886.617741,-48.463912,-47.042655,216.436856,0.99999935,-0.00007101,0.00113969,-0.00006252,-0.00017826,-0.34525332,-0.01189473,11.1100,1261.9394,1242.6330,0.02090085,-0.00016272,0.661638,0.01602346,0.01565921,-0.01602327,-0.01565903,0.00807726,0.00814979,-0.00807691,-0.00814944,-128.2678,0.8778,-130.5486,16.46870093,44.11535730,1261.9394
6.910000,4393308.140790,4259695.766908,1796888.781557,-48.441891,-47.021397,216.325673,0.99999982,-0.00007240,-0.00057742,-0.00012077,-0.00017144,-0.33858184,-0.01139257,11.1100,1261.9052,1244.9002,0.01752425,-0.00004403,0.661300,0.01602346,0.01565921,-0.01602327,-0.01565903,0.00985346,0.00981222,-0.00985313,-0.00981189,-128.1110,0.1228,-115.6745,16.46872142,44.11535730,1261.9052
6.920000,4393307.656441,4259695.296758,1796890.944243,-48.429480,-47.010247,216.210808,0.99999756,-0.00007376,-0.00219924,-0.00017445,-0.00016507,-0.30745861,-0.01008306,11.1100,1261.8711,1247.1662,0.01410725,0.00007227,0.660964,0.01344426,0.01322653,-0.01344646,-0.01322873,0.01072533,0.01062842,-0.01072501,-0.01062810,-127.9553,-0.5543,-98.7184,16.46874189,44.11535730,1261.8711
6.930000,4393307.172170,4259694.826671,1796893.105762,-48.426199,-47.008591,216.092372,0.99999342,-0.00007507,-0.00361995,-0.00022013,-0.00015932,-0.25862555,-0.00820250,11.1100,1261.8369,1249.4311,0.01094444,0.00017694,0.660629,0.00551490,0.00583294,-0.00551508,-0.00583312,0.01107912,0.01095965,-0.01107880,-0.01095933,-127.8005,-1.1302,-82.0488,16.46876236,44.11535729,1261.8369
6.940000,4393306.687898,4259694.356565,1796895.266083,-48.429354,-47.013763,215.971403,0.99998872,-0.00007632,-0.00474185,-0.00025450,-0.00015329,-0.18858562,-0.00557220,11.1100,1261.8025,1251.6948,0.00824410,0.00026353,0.660296,0.00551490,0.00583294,-0.00551508,-0.00583312,0.01228384,0.01206821,-0.01228357,-0.01206794,-127.6465,-1.6750,-69.3601,16.46878282,44.11535729,1261.8025
6.950000,4393306.203571,4259693.886383,1796897.425185,-48.436807,-47.023492,215.848770,0.99998499,-0.00007751,-0.00547111,-0.00027425,-0.00014700,-0.10235667,-0.00237656,11.1100,1261.7677,1253.9574,0.00618442,0.00032558,0.659964,0.00551490,0.00583294,-0.00551508,-0.00583312,0.01340948,0.01310263,-0.01340926,-0.01310240,-127.4932,-2.0772,-59.8572,16.46880326,44.11535728,1261.7677
6.960000,4393305.719155,4259693.416089,1796899.583056,-48.446552,-47.035564,215.725325,0.99998342,-0.00007864,-0.00575076,-0.00027751,-0.00014082,-0.00957277,0.00100781,11.1100,1261.7324,1256.2188,0.00493879,0.00035711,0.659633,0.00551490,0.00583294,-0.00551508,-0.00583312,0.01395559,0.01360436,-0.01395539,-0.01360416,-127.3404,-2.2663,-53.5691,16.46882370,44.11535728,1261.7324
6.970000,4393305.234641,4259692.945673,1796901.739693,-48.456094,-47.047308,215.602144,0.99998447,-0.00007970,-0.00556716,-0.00026407,-0.00013487,0.08214006,0.00429171,11.1100,1261.6967,1258.4791,0.00460751,0.00035519,0.659303,0.00439321,0.00455206,-0.00439111,-0.00454996,0.01417612,0.01380695,-0.01417593,-0.01380676,-127.1880,-2.2493,-51.5503,16.46884412,44.11535728,1261.6967
6.980000,4393304.750047,4259692.475157,1796903.895105,-48.462039,-47.055210,215.480679,0.99998783,-0.00008070,-0.00492751,-0.00023501,-0.00012908,0.17207610,0.00724237,11.1100,1261.6605,1260.7383,0.00520105,0.00032019,0.658973,0.00439321,0.00455206,-0.00439111,-0.00454996,0.01486986,0.01449940,-0.01486967,-0.01449922,-127.0360,-2.0401,-55.4099,16.46886454,44.11535727,1261.6605
6.990000,4393304.265422,4259692.004592,1796906.049316,-48.461742,-47.056520,215.362030,0.99999256,-0.00008164,-0.00385301,-0.00019241,-0.00012339,0.25538380,0.00970385,11.1100,1261.6238,1262.9963,0.00668243,0.00025503,0.658643,0.00439321,0.00455206,-0.00439111,-0.00454996,0.01551407,0.01514667,-0.01551389,-0.01514649,-126.8841,-1.6682,-63.9229,16.46888494,44.11535727,1261.6238
7.000000,4393303.780841,4259691.534056,1796908.202358,-48.453126,-47.049087,215.247003,0.99999712,-0.00008252,-0.00239373,-0.00013897,-0.00011773,0.32541539,0.01157486,11.1100,1261.5868,1265.2532,0.00899164,0.00016441,0.658313,0.00439321,0.00455206,-0.00439111,-0.00454996,0.01582627,0.01546073,-0.01582608,-0.01546054,-126.7324,-1.1655,-76.2392,16.46890534,44.11535726,1261.5868
7.010000,4393303.296389,4259691.063641,1796910.354269,-48.435454,-47.032039,215.135808,0.99999978,-0.00008331,-0.00064625,-0.00007836,-0.00009582,0.37031237,0.01257812,11.1100,1261.5494,1267.5089,0.01201475,0.00005421,0.657983,0.00790509,0.00797271,-0.00790438,-0.00797200,0.01503572,0.01472306,-0.01503639,-0.01472372,-126.5805,-0.5148,-90.3625,16.46892572,44.11535726,1261.5494
7.020000,4393302.812148,4259690.593435,1796912.505081,-48.410876,-47.007209,215.027477,0.99999927,-0.00008397,0.00120150,-0.00001688,-0.00007269,0.36558702,0.01192874,11.1100,1261.5119,1269.7635,0.01555343,-0.00006772,0.657652,0.00790509,0.00797271,-0.00790438,-0.00797200,0.01134285,0.01127325,-0.01134364,-0.01127404,-126.4284,0.3724,-102.0137,16.46894609,44.11535725,1261.5119
7.030000,4393302.328190,4259690.123519,1796914.654825,-48.378967,-46.974295,214.922081,0.99999575,-0.00008455,0.00291309,0.00003766,-0.00005716,0.31630308,0.00982136,11.1100,1261.4744,1272.0170,0.01924497,-0.00018791,0.657320,0.00790509,0.00797271,-0.00790438,-0.00797200,0.00807285,0.00822054,-0.00807335,-0.00822104,-126.2759,1.2133,-115.5393,16.46896646,44.11535725,1261.4744
7.040000,4393301.844592,4259689.653974,1796916.803532,-48.339196,-46.933075,214.819753,0.99999071,-0.00008509,0.00430845,0.00007950,-0.00004660,0.23980112,0.00686861,11.1100,1261.4369,1274.2693,0.02261416,-0.00029108,0.656986,0.00790509,0.00797271,-0.00790438,-0.00797200,0.00650224,0.00675449,-0.00650256,-0.00675480,-126.1229,1.8457,-130.7137,16.46898681,44.11535725,1261.4369
7.050000,4393301.361426,4259689.184879,1796918.951228,-48.292866,-46.885093,214.719945,0.99998604,-0.00008562,0.00528184,0.00010551,-0.00003868,0.14834860,0.00350394,11.1100,1261.3997,1276.5205,0.02529834,-0.00036663,0.656651,0.01721865,0.01675421,-0.01722004,-0.01675559,0.00587069,0.00616501,-0.00587092,-0.00616524,-125.9693,2.2657,-144.1044,16.46900715,44.11535724,1261.3997
7.060000,4393300.878745,4259688.716283,1796921.097935,-48.242892,-46.833493,214.621533,0.99998334,-0.00008619,0.00577059,0.00011494,-0.00004777,0.04684025,0.00024902,11.1100,1261.3627,1278.7706,0.02709522,-0.00040913,0.656315,0.01721865,0.01675421,-0.01722004,-0.01675559,0.00523912,0.00549239,-0.00523850,-0.00549178,-125.8153,2.4284,-152.7733,16.46902748,44.11535724,1261.3627
7.070000,4393300.396570,4259688.248209,1796923.243660,-48.192287,-46.781415,214.523421,0.99998351,-0.00008688,0.00574113,0.00010887,-0.00007219,-0.05802292,-0.00269001,11.1100,1261.3262,1281.0195,0.02789899,-0.00041813,0.655978,0.01721865,0.01675421,-0.01722004,-0.01675559,0.00475664,0.00495848,-0.00475520,-0.00495704,-125.6612,2.4044,-156.4990,16.46904781,44.11535723,1261.3262
7.080000,4393299.914891,4259687.780646,1796925.388401,-48.144005,-46.731876,214.424563,0.99998649,-0.00008772,0.00519590,0.00008898,-0.00010255,-0.15860579,-0.00527488,11.1100,1261.2901,1283.2672,0.02766243,-0.00039646,0.655642,0.01721865,0.01675421,-0.01722004,-0.01675559,0.00453202,0.00470775,-0.00453018,-0.00470591,-125.5073,2.2442,-155.2488,16.46906812,44.11535723,1261.2901
7.090000,4393299.433672,4259687.313553,1796927.532145,-48.100975,-46.687850,214.323900,0.99999129,-0.00008874,0.00417180,0.00005720,-0.00013367,-0.24881954,-0.00744897,11.1100,1261.2544,1285.5138,0.02640973,-0.00034798,0.655306,0.01697208,0.01664174,-0.01697085,-0.01664051,0.00444292,0.00460791,-0.00444091,-0.00460590,-125.3538,1.9595,-148.8825,16.46908842,44.11535723,1261.2544
7.100000,4393298.952853,4259686.846868,1796929.674872,-48.064369,-46.650629,214.221016,0.99999619,-0.00008990,0.00275784,0.00001606,-0.00015403,-0.31401220,-0.00901635,11.1100,1261.2190,1287.7593,0.02423383,-0.00027698,0.654972,0.01697208,0.01664174,-0.01697085,-0.01664051,0.00565830,0.00578686,-0.00565672,-0.00578529,-125.2013,1.5352,-140.0296,16.46910871,44.11535722,1261.2190
7.110000,4393298.472359,4259686.380513,1796931.816556,-48.036114,-46.622157,214.115137,0.99999941,-0.00009115,0.00108654,-0.00003127,-0.00016365,-0.35146339,-0.00993107,11.1100,1261.1839,1290.0036,0.02132080,-0.00018905,0.654640,0.01697208,0.01664174,-0.01697085,-0.01664051,0.00690185,0.00699640,-0.00690075,-0.00699530,-125.0497,1.0287,-127.2193,16.46912899,44.11535722,1261.1839
7.120000,4393297.992097,4259685.914391,1796933.957163,-48.018006,-46.604194,214.005475,0.99999974,-0.00009244,-0.00071308,-0.00008166,-0.00016796,-0.36527027,-0.01024256,11.1100,1261.1489,1292.2468,0.01794842,-0.00009077,0.654310,0.01697208,0.01664174,-0.01697085,-0.01664051,0.00751465,0.00759270,-0.00751379,-0.00759184,-124.8993,0.4895,-110.6899,16.46914926,44.11535722,1261.1489
7.130000,4393297.511963,4259685.448393,1796936.096652,-48.010733,-46.597396,213.891646,0.99999679,-0.00009374,-0.00253013,-0.00013221,-0.00017010,-0.35854870,-0.00999928,11.1100,1261.1140,1294.4889,0.01438656,0.00001150,0.653982,0.01043850,0.01041652,-0.01043691,-0.01041493,0.00776372,0.00783510,-0.00776295,-0.00783434,-124.7500,-0.0566,-92.3894,16.46916952,44.11535721,1261.1140
7.140000,4393297.031867,4259684.982424,1796938.234989,-48.010218,-46.597978,213.775205,0.99999115,-0.00009502,-0.00420224,-0.00017839,-0.00015750,-0.30775860,-0.00850449,11.1100,1261.0789,1296.7299,0.01086166,0.00011198,0.653657,0.01043850,0.01041652,-0.01043691,-0.01041493,0.01116584,0.01104568,-0.01116585,-0.01104570,-124.6017,-0.7611,-79.9140,16.46918977,44.11535721,1261.0789
7.150000,4393296.551747,4259684.516419,1796940.372152,-48.014965,-46.604370,213.656709,0.99998474,-0.00009617,-0.00551869,-0.00021423,-0.00013179,-0.21708232,-0.00587841,11.1100,1261.0435,1298.9697,0.00767276,0.00020105,0.653332,0.01043850,0.01041652,-0.01043691,-0.01041493,0.01452644,0.01421529,-0.01452722,-0.01421607,-124.4541,-1.3958,-68.8780,16.46921001,44.11535721,1261.0435
7.160000,4393296.071555,4259684.050324,1796942.508119,-48.024240,-46.615561,213.536442,0.99997995,-0.00009716,-0.00632741,-0.00023548,-0.00010121,-0.10563646,-0.00267533,11.1100,1261.0078,1301.2084,0.00523141,0.00026712,0.653009,0.01043850,0.01041652,-0.01043691,-0.01041493,0.01617283,0.01576797,-0.01617398,-0.01576912,-124.3072,-1.8111,-58.4322,16.46923024,44.11535720,1261.0078
7.170000,4393295.591256,4259683.584101,1796944.642878,-48.035771,-46.629073,213.415365,0.99997845,-0.00009796,-0.00655914,-0.00024026,-0.00007008,0.01268900,0.00070415,11.1100,1260.9716,1303.4460,0.00383620,0.00030258,0.652687,0.00350431,0.00387149,-0.00350237,-0.00386955,0.01684038,0.01639749,-0.01684168,-0.01639879,-124.1607,-2.0101,-51.5835,16.46925046,44.11535720,1260.9716
7.180000,4393295.110843,4259683.117746,1796946.776428,-48.046533,-46.641681,213.294785,0.99998072,-0.00009861,-0.00620448,-0.00022883,-0.00005735,0.12794077,0.00380244,11.1100,1260.9349,1305.6825,0.00361007,0.00030454,0.652365,0.00350431,0.00387149,-0.00350237,-0.00386955,0.01700012,0.01659079,-0.01700055,-0.01659122,-124.0147,-1.9661,-49.9366,16.46927067,44.11535720,1260.9349
7.190000,4393294.630339,4259682.651282,1796948.908780,-48.053222,-46.649983,213.176105,0.99998595,-0.00009921,-0.00529633,-0.00020307,-0.00006234,0.23321702,0.00643682,11.1100,1260.8977,1307.9179,0.00455126,0.00027449,0.652044,0.00350431,0.00387149,-0.00350237,-0.00386955,0.01699896,0.01663259,-0.01699847,-0.01663211,-123.8689,-1.7482,-54.1130,16.46929087,44.11535719,1260.8977
7.200000,4393294.149802,4259682.184771,1796951.039961,-48.052702,-46.650810,213.060606,0.99999239,-0.00009982,-0.00389752,-0.00016539,-0.00007511,0.32347032,0.00857535,11.1100,1260.8600,1310.1522,0.00657187,0.00021681,0.651722,0.00350431,0.00387149,-0.00350237,-0.00386955,0.01698518,0.01664068,-0.01698424,-0.01663974,-123.7234,-1.4092,-63.9241,16.46931106,44.11535719,1260.8600
7.210000,4393293.669318,4259681.718300,1796953.170007,-48.042313,-46.641479,212.949305,0.99999780,-0.00010047,-0.00209332,-0.00011835,-0.00009011,0.39481550,0.01018139,11.1100,1260.8219,1312.3854,0.00952537,0.00013675,0.651401,0.00550337,0.00577799,-0.00550264,-0.00577727,0.01697738,0.01664188,-0.01697625,-0.01664076,-123.5778,-0.9694,-78.6610,16.46933124,44.11535718,1260.8219
7.220000,4393293.188983,4259681.251970,1796955.298958,-48.022687,-46.622407,212.841814,0.99999999,-0.00010118,-0.00003120,-0.00006580,-0.00010752,0.42640847,0.01079000,11.1100,1260.7836,1314.6174,0.01322366,0.00003980,0.651079,0.00550337,0.00577799,-0.00550264,-0.00577727,0.01465224,0.01442969,-0.01465092,-0.01442837,-123.4320,-0.3502,-93.1756,16.46935141,44.11535718,1260.7836
7.230000,4393292.708894,4259680.785884,1796957.426855,-47.992906,-46.592692,212.738361,0.99999781,-0.00010198,0.00208822,-0.00001269,-0.00012657,0.41784997,0.01041312,11.1100,1260.7451,1316.8484,0.01737540,-0.00006569,0.650756,0.00550337,0.00577799,-0.00550264,-0.00577727,0.01231627,0.01220509,-0.01231480,-0.01220362,-123.2859,0.3044,-110.2345,16.46937157,44.11535718,1260.7451
7.240000,4393292.229160,4259680.320153,1796959.553739,-47.951909,-46.551418,212.639227,0.99999163,-0.00010288,0.00409090,0.00003675,-0.00014583,0.38008840,0.00932713,11.1100,1260.7067,1319.0782,0.02157344,-0.00016975,0.650431,0.00550337,0.00577799,-0.00550264,-0.00577727,0.01116860,0.01111197,-0.01116705,-0.01111042,-123.1391,0.8917,-129.8703,16.46939172,44.11535717,1260.7067
7.250000,4393291.749891,4259679.854891,1796961.679652,-47.900180,-46.499179,212.544104,0.99998287,-0.00010390,0.00585091,0.00007949,-0.00016459,0.32133935,0.00773984,11.1100,1260.6685,1321.3070,0.02546327,-0.00026422,0.650104,0.01527759,0.01506279,-0.01527997,-0.01506517,0.01070272,0.01066820,-0.01070114,-0.01066663,-122.9914,1.3938,-149.2597,16.46941186,44.11535717,1260.6685
7.260000,4393291.271173,4259679.390187,1796963.804627,-47.842160,-46.440259,212.451232,0.99997385,-0.00010504,0.00723021,0.00011207,-0.00018493,0.22861082,0.00526636,11.1100,1260.6307,1323.5346,0.02879661,-0.00034343,0.649775,0.01527759,0.01506279,-0.01527997,-0.01506517,0.00806581,0.00817778,-0.00806410,-0.00817607,-122.8429,1.9267,-161.9825,16.46943199,44.11535716,1260.6307
7.270000,4393290.793055,4259678.926095,1796965.928679,-47.780572,-46.377476,212.359610,0.99996739,-0.00010633,0.00807421,0.00013047,-0.00020659,0.10824065,0.00207640,11.1100,1260.5933,1325.7611,0.03132604,-0.00040035,0.649444,0.01527759,0.01506279,-0.01527997,-0.01506517,0.00552721,0.00578113,-0.00552537,-0.00577929,-122.6937,2.3335,-170.8989,16.46945211,44.11535716,1260.5933
7.280000,4393290.315564,4259678.462641,1796968.051820,-47.717563,-46.313202,212.268527,0.99996565,-0.00010779,0.00828624,0.00013228,-0.00022809,-0.02307854,-0.00136794,11.1100,1260.5565,1327.9864,0.03276044,-0.00042752,0.649112,0.01527759,0.01506279,-0.01527997,-0.01506517,0.00428902,0.00461225,-0.00428712,-0.00461035,-122.5441,2.5149,-176.6149,16.46947222,44.11535716,1260.5565
7.290000,4393289.838697,4259677.999824,1796970.174048,-47.656279,-46.250747,212.176925,0.99996923,-0.00010940,0.00784266,0.00011708,-0.00024850,-0.15292814,-0.00472978,11.1100,1260.5203,1330.2107,0.03292105,-0.00042102,0.648780,0.01933082,0.01887327,-0.01933363,-0.01887608,0.00378791,0.00413920,-0.00378598,-0.00413728,-122.3945,2.4830,-177.1210,16.46949232,44.11535715,1260.5203
7.300000,4393289.362424,4259677.537611,1796972.295354,-47.599458,-46.193024,212.083891,0.99997696,-0.00011114,0.00678663,0.00008618,-0.00025932,-0.26712761,-0.00765274,11.1100,1260.4847,1332.4338,0.03178158,-0.00038083,0.648448,0.01933082,0.01887327,-0.01933363,-0.01887608,0.00431279,0.00464159,-0.00431129,-0.00464009,-122.2454,2.2322,-172.7451,16.46951241,44.11535715,1260.4847
7.310000,4393288.886683,4259677.075937,1796974.415717,-47.550377,-46.143384,211.988247,0.99998641,-0.00011296,0.00521197,0.00004216,-0.00026099,-0.35963487,-0.00998337,11.1100,1260.4497,1334.6558,0.02944675,-0.00031043,0.648118,0.01933082,0.01887327,-0.01933363,-0.01887608,0.00496197,0.00526134,-0.00496090,-0.00526027,-122.0972,1.8229,-162.3590,16.46953249,44.11535715,1260.4497
7.320000,4393288.411381,4259676.614706,1796976.535106,-47.512095,-46.104902,211.888809,0.99999477,-0.00011480,0.00323096,-0.00001193,-0.00025817,-0.42913776,-0.01168598,11.1100,1260.4151,1336.8766,0.02612603,-0.00021553,0.647791,0.01933082,0.01887327,-0.01933363,-0.01887608,0.00529087,0.00557523,-0.00529001,-0.00557437,-121.9502,1.3054,-146.2376,16.46955255,44.11535715,1260.4151
7.330000,4393287.936398,4259676.153795,1796978.653478,-47.486749,-46.079724,211.784651,0.99999953,-0.00011666,0.00096171,-0.00007289,-0.00025359,-0.47460937,-0.01273672,11.1100,1260.3808,1339.0964,0.02206426,-0.00010262,0.647467,0.01620086,0.01599330,-0.01619978,-0.01599221,0.00542605,0.00570421,-0.00542527,-0.00570344,-121.8046,0.7084,-125.8746,16.46957261,44.11535714,1260.3808
7.340000,4393287.461618,4259675.693081,1796980.770789,-47.471628,-46.065448,211.676707,0.99999899,-0.00011845,-0.00140678,-0.00013575,-0.00022841,-0.46891470,-0.01245765,11.1100,1260.3467,1341.3150,0.01751209,0.00002163,0.647146,0.01620086,0.01599330,-0.01619978,-0.01599221,0.00894991,0.00905185,-0.00895028,-0.00905221,-121.6605,-0.0952,-108.8840,16.46959266,44.11535714,1260.3467
7.350000,4393286.986938,4259675.232456,1796982.887002,-47.466517,-46.061814,211.564923,0.99999341,-0.00012004,-0.00362242,-0.00019402,-0.00018474,-0.41397410,-0.01091058,11.1100,1260.3125,1343.5326,0.01283079,0.00014653,0.646827,0.01620086,0.01599330,-0.01619978,-0.01599221,0.01246043,0.01238666,-0.01246192,-0.01238814,-121.5175,-0.8917,-90.9404,16.46961270,44.11535714,1260.3125
7.360000,4393286.512256,4259674.771812,1796985.002075,-47.471730,-46.068906,211.449031,0.99998493,-0.00012137,-0.00548279,-0.00024254,-0.00013455,-0.32757952,-0.00855775,11.1100,1260.2782,1345.7491,0.00852323,0.00025919,0.646510,0.01620086,0.01599330,-0.01619978,-0.01599221,0.01418274,0.01402275,-0.01418477,-0.01402478,-121.3756,-1.5353,-71.5051,16.46963273,44.11535713,1260.2782
7.370000,4393286.037476,4259674.311049,1796987.115971,-47.485717,-46.085000,211.329578,0.99997640,-0.00012241,-0.00686294,-0.00027811,-0.00008423,-0.22280083,-0.00573952,11.1100,1260.2435,1347.9644,0.00499593,0.00034992,0.646195,0.00293604,0.00343007,-0.00293499,-0.00342902,0.01488148,0.01468651,-0.01488373,-0.01468876,-121.2345,-2.0145,-54.1102,16.46965275,44.11535713,1260.2435
7.380000,4393285.562530,4259673.850099,1796989.228662,-47.504107,-46.105740,211.208363,0.99997056,-0.00012313,-0.00766625,-0.00029821,-0.00003346,-0.09790118,-0.00236578,11.1100,1260.2084,1350.1787,0.00248821,0.00041306,0.645881,0.00293604,0.00343007,-0.00293499,-0.00342902,0.01658086,0.01628666,-0.01658335,-0.01628915,-121.0940,-2.4067,-43.5861,16.46967276,44.11535713,1260.2084
7.390000,4393285.087394,4259673.388934,1796991.340138,-47.523356,-46.127465,211.086908,0.99996944,-0.00012355,-0.00781165,-0.00030058,0.00001701,0.03923586,0.00135086,11.1100,1260.1726,1352.3919,0.00116435,0.00044385,0.645567,0.00284248,0.00321100,-0.00284497,-0.00321349,0.01812029,0.01773478,-0.01812296,-0.01773746,-120.9539,-2.6226,-38.7153,16.46969276,44.11535713,1260.1726
7.400000,4393284.612072,4259672.927559,1796993.450405,-47.540333,-46.146856,210.966588,0.99997352,-0.00012365,-0.00727039,-0.00028444,0.00006570,0.17565990,0.00504060,11.1100,1260.1363,1354.6041,0.00116257,0.00043854,0.645254,0.00284248,0.00321100,-0.00284497,-0.00321349,0.01886290,0.01843323,-0.01886566,-0.01843599,-120.8141,-2.6099,-39.1240,16.46971275,44.11535712,1260.1363
7.410000,4393284.136607,4259672.466017,1796995.559479,-47.551549,-46.160283,210.848900,0.99998153,-0.00012346,-0.00607084,-0.00025062,0.00011211,0.30154879,0.00842748,11.1100,1260.0993,1356.8151,0.00251885,0.00039647,0.644942,0.00756822,0.00790623,-0.00756478,-0.00790279,0.01916206,0.01871457,-0.01916486,-0.01871737,-120.6746,-2.3868,-45.6716,16.46973273,44.11535712,1260.0993
7.420000,4393283.661066,4259672.004380,1796997.667394,-47.554817,-46.165324,210.734741,0.99999071,-0.00012305,-0.00430449,-0.00020197,0.00013122,0.40159224,0.01098089,11.1100,1260.0618,1359.0251,0.00515264,0.00032010,0.644629,0.00756822,0.00790623,-0.00756478,-0.00790279,0.01816026,0.01779502,-0.01816168,-0.01779644,-120.5353,-1.9023,-56.5208,16.46975270,44.11535712,1260.0618
7.430000,4393283.185545,4259671.542746,1796999.774189,-47.547324,-46.159114,210.625175,0.99999775,-0.00012257,-0.00211253,-0.00014294,0.00012454,0.47127255,0.01258966,11.1100,1260.0239,1361.2340,0.00886560,0.00021617,0.644316,0.00756822,0.00790623,-0.00756478,-0.00790279,0.01708054,0.01680232,-0.01708058,-0.01680236,-120.3960,-1.2798,-72.8441,16.46977266,44.11535711,1260.0239
7.440000,4393282.710163,4259671.081243,1797001.879915,-47.526490,-46.139127,210.521073,0.99999993,-0.00012213,0.00035699,-0.00007795,0.00010631,0.51234107,0.01337738,11.1100,1259.9856,1363.4418,0.01335649,0.00009404,0.644003,0.00756822,0.00790623,-0.00756478,-0.00790279,0.01654409,0.01630898,-0.01654344,-0.01630833,-120.2564,-0.6112,-94.1868,16.46979261,44.11535711,1259.9856
7.450000,4393282.235064,4259670.620014,1797003.984629,-47.490890,-46.103985,210.422768,0.99999560,-0.00012178,0.00296413,-0.00001086,0.00008443,0.52628476,0.01343510,11.1100,1259.9473,1365.6485,0.01831230,-0.00003732,0.643688,0.01406562,0.01390713,-0.01406818,-0.01390969,0.01632533,0.01610778,-0.01632440,-0.01610685,-120.1162,0.0749,-118.5485,16.46981255,44.11535710,1259.9473
7.460000,4393281.760370,4259670.159191,1797006.088379,-47.445397,-46.058182,210.328119,0.99998494,-0.00012155,0.00548742,0.00005248,0.00006220,0.47922939,0.01189037,11.1100,1259.9090,1367.8541,0.02344402,-0.00017014,0.643370,0.01406562,0.01390713,-0.01406818,-0.01390969,0.01153017,0.01156846,-0.01152915,-0.01156745,-119.9750,0.9741,-135.9839,16.46983248,44.11535710,1259.9090
7.470000,4393281.286176,4259669.698874,1797008.191199,-47.391341,-46.003142,210.236487,0.99997087,-0.00012147,0.00763116,0.00010441,0.00004051,0.37534224,0.00888138,11.1100,1259.8710,1370.0587,0.02834019,-0.00029193,0.643050,0.01406562,0.01390713,-0.01406818,-0.01390969,0.00676150,0.00705280,-0.00676046,-0.00705176,-119.8329,1.8034,-152.5950,16.46985240,44.11535710,1259.8710
7.480000,4393280.812566,4259669.239152,1797010.293117,-47.329101,-45.939625,210.147691,0.99995793,-0.00012150,0.00917117,0.00013975,0.00004232,0.23888760,0.00525371,11.1100,1259.8334,1372.2622,0.03241859,-0.00038776,0.642727,0.01406562,0.01390713,-0.01406818,-0.01390969,0.00438936,0.00476004,-0.00438958,-0.00476025,-119.6896,2.3371,-169.4672,16.46987231,44.11535709,1259.8334
7.490000,4393280.339611,4259668.780099,1797012.394158,-47.261190,-45.870383,210.060858,0.99995009,-0.00012154,0.00998900,0.00015660,0.00006642,0.08771386,0.00148099,11.1100,1259.7963,1374.4645,0.03523448,-0.00044847,0.642402,0.02296947,0.02237107,-0.02296651,-0.02236811,0.00340716,0.00378326,-0.00340865,-0.00378474,-119.5437,2.6235,-182.5468,16.46989221,44.11535709,1259.7963
7.500000,4393279.867357,4259668.321759,1797014.494339,-47.189664,-45.797662,209.975383,0.99994923,-0.00012160,0.01007420,0.00015488,0.00006187,-0.05300282,-0.00217630,11.1100,1259.7600,1376.6658,0.03656813,-0.00047128,0.642076,0.02296947,0.02237107,-0.02296651,-0.02236811,0.00471843,0.00508027,-0.00471842,-0.00508026,-119.3921,2.7002,-192.3368,16.46991210,44.11535709,1259.7600
7.510000,4393279.395819,4259667.864146,1797016.593667,-47.118633,-45.725663,209.889893,0.99995485,-0.00012185,0.00950069,0.00013561,0.00002405,-0.17478213,-0.00555085,11.1100,1259.7243,1378.8659,0.03641254,-0.00045688,0.641749,0.02296947,0.02237107,-0.02296651,-0.02236811,0.00627683,0.00662536,-0.00627495,-0.00662348,-119.2480,2.5911,-194.8569,16.46993199,44.11535708,1259.7243
7.520000,4393278.924969,4259667.407229,1797018.692133,-47.052627,-45.658966,209.802825,0.99996502,-0.00012239,0.00836229,0.00010049,-0.00002789,-0.27815607,-0.00851849,11.1100,1259.6893,1381.0650,0.03494289,-0.00040800,0.641423,0.02296947,0.02237107,-0.02296651,-0.02236811,0.00706217,0.00740425,-0.00705934,-0.00740142,-119.1111,2.3169,-189.1932,16.46995186,44.11535708,1259.6893
7.530000,4393278.454739,4259666.950937,1797020.789714,-46.995118,-45.601098,209.712943,0.99997719,-0.00012327,0.00675342,0.00005184,-0.00008281,-0.36232808,-0.01096907,11.1100,1259.6551,1383.2629,0.03237692,-0.00032872,0.641098,0.02003383,0.01962264,-0.02003059,-0.01961939,0.00738425,0.00772373,-0.00738103,-0.00772051,-118.9678,1.8967,-177.2565,16.46997172,44.11535708,1259.6551
7.540000,4393277.985042,4259666.495180,1797022.886384,-46.946129,-45.552391,209.620220,0.99998839,-0.00012436,0.00481744,-0.00000588,-0.00009809,-0.40865048,-0.01215572,11.1100,1259.6215,1385.4598,0.02892675,-0.00022422,0.640777,0.02003383,0.01962264,-0.02003059,-0.01961939,0.00981329,0.00997537,-0.00981206,-0.00997413,-118.8258,1.2008,-164.3605,16.46999157,44.11535708,1259.6215
7.550000,4393277.515787,4259666.039858,1797024.982109,-46.907028,-45.514216,209.524063,0.99999622,-0.00012545,0.00274581,-0.00006631,-0.00007493,-0.41656183,-0.01206354,11.1100,1259.5883,1387.6555,0.02488033,-0.00010444,0.640459,0.02003383,0.01962264,-0.02003059,-0.01961939,0.01217743,0.01216176,-0.01217829,-0.01216262,-118.6851,0.4373,-148.1790,16.47001141,44.11535707,1259.5883
7.560000,4393277.046866,4259665.584858,1797027.076852,-46.879283,-45.487863,209.423786,0.99999973,-0.00012637,0.00070708,-0.00012402,-0.00003509,-0.39570783,-0.01107666,11.1100,1259.5554,1389.8502,0.02062988,0.00001771,0.640143,0.02003383,0.01962264,-0.02003059,-0.01961939,0.01333272,0.01322975,-0.01333462,-0.01323165,-118.5459,-0.2495,-128.7556,16.47003124,44.11535707,1259.5554
7.570000,4393276.578164,4259665.130062,1797029.170571,-46.862875,-45.473178,209.319258,0.99999929,-0.00012705,-0.00117201,-0.00017522,0.00000923,-0.35310155,-0.00946688,11.1100,1259.5227,1392.0438,0.01652203,0.00013176,0.639831,0.00982009,0.01000756,-0.00981829,-0.01000576,0.01380065,0.01366226,-0.01380297,-0.01366458,-118.4079,-0.8437,-108.7652,16.47005107,44.11535707,1259.5227
7.580000,4393276.109591,4259664.675376,1797031.263231,-46.853250,-45.465769,209.212203,0.99999623,-0.00012756,-0.00273619,-0.00021581,0.00001839,-0.27043963,-0.00683763,11.1100,1259.4900,1394.2363,0.01281003,0.00023055,0.639520,0.00982009,0.01000756,-0.00981829,-0.01000576,0.01713806,0.01683020,-0.01713858,-0.01683072,-118.2711,-1.4735,-95.5520,16.47007088,44.11535707,1259.4900
7.590000,4393275.641090,4259664.220736,1797033.354811,-46.848105,-45.463216,209.103496,0.99999275,-0.00012804,-0.00379882,-0.00024115,-0.00000710,-0.15343465,-0.00337465,11.1100,1259.4572,1396.4278,0.00977457,0.00030572,0.639212,0.00982009,0.01000756,-0.00981829,-0.01000576,0.02038064,0.01991096,-0.02037924,-0.01990956,-118.1351,-1.9717,-85.3409,16.47009068,44.11535706,1259.4572
7.600000,4393275.172622,4259663.766104,1797035.445298,-46.845881,-45.463697,208.993750,0.99999100,-0.00012860,-0.00423439,-0.00024834,-0.00004777,-0.02069022,0.00042611,11.1100,1259.4242,1398.6182,0.00777329,0.00034860,0.638904,0.00982009,0.01000756,-0.00981829,-0.01000576,0.02196472,0.02141623,-0.02196236,-0.02141388,-117.9997,-2.2309,-77.2807,16.47011048,44.11535706,1259.4242
7.610000,4393274.704173,4259663.311463,1797037.534687,-46.843751,-45.464191,208.884121,0.99999197,-0.00012930,-0.00399816,-0.00023660,-0.00009248,0.11421296,0.00420271,11.1100,1259.3908,1400.8076,0.00704601,0.00035433,0.638597,0.00506657,0.00558342,-0.00506950,-0.00558636,0.02260624,0.02202588,-0.02260350,-0.02202314,-117.8648,-2.2622,-73.8792,16.47013026,44.11535706,1259.3908
7.620000,4393274.235753,4259662.856827,1797039.622984,-46.839386,-45.462129,208.775566,0.99999510,-0.00013014,-0.00312188,-0.00020729,-0.00013826,0.23437869,0.00746113,11.1100,1259.3572,1402.9959,0.00766267,0.00032227,0.638291,0.00506657,0.00558342,-0.00506950,-0.00558636,0.02180059,0.02127495,-0.02179761,-0.02127197,-117.7301,-2.0308,-74.7092,16.47015003,44.11535706,1259.3572
7.630000,4393273.767402,4259662.402239,1797041.710206,-46.829472,-45.454110,208.669412,0.99999854,-0.00013113,-0.00169559,-0.00016342,-0.00018331,0.33345260,0.01003731,11.1100,1259.3233,1405.1831,0.00954332,0.00025618,0.637984,0.00506657,0.00558342,-0.00506950,-0.00558636,0.02083505,0.02037216,-0.02083191,-0.02036903,-117.5955,-1.6273,-81.6230,16.47016980,44.11535705,1259.3233
7.640000,4393273.299193,4259661.947775,1797043.796384,-46.810655,-45.436778,208.566936,0.99999997,-0.00013230,0.00017358,-0.00010836,-0.00022614,0.41095855,0.01195025,11.1100,1259.2891,1407.3693,0.01248534,0.00016271,0.637678,0.00506657,0.00558342,-0.00506950,-0.00558636,0.02034791,0.01991649,-0.02034471,-0.01991329,-117.4609,-1.1202,-94.7037,16.47018955,44.11535705,1259.2891
7.650000,4393272.831227,4259661.493542,1797045.881560,-46.780469,-45.407671,208.468980,0.99999717,-0.00013363,0.00237545,-0.00004539,-0.00026625,0.46615706,0.01320438,11.1100,1259.2549,1409.5544,0.01625194,0.00004897,0.637370,0.00701581,0.00734681,-0.00701868,-0.00734968,0.02014804,0.01972950,-0.02014480,-0.01972626,-117.3260,-0.5338,-112.4420,16.47020930,44.11535705,1259.2549
7.660000,4393272.363607,4259661.039649,1797047.965773,-46.741238,-45.368779,208.374451,0.99998880,-0.00013512,0.00472983,0.00002020,-0.00029476,0.47195305,0.01301784,11.1100,1259.2207,1411.7385,0.02060633,-0.00007817,0.637060,0.00701581,0.00734681,-0.00701868,-0.00734968,0.01644389,0.01624289,-0.01644116,-0.01624017,-117.1904,0.2899,-127.3134,16.47022904,44.11535704,1259.2207
7.670000,4393271.896427,4259660.586194,1797050.049058,-46.692749,-45.319941,208.283285,0.99997554,-0.00013674,0.00699208,0.00008140,-0.00031259,0.42968784,0.01145399,11.1100,1259.1866,1413.9215,0.02520284,-0.00020727,0.636749,0.00701581,0.00734681,-0.00701868,-0.00734968,0.01276782,0.01278244,-0.01276561,-0.01278023,-117.0540,1.1114,-143.6812,16.47024876,44.11535704,1259.1866
7.680000,4393271.429783,4259660.133282,1797052.131449,-46.634202,-45.260620,208.195674,0.99995981,-0.00013849,0.00896345,0.00013262,-0.00032523,0.35623229,0.00903236,11.1100,1259.1529,1416.1035,0.02955110,-0.00032436,0.636435,0.00701581,0.00734681,-0.00701868,-0.00734968,0.01096545,0.01108577,-0.01096349,-0.01108381,-116.9166,1.7691,-162.1890,16.47026848,44.11535704,1259.1529
7.690000,4393270.963772,4259659.681012,1797054.212981,-46.566649,-45.192064,208.111167,0.99994466,-0.00014036,0.01051795,0.00017052,-0.00033568,0.26371813,0.00612448,11.1100,1259.1197,1418.2844,0.03324906,-0.00041899,0.636119,0.01088883,0.01086816,-0.01088972,-0.01086905,0.01023443,0.01039761,-0.01023257,-0.01039575,-116.7782,2.2557,-179.4109,16.47028819,44.11535703,1259.1197
7.700000,4393270.498463,4259659.229455,1797056.293677,-46.494127,-45.118281,208.028305,0.99993326,-0.00014229,0.01155034,0.00019222,-0.00031576,0.14830706,0.00255521,11.1100,1259.0871,1420.4642,0.03605237,-0.00048519,0.635800,0.01088883,0.01086816,-0.01088972,-0.01086905,0.00827426,0.00857038,-0.00827412,-0.00857024,-116.6323,2.6757,-190.3677,16.47030788,44.11535703,1259.0871
7.710000,4393270.033892,4259658.778649,1797058.373548,-46.419869,-45.042640,207.946000,0.99992840,-0.00014414,0.01196383,0.00019498,-0.00026761,0.01718455,-0.00145472,11.1100,1259.0552,1422.6429,0.03777730,-0.00051751,0.635479,0.01088883,0.01086816,-0.01088972,-0.01086905,0.00648040,0.00689980,-0.00648197,-0.00690137,-116.4825,2.9160,-196.4534,16.47032757,44.11535703,1259.0552
7.720000,4393269.570061,4259658.328597,1797060.452595,-46.346728,-44.968210,207.863351,0.99993138,-0.00014584,0.01171255,0.00017768,-0.00020808,-0.11657455,-0.00547728,11.1100,1259.0241,1424.8205,0.03825214,-0.00051120,0.635158,0.01088883,0.01086816,-0.01088972,-0.01086905,0.00561341,0.00609254,-0.00561581,-0.00609494,-116.3395,2.9093,-197.8993,16.47034725,44.11535703,1259.0241
7.730000,4393269.106942,4259657.879269,1797062.530810,-46.278051,-44.898507,207.779275,0.99994157,-0.00014735,0.01080819,0.00014103,-0.00014637,-0.24308769,-0.00919989,11.1100,1258.9938,1426.9971,0.03740468,-0.00046500,0.634837,0.02053135,0.02012061,-0.02052995,-0.02011921,0.00526386,0.00576710,-0.00526660,-0.00576984,-116.2044,2.6765,-193.6158,16.47036692,44.11535702,1258.9938
7.740000,4393268.644477,4259657.430603,1797064.608173,-46.216438,-44.836339,207.692919,0.99995658,-0.00014865,0.00931726,0.00008769,-0.00008660,-0.35040431,-0.01217013,11.1100,1258.9642,1429.1725,0.03528109,-0.00038123,0.634518,0.02053135,0.02012061,-0.02052995,-0.02011921,0.00582742,0.00627352,-0.00583026,-0.00627637,-116.0774,2.1930,-184.4350,16.47038658,44.11535702,1258.9642
7.750000,4393268.182581,4259656.982508,1797066.684658,-46.164723,-44.784612,207.603274,0.99997299,-0.00014974,0.00734843,0.00002173,-0.00003002,-0.43364055,-0.01425659,11.1100,1258.9353,1431.3469,0.03203243,-0.00026615,0.634202,0.02053135,0.02012061,-0.02052995,-0.02011921,0.00647866,0.00686148,-0.00648152,-0.00686434,-115.9417,1.5566,-169.9609,16.47040622,44.11535702,1258.9353
7.760000,4393267.721141,4259656.534867,1797068.760224,-46.125496,-44.745902,207.509312,0.99998737,-0.00015061,0.00502436,-0.00005254,0.00002319,-0.49209142,-0.01551047,11.1100,1258.9069,1433.5202,0.02789538,-0.00012848,0.633889,0.02053135,0.02012061,-0.02052995,-0.02011921,0.00680557,0.00715681,-0.00680843,-0.00715968,-115.8054,0.8434,-150.5576,16.47042586,44.11535702,1258.9069
7.770000,4393267.260024,4259656.087541,1797070.834827,-46.100431,-44.721859,207.410253,0.99999693,-0.00015125,0.00247047,-0.00013107,0.00007305,-0.52536689,-0.01597394,11.1100,1258.8789,1435.6924,0.02313285,0.00002293,0.633579,0.02046065,0.02013563,-0.02045991,-0.02013489,0.00693943,0.00727778,-0.00694230,-0.00728064,-115.6708,0.0855,-127.7004,16.47044549,44.11535702,1258.8789
7.780000,4393266.799090,4259655.640385,1797072.908414,-46.088860,-44.711955,207.306155,0.99999995,-0.00015168,-0.00016276,-0.00020889,0.00010753,-0.52389955,-0.01523714,11.1100,1258.8510,1437.8636,0.01800723,0.00017984,0.633273,0.02046065,0.02013563,-0.02045991,-0.02013489,0.00836563,0.00857421,-0.00836780,-0.00857637,-115.5378,-0.7918,-105.0731,16.47046511,44.11535701,1258.8510
7.790000,4393266.338204,4259655.193258,1797074.980934,-46.090576,-44.715910,207.196898,0.99999629,-0.00015196,-0.00270456,-0.00028020,0.00012737,-0.48912709,-0.01338486,11.1100,1258.8231,1440.0338,0.01281576,0.00033184,0.632970,0.02046065,0.02013563,-0.02045991,-0.02013489,0.00976720,0.00984842,-0.00976866,-0.00984988,-115.4060,-1.6343,-81.9392,16.47048472,44.11535701,1258.8231
7.800000,4393265.877236,4259654.746023,1797077.052335,-46.105163,-44.733118,207.082466,0.99998739,-0.00015213,-0.00500723,-0.00034033,0.00013950,-0.42879135,-0.01077415,11.1100,1258.7949,1442.2029,0.00789876,0.00046756,0.632669,0.02046065,0.02013563,-0.02045991,-0.02013489,0.01045324,0.01047214,-0.01045435,-0.01047325,-115.2753,-2.3344,-58.8481,16.47050432,44.11535701,1258.7949
7.810000,4393265.416064,4259654.298557,1797079.122567,-46.131146,-44.761940,206.963326,0.99997570,-0.00015219,-0.00695903,-0.00038620,0.00014788,-0.34945967,-0.00768493,11.1100,1258.7662,1444.3709,0.00354855,0.00057825,0.632369,0.01120062,0.01128219,-0.01120657,-0.01128815,0.01073130,0.01072494,-0.01073227,-0.01072591,-115.1454,-2.8758,-37.7565,16.47052391,44.11535701,1258.7662
7.820000,4393264.954601,4259653.850770,1797081.191596,-46.162706,-44.796660,206.841867,0.99996448,-0.00015218,-0.00841721,-0.00041472,0.00014055,-0.23228172,-0.00383765,11.1100,1258.7370,1446.5380,-0.00002159,0.00065842,0.632070,0.01120062,0.01128219,-0.01120657,-0.01128815,0.01426093,0.01410659,-0.01426103,-0.01410669,-115.0161,-3.3684,-25.7484,16.47054350,44.11535701,1258.7370
7.830000,4393264.492807,4259653.402621,1797083.259404,-46.196625,-44.833916,206.719482,0.99995750,-0.00015215,-0.00920868,-0.00042267,0.00011918,-0.08392061,0.00055030,11.1100,1258.7070,1448.7040,-0.00256527,0.00070209,0.631773,0.01120062,0.01128219,-0.01120657,-0.01128815,0.01774278,0.01744576,-0.01774204,-0.01744503,-114.8871,-3.6741,-18.4372,16.47056307,44.11535700,1258.7070
7.840000,4393264.030671,4259652.954095,1797085.325987,-46.230665,-44.871203,206.597195,0.99995733,-0.00015210,-0.00922764,-0.00040855,0.00009225,0.07551078,0.00500422,11.1100,1258.6762,1450.8689,-0.00375865,0.00070357,0.631475,0.01120062,0.01128219,-0.01120657,-0.01128815,0.01944818,0.01908156,-0.01944704,-0.01908041,-114.7584,-3.7104,-14.5829,16.47058263,44.11535700,1258.6762
7.850000,4393263.568206,4259652.505210,1797087.391354,-46.261460,-44.904957,206.476528,0.99996417,-0.00015208,-0.00845546,-0.00037291,0.00006463,0.23135949,0.00917530,11.1100,1258.6445,1453.0329,-0.00340622,0.00066095,0.631178,0.00011401,0.00070323,-0.00011772,-0.00070694,0.02013959,0.01974479,-0.02013828,-0.01974348,-114.6300,-3.4983,-16.4853,16.47060219,44.11535700,1258.6445
7.860000,4393263.105466,4259652.056021,1797089.455529,-46.285176,-44.931187,206.359162,0.99997589,-0.00015206,-0.00693539,-0.00031805,0.00004235,0.37361973,0.01271597,11.1100,1258.6120,1455.1958,-0.00149448,0.00057632,0.630882,0.00011401,0.00070323,-0.00011772,-0.00070694,0.02037065,0.01999589,-0.02036952,-0.01999475,-114.5019,-3.0450,-25.2047,16.47062173,44.11535700,1258.6120
7.870000,4393262.642539,4259651.606624,1797091.518553,-46.298077,-44.946077,206.246630,0.99998866,-0.00015204,-0.00475334,-0.00024751,0.00002586,0.49527002,0.01546590,11.1100,1258.5788,1457.3577,0.00186332,0.00045520,0.630585,0.00011401,0.00070323,-0.00011772,-0.00070694,0.02043543,0.02008764,-0.02043451,-0.02008672,-114.3740,-2.4144,-40.6889,16.47064127,44.11535699,1258.5788
7.880000,4393262.179551,4259651.157149,1797093.580482,-46.296911,-44.946355,206.140123,0.99999792,-0.00015201,-0.00202546,-0.00016537,0.00001302,0.59128668,0.01737819,11.1100,1258.5451,1459.5186,0.00646951,0.00030538,0.630289,0.00011401,0.00070323,-0.00011772,-0.00070694,0.02045359,0.02011960,-0.02045277,-0.02011879,-114.2462,-1.6623,-62.1928,16.47066079,44.11535699,1258.5451
7.890000,4393261.716656,4259650.707754,1797095.641379,-46.279135,-44.929481,206.040398,0.99999937,-0.00015199,0.00111099,-0.00007587,0.00000235,0.65826958,0.01842865,11.1100,1258.5109,1461.6784,0.01206966,0.00013546,0.629992,0.00578619,0.00592068,-0.00578532,-0.00591982,0.02045867,0.02013039,-0.02045790,-0.02012962,-114.1181,-0.8266,-88.5575,16.47068031,44.11535698,1258.5109
7.900000,4393261.254013,4259650.258606,1797097.701307,-46.246470,-44.896954,205.946411,0.99999010,-0.00015189,0.00444721,0.00001541,0.00003295,0.67116626,0.01810655,11.1100,1258.4765,1463.8372,0.01837220,-0.00004578,0.629693,0.00578619,0.00592068,-0.00578532,-0.00591982,0.01716941,0.01698775,-0.01717104,-0.01698938,-113.9893,0.1739,-113.0539,16.47069982,44.11535698,1258.4765
7.910000,4393260.791772,4259649.809863,1797099.760323,-46.198630,-44.848552,205.857942,0.99997023,-0.00015157,0.00771406,0.00010177,0.00010179,0.63091271,0.01647652,11.1100,1258.4422,1465.9950,0.02497092,-0.00022654,0.629391,0.00578619,0.00592068,-0.00578532,-0.00591982,0.01386085,0.01382523,-0.01386487,-0.01382925,-113.8593,1.1615,-139.1947,16.47071932,44.11535698,1258.4422
7.920000,4393260.330090,4259649.361687,1797101.818483,-46.135063,-44.783942,205.774917,0.99994291,-0.00015091,0.01068312,0.00017765,0.00018550,0.55274494,0.01391981,11.1100,1258.4082,1468.1518,0.03132618,-0.00039351,0.629085,0.00578619,0.00592068,-0.00578532,-0.00591982,0.01223501,0.01227104,-0.01224021,-0.01227624,-113.7278,2.0116,-167.1312,16.47073881,44.11535697,1258.4082
7.930000,4393259.869119,4259648.914233,1797103.875837,-46.056946,-44.704482,205.696720,0.99991293,-0.00014991,0.01319320,0.00023917,0.00027114,0.44819913,0.01073546,11.1100,1258.3747,1470.3075,0.03697836,-0.00053616,0.628775,0.02605295,0.02536888,-0.02605444,-0.02537037,0.01157497,0.01164007,-0.01158065,-0.01164575,-113.5818,2.7026,-193.5714,16.47075829,44.11535697,1258.3747
7.940000,4393259.408970,4259648.467618,1797105.932422,-45.971122,-44.616849,205.620804,0.99988648,-0.00014861,0.01506411,0.00028221,0.00033997,0.29824446,0.00652114,11.1100,1258.3419,1472.4621,0.04161364,-0.00064742,0.628460,0.02605295,0.02536888,-0.02605444,-0.02537037,0.00739043,0.00764670,-0.00739550,-0.00765177,-113.4182,3.3720,-209.7386,16.47077776,44.11535697,1258.3419
7.950000,4393258.949701,4259648.021903,1797107.988254,-45.881785,-44.525378,205.545797,0.99987049,-0.00014712,0.01609029,0.00030222,0.00039116,0.11170121,0.00151886,11.1100,1258.3101,1474.6157,0.04491734,-0.00071913,0.628142,0.02605295,0.02536888,-0.02605444,-0.02537037,0.00334270,0.00378416,-0.00334702,-0.00378848,-113.2612,3.8398,-219.8552,16.47079722,44.11535696,1258.3101
7.960000,4393258.491332,4259647.577109,1797110.043337,-45.792121,-44.433549,205.470819,0.99986956,-0.00014552,0.01614771,0.00029675,0.00043242,-0.08780096,-0.00369323,11.1100,1258.2792,1476.7682,0.04650672,-0.00074311,0.627822,0.02605295,0.02536888,-0.02605444,-0.02537037,0.00136680,0.00189868,-0.00137075,-0.00190263,-113.1140,3.9958,-225.1508,16.47081667,44.11535696,1258.2792
7.970000,4393258.033843,4259647.133216,1797112.097665,-45.706631,-44.346079,205.394567,0.99988420,-0.00014384,0.01521503,0.00026580,0.00046863,-0.28292486,-0.00869051,11.1100,1258.2494,1478.9196,0.04615567,-0.00071570,0.627502,0.02725774,0.02644183,-0.02725948,-0.02644357,0.00056684,0.00113533,-0.00057064,-0.00113913,-112.9786,3.8609,-222.9795,16.47083611,44.11535696,1258.2494
7.980000,4393257.577178,4259646.690164,1797114.151222,-45.628250,-44.266269,205.316225,0.99991046,-0.00014216,0.01337900,0.00021261,0.00047485,-0.44794910,-0.01261633,11.1100,1258.2206,1481.0699,0.04385229,-0.00063813,0.627184,0.02725774,0.02644183,-0.02725948,-0.02644357,0.00228634,0.00270680,-0.00228846,-0.00270891,-112.8563,3.3368,-215.3182,16.47085554,44.11535696,1258.2206
7.990000,4393257.121243,4259646.247853,1797116.203979,-45.561446,-44.198657,205.234303,0.99994154,-0.00014058,0.01081050,0.00014296,0.00045385,-0.57499494,-0.01529840,11.1100,1258.1927,1483.2192,0.03979084,-0.00051839,0.626869,0.02725774,0.02644183,-0.02725948,-0.02644357,0.00420917,0.00447190,-0.00420963,-0.00447236,-112.7466,2.6115,-199.3370,16.47087496,44.11535695,1258.1927
8.000000,4393256.665898,4259645.806137,1797118.255892,-45.510538,-44.147475,205.147185,0.99997038,-0.00013918,0.00769491,0.00006256,0.00042154,-0.66615689,-0.01693698,11.1100,1258.1655,1485.3674,0.03434374,-0.00036882,0.626559,0.02725774,0.02644183,-0.02725948,-0.02644357,0.00516983,0.00535433,-0.00516948,-0.00535398,-112.6442,1.8183,-175.0350,16.47089438,44.11535695,1258.1655
8.010000,4393256.210970,4259645.364840,1797120.306902,-45.478297,-44.115427,205.053622,0.99999113,-0.00013796,0.00420958,-0.00002369,0.00038650,-0.72252406,-0.01765901,11.1100,1258.1389,1487.5145,0.02791106,-0.00020103,0.626253,0.01991816,0.01955868,-0.01991644,-0.01955696,0.00556246,0.00571508,-0.00556178,-0.00571440,-112.5138,0.9841,-145.4195,16.47091378,44.11535695,1258.1389
8.020000,4393255.756301,4259644.923794,1797122.356954,-45.458844,-44.097092,204.955596,0.99999977,-0.00013688,0.00065358,-0.00010888,0.00036567,-0.69465603,-0.01652794,11.1100,1258.1127,1489.6607,0.02086667,-0.00002493,0.625953,0.01991816,0.01955868,-0.01991644,-0.01955696,0.01291066,0.01276055,-0.01291070,-0.01276059,-112.3856,-0.1033,-123.9138,16.47093317,44.11535695,1258.1127
8.030000,4393255.301765,4259644.482866,1797124.406003,-45.451443,-44.091644,204.853126,0.99999670,-0.00013581,-0.00255990,-0.00018409,0.00035870,-0.58637135,-0.01367405,11.1100,1258.0865,1491.8058,0.01377053,0.00014465,0.625657,0.01991816,0.01955868,-0.01991644,-0.01955696,0.02020425,0.01975747,-0.02020509,-0.01975831,-112.2590,-1.1419,-101.6553,16.47095255,44.11535695,1258.0865
8.040000,4393254.847235,4259644.041922,1797126.454002,-45.456862,-44.099479,204.745633,0.99998691,-0.00013469,-0.00510930,-0.00024249,0.00035770,-0.43026246,-0.00980201,11.1100,1258.0602,1493.9498,0.00744410,0.00029012,0.625364,0.01991816,0.01955868,-0.01991644,-0.01955696,0.02378037,0.02318844,-0.02378161,-0.02318968,-112.1338,-1.9311,-76.7046,16.47097193,44.11535695,1258.0602
8.050000,4393254.392595,4259643.600842,1797128.500903,-45.472803,-44.118044,204.633879,0.99997675,-0.00013347,-0.00681249,-0.00028027,0.00035848,-0.24930507,-0.00541448,11.1100,1258.0336,1496.0929,0.00253506,0.00039890,0.625072,0.00929274,0.00941583,-0.00928822,-0.00941131,0.02523083,0.02458008,-0.02523223,-0.02458148,-112.0095,-2.4693,-54.8472,16.47099130,44.11535694,1258.0336
8.060000,4393253.937761,4259643.159543,1797130.546672,-45.494617,-44.142577,204.519744,0.99997125,-0.00013213,-0.00757573,-0.00029531,0.00036101,-0.05574793,-0.00068850,11.1100,1258.0065,1498.2350,-0.00060855,0.00046442,0.624781,0.00929274,0.00941583,-0.00928822,-0.00941131,0.02619655,0.02547716,-0.02619810,-0.02547871,-111.8857,-2.8070,-40.4304,16.47101065,44.11535694,1258.0065
8.070000,4393253.482701,4259642.717989,1797132.591297,-45.517249,-44.167890,204.405392,0.99997283,-0.00013067,-0.00736427,-0.00028657,0.00036501,0.13912654,0.00411028,11.1100,1257.9788,1500.3761,-0.00183134,0.00048323,0.624492,0.00929274,0.00941583,-0.00928822,-0.00941131,0.02681605,0.02604189,-0.02681771,-0.02604355,-111.7623,-2.9105,-34.4814,16.47103000,44.11535694,1257.9788
8.080000,4393253.027431,4259642.276200,1797134.634787,-45.535684,-44.188821,204.292992,0.99998075,-0.00012908,-0.00619892,-0.00025447,0.00036992,0.32446082,0.00867123,11.1100,1257.9504,1502.5162,-0.00109908,0.00045428,0.624202,0.00929274,0.00941583,-0.00928822,-0.00941131,0.02709176,0.02629185,-0.02709346,-0.02629355,-111.6392,-2.7647,-37.2180,16.47104934,44.11535694,1257.9504
8.090000,4393252.572018,4259641.834244,1797136.677171,-45.545050,-44.200387,204.184577,0.99999136,-0.00012738,-0.00414986,-0.00020081,0.00037562,0.49142238,0.01275209,11.1100,1257.9215,1504.6552,0.00151151,0.00037942,0.623913,0.00038169,0.00068052,-0.00038520,-0.00068403,0.02719889,0.02638872,-0.02720061,-0.02639045,-111.5162,-2.3919,-48.5837,16.47106867,44.11535694,1257.9215
8.100000,4393252.116562,4259641.392227,1797138.718492,-45.543557,-44.200475,204.080773,0.99999904,-0.00012562,-0.00137145,-0.00012984,0.00036205,0.61533186,0.01561525,11.1100,1257.8920,1506.7933,0.00582606,0.00026314,0.623624,0.00038169,0.00068052,-0.00038520,-0.00068403,0.02462942,0.02397768,-0.02462992,-0.02397819,-111.3933,-1.6919,-63.8657,16.47108799,44.11535693,1257.8920
8.110000,4393251.661190,4259640.950281,1797140.758804,-45.527869,-44.185716,203.982699,0.99999817,-0.00012393,0.00190927,-0.00004787,0.00033006,0.69184468,0.01716510,11.1100,1257.8621,1508.9304,0.01152254,0.00011527,0.623333,0.00038169,0.00068052,-0.00038520,-0.00068403,0.02202012,0.02153017,-0.02201939,-0.02152944,-111.2702,-0.8491,-85.7938,16.47110730,44.11535693,1257.8621
8.120000,4393251.206061,4259640.508571,1797142.798168,-45.494610,-44.152863,203.891341,0.99998502,-0.00012239,0.00547229,0.00003917,0.00029065,0.72808039,0.01765964,11.1100,1257.8321,1511.0665,0.01812402,-0.00005101,0.623041,0.00038169,0.00068052,-0.00038520,-0.00068403,0.02073588,0.02032563,-0.02073455,-0.02032429,-111.1464,0.0049,-114.2565,16.47112660,44.11535693,1257.8321
8.130000,4393250.751361,4259640.067288,1797144.836653,-45.442168,-44.100400,203.806888,0.99995832,-0.00012106,0.00912796,0.00012647,0.00024978,0.72902196,0.01727754,11.1100,1257.8021,1513.2015,0.02516811,-0.00022390,0.622746,0.01788579,0.01753604,-0.01788818,-0.01753843,0.02021419,0.01983632,-0.02021260,-0.01983474,-111.0213,0.8441,-146.1429,16.47114590,44.11535693,1257.8021
8.140000,4393250.297264,4259639.626612,1797146.874320,-45.374150,-44.031731,203.727576,0.99992004,-0.00012000,0.01264336,0.00020847,0.00019337,0.67250007,0.01555359,11.1100,1257.7725,1515.3356,0.03226527,-0.00039385,0.622447,0.01788579,0.01753604,-0.01788818,-0.01753843,0.01624477,0.01605041,-0.01624210,-0.01604774,-110.8944,1.7839,-172.9909,16.47116518,44.11535692,1257.7725
8.150000,4393249.843919,4259639.186697,1797148.911217,-45.291882,-43.948277,203.652686,0.99987604,-0.00011931,0.01574232,0.00027885,0.00012282,0.56334373,0.01263064,11.1100,1257.7434,1517.4686,0.03897418,-0.00054942,0.622142,0.01788579,0.01753604,-0.01788818,-0.01753843,0.01237983,0.01236214,-0.01237613,-0.01235844,-110.7388,2.6412,-198.7547,16.47118445,44.11535692,1257.7434
8.160000,4393249.391467,4259638.747688,1797150.947386,-45.196530,-43.851449,203.581689,0.99983412,-0.00011907,0.01821010,0.00033282,0.00004759,0.42114569,0.00898238,11.1100,1257.7152,1519.6006,0.04475201,-0.00067834,0.621832,0.01788579,0.01753604,-0.01788818,-0.01753843,0.01049102,0.01055950,-0.01048681,-0.01055529,-110.5696,3.2930,-223.6062,16.47120372,44.11535692,1257.7152
8.170000,4393248.940021,4259638.309701,1797152.982860,-45.091140,-43.744471,203.513559,0.99980154,-0.00011931,0.01991819,0.00036764,-0.00002694,0.26066552,0.00496541,11.1100,1257.6879,1521.7316,0.04917793,-0.00077195,0.621517,0.02503208,0.02445292,-0.02502884,-0.02444968,0.00972596,0.00982932,-0.00972155,-0.00982491,-110.4070,3.7335,-243.9021,16.47122298,44.11535692,1257.6879
8.180000,4393248.489647,4259637.872802,1797155.017657,-44.983123,-43.634725,203.445932,0.99978466,-0.00011989,0.02074765,0.00038160,-0.00005170,0.07102607,0.00062858,11.1100,1257.6619,1523.8614,0.05201585,-0.00082570,0.621198,0.02503208,0.02445292,-0.02502884,-0.02444968,0.00627595,0.00645467,-0.00627432,-0.00645304,-110.2531,4.0174,-252.4671,16.47124222,44.11535691,1257.6619
8.190000,4393248.040345,4259637.436993,1797157.051774,-44.877656,-43.527484,203.377373,0.99978819,-0.00012054,0.02057725,0.00037369,-0.00002854,-0.13785371,-0.00380514,11.1100,1257.6371,1525.9902,0.05307784,-0.00083684,0.620877,0.02503208,0.02445292,-0.02502884,-0.02444968,0.00299213,0.00323818,-0.00299335,-0.00323940,-110.1102,4.0939,-253.0166,16.47126146,44.11535691,1257.6371
8.200000,4393247.592069,4259637.002228,1797159.085197,-44.778848,-43.427009,203.306854,0.99981246,-0.00012108,0.01936277,0.00034419,0.00001628,-0.34521109,-0.00802626,11.1100,1257.6136,1528.1179,0.05215643,-0.00080412,0.620557,0.02503208,0.02445292,-0.02502884,-0.02444968,0.00139367,0.00167211,-0.00139629,-0.00167473,-109.9808,3.9381,-246.9445,16.47128069,44.11535691,1257.6136
8.210000,4393247.144729,4259636.568413,1797161.117899,-44.691464,-43.338165,203.233024,0.99985288,-0.00012142,0.01714994,0.00029476,0.00006812,-0.53589932,-0.01179787,11.1100,1257.5913,1530.2445,0.04919121,-0.00072905,0.620239,0.02758998,0.02711001,-0.02758213,-0.02710215,0.00074729,0.00103876,-0.00075047,-0.00104195,-109.8663,3.5719,-232.7362,16.47129990,44.11535691,1257.5913
8.220000,4393246.698216,4259636.135438,1797163.149852,-44.614035,-43.259947,203.156556,0.99989980,-0.00012155,0.01415370,0.00023002,0.00011436,-0.65770941,-0.01417204,11.1100,1257.5700,1532.3701,0.04430638,-0.00061577,0.619927,0.02758998,0.02711001,-0.02758213,-0.02710215,0.00672844,0.00679425,-0.00673144,-0.00679725,-109.7670,2.8429,-219.7444,16.47131911,44.11535691,1257.5700
8.230000,4393246.252414,4259635.703177,1797165.181021,-44.549738,-43.195538,203.076289,0.99994239,-0.00012148,0.01073169,0.00015713,0.00015283,-0.70586237,-0.01507636,11.1100,1257.5497,1534.4946,0.03792336,-0.00047495,0.619619,0.02758998,0.02711001,-0.02758213,-0.02710215,0.01289933,0.01273507,-0.01290201,-0.01273775,-109.6801,1.9924,-199.6710,16.47133831,44.11535691,1257.5497
8.240000,4393245.807168,4259635.271472,1797167.211361,-44.502689,-43.148838,202.990502,0.99997406,-0.00012124,0.00720101,0.00008241,0.00018610,-0.70123120,-0.01491124,11.1100,1257.5302,1536.6180,0.03077960,-0.00032134,0.619318,0.02758998,0.02711001,-0.02758213,-0.02710215,0.01594435,0.01566678,-0.01594686,-0.01566928,-109.5734,1.1850,-171.1497,16.47135750,44.11535691,1257.5302
8.250000,4393245.362300,4259634.840139,1797169.240811,-44.474280,-43.121093,202.898295,0.99999280,-0.00012082,0.00379154,0.00001052,0.00021579,-0.65775359,-0.01394616,11.1100,1257.5111,1538.7404,0.02353742,-0.00016737,0.619022,0.01284809,0.01274345,-0.01284671,-0.01274207,0.01718264,0.01685902,-0.01718507,-0.01686146,-109.4490,0.4367,-139.3900,16.47137668,44.11535691,1257.5111
8.260000,4393244.917636,4259634.409002,1797171.269310,-44.461255,-43.109120,202.800549,0.99999973,-0.00012032,0.00071987,-0.00005428,0.00021076,-0.56681922,-0.01207581,11.1100,1257.4923,1540.8619,0.01666629,-0.00002208,0.618731,0.01284809,0.01274345,-0.01284671,-0.01274207,0.02018178,0.01975956,-0.02018218,-0.01975996,-109.3266,-0.3067,-111.9312,16.47139585,44.11535691,1257.4923
8.270000,4393244.473035,4259633.977916,1797173.296807,-44.461207,-43.110448,202.697915,0.99999838,-0.00011989,-0.00179405,-0.00010784,0.00017337,-0.43566331,-0.00944664,11.1100,1257.4735,1542.9823,0.01057779,0.00010603,0.618443,0.01284809,0.01274345,-0.01284671,-0.01274207,0.02289713,0.02238692,-0.02289551,-0.02238531,-109.2058,-0.9560,-87.4396,16.47141501,44.11535691,1257.4735
8.280000,4393244.028379,4259633.546759,1797175.323255,-44.471787,-43.122592,202.591130,0.99999354,-0.00011962,-0.00358925,-0.00014712,0.00012208,-0.28051082,-0.00634883,11.1100,1257.4546,1545.1018,0.00569540,0.00020907,0.618157,0.01284809,0.01274345,-0.01284671,-0.01274207,0.02420687,0.02365434,-0.02420426,-0.02365173,-109.0859,-1.4483,-66.1595,16.47143416,44.11535691,1257.4546
8.290000,4393243.583577,4259633.115441,1797177.348621,-44.489404,-43.141862,202.481559,0.99998950,-0.00011956,-0.00457718,-0.00017034,0.00006727,-0.11399216,-0.00301478,11.1100,1257.4352,1547.2203,0.00232472,0.00028161,0.617873,-0.00042795,0.00010059,0.00042755,-0.00010099,0.02473447,0.02416492,-0.02473146,-0.02416190,-108.9667,-1.7768,-50.5368,16.47145330,44.11535691,1257.4352
8.300000,4393243.138586,4259632.683917,1797179.372885,-44.508888,-43.163012,202.371339,0.99998889,-0.00011976,-0.00470951,-0.00017711,-0.00001236,0.06047059,0.00025245,11.1100,1257.4153,1549.3378,0.00061785,0.00032081,0.617590,-0.00042795,0.00010059,0.00042755,-0.00010099,0.02583827,0.02529768,-0.02583347,-0.02529287,-108.8479,-1.9141,-43.4644,16.47147244,44.11535691,1257.4153
8.310000,4393242.693410,4259632.252192,1797181.396052,-44.525637,-43.181398,202.262392,0.99999211,-0.00012034,-0.00396752,-0.00016814,-0.00011354,0.23450128,0.00330156,11.1100,1257.3948,1551.4543,0.00063531,0.00032664,0.617307,-0.00042795,0.00010059,0.00042755,-0.00010099,0.02682063,0.02631327,-0.02681413,-0.02630677,-108.7294,-1.8949,-44.0921,16.47149156,44.11535691,1257.3948
8.320000,4393242.248097,4259631.820313,1797183.418143,-44.535504,-43.192850,202.156407,0.99999715,-0.00012135,-0.00238043,-0.00014470,-0.00022098,0.39738492,0.00606574,11.1100,1257.3738,1553.5698,0.00238234,0.00030115,0.617024,-0.00042795,0.00010059,0.00042755,-0.00010099,0.02729293,0.02680224,-0.02728559,-0.02679490,-108.6111,-1.7462,-51.8470,16.47151068,44.11535691,1257.3738
8.330000,4393241.802737,4259631.388372,1797185.439196,-44.534449,-43.193319,202.054932,0.99999999,-0.00012282,-0.00002514,-0.00010838,-0.00032641,0.54081229,0.00847143,11.1100,1257.3522,1555.6844,0.00577154,0.00024739,0.616741,0.00456278,0.00480730,-0.00456382,-0.00480834,0.02748292,0.02699905,-0.02747525,-0.02699138,-108.4928,-1.4775,-66.7282,16.47152979,44.11535691,1257.3522
8.340000,4393241.357432,4259630.956472,1797187.459251,-44.523943,-43.183989,201.957161,0.99999579,-0.00012465,0.00289759,-0.00006227,-0.00039056,0.62380938,0.01000315,11.1100,1257.3303,1557.7980,0.01062103,0.00016903,0.616458,0.00456278,0.00480730,-0.00456382,-0.00480834,0.02231428,0.02196633,-0.02230879,-0.02196084,-108.3744,-0.9983,-80.1400,16.47154889,44.11535691,1257.3303
8.350000,4393240.912289,4259630.524724,1797189.478350,-44.501771,-43.162649,201.863746,0.99998152,-0.00012666,0.00607843,-0.00001079,-0.00041474,0.64396960,0.01062655,11.1100,1257.3082,1559.9106,0.01653881,0.00007309,0.616173,0.00456278,0.00480730,-0.00456382,-0.00480834,0.01707101,0.01685808,-0.01706779,-0.01685486,-108.2555,-0.4452,-98.6297,16.47156798,44.11535691,1257.3082
8.360000,4393240.467442,4259630.093265,1797191.496542,-44.464790,-43.126305,201.775649,0.99995722,-0.00012874,0.00924859,0.00004210,-0.00041974,0.61980306,0.01057132,11.1100,1257.2860,1562.0223,0.02289110,-0.00003127,0.615886,0.00456278,0.00480730,-0.00456382,-0.00480834,0.01449083,0.01434412,-0.01448873,-0.01434202,-108.1358,0.0867,-123.4864,16.47158706,44.11535690,1257.2860
8.370000,4393240.023043,4259629.662249,1797193.513880,-44.412294,-43.074330,201.692871,0.99992535,-0.00013083,0.01221714,0.00009342,-0.00041740,0.56382553,0.00999269,11.1100,1257.2640,1564.1330,0.02911931,-0.00013625,0.615596,0.01667864,0.01660904,-0.01667977,-0.01661018,0.01344276,0.01332290,-0.01344112,-0.01332126,-108.0148,0.5862,-150.3020,16.47160613,44.11535690,1257.2640
8.380000,4393239.579221,4259629.231806,1797195.530407,-44.349848,-43.011974,201.613207,0.99989095,-0.00013291,0.01476641,0.00013894,-0.00040298,0.45293945,0.00824862,11.1100,1257.2423,1566.2426,0.03483718,-0.00023602,0.615302,0.01667864,0.01660904,-0.01667977,-0.01661018,0.00833617,0.00845127,-0.00833533,-0.00845043,-107.8922,1.2188,-168.7799,16.47162520,44.11535690,1257.2423
8.390000,4393239.136063,4259628.802028,1797197.546149,-44.280196,-42.942021,201.535676,0.99986152,-0.00013497,0.01663993,0.00017318,-0.00037907,0.29466434,0.00546337,11.1100,1257.2212,1568.3513,0.03964689,-0.00032159,0.615004,0.01667864,0.01660904,-0.01667977,-0.01661018,0.00345540,0.00380026,-0.00345525,-0.00380011,-107.7351,1.7749,-184.0679,16.47164425,44.11535690,1257.2212
8.400000,4393238.693631,4259628.372980,1797199.561124,-44.205280,-42.866634,201.459714,0.99984401,-0.00013700,0.01766060,0.00019227,-0.00035192,0.11307060,0.00216849,11.1100,1257.2007,1570.4589,0.04305442,-0.00038232,0.614703,0.01667864,0.01660904,-0.01667977,-0.01661018,0.00107784,0.00153507,-0.00107803,-0.00153526,-107.5860,2.1205,-196.8566,16.47166330,44.11535690,1257.2007
8.410000,4393238.251961,4259627.944699,1797201.575344,-44.128790,-42.789638,201.384244,0.99984233,-0.00013902,0.01775524,0.00019461,-0.00032461,-0.07447755,-0.00126477,11.1100,1257.1810,1572.5655,0.04471926,-0.00041141,0.614401,0.02467274,0.02434153,-0.02467008,-0.02433887,0.00011612,0.00061887,-0.00011644,-0.00061919,-107.4482,2.2673,-203.8146,16.47168233,44.11535690,1257.1810
8.420000,4393237.811053,4259627.517185,1797203.588809,-44.053621,-42.714148,201.308505,0.99985626,-0.00014101,0.01695280,0.00018093,-0.00029458,-0.24461509,-0.00426574,11.1100,1257.1622,1574.6711,0.04452048,-0.00040647,0.614098,0.02467274,0.02434153,-0.02467008,-0.02433887,0.00153373,0.00195242,-0.00153433,-0.00195302,-107.3235,2.1590,-205.7511,16.47170136,44.11535690,1257.1622
8.430000,4393237.370871,4259627.090398,1797205.601510,-43.984269,-42.644686,201.231133,0.99988199,-0.00014293,0.01536133,0.00015378,-0.00026231,-0.38912917,-0.00668466,11.1100,1257.1441,1576.7757,0.04253635,-0.00037002,0.613796,0.02467274,0.02434153,-0.02467008,-0.02433887,0.00319211,0.00351523,-0.00319296,-0.00351608,-107.2118,1.9018,-199.7336,16.47172038,44.11535690,1257.1441
8.440000,4393236.931334,4259626.664256,1797207.613422,-43.925461,-42.585910,201.150562,0.99991405,-0.00014476,0.01310930,0.00011586,-0.00022983,-0.50804975,-0.00859463,11.1100,1257.1269,1578.8792,0.03901393,-0.00030772,0.613496,0.02467274,0.02434153,-0.02467008,-0.02433887,0.00402602,0.00430128,-0.00402698,-0.00430224,-107.1124,1.5678,-185.3009,16.47173938,44.11535690,1257.1269
8.450000,4393236.492316,4259626.238634,1797209.624506,-43.880632,-42.541212,201.065551,0.99994666,-0.00014647,0.01032750,0.00006965,-0.00019827,-0.60042519,-0.01002590,11.1100,1257.1103,1580.9817,0.03424277,-0.00022528,0.613201,0.01739975,0.01718027,-0.01739793,-0.01717846,0.00436772,0.00462341,-0.00436874,-0.00462442,-107.0189,1.1680,-164.3577,16.47175838,44.11535690,1257.1103
8.460000,4393236.053687,4259625.813397,1797211.634722,-43.848008,-42.509028,200.976655,0.99997390,-0.00014805,0.00722387,0.00001843,-0.00016766,-0.63654850,-0.01061337,11.1100,1257.0941,1583.0832,0.02850835,-0.00012788,0.612910,0.01739975,0.01718027,-0.01739793,-0.01717846,0.00880061,0.00893738,-0.00880168,-0.00893844,-106.8982,0.6281,-145.4562,16.47177737,44.11535690,1257.0941
8.470000,4393235.615319,4259625.388415,1797213.644027,-43.828507,-42.490253,200.883325,0.99999167,-0.00014949,0.00407971,-0.00003364,-0.00013839,-0.61680208,-0.01037299,11.1100,1257.0783,1585.1837,0.02221521,-0.00002267,0.612623,0.01739975,0.01718027,-0.01739793,-0.01717846,0.01317499,0.01319695,-0.01317610,-0.01319805,-106.7793,0.0620,-123.6966,16.47179635,44.11535690,1257.0783
8.480000,4393235.177071,4259624.963545,1797215.652372,-43.823595,-42.486223,200.784715,0.99999934,-0.00015076,0.00113284,-0.00008302,-0.00011095,-0.55809308,-0.00953199,11.1100,1257.0625,1587.2833,0.01593268,0.00008191,0.612339,0.01739975,0.01718027,-0.01739793,-0.01717846,0.01531768,0.01528361,-0.01531880,-0.01528473,-106.6619,-0.4507,-98.3794,16.47181533,44.11535690,1257.0625
8.490000,4393234.738801,4259624.538644,1797217.659704,-43.832695,-42.496287,200.680775,0.99999893,-0.00015186,-0.00145128,-0.00012713,-0.00008552,-0.47237192,-0.00825369,11.1100,1257.0466,1589.3818,0.01014669,0.00017899,0.612059,0.00300214,0.00316269,-0.00300274,-0.00316329,0.01618639,0.01612964,-0.01618752,-0.01613077,-106.5458,-0.9000,-73.2281,16.47183429,44.11535690,1257.0466
8.500000,4393234.300391,4259624.113592,1797219.665978,-43.851108,-42.515879,200.573203,0.99999381,-0.00015284,-0.00351109,-0.00016332,-0.00008269,-0.34927309,-0.00635205,11.1100,1257.0304,1591.4795,0.00518432,0.00026367,0.611780,0.00300214,0.00316269,-0.00300274,-0.00316329,0.01934911,0.01919099,-0.01934889,-0.01919077,-106.4307,-1.3500,-55.1091,16.47185325,44.11535690,1257.0304
8.510000,4393233.861763,4259623.688310,1797221.671162,-43.875668,-42.541807,200.463198,0.99998807,-0.00015378,-0.00487761,-0.00018880,-0.00010109,-0.19615791,-0.00394064,11.1100,1257.0137,1593.5761,0.00133658,0.00033066,0.611503,0.00300214,0.00316269,-0.00300274,-0.00316329,0.02231885,0.02206429,-0.02231728,-0.02206272,-106.3160,-1.7125,-41.5377,16.47187219,44.11535690,1257.0137
8.520000,4393233.422868,4259623.262746,1797223.675238,-43.903738,-42.571332,200.351823,0.99998515,-0.00015475,-0.00544298,-0.00020171,-0.00012876,-0.02998082,-0.00129339,11.1100,1256.9964,1595.6718,-0.00108070,0.00037468,0.611226,0.00300214,0.00316269,-0.00300274,-0.00316329,0.02376093,0.02345943,-0.02375869,-0.02345720,-106.2018,-1.9308,-31.9661,16.47189113,44.11535690,1256.9964
8.530000,4393232.983690,4259622.836884,1797225.678199,-43.931713,-42.600786,200.240601,0.99998658,-0.00015576,-0.00517364,-0.00020138,-0.00015884,0.13656813,0.00138416,11.1100,1256.9784,1597.7666,-0.00187052,0.00039264,0.610950,-0.00147733,-0.00088538,0.00147209,0.00088014,0.02434349,0.02402301,-0.02434098,-0.02402050,-106.0879,-2.0094,-28.3592,16.47191006,44.11535690,1256.9784
8.540000,4393232.544236,4259622.410733,1797227.680051,-43.957991,-42.628426,200.130206,0.99999143,-0.00015683,-0.00413313,-0.00018837,-0.00018382,0.27752157,0.00381582,11.1100,1256.9597,1599.8604,-0.00099138,0.00038380,0.610674,-0.00147733,-0.00088538,0.00147209,0.00088014,0.02197436,0.02168657,-0.02197205,-0.02168426,-105.9742,-1.9287,-27.8111,16.47192898,44.11535690,1256.9597
8.550000,4393232.104544,4259621.984330,1797229.680810,-43.978952,-42.650614,200.022139,0.99999694,-0.00015793,-0.00246532,-0.00016414,-0.00020290,0.38675832,0.00589463,11.1100,1256.9403,1601.9532,0.00141795,0.00034991,0.610399,-0.00147733,-0.00088538,0.00147209,0.00088014,0.01945107,0.01920074,-0.01944903,-0.01919870,-105.8608,-1.7338,-34.0193,16.47194789,44.11535690,1256.9403
8.560000,4393231.664687,4259621.557751,1797231.680506,-43.990518,-42.663312,199.918014,0.99999993,-0.00015906,-0.00031766,-0.00013048,-0.00021837,0.46893322,0.00760737,11.1100,1256.9202,1604.0451,0.00504412,0.00029441,0.610123,-0.00147733,-0.00088538,0.00147209,0.00088014,0.01819967,0.01796812,-0.01819776,-0.01796621,-105.7474,-1.4587,-47.7315,16.47196679,44.11535690,1256.9202
8.570000,4393231.224773,4259621.131104,1797233.679186,-43.989913,-42.663758,199.818814,0.99999761,-0.00016023,0.00217986,-0.00008927,-0.00023169,0.52636838,0.00893281,11.1100,1256.8996,1606.1361,0.00956365,0.00022122,0.609847,0.01262061,0.01220992,-0.01262147,-0.01221078,0.01768973,0.01746587,-0.01768788,-0.01746402,-105.6339,-1.1154,-66.6594,16.47198569,44.11535690,1256.8996
8.580000,4393230.784910,4259620.704499,1797235.676891,-43.980283,-42.654826,199.723088,0.99998836,-0.00016139,0.00482185,-0.00004355,-0.00023065,0.52676340,0.00941467,11.1100,1256.8787,1608.2261,0.01469721,0.00013435,0.609570,0.01262061,0.01220992,-0.01262147,-0.01221078,0.01238385,0.01229790,-0.01238289,-0.01229693,-105.5202,-0.6162,-81.3143,16.47200457,44.11535690,1256.8787
8.590000,4393230.345190,4259620.278032,1797237.673656,-43.961516,-42.636401,199.630736,0.99997314,-0.00016253,0.00732722,0.00000250,-0.00021654,0.47213540,0.00906268,11.1100,1256.8575,1610.3151,0.02005548,0.00004061,0.609292,0.01262061,0.01220992,-0.01262147,-0.01221078,0.00717232,0.00722317,-0.00717223,-0.00722308,-105.4059,-0.0928,-97.3859,16.47202345,44.11535690,1256.8575
8.600000,4393229.905710,4259619.851803,1797239.669517,-43.932555,-42.607560,199.542059,0.99995513,-0.00016360,0.00947182,0.00004539,-0.00019708,0.38312640,0.00813927,11.1100,1256.8363,1612.4032,0.02507558,-0.00005156,0.609012,0.01262061,0.01220992,-0.01262147,-0.01221078,0.00462160,0.00473952,-0.00462193,-0.00473985,-105.2909,0.3659,-116.1413,16.47204232,44.11535690,1256.8363
8.610000,4393229.466568,4259619.425910,1797241.664507,-43.894431,-42.569401,199.456615,0.99993816,-0.00016460,0.01111912,0.00008276,-0.00017654,0.27400610,0.00682777,11.1100,1256.8151,1614.4903,0.02930234,-0.00013547,0.608730,0.01880346,0.01854399,-0.01880280,-0.01854332,0.00358780,0.00373292,-0.00358830,-0.00373342,-105.1751,0.7538,-133.7444,16.47206118,44.11535690,1256.8151
8.620000,4393229.027836,4259619.000431,1797243.658654,-43.851050,-42.525671,199.372993,0.99992596,-0.00016548,0.01216674,0.00011174,-0.00013169,0.14415361,0.00476170,11.1100,1256.7941,1616.5765,0.03247004,-0.00020663,0.608445,0.01880346,0.01854399,-0.01880280,-0.01854332,0.00161295,0.00192146,-0.00161517,-0.00192368,-105.0585,1.1840,-145.4027,16.47208003,44.11535690,1256.7941
8.630000,4393228.589551,4259618.575402,1797245.651969,-43.805672,-42.479657,199.290096,0.99992149,-0.00016615,0.01252910,0.00012888,-0.00006453,0.00087274,0.00206420,11.1100,1256.7735,1618.6617,0.03440057,-0.00025917,0.608159,0.01880346,0.01854399,-0.01880280,-0.01854332,-0.00012234,0.00034388,0.00011845,-0.00034777,-104.9413,1.5223,-152.0048,16.47209888,44.11535690,1256.7735
8.640000,4393228.151718,4259618.150834,1797247.644455,-43.761242,-42.434441,199.206975,0.99992594,-0.00016655,0.01216818,0.00013196,0.00001070,-0.14419032,-0.00088243,11.1100,1256.7532,1620.7459,0.03494546,-0.00028659,0.607873,0.01880346,0.01854399,-0.01880280,-0.01854332,-0.00095457,-0.00041140,0.00094986,0.00040669,-104.8237,1.6851,-153.8079,16.47211771,44.11535690,1256.7532
8.650000,4393227.714312,4259617.726699,1797249.636104,-43.721094,-42.393455,199.122538,0.99993840,-0.00016666,0.01109747,0.00012044,0.00008629,-0.28214066,-0.00380800,11.1100,1256.7333,1622.8291,0.03404952,-0.00028525,0.607587,0.02180021,0.02181376,-0.02180265,-0.02181620,-0.00128901,-0.00071469,0.00128396,0.00070964,-104.7070,1.6848,-149.9413,16.47213653,44.11535689,1256.7333
8.660000,4393227.277294,4259617.302960,1797251.626906,-43.683906,-42.355903,199.037347,0.99995535,-0.00016651,0.00944751,0.00009767,0.00013575,-0.37526117,-0.00540761,11.1100,1256.7138,1624.9114,0.03176321,-0.00025472,0.607302,0.02180021,0.02181376,-0.02180265,-0.02181620,0.00359758,0.00382712,-0.00360119,-0.00383074,-104.5907,1.2764,-147.3793,16.47215535,44.11535689,1256.7138
8.670000,4393226.840623,4259616.879568,1797253.616848,-43.652114,-42.324218,198.950538,0.99997222,-0.00016619,0.00745182,0.00007042,0.00015939,-0.42013500,-0.00562198,11.1100,1256.6946,1626.9927,0.02834006,-0.00020345,0.607019,0.02180021,0.02181376,-0.02180265,-0.02181620,0.00859210,0.00846741,-0.00859419,-0.00846951,-104.4752,0.7775,-139.7261,16.47217416,44.11535689,1256.6946
8.680000,4393226.404225,4259616.456448,1797255.605908,-43.629300,-42.301701,198.860727,0.99998586,-0.00016577,0.00531467,0.00004412,0.00017024,-0.43179142,-0.00504567,11.1100,1256.6755,1629.0730,0.02426423,-0.00014530,0.606739,0.02180021,0.02181376,-0.02180265,-0.02181620,0.01105289,0.01075353,-0.01105423,-0.01075487,-104.3606,0.3897,-125.3441,16.47219296,44.11535689,1256.6755
8.690000,4393225.968003,4259616.033500,1797257.594051,-43.617044,-42.289747,198.767209,0.99999493,-0.00016528,0.00317885,0.00002176,0.00017572,-0.41972422,-0.00405056,11.1100,1256.6566,1631.1523,0.01996866,-0.00009060,0.606461,0.01050683,0.01051592,-0.01050487,-0.01051396,0.01205297,0.01168259,-0.01205401,-0.01168363,-104.2472,0.0989,-107.7710,16.47221175,44.11535689,1256.6566
8.700000,4393225.531859,4259615.610628,1797259.581243,-43.613432,-42.286353,198.670639,0.99999928,-0.00016478,0.00118629,0.00000451,0.00017093,-0.37482334,-0.00299884,11.1100,1256.6377,1633.2308,0.01574971,-0.00004494,0.606185,0.01050683,0.01051592,-0.01050487,-0.01051396,0.01462120,0.01427821,-0.01462158,-0.01427859,-104.1349,-0.0767,-92.8374,16.47223053,44.11535689,1256.6377
8.710000,4393225.095713,4259615.187751,1797261.567456,-43.617422,-42.290434,198.571322,0.99999986,-0.00016431,-0.00050861,-0.00000761,0.00015761,-0.30118980,-0.00199066,11.1100,1256.6186,1635.3082,0.01187765,-0.00001020,0.605912,0.01050683,0.01051592,-0.01050487,-0.01051396,0.01696110,0.01666287,-0.01696090,-0.01666267,-104.0234,-0.1908,-78.9629,16.47224930,44.11535689,1256.6186
8.720000,4393224.659490,4259614.764799,1797263.552662,-43.628135,-42.301101,198.469503,0.99999838,-0.00016392,-0.00179070,-0.00001479,0.00014084,-0.21034908,-0.00099973,11.1100,1256.5993,1637.3848,0.00865399,0.00001383,0.605640,0.01050683,0.01051592,-0.01050487,-0.01051396,0.01809107,0.01781625,-0.01809059,-0.01781576,-103.9125,-0.2735,-66.0144,16.47226806,44.11535689,1256.5993
8.730000,4393224.223134,4259614.341714,1797265.536840,-43.643729,-42.316529,198.365857,0.99999662,-0.00016362,-0.00259506,-0.00001710,0.00012337,-0.11079403,-0.00002317,11.1100,1256.5795,1639.4604,0.00630296,0.00002757,0.605368,0.00329125,0.00317431,-0.00329810,-0.00318116,0.01854649,0.01828140,-0.01854589,-0.01828080,-103.8022,-0.3211,-55.8266,16.47228682,44.11535689,1256.5795
8.740000,4393223.786612,4259613.918466,1797267.519978,-43.660821,-42.333307,198.261762,0.99999585,-0.00016336,-0.00287552,-0.00001546,0.00012261,-0.00153095,0.00061574,11.1100,1256.5593,1641.5350,0.00494159,0.00003133,0.605098,0.00329125,0.00317431,-0.00329810,-0.00318116,0.01977963,0.01961522,-0.01978009,-0.01961568,-103.6923,-0.2582,-51.1591,16.47230557,44.11535689,1256.5593
8.750000,4393223.349924,4259613.495054,1797269.502078,-43.676651,-42.348734,198.158326,0.99999662,-0.00016307,-0.00259654,-0.00001158,0.00013804,0.11222405,0.00090556,11.1100,1256.5385,1643.6088,0.00463816,0.00002734,0.604828,0.00329125,0.00317431,-0.00329810,-0.00318116,0.02090948,0.02084393,-0.02091104,-0.02084548,-103.5826,-0.1646,-50.9279,16.47232431,44.11535689,1256.5385
8.760000,4393222.913093,4259613.071504,1797271.483151,-43.688815,-42.360514,198.056492,0.99999844,-0.00016267,-0.00175678,-0.00000683,0.00016048,0.22206456,0.00100096,11.1100,1256.5173,1645.6816,0.00544439,0.00001914,0.604558,0.00329125,0.00317431,-0.00329810,-0.00318116,0.02145567,0.02143850,-0.02145777,-0.02144060,-103.4731,-0.0916,-54.6351,16.47234304,44.11535689,1256.5173
8.770000,4393222.476168,4259612.647865,1797273.463217,-43.694789,-42.366224,197.957222,0.99999991,-0.00016216,-0.00039175,-0.00000194,0.00018478,0.32169761,0.00099296,11.1100,1256.4955,1647.7535,0.00734629,0.00000935,0.604289,0.00374207,0.00397151,-0.00374423,-0.00397366,0.02167590,0.02167834,-0.02167822,-0.02168066,-103.3638,-0.0338,-62.6463,16.47236176,44.11535689,1256.4955
8.780000,4393222.039207,4259612.224190,1797275.442299,-43.695837,-42.367104,197.859883,0.99999905,-0.00016158,0.00137214,0.00000269,0.00018581,0.38122879,0.00092831,11.1100,1256.4734,1649.8244,0.01025528,-0.00000063,0.604019,0.00374207,0.00397151,-0.00374423,-0.00397366,0.01774400,0.01775212,-0.01774484,-0.01775295,-103.2544,0.0139,-69.0196,16.47238047,44.11535689,1256.4734
8.790000,4393221.602267,4259611.800538,1797277.420420,-43.690422,-42.361675,197.765000,0.99999445,-0.00016106,0.00332897,0.00000688,0.00016407,0.39878112,0.00082629,11.1100,1256.4509,1651.8944,0.01392755,-0.00001003,0.603749,0.00374207,0.00397151,-0.00374423,-0.00397366,0.01373699,0.01374606,-0.01373628,-0.01374535,-103.1449,0.0552,-78.8096,16.47239918,44.11535689,1256.4509
8.800000,4393221.165426,4259611.376983,1797279.397609,-43.676207,-42.347678,197.673412,0.99998594,-0.00016067,0.00530127,0.00001047,0.00013244,0.38754120,0.00069516,11.1100,1256.4282,1653.9635,0.01794061,-0.00001843,0.603478,0.00374207,0.00397151,-0.00374423,-0.00397366,0.01176368,0.01177284,-0.01176221,-0.01177137,-103.0351,0.0913,-93.2464,16.47241788,44.11535689,1256.4282
8.810000,4393220.728774,4259610.953614,1797281.373900,-43.652487,-42.324438,197.585301,0.99997431,-0.00016044,0.00716637,0.00001337,0.00009818,0.35615561,0.00054159,11.1100,1256.4053,1656.0317,0.02192332,-0.00002551,0.603205,0.01359348,0.01355301,-0.01359818,-0.01355771,0.01096187,0.01097100,-0.01096009,-0.01096922,-102.9248,0.1213,-109.3733,16.47243657,44.11535689,1256.4053
8.820000,4393220.292394,4259610.530511,1797283.349321,-43.622081,-42.294736,197.499496,0.99996131,-0.00016027,0.00879496,0.00001584,0.00011030,0.29338442,0.00051097,11.1100,1256.3825,1658.0989,0.02562543,-0.00003105,0.602931,0.01359348,0.01355301,-0.01359818,-0.01355771,0.00810025,0.00806457,-0.00810148,-0.00806580,-102.8139,0.1119,-121.3270,16.47245525,44.11535689,1256.3825
8.830000,4393219.856346,4259610.107732,1797285.323894,-43.586511,-42.260046,197.415424,0.99994958,-0.00015992,0.01004059,0.00001853,0.00016726,0.20358976,0.00060251,11.1100,1256.3598,1660.1652,0.02880824,-0.00003572,0.602655,0.01359348,0.01355301,-0.01359818,-0.01355771,0.00541721,0.00533648,-0.00542155,-0.00534082,-102.7025,0.0992,-131.4178,16.47247392,44.11535689,1256.3598
8.840000,4393219.420675,4259609.685322,1797287.297633,-43.546905,-42.221434,197.332737,0.99994166,-0.00015923,0.01080021,0.00002186,0.00024313,0.09967681,0.00073945,11.1100,1256.3372,1662.2305,0.03118938,-0.00004073,0.602378,0.01359348,0.01355301,-0.01359818,-0.01355771,0.00411470,0.00401184,-0.00412057,-0.00401771,-102.5906,0.1054,-140.1589,16.47249258,44.11535689,1256.3372
8.850000,4393218.985413,4259609.263309,1797289.270551,-43.505334,-42.180892,197.250772,0.99993919,-0.00015812,0.01102652,0.00002596,0.00032336,-0.00901842,0.00087542,11.1100,1256.3150,1664.2949,0.03257033,-0.00004684,0.602100,0.01744629,0.01739588,-0.01744587,-0.01739547,0.00358859,0.00347674,-0.00359508,-0.00348323,-102.4784,0.1259,-145.7475,16.47251124,44.11535689,1256.3150
8.860000,4393218.550567,4259608.841703,1797291.242649,-43.464241,-42.140666,197.168770,0.99994258,-0.00015667,0.01071531,0.00002981,0.00037749,-0.11464453,0.00060975,11.1100,1256.2930,1666.3584,0.03287069,-0.00005418,0.601822,0.01744629,0.01739588,-0.01744587,-0.01739547,0.00355424,0.00356215,-0.00355930,-0.00356721,-102.3661,0.2448,-147.4706,16.47252988,44.11535689,1256.2930
8.870000,4393218.116118,4259608.420486,1797293.213923,-43.426276,-42.103343,197.085860,0.99995104,-0.00015502,0.00989418,0.00003143,0.00040490,-0.21236184,-0.00004593,11.1100,1256.2714,1668.4209,0.03209848,-0.00006034,0.601544,0.01744629,0.01739588,-0.01744587,-0.01739547,0.00364704,0.00377756,-0.00365050,-0.00378102,-102.2541,0.3581,-144.7223,16.47254852,44.11535689,1256.2714
8.880000,4393217.682023,4259607.999618,1797295.184360,-43.393977,-42.071474,197.001165,0.99996291,-0.00015329,0.00861072,0.00002941,0.00041899,-0.29903001,-0.00086602,11.1100,1256.2501,1670.4824,0.03032732,-0.00006141,0.601267,0.01744629,0.01739588,-0.01744587,-0.01739547,0.00370304,0.00389397,-0.00370570,-0.00389664,-102.1426,0.4025,-137.5304,16.47256715,44.11535689,1256.2501
8.890000,4393217.248212,4259607.579031,1797297.153938,-43.369527,-42.047251,196.913884,0.99997600,-0.00015153,0.00692716,0.00002329,0.00042752,-0.37195467,-0.00170524,11.1100,1256.2290,1672.5430,0.02767039,-0.00005496,0.600992,0.01958877,0.01964603,-0.01959151,-0.01964877,0.00372750,0.00394300,-0.00372984,-0.00394534,-102.0318,0.3876,-126.4095,16.47258577,44.11535690,1256.2290
8.900000,4393216.814615,4259607.158656,1797299.122633,-43.351534,-42.029461,196.824537,0.99998763,-0.00014972,0.00497214,0.00001389,0.00044688,-0.40739797,-0.00219076,11.1100,1256.2081,1674.6027,0.02426772,-0.00004033,0.600719,0.01958877,0.01964603,-0.01959151,-0.01964877,0.00723777,0.00736646,-0.00724089,-0.00736958,-101.9220,0.2574,-116.9571,16.47260438,44.11535690,1256.2081
8.910000,4393216.381162,4259606.738423,1797301.090422,-43.340867,-42.018971,196.732730,0.99999568,-0.00014778,0.00293502,0.00000304,0.00047753,-0.40482925,-0.00229363,11.1100,1256.1872,1676.6614,0.02036739,-0.00001970,0.600448,0.01958877,0.01964603,-0.01959151,-0.01964877,0.01076145,0.01079690,-0.01076543,-0.01080088,-101.8132,0.0989,-105.2079,16.47262298,44.11535690,1256.1872
8.920000,4393215.947771,4259606.318250,1797303.057278,-43.339020,-42.017188,196.637773,0.99999951,-0.00014568,0.00097623,-0.00000775,0.00051242,-0.37629119,-0.00216346,11.1100,1256.1662,1678.7192,0.01635447,0.00000317,0.600179,0.01958877,0.01964603,-0.01959151,-0.01964877,0.01249241,0.01248156,-0.01249683,-0.01248597,-101.7051,-0.0332,-90.2724,16.47264158,44.11535690,1256.1662
8.930000,4393215.514353,4259605.898051,1797305.023167,-43.346052,-42.024136,196.539512,0.99999967,-0.00014341,-0.00079445,-0.00001757,0.00054758,-0.32992516,-0.00189559,11.1100,1256.1451,1680.7761,0.01256036,0.00002532,0.599912,0.00743789,0.00750704,-0.00744020,-0.00750935,0.01319503,0.01316529,-0.01319962,-0.01316989,-101.6041,-0.1412,-74.7275,16.47266017,44.11535690,1256.1451
8.940000,4393215.080830,4259605.477747,1797306.988061,-43.359804,-42.037696,196.438720,0.99999739,-0.00014102,-0.00227906,-0.00002584,0.00055535,-0.26233408,-0.00153021,11.1100,1256.1236,1682.8320,0.00920521,0.00004502,0.599646,0.00743789,0.00750704,-0.00744020,-0.00750935,0.01482469,0.01478442,-0.01482754,-0.01478726,-101.5163,-0.2318,-62.3405,16.47267874,44.11535690,1256.1236
8.950000,4393214.647142,4259605.057282,1797308.951936,-43.378608,-42.056228,196.336008,0.99999427,-0.00013865,-0.00338166,-0.00003216,0.00053671,-0.17770083,-0.00109855,11.1100,1256.1018,1684.8871,0.00646983,0.00006117,0.599382,0.00743789,0.00750704,-0.00744020,-0.00750935,0.01629305,0.01624676,-0.01629410,-0.01624780,-101.4288,-0.3032,-52.2974,16.47269731,44.11535690,1256.1018
8.960000,4393214.213247,4259604.636612,1797310.914777,-43.400925,-42.078211,196.231962,0.99999184,-0.00013640,-0.00403797,-0.00003628,0.00050644,-0.08444363,-0.00063004,11.1100,1256.0794,1686.9412,0.00453440,0.00007305,0.599118,0.00743789,0.00750704,-0.00744020,-0.00750935,0.01700067,0.01695178,-0.01700082,-0.01695194,-101.3416,-0.3534,-44.5296,16.47271588,44.11535690,1256.0794
8.970000,4393213.779119,4259604.215714,1797312.876574,-43.424703,-42.101633,196.127406,0.99999108,-0.00013430,-0.00422099,-0.00003809,0.00047283,0.01098696,-0.00014886,11.1100,1256.0564,1688.9945,0.00351662,0.00008022,0.598855,0.00441396,0.00439180,-0.00441758,-0.00439542,0.01728561,0.01723574,-0.01728540,-0.01723553,-101.2546,-0.3821,-40.0578,16.47273443,44.11535690,1256.0564
8.980000,4393213.344759,4259603.794586,1797314.837328,-43.446969,-42.123554,196.023576,0.99999231,-0.00013232,-0.00391991,-0.00003786,0.00045534,0.10856918,0.00020813,11.1100,1256.0329,1691.0468,0.00345597,0.00008256,0.598592,0.00441396,0.00439180,-0.00441758,-0.00439542,0.01815216,0.01814019,-0.01815293,-0.01814097,-101.1678,-0.3623,-40.5308,16.47275298,44.11535690,1256.0329
8.990000,4393212.910194,4259603.373256,1797316.797051,-43.465328,-42.141634,195.921447,0.99999508,-0.00013037,-0.00313434,-0.00003625,0.00045433,0.20417978,0.00042875,11.1100,1256.0087,1693.0982,0.00435282,0.00008082,0.598329,0.00441396,0.00439180,-0.00441758,-0.00439542,0.01895463,0.01898102,-0.01895649,-0.01898288,-101.0811,-0.3255,-44.9916,16.47277151,44.11535690,1256.0087
9.000000,4393212.475473,4259602.951773,1797318.755765,-43.477771,-42.153935,195.821796,0.99999821,-0.00012839,-0.00188958,-0.00003380,0.00046105,0.29170501,0.00056684,11.1100,1255.9840,1695.1487,0.00619093,0.00007638,0.598067,0.00441396,0.00439180,-0.00441758,-0.00439542,0.01934333,0.01938858,-0.01934572,-0.01939097,-100.9945,-0.2917,-52.8709,16.47279004,44.11535690,1255.9840
9.010000,4393212.040665,4259602.530204,1797320.713498,-43.482352,-42.158574,195.725339,0.99999996,-0.00012636,-0.00023747,-0.00003085,0.00047051,0.36666673,0.00065324,11.1100,1255.9587,1697.1983,0.00890555,0.00007031,0.597804,0.00524596,0.00540147,-0.00524751,-0.00540301,0.01950018,0.01955310,-0.01950280,-0.01955571,-100.9079,-0.2594,-64.1789,16.47280856,44.11535690,1255.9587
9.020000,4393211.605839,4259602.108615,1797322.670277,-43.481170,-42.157584,195.631090,0.99999857,-0.00012428,0.00168458,-0.00002762,0.00047840,0.39949227,0.00068816,11.1100,1255.9331,1699.2470,0.01237925,0.00006329,0.597541,0.00524596,0.00540147,-0.00524751,-0.00540301,0.01524017,0.01530015,-0.01524271,-0.01530269,-100.8211,-0.2238,-72.5084,16.47282708,44.11535690,1255.9331
9.030000,4393211.171058,4259601.687067,1797324.626126,-43.473413,-42.150177,195.539287,0.99999328,-0.00012217,0.00366350,-0.00002434,0.00048403,0.38950347,0.00067758,11.1100,1255.9072,1701.2948,0.01635223,0.00005584,0.597276,0.00524596,0.00540147,-0.00524751,-0.00540301,0.01091854,0.01098376,-0.01092096,-0.01098618,-100.7341,-0.1879,-83.0740,16.47284558,44.11535690,1255.9072
9.040000,4393210.736396,4259601.265635,1797326.581072,-43.457377,-42.134707,195.450536,0.99998475,-0.00012003,0.00552181,-0.00002119,0.00048838,0.35152872,0.00063212,11.1100,1255.8810,1703.3417,0.02039266,0.00004844,0.597011,0.00524596,0.00540147,-0.00524751,-0.00540301,0.00879189,0.00885954,-0.00879424,-0.00886189,-100.6468,-0.1546,-97.2229,16.47286408,44.11535690,1255.8810
9.050000,4393210.301937,4259600.844399,1797328.535146,-43.432985,-42.111103,195.364811,0.99997447,-0.00011788,0.00714408,-0.00001831,0.00049204,0.29549128,0.00055930,11.1100,1255.8548,1705.3877,0.02413360,0.00004148,0.596745,0.01811280,0.01817372,-0.01811395,-0.01817487,0.00792804,0.00799665,-0.00793036,-0.00799897,-100.5590,-0.1245,-111.9929,16.47288257,44.11535690,1255.8548
9.060000,4393209.867755,4259600.423432,1797330.488375,-43.402250,-42.081349,195.281307,0.99996439,-0.00011570,0.00843805,-0.00001557,0.00050195,0.22071466,0.00056242,11.1100,1255.8286,1707.4328,0.02734367,0.00003527,0.596476,0.01811280,0.01817372,-0.01811395,-0.01817487,0.00653301,0.00656952,-0.00653579,-0.00657230,-100.4708,-0.1210,-123.7963,16.47290105,44.11535690,1255.8286
9.070000,4393209.433905,4259600.002785,1797332.440777,-43.366982,-42.047200,195.199367,0.99995655,-0.00011346,0.00932125,-0.00001257,0.00051786,0.13177740,0.00064136,11.1100,1255.8025,1709.4769,0.02985261,0.00002942,0.596207,0.01811280,0.01817372,-0.01811395,-0.01817487,0.00533974,0.00534375,-0.00534299,-0.00534700,-100.3821,-0.1190,-132.9783,16.47291952,44.11535690,1255.8025
9.080000,4393209.000424,4259599.582496,1797334.392365,-43.328965,-42.010364,195.118400,0.99995254,-0.00011114,0.00974186,-0.00000907,0.00053602,0.03629298,0.00074230,11.1100,1255.7767,1711.5201,0.03150817,0.00002320,0.595936,0.01811280,0.01817372,-0.01811395,-0.01817487,0.00477050,0.00475852,-0.00477397,-0.00476199,-100.2930,-0.1034,-139.4857,16.47293798,44.11535690,1255.7767
9.090000,4393208.567328,4259599.162580,1797336.343145,-43.290390,-41.972953,195.037689,0.99995312,-0.00010872,0.00968194,-0.00000504,0.00055435,-0.05981830,0.00083291,11.1100,1255.7511,1713.5624,0.03221901,0.00001615,0.595665,0.02149669,0.02131539,-0.02149843,-0.02131713,0.00454226,0.00452379,-0.00454583,-0.00452736,-100.2039,-0.0775,-142.5003,16.47295644,44.11535690,1255.7511
9.100000,4393208.134611,4259598.743032,1797338.293117,-43.253347,-41.936933,194.956570,0.99995809,-0.00010625,0.00915486,-0.00000105,0.00056153,-0.15000302,0.00070911,11.1100,1255.7258,1715.6038,0.03196452,0.00000828,0.595393,0.02149669,0.02131539,-0.02149843,-0.02131713,0.00475388,0.00479613,-0.00475674,-0.00479899,-100.1147,-0.0011,-142.0967,16.47297488,44.11535690,1255.7258
9.110000,4393207.702248,4259598.323829,1797340.242273,-43.220081,-41.904486,194.874289,0.99996638,-0.00010377,0.00819947,0.00000185,0.00055790,-0.23064461,0.00037509,11.1100,1255.7007,1717.6442,0.03078582,0.00000090,0.595123,0.02149669,0.02131539,-0.02149843,-0.02131713,0.00502175,0.00512665,-0.00502389,-0.00512878,-100.0258,0.0734,-137.8443,16.47299332,44.11535690,1255.7007
9.120000,4393207.270190,4259597.904924,1797342.190597,-43.192711,-41.877714,194.790090,0.99997641,-0.00010135,0.00686837,0.00000286,0.00054939,-0.29986049,-0.00005674,11.1100,1255.6759,1719.6837,0.02877639,-0.00000387,0.594853,0.02149669,0.02131539,-0.02149843,-0.02131713,0.00515788,0.00529368,-0.00515966,-0.00529546,-99.9374,0.1134,-129.8452,16.47301175,44.11535690,1255.6759
9.130000,4393206.838369,4259597.486251,1797344.138066,-43.172969,-41.858333,194.703319,0.99998635,-0.00009898,0.00522322,0.00000167,0.00053936,-0.35593751,-0.00051311,11.1100,1255.6513,1721.7223,0.02605660,-0.00000468,0.594585,0.01931861,0.01919789,-0.01931378,-0.01919305,0.00521389,0.00536226,-0.00521552,-0.00536389,-99.8495,0.1233,-118.6908,16.47303017,44.11535690,1255.6513
9.140000,4393206.406721,4259597.067747,1797346.084661,-43.158162,-41.843792,194.615015,0.99999420,-0.00009668,0.00340314,-0.00000149,0.00052721,-0.36975052,-0.00085276,11.1100,1255.6268,1723.7600,0.02276218,-0.00000105,0.594320,0.01931861,0.01919789,-0.01931378,-0.01919305,0.00980723,0.00992665,-0.00980866,-0.00992809,-99.7624,0.0854,-111.3960,16.47304858,44.11535690,1255.6268
9.150000,4393205.975194,4259596.649364,1797348.030363,-43.148644,-41.834451,194.524993,0.99999868,-0.00009445,0.00161930,-0.00000601,0.00051356,-0.34163234,-0.00105657,11.1100,1255.6022,1725.7968,0.01915256,0.00000635,0.594056,0.01931861,0.01919789,-0.01931378,-0.01919305,0.01441243,0.01449970,-0.01441371,-0.01450098,-99.6758,0.0300,-102.5958,16.47306699,44.11535690,1255.6022
9.160000,4393205.543729,4259596.231040,1797349.975154,-43.145757,-41.831607,194.432625,0.99999999,-0.00009228,0.00004143,-0.00001135,0.00049967,-0.28773235,-0.00116855,11.1100,1255.5776,1727.8326,0.01565278,0.00001618,0.593793,0.01931861,0.01919789,-0.01931378,-0.01919305,0.01667421,0.01674543,-0.01667541,-0.01674663,-99.5898,-0.0237,-90.8040,16.47308539,44.11535690,1255.5776
9.170000,4393205.112259,4259595.812712,1797351.919009,-43.149246,-41.835006,194.337912,0.99999924,-0.00009018,-0.00122833,-0.00001711,0.00048618,-0.21885712,-0.00121550,11.1100,1255.5528,1729.8676,0.01261200,0.00002734,0.593532,0.00698573,0.00678507,-0.00698864,-0.00678797,0.01759222,0.01765688,-0.01759339,-0.01765805,-99.5043,-0.0756,-78.9629,16.47310378,44.11535690,1255.5528
9.180000,4393204.680733,4259595.394328,1797353.861908,-43.156739,-41.842420,194.241732,0.99999776,-0.00008813,-0.00211366,-0.00002236,0.00047624,-0.13451912,-0.00095436,11.1100,1255.5277,1731.9017,0.01023285,0.00003906,0.593272,0.00698573,0.00678507,-0.00698864,-0.00678797,0.01913510,0.01911124,-0.01913647,-0.01911261,-99.4192,-0.1866,-70.6550,16.47312216,44.11535690,1255.5277
9.190000,4393204.249119,4259594.975858,1797355.803842,-43.166271,-41.851926,194.144838,0.99999675,-0.00008612,-0.00254926,-0.00002561,0.00046976,-0.03957822,-0.00040576,11.1100,1255.5022,1733.9349,0.00865147,0.00004921,0.593013,0.00698573,0.00678507,-0.00698864,-0.00678797,0.02046397,0.02035270,-0.02046555,-0.02035427,-99.3344,-0.2884,-65.3275,16.47314053,44.11535690,1255.5022
9.200000,4393203.817407,4259594.557289,1797357.744805,-43.176064,-41.861729,194.047927,0.99999687,-0.00008413,-0.00250177,-0.00002584,0.00046506,0.05809282,0.00027065,11.1100,1255.4764,1735.9671,0.00798448,0.00005488,0.592755,0.00698573,0.00678507,-0.00698864,-0.00678797,0.02109878,0.02094469,-0.02110046,-0.02094636,-99.2499,-0.3389,-62.8478,16.47315889,44.11535690,1255.4764
9.210000,4393203.385605,4259594.138630,1797359.684803,-43.184014,-41.869736,193.951834,0.99999805,-0.00008216,-0.00197244,-0.00002265,0.00046124,0.15256509,0.00097117,11.1100,1255.4502,1737.9985,0.00828573,0.00005424,0.592497,0.00517659,0.00509386,-0.00516906,-0.00508634,0.02135345,0.02118199,-0.02135517,-0.02118371,-99.1655,-0.3445,-63.8963,16.47317725,44.11535690,1255.4502
9.220000,4393202.953737,4259593.719905,1797361.623846,-43.188604,-41.874412,193.857142,0.99999950,-0.00008028,-0.00099987,-0.00001624,0.00042527,0.23487902,0.00157335,11.1100,1255.4235,1740.0291,0.00953753,0.00004674,0.592239,0.00517659,0.00509386,-0.00516906,-0.00508634,0.02067326,0.02051690,-0.02067266,-0.02051629,-99.0811,-0.2988,-67.6539,16.47319560,44.11535690,1255.4235
9.230000,4393202.521849,4259593.301158,1797363.561953,-43.187861,-41.873816,193.764593,0.99999994,-0.00007866,0.00034706,-0.00000716,0.00035879,0.30190890,0.00204498,11.1100,1255.3965,1742.0587,0.01165167,0.00003297,0.591980,0.00517659,0.00509386,-0.00516906,-0.00508634,0.01992781,0.01979083,-0.01992486,-0.01978788,-98.9968,-0.2246,-74.9783,16.47321394,44.11535690,1255.3965
9.240000,4393202.090004,4259592.882452,1797365.499147,-43.179840,-41.866047,193.674891,0.99999801,-0.00007740,0.00199207,0.00000396,0.00028027,0.35381934,0.00240055,11.1100,1255.3693,1744.0874,0.01447625,0.00001419,0.591721,0.00517659,0.00509386,-0.00516906,-0.00508634,0.01955649,0.01942938,-0.01955239,-0.01942528,-98.9123,-0.1368,-85.8418,16.47323227,44.11535690,1255.3693
9.250000,4393201.658281,4259592.463866,1797367.435461,-43.163140,-41.849738,193.588486,0.99999255,-0.00007653,0.00385896,0.00001658,0.00019996,0.39046699,0.00264775,11.1100,1255.3418,1746.1153,0.01784485,-0.00000832,0.591462,0.01286202,0.01269548,-0.01285985,-0.01269331,0.01940491,0.01928186,-0.01940034,-0.01927729,-98.8275,-0.0383,-99.3284,16.47325060,44.11535690,1255.3418
9.260000,4393201.226754,4259592.045470,1797369.370921,-43.140669,-41.827725,193.504089,0.99998315,-0.00007596,0.00580411,0.00003038,0.00016047,0.38518242,0.00287231,11.1100,1255.3142,1748.1422,0.02159508,-0.00003340,0.591201,0.01286202,0.01269548,-0.01285985,-0.01269331,0.01496587,0.01481593,-0.01496388,-0.01481394,-98.7424,0.0488,-108.5096,16.47326891,44.11535690,1255.3142
9.270000,4393200.795481,4259591.627324,1797371.305547,-43.112533,-41.800101,193.421600,0.99997096,-0.00007548,0.00762020,0.00004524,0.00016112,0.33915818,0.00307103,11.1100,1255.2866,1750.1683,0.02546069,-0.00006045,0.590938,0.01286202,0.01269548,-0.01285985,-0.01269331,0.01053900,0.01036103,-0.01053971,-0.01036174,-98.6568,0.1430,-118.3769,16.47328722,44.11535690,1255.2866
9.280000,4393200.364522,4259591.209487,1797373.239359,-43.077923,-41.766066,193.341325,0.99995819,-0.00007492,0.00914350,0.00006093,0.00018038,0.26854311,0.00319688,11.1100,1255.2592,1752.1934,0.02902781,-0.00008919,0.590674,0.01286202,0.01269548,-0.01285985,-0.01269331,0.00836674,0.00817491,-0.00836879,-0.00817697,-98.5707,0.2537,-130.3029,16.47330552,44.11535690,1255.2592
9.290000,4393199.933940,4259590.792021,1797375.172380,-43.037552,-41.726298,193.263023,0.99994717,-0.00007422,0.01027833,0.00007704,0.00020601,0.18431862,0.00322427,11.1100,1255.2319,1754.2177,0.03196311,-0.00011906,0.590409,0.01724422,0.01702253,-0.01724486,-0.01702317,0.00748539,0.00728793,-0.00748799,-0.00729053,-98.4841,0.3741,-141.4852,16.47332381,44.11535690,1255.2319
9.300000,4393199.503782,4259590.374972,1797377.104623,-42.993689,-41.682963,193.185914,0.99993988,-0.00007350,0.01096427,0.00009274,0.00018114,0.08959659,0.00302272,11.1100,1255.2050,1756.2410,0.03408009,-0.00014915,0.590141,0.01724422,0.01702253,-0.01724486,-0.01702317,0.00651577,0.00635813,-0.00651487,-0.00635722,-98.3971,0.5260,-149.2235,16.47334210,44.11535690,1255.2050
9.310000,4393199.074070,4259589.958365,1797379.036099,-42.948556,-41.638228,193.109277,0.99993770,-0.00007299,0.01116141,0.00010691,0.00010674,-0.01057769,0.00260168,11.1100,1255.1784,1758.2634,0.03527383,-0.00017771,0.589873,0.01724422,0.01702253,-0.01724486,-0.01702317,0.00575444,0.00563820,-0.00574987,-0.00563364,-98.3072,0.6712,-153.4839,16.47336037,44.11535690,1255.1784
9.320000,4393198.644807,4259589.542204,1797380.966808,-42.904353,-41.594268,193.032407,0.99994104,-0.00007289,0.01085798,0.00011867,0.00001166,-0.11002108,0.00204420,11.1100,1255.1521,1760.2849,0.03548014,-0.00020256,0.589605,0.01724422,0.01702253,-0.01724486,-0.01702317,0.00539777,0.00530199,-0.00539140,-0.00529562,-98.2184,0.7853,-154.2086,16.47337864,44.11535690,1255.1521
9.330000,4393198.215972,4259589.126469,1797382.896744,-42.863366,-41.553341,192.954566,0.99994929,-0.00007324,0.01006998,0.00012748,-0.00008786,-0.20384157,0.00141028,11.1100,1255.1263,1762.3055,0.03469115,-0.00022208,0.589337,0.02131511,0.02130472,-0.02131350,-0.02130311,0.00525589,0.00516844,-0.00524879,-0.00516133,-98.1351,0.8681,-151.0514,16.47339690,44.11535690,1255.1263
9.340000,4393197.787533,4259588.711131,1797384.825898,-42.825438,-41.515356,192.875913,0.99996060,-0.00007400,0.00887587,0.00013328,-0.00015868,-0.27204184,0.00082795,11.1100,1255.1008,1764.3252,0.03295509,-0.00023536,0.589070,0.02131511,0.02130472,-0.02131350,-0.02130311,0.00793500,0.00782086,-0.00792953,-0.00781538,-98.0483,0.9006,-147.8475,16.47341515,44.11535690,1255.1008
9.350000,4393197.359451,4259588.296150,1797386.754259,-42.792234,-41.481959,192.795866,0.99997253,-0.00007503,0.00740988,0.00013637,-0.00019995,-0.31235648,0.00032432,11.1100,1255.0756,1766.3440,0.03042796,-0.00024248,0.588804,0.02131511,0.02130472,-0.02131350,-0.02130311,0.01066314,0.01052013,-0.01065948,-0.01051647,-97.9620,0.9064,-141.3309,16.47343339,44.11535690,1255.0756
9.360000,4393196.931667,4259587.881471,1797388.681809,-42.765921,-41.455261,192.713586,0.99998321,-0.00007622,0.00579345,0.00013709,-0.00022610,-0.33211392,-0.00012590,11.1100,1255.0507,1768.3619,0.02739015,-0.00024419,0.588540,0.02131511,0.02130472,-0.02131350,-0.02130311,0.01200648,0.01184912,-0.01200372,-0.01184637,-97.8762,0.9002,-130.7046,16.47345162,44.11535690,1255.0507
9.370000,4393196.504107,4259587.467020,1797390.608522,-42.747577,-41.436323,192.628599,0.99999151,-0.00007753,0.00411829,0.00013567,-0.00024549,-0.33585029,-0.00053206,11.1100,1255.0260,1770.3788,0.02410018,-0.00024120,0.588279,0.01804490,0.01781102,-0.01804474,-0.01781086,0.01255228,0.01238907,-0.01254990,-0.01238669,-97.7912,0.8808,-117.8781,16.47346985,44.11535690,1255.0260
9.380000,4393196.076695,4259587.052724,1797392.534374,-42.736121,-41.424130,192.541253,0.99999691,-0.00007890,0.00248184,0.00013247,-0.00024800,-0.31677682,-0.00083405,11.1100,1255.0013,1772.3949,0.02074943,-0.00023404,0.588019,0.01804490,0.01781102,-0.01804474,-0.01781086,0.01431204,0.01412706,-0.01431079,-0.01412581,-97.7069,0.8336,-106.3957,16.47348807,44.11535690,1255.0013
9.390000,4393195.649365,4259586.638518,1797394.459340,-42.731100,-41.418253,192.451648,0.99999950,-0.00008028,0.00099339,0.00012802,-0.00023588,-0.27692168,-0.00102720,11.1100,1254.9766,1774.4101,0.01752525,-0.00022355,0.587761,0.01804490,0.01781102,-0.01804474,-0.01781086,0.01594919,0.01574374,-0.01594900,-0.01574354,-97.6232,0.7742,-95.1767,16.47350628,44.11535690,1254.9766
9.400000,4393195.222054,4259586.224340,1797396.383400,-42.732167,-41.418354,192.359834,0.99999996,-0.00008160,-0.00026038,0.00012279,-0.00021750,-0.22326955,-0.00113795,11.1100,1254.9518,1776.4244,0.01464322,-0.00021086,0.587505,0.01804490,0.01781102,-0.01804474,-0.01781086,0.01674285,0.01652745,-0.01674316,-0.01652776,-97.5400,0.7136,-84.1374,16.47352448,44.11535691,1254.9518
9.410000,4393194.794705,4259585.810135,1797398.306531,-42.738310,-41.423453,192.266144,0.99999924,-0.00008287,-0.00122330,0.00011715,-0.00019742,-0.16099213,-0.00118191,11.1100,1254.9267,1778.4379,0.01227435,-0.00019691,0.587250,0.00997318,0.00957161,-0.00997551,-0.00957394,0.01706323,0.01684381,-0.01706375,-0.01684433,-97.4572,0.6525,-74.5131,16.47354268,44.11535691,1254.9267
9.420000,4393194.367282,4259585.395866,1797400.228721,-42.746856,-41.430896,192.171634,0.99999830,-0.00008410,-0.00183958,0.00011086,-0.00018845,-0.08509358,-0.00138469,11.1100,1254.9014,1780.4504,0.01052386,-0.00018245,0.586995,0.00997318,0.00957161,-0.00997551,-0.00957394,0.01862832,0.01848250,-0.01862811,-0.01848230,-97.3748,0.6424,-69.1401,16.47356086,44.11535691,1254.9014
9.430000,4393193.939768,4259584.981517,1797402.149964,-42.755985,-41.438926,192.077005,0.99999789,-0.00008536,-0.00204971,0.00010314,-0.00019064,0.00092651,-0.00174011,11.1100,1254.8757,1782.4621,0.00948397,-0.00016680,0.586742,0.00997318,0.00957161,-0.00997551,-0.00957394,0.02012457,0.02005373,-0.02012359,-0.02005276,-97.2926,0.6277,-66.5238,16.47357904,44.11535691,1254.8757
9.440000,4393193.512166,4259584.567091,1797404.070263,-42.764243,-41.446185,191.982801,0.99999833,-0.00008669,-0.00182304,0.00009352,-0.00019800,0.08908585,-0.00212257,11.1100,1254.8496,1784.4729,0.00926064,-0.00014843,0.586488,0.00997318,0.00957161,-0.00997551,-0.00957394,0.02085346,0.02081955,-0.02085210,-0.02081819,-97.2106,0.5752,-66.1330,16.47359721,44.11535691,1254.8496
9.450000,4393193.084493,4259584.152602,1797405.989624,-42.769845,-41.450978,191.889701,0.99999932,-0.00008809,-0.00116357,0.00008208,-0.00020711,0.17353132,-0.00245516,11.1100,1254.8231,1786.4828,0.00990493,-0.00012661,0.586235,0.00463299,0.00446884,-0.00463037,-0.00446622,0.02114831,0.02112940,-0.02114679,-0.02112788,-97.1286,0.4938,-68.6736,16.47361537,44.11535691,1254.8231
9.460000,4393192.656779,4259583.738081,1797407.908061,-42.771892,-41.452519,191.797993,0.99999999,-0.00008955,-0.00011794,0.00006974,-0.00020950,0.24313841,-0.00247152,11.1100,1254.7962,1788.4919,0.01139613,-0.00010160,0.585982,0.00463299,0.00446884,-0.00463037,-0.00446622,0.02009531,0.02000255,-0.02009425,-0.02000148,-97.0467,0.3396,-72.8002,16.47363353,44.11535691,1254.7962
9.470000,4393192.229070,4259583.323566,1797409.825590,-42.768759,-41.449230,191.708273,0.99999923,-0.00009103,0.00123282,0.00005808,-0.00020501,0.29527819,-0.00216773,11.1100,1254.7691,1790.5001,0.01363485,-0.00007554,0.585729,0.00463299,0.00446884,-0.00463037,-0.00446622,0.01896506,0.01879440,-0.01896449,-0.01879383,-96.9648,0.1802,-79.9348,16.47365167,44.11535691,1254.7691
9.480000,4393191.801427,4259582.909117,1797411.742235,-42.758732,-41.439401,191.621162,0.99999606,-0.00009249,0.00280614,0.00004841,-0.00019740,0.33197101,-0.00167663,11.1100,1254.7417,1792.5074,0.01644733,-0.00005162,0.585475,0.00463299,0.00446884,-0.00463037,-0.00446622,0.01840385,0.01819461,-0.01840353,-0.01819429,-96.8827,0.0581,-90.2766,16.47366981,44.11535691,1254.7417
9.490000,4393191.373922,4259582.494804,1797413.658023,-42.740720,-41.421923,191.537011,0.99998975,-0.00009390,0.00452744,0.00004143,-0.00018882,0.35436689,-0.00108723,11.1100,1254.7141,1794.5138,0.01965596,-0.00003219,0.585220,0.00823127,0.00814996,-0.00823560,-0.00815430,0.01817505,0.01795010,-0.01817483,-0.01794988,-96.8003,-0.0292,-102.7523,16.47368794,44.11535692,1254.7141
9.500000,4393190.946629,4259582.080694,1797415.572980,-42.716590,-41.398620,191.454976,0.99998025,-0.00009523,0.00628364,0.00003794,-0.00016812,0.34601498,-0.00028107,11.1100,1254.6865,1796.5194,0.02310358,-0.00001853,0.584964,0.00823127,0.00814996,-0.00823560,-0.00815430,0.01522161,0.01493124,-0.01522232,-0.01493194,-96.7175,-0.1259,-112.5389,16.47370607,44.11535692,1254.6865
9.510000,4393190.519606,4259581.666846,1797417.487127,-42.686556,-41.369649,191.374931,0.99996860,-0.00009640,0.00792371,0.00003894,-0.00013626,0.30817315,0.00069728,11.1100,1254.6589,1798.5241,0.02657768,-0.00001223,0.584706,0.00823127,0.00814996,-0.00823560,-0.00815430,0.01230733,0.01195498,-0.01230894,-0.01195659,-96.6343,-0.1891,-122.6194,16.47372418,44.11535692,1254.6589
9.520000,4393190.092916,4259581.253319,1797419.400485,-42.650336,-41.334663,191.296985,0.99995650,-0.00009734,0.00932701,0.00004498,-0.00010020,0.25168103,0.00171703,11.1100,1254.6315,1800.5279,0.02977756,-0.00001509,0.584447,0.00823127,0.00814996,-0.00823560,-0.00815430,0.01087986,0.01049736,-0.01088190,-0.01049941,-96.5507,-0.1927,-133.7317,16.47374229,44.11535692,1254.6315
9.530000,4393189.666617,4259580.840170,1797421.313073,-42.608689,-41.294335,191.220881,0.99994571,-0.00009805,0.01041899,0.00005603,-0.00006382,0.18408445,0.00268929,11.1100,1254.6042,1802.5308,0.03245960,-0.00002789,0.584186,0.01377923,0.01370664,-0.01377782,-0.01370523,0.01030112,0.00990643,-0.01030334,-0.00990866,-96.4665,-0.1437,-143.9639,16.47376039,44.11535692,1254.6042
9.540000,4393189.240747,4259580.427438,1797423.224904,-42.564659,-41.251494,191.145550,0.99993806,-0.00009857,0.01112916,0.00007113,-0.00005266,0.09948362,0.00331726,11.1100,1254.5773,1804.5329,0.03447984,-0.00005036,0.583924,0.01377923,0.01370664,-0.01377782,-0.01370523,0.00818896,0.00787414,-0.00818949,-0.00787467,-96.3819,0.0059,-149.5476,16.47377848,44.11535692,1254.5773
9.550000,4393188.815322,4259580.015140,1797425.135983,-42.520215,-41.208022,191.070364,0.99993520,-0.00009904,0.01138282,0.00008849,-0.00006598,0.00206824,0.00357752,11.1100,1254.5508,1806.5340,0.03571863,-0.00008010,0.583661,0.01377923,0.01370664,-0.01377782,-0.01370523,0.00620533,0.00597376,-0.00620411,-0.00597255,-96.2920,0.1853,-152.2668,16.47379656,44.11535692,1254.5508
9.560000,4393188.390338,4259579.603274,1797427.046310,-42.476907,-41.165449,190.994863,0.99993794,-0.00009956,0.01113980,0.00010659,-0.00009029,-0.09859614,0.00359070,11.1100,1254.5246,1808.5342,0.03604048,-0.00011347,0.583397,0.01377923,0.01370664,-0.01377782,-0.01370523,0.00524206,0.00505165,-0.00523999,-0.00504958,-96.2052,0.3489,-152.6428,16.47381464,44.11535692,1254.5246
9.570000,4393187.965773,4259579.191821,1797428.955877,-42.436718,-41.125720,190.918426,0.99994589,-0.00010015,0.01040121,0.00012438,-0.00011797,-0.19558315,0.00343310,11.1100,1254.4988,1810.5336,0.03537605,-0.00014748,0.583134,0.01883100,0.01887246,-0.01882564,-0.01886709,0.00485293,0.00467927,-0.00485051,-0.00467684,-96.1246,0.4971,-149.7396,16.47383270,44.11535693,1254.4988
9.580000,4393187.541591,4259578.780748,1797430.864675,-42.400657,-41.089813,190.840788,0.99995751,-0.00010076,0.00921643,0.00014088,-0.00011232,-0.27659743,0.00306184,11.1100,1254.4734,1812.5320,0.03374185,-0.00018013,0.582873,0.01883100,0.01887246,-0.01882564,-0.01886709,0.00598772,0.00584971,-0.00598764,-0.00584963,-96.0432,0.6515,-144.9802,16.47385076,44.11535693,1254.4734
9.590000,4393187.117742,4259578.370007,1797432.772688,-42.370572,-41.059541,190.761307,0.99997054,-0.00010123,0.00767338,0.00015510,-0.00007405,-0.33852773,0.00250767,11.1100,1254.4482,1814.5295,0.03124375,-0.00020947,0.582612,0.01883100,0.01887246,-0.01882564,-0.01886709,0.00722300,0.00711679,-0.00722536,-0.00711915,-95.9594,0.7885,-136.8375,16.47386881,44.11535693,1254.4482
9.600000,4393186.694154,4259577.959533,1797434.679893,-42.348410,-41.036839,190.679235,0.99998279,-0.00010145,0.00586301,0.00016628,-0.00002181,-0.38328231,0.00184302,11.1100,1254.4233,1816.5262,0.02807104,-0.00023361,0.582354,0.01883100,0.01887246,-0.01882564,-0.01886709,0.00783768,0.00774676,-0.00784125,-0.00775032,-95.8762,0.8924,-125.0658,16.47388686,44.11535693,1254.4233
9.610000,4393186.270743,4259577.549241,1797436.586262,-42.335428,-41.022966,190.594028,0.99999250,-0.00010139,0.00386886,0.00017401,0.00003390,-0.41189399,0.00112132,11.1100,1254.3985,1818.5220,0.02441990,-0.00025122,0.582098,0.01698077,0.01694543,-0.01698674,-0.01695140,0.00808850,0.00800373,-0.00809256,-0.00800779,-95.7938,0.9631,-110.8210,16.47390489,44.11535693,1254.3985
9.620000,4393185.847421,4259577.139050,1797438.491765,-42.330640,-41.017002,190.505992,0.99999836,-0.00010113,0.00179954,0.00017805,0.00006134,-0.41336803,0.00037268,11.1100,1254.3737,1820.5169,0.02046687,-0.00026161,0.581844,0.01698077,0.01694543,-0.01698674,-0.01695140,0.01015332,0.01007391,-0.01015551,-0.01007611,-95.7122,1.0040,-97.7292,16.47392292,44.11535693,1254.3737
9.630000,4393185.424106,4259576.728878,1797440.396373,-42.334004,-41.018947,190.415037,0.99999996,-0.00010081,-0.00021121,0.00017835,0.00006055,-0.38864703,-0.00037113,11.1100,1254.3488,1822.5109,0.01642230,-0.00026451,0.581592,0.01698077,0.01694543,-0.01698674,-0.01695140,0.01216867,0.01209317,-0.01216888,-0.01209338,-95.6312,1.0136,-84.0970,16.47394094,44.11535693,1254.3488
9.640000,4393185.000715,4259576.318645,1797442.300056,-42.345664,-41.028976,190.320980,0.99999788,-0.00010057,-0.00205094,0.00017500,0.00004669,-0.34526427,-0.00107773,11.1100,1254.3237,1824.5041,0.01255374,-0.00025994,0.581342,0.01698077,0.01694543,-0.01698674,-0.01695140,0.01315400,0.01308030,-0.01315322,-0.01307952,-95.5508,0.9918,-69.6978,16.47395895,44.11535694,1254.3237
9.650000,4393184.577168,4259575.908274,1797444.202783,-42.364918,-41.046444,190.223989,0.99999336,-0.00010043,-0.00363991,0.00016823,0.00002833,-0.28872233,-0.00172000,11.1100,1254.2982,1826.4964,0.00908748,-0.00024827,0.581093,0.00927640,0.00887269,-0.00927871,-0.00887501,0.01355317,0.01348018,-0.01355199,-0.01347900,-95.4709,0.9411,-56.0656,16.47397695,44.11535694,1254.2982
9.660000,4393184.153403,4259575.497703,1797446.104531,-42.388995,-41.068663,190.125144,0.99998800,-0.00010049,-0.00489570,0.00015815,-0.00000965,-0.21248027,-0.00239057,11.1100,1254.2722,1828.4879,0.00617827,-0.00023011,0.580845,0.00927640,0.00887269,-0.00927871,-0.00887501,0.01549624,0.01546404,-0.01549350,-0.01546130,-95.3913,0.8914,-46.6963,16.47399495,44.11535694,1254.2722
9.670000,4393183.729380,4259575.086893,1797448.005283,-42.416082,-41.093905,190.025145,0.99998357,-0.00010082,-0.00572888,0.00014464,-0.00006490,-0.12025407,-0.00306609,11.1100,1254.2457,1830.4785,0.00397088,-0.00020564,0.580598,0.00927640,0.00887269,-0.00927871,-0.00887501,0.01735338,0.01736203,-0.01734918,-0.01735782,-95.3120,0.8164,-39.9380,16.47401294,44.11535694,1254.2457
9.680000,4393183.305077,4259574.675820,1797449.905032,-42.444729,-41.120813,189.924559,0.99998149,-0.00010150,-0.00608248,0.00012789,-0.00012641,-0.02125300,-0.00366492,11.1100,1254.2186,1832.4683,0.00263114,-0.00017481,0.580351,0.00927640,0.00887269,-0.00927871,-0.00887501,0.01825805,0.01828675,-0.01825313,-0.01828183,-95.2329,0.7024,-35.3032,16.47403092,44.11535694,1254.2186
9.690000,4393182.880487,4259574.264478,1797451.803775,-42.472989,-41.147536,189.824179,0.99998235,-0.00010254,-0.00593972,0.00010841,-0.00018819,0.07769508,-0.00413535,11.1100,1254.1908,1834.4572,0.00226268,-0.00013814,0.580105,-0.00094088,-0.00094495,0.00093668,0.00094076,0.01862398,0.01866082,-0.01861878,-0.01865562,-95.1540,0.5577,-33.7993,16.47404889,44.11535695,1254.1908
9.700000,4393182.455623,4259573.852875,1797453.701518,-42.499228,-41.172531,189.724666,0.99998582,-0.00010378,-0.00532275,0.00008711,-0.00019439,0.16789862,-0.00437391,11.1100,1254.1624,1836.4452,0.00288499,-0.00009679,0.579859,-0.00094088,-0.00094495,0.00093668,0.00094076,0.01810190,0.01811447,-0.01810062,-0.01811319,-95.0752,0.3739,-35.0575,16.47406685,44.11535695,1254.1624
9.710000,4393182.030516,4259573.441039,1797455.598274,-42.521372,-41.193797,189.626863,0.99999081,-0.00010496,-0.00428429,0.00006517,-0.00014708,0.24583611,-0.00437342,11.1100,1254.1333,1838.4324,0.00444198,-0.00005274,0.579613,-0.00094088,-0.00094495,0.00093668,0.00094076,0.01748831,0.01747449,-0.01749104,-0.01747722,-94.9965,0.1794,-39.9599,16.47408481,44.11535695,1254.1333
9.720000,4393181.605216,4259573.029018,1797457.494064,-42.537348,-41.209310,189.531590,0.99999582,-0.00010586,-0.00288753,0.00004368,-0.00007636,0.31085550,-0.00417876,11.1100,1254.1036,1840.4188,0.00681305,-0.00000837,0.579367,-0.00094088,-0.00094495,0.00093668,0.00094076,0.01717956,0.01715263,-0.01718428,-0.01715734,-94.9179,-0.0061,-48.5660,16.47410276,44.11535695,1254.1036
9.730000,4393181.179795,4259572.616877,1797459.388916,-42.545530,-41.217470,189.439449,0.99999927,-0.00010641,-0.00119938,0.00002354,0.00000085,0.36211449,-0.00382519,11.1100,1254.0733,1842.4043,0.00985663,0.00003421,0.579121,-0.00033796,-0.00042931,0.00033736,0.00042871,0.01705302,0.01702073,-0.01705853,-0.01702624,-94.8392,-0.1780,-60.1412,16.47412070,44.11535696,1254.0733
9.740000,4393180.754324,4259572.204685,1797461.282860,-42.546987,-41.219392,189.349873,0.99999977,-0.00010663,0.00066856,0.00000640,0.00006033,0.38267647,-0.00297261,11.1100,1254.0427,1844.3889,0.01342696,0.00007331,0.578875,-0.00033796,-0.00042931,0.00033736,0.00042871,0.01426799,0.01410281,-0.01427251,-0.01410732,-94.7603,-0.4190,-70.2723,16.47413864,44.11535696,1254.0427
9.750000,4393180.328875,4259571.792508,1797463.175921,-42.541261,-41.214583,189.262970,0.99999671,-0.00010659,0.00256257,-0.00000531,0.00010051,0.37263172,-0.00166537,11.1100,1254.0117,1846.3727,0.01730906,0.00010535,0.578627,-0.00033796,-0.00042931,0.00033736,0.00042871,0.01149829,0.01120077,-0.01150160,-0.01120408,-94.6813,-0.6286,-81.7938,16.47415656,44.11535696,1254.0117
9.760000,4393179.903524,4259571.380417,1797465.068128,-42.527498,-41.202094,189.179035,0.99999052,-0.00010636,0.00435263,-0.00000994,0.00013046,0.34131945,-0.00014976,11.1100,1253.9805,1848.3556,0.02119204,0.00012571,0.578379,-0.00033796,-0.00042931,0.00033736,0.00042871,0.01013983,0.00977739,-0.01014253,-0.00978009,-94.6019,-0.7450,-95.3447,16.47417448,44.11535696,1253.9805
9.770000,4393179.478351,4259570.968491,1797466.959511,-42.505901,-41.182013,189.097951,0.99998230,-0.00010597,0.00594818,-0.00000684,0.00015550,0.29514417,0.00140753,11.1100,1253.9492,1850.3377,0.02480921,0.00013154,0.578129,0.00499391,0.00513734,-0.00499335,-0.00513678,0.00958877,0.00919999,-0.00959122,-0.00920245,-94.5220,-0.7772,-109.0034,16.47419239,44.11535696,1253.9492
9.780000,4393179.053414,4259570.556786,1797468.850090,-42.480413,-41.157965,189.018194,0.99997383,-0.00010539,0.00723408,0.00000295,0.00018677,0.21793495,0.00250720,11.1100,1253.9178,1852.3189,0.02798060,0.00012196,0.577877,0.00499391,0.00513734,-0.00499335,-0.00513678,0.00575366,0.00549714,-0.00575669,-0.00550017,-94.4417,-0.6441,-116.7384,16.47421029,44.11535697,1253.9178
9.790000,4393178.628745,4259570.145334,1797470.739875,-42.452799,-41.131608,188.939143,0.99996747,-0.00010461,0.00806485,0.00001702,0.00022466,0.11372169,0.00310143,11.1100,1253.8866,1854.2993,0.03050389,0.00009980,0.577624,0.00499391,0.00513734,-0.00499335,-0.00513678,0.00203083,0.00191368,-0.00203450,-0.00191735,-94.3611,-0.4591,-122.1935,16.47422819,44.11535697,1253.8866
9.800000,4393178.204360,4259569.734156,1797472.628873,-42.423970,-41.103860,188.860548,0.99996520,-0.00010361,0.00834239,0.00003333,0.00026446,-0.00266164,0.00337812,11.1100,1253.8555,1856.2788,0.03210071,0.00007007,0.577371,0.00499391,0.00513734,-0.00499335,-0.00513678,0.00021242,0.00016427,-0.00021641,-0.00016826,-94.2803,-0.2931,-126.5502,16.47424608,44.11535697,1253.8555
9.810000,4393177.780262,4259569.323255,1797474.517085,-42.395823,-41.076584,188.781805,0.99996774,-0.00010238,0.00803180,0.00005058,0.00030350,-0.12083727,0.00345019,11.1100,1253.8245,1858.2574,0.03258142,0.00003677,0.577117,0.01398947,0.01416913,-0.01398446,-0.01416412,-0.00052396,-0.00054401,0.00051984,0.00053989,-94.1993,-0.1416,-127.9372,16.47426396,44.11535697,1253.8245
9.820000,4393177.356433,4259568.912615,1797476.404506,-42.370614,-41.052006,188.702166,0.99997447,-0.00010098,0.00714393,0.00006807,0.00032383,-0.23291908,0.00345691,11.1100,1253.7937,1860.2352,0.03188992,0.00000242,0.576864,0.01398947,0.01416913,-0.01398446,-0.01416412,-0.00058239,-0.00062302,0.00057950,0.00062013,-94.1186,-0.0191,-125.5605,16.47428183,44.11535697,1253.7937
9.830000,4393176.932832,4259568.502198,1797478.291123,-42.350832,-41.032547,188.620765,0.99998362,-0.00009948,0.00572132,0.00008555,0.00032608,-0.33414680,0.00342041,11.1100,1253.7631,1862.2121,0.03006438,-0.00003177,0.576611,0.01398947,0.01416913,-0.01398446,-0.01416412,-0.00046275,-0.00053089,0.00046113,0.00052927,-94.0381,0.0977,-118.9216,16.47429969,44.11535698,1253.7631
9.840000,4393176.509391,4259568.091939,1797480.176913,-42.338842,-41.020493,188.536724,0.99999267,-0.00009796,0.00382603,0.00010270,0.00031986,-0.42150142,0.00330709,11.1100,1253.7325,1864.1881,0.02720801,-0.00006530,0.576360,0.01398947,0.01416913,-0.01398446,-0.01416412,-0.00038940,-0.00047161,0.00038841,0.00047062,-93.9582,0.2203,-108.1391,16.47431755,44.11535698,1253.7325
9.850000,4393176.086022,4259567.681757,1797482.061846,-42.336620,-41.017762,188.449239,0.99999881,-0.00009644,0.00153374,0.00011908,0.00031061,-0.49255306,0.00310109,11.1100,1253.7019,1866.1633,0.02346218,-0.00009756,0.576111,0.01535690,0.01561362,-0.01535710,-0.01561383,-0.00035719,-0.00044521,0.00035645,0.00044447,-93.8790,0.3426,-93.7700,16.47433540,44.11535698,1253.7019
9.860000,4393175.662628,4259567.271556,1797483.945887,-42.344151,-41.024284,188.358249,0.99999944,-0.00009494,-0.00104155,0.00013364,0.00029529,-0.53449006,0.00257139,11.1100,1253.6711,1868.1376,0.01899291,-0.00012771,0.575865,0.01535690,0.01561362,-0.01535710,-0.01561383,0.00155000,0.00154324,-0.00155023,-0.00154348,-93.8005,0.5126,-79.0083,16.47435324,44.11535698,1253.6711
9.870000,4393175.239106,4259566.861240,1797485.828999,-42.362274,-41.040902,188.263273,0.99999295,-0.00009351,-0.00375199,0.00014481,0.00027514,-0.54658368,0.00173952,11.1100,1253.6401,1870.1111,0.01402805,-0.00015346,0.575620,0.01535690,0.01561362,-0.01535710,-0.01561383,0.00345976,0.00353613,-0.00345955,-0.00353592,-93.7226,0.6646,-62.1970,16.47437107,44.11535699,1253.6401
9.880000,4393174.815346,4259566.450702,1797487.711138,-42.391889,-41.068566,188.163744,0.99997910,-0.00009217,-0.00646291,0.00015142,0.00025353,-0.53481828,0.00075879,11.1100,1253.6087,1872.0838,0.00886987,-0.00017177,0.575377,0.01535690,0.01561362,-0.01535710,-0.01561383,0.00439752,0.00451485,-0.00439709,-0.00451443,-93.6453,0.7583,-43.2271,16.47438890,44.11535699,1253.6087
9.890000,4393174.391231,4259566.039832,1797489.592258,-42.432958,-41.107307,188.059470,0.99995889,-0.00009091,-0.00906560,0.00015300,0.00023224,-0.50354809,-0.00026550,11.1100,1253.5766,1874.0556,0.00379491,-0.00018066,0.575135,0.01050010,0.01045385,-0.01050326,-0.01045701,0.00477810,0.00491209,-0.00477759,-0.00491158,-93.5685,0.7985,-23.7636,16.47440671,44.11535699,1253.5766
9.900000,4393173.966664,4259565.628534,1797491.472318,-42.482155,-41.153948,187.951729,0.99993472,-0.00008980,-0.01142492,0.00014938,0.00019134,-0.43792572,-0.00130321,11.1100,1253.5438,1876.0265,-0.00097905,-0.00017942,0.574894,0.01050010,0.01045385,-0.01050326,-0.01045701,0.00811590,0.00826894,-0.00811378,-0.00826681,-93.4920,0.8002,-9.2455,16.47442453,44.11535699,1253.5438
9.910000,4393173.541570,4259565.216736,1797493.351285,-42.537911,-41.207020,187.841097,0.99991050,-0.00008895,-0.01337764,0.00014061,0.00013203,-0.34151596,-0.00230743,11.1100,1253.5101,1877.9966,-0.00520584,-0.00016792,0.574653,0.01050010,0.01045385,-0.01050326,-0.01045701,0.01137997,0.01154813,-0.01137625,-0.01154440,-93.4156,0.7592,3.3880,16.47444233,44.11535699,1253.5101
9.920000,4393173.115889,4259564.804377,1797495.229132,-42.599246,-41.265627,187.727937,0.99989041,-0.00008841,-0.01480327,0.00012698,0.00006595,-0.22777943,-0.00322253,11.1100,1253.4754,1879.9659,-0.00857018,-0.00014646,0.574413,0.01050010,0.01045385,-0.01050326,-0.01045701,0.01297633,0.01315158,-0.01297182,-0.01314707,-93.3393,0.6743,14.9361,16.47446012,44.11535700,1253.4754
9.930000,4393172.689574,4259564.391412,1797497.105838,-42.664198,-41.327907,187.613111,0.99987769,-0.00008822,-0.01563948,0.00010903,-0.00000048,-0.10646055,-0.00400792,11.1100,1253.4396,1881.9344,-0.01083793,-0.00011584,0.574172,0.00033359,0.00014146,-0.00033584,-0.00014370,0.01362313,0.01380121,-0.01361830,-0.01379638,-93.2631,0.5515,23.4921,16.47447791,44.11535700,1253.4396
9.940000,4393172.262604,4259563.977817,1797498.981394,-42.729830,-41.391030,187.497976,0.99987424,-0.00008831,-0.01585816,0.00008729,-0.00004059,0.01851650,-0.00471102,11.1100,1253.4027,1883.9019,-0.01189873,-0.00007730,0.573932,0.00033359,0.00014146,-0.00033584,-0.00014370,0.01434865,0.01455515,-0.01434556,-0.01455206,-93.1869,0.4152,27.2398,16.47449569,44.11535700,1253.4027
9.950000,4393171.834985,4259563.563598,1797500.855801,-42.793362,-41.452329,187.383834,0.99988057,-0.00008853,-0.01545430,0.00006223,-0.00005488,0.14186650,-0.00530963,11.1100,1253.3645,1885.8687,-0.01171815,-0.00003196,0.573692,0.00033359,0.00014146,-0.00033584,-0.00014370,0.01492148,0.01515588,-0.01492021,-0.01515461,-93.1109,0.2527,26.3577,16.47451346,44.11535700,1253.3645
9.960000,4393171.406752,4259563.148785,1797502.729078,-42.852216,-41.509341,187.271880,0.99989557,-0.00008879,-0.01445104,0.00003452,-0.00005683,0.25763483,-0.00574830,11.1100,1253.3252,1887.8346,-0.01030681,0.00001914,0.573452,0.00033359,0.00014146,-0.00033584,-0.00014370,0.01519016,0.01543822,-0.01518979,-0.01543785,-93.0350,0.0594,21.0812,16.47453123,44.11535701,1253.3252
9.970000,4393170.977965,4259562.733433,1797504.601250,-42.903905,-41.559676,187.163226,0.99991681,-0.00008904,-0.01289824,0.00000504,-0.00005411,0.36111681,-0.00599551,11.1100,1253.2847,1889.7996,-0.00773017,0.00007453,0.573214,-0.00233306,-0.00194174,0.00232806,0.00193674,0.01529710,0.01555069,-0.01529709,-0.01555068,-92.9595,-0.1547,11.4622,16.47454898,44.11535701,1253.2847
9.980000,4393170.548699,4259562.317614,1797506.472353,-42.947558,-41.602580,187.058180,0.99994068,-0.00008924,-0.01089151,-0.00002446,-0.00003639,0.43878222,-0.00574465,11.1100,1253.2432,1891.7639,-0.00410649,0.00013237,0.572975,-0.00233306,-0.00194174,0.00232806,0.00193674,0.01361038,0.01375836,-0.01361157,-0.01375954,-92.8841,-0.4485,0.1146,16.47456673,44.11535701,1253.2432
9.990000,4393170.119044,4259561.901410,1797508.342427,-42.981467,-41.636378,186.957397,0.99996331,-0.00008934,-0.00856583,-0.00005153,-0.00000549,0.48844392,-0.00501260,11.1100,1253.2007,1893.7272,0.00036681,0.00018888,0.572738,-0.00233306,-0.00194174,0.00232806,0.00193674,0.01188856,0.01192899,-0.01189085,-0.01193128,-92.8090,-0.7354,-14.5869,16.47458448,44.11535702,1253.2007
10.000000,4393169.689107,4259561.484922,1797510.211517,-43.003874,-41.659280,186.861509,0.99998168,-0.00008930,-0.00605131,-0.00007420,0.00003062,0.51420371,-0.00398708,11.1100,1253.1574,1895.6898,0.00540700,0.00023920,0.572500,0.00357104,0.00375710,-0.00357908,-0.00376514,0.01104039,0.01102787,-0.01104321,-0.01103070,-92.7339,-0.9603,-32.7701,16.47460221,44.11535702,1253.1574
10.010000,4393169.259007,4259561.068263,1797512.079674,-43.013919,-41.670375,186.770717,0.99999400,-0.00008910,-0.00346095,-0.00009132,0.00006760,0.51879192,-0.00279797,11.1100,1253.1134,1897.6515,0.01074061,0.00027978,0.572262,0.01581869,0.01626137,-0.01581723,-0.01625992,0.01069572,0.01066168,-0.01069876,-0.01066472,-92.6588,-1.1255,-52.8413,16.47461994,44.11535702,1253.1134
10.020000,4393168.828856,4259560.651540,1797513.946942,-43.014379,-41.672323,186.683671,0.99999954,-0.00008877,-0.00094737,-0.00010191,0.00009951,0.48372879,-0.00138673,11.1100,1253.0690,1899.6124,0.01613515,0.00030861,0.572023,0.01581869,0.01626137,-0.01581723,-0.01625992,0.00695503,0.00686117,-0.00695782,-0.00686396,-92.5833,-1.2687,-68.8392,16.47463766,44.11535702,1253.0690
10.030000,4393168.398744,4259560.234840,1797515.813356,-43.006098,-41.665868,186.599922,0.99999915,-0.00008832,0.00129691,-0.00010501,0.00012595,0.41152254,0.00017896,11.1100,1253.0242,1901.5725,0.02130609,0.00032388,0.571782,0.01581869,0.01626137,-0.01581723,-0.01625992,0.00327716,0.00312836,-0.00327966,-0.00313086,-92.5075,-1.3549,-84.2152,16.47465537,44.11535703,1253.0242
10.040000,4393167.968760,4259559.818248,1797517.678950,-42.989337,-41.651167,186.519328,0.99999512,-0.00008778,0.00312046,-0.00010018,0.00014910,0.31603149,0.00176422,11.1100,1252.9792,1903.5317,0.02587447,0.00032397,0.571540,0.01581869,0.01626137,-0.01581723,-0.01625992,0.00147676,0.00130139,-0.00147911,-0.00130374,-92.4311,-1.3633,-99.8263,16.47467307,44.11535703,1252.9792
10.050000,4393167.538980,4259559.401839,1797519.543751,-42.965591,-41.629583,186.441311,0.99999017,-0.00008716,0.00443138,-0.00008755,0.00017018,0.20713511,0.00327138,11.1100,1252.9342,1905.4901,0.02953906,0.00030837,0.571296,0.01770478,0.01818709,-0.01770408,-0.01818639,0.00074702,0.00056093,-0.00074930,-0.00056321,-92.3542,-1.3010,-113.4019,16.47469077,44.11535703,1252.9342
10.060000,4393167.109460,4259558.985669,1797521.407781,-42.937914,-41.603845,186.364768,0.99998664,-0.00008643,0.00516759,-0.00006910,0.00020236,0.08686333,0.00406872,11.1100,1252.8892,1907.4477,0.03212669,0.00027769,0.571051,0.01770478,0.01818709,-0.01770408,-0.01818639,-0.00047098,-0.00045369,0.00046774,0.00045045,-92.2769,-1.0443,-122.3706,16.47470846,44.11535703,1252.8892
10.070000,4393166.680224,4259558.569766,1797523.271048,-42.909039,-41.576574,186.288745,0.99998603,-0.00008554,0.00528559,-0.00004844,0.00024514,-0.03940687,0.00413579,11.1100,1252.8443,1909.4044,0.03353478,0.00023675,0.570804,0.01770478,0.01818709,-0.01770408,-0.01818639,-0.00151890,-0.00129451,0.00151468,0.00129029,-92.1992,-0.7497,-127.0461,16.47472614,44.11535703,1252.8443
10.080000,4393166.251274,4259558.154134,1797525.133554,-42.881486,-41.550300,186.212374,0.99998860,-0.00008446,0.00477347,-0.00002847,0.00029147,-0.16446631,0.00377368,11.1100,1252.7996,1911.3603,0.03369619,0.00019287,0.570558,0.01770478,0.01818709,-0.01770408,-0.01818639,-0.00201939,-0.00169302,0.00201469,0.00168832,-92.1215,-0.5148,-127.5697,16.47474381,44.11535704,1252.7996
10.090000,4393165.822589,4259557.738756,1797526.995294,-42.856228,-41.526093,186.135382,0.99999322,-0.00008315,0.00368038,-0.00001038,0.00035134,-0.27117946,0.00336842,11.1100,1252.7550,1913.3153,0.03260582,0.00015153,0.570311,0.01470848,0.01457603,-0.01470243,-0.01456998,-0.00012204,0.00017282,0.00011608,-0.00017879,-92.0440,-0.3771,-126.2389,16.47476148,44.11535704,1252.7550
10.100000,4393165.394153,4259557.323617,1797528.856265,-42.832174,-41.502868,186.058315,0.99999764,-0.00008163,0.00216937,0.00000520,0.00037914,-0.33127980,0.00276112,11.1100,1252.7106,1915.2695,0.03036946,0.00011463,0.570066,0.01470848,0.01457603,-0.01470243,-0.01456998,0.00626613,0.00659422,-0.00626989,-0.00659797,-91.9669,-0.2157,-126.1700,16.47477914,44.11535704,1252.7106
10.110000,4393164.965941,4259556.908694,1797530.716460,-42.811607,-41.482851,185.980300,0.99999989,-0.00008007,0.00046358,0.00001713,0.00036896,-0.34899485,0.00190280,11.1100,1252.6662,1917.2229,0.02730488,0.00008349,0.569822,0.01470848,0.01457603,-0.01470243,-0.01456998,0.01165348,0.01204263,-0.01165439,-0.01204355,-91.8901,-0.0601,-121.4510,16.47479679,44.11535704,1252.6662
10.120000,4393164.537904,4259556.493943,1797532.575865,-42.797209,-41.468704,185.900202,0.99999920,-0.00007862,-0.00126430,0.00002441,0.00034100,-0.34019448,0.00090711,11.1100,1252.6220,1919.1754,0.02387531,0.00006032,0.569580,0.01470848,0.01457603,-0.01470243,-0.01456998,0.01421610,0.01463752,-0.01421558,-0.01463700,-91.8139,0.0451,-111.5416,16.47481444,44.11535704,1252.6220
10.130000,4393164.109975,4259556.079299,1797534.434456,-42.789912,-41.461399,185.817547,0.99999578,-0.00007731,-0.00290502,0.00002656,0.00030719,-0.31431330,-0.00013757,11.1100,1252.5778,1921.1271,0.02044631,0.00004682,0.569339,0.00333675,0.00325949,-0.00333596,-0.00325871,0.01524229,0.01567719,-0.01524117,-0.01567607,-91.7383,0.1005,-99.5692,16.47483207,44.11535704,1252.5778
10.140000,4393163.682086,4259555.664696,1797536.292209,-42.788982,-41.460265,185.732544,0.99999042,-0.00007615,-0.00437603,0.00002340,0.00027607,-0.27258217,-0.00120958,11.1100,1252.5335,1923.0780,0.01724378,0.00004370,0.569100,0.00333675,0.00325949,-0.00333596,-0.00325871,0.01629020,0.01674425,-0.01628914,-0.01674318,-91.6632,0.1194,-88.4358,16.47484970,44.11535705,1252.5335
10.150000,4393163.254178,4259555.250077,1797538.149101,-42.793538,-41.464502,185.645468,0.99998428,-0.00007512,-0.00560593,0.00001489,0.00024930,-0.21820840,-0.00226334,11.1100,1252.4890,1925.0281,0.01442769,0.00005117,0.568862,0.00333675,0.00325949,-0.00333596,-0.00325871,0.01709635,0.01756636,-0.01709547,-0.01756548,-91.5886,0.0956,-78.4165,16.47486732,44.11535705,1252.4890
10.160000,4393162.826200,4259554.835391,1797540.005113,-42.802571,-41.473186,185.556664,0.99997859,-0.00007419,-0.00654291,0.00000126,0.00022546,-0.15579948,-0.00324137,11.1100,1252.4442,1926.9773,0.01213467,0.00006909,0.568626,0.00333675,0.00325949,-0.00333596,-0.00325871,0.01747226,0.01794984,-0.01747149,-0.01794907,-91.5144,0.0267,-69.8036,16.47488494,44.11535705,1252.4442
10.170000,4393162.398116,4259554.420602,1797541.860230,-42.814743,-41.485065,185.466635,0.99997439,-0.00007334,-0.00715586,-0.00001699,0.00020356,-0.08899741,-0.00410081,11.1100,1252.3991,1928.9257,0.01046115,0.00009680,0.568390,-0.00105730,-0.00073221,0.00105583,0.00073073,0.01762149,0.01810210,-0.01762076,-0.01810137,-91.4405,-0.0819,-63.2427,16.47490254,44.11535705,1252.3991
10.180000,4393161.969896,4259554.005679,1797543.714441,-42.829368,-41.499678,185.375585,0.99997227,-0.00007264,-0.00744639,-0.00003773,0.00015897,-0.02719870,-0.00422347,11.1100,1252.3536,1930.8734,0.00945966,0.00013315,0.568155,-0.00105730,-0.00073221,0.00105583,0.00073073,0.01661136,0.01687462,-0.01660875,-0.01687201,-91.3668,-0.3618,-57.6327,16.47492014,44.11535705,1252.3536
10.190000,4393161.541524,4259553.590603,1797545.567740,-42.845007,-41.515624,185.284102,0.99997228,-0.00007221,-0.00744542,-0.00005726,0.00009274,0.02728736,-0.00361735,11.1100,1252.3077,1932.8202,0.00912273,0.00017309,0.567921,-0.00105730,-0.00073221,0.00105583,0.00073073,0.01555973,0.01560370,-0.01555522,-0.01559919,-91.2932,-0.6525,-54.5356,16.47493773,44.11535706,1252.3077
10.200000,4393161.112998,4259553.175368,1797547.420124,-42.859973,-41.531146,185.192918,0.99997418,-0.00007215,-0.00718594,-0.00007280,0.00001840,0.07593118,-0.00261957,11.1100,1252.2612,1934.7661,0.00937780,0.00020929,0.567686,-0.00105730,-0.00073221,0.00105583,0.00073073,0.01504006,0.01497622,-0.01503460,-0.01497076,-91.2199,-0.8547,-54.4738,16.47495532,44.11535706,1252.2612
10.210000,4393160.684331,4259552.759986,1797549.271601,-42.872933,-41.544852,185.102604,0.99997757,-0.00007249,-0.00669642,-0.00008291,-0.00005648,0.11906554,-0.00144547,11.1100,1252.2144,1936.7113,0.01014583,0.00023659,0.567452,0.00091150,0.00120599,-0.00091105,-0.00120554,0.01482860,0.01472098,-0.01482277,-0.01471515,-91.1466,-0.9805,-56.8203,16.47497290,44.11535706,1252.2144
10.220000,4393160.255533,4259552.344465,1797551.122174,-42.886006,-41.558701,185.012238,0.99998163,-0.00007316,-0.00606107,-0.00008713,-0.00010517,0.13417420,-0.00026596,11.1100,1252.1670,1938.6557,0.01135956,0.00025252,0.567218,0.00091150,0.00120599,-0.00091105,-0.00120554,0.01070898,0.01060475,-0.01070488,-0.01060064,-91.0733,-1.0324,-56.0038,16.47499047,44.11535706,1252.1670
10.230000,4393159.826607,4259551.928808,1797552.971844,-42.898767,-41.572222,184.922009,0.99998531,-0.00007405,-0.00542000,-0.00008559,-0.00012786,0.12142471,0.00084997,11.1100,1252.1193,1940.5992,0.01286610,0.00025650,0.566984,0.00091150,0.00120599,-0.00091105,-0.00120554,0.00661780,0.00652758,-0.00661553,-0.00652531,-91.0001,-1.0321,-56.4777,16.47500803,44.11535706,1252.1193
10.240000,4393159.397561,4259551.513024,1797554.820615,-42.909831,-41.584022,184.832524,0.99998808,-0.00007505,-0.00488206,-0.00007867,-0.00013775,0.09309168,0.00188273,11.1100,1252.0711,1942.5420,0.01438183,0.00024907,0.566750,0.00091150,0.00120599,-0.00091105,-0.00120554,0.00461167,0.00452920,-0.00461031,-0.00452784,-90.9269,-0.9928,-59.7290,16.47502558,44.11535706,1252.0711
10.250000,4393158.968415,4259551.097133,1797556.668497,-42.918920,-41.593795,184.743920,0.99998984,-0.00007613,-0.00450590,-0.00006681,-0.00014239,0.05692723,0.00281168,11.1100,1252.0225,1944.4839,0.01567849,0.00023113,0.566516,0.00391776,0.00401762,-0.00392232,-0.00402218,0.00379796,0.00371879,-0.00379697,-0.00371780,-90.8537,-0.9168,-63.7087,16.47504313,44.11535707,1252.0225
10.260000,4393158.539181,4259550.681148,1797558.515493,-42.927709,-41.603015,184.655534,0.99999058,-0.00007723,-0.00434062,-0.00005156,-0.00013492,0.00901409,0.00323230,11.1100,1251.9734,1946.4250,0.01663650,0.00020377,0.566282,0.00391776,0.00401762,-0.00392232,-0.00402218,0.00193489,0.00199994,-0.00193484,-0.00199989,-90.7806,-0.7176,-65.2103,16.47506067,44.11535707,1251.9734
10.270000,4393158.109857,4259550.265070,1797560.361606,-42.937121,-41.612567,184.567005,0.99999015,-0.00007828,-0.00443797,-0.00003547,-0.00011716,-0.04780206,0.00314258,11.1100,1251.9241,1948.3653,0.01716962,0.00017062,0.566048,0.00391776,0.00401762,-0.00392232,-0.00402218,0.00025871,0.00046798,-0.00025951,-0.00046879,-90.7075,-0.4993,-65.3905,16.47507821,44.11535707,1251.9241
10.280000,4393157.680434,4259549.848892,1797562.206832,-42.947729,-41.623075,184.478108,0.99998835,-0.00007924,-0.00482605,-0.00002055,-0.00009526,-0.10694874,0.00275360,11.1100,1251.8743,1950.3048,0.01718121,0.00013683,0.565814,0.00391776,0.00401762,-0.00392232,-0.00402218,-0.00054883,-0.00026875,0.00054761,0.00026754,-90.6345,-0.3273,-64.6799,16.47509573,44.11535707,1251.8743
10.290000,4393157.250895,4259549.432601,1797564.051165,-42.960462,-41.635491,184.388468,0.99998484,-0.00008008,-0.00550521,-0.00000798,-0.00007256,-0.16391990,0.00219829,11.1100,1251.8241,1952.2434,0.01661955,0.00010620,0.565580,0.00480021,0.00502685,-0.00480639,-0.00503303,-0.00087397,-0.00056516,0.00087259,0.00056378,-90.5616,-0.1952,-62.3924,16.47511325,44.11535707,1251.8241
10.300000,4393156.821216,4259549.016175,1797565.894598,-42.975856,-41.650389,184.297865,0.99997921,-0.00008081,-0.00644782,0.00000166,-0.00005902,-0.21206530,0.00157717,11.1100,1251.7736,1954.1813,0.01549108,0.00008087,0.565347,0.00480021,0.00502685,-0.00480639,-0.00503303,-0.00029435,0.00001424,0.00029359,-0.00001499,-90.4890,-0.1023,-59.0701,16.47513076,44.11535707,1251.7736
10.310000,4393156.391367,4259548.599583,1797567.737118,-42.994895,-41.668756,184.205876,0.99997108,-0.00008148,-0.00760502,0.00000814,-0.00005464,-0.24956194,0.00093202,11.1100,1251.7226,1956.1184,0.01385529,0.00006180,0.565115,0.00480021,0.00502685,-0.00480639,-0.00503303,0.00036710,0.00066849,-0.00036719,-0.00066858,-90.4166,-0.0377,-53.8977,16.47514827,44.11535707,1251.7226
10.320000,4393155.961303,4259548.182785,1797569.578710,-43.018618,-41.691629,184.112033,0.99996016,-0.00008212,-0.00892540,0.00001138,-0.00005462,-0.27720290,0.00027748,11.1100,1251.6711,1958.0546,0.01181741,0.00004933,0.564883,0.00480021,0.00502685,-0.00480639,-0.00503303,0.00069854,0.00099582,-0.00069829,-0.00099558,-90.3444,0.0036,-46.7618,16.47516576,44.11535707,1251.6711
10.330000,4393155.530976,4259547.765733,1797571.419352,-43.047717,-41.719704,184.015998,0.99994632,-0.00008272,-0.01036055,0.00001136,-0.00005624,-0.29540182,-0.00037012,11.1100,1251.6191,1959.9901,0.00948827,0.00004350,0.564653,0.00287592,0.00273584,-0.00287938,-0.00273930,0.00083416,0.00112968,-0.00083378,-0.00112931,-90.2725,0.0213,-38.2547,16.47518325,44.11535708,1251.6191
10.340000,4393155.100334,4259547.348376,1797573.259023,-43.081740,-41.752628,183.917911,0.99992979,-0.00008325,-0.01184946,0.00000863,-0.00003613,-0.29872046,-0.00080864,11.1100,1251.5664,1961.9247,0.00697005,0.00004422,0.564423,0.00287592,0.00273584,-0.00287938,-0.00273930,0.00195298,0.00217867,-0.00195433,-0.00218003,-90.2009,-0.0279,-30.1879,16.47520073,44.11535708,1251.5664
10.350000,4393154.669326,4259546.930665,1797575.097704,-43.120715,-41.790441,183.817712,0.99991130,-0.00008361,-0.01331858,0.00000426,0.00000493,-0.28758088,-0.00102803,11.1100,1251.5131,1963.8585,0.00438179,0.00005012,0.564193,0.00287592,0.00273584,-0.00287938,-0.00273930,0.00304504,0.00320094,-0.00304817,-0.00320407,-90.1295,-0.0954,-21.7686,16.47521821,44.11535708,1251.5131
10.360000,4393154.237903,4259546.512551,1797576.935371,-43.164755,-41.833235,183.715308,0.99989188,-0.00008373,-0.01470464,-0.00000090,0.00005449,-0.26565529,-0.00111987,11.1100,1251.4590,1965.7916,0.00187098,0.00005897,0.563964,0.00287592,0.00273584,-0.00287938,-0.00273930,0.00357896,0.00370060,-0.00358296,-0.00370461,-90.0583,-0.1509,-12.9150,16.47523568,44.11535708,1251.4590
10.370000,4393153.806016,4259546.093985,1797578.772003,-43.213540,-41.880686,183.610802,0.99987262,-0.00008360,-0.01596043,-0.00000634,0.00010564,-0.23566861,-0.00113801,11.1100,1251.4040,1967.7238,-0.00043494,0.00006912,0.563736,-0.00505223,-0.00538146,0.00505845,0.00538768,0.00379526,0.00390300,-0.00379962,-0.00390736,-89.9873,-0.1979,-4.4110,16.47525314,44.11535708,1251.4040
10.380000,4393153.373620,4259545.674925,1797580.607581,-43.266192,-41.931904,183.504572,0.99985470,-0.00008318,-0.01704597,-0.00001205,0.00016266,-0.19778965,-0.00122599,11.1100,1251.3481,1969.6552,-0.00244386,0.00007960,0.563508,-0.00505223,-0.00538146,0.00505845,0.00538768,0.00418897,0.00433661,-0.00419403,-0.00434168,-89.9164,-0.2124,2.7543,16.47527059,44.11535708,1251.3481
10.390000,4393152.940682,4259545.255338,1797582.442090,-43.321851,-41.986054,183.396994,0.99983931,-0.00008246,-0.01792614,-0.00001841,0.00022421,-0.15377548,-0.00138940,11.1100,1251.2913,1971.5858,-0.00408255,0.00009054,0.563280,-0.00505223,-0.00538146,0.00505845,0.00538768,0.00453245,0.00472359,-0.00453814,-0.00472928,-89.8456,-0.2267,8.6176,16.47528804,44.11535708,1251.2913
10.400000,4393152.507176,4259544.835198,1797584.275518,-43.379631,-42.042303,183.288464,0.99982743,-0.00008141,-0.01857690,-0.00002563,0.00028596,-0.10629365,-0.00156421,11.1100,1251.2334,1973.5156,-0.00528718,0.00010266,0.563052,-0.00505223,-0.00538146,0.00505845,0.00538768,0.00469696,0.00490974,-0.00470295,-0.00491573,-89.7750,-0.2593,13.1102,16.47530547,44.11535708,1251.2334
10.410000,4393152.073086,4259544.414488,1797586.107858,-43.438520,-42.099687,183.179452,0.99981974,-0.00008004,-0.01898656,-0.00003366,0.00034566,-0.05759973,-0.00171127,11.1100,1251.1745,1975.4446,-0.00601628,0.00011632,0.562825,-0.00551417,-0.00572090,0.00552038,0.00572712,0.00476302,0.00498464,-0.00476914,-0.00499075,-89.7044,-0.3055,15.9628,16.47532291,44.11535709,1251.1745
10.420000,4393151.638403,4259543.993200,1797587.939106,-43.497975,-42.157785,183.070193,0.99981635,-0.00007840,-0.01916393,-0.00004147,0.00039049,-0.01361650,-0.00146948,11.1100,1251.1144,1977.3727,-0.00625403,0.00013136,0.562597,-0.00551417,-0.00572090,0.00552038,0.00572712,0.00410355,0.00419813,-0.00410874,-0.00420332,-89.6340,-0.4404,17.9603,16.47534033,44.11535709,1251.1144
10.430000,4393151.203127,4259543.571332,1797589.769262,-43.557024,-42.215638,182.961154,0.99981688,-0.00007660,-0.01913644,-0.00004713,0.00042088,0.02414918,-0.00084819,11.1100,1251.0533,1979.3001,-0.00602183,0.00014531,0.562371,-0.00551417,-0.00572090,0.00552038,0.00572712,0.00342446,0.00338916,-0.00342869,-0.00339339,-89.5638,-0.5709,18.2043,16.47535775,44.11535709,1251.0533
10.440000,4393150.767267,4259543.148892,1797591.598331,-43.614575,-42.272110,182.852872,0.99982075,-0.00007474,-0.01893306,-0.00004923,0.00044367,0.05657942,-0.00004951,11.1100,1250.9911,1981.2266,-0.00538198,0.00015436,0.562144,-0.00551417,-0.00572090,0.00552038,0.00572712,0.00308947,0.00299017,-0.00309323,-0.00299392,-89.4937,-0.6406,16.4345,16.47537515,44.11535709,1250.9911
10.450000,4393150.330843,4259542.725897,1797593.426323,-43.669796,-42.326325,182.745759,0.99982737,-0.00007284,-0.01857997,-0.00004722,0.00046277,0.08389323,0.00079649,11.1100,1250.9277,1983.1524,-0.00440108,0.00015602,0.561918,-0.00284234,-0.00277952,0.00285367,0.00279086,0.00295326,0.00282795,-0.00295682,-0.00283151,-89.4237,-0.6584,13.1045,16.47539256,44.11535709,1250.9277
10.460000,4393149.893871,4259542.302364,1797595.253246,-43.724202,-42.379754,182.639100,0.99983542,-0.00007104,-0.01814176,-0.00004060,0.00043753,0.09060263,0.00179434,11.1100,1250.8633,1985.0773,-0.00313817,0.00014944,0.561693,-0.00284234,-0.00277952,0.00285367,0.00279086,0.00008533,-0.00011686,-0.00008538,0.00011680,-89.3539,-0.6766,12.0968,16.47540995,44.11535709,1250.8633
10.470000,4393149.456359,4259541.878302,1797597.079105,-43.777613,-42.432169,182.532991,0.99984297,-0.00006956,-0.01772104,-0.00002872,0.00037089,0.07697572,0.00289309,11.1100,1250.7979,1987.0014,-0.00171085,0.00013361,0.561468,-0.00284234,-0.00277952,0.00285367,0.00279086,-0.00276549,-0.00303866,0.00276892,0.00304209,-89.2843,-0.6559,10.3570,16.47542734,44.11535709,1250.7979
10.480000,4393149.018323,4259541.453726,1797598.903908,-43.829210,-42.482703,182.427827,0.99984864,-0.00006856,-0.01739795,-0.00001142,0.00028704,0.05169287,0.00395952,11.1100,1250.7314,1988.9247,-0.00032600,0.00010744,0.561243,-0.00284234,-0.00277952,0.00285367,0.00279086,-0.00416363,-0.00447116,0.00416876,0.00447629,-89.2148,-0.5740,6.8757,16.47544472,44.11535709,1250.7314
10.490000,4393148.579780,4259541.028654,1797600.727665,-43.878942,-42.531245,182.323640,0.99985178,-0.00006808,-0.01721692,0.00001093,0.00019941,0.02032441,0.00490690,11.1100,1250.6640,1990.8472,0.00084956,0.00007089,0.561018,0.00028658,0.00033349,-0.00028223,-0.00032914,-0.00473076,-0.00505216,0.00473659,0.00505799,-89.1455,-0.4412,3.0897,16.47546209,44.11535709,1250.6640
10.500000,4393148.140748,4259540.603105,1797602.550383,-43.927390,-42.578282,182.220176,0.99985202,-0.00006810,-0.01720255,0.00003733,0.00011356,-0.01477516,0.00557169,11.1100,1250.5955,1992.7689,0.00172630,0.00002494,0.560794,0.00028658,0.00033349,-0.00028223,-0.00032914,-0.00510512,-0.00538811,0.00511121,0.00539420,-89.0763,-0.2424,0.1211,16.47547946,44.11535709,1250.5955
10.510000,4393147.701234,4259540.177091,1797604.372070,-43.975250,-42.624462,182.117118,0.99984915,-0.00006857,-0.01736854,0.00006629,0.00003143,-0.05162042,0.00593072,11.1100,1250.5262,1994.6898,0.00225920,-0.00002812,0.560570,0.00028658,0.00033349,-0.00028223,-0.00032914,-0.00534409,-0.00558510,0.00535026,0.00559128,-89.0073,-0.0167,-1.7538,16.47549681,44.11535710,1250.5262
10.520000,4393147.261242,4259539.750617,1797606.192726,-44.023242,-42.670491,182.014130,0.99984300,-0.00006946,-0.01771882,0.00009641,-0.00004647,-0.08830140,0.00603584,11.1100,1250.4558,1996.6099,0.00242602,-0.00008524,0.560347,0.00028658,0.00033349,-0.00028223,-0.00032914,-0.00545029,-0.00567041,0.00545649,0.00567661,-88.9384,0.2093,-2.4280,16.47551416,44.11535710,1250.4558
10.530000,4393146.820766,4259539.323679,1797608.012351,-44.072120,-42.717110,181.910857,0.99983347,-0.00007070,-0.01824876,0.00012653,-0.00012011,-0.12330308,0.00592360,11.1100,1250.3846,1998.5292,0.00222442,-0.00014363,0.560124,0.00220872,0.00200960,-0.00220042,-0.00200130,-0.00549152,-0.00570311,0.00549774,0.00570933,-88.8696,0.4308,-1.8094,16.47553151,44.11535710,1250.3846
10.540000,4393146.379798,4259538.896274,1797609.830943,-44.121899,-42.764279,181.807304,0.99982073,-0.00007231,-0.01893357,0.00015497,-0.00021187,-0.15011633,0.00536930,11.1100,1250.3124,2000.4478,0.00166948,-0.00020098,0.559901,0.00220872,0.00200960,-0.00220042,-0.00200130,-0.00455696,-0.00466959,0.00456500,0.00467763,-88.8009,0.7022,-1.1227,16.47554884,44.11535710,1250.3124
10.550000,4393145.938324,4259538.468391,1797611.648496,-44.173145,-42.812581,181.703192,0.99980532,-0.00007433,-0.01973020,0.00017960,-0.00032075,-0.16794809,0.00440667,11.1100,1250.2393,2002.3655,0.00081069,-0.00025377,0.559678,0.00220872,0.00200960,-0.00220042,-0.00200130,-0.00360738,-0.00362257,0.00361724,0.00363243,-88.7324,0.9533,0.7059,16.47556617,44.11535710,1250.2393
10.560000,4393145.496328,4259538.040016,1797613.465004,-44.226583,-42.862805,181.598150,0.99978779,-0.00007679,-0.02059936,0.00019880,-0.00043439,-0.17909024,0.00320706,11.1100,1250.1652,2004.2824,-0.00026136,-0.00029786,0.559456,0.00220872,0.00200960,-0.00220042,-0.00200130,-0.00313997,-0.00310745,0.00315073,0.00311821,-88.6640,1.1396,3.9775,16.47558350,44.11535710,1250.1652
10.570000,4393145.053784,4259537.611127,1797615.280455,-44.282611,-42.915417,181.491957,0.99976859,-0.00007967,-0.02151091,0.00021169,-0.00054603,-0.18489239,0.00189002,11.1100,1250.0901,2006.1985,-0.00146218,-0.00033033,0.559234,0.00029444,-0.00003724,-0.00029511,0.00003657,-0.00295009,-0.00289823,0.00296121,0.00290935,-88.5958,1.2645,8.1058,16.47560081,44.11535710,1250.0901
10.580000,4393144.610671,4259537.181703,1797617.094841,-44.340545,-42.969829,181.384908,0.99974850,-0.00008288,-0.02242493,0.00021791,-0.00062269,-0.18012130,0.00054856,11.1100,1250.0140,2008.1138,-0.00272807,-0.00034972,0.559013,0.00029444,-0.00003724,-0.00029511,0.00003657,-0.00176774,-0.00171437,0.00177652,0.00172315,-88.5277,1.3295,11.2950,16.47561812,44.11535710,1250.0140
10.590000,4393144.166969,4259536.751726,1797618.908151,-44.400272,-43.025994,181.277033,0.99972872,-0.00008624,-0.02328995,0.00021747,-0.00066512,-0.16538678,-0.00076011,11.1100,1249.9369,2010.0283,-0.00398411,-0.00035559,0.558791,0.00029444,-0.00003724,-0.00029511,0.00003657,-0.00062489,-0.00057468,0.00063122,0.00058101,-88.4596,1.3417,14.5433,16.47563542,44.11535710,1249.9369
10.600000,4393143.722660,4259536.321178,1797620.720379,-44.461872,-43.084047,181.168270,0.99971036,-0.00008965,-0.02406556,0.00021064,-0.00069036,-0.14447462,-0.00199699,11.1100,1249.8586,2011.9420,-0.00512794,-0.00034822,0.558570,0.00029444,-0.00003724,-0.00029511,0.00003657,-0.00006707,-0.00001880,0.00007219,0.00002392,-88.3918,1.3060,18.1301,16.47565271,44.11535711,1249.8586
10.610000,4393143.277726,4259535.890040,1797622.531514,-44.525093,-43.143796,181.058725,0.99969421,-0.00009304,-0.02472729,0.00019787,-0.00070812,-0.11997120,-0.00312651,11.1100,1249.7793,2013.8549,-0.00607780,-0.00032835,0.558349,-0.00284426,-0.00315180,0.00284148,0.00314902,0.00015875,0.00020617,-0.00015412,-0.00020154,-88.3240,1.2255,21.4294,16.47567000,44.11535711,1249.7793
10.620000,4393142.832157,4259535.458300,1797624.341552,-44.588957,-43.204403,180.948847,0.99968107,-0.00009647,-0.02525286,0.00018035,-0.00073971,-0.09016739,-0.00389052,11.1100,1249.6989,2015.7670,-0.00678648,-0.00029708,0.558129,-0.00284426,-0.00315180,0.00284148,0.00314902,0.00092542,0.00088508,-0.00091957,-0.00087923,-88.2563,1.0512,23.2532,16.47568728,44.11535711,1249.6989
10.630000,4393142.385948,4259535.025952,1797626.150491,-44.652845,-43.265294,180.838937,0.99967176,-0.00010004,-0.02561911,0.00015993,-0.00078588,-0.05641245,-0.00427248,11.1100,1249.6172,2017.6783,-0.00721649,-0.00025720,0.557908,-0.00284426,-0.00315180,0.00284148,0.00314902,0.00164165,0.00151327,-0.00163445,-0.00150608,-88.1888,0.8472,24.1380,16.47570455,44.11535711,1249.6172
10.640000,4393141.939102,4259534.592995,1797627.958332,-44.716305,-43.326011,180.729230,0.99966675,-0.00010386,-0.02581377,0.00013826,-0.00083761,-0.02169662,-0.00438520,11.1100,1249.5345,2019.5888,-0.00732616,-0.00021256,0.557688,-0.00284426,-0.00315180,0.00284148,0.00314902,0.00198912,0.00181751,-0.00198125,-0.00180964,-88.1214,0.6550,24.2842,16.47572181,44.11535711,1249.5345
10.650000,4393141.491625,4259534.159434,1797629.765078,-44.778751,-43.385965,180.620026,0.99966615,-0.00010796,-0.02583744,0.00011650,-0.00088975,0.01182172,-0.00429874,11.1100,1249.4505,2021.4985,-0.00709450,-0.00016635,0.557469,-0.00308561,-0.00302503,0.00308042,0.00301983,0.00212943,0.00194027,-0.00212129,-0.00193213,-88.0541,0.4741,23.4196,16.47573907,44.11535712,1249.4505
10.660000,4393141.043530,4259533.725278,1797631.570734,-44.840049,-43.445043,180.511394,0.99966946,-0.00011226,-0.02570911,0.00009586,-0.00090156,0.03897790,-0.00392917,11.1100,1249.3655,2023.4074,-0.00652736,-0.00012084,0.557250,-0.00308561,-0.00302503,0.00308042,0.00301983,0.00150105,0.00125827,-0.00149599,-0.00125321,-87.9870,0.2753,22.2712,16.47575632,44.11535712,1249.3655
10.670000,4393140.594829,4259533.290537,1797633.375308,-44.899653,-43.502691,180.403612,0.99967575,-0.00011661,-0.02546302,0.00007770,-0.00087433,0.05883900,-0.00330653,11.1100,1249.2793,2025.3155,-0.00566372,-0.00007852,0.557031,-0.00308561,-0.00302503,0.00308042,0.00301983,0.00083521,0.00054277,-0.00083333,-0.00054089,-87.9201,0.0922,20.0542,16.47577356,44.11535712,1249.2793
10.680000,4393140.145544,4259532.855231,1797635.178810,-44.956914,-43.558229,180.297013,0.99968412,-0.00012086,-0.02513236,0.00006306,-0.00082973,0.07274658,-0.00252388,11.1100,1249.1920,2027.2228,-0.00457639,-0.00004199,0.556812,-0.00308561,-0.00302503,0.00308042,0.00301983,0.00050526,0.00018877,-0.00050494,-0.00018845,-87.8533,-0.0529,16.5710,16.47579079,44.11535712,1249.1920
10.690000,4393139.695700,4259532.419381,1797636.981253,-45.011432,-43.611220,180.191799,0.99969378,-0.00012499,-0.02474506,0.00005258,-0.00077997,0.08146624,-0.00164828,11.1100,1249.1036,2029.1293,-0.00333706,-0.00001313,0.556595,-0.00082551,-0.00064213,0.00082747,0.00064408,0.00037085,0.00004465,-0.00037117,-0.00004497,-87.7867,-0.1603,12.2680,16.47580802,44.11535712,1249.1036
10.700000,4393139.245321,4259531.983011,1797638.782649,-45.063835,-43.662220,180.087673,0.99970371,-0.00012896,-0.02434087,0.00004654,-0.00072114,0.07952419,-0.00074890,11.1100,1249.0141,2031.0350,-0.00200487,0.00000697,0.556377,-0.00082551,-0.00064213,0.00082747,0.00064408,-0.00079446,-0.00111567,0.00079316,0.00111437,-87.7203,-0.2263,8.8401,16.47582524,44.11535713,1249.0141
10.710000,4393138.794429,4259531.546142,1797640.583009,-45.114171,-43.711235,179.984615,0.99971262,-0.00013273,-0.02397212,0.00004500,-0.00065556,0.06736317,0.00013778,11.1100,1248.9236,2032.9399,-0.00065472,0.00001794,0.556160,-0.00082551,-0.00064213,0.00082747,0.00064408,-0.00193362,-0.00224746,0.00193149,0.00224533,-87.6540,-0.2574,5.2695,16.47584246,44.11535713,1248.9236
10.720000,4393138.343045,4259531.108793,1797642.382345,-45.162301,-43.758093,179.882697,0.99971956,-0.00013627,-0.02368084,0.00004784,-0.00058884,0.04863337,0.00099210,11.1100,1248.8322,2034.8440,0.00060892,0.00001986,0.555943,-0.00082551,-0.00064213,0.00082747,0.00064408,-0.00249071,-0.00280074,0.00248818,0.00279821,-87.5878,-0.2577,1.2749,16.47585966,44.11535713,1248.8322
10.730000,4393137.891189,4259530.670987,1797644.180667,-45.208421,-43.802949,179.781827,0.99972397,-0.00013957,-0.02349371,0.00005485,-0.00052392,0.02582855,0.00179288,11.1100,1248.7398,2036.7473,0.00170069,0.00001312,0.555727,0.00170495,0.00210603,-0.00170386,-0.00210495,-0.00271642,-0.00302487,0.00271373,0.00302218,-87.5218,-0.2280,-2.5151,16.47587686,44.11535713,1248.7398
10.740000,4393137.438881,4259530.232740,1797645.977984,-45.253021,-43.846149,179.681800,0.99972553,-0.00014259,-0.02342740,0.00006486,-0.00045162,0.00043783,0.00218388,11.1100,1248.6465,2038.6499,0.00256863,-0.00000172,0.555510,0.00170495,0.00210603,-0.00170386,-0.00210495,-0.00288579,-0.00306283,0.00288219,0.00305923,-87.4559,-0.0914,-5.6503,16.47589405,44.11535713,1248.6465
10.750000,4393136.986132,4259529.794067,1797647.774305,-45.296632,-43.888198,179.582360,0.99972401,-0.00014525,-0.02349189,0.00007582,-0.00037277,-0.02635617,0.00216082,11.1100,1248.5523,2040.5516,0.00318267,-0.00002184,0.555294,0.00170495,0.00210603,-0.00170386,-0.00210495,-0.00300142,-0.00304670,0.00299693,0.00304222,-87.3901,0.0625,-7.9350,16.47591124,44.11535714,1248.5523
10.760000,4393136.532950,4259529.354978,1797649.569632,-45.339796,-43.929676,179.483234,0.99971930,-0.00014748,-0.02369153,0.00008611,-0.00029318,-0.05348669,0.00190499,11.1100,1248.4573,2042.4526,0.00352689,-0.00004308,0.555079,0.00170495,0.00210603,-0.00170386,-0.00210495,-0.00305377,-0.00303434,0.00304885,0.00302943,-87.3245,0.1780,-9.2791,16.47592842,44.11535714,1248.4573
10.770000,4393136.079336,4259528.915474,1797651.363969,-45.383071,-43.971165,179.384146,0.99971133,-0.00014927,-0.02402560,0.00009484,-0.00021597,-0.07999773,0.00152836,11.1100,1248.3613,2044.3528,0.00359699,-0.00006239,0.554863,0.00448155,0.00437647,-0.00448272,-0.00437764,-0.00307427,-0.00302859,0.00306918,0.00302349,-87.2589,0.2624,-9.6439,16.47594559,44.11535714,1248.3613
10.780000,4393135.625289,4259528.475556,1797653.157316,-45.426416,-44.012627,179.285115,0.99970035,-0.00015070,-0.02447807,0.00010127,-0.00017272,-0.10075085,0.00097723,11.1100,1248.2646,2046.2522,0.00339889,-0.00007817,0.554648,0.00448155,0.00437647,-0.00448272,-0.00437764,-0.00227857,-0.00217950,0.00227595,0.00217689,-87.1935,0.3494,-10.0233,16.47596275,44.11535714,1248.2646
10.790000,4393135.170807,4259528.035221,1797654.949672,-45.470270,-44.054516,179.185924,0.99968697,-0.00015190,-0.02501857,0.00010461,-0.00016215,-0.11514741,0.00028892,11.1100,1248.1669,2048.1509,0.00296432,-0.00008892,0.554434,0.00448155,0.00437647,-0.00448272,-0.00437764,-0.00147354,-0.00132717,0.00147345,0.00132708,-87.1283,0.4136,-9.5272,16.47597991,44.11535714,1248.1669
10.800000,4393134.715880,4259527.594462,1797656.741033,-45.515230,-44.097462,179.086265,0.99967174,-0.00015300,-0.02561986,0.00010438,-0.00016705,-0.12502669,-0.00044883,11.1100,1248.0684,2050.0487,0.00235756,-0.00009322,0.554219,0.00448155,0.00437647,-0.00448272,-0.00437764,-0.00107757,-0.00090847,0.00107872,0.00090963,-87.0631,0.4391,-7.8783,16.47599706,44.11535715,1248.0684
10.810000,4393134.260497,4259527.153267,1797658.531395,-45.561653,-44.141853,178.985950,0.99965508,-0.00015403,-0.02626190,0.00010049,-0.00017769,-0.13142814,-0.00117677,11.1100,1247.9691,2051.9458,0.00163795,-0.00009030,0.554005,0.00398934,0.00374459,-0.00398861,-0.00374386,-0.00091675,-0.00073851,0.00091841,0.00074018,-86.9981,0.4302,-5.5159,16.47601420,44.11535715,1247.9691
10.820000,4393133.804645,4259526.711623,1797660.320751,-45.609057,-44.187201,178.885216,0.99963768,-0.00015501,-0.02691615,0.00009257,-0.00018629,-0.12993106,-0.00205382,11.1100,1247.8688,2053.8421,0.00084854,-0.00008013,0.553791,0.00398934,0.00374459,-0.00398861,-0.00374386,0.00004213,0.00030110,-0.00004059,-0.00029956,-86.9332,0.4377,-3.8817,16.47603134,44.11535715,1247.8688
10.830000,4393133.348314,4259526.269521,1797662.109098,-45.657418,-44.233524,178.784061,0.99962058,-0.00015590,-0.02754401,0.00007997,-0.00019148,-0.12092554,-0.00304495,11.1100,1247.7677,2055.7376,0.00004259,-0.00006194,0.553578,0.00398934,0.00374459,-0.00398861,-0.00374386,0.00096734,0.00130529,-0.00096604,-0.00130398,-86.8684,0.4146,-2.1125,16.47604847,44.11535715,1247.7677
10.840000,4393132.891494,4259525.826949,1797663.896431,-45.706871,-44.281024,178.682396,0.99960467,-0.00015668,-0.02811537,0.00006245,-0.00019482,-0.10740649,-0.00401477,11.1100,1247.6656,2057.6324,-0.00070266,-0.00003456,0.553365,0.00398934,0.00374459,-0.00398861,-0.00374386,0.00141879,0.00179536,-0.00141761,-0.00179418,-86.8038,0.3339,0.0577,16.47606559,44.11535716,1247.6656
10.850000,4393132.434174,4259525.383897,1797665.682745,-45.757294,-44.329639,178.580262,0.99959056,-0.00015735,-0.02861261,0.00004033,-0.00019731,-0.09135829,-0.00487587,11.1100,1247.5626,2059.5263,-0.00132564,0.00000220,0.553152,0.00188836,0.00156593,-0.00189328,-0.00157084,0.00160152,0.00199374,-0.00160040,-0.00199262,-86.7393,0.2060,2.1378,16.47608270,44.11535716,1247.5626
10.860000,4393131.976349,4259524.940356,1797667.468037,-45.807686,-44.378567,178.478117,0.99957898,-0.00015793,-0.02901446,0.00001542,-0.00018989,-0.06935935,-0.00512465,11.1100,1247.4586,2061.4195,-0.00179178,0.00004747,0.552940,0.00188836,0.00156593,-0.00189328,-0.00157084,0.00265588,0.00287402,-0.00265558,-0.00287373,-86.6749,-0.0643,2.7407,16.47609981,44.11535716,1247.4586
10.870000,4393131.518023,4259524.496327,1797669.252308,-45.857623,-44.427401,178.376173,0.99957084,-0.00015846,-0.02929367,-0.00000920,-0.00017324,-0.04242818,-0.00475565,11.1100,1247.3537,2063.3119,-0.00206568,0.00009699,0.552727,0.00188836,0.00156593,-0.00189328,-0.00157084,0.00367183,0.00371114,-0.00367235,-0.00371166,-86.6106,-0.3493,2.7277,16.47611691,44.11535716,1247.3537
10.880000,4393131.059199,4259524.051810,1797671.035562,-45.906944,-44.475897,178.274533,0.99956671,-0.00015897,-0.02943402,-0.00003108,-0.00015282,-0.01394646,-0.00402426,11.1100,1247.2478,2065.2035,-0.00209610,0.00014458,0.552515,0.00188836,0.00156593,-0.00189328,-0.00157084,0.00416743,0.00411856,-0.00416835,-0.00411947,-86.5465,-0.5704,2.4259,16.47613400,44.11535717,1247.2478
10.890000,4393130.599887,4259523.606812,1797672.817801,-45.955295,-44.523634,178.173396,0.99956673,-0.00015950,-0.02943355,-0.00004882,-0.00013165,0.01378083,-0.00309512,11.1100,1247.1409,2067.0944,-0.00185221,0.00018567,0.552304,0.00095317,0.00082714,-0.00095497,-0.00082894,0.00436803,0.00428330,-0.00436910,-0.00428437,-86.4825,-0.7352,1.4657,16.47615109,44.11535717,1247.1409
10.900000,4393130.140098,4259523.161341,1797674.599032,-46.002345,-44.570267,178.072935,0.99957058,-0.00016010,-0.02930224,-0.00006134,-0.00011896,0.03828658,-0.00193510,11.1100,1247.0331,2068.9845,-0.00133313,0.00021773,0.552093,0.00095317,0.00082714,-0.00095497,-0.00082894,0.00426737,0.00411970,-0.00426783,-0.00412017,-86.4186,-0.8824,-0.1106,16.47616817,44.11535717,1247.0331
10.910000,4393129.679846,4259522.715411,1797676.379262,-46.047654,-44.615308,177.973384,0.99957770,-0.00016083,-0.02905855,-0.00006763,-0.00011475,0.05864545,-0.00060794,11.1100,1246.9244,2070.8737,-0.00056152,0.00023872,0.551882,0.00095317,0.00082714,-0.00095497,-0.00082894,0.00411757,0.00391531,-0.00411738,-0.00391512,-86.3549,-0.9836,-2.5507,16.47618524,44.11535717,1246.9244
10.920000,4393129.219152,4259522.269042,1797678.158503,-46.090789,-44.658259,177.874976,0.99958738,-0.00016174,-0.02872350,-0.00006717,-0.00011460,0.07476892,0.00076847,11.1100,1246.8148,2072.7623,0.00042195,0.00024687,0.551671,0.00095317,0.00082714,-0.00095497,-0.00082894,0.00404000,0.00381162,-0.00403948,-0.00381110,-86.2913,-1.0212,-5.8665,16.47620231,44.11535717,1246.8148
10.930000,4393128.758039,4259521.822254,1797679.936766,-46.131434,-44.698741,177.777882,0.99959893,-0.00016284,-0.02831859,-0.00005992,-0.00011600,0.08654549,0.00211005,11.1100,1246.7043,2074.6500,0.00157154,0.00024139,0.551461,0.00114184,0.00126306,-0.00114726,-0.00126848,0.00400784,0.00376898,-0.00400719,-0.00376833,-86.2278,-1.0005,-9.8540,16.47621936,44.11535718,1246.7043
10.940000,4393128.296529,4259521.375073,1797681.714064,-46.169924,-44.737040,177.681936,0.99961138,-0.00016408,-0.02787566,-0.00004600,-0.00009418,0.08997266,0.00342817,11.1100,1246.5929,2076.5370,0.00284145,0.00022249,0.551251,0.00114184,0.00126306,-0.00114726,-0.00126848,0.00324917,0.00297885,-0.00325048,-0.00298015,-86.1644,-0.9444,-13.4188,16.47623642,44.11535718,1246.5929
10.950000,4393127.834646,4259520.927520,1797683.490408,-46.206229,-44.773066,177.587162,0.99962354,-0.00016533,-0.02743627,-0.00002565,-0.00004993,0.08516399,0.00467663,11.1100,1246.4808,2078.4232,0.00417044,0.00019063,0.551041,0.00114184,0.00126306,-0.00114726,-0.00126848,0.00249414,0.00219471,-0.00249745,-0.00219801,-86.1011,-0.8408,-17.2334,16.47625346,44.11535718,1246.4808
10.960000,4393127.372412,4259520.479620,1797685.265811,-46.240214,-44.806631,177.493635,0.99963445,-0.00016650,-0.02703579,0.00000061,0.00000351,0.07446876,0.00578121,11.1100,1246.3678,2080.3086,0.00547488,0.00014648,0.550831,0.00282720,0.00277871,-0.00283029,-0.00278181,0.00212378,0.00181024,-0.00212807,-0.00181453,-86.0379,-0.6851,-21.4528,16.47627050,44.11535718,1246.3678
10.970000,4393126.909849,4259520.031396,1797687.040285,-46.271995,-44.837796,177.401308,0.99964349,-0.00016753,-0.02669959,0.00003194,0.00005872,0.05952819,0.00669089,11.1100,1246.2542,2082.1933,0.00668270,0.00009135,0.550621,0.00671203,0.00654974,-0.00669867,-0.00653639,0.00197353,0.00165431,-0.00197822,-0.00165900,-85.9747,-0.4862,-25.6112,16.47628753,44.11535718,1246.2542
10.980000,4393126.446977,4259519.582870,1797688.813841,-46.302102,-44.866992,177.309938,0.99965012,-0.00016842,-0.02645003,0.00006683,0.00009956,0.03991422,0.00719961,11.1100,1246.1398,2084.0772,0.00774384,0.00002713,0.550412,0.00671203,0.00654974,-0.00669867,-0.00653639,0.00158551,0.00133398,-0.00158924,-0.00133771,-85.9117,-0.2131,-29.0231,16.47630455,44.11535719,1246.1398
10.990000,4393125.983811,4259519.134061,1797690.586486,-46.330951,-44.894606,177.219325,0.99965386,-0.00016918,-0.02630821,0.00010326,0.00012562,0.01654886,0.00729789,11.1100,1246.0247,2085.9604,0.00861738,-0.00004285,0.550203,0.00671203,0.00654974,-0.00669867,-0.00653639,0.00123175,0.00104966,-0.00123442,-0.00105233,-85.8487,0.0793,-31.8244,16.47632157,44.11535719,1246.0247
11.000000,4393125.520361,4259518.684982,1797692.358229,-46.358914,-44.921029,177.129286,0.99965437,-0.00016980,-0.02628871,0.00013941,0.00014396,-0.00888964,0.00708195,11.1100,1245.9090,2087.8428,0.00926429,-0.00011449,0.549994,0.00671203,0.00654974,-0.00669867,-0.00653639,0.00106089,0.00091304,-0.00106303,-0.00091519,-85.7858,0.3545,-34.0263,16.47633858,44.11535719,1245.9090
11.010000,4393125.056634,4259518.235642,1797694.129073,-46.386458,-44.946743,177.039591,0.99965147,-0.00017027,-0.02639857,0.00017389,0.00015869,-0.03507121,0.00661867,11.1100,1245.7927,2089.7244,0.00965842,-0.00018426,0.549785,0.00730741,0.00714277,-0.00730073,-0.00713610,0.00099203,0.00085810,-0.00099395,-0.00086002,-85.7229,0.6093,-35.4437,16.47635558,44.11535719,1245.7927
11.020000,4393124.592632,4259517.786048,1797695.899021,-46.414045,-44.972170,176.950028,0.99964512,-0.00017053,-0.02663745,0.00020500,0.00018670,-0.06037898,0.00573300,11.1100,1245.6757,2091.6053,0.00978941,-0.00024946,0.549576,0.00730741,0.00714277,-0.00730073,-0.00713610,0.00103364,0.00099274,-0.00103677,-0.00099587,-85.6602,0.8925,-36.1042,16.47637258,44.11535719,1245.6757
11.030000,4393124.128351,4259517.336198,1797697.668073,-46.442176,-44.997842,176.860345,0.99963543,-0.00017045,-0.02699878,0.00023076,0.00022796,-0.08395001,0.00447107,11.1100,1245.5582,2093.4855,0.00966146,-0.00030663,0.549368,0.00730741,0.00714277,-0.00730073,-0.00713610,0.00109214,0.00114141,-0.00109653,-0.00114580,-85.5975,1.1432,-35.8593,16.47638957,44.11535720,1245.5582
11.040000,4393123.663785,4259516.886088,1797699.436227,-46.471332,-45.024319,176.770289,0.99962251,-0.00016993,-0.02747277,0.00024968,0.00027424,-0.10534530,0.00299727,11.1100,1245.4400,2095.3649,0.00929178,-0.00035194,0.549159,0.00730741,0.00714277,-0.00730073,-0.00713610,0.00112224,0.00121554,-0.00112726,-0.00122056,-85.5350,1.3227,-34.6897,16.47640655,44.11535720,1245.4400
11.050000,4393123.198922,4259516.435709,1797701.203478,-46.501500,-45.051716,176.679838,0.99960675,-0.00016899,-0.02804011,0.00026138,0.00031128,-0.12122788,0.00157912,11.1100,1245.3212,2097.2435,0.00870413,-0.00038280,0.548952,0.00686939,0.00630625,-0.00687139,-0.00630825,0.00173361,0.00178443,-0.00173805,-0.00178888,-85.4726,1.3993,-33.3670,16.47642353,44.11535720,1245.3212
11.060000,4393122.733756,4259515.985055,1797702.969824,-46.531997,-45.079470,176.589308,0.99958931,-0.00016786,-0.02865508,0.00026656,0.00026928,-0.12439368,0.00039025,11.1100,1245.2017,2099.1214,0.00793751,-0.00039893,0.548744,0.00686939,0.00630625,-0.00687139,-0.00630825,0.00372104,0.00367738,-0.00371891,-0.00367525,-85.4104,1.3936,-32.9577,16.47644050,44.11535720,1245.2017
11.070000,4393122.268282,4259515.534120,1797704.735264,-46.563109,-45.107887,176.498550,0.99957185,-0.00016697,-0.02925793,0.00026626,0.00015655,-0.11642761,-0.00060189,11.1100,1245.0816,2100.9985,0.00707841,-0.00040214,0.548537,0.00686939,0.00630625,-0.00687139,-0.00630825,0.00540682,0.00529501,-0.00539843,-0.00528662,-85.3482,1.3587,-31.8278,16.47645746,44.11535720,1245.0816
11.080000,4393121.802491,4259515.082894,1797706.499794,-46.595294,-45.137427,176.407324,0.99955569,-0.00016659,-0.02980497,0.00026129,0.00001459,-0.10214869,-0.00146186,11.1100,1244.9609,2102.8749,0.00624876,-0.00039467,0.548330,0.00686939,0.00630625,-0.00687139,-0.00630825,0.00620964,0.00606655,-0.00619821,-0.00605512,-85.2862,1.3084,-29.7484,16.47647442,44.11535721,1244.9609
11.090000,4393121.336373,4259514.631368,1797708.263409,-46.628576,-45.168133,176.315605,0.99954165,-0.00016684,-0.03027203,0.00025225,-0.00013382,-0.08451830,-0.00221294,11.1100,1244.8395,2104.7505,0.00553962,-0.00037824,0.548124,0.00590478,0.00540102,-0.00590518,-0.00540142,0.00653129,0.00637586,-0.00651863,-0.00636320,-85.2244,1.2382,-27.5213,16.47649136,44.11535721,1244.8395
11.100000,4393120.869918,4259514.179529,1797710.026106,-46.662555,-45.199641,176.223583,0.99953033,-0.00016768,-0.03064374,0.00023970,-0.00025165,-0.06410649,-0.00285198,11.1100,1244.7174,2106.6254,0.00499972,-0.00035414,0.547918,0.00590478,0.00540102,-0.00590518,-0.00540142,0.00686128,0.00670051,-0.00685054,-0.00668977,-85.1627,1.1456,-25.8946,16.47650831,44.11535721,1244.7174
11.110000,4393120.403121,4259513.727374,1797711.787881,-46.696840,-45.231597,176.131441,0.99952217,-0.00016895,-0.03090888,0.00022421,-0.00033704,-0.04199219,-0.00336959,11.1100,1244.5946,2108.4996,0.00465672,-0.00032356,0.547712,0.00590478,0.00540102,-0.00590518,-0.00540142,0.00711548,0.00695231,-0.00710696,-0.00694379,-85.1011,1.0325,-24.8655,16.47652524,44.11535722,1244.5946
11.120000,4393119.935981,4259513.274897,1797713.548735,-46.731058,-45.263656,176.039359,0.99951741,-0.00017057,-0.03106248,0.00020643,-0.00040472,-0.01958762,-0.00375699,11.1100,1244.4710,2110.3729,0.00453013,-0.00028777,0.547507,0.00590478,0.00540102,-0.00590518,-0.00540142,0.00723405,0.00706994,-0.00722665,-0.00706254,-85.0396,0.9027,-24.4351,16.47654217,44.11535722,1244.4710
11.130000,4393119.468502,4259512.822101,1797715.308669,-46.764791,-45.295424,175.947542,0.99951607,-0.00017247,-0.03110576,0.00018703,-0.00046335,0.00204222,-0.00400772,11.1100,1244.3468,2112.2456,0.00462704,-0.00024808,0.547302,0.00408897,0.00357237,-0.00409839,-0.00358178,0.00728113,0.00711667,-0.00727419,-0.00710973,-84.9783,0.7603,-24.7075,16.47655909,44.11535722,1244.3468
11.140000,4393119.000688,4259512.368990,1797717.067687,-46.797721,-45.326700,175.856117,0.99951788,-0.00017458,-0.03104748,0.00016757,-0.00048096,0.02096387,-0.00376909,11.1100,1244.2219,2114.1175,0.00494174,-0.00020589,0.547097,0.00408897,0.00357237,-0.00409839,-0.00358178,0.00714271,0.00683653,-0.00713903,-0.00683284,-84.9170,0.5282,-25.4539,16.47657601,44.11535722,1244.2219
11.150000,4393118.532551,4259511.915570,1797718.825793,-46.829481,-45.357109,175.765273,0.99952237,-0.00017677,-0.03090267,0.00015048,-0.00046092,0.03658720,-0.00305839,11.1100,1244.0963,2115.9886,0.00545467,-0.00016474,0.546892,0.00408897,0.00357237,-0.00409839,-0.00358178,0.00699221,0.00654358,-0.00699168,-0.00654306,-84.8558,0.3020,-26.8935,16.47659292,44.11535723,1244.0963
11.160000,4393118.064104,4259511.461852,1797720.582995,-46.859721,-45.386224,175.675202,0.99952900,-0.00017896,-0.03068750,0.00013761,-0.00042406,0.04906508,-0.00208753,11.1100,1243.9699,2117.8590,0.00613270,-0.00012939,0.546687,0.00408897,0.00357237,-0.00409839,-0.00358178,0.00691733,0.00639872,-0.00691835,-0.00639974,-84.7948,0.1405,-29.0540,16.47660982,44.11535723,1243.9699
11.170000,4393117.595362,4259511.007851,1797722.339300,-46.888193,-45.413730,175.586045,0.99953725,-0.00018112,-0.03041766,0.00012989,-0.00038195,0.05842223,-0.00099570,11.1100,1243.8429,2119.7286,0.00694043,-0.00010316,0.546483,0.00361330,0.00340239,-0.00360941,-0.00339850,0.00688677,0.00633975,-0.00688842,-0.00634140,-84.7338,0.0364,-31.7550,16.47662671,44.11535723,1243.8429
11.180000,4393117.126345,4259510.553582,1797724.094718,-46.914976,-45.439630,175.497773,0.99954647,-0.00018326,-0.03011311,0.00012762,-0.00034605,0.06293541,0.00008391,11.1100,1243.7153,2121.5975,0.00784417,-0.00008768,0.546279,0.00361330,0.00340239,-0.00360941,-0.00339850,0.00653263,0.00599617,-0.00653394,-0.00599748,-84.6728,-0.0067,-34.4513,16.47664360,44.11535724,1243.7153
11.190000,4393116.657068,4259510.099064,1797725.849259,-46.940013,-45.463816,175.410423,0.99955591,-0.00018539,-0.02979807,0.00013060,-0.00031777,0.06263133,0.00110049,11.1100,1243.5871,2123.4657,0.00880429,-0.00008320,0.546075,0.00361330,0.00340239,-0.00360941,-0.00339850,0.00618394,0.00566499,-0.00618475,-0.00566581,-84.6120,-0.0073,-37.3731,16.47666048,44.11535724,1243.5871
11.200000,4393116.187551,4259509.644312,1797727.602930,-46.963224,-45.486174,175.324043,0.99956493,-0.00018754,-0.02949415,0.00013849,-0.00029395,0.05851368,0.00204430,11.1100,1243.4582,2125.3331,0.00977172,-0.00008914,0.545871,0.00361330,0.00340239,-0.00360941,-0.00339850,0.00601320,0.00550343,-0.00601377,-0.00550399,-84.5512,0.0235,-40.5382,16.47667736,44.11535724,1243.4582
11.210000,4393115.717810,4259509.189346,1797729.355742,-46.984664,-45.506724,175.238610,0.99957302,-0.00018971,-0.02921861,0.00015091,-0.00027264,0.05131379,0.00290110,11.1100,1243.3288,2127.1998,0.01070238,-0.00010469,0.545667,0.00539161,0.00522696,-0.00539841,-0.00523375,0.00594399,0.00543803,-0.00594445,-0.00543849,-84.4904,0.0844,-43.7008,16.47669423,44.11535725,1243.3288
11.220000,4393115.247860,4259508.734181,1797731.107704,-47.004944,-45.526027,175.153826,0.99957956,-0.00019179,-0.02899369,0.00016740,-0.00021590,0.03833385,0.00366392,11.1100,1243.1988,2129.0657,0.01156202,-0.00012891,0.545463,0.00539161,0.00522696,-0.00539841,-0.00523375,0.00527308,0.00476398,-0.00527670,-0.00476761,-84.4297,0.1711,-45.9305,16.47671109,44.11535725,1243.1988
11.230000,4393114.777713,4259508.278828,1797732.858820,-47.024343,-45.544326,175.069562,0.99958381,-0.00019359,-0.02884686,0.00018745,-0.00012523,0.02016432,0.00431450,11.1100,1243.0684,2130.9309,0.01231090,-0.00016076,0.545260,0.00539161,0.00522696,-0.00539841,-0.00523375,0.00461520,0.00410203,-0.00462204,-0.00410886,-84.3690,0.2833,-47.8107,16.47672794,44.11535725,1243.0684
11.240000,4393114.307376,4259507.823297,1797734.609097,-47.043015,-45.561744,174.985754,0.99958520,-0.00019497,-0.02879822,0.00021046,-0.00002133,-0.00084643,0.00483153,11.1100,1242.9374,2132.7954,0.01289610,-0.00019912,0.545056,0.00539161,0.00522696,-0.00539841,-0.00523375,0.00429331,0.00377806,-0.00430172,-0.00378647,-84.3084,0.4187,-49.5265,16.47674479,44.11535726,1242.9374
11.250000,4393113.836854,4259507.367595,1797736.358536,-47.061274,-45.578568,174.902261,0.99958348,-0.00019587,-0.02885781,0.00023572,0.00008422,-0.02302757,0.00520042,11.1100,1242.8059,2134.6591,0.01327850,-0.00024263,0.544852,0.00771420,0.00734965,-0.00771917,-0.00735462,0.00416286,0.00364675,-0.00417192,-0.00365580,-84.2479,0.5719,-50.7653,16.47676163,44.11535726,1242.8059
11.260000,4393113.366149,4259506.911726,1797738.107142,-47.079652,-45.595225,174.818847,0.99957848,-0.00019638,-0.02903013,0.00026181,0.00013216,-0.04583680,0.00514765,11.1100,1242.6740,2136.5222,0.01344042,-0.00028981,0.544649,0.00771420,0.00734965,-0.00771917,-0.00735462,0.00394550,0.00353770,-0.00395006,-0.00354226,-84.1874,0.7995,-51.1997,16.47677847,44.11535726,1242.6740
11.270000,4393112.895259,4259506.455690,1797739.854913,-47.098589,-45.612152,174.735301,0.99957013,-0.00019673,-0.02931614,0.00028662,0.00012363,-0.06840699,0.00468322,11.1100,1242.5416,2138.3845,0.01337669,-0.00033748,0.544446,0.00771420,0.00734965,-0.00771917,-0.00735462,0.00375854,0.00345987,-0.00375843,-0.00345975,-84.1271,1.0270,-50.8864,16.47679529,44.11535727,1242.5416
11.280000,4393112.424174,4259505.999481,1797741.601847,-47.118459,-45.629776,174.651428,0.99955843,-0.00019706,-0.02971203,0.00030848,0.00008900,-0.08970336,0.00396697,11.1100,1242.4087,2140.2460,0.01308889,-0.00038149,0.544243,0.00771420,0.00734965,-0.00771917,-0.00735462,0.00366926,0.00342422,-0.00366684,-0.00342180,-84.0668,1.2078,-49.8750,16.47681212,44.11535727,1242.4087
11.290000,4393111.952885,4259505.543090,1797743.347940,-47.139632,-45.648513,174.567035,0.99954352,-0.00019745,-0.03020940,0.00032641,0.00004548,-0.10892159,0.00310528,11.1100,1242.2753,2142.1068,0.01258785,-0.00041878,0.544041,0.01009263,0.00940648,-0.01009809,-0.00941194,0.00363344,0.00341018,-0.00363008,-0.00340682,-84.0067,1.3455,-48.1624,16.47682893,44.11535728,1242.2753
11.300000,4393111.481379,4259505.086508,1797745.093186,-47.162007,-45.668300,174.482169,0.99952585,-0.00019777,-0.03078829,0.00033973,0.00004398,-0.12226769,0.00212221,11.1100,1242.1415,2143.9669,0.01189355,-0.00044758,0.543839,0.01009263,0.00940648,-0.01009809,-0.00941194,0.00425219,0.00405345,-0.00425229,-0.00405354,-83.9467,1.4545,-46.5241,16.47684574,44.11535728,1242.1415
11.310000,4393111.009641,4259504.629721,1797746.837581,-47.185818,-45.689416,174.396698,0.99950624,-0.00019783,-0.03141845,0.00034794,0.00008499,-0.12940946,0.00106391,11.1100,1242.0071,2145.8263,0.01104521,-0.00046669,0.543637,0.01009263,0.00940648,-0.01009809,-0.00941194,0.00488303,0.00470365,-0.00488682,-0.00470744,-83.8868,1.5262,-44.3386,16.47686254,44.11535728,1242.0071
11.320000,4393110.537657,4259504.172714,1797748.581118,-47.211405,-45.712239,174.310436,0.99948546,-0.00019745,-0.03207263,0.00035083,0.00014479,-0.13188227,-0.00001000,11.1100,1241.8722,2147.6849,0.01010548,-0.00047532,0.543436,0.01009263,0.00940648,-0.01009809,-0.00941194,0.00519372,0.00502343,-0.00519934,-0.00502905,-83.8271,1.5552,-41.4399,16.47687934,44.11535729,1241.8722
11.330000,4393110.065407,4259503.715470,1797750.323787,-47.238900,-45.736949,174.223293,0.99946415,-0.00019659,-0.03272989,0.00034842,0.00020989,-0.13066116,-0.00105281,11.1100,1241.7367,2149.5429,0.00913176,-0.00047320,0.543235,0.00911895,0.00869392,-0.00912754,-0.00870250,0.00531996,0.00515329,-0.00532633,-0.00515966,-83.7675,1.5438,-38.1931,16.47689613,44.11535729,1241.7367
11.340000,4393109.592875,4259503.257971,1797752.065582,-47.267716,-45.763067,174.135542,0.99944321,-0.00019529,-0.03336328,0.00034140,0.00026720,-0.12238629,-0.00185532,11.1100,1241.6006,2151.4000,0.00816726,-0.00046060,0.543034,0.00911895,0.00869392,-0.00912754,-0.00870250,0.00619216,0.00595578,-0.00619817,-0.00596178,-83.7082,1.4545,-35.7731,16.47691291,44.11535730,1241.6006
11.350000,4393109.120049,4259502.800205,1797753.806497,-47.297679,-45.790457,174.047253,0.99942384,-0.00019362,-0.03393883,0.00033102,0.00031505,-0.10759476,-0.00239538,11.1100,1241.4639,2153.2565,0.00726159,-0.00043925,0.542834,0.00911895,0.00869392,-0.00912754,-0.00870250,0.00703859,0.00673124,-0.00704404,-0.00673669,-83.6489,1.3355,-33.4980,16.47692968,44.11535730,1241.4639
11.360000,4393108.646918,4259502.342158,1797755.546526,-47.328773,-45.819098,173.958429,0.99940703,-0.00019169,-0.03443050,0.00031838,0.00035698,-0.08892846,-0.00275008,11.1100,1241.3266,2155.1122,0.00648154,-0.00041179,0.542635,0.00911895,0.00869392,-0.00912754,-0.00870250,0.00745200,0.00710971,-0.00745716,-0.00711487,-83.5898,1.2172,-31.1593,16.47694645,44.11535730,1241.3266
11.370000,4393108.173471,4259501.883820,1797757.285664,-47.360773,-45.848766,173.869177,0.99939341,-0.00018953,-0.03482351,0.00030432,0.00039524,-0.06821606,-0.00296372,11.1100,1241.1886,2156.9672,0.00587905,-0.00038043,0.542435,0.00584242,0.00551174,-0.00584162,-0.00551093,0.00761941,0.00726292,-0.00762446,-0.00726797,-83.5308,1.0984,-29.1519,16.47696322,44.11535731,1241.1886
11.380000,4393107.699704,4259501.425183,1797759.023910,-47.392732,-45.878623,173.779963,0.99938372,-0.00018722,-0.03510083,0.00029017,0.00043285,-0.04276058,-0.00277877,11.1100,1241.0500,2158.8214,0.00548197,-0.00034680,0.542236,0.00584242,0.00551174,-0.00584162,-0.00551093,0.00852662,0.00805057,-0.00853179,-0.00805574,-83.4719,0.9127,-28.6262,16.47697997,44.11535731,1241.0500
11.390000,4393107.225619,4259500.966249,1797760.761265,-47.424178,-45.908195,173.691028,0.99937878,-0.00018483,-0.03524128,0.00027788,0.00047017,-0.01358919,-0.00221689,11.1100,1240.9107,2160.6750,0.00531713,-0.00031392,0.542037,0.00584242,0.00551174,-0.00584162,-0.00551093,0.00939831,0.00880549,-0.00940363,-0.00881081,-83.4132,0.7333,-28.8413,16.47699672,44.11535732,1240.9107
11.400000,4393106.751223,4259500.507022,1797762.497732,-47.454862,-45.937170,173.602515,0.99937904,-0.00018242,-0.03523379,0.00026890,0.00050634,0.01630338,-0.00144822,11.1100,1240.7708,2162.5278,0.00542307,-0.00028559,0.541839,0.00584242,0.00551174,-0.00584162,-0.00551093,0.00982332,0.00917340,-0.00982873,-0.00917881,-83.3545,0.6054,-29.4994,16.47701346,44.11535732,1240.7708
11.410000,4393106.276526,4259500.047509,1797764.233317,-47.484383,-45.965103,173.514635,0.99938446,-0.00018001,-0.03507994,0.00026399,0.00054089,0.04484970,-0.00058333,11.1100,1240.6301,2164.3798,0.00581971,-0.00026449,0.541641,0.00464854,0.00427166,-0.00464928,-0.00427239,0.00999531,0.00932226,-0.01000075,-0.00932770,-83.2960,0.5228,-30.8865,16.47703020,44.11535733,1240.6301
11.420000,4393105.801540,4259499.587724,1797765.968027,-47.512514,-45.991661,173.427529,0.99939447,-0.00017757,-0.03479346,0.00026292,0.00058631,0.06926411,0.00008976,11.1100,1240.4888,2166.2312,0.00650048,-0.00025188,0.541443,0.00464854,0.00427166,-0.00464928,-0.00427239,0.00971296,0.00912413,-0.00971953,-0.00913070,-83.2375,0.5306,-32.8021,16.47704693,44.11535733,1240.4888
11.430000,4393105.326282,4259499.127682,1797767.701871,-47.538816,-46.016389,173.341420,0.99940819,-0.00017500,-0.03439717,0.00026465,0.00064199,0.08871019,0.00053942,11.1100,1240.3469,2168.0818,0.00743559,-0.00024687,0.541245,0.00464854,0.00427166,-0.00464928,-0.00427239,0.00938739,0.00888886,-0.00939508,-0.00889654,-83.1791,0.5671,-35.5622,16.47706365,44.11535734,1240.3469
11.440000,4393104.850771,4259498.667404,1797769.434860,-47.562812,-46.038840,173.256540,0.99942466,-0.00017224,-0.03391539,0.00026831,0.00070090,0.10340822,0.00086594,11.1100,1240.2044,2169.9317,0.00857579,-0.00024725,0.541047,0.00464854,0.00427166,-0.00464928,-0.00427239,0.00922401,0.00877030,-0.00923225,-0.00877854,-83.1208,0.5953,-39.2019,16.47708037,44.11535734,1240.2044
11.450000,4393104.375034,4259498.206914,1797771.167006,-47.584173,-46.058701,173.173045,0.99944296,-0.00016925,-0.03337168,0.00027344,0.00075914,0.11345487,0.00112591,11.1100,1240.0614,2171.7808,0.00986860,-0.00025133,0.540849,0.00681936,0.00646141,-0.00681763,-0.00645968,0.00915712,0.00872169,-0.00916558,-0.00873015,-83.0624,0.6206,-43.4748,16.47709708,44.11535735,1240.0614
11.460000,4393103.899093,4259497.746235,1797772.898323,-47.603506,-46.076534,173.090615,0.99946177,-0.00016611,-0.03280344,0.00027956,0.00077735,0.11323379,0.00126007,11.1100,1239.9177,2173.6293,0.01126429,-0.00025819,0.540651,0.00681936,0.00646141,-0.00681763,-0.00645968,0.00796783,0.00757273,-0.00797304,-0.00757793,-83.0042,0.6676,-46.8605,16.47711378,44.11535735,1239.9177
11.470000,4393103.422969,4259497.285389,1797774.628821,-47.620817,-46.092346,173.009240,0.99947941,-0.00016299,-0.03226144,0.00028607,0.00075687,0.10300824,0.00127744,11.1100,1239.7736,2175.4770,0.01269277,-0.00026676,0.540454,0.00681936,0.00646141,-0.00681763,-0.00645968,0.00678822,0.00642922,-0.00679010,-0.00643109,-82.9459,0.7174,-50.4081,16.47713048,44.11535736,1239.7736
11.480000,4393102.946684,4259496.824395,1797776.358512,-47.635908,-46.105957,172.929015,0.99949460,-0.00015998,-0.03178722,0.00029249,0.00071894,0.08620180,0.00122524,11.1100,1239.6290,2177.3240,0.01405248,-0.00027583,0.540256,0.00681936,0.00646141,-0.00681763,-0.00645968,0.00620991,0.00586828,-0.00621015,-0.00586852,-82.8876,0.7577,-54.4269,16.47714717,44.11535737,1239.6290
11.490000,4393102.470258,4259496.363276,1797778.087405,-47.648900,-46.117497,172.849879,0.99950659,-0.00015714,-0.03140791,0.00029855,0.00067550,0.06514207,0.00113176,11.1100,1239.4840,2179.1703,0.01525876,-0.00028452,0.540058,0.00864724,0.00837050,-0.00865165,-0.00837492,0.00597536,0.00564073,-0.00597493,-0.00564031,-82.8293,0.7906,-58.3252,16.47716385,44.11535737,1239.4840
11.500000,4393101.993710,4259495.902049,1797779.815512,-47.660432,-46.127602,172.771510,0.99951477,-0.00015446,-0.03114642,0.00030419,0.00063777,0.03918676,0.00105093,11.1100,1239.3386,2181.0159,0.01625834,-0.00029233,0.539860,0.00864724,0.00837050,-0.00865165,-0.00837492,0.00546417,0.00511571,-0.00546404,-0.00511558,-82.7710,0.8084,-61.2081,16.47718053,44.11535738,1239.3386
11.510000,4393101.517052,4259495.440727,1797781.542837,-47.671001,-46.136760,172.693666,0.99951857,-0.00015189,-0.03102437,0.00030949,0.00060729,0.00949506,0.00098947,11.1100,1239.1928,2182.8608,0.01701051,-0.00029919,0.539662,0.00864724,0.00837050,-0.00865165,-0.00837492,0.00500699,0.00464293,-0.00500733,-0.00464326,-82.7127,0.8221,-63.3232,16.47719720,44.11535738,1239.1928
11.520000,4393101.040291,4259494.979316,1797783.269386,-47.681050,-46.145395,172.616140,0.99951761,-0.00014941,-0.03105507,0.00031450,0.00058115,-0.02177744,0.00093043,11.1100,1239.0466,2184.7050,0.01747599,-0.00030527,0.539463,0.00864724,0.00837050,-0.00865165,-0.00837492,0.00478699,0.00441512,-0.00478756,-0.00441569,-82.6545,0.8375,-64.7437,16.47721386,44.11535739,1239.0466
11.530000,4393100.563431,4259494.517819,1797784.995160,-47.691122,-46.154036,172.538676,0.99951178,-0.00014699,-0.03124232,0.00031922,0.00055755,-0.05299726,0.00086471,11.1100,1238.9001,2186.5484,0.01763166,-0.00031067,0.539265,0.01175326,0.01150646,-0.01175279,-0.01150600,0.00469845,0.00432339,-0.00469913,-0.00432406,-82.5963,0.8533,-65.2627,16.47723052,44.11535739,1238.9001
11.540000,4393100.086470,4259494.056236,1797786.720160,-47.701280,-46.162740,172.461262,0.99950138,-0.00014465,-0.03157333,0.00032357,0.00052577,-0.07917846,0.00077372,11.1100,1238.7532,2188.3912,0.01747422,-0.00031539,0.539068,0.01175326,0.01150646,-0.01175279,-0.01150600,0.00543721,0.00506768,-0.00543704,-0.00506752,-82.5382,0.8715,-65.6447,16.47724717,44.11535740,1238.7532
11.550000,4393099.609404,4259493.594563,1797788.444385,-47.712043,-46.172012,172.383648,0.99948714,-0.00014244,-0.03202076,0.00032741,0.00048594,-0.09949046,0.00065887,11.1100,1238.6060,2190.2332,0.01702970,-0.00031924,0.538870,0.01175326,0.01150646,-0.01175279,-0.01150600,0.00620147,0.00583829,-0.00620044,-0.00583726,-82.4802,0.8870,-65.0554,16.47726382,44.11535740,1238.6060
11.560000,4393099.132225,4259493.132792,1797790.167831,-47.724084,-46.182514,172.305499,0.99946976,-0.00014038,-0.03255868,0.00033065,0.00044347,-0.11531901,0.00053168,11.1100,1238.4584,2192.0746,0.01635694,-0.00032199,0.538673,0.01175326,0.01150646,-0.01175279,-0.01150600,0.00657876,0.00621876,-0.00657730,-0.00621730,-82.4223,0.8970,-63.2308,16.47728046,44.11535741,1238.4584
11.570000,4393098.654917,4259492.670907,1797791.890492,-47.737860,-46.194693,172.226582,0.99944978,-0.00013849,-0.03316642,0.00033325,0.00040135,-0.12738248,0.00040074,11.1100,1238.3105,2193.9152,0.01551328,-0.00032351,0.538477,0.01276351,0.01255341,-0.01276646,-0.01255636,0.00673221,0.00637352,-0.00673058,-0.00637188,-82.3646,0.9016,-60.5574,16.47729709,44.11535742,1238.3105
11.580000,4393098.177463,4259492.208894,1797793.612361,-47.753208,-46.208381,172.146986,0.99942796,-0.00013671,-0.03381754,0.00033503,0.00038534,-0.13266477,0.00020323,11.1100,1238.1622,2195.7552,0.01454375,-0.00032372,0.538280,0.01276351,0.01255341,-0.01276646,-0.01255636,0.00743874,0.00710939,-0.00743922,-0.00710987,-82.3070,0.9174,-58.0782,16.47731372,44.11535742,1238.1622
11.590000,4393097.699848,4259491.746735,1797795.333430,-47.770243,-46.223696,172.066645,0.99940538,-0.00013490,-0.03447843,0.00033567,0.00039457,-0.13131804,-0.00005327,11.1100,1238.0135,2197.5944,0.01349991,-0.00032223,0.538085,0.01276351,0.01255341,-0.01276646,-0.01255636,0.00811195,0.00781179,-0.00811461,-0.00781446,-82.2496,0.9270,-55.2833,16.47733034,44.11535743,1238.0135
11.600000,4393097.222052,4259491.284414,1797797.053691,-47.789153,-46.240841,171.985448,0.99938301,-0.00013297,-0.03512068,0.00033498,0.00041531,-0.12524434,-0.00032464,11.1100,1237.8643,2199.4330,0.01244996,-0.00031844,0.537889,0.01276351,0.01255341,-0.01276646,-0.01255636,0.00843971,0.00815388,-0.00844344,-0.00815761,-82.1924,0.9203,-52.0485,16.47734695,44.11535744,1237.8643
11.610000,4393096.744059,4259490.821912,1797798.773136,-47.809920,-46.259817,171.903389,0.99936164,-0.00013090,-0.03572378,0.00033298,0.00043979,-0.11571618,-0.00058242,11.1100,1237.7147,2201.2708,0.01145243,-0.00031205,0.537695,0.01092348,0.01067499,-0.01093166,-0.01068318,0.00857226,0.00829223,-0.00857643,-0.00829641,-82.1354,0.8999,-48.7527,16.47736356,44.11535744,1237.7147
11.620000,4393096.265852,4259490.359216,1797800.491758,-47.831635,-46.279746,171.820931,0.99934236,-0.00012872,-0.03625902,0.00032968,0.00044535,-0.09817625,-0.00083607,11.1100,1237.5646,2203.1079,0.01054829,-0.00030312,0.537500,0.01092348,0.01067499,-0.01093166,-0.01068318,0.00972508,0.00945784,-0.00972767,-0.00946044,-82.0785,0.8750,-46.9001,16.47738016,44.11535745,1237.5646
11.630000,4393095.787425,4259489.896316,1797802.209555,-47.853965,-46.300318,171.738235,0.99932670,-0.00012656,-0.03668828,0.00032514,0.00043176,-0.07343342,-0.00107535,11.1100,1237.4140,2204.9443,0.00978777,-0.00029177,0.537306,0.01092348,0.01067499,-0.01093166,-0.01068318,0.01085220,0.01059643,-0.01085311,-0.01059733,-82.0217,0.8411,-45.4706,16.47739676,44.11535745,1237.4140
11.640000,4393095.308772,4259489.433208,1797803.926523,-47.876810,-46.321447,171.655339,0.99931577,-0.00012449,-0.03698471,0.00031946,0.00040955,-0.04515516,-0.00127982,11.1100,1237.2628,2206.7801,0.00924449,-0.00027812,0.537113,0.01092348,0.01067499,-0.01093166,-0.01068318,0.01140343,0.01115316,-0.01140350,-0.01115323,-81.9650,0.7963,-44.1026,16.47741334,44.11535746,1237.2628
11.650000,4393094.829889,4259488.969887,1797805.642661,-47.899827,-46.342811,171.572407,0.99931013,-0.00012255,-0.03713690,0.00031286,0.00038471,-0.01584694,-0.00143680,11.1100,1237.1112,2208.6151,0.00897151,-0.00026249,0.536919,0.00873617,0.00845850,-0.00873853,-0.00846086,0.01162676,0.01137872,-0.01162649,-0.01137845,-81.9085,0.7432,-43.2682,16.47742993,44.11535747,1237.1112
11.660000,4393094.350778,4259488.506354,1797807.357972,-47.922282,-46.363697,171.489815,0.99931005,-0.00012073,-0.03713922,0.00030551,0.00037330,0.01467806,-0.00157072,11.1100,1236.9590,2210.4494,0.00898896,-0.00024530,0.536726,0.00873617,0.00845850,-0.00873853,-0.00846086,0.01206850,0.01183431,-0.01206931,-0.01183513,-81.8521,0.6916,-43.6598,16.47744650,44.11535747,1236.9590
11.670000,4393093.871447,4259488.042617,1797809.072460,-47.943617,-46.383567,171.407843,0.99931564,-0.00011894,-0.03698853,0.00029754,0.00037556,0.04525228,-0.00167760,11.1100,1236.8062,2212.2829,0.00930217,-0.00022692,0.536533,0.00873617,0.00845850,-0.00873853,-0.00846086,0.01245857,0.01223778,-0.01246056,-0.01223977,-81.7957,0.6359,-44.9853,16.47746307,44.11535748,1236.8062
11.680000,4393093.391911,4259487.578688,1797810.786132,-47.963380,-46.401990,171.326712,0.99932667,-0.00011716,-0.03668930,0.00028913,0.00038418,0.07399626,-0.00173928,11.1100,1236.6530,2214.1158,0.00991297,-0.00020759,0.536341,0.00873617,0.00845850,-0.00873853,-0.00846086,0.01264583,0.01243158,-0.01264840,-0.01243415,-81.7394,0.5734,-47.0828,16.47747963,44.11535749,1236.6530
11.690000,4393092.912186,4259487.114583,1797812.498998,-47.981098,-46.418513,171.246653,0.99934256,-0.00011537,-0.03625405,0.00028053,0.00039496,0.09957308,-0.00174637,11.1100,1236.4992,2215.9480,0.01080880,-0.00018772,0.536148,0.00664478,0.00675009,-0.00664314,-0.00674845,0.01272111,0.01250950,-0.01272392,-0.01251232,-81.6832,0.5072,-50.0189,16.47749619,44.11535749,1236.4992
11.700000,4393092.432295,4259486.650323,1797814.211068,-47.996762,-46.433135,171.167650,0.99936219,-0.00011350,-0.03570884,0.00027211,0.00042680,0.11792021,-0.00166433,11.1100,1236.3450,2217.7795,0.01196078,-0.00016781,0.535955,0.00664478,0.00675009,-0.00664314,-0.00674845,0.01209499,0.01187073,-0.01209975,-0.01187549,-81.6270,0.4328,-53.0441,16.47751274,44.11535750,1236.3450
11.710000,4393091.952258,4259486.185927,1797815.922355,-48.010040,-46.445530,171.089861,0.99938408,-0.00011147,-0.03509111,0.00026432,0.00047803,0.12855375,-0.00149640,11.1100,1236.1903,2219.6103,0.01331672,-0.00014862,0.535763,0.00664478,0.00675009,-0.00664314,-0.00674845,0.01144721,0.01120958,-0.01145387,-0.01121624,-81.5708,0.3610,-56.7587,16.47752928,44.11535751,1236.1903
11.720000,4393091.472103,4259485.721421,1797817.632870,-48.020526,-46.455290,171.013486,0.99940687,-0.00010921,-0.03443585,0.00025753,0.00053684,0.13292766,-0.00126578,11.1100,1236.0352,2221.4404,0.01479901,-0.00013101,0.535570,0.00664478,0.00675009,-0.00664314,-0.00674845,0.01112741,0.01088316,-0.01113501,-0.01089076,-81.5145,0.2986,-61.2917,16.47754582,44.11535752,1236.0352
11.730000,4393090.991858,4259485.256831,1797819.342629,-48.028040,-46.462227,170.938607,0.99942953,-0.00010670,-0.03377201,0.00025202,0.00059667,0.13199769,-0.00099034,11.1100,1235.8798,2223.2698,0.01633429,-0.00011566,0.535377,0.00757517,0.00741886,-0.00757198,-0.00741568,0.01099734,0.01075039,-0.01100531,-0.01075837,-81.4583,0.2464,-66.2345,16.47756235,44.11535752,1235.8798
11.740000,4393090.511550,4259484.792183,1797821.051646,-48.033110,-46.466848,170.864943,0.99945088,-0.00010400,-0.03313413,0.00024804,0.00063185,0.12259064,-0.00065915,11.1100,1235.7240,2225.0985,0.01786309,-0.00010305,0.535183,0.00757517,0.00741886,-0.00757198,-0.00741568,0.01017177,0.00991345,-0.01017781,-0.00991949,-81.4019,0.1989,-70.3993,16.47757888,44.11535753,1235.7240
11.750000,4393090.031202,4259484.327500,1797822.759931,-48.035930,-46.469323,170.792393,0.99946964,-0.00010122,-0.03256316,0.00024584,0.00064259,0.10531040,-0.00028479,11.1100,1235.5679,2226.9265,0.01932056,-0.00009366,0.534990,0.00757517,0.00741886,-0.00757198,-0.00741568,0.00937318,0.00910407,-0.00937718,-0.00910808,-81.3455,0.1629,-74.3860,16.47759539,44.11535754,1235.5679
11.760000,4393089.550838,4259483.862803,1797824.467497,-48.036592,-46.469724,170.720921,0.99948489,-0.00009846,-0.03209186,0.00024557,0.00064159,0.08281883,0.00010763,11.1100,1235.4115,2228.7539,0.02062623,-0.00008794,0.534796,0.00757517,0.00741886,-0.00757198,-0.00741568,0.00898334,0.00870899,-0.00898634,-0.00871199,-81.2891,0.1424,-78.3461,16.47761191,44.11535754,1235.4115
11.770000,4393089.070476,4259483.398111,1797826.174353,-48.035417,-46.468343,170.650378,0.99949608,-0.00009575,-0.03174154,0.00024727,0.00063609,0.05703331,0.00049873,11.1100,1235.2550,2230.5805,0.02171521,-0.00008612,0.534602,0.01200096,0.01200852,-0.01200454,-0.01201210,0.00882552,0.00854904,-0.00882810,-0.00855163,-81.2326,0.1368,-81.8545,16.47762841,44.11535755,1235.2550
11.780000,4393088.590131,4259482.933439,1797827.880506,-48.033379,-46.466017,170.580313,0.99950266,-0.00009311,-0.03153342,0.00025010,0.00061349,0.02606412,0.00055488,11.1100,1235.0982,2232.4065,0.02254737,-0.00008821,0.534408,0.01200096,0.01200852,-0.01200454,-0.01201210,0.00802387,0.00788271,-0.00802489,-0.00788373,-81.1761,0.2197,-83.8809,16.47764491,44.11535756,1235.0982
11.790000,4393088.109809,4259482.468792,1797829.585959,-48.031069,-46.463320,170.510446,0.99950402,-0.00009056,-0.03149051,0.00025239,0.00057571,-0.00890445,0.00027815,11.1100,1234.9413,2234.2318,0.02308761,-0.00009210,0.534213,0.01200096,0.01200852,-0.01200454,-0.01201210,0.00725601,0.00725143,-0.00725554,-0.00725096,-81.1195,0.3077,-84.9892,16.47766141,44.11535757,1234.9413
11.800000,4393087.629509,4259482.004172,1797831.290715,-48.028903,-46.460716,170.440579,0.99949974,-0.00008811,-0.03162575,0.00025291,0.00053200,-0.04505526,-0.00015419,11.1100,1234.7842,2236.0564,0.02329467,-0.00009447,0.534019,0.01200096,0.01200852,-0.01200454,-0.01201210,0.00688182,0.00694439,-0.00688064,-0.00694321,-81.0630,0.3510,-85.3949,16.47767790,44.11535757,1234.7842
11.810000,4393087.149228,4259481.539575,1797832.994770,-48.027432,-46.458785,170.370449,0.99948976,-0.00008577,-0.03193993,0.00025115,0.00048744,-0.08033820,-0.00063312,11.1100,1234.6269,2237.8803,0.02314617,-0.00009311,0.533825,0.01442765,0.01433505,-0.01442543,-0.01433283,0.00673044,0.00682027,-0.00672896,-0.00681880,-81.0066,0.3592,-84.8415,16.47769438,44.11535758,1234.6269
11.820000,4393086.668957,4259481.074992,1797834.698122,-48.027049,-46.457998,170.299857,0.99947424,-0.00008356,-0.03242171,0.00024757,0.00043804,-0.11197878,-0.00088652,11.1100,1234.4695,2239.7036,0.02264516,-0.00008719,0.533631,0.01442765,0.01433505,-0.01442543,-0.01433283,0.00700503,0.00701202,-0.00700290,-0.00700988,-80.9503,0.2916,-83.5161,16.47771085,44.11535759,1234.4695
11.830000,4393086.188682,4259480.610409,1797836.400765,-48.028337,-46.458935,170.228523,0.99945366,-0.00008155,-0.03305028,0.00024334,0.00038481,-0.13896459,-0.00089520,11.1100,1234.3118,2241.5261,0.02181782,-0.00007797,0.533438,0.01442765,0.01433505,-0.01442543,-0.01433283,0.00731781,0.00723487,-0.00731509,-0.00723215,-80.8942,0.2104,-81.1279,16.47772732,44.11535759,1234.3118
11.840000,4393085.708383,4259480.145806,1797838.102689,-48.031914,-46.462158,170.156151,0.99942851,-0.00007979,-0.03380220,0.00023941,0.00033132,-0.16124952,-0.00076958,11.1100,1234.1540,2243.3480,0.02071050,-0.00006785,0.533245,0.01442765,0.01433505,-0.01442543,-0.01433283,0.00747450,0.00734683,-0.00747149,-0.00734382,-80.8382,0.1521,-77.6457,16.47774379,44.11535760,1234.1540
11.850000,4393085.228035,4259479.681157,1797839.803884,-48.038249,-46.468102,170.082508,0.99939935,-0.00007829,-0.03465353,0.00023626,0.00027946,-0.17868413,-0.00057813,11.1100,1233.9960,2245.1692,0.01937497,-0.00005862,0.533053,0.01092093,0.01069635,-0.01092117,-0.01069659,0.00753861,0.00739269,-0.00753549,-0.00738957,-80.7825,0.1119,-73.3032,16.47776024,44.11535761,1233.9960
11.860000,4393084.747613,4259479.216439,1797841.504337,-48.046632,-46.476022,170.007975,0.99936750,-0.00007699,-0.03556036,0.00023382,0.00025632,-0.18345975,-0.00049044,11.1100,1233.8376,2246.9898,0.01786287,-0.00005116,0.532862,0.01092093,0.01069635,-0.01092117,-0.01069659,0.00913525,0.00904078,-0.00913449,-0.00904002,-80.7270,0.1159,-70.0707,16.47777669,44.11535762,1233.8376
11.870000,4393084.267096,4259478.751632,1797843.204041,-48.057157,-46.486002,169.932494,0.99933510,-0.00007575,-0.03645961,0.00023152,0.00026074,-0.17570994,-0.00051828,11.1100,1233.6790,2248.8096,0.01625606,-0.00004508,0.532671,0.01092093,0.01069635,-0.01092117,-0.01069659,0.01072518,0.01068687,-0.01072681,-0.01068851,-80.6717,0.1266,-66.4681,16.47779314,44.11535762,1233.6790
11.880000,4393083.786462,4259478.286712,1797844.902984,-48.070200,-46.498430,169.855847,0.99930410,-0.00007445,-0.03729955,0.00022897,0.00027786,-0.15982128,-0.00059323,11.1100,1233.5200,2250.6288,0.01468157,-0.00003925,0.532481,0.01092093,0.01069635,-0.01092117,-0.01069659,0.01150516,0.01149481,-0.01150798,-0.01149763,-80.6165,0.1223,-62.0247,16.47780958,44.11535763,1233.5200
11.890000,4393083.305684,4259477.821655,1797846.601154,-48.085732,-46.513289,169.778022,0.99927593,-0.00007306,-0.03804667,0.00022602,0.00029930,-0.13868664,-0.00067396,11.1100,1233.3607,2252.4473,0.01324612,-0.00003292,0.532291,0.00711608,0.00714629,-0.00711548,-0.00714570,0.01182158,0.01182265,-0.01182488,-0.01182595,-80.5616,0.1071,-57.4990,16.47782601,44.11535764,1233.3607
11.900000,4393082.824743,4259477.356442,1797848.298542,-48.102869,-46.529755,169.699457,0.99925205,-0.00007165,-0.03866905,0.00022290,0.00029904,-0.11004216,-0.00065900,11.1100,1233.2010,2254.2651,0.01201664,-0.00002589,0.532102,0.00711608,0.00714629,-0.00711548,-0.00714570,0.01280123,0.01277095,-0.01280265,-0.01277237,-80.5069,0.0663,-54.3356,16.47784244,44.11535765,1233.2010
11.910000,4393082.343624,4259476.891057,1797849.995142,-48.121093,-46.547326,169.620407,0.99923401,-0.00007033,-0.03913245,0.00022009,0.00027686,-0.07523222,-0.00054414,11.1100,1233.0408,2256.0822,0.01105008,-0.00001873,0.531914,0.00711608,0.00714629,-0.00711548,-0.00714570,0.01370961,0.01364503,-0.01370903,-0.01364445,-80.4524,0.0240,-51.9347,16.47785886,44.11535765,1233.0408
11.920000,4393081.862319,4259476.425493,1797851.690950,-48.140035,-46.565625,169.541054,0.99922293,-0.00006922,-0.03941433,0.00021798,0.00024501,-0.03756982,-0.00037484,11.1100,1232.8801,2257.8986,0.01041075,-0.00001243,0.531726,0.00711608,0.00714629,-0.00711548,-0.00714570,0.01414971,0.01406805,-0.01414813,-0.01406647,-80.3979,-0.0056,-50.0937,16.47787527,44.11535766,1232.8801
11.930000,4393081.380823,4259475.959745,1797853.385963,-48.159135,-46.584096,169.461682,0.99921929,-0.00006836,-0.03950638,0.00021676,0.00021042,0.00056748,-0.00018073,11.1100,1232.7190,2259.7144,0.01014077,-0.00000769,0.531538,0.00711872,0.00715296,-0.00711811,-0.00715235,0.01432733,0.01423870,-0.01432534,-0.01423671,-80.3436,-0.0243,-49.1846,16.47789168,44.11535767,1232.7190
11.940000,4393080.899134,4259475.493809,1797855.080182,-48.178548,-46.602909,169.382185,0.99922249,-0.00006773,-0.03942536,0.00021678,0.00018556,0.03155679,0.00013035,11.1100,1232.5574,2261.5294,0.01025217,-0.00000484,0.531350,0.00711872,0.00715296,-0.00711811,-0.00715235,0.01314681,0.01300869,-0.01314555,-0.01300743,-80.2894,-0.0597,-48.0399,16.47790808,44.11535768,1232.5574
11.950000,4393080.417252,4259475.027686,1797856.773607,-48.197689,-46.621482,169.302864,0.99923098,-0.00006730,-0.03920966,0.00021861,0.00017102,0.05437309,0.00054372,11.1100,1232.3953,2263.3438,0.01071280,-0.00000469,0.531163,0.00711872,0.00715296,-0.00711811,-0.00715235,0.01191677,0.01173057,-0.01191633,-0.01173013,-80.2353,-0.0848,-48.0287,16.47792448,44.11535768,1232.3953
11.960000,4393079.935184,4259474.561382,1797858.466241,-48.215698,-46.638949,169.224177,0.99924331,-0.00006703,-0.03889404,0.00022258,0.00016177,0.07147484,0.00098862,11.1100,1232.2328,2265.1575,0.01144100,-0.00000826,0.530976,0.00711872,0.00715296,-0.00711811,-0.00715235,0.01130884,0.01109916,-0.01130882,-0.01109913,-80.1812,-0.0838,-49.6228,16.47794086,44.11535769,1232.2328
11.970000,4393079.452943,4259474.094912,1797860.158093,-48.232021,-46.654744,169.146413,0.99925843,-0.00006691,-0.03850373,0.00022874,0.00015486,0.08421149,0.00141942,11.1100,1232.0697,2266.9705,0.01236004,-0.00001609,0.530789,0.00950366,0.00952761,-0.00949849,-0.00952244,0.01106146,0.01084227,-0.01106161,-0.01084241,-80.1271,-0.0611,-52.2663,16.47795725,44.11535770,1232.0697
11.980000,4393078.970545,4259473.628290,1797861.849171,-48.247221,-46.669336,169.069285,0.99927486,-0.00006689,-0.03807480,0.00023642,0.00014577,0.08692816,0.00160154,11.1100,1231.9062,2268.7828,0.01341475,-0.00002817,0.530601,0.00950366,0.00952761,-0.00949849,-0.00952244,0.00961751,0.00948533,-0.00961742,-0.00948524,-80.0731,0.0277,-54.1310,16.47797362,44.11535770,1231.9062
11.990000,4393078.488002,4259473.161528,1797863.539480,-48.261208,-46.682630,168.992838,0.99929071,-0.00006693,-0.03765652,0.00024437,0.00013414,0.07998627,0.00152859,11.1100,1231.7423,2270.5944,0.01453727,-0.00004286,0.530414,0.00950366,0.00952761,-0.00949849,-0.00952244,0.00822556,0.00818320,-0.00822520,-0.00818284,-80.0191,0.1253,-56.3181,16.47799000,44.11535771,1231.7423
12.000000,4393078.005326,4259472.694642,1797865.229030,-48.273640,-46.694332,168.917242,0.99930452,-0.00006700,-0.03728817,0.00025160,0.00012161,0.06701042,0.00131296,11.1100,1231.5780,2272.4054,0.01562819,-0.00005761,0.530227,0.00950366,0.00952761,-0.00949849,-0.00952244,0.00754650,0.00754845,-0.00754599,-0.00754794,-79.9651,0.1973,-59.1852,16.47800636,44.11535772,1231.5780
12.010000,4393077.522534,4259472.227647,1797866.917828,-48.284510,-46.704463,168.842497,0.99931545,-0.00006706,-0.03699409,0.00025757,0.00010911,0.05034465,0.00102472,11.1100,1231.4133,2274.2157,0.01660624,-0.00007058,0.530040,0.01262238,0.01219916,-0.01262364,-0.01220042,0.00727164,0.00729162,-0.00727108,-0.00729106,-79.9111,0.2486,-62.1252,16.47802272,44.11535773,1231.4133
12.020000,4393077.039640,4259471.760557,1797868.605882,-48.294037,-46.713255,168.768491,0.99932301,-0.00006710,-0.03678931,0.00026200,0.00009698,0.03136055,0.00069682,11.1100,1231.2482,2276.0253,0.01742275,-0.00008079,0.529852,0.01262238,0.01219916,-0.01262364,-0.01220042,0.00717082,0.00719892,-0.00717023,-0.00719833,-79.8571,0.2850,-64.7286,16.47803907,44.11535773,1231.2482
12.030000,4393076.556656,4259471.293385,1797870.293200,-48.302556,-46.721047,168.695052,0.99932691,-0.00006712,-0.03668316,0.00026474,0.00008536,0.01097594,0.00034979,11.1100,1231.0828,2277.8342,0.01804948,-0.00008776,0.529665,0.01262238,0.01219916,-0.01262364,-0.01220042,0.00713602,0.00716791,-0.00713542,-0.00716731,-79.8031,0.3082,-66.7841,16.47805542,44.11535774,1231.0828
12.040000,4393076.073591,4259470.826138,1797871.979785,-48.310453,-46.728231,168.621988,0.99932700,-0.00006710,-0.03668077,0.00026574,0.00007431,-0.01006988,-0.00000053,11.1100,1230.9170,2279.6425,0.01847057,-0.00009127,0.529478,0.01262238,0.01219916,-0.01262364,-0.01220042,0.00712435,0.00715775,-0.00712375,-0.00715715,-79.7492,0.3188,-68.1920,16.47807176,44.11535775,1230.9170
12.050000,4393075.590448,4259470.358821,1797873.665640,-48.318130,-46.735211,168.549094,0.99932321,-0.00006704,-0.03678379,0.00026502,0.00006382,-0.03110836,-0.00034168,11.1100,1230.7509,2281.4501,0.01867890,-0.00009126,0.529291,0.01371523,0.01353089,-0.01371796,-0.01353362,0.00712053,0.00715448,-0.00711992,-0.00715387,-79.6953,0.3172,-68.9116,16.47808809,44.11535776,1230.7509
12.060000,4393075.107230,4259469.891436,1797875.350768,-48.325437,-46.741857,168.476461,0.99931594,-0.00006699,-0.03698070,0.00026265,0.00003638,-0.04757054,-0.00065485,11.1100,1230.5846,2283.2570,0.01867456,-0.00008783,0.529104,0.01371523,0.01353089,-0.01371796,-0.01353362,0.00796681,0.00799730,-0.00796458,-0.00799507,-79.6415,0.3024,-69.8435,16.47810442,44.11535776,1230.5846
12.070000,4393074.623940,4259469.423985,1797877.035170,-48.332700,-46.748496,168.403925,0.99930604,-0.00006705,-0.03724747,0.00025881,-0.00000719,-0.05902003,-0.00093141,11.1100,1230.4179,2285.0633,0.01847936,-0.00008121,0.528917,0.01371523,0.01353089,-0.01371796,-0.01353362,0.00881865,0.00884553,-0.00881479,-0.00884167,-79.5877,0.2772,-70.1356,16.47812074,44.11535777,1230.4179
12.080000,4393074.140575,4259468.956465,1797878.718846,-48.340429,-46.755634,168.331221,0.99929421,-0.00006728,-0.03756343,0.00025368,-0.00005707,-0.06721888,-0.00116859,11.1100,1230.2509,2286.8689,0.01814409,-0.00007179,0.528730,0.01371523,0.01353089,-0.01371796,-0.01353362,0.00923729,0.00926239,-0.00923263,-0.00925773,-79.5340,0.2440,-69.4844,16.47813706,44.11535778,1230.2509
12.090000,4393073.657129,4259468.488870,1797880.401793,-48.348941,-46.763583,168.258185,0.99928094,-0.00006771,-0.03791474,0.00024747,-0.00010779,-0.07314871,-0.00136315,11.1100,1230.0836,2288.6738,0.01771436,-0.00005999,0.528544,0.01348732,0.01336587,-0.01348930,-0.01336784,0.00940726,0.00943162,-0.00940227,-0.00942664,-79.4805,0.2038,-68.2459,16.47815337,44.11535779,1230.0836
12.100000,4393073.173597,4259468.021193,1797882.084010,-48.357685,-46.771919,168.185081,0.99926706,-0.00006833,-0.03827896,0.00024129,-0.00013247,-0.07239664,-0.00114865,11.1100,1229.9161,2290.4780,0.01722045,-0.00004624,0.528358,0.01348732,0.01336587,-0.01348930,-0.01336784,0.01057857,0.01044375,-0.01057575,-0.01044093,-79.4270,0.0727,-67.7782,16.47816967,44.11535780,1229.9161
12.110000,4393072.689976,4259467.553431,1797883.765495,-48.366689,-46.780656,168.111897,0.99925381,-0.00006909,-0.03862339,0.00023719,-0.00013156,-0.06526166,-0.00053804,11.1100,1229.7482,2292.2816,0.01670320,-0.00003325,0.528172,0.01348732,0.01336587,-0.01348930,-0.01336784,0.01171517,0.01142046,-0.01171461,-0.01141990,-79.3737,-0.0543,-67.1684,16.47818597,44.11535780,1229.7482
12.120000,4393072.206262,4259467.085578,1797885.446248,-48.376218,-46.789969,168.038508,0.99924218,-0.00006996,-0.03892315,0.00023661,-0.00011872,-0.05457494,0.00025753,11.1100,1229.5799,2294.0845,0.01622828,-0.00002498,0.527987,0.01348732,0.01336587,-0.01348930,-0.01336784,0.01227031,0.01189705,-0.01227086,-0.01189760,-79.3205,-0.1204,-66.0908,16.47820226,44.11535781,1229.5799
12.130000,4393071.722450,4259466.617630,1797887.126265,-48.386298,-46.799821,167.964909,0.99923273,-0.00007093,-0.03916499,0.00024014,-0.00010170,-0.04214104,0.00110504,11.1100,1229.4114,2295.8868,0.01584730,-0.00002404,0.527802,0.01239430,0.01218568,-0.01239368,-0.01218505,0.01249511,0.01208996,-0.01249611,-0.01209097,-79.2674,-0.1369,-64.9770,16.47821855,44.11535782,1229.4114
12.140000,4393071.238536,4259466.149582,1797888.805546,-48.396542,-46.809734,167.891326,0.99922594,-0.00007196,-0.03933768,0.00024738,-0.00007819,-0.02696945,0.00174016,11.1100,1229.2424,2297.6884,0.01558677,-0.00003134,0.527617,0.01239430,0.01218568,-0.01239368,-0.01218505,0.01296671,0.01263464,-0.01296841,-0.01263633,-79.2144,-0.0702,-64.5686,16.47823483,44.11535783,1229.2424
12.150000,4393070.754520,4259465.681436,1797890.484092,-48.406710,-46.819450,167.817884,0.99922233,-0.00007299,-0.03942929,0.00025718,-0.00004968,-0.00976417,0.00213059,11.1100,1229.0732,2299.4893,0.01546560,-0.00004569,0.527432,0.01239430,0.01218568,-0.01239368,-0.01218505,0.01338648,0.01313561,-0.01338875,-0.01313789,-79.1615,0.0226,-64.5508,16.47825110,44.11535783,1229.0732
12.160000,4393070.270403,4259465.213195,1797892.161905,-48.416627,-46.828813,167.744661,0.99922215,-0.00007395,-0.03943371,0.00026855,-0.00001971,0.00784736,0.00236297,11.1100,1228.9036,2301.2896,0.01550561,-0.00006467,0.527248,0.01239430,0.01218568,-0.01239368,-0.01218505,0.01358829,0.01337796,-0.01359085,-0.01338052,-79.1086,0.1076,-64.7938,16.47826737,44.11535784,1228.9036
12.170000,4393069.786189,4259464.744862,1797893.838987,-48.426046,-46.837591,167.671779,0.99922538,-0.00007482,-0.03935172,0.00028081,0.00000988,0.02474684,0.00248888,11.1100,1228.7337,2303.0892,0.01571764,-0.00008633,0.527064,0.01093630,0.01086982,-0.01093650,-0.01087001,0.01366948,0.01347571,-0.01367215,-0.01347837,-79.0559,0.1877,-65.4520,16.47828363,44.11535785,1228.7337
12.180000,4393069.301884,4259464.276446,1797895.515342,-48.434737,-46.845553,167.599350,0.99923175,-0.00007558,-0.03918950,0.00029336,0.00003550,0.03989004,0.00248044,11.1100,1228.5634,2304.8881,0.01609815,-0.00010938,0.526880,0.01093630,0.01086982,-0.01093650,-0.01087001,0.01361844,0.01345318,-0.01362088,-0.01345562,-79.0032,0.2781,-66.5244,16.47829989,44.11535786,1228.5634
12.190000,4393068.817498,4259463.807955,1797897.190976,-48.442432,-46.852444,167.527505,0.99924083,-0.00007624,-0.03895709,0.00030556,0.00005706,0.05278926,0.00235007,11.1100,1228.3928,2306.6864,0.01663284,-0.00013257,0.526696,0.01093630,0.01086982,-0.01093650,-0.01087001,0.01354750,0.01340688,-0.01354969,-0.01340907,-78.9505,0.3661,-68.0796,16.47831614,44.11535787,1228.3928
12.200000,4393068.333040,4259463.339401,1797898.865894,-48.448870,-46.858028,167.456368,0.99925213,-0.00007678,-0.03866617,0.00031689,0.00007613,0.06326616,0.00213383,11.1100,1228.2219,2308.4840,0.01729946,-0.00015463,0.526512,0.01193164,0.01183694,-0.01192483,-0.01183013,0.01351104,0.01338220,-0.01351310,-0.01338426,-78.8978,0.4430,-70.0996,16.47833238,44.11535787,1228.2219
12.210000,4393067.848525,4259462.870799,1797900.540106,-48.453849,-46.862122,167.386035,0.99926511,-0.00007719,-0.03832924,0.00032698,0.00009364,0.07117336,0.00185627,11.1100,1228.0507,2310.2809,0.01807255,-0.00017459,0.526328,0.01193164,0.01183694,-0.01192483,-0.01183013,0.01349597,0.01337186,-0.01349798,-0.01337387,-78.8452,0.5088,-72.4908,16.47834862,44.11535788,1228.0507
12.220000,4393067.363967,4259462.402163,1797902.213617,-48.457475,-46.864864,167.316431,0.99927904,-0.00007751,-0.03796414,0.00033575,0.00010015,0.07453353,0.00160407,11.1100,1227.8792,2312.0772,0.01892547,-0.00019177,0.526144,0.01193164,0.01183694,-0.01192483,-0.01183013,0.01310191,0.01294856,-0.01310298,-0.01294963,-78.7926,0.5473,-74.7276,16.47836485,44.11535789,1227.8792
12.230000,4393066.879380,4259461.933506,1797903.886436,-48.459689,-46.866207,167.247578,0.99929305,-0.00007777,-0.03759359,0.00034334,0.00009632,0.07335923,0.00138747,11.1100,1227.7075,2313.8729,0.01982356,-0.00020613,0.525960,0.01193164,0.01183694,-0.01192483,-0.01183013,0.01270934,0.01252545,-0.01270946,-0.01252558,-78.7399,0.5760,-77.1277,16.47838108,44.11535790,1227.7075
12.240000,4393066.394778,4259461.464843,1797905.558571,-48.460391,-46.866055,167.179527,0.99930638,-0.00007802,-0.03723758,0.00034987,0.00008779,0.06874649,0.00117751,11.1100,1227.5356,2315.6678,0.02072085,-0.00021802,0.525775,0.01193164,0.01183694,-0.01192483,-0.01183013,0.01251673,0.01231775,-0.01251640,-0.01231742,-78.6872,0.6051,-79.7615,16.47839730,44.11535790,1227.5356
12.250000,4393065.910177,4259460.996190,1797907.230030,-48.459609,-46.864437,167.112263,0.99931848,-0.00007827,-0.03691137,0.00035532,0.00007772,0.06146449,0.00096022,11.1100,1227.3634,2317.4622,0.02157657,-0.00022765,0.525591,0.01415157,0.01398539,-0.01415811,-0.01399193,0.01243859,0.01223346,-0.01243808,-0.01223295,-78.6345,0.6315,-82.3980,16.47841351,44.11535791,1227.3634
12.260000,4393065.425589,4259460.527558,1797908.900818,-48.457796,-46.861767,167.045556,0.99932873,-0.00007849,-0.03663274,0.00035938,0.00007053,0.04976798,0.00061949,11.1100,1227.1911,2319.2559,0.02236034,-0.00023503,0.525406,0.01415157,0.01398539,-0.01415811,-0.01399193,0.01189151,0.01173461,-0.01189122,-0.01173431,-78.5818,0.6794,-84.3432,16.47842972,44.11535792,1227.1911
12.270000,4393064.941023,4259460.058957,1797910.570942,-48.455164,-46.858263,166.979301,0.99933641,-0.00007864,-0.03642251,0.00036145,0.00006657,0.03416107,0.00016362,11.1100,1227.0186,2321.0489,0.02304026,-0.00023939,0.525222,0.01415157,0.01398539,-0.01415811,-0.01399193,0.01136033,0.01125342,-0.01136030,-0.01125339,-78.5290,0.7179,-85.9875,16.47844592,44.11535793,1227.0186
12.280000,4393064.456488,4259459.590394,1797912.240405,-48.451831,-46.854076,166.913437,0.99934102,-0.00007869,-0.03629597,0.00036113,0.00006425,0.01635704,-0.00033514,11.1100,1226.8459,2322.8413,0.02357640,-0.00023961,0.525037,0.01415157,0.01398539,-0.01415811,-0.01399193,0.01110087,0.01101864,-0.01110098,-0.01101875,-78.4763,0.7290,-87.4565,16.47846212,44.11535794,1226.8459
12.290000,4393063.971989,4259459.121878,1797913.909212,-48.447806,-46.849249,166.847964,0.99934243,-0.00007869,-0.03625704,0.00035838,0.00003616,-0.00082008,-0.00080633,11.1100,1226.6731,2324.6330,0.02393926,-0.00023502,0.524852,0.01543379,0.01521682,-0.01544142,-0.01522445,0.01134950,0.01126729,-0.01134717,-0.01126496,-78.4236,0.7115,-88.8966,16.47847831,44.11535795,1226.6731
12.300000,4393063.487533,4259458.653411,1797915.577366,-48.443377,-46.844084,166.782740,0.99934085,-0.00007879,-0.03630060,0.00035341,-0.00001684,-0.01657960,-0.00122305,11.1100,1226.5002,2326.4241,0.02412120,-0.00022570,0.524667,0.01543379,0.01521682,-0.01544142,-0.01522445,0.01166626,0.01157769,-0.01166145,-0.01157288,-78.3709,0.6756,-89.8183,16.47849449,44.11535795,1226.5002
12.310000,4393063.003122,4259458.184996,1797917.244867,-48.438947,-46.838983,166.717565,0.99933650,-0.00007908,-0.03642020,0.00034650,-0.00008001,-0.03119175,-0.00158109,11.1100,1226.3271,2328.2146,0.02413491,-0.00021215,0.524483,0.01543379,0.01521682,-0.01544142,-0.01522445,0.01182736,0.01173515,-0.01182133,-0.01172911,-78.3183,0.6278,-90.0301,16.47851067,44.11535796,1226.3271
12.320000,4393062.518753,4259457.716630,1797918.911717,-48.434848,-46.834281,166.652273,0.99932956,-0.00007961,-0.03661019,0.00033795,-0.00014510,-0.04468837,-0.00187668,11.1100,1226.1540,2330.0044,0.02399661,-0.00019499,0.524298,0.01543379,0.01521682,-0.01544142,-0.01522445,0.01189367,0.01179989,-0.01188714,-0.01179336,-78.2657,0.5698,-89.6502,16.47852685,44.11535797,1226.1540
12.330000,4393062.034423,4259457.248308,1797920.577912,-48.431355,-46.830252,166.586728,0.99932021,-0.00008039,-0.03686455,0.00032807,-0.00020869,-0.05690020,-0.00210555,11.1100,1225.9807,2331.7935,0.02372043,-0.00017488,0.524114,0.01634473,0.01630921,-0.01634389,-0.01630837,0.01191844,0.01182407,-0.01191173,-0.01181735,-78.2132,0.5033,-88.7809,16.47854301,44.11535798,1225.9807
12.340000,4393061.550126,4259456.780024,1797922.243451,-48.428192,-46.826654,166.521078,0.99930900,-0.00008131,-0.03716731,0.00031737,-0.00021935,-0.06403256,-0.00220715,11.1100,1225.8072,2333.5820,0.02332068,-0.00015251,0.523931,0.01634473,0.01630921,-0.01634389,-0.01630837,0.01271608,0.01259609,-0.01271404,-0.01259405,-78.1609,0.4167,-88.3124,16.47855918,44.11535799,1225.8072
12.350000,4393061.065858,4259456.311774,1797923.908333,-48.425503,-46.823623,166.455253,0.99929685,-0.00008213,-0.03749277,0.00030649,-0.00017919,-0.06597878,-0.00218181,11.1100,1225.6337,2335.3699,0.02282713,-0.00012892,0.523747,0.01634473,0.01630921,-0.01634389,-0.01630837,0.01351233,0.01336672,-0.01351504,-0.01336943,-78.1086,0.3269,-87.5208,16.47857533,44.11535800,1225.6337
12.360000,4393060.581614,4259455.843549,1797925.572555,-48.423587,-46.821442,166.389097,0.99928454,-0.00008272,-0.03781961,0.00029597,-0.00011646,-0.06460267,-0.00206266,11.1100,1225.4600,2337.1571,0.02229238,-0.00010539,0.523564,0.01634473,0.01630921,-0.01634389,-0.01630837,0.01390311,0.01374492,-0.01390816,-0.01374997,-78.0565,0.2449,-86.1565,16.47859148,44.11535801,1225.4600
12.370000,4393060.097384,4259455.375342,1797927.236114,-48.422566,-46.820215,166.322548,0.99927259,-0.00008300,-0.03813411,0.00028624,-0.00004702,-0.06105889,-0.00187233,11.1100,1225.2861,2338.9437,0.02176153,-0.00008297,0.523381,0.01555933,0.01550597,-0.01555965,-0.01550629,0.01406168,0.01389838,-0.01406768,-0.01390438,-78.0044,0.1708,-84.5522,16.47860763,44.11535801,1225.2861
12.380000,4393059.613161,4259454.907143,1797928.899006,-48.422139,-46.819651,166.255758,0.99926157,-0.00008299,-0.03842182,0.00027773,0.00002654,-0.05391706,-0.00158507,11.1100,1225.1121,2340.7297,0.02126303,-0.00006243,0.523198,0.01555933,0.01550597,-0.01555965,-0.01550629,0.01457611,0.01439288,-0.01458285,-0.01439962,-77.9526,0.0954,-83.4091,16.47862376,44.11535802,1225.1121
12.390000,4393059.128940,4259454.438948,1797930.561229,-48.422200,-46.819634,166.188782,0.99925216,-0.00008267,-0.03866581,0.00027087,0.00010162,-0.04360988,-0.00121399,11.1100,1224.9379,2342.5150,0.02082334,-0.00004463,0.523016,0.01555933,0.01550597,-0.01555965,-0.01550629,0.01505496,0.01485292,-0.01506221,-0.01486017,-77.9008,0.0299,-82.4032,16.47863990,44.11535803,1224.9379
12.400000,4393058.644715,4259453.970749,1797932.222781,-48.422718,-46.820111,166.121633,0.99924486,-0.00008208,-0.03885387,0.00026600,0.00017519,-0.03158993,-0.00079325,11.1100,1224.7635,2344.2996,0.02047542,-0.00003040,0.522835,0.01555933,0.01550597,-0.01555965,-0.01550629,0.01528712,0.01507593,-0.01529460,-0.01508342,-77.8491,-0.0187,-81.4250,16.47865602,44.11535804,1224.7635
12.410000,4393058.160484,4259453.502544,1797933.883661,-48.423560,-46.820932,166.054377,0.99923996,-0.00008123,-0.03897992,0.00026332,0.00024584,-0.01885049,-0.00034817,11.1100,1224.5889,2346.0837,0.02024336,-0.00002033,0.522653,0.01411151,0.01387275,-0.01411011,-0.01387135,0.01538084,0.01516596,-0.01538842,-0.01517354,-77.7975,-0.0509,-80.6685,16.47867215,44.11535805,1224.5889
12.420000,4393057.676245,4259453.034331,1797935.543869,-48.424324,-46.821649,165.987235,0.99923769,-0.00008020,-0.03903793,0.00026252,0.00028146,-0.00442288,-0.00004093,11.1100,1224.4142,2347.8670,0.02013818,-0.00001470,0.522472,0.01411151,0.01387275,-0.01411011,-0.01387135,0.01573920,0.01558744,-0.01574380,-0.01559204,-77.7461,-0.0339,-80.6239,16.47868826,44.11535806,1224.4142
12.430000,4393057.191999,4259452.566113,1797937.203407,-48.424765,-46.822012,165.920329,0.99923836,-0.00007915,-0.03902076,0.00026289,0.00028352,0.01117213,0.00011956,11.1100,1224.2392,2349.6498,0.02016838,-0.00001272,0.522291,0.01411151,0.01387275,-0.01411011,-0.01387135,0.01607688,0.01598947,-0.01607846,-0.01599106,-77.6946,-0.0052,-80.9822,16.47870437,44.11535807,1224.2392
12.440000,4393056.707751,4259452.097893,1797938.862277,-48.424710,-46.821869,165.853734,0.99924206,-0.00007817,-0.03892585,0.00026386,0.00026988,0.02662923,0.00020428,11.1100,1224.0640,2351.4319,0.02034618,-0.00001291,0.522110,0.01411151,0.01387275,-0.01411011,-0.01387135,0.01624095,0.01618525,-0.01624105,-0.01618535,-77.6433,0.0126,-81.6074,16.47872047,44.11535808,1224.0640
12.450000,4393056.223508,4259451.629678,1797940.520483,-48.423940,-46.821018,165.787552,0.99924866,-0.00007730,-0.03875614,0.00026516,0.00025063,0.04104567,0.00025417,11.1100,1223.8886,2353.2133,0.02067537,-0.00001423,0.521929,0.01319422,0.01310589,-0.01319105,-0.01310272,0.01630725,0.01626443,-0.01630675,-0.01626392,-77.5920,0.0239,-82.6027,16.47873657,44.11535808,1223.8886
12.460000,4393055.739275,4259451.161475,1797942.178029,-48.422398,-46.819411,165.721801,0.99925773,-0.00007655,-0.03852150,0.00026670,0.00023436,0.05256787,0.00030065,11.1100,1223.7131,2354.9942,0.02114828,-0.00001617,0.521748,0.01319422,0.01310589,-0.01319105,-0.01310272,0.01605267,0.01600828,-0.01605236,-0.01600797,-77.5406,0.0294,-83.7166,16.47875266,44.11535809,1223.7131
12.470000,4393055.255063,4259450.693293,1797943.834920,-48.419886,-46.816855,165.656573,0.99926865,-0.00007590,-0.03823729,0.00026846,0.00022248,0.06085124,0.00034952,11.1100,1223.5374,2356.7743,0.02174474,-0.00001856,0.521567,0.01319422,0.01310589,-0.01319105,-0.01310272,0.01578063,0.01573154,-0.01578065,-0.01573157,-77.4894,0.0347,-85.2139,16.47876875,44.11535810,1223.5374
12.480000,4393054.770881,4259450.225142,1797945.491163,-48.416170,-46.813123,165.591985,0.99928079,-0.00007531,-0.03791858,0.00027046,0.00021307,0.06636146,0.00039472,11.1100,1223.3615,2358.5539,0.02243234,-0.00002139,0.521386,0.01319422,0.01310589,-0.01319105,-0.01310272,0.01564564,0.01559399,-0.01564584,-0.01559419,-77.4381,0.0426,-87.1556,16.47878483,44.11535811,1223.3615
12.490000,4393054.286744,4259449.757035,1797947.146762,-48.411111,-46.808076,165.528105,0.99929364,-0.00007478,-0.03757853,0.00027266,0.00020492,0.06938029,0.00043191,11.1100,1223.1855,2360.3328,0.02317903,-0.00002466,0.521205,0.01367773,0.01363502,-0.01367849,-0.01363578,0.01559062,0.01553789,-0.01559090,-0.01553817,-77.3867,0.0525,-89.3775,16.47880091,44.11535812,1223.1855
12.500000,4393053.802662,4259449.288983,1797948.801726,-48.404972,-46.802009,165.464778,0.99930648,-0.00007433,-0.03723546,0.00027539,0.00019110,0.06757987,0.00060479,11.1100,1223.0093,2362.1111,0.02395725,-0.00002828,0.521024,0.01367773,0.01363502,-0.01367849,-0.01363578,0.01505567,0.01493665,-0.01505536,-0.01493634,-77.3354,0.0298,-91.1744,16.47881698,44.11535813,1223.0093
12.510000,4393053.318647,4259448.820997,1797950.456060,-48.397790,-46.794949,165.401985,0.99931844,-0.00007400,-0.03691302,0.00027930,0.00017168,0.06115706,0.00090633,11.1100,1222.8331,2363.8887,0.02473270,-0.00003307,0.520842,0.01367773,0.01363502,-0.01367849,-0.01363578,0.01453111,0.01434569,-0.01453020,-0.01434478,-77.2840,0.0113,-92.9913,16.47883304,44.11535814,1222.8331
12.520000,4393052.834710,4259448.353087,1797952.109768,-48.389527,-46.786828,165.339759,0.99932884,-0.00007382,-0.03663045,0.00028483,0.00015016,0.05167061,0.00125114,11.1100,1222.6567,2365.6657,0.02545831,-0.00004032,0.520661,0.01367773,0.01363502,-0.01367849,-0.01363578,0.01427444,0.01405642,-0.01427323,-0.01405521,-77.2327,0.0186,-94.9627,16.47884910,44.11535815,1222.6567
12.530000,4393052.350860,4259447.885264,1797953.762856,-48.380283,-46.777715,165.278061,0.99933724,-0.00007380,-0.03640041,0.00029206,0.00012849,0.04018880,0.00158625,11.1100,1222.4803,2367.4421,0.02609513,-0.00005074,0.520479,0.01527679,0.01527603,-0.01527750,-0.01527674,0.01417043,0.01393917,-0.01416909,-0.01393784,-77.1813,0.0462,-96.8315,16.47886515,44.11535815,1222.4803
12.540000,4393051.867105,4259447.417535,1797955.415330,-48.370453,-46.767943,165.216706,0.99934327,-0.00007392,-0.03623455,0.00030058,0.00010095,0.02605155,0.00176647,11.1100,1222.3039,2369.2179,0.02661851,-0.00006442,0.520297,0.01527679,0.01527603,-0.01527750,-0.01527674,0.01380592,0.01362322,-0.01380392,-0.01362121,-77.1298,0.1160,-98.1098,16.47888120,44.11535816,1222.3039
12.550000,4393051.383451,4259446.949906,1797957.067191,-48.360293,-46.757756,165.155574,0.99934651,-0.00007420,-0.03614475,0.00030959,0.00006811,0.00982019,0.00178252,11.1100,1222.1273,2370.9930,0.02700820,-0.00008032,0.520115,0.01527679,0.01527603,-0.01527750,-0.01527674,0.01346460,0.01333392,-0.01346195,-0.01333127,-77.0784,0.1938,-99.0011,16.47889724,44.11535817,1222.1273
12.560000,4393050.899900,4259446.482380,1797958.718442,-48.349997,-46.747356,165.094574,0.99934674,-0.00007461,-0.03613844,0.00031842,0.00003369,-0.00728182,0.00169536,11.1100,1221.9508,2372.7675,0.02724249,-0.00009681,0.519934,0.01527679,0.01527603,-0.01527750,-0.01527674,0.01329894,0.01319409,-0.01329597,-0.01319112,-77.0270,0.2591,-99.5779,16.47891327,44.11535818,1221.9508
12.570000,4393050.416451,4259446.014959,1797960.369083,-48.339820,-46.737009,165.033585,0.99934387,-0.00007514,-0.03621770,0.00032665,-0.00000025,-0.02435229,0.00154360,11.1100,1221.7742,2374.5414,0.02730819,-0.00011264,0.519752,0.01687199,0.01676318,-0.01687591,-0.01676710,0.01323203,0.01313771,-0.01322894,-0.01313461,-76.9757,0.3138,-99.7201,16.47892930,44.11535819,1221.7742
12.580000,4393049.933103,4259445.547639,1797962.019113,-48.329940,-46.726887,164.972529,0.99933802,-0.00007574,-0.03637872,0.00033393,-0.00001840,-0.03993515,0.00131203,11.1100,1221.5976,2376.3146,0.02720327,-0.00012702,0.519571,0.01687199,0.01676318,-0.01687591,-0.01676710,0.01337911,0.01330492,-0.01337737,-0.01330317,-76.9244,0.3686,-99.5510,16.47894532,44.11535820,1221.5976
12.590000,4393049.449850,4259445.080419,1797963.668533,-48.320632,-46.717268,164.911273,0.99932946,-0.00007631,-0.03661286,0.00033988,-0.00002118,-0.05355611,0.00101438,11.1100,1221.4209,2378.0873,0.02693683,-0.00013923,0.519389,0.01687199,0.01676318,-0.01687591,-0.01676710,0.01354320,0.01348669,-0.01354285,-0.01348633,-76.8732,0.4149,-98.8837,16.47896134,44.11535821,1221.4209
12.600000,4393048.966687,4259444.613292,1797965.317338,-48.312191,-46.708456,164.849670,0.99931852,-0.00007681,-0.03691041,0.00034425,-0.00001672,-0.06527007,0.00068077,11.1100,1221.2443,2379.8593,0.02652848,-0.00014858,0.519208,0.01687199,0.01676318,-0.01687591,-0.01676710,0.01362516,0.01357712,-0.01362548,-0.01357745,-76.8221,0.4470,-97.6731,16.47897735,44.11535822,1221.2443
12.610000,4393048.483603,4259444.146247,1797966.965524,-48.304847,-46.700692,164.787601,0.99930548,-0.00007719,-0.03726172,0.00034693,-0.00000960,-0.07503027,0.00033250,11.1100,1221.0675,2381.6306,0.02600014,-0.00015463,0.519028,0.01787491,0.01795471,-0.01787275,-0.01795255,0.01365865,0.01361402,-0.01365925,-0.01361462,-76.7711,0.4660,-96.0266,16.47899336,44.11535823,1221.0675
12.620000,4393048.000588,4259443.679275,1797968.613089,-48.298420,-46.693807,164.725168,0.99929092,-0.00007746,-0.03765023,0.00034778,-0.00000199,-0.08014736,-0.00004836,11.1100,1220.8907,2383.4014,0.02537315,-0.00015720,0.518847,0.01787491,0.01795471,-0.01787275,-0.01795255,0.01423936,0.01421090,-0.01424005,-0.01421158,-76.7202,0.4806,-94.6334,16.47900936,44.11535823,1220.8907
12.630000,4393047.517632,4259443.212368,1797970.260027,-48.292996,-46.687898,164.662323,0.99927567,-0.00007761,-0.03805264,0.00034668,0.00000540,-0.08059635,-0.00044901,11.1100,1220.7138,2385.1715,0.02467911,-0.00015607,0.518668,0.01787491,0.01795471,-0.01787275,-0.01795255,0.01481516,0.01480213,-0.01481586,-0.01480283,-76.6695,0.4829,-93.0066,16.47902536,44.11535824,1220.7138
12.640000,4393047.034724,4259442.745514,1797971.906334,-48.288754,-46.683159,164.598964,0.99926050,-0.00007765,-0.03844910,0.00034359,0.00001244,-0.07778806,-0.00084077,11.1100,1220.5368,2386.9410,0.02396547,-0.00015104,0.518488,0.01787491,0.01795471,-0.01787275,-0.01795255,0.01509743,0.01509191,-0.01509814,-0.01509262,-76.6190,0.4689,-90.9957,16.47904135,44.11535825,1220.5368
12.650000,4393046.551853,4259442.278701,1797973.552004,-48.285726,-46.679639,164.535064,0.99924594,-0.00007759,-0.03882560,0.00033862,0.00001912,-0.07263628,-0.00120343,11.1100,1220.3598,2388.7099,0.02327354,-0.00014214,0.518310,0.01685159,0.01673859,-0.01685409,-0.01674108,0.01521191,0.01520943,-0.01521261,-0.01521014,-76.5686,0.4405,-88.8675,16.47905733,44.11535826,1220.3598
12.660000,4393046.069008,4259441.811919,1797975.197034,-48.283486,-46.676963,164.470831,0.99923268,-0.00007742,-0.03916560,0.00033214,0.00003726,-0.06323024,-0.00143965,11.1100,1220.1825,2390.4781,0.02263174,-0.00012963,0.518131,0.01685159,0.01673859,-0.01685409,-0.01674108,0.01582121,0.01578146,-0.01582306,-0.01578331,-76.5183,0.3803,-87.3765,16.47907331,44.11535827,1220.1825
12.670000,4393045.586182,4259441.345160,1797976.841420,-48.281870,-46.674979,164.406342,0.99922153,-0.00007712,-0.03944896,0.00032482,0.00006630,-0.05002518,-0.00154371,11.1100,1220.0052,2392.2458,0.02206976,-0.00011443,0.517953,0.01685159,0.01673859,-0.01685409,-0.01674108,0.01640615,0.01632819,-0.01640915,-0.01633118,-76.4681,0.3119,-86.0937,16.47908928,44.11535828,1220.0052
12.680000,4393045.103369,4259440.878417,1797978.485160,-48.280818,-46.673618,164.341621,0.99921314,-0.00007667,-0.03966099,0.00031720,0.00009963,-0.03475150,-0.00155810,11.1100,1219.8277,2394.0128,0.02162664,-0.00009788,0.517775,0.01685159,0.01673859,-0.01685409,-0.01674108,0.01669131,0.01659451,-0.01669488,-0.01659807,-76.4181,0.2498,-84.8711,16.47910525,44.11535829,1219.8277
12.690000,4393044.620564,4259440.411686,1797980.128252,-48.280149,-46.672697,164.276752,0.99920784,-0.00007609,-0.03979433,0.00030967,0.00013358,-0.01860646,-0.00150906,11.1100,1219.6500,2395.7791,0.02133123,-0.00008103,0.517598,0.01433285,0.01424059,-0.01433610,-0.01424383,0.01680670,0.01670224,-0.01681049,-0.01670603,-76.3682,0.1930,-83.9349,16.47912121,44.11535830,1219.6500
12.700000,4393044.137766,4259439.944964,1797981.770696,-48.279387,-46.671707,164.211990,0.99920593,-0.00007541,-0.03984226,0.00030214,0.00014442,-0.00064240,-0.00155642,11.1100,1219.4721,2397.5449,0.02119673,-0.00006464,0.517421,0.01433285,0.01424059,-0.01433610,-0.01424383,0.01720581,0.01716553,-0.01720753,-0.01716725,-76.3183,0.1747,-83.8241,16.47913717,44.11535831,1219.4721
12.710000,4393043.654978,4259439.478254,1797983.412493,-48.278223,-46.670349,164.147486,0.99920773,-0.00007476,-0.03979726,0.00029412,0.00013267,0.01851115,-0.00170245,11.1100,1219.2941,2399.3100,0.02123247,-0.00004833,0.517244,0.01433285,0.01424059,-0.01433610,-0.01424383,0.01757919,0.01760531,-0.01757877,-0.01760489,-76.2685,0.1574,-84.2116,16.47915312,44.11535832,1219.2941
12.720000,4393043.172204,4259439.011559,1797985.053647,-48.276430,-46.668430,164.083339,0.99921331,-0.00007418,-0.03965702,0.00028531,0.00011066,0.03739412,-0.00186860,11.1100,1219.1159,2401.0745,0.02145092,-0.00003114,0.517067,0.01433285,0.01424059,-0.01433610,-0.01424383,0.01776038,0.01781928,-0.01775890,-0.01781780,-76.2188,0.1197,-84.9504,16.47916906,44.11535833,1219.1159
12.730000,4393042.689453,4259438.544888,1797986.694162,-48.273735,-46.665703,164.019674,0.99922247,-0.00007372,-0.03942547,0.00027572,0.00008536,0.05498624,-0.00200821,11.1100,1218.9376,2402.8384,0.02185492,-0.00001258,0.516890,0.01366120,0.01357570,-0.01366656,-0.01358106,0.01783356,0.01790579,-0.01783165,-0.01790388,-76.1691,0.0679,-86.1477,16.47918500,44.11535834,1218.9376
12.740000,4393042.206732,4259438.078247,1797988.334042,-48.270077,-46.662158,163.956494,0.99923467,-0.00007335,-0.03911515,0.00026592,0.00007667,0.06886454,-0.00195132,11.1100,1218.7591,2404.6016,0.02243442,0.00000724,0.516713,0.01366120,0.01357570,-0.01366656,-0.01358106,0.01749696,0.01750563,-0.01749655,-0.01750521,-76.1194,-0.0268,-87.4396,16.47920094,44.11535835,1218.7591
12.750000,4393041.724055,4259437.611648,1797989.973293,-48.265221,-46.657565,163.893912,0.99924907,-0.00007303,-0.03874566,0.00025689,0.00008487,0.07863317,-0.00169608,11.1100,1218.5805,2406.3643,0.02316402,0.00002699,0.516536,0.01366120,0.01357570,-0.01366656,-0.01358106,0.01714079,0.01708230,-0.01714198,-0.01708348,-76.0697,-0.1222,-89.1908,16.47921686,44.11535836,1218.5805
12.760000,4393041.241433,4259437.145100,1797991.611923,-48.258890,-46.651624,163.832072,0.99926488,-0.00007273,-0.03833583,0.00024943,0.00010082,0.08498273,-0.00132741,11.1100,1218.4017,2408.1263,0.02400255,0.00004471,0.516359,0.01366120,0.01357570,-0.01366656,-0.01358106,0.01696433,0.01687257,-0.01696631,-0.01687456,-76.0200,-0.1930,-91.4950,16.47923279,44.11535836,1218.4017
12.770000,4393040.758882,4259436.678620,1797993.249937,-48.250928,-46.644154,163.771056,0.99928144,-0.00007242,-0.03790176,0.00024396,0.00011927,0.08833014,-0.00090086,11.1100,1218.2228,2409.8877,0.02490983,0.00005898,0.516182,0.01587266,0.01579981,-0.01587104,-0.01579819,0.01689245,0.01678715,-0.01689476,-0.01678946,-75.9703,-0.2425,-94.1400,16.47924870,44.11535837,1218.2228
12.780000,4393040.276417,4259436.212220,1797994.887345,-48.241824,-46.635603,163.710606,0.99929780,-0.00007209,-0.03746781,0.00024066,0.00014075,0.08494939,-0.00046399,11.1100,1218.0439,2411.6484,0.02585223,0.00006906,0.516004,0.01587266,0.01579981,-0.01587104,-0.01579819,0.01597068,0.01586772,-0.01597338,-0.01587041,-75.9204,-0.2706,-96.0480,16.47926461,44.11535838,1218.0439
12.790000,4393039.794048,4259435.745911,1797996.524151,-48.231641,-46.626013,163.650691,0.99931275,-0.00007172,-0.03706698,0.00023952,0.00016431,0.07512397,-0.00003634,11.1100,1217.8649,2413.4086,0.02678498,0.00007472,0.515826,0.01587266,0.01579981,-0.01587104,-0.01579819,0.01506124,0.01496391,-0.01506425,-0.01496692,-75.8706,-0.2832,-97.9658,16.47928052,44.11535839,1217.8649
12.800000,4393039.311788,4259435.279703,1797998.160361,-48.220285,-46.615278,163.591373,0.99932536,-0.00007130,-0.03672543,0.00024050,0.00018815,0.06128536,0.00037616,11.1100,1217.6859,2415.1681,0.02764251,0.00007602,0.515648,0.01587266,0.01579981,-0.01587104,-0.01579819,0.01461579,0.01452150,-0.01461894,-0.01452465,-75.8207,-0.2836,-100.1438,16.47929642,44.11535840,1217.6859
12.810000,4393038.829646,4259434.813609,1797999.795980,-48.207863,-46.603488,163.532609,0.99933511,-0.00007081,-0.03645918,0.00024350,0.00021136,0.04506218,0.00076640,11.1100,1217.5068,2416.9271,0.02837155,0.00007315,0.515470,0.01825157,0.01806745,-0.01825589,-0.01807177,0.01443519,0.01434218,-0.01443840,-0.01434539,-75.7707,-0.2721,-102.2047,16.47931231,44.11535841,1217.5068
12.820000,4393038.347632,4259434.347635,1798001.431014,-48.194768,-46.591009,163.474212,0.99934162,-0.00007025,-0.03628028,0.00024837,0.00024128,0.02641239,0.00112087,11.1100,1217.3277,2418.6854,0.02894087,0.00006636,0.515292,0.01825157,0.01806745,-0.01825589,-0.01807177,0.01412958,0.01403946,-0.01413357,-0.01404345,-75.7207,-0.2477,-103.6527,16.47932820,44.11535842,1217.3277
12.830000,4393037.865752,4259433.881789,1798003.065465,-48.181328,-46.578146,163.416030,0.99934457,-0.00006955,-0.03619900,0.00025492,0.00027747,0.00608124,0.00143157,11.1100,1217.1486,2420.4431,0.02932957,0.00005599,0.515113,0.01825157,0.01806745,-0.01825589,-0.01807177,0.01386605,0.01377853,-0.01387080,-0.01378328,-75.6707,-0.2126,-104.5925,16.47934409,44.11535843,1217.1486
12.840000,4393037.384006,4259433.416073,1798004.699335,-48.167839,-46.565176,163.357932,0.99934378,-0.00006869,-0.03622079,0.00026293,0.00031559,-0.01474262,0.00169421,11.1100,1216.9696,2422.2002,0.02951975,0.00004251,0.514935,0.01825157,0.01806745,-0.01825589,-0.01807177,0.01374013,0.01365385,-0.01374526,-0.01365898,-75.6207,-0.1688,-105.0625,16.47935996,44.11535844,1216.9696
12.850000,4393036.902394,4259432.950485,1798006.332623,-48.154639,-46.552420,163.299762,0.99933923,-0.00006765,-0.03634583,0.00027212,0.00035327,-0.03515425,0.00190468,11.1100,1216.7905,2423.9567,0.02950294,0.00002640,0.514757,0.01855781,0.01829770,-0.01855629,-0.01829618,0.01368961,0.01360383,-0.01369489,-0.01360911,-75.5708,-0.1175,-104.9703,16.47937584,44.11535845,1216.7905
12.860000,4393036.420913,4259432.485025,1798007.965330,-48.141602,-46.539746,163.241610,0.99933136,-0.00006651,-0.03656167,0.00028222,0.00036428,-0.05101809,0.00204984,11.1100,1216.6115,2425.7126,0.02928154,0.00000821,0.514579,0.01855781,0.01829770,-0.01855629,-0.01829618,0.01445687,0.01437578,-0.01445973,-0.01437863,-75.5210,-0.0580,-105.0711,16.47939170,44.11535846,1216.6115
12.870000,4393035.939561,4259432.019690,1798009.597456,-48.129019,-46.527432,163.183338,0.99932097,-0.00006537,-0.03684446,0.00029288,0.00034951,-0.06190368,0.00212777,11.1100,1216.4325,2427.4679,0.02887928,-0.00001145,0.514401,0.01855781,0.01829770,-0.01855629,-0.01829618,0.01524059,0.01516408,-0.01524097,-0.01516446,-75.4712,0.0056,-104.6116,16.47940756,44.11535847,1216.4325
12.880000,4393035.458330,4259431.554474,1798011.228996,-48.117337,-46.515913,163.124721,0.99930879,-0.00006434,-0.03717311,0.00030378,0.00032310,-0.06934579,0.00214330,11.1100,1216.2535,2429.2225,0.02834635,-0.00003190,0.514223,0.01855781,0.01829770,-0.01855629,-0.01829618,0.01562669,0.01555242,-0.01562585,-0.01555158,-75.4215,0.0701,-103.3278,16.47942342,44.11535848,1216.2535
12.890000,4393034.977211,4259431.089368,1798012.859948,-48.106826,-46.505451,163.065622,0.99929535,-0.00006343,-0.03753257,0.00031460,0.00029302,-0.07421951,0.00210066,11.1100,1216.0744,2430.9766,0.02772868,-0.00005250,0.514046,0.01680457,0.01665811,-0.01680067,-0.01665421,0.01578360,0.01571024,-0.01578226,-0.01570890,-75.3720,0.1340,-101.5396,16.47943927,44.11535849,1216.0744
12.900000,4393034.496192,4259430.624363,1798014.490308,-48.097103,-46.495702,163.006238,0.99928141,-0.00006261,-0.03790182,0.00032528,0.00028404,-0.07327295,0.00208892,11.1100,1215.8954,2432.7300,0.02705869,-0.00007266,0.513869,0.01680457,0.01665811,-0.01680067,-0.01665421,0.01668720,0.01657463,-0.01668779,-0.01657522,-75.3226,0.1760,-100.3146,16.47945512,44.11535850,1215.8954
12.910000,4393034.015267,4259430.159452,1798016.120073,-48.088173,-46.486673,162.946563,0.99926805,-0.00006179,-0.03825239,0.00033599,0.00029635,-0.06678335,0.00210941,11.1100,1215.7163,2434.4829,0.02637533,-0.00009235,0.513693,0.01680457,0.01665811,-0.01680067,-0.01665421,0.01755775,0.01740555,-0.01756040,-0.01740819,-75.2733,0.2165,-98.9924,16.47947095,44.11535850,1215.7163
12.920000,4393033.534426,4259429.694627,1798017.749238,-48.080189,-46.478501,162.886511,0.99925615,-0.00006090,-0.03856203,0.00034677,0.00031836,-0.05693494,0.00211839,11.1100,1215.5372,2436.2351,0.02573561,-0.00011188,0.513517,0.01680457,0.01665811,-0.01680067,-0.01665421,0.01798242,0.01781071,-0.01798608,-0.01781438,-75.2242,0.2667,-97.3444,16.47948679,44.11535851,1215.5372
12.930000,4393033.053660,4259429.229880,1798019.377802,-48.073120,-46.471149,162.826090,0.99924625,-0.00005991,-0.03881746,0.00035750,0.00034343,-0.04514583,0.00209165,11.1100,1215.3581,2437.9867,0.02518538,-0.00013131,0.513342,0.01357633,0.01334134,-0.01357444,-0.01333945,0.01815429,0.01797467,-0.01815838,-0.01797875,-75.1752,0.3222,-95.7113,16.47950262,44.11535852,1215.3581
12.940000,4393032.572961,4259428.765203,1798021.005759,-48.066741,-46.464414,162.765403,0.99923875,-0.00005887,-0.03901003,0.00036813,0.00034779,-0.03183481,0.00207838,11.1100,1215.1789,2439.7377,0.02475093,-0.00015037,0.513167,0.01357633,0.01334134,-0.01357444,-0.01333945,0.01832675,0.01811719,-0.01832891,-0.01811935,-75.1263,0.3653,-94.4159,16.47951844,44.11535853,1215.1789
12.950000,4393032.092324,4259428.300590,1798022.633109,-48.060829,-46.458079,162.704557,0.99923392,-0.00005788,-0.03913355,0.00037872,0.00033138,-0.01757325,0.00207554,11.1100,1214.9995,2441.4881,0.02444778,-0.00016902,0.512992,0.01357633,0.01334134,-0.01357444,-0.01333945,0.01845853,0.01822078,-0.01845866,-0.01822091,-75.0775,0.4081,-93.4787,16.47953426,44.11535854,1214.9995
12.960000,4393031.611744,4259427.836040,1798024.259850,-48.055161,-46.451923,162.643658,0.99923190,-0.00005702,-0.03918498,0.00038924,0.00030566,-0.00304314,0.00205260,11.1100,1214.8202,2443.2379,0.02428646,-0.00018738,0.512817,0.01357633,0.01334134,-0.01357444,-0.01333945,0.01851989,0.01826844,-0.01851901,-0.01826756,-75.0289,0.4572,-92.9105,16.47955007,44.11535855,1214.8202
12.970000,4393031.131221,4259427.371552,1798025.885983,-48.049494,-46.445705,162.582825,0.99923270,-0.00005631,-0.03916434,0.00039954,0.00027713,0.01121308,0.00199369,11.1100,1214.6407,2444.9871,0.02427118,-0.00020536,0.512643,0.01160825,0.01143657,-0.01160704,-0.01143536,0.01854423,0.01828725,-0.01854294,-0.01828596,-74.9802,0.5090,-92.7564,16.47956588,44.11535856,1214.6407
12.980000,4393030.650753,4259426.907126,1798027.511507,-48.043954,-46.439526,162.521984,0.99923597,-0.00005577,-0.03908068,0.00040921,0.00023999,0.02213419,0.00180794,11.1100,1214.4611,2446.7357,0.02439986,-0.00022269,0.512469,0.01160825,0.01143657,-0.01160704,-0.01143536,0.01793010,0.01771146,-0.01792781,-0.01770917,-74.9317,0.5806,-92.4273,16.47958168,44.11535857,1214.4611
12.990000,4393030.170341,4259426.442762,1798029.136422,-48.038338,-46.433195,162.461232,0.99924102,-0.00005541,-0.03895140,0.00041764,0.00019563,0.02943914,0.00149992,11.1100,1214.2814,2448.4837,0.02465537,-0.00023845,0.512295,0.01160825,0.01143657,-0.01160704,-0.01143536,0.01730671,0.01712797,-0.01730352,-0.01712477,-74.8832,0.6475,-92.4921,16.47959747,44.11535858,1214.2814
13.000000,4393029.689987,4259425.978463,1798030.760732,-48.032306,-46.426410,162.400735,0.99924723,-0.00005522,-0.03879163,0.00042435,0.00014916,0.03432179,0.00112368,11.1100,1214.1017,2450.2310,0.02500118,-0.00025142,0.512121,0.01160825,0.01143657,-0.01160704,-0.01143536,0.01699992,0.01684088,-0.01699628,-0.01683725,-74.8347,0.6952,-93.1542,16.47961326,44.11535859,1214.1017
13.010000,4393029.209697,4259425.514235,1798032.384438,-48.025654,-46.418994,162.340592,0.99925419,-0.00005519,-0.03861179,0.00042908,0.00010329,0.03746389,0.00071584,11.1100,1213.9218,2451.9778,0.02540431,-0.00026076,0.511947,0.01132151,0.01112280,-0.01131999,-0.01112128,0.01687529,0.01672427,-0.01687148,-0.01672046,-74.7862,0.7256,-94.1765,16.47962905,44.11535860,1213.9218
13.020000,4393028.729473,4259425.050082,1798034.007543,-48.018970,-46.411556,162.280477,0.99926110,-0.00005529,-0.03843251,0.00043190,0.00006633,0.03411075,0.00036588,11.1100,1213.7419,2453.7240,0.02584225,-0.00026606,0.511773,0.01132151,0.01112280,-0.01131999,-0.01112128,0.01568186,0.01550236,-0.01567870,-0.01549920,-74.7378,0.7253,-94.2275,16.47964482,44.11535861,1213.7419
13.030000,4393028.249316,4259424.586003,1798035.630047,-48.012278,-46.404132,162.220377,0.99926674,-0.00005548,-0.03828560,0.00043315,0.00003828,0.02455013,0.00008665,11.1100,1213.5619,2455.4695,0.02627884,-0.00026761,0.511599,0.01132151,0.01112280,-0.01131999,-0.01112128,0.01451202,0.01430194,-0.01450957,-0.01429948,-74.6893,0.7128,-94.3241,16.47966060,44.11535862,1213.5619
13.040000,4393027.769228,4259424.121999,1798037.251951,-48.005370,-46.396520,162.160411,0.99927022,-0.00005573,-0.03819470,0.00043310,0.00001515,0.01175230,-0.00014842,11.1100,1213.3818,2457.2145,0.02665068,-0.00026610,0.511425,0.01132151,0.01112280,-0.01131999,-0.01112128,0.01393966,0.01371439,-0.01393755,-0.01371228,-74.6409,0.6989,-94.8517,16.47967637,44.11535863,1213.3818
13.050000,4393027.289210,4259423.658073,1798038.873256,-47.998260,-46.388739,162.100580,0.99927112,-0.00005601,-0.03817127,0.00043196,-0.00000537,-0.00239420,-0.00035309,11.1100,1213.2017,2458.9588,0.02690869,-0.00026211,0.511251,0.01170514,0.01134630,-0.01170232,-0.01134349,0.01370771,0.01347625,-0.01370575,-0.01347428,-74.5926,0.6822,-95.3884,16.47969213,44.11535864,1213.2017
13.060000,4393026.809261,4259423.194223,1798040.493962,-47.991535,-46.381346,162.040591,0.99926899,-0.00005631,-0.03822691,0.00042974,-0.00002188,-0.01982058,-0.00057866,11.1100,1213.0215,2460.7025,0.02703002,-0.00025602,0.511077,0.01170514,0.01134630,-0.01170232,-0.01134349,0.01292241,0.01271114,-0.01292073,-0.01270946,-74.5442,0.6723,-94.9775,16.47970789,44.11535865,1213.0215
13.070000,4393026.329376,4259422.730443,1798042.114066,-47.985457,-46.374604,161.980317,0.99926327,-0.00005660,-0.03837619,0.00042634,-0.00003492,-0.03979206,-0.00082237,11.1100,1212.8412,2462.4457,0.02699637,-0.00024785,0.510903,0.01170514,0.01134630,-0.01170232,-0.01134349,0.01218894,0.01199948,-0.01218753,-0.01199807,-74.4960,0.6569,-94.1621,16.47972364,44.11535866,1212.8412
13.080000,4393025.849549,4259422.266728,1798043.733567,-47.980136,-46.368633,161.919713,0.99925363,-0.00005686,-0.03862644,0.00042176,-0.00004601,-0.06014452,-0.00105445,11.1100,1212.6608,2464.1882,0.02678080,-0.00023742,0.510730,0.01170514,0.01134630,-0.01170232,-0.01134349,0.01183312,0.01165450,-0.01183183,-0.01165321,-74.4478,0.6291,-93.1754,16.47973938,44.11535867,1212.6608
13.090000,4393025.369770,4259421.803067,1798045.352459,-47.975790,-46.363658,161.858676,0.99924006,-0.00005709,-0.03897594,0.00041610,-0.00005602,-0.07944466,-0.00125570,11.1100,1212.4803,2465.9301,0.02636965,-0.00022477,0.510557,0.01058904,0.01022100,-0.01059723,-0.01022919,0.01168944,0.01151524,-0.01168820,-0.01151400,-74.3997,0.5914,-91.8054,16.47975512,44.11535868,1212.4803
13.100000,4393024.890028,4259421.339450,1798046.970738,-47.972755,-46.360018,161.797038,0.99922271,-0.00005730,-0.03941843,0.00040959,-0.00006642,-0.09729126,-0.00139557,11.1100,1212.2998,2467.6715,0.02576818,-0.00021015,0.510384,0.01058904,0.01022100,-0.01059723,-0.01022919,0.01153442,0.01135225,-0.01153309,-0.01135093,-74.3518,0.5418,-89.8384,16.47977086,44.11535869,1212.2998
13.110000,4393024.410309,4259420.875861,1798048.588397,-47.971308,-46.357985,161.734660,0.99920179,-0.00005750,-0.03994518,0.00040255,-0.00007733,-0.11311651,-0.00146961,11.1100,1212.1191,2469.4122,0.02499185,-0.00019409,0.510212,0.01058904,0.01022100,-0.01059723,-0.01022919,0.01141331,0.01122207,-0.01141188,-0.01122063,-74.3039,0.4877,-87.3714,16.47978659,44.11535870,1212.1191
13.120000,4393023.930596,4259420.412284,1798050.205428,-47.971669,-46.357772,161.671433,0.99917766,-0.00005773,-0.04054446,0.00039528,-0.00008819,-0.12627820,-0.00148716,11.1100,1211.9383,2471.1523,0.02406047,-0.00017723,0.510040,0.01058904,0.01022100,-0.01059723,-0.01022919,0.01135664,0.01116085,-0.01135515,-0.01115936,-74.2563,0.4337,-84.4961,16.47980231,44.11535871,1211.9383
13.130000,4393023.450869,4259419.948699,1798051.821823,-47.974028,-46.359559,161.607258,0.99915077,-0.00005798,-0.04120186,0.00038804,-0.00009870,-0.13635468,-0.00145504,11.1100,1211.7573,2472.8918,0.02299938,-0.00016020,0.509869,0.00850787,0.00839870,-0.00850599,-0.00839682,0.01133410,0.01113645,-0.01133260,-0.01113495,-74.2088,0.3808,-81.2566,16.47981803,44.11535872,1211.7573
13.140000,4393022.971109,4259419.485086,1798053.437570,-47.978446,-46.363438,161.542093,0.99912173,-0.00005830,-0.04190017,0.00038139,-0.00011333,-0.14264369,-0.00125796,11.1100,1211.5761,2474.6307,0.02183901,-0.00014350,0.509699,0.00850787,0.00839870,-0.00850599,-0.00839682,0.01146217,0.01120693,-0.01146020,-0.01120495,-74.1616,0.3018,-77.8298,16.47983375,44.11535873,1211.5761
13.150000,4393022.491293,4259419.021423,1798055.052661,-47.985008,-46.369481,161.475887,0.99909127,-0.00005876,-0.04262019,0.00037611,-0.00013185,-0.14505636,-0.00090499,11.1100,1211.3947,2476.3690,0.02061452,-0.00012834,0.509529,0.00850787,0.00839870,-0.00850599,-0.00839682,0.01159637,0.01128366,-0.01159393,-0.01128122,-74.1145,0.2282,-74.2044,16.47984945,44.11535874,1211.3947
13.160000,4393022.011401,4259418.557689,1798056.667084,-47.993778,-46.377716,161.408610,0.99906017,-0.00005939,-0.04334321,0.00037280,-0.00015170,-0.14386467,-0.00047050,11.1100,1211.2131,2478.1067,0.01936500,-0.00011630,0.509359,0.00850787,0.00839870,-0.00850599,-0.00839682,0.01166276,0.01132185,-0.01166009,-0.01131918,-74.0676,0.1793,-70.4402,16.47986516,44.11535875,1211.2131
13.170000,4393021.531410,4259418.093862,1798058.280830,-48.004733,-46.388096,161.340266,0.99902918,-0.00006023,-0.04405185,0.00037174,-0.00017146,-0.13933834,-0.00000313,11.1100,1211.0311,2479.8438,0.01812839,-0.00010842,0.509191,0.00493916,0.00499443,-0.00494195,-0.00499721,0.01168978,0.01133743,-0.01168702,-0.01133467,-74.0209,0.1516,-66.6746,16.47988085,44.11535876,1211.0311
13.180000,4393021.051298,4259417.629919,1798059.893886,-48.018018,-46.400739,161.270771,0.99899885,-0.00006118,-0.04473437,0.00037305,-0.00015182,-0.13345337,0.00047571,11.1100,1210.8488,2481.5803,0.01693919,-0.00010516,0.509022,0.00493916,0.00499443,-0.00494195,-0.00499721,0.01130320,0.01094334,-0.01130431,-0.01094445,-73.9743,0.1399,-62.6398,16.47989655,44.11535877,1210.8488
13.190000,4393020.571042,4259417.165839,1798061.506241,-48.033505,-46.415503,161.200186,0.99896951,-0.00006206,-0.04538463,0.00037674,-0.00009442,-0.12647088,0.00094739,11.1100,1210.6662,2483.3161,0.01582210,-0.00010667,0.508855,0.00493916,0.00499443,-0.00494195,-0.00499721,0.01090791,0.01054326,-0.01091294,-0.01054830,-73.9280,0.1441,-58.8151,16.47991223,44.11535878,1210.6662
13.200000,4393020.090622,4259416.701603,1798063.117886,-48.050924,-46.432108,161.128653,0.99894157,-0.00006272,-0.04599563,0.00038275,-0.00002091,-0.11778340,0.00139414,11.1100,1210.4832,2485.0514,0.01478829,-0.00011288,0.508688,0.00493916,0.00499443,-0.00494195,-0.00499721,0.01071313,0.01034637,-0.01072010,-0.01035333,-73.8818,0.1637,-55.4395,16.47992791,44.11535879,1210.4832
13.210000,4393019.610018,4259416.237192,1798064.728812,-48.070032,-46.450302,161.056300,0.99891549,-0.00006313,-0.04655834,0.00039091,0.00005656,-0.10719623,0.00180217,11.1100,1210.2998,2486.7860,0.01384945,-0.00012354,0.508521,0.00234232,0.00236674,-0.00234552,-0.00236994,0.01063398,0.01026638,-0.01064172,-0.01027413,-73.8357,0.1972,-52.4609,16.47994359,44.11535880,1210.2998
13.220000,4393019.129214,4259415.772590,1798066.339009,-48.091035,-46.470217,160.983018,0.99889146,-0.00006333,-0.04707104,0.00040051,0.00009762,-0.09781424,0.00196766,11.1100,1210.1159,2488.5200,0.01302153,-0.00013828,0.508355,0.00234232,0.00236674,-0.00234552,-0.00236994,0.00986503,0.00958913,-0.00986949,-0.00959359,-73.7898,0.2881,-49.1780,16.47995926,44.11535882,1210.1159
13.230000,4393018.648191,4259415.307782,1798067.948469,-48.113726,-46.491647,160.908915,0.99886923,-0.00006344,-0.04754029,0.00041034,0.00010213,-0.08984413,0.00188972,11.1100,1209.9315,2490.2534,0.01230949,-0.00015540,0.508189,0.00234232,0.00236674,-0.00234552,-0.00236994,0.00911102,0.00892752,-0.00911197,-0.00892848,-73.7440,0.3855,-46.2679,16.47997492,44.11535883,1209.9315
13.240000,4393018.166935,4259414.842753,1798069.557185,-48.137703,-46.514237,160.834198,0.99884869,-0.00006355,-0.04796986,0.00041942,0.00008935,-0.08196589,0.00167379,11.1100,1209.7467,2491.9861,0.01169845,-0.00017245,0.508023,0.00234232,0.00236674,-0.00234552,-0.00236994,0.00874208,0.00860400,-0.00874130,-0.00860323,-73.6984,0.4584,-44.0266,16.47999058,44.11535884,1209.7467
13.250000,4393017.685434,4259414.377494,1798071.165151,-48.162670,-46.537727,160.759019,0.99882995,-0.00006370,-0.04835859,0.00042724,0.00007027,-0.07353457,0.00138510,11.1100,1209.5613,2493.7183,0.01117759,-0.00018768,0.507858,-0.00132692,-0.00145344,0.00133184,0.00145836,0.00859256,0.00847293,-0.00859108,-0.00847145,-73.6528,0.5119,-42.2618,16.48000623,44.11535885,1209.5613
13.260000,4393017.203675,4259413.911993,1798072.772362,-48.189151,-46.562608,160.683083,0.99881254,-0.00006384,-0.04871662,0.00043320,0.00006590,-0.06969957,0.00093506,11.1100,1209.3754,2495.4498,0.01074681,-0.00020012,0.507694,-0.00132692,-0.00145344,0.00133184,0.00145836,0.00726899,0.00721463,-0.00726890,-0.00721454,-73.6074,0.5796,-39.6413,16.48002188,44.11535886,1209.3754
13.270000,4393016.721645,4259413.446236,1798074.378810,-48.217014,-46.588773,160.606451,0.99879540,-0.00006383,-0.04906685,0.00043656,0.00007725,-0.07041062,0.00034742,11.1100,1209.1890,2497.1807,0.01039027,-0.00020854,0.507529,-0.00132692,-0.00145344,0.00133184,0.00145836,0.00597428,0.00598109,-0.00597578,-0.00598258,-73.5621,0.6325,-37.2928,16.48003752,44.11535887,1209.1890
13.280000,4393016.239331,4259412.980214,1798075.984489,-48.245837,-46.615856,160.529349,0.99877774,-0.00006359,-0.04942500,0.00043685,0.00009577,-0.07286549,-0.00029389,11.1100,1209.0019,2498.9110,0.01006113,-0.00021154,0.507365,-0.00132692,-0.00145344,0.00133184,0.00145836,0.00534105,0.00537755,-0.00534333,-0.00537983,-73.5168,0.6530,-35.6799,16.48005315,44.11535888,1209.0019
13.290000,4393015.756725,4259412.513917,1798077.589395,-48.275409,-46.643685,160.451884,0.99875933,-0.00006309,-0.04979569,0.00043394,0.00011652,-0.07543245,-0.00093404,11.1100,1208.8143,2500.6406,0.00972444,-0.00020831,0.507201,-0.00247938,-0.00263039,0.00248455,0.00263556,0.00508448,0.00513297,-0.00508709,-0.00513557,-73.4717,0.6461,-34.4134,16.48006878,44.11535889,1208.8143
13.300000,4393015.273818,4259412.047335,1798079.193524,-48.306196,-46.672745,160.373782,0.99873972,-0.00006232,-0.05018758,0.00042797,0.00013885,-0.08133244,-0.00151780,11.1100,1208.6261,2502.3696,0.00936926,-0.00019874,0.507037,-0.00247938,-0.00263039,0.00248455,0.00263556,0.00406662,0.00410858,-0.00406949,-0.00411145,-73.4267,0.6111,-32.3412,16.48008441,44.11535890,1208.6261
13.310000,4393014.790596,4259411.580456,1798080.796868,-48.338228,-46.703088,160.295019,0.99871808,-0.00006128,-0.05061631,0.00041929,0.00016192,-0.09015423,-0.00202509,11.1100,1208.4372,2504.0980,0.00898248,-0.00018326,0.506874,-0.00247938,-0.00263039,0.00248455,0.00263556,0.00310527,0.00313776,-0.00310833,-0.00314082,-73.3818,0.5573,-30.2451,16.48010002,44.11535891,1208.4372
13.320000,4393014.307049,4259411.113269,1798082.399422,-48.371330,-46.734558,160.215687,0.99869394,-0.00005999,-0.05109059,0.00040827,0.00018468,-0.09954589,-0.00245409,11.1100,1208.2478,2505.8258,0.00853311,-0.00016263,0.506711,-0.00247938,-0.00263039,0.00248455,0.00263556,0.00263796,0.00266556,-0.00264110,-0.00266871,-73.3370,0.4907,-28.4614,16.48011564,44.11535892,1208.2478
13.330000,4393013.823166,4259410.645761,1798084.001180,-48.405475,-46.767139,160.135799,0.99866725,-0.00005847,-0.05160973,0.00039531,0.00020664,-0.10809164,-0.00280165,11.1100,1208.0576,2507.5529,0.00800226,-0.00013767,0.506549,-0.00365233,-0.00408229,0.00365368,0.00408364,0.00244909,0.00247468,-0.00245228,-0.00247786,-73.2923,0.4131,-26.7121,16.48013124,44.11535894,1208.0576
13.340000,4393013.338932,4259410.177918,1798085.602134,-48.441480,-46.801667,160.054872,0.99863752,-0.00005683,-0.05218189,0.00038112,0.00019943,-0.12074043,-0.00295202,11.1100,1207.8668,2509.2794,0.00739114,-0.00010923,0.506386,-0.00365233,-0.00408229,0.00365368,0.00408364,0.00107532,0.00104651,-0.00107563,-0.00104681,-73.2477,0.3000,-23.5414,16.48014685,44.11535895,1207.8668
13.350000,4393012.854328,4259409.709720,1798087.202273,-48.479496,-46.838289,159.972813,0.99860365,-0.00005526,-0.05282632,0.00036667,0.00016432,-0.13698017,-0.00290624,11.1100,1207.6753,2511.0053,0.00669068,-0.00007890,0.506224,-0.00365233,-0.00408229,0.00365368,0.00408364,-0.00026037,-0.00034339,0.00026296,0.00034598,-73.2032,0.1823,-20.1632,16.48016244,44.11535896,1207.6753
13.360000,4393012.369335,4259409.241146,1798088.801586,-48.519361,-46.876827,159.889715,0.99856497,-0.00005389,-0.05355249,0.00035277,0.00011711,-0.15342739,-0.00272740,11.1100,1207.4831,2512.7305,0.00586367,-0.00004864,0.506063,-0.00365233,-0.00408229,0.00365368,0.00408364,-0.00091296,-0.00102258,0.00091698,0.00102659,-73.1588,0.0793,-17.1064,16.48017803,44.11535897,1207.4831
13.370000,4393011.883935,4259408.772177,1798090.400064,-48.561102,-46.917288,159.805563,0.99852155,-0.00005279,-0.05435624,0.00034000,0.00006666,-0.16801563,-0.00245638,11.1100,1207.2902,2514.4551,0.00488965,-0.00002002,0.505901,-0.00652777,-0.00672112,0.00653013,0.00672348,-0.00117727,-0.00129767,0.00118186,0.00130226,-73.1145,-0.0104,-14.0025,16.48019361,44.11535898,1207.2902
13.380000,4393011.398105,4259408.302792,1798091.997693,-48.605086,-46.960018,159.720136,0.99847360,-0.00005201,-0.05523008,0.00032878,0.00001584,-0.18146573,-0.00209885,11.1100,1207.0964,2516.1790,0.00377709,0.00000590,0.505740,-0.00652777,-0.00672112,0.00653013,0.00672348,-0.00168469,-0.00181779,0.00168959,0.00182269,-73.0704,-0.0926,-10.2461,16.48020919,44.11535899,1207.0964
13.390000,4393010.911824,4259407.832968,1798093.594462,-48.651476,-47.005158,159.633330,0.99842134,-0.00005157,-0.05616691,0.00031952,-0.00003400,-0.19323162,-0.00167179,11.1100,1206.9018,2517.9023,0.00254422,0.00002828,0.505580,-0.00652777,-0.00672112,0.00653013,0.00672348,-0.00213090,-0.00227416,0.00213596,0.00227922,-73.0264,-0.1625,-6.1930,16.48022477,44.11535900,1206.9018
13.400000,4393010.425067,4259407.362680,1798095.190355,-48.700308,-47.052722,159.545117,0.99836525,-0.00005149,-0.05715527,0.00031250,-0.00008199,-0.20209710,-0.00119939,11.1100,1206.7064,2519.6250,0.00120656,0.00004640,0.505419,-0.00652777,-0.00672112,0.00653013,0.00672348,-0.00234493,-0.00249297,0.00235006,0.00249810,-72.9824,-0.2167,-2.0549,16.48024033,44.11535901,1206.7064
13.410000,4393009.937810,4259406.891905,1798096.785359,-48.751629,-47.102737,159.455456,0.99830612,-0.00005176,-0.05817893,0.00030790,-0.00012785,-0.20739155,-0.00070124,11.1100,1206.5101,2521.3470,-0.00021261,0.00005977,0.505259,-0.00798192,-0.00825310,0.00798238,0.00825356,-0.00243094,-0.00258089,0.00243610,0.00258604,-72.9386,-0.2552,2.2066,16.48025589,44.11535902,1206.5101
13.420000,4393009.450025,4259406.420616,1798098.379458,-48.805711,-47.155505,159.364158,0.99824465,-0.00005240,-0.05922432,0.00030631,-0.00015839,-0.21082306,0.00001142,11.1100,1206.3129,2523.0684,-0.00168045,0.00006812,0.505099,-0.00798192,-0.00825310,0.00798238,0.00825356,-0.00287949,-0.00312926,0.00288329,0.00313307,-72.8948,-0.3261,7.0215,16.48027145,44.11535904,1206.3129
13.430000,4393008.961686,4259405.948785,1798099.972636,-48.862568,-47.211011,159.271202,0.99818134,-0.00005339,-0.06028193,0.00030877,-0.00017425,-0.21231877,0.00091620,11.1100,1206.1147,2524.7891,-0.00316717,0.00007009,0.504940,-0.00798192,-0.00825310,0.00798238,0.00825356,-0.00330974,-0.00365944,0.00331219,0.00366188,-72.8512,-0.3770,11.8762,16.48028700,44.11535905,1206.1147
13.440000,4393008.472765,4259405.476387,1798101.564877,-48.922069,-47.269065,159.176667,0.99811690,-0.00005472,-0.06133961,0.00031590,-0.00018288,-0.21090119,0.00188108,11.1100,1205.9156,2526.5091,-0.00465365,0.00006375,0.504780,-0.00798192,-0.00825310,0.00798238,0.00825356,-0.00351946,-0.00391822,0.00352124,0.00392000,-72.8076,-0.3779,16.4944,16.48030254,44.11535906,1205.9156
13.450000,4393007.983236,4259405.003396,1798103.156165,-48.984092,-47.329497,159.080622,0.99805231,-0.00005638,-0.06238170,0.00032779,-0.00018850,-0.20612747,0.00282003,11.1100,1205.7153,2528.2285,-0.00611694,0.00004810,0.504621,-0.01349797,-0.01393059,0.01349845,0.01393107,-0.00360432,-0.00402299,0.00360582,0.00402449,-72.7641,-0.3368,20.9155,16.48031808,44.11535907,1205.7153
13.460000,4393007.493072,4259404.529787,1798104.746483,-49.049092,-47.392658,158.982802,0.99798803,-0.00005834,-0.06340168,0.00034375,-0.00019638,-0.20209552,0.00351045,11.1100,1205.5140,2529.9472,-0.00752686,0.00002320,0.504462,-0.01349797,-0.01393059,0.01349845,0.01393107,-0.00465755,-0.00499952,0.00465932,0.00500129,-72.7206,-0.2219,26.0756,16.48033361,44.11535908,1205.5140
13.470000,4393007.002244,4259404.055533,1798106.335814,-49.116945,-47.458407,158.883270,0.99792387,-0.00006053,-0.06440349,0.00036247,-0.00020706,-0.19889316,0.00392897,11.1100,1205.3116,2531.6652,-0.00886669,-0.00000922,0.504303,-0.01349797,-0.01393059,0.01349845,0.01393107,-0.00569609,-0.00595611,0.00569818,0.00595819,-72.6772,-0.0834,31.0016,16.48034913,44.11535909,1205.3116
13.480000,4393006.510724,4259403.580611,1798107.924143,-49.187248,-47.526363,158.782254,0.99785995,-0.00006288,-0.06538625,0.00038280,-0.00021881,-0.19451888,0.00415581,11.1100,1205.1080,2533.3825,-0.01014542,-0.00004644,0.504144,-0.01349797,-0.01393059,0.01349845,0.01393107,-0.00620472,-0.00642408,0.00620698,0.00642633,-72.6339,0.0481,35.2457,16.48036465,44.11535910,1205.1080
13.490000,4393006.018491,4259403.104999,1798109.511455,-49.259713,-47.596260,158.679915,0.99779689,-0.00006535,-0.06634154,0.00040390,-0.00023063,-0.18794178,0.00423933,11.1100,1204.9032,2535.0991,-0.01136476,-0.00008620,0.503985,-0.01566704,-0.01638803,0.01566032,0.01638130,-0.00641093,-0.00661371,0.00641325,0.00661603,-72.5906,0.1745,39.0337,16.48038016,44.11535911,1204.9032
13.500000,4393005.525522,4259402.628678,1798111.097736,-49.334418,-47.668193,158.576186,0.99773517,-0.00006789,-0.06726323,0.00042526,-0.00023556,-0.18111325,0.00425954,11.1100,1204.6971,2536.8151,-0.01251023,-0.00012686,0.503826,-0.01566704,-0.01638803,0.01566032,0.01638130,-0.00700409,-0.00722836,0.00700576,0.00723004,-72.5473,0.2844,42.9984,16.48039567,44.11535912,1204.6971
13.510000,4393005.031796,4259402.151629,1798112.682974,-49.411180,-47.741991,158.471171,0.99767497,-0.00007046,-0.06815018,0.00044658,-0.00023375,-0.17407795,0.00422685,11.1100,1204.4898,2538.5303,-0.01356873,-0.00016748,0.503668,-0.01566704,-0.01638803,0.01566032,0.01638130,-0.00755057,-0.00780049,0.00755157,0.00780149,-72.5041,0.3918,46.6592,16.48041117,44.11535914,1204.4898
13.520000,4393004.537293,4259401.673833,1798114.267156,-49.489684,-47.817344,158.365059,0.99761662,-0.00007300,-0.06899894,0.00046754,-0.00022880,-0.16586237,0.00411820,11.1100,1204.2812,2540.2449,-0.01453952,-0.00020750,0.503509,-0.01566704,-0.01638803,0.01566032,0.01638130,-0.00781501,-0.00807786,0.00781568,0.00807853,-72.4610,0.5032,49.7802,16.48042666,44.11535915,1204.2812
13.530000,4393004.041997,4259401.195277,1798115.850272,-49.569671,-47.894003,158.258010,0.99756070,-0.00007548,-0.06980259,0.00048774,-0.00022279,-0.15606136,0.00392332,11.1100,1204.0712,2541.9587,-0.01541841,-0.00024624,0.503351,-0.01740254,-0.01807722,0.01739828,0.01807296,-0.00792169,-0.00818984,0.00792222,0.00819037,-72.4178,0.6140,52.4760,16.48044215,44.11535916,1204.0712
13.540000,4393003.545889,4259400.715944,1798117.432310,-49.652023,-47.972864,158.149444,0.99750641,-0.00007788,-0.07057409,0.00050705,-0.00021665,-0.15300518,0.00376083,11.1100,1203.8599,2543.6719,-0.01619380,-0.00028292,0.503192,-0.01740254,-0.01807722,0.01739828,0.01807296,-0.00992131,-0.01024881,0.00992181,0.01024930,-72.3748,0.6922,56.7139,16.48045763,44.11535917,1203.8599
13.550000,4393003.048947,4259400.235811,1798119.013255,-49.736619,-48.053816,158.039428,0.99745141,-0.00008020,-0.07134706,0.00052564,-0.00021072,-0.15666240,0.00363345,11.1100,1203.6472,2545.3843,-0.01688361,-0.00031742,0.503034,-0.01740254,-0.01807722,0.01739828,0.01807296,-0.01190624,-0.01229213,0.01190672,0.01229261,-72.3317,0.7646,60.6516,16.48047310,44.11535918,1203.6472
13.560000,4393002.551151,4259399.754862,1798120.593094,-49.822888,-48.136294,157.928316,0.99739408,-0.00008243,-0.07214398,0.00054354,-0.00020506,-0.16260788,0.00348377,11.1100,1203.4331,2547.0960,-0.01755627,-0.00035013,0.502876,-0.01740254,-0.01807722,0.01739828,0.01807296,-0.01287948,-0.01329395,0.01287996,0.01329443,-72.2888,0.8461,63.5211,16.48048857,44.11535919,1203.4331
13.570000,4393002.052484,4259399.273081,1798122.171818,-49.910562,-48.220035,157.816271,0.99733399,-0.00008456,-0.07296978,0.00056056,-0.00019967,-0.16824632,0.00328224,11.1100,1203.2175,2548.8070,-0.01826192,-0.00038104,0.502718,-0.01740254,-0.01807722,0.01739828,0.01807296,-0.01327423,-0.01370028,0.01327471,0.01370076,-72.2458,0.9302,65.9118,16.48050403,44.11535920,1203.2175
13.580000,4393001.552933,4259398.790454,1798123.749415,-49.999997,-48.305449,157.703028,0.99727078,-0.00008653,-0.07382859,0.00057697,-0.00016989,-0.17583882,0.00323062,11.1100,1203.0005,2550.5172,-0.01901283,-0.00040978,0.502560,-0.01740254,-0.01807722,0.01739828,0.01807296,-0.01419134,-0.01472417,0.01418926,0.01472209,-72.2030,0.9620,68.9781,16.48051949,44.11535922,1203.0005
13.590000,4393001.052478,4259398.306965,1798125.325874,-50.091228,-48.392570,157.588549,0.99720372,-0.00008827,-0.07472874,0.00059349,-0.00011680,-0.18482095,0.00332387,11.1100,1202.7820,2552.2267,-0.01981375,-0.00043711,0.502402,-0.01740254,-0.01807722,0.01739828,0.01807296,-0.01501787,-0.01565524,0.01501321,0.01565059,-72.1601,0.9913,72.0912,16.48053493,44.11535923,1202.7820
13.600000,4393000.551102,4259397.822597,1798126.901182,-50.184128,-48.481240,157.472911,0.99713258,-0.00008974,-0.07567192,0.00061059,-0.00005421,-0.19309434,0.00344871,11.1100,1202.5619,2553.9355,-0.02068109,-0.00046452,0.502244,-0.01740254,-0.01807722,0.01739828,0.01807296,-0.01541619,-0.01610471,0.01541027,0.01609879,-72.1173,1.0470,74.9548,16.48055038,44.11535924,1202.5619
13.610000,4393000.048789,4259397.337335,1798128.475328,-50.278670,-48.571413,157.356121,0.99705774,-0.00009092,-0.07665153,0.00062825,0.00001019,-0.19944608,0.00354007,11.1100,1202.3404,2555.6435,-0.02161945,-0.00049274,0.502087,-0.01740254,-0.01807722,0.01739828,0.01807296,-0.01557659,-0.01628584,0.01557016,0.01627940,-72.0746,1.1196,77.7843,16.48056581,44.11535925,1202.3404
13.620000,4392999.545521,4259396.851162,1798130.048299,-50.375222,-48.663426,157.237925,0.99697946,-0.00009179,-0.07766295,0.00064616,0.00006477,-0.20586356,0.00353685,11.1100,1202.1172,2557.3508,-0.02261591,-0.00052168,0.501929,-0.01740254,-0.01807722,0.01739828,0.01807296,-0.01625254,-0.01695301,0.01624679,0.01694726,-72.0319,1.2083,81.2670,16.48058124,44.11535926,1202.1172
13.630000,4392999.041277,4259396.364060,1798131.620081,-50.473831,-48.757324,157.118276,0.99689766,-0.00009238,-0.07870580,0.00066382,0.00010881,-0.21207281,0.00343133,11.1100,1201.8924,2559.0573,-0.02365794,-0.00055062,0.501771,-0.01740254,-0.01807722,0.01739828,0.01807296,-0.01689346,-0.01758008,0.01688852,0.01757515,-71.9892,1.2988,84.8424,16.48059666,44.11535927,1201.8924
13.640000,4392998.536038,4259395.876010,1798133.190660,-50.574370,-48.852996,156.997231,0.99681263,-0.00009268,-0.07977538,0.00068076,0.00014672,-0.21661374,0.00324239,11.1100,1201.6661,2560.7631,-0.02474433,-0.00057857,0.501613,-0.01740254,-0.01807722,0.01739828,0.01807296,-0.01720523,-0.01788464,0.01720070,0.01788011,-71.9465,1.3827,88.2327,16.48061207,44.11535929,1201.6661
13.650000,4392998.029784,4259395.386994,1798134.760021,-50.676774,-48.950388,156.874815,0.99672511,-0.00009271,-0.08086134,0.00069660,0.00018113,-0.21867902,0.00298575,11.1100,1201.4380,2562.4681,-0.02586668,-0.00060463,0.501455,-0.01740254,-0.01807722,0.01739828,0.01807296,-0.01733126,-0.01800768,0.01732691,0.01800332,-71.9038,1.4586,91.5554,16.48062748,44.11535930,1201.4380
13.660000,4392997.522496,4259394.896996,1798136.328152,-50.780996,-49.049466,156.751038,0.99663614,-0.00009245,-0.08195055,0.00071103,0.00021323,-0.21797178,0.00267372,11.1100,1201.2083,2564.1724,-0.02700471,-0.00062810,0.501297,-0.01740254,-0.01807722,0.01739828,0.01807296,-0.01737789,-0.01805318,0.01737360,0.01804889,-71.8611,1.5257,94.8548,16.48064288,44.11535931,1201.2083
13.670000,4392997.014158,4259394.405999,1798137.895037,-50.886971,-49.150182,156.625926,0.99654685,-0.00009190,-0.08302912,0.00072381,0.00024354,-0.21447110,0.00231739,11.1100,1200.9768,2565.8758,-0.02813243,-0.00064841,0.501139,-0.01740254,-0.01807722,0.01739828,0.01807296,-0.01739427,-0.01806916,0.01738999,0.01806488,-71.8184,1.5829,98.1026,16.48065827,44.11535932,1200.9768
13.680000,4392996.504751,4259393.913987,1798139.460666,-50.994604,-49.252457,156.499530,0.99645844,-0.00009107,-0.08408344,0.00073473,0.00027229,-0.20830601,0.00192774,11.1100,1200.7436,2567.5785,-0.02922240,-0.00066512,0.500980,-0.01740254,-0.01807722,0.01739828,0.01807296,-0.01739982,-0.01807458,0.01739556,0.01807031,-71.7756,1.6292,101.2372,16.48067366,44.11535934,1200.7436
13.690000,4392995.994261,4259393.420945,1798141.025024,-51.103760,-49.356174,156.371930,0.99637207,-0.00008996,-0.08510075,0.00074367,0.00029959,-0.19969863,0.00151590,11.1100,1200.5087,2569.2804,-0.03024805,-0.00067789,0.500822,-0.01740254,-0.01807722,0.01739828,0.01807296,-0.01740166,-0.01807637,0.01739740,0.01807211,-71.7329,1.6637,104.1874,16.48068904,44.11535935,1200.5087
13.700000,4392995.482672,4259392.926860,1798142.588101,-51.214267,-49.461183,156.243238,0.99628884,-0.00008857,-0.08606960,0.00075052,0.00032555,-0.18893719,0.00109316,11.1100,1200.2719,2570.9815,-0.03118492,-0.00068651,0.500663,-0.01740254,-0.01807722,0.01739828,0.01807296,-0.01740226,-0.01807695,0.01739800,0.01807269,-71.6902,1.6860,106.8837,16.48070441,44.11535936,1200.2719
