time,pos_x,pos_y,pos_z,vel_x,vel_y,vel_z,q0,q1,q2,q3,omega_x,omega_y,omega_z,mass,altitude,ground_range,alpha,beta,mach,fin_cmd_1,fin_cmd_2,fin_cmd_3,fin_cmd_4,fin_act_1,fin_act_2,fin_act_3,fin_act_4,force_x,force_y,force_z,lat,lon,alt_msl
0.010000,4393519.067327,4259900.829654,1795674.982111,-0.077555,-0.075196,0.531329,0.99144474,0.00049536,0.13052618,-0.00006521,0.10000000,0.00000000,0.00000000,12.7370,1200.0000,0.0000,0.00000000,0.00000000,0.000000,0.00000000,0.00000000,0.00000000,0.00000000,0.00000000,0.00000000,0.00000000,0.00000000,0.0000,0.0000,0.0000,16.45747200,44.11536100,1200.0000
0.020000,4393519.066173,4259900.828535,1795674.989567,-0.152902,-0.148252,0.941795,0.99144437,0.00099072,0.13052613,-0.00013041,0.10000000,0.00000000,0.00000000,12.7344,1200.0001,0.0023,0.00000000,0.00000000,0.001580,0.00000000,0.00000000,0.00000000,0.00000000,0.00000000,0.00000000,0.00000000,0.00000000,647.7998,0.0000,0.0000,16.45747202,44.11536100,1200.0001
0.030000,4393519.064270,4259900.826691,1795675.000869,-0.227680,-0.220755,1.321087,0.99144375,0.00148609,0.13052605,-0.00019562,0.10000000,0.00000000,0.00000000,12.7321,1200.0007,0.0099,0.00000000,0.00000000,0.002815,0.00000000,0.00000000,0.00000000,0.00000000,0.00000000,0.00000000,0.00000000,0.00000000,508.4594,0.0000,0.0000,16.45747209,44.11536100,1200.0007
0.040000,4393519.061619,4259900.824120,1795675.016015,-0.302698,-0.293490,1.713483,0.99144288,0.00198145,0.13052593,-0.00026083,0.10000000,0.00000000,0.00000000,12.7297,1200.0014,0.0215,0.00000000,0.00000000,0.003960,0.00000000,0.00000000,0.00000000,0.00000000,0.00000000,0.00000000,0.00000000,0.00000000,528.3637,0.0000,0.0000,16.45747219,44.11536100,1200.0014
0.050000,4393519.058213,4259900.820818,1795675.035295,-0.378550,-0.367034,2.151564,0.99144177,0.00247681,0.13052579,-0.00032603,0.10000000,0.00000000,0.00000000,12.7270,1200.0021,0.0371,0.00000000,0.00000000,0.005144,0.00000000,0.00000000,0.00000000,0.00000000,0.00000000,0.00000000,0.00000000,0.00000000,568.1789,0.0000,0.0000,16.45747233,44.11536100,1200.0021
0.060000,4393519.054044,4259900.816775,1795675.059255,-0.455499,-0.441642,2.649694,0.99144041,0.00297217,0.13052561,-0.00039124,0.10000000,0.00000000,0.00000000,12.7240,1200.0030,0.0569,0.00000000,0.00000000,0.006457,0.00000000,0.00000000,0.00000000,0.00000000,0.00000000,0.00000000,0.00000000,0.00000000,637.8506,0.0000,0.0000,16.45747251,44.11536100,1200.0030
0.070000,4393519.049100,4259900.811982,1795675.088472,-0.533379,-0.517152,3.198788,0.99143880,0.00346753,0.13052539,-0.00045644,0.10000000,0.00000000,0.00000000,12.7207,1200.0042,0.0815,0.00000000,0.00000000,0.007942,0.00000000,0.00000000,0.00000000,0.00000000,0.00000000,0.00000000,0.00000000,0.00000000,707.5193,0.0000,0.0000,16.45747274,44.11536100,1200.0042
0.080000,4393519.043375,4259900.806431,1795675.123336,-0.611833,-0.593219,3.779327,0.99143694,0.00396289,0.13052515,-0.00052165,0.10000000,0.00000000,0.00000000,12.7172,1200.0059,0.1115,0.00000000,0.00000000,0.009573,0.00000000,0.00000000,0.00000000,0.00000000,0.00000000,0.00000000,0.00000000,0.00000000,747.3379,0.0000,0.0000,16.45747301,44.11536100,1200.0059
0.090000,4393519.036863,4259900.800117,1795675.164111,-0.690601,-0.669589,4.376987,0.99143484,0.00445825,0.13052487,-0.00058685,0.10000000,0.00000000,0.00000000,12.7137,1200.0081,0.1472,0.00000000,0.00000000,0.011293,0.00000000,0.00000000,0.00000000,0.00000000,0.00000000,0.00000000,0.00000000,0.00000000,787.1470,0.0000,0.0000,16.45747333,44.11536100,1200.0081
0.100000,4393519.029563,4259900.793039,1795675.210876,-0.769371,-0.745961,4.974820,0.99143249,0.00495360,0.13052456,-0.00065206,0.09999956,-0.00000133,0.00000001,12.7101,1200.0110,0.1888,0.00000000,0.00000000,0.013063,0.00000000,0.00000000,0.00000000,0.00000000,0.00000000,0.00000000,0.00000000,0.00000000,797.1001,0.0000,0.0000,16.45747371,44.11536100,1200.0110
0.110000,4393519.021476,4259900.785198,1795675.263556,-0.847923,-0.822122,5.561080,0.99142989,0.00544895,0.13052419,-0.00071726,0.09999642,-0.00001135,0.00000013,12.7066,1200.0145,0.2365,0.18672177,0.00185654,0.014834,0.00000000,0.00000000,0.00000000,0.00000000,0.00000000,0.00000000,0.00000000,0.00000000,787.1446,-0.0001,-0.0100,16.45747414,44.11536100,1200.0145
0.120000,4393519.012604,4259900.776596,1795675.322098,-0.926428,-0.898236,6.144896,0.99142706,0.00594427,0.13052373,-0.00078247,0.09999208,-0.00002638,0.00000032,12.7032,1200.0186,0.2902,0.18381829,0.00201081,0.016572,0.00000000,0.00000000,0.00000000,0.00000000,0.00000000,0.00000000,0.00000000,0.00000000,787.1381,-0.0002,-0.0153,16.45747462,44.11536100,1200.0186
0.130000,4393519.002948,4259900.767234,1795675.386428,-1.004787,-0.974210,6.721044,0.99142399,0.00643957,0.13052314,-0.00084766,0.09998631,-0.00004803,0.00000063,12.6998,1200.0233,0.3499,0.18153487,0.00216667,0.018303,0.00000000,0.00000000,0.00000000,0.00000000,0.00000000,0.00000000,0.00000000,0.00000000,767.2355,-0.0003,-0.0226,16.45747516,44.11536100,1200.0233
0.140000,4393518.992508,4259900.757112,1795675.456520,-1.083145,-1.050181,7.297353,0.99142069,0.00693484,0.13052239,-0.00091285,0.09997881,-0.00007823,0.00000110,12.6963,1200.0287,0.4154,0.17984408,0.00232560,0.020012,0.00000000,0.00000000,0.00000000,0.00000000,0.00000000,0.00000000,0.00000000,0.00000000,767.2333,-0.0004,-0.0320,16.45747575,44.11536100,1200.0287
0.150000,4393518.981285,4259900.746230,1795675.532402,-1.161641,-1.126286,7.881661,0.99141716,0.00743006,0.13052143,-0.00097804,0.09996927,-0.00011937,0.00000180,12.6929,1200.0346,0.4867,0.17841365,0.00248478,0.021721,0.00000000,0.00000000,0.00000000,0.00000000,0.00000000,0.00000000,0.00000000,0.00000000,767.2305,-0.0006,-0.0441,16.45747640,44.11536100,1200.0346
0.160000,4393518.969275,4259900.734586,1795675.614180,-1.240321,-1.202570,8.476588,0.99141342,0.00792523,0.13052021,-0.00104321,0.09995730,-0.00017436,0.00000280,12.6894,1200.0411,0.5639,0.17701446,0.00264159,0.023454,0.00000000,0.00000000,0.00000000,0.00000000,0.00000000,0.00000000,0.00000000,0.00000000,787.1331,-0.0009,-0.0595,16.45747710,44.11536100,1200.0411
0.170000,4393518.956478,4259900.722178,1795675.701960,-1.319113,-1.278962,9.078214,0.99140948,0.00842033,0.13051863,-0.00110837,0.09994244,-0.00024671,0.00000421,12.6858,1200.0482,0.6470,0.17559046,0.00279524,0.025217,0.00000000,0.00000000,0.00000000,0.00000000,0.00000000,0.00000000,0.00000000,0.00000000,807.0272,-0.0012,-0.0789,16.45747785,44.11536100,1200.0482
0.180000,4393518.942893,4259900.709007,1795675.795745,-1.397870,-1.355320,9.678705,0.99140534,0.00891535,0.13051662,-0.00117352,0.09992429,-0.00034020,0.00000614,12.6823,1200.0560,0.7363,0.17422405,0.00294703,0.026999,0.00000000,0.00000000,0.00000000,0.00000000,0.00000000,0.00000000,0.00000000,0.00000000,797.0683,-0.0017,-0.1030,16.45747865,44.11536100,1200.0560
0.190000,4393518.928520,4259900.695072,1795675.895535,-1.476615,-1.431665,10.279372,0.99140103,0.00941026,0.13051405,-0.00123865,0.09990239,-0.00045913,0.00000874,12.6787,1200.0644,0.8315,0.17304318,0.00309938,0.028778,0.00000000,0.00000000,0.00000000,0.00000000,0.00000000,0.00000000,0.00000000,0.00000000,797.0699,-0.0023,-0.1320,16.45747951,44.11536100,1200.0644
0.200000,4393518.913360,4259900.680373,1795676.001359,-1.555462,-1.508109,10.886754,0.99139655,0.00990506,0.13051078,-0.00130375,0.09987623,-0.00060849,0.00001219,12.6751,1200.0735,0.9329,0.17199290,0.00325183,0.030558,0.00000000,0.00000000,0.00000000,0.00000000,0.00000000,0.00000000,0.00000000,0.00000000,797.0623,-0.0031,-0.1668,16.45748043,44.11536100,1200.0735
0.210000,4393518.897411,4259900.664909,1795676.113297,-1.634457,-1.584697,11.503463,0.99139194,0.01039971,0.13050665,-0.00136882,0.09984523,-0.00079414,0.00001671,12.6715,1200.0832,1.0403,0.17095057,0.00340232,0.032357,0.00000000,0.00000000,0.00000000,0.00000000,0.00000000,0.00000000,0.00000000,0.00000000,807.0159,-0.0041,-0.2085,16.45748140,44.11536100,1200.0832
0.220000,4393518.880671,4259900.648679,1795676.231455,-1.713548,-1.661378,12.126900,0.99138722,0.01089420,0.13050147,-0.00143385,0.09980871,-0.00102291,0.00002254,12.6678,1200.0936,1.1540,0.16987801,0.00355009,0.034183,0.00000000,0.00000000,0.00000000,0.00000000,0.00000000,0.00000000,0.00000000,0.00000000,826.9019,-0.0053,-0.2581,16.45748243,44.11536100,1200.0936
0.230000,4393518.863140,4259900.631682,1795676.355835,-1.792636,-1.738055,12.751833,0.99138242,0.01138849,0.13049499,-0.00149884,0.09976607,-0.00130189,0.00002999,12.6641,1200.1047,1.2739,0.16881646,0.00369594,0.036028,0.00000000,0.00000000,0.00000000,0.00000000,0.00000000,0.00000000,0.00000000,0.00000000,816.9469,-0.0068,-0.3166,16.45748351,44.11536100,1200.1047
0.240000,4393518.844817,4259900.613917,1795676.486518,-1.871835,-1.814839,13.384796,0.99137758,0.01188255,0.13048697,-0.00156378,0.09971654,-0.00163951,0.00003941,12.6604,1200.1166,1.4000,0.16783195,0.00384138,0.037877,0.00000000,0.00000000,0.00000000,0.00000000,0.00000000,0.00000000,0.00000000,0.00000000,836.8285,-0.0087,-0.3846,16.45748465,44.11536100,1200.1166
0.250000,4393518.825703,4259900.595385,1795676.623532,-1.951022,-1.891611,14.019252,0.99137274,0.01237635,0.13047707,-0.00162865,0.09965940,-0.00204476,0.00005120,12.6566,1200.1291,1.5326,0.16683302,0.00398447,0.039750,0.00000000,0.00000000,0.00000000,0.00000000,0.00000000,0.00000000,0.00000000,0.00000000,836.8116,-0.0109,-0.4637,16.45748585,44.11536100,1200.1291
0.260000,4393518.805797,4259900.576085,1795676.766930,-2.030286,-1.968458,14.660442,0.99136794,0.01286984,0.13046494,-0.00169344,0.09959384,-0.00252780,0.00006582,12.6529,1200.1424,1.6715,0.16589735,0.00412707,0.041627,0.00000000,0.00000000,0.00000000,0.00000000,0.00000000,0.00000000,0.00000000,0.00000000,846.7445,-0.0136,-0.5547,16.45748710,44.11536100,1200.1424
0.270000,4393518.785098,4259900.556016,1795676.916741,-2.109502,-2.045259,15.301816,0.99136325,0.01336300,0.13045017,-0.00175813,0.09951902,-0.00309957,0.00008380,12.6491,1200.1564,1.8168,0.16495760,0.00426763,0.043523,0.00000000,0.00000000,0.00000000,0.00000000,0.00000000,0.00000000,0.00000000,0.00000000,846.7336,-0.0168,-0.6592,16.45748842,44.11536100,1200.1564
0.280000,4393518.763607,4259900.535180,1795677.072967,-2.188665,-2.122008,15.943377,0.99135872,0.01385576,0.13043228,-0.00182272,0.09943411,-0.00377172,0.00010574,12.6453,1200.1712,1.9687,0.16408227,0.00440795,0.045419,0.00000000,0.00000000,0.00000000,0.00000000,0.00000000,0.00000000,0.00000000,0.00000000,846.7077,-0.0206,-0.7779,16.45748979,44.11536100,1200.1712
0.290000,4393518.741325,4259900.513576,1795677.235609,-2.267793,-2.198722,16.586429,0.99135443,0.01434808,0.13041076,-0.00188718,0.09933827,-0.00455682,0.00013229,12.6415,1200.1868,2.1269,0.16326153,0.00454793,0.047317,0.00000000,0.00000000,0.00000000,0.00000000,0.00000000,0.00000000,0.00000000,0.00000000,846.6783,-0.0250,-0.9118,16.45749122,44.11536100,1200.1868
0.300000,4393518.718250,4259900.491205,1795677.404749,-2.347097,-2.275606,17.242767,0.99135045,0.01483990,0.13038501,-0.00195149,0.09923044,-0.00546971,0.00016425,12.6376,1200.2031,2.2917,0.16247434,0.00468712,0.049218,0.00000000,0.00000000,0.00000000,0.00000000,0.00000000,0.00000000,0.00000000,0.00000000,856.5982,-0.0301,-1.0624,16.45749271,44.11536100,1200.2031
0.310000,4393518.694383,4259900.468064,1795677.580465,-2.426352,-2.352442,17.900587,0.99134688,0.01533116,0.13035434,-0.00201563,0.09910950,-0.00652657,0.00020248,12.6338,1200.2202,2.4630,0.16160630,0.00482223,0.051158,0.00000000,0.00000000,0.00000000,0.00000000,0.00000000,0.00000000,0.00000000,0.00000000,866.4846,-0.0362,-1.2337,16.45749426,44.11536100,1200.2202
0.320000,4393518.669723,4259900.444156,1795677.762761,-2.505527,-2.429201,18.558584,0.99134382,0.01582181,0.13031801,-0.00207956,0.09897444,-0.00774360,0.00024794,12.6299,1200.2381,2.6409,0.16076898,0.00495639,0.053102,0.00000000,0.00000000,0.00000000,0.00000000,0.00000000,0.00000000,0.00000000,0.00000000,866.4558,-0.0432,-1.4250,16.45749586,44.11536100,1200.2381
0.330000,4393518.644273,4259900.419481,1795677.951611,-2.584496,-2.505758,19.210196,0.99134137,0.01631176,0.13027519,-0.00214325,0.09882431,-0.00913753,0.00030165,12.6261,1200.2568,2.8254,0.15996728,0.00508984,0.055046,0.00000000,0.00000000,0.00000000,0.00000000,0.00000000,0.00000000,0.00000000,0.00000000,866.3927,-0.0512,-1.6376,16.45749753,44.11536100,1200.2568
0.340000,4393518.618034,4259900.394041,1795678.146966,-2.663372,-2.582227,19.861987,0.99133966,0.01680094,0.13022494,-0.00220667,0.09865819,-0.01072546,0.00036470,12.6222,1200.2763,3.0165,0.15924753,0.00522418,0.056972,0.00000000,0.00000000,0.00000000,0.00000000,0.00000000,0.00000000,0.00000000,0.00000000,856.4181,-0.0603,-1.8710,16.45749926,44.11536100,1200.2763
0.350000,4393518.591006,4259900.367836,1795678.348878,-2.742273,-2.658718,20.520497,0.99133883,0.01728929,0.13016627,-0.00226979,0.09847486,-0.01252793,0.00043839,12.6184,1200.2966,3.2142,0.15854619,0.00535748,0.058899,0.00000000,0.00000000,0.00000000,0.00000000,0.00000000,0.00000000,0.00000000,0.00000000,866.2975,-0.0706,-2.1282,16.45750104,44.11536100,1200.2966
0.360000,4393518.563189,4259900.340867,1795678.557376,-2.821044,-2.735082,21.177844,0.99133902,0.01777670,0.13009805,-0.00233254,0.09827315,-0.01456620,0.00052410,12.6145,1200.3177,3.4184,0.15780829,0.00548790,0.060844,0.00000000,0.00000000,0.00000000,0.00000000,0.00000000,0.00000000,0.00000000,0.00000000,866.2165,-0.0824,-2.4129,16.45750289,44.11536100,1200.3177
0.370000,4393518.534586,4259900.313136,1795678.772409,-2.899555,-2.811195,21.827472,0.99134039,0.01826310,0.13001906,-0.00239490,0.09805207,-0.01686040,0.00062327,12.6107,1200.3396,3.6293,0.15709088,0.00561732,0.062787,0.06772263,0.07416820,-0.03123026,-0.03767583,0.00000000,0.00000000,0.00000000,0.00000000,856.2097,-0.0956,-2.7243,16.45750480,44.11536100,1200.3396
0.380000,4393518.505199,4259900.284644,1795678.993900,-2.977828,-2.887075,22.470706,0.99134312,0.01874839,0.12992799,-0.00245680,0.09781076,-0.01943048,0.00073737,12.6069,1200.3623,3.8468,0.15643356,0.00574721,0.064707,0.06772263,0.07416820,-0.03123026,-0.03767583,0.00000000,0.00000000,0.00000000,0.00000000,846.2160,-0.1103,-3.0609,16.45750676,44.11536100,1200.3623
0.390000,4393518.475029,4259900.255394,1795679.221824,-3.056007,-2.962863,23.115370,0.99134739,0.01923247,0.12982341,-0.00251818,0.09754820,-0.02229870,0.00086808,12.6031,1200.3858,4.0708,0.15581678,0.00587700,0.066608,0.06772263,0.07416820,-0.03123026,-0.03767583,0.00000000,0.00000000,0.00000000,0.00000000,846.1350,-0.1267,-3.4241,16.45750879,44.11536100,1200.3858
0.400000,4393518.444079,4259900.225387,1795679.456208,-3.134035,-3.038505,23.758837,0.99135341,0.01971524,0.12970378,-0.00257899,0.09726312,-0.02549014,0.00101723,12.5993,1200.4101,4.3012,0.15518005,0.00600446,0.068514,0.06772263,0.07416820,-0.03123026,-0.03767583,0.00000000,0.00000000,0.00000000,0.00000000,855.9440,-0.1449,-3.8183,16.45751087,44.11536100,1200.4101
0.410000,4393518.412350,4259900.194625,1795679.696974,-3.211784,-3.113875,24.394536,0.99136139,0.02019659,0.12956744,-0.00263914,0.09695470,-0.02902655,0.00118663,12.5955,1200.4351,4.5382,0.15453625,0.00613001,0.070416,0.06715062,0.07283048,-0.03114075,-0.03682061,0.00000000,0.00000000,0.00000000,0.00000000,835.9601,-0.1650,-4.2437,16.45751301,44.11536100,1200.4351
0.420000,4393518.379844,4259900.163110,1795679.944099,-3.289405,-3.189120,25.030354,0.99137156,0.02067642,0.12941261,-0.00269857,0.09662190,-0.03293226,0.00137827,12.5918,1200.4610,4.7815,0.15392075,0.00625502,0.072296,0.06715062,0.07283048,-0.03114075,-0.03682061,0.00000000,0.00000000,0.00000000,0.00000000,835.8573,-0.1870,-4.6978,16.45751521,44.11536100,1200.4610
0.430000,4393518.346562,4259900.130843,1795680.197582,-3.366897,-3.264238,25.666270,0.99138417,0.02115461,0.12923741,-0.00275718,0.09626357,-0.03723338,0.00159428,12.5881,1200.4876,5.0313,0.15327730,0.00637722,0.074175,0.06715062,0.07283048,-0.03114075,-0.03682061,0.00000000,0.00000000,0.00000000,0.00000000,835.7466,-0.2112,-5.1855,16.45751747,44.11536100,1200.4876
0.440000,4393518.312507,4259900.097826,1795680.457398,-3.444100,-3.339076,26.294399,0.99139947,0.02163104,0.12903980,-0.00281490,0.09587868,-0.04195529,0.00183688,12.5844,1200.5149,5.2875,0.15260147,0.00649632,0.076055,0.06715062,0.07283048,-0.03114075,-0.03682061,0.00000000,0.00000000,0.00000000,0.00000000,835.6070,-0.2378,-5.7080,16.45751978,44.11536100,1200.5149
0.450000,4393518.277681,4259900.064063,1795680.723444,-3.521018,-3.413635,26.914734,0.99141773,0.02210558,0.12881764,-0.00287162,0.09546661,-0.04711925,0.00210815,12.5807,1200.5430,5.5501,0.15193331,0.00661392,0.077913,0.06670656,0.07223981,-0.03518263,-0.04071588,0.00000000,0.00000000,0.00000000,0.00000000,815.6163,-0.2666,-6.2608,16.45752215,44.11536100,1200.5430
0.460000,4393518.242087,4259900.029555,1795680.995693,-3.597674,-3.487908,27.535160,0.99143899,0.02257332,0.12857141,-0.00292673,0.09306924,-0.05163725,0.00234143,12.5771,1200.5719,5.8189,0.15126472,0.00672965,0.079748,0.06670656,0.07223981,-0.03518263,-0.04071588,0.02406620,0.02635672,-0.01109812,-0.01338864,815.4835,-0.2818,-7.1024,16.45752458,44.11536100,1200.5719
0.470000,4393518.205729,4259899.994306,1795681.274147,-3.674041,-3.561861,28.155659,0.99146302,0.02302347,0.12830482,-0.00297898,0.08831440,-0.05531600,0.00252370,12.5734,1200.6015,6.0940,0.15054322,0.00684057,0.081583,0.06670656,0.07223981,-0.03518263,-0.04071588,0.04826609,0.05285986,-0.02225788,-0.02685166,815.3197,-0.2965,-8.0317,16.45752707,44.11536100,1200.6015
0.480000,4393518.168607,4259899.958319,1795681.558807,-3.750140,-3.635526,28.774904,0.99148966,0.02344629,0.12802093,-0.00302724,0.08200154,-0.05861839,0.00268255,12.5698,1200.6318,6.3753,0.14977529,0.00694390,0.083418,0.06630456,0.07176806,-0.03780353,-0.04326704,0.06015738,0.06588292,-0.02774155,-0.03346709,815.1681,-0.3202,-8.8979,16.45752961,44.11536100,1200.6318
0.490000,4393518.130727,4259899.921596,1795681.849646,-3.826032,-3.708972,29.394230,0.99151895,0.02383534,0.12772083,-0.00307074,0.07465740,-0.06187462,0.00283654,12.5662,1200.6628,6.6629,0.14897691,0.00703719,0.085249,0.08029553,0.08856953,-0.05787109,-0.06614510,0.06498476,0.07116975,-0.02996769,-0.03615268,805.0540,-0.3505,-9.7304,16.45753221,44.11536100,1200.6628
0.500000,4393518.092087,4259899.884140,1795682.146691,-3.901725,-3.782213,30.013604,0.99155106,0.02418615,0.12740432,-0.00310890,0.06655101,-0.06526959,0.00300591,12.5625,1200.6946,6.9567,0.14814510,0.00711826,0.087081,0.08029553,0.08856953,-0.05787109,-0.06614510,0.06657152,0.07265478,-0.03076136,-0.03684461,814.8361,-0.3876,-10.5660,16.45753486,44.11536100,1200.6946
0.510000,4393518.052693,4259899.845953,1795682.449891,-3.977068,-3.855107,30.626444,0.99158620,0.02449517,0.12707053,-0.00314122,0.05777466,-0.06887839,0.00319605,12.5589,1200.7272,7.2568,0.14728024,0.00718566,0.088912,0.08029553,0.08856953,-0.05787109,-0.06614510,0.06699657,0.07286612,-0.03101964,-0.03688919,804.7014,-0.4281,-11.4308,16.45753758,44.11536100,1200.7272
0.520000,4393518.012547,4259899.807038,1795682.759220,-4.052205,-3.927790,31.239327,0.99162463,0.02475910,0.12671835,-0.00316722,0.04832806,-0.07272320,0.00340295,12.5553,1200.7605,7.5631,0.14641173,0.00723976,0.090724,0.08029553,0.08856953,-0.05787109,-0.06614510,0.06710988,0.07286532,-0.03110250,-0.03685794,804.5111,-0.4694,-12.3300,16.45754034,44.11536100,1200.7605
0.530000,4393517.971650,4259899.767398,1795683.074678,-4.127127,-4.000254,31.852248,0.99166660,0.02497455,0.12634662,-0.00318645,0.03818574,-0.07681296,0.00362301,12.5517,1200.7945,7.8755,0.14550478,0.00727799,0.092537,0.08284959,0.09097837,-0.06317596,-0.07130474,0.06713992,0.07284752,-0.03112877,-0.03683637,804.3098,-0.5116,-13.2745,16.45754317,44.11536100,1200.7945
0.540000,4393517.930005,4259899.727034,1795683.396265,-4.201849,-4.072511,32.466517,0.99171231,0.02513913,0.12595427,-0.00319859,0.02778519,-0.08107974,0.00385667,12.5481,1200.8292,8.1941,0.14455682,0.00729941,0.094349,0.08284959,0.09097837,-0.06317596,-0.07130474,0.06699003,0.07262748,-0.03257336,-0.03821082,804.0971,-0.5555,-14.2825,16.45754605,44.11536100,1200.8292
0.550000,4393517.887614,4259899.685949,1795683.724009,-4.276327,-4.144519,33.080810,0.99176191,0.02525168,0.12554046,-0.00320346,0.01716382,-0.08551554,0.00410247,12.5445,1200.8647,8.5189,0.14355945,0.00730305,0.096165,0.08284959,0.09097837,-0.06317596,-0.07130474,0.06683342,0.07241206,-0.03402026,-0.03959891,813.7995,-0.6007,-15.3421,16.45754898,44.11536100,1200.8647
0.560000,4393517.844479,4259899.644145,1795684.057882,-4.350563,-4.216278,33.695133,0.99181553,0.02531052,0.12510428,-0.00320086,0.00609028,-0.09015272,0.00435698,12.5409,1200.9010,8.8499,0.14251660,0.00728894,0.097981,0.08284959,0.09097837,-0.06317596,-0.07130474,0.06675598,0.07230669,-0.03473076,-0.04028147,803.6614,-0.6462,-16.4417,16.45755197,44.11536100,1200.9010
0.570000,4393517.800602,4259899.601623,1795684.397938,-4.424832,-4.288058,34.314756,0.99187331,0.02531422,0.12464492,-0.00319061,-0.00504454,-0.09488481,0.00461499,12.5373,1200.9379,9.1870,0.14142662,0.00725676,0.099796,0.08078930,0.08830230,-0.06968476,-0.07719776,0.06658161,0.07209635,-0.03595050,-0.04146524,813.3117,-0.6924,-17.5973,16.45755502,44.11536100,1200.9379
0.580000,4393517.755984,4259899.558385,1795684.744151,-4.498929,-4.359631,34.927898,0.99193485,0.02526507,0.12416465,-0.00317315,-0.01523677,-0.09861635,0.00479505,12.5336,1200.9757,9.5304,0.14027223,0.00720540,0.101627,0.08078930,0.08830230,-0.06968476,-0.07719776,0.07139815,0.07788260,-0.04412525,-0.05060970,803.2455,-0.6980,-18.4519,16.45755812,44.11536100,1200.9757
0.590000,4393517.710623,4259899.514430,1795685.096522,-4.573231,-4.431361,35.547720,0.99199938,0.02516736,0.12366859,-0.00314934,-0.02463358,-0.10129383,0.00488888,12.5300,1201.0142,9.8799,0.13910906,0.00713936,0.103440,0.08078930,0.08830230,-0.06968476,-0.07719776,0.07632295,0.08379802,-0.05179394,-0.05926901,803.1204,-0.6973,-19.2379,16.45756128,44.11536100,1201.0142
0.600000,4393517.664519,4259899.469757,1795685.455106,-4.647669,-4.503198,36.168957,0.99206628,0.02502371,0.12316076,-0.00311977,-0.03375357,-0.10339809,0.00492948,12.5264,1201.0534,10.2357,0.13789564,0.00705827,0.105271,0.07876941,0.08605999,-0.07060971,-0.07790030,0.07874954,0.08671264,-0.05551715,-0.06348026,812.9172,-0.7031,-19.9065,16.45756449,44.11536100,1201.0534
0.610000,4393517.617670,4259899.424366,1795685.819875,-4.722099,-4.575013,36.785027,0.99213524,0.02483477,0.12264329,-0.00308470,-0.04288892,-0.10521806,0.00493614,12.5228,1201.0935,10.5977,0.13666407,0.00696469,0.107107,0.07875293,0.08590049,-0.07504307,-0.08219064,0.07973575,0.08789719,-0.05702111,-0.06518254,812.7868,-0.7123,-20.5046,16.45756777,44.11536100,1201.0935
0.620000,4393517.570076,4259899.378256,1795686.190833,-4.796822,-4.647101,37.406473,0.99220600,0.02460115,0.12211788,-0.00304433,-0.05174707,-0.10663742,0.00492083,12.5191,1201.1342,10.9659,0.13544428,0.00686055,0.108928,0.07875293,0.08590049,-0.07504307,-0.08219064,0.08100930,0.08919271,-0.05946243,-0.06764584,812.6851,-0.7228,-21.1256,16.45757109,44.11536100,1201.1342
0.630000,4393517.521733,4259899.331424,1795686.568005,-4.871691,-4.719321,38.028012,0.99227823,0.02432417,0.12158644,-0.00299891,-0.06035316,-0.10768330,0.00488587,12.5155,1201.1758,11.3404,0.13420022,0.00674447,0.110765,0.07875293,0.08590049,-0.07504307,-0.08219064,0.08205068,0.09020809,-0.06155329,-0.06971070,812.5520,-0.7325,-21.7417,16.45757448,44.11536100,1201.1758
0.640000,4393517.472641,4259899.283869,1795686.951393,-4.946730,-4.791700,38.649641,0.99235168,0.02400451,0.12105050,-0.00294860,-0.06893116,-0.10848379,0.00482872,12.5118,1201.2181,11.7211,0.13295510,0.00661818,0.112601,0.07875293,0.08590049,-0.07504307,-0.08219064,0.08254287,0.09068357,-0.06255098,-0.07069168,812.4174,-0.7400,-22.3259,16.45757792,44.11536100,1201.2181
0.650000,4393517.422798,4259899.235589,1795687.340998,-5.021951,-4.864250,39.271359,0.99242620,0.02364196,0.12051111,-0.00289350,-0.07761154,-0.10910840,0.00474652,12.5082,1201.2612,12.1081,0.13171228,0.00648226,0.114439,0.08052543,0.08756819,-0.08090502,-0.08794779,0.08273942,0.09087267,-0.06295104,-0.07108430,812.2813,-0.7451,-22.8924,16.45758141,44.11536100,1201.2612
0.660000,4393517.372202,4259899.186583,1795687.736821,-5.097340,-4.936963,39.893165,0.99250150,0.02323957,0.11996940,-0.00283405,-0.08495885,-0.10944544,0.00465864,12.5045,1201.3050,12.5013,0.13047382,0.00633709,0.116277,0.08052543,0.08756819,-0.08090502,-0.08794779,0.08207948,0.08999102,-0.06541137,-0.07332291,812.1437,-0.7530,-23.4845,16.45758497,44.11536100,1201.3050
0.670000,4393517.320851,4259899.136850,1795688.138862,-5.172943,-5.009885,40.516381,0.99257722,0.02280410,0.11942679,-0.00277107,-0.09090880,-0.10949090,0.00456591,12.5009,1201.3496,12.9008,0.12924105,0.00618369,0.118115,0.08052543,0.08756819,-0.08090502,-0.08794779,0.08136851,0.08905897,-0.06778881,-0.07547926,812.0047,-0.7590,-24.0764,16.45758858,44.11536100,1201.3496
0.680000,4393517.268742,4259899.086385,1795688.547149,-5.248724,-5.082980,41.139688,0.99265303,0.02234066,0.11888454,-0.00270522,-0.09620298,-0.10930691,0.00445744,12.4972,1201.3949,13.3066,0.12801223,0.00602381,0.119957,0.08052543,0.08756819,-0.08090502,-0.08794779,0.08101529,0.08859726,-0.06894914,-0.07653111,821.7850,-0.7605,-24.6533,16.45759224,44.11536100,1201.3949
0.690000,4393517.215876,4259899.035189,1795688.961656,-5.324696,-5.156262,41.763099,0.99272872,0.02185278,0.11834357,-0.00263700,-0.10072193,-0.10898029,0.00433463,12.4935,1201.4410,13.7186,0.12679396,0.00585926,0.121800,0.07878211,0.08470097,-0.08244161,-0.08836047,0.08015345,0.08761237,-0.06974757,-0.07720648,811.7541,-0.7606,-25.2091,16.45759597,44.11536100,1201.4410
0.700000,4393517.162247,4259898.983259,1795689.382437,-5.401023,-5.229890,42.391861,0.99280398,0.02134605,0.11780497,-0.00256713,-0.10375776,-0.10834943,0.00420047,12.4899,1201.4879,14.1369,0.12558802,0.00569115,0.123643,0.07878211,0.08470097,-0.08244161,-0.08836047,0.07937227,0.08668457,-0.07182746,-0.07913976,821.4981,-0.7597,-25.8026,16.45759975,44.11536100,1201.4879
0.710000,4393517.107855,4259898.930591,1795689.809494,-5.477513,-5.303676,43.020733,0.99287848,0.02082708,0.11727033,-0.00249643,-0.10561797,-0.10737784,0.00405043,12.4862,1201.5355,14.5615,0.12438005,0.00552042,0.125501,0.07878211,0.08470097,-0.08244161,-0.08836047,0.07899285,0.08620926,-0.07363518,-0.08085158,811.4318,-0.7560,-26.4083,16.45760358,44.11536101,1201.5355
0.720000,4393517.052696,4259898.877184,1795690.242852,-5.554217,-5.377670,43.651018,0.99295192,0.02030014,0.11674116,-0.00242548,-0.10692992,-0.10612848,0.00387886,12.4825,1201.5839,14.9924,0.12318844,0.00534961,0.127361,0.07878211,0.08470097,-0.08244161,-0.08836047,0.07883957,0.08601306,-0.07450029,-0.08167378,821.2373,-0.7496,-26.9988,16.45760748,44.11536101,1201.5839
0.730000,4393516.996770,4259898.823037,1795690.682514,-5.631084,-5.451824,44.281389,0.99302413,0.01976709,0.11621875,-0.00235460,-0.10803714,-0.10463913,0.00368244,12.4788,1201.6330,15.4297,0.12201230,0.00517986,0.129224,0.07855810,0.08407147,-0.08215410,-0.08766747,0.07878288,0.08593965,-0.07484762,-0.08200439,821.0881,-0.7414,-27.5821,16.45761143,44.11536101,1201.6330
0.740000,4393516.940074,4259898.768148,1795691.128480,-5.708063,-5.526083,44.911848,0.99309480,0.01923081,0.11570512,-0.00228421,-0.10818429,-0.10257973,0.00346450,12.4751,1201.6829,15.8733,0.12085764,0.00501199,0.131088,0.07855810,0.08407147,-0.08215410,-0.08766747,0.07939286,0.08650633,-0.07705876,-0.08417223,820.9375,-0.7328,-28.2456,16.45761544,44.11536101,1201.6829
0.750000,4393516.882608,4259898.712515,1795691.580752,-5.785138,-5.600435,45.542396,0.99316353,0.01869603,0.11520311,-0.00221491,-0.10738357,-0.09993161,0.00322555,12.4714,1201.7336,16.3233,0.11972652,0.00484690,0.132952,0.07855810,0.08407147,-0.08215410,-0.08766747,0.08001949,0.08709342,-0.07919830,-0.08627222,820.7857,-0.7233,-28.9153,16.45761950,44.11536101,1201.7336
0.760000,4393516.824371,4259898.656139,1795692.039329,-5.862317,-5.674889,46.173032,0.99322998,0.01816629,0.11471526,-0.00214718,-0.10610414,-0.09685950,0.00296371,12.4677,1201.7850,16.7796,0.11862401,0.00468586,0.134816,0.07855810,0.08407147,-0.08215410,-0.08766747,0.08032849,0.08738330,-0.08024277,-0.08729759,820.6326,-0.7125,-29.5491,16.45762363,44.11536101,1201.7850
0.770000,4393516.765362,4259898.599017,1795692.504213,-5.939595,-5.749440,46.803754,0.99329393,0.01764327,0.11424342,-0.00208131,-0.10462184,-0.09346052,0.00267771,12.4640,1201.8372,17.2423,0.11755520,0.00452986,0.136681,0.07595123,0.08087726,-0.07920852,-0.08413455,0.08045411,0.08750122,-0.08066564,-0.08771275,820.4782,-0.7009,-30.1645,16.45762781,44.11536101,1201.8372
0.780000,4393516.705579,4259898.541150,1795692.975404,-6.016959,-5.824094,47.434561,0.99335521,0.01712969,0.11378895,-0.00201758,-0.10224992,-0.08984413,0.00242214,12.4603,1201.8901,17.7113,0.11652349,0.00437943,0.138546,0.07595123,0.08087726,-0.07920852,-0.08413455,0.07988122,0.08652609,-0.08136826,-0.08801314,820.3227,-0.7021,-30.7598,16.45763205,44.11536101,1201.8901
0.790000,4393516.645021,4259898.482534,1795693.452930,-6.094613,-5.899052,48.070749,0.99341368,0.01662997,0.11335288,-0.00195631,-0.09899867,-0.08602778,0.00220036,12.4566,1201.9438,18.1866,0.11553129,0.00423484,0.140411,0.07595123,0.08087726,-0.07920852,-0.08413455,0.07927466,0.08551692,-0.08197235,-0.08821461,820.1659,-0.7038,-31.3579,16.45763634,44.11536101,1201.9438
0.800000,4393516.583688,4259898.423169,1795693.936793,-6.171970,-5.973732,48.699150,0.99346920,0.01614744,0.11293626,-0.00189777,-0.09528898,-0.08198291,0.00198599,12.4529,1201.9983,18.6684,0.11456742,0.00409623,0.142292,0.07595123,0.08087726,-0.07920852,-0.08413455,0.07897413,0.08501870,-0.08226083,-0.08830541,820.0067,-0.6992,-31.9749,16.45764070,44.11536101,1201.9983
0.810000,4393516.521582,4259898.363059,1795694.426913,-6.249287,-6.048382,49.326267,0.99352167,0.01568377,0.11254028,-0.00184213,-0.09136931,-0.07769538,0.00176340,12.4492,1202.0535,19.1565,0.11366415,0.00396525,0.144151,0.07488806,0.07909634,-0.07757836,-0.08178664,0.07885171,0.08481606,-0.08237654,-0.08834089,799.9421,-0.6908,-32.5994,16.45764511,44.11536101,1202.0535
0.820000,4393516.458702,4259898.302202,1795694.923319,-6.326773,-6.123211,49.957436,0.99357100,0.01523968,0.11216604,-0.00178946,-0.08736640,-0.07320726,0.00154763,12.4454,1202.1095,19.6509,0.11280742,0.00384163,0.146006,0.07488806,0.07909634,-0.07757836,-0.08178664,0.07872662,0.08451713,-0.08231699,-0.08810750,809.8522,-0.6864,-33.2225,16.45764957,44.11536101,1202.1095
0.830000,4393516.395045,4259898.240594,1795695.426089,-6.404523,-6.198308,50.595334,0.99361712,0.01481550,0.11181454,-0.00173976,-0.08332349,-0.06851374,0.00133702,12.4417,1202.1662,20.1517,0.11198681,0.00372497,0.147872,0.07488806,0.07909634,-0.07757836,-0.08178664,0.07863057,0.08426572,-0.08222918,-0.08786433,829.4419,-0.6822,-33.8600,16.45765410,44.11536101,1202.1662
0.840000,4393516.330613,4259898.178237,1795695.935199,-6.481969,-6.273119,51.228028,0.99365996,0.01441140,0.11148688,-0.00169304,-0.07924891,-0.06359090,0.00112003,12.4380,1202.2237,20.6589,0.11119807,0.00361498,0.149758,0.07488806,0.07909634,-0.07757836,-0.08178664,0.07858579,0.08414620,-0.08218375,-0.08774415,819.4037,-0.6758,-34.5212,16.45765868,44.11536101,1202.2237
0.850000,4393516.265404,4259898.115129,1795696.450703,-6.559862,-6.348375,51.872746,0.99369944,0.01402754,0.11118425,-0.00164934,-0.07514327,-0.05842173,0.00088999,12.4343,1202.2819,21.1724,0.11046871,0.00351251,0.151629,0.07092998,0.07401831,-0.07186321,-0.07495154,0.07856802,0.08409835,-0.08216492,-0.08769525,829.1535,-0.6684,-35.1951,16.45766332,44.11536101,1202.2819
0.860000,4393516.199417,4259898.051271,1795696.972628,-6.637427,-6.423329,52.512250,0.99373556,0.01366382,0.11090692,-0.00160864,-0.07110932,-0.05338543,0.00067931,12.4305,1202.3409,21.6924,0.10976355,0.00341644,0.153535,0.07092998,0.07401831,-0.07186321,-0.07495154,0.07763512,0.08294563,-0.08111111,-0.08642162,828.9858,-0.6697,-35.8026,16.45766802,44.11536101,1202.3409
0.870000,4393516.132654,4259897.986662,1795697.500975,-6.715123,-6.498433,53.157150,0.99376846,0.01331987,0.11065421,-0.00157081,-0.06715200,-0.04850277,0.00048863,12.4268,1202.4007,22.2189,0.10912033,0.00332762,0.155425,0.07092998,0.07401831,-0.07186321,-0.07495154,0.07670132,0.08179805,-0.08005605,-0.08515278,828.8185,-0.6718,-36.4170,16.45767278,44.11536102,1202.4007
0.880000,4393516.065116,4259897.921304,1795698.035745,-6.792398,-6.573140,53.796839,0.99379822,0.01299546,0.11042580,-0.00153578,-0.06322076,-0.04358773,0.00030035,12.4231,1202.4613,22.7518,0.10851491,0.00324501,0.157332,0.07092998,0.07401831,-0.07186321,-0.07495154,0.07624282,0.08123510,-0.07953799,-0.08453027,828.6489,-0.6707,-37.0968,16.45767759,44.11536102,1202.4613
0.890000,4393515.996806,4259897.855198,1795698.576938,-6.869705,-6.647891,54.441933,0.99382482,0.01269052,0.11022213,-0.00150355,-0.05928593,-0.03853142,0.00010427,12.4193,1202.5227,23.2912,0.10796675,0.00316905,0.159222,0.06971179,0.07265100,-0.07056579,-0.07350500,0.07605674,0.08100672,-0.07932774,-0.08427772,828.4797,-0.6678,-37.8151,16.45768247,44.11536102,1202.5227
0.900000,4393515.927724,4259897.788348,1795699.124557,-6.946525,-6.722191,55.081814,0.99384827,0.01240464,0.11004345,-0.00147402,-0.05552392,-0.03352428,-0.00005639,12.4156,1202.5848,23.8370,0.10745441,0.00309909,0.161129,0.06971179,0.07265100,-0.07056579,-0.07350500,0.07560994,0.08028919,-0.07867049,-0.08334974,828.3082,-0.6763,-38.5100,16.45768740,44.11536102,1202.5848
0.910000,4393515.857876,4259897.720755,1795699.678575,-7.023077,-6.796256,55.721822,0.99386865,0.01213698,0.10988949,-0.00144690,-0.05193786,-0.02856539,-0.00018089,12.4118,1202.6478,24.3894,0.10699912,0.00303526,0.163020,0.06971179,0.07265100,-0.07056579,-0.07350500,0.07520577,0.07962304,-0.07806056,-0.08247783,828.1372,-0.6859,-39.2198,16.45769239,44.11536102,1202.6478
0.920000,4393515.787262,4259897.652422,1795700.239020,-7.099565,-6.870276,56.367219,0.99388598,0.01188691,0.10976033,-0.00142201,-0.04843120,-0.02353583,-0.00029312,12.4081,1202.7115,24.9481,0.10658914,0.00297666,0.164911,0.06971179,0.07265100,-0.07056579,-0.07350500,0.07501086,0.07930023,-0.07776502,-0.08205439,828.0089,-0.6905,-39.9771,16.45769744,44.11536102,1202.7115
0.930000,4393515.715886,4259897.583351,1795700.805920,-7.175756,-6.944019,57.014048,0.99390024,0.01165418,0.10965648,-0.00139931,-0.04494736,-0.01836871,-0.00040695,12.4043,1202.7761,25.5133,0.10621369,0.00292265,0.166818,0.06363816,0.06577314,-0.06364518,-0.06578016,0.07493234,0.07916994,-0.07764573,-0.08188333,827.7914,-0.6927,-40.7744,16.45770255,44.11536102,1202.7761
0.940000,4393515.643748,4259897.513543,1795701.379302,-7.251710,-7.017569,57.662331,0.99391159,0.01143717,0.10957667,-0.00137844,-0.04210433,-0.01385633,-0.00044719,12.4005,1202.8414,26.0850,0.10588055,0.00287335,0.168729,0.06363816,0.06577314,-0.06364518,-0.06578016,0.07349680,0.07731722,-0.07557068,-0.07939111,837.5693,-0.7139,-41.4041,16.45770771,44.11536102,1202.8414
0.950000,4393515.570853,4259897.443000,1795701.959167,-7.327334,-7.090833,58.310712,0.99392046,0.01123268,0.10951756,-0.00135872,-0.03991598,-0.01003230,-0.00041276,12.3968,1202.9076,26.6632,0.10558913,0.00282777,0.170644,0.06363816,0.06577314,-0.06364518,-0.06578016,0.07207226,0.07548575,-0.07351297,-0.07692646,837.3929,-0.7361,-42.0487,16.45771294,44.11536102,1202.9076
0.960000,4393515.497203,4259897.371727,1795702.545516,-7.402547,-7.163720,58.959198,0.99392716,0.01103832,0.10947672,-0.00133965,-0.03805486,-0.00649480,-0.00034509,12.3930,1202.9746,27.2480,0.10533469,0.00278452,0.172558,0.06363816,0.06577314,-0.06364518,-0.06578016,0.07137382,0.07458837,-0.07250421,-0.07571876,837.2158,-0.7487,-42.8097,16.45771822,44.11536102,1202.9746
0.970000,4393515.422803,4259897.299727,1795703.138351,-7.477295,-7.236165,59.607791,0.99393181,0.01085293,0.10945333,-0.00132101,-0.03632796,-0.00300741,-0.00026870,12.3892,1203.0424,27.8392,0.10511053,0.00274269,0.174473,0.06261857,0.06451133,-0.06256999,-0.06446275,0.07109054,0.07422451,-0.07209509,-0.07522905,837.0380,-0.7556,-43.6454,16.45772357,44.11536102,1203.0424
0.980000,4393515.347657,4259897.227004,1795703.737699,-7.551823,-7.308408,60.261779,0.99393446,0.01067599,0.10944683,-0.00130271,-0.03468202,0.00031213,-0.00018275,12.3854,1203.1111,28.4370,0.10491378,0.00270190,0.176388,0.06261857,0.06451133,-0.06256999,-0.06446275,0.07055265,0.07360377,-0.07148241,-0.07453353,836.8595,-0.7627,-44.4704,16.45772897,44.11536103,1203.1111
0.990000,4393515.271771,4259897.153563,1795704.343534,-7.625331,-7.379662,60.905267,0.99393523,0.01050718,0.10945646,-0.00128468,-0.03308530,0.00348878,-0.00009124,12.3817,1203.1806,29.0413,0.10473426,0.00266173,0.178318,0.06261857,0.06451133,-0.06256999,-0.06446275,0.07008044,0.07306779,-0.07096549,-0.07395284,836.6320,-0.7689,-45.3244,16.45773443,44.11536103,1203.1806
1.000000,4393515.195151,4259897.079411,1795704.955831,-7.698554,-7.450643,61.554194,0.99393414,0.01034632,0.10948180,-0.00126690,-0.03151009,0.00664041,-0.00000189,12.3779,1203.2509,29.6521,0.10459727,0.00262274,0.180217,0.06261857,0.06451133,-0.06256999,-0.06446275,0.06985401,0.07281161,-0.07071958,-0.07367719,836.5478,-0.7730,-46.2151,16.45773995,44.11536103,1203.2509
1.010000,4393515.117802,4259897.004552,1795705.574618,-7.771197,-7.521058,62.203200,0.99393122,0.01019333,0.10952289,-0.00124939,-0.02994283,0.00983393,0.00008094,12.3741,1203.3222,30.2694,0.10447399,0.00258422,0.182132,0.05888341,0.06050792,-0.05871178,-0.06033629,0.06976302,0.07270882,-0.07062110,-0.07356690,836.3200,-0.7760,-47.1438,16.45774553,44.11536103,1203.3222
1.020000,4393515.039728,4259896.928991,1795706.199896,-7.843397,-7.591062,62.852330,0.99392677,0.01004729,0.10957693,-0.00123194,-0.02874726,0.01185337,0.00022468,12.3703,1203.3942,30.8932,0.10437318,0.00254646,0.184047,0.05888341,0.06050792,-0.05871178,-0.06033629,0.06757112,0.07022680,-0.06812552,-0.07078120,836.1390,-0.7952,-47.7998,16.45775116,44.11536103,1203.3942
1.030000,4393514.960935,4259896.852732,1795706.831665,-7.915136,-7.660637,63.501564,0.99392148,0.00990635,0.10963800,-0.00121411,-0.02793282,0.01266820,0.00043080,12.3665,1203.4672,31.5235,0.10429251,0.00250878,0.185961,0.05888341,0.06050792,-0.05871178,-0.06033629,0.06538902,0.06775581,-0.06563984,-0.06800663,835.9574,-0.8146,-48.4668,16.45775686,44.11536103,1203.4672
1.040000,4393514.881427,4259896.775780,1795707.469927,-7.986330,-7.729685,64.150931,0.99391583,0.00976910,0.10970163,-0.00119554,-0.02731143,0.01288951,0.00066348,12.3627,1203.5410,32.1604,0.10422000,0.00247021,0.187876,0.05888341,0.06050792,-0.05871178,-0.06033629,0.06431858,0.06654365,-0.06442037,-0.06664544,835.8245,-0.8248,-49.2926,16.45776261,44.11536103,1203.5410
1.050000,4393514.801210,4259896.698140,1795708.114684,-8.056925,-7.798143,64.800417,0.99391009,0.00963486,0.10976578,-0.00117613,-0.02677222,0.01288108,0.00090110,12.3589,1203.6157,32.8037,0.10414474,0.00243014,0.189791,0.05721596,0.05867307,-0.05703904,-0.05849616,0.06388433,0.06605190,-0.06392564,-0.06609321,835.5926,-0.8291,-50.2129,16.45776843,44.11536103,1203.6157
1.060000,4393514.720289,4259896.619818,1795708.765963,-8.127249,-7.866330,65.456712,0.99390438,0.00950329,0.10982914,-0.00115577,-0.02629277,0.01258160,0.00115627,12.3551,1203.6913,33.4536,0.10406170,0.00238838,0.191705,0.05721596,0.05867307,-0.05703904,-0.05849616,0.06336104,0.06542122,-0.06336017,-0.06542035,835.5098,-0.8356,-51.1233,16.45777430,44.11536103,1203.6913
1.070000,4393514.638667,4259896.540816,1795709.423818,-8.197032,-7.933979,66.114420,0.99389886,0.00937414,0.10989042,-0.00113438,-0.02585483,0.01205122,0.00142514,12.3513,1203.7678,34.1099,0.10395816,0.00234451,0.193639,0.05721596,0.05867307,-0.05703904,-0.05849616,0.06294011,0.06490625,-0.06291149,-0.06487763,845.1770,-0.8402,-52.0570,16.45778023,44.11536103,1203.7678
1.080000,4393514.556351,4259896.461140,1795710.088252,-8.266195,-8.001006,66.772214,0.99389361,0.00924725,0.10994882,-0.00111192,-0.02543811,0.01143026,0.00169383,12.3474,1203.8453,34.7729,0.10384023,0.00229858,0.195577,0.05721596,0.05867307,-0.05703904,-0.05849616,0.06274187,0.06466293,-0.06270081,-0.06462188,845.0187,-0.8404,-53.0276,16.45778622,44.11536103,1203.8453
1.090000,4393514.473346,4259896.380798,1795710.759263,-8.334733,-8.067399,67.430086,0.99388867,0.00912255,0.11000409,-0.00108840,-0.02503236,0.01079936,0.00195389,12.3436,1203.9236,35.4424,0.10370827,0.00225061,0.197514,0.05431399,0.05537892,-0.05418956,-0.05525449,0.06266283,0.06456578,-0.06261692,-0.06451988,844.7430,-0.8374,-54.0181,16.45779227,44.11536104,1203.9236
1.100000,4393514.389658,4259896.299794,1795711.436854,-8.402754,-8.133269,68.088036,0.99388427,0.00899984,0.11005425,-0.00106380,-0.02469638,0.00937503,0.00222818,12.3398,1204.0030,36.1186,0.10356185,0.00220070,0.199452,0.05431399,0.05537892,-0.05418956,-0.05525449,0.06130647,0.06310742,-0.06121507,-0.06301603,844.5166,-0.8387,-54.8217,16.45779838,44.11536104,1204.0030
1.110000,4393514.305292,4259896.218134,1795712.121024,-8.470331,-8.198684,68.747393,0.99388084,0.00887877,0.11009530,-0.00103806,-0.02443025,0.00714405,0.00251507,12.3360,1204.0832,36.8012,0.10339943,0.00214876,0.201389,0.05431399,0.05537892,-0.05418956,-0.05525449,0.05996161,0.06166437,-0.05982564,-0.06152840,844.3409,-0.8384,-55.6255,16.45780455,44.11536104,1204.0832
1.120000,4393514.220253,4259896.135822,1795712.811802,-8.537361,-8.263533,69.406823,0.99387871,0.00875907,0.11012430,-0.00101114,-0.02420117,0.00453183,0.00279890,12.3321,1204.1645,37.4905,0.10321136,0.00209457,0.203330,0.05431399,0.05537892,-0.05418956,-0.05525449,0.05930234,0.06095720,-0.05914455,-0.06079941,853.9578,-0.8331,-56.5276,16.45781078,44.11536104,1204.1645
1.130000,4393514.134545,4259896.052864,1795713.509188,-8.604085,-8.328045,70.071707,0.99387804,0.00864061,0.11013999,-0.00098308,-0.02399001,0.00179551,0.00306988,12.3283,1204.2467,38.1864,0.10299296,0.00203816,0.205271,0.05376195,0.05475978,-0.05365786,-0.05465569,0.05903496,0.06067044,-0.05886833,-0.06050381,843.8787,-0.8239,-57.4805,16.45781707,44.11536104,1204.2467
1.140000,4393514.048173,4259895.969263,1795714.213236,-8.670303,-8.392024,70.736631,0.99387896,0.00852329,0.11014108,-0.00095391,-0.02379132,-0.00133657,0.00334124,12.3244,1204.3298,38.8889,0.10273377,0.00197951,0.207227,0.05376195,0.05475978,-0.05365786,-0.05465569,0.05834331,0.05991213,-0.05817153,-0.05974035,853.5420,-0.8166,-58.3601,16.45782342,44.11536104,1204.3298
1.150000,4393513.961141,4259895.885025,1795714.923921,-8.736039,-8.455491,71.401656,0.99388168,0.00840708,0.11012571,-0.00092365,-0.02360192,-0.00482243,0.00361065,12.3206,1204.4140,39.5980,0.10244046,0.00191882,0.209183,0.05376195,0.05475978,-0.05365786,-0.05465569,0.05771263,0.05921911,-0.05753781,-0.05904429,843.4053,-0.8073,-59.2351,16.45782982,44.11536104,1204.4140
1.160000,4393513.873453,4259895.800155,1795715.641269,-8.801353,-8.518497,72.068080,0.99388633,0.00829192,0.11009269,-0.00089233,-0.02341914,-0.00842950,0.00386676,12.3167,1204.4992,40.3137,0.10210972,0.00185614,0.211139,0.05376195,0.05475978,-0.05365786,-0.05465569,0.05740801,0.05888425,-0.05723188,-0.05870812,853.0638,-0.7936,-60.1471,16.45783629,44.11536104,1204.4992
1.170000,4393513.785117,4259895.714658,1795716.365256,-8.865939,-8.580741,72.729229,0.99389295,0.00817777,0.11004178,-0.00086003,-0.02324170,-0.01201672,0.00410238,12.3128,1204.5854,41.0361,0.10173736,0.00179156,0.213099,0.05296827,0.05390184,-0.05287658,-0.05381014,0.05728524,0.05874926,-0.05710860,-0.05857262,852.7660,-0.7768,-61.0735,16.45784282,44.11536104,1204.5854
1.180000,4393513.696134,4259895.628540,1795717.095881,-8.930432,-8.642849,73.395821,0.99390169,0.00806469,0.10997140,-0.00082678,-0.02303780,-0.01625838,0.00436005,12.3090,1204.6726,41.7651,0.10133246,0.00172547,0.215043,0.05296827,0.05390184,-0.05287658,-0.05381014,0.05620864,0.05752877,-0.05605046,-0.05737060,852.5790,-0.7686,-61.8115,16.45784941,44.11536104,1204.6726
1.190000,4393513.606509,4259895.541802,1795717.833172,-8.994606,-8.704598,74.062448,0.99391291,0.00795282,0.10987833,-0.00079249,-0.02280657,-0.02113756,0.00463876,12.3051,1204.7609,42.5008,0.10087945,0.00165752,0.217002,0.05296827,0.05390184,-0.05287658,-0.05381014,0.05515575,0.05633415,-0.05501627,-0.05619467,852.3327,-0.7586,-62.5342,16.45785605,44.11536105,1204.7609
1.200000,4393513.516243,4259895.454449,1795718.577130,-9.058455,-8.765972,74.729143,0.99392685,0.00784226,0.10976042,-0.00075716,-0.02256405,-0.02624717,0.00491309,12.3012,1204.8501,43.2431,0.10038003,0.00158771,0.218962,0.05296827,0.05390184,-0.05287658,-0.05381014,0.05464080,0.05574980,-0.05451052,-0.05561952,852.1414,-0.7409,-63.3242,16.45786276,44.11536105,1204.8501
1.210000,4393513.425341,4259895.366484,1795719.327755,-9.121993,-8.826974,75.395890,0.99394354,0.00773303,0.10961714,-0.00072085,-0.02231969,-0.03133538,0.00516746,12.2974,1204.9404,43.9920,0.09982957,0.00151608,0.220921,0.05186654,0.05254124,-0.05178108,-0.05245578,0.05443216,0.05551303,-0.05430561,-0.05538648,851.8919,-0.7177,-64.1399,16.45786953,44.11536105,1204.9404
1.220000,4393513.333804,4259895.277910,1795720.085048,-9.185270,-8.887652,76.062686,0.99396298,0.00762516,0.10944855,-0.00068365,-0.02206460,-0.03642516,0.00540270,12.2935,1205.0318,44.7475,0.09922726,0.00144282,0.222881,0.05186654,0.05254124,-0.05178108,-0.05245578,0.05415870,0.05520530,-0.05404076,-0.05508736,851.5826,-0.6929,-64.9132,16.45787636,44.11536105,1205.0318
1.230000,4393513.241636,4259895.188732,1795720.849009,-9.248327,-8.948042,76.729537,0.99398513,0.00751869,0.10925479,-0.00064568,-0.02180017,-0.04145301,0.00561517,12.2896,1205.1242,45.5097,0.09857410,0.00136817,0.224840,0.05186654,0.05254124,-0.05178108,-0.05245578,0.05393428,0.05495324,-0.05382409,-0.05484306,851.3287,-0.6656,-65.6634,16.45788324,44.11536105,1205.1242
1.240000,4393513.148838,4259895.098950,1795721.619639,-9.311202,-9.008174,77.396482,0.99400992,0.00741363,0.10903647,-0.00060705,-0.02153372,-0.04629820,0.00579824,12.2857,1205.2176,46.2786,0.09787109,0.00129239,0.226800,0.05186654,0.05254124,-0.05178108,-0.05245578,0.05382813,0.05483406,-0.05372168,-0.05472762,851.0729,-0.6352,-66.4029,16.45789019,44.11536105,1205.2176
1.250000,4393513.055412,4259895.008569,1795722.396939,-9.373995,-9.068144,78.064827,0.99403720,0.00730996,0.10879469,-0.00056792,-0.02126940,-0.05087980,0.00594777,12.2818,1205.3121,47.0541,0.09711991,0.00121577,0.228759,0.05143789,0.05201573,-0.05135909,-0.05193692,0.05378572,0.05478647,-0.05368078,-0.05468153,850.8745,-0.6022,-67.1214,16.45789720,44.11536105,1205.3121
1.260000,4393512.961357,4259894.917587,1795723.180962,-9.436976,-9.128209,78.738536,0.99406687,0.00720768,0.10853033,-0.00052842,-0.02100051,-0.05537343,0.00607013,12.2779,1205.4077,47.8362,0.09632181,0.00113864,0.230723,0.05143789,0.05201573,-0.05135909,-0.05193692,0.05348809,0.05446409,-0.05338812,-0.05436411,860.5082,-0.5693,-67.7586,16.45790427,44.11536105,1205.4077
1.270000,4393512.866674,4259894.826006,1795723.971683,-9.499583,-9.187832,79.405590,0.99409884,0.00710679,0.10824391,-0.00048868,-0.02072761,-0.05974893,0.00616409,12.2741,1205.5043,48.6250,0.09547496,0.00106125,0.232702,0.05143789,0.05201573,-0.05135909,-0.05193692,0.05319903,0.05415140,-0.05310368,-0.05405604,850.2911,-0.5349,-68.3685,16.45791140,44.11536106,1205.5043
1.280000,4393512.771364,4259894.733829,1795724.769101,-9.562524,-9.247686,80.079428,0.99413301,0.00700728,0.10793638,-0.00044887,-0.02045536,-0.06385669,0.00622414,12.2702,1205.6020,49.4205,0.09459556,0.00098405,0.234662,0.05143789,0.05201573,-0.05135909,-0.05193692,0.05305783,0.05399869,-0.05296472,-0.05390557,850.0884,-0.4981,-68.9668,16.45791858,44.11536106,1205.6020
1.290000,4393512.675424,4259894.641053,1795725.573272,-9.625554,-9.307536,80.754648,0.99416917,0.00690914,0.10760932,-0.00040913,-0.02018642,-0.06759428,0.00624687,12.2662,1205.7007,50.2227,0.09366990,0.00090720,0.236641,0.04977204,0.05005781,-0.04969050,-0.04997626,0.05300065,0.05393685,-0.05290844,-0.05384464,859.7128,-0.4594,-69.5549,16.45792583,44.11536106,1205.7007
1.300000,4393512.578853,4259894.547678,1795726.384194,-9.688615,-9.367336,81.428563,0.99420719,0.00681233,0.10726381,-0.00036955,-0.01991739,-0.07127145,0.00626861,12.2623,1205.8006,51.0316,0.09270802,0.00083114,0.238625,0.04977204,0.05005781,-0.04969050,-0.04997626,0.05258796,0.05343044,-0.05249830,-0.05334079,859.4425,-0.4286,-70.0308,16.45793314,44.11536106,1205.8006
1.310000,4393512.481652,4259894.453707,1795727.201816,-9.751532,-9.426925,82.097146,0.99424701,0.00671687,0.10690021,-0.00033014,-0.01964864,-0.07486190,0.00628958,12.2584,1205.9015,51.8472,0.09171648,0.00075598,0.240605,0.04977204,0.05005781,-0.04969050,-0.04997626,0.05218682,0.05293620,-0.05209951,-0.05284889,849.2797,-0.3970,-70.4737,16.45794051,44.11536106,1205.9015
1.320000,4393512.383820,4259894.359138,1795728.026164,-9.814955,-9.486912,82.772466,0.99428852,0.00662273,0.10651949,-0.00029093,-0.01938271,-0.07814531,0.00629003,12.2545,1206.0035,52.6694,0.09070088,0.00068175,0.242569,0.04977204,0.05005781,-0.04969050,-0.04997626,0.05199085,0.05269457,-0.05190467,-0.05260839,858.8992,-0.3600,-70.9242,16.45794794,44.11536106,1206.0035
1.330000,4393512.285353,4259894.263969,1795728.857266,-9.878549,-9.546976,83.447816,0.99433148,0.00652989,0.10612354,-0.00025203,-0.01912104,-0.08098097,0.00625828,12.2506,1206.1065,53.4984,0.08964989,0.00060851,0.244553,0.05195804,0.05207092,-0.05187323,-0.05198610,0.05191148,0.05259668,-0.05182576,-0.05251096,858.6231,-0.3195,-71.3756,16.45795543,44.11536107,1206.1065
1.340000,4393512.186248,4259894.168198,1795729.695121,-9.942359,-9.607164,84.123192,0.99437567,0.00643833,0.10571438,-0.00021358,-0.01885905,-0.08344582,0.00620444,12.2467,1206.2107,54.3341,0.08857487,0.00053657,0.246537,0.05195804,0.05207092,-0.05187323,-0.05198610,0.05172976,0.05237367,-0.05164658,-0.05229049,858.3451,-0.2808,-71.7715,16.45796298,44.11536107,1206.2107
1.350000,4393512.086503,4259894.071823,1795730.539756,-10.006706,-9.667780,84.803958,0.99442086,0.00634803,0.10529396,-0.00017567,-0.01859690,-0.08549924,0.00612701,12.2428,1206.3159,55.1765,0.08748049,0.00046618,0.248522,0.05195804,0.05207092,-0.05187323,-0.05198610,0.05156626,0.05217315,-0.05148551,-0.05209240,858.0652,-0.2414,-72.1419,16.45797060,44.11536107,1206.3159
1.360000,4393511.986115,4259893.974843,1795731.391173,-10.071087,-9.728347,85.480728,0.99446680,0.00625897,0.10486459,-0.00013841,-0.01833737,-0.08703433,0.00601778,12.2389,1206.4221,56.0257,0.08636548,0.00039751,0.250522,0.05195804,0.05207092,-0.05187323,-0.05198610,0.05148749,0.05207655,-0.05140793,-0.05199699,857.7811,-0.1997,-72.5109,16.45797827,44.11536107,1206.4221
1.370000,4393511.885079,4259893.877254,1795732.249398,-10.136038,-9.789373,86.162886,0.99451319,0.00617113,0.10442903,-0.00010196,-0.01808205,-0.08798119,0.00587236,12.2349,1206.5295,56.8816,0.08524411,0.00033088,0.252511,0.04874030,0.04861803,-0.04863622,-0.04851395,0.05145578,0.05203766,-0.05137670,-0.05195858,867.4500,-0.1570,-72.8629,16.45798601,44.11536107,1206.5295
1.380000,4393511.783394,4259893.779056,1795733.114404,-10.200972,-9.850321,86.838338,0.99455986,0.00608446,0.10398875,-0.00006636,-0.01783392,-0.08892564,0.00573820,12.2310,1206.6379,57.7443,0.08411262,0.00026657,0.254516,0.04874030,0.04861803,-0.04863622,-0.04851395,0.05085208,0.05132753,-0.05077221,-0.05124765,857.2085,-0.1257,-73.0559,16.45799380,44.11536108,1206.6379
1.390000,4393511.681057,4259893.680245,1795733.986192,-10.266674,-9.911935,87.520556,0.99460681,0.00599894,0.10354376,-0.00003156,-0.01759325,-0.08986244,0.00561646,12.2271,1206.7474,58.6137,0.08298717,0.00020460,0.256501,0.04874030,0.04861803,-0.04863622,-0.04851395,0.05025271,0.05062285,-0.05017192,-0.05054206,856.9871,-0.0950,-73.2216,16.45800166,44.11536108,1206.7474
1.400000,4393511.578059,4259893.580816,1795734.864815,-10.332805,-9.973888,88.204114,0.99465394,0.00591454,0.10309494,0.00000246,-0.01735895,-0.09045632,0.00548264,12.2231,1206.8580,59.4899,0.08185499,0.00014478,0.258506,0.04874030,0.04861803,-0.04863622,-0.04851395,0.04995881,0.05027736,-0.04987756,-0.05019611,866.5821,-0.0585,-73.4509,16.45800958,44.11536108,1206.8580
1.410000,4393511.474399,4259893.480767,1795735.750274,-10.399278,-10.036094,88.887680,0.99470101,0.00583121,0.10264450,0.00003563,-0.01713033,-0.09050689,0.00532275,12.2192,1206.9696,60.3729,0.08072241,0.00008714,0.260516,0.04750271,0.04728292,-0.04745234,-0.04723255,0.04983961,0.05013723,-0.04975817,-0.05005579,866.2206,-0.0189,-73.7075,16.45801755,44.11536109,1206.9696
1.420000,4393511.370073,4259893.380094,1795736.642569,-10.465977,-10.098448,89.571273,0.99474754,0.00574891,0.10219728,0.00006789,-0.01690997,-0.08915261,0.00516217,12.2152,1207.0823,61.2628,0.07959470,0.00003187,0.262526,0.04750271,0.04728292,-0.04745234,-0.04723255,0.05057225,0.05080069,-0.05048958,-0.05071801,865.9911,0.0144,-74.1509,16.45802560,44.11536109,1207.0823
1.430000,4393511.265078,4259893.278796,1795737.541726,-10.533295,-10.161320,90.261607,0.99479279,0.00566760,0.10176042,0.00009931,-0.01669776,-0.08633138,0.00500029,12.2113,1207.1961,62.1594,0.07847970,-0.00002099,0.264536,0.04750271,0.04728292,-0.04745234,-0.04723255,0.05133786,0.05150179,-0.05125400,-0.05141792,865.6928,0.0473,-74.5977,16.45803370,44.11536109,1207.1961
1.440000,4393511.159408,4259893.176869,1795738.447774,-10.600531,-10.224051,90.946583,0.99483612,0.00558724,0.10134029,0.00012987,-0.01649214,-0.08241962,0.00482161,12.2073,1207.3109,63.0629,0.07738570,-0.00007147,0.266565,0.04750271,0.04728292,-0.04745234,-0.04723255,0.05171643,0.05184907,-0.05163198,-0.05176462,875.2746,0.0836,-74.9638,16.45804186,44.11536109,1207.3109
1.450000,4393511.053065,4259893.074313,1795739.360685,-10.668351,-10.287265,91.636995,0.99487708,0.00550779,0.10094174,0.00015949,-0.01629218,-0.07765346,0.00461774,12.2033,1207.4268,63.9732,0.07633624,-0.00011949,0.268580,0.04380006,0.04336576,-0.04370697,-0.04327267,0.05187050,0.05199051,-0.05178582,-0.05190583,865.1561,0.1213,-75.2851,16.45805009,44.11536110,1207.4268
1.460000,4393510.946040,4259892.971122,1795740.280514,-10.736650,-10.350886,92.328738,0.99491561,0.00542918,0.10056550,0.00018817,-0.01611551,-0.07344887,0.00443040,12.1993,1207.5438,64.8904,0.07533190,-0.00016485,0.270610,0.04380006,0.04336576,-0.04370697,-0.04327267,0.05078424,0.05081602,-0.05069263,-0.05072441,874.7338,0.1482,-75.3010,16.45805838,44.11536110,1207.5438
1.470000,4393510.838330,4259892.867294,1795741.207260,-10.805232,-10.414732,93.019111,0.99495204,0.00535129,0.10020854,0.00021599,-0.01596210,-0.06990128,0.00426017,12.1953,1207.6618,65.8145,0.07437982,-0.00020767,0.272644,0.04380006,0.04336576,-0.04370697,-0.04327267,0.04965455,0.04960067,-0.04955603,-0.04950214,874.4248,0.1742,-75.3279,16.45806673,44.11536111,1207.6618
1.480000,4393510.729936,4259892.762828,1795742.140869,-10.873640,-10.478364,93.702752,0.99498657,0.00527404,0.09986915,0.00024296,-0.01582247,-0.06638760,0.00408478,12.1914,1207.7809,66.7455,0.07347550,-0.00024817,0.274675,0.04380006,0.04336576,-0.04370697,-0.04327267,0.04909640,0.04900067,-0.04899448,-0.04889875,864.1616,0.2048,-75.5301,16.45807514,44.11536111,1207.7809
1.490000,4393510.620855,4259892.657725,1795743.081342,-10.942643,-10.542498,94.393085,0.99501914,0.00519736,0.09954807,0.00026905,-0.01569105,-0.06254228,0.00389183,12.1874,1207.9010,67.6833,0.07261768,-0.00028642,0.276686,0.04255914,0.04204682,-0.04247153,-0.04195921,0.04886930,0.04875662,-0.04876600,-0.04865333,863.9234,0.2376,-75.8367,16.45808361,44.11536111,1207.9010
1.500000,4393510.511084,4259892.551980,1795744.028704,-11.011569,-10.606511,95.079413,0.99504970,0.00512136,0.09924603,0.00029419,-0.01551221,-0.05873454,0.00369633,12.1834,1208.0222,68.6280,0.07179608,-0.00032230,0.278717,0.04255914,0.04204682,-0.04247153,-0.04195921,0.04834519,0.04819159,-0.04826047,-0.04810686,873.4209,0.2661,-76.0874,16.45809215,44.11536112,1208.0222
1.510000,4393510.400621,4259892.445592,1795744.982957,-11.080981,-10.670932,95.771136,0.99507828,0.00504626,0.09896292,0.00031835,-0.01528457,-0.05493185,0.00349779,12.1794,1208.1444,69.5795,0.07102049,-0.00035580,0.280736,0.04255914,0.04204682,-0.04247153,-0.04195921,0.04787328,0.04768262,-0.04780757,-0.04761691,873.1786,0.2937,-76.3709,16.45810075,44.11536112,1208.1444
1.520000,4393510.289464,4259892.338561,1795745.944127,-11.150456,-10.735360,96.462862,0.99510481,0.00497224,0.09869940,0.00034147,-0.01503567,-0.05086295,0.00328679,12.1754,1208.2677,70.5380,0.07028300,-0.00038684,0.282771,0.04255914,0.04204682,-0.04247153,-0.04195921,0.04764590,0.04743737,-0.04758956,-0.04738102,872.8609,0.3226,-76.7530,16.45810941,44.11536113,1208.2677
1.530000,4393510.177612,4259892.230885,1795746.912214,-11.219931,-10.799737,97.154596,0.99512916,0.00489936,0.09845719,0.00036348,-0.01478175,-0.04636493,0.00305870,12.1714,1208.3920,71.5033,0.06958777,-0.00041536,0.284806,0.03929998,0.03864487,-0.03924063,-0.03858552,0.04755434,0.04733861,-0.04750181,-0.04728607,872.5419,0.3515,-77.2007,16.45811813,44.11536113,1208.3920
1.540000,4393510.065063,4259892.122564,1795747.887245,-11.289938,-10.864582,97.851702,0.99515152,0.00482751,0.09823439,0.00038440,-0.01457469,-0.04306528,0.00285839,12.1674,1208.5174,72.4755,0.06893736,-0.00044125,0.286842,0.03929998,0.03864487,-0.03924063,-0.03858552,0.04620475,0.04591013,-0.04613845,-0.04584383,872.2220,0.3683,-77.2961,16.45812692,44.11536114,1208.5174
1.550000,4393509.951814,4259892.013594,1795748.869221,-11.359823,-10.929289,98.544788,0.99517251,0.00475646,0.09802495,0.00040438,-0.01441746,-0.04100308,0.00268728,12.1634,1208.6438,73.4547,0.06832675,-0.00046466,0.288893,0.03929998,0.03864487,-0.03924063,-0.03858552,0.04486980,0.04449760,-0.04478873,-0.04441653,871.8979,0.3835,-77.4237,16.45813577,44.11536114,1208.6438
1.560000,4393509.837864,4259891.903976,1795749.858168,-11.430068,-10.994296,99.243223,0.99519253,0.00468605,0.09782480,0.00042350,-0.01428748,-0.03932959,0.00252285,12.1594,1208.7713,74.4407,0.06774982,-0.00048601,0.290932,0.03929998,0.03864487,-0.03924063,-0.03858552,0.04421564,0.04380546,-0.04412724,-0.04371706,881.4529,0.4030,-77.7725,16.45814468,44.11536115,1208.7713
1.570000,4393509.723215,4259891.793711,1795750.854059,-11.499878,-11.058855,99.936322,0.99521166,0.00461616,0.09763325,0.00044176,-0.01417132,-0.03755169,0.00235248,12.1553,1208.8998,75.4338,0.06718994,-0.00050542,0.292987,0.03849353,0.03785273,-0.03839732,-0.03775651,0.04395038,0.04352481,-0.04385899,-0.04343342,871.2457,0.4246,-78.2571,16.45815365,44.11536116,1208.8998
1.580000,4393509.607865,4259891.682797,1795751.856921,-11.570003,-11.123675,100.634816,0.99522994,0.00454676,0.09744986,0.00045917,-0.01405698,-0.03604880,0.00218914,12.1513,1209.0294,76.4337,0.06665173,-0.00052297,0.295026,0.03849353,0.03785273,-0.03839732,-0.03775651,0.04341110,0.04295210,-0.04332055,-0.04286155,880.8713,0.4421,-78.6572,16.45816269,44.11536116,1209.0294
1.590000,4393509.491815,4259891.571237,1795752.866755,-11.640056,-11.188395,101.333259,0.99524751,0.00447785,0.09727342,0.00047577,-0.01394211,-0.03475673,0.00203215,12.1473,1209.1601,77.4406,0.06612767,-0.00053866,0.297081,0.03849353,0.03785273,-0.03839732,-0.03775651,0.04293312,0.04244423,-0.04284414,-0.04235525,870.5865,0.4587,-79.0887,16.45817179,44.11536117,1209.1601
1.600000,4393509.375066,4259891.459032,1795753.883560,-11.709709,-11.252708,102.027711,0.99526438,0.00440943,0.09710372,0.00049155,-0.01382902,-0.03334777,0.00187287,12.1433,1209.2918,78.4545,0.06561862,-0.00055262,0.299136,0.03849353,0.03785273,-0.03839732,-0.03775651,0.04270350,0.04220023,-0.04261534,-0.04211208,880.1303,0.4763,-79.6066,16.45818095,44.11536117,1209.2918
1.610000,4393509.257619,4259891.346182,1795754.907336,-11.779555,-11.317166,102.727540,0.99528046,0.00434148,0.09694177,0.00050650,-0.01371929,-0.03163848,0.00170703,12.1392,1209.4246,79.4753,0.06512582,-0.00056489,0.301179,0.03520985,0.03447465,-0.03514924,-0.03441404,0.04261116,0.04210211,-0.04252335,-0.04201430,879.8731,0.4940,-80.1772,16.45819017,44.11536118,1209.4246
1.620000,4393509.139474,4259891.232688,1795755.938111,-11.849428,-11.381636,103.427392,0.99529598,0.00427407,0.09678521,0.00052065,-0.01358037,-0.03118434,0.00156785,12.1352,1209.5585,80.5031,0.06464481,-0.00057539,0.303238,0.03520985,0.03447465,-0.03514924,-0.03441404,0.04141891,0.04085698,-0.04134127,-0.04077934,879.5356,0.5027,-80.3971,16.45819946,44.11536119,1209.5585
1.630000,4393509.020630,4259891.118549,1795756.975884,-11.919322,-11.446114,104.127225,0.99531155,0.00420737,0.09662776,0.00053410,-0.01341232,-0.03199588,0.00145626,12.1311,1209.6934,81.5379,0.06417695,-0.00058432,0.305297,0.03520985,0.03447465,-0.03514924,-0.03441404,0.04024235,0.03962864,-0.04017486,-0.03956115,879.1965,0.5101,-80.6222,16.45820881,44.11536119,1209.6934
1.640000,4393508.901088,4259891.003766,1795758.020655,-11.989131,-11.510495,104.827050,0.99532759,0.00414148,0.09646524,0.00054692,-0.01323269,-0.03322480,0.00135537,12.1271,1209.8294,82.5796,0.06370959,-0.00059196,0.307356,0.03462425,0.03382107,-0.03456895,-0.03376577,0.03966604,0.03902700,-0.03960352,-0.03896448,878.8556,0.5207,-81.0406,16.45821822,44.11536120,1209.8294
1.650000,4393508.780848,4259890.888339,1795759.072425,-12.058807,-11.574730,105.526918,0.99534416,0.00407644,0.09629680,0.00055913,-0.01305164,-0.03436570,0.00125574,12.1230,1209.9664,83.6283,0.06323283,-0.00059847,0.309414,0.03329302,0.03262827,-0.03325921,-0.03259446,0.03943238,0.03878308,-0.03937189,-0.03872258,878.5131,0.5328,-81.5580,16.45822770,44.11536121,1209.9664
1.660000,4393508.659912,4259890.772271,1795760.131193,-12.128392,-11.638859,106.226737,0.99536127,0.00401213,0.09612242,0.00057072,-0.01291937,-0.03561260,0.00115014,12.1190,1210.1046,84.6840,0.06274432,-0.00060388,0.311473,0.03329302,0.03262827,-0.03325921,-0.03259446,0.03905922,0.03841120,-0.03898637,-0.03833835,878.1689,0.5458,-82.0047,16.45823724,44.11536122,1210.1046
1.670000,4393508.538280,4259890.655562,1795761.196960,-12.197994,-11.702987,106.927942,0.99537895,0.00394831,0.09594179,0.00058170,-0.01283771,-0.03687415,0.00103766,12.1149,1210.2438,85.7467,0.06224464,-0.00060820,0.313532,0.03329302,0.03262827,-0.03325921,-0.03259446,0.03874061,0.03809637,-0.03865485,-0.03801061,877.8230,0.5584,-82.4484,16.45824684,44.11536123,1210.2438
1.680000,4393508.415952,4259890.538212,1795762.269752,-12.267495,-11.767004,107.629109,0.99539713,0.00388478,0.09575550,0.00059205,-0.01278301,-0.03788345,0.00092054,12.1109,1210.3841,86.8164,0.06173244,-0.00061140,0.315594,0.03329302,0.03262827,-0.03325921,-0.03259446,0.03858868,0.03794650,-0.03849653,-0.03785435,887.3481,0.5695,-82.9301,16.45825651,44.11536123,1210.3841
1.690000,4393508.292929,4259890.420221,1795763.349569,-12.337273,-11.831266,108.335678,0.99541566,0.00382143,0.09556519,0.00060177,-0.01274135,-0.03848530,0.00080070,12.1068,1210.5255,87.8930,0.06120950,-0.00061345,0.317657,0.03323987,0.03263835,-0.03321253,-0.03261102,0.03852777,0.03788646,-0.03843303,-0.03779172,877.2053,0.5793,-83.4230,16.45826624,44.11536124,1210.5255
1.700000,4393508.169208,4259890.301587,1795764.436438,-12.406821,-11.895324,109.036783,0.99543475,0.00375834,0.09536854,0.00061090,-0.01265988,-0.04042574,0.00070500,12.1028,1210.6679,88.9767,0.06067607,-0.00061432,0.319735,0.03323987,0.03263835,-0.03321253,-0.03261102,0.03733844,0.03666391,-0.03725539,-0.03658086,886.6432,0.5817,-83.4844,16.45827603,44.11536125,1210.6679
1.710000,4393508.044791,4259890.182313,1795765.530305,-12.476555,-11.959568,109.737898,0.99545504,0.00369573,0.09515890,0.00061952,-0.01253608,-0.04370566,0.00063489,12.0987,1210.8115,90.0674,0.06013683,-0.00061423,0.321797,0.03323987,0.03263835,-0.03321253,-0.03261102,0.03615720,0.03544906,-0.03608653,-0.03537839,876.4177,0.5829,-83.5162,16.45828589,44.11536126,1210.8115
1.720000,4393507.919674,4259890.062394,1795766.631223,-12.546864,-12.024354,110.445759,0.99547693,0.00363376,0.09493199,0.00062770,-0.01239380,-0.04735453,0.00057822,12.0946,1210.9561,91.1650,0.05957564,-0.00061339,0.323860,0.03323987,0.03263835,-0.03321253,-0.03261102,0.03557797,0.03485329,-0.03551344,-0.03478876,886.0160,0.5863,-83.7332,16.45829580,44.11536127,1210.9561
1.730000,4393507.793856,4259889.941827,1795767.739193,-12.616898,-12.088896,111.148160,0.99550052,0.00357252,0.09468658,0.00063552,-0.01223978,-0.05113454,0.00054705,12.0906,1211.1018,92.2697,0.05897914,-0.00061191,0.325942,0.03057139,0.02996712,-0.03052551,-0.02992124,0.03513492,0.03437937,-0.03507478,-0.03431923,885.6561,0.5863,-83.9528,16.45830579,44.11536128,1211.1018
1.740000,4393507.667335,4259889.820615,1795768.854186,-12.687172,-12.153670,111.850511,0.99552596,0.00351213,0.09442091,0.00064299,-0.01205036,-0.05548385,0.00049961,12.0865,1211.2486,93.3815,0.05835158,-0.00061007,0.328008,0.03057139,0.02996712,-0.03052551,-0.02992124,0.03436551,0.03363237,-0.03431583,-0.03358269,885.2147,0.5959,-83.9982,16.45831583,44.11536129,1211.2486
1.750000,4393507.540109,4259889.698751,1795769.976230,-12.758102,-12.219060,112.558241,0.99555344,0.00345275,0.09413290,0.00064998,-0.01183170,-0.06010000,0.00042465,12.0824,1211.3965,94.5002,0.05768799,-0.00060780,0.330075,0.03057139,0.02996712,-0.03052551,-0.02992124,0.03375638,0.03305989,-0.03371564,-0.03301915,884.9370,0.6078,-84.0449,16.45832594,44.11536130,1211.3965
1.760000,4393507.412172,4259889.576233,1795771.105351,-12.829287,-12.284700,113.265933,0.99558293,0.00339445,0.09382259,0.00065638,-0.01160257,-0.06442775,0.00033691,12.0783,1211.5454,95.6260,0.05698163,-0.00060481,0.332157,0.03062158,0.02995917,-0.03054857,-0.02988616,0.03347049,0.03279317,-0.03343401,-0.03275669,884.5722,0.6155,-84.1492,16.45833611,44.11536131,1211.5454
1.770000,4393507.283522,4259889.453056,1795772.241548,-12.900747,-12.350614,113.973577,0.99561419,0.00333726,0.09349224,0.00066217,-0.01137333,-0.06814383,0.00024652,12.0742,1211.6954,96.7588,0.05623523,-0.00060095,0.334240,0.02990993,0.02937770,-0.02987898,-0.02934675,0.03335668,0.03268733,-0.03332191,-0.03265256,884.2899,0.6199,-84.2491,16.45834635,44.11536132,1211.6954
1.780000,4393507.154154,4259889.329217,1795773.384850,-12.972838,-12.417133,114.685429,0.99564690,0.00328119,0.09314527,0.00066729,-0.01113889,-0.07109449,0.00013986,12.0701,1211.8465,97.8987,0.05545349,-0.00059616,0.336322,0.02990993,0.02937770,-0.02987898,-0.02934675,0.03329604,0.03265216,-0.03326420,-0.03262032,883.8377,0.6267,-84.3088,16.45835665,44.11536133,1211.8465
1.790000,4393507.024064,4259889.204712,1795774.535256,-13.045483,-12.484191,115.399853,0.99568065,0.00322626,0.09278570,0.00067170,-0.01090085,-0.07319429,0.00001951,12.0660,1211.9987,99.0456,0.05464166,-0.00059032,0.338417,0.02990993,0.02937770,-0.02987898,-0.02934675,0.03326247,0.03264224,-0.03323316,-0.03261294,873.7678,0.6317,-84.3252,16.45836702,44.11536134,1211.9987
1.800000,4393506.893243,4259889.079532,1795775.692846,-13.118603,-12.551720,116.115448,0.99571502,0.00317245,0.09241791,0.00067538,-0.01066474,-0.07438490,-0.00010275,12.0619,1212.1519,100.1997,0.05380909,-0.00058330,0.340520,0.02982538,0.02931953,-0.02981447,-0.02930862,0.03324821,0.03263945,-0.03322011,-0.03261135,902.9115,0.6327,-84.3011,16.45837745,44.11536135,1212.1519
1.810000,4393506.761691,4259888.953677,1795776.857565,-13.192032,-12.619572,116.829620,0.99574959,0.00311975,0.09204652,0.00067833,-0.01043356,-0.07463682,-0.00021951,12.0578,1212.3063,101.3609,0.05296550,-0.00057506,0.342626,0.02779694,0.02733582,-0.02777714,-0.02731602,0.03324279,0.03263866,-0.03321518,-0.03261105,882.7136,0.6305,-84.2429,16.45838794,44.11536136,1212.3063
1.820000,4393506.629400,4259888.827138,1795778.029439,-13.266224,-12.688186,117.545087,0.99578430,0.00306807,0.09167201,0.00068062,-0.01023696,-0.07563292,-0.00032594,12.0537,1212.4616,102.5293,0.05212155,-0.00056566,0.344729,0.02779694,0.02733582,-0.02777714,-0.02731602,0.03229258,0.03168918,-0.03225856,-0.03165516,892.2886,0.6257,-83.7554,16.45839850,44.11536137,1212.4616
1.830000,4393506.496364,4259888.699910,1795779.208466,-13.341097,-12.757491,118.260444,0.99581949,0.00301723,0.09129062,0.00068231,-0.01007527,-0.07739388,-0.00041980,12.0495,1212.6181,103.7048,0.05127982,-0.00055520,0.346836,0.02779694,0.02733582,-0.02777714,-0.02731602,0.03133837,0.03073458,-0.03129778,-0.03069400,891.8211,0.6191,-83.2411,16.45840912,44.11536138,1212.6181
1.840000,4393506.362576,4259888.571986,1795780.394647,-13.416560,-12.827399,118.975713,0.99585530,0.00296712,0.09090074,0.00068347,-0.00993339,-0.07903075,-0.00050005,12.0454,1212.7756,104.8874,0.05043353,-0.00054384,0.348943,0.02779694,0.02733582,-0.02777714,-0.02731602,0.03086959,0.03026553,-0.03082577,-0.03022171,891.5259,0.6110,-82.9019,16.45841981,44.11536140,1212.7756
1.850000,4393506.228031,4259888.443360,1795781.587980,-13.492566,-12.897870,119.690888,0.99589155,0.00291756,0.09050434,0.00068424,-0.00984564,-0.08000773,-0.00054679,12.0413,1212.9342,106.0772,0.04957823,-0.00053173,0.351050,0.02583921,0.02545944,-0.02578471,-0.02540495,0.03069714,0.03007229,-0.03064237,-0.03001751,891.1421,0.5970,-82.6464,16.45843056,44.11536141,1212.9342
1.860000,4393506.092723,4259888.314027,1795782.788465,-13.569171,-12.968948,120.405960,0.99592797,0.00286845,0.09010425,0.00068471,-0.00974023,-0.08050252,-0.00060216,12.0372,1213.0938,107.2742,0.04871720,-0.00051918,0.353157,0.02583921,0.02545944,-0.02578471,-0.02540495,0.03039162,0.02979220,-0.03034162,-0.02974220,890.7567,0.5923,-82.3103,16.45844137,44.11536142,1213.0938
1.870000,4393505.956645,4259888.183979,1795783.996099,-13.646379,-13.040638,121.120927,0.99596432,0.00281995,0.08970310,0.00068479,-0.00959282,-0.08042802,-0.00067597,12.0330,1213.2544,108.4783,0.04785662,-0.00050624,0.355264,0.02583921,0.02545944,-0.02578471,-0.02540495,0.03012132,0.02955820,-0.03008141,-0.02951829,890.3698,0.5893,-81.9663,16.45845225,44.11536143,1213.2544
1.880000,4393505.819793,4259888.053212,1795785.210883,-13.724164,-13.112919,121.835802,0.99600029,0.00277219,0.08930434,0.00068444,-0.00942563,-0.07953590,-0.00075083,12.0289,1213.4160,109.6895,0.04700168,-0.00049277,0.357371,0.02583921,0.02545944,-0.02578471,-0.02540495,0.02999152,0.02944710,-0.02995700,-0.02941259,889.9812,0.5812,-81.6615,16.45846320,44.11536145,1213.4160
1.890000,4393505.682160,4259887.921719,1795786.432815,-13.802614,-13.185876,122.551945,0.99603550,0.00272533,0.08891227,0.00068365,-0.00922006,-0.07773774,-0.00082436,12.0247,1213.5787,110.9079,0.04615886,-0.00047867,0.359479,0.02570121,0.02539001,-0.02564548,-0.02533427,0.02990928,0.02938198,-0.02988415,-0.02935684,889.6808,0.5715,-81.3698,16.45847421,44.11536146,1213.5787
1.900000,4393505.543736,4259887.789489,1795787.661949,-13.882346,-13.260093,123.274798,0.99606985,0.00267949,0.08852801,0.00068240,-0.00899798,-0.07640059,-0.00090659,12.0206,1213.7423,112.1335,0.04533599,-0.00046396,0.361590,0.02570121,0.02539001,-0.02564548,-0.02533427,0.02913898,0.02863990,-0.02911870,-0.02861962,899.1516,0.5632,-80.7621,16.45848528,44.11536147,1213.7423
1.910000,4393505.404510,4259887.656514,1795788.898310,-13.962795,-13.335044,123.997516,0.99610356,0.00263470,0.08814925,0.00068066,-0.00877975,-0.07552225,-0.00099027,12.0164,1213.9070,113.3662,0.04453517,-0.00044856,0.363722,0.02570121,0.02539001,-0.02564548,-0.02533427,0.02839255,0.02791511,-0.02837291,-0.02789547,898.7538,0.5519,-80.1749,16.45849642,44.11536148,1213.9070
1.920000,4393505.264478,4259887.522786,1795790.141898,-14.043739,-13.410521,124.718768,0.99613668,0.00259095,0.08777554,0.00067844,-0.00856855,-0.07437143,-0.00106295,12.0122,1214.0726,114.6063,0.04375404,-0.00043246,0.365854,0.02570121,0.02539001,-0.02564548,-0.02533427,0.02802807,0.02756071,-0.02800840,-0.02754105,898.3544,0.5365,-79.7682,16.45850763,44.11536150,1214.0726
1.930000,4393505.123634,4259887.388302,1795791.392685,-14.125217,-13.486562,125.439907,0.99616900,0.00254819,0.08740928,0.00067584,-0.00836444,-0.07253108,-0.00111753,12.0081,1214.2393,115.8535,0.04299074,-0.00041575,0.367982,0.02294031,0.02249372,-0.02291898,-0.02247239,0.02788048,0.02741713,-0.02786075,-0.02739740,888.1845,0.5182,-79.4637,16.45851890,44.11536151,1214.2393
1.940000,4393504.981971,4259887.253052,1795792.650696,-14.207500,-13.563422,126.162253,0.99620050,0.00250625,0.08705077,0.00067289,-0.00822859,-0.07125860,-0.00118043,12.0039,1214.4069,117.1080,0.04224875,-0.00039859,0.370110,0.02294031,0.02249372,-0.02291898,-0.02247239,0.02713013,0.02669715,-0.02709803,-0.02666505,897.5523,0.5053,-78.8738,16.45853024,44.11536153,1214.4069
1.950000,4393504.839479,4259887.117029,1795793.915957,-14.290906,-13.641401,126.889899,0.99623143,0.00246479,0.08669725,0.00066957,-0.00816037,-0.07052396,-0.00125048,11.9997,1214.5755,118.3697,0.04152983,-0.00038102,0.372242,0.02294031,0.02249372,-0.02291898,-0.02247239,0.02641136,0.02600797,-0.02636684,-0.02596345,897.1482,0.4910,-78.3091,16.45854164,44.11536154,1214.5755
1.960000,4393504.696153,4259886.980224,1795795.188466,-14.374419,-13.719545,127.611977,0.99626188,0.00242355,0.08634790,0.00066592,-0.00812663,-0.06958134,-0.00131125,11.9955,1214.7450,119.6387,0.04082680,-0.00036299,0.374390,0.02294031,0.02249372,-0.02291898,-0.02247239,0.02606109,0.02567215,-0.02601048,-0.02562154,896.7394,0.4718,-77.9322,16.45855310,44.11536155,1214.7450
1.970000,4393504.551989,4259886.842636,1795796.468196,-14.458422,-13.798217,128.333937,0.99629165,0.00238241,0.08600481,0.00066202,-0.00810819,-0.06800675,-0.00135294,11.9913,1214.9156,120.9149,0.04014021,-0.00034458,0.376522,0.02121395,0.02102408,-0.02117812,-0.02098825,0.02591939,0.02553630,-0.02586629,-0.02548321,896.3322,0.4492,-77.6547,16.45856464,44.11536157,1214.9156
1.980000,4393504.406980,4259886.704256,1795797.755172,-14.543344,-13.877813,129.061227,0.99632048,0.00234131,0.08567137,0.00065792,-0.00809898,-0.06570755,-0.00139742,11.9872,1215.0870,122.1984,0.03947164,-0.00032596,0.378654,0.02121395,0.02102408,-0.02117812,-0.02098825,0.02581790,0.02546135,-0.02576345,-0.02540690,895.9235,0.4311,-77.4092,16.45857623,44.11536158,1215.0870
1.990000,4393504.261123,4259886.565080,1795799.049393,-14.628229,-13.957435,129.782970,0.99634805,0.00230022,0.08535131,0.00065362,-0.00809572,-0.06263867,-0.00144304,11.9830,1215.2594,123.4892,0.03882583,-0.00030717,0.380801,0.02121395,0.02102408,-0.02117812,-0.02098825,0.02575017,0.02541888,-0.02569495,-0.02536366,895.5101,0.4118,-77.2026,16.45858790,44.11536160,1215.2594
2.000000,4393504.114412,4259886.425104,1795800.350858,-14.713949,-14.037908,130.510053,0.99637404,0.00225911,0.08504854,0.00064917,-0.00809597,-0.05876977,-0.00147518,11.9788,1215.4328,124.7873,0.03821305,-0.00028822,0.382933,0.02121395,0.02102408,-0.02117812,-0.02098825,0.02571969,0.02540069,-0.02566414,-0.02534515,895.1934,0.3883,-77.0390,16.45859963,44.11536161,1215.4328
2.010000,4393503.966845,4259886.284323,1795801.659567,-14.799637,-14.118414,131.232986,0.99639812,0.00221797,0.08476701,0.00064466,-0.00809857,-0.05411671,-0.00148539,11.9746,1215.6070,126.0926,0.03763737,-0.00026918,0.385081,0.02040893,0.02022269,-0.02036742,-0.02018118,0.02570778,0.02539376,-0.02565211,-0.02533809,894.6820,0.3622,-76.9323,16.45861142,44.11536163,1215.6070
2.020000,4393503.818415,4259886.142731,1795802.975544,-14.886468,-14.200088,131.962527,0.99642049,0.00217697,0.08450484,0.00064033,-0.00803615,-0.05100882,-0.00141566,11.9704,1215.7822,127.4052,0.03710881,-0.00025027,0.387217,0.02040893,0.02022269,-0.02036742,-0.02018118,0.02472233,0.02436204,-0.02467885,-0.02431856,904.1235,0.3218,-76.3455,16.45862329,44.11536164,1215.7822
2.030000,4393503.669116,4259886.000321,1795804.298790,-14.973356,-14.281901,132.686515,0.99644181,0.00213649,0.08425409,0.00063654,-0.00790911,-0.04953027,-0.00126489,11.9662,1215.9584,128.7251,0.03662316,-0.00023205,0.389373,0.02040893,0.02022269,-0.02036742,-0.02018118,0.02373426,0.02332624,-0.02370305,-0.02329503,903.6975,0.2815,-75.8166,16.45863521,44.11536166,1215.9584
2.040000,4393503.518944,4259885.857089,1795805.629301,-15.061051,-14.364543,133.415747,0.99646255,0.00209678,0.08400951,0.00063358,-0.00775329,-0.04853677,-0.00106284,11.9620,1216.1354,130.0524,0.03616742,-0.00021531,0.391513,0.02040893,0.02022269,-0.02036742,-0.02018118,0.02324897,0.02281740,-0.02322380,-0.02279223,903.3315,0.2496,-75.5954,16.45864721,44.11536168,1216.1354
2.050000,4393503.367894,4259885.713029,1795806.967104,-15.148988,-14.447465,134.144892,0.99648276,0.00205796,0.08377033,0.00063165,-0.00758936,-0.04735933,-0.00082865,11.9578,1216.3134,131.3869,0.03572601,-0.00020060,0.393668,0.01908428,0.01914385,-0.01907173,-0.01913130,0.02305201,0.02261085,-0.02302928,-0.02258813,902.7656,0.2246,-75.5525,16.45865927,44.11536169,1216.3134
2.060000,4393503.215962,4259885.568138,1795808.312198,-15.237321,-14.530782,134.873883,0.99650262,0.00201996,0.08353477,0.00063062,-0.00745570,-0.04708081,-0.00068121,11.9536,1216.4922,132.7288,0.03529772,-0.00018829,0.395823,0.01908428,0.01914385,-0.01907173,-0.01913130,0.02236549,0.02201201,-0.02233852,-0.02198505,902.3923,0.2309,-75.2660,16.45867139,44.11536171,1216.4922
2.070000,4393503.063146,4259885.422412,1795809.664581,-15.326033,-14.614470,135.602722,0.99652246,0.00198258,0.08329858,0.00063004,-0.00735533,-0.04761516,-0.00062743,11.9494,1216.6720,134.0780,0.03488037,-0.00017790,0.397979,0.01908428,0.01914385,-0.01907173,-0.01913130,0.02172291,0.02145992,-0.02169109,-0.02142810,901.9190,0.2413,-75.0084,16.45868358,44.11536172,1216.6720
2.080000,4393502.909438,4259885.275845,1795811.024279,-15.415497,-14.698890,136.336869,0.99654249,0.00194567,0.08305955,0.00062959,-0.00727353,-0.04821518,-0.00061373,11.9451,1216.8526,135.4345,0.03446515,-0.00016851,0.400134,0.01908428,0.01914385,-0.01907173,-0.01913130,0.02141107,0.02119273,-0.02137681,-0.02115847,901.5423,0.2401,-74.9320,16.45869584,44.11536174,1216.8526
2.090000,4393502.754837,4259885.128435,1795812.391291,-15.504698,-14.783093,137.065454,0.99656263,0.00190915,0.08281843,0.00062915,-0.00720146,-0.04844813,-0.00060843,11.9409,1217.0342,136.7984,0.03404518,-0.00015952,0.402304,0.01818893,0.01812221,-0.01817917,-0.01811244,0.02128512,0.02108494,-0.02124986,-0.02104968,900.9618,0.2317,-74.9545,16.45870817,44.11536176,1217.0342
2.100000,4393502.599343,4259884.980182,1795813.765588,-15.594203,-14.867617,137.793892,0.99658283,0.00187295,0.08257574,0.00062871,-0.00714728,-0.04884230,-0.00059934,11.9367,1217.2167,138.1697,0.03362418,-0.00015076,0.404459,0.01818893,0.01812221,-0.01817917,-0.01811244,0.02095247,0.02076032,-0.02091482,-0.02072267,900.4813,0.2205,-74.8279,16.45872056,44.11536177,1217.2167
2.110000,4393502.442950,4259884.831080,1795815.147196,-15.684620,-14.953040,138.528996,0.99660316,0.00183699,0.08233085,0.00062832,-0.00710928,-0.04932921,-0.00058130,11.9324,1217.4000,139.5482,0.03320266,-0.00014221,0.406613,0.01818893,0.01812221,-0.01817917,-0.01811244,0.02064846,0.02045998,-0.02060865,-0.02042017,900.0988,0.2080,-74.6999,16.45873301,44.11536179,1217.4000
2.120000,4393502.285652,4259884.681123,1795816.536140,-15.774810,-15.038284,139.258477,0.99662356,0.00180120,0.08208430,0.00062803,-0.00708033,-0.04950332,-0.00055189,11.9282,1217.5842,140.9342,0.03277772,-0.00013394,0.408788,0.01818893,0.01812221,-0.01817917,-0.01811244,0.02050157,0.02031453,-0.02046071,-0.02027367,909.3610,0.1952,-74.6518,16.45874554,44.11536181,1217.5842
2.130000,4393502.127450,4259884.530311,1795817.932392,-15.865603,-15.124132,139.991845,0.99664386,0.00176556,0.08183823,0.00062791,-0.00705637,-0.04913479,-0.00051049,11.9240,1217.7693,142.3275,0.03235290,-0.00012606,0.410945,0.01623730,0.01625634,-0.01620887,-0.01622790,0.02044235,0.02025583,-0.02040107,-0.02021456,899.1214,0.1825,-74.6354,16.45875813,44.11536183,1217.7693
2.140000,4393501.968338,4259884.378638,1795819.335976,-15.956796,-15.210364,140.725029,0.99666405,0.00173018,0.08159282,0.00062772,-0.00697104,-0.04923571,-0.00057114,11.9197,1217.9553,143.7282,0.03193003,-0.00011867,0.413115,0.01623730,0.01625634,-0.01620887,-0.01622790,0.01994974,0.01985076,-0.01991860,-0.01981962,898.5265,0.1975,-74.3730,16.45877079,44.11536184,1217.9553
2.150000,4393501.808315,4259884.226104,1795820.746865,-16.048027,-15.296641,141.453984,0.99668430,0.00169535,0.08134578,0.00062692,-0.00682439,-0.04978539,-0.00073449,11.9155,1218.1422,145.1363,0.03151182,-0.00011117,0.415284,0.01623730,0.01625634,-0.01620887,-0.01622790,0.01946872,0.01945764,-0.01944787,-0.01943680,898.1327,0.2124,-74.1091,16.45878351,44.11536186,1218.1422
2.160000,4393501.647374,4259884.072702,1795822.165082,-16.140072,-15.383716,142.188172,0.99670469,0.00166123,0.08109635,0.00062513,-0.00665099,-0.05019087,-0.00093940,11.9112,1218.3299,146.5517,0.03109455,-0.00010251,0.417441,0.01623730,0.01625634,-0.01620887,-0.01622790,0.01923352,0.01926563,-0.01921775,-0.01924985,907.3851,0.2107,-73.9652,16.45879630,44.11536188,1218.3299
2.170000,4393501.485515,4259883.918431,1795823.590600,-16.232030,-15.470751,142.918143,0.99672507,0.00162791,0.08084612,0.00062224,-0.00647079,-0.05010725,-0.00114835,11.9070,1218.5185,147.9746,0.03067387,-0.00009206,0.419614,0.01576348,0.01580398,-0.01573975,-0.01578024,0.01913824,0.01918787,-0.01912452,-0.01917415,897.1362,0.1970,-73.8843,16.45880916,44.11536190,1218.5185
2.180000,4393501.322730,4259883.763283,1795825.023472,-16.324997,-15.558814,143.654756,0.99674542,0.00159544,0.08059556,0.00061842,-0.00628587,-0.05031925,-0.00128185,11.9027,1218.7080,149.4047,0.03025467,-0.00007969,0.421774,0.01576348,0.01580398,-0.01573975,-0.01578024,0.01878477,0.01879602,-0.01877281,-0.01878406,916.2304,0.1610,-73.5996,16.45882208,44.11536191,1218.7080
2.190000,4393501.159014,4259883.607253,1795826.463695,-16.418224,-15.647203,144.389817,0.99676583,0.00156385,0.08034332,0.00061406,-0.00609949,-0.05078064,-0.00133098,11.8985,1218.8983,150.8423,0.02983668,-0.00006586,0.423954,0.01576348,0.01580398,-0.01573975,-0.01578024,0.01845243,0.01842083,-0.01844173,-0.01841013,905.9761,0.1199,-73.3189,16.45883507,44.11536193,1218.8983
2.200000,4393500.994364,4259883.450338,1795827.911268,-16.511781,-15.735975,145.124688,0.99678632,0.00153318,0.08008941,0.00060953,-0.00591621,-0.05098204,-0.00132429,11.8942,1219.0895,152.2873,0.02941889,-0.00005141,0.426130,0.01576348,0.01580398,-0.01573975,-0.01578024,0.01829101,0.01823801,-0.01828089,-0.01822789,905.4661,0.0841,-73.1395,16.45884813,44.11536195,1219.0895
2.210000,4393500.828777,4259883.292532,1795829.366188,-16.605766,-15.825218,145.860740,0.99680670,0.00150341,0.07983588,0.00060504,-0.00573830,-0.05063044,-0.00127952,11.8899,1219.2815,153.7398,0.02900047,-0.00003701,0.428306,0.01424882,0.01440838,-0.01422906,-0.01438862,0.01822580,0.01816405,-0.01821590,-0.01815416,904.9537,0.0520,-73.0101,16.45886125,44.11536197,1219.2815
2.220000,4393500.662246,4259883.133831,1795830.828482,-16.700449,-15.915179,146.597924,0.99682714,0.00147442,0.07958088,0.00060069,-0.00561213,-0.05156380,-0.00124873,11.8857,1219.4743,155.1996,0.02858489,-0.00002310,0.430486,0.01424882,0.01440838,-0.01422906,-0.01438862,0.01750814,0.01747361,-0.01749169,-0.01745717,914.2855,0.0326,-72.4377,16.45887445,44.11536199,1219.4743
2.230000,4393500.494766,4259882.974226,1795832.298146,-16.795593,-16.005633,147.333495,0.99684813,0.00144594,0.07931809,0.00059639,-0.00553725,-0.05375099,-0.00123632,11.8814,1219.6680,156.6669,0.02817093,-0.00000973,0.432669,0.01424882,0.01440838,-0.01422906,-0.01438862,0.01680228,0.01679725,-0.01677919,-0.01677417,913.7659,0.0146,-71.8587,16.45888771,44.11536200,1219.6680
2.240000,4393500.326333,4259882.813716,1795833.775151,-16.891229,-16.096610,148.068901,0.99686995,0.00141779,0.07904390,0.00059212,-0.00548891,-0.05613274,-0.00122151,11.8771,1219.8626,158.1416,0.02774652,0.00000327,0.434847,0.01424882,0.01440838,-0.01422906,-0.01438862,0.01645672,0.01646637,-0.01643037,-0.01644001,903.3983,-0.0081,-71.4815,16.45890103,44.11536202,1219.8626
2.250000,4393500.156940,4259882.652292,1795835.259523,-16.987306,-16.188065,148.804042,0.99689255,0.00138985,0.07875891,0.00058793,-0.00545277,-0.05807196,-0.00119213,11.8728,1220.0579,159.6237,0.02730310,0.00001592,0.437026,0.01373717,0.01393242,-0.01372275,-0.01391800,0.01631666,0.01633228,-0.01628898,-0.01630460,912.7213,-0.0336,-71.1854,16.45891442,44.11536204,1220.0579
2.260000,4393499.986582,4259882.489950,1795836.751258,-17.084428,-16.280570,149.544429,0.99691578,0.00136213,0.07846484,0.00058387,-0.00541056,-0.05976511,-0.00115473,11.8686,1220.2541,161.1132,0.02684152,0.00002815,0.439204,0.01373717,0.01393242,-0.01372275,-0.01391800,0.01609638,0.01612186,-0.01606988,-0.01609536,902.4573,-0.0573,-70.7749,16.45892788,44.11536206,1220.2541
2.270000,4393499.815252,4259882.326681,1795838.250383,-17.181715,-16.373289,150.280522,0.99693951,0.00133467,0.07816324,0.00058000,-0.00536002,-0.06108632,-0.00110818,11.8643,1220.4511,162.6102,0.02636491,0.00003984,0.441398,0.01373717,0.01393242,-0.01372275,-0.01391800,0.01590883,0.01594276,-0.01588383,-0.01591777,911.6632,-0.0807,-70.3385,16.45894141,44.11536208,1220.4511
2.280000,4393499.642943,4259882.162480,1795839.756895,-17.280068,-16.467078,151.021873,0.99696353,0.00130748,0.07785675,0.00057637,-0.00530672,-0.06172068,-0.00104690,11.8600,1220.6489,164.1147,0.02587824,0.00005092,0.443580,0.01373717,0.01393242,-0.01372275,-0.01391800,0.01581944,0.01585741,-0.01579521,-0.01583318,911.2400,-0.1048,-69.9225,16.45895501,44.11536210,1220.6489
2.290000,4393499.469648,4259881.997338,1795841.270820,-17.378957,-16.561433,151.762965,0.99698754,0.00128059,0.07754924,0.00057307,-0.00525404,-0.06149392,-0.00096853,11.8557,1220.8474,165.6266,0.02538499,0.00006128,0.445778,0.01263499,0.01279508,-0.01262138,-0.01278147,0.01578361,0.01582320,-0.01575970,-0.01579929,910.7023,-0.1286,-69.5128,16.45896867,44.11536212,1220.8474
2.300000,4393499.295364,4259881.831251,1795842.792126,-17.477960,-16.655936,152.496908,0.99701149,0.00125400,0.07724111,0.00057001,-0.00519284,-0.06196255,-0.00093894,11.8514,1221.0468,167.1460,0.02489378,0.00007077,0.447975,0.01263499,0.01279508,-0.01262138,-0.01278147,0.01523217,0.01531466,-0.01520978,-0.01529228,910.0529,-0.1356,-68.7185,16.45898240,44.11536214,1221.0468
2.310000,4393499.120084,4259881.664214,1795844.320784,-17.578279,-16.751730,153.236001,0.99703566,0.00122774,0.07692892,0.00056695,-0.00512381,-0.06311979,-0.00095915,11.8471,1221.2470,168.6729,0.02440856,0.00007964,0.450152,0.01263499,0.01279508,-0.01262138,-0.01278147,0.01468631,0.01481155,-0.01466538,-0.01479063,899.7816,-0.1414,-67.9105,16.45899620,44.11536216,1221.2470
2.320000,4393498.943796,4259881.496214,1795845.856846,-17.679423,-16.848357,153.976231,0.99706015,0.00120183,0.07661137,0.00056371,-0.00505281,-0.06410328,-0.00099481,11.8428,1221.4479,170.2072,0.02392046,0.00008839,0.452344,0.01189240,0.01212050,-0.01187967,-0.01210778,0.01441879,0.01456501,-0.01439858,-0.01454480,909.0810,-0.1554,-67.2781,16.45901006,44.11536218,1221.4479
2.330000,4393498.766493,4259881.327244,1795847.400308,-17.781210,-16.945648,154.716188,0.99708477,0.00117625,0.07629060,0.00056028,-0.00498316,-0.06440714,-0.00102555,11.8385,1221.6496,171.7490,0.02342659,0.00009730,0.454541,0.01060587,0.01104383,-0.01059493,-0.01103289,0.01431030,0.01446504,-0.01429038,-0.01444511,908.4228,-0.1750,-66.7259,16.45902399,44.11536220,1221.6496
2.340000,4393498.588169,4259881.157298,1795848.951168,-17.883705,-17.043664,155.455871,0.99710935,0.00115104,0.07596912,0.00055665,-0.00490137,-0.06438539,-0.00106285,11.8342,1221.8520,173.2984,0.02293098,0.00010641,0.456736,0.01060587,0.01104383,-0.01059493,-0.01103289,0.01408828,0.01425885,-0.01407036,-0.01424093,907.9839,-0.1925,-66.0609,16.45903799,44.11536222,1221.8520
2.350000,4393498.408816,4259880.986369,1795850.509424,-17.986901,-17.142403,156.195263,0.99713374,0.00112625,0.07564874,0.00055279,-0.00480818,-0.06396669,-0.00110299,11.8299,1222.0552,174.8552,0.02243919,0.00011572,0.458932,0.01060587,0.01104383,-0.01059493,-0.01103289,0.01389131,0.01407574,-0.01387534,-0.01405977,907.4318,-0.2116,-65.3989,16.45905206,44.11536224,1222.0552
2.360000,4393498.228429,4259880.814448,1795852.075073,-18.090749,-17.241818,156.934369,0.99715773,0.00110191,0.07533221,0.00054873,-0.00471175,-0.06283832,-0.00113346,11.8256,1222.2591,176.4195,0.02195472,0.00012528,0.461127,0.01060587,0.01104383,-0.01059493,-0.01103289,0.01379667,0.01398775,-0.01378165,-0.01397273,906.8772,-0.2346,-64.8074,16.45906620,44.11536226,1222.2591
2.370000,4393498.046999,4259880.641530,1795853.648111,-18.195204,-17.341872,157.673194,0.99718104,0.00107804,0.07502347,0.00054453,-0.00461668,-0.06084410,-0.00114718,11.8213,1222.4637,177.9912,0.02148262,0.00013505,0.463322,0.01003307,0.01006941,-0.01002338,-0.01005973,0.01375861,0.01395236,-0.01374397,-0.01393772,906.3202,-0.2600,-64.2654,16.45908040,44.11536228,1222.4637
2.380000,4393497.864527,4259880.467613,1795855.228480,-18.299044,-17.441409,158.398011,0.99720358,0.00105464,0.07472353,0.00054033,-0.00452253,-0.05931005,-0.00112009,11.8169,1222.6690,179.5705,0.02103035,0.00014486,0.465517,0.01003307,0.01006941,-0.01002338,-0.01005973,0.01335290,0.01353513,-0.01333869,-0.01352092,905.7608,-0.2917,-63.4468,16.45909467,44.11536230,1222.6690
2.390000,4393497.681010,4259880.292694,1795856.816125,-18.405006,-17.543035,159.136396,0.99722556,0.00103172,0.07443004,0.00053635,-0.00443000,-0.05826438,-0.00105167,11.8126,1222.8751,181.1573,0.02060302,0.00015442,0.467671,0.01003307,0.01006941,-0.01002338,-0.01005973,0.01295413,0.01312414,-0.01294026,-0.01311027,885.8718,-0.3235,-62.6607,16.45910901,44.11536232,1222.8751
2.400000,4393497.496422,4259880.116747,1795858.411234,-18.512391,-17.646074,159.882575,0.99724702,0.00100928,0.07414225,0.00053275,-0.00434050,-0.05701970,-0.00095417,11.8083,1223.0818,182.7514,0.02019198,0.00016330,0.469865,0.00996890,0.01011540,-0.00995799,-0.01010449,0.01275893,0.01292289,-0.01274522,-0.01290918,924.3230,-0.3514,-62.0747,16.45912342,44.11536234,1223.0818
2.410000,4393497.310760,4259879.939770,1795860.013776,-18.620313,-17.749670,160.627154,0.99726800,0.00098732,0.07385991,0.00052956,-0.00425205,-0.05608320,-0.00087827,11.8039,1223.2892,184.3531,0.01979538,0.00017116,0.472083,0.00996890,0.01011540,-0.00995799,-0.01010449,0.01241592,0.01260159,-0.01240259,-0.01258825,904.1870,-0.3656,-61.3997,16.45913789,44.11536236,1223.2892
2.420000,4393497.124012,4259879.761751,1795861.623776,-18.729239,-17.854228,161.372764,0.99728885,0.00096580,0.07357809,0.00052632,-0.00415954,-0.05680642,-0.00096038,11.7996,1223.4972,185.9623,0.01941427,0.00017808,0.474296,0.00996890,0.01011540,-0.00995799,-0.01010449,0.01166407,0.01194769,-0.01165171,-0.01193533,913.4511,-0.3456,-60.4310,16.45915243,44.11536238,1223.4972
2.430000,4393496.936172,4259879.582682,1795863.241230,-18.838961,-17.959560,162.117974,0.99731010,0.00094470,0.07328980,0.00052229,-0.00406452,-0.05867607,-0.00117959,11.7952,1223.7060,187.5791,0.01903992,0.00018511,0.476513,0.00996890,0.01011540,-0.00995799,-0.01010449,0.01106365,0.01143388,-0.01105209,-0.01142233,912.8733,-0.3309,-59.5828,16.45916704,44.11536240,1223.7060
2.440000,4393496.747231,4259879.402557,1795864.866135,-18.949366,-18.065587,162.862931,0.99733196,0.00092398,0.07299202,0.00051699,-0.00397066,-0.06059733,-0.00145098,11.7909,1223.9154,189.2035,0.01865787,0.00019369,0.478730,0.00996890,0.01011540,-0.00995799,-0.01010449,0.01078132,0.01119314,-0.01077014,-0.01118196,912.2932,-0.3398,-58.9462,16.45918172,44.11536242,1223.9154
2.450000,4393496.557182,4259879.221368,1795866.498487,-19.060398,-18.172278,163.607559,0.99735433,0.00090363,0.07268605,0.00051028,-0.00387991,-0.06195855,-0.00172373,11.7865,1224.1254,190.8355,0.01826110,0.00020463,0.480946,0.00819523,0.00862923,-0.00818453,-0.00861853,0.01066883,0.01109737,-0.01065780,-0.01108634,911.7105,-0.3661,-58.3856,16.45919647,44.11536244,1224.1254
2.460000,4393496.366023,4259879.039111,1795868.138257,-19.171594,-18.279281,164.346337,0.99737713,0.00088369,0.07237280,0.00050289,-0.00378904,-0.06350779,-0.00171081,11.7822,1224.3361,192.4750,0.01785180,0.00021811,0.483162,0.00819523,0.00862923,-0.00818453,-0.00861853,0.01042399,0.01071598,-0.01041346,-0.01070545,911.0085,-0.4667,-57.5870,16.45921128,44.11536246,1224.3361
2.470000,4393496.173745,4259878.855776,1795869.785441,-19.283978,-18.387575,165.088912,0.99740041,0.00086427,0.07205160,0.00049627,-0.00369833,-0.06513463,-0.00140286,11.7779,1224.5474,194.1221,0.01743364,0.00023233,0.485361,0.00819523,0.00862923,-0.00818453,-0.00861853,0.01020488,0.01035552,-0.01019482,-0.01034546,910.5424,-0.5722,-56.7576,16.45922617,44.11536248,1224.5474
2.480000,4393495.980341,4259878.671356,1795871.440034,-19.397107,-18.496687,165.831142,0.99742407,0.00084543,0.07172355,0.00049153,-0.00360991,-0.06624837,-0.00094030,11.7735,1224.7593,195.7767,0.01700439,0.00024436,0.487572,0.00819523,0.00862923,-0.00818453,-0.00861853,0.01009943,0.01018028,-0.01008960,-0.01017045,900.1185,-0.6407,-56.0104,16.45924112,44.11536250,1224.7593
2.490000,4393495.785800,4259878.485840,1795873.102062,-19.511143,-18.606707,166.574403,0.99744787,0.00082718,0.07139202,0.00048904,-0.00352887,-0.06652300,-0.00048617,11.7692,1224.9719,197.4389,0.01656630,0.00025218,0.489783,0.00813702,0.00816751,-0.00812458,-0.00815507,0.01003419,0.01012580,-0.01002401,-0.01011563,909.3625,-0.6617,-55.2868,16.45925614,44.11536252,1224.9719
2.500000,4393495.590115,4259878.299220,1795874.771521,-19.625795,-18.717332,167.315870,0.99747148,0.00080947,0.07106155,0.00048867,-0.00345553,-0.06581961,-0.00008622,11.7648,1225.1850,199.1087,0.01612581,0.00025534,0.491997,0.00813702,0.00816751,-0.00812458,-0.00815507,0.00999560,0.01011604,-0.00998502,-0.01010546,908.7678,-0.6619,-54.5649,16.45927123,44.11536254,1225.1850
2.510000,4393495.393284,4259878.111494,1795876.448351,-19.740629,-18.828133,168.051526,0.99749456,0.00079224,0.07073713,0.00049018,-0.00338776,-0.06410143,0.00027492,11.7605,1225.3987,200.7860,0.01569219,0.00025427,0.494206,0.00813702,0.00816751,-0.00812458,-0.00815507,0.00997884,0.01011491,-0.00996806,-0.01010413,898.3383,-0.6563,-53.8504,16.45928638,44.11536256,1225.3987
2.520000,4393495.195297,4259877.922652,1795878.132578,-19.856920,-18.940318,168.793713,0.99751674,0.00077546,0.07042377,0.00049340,-0.00332423,-0.06139139,0.00060587,11.7562,1225.6129,202.4709,0.01527560,0.00024948,0.496399,0.00813702,0.00816751,-0.00812458,-0.00815507,0.00997241,0.01011507,-0.00996154,-0.01010420,907.4581,-0.6442,-53.1613,16.45930161,44.11536259,1225.6129
2.530000,4393494.996147,4259877.732688,1795879.824197,-19.973300,-19.052567,169.530046,0.99753771,0.00075909,0.07012627,0.00049819,-0.00326430,-0.05775236,0.00090657,11.7518,1225.8278,204.1633,0.01488461,0.00024134,0.498611,0.00639257,0.00692477,-0.00638416,-0.00691636,0.00997010,0.01011525,-0.00995920,-0.01010435,906.8559,-0.6243,-52.5285,16.45931690,44.11536261,1225.8278
2.540000,4393494.795827,4259877.541597,1795881.523177,-20.090490,-19.165505,170.264535,0.99755758,0.00074307,0.06984323,0.00050388,-0.00320691,-0.05560074,0.00097004,11.7475,1226.0431,205.8632,0.01452944,0.00023023,0.500807,0.00639257,0.00692477,-0.00638416,-0.00691636,0.00933900,0.00958721,-0.00932816,-0.00957638,906.2558,-0.5478,-51.4299,16.45933226,44.11536263,1226.0431
2.550000,4393494.594333,4259877.349375,1795883.229486,-20.208459,-19.279100,170.997324,0.99757689,0.00072730,0.06956700,0.00050927,-0.00315189,-0.05502823,0.00079421,11.7432,1226.2590,207.5707,0.01420898,0.00021776,0.502998,0.00639257,0.00692477,-0.00638416,-0.00691636,0.00870493,0.00905619,-0.00869417,-0.00904542,895.8228,-0.4668,-50.4150,16.45934769,44.11536265,1226.2590
2.560000,4393494.391656,4259877.156013,1795884.943122,-20.327135,-19.393317,171.729690,0.99759599,0.00071172,0.06929261,0.00051345,-0.00309949,-0.05485925,0.00048940,11.7389,1226.4754,209.2856,0.01390739,0.00020631,0.505185,0.00632399,0.00675785,-0.00631324,-0.00674709,0.00839341,0.00879525,-0.00838268,-0.00878452,895.2209,-0.4135,-49.7217,16.45936319,44.11536267,1226.4754
2.570000,4393494.187788,4259876.961507,1795886.664079,-20.446407,-19.508080,172.461720,0.99761492,0.00069628,0.06901978,0.00051594,-0.00304980,-0.05440637,0.00012498,11.7346,1226.6923,211.0081,0.01361306,0.00019757,0.507371,0.00618696,0.00663798,-0.00617721,-0.00662822,0.00826695,0.00868931,-0.00825624,-0.00867860,894.6167,-0.3825,-49.1980,16.45937875,44.11536269,1226.6923
2.580000,4393493.982726,4259876.765849,1795888.392355,-20.566229,-19.623449,173.193408,0.99763358,0.00068098,0.06874966,0.00051727,-0.00300898,-0.05376873,0.00003353,11.7303,1226.9097,212.7380,0.01332454,0.00019235,0.509556,0.00618696,0.00663798,-0.00617721,-0.00662822,0.00819937,0.00848595,-0.00818805,-0.00847463,894.0102,-0.4387,-48.6550,16.45939439,44.11536271,1226.9097
2.590000,4393493.776462,4259876.569035,1795890.127946,-20.686565,-19.739394,173.924688,0.99765190,0.00066588,0.06848343,0.00051886,-0.00297679,-0.05285368,0.00023043,11.7260,1227.1276,214.4754,0.01304418,0.00018914,0.511741,0.00618696,0.00663798,-0.00617721,-0.00662822,0.00816208,0.00830715,-0.00815014,-0.00829521,893.4014,-0.5037,-48.1469,16.45941009,44.11536273,1227.1276
2.600000,4393493.568996,4259876.371063,1795891.870820,-20.806637,-19.855121,174.648713,0.99766975,0.00065101,0.06822299,0.00052176,-0.00294975,-0.05144655,0.00056054,11.7217,1227.3459,216.2203,0.01277407,0.00018510,0.513925,0.00618696,0.00663798,-0.00617721,-0.00662822,0.00814626,0.00822139,-0.00813401,-0.00820914,892.7904,-0.5303,-47.7111,16.45942585,44.11536275,1227.3459
2.610000,4393493.360325,4259876.171929,1795893.620947,-20.927788,-19.971873,175.377993,0.99768695,0.00063639,0.06797104,0.00052640,-0.00292581,-0.04945677,0.00092724,11.7175,1227.5647,217.9727,0.01251813,0.00017836,0.516088,0.00584069,0.00630337,-0.00583412,-0.00629681,0.00814026,0.00818692,-0.00812789,-0.00817455,882.2298,-0.5272,-47.3300,16.45944169,44.11536278,1227.5647
2.620000,4393493.150440,4259875.971625,1795895.378350,-21.049137,-20.088681,176.101285,0.99770371,0.00062197,0.06772473,0.00053188,-0.00288924,-0.04918838,0.00089948,11.7132,1227.7840,219.7325,0.01228044,0.00016819,0.518267,0.00584069,0.00630337,-0.00583412,-0.00629681,0.00751820,0.00773258,-0.00750722,-0.00772160,891.4438,-0.4127,-46.4642,16.45945759,44.11536280,1227.7840
2.630000,4393492.939339,4259875.770152,1795897.142971,-21.171143,-20.205982,176.822807,0.99772061,0.00060769,0.06747540,0.00053618,-0.00284002,-0.05066170,0.00046054,11.7089,1228.0037,221.4997,0.01205829,0.00015695,0.520429,0.00584069,0.00630337,-0.00583412,-0.00629681,0.00689411,0.00728405,-0.00688455,-0.00727449,881.0035,-0.2903,-45.6318,16.45947356,44.11536282,1228.0037
2.640000,4393492.727014,4259875.567504,1795898.914805,-21.293782,-20.323826,177.543967,0.99773803,0.00059349,0.06721743,0.00053774,-0.00278616,-0.05264610,-0.00018352,11.7047,1228.2239,223.2744,0.01183395,0.00014866,0.522586,0.00584069,0.00630337,-0.00583412,-0.00629681,0.00658756,0.00706433,-0.00657870,-0.00705548,880.3905,-0.2230,-45.0628,16.45948960,44.11536284,1228.2239
2.650000,4393492.513461,4259875.363674,1795900.693849,-21.416829,-20.442079,178.263312,0.99775604,0.00057932,0.06694964,0.00053607,-0.00274112,-0.05458608,-0.00082369,11.7004,1228.4444,225.0564,0.01159492,0.00014611,0.524742,0.00493760,0.00505922,-0.00493254,-0.00505416,0.00643876,0.00691593,-0.00642936,-0.00690653,879.7753,-0.2193,-44.5530,16.45950570,44.11536286,1228.4444
2.660000,4393492.298676,4259875.158660,1795902.480071,-21.540470,-20.560963,178.982343,0.99777460,0.00056516,0.06667261,0.00053133,-0.00270272,-0.05633713,-0.00140542,11.6962,1228.6654,226.8459,0.01133873,0.00014996,0.526894,0.00493760,0.00505922,-0.00493254,-0.00505416,0.00631943,0.00678067,-0.00630965,-0.00677089,869.3327,-0.2449,-43.9946,16.45952187,44.11536288,1228.6654
2.670000,4393492.082653,4259874.952455,1795904.273467,-21.664238,-20.680053,179.696847,0.99779360,0.00055101,0.06638795,0.00052379,-0.00266682,-0.05764173,-0.00193349,11.6920,1228.8867,228.6427,0.01106676,0.00015973,0.529045,0.00493760,0.00505922,-0.00493254,-0.00505416,0.00624220,0.00669693,-0.00623240,-0.00668713,878.4138,-0.2851,-43.4189,16.45953811,44.11536291,1228.8867
2.680000,4393491.865386,4259874.745054,1795906.074034,-21.789213,-20.800403,180.416454,0.99781283,0.00053686,0.06609847,0.00051375,-0.00263290,-0.05826192,-0.00240247,11.6877,1229.1085,230.4468,0.01078254,0.00017479,0.531184,0.00454876,0.00495511,-0.00453807,-0.00494443,0.00620774,0.00666004,-0.00619796,-0.00665026,877.9239,-0.3409,-42.8318,16.45955441,44.11536293,1229.1085
2.690000,4393491.646869,4259874.536448,1795907.881767,-21.913999,-20.920701,181.128828,0.99783205,0.00052274,0.06580788,0.00050153,-0.00260095,-0.05808351,-0.00280306,11.6835,1229.3306,232.2584,0.01049119,0.00019448,0.533338,0.00406632,0.00460451,-0.00405667,-0.00459486,0.00619434,0.00664578,-0.00618457,-0.00663602,877.3001,-0.4119,-42.2293,16.45957078,44.11536295,1229.3306
2.700000,4393491.427100,4259874.326634,1795909.696637,-22.040065,-21.042370,181.846321,0.99785108,0.00050868,0.06551885,0.00048746,-0.00255833,-0.05764077,-0.00313538,11.6792,1229.5531,234.0773,0.01020088,0.00021808,0.535471,0.00406632,0.00460451,-0.00405667,-0.00459486,0.00606643,0.00652173,-0.00605780,-0.00651311,866.8554,-0.4943,-41.4847,16.45958722,44.11536297,1229.5531
2.710000,4393491.206066,4259874.115598,1795911.518692,-22.166767,-21.164809,182.563409,0.99786985,0.00049476,0.06523266,0.00047190,-0.00250535,-0.05694290,-0.00339130,11.6750,1229.7759,235.9035,0.00991680,0.00024483,0.537620,0.00406632,0.00460451,-0.00405667,-0.00459486,0.00594101,0.00640039,-0.00593353,-0.00639291,875.9239,-0.5884,-40.7478,16.45960372,44.11536299,1229.7759
2.720000,4393490.983763,4259873.903335,1795913.347903,-22.293884,-21.287819,183.278716,0.99788822,0.00048105,0.06495127,0.00045527,-0.00244898,-0.05572055,-0.00355966,11.6707,1229.9991,237.7371,0.00964174,0.00027397,0.539768,0.00411465,0.00451322,-0.00410261,-0.00450118,0.00587964,0.00634104,-0.00587272,-0.00633412,865.6001,-0.6931,-40.0936,16.45962029,44.11536302,1229.9991
2.730000,4393490.760190,4259873.689842,1795915.184238,-22.421039,-21.411046,183.989464,0.99790600,0.00046757,0.06467763,0.00043802,-0.00239314,-0.05384563,-0.00363397,11.6665,1230.2226,239.5781,0.00937923,0.00030463,0.541911,0.00345503,0.00396679,-0.00345067,-0.00396243,0.00585477,0.00631699,-0.00584808,-0.00631030,864.8406,-0.8049,-39.5043,16.45963692,44.11536304,1230.2226
2.740000,4393490.535340,4259873.475111,1795917.027691,-22.548873,-21.535190,184.699700,0.99792330,0.00045441,0.06441038,0.00042135,-0.00233331,-0.05316176,-0.00332113,11.6623,1230.4465,241.4264,0.00913488,0.00033588,0.544042,0.00345503,0.00396679,-0.00345067,-0.00396243,0.00552464,0.00586596,-0.00551856,-0.00585988,874.0346,-0.9899,-38.5398,16.45965363,44.11536306,1230.4465
2.750000,4393490.309209,4259873.259135,1795918.878230,-22.677225,-21.660078,185.408114,0.99794050,0.00044173,0.06414351,0.00040717,-0.00227020,-0.05368869,-0.00263027,11.6580,1230.6706,243.2820,0.00890736,0.00036498,0.546171,0.00345503,0.00396679,-0.00345067,-0.00396243,0.00519869,0.00541825,-0.00519318,-0.00541274,863.5813,-1.1692,-37.6232,16.45967039,44.11536308,1230.6706
2.760000,4393490.081790,4259873.041903,1795920.735879,-22.806808,-21.786313,186.121663,0.99795784,0.00042961,0.06387342,0.00039694,-0.00220735,-0.05444877,-0.00173587,11.6538,1230.8951,245.1450,0.00868452,0.00038819,0.548296,0.00352273,0.00399543,-0.00351676,-0.00398946,0.00503902,0.00519873,-0.00503379,-0.00519349,862.9498,-1.2927,-36.9376,16.45968723,44.11536310,1230.8951
2.770000,4393489.853074,4259872.823409,1795922.600634,-22.936414,-21.912598,186.829269,0.99797535,0.00041800,0.06359928,0.00039076,-0.00217034,-0.05530758,-0.00100471,11.6496,1231.1199,247.0152,0.00845779,0.00040288,0.550437,0.00296244,0.00332690,-0.00295149,-0.00331595,0.00483610,0.00507269,-0.00482898,-0.00506557,862.3113,-1.3068,-36.2541,16.45970413,44.11536313,1231.1199
2.780000,4393489.623058,4259872.603649,1795924.472463,-23.066826,-22.039602,187.536437,0.99799316,0.00040671,0.06331937,0.00038737,-0.00215472,-0.05675216,-0.00061669,11.6454,1231.3449,248.8928,0.00822603,0.00040943,0.552560,0.00296244,0.00332690,-0.00295149,-0.00331595,0.00450172,0.00487790,-0.00449300,-0.00486917,861.8080,-1.2550,-35.4163,16.45972110,44.11536315,1231.3449
2.790000,4393489.391735,4259872.382615,1795926.351361,-23.198027,-22.167325,188.243145,0.99801138,0.00039556,0.06303165,0.00038530,-0.00214764,-0.05842889,-0.00046957,11.6411,1231.5702,250.7777,0.00798627,0.00041065,0.554683,0.00296244,0.00332690,-0.00295149,-0.00331595,0.00425262,0.00472273,-0.00424329,-0.00471341,861.0379,-1.2119,-34.6095,16.45973813,44.11536317,1231.5702
2.800000,4393489.159095,4259872.160300,1795928.237325,-23.329975,-22.295752,188.949417,0.99802998,0.00038447,0.06273644,0.00038368,-0.00214402,-0.05973962,-0.00043722,11.6369,1231.7957,252.6699,0.00773433,0.00040943,0.556806,0.00287513,0.00335357,-0.00286460,-0.00334303,0.00413733,0.00464981,-0.00412779,-0.00464027,860.3981,-1.1911,-33.8723,16.45975523,44.11536319,1231.7957
2.810000,4393488.925136,4259871.936700,1795930.130320,-23.461827,-22.424126,189.648311,0.99804881,0.00037339,0.06243631,0.00038242,-0.00215245,-0.06039873,-0.00032764,11.6327,1232.0215,254.5694,0.00747060,0.00040743,0.558927,0.00264274,0.00280948,-0.00264098,-0.00280773,0.00410889,0.00458832,-0.00409843,-0.00457786,859.7562,-1.2135,-33.1335,16.45977239,44.11536321,1232.0215
2.820000,4393488.689852,4259871.711811,1795932.030316,-23.595229,-22.554001,190.352204,0.99806780,0.00036236,0.06213206,0.00038169,-0.00213804,-0.06138383,-0.00022030,11.6285,1232.2475,256.4761,0.00720046,0.00040467,0.561028,0.00264274,0.00280948,-0.00264098,-0.00280773,0.00387508,0.00435086,-0.00386647,-0.00434225,849.2997,-1.2148,-32.1168,16.45978962,44.11536324,1232.2475
2.830000,4393488.453231,4259871.485620,1795933.937335,-23.729078,-22.684297,191.051521,0.99808704,0.00035150,0.06182226,0.00038134,-0.00209583,-0.06261480,-0.00017504,11.6243,1232.4737,258.3901,0.00692624,0.00040084,0.563143,0.00264274,0.00280948,-0.00264098,-0.00280773,0.00364205,0.00413584,-0.00363576,-0.00412955,858.4739,-1.1986,-31.0829,16.45980692,44.11536326,1232.4737
2.840000,4393488.215264,4259871.258119,1795935.851373,-23.864291,-22.815899,191.754449,0.99810650,0.00034089,0.06150727,0.00038109,-0.00204133,-0.06345721,-0.00017371,11.6201,1232.7001,260.3114,0.00664553,0.00039637,0.565246,0.00264274,0.00280948,-0.00264098,-0.00280773,0.00352772,0.00403213,-0.00352260,-0.00402701,857.8309,-1.1845,-30.1467,16.45982428,44.11536328,1232.7001
2.850000,4393487.975943,4259871.029299,1795937.772423,-24.000174,-22.948153,192.455515,0.99812600,0.00033054,0.06119016,0.00038085,-0.00199111,-0.06345864,-0.00016337,11.6159,1232.9268,262.2399,0.00635832,0.00039176,0.567361,0.00234840,0.00241301,-0.00234335,-0.00240796,0.00350539,0.00400053,-0.00350018,-0.00399532,847.3648,-1.1823,-29.2694,16.45984170,44.11536330,1232.9268
2.860000,4393487.735257,4259870.799152,1795939.700482,-24.137207,-23.081551,193.157536,0.99814542,0.00032039,0.06087253,0.00038094,-0.00197159,-0.06366743,-0.00003367,11.6117,1233.1535,264.1756,0.00607066,0.00038715,0.569471,0.00234840,0.00241301,-0.00234335,-0.00240796,0.00331328,0.00375777,-0.00330590,-0.00375040,846.7158,-1.2062,-28.1253,16.45985920,44.11536332,1233.1535
2.870000,4393487.493195,4259870.567665,1795941.635571,-24.275216,-23.215914,193.858942,0.99816484,0.00031032,0.06055331,0.00038194,-0.00197937,-0.06408930,0.00019541,11.6075,1233.3805,266.1186,0.00578673,0.00038176,0.571584,0.00234840,0.00241301,-0.00234335,-0.00240796,0.00311891,0.00351850,-0.00310953,-0.00350913,855.8799,-1.2232,-26.9762,16.45987676,44.11536334,1233.3805
2.880000,4393487.249750,4259870.334831,1795943.577659,-24.414160,-23.351171,194.559904,0.99818423,0.00030026,0.06023297,0.00038416,-0.00199985,-0.06411581,0.00045263,11.6033,1233.6076,268.0690,0.00550444,0.00037456,0.573696,0.00234840,0.00241301,-0.00234335,-0.00240796,0.00302330,0.00340132,-0.00301296,-0.00339098,845.2721,-1.2176,-25.9565,16.45989438,44.11536337,1233.6076
2.890000,4393487.004909,4259870.100639,1795945.526768,-24.554190,-23.487412,195.261777,0.99820341,0.00029014,0.05991419,0.00038735,-0.00202299,-0.06346666,0.00058300,11.5991,1233.8348,270.0265,0.00522413,0.00036501,0.575808,0.00175570,0.00223917,-0.00175574,-0.00223920,0.00295344,0.00336329,-0.00294286,-0.00335271,854.4308,-1.1678,-24.9924,16.45991207,44.11536339,1233.8348
2.900000,4393486.758662,4259869.865079,1795947.482893,-24.695172,-23.624582,195.963131,0.99822230,0.00028008,0.05959872,0.00039160,-0.00200403,-0.06278964,0.00087328,11.5949,1234.0622,271.9914,0.00495081,0.00035381,0.577923,0.00175570,0.00223917,-0.00175574,-0.00223920,0.00282526,0.00316187,-0.00281780,-0.00315441,853.9082,-1.1801,-23.8915,16.45992982,44.11536341,1234.0622
2.910000,4393486.511005,4259869.628147,1795949.446001,-24.836396,-23.761996,196.658409,0.99824087,0.00027033,0.05928682,0.00039780,-0.00194427,-0.06203907,0.00136713,11.5906,1234.2896,273.9635,0.00468851,0.00034052,0.580037,0.00175570,0.00223917,-0.00175574,-0.00223920,0.00272182,0.00296595,-0.00271752,-0.00296165,853.1075,-1.1961,-22.8345,16.45994764,44.11536343,1234.2896
2.920000,4393486.261932,4259869.389837,1795951.416059,-24.978308,-23.900016,197.351721,0.99825906,0.00026108,0.05897985,0.00040660,-0.00186705,-0.06081996,0.00191932,11.5865,1234.5172,275.9429,0.00443763,0.00032334,0.582135,0.00175570,0.00223917,-0.00175574,-0.00223920,0.00267307,0.00287021,-0.00267032,-0.00286747,852.5871,-1.1652,-21.9049,16.45996553,44.11536345,1234.5172
2.930000,4393486.011436,4259869.150144,1795953.393034,-25.120873,-24.038554,198.043139,0.99827669,0.00025238,0.05868062,0.00041805,-0.00178565,-0.05894360,0.00243255,11.5823,1234.7448,277.9295,0.00420015,0.00030119,0.584227,0.00117892,0.00161067,-0.00117780,-0.00160955,0.00265362,0.00283144,-0.00265151,-0.00282932,841.9745,-1.0946,-21.0679,16.45998348,44.11536347,1234.7448
2.940000,4393485.759511,4259868.909063,1795955.376920,-25.264306,-24.177809,198.734082,0.99829368,0.00024419,0.05839071,0.00043208,-0.00172168,-0.05709853,0.00295895,11.5781,1234.9725,279.9233,0.00398120,0.00027415,0.586314,0.00117892,0.00161067,-0.00117780,-0.00160955,0.00254189,0.00267618,-0.00253884,-0.00267314,841.3143,-1.0194,-20.1451,16.46000150,44.11536349,1234.9725
2.950000,4393485.506144,4259868.666583,1795957.367741,-25.409429,-24.318533,199.431501,0.99831007,0.00023641,0.05810985,0.00044869,-0.00167652,-0.05532756,0.00346812,11.5739,1235.2002,281.9243,0.00378410,0.00024239,0.588401,0.00117892,0.00161067,-0.00117780,-0.00160955,0.00243422,0.00252946,-0.00243007,-0.00252532,840.7927,-0.9204,-19.3048,16.46001958,44.11536352,1235.2002
2.960000,4393485.251323,4259868.422694,1795959.365521,-25.554778,-24.459275,200.124340,0.99832582,0.00022897,0.05783845,0.00046760,-0.00164178,-0.05331975,0.00388464,11.5697,1235.4280,283.9325,0.00360775,0.00020603,0.590507,0.00117892,0.00161067,-0.00117780,-0.00160955,0.00238169,0.00245813,-0.00237700,-0.00245344,849.7937,-0.7868,-18.6282,16.46003773,44.11536354,1235.4280
2.970000,4393484.995046,4259868.177396,1795961.370226,-25.700608,-24.600247,200.815283,0.99834087,0.00022178,0.05757803,0.00048825,-0.00161240,-0.05093727,0.00416286,11.5655,1235.6558,285.9479,0.00345238,0.00016579,0.592600,0.00102761,0.00130104,-0.00102368,-0.00129710,0.00236043,0.00242930,-0.00235551,-0.00242439,849.1245,-0.6274,-18.0769,16.46005594,44.11536356,1235.6558
2.980000,4393484.737305,4259867.930684,1795963.381853,-25.847733,-24.742092,201.509971,0.99835522,0.00021479,0.05732845,0.00050878,-0.00156056,-0.04899057,0.00384160,11.5613,1235.8836,287.9706,0.00332037,0.00012293,0.594689,0.00102761,0.00130104,-0.00102368,-0.00129710,0.00214194,0.00235687,-0.00213874,-0.00235367,838.7855,-0.3472,-17.4441,16.46007422,44.11536358,1235.8836
2.990000,4393484.478089,4259867.682553,1795965.400425,-25.995738,-24.884433,202.205691,0.99836902,0.00020793,0.05708740,0.00052620,-0.00148632,-0.04752695,0.00293029,11.5571,1236.1114,290.0005,0.00321153,0.00008163,0.596788,0.00102761,0.00130104,-0.00102368,-0.00129710,0.00192738,0.00229101,-0.00192597,-0.00228959,838.1107,-0.0705,-16.9092,16.46009256,44.11536360,1236.1114
3.000000,4393484.217388,4259867.432995,1795967.425965,-26.144440,-25.027216,202.902375,0.99838237,0.00020115,0.05685342,0.00053822,-0.00140364,-0.04617093,0.00169503,11.5529,1236.3393,292.0376,0.00312086,0.00004776,0.598892,0.00102761,0.00130104,-0.00102368,-0.00129710,0.00182237,0.00225921,-0.00182184,-0.00225868,847.2429,0.1219,-16.5468,16.46011097,44.11536362,1236.3393
3.010000,4393483.955199,4259867.182008,1795969.458470,-26.293510,-25.170236,203.598538,0.99839527,0.00019440,0.05662644,0.00054367,-0.00132048,-0.04472412,0.00031505,11.5487,1236.5671,294.0820,0.00304463,0.00002548,0.600999,0.00090353,0.00094711,-0.00090589,-0.00094947,0.00177981,0.00224640,-0.00177964,-0.00224623,846.4876,0.2347,-16.3058,16.46012944,44.11536364,1236.5671
3.020000,4393483.691516,4259866.929588,1795971.497934,-26.443024,-25.313687,204.294131,0.99840788,0.00018766,0.05640373,0.00054225,-0.00124611,-0.04446866,-0.00104126,11.5445,1236.7949,296.1337,0.00298220,0.00001672,0.603104,0.00090353,0.00094711,-0.00090589,-0.00094947,0.00155908,0.00201832,-0.00155863,-0.00201787,845.6474,0.2632,-15.8398,16.46014798,44.11536367,1236.7949
3.030000,4393483.426337,4259866.675732,1795973.544351,-26.592735,-25.457420,204.987674,0.99842053,0.00018090,0.05617934,0.00053427,-0.00118145,-0.04538893,-0.00229762,11.5403,1237.0228,298.1926,0.00292899,0.00002167,0.605209,0.00090353,0.00094711,-0.00090589,-0.00094947,0.00134743,0.00179207,-0.00134662,-0.00179126,844.8034,0.2266,-15.4176,16.46016659,44.11536369,1237.0228
3.040000,4393483.159660,4259866.420438,1795975.597686,-26.742732,-25.601592,205.680744,0.99843346,0.00017411,0.05594926,0.00052030,-0.00112339,-0.04674291,-0.00342598,11.5360,1237.2506,300.2587,0.00287305,0.00003942,0.607307,0.00090353,0.00094711,-0.00090589,-0.00094947,0.00124427,0.00168115,-0.00124327,-0.00168015,834.1488,0.1383,-15.1457,16.46018526,44.11536371,1237.2506
3.050000,4393482.891481,4259866.163699,1795977.657964,-26.893134,-25.746384,206.374650,0.99844671,0.00016731,0.05571246,0.00050105,-0.00106993,-0.04806788,-0.00439678,11.5318,1237.4783,302.3321,0.00280580,0.00006856,0.609405,0.00092320,0.00095671,-0.00092463,-0.00095813,0.00120253,0.00163616,-0.00120146,-0.00163509,843.1070,0.0017,-14.9148,16.46020399,44.11536373,1237.4783
3.060000,4393482.621797,4259865.905508,1795979.725177,-27.043615,-25.891590,207.066470,0.99846032,0.00016051,0.05546833,0.00047785,-0.00103549,-0.04966785,-0.00499899,11.5276,1237.7061,304.4127,0.00272509,0.00010745,0.611506,0.00092320,0.00095671,-0.00092463,-0.00095813,0.00113331,0.00150946,-0.00113121,-0.00150736,842.2513,-0.2214,-14.5341,16.46022280,44.11536375,1237.7061
3.070000,4393482.350608,4259865.645864,1795981.799291,-27.194405,-26.037465,207.757751,0.99847433,0.00015373,0.05521582,0.00045261,-0.00101904,-0.05141510,-0.00521252,11.5234,1237.9338,306.5006,0.00263039,0.00015308,0.613601,0.00092320,0.00095671,-0.00092463,-0.00095813,0.00107382,0.00139296,-0.00107070,-0.00138984,831.4404,-0.4765,-14.0982,16.46024166,44.11536378,1237.9338
3.080000,4393482.077908,4259865.384757,1795983.880329,-27.345509,-26.183998,208.448358,0.99848872,0.00014699,0.05495511,0.00042703,-0.00101168,-0.05293634,-0.00512739,11.5192,1238.1614,308.5957,0.00251987,0.00020156,0.615695,0.00092320,0.00095671,-0.00092463,-0.00095813,0.00104541,0.00133660,-0.00104180,-0.00133298,840.3851,-0.7242,-13.6529,16.46026059,44.11536380,1238.1614
3.090000,4393481.803696,4259865.122182,1795985.968257,-27.496979,-26.331216,209.138366,0.99850340,0.00014034,0.05468793,0.00040248,-0.00100832,-0.05400018,-0.00480610,11.5150,1238.3890,310.6980,0.00239401,0.00024949,0.617787,0.00057746,0.00071552,-0.00057631,-0.00071436,0.00103402,0.00131387,-0.00103020,-0.00131005,829.8602,-0.9587,-13.1668,16.46027959,44.11536382,1238.3890
3.100000,4393481.527966,4259864.858129,1795988.063095,-27.649090,-26.479428,209.829179,0.99851830,0.00013394,0.05441541,0.00038071,-0.00097091,-0.05506064,-0.00401692,11.5108,1238.6165,312.8075,0.00225644,0.00029429,0.619878,0.00057746,0.00071552,-0.00057631,-0.00071436,0.00098572,0.00117970,-0.00098407,-0.00117804,838.7968,-1.2402,-12.4990,16.46029865,44.11536384,1238.6165
3.110000,4393481.250716,4259864.592594,1795990.164810,-27.800987,-26.627752,210.513718,0.99853340,0.00012809,0.05413775,0.00036393,-0.00089991,-0.05605559,-0.00280541,11.5066,1238.8440,314.9243,0.00211018,0.00033229,0.621972,0.00057746,0.00071552,-0.00057631,-0.00071436,0.00093992,0.00105028,-0.00094048,-0.00105085,837.7735,-1.4901,-11.7840,16.46031778,44.11536386,1238.8440
3.120000,4393480.971941,4259864.325568,1795992.273394,-27.953989,-26.777334,211.201718,0.99854864,0.00012299,0.05385612,0.00035376,-0.00081518,-0.05664378,-0.00137357,11.5024,1239.0714,317.0482,0.00195585,0.00035924,0.624049,0.00057746,0.00071552,-0.00057631,-0.00071436,0.00091763,0.00098713,-0.00091929,-0.00098880,836.9011,-1.6550,-11.0885,16.46033698,44.11536389,1239.0714
3.130000,4393480.691634,4259864.057045,1795994.388842,-28.107630,-26.927605,211.889154,0.99856387,0.00011872,0.05357304,0.00035092,-0.00072802,-0.05663188,0.00012967,11.4982,1239.2986,319.1794,0.00179565,0.00037233,0.626136,0.00030391,0.00074405,-0.00030057,-0.00074071,0.00090862,0.00096158,-0.00091073,-0.00096368,826.3647,-1.7355,-10.3922,16.46035623,44.11536391,1239.2986
3.140000,4393480.409790,4259863.787018,1795996.511147,-28.261380,-27.077948,212.571702,0.99857891,0.00011527,0.05329177,0.00035554,-0.00064873,-0.05591677,0.00161298,11.4940,1239.5258,321.3177,0.00163464,0.00037050,0.628222,0.00030391,0.00074405,-0.00030057,-0.00074071,0.00091228,0.00095552,-0.00091422,-0.00095747,835.2837,-1.7396,-9.7027,16.46037556,44.11536393,1239.5258
3.150000,4393480.126401,4259863.515481,1795998.640302,-28.416555,-27.229523,213.259152,0.99859360,0.00011257,0.05301583,0.00036733,-0.00057872,-0.05450870,0.00299655,11.4898,1239.7528,323.4632,0.00147929,0.00035388,0.630294,0.00030391,0.00074405,-0.00030057,-0.00074071,0.00091814,0.00095563,-0.00091980,-0.00095729,834.2503,-1.6690,-9.0314,16.46039494,44.11536395,1239.7528
3.160000,4393479.841460,4259863.242429,1796000.776300,-28.571497,-27.380643,213.938945,0.99860775,0.00011054,0.05274849,0.00038560,-0.00051529,-0.05248667,0.00420816,11.4856,1239.9798,325.6159,0.00133634,0.00032339,0.632382,0.00030391,0.00074405,-0.00030057,-0.00074071,0.00092120,0.00095619,-0.00092272,-0.00095771,833.3554,-1.5276,-8.4040,16.46041440,44.11536397,1239.9798
3.170000,4393479.554965,4259862.967863,1796002.919106,-28.727652,-27.532612,214.622199,0.99862123,0.00010910,0.05249254,0.00040936,-0.00045663,-0.04995670,0.00519026,11.4814,1240.2065,327.7757,0.00121214,0.00028072,0.634447,0.00013945,0.00033082,-0.00013638,-0.00032775,0.00092247,0.00095650,-0.00092393,-0.00095796,822.6636,-1.3236,-7.8523,16.46043391,44.11536400,1240.2065
3.180000,4393479.266908,4259862.691780,1796005.068714,-28.884008,-27.684360,215.300701,0.99863402,0.00010811,0.05224830,0.00043700,-0.00041777,-0.04781621,0.00576497,11.4772,1240.4331,329.9427,0.00111182,0.00022813,0.636523,0.00013945,0.00033082,-0.00013638,-0.00032775,0.00080008,0.00087092,-0.00080060,-0.00087144,821.7653,-1.0364,-7.2256,16.46045349,44.11536402,1240.4331
3.190000,4393478.977279,4259862.414172,1796007.225146,-29.041974,-27.837203,215.985465,0.99864627,0.00010735,0.05201353,0.00046643,-0.00039760,-0.04617687,0.00591004,11.4731,1240.6596,332.1169,0.00103618,0.00016916,0.638586,0.00013945,0.00033082,-0.00013638,-0.00032775,0.00067671,0.00078478,-0.00067630,-0.00078437,830.8215,-0.7146,-6.7114,16.46047314,44.11536404,1240.6596
3.200000,4393478.686070,4259862.135039,1796009.388394,-29.199580,-27.989264,216.662693,0.99865805,0.00010666,0.05178653,0.00049569,-0.00038681,-0.04471717,0.00569554,11.4689,1240.8859,334.2982,0.00098022,0.00010809,0.640667,0.00013945,0.00033082,-0.00013638,-0.00032775,0.00061606,0.00074245,-0.00061519,-0.00074159,829.7595,-0.3965,-6.3842,16.46049285,44.11536406,1240.8859
3.210000,4393478.393282,4259861.854383,1796011.558425,-29.358201,-28.141892,217.343430,0.99866941,0.00010592,0.05156679,0.00052311,-0.00038009,-0.04327328,0.00517918,11.4647,1241.1120,336.4866,0.00093982,0.00004884,0.642727,-0.00001686,0.00010736,0.00001885,-0.00010537,0.00059143,0.00072526,-0.00059038,-0.00072421,819.2073,-0.0943,-6.1847,16.46051263,44.11536408,1241.1120
3.220000,4393478.098908,4259861.572204,1796013.735233,-29.516546,-28.293786,218.017940,0.99868038,0.00010494,0.05135350,0.00054628,-0.00038918,-0.04214797,0.00400421,11.4605,1241.3380,338.6822,0.00091342,-0.00000539,0.644798,-0.00001686,0.00010736,0.00001885,-0.00010537,0.00048509,0.00072903,-0.00048319,-0.00072714,818.1409,0.2771,-5.9982,16.46053247,44.11536410,1241.3380
3.230000,4393477.802949,4259861.288507,1796015.918782,-29.675280,-28.445675,218.691854,0.99869107,0.00010350,0.05114500,0.00056209,-0.00041259,-0.04135564,0.00223995,11.4563,1241.5637,340.8849,0.00089930,-0.00004959,0.646850,-0.00001686,0.00010736,0.00001885,-0.00010537,0.00038413,0.00073698,-0.00038143,-0.00073429,817.2310,0.5981,-5.8811,16.46055237,44.11536413,1241.5637
3.240000,4393477.505402,4259861.003291,1796018.109068,-29.834256,-28.597608,219.365206,0.99870155,0.00010144,0.05094003,0.00056835,-0.00044202,-0.04074050,0.00019352,11.4522,1241.7893,343.0947,0.00089390,-0.00007780,0.648902,-0.00001686,0.00010736,0.00001885,-0.00010537,0.00033500,0.00074123,-0.00033191,-0.00073814,816.3173,0.7872,-5.8530,16.46057234,44.11536415,1241.7893
3.250000,4393477.206264,4259860.716555,1796020.306084,-29.993343,-28.749642,220.037980,0.99871184,0.00009870,0.05073791,0.00056422,-0.00047285,-0.04021992,-0.00190677,11.4480,1242.0146,345.3116,0.00089434,-0.00008628,0.650951,0.00003489,0.00015505,-0.00003788,-0.00015803,0.00031514,0.00074301,-0.00031189,-0.00073977,815.5547,0.8456,-5.8801,16.46059237,44.11536417,1242.0146
3.260000,4393476.905535,4259860.428297,1796022.509825,-30.152506,-28.902004,220.710124,0.99872208,0.00009533,0.05053616,0.00055070,-0.00050141,-0.04058628,-0.00355450,11.4438,1242.2398,347.5355,0.00089903,-0.00007395,0.652999,0.00003489,0.00015505,-0.00003788,-0.00015803,0.00024935,0.00059684,-0.00024614,-0.00059363,814.4788,0.7003,-5.7494,16.46061247,44.11536419,1242.2398
3.270000,4393476.603214,4259860.138513,1796024.720285,-30.311700,-29.054773,221.381652,0.99873248,0.00009148,0.05033044,0.00053032,-0.00052708,-0.04180273,-0.00464832,11.4396,1242.4647,349.7665,0.00090368,-0.00004363,0.655046,0.00003489,0.00015505,-0.00003788,-0.00015803,0.00018801,0.00044942,-0.00018487,-0.00044628,813.5539,0.4548,-5.6237,16.46063263,44.11536421,1242.4647
3.280000,4393476.299301,4259859.847200,1796026.937456,-30.470895,-29.207947,222.052589,0.99874319,0.00008729,0.05011773,0.00050553,-0.00055070,-0.04336836,-0.00531297,11.4354,1242.6895,352.0046,0.00089967,-0.00000078,0.657091,0.00003489,0.00015505,-0.00003788,-0.00015803,0.00015825,0.00037694,-0.00015515,-0.00037384,812.6254,0.1832,-5.5551,16.46065285,44.11536424,1242.6895
3.290000,4393475.993796,4259859.554352,1796029.161334,-30.630109,-29.361559,222.722925,0.99875424,0.00008286,0.04989713,0.00047831,-0.00057281,-0.04494771,-0.00562387,11.4313,1242.9140,354.2498,0.00088087,0.00004960,0.659135,0.00036431,0.00032687,-0.00036398,-0.00032655,0.00014624,0.00034751,-0.00014316,-0.00034443,811.8498,-0.1060,-5.4657,16.46067314,44.11536426,1242.9140
3.300000,4393475.686694,4259859.259963,1796031.391941,-30.790216,-29.516482,223.398186,0.99876570,0.00007833,0.04966766,0.00045058,-0.00058619,-0.04690566,-0.00551959,11.4271,1243.1383,356.5020,0.00084563,0.00010354,0.661178,0.00036431,0.00032687,-0.00036398,-0.00032655,0.00008625,0.00025719,-0.00008356,-0.00025450,810.9143,-0.4290,-5.1806,16.46069349,44.11536428,1243.1383
3.310000,4393475.377994,4259858.964024,1796033.629268,-30.949772,-29.671309,224.067214,0.99877761,0.00007382,0.04942777,0.00042434,-0.00059131,-0.04910065,-0.00503063,11.4229,1243.3624,358.7613,0.00079278,0.00015709,0.663235,0.00036431,0.00032687,-0.00036398,-0.00032655,0.00002883,0.00017350,-0.00002653,-0.00017120,809.8098,-0.7481,-4.8061,16.46071391,44.11536430,1243.3624
3.320000,4393475.067698,4259858.666534,1796035.873282,-31.109594,-29.826767,224.735451,0.99878998,0.00006947,0.04917732,0.00040130,-0.00059257,-0.05111233,-0.00424805,11.4187,1243.5863,361.0276,0.00071969,0.00020631,0.665274,0.00036431,0.00032687,-0.00036398,-0.00032655,0.00000086,0.00013296,0.00000125,-0.00013085,808.8663,-1.0322,-4.3869,16.46073439,44.11536433,1243.5863
3.330000,4393474.755801,4259858.367487,1796038.123975,-31.269782,-29.982883,225.402970,0.99880273,0.00006533,0.04891793,0.00038272,-0.00059243,-0.05266398,-0.00325237,11.4145,1243.8099,363.3010,0.00062634,0.00024798,0.667312,0.00017160,0.00037653,-0.00017371,-0.00037865,-0.00001046,0.00011660,0.00001249,-0.00011457,807.9193,-1.2693,-3.8885,16.46075493,44.11536435,1243.8099
3.340000,4393474.442301,4259858.066875,1796040.381339,-31.430408,-30.139641,226.069759,0.99881569,0.00006156,0.04865270,0.00036949,-0.00055602,-0.05344443,-0.00211039,11.4104,1244.0333,365.5814,0.00051629,0.00027981,0.669348,0.00017160,0.00037653,-0.00017371,-0.00037865,0.00000374,0.00012750,-0.00000351,-0.00012726,806.9686,-1.4519,-3.3417,16.46077554,44.11536437,1244.0333
3.350000,4393474.127191,4259857.764692,1796042.645368,-31.591754,-30.297221,226.737301,0.99882866,0.00005834,0.04838564,0.00036218,-0.00048536,-0.05339132,-0.00089364,11.4062,1244.2564,367.8689,0.00039591,0.00030025,0.671383,0.00017160,0.00037653,-0.00017371,-0.00037865,0.00002077,0.00014242,-0.00002232,-0.00014397,806.0142,-1.5711,-2.7308,16.46079621,44.11536440,1244.2564
3.360000,4393473.810464,4259857.460928,1796044.916082,-31.753858,-30.455564,227.405428,0.99884146,0.00005580,0.04812072,0.00036095,-0.00040106,-0.05259204,0.00032349,11.4020,1244.4792,370.1634,0.00027341,0.00030849,0.673420,0.00017160,0.00037653,-0.00017371,-0.00037865,0.00002935,0.00015007,-0.00003178,-0.00015250,814.8471,-1.6215,-2.0768,16.46081695,44.11536442,1244.4792
3.370000,4393473.492112,4259857.155579,1796047.193474,-31.916366,-30.614233,228.071421,0.99885392,0.00005397,0.04786143,0.00036563,-0.00031466,-0.05114751,0.00147040,11.3978,1244.7018,372.4650,0.00015679,0.00030444,0.675460,-0.00009763,0.00025344,0.00009947,-0.00025160,0.00003288,0.00015323,-0.00003566,-0.00015602,814.0415,-1.6022,-1.4315,16.46083774,44.11536444,1244.7018
3.380000,4393473.172131,4259856.848639,1796049.477537,-32.080113,-30.774008,228.742422,0.99886580,0.00005279,0.04761272,0.00037633,-0.00025577,-0.04837668,0.00272991,11.3936,1244.9241,374.7736,0.00005290,0.00028878,0.677494,-0.00009763,0.00025344,0.00009947,-0.00025160,0.00015125,0.00021547,-0.00015299,-0.00021721,803.2820,-1.5747,-1.0258,16.46085860,44.11536446,1244.9241
3.390000,4393472.850509,4259856.540098,1796051.768320,-32.244231,-30.933955,229.412640,0.99887682,0.00005213,0.04738083,0.00039345,-0.00022483,-0.04444764,0.00403286,11.3894,1245.1461,377.0892,-0.00002939,0.00026133,0.679543,-0.00009763,0.00025344,0.00009947,-0.00025160,0.00026943,0.00027729,-0.00027003,-0.00027790,812.0948,-1.4787,-0.7299,16.46087953,44.11536448,1245.1461
3.400000,4393472.527245,4259856.229960,1796054.065788,-32.408724,-31.093940,230.082285,0.99888679,0.00005188,0.04716994,0.00041672,-0.00020806,-0.04000512,0.00517918,11.3852,1245.3678,379.4119,-0.00007825,0.00022162,0.681591,-0.00009763,0.00025344,0.00009947,-0.00025160,0.00032743,0.00030760,-0.00032747,-0.00030764,801.3207,-1.2797,-0.5198,16.46090052,44.11536451,1245.3678
3.410000,4393472.202333,4259855.918220,1796056.369963,-32.573689,-31.253948,230.752703,0.99889566,0.00005192,0.04698139,0.00044500,-0.00019743,-0.03554388,0.00603462,11.3809,1245.5892,381.7417,-0.00008582,0.00017064,0.683637,-0.00031048,0.00010569,0.00031156,-0.00010461,0.00035096,0.00031990,-0.00035077,-0.00031971,810.1251,-0.9953,-0.4889,16.46092157,44.11536453,1245.5892
3.420000,4393471.875771,4259855.604882,1796058.680840,-32.738888,-31.413572,231.422518,0.99890352,0.00005216,0.04681379,0.00047566,-0.00017044,-0.03165141,0.00613222,11.3767,1245.8103,384.0786,-0.00005029,0.00011096,0.685686,-0.00031048,0.00010569,0.00031156,-0.00010461,0.00029121,0.00034210,-0.00029179,-0.00034269,809.1327,-0.5567,-0.6326,16.46094269,44.11536455,1245.8103
3.430000,4393471.547555,4259855.289950,1796060.998412,-32.904171,-31.572666,232.091767,0.99891053,0.00005250,0.04666366,0.00050488,-0.00012660,-0.02858151,0.00546613,11.3725,1246.0311,386.4225,0.00002482,0.00004839,0.687733,-0.00031048,0.00010569,0.00031156,-0.00010461,0.00022541,0.00036145,-0.00022684,-0.00036288,808.1364,-0.0959,-1.0069,16.46096387,44.11536457,1246.0311
3.440000,4393471.217688,4259854.973431,1796063.322673,-33.069333,-31.731152,232.760463,0.99891690,0.00005286,0.04652673,0.00052946,-0.00007624,-0.02638632,0.00429144,11.3683,1246.2516,388.7735,0.00013164,-0.00000945,0.689778,-0.00031048,0.00010569,0.00031156,-0.00010461,0.00019261,0.00037071,-0.00019446,-0.00037256,807.1365,0.2906,-1.6058,16.46098511,44.11536460,1246.2516
3.450000,4393470.886170,4259854.655329,1796065.653619,-33.234214,-31.889010,233.428650,0.99892286,0.00005315,0.04639852,0.00054735,-0.00002526,-0.02510318,0.00280743,11.3641,1246.4718,391.1316,0.00026083,-0.00005654,0.691822,0.00014226,-0.00012129,-0.00014085,0.00012270,0.00017922,0.00037443,-0.00018124,-0.00037645,805.9686,0.5869,-2.3686,16.46100642,44.11536462,1246.4718
3.460000,4393470.553004,4259854.335652,1796067.991245,-33.398826,-32.046330,234.096338,0.99892869,0.00005321,0.04627269,0.00055676,-0.00000802,-0.02542750,0.00091680,11.3599,1246.6917,393.4967,0.00040288,-0.00008920,0.693864,0.00014226,-0.00012129,-0.00014085,0.00012270,0.00007857,0.00033206,-0.00007925,-0.00033274,805.1256,0.8443,-3.0741,16.46102779,44.11536464,1246.6917
3.470000,4393470.218194,4259854.014404,1796070.335544,-33.563098,-32.203208,234.763494,0.99893476,0.00005281,0.04614135,0.00055601,-0.00002376,-0.02729634,-0.00123920,11.3557,1246.9113,395.8689,0.00054544,-0.00010407,0.695905,0.00014226,-0.00012129,-0.00014085,0.00012270,-0.00001939,0.00028856,0.00002011,-0.00028785,804.1146,0.9900,-3.8046,16.46104923,44.11536466,1246.9113
3.480000,4393469.881743,4259853.691589,1796072.686513,-33.726945,-32.359783,235.430083,0.99894138,0.00005181,0.04599800,0.00054446,-0.00005437,-0.03020129,-0.00338865,11.3514,1247.1306,398.2481,0.00067282,-0.00009829,0.697943,0.00014226,-0.00012129,-0.00014085,0.00012270,-0.00006726,0.00026711,0.00006866,-0.00026571,803.0999,0.9773,-4.5454,16.46107073,44.11536469,1247.1306
3.490000,4393469.543657,4259853.367209,1796075.044143,-33.890324,-32.516215,236.095792,0.99894873,0.00005017,0.04583850,0.00052266,-0.00008951,-0.03372233,-0.00532250,11.3472,1247.3496,400.6344,0.00077225,-0.00007122,0.699980,0.00017761,0.00000209,-0.00017628,-0.00000076,-0.00008665,0.00025839,0.00008833,-0.00025671,801.9153,0.8148,-5.1787,16.46109229,44.11536471,1247.3496
3.500000,4393469.203942,4259853.041268,1796077.408396,-34.052361,-32.671803,236.753258,0.99895696,0.00004797,0.04565901,0.00049179,-0.00011840,-0.03816130,-0.00700694,11.3430,1247.5683,403.0277,0.00083605,-0.00002456,0.702014,0.00017761,0.00000209,-0.00017628,-0.00000076,-0.00016947,0.00020265,0.00017098,-0.00020114,800.2312,0.5489,-5.4760,16.46111392,44.11536473,1247.5683
3.510000,4393468.862606,4259852.713768,1796079.779232,-34.214775,-32.828337,237.413610,0.99896625,0.00004531,0.04545575,0.00045337,-0.00013977,-0.04318749,-0.00833419,11.3388,1247.7868,405.4280,0.00085797,0.00003893,0.704024,0.00017761,0.00000209,-0.00017628,-0.00000076,-0.00024806,0.00014871,0.00024933,-0.00014744,788.9301,0.1726,-5.5277,16.46113561,44.11536475,1247.7868
3.520000,4393468.519647,4259852.384699,1796082.156664,-34.377293,-32.985679,238.074135,0.99897663,0.00004232,0.04522746,0.00040953,-0.00015683,-0.04812694,-0.00917054,11.3346,1248.0050,407.8352,0.00083156,0.00011580,0.706043,0.00017761,0.00000209,-0.00017628,-0.00000076,-0.00028629,0.00012238,0.00028744,-0.00012123,787.2290,-0.3058,-5.3591,16.46115736,44.11536478,1248.0050
3.530000,4393468.175060,4259852.054051,1796084.540710,-34.540054,-33.144036,238.734670,0.99898801,0.00003913,0.04497586,0.00036291,-0.00017157,-0.05246938,-0.00944450,11.3304,1248.2228,410.2494,0.00075532,0.00020144,0.708062,0.00037093,0.00018367,-0.00037063,-0.00018337,-0.00030174,0.00011172,0.00030284,-0.00011062,795.2999,-0.8516,-4.9162,16.46117918,44.11536480,1248.2228
3.540000,4393467.828846,4259851.721815,1796086.931353,-34.702801,-33.303506,239.393762,0.99900014,0.00003601,0.04470588,0.00031946,-0.00018787,-0.05545050,-0.00791743,11.3262,1248.4404,412.6706,0.00063380,0.00029036,0.710083,0.00037093,0.00018367,-0.00037063,-0.00018337,-0.00014657,0.00002711,0.00014777,-0.00002591,793.5726,-1.7166,-4.2886,16.46120106,44.11536482,1248.4404
3.550000,4393467.481004,4259851.387977,1796089.328580,-34.865743,-33.464134,240.051363,0.99901269,0.00003335,0.04442487,0.00028791,-0.00020598,-0.05686807,-0.00471369,11.3220,1248.6577,415.0987,0.00047756,0.00036966,0.712100,0.00037093,0.00018367,-0.00037063,-0.00018337,0.00001320,-0.00005538,-0.00001189,0.00005670,791.8361,-2.5223,-3.4264,16.46122300,44.11536485,1248.6577
3.560000,4393467.131529,4259851.052528,1796091.732375,-35.029212,-33.625767,240.707437,0.99902530,0.00003140,0.04414031,0.00027447,-0.00022441,-0.05686650,-0.00071226,11.3177,1248.8746,417.5338,0.00030204,0.00042234,0.714113,0.00037093,0.00018367,-0.00037063,-0.00018337,0.00009202,-0.00009570,-0.00009064,0.00009708,790.0904,-3.0042,-2.3680,16.46124500,44.11536487,1248.8746
3.570000,4393466.780421,4259850.715463,1796094.142695,-35.192637,-33.787389,241.356300,0.99903769,0.00003026,0.04385894,0.00028151,-0.00024231,-0.05560312,0.00343758,11.3135,1249.0912,419.9759,0.00012281,0.00043739,0.716122,0.00036892,0.00043668,-0.00036841,-0.00043618,0.00012407,-0.00011204,-0.00012267,0.00011344,788.3357,-3.1541,-1.2319,16.46126707,44.11536489,1249.0912
3.580000,4393466.427674,4259850.376779,1796096.559496,-35.356750,-33.949249,242.002111,0.99904957,0.00002990,0.04358742,0.00030826,-0.00025861,-0.05295009,0.00713421,11.3094,1249.3075,422.4248,-0.00004658,0.00041146,0.718111,0.00036892,0.00043668,-0.00036841,-0.00043618,0.00014852,-0.00007425,-0.00014714,0.00007562,786.4163,-2.9584,-0.1933,16.46128920,44.11536492,1249.3075
3.590000,4393466.073283,4259850.036478,1796098.982733,-35.521620,-34.111076,242.645020,0.99906066,0.00003018,0.04333215,0.00035169,-0.00027325,-0.04913859,0.01008029,11.3052,1249.5233,424.8807,-0.00019335,0.00034740,0.720092,0.00036892,0.00043668,-0.00036841,-0.00043618,0.00016534,-0.00003228,-0.00016398,0.00003364,774.8801,-2.4959,0.7242,16.46131139,44.11536494,1249.5233
3.600000,4393465.717238,4259849.694558,1796101.412391,-35.687420,-34.272804,243.286473,0.99907077,0.00003093,0.04309781,0.00040774,-0.00028665,-0.04461784,0.01216267,11.3010,1249.7388,427.3433,-0.00030536,0.00025225,0.722065,0.00036892,0.00043668,-0.00036841,-0.00043618,0.00017296,-0.00001134,-0.00017162,0.00001268,773.1216,-1.8401,1.4690,16.46133365,44.11536496,1249.7388
3.610000,4393465.359536,4259849.351027,1796103.848429,-35.852993,-34.433160,243.919429,0.99907982,0.00003196,0.04288692,0.00047190,-0.00029908,-0.03980621,0.01331014,11.2968,1249.9539,429.8128,-0.00037410,0.00013479,0.724034,-0.00002888,-0.00019978,0.00002924,0.00020013,0.00017595,-0.00000279,-0.00017462,0.00000412,771.3544,-1.0418,1.9601,16.46135596,44.11536498,1249.9539
3.620000,4393465.000177,4259849.005898,1796106.290775,-36.018865,-34.592578,244.549535,0.99908771,0.00003309,0.04270184,0.00053945,-0.00030117,-0.03434421,0.01351859,11.2927,1250.1686,432.2890,-0.00039566,0.00000448,0.725978,-0.00002888,-0.00019978,0.00002924,0.00020013,0.00024574,0.00006493,-0.00024477,-0.00006396,759.6448,-0.1627,1.9785,16.46137834,44.11536500,1250.1686
3.630000,4393464.639158,4259848.659179,1796108.739416,-36.184801,-34.750837,245.176977,0.99909437,0.00003416,0.04254487,0.00060574,-0.00029356,-0.02861707,0.01281630,11.2886,1250.3829,434.7719,-0.00036712,-0.00012906,0.727915,-0.00002888,-0.00019978,0.00002924,0.00020013,0.00031520,0.00013094,-0.00031460,-0.00013034,757.8841,0.7412,1.6632,16.46140077,44.11536503,1250.3829
3.640000,4393464.276485,4259848.310889,1796111.194282,-36.349701,-34.906967,245.796032,0.99909984,0.00003503,0.04241539,0.00066639,-0.00028178,-0.02339342,0.01127822,11.2845,1250.5967,437.2616,-0.00028527,-0.00025658,0.729843,-0.00002888,-0.00019978,0.00002924,0.00020013,0.00034927,0.00016320,-0.00034885,-0.00016278,746.3395,1.6112,1.0702,16.46142327,44.11536505,1250.5967
3.650000,4393463.912165,4259847.961043,1796113.655333,-36.514124,-35.061662,246.412488,0.99910429,0.00003554,0.04230949,0.00071754,-0.00026895,-0.01922751,0.00903916,11.2804,1250.8101,439.7578,-0.00015243,-0.00036958,0.731746,0.00018006,-0.00012258,-0.00017968,0.00012296,0.00036309,0.00017627,-0.00036275,-0.00017593,744.4128,2.3873,0.1657,16.46144583,44.11536507,1250.8101
3.660000,4393463.546209,4259847.609665,1796116.122499,-36.676693,-35.213694,247.019142,0.99910796,0.00003550,0.04222226,0.00075485,-0.00025829,-0.01595462,0.00577847,11.2764,1251.0231,442.2606,0.00002243,-0.00046082,0.733641,0.00018006,-0.00012258,-0.00017968,0.00012296,0.00036750,0.00027102,-0.00036711,-0.00027063,732.7027,3.1375,-1.1457,16.46146844,44.11536509,1251.0231
3.670000,4393463.178638,4259847.256779,1796118.595684,-36.837136,-35.363123,247.616241,0.99911105,0.00003473,0.04214869,0.00077384,-0.00025014,-0.01378365,0.00175472,11.2724,1251.2357,444.7699,0.00022813,-0.00052192,0.735506,0.00018006,-0.00012258,-0.00017968,0.00012296,0.00036858,0.00036313,-0.00036813,-0.00036268,721.0094,3.6798,-2.6883,16.46149112,44.11536512,1251.2357
3.680000,4393462.809474,4259846.902410,1796121.074792,-36.995155,-35.510123,248.203705,0.99911385,0.00003312,0.04208231,0.00077212,-0.00024351,-0.01307899,-0.00246155,11.2685,1251.4479,447.2856,0.00045395,-0.00054485,0.737342,0.00018006,-0.00012258,-0.00017968,0.00012296,0.00036884,0.00040813,-0.00036836,-0.00040765,709.3327,3.8927,-4.3356,16.46151385,44.11536514,1251.4479
3.690000,4393462.438748,4259846.546588,1796123.559697,-37.149671,-35.654104,248.775780,0.99911668,0.00003067,0.04201542,0.00074988,-0.00023779,-0.01397386,-0.00641067,11.2646,1251.6597,449.8076,0.00068675,-0.00052613,0.739148,-0.00040360,-0.00047635,0.00040381,0.00047656,0.00036890,0.00042636,-0.00036841,-0.00042586,697.6733,3.7763,-6.0269,16.46153664,44.11536517,1251.6597
3.700000,4393462.066489,4259846.189333,1796126.050275,-37.301460,-35.796318,249.336694,0.99912010,0.00002755,0.04193477,0.00071056,-0.00023125,-0.01853777,-0.00926590,11.2607,1251.8710,452.3358,0.00091123,-0.00046741,0.740908,-0.00040360,-0.00047635,0.00040381,0.00047656,0.00022755,0.00020694,-0.00022710,-0.00020649,686.0482,3.2447,-7.1752,16.46155949,44.11536519,1251.8710
3.710000,4393461.692731,4259845.830669,1796128.546369,-37.449542,-35.936087,249.879187,0.99912482,0.00002402,0.04182289,0.00066015,-0.00022384,-0.02638484,-0.01082371,11.2570,1252.0820,454.8700,0.00110311,-0.00037699,0.742635,-0.00040360,-0.00047635,0.00040381,0.00047656,0.00008541,-0.00001812,-0.00008501,0.00001852,664.4925,2.4815,-8.1215,16.46158239,44.11536521,1252.0820
3.720000,4393461.317505,4259845.470614,1796131.047825,-37.594951,-36.074451,250.408915,0.99913134,0.00002034,0.04166769,0.00060477,-0.00021631,-0.03576001,-0.01125385,11.2533,1252.2926,457.4100,0.00122877,-0.00026761,0.744306,-0.00040360,-0.00047635,0.00040381,0.00047656,0.00001556,-0.00012907,-0.00001518,0.00012945,642.9806,1.6403,-8.8820,16.46160534,44.11536524,1252.2926
3.730000,4393460.940842,4259845.109186,1796133.554486,-37.737422,-36.211133,250.921538,0.99913981,0.00001675,0.04146497,0.00054969,-0.00020909,-0.04528903,-0.01070791,11.2497,1252.5027,459.9558,0.00126524,-0.00015158,0.745939,-0.00048751,-0.00027344,0.00048748,0.00027341,-0.00001280,-0.00017417,0.00001316,0.00017454,621.6747,0.7840,-9.1650,16.46162835,44.11536526,1252.5027
3.740000,4393460.562766,4259844.746397,1796136.066194,-37.877306,-36.346448,251.417061,0.99915005,0.00001344,0.04121799,0.00050016,-0.00020250,-0.05337205,-0.00905272,11.2462,1252.7124,462.5071,0.00120615,-0.00003939,0.747522,-0.00048751,-0.00027344,0.00048748,0.00027341,0.00005094,-0.00016348,-0.00005057,0.00016384,610.0074,-0.0968,-8.9618,16.46165140,44.11536529,1252.7124
3.750000,4393460.183304,4259844.382261,1796138.582765,-38.014845,-36.480435,251.893852,0.99916167,0.00001062,0.04093574,0.00046129,-0.00019660,-0.05932827,-0.00647577,11.2428,1252.9216,465.0639,0.00105992,0.00005857,0.749054,-0.00048751,-0.00027344,0.00048748,0.00027341,0.00012190,-0.00014178,-0.00012153,0.00014215,588.6062,-0.8690,-8.1322,16.46167450,44.11536532,1252.9216
3.760000,4393459.802476,4259844.016792,1796141.104009,-38.150520,-36.613244,252.351844,0.99917420,0.00000843,0.04062920,0.00043674,-0.00019130,-0.06304814,-0.00335647,11.2395,1253.1304,467.6258,0.00084665,0.00013264,0.750531,-0.00048751,-0.00027344,0.00048748,0.00027341,0.00015733,-0.00013022,-0.00015696,0.00013060,567.0726,-1.4304,-6.7194,16.46169765,44.11536534,1253.1304
3.770000,4393459.420303,4259843.650004,1796143.629710,-38.283611,-36.743846,252.783842,0.99918714,0.00000692,0.04030969,0.00042838,-0.00018653,-0.06449827,-0.00003817,11.2362,1253.3387,470.1928,0.00059013,0.00017636,0.751953,-0.00097934,-0.00056961,0.00097934,0.00056961,0.00017181,-0.00012538,-0.00017144,0.00012576,545.7651,-1.7487,-4.9157,16.46172085,44.11536537,1253.3387
3.780000,4393459.036806,4259843.281918,1796146.159623,-38.415592,-36.873195,253.195557,0.99920025,0.00000606,0.03998336,0.00043522,-0.00018050,-0.06576856,0.00269107,11.2331,1253.5464,472.7645,0.00031415,0.00018698,0.753300,-0.00097934,-0.00056961,0.00097934,0.00056961,-0.00003021,-0.00024928,0.00003053,0.00024959,514.7539,-1.6976,-2.4395,16.46174409,44.11536539,1253.5464
3.790000,4393458.651997,4259842.912548,1796148.693529,-38.545741,-37.000338,253.581205,0.99921348,0.00000571,0.03965108,0.00045377,-0.00017329,-0.06687106,0.00462074,11.2301,1253.7536,475.3409,0.00003306,0.00016777,0.754587,-0.00097934,-0.00056961,0.00097934,0.00056961,-0.00023688,-0.00037505,0.00023714,0.00037530,493.5691,-1.4244,0.1082,16.46176737,44.11536542,1253.7536
3.800000,4393458.265894,4259842.541916,1796151.231184,-38.674607,-37.125702,253.945100,0.99922670,0.00000571,0.03931637,0.00048030,-0.00016583,-0.06675118,0.00587506,11.2273,1253.9601,477.9216,-0.00025122,0.00012644,0.755798,-0.00097934,-0.00056961,0.00097934,0.00056961,-0.00033872,-0.00043694,0.00033894,0.00043717,462.5022,-1.0488,2.4597,16.46179069,44.11536544,1253.9601
3.810000,4393457.878512,4259842.170043,1796153.772341,-38.801460,-37.248522,254.283197,0.99923960,0.00000593,0.03898664,0.00051162,-0.00015866,-0.06490207,0.00652628,11.2245,1254.1660,480.5063,-0.00053243,0.00007069,0.756947,-0.00126190,-0.00124539,0.00126167,0.00124516,-0.00038011,-0.00046209,0.00038032,0.00046230,431.4944,-0.6014,4.6754,16.46181405,44.11536547,1254.1660
3.820000,4393457.489868,4259841.796952,1796156.316785,-38.927265,-37.369530,254.602582,0.99925184,0.00000620,0.03867131,0.00054320,-0.00014944,-0.06103504,0.00599009,11.2218,1254.3711,483.0950,-0.00079639,0.00000712,0.758019,-0.00126190,-0.00124539,0.00126167,0.00124516,-0.00042528,-0.00039931,0.00042541,0.00039943,410.5116,0.0365,6.6679,16.46183744,44.11536549,1254.3711
3.830000,4393457.099976,4259841.422664,1796158.864302,-39.050676,-37.487519,254.896371,0.99926306,0.00000629,0.03837982,0.00056934,-0.00013837,-0.05544011,0.00437052,11.2193,1254.5755,485.6873,-0.00102528,-0.00005473,0.759037,-0.00126190,-0.00124539,0.00126167,0.00124516,-0.00046067,-0.00033008,0.00046071,0.00033012,389.3978,0.6515,8.4005,16.46186086,44.11536552,1254.5755
3.840000,4393456.708860,4259841.047208,1796161.414651,-39.171929,-37.602986,255.168954,0.99927302,0.00000605,0.03811929,0.00058585,-0.00012691,-0.04872984,0.00216128,11.2168,1254.7791,488.2830,-0.00120149,-0.00010366,0.759980,-0.00126190,-0.00124539,0.00126167,0.00124516,-0.00047724,-0.00029557,0.00047723,0.00029556,358.7692,1.0857,9.7802,16.46188432,44.11536554,1254.7791
3.850000,4393456.316549,4259840.670616,1796163.967592,-39.289870,-37.715098,255.416091,0.99928160,0.00000541,0.03789370,0.00059071,-0.00011582,-0.04154724,-0.00025467,11.2145,1254.9819,490.8819,-0.00131220,-0.00013205,0.760861,-0.00121187,-0.00127099,0.00121155,0.00127068,-0.00048383,-0.00028147,0.00048381,0.00028145,328.0188,1.3169,10.6929,16.46190781,44.11536557,1254.9819
3.860000,4393455.923074,4259840.292918,1796166.522884,-39.404334,-37.823841,255.637887,0.99928895,0.00000430,0.03769943,0.00058252,-0.00010570,-0.03627495,-0.00302831,11.2123,1255.1838,493.4838,-0.00135124,-0.00013666,0.761666,-0.00121187,-0.00127099,0.00121155,0.00127068,-0.00066102,-0.00038147,0.00066101,0.00038146,307.1121,1.4497,11.4849,16.46193132,44.11536559,1255.1838
3.870000,4393455.528471,4259839.914147,1796169.080290,-39.515585,-37.929740,255.838843,0.99929550,0.00000270,0.03752583,0.00056011,-0.00009661,-0.03331473,-0.00590399,11.2102,1255.3849,496.0884,-0.00132634,-0.00011505,0.762396,-0.00121187,-0.00127099,0.00121155,0.00127068,-0.00083762,-0.00048546,0.00083761,0.00048545,276.6950,1.3731,11.7798,16.46195485,44.11536562,1255.3849
3.880000,4393455.132778,4259839.534336,1796171.639572,-39.622477,-38.032024,256.014709,0.99930162,0.00000062,0.03736312,0.00052414,-0.00008837,-0.03194043,-0.00842566,11.2082,1255.5850,498.6955,-0.00126019,-0.00006568,0.763065,-0.00121187,-0.00127099,0.00121155,0.00127068,-0.00092426,-0.00053683,0.00092426,0.00053683,246.1559,1.0277,11.5285,16.46197841,44.11536564,1255.5850
3.890000,4393454.736037,4259839.153519,1796174.200496,-39.724736,-38.130684,256.165610,0.99930756,-0.00000184,0.03720447,0.00047717,-0.00008083,-0.03168811,-0.01028386,11.2063,1255.7843,501.3048,-0.00117397,0.00000927,0.763658,-0.00118256,-0.00114137,0.00118263,0.00114144,-0.00095942,-0.00055774,0.00095941,0.00055773,225.4602,0.4563,10.9851,16.46200199,44.11536567,1255.7843
3.900000,4393454.338294,4259838.771728,1796176.762825,-39.823348,-38.227066,256.297333,0.99931371,-0.00000443,0.03703942,0.00042516,-0.00007156,-0.03447157,-0.01043821,11.2046,1255.9826,503.9160,-0.00108204,0.00010395,0.764177,-0.00118256,-0.00114137,0.00118263,0.00114144,-0.00107286,-0.00080565,0.00107277,0.00080556,195.2579,-0.4842,10.8376,16.46202559,44.11536570,1255.9826
3.910000,4393453.939581,4259838.388984,1796179.326382,-39.918641,-38.321457,256.411197,0.99932060,-0.00000684,0.03685365,0.00037661,-0.00006068,-0.03991250,-0.00891921,11.2029,1256.1800,506.5290,-0.00100375,0.00020534,0.764638,-0.00118256,-0.00114137,0.00118263,0.00114144,-0.00117840,-0.00104986,0.00117824,0.00104970,174.8815,-1.4717,10.7506,16.46204920,44.11536572,1256.1800
3.920000,4393453.539931,4259838.005306,1796181.890990,-40.010879,-38.413802,256.507439,0.99932855,-0.00000880,0.03663794,0.00033835,-0.00004954,-0.04636700,-0.00635519,11.2013,1256.3764,509.1436,-0.00096711,0.00029651,0.765047,-0.00118256,-0.00114137,0.00118263,0.00114144,-0.00122957,-0.00116944,0.00122937,0.00116924,154.5593,-2.2649,10.6937,16.46207283,44.11536575,1256.3764
3.930000,4393453.139373,4259837.620714,1796184.456472,-40.100423,-38.504102,256.585931,0.99933761,-0.00001017,0.03639020,0.00031436,-0.00003886,-0.05264870,-0.00325040,11.1998,1256.5719,511.7596,-0.00099008,0.00036467,0.765403,-0.00116625,-0.00067417,0.00116648,0.00067440,-0.00125023,-0.00121792,0.00125001,0.00121771,134.2907,-2.8132,10.9343,16.46209646,44.11536577,1256.5719
3.940000,4393452.737930,4259837.235230,1796187.022650,-40.187892,-38.592655,256.648088,0.99934765,-0.00001089,0.03611337,0.00030681,-0.00002798,-0.05793985,0.00018093,11.1984,1256.7664,514.3767,-0.00107572,0.00040279,0.765707,-0.00116625,-0.00067417,0.00116648,0.00067440,-0.00124009,-0.00124498,0.00123983,0.00124473,114.0762,-3.1402,11.5801,16.46212011,44.11536580,1256.7664
3.950000,4393452.335617,4259836.848863,1796189.589403,-40.274574,-38.680357,256.699550,0.99935844,-0.00001091,0.03581365,0.00031652,-0.00001703,-0.06176210,0.00361055,11.1971,1256.9599,516.9949,-0.00121678,0.00040734,0.765962,-0.00116625,-0.00067417,0.00116648,0.00067440,-0.00122489,-0.00126044,0.00122460,0.00126016,103.8643,-3.1957,12.6361,16.46214377,44.11536582,1256.9599
3.960000,4393451.932444,4259836.461629,1796192.156582,-40.359934,-38.766345,256.734732,0.99936965,-0.00001030,0.03549903,0.00034254,-0.00000654,-0.06387397,0.00666599,11.1958,1257.1523,519.6140,-0.00139958,0.00037763,0.766186,-0.00116625,-0.00067417,0.00116648,0.00067440,-0.00121701,-0.00126708,0.00121671,0.00126678,83.7314,-2.9623,14.0245,16.46216744,44.11536585,1257.1523
3.970000,4393451.528418,4259836.073539,1796194.724067,-40.445090,-38.851409,256.759315,0.99938098,-0.00000914,0.03517831,0.00038227,0.00000322,-0.06419764,0.00906876,11.1945,1257.3437,522.2338,-0.00160720,0.00031655,0.766363,-0.00121036,-0.00084611,0.00121061,0.00084636,-0.00121375,-0.00126962,0.00121344,0.00126931,73.6008,-2.4757,15.6189,16.46219111,44.11536587,1257.3437
3.980000,4393451.123542,4259835.684604,1796197.291738,-40.530118,-38.935354,256.773347,0.99939207,-0.00000762,0.03486124,0.00043140,0.00000810,-0.06244214,0.01041393,11.1934,1257.5340,524.8543,-0.00182152,0.00023004,0.766509,-0.00121036,-0.00084611,0.00121061,0.00084636,-0.00120210,-0.00122446,0.00120193,0.00122429,53.5487,-1.7382,17.1959,16.46221479,44.11536590,1257.5340
3.990000,4393450.717815,4259835.294835,1796199.859504,-40.615188,-39.018253,256.778328,0.99940259,-0.00000595,0.03455767,0.00048446,0.00000843,-0.05884653,0.01063522,11.1922,1257.7233,527.4753,-0.00202336,0.00012747,0.766625,-0.00121036,-0.00084611,0.00121061,0.00084636,-0.00119120,-0.00117845,0.00119116,0.00117842,43.4813,-0.8818,18.6926,16.46223848,44.11536592,1257.7233
4.000000,4393450.311239,4259834.904243,1796202.427274,-40.700113,-39.099973,256.774329,0.99941228,-0.00000435,0.03427543,0.00053615,0.00000672,-0.05397218,0.00988162,11.1911,1257.9114,530.0967,-0.00219353,0.00002006,0.766715,-0.00121036,-0.00084611,0.00121061,0.00084636,-0.00118590,-0.00115580,0.00118593,0.00115583,33.4409,-0.0233,20.0020,16.46226217,44.11536595,1257.9114
4.010000,4393449.903815,4259834.512840,1796204.994961,-40.784824,-39.180572,256.762864,0.99942100,-0.00000296,0.03401953,0.00058202,0.00000435,-0.04838089,0.00832812,11.1901,1258.0984,532.7185,-0.00231721,-0.00008176,0.766779,-0.00130165,-0.00124916,0.00130063,0.00124814,-0.00118376,-0.00114659,0.00118382,0.00114665,23.4275,0.7691,20.9857,16.46228586,44.11536597,1258.0984
4.020000,4393449.495545,4259834.120638,1796207.562503,-40.868929,-39.259586,256.744113,0.99942860,-0.00000202,0.03379501,0.00061598,0.00000022,-0.04150257,0.00516095,11.1891,1258.2842,535.3405,-0.00238560,-0.00016941,0.766821,-0.00130165,-0.00124916,0.00130063,0.00124814,-0.00117718,-0.00097715,0.00117730,0.00097727,23.1981,1.6791,21.2991,16.46230955,44.11536600,1258.2842
4.030000,4393449.086440,4259833.727655,1796210.129815,-40.951723,-39.336675,256.716894,0.99943493,-0.00000177,0.03360684,0.00063075,-0.00000532,-0.03393592,0.00070561,11.1881,1258.4689,537.9627,-0.00239097,-0.00023048,0.766841,-0.00130165,-0.00124916,0.00130063,0.00124814,-0.00117108,-0.00080900,0.00117126,0.00080918,13.4212,2.3691,21.1364,16.46233325,44.11536602,1258.4689
4.040000,4393448.676512,4259833.333907,1796212.696841,-41.033542,-39.412745,256.686872,0.99944001,-0.00000236,0.03345548,0.00062219,-0.00001123,-0.02686246,-0.00411161,11.1871,1258.6524,540.5850,-0.00232515,-0.00025132,0.766836,-0.00130165,-0.00124916,0.00130063,0.00124814,-0.00116812,-0.00072656,0.00116833,0.00072677,3.4791,2.6131,20.5599,16.46235694,44.11536605,1258.6524
4.050000,4393448.265778,4259832.939407,1796215.263524,-41.113151,-39.487147,256.649893,0.99944402,-0.00000379,0.03333630,0.00059023,-0.00001697,-0.02113413,-0.00859693,11.1862,1258.8348,543.2073,-0.00218857,-0.00022525,0.766822,-0.00133103,-0.00126722,0.00133018,0.00126638,-0.00116693,-0.00069312,0.00116715,0.00069334,-6.2609,2.4203,19.5074,16.46238064,44.11536607,1258.8348
4.060000,4393447.854259,4259832.544170,1796217.829811,-41.190123,-39.559983,256.605999,0.99944726,-0.00000591,0.03323995,0.00053845,-0.00002255,-0.01776557,-0.01199843,11.1853,1259.0160,545.8297,-0.00199206,-0.00015364,0.766787,-0.00133103,-0.00126722,0.00133018,0.00126638,-0.00118216,-0.00074183,0.00118239,0.00074206,-6.4117,1.7790,18.1269,16.46240434,44.11536610,1259.0160
4.070000,4393447.441981,4259832.148209,1796220.395646,-41.265114,-39.632176,256.561064,0.99945014,-0.00000852,0.03315403,0.00047300,-0.00002792,-0.01696971,-0.01404677,11.1844,1259.1961,548.4519,-0.00175517,-0.00004503,0.766730,-0.00133103,-0.00126722,0.00133018,0.00126638,-0.00119777,-0.00079891,0.00119801,0.00079916,-16.3003,0.8486,16.4270,16.46242803,44.11536612,1259.1961
4.080000,4393447.028967,4259831.751532,1796222.961004,-41.337075,-39.702827,256.509327,0.99945308,-0.00001139,0.03306633,0.00040059,-0.00003294,-0.01845315,-0.01477397,11.1835,1259.3750,551.0740,-0.00150343,0.00008746,0.766670,-0.00133103,-0.00126722,0.00133018,0.00126638,-0.00120546,-0.00082763,0.00120570,0.00082787,-16.2317,-0.2246,14.5374,16.46245173,44.11536615,1259.3750
4.090000,4393446.615246,4259831.354153,1796225.525834,-41.407012,-39.772898,256.456541,0.99945641,-0.00001430,0.03296632,0.00032765,-0.00003758,-0.02184179,-0.01426816,11.1827,1259.5528,553.6960,-0.00126161,0.00023009,0.766588,-0.00129927,-0.00110945,0.00129892,0.00110909,-0.00120858,-0.00083939,0.00120883,0.00083964,-26.0941,-1.3463,12.6735,16.46247542,44.11536617,1259.5528
4.100000,4393446.200837,4259830.956078,1796228.090107,-41.474288,-39.841862,256.396846,0.99946050,-0.00001695,0.03284269,0.00026179,-0.00002820,-0.02782564,-0.01197321,11.1819,1259.7295,556.3177,-0.00105033,0.00037000,0.766502,-0.00129927,-0.00110945,0.00129892,0.00110909,-0.00124219,-0.00098701,0.00124198,0.00098680,-26.1947,-2.5940,11.2797,16.46249911,44.11536620,1259.7295
4.110000,4393445.785763,4259830.557315,1796230.653771,-41.540269,-39.910763,256.335957,0.99946572,-0.00001901,0.03268390,0.00021132,-0.00000590,-0.03580171,-0.00816511,11.1811,1259.9051,558.9392,-0.00089044,0.00049175,0.766395,-0.00129927,-0.00110945,0.00129892,0.00110909,-0.00127522,-0.00113258,0.00127456,0.00113192,-35.8355,-3.6836,10.2579,16.46252280,44.11536622,1259.9051
4.120000,4393445.370038,4259830.157867,1796233.216798,-41.604557,-39.978717,256.267998,0.99947226,-0.00002024,0.03248322,0.00018198,0.00002126,-0.04447358,-0.00357767,11.1804,1260.0797,561.5604,-0.00080340,0.00057945,0.766284,-0.00129927,-0.00110945,0.00129892,0.00110909,-0.00129138,-0.00120388,0.00129050,0.00120300,-35.9110,-4.4111,9.6470,16.46254648,44.11536625,1260.0797
4.130000,4393444.953672,4259829.757740,1796235.779131,-41.668484,-40.046502,256.197271,0.99948015,-0.00002057,0.03223981,0.00017615,0.00004883,-0.05279110,0.00118034,11.1796,1260.2531,564.1812,-0.00080112,0.00062298,0.766151,-0.00114310,-0.00082656,0.00114302,0.00082648,-0.00129794,-0.00123278,0.00129697,0.00123181,-45.5251,-4.7413,9.6071,16.46257017,44.11536627,1260.2531
4.140000,4393444.536670,4259829.356940,1796238.340714,-41.731957,-40.113549,256.119269,0.99948922,-0.00002001,0.03195715,0.00019342,0.00007314,-0.06007776,0.00560786,11.1789,1260.4255,566.8016,-0.00088330,0.00061896,0.766011,-0.00114310,-0.00082656,0.00114302,0.00082648,-0.00131081,-0.00124991,0.00130986,0.00124897,-55.1299,-4.6756,10.2135,16.46259385,44.11536630,1260.4255
4.150000,4393444.119028,4259828.955467,1796240.901516,-41.796680,-40.181096,256.041102,0.99949924,-0.00001868,0.03164192,0.00023119,0.00009380,-0.06575714,0.00933525,11.1782,1260.5967,569.4216,-0.00104085,0.00056955,0.765850,-0.00114310,-0.00082656,0.00114302,0.00082648,-0.00132216,-0.00126013,0.00132127,0.00125924,-55.1545,-4.2542,11.3956,16.46261752,44.11536632,1260.5967
4.160000,4393443.700731,4259828.553316,1796243.461536,-41.862820,-40.248986,255.961273,0.99950989,-0.00001673,0.03130329,0.00028528,0.00011184,-0.06939145,0.01210323,11.1775,1260.7669,572.0410,-0.00125866,0.00048105,0.765689,-0.00114310,-0.00082656,0.00114302,0.00082648,-0.00132761,-0.00126458,0.00132674,0.00126372,-54.9823,-3.5379,13.0365,16.46264119,44.11536634,1260.7669
4.170000,4393443.281770,4259828.150490,1796246.020712,-41.929679,-40.316328,255.873963,0.99952081,-0.00001435,0.03095212,0.00035044,0.00012799,-0.07076483,0.01374581,11.1768,1260.9359,574.6600,-0.00151702,0.00036272,0.765524,-0.00182249,-0.00191370,0.00182233,0.00191355,-0.00132980,-0.00126629,0.00132894,0.00126544,-64.7595,-2.6011,14.9954,16.46266486,44.11536637,1260.9359
4.180000,4393442.862131,4259827.746988,1796248.579014,-41.998512,-40.384149,255.786416,0.99953160,-0.00001176,0.03060085,0.00042012,0.00013740,-0.06944767,0.01391458,11.1762,1261.1038,577.2785,-0.00179348,0.00022566,0.765338,-0.00182249,-0.00191370,0.00182233,0.00191355,-0.00131932,-0.00121084,0.00131864,0.00121016,-64.5619,-1.4638,17.0048,16.46268852,44.11536639,1261.1038
4.190000,4393442.441794,4259827.342806,1796251.136440,-42.068976,-40.452154,255.697212,0.99954187,-0.00000923,0.03026245,0.00048706,0.00014073,-0.06567218,0.01267005,11.1755,1261.2705,579.8963,-0.00206320,0.00008347,0.765153,-0.00182249,-0.00191370,0.00182233,0.00191355,-0.00130825,-0.00115467,0.00130776,0.00115417,-64.3651,-0.3003,18.9798,16.46271218,44.11536641,1261.2705
4.200000,4393442.020751,4259826.937948,1796253.692929,-42.139839,-40.519366,255.600631,0.99955132,-0.00000697,0.02994766,0.00054495,0.00014122,-0.06007956,0.01032644,11.1749,1261.4360,582.5137,-0.00230072,-0.00004942,0.764964,-0.00182249,-0.00191370,0.00182233,0.00191355,-0.00130277,-0.00112704,0.00130236,0.00112663,-74.1176,0.7446,20.7751,16.46273583,44.11536643,1261.4360
4.210000,4393441.598988,4259826.532413,1796256.248480,-42.212848,-40.587740,255.509657,0.99955976,-0.00000514,0.02966393,0.00058908,0.00014067,-0.05333624,0.00720992,11.1743,1261.6003,585.1304,-0.00248549,-0.00016094,0.764754,-0.00236113,-0.00238146,0.00236110,0.00238144,-0.00130054,-0.00111581,0.00130016,0.00111544,-73.8956,1.5953,22.2052,16.46275947,44.11536646,1261.6003
4.220000,4393441.176497,4259826.126199,1796258.803094,-42.285504,-40.655127,255.413076,0.99956701,-0.00000387,0.02941790,0.00061568,0.00013691,-0.04510376,0.00336403,11.1737,1261.7635,587.7464,-0.00260390,-0.00024244,0.764561,-0.00236113,-0.00238146,0.00236110,0.00238144,-0.00124421,-0.00101112,0.00124395,0.00101086,-73.6919,2.2667,22.9151,16.46278311,44.11536648,1261.7635
4.230000,4393440.753283,4259825.719316,1796261.356714,-42.356972,-40.721103,255.309498,0.99957295,-0.00000325,0.02921523,0.00062197,0.00013042,-0.03610495,-0.00085919,11.1731,1261.9253,590.3619,-0.00264536,-0.00028706,0.764353,-0.00236113,-0.00238146,0.00236110,0.00238144,-0.00118811,-0.00090857,0.00118795,0.00090841,-73.6731,2.6454,23.0480,16.46280675,44.11536650,1261.9253
4.240000,4393440.329359,4259825.311778,1796263.909285,-42.427671,-40.786507,255.204863,0.99957758,-0.00000330,0.02905662,0.00060733,0.00012302,-0.02758351,-0.00496045,11.1725,1262.0860,592.9767,-0.00260064,-0.00029032,0.764123,-0.00236113,-0.00238146,0.00236110,0.00238144,-0.00116059,-0.00085840,0.00116048,0.00085829,-83.1828,2.6676,22.6446,16.46283037,44.11536653,1262.0860
4.250000,4393439.904733,4259824.903588,1796266.460813,-42.497298,-40.851436,255.100700,0.99958106,-0.00000397,0.02893732,0.00057337,0.00011565,-0.02047141,-0.00853939,11.1719,1262.2455,595.5907,-0.00247011,-0.00025213,0.763890,-0.00266604,-0.00274011,0.00266746,0.00274154,-0.00114943,-0.00083807,0.00114934,0.00083798,-82.9376,2.3533,21.6489,16.46285400,44.11536655,1262.2455
4.260000,4393439.479416,4259824.494748,1796269.011300,-42.565867,-40.916470,254.996914,0.99958394,-0.00000508,0.02883861,0.00052575,0.00010951,-0.01936172,-0.01040449,11.1714,1262.4037,598.2041,-0.00226518,-0.00017685,0.763657,-0.00266604,-0.00274011,0.00266746,0.00274154,-0.00138672,-0.00121688,0.00138661,0.00121676,-82.6935,1.5364,21.0331,16.46287761,44.11536657,1262.4037
4.270000,4393439.053419,4259824.085257,1796271.560751,-42.632993,-40.981366,254.891960,0.99958708,-0.00000636,0.02873042,0.00047331,0.00010465,-0.02420811,-0.01046557,11.1708,1262.5607,600.8166,-0.00202163,-0.00007733,0.763426,-0.00266604,-0.00274011,0.00266746,0.00274154,-0.00162804,-0.00160271,0.00162790,0.00160257,-82.4503,0.5448,20.0906,16.46290122,44.11536660,1262.5607
4.280000,4393438.626765,4259823.675124,1796274.109113,-42.697734,-41.045048,254.780335,0.99959115,-0.00000756,0.02858935,0.00042380,0.00010058,-0.03240718,-0.00925401,11.1703,1262.7166,603.4285,-0.00180001,0.00002837,0.763190,-0.00266604,-0.00274011,0.00266746,0.00274154,-0.00174684,-0.00179270,0.00174669,0.00179255,-92.1565,-0.3694,18.7976,16.46292482,44.11536662,1262.7166
4.290000,4393438.199467,4259823.264356,1796276.656359,-42.761611,-41.108755,254.669089,0.99959647,-0.00000852,0.02840343,0.00038256,0.00009701,-0.04202462,-0.00718880,11.1698,1262.8712,606.0396,-0.00164763,0.00012524,0.762934,-0.00254614,-0.00213460,0.00254699,0.00213545,-0.00179510,-0.00186989,0.00179495,0.00186974,-91.8887,-1.1418,17.7361,16.46294842,44.11536664,1262.8712
4.300000,4393437.771532,4259822.852947,1796279.202495,-42.825240,-41.172792,254.556538,0.99960328,-0.00000916,0.02816314,0.00035267,0.00009241,-0.05400674,-0.00474524,11.1693,1263.0247,608.6499,-0.00158728,0.00020320,0.762679,-0.00254614,-0.00213460,0.00254699,0.00213545,-0.00200442,-0.00206476,0.00200431,0.00206465,-91.6220,-1.6977,17.7786,16.46297200,44.11536667,1263.0247
4.310000,4393437.342965,4259822.440901,1796281.747462,-42.888299,-41.236597,254.436866,0.99961179,-0.00000945,0.02785957,0.00033537,0.00008679,-0.06717501,-0.00218288,11.1688,1263.1770,611.2593,-0.00163408,0.00025688,0.762420,-0.00254614,-0.00213460,0.00254699,0.00213545,-0.00220319,-0.00224198,0.00220313,0.00224192,-101.3051,-2.0540,18.5769,16.46299558,44.11536669,1263.1770
4.320000,4393436.913762,4259822.028211,1796284.291231,-42.952482,-41.301578,254.316935,0.99962196,-0.00000939,0.02749247,0.00033091,0.00008093,-0.07927274,0.00035114,11.1683,1263.3281,613.8679,-0.00180312,0.00028449,0.762140,-0.00254614,-0.00213460,0.00254699,0.00213545,-0.00229991,-0.00232754,0.00229987,0.00232749,-101.0143,-2.2253,20.0083,16.46301916,44.11536671,1263.3281
4.330000,4393436.483909,4259821.614864,1796286.833799,-43.018349,-41.368057,254.196717,0.99963345,-0.00000900,0.02707114,0.00033872,0.00007522,-0.08875249,0.00269756,11.1678,1263.4780,616.4756,-0.00209265,0.00028621,0.761862,-0.00297243,-0.00267729,0.00297188,0.00267673,-0.00233901,-0.00236201,0.00233898,0.00236198,-100.7244,-2.2090,22.2025,16.46304272,44.11536674,1263.4780
4.340000,4393436.053387,4259821.200843,1796289.375163,-43.086569,-41.436509,254.076012,0.99964590,-0.00000836,0.02660724,0.00035776,0.00005452,-0.09621970,0.00481687,11.1673,1263.6266,619.0824,-0.00248171,0.00026373,0.761584,-0.00297243,-0.00267729,0.00297188,0.00267673,-0.00246184,-0.00250220,0.00246232,0.00250268,-100.4356,-2.0426,25.4495,16.46306628,44.11536676,1263.6266
4.350000,4393435.622169,4259820.786126,1796291.915317,-43.157485,-41.507086,253.954568,0.99965894,-0.00000758,0.02611223,0.00038653,0.00002005,-0.10114517,0.00656428,11.1668,1263.7740,621.6884,-0.00294374,0.00021962,0.761306,-0.00297243,-0.00267729,0.00297188,0.00267673,-0.00257587,-0.00263482,0.00257688,0.00263583,-100.1479,-1.7159,29.2369,16.46308982,44.11536678,1263.7740
4.360000,4393435.190232,4259820.370698,1796294.454224,-43.230024,-41.578597,253.825415,0.99967214,-0.00000680,0.02560143,0.00042271,-0.00001918,-0.10252988,0.00776717,11.1664,1263.9202,624.2934,-0.00345427,0.00015741,0.761030,-0.00297243,-0.00267729,0.00297188,0.00267673,-0.00263114,-0.00269931,0.00263240,0.00270057,-100.0687,-1.2417,33.2192,16.46311337,44.11536681,1263.9202
4.370000,4393434.757559,4259819.954548,1796296.991823,-43.305155,-41.651883,253.694268,0.99968500,-0.00000609,0.02509352,0.00046332,-0.00005824,-0.10003414,0.00832820,11.1660,1264.0650,626.8976,-0.00398245,0.00008215,0.760732,-0.00349693,-0.00312874,0.00349603,0.00312784,-0.00265344,-0.00272538,0.00265481,0.00272674,-109.5064,-0.6657,37.2489,16.46313690,44.11536683,1264.0650
4.380000,4393434.324121,4259819.537657,1796299.528108,-43.382848,-41.726591,253.562682,0.99969696,-0.00000561,0.02461152,0.00050238,-0.00008919,-0.09226933,0.00716394,11.1655,1264.2084,629.5007,-0.00449115,0.00000009,0.760431,-0.00349693,-0.00312874,0.00349603,0.00312784,-0.00261908,-0.00251984,0.00262028,0.00252104,-109.1957,0.2116,40.7314,16.46316042,44.11536685,1264.2084
4.390000,4393433.889895,4259819.120013,1796302.063075,-43.462606,-41.802393,253.430665,0.99970748,-0.00000553,0.02417999,0.00053161,-0.00011188,-0.08000799,0.00442826,11.1651,1264.3505,632.1029,-0.00493663,-0.00007596,0.760132,-0.00349693,-0.00312874,0.00349603,0.00312784,-0.00257912,-0.00230685,0.00258013,0.00230786,-108.8862,1.0303,43.7521,16.46318394,44.11536687,1264.3505
4.400000,4393433.454864,4259818.701606,1796304.596721,-43.543514,-41.878836,253.297055,0.99971620,-0.00000597,0.02381659,0.00054516,-0.00012979,-0.06521182,0.00093994,11.1647,1264.4911,634.7042,-0.00527195,-0.00012981,0.759832,-0.00349693,-0.00312874,0.00349603,0.00312784,-0.00255905,-0.00220168,0.00255997,0.00220259,-108.5775,1.5385,46.1571,16.46320744,44.11536690,1264.4911
4.410000,4393433.019028,4259818.282439,1796307.128988,-43.623738,-41.954571,253.156433,0.99972299,-0.00000696,0.02352966,0.00054081,-0.00014499,-0.04962264,-0.00268737,11.1643,1264.6303,637.3045,-0.00546439,-0.00015099,0.759529,-0.00421545,-0.00411995,0.00421650,0.00412101,-0.00255083,-0.00215890,0.00255170,0.00215977,-118.2188,1.7192,47.6065,16.46323094,44.11536692,1264.6303
4.420000,4393432.582389,4259817.862513,1796309.659850,-43.703937,-42.030664,253.016035,0.99972806,-0.00000842,0.02331407,0.00051957,-0.00014367,-0.03684433,-0.00578066,11.1639,1264.7680,639.9038,-0.00550082,-0.00013620,0.759206,-0.00421545,-0.00411995,0.00421650,0.00412101,-0.00269926,-0.00233587,0.00269962,0.00233623,-117.8867,1.5350,48.4270,16.46325443,44.11536694,1264.7680
4.430000,4393432.144951,4259817.441826,1796312.189310,-43.783383,-42.106686,252.876065,0.99973181,-0.00001018,0.02315313,0.00048479,-0.00012747,-0.02787662,-0.00807219,11.1635,1264.9043,642.5021,-0.00539342,-0.00008865,0.758884,-0.00421545,-0.00411995,0.00421650,0.00412101,-0.00285051,-0.00252420,0.00285036,0.00252405,-117.5560,1.0963,48.1600,16.46327791,44.11536697,1264.9043
4.440000,4393431.706725,4259817.020381,1796314.717374,-43.861427,-42.182158,252.736725,0.99973470,-0.00001207,0.02302895,0.00044058,-0.00010527,-0.02221137,-0.00953371,11.1631,1265.0392,645.0993,-0.00517879,-0.00001585,0.758563,-0.00421545,-0.00411995,0.00421650,0.00412101,-0.00292499,-0.00261760,0.00292460,0.00261720,-117.2267,0.5013,46.8071,16.46330138,44.11536699,1265.0392
4.450000,4393431.267728,4259816.598185,1796317.244047,-43.937432,-42.256549,252.596690,0.99973709,-0.00001399,0.02292572,0.00039113,-0.00008195,-0.01952519,-0.01016224,11.1627,1265.1726,647.6955,-0.00489594,0.00007356,0.758242,-0.00544916,-0.00523279,0.00544936,0.00523299,-0.00295526,-0.00265565,0.00295476,0.00265515,-116.8989,-0.1946,44.7735,16.46332484,44.11536701,1265.1726
4.460000,4393430.827982,4259816.175252,1796319.769310,-44.011843,-42.330260,252.457317,0.99973945,-0.00001582,0.02282352,0.00034017,-0.00005586,-0.02176505,-0.01014108,11.1623,1265.3045,650.2907,-0.00457840,0.00017099,0.757919,-0.00544916,-0.00523279,0.00544936,0.00523299,-0.00315287,-0.00283022,0.00315221,0.00282956,-126.5212,-0.8978,42.8997,16.46334829,44.11536704,1265.3045
4.470000,4393430.387501,4259815.751586,1796322.293167,-44.083755,-42.402383,252.312832,0.99974231,-0.00001746,0.02269875,0.00029083,-0.00002791,-0.02846881,-0.00952222,11.1620,1265.4351,652.8848,-0.00426498,0.00026905,0.757597,-0.00544916,-0.00523279,0.00544936,0.00523299,-0.00334425,-0.00299652,0.00334345,0.00299572,-116.4518,-1.5961,41.0004,16.46337173,44.11536706,1265.4351
4.480000,4393429.946311,4259815.327205,1796324.815568,-44.154113,-42.473768,252.167559,0.99974606,-0.00001885,0.02253358,0.00024610,-0.00000036,-0.03780250,-0.00831256,11.1616,1265.5643,655.4779,-0.00400250,0.00036156,0.757258,-0.00544916,-0.00523279,0.00544936,0.00523299,-0.00343768,-0.00307748,0.00343682,0.00307662,-125.8464,-2.2647,39.1840,16.46339516,44.11536708,1265.5643
4.490000,4393429.504422,4259814.902112,1796327.336520,-44.223568,-42.544921,252.022790,0.99975089,-0.00001993,0.02231852,0.00020875,0.00002567,-0.04828734,-0.00659462,11.1613,1265.6921,658.0698,-0.00382577,0.00044270,0.756916,-0.00581516,-0.00571404,0.00581535,0.00571423,-0.00347552,-0.00311022,0.00347463,0.00310933,-125.4983,-2.8526,37.8420,16.46341858,44.11536710,1265.6921
4.500000,4393429.061838,4259814.476303,1796329.856024,-44.293128,-42.616806,251.878175,0.99975705,-0.00002068,0.02204117,0.00018246,0.00002955,-0.06254471,-0.00392316,11.1609,1265.8185,660.6607,-0.00375187,0.00050730,0.756575,-0.00581516,-0.00571404,0.00581535,0.00571423,-0.00374486,-0.00347458,0.00374466,0.00347438,-125.1516,-3.4557,38.0758,16.46344199,44.11536713,1265.8185
4.510000,4393428.618561,4259814.049776,1796332.374054,-44.362261,-42.688652,251.726450,0.99976482,-0.00002111,0.02168579,0.00017142,0.00001281,-0.07929937,-0.00053495,11.1606,1265.9435,663.2504,-0.00380007,0.00054801,0.756235,-0.00581516,-0.00571404,0.00581535,0.00571423,-0.00400653,-0.00383303,0.00400703,0.00383352,-124.8064,-3.8740,39.1710,16.46346540,44.11536715,1265.9435
4.520000,4393428.174588,4259813.622525,1796334.890552,-44.432591,-42.761626,251.573091,0.99977422,-0.00002125,0.02124808,0.00017778,-0.00001258,-0.09527829,0.00298367,11.1602,1266.0672,665.8390,-0.00399865,0.00055718,0.755875,-0.00581516,-0.00571404,0.00581535,0.00571423,-0.00413437,-0.00400852,0.00413520,0.00400936,-134.1789,-3.9793,40.9061,16.46348879,44.11536717,1266.0672
4.530000,4393427.729901,4259813.194537,1796337.405514,-44.505040,-42.836263,251.419194,0.99978493,-0.00002115,0.02073765,0.00020104,-0.00004002,-0.10823365,0.00618913,11.1599,1266.1895,668.4265,-0.00435376,0.00053165,0.755512,-0.00726517,-0.00683711,0.00726541,0.00683735,-0.00418614,-0.00407965,0.00418711,0.00408063,-134.0265,-3.7841,43.5491,16.46351217,44.11536719,1266.1895
4.540000,4393427.284474,4259812.765790,1796339.918933,-44.581049,-42.913596,251.264471,0.99979674,-0.00002087,0.02016003,0.00023823,-0.00005795,-0.12200251,0.00852175,11.1596,1266.3104,671.0127,-0.00484328,0.00047338,0.755149,-0.00726517,-0.00683711,0.00726541,0.00683735,-0.00464373,-0.00450147,0.00464445,0.00450219,-133.6597,-3.2692,48.2942,16.46353554,44.11536721,1266.3104
4.550000,4393426.838265,4259812.336254,1796342.430800,-44.661208,-42.994012,251.108729,0.99980955,-0.00002044,0.01951389,0.00028452,-0.00006614,-0.13549251,0.00981617,11.1593,1266.4298,673.5978,-0.00544930,0.00038935,0.754787,-0.00726517,-0.00683711,0.00726541,0.00683735,-0.00509132,-0.00490839,0.00509175,0.00490883,-133.2943,-2.5639,53.8509,16.46355890,44.11536724,1266.4298
4.560000,4393426.391234,4259811.905898,1796344.941104,-44.745641,-43.077584,250.951909,0.99982303,-0.00001995,0.01880960,0.00033488,-0.00006952,-0.14516285,0.01014681,11.1590,1266.5477,676.1817,-0.00617165,0.00028971,0.754426,-0.00726517,-0.00683711,0.00726541,0.00683735,-0.00531023,-0.00510694,0.00531052,0.00510723,-132.9302,-1.7819,59.6345,16.46358225,44.11536726,1266.5477
4.570000,4393425.943338,4259811.474691,1796347.449834,-44.834449,-43.164437,250.793948,0.99983663,-0.00001947,0.01807137,0.00038471,-0.00007093,-0.14903686,0.00961057,11.1587,1266.6641,678.7644,-0.00698899,0.00018467,0.754066,-0.00825785,-0.00795813,0.00825856,0.00795884,-0.00539893,-0.00518731,0.00539916,0.00518754,-132.5676,-0.9864,65.7841,16.46360559,44.11536728,1266.6641
4.580000,4393425.494530,4259811.042597,1796349.956978,-44.927819,-43.254911,250.634730,0.99984981,-0.00001906,0.01732523,0.00043056,-0.00007148,-0.14835619,0.00857141,11.1584,1266.7788,681.3460,-0.00785220,0.00008337,0.753707,-0.00825785,-0.00795813,0.00825856,0.00795884,-0.00556184,-0.00538808,0.00556205,0.00538828,-132.2062,-0.2933,72.5820,16.46362891,44.11536730,1266.7788
4.590000,4393425.044771,4259810.609586,1796352.462496,-45.024214,-43.347645,250.467266,0.99986220,-0.00001877,0.01659377,0.00047022,-0.00007162,-0.14325252,0.00715373,11.1581,1266.8919,683.9264,-0.00870767,-0.00000775,0.753348,-0.00825785,-0.00795813,0.00825856,0.00795884,-0.00570418,-0.00557050,0.00570437,0.00557069,-131.8461,0.3156,79.2868,16.46365223,44.11536732,1266.8919
4.600000,4393424.594033,4259810.175633,1796354.966320,-45.124123,-43.443223,250.297233,0.99987346,-0.00001863,0.01590008,0.00050181,-0.00007156,-0.13339138,0.00537006,11.1578,1267.0033,686.5056,-0.00951135,-0.00008459,0.752969,-0.00825785,-0.00795813,0.00825856,0.00795884,-0.00577236,-0.00565854,0.00577255,0.00565873,-141.2000,0.8433,85.3820,16.46367554,44.11536734,1267.0033
4.610000,4393424.142278,4259809.740712,1796357.468438,-45.227148,-43.541415,250.126346,0.99988332,-0.00001868,0.01526688,0.00052372,-0.00007137,-0.11924902,0.00330825,11.1575,1267.1129,689.0836,-0.01021945,-0.00014372,0.752587,-0.00854641,-0.00842929,0.00854710,0.00842998,-0.00579975,-0.00569402,0.00579994,0.00569421,-140.8165,1.2529,90.6603,16.46369883,44.11536736,1267.1129
4.620000,4393423.689477,4259809.304795,1796359.968843,-45.333391,-43.642316,249.954567,0.99989182,-0.00001894,0.01469892,0.00053315,-0.00007160,-0.10747221,0.00041857,11.1573,1267.2206,691.6603,-0.01078977,-0.00018236,0.752205,-0.00854641,-0.00842929,0.00854710,0.00842998,-0.00632513,-0.00610622,0.00632533,0.00610643,-140.6545,1.6802,96.1843,16.46372212,44.11536738,1267.2206
4.630000,4393423.235601,4259808.867857,1796362.467527,-45.442096,-43.745465,249.782157,0.99989929,-0.00001948,0.01418204,0.00052655,-0.00007221,-0.09894655,-0.00306244,11.1570,1267.3265,694.2358,-0.01121226,-0.00019490,0.751824,-0.00854641,-0.00842929,0.00854710,0.00842998,-0.00684681,-0.00651213,0.00684703,0.00651236,-140.2741,1.9114,100.5730,16.46374539,44.11536740,1267.3265
4.640000,4393422.780630,4259808.429880,1796364.964485,-45.552173,-43.850213,249.609445,0.99990595,-0.00002028,0.01370549,0.00050254,-0.00007293,-0.09144998,-0.00650230,11.1568,1267.4305,696.8101,-0.01151869,-0.00017497,0.751444,-0.00854641,-0.00842929,0.00854710,0.00842998,-0.00710261,-0.00671089,0.00710284,0.00671112,-139.8952,1.8156,103.4031,16.46376865,44.11536742,1267.4305
4.650000,4393422.324555,4259807.990849,1796367.459715,-45.662827,-43.956140,249.436662,0.99991189,-0.00002133,0.01326669,0.00046247,-0.00007361,-0.08394557,-0.00944774,11.1565,1267.5325,699.3831,-0.01173553,-0.00012098,0.751065,-0.00843379,-0.00833715,0.00843339,0.00833675,-0.00720636,-0.00679146,0.00720660,0.00679169,-139.5178,1.4224,105.1786,16.46379191,44.11536744,1267.5325
4.660000,4393421.867370,4259807.550751,1796369.953217,-45.774096,-44.063617,249.263700,0.99991729,-0.00002256,0.01285445,0.00041023,-0.00007908,-0.08087997,-0.01134822,11.1562,1267.6326,701.9549,-0.01187139,-0.00003659,0.750687,-0.00843379,-0.00833715,0.00843339,0.00833675,-0.00759758,-0.00721968,0.00759799,0.00722009,-139.1421,0.7265,107.2517,16.46381515,44.11536746,1267.6326
4.670000,4393421.409077,4259807.109576,1796372.444961,-45.884338,-44.171198,249.083662,0.99992248,-0.00002392,0.01244668,0.00035141,-0.00008896,-0.08215303,-0.01207778,11.1560,1267.7307,704.5255,-0.01194746,0.00006948,0.750310,-0.00843379,-0.00833715,0.00843339,0.00833675,-0.00796582,-0.00763076,0.00796640,0.00763133,-138.9904,-0.1263,108.7903,16.46383837,44.11536749,1267.7307
4.680000,4393420.949678,4259806.667317,1796374.934919,-45.995376,-44.280627,248.907915,0.99992762,-0.00002535,0.01202813,0.00029155,-0.00010040,-0.08516254,-0.01176578,11.1557,1267.8268,707.0949,-0.01200953,0.00018568,0.749913,-0.00843379,-0.00833715,0.00843339,0.00833675,-0.00814471,-0.00783116,0.00814537,0.00783182,-148.1043,-1.0119,109.6179,16.46386159,44.11536751,1267.8268
4.690000,4393420.489175,4259806.223965,1796377.423091,-46.105224,-44.389900,248.726502,0.99993276,-0.00002678,0.01159413,0.00023552,-0.00011187,-0.08829493,-0.01056449,11.1555,1267.9210,709.6630,-0.01208951,0.00030092,0.749530,-0.00738167,-0.00691381,0.00738166,0.00691380,-0.00821699,-0.00791224,0.00821768,0.00791294,-147.9481,-1.8621,110.2481,16.46388480,44.11536753,1267.9210
4.700000,4393420.027572,4259805.779515,1796379.909449,-46.215299,-44.500341,248.545096,0.99993791,-0.00002816,0.01114198,0.00018834,-0.00012254,-0.09237477,-0.00826160,11.1553,1268.0131,712.2298,-0.01219774,0.00040573,0.749131,-0.00738167,-0.00691381,0.00738166,0.00691380,-0.00834626,-0.00810969,0.00834696,0.00811039,-147.5534,-2.7102,111.3181,16.46390799,44.11536755,1268.0131
4.710000,4393419.564867,4259805.333954,1796382.393992,-46.325839,-44.611939,248.363646,0.99994308,-0.00002943,0.01066822,0.00015494,-0.00013226,-0.09688969,-0.00509255,11.1551,1268.1033,714.7953,-0.01233778,0.00049020,0.748732,-0.00738167,-0.00691381,0.00738166,0.00691380,-0.00845876,-0.00828860,0.00845946,0.00828930,-147.1604,-3.3967,112.5600,16.46393118,44.11536757,1268.1033
4.720000,4393419.101053,4259804.887272,1796384.876721,-46.437057,-44.724546,248.182130,0.99994824,-0.00003057,0.01017374,0.00013847,-0.00014119,-0.10062173,-0.00153409,11.1548,1268.1914,717.3595,-0.01251588,0.00054511,0.748335,-0.00738167,-0.00691381,0.00738166,0.00691380,-0.00851261,-0.00837491,0.00851331,0.00837560,-146.7691,-3.8121,113.8608,16.46395435,44.11536759,1268.1914
4.730000,4393418.636122,4259804.439460,1796387.357635,-46.549194,-44.838041,248.000514,0.99995329,-0.00003156,0.00966428,0.00013989,-0.00014944,-0.10285579,0.00201632,11.1546,1268.2775,719.9224,-0.01273006,0.00056516,0.747939,-0.00742572,-0.00673926,0.00742573,0.00673926,-0.00853424,-0.00840968,0.00853493,0.00841037,-146.3794,-3.9432,115.3094,16.46397751,44.11536761,1268.2775
4.740000,4393418.170066,4259803.990509,1796389.836731,-46.662386,-44.952245,247.818801,0.99995813,-0.00003240,0.00914923,0.00015848,-0.00014612,-0.10286468,0.00528892,11.1544,1268.3616,722.4840,-0.01296844,0.00054943,0.747544,-0.00742572,-0.00673926,0.00742573,0.00673926,-0.00850219,-0.00838977,0.00850249,0.00839008,-145.9914,-3.8131,116.7901,16.46400065,44.11536763,1268.3616
4.750000,4393417.702871,4259803.540413,1796392.314010,-46.776740,-45.066987,247.636997,0.99996266,-0.00003306,0.00863970,0.00019219,-0.00013211,-0.10067471,0.00803709,11.1542,1268.4436,725.0444,-0.01321236,0.00050025,0.747150,-0.00742572,-0.00673926,0.00742573,0.00673926,-0.00846474,-0.00836135,0.00846465,0.00836126,-145.6050,-3.4387,118.3054,16.46402379,44.11536765,1268.4436
4.760000,4393417.234527,4259803.089168,1796394.789471,-46.892288,-45.182073,247.455133,0.99996680,-0.00003354,0.00814560,0.00023789,-0.00011389,-0.09675027,0.01005648,11.1540,1268.5236,727.6034,-0.01343973,0.00042243,0.746758,-0.00742572,-0.00673926,0.00742573,0.00673926,-0.00844591,-0.00834670,0.00844563,0.00834642,-145.2202,-2.8555,119.7595,16.46404692,44.11536767,1268.5236
4.770000,4393416.765022,4259802.636772,1796397.263113,-47.008936,-45.297262,247.273273,0.99997051,-0.00003386,0.00767438,0.00029157,-0.00009498,-0.09158983,0.01122140,11.1537,1268.6015,730.1612,-0.01363122,0.00032292,0.746366,-0.00667131,-0.00624694,0.00667127,0.00624690,-0.00843820,-0.00834064,0.00843784,0.00834028,-144.8371,-2.1193,120.9918,16.46407003,44.11536769,1268.6015
4.780000,4393416.294373,4259802.183252,1796399.734809,-47.119567,-45.405409,247.059442,0.99997370,-0.00003410,0.00724404,0.00034688,-0.00008067,-0.08054139,0.01071562,11.1100,1268.6773,732.7177,-0.01377284,0.00021012,0.745976,-0.00667131,-0.00624694,0.00667127,0.00624690,-0.00806143,-0.00783256,0.00806119,0.00783231,-144.4556,-1.1118,120.6654,16.46409313,44.11536771,1268.6773
4.790000,4393415.822632,4259801.728670,1796402.204305,-47.228673,-45.510936,246.839836,0.99997624,-0.00003436,0.00688183,0.00039568,-0.00007107,-0.06451258,0.00864567,11.1100,1268.7510,735.2728,-0.01383471,0.00009755,0.745488,-0.00667131,-0.00624694,0.00667127,0.00624690,-0.00768446,-0.00732314,0.00768434,0.00732302,-188.1390,-0.1200,119.7693,16.46411622,44.11536773,1268.7510
4.800000,4393415.349803,4259801.273039,1796404.671608,-47.337091,-45.614980,246.621049,0.99997811,-0.00003469,0.00660282,0.00043165,-0.00006398,-0.04747102,0.00562732,11.1100,1268.8226,737.8262,-0.01376450,0.00000122,0.744983,-0.00667131,-0.00624694,0.00667127,0.00624690,-0.00749937,-0.00707295,0.00749932,0.00707289,-187.6423,0.6466,118.5801,16.46413929,44.11536775,1268.8226
4.810000,4393414.875895,4259800.816376,1796407.136729,-47.444179,-45.717270,246.403283,0.99997938,-0.00003513,0.00640506,0.00045128,-0.00005815,-0.03219178,0.00215298,11.1100,1268.8922,740.3779,-0.01353343,-0.00006718,0.744480,-0.00633002,-0.00610945,0.00632994,0.00610937,-0.00742426,-0.00697140,0.00742423,0.00697137,-187.1482,1.1493,116.6044,16.46416235,44.11536777,1268.8922
4.820000,4393414.400926,4259800.358701,1796409.599678,-47.549269,-45.817376,246.186773,0.99998020,-0.00003569,0.00627618,0.00045208,-0.00005322,-0.02006390,-0.00185177,11.1100,1268.9597,742.9279,-0.01314803,-0.00010158,0.743978,-0.00633002,-0.00610945,0.00632994,0.00610937,-0.00741207,-0.00687172,0.00741206,0.00687170,-186.6566,1.4870,113.6051,16.46418539,44.11536779,1268.9597
4.830000,4393413.924918,4259799.900037,1796412.060469,-47.651742,-45.915062,245.971702,0.99998070,-0.00003639,0.00619789,0.00043227,-0.00004896,-0.01204287,-0.00603759,11.1100,1269.0252,745.4763,-0.01263631,-0.00009764,0.743478,-0.00633002,-0.00610945,0.00632994,0.00610937,-0.00741802,-0.00679610,0.00741802,0.00679610,-186.1675,1.5369,109.7460,16.46420842,44.11536780,1269.0252
4.840000,4393413.447901,4259799.440408,1796414.519118,-47.751134,-46.010296,245.758179,0.99998102,-0.00003720,0.00614803,0.00039234,-0.00004517,-0.00871448,-0.00985257,11.1100,1269.0887,748.0231,-0.01203735,-0.00005281,0.742980,-0.00633002,-0.00610945,0.00632994,0.00610937,-0.00742243,-0.00676096,0.00742243,0.00676096,-185.6810,1.2356,105.2986,16.46423144,44.11536782,1269.0887
4.850000,4393412.969907,4259798.979839,1796416.975638,-47.847201,-46.103189,245.546233,0.99998132,-0.00003810,0.00610277,0.00033515,-0.00004172,-0.01017367,-0.01290450,11.1100,1269.1503,750.5681,-0.01139693,0.00003074,0.742483,-0.00521224,-0.00516969,0.00521215,0.00516960,-0.00742447,-0.00674702,0.00742447,0.00674703,-185.1971,0.6297,100.5602,16.46425443,44.11536784,1269.1503
4.860000,4393412.490971,4259798.518353,1796419.430048,-47.939491,-46.193691,245.335963,0.99998169,-0.00003905,0.00604539,0.00026651,-0.00003804,-0.01349663,-0.01441924,11.1100,1269.2099,753.1115,-0.01076321,0.00014632,0.741988,-0.00521224,-0.00516969,0.00521215,0.00516960,-0.00715718,-0.00656698,0.00715717,0.00656696,-184.7158,-0.3370,95.2550,16.46427742,44.11536786,1269.2099
4.870000,4393412.011130,4259798.055973,1796421.882363,-48.028180,-46.282056,245.127278,0.99998217,-0.00004000,0.00596760,0.00019431,-0.00003412,-0.01825983,-0.01433442,11.1100,1269.2677,755.6533,-0.01017108,0.00028123,0.741495,-0.00521224,-0.00516969,0.00521215,0.00516960,-0.00688790,-0.00638928,0.00688787,0.00638925,-184.2369,-1.4318,90.2496,16.46430039,44.11536788,1269.2677
4.880000,4393411.530418,4259797.592718,1796424.332598,-48.113803,-46.368673,244.919989,0.99998282,-0.00004090,0.00586009,0.00012570,-0.00003024,-0.02528508,-0.01299743,11.1100,1269.3237,758.1934,-0.00963595,0.00041943,0.741004,-0.00521224,-0.00516969,0.00521215,0.00516960,-0.00675554,-0.00630223,0.00675550,0.00630219,-183.7606,-2.4712,85.9637,16.46432334,44.11536790,1269.3237
4.890000,4393411.048862,4259797.128604,1796426.780767,-48.196927,-46.453889,244.713906,0.99998369,-0.00004172,0.00571126,0.00006621,-0.00002656,-0.03465558,-0.01072186,11.1100,1269.3780,760.7319,-0.00917379,0.00054696,0.740515,-0.00319192,-0.00275567,0.00319187,0.00275561,-0.00670180,-0.00626694,0.00670175,0.00626690,-183.2866,-3.3854,82.3685,16.46434628,44.11536792,1269.3780
4.900000,4393410.566487,4259796.663644,1796429.226880,-48.277955,-46.537962,244.508888,0.99998480,-0.00004244,0.00551311,0.00002089,-0.00002278,-0.04487805,-0.00737522,11.1100,1269.4304,763.2687,-0.00880515,0.00065336,0.740027,-0.00319192,-0.00275567,0.00319187,0.00275561,-0.00656059,-0.00620501,0.00656053,0.00620495,-182.8150,-4.2223,79.2742,16.46436920,44.11536794,1269.4304
4.910000,4393410.083308,4259796.197848,1796431.670948,-48.357539,-46.621199,244.304735,0.99998615,-0.00004304,0.00526315,-0.00000568,-0.00001898,-0.05524220,-0.00327316,11.1100,1269.4812,765.8039,-0.00854413,0.00072890,0.739540,-0.00319192,-0.00275567,0.00319187,0.00275561,-0.00643162,-0.00615128,0.00643155,0.00615121,-182.3457,-4.8247,76.9713,16.46439211,44.11536796,1269.4812
4.920000,4393409.599338,4259795.731222,1796434.112977,-48.436435,-46.703907,244.101223,0.99998769,-0.00004351,0.00496130,-0.00001110,-0.00001537,-0.06550100,0.00103428,11.1100,1269.5303,768.3375,-0.00839294,0.00076531,0.739055,-0.00319192,-0.00275567,0.00319187,0.00275561,-0.00636932,-0.00612558,0.00636924,0.00612550,-181.8786,-5.0914,75.5767,16.46441500,44.11536798,1269.5303
4.930000,4393409.114580,4259795.263771,1796436.552974,-48.515336,-46.786355,243.898150,0.99998938,-0.00004386,0.00460926,0.00000456,-0.00001205,-0.07520164,0.00510396,11.1100,1269.5777,770.8694,-0.00834861,0.00075900,0.738571,-0.00315595,-0.00247658,0.00315505,0.00247568,-0.00634420,-0.00611526,0.00634412,0.00611518,-181.4137,-5.0256,75.0104,16.46443788,44.11536799,1269.5777
4.940000,4393408.629033,4259794.795498,1796438.990942,-48.594172,-46.868228,243.695585,0.99999109,-0.00004409,0.00422189,0.00004015,-0.00000898,-0.07956791,0.00896086,11.1100,1269.6234,773.3997,-0.00840498,0.00071128,0.738089,-0.00315595,-0.00247658,0.00315505,0.00247568,-0.00593770,-0.00577750,0.00593762,0.00577741,-180.9508,-4.7433,74.2061,16.46446075,44.11536801,1269.6234
4.950000,4393408.142696,4259794.326409,1796441.426887,-48.673317,-46.949575,243.493436,0.99999267,-0.00004424,0.00382638,0.00009390,-0.00000614,-0.07846679,0.01232665,11.1100,1269.6675,775.9284,-0.00853339,0.00062512,0.737608,-0.00315595,-0.00247658,0.00315505,0.00247568,-0.00553502,-0.00544035,0.00553493,0.00544026,-180.4901,-4.1895,73.9571,16.46448360,44.11536803,1269.6675
4.960000,4393407.655565,4259793.856508,1796443.860812,-48.753224,-47.030531,243.291583,0.99999405,-0.00004432,0.00344412,0.00016232,-0.00000355,-0.07431413,0.01480188,11.1100,1269.7099,778.4554,-0.00867823,0.00050498,0.737129,-0.00315595,-0.00247658,0.00315505,0.00247568,-0.00533765,-0.00527489,0.00533756,0.00527480,-180.0315,-3.3583,74.3706,16.46450643,44.11536804,1269.7099
4.970000,4393407.167629,4259793.385800,1796446.292720,-48.834008,-47.111011,243.090019,0.99999521,-0.00004435,0.00308633,0.00024033,-0.00000116,-0.06875063,0.01615202,11.1100,1269.7507,780.9809,-0.00879498,0.00035869,0.736651,-0.00268781,-0.00230005,0.00268708,0.00229933,-0.00525760,-0.00520775,0.00525751,0.00520766,-179.5749,-2.3283,74.8979,16.46452926,44.11536806,1269.7507
4.980000,4393406.678888,4259792.914297,1796448.722616,-48.914334,-47.189425,242.889343,0.99999608,-0.00004439,0.00278042,0.00032008,0.00000071,-0.05372304,0.01550945,11.1100,1269.7897,783.5047,-0.00886114,0.00019697,0.736174,-0.00268781,-0.00230005,0.00268708,0.00229933,-0.00450999,-0.00432501,0.00450992,0.00432493,-179.1204,-1.0052,73.1048,16.46455206,44.11536808,1269.7897
4.990000,4393406.189348,4259792.442022,1796451.150511,-48.993624,-47.265326,242.689776,0.99999662,-0.00004446,0.00257031,0.00039184,0.00000218,-0.03069530,0.01299070,11.1100,1269.8272,786.0269,-0.00883037,0.00003637,0.735699,-0.00268781,-0.00230005,0.00268708,0.00229933,-0.00377763,-0.00345363,0.00377757,0.00345357,-178.6679,0.2957,70.7509,16.46457485,44.11536809,1269.8272
5.000000,4393405.699021,4259791.969000,1796453.576416,-49.071515,-47.338735,242.491403,0.99999682,-0.00004462,0.00247981,0.00044784,0.00000345,-0.00615645,0.00925607,11.1100,1269.8630,788.5476,-0.00861791,-0.00010395,0.735225,-0.00268781,-0.00230005,0.00268708,0.00229933,-0.00341934,-0.00302679,0.00341929,0.00302673,-178.2176,1.3435,68.2893,16.46459763,44.11536811,1269.8630
5.010000,4393405.207925,4259791.495257,1796456.000344,-49.147237,-47.409322,242.294467,0.99999674,-0.00004488,0.00250548,0.00048336,0.00000462,0.01552080,0.00485746,11.1100,1269.8972,791.0666,-0.00817713,-0.00020953,0.734752,-0.00108959,-0.00123999,0.00108918,0.00123958,-0.00327416,-0.00285373,0.00327411,0.00285368,-177.7694,2.0833,64.8805,16.46462039,44.11536812,1269.8972
5.020000,4393404.716087,4259791.020825,1796458.422312,-49.219884,-47.476493,242.099285,0.99999642,-0.00004521,0.00262823,0.00049498,0.00001377,0.03248743,-0.00024302,11.1100,1269.9298,793.5840,-0.00751823,-0.00027212,0.734282,-0.00108959,-0.00123999,0.00108918,0.00123958,-0.00320760,-0.00269043,0.00320724,0.00269007,-177.3234,2.6084,60.0650,16.46464314,44.11536814,1269.9298
5.030000,4393404.223541,4259790.545740,1796460.842337,-49.288663,-47.539931,241.906093,0.99999590,-0.00004558,0.00282092,0.00048023,0.00003025,0.04338794,-0.00561992,11.1100,1269.9609,796.0998,-0.00668383,-0.00028564,0.733812,-0.00108959,-0.00123999,0.00108918,0.00123958,-0.00317584,-0.00256816,0.00317518,0.00256750,-176.8796,2.7785,54.1144,16.46466588,44.11536816,1269.9609
5.040000,4393403.730328,4259790.070039,1796463.260441,-49.353017,-47.599609,241.715010,0.99999525,-0.00004596,0.00305074,0.00043938,0.00004932,0.04731129,-0.01062633,11.1100,1269.9905,798.6141,-0.00573151,-0.00024649,0.733344,-0.00108959,-0.00123999,0.00108918,0.00123958,-0.00316311,-0.00251150,0.00316230,0.00251069,-176.4380,2.5203,47.4336,16.46468860,44.11536817,1269.9905
5.050000,4393403.236496,4259789.593760,1796465.676644,-49.412680,-47.655706,241.526048,0.99999454,-0.00004631,0.00328223,0.00037549,0.00006840,0.04412020,-0.01478546,11.1100,1270.0187,801.1267,-0.00472870,-0.00015663,0.732878,-0.00075010,-0.00072229,0.00074910,0.00072129,-0.00315842,-0.00248908,0.00315755,0.00248821,-175.9986,1.8812,40.4285,16.46471130,44.11536819,1270.0187
5.060000,4393402.742092,4259789.116937,1796468.090969,-49.467448,-47.708507,241.339186,0.99999389,-0.00004662,0.00348418,0.00029507,0.00008482,0.03562063,-0.01721304,11.1100,1270.0456,803.6378,-0.00374660,-0.00002346,0.732413,-0.00075010,-0.00072229,0.00074910,0.00072129,-0.00299042,-0.00241814,0.00298959,0.00241731,-175.5613,0.8012,33.2566,16.46473399,44.11536821,1270.0456
5.070000,4393402.247163,4259788.639599,1796470.503434,-49.517685,-47.758517,241.154237,0.99999338,-0.00004686,0.00363215,0.00020712,0.00009843,0.02270840,-0.01779212,11.1100,1270.0712,806.1473,-0.00284749,0.00013863,0.731950,-0.00075010,-0.00072229,0.00074910,0.00072129,-0.00282257,-0.00235220,0.00282180,0.00235143,-175.1260,-0.4676,26.6451,16.46475667,44.11536822,1270.0712
5.080000,4393401.751751,4259788.161773,1796472.914059,-49.564145,-47.806373,240.970908,0.99999313,-0.00004703,0.00370527,0.00012012,0.00011025,0.00589903,-0.01685303,11.1100,1270.0955,808.6552,-0.00207772,0.00031120,0.731488,-0.00075010,-0.00072229,0.00074910,0.00072129,-0.00274019,-0.00232024,0.00273945,0.00231950,-174.6928,-1.7231,21.0660,16.46477933,44.11536824,1270.0955
5.090000,4393401.255890,4259787.683477,1796475.322857,-49.607723,-47.852768,240.788871,0.99999320,-0.00004709,0.00368655,0.00004092,0.00012088,-0.01377488,-0.01470141,11.1100,1270.1187,811.1616,-0.00147499,0.00047756,0.731027,0.00110870,0.00168329,-0.00110957,-0.00168416,-0.00270676,-0.00230734,0.00270603,0.00230661,-174.2615,-2.8814,16.7096,16.46480198,44.11536826,1270.1187
5.100000,4393400.759607,4259787.204724,1796477.729841,-49.648490,-47.897816,240.608083,0.99999360,-0.00004705,0.00357850,-0.00002244,0.00012764,-0.02962655,-0.01056948,11.1100,1270.1407,813.6664,-0.00106861,0.00062450,0.730568,0.00110870,0.00168329,-0.00110957,-0.00168416,-0.00212642,-0.00192586,0.00212581,0.00192525,-173.8320,-4.1265,12.4967,16.46482461,44.11536828,1270.1407
5.110000,4393400.262928,4259786.725524,1796480.135022,-49.687373,-47.942016,240.428250,0.99999421,-0.00004690,0.00340298,-0.00006099,0.00013085,-0.04061462,-0.00485312,11.1100,1270.1616,816.1696,-0.00085308,0.00073579,0.730110,0.00110870,0.00168329,-0.00110957,-0.00168416,-0.00155096,-0.00154539,0.00155046,0.00154489,-173.4045,-5.1037,9.6388,16.46484723,44.11536829,1270.1616
5.120000,4393399.765863,4259786.245885,1796482.538408,-49.725608,-47.985910,240.249007,0.99999494,-0.00004663,0.00317929,-0.00006934,0.00013228,-0.04878981,0.00143709,11.1100,1270.1815,818.6713,-0.00078047,0.00079465,0.729653,0.00110870,0.00168329,-0.00110957,-0.00168416,-0.00126885,-0.00135869,0.00126841,0.00135825,-172.9787,-5.5786,8.4353,16.46486984,44.11536831,1270.1815
5.130000,4393399.268415,4259785.765806,1796484.940004,-49.764087,-48.029751,240.070117,0.99999574,-0.00004627,0.00291894,-0.00004655,0.00013290,-0.05520543,0.00752958,11.1100,1270.2002,821.1714,-0.00080693,0.00079216,0.729197,0.00085132,0.00159119,-0.00085199,-0.00159186,-0.00115444,-0.00128294,0.00115402,0.00128252,-172.5548,-5.5558,8.2936,16.46489243,44.11536832,1270.2002
5.140000,4393398.770579,4259785.285291,1796487.339812,-49.803232,-48.073330,239.891532,0.99999653,-0.00004580,0.00263435,0.00000413,0.00013869,-0.05844207,0.01253381,11.1100,1270.2179,823.6699,-0.00090606,0.00072820,0.728743,0.00085132,0.00159119,-0.00085199,-0.00159186,-0.00099139,-0.00107088,0.00099077,0.00107026,-172.1328,-5.0026,8.4205,16.46491501,44.11536834,1270.2179
5.150000,4393398.272347,4259784.804341,1796489.737835,-49.843412,-48.116620,239.713178,0.99999726,-0.00004524,0.00234121,0.00007633,0.00014941,-0.05862516,0.01610009,11.1100,1270.2346,826.1669,-0.00105232,0.00061105,0.728290,0.00085132,0.00159119,-0.00085199,-0.00159186,-0.00085517,-0.00087602,0.00085434,0.00087519,-171.7125,-4.0853,8.9483,16.46493757,44.11536835,1270.2346
5.160000,4393397.773707,4259784.322960,1796492.134076,-49.884877,-48.159663,239.534992,0.99999788,-0.00004459,0.00205221,0.00016277,0.00016192,-0.05680673,0.01820746,11.1100,1270.2501,828.6624,-0.00121335,0.00045455,0.727838,0.00085132,0.00159119,-0.00085199,-0.00159186,-0.00079050,-0.00078177,0.00078956,0.00078083,-171.2940,-2.9522,9.8198,16.46496012,44.11536837,1270.2501
5.170000,4393397.274645,4259783.841149,1796494.528536,-49.927670,-48.202413,239.356972,0.99999839,-0.00004386,0.00177557,0.00025617,0.00017453,-0.05372179,0.01887732,11.1100,1270.2646,831.1563,-0.00136284,0.00027385,0.727387,0.00110901,0.00128025,-0.00110904,-0.00128028,-0.00076462,-0.00074375,0.00076364,0.00074278,-170.8772,-1.6920,10.7480,16.46498266,44.11536838,1270.2646
5.180000,4393396.775155,4259783.358920,1796496.921219,-49.970597,-48.243434,239.179657,0.99999876,-0.00004309,0.00153758,0.00034679,0.00018530,-0.04147940,0.01712424,11.1100,1270.2781,833.6487,-0.00148439,0.00008379,0.726937,0.00110901,0.00128025,-0.00110904,-0.00128028,-0.00009455,0.00012515,0.00009361,-0.00012610,-170.4623,-0.1432,9.5983,16.46500518,44.11536840,1270.2781
5.190000,4393396.275236,4259782.876289,1796499.312132,-50.013128,-48.282429,239.003220,0.99999896,-0.00004232,0.00138143,0.00042306,0.00019418,-0.02120288,0.01318661,11.1100,1270.2904,836.1396,-0.00153318,-0.00009538,0.726489,0.00110901,0.00128025,-0.00110904,-0.00128028,0.00057300,0.00098969,-0.00057390,-0.00099059,-170.0491,1.3067,8.0390,16.46502769,44.11536841,1270.2904
5.200000,4393395.774896,4259782.393278,1796501.701286,-50.054885,-48.319561,238.827707,0.99999900,-0.00004159,0.00133266,0.00047628,0.00020185,0.00121818,0.00797433,11.1100,1270.3017,838.6289,-0.00142526,-0.00024110,0.726042,0.00110901,0.00128025,-0.00110904,-0.00128028,0.00090051,0.00141375,-0.00090139,-0.00141463,-169.6377,2.3816,6.4882,16.46505019,44.11536842,1270.3017
5.210000,4393395.274144,4259781.909906,1796504.088691,-50.095102,-48.354634,238.653320,0.99999890,-0.00004091,0.00139191,0.00050190,0.00020871,0.02177562,0.00221407,11.1100,1270.3119,841.1167,-0.00111026,-0.00033754,0.725596,0.00155234,0.00144811,-0.00155253,-0.00144829,0.00103338,0.00158578,-0.00103425,-0.00158665,-169.2280,3.0384,4.1355,16.46507267,44.11536844,1270.3119
5.220000,4393394.773001,4259781.426194,1796506.474357,-50.133035,-48.387360,238.480272,0.99999869,-0.00004028,0.00154218,0.00049777,0.00021313,0.03745225,-0.00385581,11.1100,1270.3211,843.6029,-0.00058977,-0.00037712,0.725151,0.00155234,0.00144811,-0.00155253,-0.00144829,0.00099117,0.00161681,-0.00099196,-0.00161761,-168.8200,3.3503,0.7983,16.46509513,44.11536845,1270.3211
5.230000,4393394.271493,4259780.942167,1796508.858301,-50.167904,-48.417489,238.308775,0.99999835,-0.00003972,0.00175577,0.00046352,0.00021532,0.04700936,-0.00975943,11.1100,1270.3294,846.0877,0.00009908,-0.00035679,0.724707,0.00155234,0.00144811,-0.00155253,-0.00144829,0.00091651,0.00160631,-0.00091724,-0.00160704,-168.4138,3.2451,-3.6009,16.46511759,44.11536847,1270.3294
5.240000,4393393.769655,4259780.457853,1796511.240538,-50.199091,-48.444932,238.138969,0.99999792,-0.00003922,0.00200153,0.00040145,0.00021637,0.05029536,-0.01492631,11.1100,1270.3366,848.5709,0.00089783,-0.00027732,0.724265,0.00155234,0.00144811,-0.00155253,-0.00144829,0.00087720,0.00159775,-0.00087789,-0.00159844,-168.0093,2.7024,-8.8162,16.46514003,44.11536848,1270.3366
5.250000,4393393.267525,4259779.973277,1796513.621086,-50.226295,-48.469808,237.970887,0.99999742,-0.00003875,0.00224852,0.00031631,0.00021690,0.04755122,-0.01894420,11.1100,1270.3430,851.0526,0.00174198,-0.00014475,0.723824,0.00256062,0.00259259,-0.00256056,-0.00259252,0.00086080,0.00159371,-0.00086147,-0.00159439,-167.6064,1.7881,-14.4009,16.46516245,44.11536850,1270.3430
5.260000,4393392.765143,4259779.488463,1796515.999962,-50.249400,-48.492589,237.804452,0.99999693,-0.00003833,0.00246758,0.00021726,0.00021147,0.03923914,-0.02047554,11.1100,1270.3486,853.5329,0.00256909,0.00003023,0.723384,0.00256062,0.00259259,-0.00256056,-0.00259252,0.00094620,0.00148159,-0.00094665,-0.00148204,-167.2052,0.3358,-19.8915,16.46518486,44.11536851,1270.3486
5.270000,4393392.262550,4259779.003431,1796518.377180,-50.268764,-48.513677,237.639504,0.99999653,-0.00003793,0.00263294,0.00011685,0.00020066,0.02624015,-0.01950335,11.1100,1270.3533,856.0116,0.00332184,0.00022760,0.722944,0.00256062,0.00259259,-0.00256056,-0.00259252,0.00103609,0.00136989,-0.00103631,-0.00137011,-166.8055,-1.2482,-24.9168,16.46520726,44.11536853,1270.3533
5.280000,4393391.759778,4259778.518194,1796520.752756,-50.285099,-48.533461,237.475815,0.99999629,-0.00003756,0.00272407,0.00002585,0.00018790,0.00974699,-0.01674940,11.1100,1270.3572,858.4888,0.00395093,0.00042207,0.722506,0.00256062,0.00259259,-0.00256056,-0.00259252,0.00108059,0.00131509,-0.00108070,-0.00131519,-166.4074,-2.6603,-29.1527,16.46522965,44.11536854,1270.3572
5.290000,4393391.256855,4259778.032764,1796523.126700,-50.299279,-48.552424,237.313107,0.99999628,-0.00003721,0.00272678,-0.00004825,0.00017506,-0.00889947,-0.01279754,11.1100,1270.3605,860.9645,0.00441851,0.00059300,0.722069,0.00349836,0.00389150,-0.00349870,-0.00389185,0.00109871,0.00129285,-0.00109877,-0.00129291,-166.0109,-3.8240,-32.3353,16.46525202,44.11536856,1270.3605
5.300000,4393390.753798,4259777.547147,1796525.499021,-50.312028,-48.571015,237.151143,0.99999652,-0.00003686,0.00263677,-0.00009930,0.00016418,-0.02712353,-0.00758921,11.1100,1270.3630,863.4387,0.00470028,0.00072645,0.721633,0.00349836,0.00389150,-0.00349870,-0.00389185,0.00126299,0.00134426,-0.00126308,-0.00134436,-165.6159,-4.8176,-34.5670,16.46527438,44.11536857,1270.3630
5.310000,4393390.250616,4259777.061344,1796527.869724,-50.324325,-48.589718,236.989627,0.99999697,-0.00003649,0.00245938,-0.00012213,0.00015535,-0.04365985,-0.00158088,11.1100,1270.3649,865.9114,0.00479109,0.00081082,0.721198,0.00349836,0.00389150,-0.00349870,-0.00389185,0.00142378,0.00140135,-0.00142392,-0.00140149,-165.2225,-5.4618,-35.5252,16.46529672,44.11536859,1270.3649
5.320000,4393389.747310,4259776.575351,1796530.238814,-50.337212,-48.608968,236.828258,0.99999756,-0.00003609,0.00220429,-0.00011454,0.00014776,-0.05803575,0.00450497,11.1100,1270.3661,868.3826,0.00470598,0.00083714,0.720764,0.00349836,0.00389150,-0.00349870,-0.00389185,0.00150243,0.00142984,-0.00150259,-0.00143001,-164.8307,-5.6465,-35.1642,16.46531905,44.11536860,1270.3661
5.330000,4393389.243867,4259776.089161,1796532.606289,-50.351565,-48.629088,236.666790,0.99999822,-0.00003568,0.00188374,-0.00007759,0.00014089,-0.06971393,0.01009863,11.1100,1270.3666,870.8524,0.00446877,0.00080268,0.720332,0.00368779,0.00451011,-0.00368804,-0.00451036,0.00153429,0.00144148,-0.00153447,-0.00144166,-164.4404,-5.3907,-33.7031,16.46534137,44.11536861,1270.3666
5.340000,4393388.740274,4259775.602768,1796534.972150,-50.367497,-48.649679,236.505281,0.99999884,-0.00003526,0.00152300,-0.00001546,0.00013229,-0.07406394,0.01452623,11.1100,1270.3664,873.3206,0.00410753,0.00071109,0.719900,0.00368779,0.00451011,-0.00368804,-0.00451036,0.00190441,0.00185252,-0.00190450,-0.00185261,-164.0519,-4.6854,-32.3294,16.46536367,44.11536863,1270.3664
5.350000,4393388.236512,4259775.116167,1796537.336395,-50.385348,-48.670751,236.343654,0.99999933,-0.00003485,0.00115893,0.00006529,0.00012207,-0.07108350,0.01751778,11.1100,1270.3656,875.7874,0.00367195,0.00057221,0.719470,0.00368779,0.00451011,-0.00368804,-0.00451036,0.00226885,0.00226301,-0.00226886,-0.00226301,-163.6649,-3.6728,-30.4077,16.46538597,44.11536864,1270.3656
5.360000,4393387.732560,4259774.629352,1796539.699022,-50.405390,-48.692414,236.181825,0.99999965,-0.00003449,0.00082186,0.00015741,0.00011152,-0.06335461,0.01906195,11.1100,1270.3640,878.2527,0.00323685,0.00040007,0.719040,0.00368779,0.00451011,-0.00368804,-0.00451036,0.00244730,0.00246449,-0.00244726,-0.00246445,-163.2795,-2.4835,-27.9486,16.46540824,44.11536865,1270.3640
5.370000,4393387.228397,4259774.142318,1796542.060031,-50.427503,-48.714504,236.019846,0.99999983,-0.00003419,0.00053083,0.00025373,0.00010138,-0.05279779,0.01919810,11.1100,1270.3617,880.7166,0.00286407,0.00020964,0.718612,0.00346913,0.00338926,-0.00346932,-0.00338945,0.00251964,0.00254624,-0.00251958,-0.00254618,-162.8958,-1.2049,-25.5906,16.46543051,44.11536866,1270.3617
5.380000,4393386.724007,4259773.655065,1796544.419421,-50.450773,-48.736002,235.858113,0.99999989,-0.00003394,0.00030735,0.00034570,0.00009555,-0.03651524,0.01734609,11.1100,1270.3587,883.1790,0.00259083,0.00001542,0.718185,0.00346913,0.00338926,-0.00346932,-0.00338945,0.00287968,0.00303813,-0.00287976,-0.00303822,-162.5136,0.2364,-24.7384,16.46545276,44.11536868,1270.3587
5.390000,4393386.219381,4259773.167602,1796546.777195,-50.474502,-48.756441,235.696864,0.99999989,-0.00003375,0.00017658,0.00042387,0.00009384,-0.01594369,0.01372753,11.1100,1270.3549,885.6399,0.00245442,-0.00016510,0.717759,0.00346913,0.00338926,-0.00346932,-0.00338945,0.00322419,0.00351294,-0.00322441,-0.00351317,-162.1331,1.5670,-24.7026,16.46547500,44.11536869,1270.3549
5.400000,4393385.714518,4259772.679941,1796549.133360,-50.498024,-48.775611,235.536277,0.99999987,-0.00003361,0.00015067,0.00048106,0.00009411,0.00519777,0.00901004,11.1100,1270.3503,888.0993,0.00250164,-0.00031364,0.717335,0.00346913,0.00338926,-0.00346932,-0.00338945,0.00339204,0.00374463,-0.00339234,-0.00374493,-161.7540,2.5893,-25.3172,16.46549722,44.11536870,1270.3503
5.410000,4393385.209424,4259772.192096,1796551.487924,-50.520493,-48.793153,235.376600,0.99999984,-0.00003352,0.00022579,0.00051316,0.00009511,0.02425277,0.00375708,11.1100,1270.3450,890.5573,0.00275417,-0.00041710,0.716911,0.00345842,0.00332578,-0.00345862,-0.00332598,0.00345994,0.00383842,-0.00346027,-0.00383874,-161.3765,3.2590,-26.9734,16.46551943,44.11536871,1270.3450
5.420000,4393384.704115,4259771.704086,1796553.840897,-50.540932,-48.808354,235.218178,0.99999979,-0.00003347,0.00039099,0.00051665,0.00009546,0.04105770,-0.00236539,11.1100,1270.3390,893.0139,0.00320067,-0.00046861,0.716488,0.00345842,0.00332578,-0.00345862,-0.00332598,0.00355239,0.00409297,-0.00355269,-0.00409328,-161.0004,3.7517,-30.1338,16.46554163,44.11536873,1270.3390
5.430000,4393384.198615,4259771.215938,1796556.192293,-50.558514,-48.820915,235.061239,0.99999968,-0.00003349,0.00063204,0.00048833,0.00009498,0.05445576,-0.00889199,11.1100,1270.3322,895.4690,0.00381419,-0.00046178,0.716066,0.00345842,0.00332578,-0.00345862,-0.00332598,0.00362891,0.00432622,-0.00362918,-0.00432650,-160.6258,3.8498,-34.3435,16.46556382,44.11536874,1270.3322
5.440000,4393383.692957,4259770.727677,1796558.542127,-50.572590,-48.830831,234.905914,0.99999948,-0.00003355,0.00092794,0.00042834,0.00009404,0.06291905,-0.01496565,11.1100,1270.3248,897.9226,0.00456282,-0.00039171,0.715645,0.00345842,0.00332578,-0.00345862,-0.00332598,0.00366516,0.00443898,-0.00366542,-0.00443924,-160.2525,3.4344,-39.2471,16.46558599,44.11536875,1270.3248
5.450000,4393383.187177,4259770.239330,1796560.890416,-50.582704,-48.838172,234.752272,0.99999916,-0.00003365,0.00125195,0.00034050,0.00009290,0.06568419,-0.01997678,11.1100,1270.3168,900.3749,0.00540255,-0.00026049,0.715226,0.00472307,0.00474117,-0.00472303,-0.00474114,0.00367966,0.00448445,-0.00367991,-0.00448470,-159.8807,2.5704,-44.6548,16.46560815,44.11536877,1270.3168
5.460000,4393382.681316,4259769.750919,1796563.237177,-50.588793,-48.843707,234.600163,0.99999874,-0.00003378,0.00156884,0.00023531,0.00009121,0.06015142,-0.02188977,11.1100,1270.3081,902.8256,0.00627868,-0.00007728,0.714807,0.00472307,0.00474117,-0.00472303,-0.00474114,0.00360728,0.00410294,-0.00360751,-0.00410317,-159.5101,0.9628,-49.6950,16.46563029,44.11536878,1270.3081
5.470000,4393382.175414,4259769.262460,1796565.582424,-50.591084,-48.847736,234.449472,0.99999830,-0.00003391,0.00183850,0.00012846,0.00008914,0.04695128,-0.02065921,11.1100,1270.2990,905.2750,0.00712284,0.00013449,0.714388,0.00472307,0.00474117,-0.00472303,-0.00474114,0.00353101,0.00370831,-0.00353122,-0.00370851,-159.1409,-0.8138,-54.5534,16.46565243,44.11536879,1270.2990
5.480000,4393381.669505,4259768.773968,1796567.926171,-50.590147,-48.850402,234.300053,0.99999794,-0.00003402,0.00202856,0.00003312,0.00008707,0.02853167,-0.01732870,11.1100,1270.2893,907.7229,0.00785635,0.00034321,0.713971,0.00472307,0.00474117,-0.00472303,-0.00474114,0.00349325,0.00351350,-0.00349344,-0.00351369,-158.7729,-2.3456,-59.0289,16.46567455,44.11536881,1270.2893
5.490000,4393381.163619,4259768.285455,1796570.268429,-50.586851,-48.852093,234.151651,0.99999775,-0.00003410,0.00211829,-0.00004216,0.00008517,0.00706662,-0.01268982,11.1100,1270.2792,910.1693,0.00841660,0.00052373,0.713554,0.00573074,0.00662941,-0.00573084,-0.00662952,0.00347787,0.00343426,-0.00347806,-0.00343445,-158.4062,-3.5618,-62.5786,16.46569665,44.11536882,1270.2792
5.500000,4393380.657773,4259767.796928,1796572.609206,-50.582248,-48.853396,234.003938,0.99999780,-0.00003413,0.00209675,-0.00009200,0.00008358,-0.01571140,-0.00721853,11.1100,1270.2687,912.6144,0.00876590,0.00066026,0.713139,0.00573074,0.00662941,-0.00573084,-0.00662952,0.00346835,0.00338229,-0.00346855,-0.00338249,-158.0408,-4.4553,-64.8201,16.46571875,44.11536883,1270.2687
5.510000,4393380.151974,4259767.308386,1796574.948509,-50.577454,-48.854918,233.856570,0.99999807,-0.00003413,0.00196162,-0.00011342,0.00008222,-0.03812396,-0.00139122,11.1100,1270.2578,915.0580,0.00888733,0.00074332,0.712724,0.00573074,0.00662941,-0.00573084,-0.00662952,0.00346251,0.00334926,-0.00346271,-0.00334946,-157.6768,-4.9772,-65.6248,16.46574083,44.11536885,1270.2578
5.520000,4393379.646220,4259766.819827,1796577.286338,-50.573558,-48.857232,233.709215,0.99999852,-0.00003408,0.00171868,-0.00010584,0.00008096,-0.05860625,0.00431652,11.1100,1270.2465,917.5002,0.00878139,0.00076834,0.712310,0.00573074,0.00662941,-0.00573084,-0.00662952,0.00345995,0.00333459,-0.00346015,-0.00333479,-157.3141,-5.1034,-64.9887,16.46576290,44.11536886,1270.2465
5.530000,4393379.140497,4259766.331237,1796579.622692,-50.571549,-48.860851,233.561573,0.99999904,-0.00003401,0.00138094,-0.00007089,0.00007971,-0.07585715,0.00949960,11.1100,1270.2348,919.9410,0.00846472,0.00073559,0.711898,0.00545599,0.00609538,-0.00545620,-0.00609559,0.00345896,0.00332890,-0.00345916,-0.00332911,-156.9529,-4.8501,-63.0002,16.46578495,44.11536887,1270.2348
5.540000,4393378.634784,4259765.842607,1796581.957569,-50.571560,-48.865444,233.413687,0.99999952,-0.00003392,0.00097970,-0.00001273,0.00007637,-0.08392482,0.01355650,11.1100,1270.2226,922.3803,0.00796787,0.00064962,0.711486,0.00545599,0.00609538,-0.00545620,-0.00609559,0.00390801,0.00382983,-0.00390813,-0.00382994,-156.5932,-4.1916,-60.9948,16.46580700,44.11536888,1270.2226
5.550000,4393378.129058,4259765.353926,1796584.290965,-50.574036,-48.871164,233.265432,0.99999984,-0.00003383,0.00056171,0.00006242,0.00007111,-0.08257111,0.01626676,11.1100,1270.2101,924.8183,0.00735285,0.00052011,0.711076,0.00545599,0.00609538,-0.00545620,-0.00609559,0.00435980,0.00433489,-0.00435983,-0.00433492,-156.2351,-3.2627,-58.1800,16.46582903,44.11536890,1270.2101
5.560000,4393377.623294,4259764.865180,1796586.622876,-50.579350,-48.878250,233.116674,0.99999997,-0.00003377,0.00016690,0.00014784,0.00006522,-0.07474998,0.01765378,11.1100,1270.1970,927.2548,0.00671504,0.00036034,0.710666,0.00483880,0.00486103,-0.00483919,-0.00486142,0.00458182,0.00458318,-0.00458181,-0.00458317,-155.8784,-2.1851,-54.5733,16.46585105,44.11536891,1270.1970
5.570000,4393377.117462,4259764.376357,1796588.953297,-50.587406,-48.886571,232.967448,0.99999996,-0.00003374,-0.00017783,0.00023701,0.00005938,-0.06268228,0.01777038,11.1100,1270.1835,929.6900,0.00613615,0.00018409,0.710258,0.00492604,0.00454192,-0.00492583,-0.00454172,0.00467195,0.00468399,-0.00467192,-0.00468396,-155.5233,-1.0337,-50.9703,16.46587305,44.11536892,1270.1835
5.580000,4393376.611541,4259763.887451,1796591.282225,-50.597217,-48.894781,232.818231,0.99999985,-0.00003376,-0.00044173,0.00031976,0.00005518,-0.04263929,0.01511771,11.1100,1270.1695,932.1237,0.00566936,0.00000453,0.709851,0.00492604,0.00454192,-0.00492583,-0.00454172,0.00506346,0.00539239,-0.00506348,-0.00539240,-155.1696,0.4941,-49.1530,16.46589504,44.11536893,1270.1695
5.590000,4393376.105516,4259763.398465,1796593.609663,-50.607928,-48.902327,232.669308,0.99999975,-0.00003382,-0.00058917,0.00038288,0.00005262,-0.01638076,0.00998311,11.1100,1270.1549,934.5561,0.00536913,-0.00015685,0.709445,0.00492604,0.00454192,-0.00492583,-0.00454172,0.00543529,0.00608027,-0.00543536,-0.00608034,-154.8174,1.8805,-48.2950,16.46591702,44.11536894,1270.1549
5.600000,4393375.599383,4259762.909408,1796595.935614,-50.618637,-48.909009,232.520899,0.99999973,-0.00003393,-0.00060070,0.00041706,0.00005094,0.01141981,0.00361035,11.1100,1270.1398,936.9870,0.00530246,-0.00027444,0.709040,0.00492604,0.00454192,-0.00492583,-0.00454172,0.00561622,0.00641629,-0.00561631,-0.00641638,-154.4665,2.7741,-48.2298,16.46593899,44.11536895,1270.1398
5.610000,4393375.093147,4259762.420290,1796598.260084,-50.628217,-48.914383,232.373322,0.99999980,-0.00003408,-0.00047717,0.00041840,0.00004963,0.03736311,-0.00307398,11.1100,1270.1241,939.4166,0.00550487,-0.00033159,0.708636,0.00498070,0.00453398,-0.00498075,-0.00453404,0.00568937,0.00655236,-0.00568947,-0.00655247,-154.1170,3.1622,-49.4940,16.46596094,44.11536896,1270.1241
5.620000,4393374.586825,4259761.931125,1796600.583083,-50.635676,-48.918184,232.226831,0.99999990,-0.00003427,-0.00023733,0.00038814,0.00004933,0.05772879,-0.00896325,11.1100,1270.1079,941.8448,0.00596988,-0.00032243,0.708233,0.00498070,0.00453398,-0.00498075,-0.00453404,0.00561880,0.00641298,-0.00561894,-0.00641312,-153.7688,2.9694,-51.9328,16.46598289,44.11536897,1270.1079
5.630000,4393374.080444,4259761.441933,1796602.904625,-50.640082,-48.919958,232.081701,0.99999994,-0.00003448,0.00008738,0.00033136,0.00004988,0.07117687,-0.01363210,11.1100,1270.0912,944.2715,0.00665615,-0.00025150,0.707831,0.00498070,0.00453398,-0.00498075,-0.00453404,0.00553012,0.00623985,-0.00553031,-0.00624004,-153.4218,2.3732,-55.7438,16.46600482,44.11536899,1270.0912
5.640000,4393373.574036,4259760.952734,1796605.224723,-50.640736,-48.919287,231.938155,0.99999986,-0.00003471,0.00046242,0.00025430,0.00005073,0.07780466,-0.01704259,11.1100,1270.0741,946.6970,0.00749655,-0.00013029,0.707429,0.00498070,0.00453398,-0.00498075,-0.00453404,0.00548510,0.00615209,-0.00548531,-0.00615230,-153.0760,1.5190,-60.7215,16.46602673,44.11536900,1270.0741
5.650000,4393373.067641,4259760.463552,1796607.543393,-50.637630,-48.916649,231.796083,0.99999963,-0.00003494,0.00084575,0.00016614,0.00005309,0.07453548,-0.01805980,11.1100,1270.0565,949.1210,0.00841858,0.00002797,0.707028,0.00661335,0.00692499,-0.00661400,-0.00692563,0.00524726,0.00567738,-0.00524753,-0.00567765,-152.7313,0.2119,-65.5613,16.46604864,44.11536901,1270.0565
5.660000,4393372.561296,4259759.974405,1796609.860649,-50.630858,-48.912333,231.655401,0.99999929,-0.00003516,0.00118844,0.00008055,0.00005181,0.06170481,-0.01604237,11.1100,1270.0385,951.5437,0.00933952,0.00020343,0.706628,0.00661335,0.00692499,-0.00661400,-0.00692563,0.00505080,0.00510943,-0.00505093,-0.00510955,-152.3876,-1.3423,-70.3902,16.46607053,44.11536902,1270.0385
5.670000,4393372.055035,4259759.485310,1796612.176505,-50.620865,-48.906384,231.516008,0.99999895,-0.00003537,0.00144996,0.00001069,0.00004642,0.04228800,-0.01181686,11.1100,1270.0201,953.9649,0.01016271,0.00036820,0.706229,0.00661335,0.00692499,-0.00661400,-0.00692563,0.00497116,0.00477390,-0.00497111,-0.00477385,-152.0450,-2.6662,-75.0718,16.46609241,44.11536903,1270.0201
5.680000,4393371.548886,4259758.996282,1796614.490972,-50.608521,-48.899078,231.377672,0.99999871,-0.00003557,0.00160412,-0.00003501,0.00003938,0.01902512,-0.00643966,11.1100,1270.0015,956.3849,0.01080850,0.00049709,0.705830,0.00661335,0.00692499,-0.00661400,-0.00692563,0.00494165,0.00462827,-0.00494151,-0.00462812,-151.7035,-3.5798,-78.9560,16.46611428,44.11536905,1270.0015
5.690000,4393371.042868,4259758.507331,1796616.804061,-50.594921,-48.890940,231.240074,0.99999866,-0.00003577,0.00163719,-0.00005263,0.00003205,-0.00587074,-0.00065394,11.1100,1269.9826,958.8034,0.01122803,0.00057491,0.705432,0.00712946,0.00771847,-0.00712941,-0.00771841,0.00493128,0.00457236,-0.00493110,-0.00457217,-151.3632,-4.0787,-81.5649,16.46613613,44.11536906,1269.9826
5.700000,4393370.536988,4259758.018464,1796619.115775,-50.581205,-48.882621,231.102858,0.99999880,-0.00003596,0.00154595,-0.00004119,0.00002716,-0.03043154,0.00512088,11.1100,1269.9635,961.2206,0.01139875,0.00059543,0.705035,0.00712946,0.00771847,-0.00712941,-0.00771841,0.00494719,0.00454945,-0.00494708,-0.00454935,-151.0239,-4.2060,-82.6884,16.46615797,44.11536907,1269.9635
5.710000,4393370.031241,4259757.529677,1796621.426118,-50.568512,-48.874777,230.965671,0.99999911,-0.00003613,0.00133621,-0.00000181,0.00002469,-0.05302537,0.01046723,11.1100,1269.9441,963.6364,0.01131967,0.00055802,0.704639,0.00712946,0.00771847,-0.00712941,-0.00771841,0.00496555,0.00453970,-0.00496554,-0.00453968,-150.6859,-3.9578,-82.2609,16.46617980,44.11536908,1269.9441
5.720000,4393369.525611,4259757.040964,1796623.735087,-50.557883,-48.868014,230.828185,0.99999948,-0.00003627,0.00102125,0.00006238,0.00002333,-0.07232274,0.01499278,11.1100,1269.9244,966.0509,0.01100791,0.00046625,0.704243,0.00712946,0.00771847,-0.00712941,-0.00771841,0.00497477,0.00453599,-0.00497480,-0.00453602,-150.3493,-3.3556,-80.3625,16.46620162,44.11536909,1269.9244
5.730000,4393369.020073,4259756.552312,1796626.042680,-50.550175,-48.862843,230.690125,0.99999980,-0.00003640,0.00062029,0.00014652,0.00002236,-0.08727301,0.01841258,11.1100,1269.9045,968.4640,0.01049503,0.00032762,0.703849,0.00633991,0.00639479,-0.00633988,-0.00639476,0.00497854,0.00453466,-0.00497859,-0.00453471,-150.0140,-2.4590,-77.1868,16.46622343,44.11536910,1269.9045
5.740000,4393368.514600,4259756.063707,1796628.348889,-50.545145,-48.858444,230.551712,0.99999995,-0.00003650,0.00017524,0.00024123,0.00002647,-0.08993044,0.01921498,11.1100,1269.8844,970.8758,0.00982369,0.00015276,0.703456,0.00633991,0.00639479,-0.00633988,-0.00639476,0.00556014,0.00538388,-0.00556040,-0.00538415,-149.6802,-1.0278,-74.6725,16.46624522,44.11536911,1269.8844
5.750000,4393368.009163,4259755.575142,1796630.653713,-50.542892,-48.854918,230.412900,0.99999991,-0.00003658,-0.00025262,0.00033346,0.00003529,-0.08050136,0.01744216,11.1100,1269.8639,973.2862,0.00907451,-0.00003781,0.703064,0.00633991,0.00639479,-0.00633988,-0.00639476,0.00614404,0.00623813,-0.00614452,-0.00623861,-149.3478,0.4817,-71.6013,16.46626700,44.11536912,1269.8639
5.760000,4393367.503733,4259755.086605,1796632.957146,-50.543415,-48.852651,230.273599,0.99999973,-0.00003662,-0.00061435,0.00041251,0.00004601,-0.06366793,0.01398810,11.1100,1269.8430,975.6953,0.00837068,-0.00021799,0.702673,0.00633991,0.00639479,-0.00633988,-0.00639476,0.00643089,0.00665791,-0.00643147,-0.00665849,-149.0168,1.7438,-67.8811,16.46628877,44.11536913,1269.8430
5.770000,4393366.998287,4259754.598085,1796635.259184,-50.546168,-48.851529,230.133932,0.99999950,-0.00003664,-0.00088145,0.00047166,0.00005704,-0.04287917,0.00953149,11.1100,1269.8218,978.1030,0.00781127,-0.00036756,0.702283,0.00589561,0.00557277,-0.00589615,-0.00557330,0.00654732,0.00682833,-0.00654794,-0.00682895,-148.6871,2.7086,-64.5263,16.46631053,44.11536914,1269.8218
5.780000,4393366.492807,4259754.109575,1796637.559825,-50.550006,-48.850721,229.994300,0.99999934,-0.00003665,-0.00103417,0.00050589,0.00006187,-0.01818363,0.00408055,11.1100,1269.8003,980.5094,0.00745128,-0.00047429,0.701894,0.00589561,0.00557277,-0.00589615,-0.00557330,0.00677390,0.00717350,-0.00677429,-0.00717389,-148.3589,3.4729,-62.7200,16.46633227,44.11536915,1269.8003
5.790000,4393365.987287,4259753.621073,1796639.859072,-50.553839,-48.849617,229.855047,0.99999931,-0.00003669,-0.00105797,0.00051132,0.00006064,0.00840668,-0.00192131,11.1100,1269.7782,982.9144,0.00732417,-0.00052896,0.701507,0.00589561,0.00557277,-0.00589615,-0.00557330,0.00697351,0.00747927,-0.00697365,-0.00747941,-148.0319,3.8913,-62.2555,16.46635401,44.11536916,1269.7782
5.800000,4393365.481734,4259753.132585,1796642.156929,-50.556623,-48.847738,229.716479,0.99999943,-0.00003677,-0.00095096,0.00048686,0.00005663,0.03387191,-0.00780835,11.1100,1269.7558,985.3182,0.00745380,-0.00052516,0.701120,0.00589561,0.00557277,-0.00589615,-0.00557330,0.00706928,0.00762614,-0.00706931,-0.00762616,-147.7061,3.8792,-63.0620,16.46637573,44.11536917,1269.7558
5.810000,4393364.976162,4259752.644123,1796644.453405,-50.557306,-48.844534,229.578920,0.99999964,-0.00003691,-0.00072449,0.00043439,0.00005167,0.05596751,-0.01307116,11.1100,1269.7330,987.7206,0.00783926,-0.00046231,0.700734,0.00639562,0.00638138,-0.00639556,-0.00638132,0.00710778,0.00768520,-0.00710775,-0.00768517,-147.3815,3.4679,-65.2859,16.46639744,44.11536918,1269.7330
5.820000,4393364.470596,4259752.155697,1796646.748510,-50.555376,-48.840145,229.442429,0.99999985,-0.00003710,-0.00040878,0.00036030,0.00004673,0.06942766,-0.01642079,11.1100,1269.7098,990.1216,0.00845294,-0.00034556,0.700348,0.00639562,0.00638138,-0.00639556,-0.00638132,0.00684140,0.00723660,-0.00684136,-0.00723656,-147.0579,2.4954,-67.9963,16.46641913,44.11536920,1269.7098
5.830000,4393363.965065,4259751.667324,1796649.042257,-50.550252,-48.834215,229.307125,0.99999996,-0.00003732,-0.00004892,0.00027462,0.00004214,0.07359532,-0.01769670,11.1100,1269.6862,992.5214,0.00923320,-0.00018961,0.699964,0.00639562,0.00638138,-0.00639556,-0.00638132,0.00656424,0.00677123,-0.00656420,-0.00677119,-146.7475,1.2907,-71.7547,16.46644082,44.11536921,1269.6862
5.840000,4393363.459602,4259751.179019,1796651.334657,-50.541562,-48.826291,229.173117,0.99999993,-0.00003756,0.00031334,0.00018658,0.00003792,0.07043284,-0.01736972,11.1100,1269.6623,994.9198,0.01008706,-0.00001512,0.699580,0.00639562,0.00638138,-0.00639556,-0.00638132,0.00642729,0.00654139,-0.00642726,-0.00654136,-146.5536,0.0998,-76.4559,16.46646249,44.11536922,1269.6623
5.850000,4393362.954245,4259750.690805,1796653.625723,-50.529380,-48.816296,229.040403,0.99999979,-0.00003782,0.00064516,0.00010334,0.00003409,0.06152808,-0.01579942,11.1100,1269.6381,997.3169,0.01092853,0.00015970,0.699196,0.00729746,0.00742566,-0.00729832,-0.00742652,0.00637157,0.00644789,-0.00637153,-0.00644786,-146.3601,-1.0154,-81.3707,16.46648415,44.11536923,1269.6381
5.860000,4393362.449024,4259750.202698,1796655.915468,-50.514341,-48.804836,228.908724,0.99999958,-0.00003807,0.00091529,0.00003211,0.00003531,0.04593645,-0.01260528,11.1100,1269.6137,999.7127,0.01169191,0.00032098,0.698812,0.00729746,0.00742566,-0.00729832,-0.00742652,0.00619299,0.00612107,-0.00619316,-0.00612124,-146.1668,-2.1627,-85.4254,16.46650580,44.11536924,1269.6137
5.870000,4393361.943965,4259749.714711,1796658.203900,-50.497168,-48.792316,228.777855,0.99999940,-0.00003829,0.00109368,-0.00001974,0.00004124,0.02505609,-0.00809391,11.1100,1269.5890,1002.1072,0.01231851,0.00045434,0.698429,0.00729746,0.00742566,-0.00729832,-0.00742652,0.00602694,0.00581511,-0.00602732,-0.00581549,-145.9738,-3.1148,-88.7172,16.46652744,44.11536926,1269.5890
5.880000,4393361.439085,4259749.226853,1796660.491027,-50.478701,-48.779090,228.647562,0.99999932,-0.00003844,0.00116055,-0.00004729,0.00004910,0.00158246,-0.00294649,11.1100,1269.5642,1004.5004,0.01275164,0.00054589,0.698045,0.00729746,0.00742566,-0.00729832,-0.00742652,0.00594646,0.00566663,-0.00594693,-0.00566710,-145.7812,-3.7170,-91.1319,16.46654907,44.11536927,1269.5642
5.890000,4393360.934392,4259748.739129,1796662.776852,-50.459943,-48.765679,228.517546,0.99999938,-0.00003853,0.00110851,-0.00004873,0.00005732,-0.02225657,0.00229660,11.1100,1269.5392,1006.8922,0.01295543,0.00058721,0.697663,0.00804280,0.00850074,-0.00804401,-0.00850195,0.00591397,0.00560666,-0.00591448,-0.00560717,-145.5889,-3.9600,-92.3129,16.46657068,44.11536928,1269.5392
5.900000,4393360.429885,4259748.251540,1796665.061378,-50.441673,-48.752282,228.387623,0.99999955,-0.00003856,0.00094597,-0.00002593,0.00006037,-0.04240345,0.00669607,11.1100,1269.5141,1009.2827,0.01291978,0.00057600,0.697281,0.00804280,0.00850074,-0.00804401,-0.00850195,0.00607964,0.00587183,-0.00607996,-0.00587215,-145.3970,-3.7362,-92.6282,16.46659228,44.11536929,1269.5141
5.910000,4393359.925554,4259747.764083,1796667.344605,-50.424777,-48.739447,228.257512,0.99999976,-0.00003858,0.00069465,0.00001615,0.00005835,-0.05761302,0.00997860,11.1100,1269.4888,1011.6720,0.01266454,0.00051772,0.696899,0.00804280,0.00850074,-0.00804401,-0.00850195,0.00625410,0.00615300,-0.00625421,-0.00615311,-145.2055,-3.2239,-91.6063,16.46661387,44.11536930,1269.4888
5.920000,4393359.421382,4259747.276748,1796669.626527,-50.410040,-48.727794,228.126929,0.99999993,-0.00003861,0.00037844,0.00007216,0.00005405,-0.06825440,0.01224589,11.1100,1269.4634,1014.0599,0.01223754,0.00042317,0.696518,0.00804280,0.00850074,-0.00804401,-0.00850195,0.00634046,0.00629234,-0.00634047,-0.00629235,-145.0146,-2.5611,-89.2457,16.46663545,44.11536931,1269.4634
5.930000,4393358.917344,4259746.789521,1796671.907141,-50.397969,-48.717724,227.995690,0.99999999,-0.00003865,0.00001982,0.00013714,0.00004906,-0.07452128,0.01355416,11.1100,1269.4378,1016.4465,0.01169094,0.00030348,0.696138,0.00780082,0.00830833,-0.00780021,-0.00830772,0.00637563,0.00634911,-0.00637560,-0.00634907,-144.8241,-1.7898,-85.9804,16.46665702,44.11536932,1269.4378
5.940000,4393358.413415,4259746.302390,1796674.186440,-50.388359,-48.708926,227.863902,0.99999992,-0.00003870,-0.00035094,0.00020573,0.00005151,-0.07313323,0.01369052,11.1100,1269.4120,1018.8318,0.01107252,0.00016887,0.695758,0.00780082,0.00830833,-0.00780021,-0.00830772,0.00670918,0.00674130,-0.00670945,-0.00674157,-144.6343,-0.8947,-82.9747,16.46667857,44.11536933,1269.4120
5.950000,4393357.909570,4259745.815340,1796676.464418,-50.381141,-48.701367,227.731581,0.99999972,-0.00003872,-0.00069652,0.00027221,0.00006116,-0.06454616,0.01272245,11.1100,1269.3859,1021.2158,0.01044122,0.00003039,0.695379,0.00780082,0.00830833,-0.00780021,-0.00830772,0.00703604,0.00712188,-0.00703663,-0.00712248,-144.4449,0.0079,-79.8243,16.46670011,44.11536934,1269.3859
5.960000,4393357.405785,4259745.328359,1796678.741070,-50.376172,-48.695053,227.598745,0.99999946,-0.00003869,-0.00098719,0.00033164,0.00007377,-0.05131179,0.01089119,11.1100,1269.3596,1023.5985,0.00987141,-0.00010061,0.695001,0.00780082,0.00830833,-0.00780021,-0.00830772,0.00719595,0.00730777,-0.00719671,-0.00730853,-144.2561,0.8239,-76.5955,16.46672165,44.11536935,1269.3596
5.970000,4393356.902041,4259744.841435,1796681.016391,-50.373003,-48.689732,227.465531,0.99999920,-0.00003861,-0.00120462,0.00038024,0.00008698,-0.03542814,0.00842249,11.1100,1269.3330,1025.9799,0.00942217,-0.00021470,0.694624,0.00757233,0.00770272,-0.00757155,-0.00770195,0.00726075,0.00738304,-0.00726157,-0.00738387,-144.0678,1.5119,-73.8399,16.46674316,44.11536936,1269.3330
5.980000,4393356.398323,4259744.354565,1796683.290381,-50.370610,-48.684469,227.332337,0.99999903,-0.00003848,-0.00133143,0.00041395,0.00010262,-0.01527024,0.00497094,11.1100,1269.3061,1028.3600,0.00912795,-0.00030486,0.694247,0.00757233,0.00770272,-0.00757155,-0.00770195,0.00754963,0.00779296,-0.00755060,-0.00779393,-143.8799,2.1736,-72.6377,16.46676467,44.11536937,1269.3061
5.990000,4393355.894629,4259743.867749,1796685.563039,-50.368157,-48.678730,227.199441,0.99999900,-0.00003829,-0.00134993,0.00042847,0.00012014,0.00766333,0.00079372,11.1100,1269.2789,1030.7389,0.00901752,-0.00036314,0.693871,0.00757233,0.00770272,-0.00757155,-0.00770195,0.00782440,0.00818693,-0.00782550,-0.00818803,-143.6926,2.6322,-72.4832,16.46678617,44.11536938,1269.2789
6.000000,4393355.390963,4259743.380993,1796687.834371,-50.364878,-48.672173,227.067062,0.99999912,-0.00003802,-0.00125403,0.00042160,0.00013780,0.03026185,-0.00354078,11.1100,1269.2513,1033.1164,0.00912200,-0.00038179,0.693496,0.00757233,0.00770272,-0.00757155,-0.00770195,0.00795814,0.00837902,-0.00795931,-0.00838019,-143.5056,2.7776,-73.2200,16.46680765,44.11536939,1269.2513
6.010000,4393354.887337,4259742.894310,1796690.104383,-50.359935,-48.664344,226.935457,0.99999937,-0.00003769,-0.00105113,0.00039362,0.00015467,0.05026583,-0.00760192,11.1100,1269.2234,1035.4926,0.00945011,-0.00035758,0.693120,0.00699178,0.00676187,-0.00699258,-0.00676267,0.00801222,0.00845676,-0.00801341,-0.00845795,-143.3190,2.6247,-75.0855,16.46682913,44.11536940,1269.2234
6.020000,4393354.383772,4259742.407712,1796692.373084,-50.352663,-48.654877,226.804829,0.99999965,-0.00003733,-0.00075988,0.00034648,0.00015585,0.06544995,-0.01117139,11.1100,1269.1952,1037.8676,0.00998305,-0.00029222,0.692746,0.00699178,0.00676187,-0.00699258,-0.00676267,0.00794624,0.00841715,-0.00794679,-0.00841771,-143.1328,2.2298,-77.9291,16.46685059,44.11536941,1269.1952
6.030000,4393353.880294,4259741.921219,1796694.640484,-50.342447,-48.643419,226.675365,0.99999988,-0.00003701,-0.00040672,0.00028320,0.00014227,0.07495238,-0.01403250,11.1100,1269.1668,1040.2413,0.01068026,-0.00019039,0.692371,0.00699178,0.00676187,-0.00699258,-0.00676267,0.00786679,0.00835851,-0.00786670,-0.00835842,-142.9469,1.6140,-81.7485,16.46687204,44.11536942,1269.1668
6.040000,4393353.376934,4259741.434851,1796696.906595,-50.328839,-48.629731,226.547198,0.99999998,-0.00003678,-0.00002016,0.00020780,0.00012244,0.07877840,-0.01599609,11.1100,1269.1381,1042.6136,0.01148592,-0.00005888,0.691997,0.00699178,0.00676187,-0.00699258,-0.00676267,0.00782669,0.00832815,-0.00782628,-0.00832774,-142.7612,0.8145,-86.3229,16.46689347,44.11536944,1269.1381
6.050000,4393352.873729,4259740.948632,1796699.171432,-50.311662,-48.613753,226.420367,0.99999992,-0.00003665,0.00037182,0.00012507,0.00010113,0.07715968,-0.01696012,11.1100,1269.1092,1044.9847,0.01234076,0.00009365,0.691623,0.00805790,0.00827692,-0.00805807,-0.00827708,0.00781023,0.00831557,-0.00780969,-0.00831503,-142.5758,-0.1091,-91.2654,16.46691490,44.11536945,1269.1092
6.060000,4393352.370712,4259740.462582,1796701.435007,-50.291114,-48.595889,226.294741,0.99999973,-0.00003662,0.00073942,0.00004168,0.00007902,0.06911897,-0.01627396,11.1100,1269.0802,1047.3546,0.01318815,0.00025729,0.691249,0.00805790,0.00827692,-0.00805807,-0.00827708,0.00772289,0.00809564,-0.00772225,-0.00809500,-142.3907,-1.2415,-95.8794,16.46693631,44.11536946,1269.0802
6.070000,4393351.867917,4259739.976719,1796703.697330,-50.267566,-48.576402,226.170190,0.99999945,-0.00003671,0.00105233,-0.00003436,0.00005693,0.05543633,-0.01404006,11.1100,1269.0511,1049.7231,0.01397026,0.00041808,0.690876,0.00805790,0.00827692,-0.00805807,-0.00827708,0.00763907,0.00787756,-0.00763835,-0.00787685,-142.2057,-2.3443,-100.1419,16.46695772,44.11536947,1269.0511
6.080000,4393351.365369,4259739.491058,1796705.958413,-50.241583,-48.555545,226.046550,0.99999917,-0.00003688,0.00128674,-0.00009655,0.00003579,0.03790417,-0.01077580,11.1100,1269.0218,1052.0903,0.01462846,0.00056023,0.690502,0.00805790,0.00827692,-0.00805807,-0.00827708,0.00759821,0.00777066,-0.00759746,-0.00776990,-142.0210,-3.2470,-103.8636,16.46697911,44.11536948,1269.0218
6.090000,4393350.863091,4259739.005611,1796708.218264,-50.213920,-48.533736,225.923592,0.99999897,-0.00003715,0.00142743,-0.00014080,0.00001599,0.01816109,-0.00690453,11.1100,1268.9926,1054.4563,0.01511763,0.00067169,0.690129,0.00908996,0.00991957,-0.00908994,-0.00991955,0.00758168,0.00772730,-0.00758092,-0.00772653,-141.8365,-3.9142,-106.6923,16.46700049,44.11536949,1268.9926
6.100000,4393350.361092,4259738.520382,1796710.476886,-50.185734,-48.511940,225.800896,0.99999892,-0.00003746,0.00146052,-0.00016340,0.00001011,-0.00490136,-0.00216622,11.1100,1268.9633,1056.8210,0.01541099,0.00074520,0.689756,0.00908996,0.00991957,-0.00908994,-0.00991955,0.00736925,0.00737688,-0.00736904,-0.00737667,-141.6524,-4.4723,-107.8104,16.46702186,44.11536950,1268.9633
6.110000,4393349.859374,4259738.035369,1796712.734281,-50.158015,-48.490752,225.678155,0.99999904,-0.00003775,0.00137319,-0.00016085,0.00001719,-0.02976058,0.00309853,11.1100,1268.9340,1059.1844,0.01548736,0.00077382,0.689383,0.00908996,0.00991957,-0.00908994,-0.00991955,0.00715965,0.00703503,-0.00716000,-0.00703538,-141.4686,-4.7498,-107.6718,16.46704321,44.11536951,1268.9340
6.120000,4393349.357927,4259737.550564,1796714.990448,-50.131670,-48.470581,225.555120,0.99999931,-0.00003798,0.00116358,-0.00013214,0.00002984,-0.05357997,0.00824550,11.1100,1268.9047,1061.5466,0.01532602,0.00075168,0.689011,0.00908996,0.00991957,-0.00908994,-0.00991955,0.00705699,0.00686791,-0.00705761,-0.00686854,-141.2852,-4.6471,-106.4448,16.46706456,44.11536952,1268.9047
6.130000,4393348.856733,4259737.065953,1796717.245382,-50.107613,-48.451907,225.431522,0.99999964,-0.00003812,0.00084222,-0.00007906,0.00004392,-0.07426371,0.01280072,11.1100,1268.8753,1063.9074,0.01492734,0.00067817,0.688639,0.00905258,0.00965243,-0.00905171,-0.00965156,0.00701536,0.00680021,-0.00701610,-0.00680095,-141.1022,-4.1990,-103.9832,16.46708589,44.11536953,1268.8753
6.140000,4393348.355767,4259736.581522,1796719.499077,-50.086127,-48.434479,225.307367,0.99999990,-0.00003820,0.00043931,-0.00000725,0.00005276,-0.08608392,0.01570804,11.1100,1268.8459,1066.2670,0.01431675,0.00055810,0.688269,0.00905258,0.00965243,-0.00905171,-0.00965156,0.00737880,0.00731353,-0.00737935,-0.00731408,-140.9198,-3.2878,-101.3315,16.46710721,44.11536954,1268.8459
6.150000,4393347.855001,4259736.097259,1796721.751527,-50.067685,-48.418585,225.182502,1.00000000,-0.00003825,0.00000075,0.00007465,0.00005619,-0.08850570,0.01682902,11.1100,1268.8165,1068.6253,0.01355481,0.00040438,0.687899,0.00905258,0.00965243,-0.00905171,-0.00965156,0.00775434,0.00784610,-0.00775469,-0.00784644,-140.7379,-2.1835,-97.7652,16.46712853,44.11536955,1268.8165
6.160000,4393347.354402,4259735.613145,1796724.002724,-50.052634,-48.404631,225.056764,0.99999989,-0.00003828,-0.00043217,0.00015861,0.00005701,-0.08389013,0.01653703,11.1100,1268.7869,1070.9824,0.01273569,0.00023478,0.687530,0.00905258,0.00965243,-0.00905171,-0.00965156,0.00793970,0.00810913,-0.00793994,-0.00810937,-140.5566,-1.0870,-93.3044,16.46714982,44.11536956,1268.7869
6.170000,4393346.853937,4259735.129160,1796726.252659,-50.040893,-48.392663,224.930151,0.99999963,-0.00003832,-0.00082866,0.00023826,0.00005686,-0.07404664,0.01512320,11.1100,1268.7572,1073.3382,0.01194434,0.00006516,0.687161,0.00838561,0.00878212,-0.00838682,-0.00878333,0.00801509,0.00821614,-0.00801528,-0.00821633,-140.3758,-0.0530,-88.6810,16.46717111,44.11536957,1268.7572
6.180000,4393346.353577,4259734.645289,1796728.501326,-50.031552,-48.381690,224.803046,0.99999929,-0.00003837,-0.00115462,0.00030600,0.00005499,-0.05586370,0.01181421,11.1100,1268.7274,1075.6927,0.01124229,-0.00009212,0.686794,0.00838561,0.00878212,-0.00838682,-0.00878333,0.00840983,0.00883960,-0.00840994,-0.00883971,-140.1956,1.1124,-85.4683,16.46719239,44.11536957,1268.7274
6.190000,4393345.853301,4259734.161526,1796730.748720,-50.023844,-48.371256,224.675690,0.99999900,-0.00003844,-0.00137200,0.00035308,0.00005178,-0.03087266,0.00690722,11.1100,1268.6973,1078.0460,0.01069182,-0.00022154,0.686427,0.00838561,0.00878212,-0.00838682,-0.00878333,0.00878847,0.00944056,-0.00878851,-0.00944060,-140.0159,2.0910,-83.0563,16.46721365,44.11536958,1268.6973
6.200000,4393345.353098,4259733.677864,1796732.994840,-50.016969,-48.361115,224.548286,0.99999887,-0.00003854,-0.00145680,0.00037365,0.00004813,-0.00310560,0.00127199,11.1100,1268.6670,1080.3980,0.01036521,-0.00030644,0.686061,0.00838561,0.00878212,-0.00838682,-0.00878333,0.00897303,0.00973374,-0.00897303,-0.00973375,-139.8366,2.6714,-81.3746,16.46723491,44.11536959,1268.6670
6.210000,4393344.852963,4259733.194304,1796735.239686,-50.009894,-48.350764,224.421139,0.99999895,-0.00003866,-0.00140275,0.00036572,0.00004444,0.02439411,-0.00443785,11.1100,1268.6364,1082.7487,0.01030721,-0.00033676,0.685696,0.00792230,0.00783973,-0.00792174,-0.00783917,0.00904771,0.00985241,-0.00904769,-0.00985240,-139.6578,2.8551,-80.9462,16.46725615,44.11536960,1268.6364
6.220000,4393344.352904,4259732.710851,1796737.483264,-50.001545,-48.339700,224.294562,0.99999920,-0.00003884,-0.00121791,0.00033100,0.00003418,0.04896602,-0.00938679,11.1100,1268.6056,1085.0982,0.01052554,-0.00031001,0.685331,0.00792230,0.00783973,-0.00792174,-0.00783917,0.00906206,0.00980141,-0.00906174,-0.00980109,-139.4794,2.5853,-81.8910,16.46727738,44.11536961,1268.6056
6.230000,4393343.852940,4259732.227515,1796739.725581,-49.990933,-48.327308,224.168874,0.99999954,-0.00003908,-0.00092089,0.00027413,0.00001781,0.06907829,-0.01326574,11.1100,1268.5746,1087.4465,0.01099908,-0.00023131,0.684966,0.00792230,0.00783973,-0.00792174,-0.00783917,0.00905842,0.00972138,-0.00905779,-0.00972075,-139.3012,2.0055,-84.2960,16.46729860,44.11536962,1268.5746
6.240000,4393343.353096,4259731.744311,1796741.966646,-49.977258,-48.313005,224.044347,0.99999984,-0.00003943,-0.00053613,0.00020048,-0.00000079,0.08393050,-0.01606598,11.1100,1268.5434,1089.7935,0.01168561,-0.00011094,0.684602,0.00792230,0.00783973,-0.00792174,-0.00783917,0.00905515,0.00967971,-0.00905437,-0.00967893,-139.1234,1.2315,-88.0119,16.46731981,44.11536963,1268.5434
6.250000,4393342.853407,4259731.261262,1796744.206472,-49.959954,-48.296378,223.921168,0.99999999,-0.00003987,-0.00009133,0.00011553,-0.00001949,0.09301579,-0.01777543,11.1100,1268.5119,1092.1392,0.01253191,0.00003972,0.684237,0.00796303,0.00791144,-0.00796424,-0.00791265,0.00905357,0.00966241,-0.00905273,-0.00966156,-138.9458,0.3144,-92.7145,16.46734101,44.11536964,1268.5119
6.260000,4393342.353908,4259730.778390,1796746.445073,-49.939034,-48.277596,223.799282,0.99999993,-0.00004037,0.00037761,0.00002559,-0.00002126,0.09359695,-0.01806121,11.1100,1268.4804,1094.4837,0.01347943,0.00020934,0.683873,0.00796303,0.00791144,-0.00796424,-0.00791265,0.00881592,0.00934663,-0.00881580,-0.00934651,-138.7684,-0.7706,-97.4614,16.46736219,44.11536965,1268.4804
6.270000,4393341.854637,4259730.295717,1796748.682462,-49.914527,-48.256661,223.678674,0.99999965,-0.00004084,0.00082874,-0.00006234,-0.00000687,0.08598032,-0.01698347,11.1100,1268.4487,1096.8270,0.01445699,0.00038479,0.683509,0.00796303,0.00791144,-0.00796424,-0.00791265,0.00857735,0.00903333,-0.00857797,-0.00903394,-138.5911,-1.8735,-102.4302,16.46738337,44.11536966,1268.4487
6.280000,4393341.355629,4259729.813264,1796750.918651,-49.886631,-48.233595,223.559295,0.99999924,-0.00004121,0.00122607,-0.00014215,0.00001444,0.07222577,-0.01483720,11.1100,1268.4170,1099.1690,0.01538073,0.00055214,0.683145,0.00796303,0.00791144,-0.00796424,-0.00791265,0.00846016,0.00887973,-0.00846113,-0.00888070,-138.4141,-2.8765,-107.4289,16.46740453,44.11536967,1268.4170
6.290000,4393340.856914,4259729.331051,1796753.153651,-49.855866,-48.208692,223.440985,0.99999879,-0.00004146,0.00154330,-0.00020914,0.00003753,0.05413071,-0.01189254,11.1100,1268.3852,1101.5097,0.01617935,0.00069970,0.682781,0.01014206,0.01119497,-0.01014209,-0.01119500,0.00841259,0.00881743,-0.00841371,-0.00881855,-138.2371,-3.7316,-111.9009,16.46742568,44.11536968,1268.3852
6.300000,4393340.358518,4259728.849092,1796755.387472,-49.823212,-48.182866,223.323367,0.99999842,-0.00004163,0.00175675,-0.00025801,0.00004668,0.03095031,-0.00762931,11.1100,1268.3535,1103.8492,0.01680279,0.00081875,0.682417,0.01014206,0.01119497,-0.01014209,-0.01119500,0.00823030,0.00845945,-0.00823086,-0.00846000,-138.0604,-4.5854,-114.9147,16.46744682,44.11536968,1268.3535
6.310000,4393339.860453,4259728.367394,1796757.620120,-49.789641,-48.156726,223.206136,0.99999826,-0.00004178,0.00184499,-0.00028289,0.00004206,0.00430980,-0.00235448,11.1100,1268.3219,1106.1875,0.01720962,0.00089875,0.682054,0.01014206,0.01119497,-0.01014209,-0.01119500,0.00805854,0.00811458,-0.00805848,-0.00811452,-137.8839,-5.1990,-116.7250,16.46746795,44.11536969,1268.3219
6.320000,4393339.362724,4259727.885957,1796759.851595,-49.756152,-48.130745,223.089015,0.99999834,-0.00004196,0.00179787,-0.00028057,0.00003127,-0.02293194,0.00319524,11.1100,1268.2903,1108.5245,0.01736194,0.00092900,0.681690,0.01014206,0.01119497,-0.01014209,-0.01119500,0.00797508,0.00794635,-0.00797472,-0.00794599,-137.7077,-5.4225,-117.3632,16.46748907,44.11536970,1268.2903
6.330000,4393338.865326,4259727.404776,1796762.081899,-49.723815,-48.105506,222.971693,0.99999866,-0.00004218,0.00161806,-0.00025106,0.00001854,-0.04851650,0.00846698,11.1100,1268.2588,1110.8602,0.01724404,0.00090461,0.681327,0.00970362,0.01004485,-0.00970396,-0.01004520,0.00794136,0.00787826,-0.00794088,-0.00787778,-137.5319,-5.2741,-116.6012,16.46751018,44.11536971,1268.2588
6.340000,4393338.368241,4259726.923842,1796764.311028,-49.693628,-48.081582,222.853869,0.99999911,-0.00004243,0.00131862,-0.00019686,0.00001909,-0.07058028,0.01302670,11.1100,1268.2273,1113.1948,0.01686651,0.00082699,0.680965,0.00970362,0.01004485,-0.00970396,-0.01004520,0.00794336,0.00787854,-0.00794346,-0.00787864,-137.3565,-4.7862,-114.4426,16.46753127,44.11536972,1268.2273
6.350000,4393337.871443,4259726.443139,1796766.538974,-49.666461,-48.059517,222.735268,0.99999957,-0.00004263,0.00092031,-0.00012222,0.00003262,-0.08790689,0.01660885,11.1100,1268.1960,1115.5281,0.01626038,0.00070235,0.680604,0.00970362,0.01004485,-0.00970396,-0.01004520,0.00795354,0.00789531,-0.00795425,-0.00789602,-137.1816,-4.0242,-110.9742,16.46755236,44.11536972,1268.1960
6.360000,4393337.374899,4259725.962644,1796768.765730,-49.642984,-48.039749,222.615671,0.99999990,-0.00004274,0.00044876,-0.00003243,0.00005152,-0.09977649,0.01906539,11.1100,1268.1646,1117.8601,0.01547168,0.00054012,0.680243,0.00970362,0.01004485,-0.00970396,-0.01004520,0.00795921,0.00790490,-0.00796022,-0.00790591,-137.0072,-3.0571,-106.4193,16.46757343,44.11536973,1268.1646
6.370000,4393336.878570,4259725.482335,1796770.991284,-49.623625,-48.022567,222.494930,0.99999999,-0.00004275,-0.00006764,0.00006666,0.00007159,-0.10580542,0.02031800,11.1100,1268.1332,1120.1909,0.01455518,0.00035152,0.679883,0.00893627,0.00904610,-0.00893735,-0.00904718,0.00796162,0.00790902,-0.00796275,-0.00791015,-136.8334,-1.9505,-101.0954,16.46759449,44.11536974,1268.1332
6.380000,4393336.382417,4259725.002191,1796773.215627,-49.607511,-48.006599,222.373506,0.99999982,-0.00004269,-0.00057717,0.00016455,0.00008228,-0.09711799,0.01860581,11.1100,1268.1017,1122.5205,0.01356996,0.00014866,0.679524,0.00893627,0.00904610,-0.00893735,-0.00904718,0.00873688,0.00907744,-0.00873765,-0.00907820,-136.6602,-0.3608,-97.3890,16.46761554,44.11536974,1268.1017
6.390000,4393335.886412,4259724.522202,1796775.438753,-49.594249,-47.991650,222.251509,0.99999946,-0.00004260,-0.00100821,0.00024684,0.00008375,-0.07463075,0.01412826,11.1100,1268.0702,1124.8489,0.01261243,-0.00004585,0.679166,0.00893627,0.00904610,-0.00893735,-0.00904718,0.00951586,0.01025133,-0.00951622,-0.01025169,-136.4875,1.1588,-93.7615,16.46763658,44.11536975,1268.0702
6.400000,4393335.390525,4259724.042355,1796777.660655,-49.583419,-47.977934,222.128959,0.99999910,-0.00004252,-0.00130708,0.00030280,0.00008105,-0.04454802,0.00813333,11.1100,1268.0384,1127.1760,0.01182399,-0.00020379,0.678809,0.00893627,0.00904610,-0.00893735,-0.00904718,0.00989859,0.01082807,-0.00989875,-0.01082823,-136.3154,2.2359,-89.9776,16.46765761,44.11536976,1268.0384
6.410000,4393334.894739,4259723.562641,1796779.881331,-49.574053,-47.965106,222.006107,0.99999890,-0.00004247,-0.00144708,0.00032709,0.00007694,-0.01141070,0.00152990,11.1100,1268.0066,1129.5019,0.01131137,-0.00030560,0.678452,0.00814814,0.00797343,-0.00814646,-0.00797175,0.01005395,0.01106219,-0.01005403,-0.01106227,-136.1437,2.8582,-87.1338,16.46767863,44.11536976,1268.0066
6.420000,4393334.399042,4259723.083050,1796782.100777,-49.565112,-47.952997,221.883185,0.99999893,-0.00004243,-0.00142713,0.00032104,0.00007485,0.01913559,-0.00394458,11.1100,1267.9745,1131.8266,0.01112380,-0.00034244,0.678096,0.00814814,0.00797343,-0.00814646,-0.00797175,0.00995575,0.01074029,-0.00995591,-0.01074045,-135.9725,2.7874,-85.2884,16.46769964,44.11536977,1267.9745
6.430000,4393333.903439,4259722.603580,1796784.318996,-49.555398,-47.940830,221.760587,0.99999916,-0.00004242,-0.00126557,0.00029126,0.00007498,0.04498439,-0.00792611,11.1100,1267.9422,1134.1500,0.01125966,-0.00031957,0.677741,0.00814814,0.00797343,-0.00814646,-0.00797175,0.00981933,0.01035984,-0.00981959,-0.01036010,-135.8017,2.3623,-85.2102,16.46772063,44.11536978,1267.9422
6.440000,4393333.407941,4259722.124237,1796786.535991,-49.543806,-47.927628,221.638730,0.99999948,-0.00004241,-0.00098643,0.00024431,0.00007608,0.06597163,-0.01078238,11.1100,1267.9097,1136.4723,0.01167597,-0.00025136,0.677386,0.00814814,0.00797343,-0.00814646,-0.00797175,0.00974923,0.01016826,-0.00974954,-0.01016857,-135.6311,1.8175,-87.0283,16.46774162,44.11536978,1267.9097
6.450000,4393332.912572,4259721.645034,1796788.751774,-49.529493,-47.912654,221.517926,0.99999979,-0.00004241,-0.00061492,0.00018535,0.00007744,0.08179345,-0.01271250,11.1100,1267.8771,1138.7933,0.01231807,-0.00015126,0.677031,0.00814368,0.00799574,-0.00814250,-0.00799455,0.00972025,0.01008971,-0.00972058,-0.01009004,-135.4609,1.1747,-90.3202,16.46776259,44.11536979,1267.8771
6.460000,4393332.417360,4259721.165989,1796790.966353,-49.512237,-47.895857,221.398215,0.99999997,-0.00004239,-0.00018502,0.00011978,0.00008430,0.08926576,-0.01342204,11.1100,1267.8442,1141.1131,0.01313055,-0.00002981,0.676676,0.00814368,0.00799574,-0.00814250,-0.00799455,0.00943672,0.00970551,-0.00943732,-0.00970611,-135.2909,0.3651,-94.0253,16.46778355,44.11536980,1267.8442
6.470000,4393331.922337,4259720.687123,1796793.179742,-49.491793,-47.876999,221.279683,0.99999996,-0.00004233,0.00026128,0.00005358,0.00009623,0.08837462,-0.01297085,11.1100,1267.8113,1143.4317,0.01404455,0.00010166,0.676322,0.00814368,0.00799574,-0.00814250,-0.00799455,0.00915868,0.00933828,-0.00915955,-0.00933915,-135.1210,-0.4795,-98.3765,16.46780451,44.11536980,1267.8113
6.480000,4393331.427535,4259720.208456,1796795.391951,-49.468066,-47.855869,221.162387,0.99999976,-0.00004221,0.00068660,-0.00000812,0.00011007,0.08095881,-0.01163498,11.1100,1267.7782,1145.7491,0.01497455,0.00023120,0.675967,0.00814368,0.00799574,-0.00814250,-0.00799455,0.00902264,0.00915940,-0.00902363,-0.00916039,-134.9513,-1.2554,-103.2046,16.46782545,44.11536981,1267.7782
6.490000,4393330.932986,4259719.730012,1796797.602993,-49.441305,-47.832554,221.046257,0.99999943,-0.00004200,0.00106200,-0.00006143,0.00012409,0.06853712,-0.00963945,11.1100,1267.7451,1148.0652,0.01584481,0.00034892,0.675613,0.01050817,0.01105795,-0.01050837,-0.01105815,0.00896750,0.00908704,-0.00896855,-0.00908809,-134.7818,-1.9300,-107.9186,16.46784638,44.11536982,1267.7451
6.500000,4393330.438715,4259719.251809,1796799.812878,-49.412377,-47.807847,220.930955,0.99999907,-0.00004178,0.00135810,-0.00010240,0.00011706,0.04942721,-0.00673053,11.1100,1267.7121,1150.3802,0.01659849,0.00044752,0.675259,0.01050817,0.01105795,-0.01050837,-0.01105815,0.00866701,0.00867907,-0.00866709,-0.00867916,-134.6124,-2.5835,-111.3932,16.46786729,44.11536983,1267.7121
6.510000,4393329.944742,4259718.773858,1796802.021614,-49.382044,-47.782261,220.816233,0.99999880,-0.00004162,0.00154488,-0.00012699,0.00009012,0.02504701,-0.00312100,11.1100,1267.6790,1152.6939,0.01718209,0.00051924,0.674904,0.01050817,0.01105795,-0.01050837,-0.01105815,0.00837820,0.00828636,-0.00837731,-0.00828547,-134.4433,-3.0738,-113.9695,16.46788820,44.11536983,1267.6790
6.520000,4393329.451076,4259718.296165,1796804.229204,-49.351079,-47.756218,220.701869,0.99999870,-0.00004161,0.00160365,-0.00013283,0.00005508,-0.00151968,0.00073072,11.1100,1267.6460,1155.0064,0.01753961,0.00055669,0.674550,0.01050817,0.01105795,-0.01050837,-0.01105815,0.00823738,0.00809482,-0.00823600,-0.00809345,-134.2743,-3.3100,-115.6573,16.46790910,44.11536984,1267.6460
6.530000,4393328.957720,4259717.818733,1796806.435651,-49.320410,-47.730315,220.587573,0.99999882,-0.00004177,0.00152958,-0.00011959,0.00001846,-0.02784611,0.00447089,11.1100,1267.6130,1157.3177,0.01763745,0.00055616,0.674197,0.01078352,0.01140686,-0.01078188,-0.01140522,0.00818039,0.00801730,-0.00817882,-0.00801573,-134.1056,-3.2988,-116.0946,16.46792999,44.11536985,1267.6130
6.540000,4393328.464664,4259717.341556,1796808.640955,-49.291004,-47.705215,220.473037,0.99999911,-0.00004208,0.00132853,-0.00008860,-0.00001342,-0.05208538,0.00780034,11.1100,1267.5801,1159.6278,0.01747077,0.00051793,0.673843,0.01078352,0.01140686,-0.01078188,-0.01140522,0.00815771,0.00799653,-0.00815624,-0.00799507,-133.9373,-3.0530,-115.1331,16.46795086,44.11536985,1267.5801
6.550000,4393327.971892,4259716.864623,1796810.845110,-49.263754,-47.681565,220.357965,0.99999948,-0.00004253,0.00101452,-0.00004239,-0.00003994,-0.07284576,0.01053111,11.1100,1267.5473,1161.9367,0.01705648,0.00044550,0.673491,0.01078352,0.01140686,-0.01078188,-0.01140522,0.00814871,0.00799442,-0.00814739,-0.00799311,-133.7694,-2.6130,-112.8009,16.46797172,44.11536986,1267.5473
6.560000,4393327.479379,4259716.387918,1796813.048111,-49.239403,-47.659927,220.242101,0.99999981,-0.00004310,0.00060762,0.00001575,-0.00006301,-0.08909889,0.01255213,11.1100,1267.5144,1164.2444,0.01642752,0.00034462,0.673139,0.01078352,0.01140686,-0.01078188,-0.01140522,0.00814541,0.00799492,-0.00814418,-0.00799368,-133.6020,-2.0214,-109.2544,16.46799258,44.11536986,1267.5144
6.570000,4393326.987093,4259715.911417,1796815.249949,-49.218512,-47.640733,220.125250,0.99999999,-0.00004377,0.00013226,0.00008207,-0.00008382,-0.10014268,0.01379318,11.1100,1267.4816,1166.5508,0.01562822,0.00022238,0.672788,0.00920261,0.00936362,-0.00920249,-0.00936350,0.00814426,0.00799538,-0.00814306,-0.00799417,-133.4351,-1.3181,-104.7339,16.46801342,44.11536987,1267.4816
6.580000,4393326.495001,4259715.435101,1796817.450615,-49.200338,-47.622915,220.007787,0.99999992,-0.00004451,-0.00036305,0.00014987,-0.00009277,-0.09710950,0.01315474,11.1100,1267.4488,1168.8561,0.01471062,0.00008660,0.672437,0.00920261,0.00936362,-0.00920249,-0.00936350,0.00898413,0.00908380,-0.00898343,-0.00908310,-133.2688,-0.2943,-101.4929,16.46803425,44.11536988,1267.4488
6.590000,4393326.003079,4259714.958956,1796819.650104,-49.184737,-47.606418,219.889747,0.99999965,-0.00004527,-0.00080897,0.00020997,-0.00009073,-0.08055003,0.01073653,11.1100,1267.4159,1171.1602,0.01376600,-0.00004823,0.672088,0.00920261,0.00936362,-0.00920249,-0.00936350,0.00982892,0.01017813,-0.00982872,-0.01017793,-133.1029,0.7104,-98.0274,16.46805507,44.11536988,1267.4159
6.600000,4393325.511299,4259714.482968,1796821.848408,-49.171610,-47.591504,219.771076,0.99999930,-0.00004602,-0.00115182,0.00025529,-0.00008370,-0.05611564,0.00728243,11.1100,1267.3828,1173.4631,0.01293241,-0.00016400,0.671739,0.00920261,0.00936362,-0.00920249,-0.00936350,0.01024405,0.01071586,-0.01024410,-0.01071590,-132.9376,1.4654,-94.1006,16.46807588,44.11536989,1267.3828
6.610000,4393325.019641,4259714.007122,1796824.045524,-49.160309,-47.577888,219.651947,0.99999903,-0.00004675,-0.00136236,0.00028202,-0.00007503,-0.02789496,0.00333441,11.1100,1267.3497,1175.7648,0.01231779,-0.00024769,0.671391,0.00835058,0.00816855,-0.00835068,-0.00816866,0.01041258,0.01093415,-0.01041273,-0.01093429,-132.7728,1.9589,-90.7807,16.46809668,44.11536989,1267.3497
6.620000,4393324.528091,4259713.531409,1796826.241447,-49.149738,-47.564796,219.532729,0.99999894,-0.00004747,-0.00142608,0.00028830,-0.00007949,0.00232435,-0.00084927,11.1100,1267.3164,1178.0652,0.01197766,-0.00029270,0.671044,0.00835058,0.00816855,-0.00835068,-0.00816866,0.01057293,0.01113908,-0.01057245,-0.01113861,-132.6084,2.2269,-88.9524,16.46811747,44.11536990,1267.3164
6.630000,4393324.036648,4259713.055827,1796828.436180,-49.138790,-47.551453,219.413797,0.99999907,-0.00004827,-0.00133831,0.00027370,-0.00009677,0.03242321,-0.00498080,11.1100,1267.2829,1180.3645,0.01193504,-0.00029628,0.670698,0.00835058,0.00816855,-0.00835068,-0.00816866,0.01069330,0.01129222,-0.01069218,-0.01129110,-132.4443,2.2500,-88.6799,16.46813825,44.11536990,1267.2829
6.640000,4393323.545320,4259712.580383,1796830.629725,-49.126413,-47.537134,219.295500,0.99999936,-0.00004918,-0.00110538,0.00023921,-0.00011936,0.06014108,-0.00876298,11.1100,1267.2492,1182.6626,0.01219327,-0.00025844,0.670351,0.00835058,0.00816855,-0.00835068,-0.00816866,0.01074911,0.01136315,-0.01074767,-0.01136172,-132.2806,2.0251,-89.9347,16.46815901,44.11536991,1267.2492
6.650000,4393323.054128,4259712.105090,1796832.822093,-49.111627,-47.521139,219.178167,0.99999970,-0.00005021,-0.00074362,0.00018719,-0.00014310,0.08374413,-0.01196686,11.1100,1267.2154,1184.9596,0.01273402,-0.00018214,0.670005,0.00859100,0.00868511,-0.00858941,-0.00868353,0.01077121,0.01139122,-0.01076964,-0.01138966,-132.1172,1.5801,-92.6945,16.46817977,44.11536992,1267.2154
6.660000,4393322.563095,4259711.629964,1796835.013291,-49.094316,-47.503746,219.061741,0.99999995,-0.00005134,-0.00029095,0.00012272,-0.00015524,0.09639363,-0.01372742,11.1100,1267.1815,1187.2553,0.01351919,-0.00007283,0.669659,0.00859100,0.00868511,-0.00858941,-0.00868353,0.01021749,0.01067539,-0.01021642,-0.01067432,-131.9540,0.7876,-95.5044,16.46820051,44.11536992,1267.1815
6.670000,4393322.072250,4259711.155020,1796837.203331,-49.074032,-47.484607,218.946372,0.99999998,-0.00005251,0.00019654,0.00005317,-0.00015584,0.09766985,-0.01399327,11.1100,1267.1474,1189.5498,0.01447349,0.00005808,0.669314,0.00859100,0.00868511,-0.00858941,-0.00868353,0.00965538,0.00994884,-0.00965484,-0.00994830,-131.7910,-0.1157,-99.2969,16.46822125,44.11536993,1267.1474
6.680000,4393321.581625,4259710.680279,1796839.392222,-49.050392,-47.463230,218.832232,0.99999977,-0.00005367,0.00066963,-0.00001493,-0.00015107,0.09071112,-0.01316167,11.1100,1267.1132,1191.8432,0.01548216,0.00019557,0.668968,0.00859100,0.00868511,-0.00858941,-0.00868353,0.00937875,0.00959128,-0.00937847,-0.00959100,-131.6281,-0.9598,-104.1106,16.46824197,44.11536994,1267.1132
6.690000,4393321.091253,4259710.205763,1796841.579979,-49.023497,-47.439568,218.719307,0.99999940,-0.00005479,0.00109279,-0.00007682,-0.00014439,0.07782834,-0.01152608,11.1100,1267.0791,1194.1354,0.01644395,0.00032700,0.668622,0.01021274,0.01052255,-0.01021063,-0.01052043,0.00926637,0.00944603,-0.00926620,-0.00944586,-131.4653,-1.7131,-109.0829,16.46826268,44.11536994,1267.0791
6.700000,4393320.601162,4259709.731491,1796843.766611,-48.994181,-47.414413,218.607268,0.99999896,-0.00005587,0.00143247,-0.00012769,-0.00013571,0.05751852,-0.00878046,11.1100,1267.0449,1196.4264,0.01728794,0.00044327,0.668277,0.01021274,0.01052255,-0.01021063,-0.01052043,0.00892191,0.00896747,-0.00892185,-0.00896741,-131.3026,-2.4768,-112.8653,16.46828339,44.11536995,1267.0449
6.710000,4393320.111374,4259709.257477,1796845.952126,-48.963210,-47.388288,218.495864,0.99999861,-0.00005689,0.00165542,-0.00016250,-0.00012567,0.03137944,-0.00514526,11.1100,1267.0107,1198.7162,0.01795225,0.00053481,0.667931,0.01021274,0.01052255,-0.01021063,-0.01052043,0.00860278,0.00852148,-0.00860282,-0.00852151,-131.1401,-3.0878,-115.7528,16.46830408,44.11536995,1267.0107
6.720000,4393319.621901,4259708.783727,1796848.136530,-48.931382,-47.361628,218.384866,0.99999847,-0.00005786,0.00174067,-0.00017808,-0.00011540,0.00270569,-0.00112401,11.1100,1266.9766,1201.0048,0.01837448,0.00059228,0.667585,0.01021274,0.01052255,-0.01021063,-0.01052043,0.00844820,0.00830520,-0.00844827,-0.00830528,-130.9778,-3.4388,-117.7294,16.46832476,44.11536996,1266.9766
6.730000,4393319.132746,4259708.310244,1796850.319824,-48.899675,-47.335062,218.273973,0.99999857,-0.00005876,0.00168201,-0.00017345,-0.00010549,-0.02592598,0.00289790,11.1100,1266.9426,1203.2922,0.01851664,0.00061035,0.667240,0.01098979,0.01130554,-0.01098739,-0.01130314,0.00838581,0.00821789,-0.00838591,-0.00821798,-130.8157,-3.5331,-118.3960,16.46834543,44.11536997,1266.9426
6.740000,4393318.643904,4259707.837024,1796852.502009,-48.869007,-47.309083,218.162923,0.99999888,-0.00005964,0.00148743,-0.00015036,-0.00010828,-0.05142935,0.00622596,11.1100,1266.9087,1205.5785,0.01837143,0.00058808,0.666895,0.01098979,0.01130554,-0.01098739,-0.01130314,0.00844819,0.00836917,-0.00844769,-0.00836867,-130.6539,-3.2925,-117.8413,16.46836609,44.11536997,1266.9087
6.750000,4393318.155359,4259707.364058,1796854.683081,-48.840295,-47.284368,218.051410,0.99999930,-0.00006056,0.00117624,-0.00011276,-0.00012302,-0.07238683,0.00867891,11.1100,1266.8749,1207.8636,0.01795939,0.00053023,0.666551,0.01098979,0.01130554,-0.01098739,-0.01130314,0.00852601,0.00854242,-0.00852491,-0.00854132,-130.4926,-2.8551,-115.8401,16.46838674,44.11536998,1266.8749
6.760000,4393317.667089,4259706.891330,1796856.863035,-48.814330,-47.261600,217.939150,0.99999970,-0.00006157,0.00077233,-0.00006478,-0.00014272,-0.08838136,0.01035968,11.1100,1266.8411,1210.1475,0.01732425,0.00044535,0.666207,0.01098979,0.01130554,-0.01098739,-0.01130314,0.00856548,0.00862928,-0.00856409,-0.00862789,-130.3317,-2.3236,-112.4685,16.46840738,44.11536998,1266.8411
6.770000,4393317.179062,4259706.418818,1796859.041861,-48.791674,-47.241268,217.825932,0.99999995,-0.00006267,0.00030148,-0.00001016,-0.00016348,-0.09908269,0.01132733,11.1100,1266.8074,1212.4302,0.01651855,0.00034197,0.665865,0.01099851,0.01144603,-0.01100062,-0.01144814,0.00858171,0.00866483,-0.00858019,-0.00866332,-130.1713,-1.7249,-108.0661,16.46842800,44.11536999,1266.8074
6.780000,4393316.691247,4259705.946500,1796861.219551,-48.771945,-47.222888,217.711938,0.99999998,-0.00006389,-0.00019600,0.00004678,-0.00018741,-0.09904545,0.01129089,11.1100,1266.7736,1214.7118,0.01559725,0.00022773,0.665523,0.01099851,0.01144603,-0.01100062,-0.01144814,0.00916408,0.00933103,-0.00916233,-0.00932928,-130.0114,-1.0091,-104.1889,16.46844862,44.11536999,1266.7736
6.790000,4393316.203614,4259705.474355,1796863.396097,-48.755110,-47.206464,217.597166,0.99999977,-0.00006523,-0.00066714,0.00010115,-0.00021366,-0.08864717,0.01030947,11.1100,1266.7398,1216.9922,0.01463820,0.00011163,0.665182,0.01099851,0.01144603,-0.01100062,-0.01144814,0.00974573,0.00999229,-0.00974378,-0.00999034,-129.8520,-0.2954,-100.0405,16.46846923,44.11537000,1266.7398
6.800000,4393315.716136,4259705.002364,1796865.571492,-48.741133,-47.192098,217.481587,0.99999942,-0.00006670,-0.00106894,0.00014885,-0.00023991,-0.07147354,0.00864314,11.1100,1266.7059,1219.2714,0.01374730,0.00000334,0.664842,0.01099851,0.01144603,-0.01100062,-0.01144814,0.01003122,0.01031651,-0.01002917,-0.01031446,-129.6932,0.3277,-95.5853,16.46848982,44.11537000,1266.7059
6.810000,4393315.228784,4259704.530507,1796867.745727,-48.729561,-47.179512,217.365334,0.99999904,-0.00006831,-0.00137417,0.00018699,-0.00026498,-0.05022496,0.00650499,11.1100,1266.6719,1221.5494,0.01301080,-0.00008939,0.664502,0.00996193,0.01012108,-0.00996218,-0.01012133,0.01014707,0.01044801,-0.01014498,-0.01044592,-129.5348,0.8374,-91.5835,16.46851041,44.11537000,1266.6719
6.820000,4393314.741540,4259704.058771,1796869.918798,-48.719340,-47.167846,217.248790,0.99999876,-0.00007005,-0.00156139,0.00021360,-0.00029053,-0.02450648,0.00406118,11.1100,1266.6378,1223.8263,0.01248082,-0.00016125,0.664163,0.00996193,0.01012108,-0.00996218,-0.01012133,0.01046614,0.01077500,-0.01046394,-0.01077279,-129.3769,1.2217,-89.0803,16.46853098,44.11537001,1266.6378
6.830000,4393314.254396,4259703.587150,1796872.090703,-48.709568,-47.156403,217.132271,0.99999867,-0.00007193,-0.00161256,0.00022756,-0.00031637,0.00393685,0.00147030,11.1100,1266.6034,1226.1020,0.01219407,-0.00020886,0.663825,0.00996193,0.01012108,-0.00996218,-0.01012133,0.01075891,0.01107192,-0.01075659,-0.01106961,-129.2194,1.4677,-87.8218,16.46855155,44.11537001,1266.6034
6.840000,4393313.767351,4259703.115645,1796874.261444,-48.699418,-47.144560,217.016060,0.99999881,-0.00007395,-0.00152124,0.00022851,-0.00034141,0.03223995,-0.00111382,11.1100,1266.5689,1228.3766,0.01218148,-0.00023050,0.663488,0.00996193,0.01012108,-0.00996218,-0.01012133,0.01090048,0.01121522,-0.01089811,-0.01121285,-129.0623,1.5687,-87.7399,16.46857210,44.11537002,1266.5689
6.850000,4393313.280412,4259702.644263,1796876.431026,-48.687999,-47.131622,216.900470,0.99999914,-0.00007610,-0.00129366,0.00021684,-0.00036512,0.05821451,-0.00355026,11.1100,1266.5342,1230.6500,0.01245126,-0.00022605,0.663150,0.00880340,0.00866177,-0.00880326,-0.00866164,0.01095756,0.01127296,-0.01095517,-0.01127057,-128.9054,1.5269,-89.0248,16.46859265,44.11537002,1266.5342
6.860000,4393312.793598,4259702.173019,1796878.599457,-48.674444,-47.116852,216.785815,0.99999953,-0.00007829,-0.00094490,0.00019313,-0.00035580,0.08052098,-0.00590865,11.1100,1266.4994,1232.9223,0.01298581,-0.00019681,0.662813,0.00880340,0.00866177,-0.00880326,-0.00866164,0.01098175,0.01134421,-0.01098096,-0.01134342,-128.7488,1.3970,-91.7384,16.46861318,44.11537003,1266.4994
6.870000,4393312.306933,4259701.701934,1796880.766747,-48.658006,-47.099671,216.672350,0.99999986,-0.00008038,-0.00049623,0.00015806,-0.00031552,0.09803504,-0.00807155,11.1100,1266.4644,1235.1934,0.01374977,-0.00014425,0.662476,0.00880340,0.00866177,-0.00880326,-0.00866164,0.01099227,0.01140190,-0.01099308,-0.01140271,-128.5924,1.1418,-95.6835,16.46863370,44.11537003,1266.4644
6.880000,4393311.820449,4259701.231035,1796882.932909,-48.638104,-47.079674,216.560259,0.99999999,-0.00008223,0.00002608,0.00011313,-0.00026255,0.10989108,-0.00983788,11.1100,1266.4292,1237.4633,0.01469628,-0.00007020,0.662140,0.00880340,0.00866177,-0.00880326,-0.00866164,0.01099631,0.01142910,-0.01099791,-0.01143071,-128.4361,0.7488,-100.5991,16.46865421,44.11537004,1266.4292
6.890000,4393311.334184,4259700.760351,1796885.097957,-48.614360,-47.056608,216.449652,0.99999982,-0.00008382,0.00059248,0.00006065,-0.00020702,0.11563566,-0.01107729,11.1100,1266.3940,1239.7321,0.01576963,0.00002186,0.661803,0.00886796,0.00871170,-0.00886741,-0.00871115,0.01099776,0.01143995,-0.01099969,-0.01144188,-128.2800,0.2488,-106.2043,16.46867471,44.11537004,1266.3940
6.900000,4393310.848173,4259700.289910,1796887.261906,-48.587068,-47.030944,216.340353,0.99999932,-0.00008517,0.00116325,0.00000451,-0.00016596,0.11168701,-0.01130349,11.1100,1266.3588,1241.9997,0.01690863,0.00012692,0.661466,0.00886796,0.00871170,-0.00886741,-0.00871115,0.01062990,0.01097310,-0.01063128,-0.01097448,-128.1239,-0.4218,-111.3675,16.46869521,44.11537005,1266.3588
6.910000,4393310.362453,4259699.819739,1796889.424768,-48.556400,-47.002838,216.232288,0.99999857,-0.00008635,0.00169101,-0.00005025,-0.00013990,0.09856257,-0.01053157,11.1100,1266.3236,1244.2662,0.01803630,0.00023665,0.661129,0.00886796,0.00871170,-0.00886741,-0.00871115,0.01025965,0.01050103,-0.01026042,-0.01050180,-127.9678,-1.1123,-116.5107,16.46871569,44.11537005,1266.3236
6.920000,4393309.877055,4259699.349861,1796891.586555,-48.522623,-46.972413,216.125381,0.99999771,-0.00008741,0.00213673,-0.00009932,-0.00012166,0.07905869,-0.00905100,11.1100,1266.2885,1246.5315,0.01905894,0.00034098,0.660791,0.00886796,0.00871170,-0.00886741,-0.00871115,0.01007770,0.01026886,-0.01007815,-0.01026931,-127.8118,-1.7159,-121.5474,16.46873616,44.11537006,1266.2885
6.930000,4393309.392009,4259698.880297,1796893.747279,-48.486332,-46.940097,216.019436,0.99999693,-0.00008839,0.00247414,-0.00013974,-0.00010710,0.05546323,-0.00708924,11.1100,1266.2535,1248.7957,0.01989973,0.00043176,0.660454,0.01074642,0.01098474,-0.01074871,-0.01098702,0.01000383,0.01017457,-0.01000415,-0.01017489,-127.6558,-2.2122,-125.8716,16.46875662,44.11537006,1266.2535
6.940000,4393308.907332,4259698.411060,1796895.906945,-48.448847,-46.907128,215.913951,0.99999640,-0.00008929,0.00267761,-0.00016842,-0.00009710,0.02574298,-0.00438486,11.1100,1266.2186,1251.0587,0.02050944,0.00050352,0.660117,0.01074642,0.01098474,-0.01074871,-0.01098702,0.00956473,0.00962101,-0.00956487,-0.00962115,-127.5000,-2.6925,-128.1775,16.46877707,44.11537007,1266.2186
6.950000,4393308.423032,4259697.942153,1796898.065558,-48.411201,-46.874316,215.808584,0.99999628,-0.00009014,0.00272109,-0.00018209,-0.00009080,-0.00823481,-0.00112192,11.1100,1266.1840,1253.3205,0.02084503,0.00055020,0.659779,0.01074642,0.01098474,-0.01074871,-0.01098702,0.00914111,0.00908725,-0.00914110,-0.00908723,-127.3443,-3.0284,-129.0808,16.46879751,44.11537007,1266.1840
6.960000,4393307.939105,4259697.473571,1796900.223116,-48.374325,-46.842275,215.703056,0.99999662,-0.00009095,0.00259302,-0.00017900,-0.00008637,-0.04257411,0.00228254,11.1100,1266.1495,1255.5812,0.02086038,0.00056591,0.659442,0.01074642,0.01098474,-0.01074871,-0.01098702,0.00893442,0.00882684,-0.00893433,-0.00882675,-127.1889,-3.1400,-128.7644,16.46881793,44.11537008,1266.1495
6.970000,4393307.455539,4259697.005302,1796902.379617,-48.339264,-46.811763,215.597037,0.99999734,-0.00009172,0.00229895,-0.00015922,-0.00008289,-0.07436655,0.00551888,11.1100,1266.1151,1257.8408,0.02053739,0.00054805,0.659106,0.01144476,0.01181156,-0.01144504,-0.01181183,0.00885075,0.00872143,-0.00885063,-0.00872131,-127.0339,-3.0403,-126.9083,16.46883835,44.11537008,1266.1151
6.980000,4393306.972310,4259696.537328,1796904.535054,-48.307023,-46.783542,215.490197,0.99999826,-0.00009247,0.00185718,-0.00012410,-0.00008280,-0.10143064,0.00839358,11.1100,1266.0810,1260.0992,0.01989297,0.00049757,0.658770,0.01144476,0.01181156,-0.01144504,-0.01181183,0.00884272,0.00870015,-0.00884244,-0.00869987,-126.8793,-2.7595,-123.4769,16.46885876,44.11537009,1266.0810
6.990000,4393306.489386,4259696.069621,1796906.689417,-48.278489,-46.758296,215.382232,0.99999915,-0.00009323,0.00129494,-0.00007582,-0.00008576,-0.12238499,0.01075353,11.1100,1266.0469,1262.3565,0.01896948,0.00041781,0.658435,0.01144476,0.01181156,-0.01144504,-0.01181183,0.00885491,0.00870429,-0.00885448,-0.00870386,-126.7252,-2.3205,-118.5795,16.46887916,44.11537009,1266.0469
7.000000,4393306.006726,4259695.602150,1796908.842694,-48.254347,-46.736551,215.272903,0.99999979,-0.00009399,0.00064495,-0.00001729,-0.00009004,-0.13643102,0.01248159,11.1100,1266.0130,1264.6126,0.01782651,0.00031375,0.658102,0.01144476,0.01181156,-0.01144504,-0.01181183,0.00886255,0.00870840,-0.00886205,-0.00870790,-126.5716,-1.7519,-112.4828,16.46889954,44.11537009,1266.0130
7.010000,4393305.524283,4259695.134878,1796910.994870,-48.235027,-46.718632,215.162049,0.99999999,-0.00009477,-0.00005711,0.00004816,-0.00009467,-0.14317331,0.01350783,11.1100,1265.9791,1266.8676,0.01653348,0.00019158,0.657769,0.00850241,0.00836536,-0.00850372,-0.00836667,0.00886593,0.00871042,-0.00886540,-0.00870989,-126.4187,-1.0901,-105.5536,16.46891992,44.11537010,1265.9791
7.020000,4393305.042012,4259694.667769,1796913.145932,-48.219888,-46.703720,215.049962,0.99999970,-0.00009553,-0.00075924,0.00011549,-0.00007986,-0.13653301,0.01324154,11.1100,1265.9451,1269.1214,0.01516429,0.00005830,0.657437,0.00850241,0.00836536,-0.00850372,-0.00836667,0.00953478,0.00951899,-0.00953524,-0.00951946,-126.2664,-0.2412,-99.5901,16.46894029,44.11537010,1265.9451
7.030000,4393304.559873,4259694.200795,1796915.295866,-48.208653,-46.691597,214.936726,0.99999900,-0.00009617,-0.00139614,0.00017836,-0.00004667,-0.11726656,0.01174001,11.1100,1265.9111,1271.3741,0.01381821,-0.00007543,0.657106,0.00850241,0.00836536,-0.00850372,-0.00836667,0.01020650,0.01033154,-0.01020797,-0.01033301,-126.1147,0.6011,-93.6865,16.46896064,44.11537010,1265.9111
7.040000,4393304.077828,4259693.733929,1796917.444663,-48.201020,-46.682177,214.822392,0.99999813,-0.00009663,-0.00191576,0.00023159,-0.00000617,-0.08987197,0.00941358,11.1100,1265.8769,1273.6257,0.01262426,-0.00019706,0.656776,0.00850241,0.00836536,-0.00850372,-0.00836667,0.01053650,0.01073077,-0.01053847,-0.01073273,-125.9635,1.3017,-87.8096,16.46898099,44.11537011,1265.8769
7.050000,4393303.595844,4259693.267145,1796919.592311,-48.196223,-46.674937,214.707204,0.99999735,-0.00009689,-0.00228604,0.00027184,0.00003548,-0.05782157,0.00657847,11.1100,1265.8425,1275.8761,0.01168538,-0.00029693,0.656447,0.00813042,0.00788607,-0.00813189,-0.00788754,0.01067046,0.01089283,-0.01067262,-0.01089500,-125.8128,1.8413,-82.8373,16.46900133,44.11537011,1265.8425
7.060000,4393303.113899,4259692.800427,1796921.738806,-48.192909,-46.668732,214.591664,0.99999686,-0.00009700,-0.00248457,0.00029669,0.00006216,-0.02149277,0.00328843,11.1100,1265.8080,1278.1254,0.01106149,-0.00036904,0.656119,0.00813042,0.00788607,-0.00813189,-0.00788754,0.01096829,0.01124674,-0.01096982,-0.01124827,-125.6625,2.2560,-79.8492,16.46902165,44.11537011,1265.8080
7.070000,4393302.631985,4259692.333771,1796923.884145,-48.189840,-46.662590,214.476213,0.99999683,-0.00009703,-0.00249560,0.00030438,0.00007388,0.01684535,-0.00024582,11.1100,1265.7731,1280.3736,0.01078927,-0.00040907,0.655791,0.00813042,0.00788607,-0.00813189,-0.00788754,0.01123530,0.01156333,-0.01123614,-0.01156416,-125.5126,2.4913,-78.6355,16.46904197,44.11537012,1265.7731
7.080000,4393302.150106,4259691.867178,1796926.028332,-48.185857,-46.655646,214.361257,0.99999727,-0.00009703,-0.00231719,0.00029442,0.00007824,0.05396380,-0.00373320,11.1100,1265.7380,1282.6206,0.01089298,-0.00041426,0.655464,0.00813042,0.00788607,-0.00813189,-0.00788754,0.01136385,0.01171568,-0.01136434,-0.01171617,-125.3631,2.5163,-79.1118,16.46906227,44.11537012,1265.7380
7.090000,4393301.668275,4259691.400663,1796928.171373,-48.179782,-46.646994,214.247207,0.99999804,-0.00009702,-0.00196181,0.00026764,0.00007956,0.08736026,-0.00694260,11.1100,1265.7026,1284.8666,0.01136987,-0.00038446,0.655137,0.00941919,0.00927103,-0.00941831,-0.00927015,0.01141559,0.01177699,-0.01141595,-0.01177735,-125.2138,2.3436,-81.4044,16.46908257,44.11537013,1265.7026
7.100000,4393301.186514,4259690.934240,1796930.313278,-48.171770,-46.637181,214.133890,0.99999888,-0.00009701,-0.00147595,0.00022767,0.00008666,0.10599467,-0.00898615,11.1100,1265.6670,1287.1114,0.01218821,-0.00032205,0.654810,0.00941919,0.00927103,-0.00941831,-0.00927015,0.01038908,0.01057497,-0.01038975,-0.01057564,-125.0647,1.8277,-83.3169,16.46910285,44.11537013,1265.6670
7.110000,4393300.704846,4259690.467923,1796932.454053,-48.161181,-46.625695,214.021528,0.99999954,-0.00009694,-0.00093551,0.00018057,0.00009987,0.10917418,-0.00978675,11.1100,1265.6312,1289.3550,0.01325727,-0.00023558,0.654484,0.00941919,0.00927103,-0.00941831,-0.00927015,0.00934436,0.00935144,-0.00934538,-0.00935246,-124.9158,1.1906,-86.5985,16.46912313,44.11537014,1265.6312
7.120000,4393300.223301,4259690.001733,1796934.593712,-48.147269,-46.611735,213.910436,0.99999990,-0.00009681,-0.00040563,0.00013167,0.00011549,0.10184223,-0.00970713,11.1100,1265.5952,1291.5976,0.01442151,-0.00013749,0.654157,0.00941919,0.00927103,-0.00941831,-0.00927015,0.00882999,0.00874902,-0.00883119,-0.00875022,-124.7670,0.5866,-91.5448,16.46914339,44.11537014,1265.5952
7.130000,4393299.741912,4259689.535697,1796936.732266,-48.129946,-46.595129,213.800663,0.99999999,-0.00009658,0.00006945,0.00008479,0.00013143,0.08739630,-0.00899144,11.1100,1265.5591,1293.8390,0.01554551,-0.00003820,0.653831,0.01054681,0.01069425,-0.01054491,-0.01069235,0.00862100,0.00850426,-0.00862227,-0.00850553,-124.6183,0.0320,-96.9519,16.46916365,44.11537015,1265.5591
7.140000,4393299.260711,4259689.069838,1796938.869729,-48.109744,-46.576346,213.692006,0.99999989,-0.00009627,0.00045637,0.00004312,0.00014793,0.06676427,-0.00763951,11.1100,1265.5228,1296.0794,0.01653995,0.00005496,0.653504,0.01054681,0.01069425,-0.01054491,-0.01069235,0.00841128,0.00824313,-0.00841264,-0.00824449,-124.4697,-0.4999,-101.6946,16.46918389,44.11537015,1265.5228
7.150000,4393298.779724,4259688.604175,1796941.006109,-48.087344,-46.555930,213.584223,0.99999973,-0.00009586,0.00072834,0.00000954,0.00016463,0.04164594,-0.00577730,11.1100,1265.4865,1298.3186,0.01734134,0.00013576,0.653177,0.01054681,0.01069425,-0.01054491,-0.01069235,0.00825109,0.00803993,-0.00825251,-0.00804135,-124.3212,-0.9541,-105.5531,16.46920412,44.11537015,1265.4865
7.160000,4393298.298969,4259688.138722,1796943.141415,-48.063527,-46.534484,213.477047,0.99999962,-0.00009537,0.00086844,-0.00001390,0.00018084,0.01424997,-0.00360740,11.1100,1265.4502,1300.5566,0.01790014,0.00019881,0.652851,0.01054681,0.01069425,-0.01054491,-0.01069235,0.00817651,0.00794492,-0.00817796,-0.00794637,-124.1728,-1.2902,-108.3412,16.46922435,44.11537016,1265.4502
7.170000,4393297.818455,4259687.673486,1796945.275651,-48.039197,-46.512723,213.370168,0.99999962,-0.00009479,0.00086994,-0.00002609,0.00019618,-0.01354761,-0.00129947,11.1100,1265.4138,1302.7936,0.01818698,0.00024050,0.652524,0.01206286,0.01254699,-0.01206191,-0.01254604,0.00814693,0.00790716,-0.00814839,-0.00790863,-124.0246,-1.5007,-109.8107,16.46924456,44.11537016,1265.4138
7.180000,4393297.338186,4259687.208469,1796947.408820,-48.014754,-46.490842,213.263489,0.99999972,-0.00009416,0.00074444,-0.00002702,0.00019486,-0.03635580,0.00087011,11.1100,1265.3775,1305.0294,0.01819374,0.00025912,0.652198,0.01206286,0.01254699,-0.01206191,-0.01254604,0.00859408,0.00838549,-0.00859471,-0.00838612,-123.8767,-1.5531,-110.7368,16.46926477,44.11537017,1265.3775
7.190000,4393296.858159,4259686.743669,1796949.540921,-47.990992,-46.469473,213.156736,0.99999986,-0.00009358,0.00051979,-0.00001768,0.00017788,-0.05306618,0.00278802,11.1100,1265.3412,1307.2642,0.01794552,0.00025529,0.651872,0.01206286,0.01254699,-0.01206191,-0.01254604,0.00905083,0.00887556,-0.00905062,-0.00887536,-123.7291,-1.4872,-110.3208,16.46928496,44.11537017,1265.3412
7.200000,4393296.378362,4259686.279076,1796951.671953,-47.968769,-46.449353,213.049593,0.99999997,-0.00009310,0.00022347,0.00000060,0.00015430,-0.06492939,0.00443277,11.1100,1265.3049,1309.4978,0.01750272,0.00023141,0.651547,0.01206286,0.01254699,-0.01206191,-0.01254604,0.00927585,0.00911711,-0.00927523,-0.00911649,-123.5818,-1.3342,-108.4125,16.46930514,44.11537018,1265.3049
7.210000,4393295.898777,4259685.814676,1796953.801911,-47.948645,-46.430939,212.941856,0.99999999,-0.00009273,-0.00012187,0.00002638,0.00012918,-0.07262048,0.00577116,11.1100,1265.2685,1311.7303,0.01692553,0.00019043,0.651222,0.00964657,0.00973269,-0.00964905,-0.00973517,0.00936729,0.00921530,-0.00936651,-0.00921451,-123.4349,-1.1033,-105.5253,16.46932532,44.11537018,1265.2685
7.220000,4393295.419383,4259685.350454,1796955.930789,-47.930469,-46.413900,212.833629,0.99999988,-0.00009251,-0.00048684,0.00005697,0.00009783,-0.07278099,0.00635487,11.1100,1265.2322,1313.9616,0.01626263,0.00013552,0.650899,0.00964657,0.00973269,-0.00964905,-0.00973517,0.00980194,0.00975749,-0.00980073,-0.00975628,-123.2885,-0.7097,-102.8990,16.46934548,44.11537019,1265.2322
7.230000,4393294.940161,4259684.886394,1796958.058582,-47.914265,-46.398245,212.724899,0.99999964,-0.00009246,-0.00083457,0.00008859,0.00006143,-0.06579680,0.00618481,11.1100,1265.1958,1316.1919,0.01557126,0.00007263,0.650575,0.00964657,0.00973269,-0.00964905,-0.00973517,0.01021681,0.01027888,-0.01021522,-0.01027728,-123.1424,-0.2811,-100.0479,16.46936564,44.11537019,1265.1958
7.240000,4393294.461092,4259684.422484,1796960.185285,-47.900038,-46.384063,212.615638,0.99999934,-0.00009259,-0.00113545,0.00011806,0.00002409,-0.05414411,0.00550720,11.1100,1265.1593,1318.4211,0.01492523,0.00000937,0.650253,0.00964657,0.00973269,-0.00964905,-0.00973517,0.01041886,0.01053313,-0.01041708,-0.01053135,-122.9968,0.0938,-96.9545,16.46938578,44.11537019,1265.1593
7.250000,4393293.982155,4259683.958709,1796962.310894,-47.887513,-46.371178,212.505928,0.99999905,-0.00009291,-0.00137063,0.00014329,-0.00001206,-0.03964281,0.00449525,11.1100,1265.1227,1320.6491,0.01438414,-0.00004819,0.649931,0.00978612,0.00975530,-0.00978865,-0.00975783,0.01050058,0.01063602,-0.01049873,-0.01063416,-122.8516,0.4069,-94.1340,16.46940591,44.11537020,1265.1227
7.260000,4393293.503340,4259683.495061,1796964.435404,-47.875617,-46.358508,212.396207,0.99999883,-0.00009340,-0.00151710,0.00016169,-0.00003994,-0.01883976,0.00279906,11.1100,1265.0860,1322.8761,0.01398425,-0.00009613,0.649610,0.00978612,0.00975530,-0.00978865,-0.00975783,0.01106957,0.01133251,-0.01106803,-0.01133096,-122.7068,0.7647,-93.0220,16.46942604,44.11537020,1265.0860
7.270000,4393293.024644,4259683.031541,1796966.558819,-47.863677,-46.345527,212.286712,0.99999879,-0.00009401,-0.00154661,0.00017015,-0.00005978,0.00692907,0.00054163,11.1100,1265.0492,1325.1020,0.01376441,-0.00012918,0.649289,0.00978612,0.00975530,-0.00978865,-0.00975783,0.01162194,0.01200794,-0.01162072,-0.01200673,-122.5623,1.0366,-92.7690,16.46944615,44.11537021,1265.0492
7.280000,4393292.546069,4259682.568153,1796968.681140,-47.851170,-46.331945,212.177593,0.99999894,-0.00009471,-0.00144396,0.00016680,-0.00007524,0.03380348,-0.00190432,11.1100,1265.0122,1327.3267,0.01377721,-0.00014150,0.648969,0.00978612,0.00975530,-0.00978865,-0.00975783,0.01189174,0.01233780,-0.01189068,-0.01233675,-122.4181,1.1399,-93.1125,16.46946625,44.11537021,1265.0122
7.290000,4393292.067625,4259682.104906,1796970.802373,-47.837390,-46.317269,212.069079,0.99999925,-0.00009548,-0.00121050,0.00015133,-0.00008845,0.05904987,-0.00427506,11.1100,1264.9750,1329.5504,0.01405035,-0.00013004,0.648649,0.00991113,0.00992083,-0.00991216,-0.00992186,0.01200100,0.01247137,-0.01200001,-0.01247039,-122.2741,1.0868,-94.4641,16.46948635,44.11537021,1264.9750
7.300000,4393291.589323,4259681.641808,1796972.922522,-47.822570,-46.302037,211.960987,0.99999960,-0.00009627,-0.00087726,0.00012596,-0.00007792,0.07359010,-0.00585262,11.1100,1264.9378,1331.7729,0.01457718,-0.00009485,0.648329,0.00991113,0.00992083,-0.00991216,-0.00992186,0.01118279,0.01152073,-0.01118305,-0.01152099,-122.1304,0.7696,-95.2993,16.46950643,44.11537022,1264.9378
7.310000,4393291.111177,4259681.178867,1796975.041594,-47.806234,-46.285875,211.853479,0.99999987,-0.00009694,-0.00049979,0.00009486,-0.00004544,0.07672158,-0.00655974,11.1100,1264.9004,1333.9944,0.01529818,-0.00004131,0.648009,0.00991113,0.00992083,-0.00991216,-0.00992186,0.01033358,0.01053245,-0.01033507,-0.01053394,-121.9869,0.3577,-97.1333,16.46952651,44.11537022,1264.9004
7.320000,4393290.633205,4259680.716095,1796977.159594,-47.787767,-46.268139,211.746813,0.99999999,-0.00009743,-0.00012579,0.00006173,-0.00000405,0.07224850,-0.00666118,11.1100,1264.8629,1336.2148,0.01609946,0.00002193,0.647690,0.00991113,0.00992083,-0.00991216,-0.00992186,0.00991413,0.01004419,-0.00991622,-0.01004628,-121.8435,-0.0341,-100.2869,16.46954657,44.11537023,1264.8629
7.330000,4393290.155429,4259680.253509,1796979.276533,-47.767044,-46.248652,211.641052,0.99999997,-0.00009771,0.00021303,0.00002920,0.00003904,0.06273780,-0.00633068,11.1100,1264.8254,1338.4340,0.01688142,0.00008763,0.647371,0.01221444,0.01281589,-0.01221412,-0.01281556,0.00974349,0.00984553,-0.00974583,-0.00984787,-121.7002,-0.3970,-103.8670,16.46956662,44.11537023,1264.8254
7.340000,4393289.677871,4259679.791127,1796981.392418,-47.744223,-46.227561,211.536137,0.99999987,-0.00009778,0.00049587,-0.00000044,0.00008118,0.04997029,-0.00550927,11.1100,1264.7878,1340.6522,0.01757963,0.00015076,0.647051,0.01221444,0.01281589,-0.01221412,-0.01281556,0.00972973,0.00977981,-0.00973218,-0.00978226,-121.5571,-0.7649,-107.3017,16.46958667,44.11537024,1264.7878
7.350000,4393289.200550,4259679.328962,1796983.507258,-47.719715,-46.205193,211.431923,0.99999974,-0.00009763,0.00070917,-0.00002491,0.00012135,0.03505187,-0.00428001,11.1100,1264.7502,1342.8693,0.01815346,0.00020671,0.646732,0.01221444,0.01281589,-0.01221412,-0.01281556,0.00975731,0.00976194,-0.00975981,-0.00976444,-121.4141,-1.0864,-110.1919,16.46960670,44.11537024,1264.7502
7.360000,4393288.723481,4259678.867026,1796985.621059,-47.694059,-46.181958,211.328225,0.99999964,-0.00009729,0.00084422,-0.00004259,0.00015914,0.01881500,-0.00280833,11.1100,1264.7127,1345.0853,0.01857822,0.00025120,0.646413,0.01221444,0.01281589,-0.01221412,-0.01281556,0.00977424,0.00975710,-0.00977676,-0.00975961,-121.2712,-1.3247,-112.3282,16.46962673,44.11537024,1264.7127
7.370000,4393288.246671,4259678.405325,1796987.733824,-47.667832,-46.158305,211.224848,0.99999959,-0.00009676,0.00089651,-0.00005259,0.00019450,0.00208775,-0.00122493,11.1100,1264.6751,1347.3002,0.01883965,0.00028132,0.646094,0.01223777,0.01298096,-0.01223667,-0.01297985,0.00978168,0.00975579,-0.00978420,-0.00975831,-121.1286,-1.4760,-113.6283,16.46964674,44.11537025,1264.6751
7.380000,4393287.770124,4259677.943860,1796989.845556,-47.641563,-46.134624,211.121616,0.99999962,-0.00009608,0.00086667,-0.00005475,0.00021784,-0.01390611,0.00031271,11.1100,1264.6376,1349.5140,0.01893209,0.00029567,0.645775,0.01223777,0.01298096,-0.01223667,-0.01297985,0.00982897,0.00981425,-0.00983097,-0.00981625,-120.9861,-1.5279,-114.1557,16.46966675,44.11537025,1264.6376
7.390000,4393287.293838,4259677.482631,1796991.956256,-47.615796,-46.111346,211.018344,0.99999971,-0.00009531,0.00076029,-0.00004950,0.00022990,-0.02841228,0.00172276,11.1100,1264.6002,1351.7267,0.01885984,0.00029431,0.645456,0.01223777,0.01298096,-0.01223667,-0.01297985,0.00987468,0.00987331,-0.00987614,-0.00987477,-120.8440,-1.4981,-113.8379,16.46968674,44.11537026,1264.6002
7.400000,4393286.817805,4259677.021631,1796994.065922,-47.591038,-46.088885,210.914855,0.99999982,-0.00009449,0.00058596,-0.00003759,0.00023637,-0.04098475,0.00296649,11.1100,1264.5628,1353.9383,0.01863731,0.00027843,0.645139,0.01223777,0.01298096,-0.01223667,-0.01297985,0.00989698,0.00990234,-0.00989818,-0.00990354,-120.7021,-1.4012,-112.6999,16.46970673,44.11537026,1264.5628
7.410000,4393286.342013,4259676.560849,1796996.174552,-47.567711,-46.067584,210.811000,0.99999993,-0.00009365,0.00035444,-0.00001995,0.00024043,-0.05120835,0.00400531,11.1100,1264.5254,1356.1489,0.01828475,0.00024975,0.644821,0.01139070,0.01190451,-0.01138935,-0.01190316,0.00990601,0.00991414,-0.00990711,-0.00991523,-120.5606,-1.2439,-110.8653,16.46972670,44.11537026,1264.5254
7.420000,4393285.866450,4259676.100280,1796998.282143,-47.545217,-46.046587,210.707090,0.99999999,-0.00009281,0.00009640,0.00000030,0.00023477,-0.05159327,0.00400607,11.1100,1264.4881,1358.3583,0.01782624,0.00021035,0.644504,0.01139070,0.01190451,-0.01138935,-0.01190316,0.01072787,0.01094731,-0.01072845,-0.01094788,-120.4194,-0.8477,-110.1208,16.46974667,44.11537027,1264.4881
7.430000,4393285.391107,4259675.639918,1797000.388694,-47.523578,-46.025934,210.603111,0.99999999,-0.00009202,-0.00013931,0.00001800,0.00022048,-0.04234629,0.00299848,11.1100,1264.4507,1360.5667,0.01731823,0.00016738,0.644188,0.01139070,0.01190451,-0.01138935,-0.01190316,0.01155211,0.01198336,-0.01155219,-0.01198344,-120.2786,-0.4402,-109.0726,16.46976662,44.11537027,1264.4507
7.440000,4393284.915975,4259675.179760,1797002.494205,-47.502968,-46.005986,210.498941,0.99999995,-0.00009131,-0.00031523,0.00002932,0.00020280,-0.02780219,0.00146933,11.1100,1264.4134,1362.7740,0.01685871,0.00013107,0.643872,0.01139070,0.01190451,-0.01138935,-0.01190316,0.01195695,0.01249223,-0.01195678,-0.01249206,-120.1382,-0.1694,-107.3720,16.46978657,44.11537028,1264.4134
7.450000,4393284.441045,4259674.719797,1797004.598673,-47.483162,-45.986693,210.394624,0.99999991,-0.00009069,-0.00041217,0.00003246,0.00018456,-0.01089704,-0.00025814,11.1100,1264.3760,1364.9802,0.01652434,0.00010845,0.643557,0.01104985,0.01129869,-0.01104831,-0.01129715,0.01212126,0.01269876,-0.01212099,-0.01269850,-119.9980,-0.0265,-105.7941,16.46980651,44.11537028,1264.3760
7.460000,4393283.966311,4259674.260025,1797006.702097,-47.463689,-45.967685,210.290320,0.99999991,-0.00009017,-0.00042214,0.00002641,0.00016192,0.00684275,-0.00218452,11.1100,1264.3386,1367.1853,0.01635260,0.00010259,0.643242,0.01104985,0.01129869,-0.01104831,-0.01129715,0.01219048,0.01283400,-0.01218990,-0.01283342,-119.8583,0.0513,-104.8793,16.46982643,44.11537028,1264.3386
7.470000,4393283.491772,4259673.800444,1797008.804480,-47.443993,-45.948549,210.186213,0.99999994,-0.00008977,-0.00034401,0.00001053,0.00013557,0.02420081,-0.00417541,11.1100,1264.3012,1369.3893,0.01635672,0.00011519,0.642928,0.01104985,0.01129869,-0.01104831,-0.01129715,0.01222024,0.01291991,-0.01221936,-0.01291904,-119.7187,0.0258,-104.7703,16.46984635,44.11537029,1264.3012
7.480000,4393283.017434,4259673.341056,1797010.905823,-47.423511,-45.928892,210.082487,0.99999998,-0.00008951,-0.00018240,-0.00001501,0.00010844,0.04011155,-0.00602518,11.1100,1264.2637,1371.5923,0.01653571,0.00014716,0.642614,0.01104985,0.01129869,-0.01104831,-0.01129715,0.01223161,0.01295804,-0.01223059,-0.01295703,-119.5795,-0.1237,-105.4866,16.46986626,44.11537029,1264.2637
7.490000,4393282.543306,4259672.881869,1797013.006131,-47.401729,-45.908336,209.979313,0.99999999,-0.00008937,0.00005336,-0.00004912,0.00008206,0.05375559,-0.00759243,11.1100,1264.2263,1373.7942,0.01687716,0.00019762,0.642301,0.01178715,0.01211174,-0.01178780,-0.01211239,0.01223568,0.01297284,-0.01223461,-0.01297177,-119.4405,-0.3793,-107.0005,16.46988615,44.11537029,1264.2263
7.500000,4393282.069403,4259672.422891,1797015.105411,-47.378547,-45.886962,209.876681,0.99999993,-0.00008937,0.00034378,-0.00008939,0.00005547,0.06191355,-0.00848366,11.1100,1264.1888,1375.9950,0.01735942,0.00026403,0.641987,0.01178715,0.01211174,-0.01178780,-0.01211239,0.01193606,0.01259565,-0.01193488,-0.01259448,-119.3016,-0.7908,-108.6186,16.46990604,44.11537030,1264.1888
7.510000,4393281.595740,4259671.964132,1797017.203667,-47.353708,-45.864561,209.774676,0.99999977,-0.00008949,0.00066067,-0.00013236,0.00002894,0.06432916,-0.00866899,11.1100,1264.1513,1378.1948,0.01794345,0.00034100,0.641674,0.01178715,0.01211174,-0.01178780,-0.01211239,0.01163383,0.01221285,-0.01163256,-0.01221158,-119.1629,-1.2530,-110.7694,16.46992592,44.11537030,1264.1513
7.520000,4393281.122335,4259671.505604,1797019.300906,-47.326983,-45.840861,209.673397,0.99999950,-0.00008975,0.00097869,-0.00017491,0.00000336,0.06238958,-0.00831709,11.1100,1264.1138,1380.3934,0.01857129,0.00042146,0.641360,0.01178715,0.01211174,-0.01178780,-0.01211239,0.01148525,0.01202446,-0.01148393,-0.01202314,-119.0243,-1.6915,-113.4751,16.46994579,44.11537030,1264.1138
7.530000,4393280.649207,4259671.047320,1797021.397137,-47.298370,-45.815799,209.572856,0.99999916,-0.00009013,0.00127851,-0.00021464,-0.00002080,0.05709914,-0.00755321,11.1100,1264.0764,1382.5910,0.01919060,0.00049932,0.641047,0.01227744,0.01289165,-0.01227137,-0.01288558,0.01142492,0.01194793,-0.01142358,-0.01194660,-118.8859,-2.0921,-116.3330,16.46996564,44.11537031,1264.0764
7.540000,4393280.176373,4259670.589291,1797023.492365,-47.268180,-45.789702,209.472924,0.99999878,-0.00009063,0.00154187,-0.00024884,-0.00004468,0.04788554,-0.00611714,11.1100,1264.0390,1384.7876,0.01976248,0.00057003,0.640734,0.01227744,0.01289165,-0.01227137,-0.01288558,0.01128142,0.01170426,-0.01128001,-0.01170285,-118.7475,-2.5272,-118.7468,16.46998549,44.11537031,1264.0390
7.550000,4393279.703847,4259670.131528,1797025.586597,-47.236741,-45.762784,209.373497,0.99999843,-0.00009125,0.00175080,-0.00027439,-0.00006820,0.03543297,-0.00411219,11.1100,1264.0018,1386.9830,0.02025253,0.00062804,0.640421,0.01227744,0.01289165,-0.01227137,-0.01288558,0.01115176,0.01147780,-0.01115027,-0.01147631,-118.6093,-2.8909,-120.7960,16.47000533,44.11537031,1264.0018
7.560000,4393279.231641,4259669.674037,1797027.679837,-47.204431,-45.735228,209.274470,0.99999816,-0.00009198,0.00189256,-0.00028919,-0.00009074,0.02113193,-0.00183601,11.1100,1263.9646,1389.1774,0.02062661,0.00066748,0.640108,0.01227744,0.01289165,-0.01227137,-0.01288558,0.01108924,0.01136803,-0.01108771,-0.01136651,-118.4713,-3.1142,-122.4409,16.47002516,44.11537031,1263.9646
7.570000,4393278.759760,4259669.216825,1797029.772087,-47.171723,-45.707317,209.175704,0.99999803,-0.00009283,0.00196070,-0.00029242,-0.00011198,0.00611073,0.00049054,11.1100,1263.9276,1391.3707,0.02086109,0.00068474,0.639795,0.01272592,0.01331856,-0.01272880,-0.01332145,0.01106406,0.01132372,-0.01106252,-0.01132219,-118.3334,-3.2002,-123.4861,16.47004498,44.11537032,1263.9276
7.580000,4393278.288207,4259668.759893,1797031.863352,-47.138838,-45.679088,209.077160,0.99999804,-0.00009374,0.00195913,-0.00028449,-0.00011812,-0.00664704,0.00261202,11.1100,1263.8907,1393.5630,0.02094562,0.00067877,0.639482,0.01272592,0.01331856,-0.01272880,-0.01332145,0.01131677,0.01159627,-0.01131600,-0.01159551,-118.1958,-3.1360,-124.3046,16.47006479,44.11537032,1263.8907
7.590000,4393277.816983,4259668.303243,1797033.953631,-47.106227,-45.650848,208.978698,0.99999815,-0.00009464,0.00190081,-0.00026669,-0.00011008,-0.01651139,0.00441815,11.1100,1263.8539,1395.7542,0.02088886,0.00065095,0.639170,0.01272592,0.01331856,-0.01272880,-0.01332145,0.01157697,0.01188106,-0.01157699,-0.01188107,-118.0584,-2.9602,-124.4217,16.47008459,44.11537032,1263.8539
7.600000,4393277.346081,4259667.846875,1797036.042925,-47.074388,-45.622995,208.880143,0.99999835,-0.00009548,0.00179864,-0.00024070,-0.00009582,-0.02412920,0.00588037,11.1100,1263.8173,1397.9443,0.02071926,0.00060433,0.638858,0.01272592,0.01331856,-0.01272880,-0.01332145,0.01170533,0.01202187,-0.01170573,-0.01202227,-117.9212,-2.7037,-123.7205,16.47010438,44.11537032,1263.8173
7.610000,4393276.875491,4259667.390781,1797038.131233,-47.043666,-45.595792,208.781378,0.99999859,-0.00009625,0.00166311,-0.00020830,-0.00007979,-0.02981350,0.00697058,11.1100,1263.7807,1400.1333,0.02046561,0.00054248,0.638547,0.01259963,0.01293428,-0.01259882,-0.01293346,0.01175752,0.01207918,-0.01175808,-0.01207974,-117.7844,-2.3807,-122.4516,16.47012416,44.11537032,1263.7807
7.620000,4393276.405204,4259666.934958,1797040.218552,-47.014089,-45.569114,208.682428,0.99999884,-0.00009703,0.00150801,-0.00017238,-0.00010575,-0.03194288,0.00728559,11.1100,1263.7444,1402.3213,0.02015095,0.00046925,0.638236,0.01259963,0.01293428,-0.01259882,-0.01293346,0.01195112,0.01237761,-0.01194935,-0.01237584,-117.6479,-1.9176,-121.2010,16.47014394,44.11537033,1263.7444
7.630000,4393275.935206,4259666.479398,1797042.304881,-46.985728,-45.543027,208.583265,0.99999907,-0.00009805,0.00135095,-0.00013680,-0.00017167,-0.03061336,0.00683949,11.1100,1263.7081,1404.5082,0.01980255,0.00039091,0.637926,0.01259963,0.01293428,-0.01259882,-0.01293346,0.01213313,0.01266379,-0.01212898,-0.01265964,-117.5117,-1.4355,-119.7446,16.47016370,44.11537033,1263.7081
7.640000,4393275.465485,4259666.024095,1797044.390217,-46.958615,-45.517665,208.483853,0.99999926,-0.00009944,0.00120661,-0.00010478,-0.00025366,-0.02688730,0.00587392,11.1100,1263.6719,1406.6941,0.01945608,0.00031515,0.637616,0.01259963,0.01293428,-0.01259882,-0.01293346,0.01222154,0.01280328,-0.01221621,-0.01279795,-117.3758,-1.0176,-118.0744,16.47018345,44.11537033,1263.6719
7.650000,4393274.996030,4259665.569042,1797046.474557,-46.932648,-45.493029,208.384208,0.99999940,-0.00010126,0.00108510,-0.00007847,-0.00033843,-0.02152668,0.00456411,11.1100,1263.6358,1408.8789,0.01914149,0.00024807,0.637307,0.01169490,0.01170274,-0.01169075,-0.01169859,0.01225725,0.01285972,-0.01225145,-0.01285391,-117.2403,-0.6727,-116.4352,16.47020319,44.11537033,1263.6358
7.660000,4393274.526830,4259665.114233,1797048.557901,-46.907459,-45.468873,208.284452,0.99999950,-0.00010335,0.00099625,-0.00005923,-0.00036507,-0.01388844,0.00306020,11.1100,1263.5998,1411.0626,0.01887866,0.00019367,0.636998,0.01169490,0.01170274,-0.01169075,-0.01169859,0.01242983,0.01303232,-0.01242704,-0.01302952,-117.1051,-0.4111,-115.2667,16.47022293,44.11537033,1263.5998
7.670000,4393274.057879,4259664.659664,1797050.640247,-46.882775,-45.445035,208.184665,0.99999954,-0.00010544,0.00095023,-0.00004779,-0.00033526,-0.00447218,0.00145882,11.1100,1263.5638,1413.2453,0.01868518,0.00015428,0.636690,0.01169490,0.01170274,-0.01169075,-0.01169859,0.01259473,0.01319221,-0.01259507,-0.01319255,-116.9702,-0.2296,-114.4121,16.47024265,44.11537033,1263.5638
7.680000,4393273.589174,4259664.205332,1797052.721594,-46.858356,-45.421379,208.084915,0.99999954,-0.00010733,0.00095314,-0.00004446,-0.00028046,0.00560713,-0.00016886,11.1100,1263.5279,1415.4269,0.01857993,0.00013106,0.636382,0.01169490,0.01170274,-0.01169075,-0.01169859,0.01267505,0.01326966,-0.01267694,-0.01327155,-116.8355,-0.1269,-113.8391,16.47026236,44.11537033,1263.5279
7.690000,4393273.120712,4259663.751236,1797054.801945,-46.833905,-45.397713,207.985295,0.99999949,-0.00010893,0.00100620,-0.00004920,-0.00021834,0.01551012,-0.00175177,11.1100,1263.4920,1417.6075,0.01857389,0.00012429,0.636074,0.01166989,0.01184374,-0.01166822,-0.01184207,0.01270754,0.01330091,-0.01271006,-0.01330343,-116.7012,-0.1041,-113.6702,16.47028207,44.11537033,1263.4920
7.700000,4393272.652496,4259663.297378,1797056.881301,-46.809157,-45.373965,207.885863,0.99999938,-0.00011027,0.00110530,-0.00006076,-0.00017906,0.02395718,-0.00288725,11.1100,1263.4562,1419.7871,0.01866782,0.00013357,0.635767,0.01166989,0.01184374,-0.01166822,-0.01184207,0.01267468,0.01317590,-0.01267613,-0.01317735,-116.5670,-0.2378,-113.8030,16.47030176,44.11537033,1263.4562
7.710000,4393272.184531,4259662.843758,1797058.959663,-46.783839,-45.349932,207.786709,0.99999922,-0.00011149,0.00124210,-0.00007679,-0.00016383,0.03053782,-0.00353527,11.1100,1263.4204,1421.9655,0.01885238,0.00015582,0.635460,0.01166989,0.01184374,-0.01166822,-0.01184207,0.01263378,0.01304264,-0.01263399,-0.01304284,-116.4332,-0.4325,-114.3748,16.47032145,44.11537033,1263.4204
7.720000,4393271.716822,4259662.390381,1797061.037036,-46.757724,-45.325373,207.687922,0.99999900,-0.00011266,0.00140741,-0.00009524,-0.00016034,0.03533070,-0.00385143,11.1100,1263.3846,1424.1430,0.01910927,0.00018613,0.635153,0.01166989,0.01184374,-0.01166822,-0.01184207,0.01261304,0.01297653,-0.01261262,-0.01297612,-116.2995,-0.6232,-115.3857,16.47034112,44.11537033,1263.3846
7.730000,4393271.249380,4259661.937252,1797063.113423,-46.730659,-45.300124,207.589562,0.99999872,-0.00011383,0.00159235,-0.00011468,-0.00016147,0.03836832,-0.00392996,11.1100,1263.3489,1426.3193,0.01941856,0.00022046,0.634847,0.01227920,0.01246821,-0.01227791,-0.01246692,0.01260451,0.01294960,-0.01260384,-0.01294893,-116.1659,-0.8083,-116.7054,16.47036079,44.11537033,1263.3489
7.740000,4393270.782211,4259661.484378,1797065.188828,-46.702911,-45.274546,207.491496,0.99999840,-0.00011505,0.00178107,-0.00013298,-0.00018456,0.03685599,-0.00339782,11.1100,1263.3133,1428.4947,0.01976140,0.00025600,0.634541,0.01227920,0.01246821,-0.01227791,-0.01246692,0.01227982,0.01250194,-0.01227787,-0.01249999,-116.0326,-1.0865,-117.5685,16.47038045,44.11537034,1263.3133
7.750000,4393270.315323,4259661.031762,1797067.263254,-46.674540,-45.248652,207.393708,0.99999808,-0.00011643,0.00195125,-0.00014720,-0.00022717,0.03099729,-0.00231170,11.1100,1263.2778,1430.6689,0.02010821,0.00028813,0.634235,0.01227920,0.01246821,-0.01227791,-0.01246692,0.01195540,0.01205834,-0.01195222,-0.01205517,-115.8994,-1.3406,-118.4791,16.47040010,44.11537034,1263.2778
7.760000,4393269.848722,4259660.579406,1797069.336703,-46.645574,-45.222332,207.296222,0.99999781,-0.00011804,0.00208565,-0.00015529,-0.00027718,0.02261336,-0.00095790,11.1100,1263.2424,1432.8422,0.02041459,0.00031118,0.633929,0.01227920,0.01246821,-0.01227791,-0.01246692,0.01179615,0.01184090,-0.01179238,-0.01183713,-115.7665,-1.4948,-119.5476,16.47041973,44.11537034,1263.2424
7.770000,4393269.382413,4259660.127316,1797071.409179,-46.616203,-45.195652,207.198992,0.99999762,-0.00011989,0.00217482,-0.00015640,-0.00032798,0.01298286,0.00046869,11.1100,1263.2070,1435.0144,0.02064579,0.00032145,0.633623,0.01290830,0.01324010,-0.01291383,-0.01324563,0.01173154,0.01175272,-0.01172752,-0.01174871,-115.6337,-1.5554,-120.4515,16.47043936,44.11537034,1263.2070
7.780000,4393268.916398,4259659.675494,1797073.480684,-46.586720,-45.168737,207.101942,0.99999753,-0.00012195,0.00221500,-0.00015100,-0.00036180,0.00309243,0.00163530,11.1100,1263.1718,1437.1855,0.02078376,0.00031765,0.633318,0.01290830,0.01324010,-0.01291383,-0.01324563,0.01169869,0.01177014,-0.01169547,-0.01176693,-115.5011,-1.4844,-121.0232,16.47045898,44.11537034,1263.1718
7.790000,4393268.450678,4259659.223942,1797075.551218,-46.557435,-45.141818,207.004973,0.99999755,-0.00012413,0.00220638,-0.00014056,-0.00037872,-0.00646043,0.00247487,11.1100,1263.1366,1439.3556,0.02082239,0.00030124,0.633013,0.01290830,0.01324010,-0.01291383,-0.01324563,0.01168133,0.01180904,-0.01167897,-0.01180668,-115.3687,-1.3487,-121.1429,16.47047859,44.11537034,1263.1366
7.800000,4393267.985248,4259658.772657,1797077.620783,-46.528639,-45.115163,206.907979,0.99999767,-0.00012637,0.00215167,-0.00012654,-0.00038724,-0.01528179,0.00306028,11.1100,1263.1016,1441.5247,0.02076389,0.00027542,0.632708,0.01290830,0.01324010,-0.01291383,-0.01324563,0.01167408,0.01182990,-0.01167214,-0.01182796,-115.2365,-1.1932,-120.7811,16.47049819,44.11537034,1263.1016
7.810000,4393267.520102,4259658.321637,1797079.689377,-46.500594,-45.089014,206.810867,0.99999787,-0.00012865,0.00205539,-0.00011011,-0.00039222,-0.02302685,0.00343320,11.1100,1263.0667,1443.6927,0.02061552,0.00024314,0.632403,0.01237027,0.01248449,-0.01237467,-0.01248889,0.01167135,0.01183866,-0.01166958,-0.01183689,-115.1047,-1.0222,-119.9731,16.47051778,44.11537034,1263.0667
7.820000,4393267.055234,4259657.870875,1797081.757000,-46.473296,-45.063353,206.713647,0.99999813,-0.00013094,0.00192773,-0.00009235,-0.00039347,-0.02780264,0.00359124,11.1100,1263.0319,1445.8597,0.02038810,0.00020679,0.632100,0.01237027,0.01248449,-0.01237467,-0.01248889,0.01188691,0.01206388,-0.01188534,-0.01206231,-114.9731,-0.8345,-119.1428,16.47053737,44.11537034,1263.0319
7.830000,4393266.590634,4259657.420368,1797083.823650,-46.446880,-45.038311,206.616271,0.99999840,-0.00013323,0.00178392,-0.00007431,-0.00039193,-0.02947355,0.00354530,11.1100,1262.9971,1448.0256,0.02010187,0.00016855,0.631796,0.01237027,0.01248449,-0.01237467,-0.01248889,0.01210431,0.01228820,-0.01210290,-0.01228679,-114.8418,-0.6417,-118.0133,16.47055694,44.11537034,1262.9971
7.840000,4393266.126293,4259656.970107,1797085.889325,-46.421501,-45.014053,206.518673,0.99999865,-0.00013551,0.00163746,-0.00005696,-0.00038921,-0.02887193,0.00331883,11.1100,1262.9625,1450.1905,0.01978824,0.00013054,0.631493,0.01237027,0.01248449,-0.01237467,-0.01248889,0.01221118,0.01239826,-0.01220985,-0.01239692,-114.7108,-0.4547,-116.5474,16.47057650,44.11537034,1262.9625
7.850000,4393265.662200,4259656.520084,1797087.954023,-46.397186,-44.990625,206.420837,0.99999887,-0.00013778,0.00149832,-0.00004114,-0.00038615,-0.02656985,0.00293620,11.1100,1262.9279,1452.3543,0.01947527,0.00009464,0.631191,0.01216468,0.01220114,-0.01216628,-0.01220273,0.01225458,0.01244290,-0.01225327,-0.01244160,-114.5801,-0.2809,-114.9673,16.47059605,44.11537034,1262.9279
7.860000,4393265.198347,4259656.070293,1797090.017741,-46.373633,-44.967712,206.322885,0.99999904,-0.00013994,0.00137866,-0.00002803,-0.00034211,-0.02112512,0.00224360,11.1100,1262.8933,1454.5172,0.01918317,0.00006247,0.630889,0.01216468,0.01220114,-0.01216628,-0.01220273,0.01249424,0.01273376,-0.01249536,-0.01273488,-114.4498,-0.0848,-113.8535,16.47061560,44.11537034,1262.8933
7.870000,4393264.734726,4259655.620729,1797092.080480,-46.350664,-44.945191,206.224875,0.99999915,-0.00014178,0.00129323,-0.00001907,-0.00025978,-0.01293713,0.00128242,11.1100,1262.8588,1456.6790,0.01893415,0.00003645,0.630587,0.01216468,0.01220114,-0.01216628,-0.01220273,0.01272470,0.01301540,-0.01272827,-0.01301896,-114.3197,0.0795,-112.9166,16.47063513,44.11537034,1262.8588
7.880000,4393264.271332,4259655.171388,1797094.142239,-46.328137,-44.923009,206.126838,0.99999921,-0.00014318,0.00125231,-0.00001526,-0.00016269,-0.00339968,0.00019675,11.1100,1262.8244,1458.8397,0.01875676,0.00001933,0.630286,0.01216468,0.01220114,-0.01216628,-0.01220273,0.01283709,0.01315291,-0.01284185,-0.01315767,-114.1899,0.1773,-112.0917,16.47065466,44.11537034,1262.8244
7.890000,4393263.808163,4259654.722268,1797096.203017,-46.305808,-44.901013,206.028847,0.99999920,-0.00014410,0.00126012,-0.00001695,-0.00006381,0.00647979,-0.00090777,11.1100,1262.7899,1460.9995,0.01867084,0.00001279,0.629986,0.01207629,0.01247167,-0.01208088,-0.01247626,0.01288257,0.01320859,-0.01288782,-0.01321384,-114.0604,0.2108,-111.5767,16.47067417,44.11537034,1262.7899
7.900000,4393263.345216,4259654.273367,1797098.262816,-46.283590,-44.879261,205.930896,0.99999913,-0.00014455,0.00131247,-0.00002337,0.00002485,0.01435886,-0.00168515,11.1100,1262.7555,1463.1582,0.01868352,0.00001729,0.629685,0.01207629,0.01247167,-0.01208088,-0.01247626,0.01270820,0.01296068,-0.01271323,-0.01296571,-113.9311,0.1214,-111.0995,16.47069368,44.11537034,1262.7555
7.910000,4393262.882491,4259653.824682,1797100.321636,-46.261235,-44.857559,205.833071,0.99999901,-0.00014459,0.00139831,-0.00003278,0.00010198,0.01982772,-0.00209959,11.1100,1262.7212,1465.3158,0.01878634,0.00003079,0.629385,0.01207629,0.01247167,-0.01208088,-0.01247626,0.01252186,0.01269792,-0.01252655,-0.01270261,-113.8021,-0.0114,-111.0452,16.47071318,44.11537033,1262.7212
7.920000,4393262.419992,4259653.376216,1797102.379478,-46.238473,-44.835621,205.735479,0.99999885,-0.00014427,0.00150708,-0.00004368,0.00017107,0.02351090,-0.00227935,11.1100,1262.6868,1467.4725,0.01895566,0.00004967,0.629086,0.01207629,0.01247167,-0.01208088,-0.01247626,0.01242939,0.01256770,-0.01243391,-0.01257222,-113.6733,-0.1356,-111.5113,16.47073267,44.11537033,1262.6868
7.930000,4393261.957723,4259652.927971,1797104.436346,-46.215137,-44.813272,205.638188,0.99999866,-0.00014361,0.00163075,-0.00005510,0.00023437,0.02576742,-0.00230261,11.1100,1262.6525,1469.6281,0.01916853,0.00007101,0.628786,0.01235006,0.01263662,-0.01235146,-0.01263802,0.01239171,0.01251465,-0.01239615,-0.01251910,-113.5447,-0.2514,-112.3042,16.47075215,44.11537033,1262.6525
7.940000,4393261.495691,4259652.479952,1797106.492243,-46.191224,-44.790521,205.541192,0.99999844,-0.00014270,0.00176094,-0.00006609,0.00027637,0.02612243,-0.00211066,11.1100,1262.6181,1471.7827,0.01940765,0.00009289,0.628487,0.01235006,0.01263662,-0.01235146,-0.01263802,0.01230464,0.01239425,-0.01230806,-0.01239767,-113.4162,-0.3836,-113.1318,16.47077162,44.11537033,1262.6181
7.950000,4393261.033901,4259652.032162,1797108.547171,-46.166725,-44.767342,205.444499,0.99999820,-0.00014162,0.00188842,-0.00007564,0.00029871,0.02469200,-0.00173143,11.1100,1262.5839,1473.9363,0.01965634,0.00011341,0.628188,0.01235006,0.01263662,-0.01235146,-0.01263802,0.01222625,0.01228606,-0.01222865,-0.01228846,-113.2880,-0.5047,-114.0312,16.47079108,44.11537033,1262.5839
7.960000,4393260.572358,4259651.584607,1797110.601134,-46.141659,-44.743710,205.348109,0.99999798,-0.00014045,0.00200538,-0.00008301,0.00031130,0.02194166,-0.00124201,11.1100,1262.5497,1476.0888,0.01989597,0.00013059,0.627889,0.01235006,0.01263662,-0.01235146,-0.01263802,0.01218847,0.01223395,-0.01219038,-0.01223586,-113.1599,-0.5959,-114.9753,16.47081053,44.11537033,1262.5497
7.970000,4393260.111069,4259651.137289,1797112.654134,-46.116103,-44.719663,205.252003,0.99999777,-0.00013922,0.00210612,-0.00008778,0.00031970,0.01823065,-0.00069789,11.1100,1262.5155,1478.2404,0.02011094,0.00014309,0.627591,0.01272682,0.01294907,-0.01272847,-0.01295072,0.01217326,0.01221297,-0.01217497,-0.01221467,-113.0321,-0.6569,-115.8514,16.47082997,44.11537033,1262.5155
7.980000,4393259.650037,4259650.690215,1797114.706175,-46.090206,-44.695183,205.156155,0.99999759,-0.00013791,0.00218710,-0.00009090,0.00034401,0.01407435,-0.00058339,11.1100,1262.4814,1480.3909,0.02029020,0.00015021,0.627293,0.01272682,0.01294907,-0.01272847,-0.01295072,0.01213623,0.01230136,-0.01213893,-0.01230406,-112.9044,-0.5841,-116.6335,16.47084940,44.11537033,1262.4814
7.990000,4393259.189266,4259650.243387,1797116.757258,-46.064092,-44.670387,205.060520,0.99999746,-0.00013644,0.00224669,-0.00009454,0.00038405,0.00971069,-0.00090007,11.1100,1262.4473,1482.5404,0.02042715,0.00015438,0.626995,0.01272682,0.01294907,-0.01272847,-0.01295072,0.01210268,0.01239532,-0.01210642,-0.01239906,-112.7769,-0.4981,-117.2223,16.47086883,44.11537033,1262.4473
8.000000,4393258.728756,4259649.796808,1797118.807386,-46.037865,-44.645462,204.965044,0.99999738,-0.00013476,0.00228411,-0.00010021,0.00043002,0.00523705,-0.00139760,11.1100,1262.4134,1484.6888,0.02051934,0.00015992,0.626697,0.01272682,0.01294907,-0.01272847,-0.01295072,0.01208649,0.01244190,-0.01209075,-0.01244616,-112.6496,-0.4745,-117.5730,16.47088824,44.11537033,1262.4134
8.010000,4393258.268509,4259649.350478,1797120.856559,-46.011631,-44.620578,204.869674,0.99999734,-0.00013286,0.00229915,-0.00010844,0.00047644,0.00079262,-0.00192023,11.1100,1262.3795,1486.8363,0.02056616,0.00016962,0.626399,0.01298293,0.01313769,-0.01298026,-0.01313502,0.01207996,0.01246088,-0.01208444,-0.01246535,-112.5225,-0.5021,-117.6932,16.47090765,44.11537033,1262.3795
8.020000,4393257.808523,4259648.904396,1797122.904779,-45.985402,-44.595828,204.774393,0.99999735,-0.00013079,0.00229376,-0.00011882,0.00050232,-0.00290791,-0.00225510,11.1100,1262.3457,1488.9827,0.02056815,0.00018430,0.626102,0.01298293,0.01313769,-0.01298026,-0.01313502,0.01217485,0.01252655,-0.01217826,-0.01252996,-112.3956,-0.5980,-117.7200,16.47092704,44.11537033,1262.3457
8.030000,4393257.348800,4259648.458560,1797124.952047,-45.959277,-44.571328,204.679162,0.99999740,-0.00012864,0.00227201,-0.00013032,0.00050810,-0.00572715,-0.00237140,11.1100,1262.3119,1491.1281,0.02052956,0.00020284,0.625805,0.01298293,0.01313769,-0.01298026,-0.01313502,0.01227183,0.01258797,-0.01227413,-0.01259027,-112.2690,-0.7162,-117.5484,16.47094643,44.11537033,1262.3119
8.040000,4393256.889337,4259648.012968,1797126.998363,-45.933383,-44.547188,204.583934,0.99999748,-0.00012649,0.00223788,-0.00014202,0.00050440,-0.00784815,-0.00233182,11.1100,1262.2783,1493.2725,0.02045928,0.00022315,0.625509,0.01298293,0.01313769,-0.01298026,-0.01313502,0.01231962,0.01261778,-0.01232137,-0.01261953,-112.1426,-0.8269,-117.1569,16.47096581,44.11537033,1262.2783
8.050000,4393256.430132,4259647.567615,1797129.043726,-45.907811,-44.523476,204.488680,0.99999757,-0.00012437,0.00219463,-0.00015323,0.00049721,-0.00936253,-0.00218008,11.1100,1262.2447,1495.4159,0.02036605,0.00024338,0.625213,0.01275883,0.01298364,-0.01276069,-0.01298550,0.01233904,0.01262981,-0.01234056,-0.01263134,-112.0165,-0.9275,-116.6167,16.47098518,44.11537033,1262.2447
8.060000,4393255.971180,4259647.122497,1797131.088136,-45.882478,-44.500122,204.393430,0.99999767,-0.00012228,0.00214742,-0.00016326,0.00049056,-0.00943469,-0.00186407,11.1100,1262.2112,1497.5583,0.02025696,0.00026224,0.624917,0.01275883,0.01298364,-0.01276069,-0.01298550,0.01248013,0.01274530,-0.01248166,-0.01274683,-111.8906,-1.0356,-116.1822,16.47100453,44.11537033,1262.2112
8.070000,4393255.512481,4259646.677612,1797133.131594,-45.857403,-44.477116,204.298184,0.99999777,-0.00012022,0.00210334,-0.00017136,0.00048530,-0.00812225,-0.00140868,11.1100,1262.1777,1499.6996,0.02014180,0.00027833,0.624622,0.01275883,0.01298364,-0.01276069,-0.01298550,0.01261729,0.01285852,-0.01261889,-0.01286011,-111.7650,-1.1280,-115.7068,16.47102388,44.11537033,1262.1777
8.080000,4393255.054032,4259646.232954,1797135.174100,-45.832630,-44.454464,204.202929,0.99999784,-0.00011817,0.00206797,-0.00017699,0.00048092,-0.00596945,-0.00088069,11.1100,1262.1443,1501.8400,0.02003476,0.00029021,0.624327,0.01275883,0.01298364,-0.01276069,-0.01298550,0.01268431,0.01291391,-0.01268594,-0.01291554,-111.6396,-1.1897,-115.1595,16.47104323,44.11537033,1262.1443
8.090000,4393254.595828,4259645.788521,1797137.215653,-45.808152,-44.432118,204.107674,0.99999789,-0.00011613,0.00204457,-0.00017991,0.00047703,-0.00335222,-0.00032936,11.1100,1262.1109,1503.9793,0.01994721,0.00029694,0.624032,0.01263381,0.01258428,-0.01263614,-0.01258662,0.01271145,0.01293636,-0.01271309,-0.01293800,-111.5144,-1.2210,-114.6416,16.47106256,44.11537033,1262.1109
8.100000,4393254.137868,4259645.344311,1797139.256254,-45.783831,-44.409935,204.012473,0.99999790,-0.00011417,0.00203625,-0.00017989,0.00044843,0.00003573,0.00029265,11.1100,1262.0777,1506.1177,0.01988548,0.00029818,0.623738,0.01263381,0.01258428,-0.01263614,-0.01258662,0.01281251,0.01301170,-0.01281263,-0.01301181,-111.3895,-1.2432,-114.3446,16.47108188,44.11537032,1262.0777
8.110000,4393253.680151,4259644.900323,1797141.295903,-45.759597,-44.387808,203.917359,0.99999788,-0.00011240,0.00204635,-0.00017666,0.00039658,0.00398825,0.00095324,11.1100,1262.0444,1508.2550,0.01985483,0.00029350,0.623444,0.01263381,0.01258428,-0.01263614,-0.01258662,0.01290756,0.01308202,-0.01290613,-0.01308059,-111.2649,-1.2364,-114.1810,16.47110119,44.11537032,1262.0444
8.120000,4393253.222676,4259644.456555,1797143.334601,-45.735404,-44.365645,203.822357,0.99999782,-0.00011090,0.00207651,-0.00017019,0.00033576,0.00802656,0.00157992,11.1100,1262.0112,1510.3913,0.01986135,0.00028245,0.623151,0.01263381,0.01258428,-0.01263614,-0.01258662,0.01295373,0.01311613,-0.01295155,-0.01311395,-111.1404,-1.1893,-114.1211,16.47112050,44.11537032,1262.0112
8.130000,4393252.765443,4259644.013010,1797145.372350,-45.711183,-44.343338,203.727497,0.99999772,-0.00010970,0.00212628,-0.00016079,0.00027389,0.01180966,0.00212278,11.1100,1261.9780,1512.5267,0.01990782,0.00026519,0.622857,0.01255741,0.01271323,-0.01256130,-0.01271713,0.01297238,0.01312990,-0.01296989,-0.01312741,-111.0162,-1.1076,-114.2100,16.47113979,44.11537032,1261.9780
8.140000,4393252.308452,4259643.569689,1797147.409152,-45.686933,-44.320833,203.632787,0.99999758,-0.00010873,0.00219267,-0.00014918,0.00024031,0.01465068,0.00246634,11.1100,1261.9449,1514.6610,0.01999278,0.00024244,0.622564,0.01255741,0.01271323,-0.01256130,-0.01271713,0.01289964,0.01308025,-0.01289865,-0.01307926,-110.8922,-0.9784,-114.3575,16.47115908,44.11537032,1261.9449
8.150000,4393251.851705,4259643.126594,1797149.445007,-45.662586,-44.298047,203.538255,0.99999741,-0.00010786,0.00227063,-0.00013637,0.00023447,0.01642193,0.00259798,11.1100,1261.9119,1516.7943,0.02011004,0.00021581,0.622272,0.01255741,0.01271323,-0.01256130,-0.01271713,0.01282199,0.01302699,-0.01282257,-0.01302758,-110.7684,-0.8314,-114.6541,16.47117836,44.11537032,1261.9119
8.160000,4393251.395201,4259642.683729,1797151.479917,-45.638056,-44.274906,203.443931,0.99999721,-0.00010698,0.00235522,-0.00012333,0.00024165,0.01730212,0.00256111,11.1100,1261.8789,1518.9266,0.02024897,0.00018742,0.621979,0.01255741,0.01271323,-0.01256130,-0.01271713,0.01278346,0.01300055,-0.01278482,-0.01300192,-110.6448,-0.6875,-115.1091,16.47119763,44.11537032,1261.8789
8.170000,4393250.938944,4259642.241098,1797153.513886,-45.613294,-44.251379,203.349830,0.99999701,-0.00010605,0.00244228,-0.00011082,0.00025349,0.01741272,0.00238778,11.1100,1261.8459,1521.0579,0.02039917,0.00015916,0.621687,0.01289723,0.01317801,-0.01289733,-0.01317811,0.01276776,0.01298977,-0.01276944,-0.01299145,-110.5214,-0.5512,-115.6510,16.47121689,44.11537031,1261.8459
8.180000,4393250.482936,4259641.798702,1797155.546915,-45.588332,-44.227605,203.255918,0.99999680,-0.00010505,0.00252654,-0.00009863,0.00026915,0.01618827,0.00243197,11.1100,1261.8130,1523.1882,0.02055205,0.00013250,0.621395,0.01289723,0.01317801,-0.01289733,-0.01317811,0.01271749,0.01284385,-0.01271946,-0.01284582,-110.3982,-0.5037,-116.0730,16.47123614,44.11537031,1261.8130
8.190000,4393250.027178,4259641.356546,1797157.579005,-45.563205,-44.203615,203.162181,0.99999661,-0.00010397,0.00260156,-0.00008568,0.00028717,0.01373514,0.00269382,11.1100,1261.7802,1525.3175,0.02069761,0.00010667,0.621104,0.01289723,0.01317801,-0.01289733,-0.01317811,0.01267077,0.01269973,-0.01267295,-0.01270191,-110.2752,-0.4601,-116.4715,16.47125538,44.11537031,1261.7802
8.200000,4393249.571672,4259640.914631,1797159.610159,-45.537963,-44.179398,203.068615,0.99999645,-0.00010280,0.00266236,-0.00007132,0.00030555,0.01052688,0.00299108,11.1100,1261.7474,1527.4458,0.02082322,0.00007949,0.620812,0.01289723,0.01317801,-0.01289733,-0.01317811,0.01264812,0.01262913,-0.01265039,-0.01263140,-110.1523,-0.3699,-116.8604,16.47127461,44.11537031,1261.7474
8.210000,4393249.116419,4259640.472959,1797161.640378,-45.512692,-44.154994,202.975195,0.99999633,-0.00010153,0.00270604,-0.00005565,0.00032334,0.00691324,0.00321580,11.1100,1261.7147,1529.5732,0.02091905,0.00004990,0.620521,0.01306698,0.01319656,-0.01305938,-0.01318896,0.01263897,0.01260050,-0.01264129,-0.01260282,-110.0297,-0.2459,-117.1583,16.47129383,44.11537031,1261.7147
8.220000,4393248.661418,4259640.031531,1797163.669663,-45.487516,-44.130437,202.881894,0.99999626,-0.00010015,0.00273136,-0.00003977,0.00034908,0.00320877,0.00307469,11.1100,1261.6821,1531.6995,0.02097974,0.00001823,0.620231,0.01306698,0.01319656,-0.01305938,-0.01318896,0.01260844,0.01263572,-0.01261133,-0.01263860,-109.9072,-0.0453,-117.3287,16.47131305,44.11537031,1261.6821
8.230000,4393248.206668,4259639.590350,1797165.698016,-45.462531,-44.105829,202.788674,0.99999625,-0.00009864,0.00273835,-0.00002552,0.00038213,-0.00039364,0.00256792,11.1100,1261.6495,1533.8248,0.02100334,-0.00001302,0.619940,0.01306698,0.01319656,-0.01305938,-0.01318896,0.01257996,0.01267807,-0.01258340,-0.01268151,-109.7850,0.1549,-117.3344,16.47133225,44.11537030,1261.6495
8.240000,4393247.752167,4259639.149415,1797167.725437,-45.437804,-44.081306,202.695497,0.99999627,-0.00009696,0.00272783,-0.00001435,0.00041742,-0.00376671,0.00184810,11.1100,1261.6170,1535.9492,0.02099058,-0.00004020,0.619650,0.01306698,0.01319656,-0.01305938,-0.01318896,0.01256614,0.01269944,-0.01256986,-0.01270317,-109.6630,0.3056,-117.1659,16.47135145,44.11537030,1261.6170
8.250000,4393247.297911,4259638.708723,1797169.751926,-45.413399,-44.056992,202.602330,0.99999635,-0.00009511,0.00270127,-0.00000706,0.00045219,-0.00679169,0.00102278,11.1100,1261.5846,1538.0725,0.02094385,-0.00006065,0.619360,0.01336446,0.01343703,-0.01336304,-0.01343561,0.01256056,0.01270822,-0.01256439,-0.01271205,-109.5412,0.4072,-116.8358,16.47137064,44.11537030,1261.5846
8.260000,4393246.843898,4259638.268274,1797171.777484,-45.389247,-44.032838,202.509199,0.99999645,-0.00009316,0.00266313,-0.00000438,0.00046384,-0.00838886,0.00001204,11.1100,1261.5523,1540.1948,0.02086668,-0.00007299,0.619070,0.01336446,0.01343703,-0.01336304,-0.01343561,0.01267926,0.01287666,-0.01268178,-0.01287918,-109.4196,0.4984,-116.5865,16.47138982,44.11537030,1261.5523
8.270000,4393246.390125,4259637.828066,1797173.802110,-45.365363,-44.008920,202.416087,0.99999656,-0.00009123,0.00262066,-0.00000708,0.00045335,-0.00852323,-0.00112537,11.1100,1261.5200,1542.3162,0.02076759,-0.00007582,0.618781,0.01336446,0.01343703,-0.01336304,-0.01343561,0.01279997,0.01304390,-0.01280115,-0.01304508,-109.2983,0.5419,-116.2292,16.47140898,44.11537030,1261.5200
8.280000,4393245.936590,4259637.388095,1797175.825805,-45.341778,-43.985355,202.322964,0.99999667,-0.00008939,0.00257986,-0.00001549,0.00043300,-0.00772355,-0.00225817,11.1100,1261.4878,1544.4366,0.02066139,-0.00006779,0.618492,0.01336446,0.01343703,-0.01336304,-0.01343561,0.01285939,0.01312590,-0.01285991,-0.01312642,-109.1772,0.5157,-115.7174,16.47142815,44.11537030,1261.4878
8.290000,4393245.483289,4259636.948358,1797177.848569,-45.318471,-43.962197,202.229823,0.99999676,-0.00008767,0.00254456,-0.00002933,0.00040968,-0.00633666,-0.00329450,11.1100,1261.4557,1546.5560,0.02056063,-0.00004859,0.618204,0.01325781,0.01324508,-0.01326131,-0.01324858,0.01288353,0.01315916,-0.01288379,-0.01315941,-109.0564,0.4276,-115.1609,16.47144730,44.11537029,1261.4557
8.300000,4393245.030220,4259636.508850,1797179.870402,-45.295331,-43.939446,202.136684,0.99999683,-0.00008618,0.00251775,-0.00004753,0.00034289,-0.00434674,-0.00399624,11.1100,1261.4236,1548.6744,0.02047304,-0.00001897,0.617916,0.01325781,0.01324508,-0.01326131,-0.01324858,0.01295281,0.01317808,-0.01295023,-0.01317550,-108.9358,0.2457,-114.6852,16.47146644,44.11537029,1261.4236
8.310000,4393244.577382,4259636.069567,1797181.891303,-45.272288,-43.917070,202.043566,0.99999686,-0.00008514,0.00250206,-0.00006834,0.00023630,-0.00190329,-0.00433609,11.1100,1261.3915,1550.7918,0.02040421,0.00001851,0.617628,0.01325781,0.01324508,-0.01326131,-0.01324858,0.01301662,0.01318904,-0.01301125,-0.01318367,-108.8154,0.0280,-114.2829,16.47148557,44.11537029,1261.3915
8.320000,4393244.124774,4259635.630507,1797183.911273,-45.249297,-43.895009,201.950489,0.99999687,-0.00008467,0.00249915,-0.00009015,0.00011501,0.00074739,-0.00440017,11.1100,1261.3595,1552.9082,0.02035908,0.00006025,0.617341,0.01325781,0.01324508,-0.01326131,-0.01324858,0.01304749,0.01319377,-0.01304076,-0.01318703,-108.6952,-0.1860,-113.9583,16.47150470,44.11537029,1261.3595
8.330000,4393243.672396,4259635.191666,1797185.930313,-45.226301,-43.873191,201.857474,0.99999684,-0.00008481,0.00250960,-0.00011174,-0.00000719,0.00341551,-0.00424689,11.1100,1261.3276,1555.0236,0.02034062,0.00010308,0.617054,0.01276839,0.01314294,-0.01276419,-0.01313874,0.01305995,0.01319558,-0.01305266,-0.01318829,-108.5753,-0.3909,-113.7394,16.47152381,44.11537029,1261.3276
8.340000,4393243.220249,4259634.753043,1797187.948423,-45.203136,-43.851452,201.764588,0.99999678,-0.00008545,0.00253475,-0.00013194,-0.00009018,0.00661017,-0.00384587,11.1100,1261.2956,1557.1381,0.02034949,0.00014459,0.616767,0.01276839,0.01314294,-0.01276419,-0.01313874,0.01317026,0.01328168,-0.01316497,-0.01327638,-108.4556,-0.5986,-113.7900,16.47154292,44.11537029,1261.2956
8.350000,4393242.768334,4259634.314638,1797189.965605,-45.179732,-43.829697,201.671858,0.99999666,-0.00008640,0.00257688,-0.00014958,-0.00013423,0.01018114,-0.00323075,11.1100,1261.2638,1559.2516,0.02038730,0.00018245,0.616481,0.01276839,0.01314294,-0.01276419,-0.01313874,0.01327818,0.01336784,-0.01327502,-0.01336467,-108.3361,-0.7860,-113.9682,16.47156202,44.11537029,1261.2638
8.360000,4393242.316655,4259633.876450,1797191.981861,-45.156071,-43.807855,201.579301,0.99999651,-0.00008752,0.00263664,-0.00016378,-0.00015880,0.01363845,-0.00247213,11.1100,1261.2319,1561.3641,0.02045800,0.00021448,0.616195,0.01276839,0.01314294,-0.01276419,-0.01313874,0.01333096,0.01341014,-0.01332886,-0.01340803,-108.2168,-0.9364,-114.2164,16.47158111,44.11537028,1261.2319
8.370000,4393241.865214,4259633.438481,1797193.997192,-45.132115,-43.785838,201.486938,0.99999630,-0.00008871,0.00271263,-0.00017395,-0.00017499,0.01665345,-0.00162773,11.1100,1261.2001,1563.4756,0.02056260,0.00023904,0.615909,0.01289518,0.01330439,-0.01289559,-0.01330480,0.01335235,0.01342730,-0.01335068,-0.01342563,-108.0976,-1.0467,-114.5750,16.47160019,44.11537028,1261.2001
8.380000,4393241.414014,4259633.000734,1797196.011600,-45.107859,-43.763617,201.394771,0.99999606,-0.00008990,0.00280127,-0.00017954,-0.00016025,0.01868404,-0.00064503,11.1100,1261.1684,1565.5862,0.02069785,0.00025517,0.615623,0.01289518,0.01330439,-0.01289559,-0.01330480,0.01332237,0.01336545,-0.01332261,-0.01336569,-107.9787,-1.1393,-114.9752,16.47161926,44.11537028,1261.1684
8.390000,4393240.963058,4259632.563210,1797198.025088,-45.083283,-43.741117,201.302819,0.99999578,-0.00009093,0.00289739,-0.00017997,-0.00011806,0.01964069,0.00042809,11.1100,1261.1367,1567.6957,0.02085650,0.00026184,0.615338,0.01289518,0.01330439,-0.01289559,-0.01330480,0.01328705,0.01329910,-0.01328910,-0.01330115,-107.8599,-1.1871,-115.4786,16.47163832,44.11537028,1261.1367
8.400000,4393240.512349,4259632.125912,1797200.037658,-45.058378,-43.718252,201.211098,0.99999549,-0.00009170,0.00299601,-0.00017504,-0.00006478,0.01968285,0.00149254,11.1100,1261.1051,1569.8043,0.02102787,0.00025808,0.615053,0.01289518,0.01330439,-0.01289559,-0.01330480,0.01326926,0.01326615,-0.01327220,-0.01326909,-107.7414,-1.1746,-116.0831,16.47165738,44.11537028,1261.1051
8.410000,4393240.061891,4259631.688846,1797202.049311,-45.033166,-43.694980,201.119612,0.99999520,-0.00009219,0.00309285,-0.00016498,-0.00000934,0.01893704,0.00247529,11.1100,1261.0735,1571.9119,0.02120166,0.00024377,0.614768,0.01342399,0.01391051,-0.01342672,-0.01391324,0.01326197,0.01325272,-0.01326527,-0.01325601,-107.6230,-1.1073,-116.7249,16.47167642,44.11537027,1261.0735
8.420000,4393239.611686,4259631.252014,1797204.060050,-45.007859,-43.671325,201.028313,0.99999492,-0.00009250,0.00318242,-0.00015145,0.00000202,0.01679278,0.00287495,11.1100,1261.0420,1574.0186,0.02136925,0.00021957,0.614483,0.01342399,0.01391051,-0.01342672,-0.01391324,0.01308533,0.01321143,-0.01308602,-0.01321212,-107.5047,-0.8867,-117.1871,16.47169546,44.11537027,1261.0420
8.430000,4393239.161734,4259630.815420,1797206.069878,-44.982524,-43.647338,200.937179,0.99999468,-0.00009287,0.00325806,-0.00013741,-0.00002938,0.01338768,0.00268378,11.1100,1261.0106,1576.1242,0.02152052,0.00018944,0.614199,0.01342399,0.01391051,-0.01342672,-0.01391324,0.01290948,0.01317318,-0.01290747,-0.01317116,-107.3867,-0.6412,-117.5846,16.47171449,44.11537027,1261.0106
8.440000,4393238.712035,4259630.379068,1797208.078794,-44.957156,-43.623101,200.846198,0.99999449,-0.00009344,0.00331480,-0.00012517,-0.00007952,0.00926312,0.00215451,11.1100,1260.9792,1578.2289,0.02164251,0.00015931,0.613914,0.01342399,0.01391051,-0.01342672,-0.01391324,0.01282322,0.01315464,-0.01281987,-0.01315130,-107.2688,-0.4531,-117.9402,16.47173351,44.11537027,1260.9792
8.450000,4393238.262591,4259629.942959,1797210.086802,-44.931805,-43.598731,200.755340,0.99999438,-0.00009430,0.00335004,-0.00011603,-0.00013487,0.00481891,0.00145032,11.1100,1260.9480,1580.3326,0.02172557,0.00013354,0.613630,0.01356412,0.01367621,-0.01356427,-0.01367636,0.01278823,0.01314717,-0.01278433,-0.01314327,-107.1511,-0.3178,-118.1711,16.47175252,44.11537027,1260.9480
8.460000,4393237.813399,4259629.507094,1797212.093902,-44.906504,-43.574311,200.664586,0.99999433,-0.00009538,0.00336375,-0.00011074,-0.00016444,0.00068290,0.00062216,11.1100,1260.9168,1582.4354,0.02176505,0.00011446,0.613347,0.01356412,0.01367621,-0.01356427,-0.01367636,0.01282031,0.01320178,-0.01281786,-0.01319932,-107.0336,-0.2178,-118.3064,16.47177152,44.11537026,1260.9168
8.470000,4393237.364460,4259629.071472,1797214.100094,-44.881338,-43.549975,200.573896,0.99999435,-0.00009655,0.00335800,-0.00010975,-0.00016774,-0.00294406,-0.00027059,11.1100,1260.8857,1584.5372,0.02176132,0.00010340,0.613063,0.01356412,0.01367621,-0.01356427,-0.01367636,0.01286106,0.01325850,-0.01286018,-0.01325762,-106.9163,-0.1600,-118.2528,16.47179051,44.11537026,1260.8857
8.480000,4393236.915772,4259628.636093,1797216.105380,-44.856398,-43.525870,200.483226,0.99999443,-0.00009773,0.00333525,-0.00011325,-0.00015870,-0.00608973,-0.00116104,11.1100,1260.8546,1586.6380,0.02171923,0.00010113,0.612780,0.01356412,0.01367621,-0.01356427,-0.01367636,0.01288177,0.01328652,-0.01288168,-0.01328643,-106.7992,-0.1489,-117.9857,16.47180949,44.11537026,1260.8546
8.490000,4393236.467331,4259628.200954,1797218.109758,-44.831757,-43.502117,200.392540,0.99999455,-0.00009887,0.00329799,-0.00012107,-0.00014528,-0.00873748,-0.00199842,11.1100,1260.8237,1588.7378,0.02164459,0.00010776,0.612497,0.01356313,0.01363061,-0.01356327,-0.01363076,0.01289030,0.01329792,-0.01289053,-0.01329815,-106.6823,-0.1813,-117.5476,16.47182847,44.11537026,1260.8237
8.500000,4393236.019136,4259627.766051,1797220.113231,-44.807283,-43.478612,200.301887,0.99999470,-0.00009993,0.00325217,-0.00013309,-0.00011817,-0.00950469,-0.00283346,11.1100,1260.7928,1590.8367,0.02154298,0.00012285,0.612215,0.01356313,0.01363061,-0.01356327,-0.01363076,0.01308140,0.01351754,-0.01308258,-0.01351871,-106.5657,-0.2319,-117.2842,16.47184744,44.11537025,1260.7928
8.510000,4393235.571185,4259627.331381,1797222.115796,-44.782980,-43.455399,200.211259,0.99999484,-0.00010083,0.00320718,-0.00014920,-0.00007938,-0.00841234,-0.00363142,11.1100,1260.7620,1592.9346,0.02142553,0.00014604,0.611933,0.01356313,0.01363061,-0.01356327,-0.01363076,0.01327149,0.01373562,-0.01327354,-0.01373766,-106.4492,-0.3193,-116.9380,16.47186639,44.11537025,1260.7620
8.520000,4393235.123476,4259626.896942,1797224.117456,-44.758892,-43.432576,200.120626,0.99999495,-0.00010154,0.00317041,-0.00016903,-0.00003659,-0.00623557,-0.00431601,11.1100,1260.7312,1595.0315,0.02131117,0.00017699,0.611651,0.01356313,0.01363061,-0.01356327,-0.01363076,0.01336473,0.01384255,-0.01336720,-0.01384502,-106.3330,-0.4520,-116.4382,16.47188534,44.11537025,1260.7312
8.530000,4393234.676007,4259626.462728,1797226.118209,-44.734995,-43.410159,200.029988,0.99999503,-0.00010204,0.00314601,-0.00019189,0.00000608,-0.00348543,-0.00483778,11.1100,1260.7005,1597.1275,0.02121516,0.00021475,0.611370,0.01305456,0.01368941,-0.01305834,-0.01369319,0.01340255,0.01388592,-0.01340519,-0.01388856,-106.2171,-0.6206,-115.9256,16.47190428,44.11537025,1260.7005
8.540000,4393234.228776,4259626.028737,1797228.118056,-44.711178,-43.388185,199.939355,0.99999505,-0.00010237,0.00313581,-0.00021581,0.00003294,-0.00057458,-0.00474173,11.1100,1260.6699,1599.2225,0.02114579,0.00025782,0.611089,0.01305456,0.01368941,-0.01305834,-0.01369319,0.01346637,0.01381874,-0.01346815,-0.01382052,-106.1013,-0.9151,-115.4658,16.47192321,44.11537025,1260.6699
8.550000,4393233.781783,4259625.594963,1797230.116996,-44.687375,-43.366576,199.848755,0.99999504,-0.00010259,0.00314014,-0.00023773,0.00004431,0.00230374,-0.00404281,11.1100,1260.6394,1601.3166,0.02110647,0.00030175,0.610808,0.01305456,0.01368941,-0.01305834,-0.01369319,0.01352137,0.01374067,-0.01352225,-0.01374155,-105.9858,-1.2110,-115.1257,16.47194214,44.11537024,1260.6394
8.560000,4393233.335029,4259625.161404,1797232.115031,-44.663554,-43.345190,199.758219,0.99999497,-0.00010276,0.00315861,-0.00025529,0.00004814,0.00506323,-0.00300381,11.1100,1260.6088,1603.4097,0.02109734,0.00034049,0.610528,0.01305456,0.01368941,-0.01305834,-0.01369319,0.01354765,0.01370145,-0.01354808,-0.01370188,-105.8704,-1.4287,-114.9295,16.47196105,44.11537024,1260.6088
8.570000,4393232.888512,4259624.728059,1797234.112161,-44.639684,-43.323901,199.667776,0.99999487,-0.00010290,0.00319041,-0.00026723,0.00004896,0.00761724,-0.00180203,11.1100,1260.5784,1605.5018,0.02111705,0.00036966,0.610248,0.01345760,0.01376852,-0.01345783,-0.01376875,0.01355819,0.01368538,-0.01355844,-0.01368563,-105.7553,-1.5721,-114.8690,16.47197996,44.11537024,1260.5784
8.580000,4393232.442235,4259624.294926,1797236.108387,-44.615737,-43.302609,199.577448,0.99999473,-0.00010301,0.00323414,-0.00027287,0.00004870,0.00982392,-0.00049440,11.1100,1260.5480,1607.5930,0.02116340,0.00038709,0.609968,0.01345760,0.01376852,-0.01345783,-0.01376875,0.01356172,0.01366319,-0.01356190,-0.01366338,-105.6404,-1.6613,-114.9188,16.47199885,44.11537023,1260.5480
8.590000,4393231.996198,4259623.862007,1797238.103710,-44.591691,-43.281218,199.487258,0.99999455,-0.00010310,0.00328789,-0.00027188,0.00004809,0.01160708,0.00084274,11.1100,1260.5176,1609.6832,0.02123319,0.00039168,0.609689,0.01345760,0.01376852,-0.01345783,-0.01376875,0.01356273,0.01364479,-0.01356289,-0.01364494,-105.5256,-1.6876,-115.0757,16.47201774,44.11537023,1260.5176
8.600000,4393231.550402,4259623.429303,1797240.098132,-44.567537,-43.259635,199.397224,0.99999435,-0.00010317,0.00334943,-0.00026433,0.00004740,0.01293595,0.00212151,11.1100,1260.4873,1611.7725,0.02132214,0.00038301,0.609409,0.01345760,0.01376852,-0.01345783,-0.01376875,0.01356301,0.01363606,-0.01356316,-0.01363621,-105.4111,-1.6469,-115.3266,16.47203662,44.11537023,1260.4873
8.610000,4393231.104848,4259622.996815,1797242.091655,-44.543273,-43.237790,199.307359,0.99999413,-0.00010322,0.00341644,-0.00025067,0.00004672,0.01378739,0.00327524,11.1100,1260.4571,1613.8608,0.02142548,0.00036151,0.609131,0.01331995,0.01375059,-0.01331957,-0.01375021,0.01356309,0.01363257,-0.01356324,-0.01363272,-105.2967,-1.5454,-115.6470,16.47205549,44.11537023,1260.4571
8.620000,4393230.659536,4259622.564548,1797244.084280,-44.519073,-43.215611,199.217639,0.99999389,-0.00010322,0.00348519,-0.00023329,0.00006560,0.01363476,0.00361234,11.1100,1260.4269,1615.9482,0.02153830,0.00032834,0.608852,0.01331995,0.01375059,-0.01331957,-0.01375021,0.01338239,0.01365218,-0.01338383,-0.01365362,-105.1825,-1.2404,-115.8943,16.47207435,44.11537022,1260.4269
8.630000,4393230.214466,4259622.132504,1797246.076008,-44.494944,-43.193098,199.128064,0.99999367,-0.00010307,0.00355073,-0.00021627,0.00010290,0.01250870,0.00313496,11.1100,1260.3967,1618.0346,0.02165352,0.00028907,0.608573,0.01331995,0.01375059,-0.01331957,-0.01375021,0.01320067,0.01367274,-0.01320341,-0.01367548,-105.0685,-0.9119,-116.1570,16.47209321,44.11537022,1260.3967
8.640000,4393229.769637,4259621.700687,1797248.066842,-44.470813,-43.170313,199.038637,0.99999346,-0.00010273,0.00360899,-0.00020277,0.00014745,0.01074189,0.00221108,11.1100,1260.3667,1620.1200,0.02176125,0.00025191,0.608295,0.01331995,0.01375059,-0.01331957,-0.01375021,0.01311137,0.01368291,-0.01311475,-0.01368629,-104.9546,-0.6745,-116.4516,16.47211205,44.11537022,1260.3667
8.650000,4393229.325049,4259621.269099,1797250.056782,-44.446651,-43.147336,198.949349,0.99999329,-0.00010219,0.00365739,-0.00019443,0.00019308,0.00857342,0.00107807,11.1100,1260.3367,1622.2045,0.02185334,0.00022273,0.608017,0.01360537,0.01390891,-0.01360838,-0.01391193,0.01307512,0.01368705,-0.01307876,-0.01369069,-104.8410,-0.5194,-116.7143,16.47213089,44.11537021,1260.3367
8.660000,4393228.880704,4259620.837741,1797252.045829,-44.422335,-43.124238,198.860215,0.99999315,-0.00010149,0.00369568,-0.00019105,0.00021823,0.00671592,0.00023316,11.1100,1260.3067,1624.2880,0.02192475,0.00020444,0.607739,0.01360537,0.01390891,-0.01360838,-0.01391193,0.01320491,0.01371671,-0.01320737,-0.01371917,-104.7275,-0.5185,-117.0284,16.47214971,44.11537021,1260.3067
8.670000,4393228.436603,4259620.406614,1797254.033986,-44.397889,-43.101094,198.771215,0.99999304,-0.00010073,0.00372569,-0.00019103,0.00022321,0.00526973,-0.00026322,11.1100,1260.2768,1626.3706,0.02197483,0.00019597,0.607462,0.01360537,0.01390891,-0.01360838,-0.01391193,0.01334420,0.01374552,-0.01334543,-0.01374675,-104.6142,-0.5672,-117.2521,16.47216853,44.11537021,1260.2768
8.680000,4393227.992747,4259619.975719,1797256.021254,-44.373408,-43.077969,198.682318,0.99999295,-0.00009998,0.00374892,-0.00019303,0.00021867,0.00401627,-0.00057438,11.1100,1260.2470,1628.4523,0.02200754,0.00019395,0.607185,0.01360537,0.01390891,-0.01360838,-0.01391193,0.01341336,0.01375959,-0.01341398,-0.01376021,-104.5010,-0.6013,-117.3339,16.47218734,44.11537020,1260.2470
8.690000,4393227.549135,4259619.545054,1797258.007633,-44.348956,-43.054911,198.593503,0.99999288,-0.00009927,0.00376608,-0.00019637,0.00021066,0.00284509,-0.00079523,11.1100,1260.2173,1630.5330,0.02202648,0.00019579,0.606908,0.01356448,0.01402146,-0.01356530,-0.01402228,0.01344156,0.01376529,-0.01344193,-0.01376566,-104.3881,-0.6271,-117.3174,16.47220615,44.11537020,1260.2173
8.700000,4393227.105767,4259619.114620,1797259.993124,-44.324621,-43.031965,198.504744,0.99999284,-0.00009861,0.00377706,-0.00020102,0.00019855,0.00155440,-0.00109790,11.1100,1260.1876,1632.6127,0.02203343,0.00020017,0.606631,0.01356448,0.01402146,-0.01356530,-0.01402228,0.01340313,0.01376103,-0.01340319,-0.01376109,-104.2753,-0.6217,-117.1909,16.47222494,44.11537019,1260.1876
8.710000,4393226.662642,4259618.684415,1797261.977728,-44.300431,-43.009171,198.416029,0.99999282,-0.00009803,0.00378132,-0.00020740,0.00018349,0.00016847,-0.00148651,11.1100,1260.1581,1634.6915,0.02202866,0.00020716,0.606355,0.01356448,0.01402146,-0.01356530,-0.01402228,0.01335763,0.01375537,-0.01335744,-0.01375518,-104.1628,-0.6241,-117.0074,16.47224373,44.11537019,1260.1581
8.720000,4393226.219758,4259618.254436,1797263.961445,-44.276390,-42.986571,198.327348,0.99999283,-0.00009754,0.00377874,-0.00021575,0.00016763,-0.00117765,-0.00188181,11.1100,1260.1285,1636.7694,0.02201135,0.00021758,0.606079,0.01356448,0.01402146,-0.01356530,-0.01402228,0.01333471,0.01375247,-0.01333441,-0.01375216,-104.0504,-0.6567,-116.7884,16.47226250,44.11537019,1260.1285
8.730000,4393225.777114,4259617.824682,1797265.944275,-44.252509,-42.964204,198.238695,0.99999286,-0.00009713,0.00376974,-0.00022597,0.00015206,-0.00238657,-0.00223158,11.1100,1260.0991,1638.8463,0.02198137,0.00023176,0.605803,0.01374895,0.01384132,-0.01375635,-0.01384871,0.01332532,0.01375127,-0.01332496,-0.01375092,-103.9383,-0.7145,-116.5253,16.47228127,44.11537018,1260.0991
8.740000,4393225.334708,4259617.395151,1797267.926219,-44.228709,-42.942057,198.150087,0.99999291,-0.00009676,0.00375646,-0.00023740,0.00015512,-0.00288931,-0.00236632,11.1100,1260.0697,1640.9223,0.02193980,0.00024940,0.605528,0.01374895,0.01384132,-0.01375635,-0.01384871,0.01342324,0.01380709,-0.01342408,-0.01380793,-103.8263,-0.8240,-116.3329,16.47230003,44.11537018,1260.0697
8.750000,4393224.892539,4259616.965841,1797269.907277,-44.204999,-42.920142,198.061522,0.99999296,-0.00009633,0.00374248,-0.00024894,0.00017588,-0.00267256,-0.00227995,11.1100,1260.0404,1642.9973,0.02189054,0.00026897,0.605253,0.01374895,0.01384132,-0.01375635,-0.01384871,0.01352400,0.01386351,-0.01352604,-0.01386555,-103.7146,-0.9423,-116.1059,16.47231878,44.11537018,1260.0404
8.760000,4393224.450608,4259616.536748,1797271.887450,-44.181426,-42.898475,197.972987,0.99999300,-0.00009577,0.00373068,-0.00025970,0.00020411,-0.00201886,-0.00205223,11.1100,1260.0111,1645.0714,0.02184081,0.00028827,0.604978,0.01374895,0.01384132,-0.01375635,-0.01384871,0.01357369,0.01389125,-0.01357633,-0.01389389,-103.6030,-1.0416,-115.8147,16.47233752,44.11537017,1260.0111
8.770000,4393224.008910,4259616.107870,1797273.866737,-44.158003,-42.877043,197.884480,0.99999303,-0.00009506,0.00372279,-0.00026910,0.00023413,-0.00111465,-0.00173716,11.1100,1259.9819,1647.1446,0.02179665,0.00030560,0.604703,0.01359725,0.01409798,-0.01359869,-0.01409942,0.01359390,0.01390252,-0.01359678,-0.01390540,-103.4917,-1.1218,-115.5122,16.47235626,44.11537017,1259.9819
8.780000,4393223.567447,4259615.679206,1797275.845139,-44.134737,-42.855782,197.796011,0.99999304,-0.00009423,0.00371999,-0.00027721,0.00025202,0.00000981,-0.00153754,11.1100,1259.9527,1649.2168,0.02176151,0.00031989,0.604429,0.01359725,0.01409798,-0.01359869,-0.01409942,0.01358687,0.01394670,-0.01358905,-0.01394888,-103.3806,-1.1440,-115.2519,16.47237498,44.11537016,1259.9527
8.790000,4393223.126215,4259615.250754,1797277.822657,-44.111606,-42.834658,197.707590,0.99999302,-0.00009333,0.00372320,-0.00028464,0.00025763,0.00127824,-0.00146683,11.1100,1259.9236,1651.2880,0.02173754,0.00033155,0.604155,0.01359725,0.01409798,-0.01359869,-0.01409942,0.01357490,0.01398838,-0.01357633,-0.01398982,-103.2696,-1.1536,-115.0343,16.47239370,44.11537016,1259.9236
8.800000,4393222.685214,4259614.822513,1797279.799291,-44.088572,-42.813654,197.619228,0.99999299,-0.00009242,0.00373288,-0.00029183,0.00025735,0.00258618,-0.00144105,11.1100,1259.8946,1653.3584,0.02172638,0.00034182,0.603882,0.01359725,0.01409798,-0.01359869,-0.01409942,0.01356861,0.01400865,-0.01356967,-0.01400970,-103.1589,-1.1776,-114.8610,16.47241241,44.11537015,1259.8946
8.810000,4393222.244444,4259614.394481,1797281.775042,-44.065596,-42.792744,197.530936,0.99999292,-0.00009151,0.00374901,-0.00029888,0.00025481,0.00385330,-0.00141188,11.1100,1259.8656,1655.4278,0.02172876,0.00035152,0.603609,0.01352319,0.01387559,-0.01352554,-0.01387794,0.01356599,0.01401684,-0.01356690,-0.01401774,-103.0483,-1.2107,-114.7408,16.47243111,44.11537015,1259.8656
8.820000,4393221.803903,4259613.966657,1797283.749910,-44.042585,-42.771955,197.442726,0.99999284,-0.00009052,0.00377127,-0.00030472,0.00028593,0.00503069,-0.00095847,11.1100,1259.8366,1657.4962,0.02174444,0.00036080,0.603336,0.01352319,0.01387559,-0.01352554,-0.01387794,0.01363056,0.01395585,-0.01363375,-0.01395903,-102.9380,-1.3411,-114.6793,16.47244980,44.11537015,1259.8366
8.830000,4393221.363592,4259613.539041,1797285.723897,-44.019523,-42.751242,197.354608,0.99999273,-0.00008928,0.00379909,-0.00030726,0.00034926,0.00606953,-0.00009877,11.1100,1259.8077,1659.5638,0.02177252,0.00036712,0.603063,0.01352319,0.01387559,-0.01352554,-0.01387794,0.01369613,0.01389253,-0.01370165,-0.01389805,-102.8278,-1.4585,-114.6712,16.47246848,44.11537014,1259.8077
8.840000,4393220.923512,4259613.111633,1797287.697003,-43.996435,-42.730525,197.266594,0.99999261,-0.00008768,0.00383166,-0.00030508,0.00042544,0.00692460,0.00092196,11.1100,1259.7789,1661.6304,0.02181164,0.00036642,0.602791,0.01352319,0.01387559,-0.01352554,-0.01387794,0.01372841,0.01386126,-0.01373507,-0.01386792,-102.7178,-1.4956,-114.7101,16.47248715,44.11537014,1259.7789
8.850000,4393220.483664,4259612.684431,1797289.669229,-43.973343,-42.709738,197.178689,0.99999247,-0.00008566,0.00386798,-0.00029779,0.00050364,0.00756314,0.00194409,11.1100,1259.7501,1663.6960,0.02185999,0.00035621,0.602518,0.01363264,0.01409418,-0.01363427,-0.01409581,0.01374152,0.01384854,-0.01374864,-0.01385567,-102.6080,-1.4632,-114.7888,16.47250582,44.11537013,1259.7501
8.860000,4393220.044045,4259612.257439,1797291.640577,-43.950312,-42.688751,197.090906,0.99999232,-0.00008333,0.00390718,-0.00028671,0.00054853,0.00807493,0.00243143,11.1100,1259.7213,1665.7607,0.02191543,0.00033601,0.602247,0.01363264,0.01409418,-0.01363427,-0.01409581,0.01369247,0.01393503,-0.01369765,-0.01394021,-102.4983,-1.2708,-114.9242,16.47252448,44.11537013,1259.7213
8.870000,4393219.604657,4259611.830657,1797293.611048,-43.927341,-42.667542,197.003250,0.99999216,-0.00008084,0.00394858,-0.00027461,0.00056040,0.00844501,0.00235747,11.1100,1259.6926,1667.8245,0.02197599,0.00030915,0.601975,0.01363264,0.01409418,-0.01363427,-0.01409581,0.01363997,0.01402508,-0.01364309,-0.01402820,-102.3889,-1.0478,-115.0821,16.47254313,44.11537012,1259.6926
8.880000,4393219.165498,4259611.404088,1797295.580642,-43.904392,-42.646150,196.915719,0.99999200,-0.00007835,0.00399132,-0.00026368,0.00055656,0.00860801,0.00196120,11.1100,1259.6639,1669.8874,0.02204026,0.00028121,0.601704,0.01363264,0.01409418,-0.01363427,-0.01409581,0.01361392,0.01406959,-0.01361600,-0.01407168,-102.2796,-0.8755,-115.2433,16.47256177,44.11537012,1259.6639
8.890000,4393218.726569,4259610.977735,1797297.549363,-43.881436,-42.624607,196.828312,0.99999183,-0.00007589,0.00403428,-0.00025518,0.00054685,0.00853209,0.00139549,11.1100,1259.6353,1671.9494,0.02210649,0.00025635,0.601432,0.01385912,0.01414638,-0.01385879,-0.01414605,0.01360330,0.01408770,-0.01360497,-0.01408937,-102.1705,-0.7486,-115.4061,16.47258040,44.11537011,1259.6353
8.900000,4393218.287870,4259610.551596,1797299.517209,-43.858478,-42.603015,196.741008,0.99999166,-0.00007349,0.00407542,-0.00024932,0.00054019,0.00788578,0.00090440,11.1100,1259.6068,1674.0104,0.02217244,0.00023681,0.601162,0.01385912,0.01414638,-0.01385879,-0.01414605,0.01357303,0.01401539,-0.01357487,-0.01401723,-102.0615,-0.6968,-115.4898,16.47259903,44.11537011,1259.6068
8.910000,4393217.849400,4259610.125674,1797301.484183,-43.835521,-42.581405,196.653801,0.99999151,-0.00007113,0.00411196,-0.00024564,0.00053787,0.00669944,0.00052818,11.1100,1259.5783,1676.0705,0.02223442,0.00022273,0.600891,0.01385912,0.01414638,-0.01385879,-0.01414605,0.01354518,0.01393829,-0.01354729,-0.01394040,-101.9528,-0.6734,-115.5575,16.47261764,44.11537010,1259.5783
8.920000,4393217.411159,4259609.699968,1797303.450285,-43.812569,-42.559784,196.566689,0.99999139,-0.00006877,0.00414175,-0.00024371,0.00053773,0.00519565,0.00020451,11.1100,1259.5498,1678.1296,0.02228699,0.00021306,0.600621,0.01385912,0.01414638,-0.01385879,-0.01414605,0.01353170,0.01390004,-0.01353395,-0.01390230,-101.8442,-0.6508,-115.6253,16.47263625,44.11537010,1259.5498
8.930000,4393216.973148,4259609.274478,1797305.415517,-43.789646,-42.538177,196.479665,0.99999130,-0.00006642,0.00416360,-0.00024336,0.00053842,0.00353449,-0.00009952,11.1100,1259.5214,1680.1879,0.02232589,0.00020696,0.600351,0.01384292,0.01429615,-0.01384122,-0.01429445,0.01352626,0.01388446,-0.01352858,-0.01388677,-101.7358,-0.6329,-115.6576,16.47265485,44.11537009,1259.5214
8.940000,4393216.535366,4259608.849205,1797307.379879,-43.766746,-42.516554,196.392732,0.99999124,-0.00006409,0.00417790,-0.00024479,0.00053567,0.00218469,-0.00051004,11.1100,1259.4931,1682.2452,0.02234890,0.00020406,0.600081,0.01384292,0.01429615,-0.01384122,-0.01429445,0.01356315,0.01395634,-0.01356523,-0.01395842,-101.6276,-0.5964,-115.7149,16.47267344,44.11537009,1259.4931
8.950000,4393216.097813,4259608.424147,1797309.343372,-43.743884,-42.494953,196.305868,0.99999120,-0.00006179,0.00418637,-0.00024853,0.00052948,0.00120907,-0.00101692,11.1100,1259.4648,1684.3016,0.02235669,0.00020487,0.599811,0.01384292,0.01429615,-0.01384122,-0.01429445,0.01360156,0.01403241,-0.01360339,-0.01403424,-101.5328,-0.5745,-115.7181,16.47269202,44.11537008,1259.4648
8.960000,4393215.660488,4259607.999306,1797311.305997,-43.721089,-42.473444,196.219054,0.99999119,-0.00005954,0.00419051,-0.00025486,0.00052188,0.00045897,-0.00154100,11.1100,1259.4366,1686.3571,0.02235290,0.00021033,0.599542,0.01384292,0.01429615,-0.01384122,-0.01429445,0.01362054,0.01407010,-0.01362224,-0.01407181,-101.4438,-0.5867,-115.6322,16.47271060,44.11537007,1259.4366
8.970000,4393215.223391,4259607.574678,1797313.267753,-43.698379,-42.452079,196.132277,0.99999118,-0.00005734,0.00419125,-0.00026372,0.00051401,-0.00014651,-0.00202852,11.1100,1259.4085,1688.4116,0.02234089,0.00022086,0.599273,0.01410457,0.01418576,-0.01410538,-0.01418656,0.01362826,0.01408545,-0.01362992,-0.01408711,-101.3549,-0.6285,-115.4862,16.47272916,44.11537007,1259.4085
8.980000,4393214.786521,4259607.150263,1797315.228642,-43.675689,-42.430878,196.045546,0.99999118,-0.00005521,0.00419003,-0.00027438,0.00049633,-0.00033006,-0.00225980,11.1100,1259.3803,1690.4652,0.02232276,0.00023625,0.599004,0.01410457,0.01418576,-0.01410538,-0.01418656,0.01371161,0.01410970,-0.01371255,-0.01411065,-101.2662,-0.7384,-115.3732,16.47274772,44.11537006,1259.3803
8.990000,4393214.349877,4259606.726060,1797317.188664,-43.653021,-42.409851,195.958859,0.99999118,-0.00005319,0.00418889,-0.00028554,0.00046957,-0.00010999,-0.00222611,11.1100,1259.3523,1692.5179,0.02230120,0.00025472,0.598735,0.01410457,0.01418576,-0.01410538,-0.01418656,0.01379354,0.01413037,-0.01379378,-0.01413060,-101.1775,-0.8614,-115.2400,16.47276627,44.11537006,1259.3523
9.000000,4393213.913460,4259606.302066,1797319.147820,-43.630410,-42.388998,195.872208,0.99999118,-0.00005132,0.00418943,-0.00029611,0.00043948,0.00033422,-0.00202977,11.1100,1259.3243,1694.5697,0.02228038,0.00027364,0.598467,0.01410457,0.01418576,-0.01410538,-0.01418656,0.01383365,0.01414021,-0.01383354,-0.01414010,-101.0890,-0.9628,-115.0710,16.47278481,44.11537005,1259.3243
9.010000,4393213.477269,4259605.878279,1797321.106109,-43.607870,-42.368305,195.785593,0.99999116,-0.00004958,0.00419247,-0.00030546,0.00040921,0.00088767,-0.00173730,11.1100,1259.2963,1696.6206,0.02226359,0.00029098,0.598199,0.01385352,0.01424134,-0.01385622,-0.01424405,0.01384991,0.01414416,-0.01384966,-0.01414391,-101.0006,-1.0436,-114.8974,16.47280334,44.11537005,1259.2963
9.020000,4393213.041303,4259605.454700,1797323.063532,-43.585406,-42.347703,195.699026,0.99999113,-0.00004801,0.00419876,-0.00031364,0.00037311,0.00163029,-0.00156466,11.1100,1259.2684,1698.6705,0.02225249,0.00030553,0.597931,0.01385352,0.01424134,-0.01385622,-0.01424405,0.01385018,0.01419884,-0.01384939,-0.01419805,-100.9123,-1.0645,-114.7722,16.47282186,44.11537004,1259.2684
9.030000,4393212.605561,4259605.031325,1797325.020089,-43.563007,-42.327170,195.612512,0.99999109,-0.00004663,0.00420913,-0.00032129,0.00033199,0.00251441,-0.00152640,11.1100,1259.2406,1700.7196,0.02224837,0.00031768,0.597663,0.01385352,0.01424134,-0.01385622,-0.01424405,0.01384650,0.01425286,-0.01384521,-0.01425157,-100.8242,-1.0735,-114.6726,16.47284038,44.11537003,1259.2406
9.040000,4393212.170042,4259604.608156,1797326.975782,-43.540649,-42.306705,195.526056,0.99999102,-0.00004545,0.00422400,-0.00032886,0.00028987,0.00342320,-0.00153376,11.1100,1259.2128,1702.7677,0.02225275,0.00032874,0.597396,0.01385352,0.01424134,-0.01385622,-0.01424405,0.01384438,0.01427934,-0.01384284,-0.01427780,-100.7361,-1.0991,-114.5905,16.47285889,44.11537003,1259.2128
9.050000,4393211.734748,4259604.185191,1797328.930611,-43.518308,-42.286300,195.439663,0.99999094,-0.00004448,0.00424329,-0.00033645,0.00024891,0.00427642,-0.00153500,11.1100,1259.1850,1704.8149,0.02226639,0.00033953,0.597129,0.01373746,0.01432704,-0.01374044,-0.01433002,0.01384346,0.01429007,-0.01384182,-0.01428843,-100.6482,-1.1358,-114.5376,16.47287739,44.11537002,1259.1850
9.060000,4393211.299677,4259603.762430,1797330.884576,-43.495880,-42.265971,195.353351,0.99999084,-0.00004368,0.00426702,-0.00034298,0.00022262,0.00519094,-0.00111071,11.1100,1259.1573,1706.8612,0.02228901,0.00035020,0.596862,0.01373746,0.01432704,-0.01374044,-0.01433002,0.01393609,0.01425482,-0.01393530,-0.01425403,-100.5603,-1.2703,-114.5573,16.47289588,44.11537002,1259.1573
9.070000,4393210.864830,4259603.339871,1797332.837678,-43.473356,-42.245684,195.267126,0.99999071,-0.00004295,0.00429538,-0.00034635,0.00021047,0.00612530,-0.00027654,11.1100,1259.1296,1708.9066,0.02232033,0.00035817,0.596595,0.01373746,0.01432704,-0.01374044,-0.01433002,0.01402946,0.01421677,-0.01402956,-0.01421686,-100.4726,-1.3934,-114.6121,16.47291436,44.11537001,1259.1296
9.080000,4393210.430210,4259602.917516,1797334.789918,-43.450779,-42.225377,195.180991,0.99999057,-0.00004224,0.00432817,-0.00034511,0.00020525,0.00695679,0.00072617,11.1100,1259.1020,1710.9510,0.02236060,0.00035933,0.596329,0.01373746,0.01432704,-0.01374044,-0.01433002,0.01407536,0.01419786,-0.01407589,-0.01419839,-100.3850,-1.4384,-114.6843,16.47293284,44.11537000,1259.1020
9.090000,4393209.995815,4259602.495364,1797336.741298,-43.428177,-42.204992,195.094952,0.99999042,-0.00004153,0.00436467,-0.00033881,0.00020286,0.00760737,0.00174033,11.1100,1259.0744,1712.9946,0.02240933,0.00035116,0.596062,0.01400599,0.01424167,-0.01400725,-0.01424293,0.01409400,0.01419015,-0.01409471,-0.01419085,-100.2975,-1.4158,-114.7811,16.47295130,44.11537000,1259.0744
9.100000,4393209.561646,4259602.073417,1797338.691818,-43.405646,-42.184467,195.009000,0.99999025,-0.00004079,0.00440335,-0.00032844,0.00021112,0.00782614,0.00235158,11.1100,1259.0469,1715.0372,0.02246500,0.00033307,0.595796,0.01400599,0.01424167,-0.01400725,-0.01424293,0.01401170,0.01420703,-0.01401314,-0.01420848,-100.2100,-1.2629,-114.8547,16.47296976,44.11536999,1259.0469
9.110000,4393209.127702,4259601.651675,1797340.641478,-43.383197,-42.163780,194.923136,0.99999008,-0.00003997,0.00444202,-0.00031610,0.00022883,0.00760494,0.00252629,11.1100,1259.0194,1717.0789,0.02252466,0.00030756,0.595530,0.01400599,0.01424167,-0.01400725,-0.01424293,0.01392442,0.01422589,-0.01392656,-0.01422803,-100.1227,-1.0762,-114.9449,16.47298821,44.11536998,1259.0194
9.120000,4393208.693982,4259601.230142,1797342.590281,-43.360798,-42.142946,194.837365,0.99998992,-0.00003906,0.00447878,-0.00030357,0.00025027,0.00706617,0.00242917,11.1100,1258.9920,1719.1198,0.02258391,0.00027896,0.595265,0.01400599,0.01424167,-0.01400725,-0.01424293,0.01388116,0.01423530,-0.01388365,-0.01423779,-100.0355,-0.9166,-115.0593,16.47300665,44.11536998,1258.9920
9.130000,4393208.260485,4259600.808817,1797344.538226,-43.338436,-42.121988,194.751686,0.99998978,-0.00003804,0.00451227,-0.00029196,0.00027234,0.00629833,0.00216484,11.1100,1258.9646,1721.1597,0.02263887,0.00025067,0.594999,0.01384916,0.01395766,-0.01385509,-0.01396360,0.01386354,0.01423915,-0.01386616,-0.01424178,-99.9484,-0.7818,-115.1709,16.47302509,44.11536997,1258.9646
9.140000,4393207.827213,4259600.387702,1797346.485315,-43.316148,-42.100911,194.666089,0.99998965,-0.00003692,0.00454139,-0.00028248,0.00029518,0.00532983,0.00157476,11.1100,1258.9373,1723.1987,0.02268685,0.00022477,0.594734,0.01384916,0.01395766,-0.01385509,-0.01396360,0.01381575,0.01427104,-0.01381852,-0.01427381,-99.8614,-0.6174,-115.2525,16.47304351,44.11536996,1258.9373
9.150000,4393207.394162,4259599.966799,1797348.431548,-43.293937,-42.079759,194.580567,0.99998954,-0.00003570,0.00456528,-0.00027668,0.00031827,0.00421173,0.00070402,11.1100,1258.9100,1725.2368,0.02272584,0.00020383,0.594469,0.01384916,0.01395766,-0.01385509,-0.01396360,0.01377197,0.01430216,-0.01377486,-0.01430506,-99.7745,-0.4792,-115.2992,16.47306193,44.11536996,1258.9100
9.160000,4393206.961334,4259599.546107,1797350.376926,-43.271789,-42.058597,194.495111,0.99998946,-0.00003440,0.00458335,-0.00027556,0.00034072,0.00300953,-0.00029250,11.1100,1258.8828,1727.2740,0.02275424,0.00019076,0.594204,0.01384916,0.01395766,-0.01385509,-0.01396360,0.01375081,0.01431738,-0.01375376,-0.01432033,-99.6877,-0.4028,-115.3066,16.47308034,44.11536995,1258.8828
9.170000,4393206.528726,4259599.125627,1797352.321450,-43.249696,-42.037489,194.409711,0.99998940,-0.00003300,0.00459532,-0.00027949,0.00036209,0.00178050,-0.00130946,11.1100,1258.8556,1729.3102,0.02277108,0.00018730,0.593939,0.01392975,0.01393425,-0.01393192,-0.01393642,0.01374227,0.01432355,-0.01374524,-0.01432652,-99.6010,-0.3827,-115.2682,16.47309874,44.11536994,1258.8556
9.180000,4393206.096340,4259598.705357,1797354.265121,-43.227578,-42.016523,194.324367,0.99998937,-0.00003155,0.00460168,-0.00028746,0.00037363,0.00077018,-0.00190669,11.1100,1258.8285,1731.3456,0.02277598,0.00019394,0.593675,0.01392975,0.01393425,-0.01393192,-0.01393642,0.01383455,0.01429550,-0.01383691,-0.01429786,-99.5144,-0.4993,-115.2259,16.47311713,44.11536994,1258.8285
9.190000,4393205.664175,4259598.285296,1797356.207938,-43.205447,-41.995735,194.239070,0.99998936,-0.00003007,0.00460361,-0.00029731,0.00037583,0.00001418,-0.00205920,11.1100,1258.8014,1733.3801,0.02276994,0.00020809,0.593410,0.01392975,0.01393425,-0.01393192,-0.01393642,0.01392940,0.01426579,-0.01393115,-0.01426755,-99.4279,-0.6480,-115.1372,16.47313551,44.11536993,1258.8014
9.200000,4393205.232231,4259597.865442,1797358.149902,-43.183361,-41.975132,194.153807,0.99998936,-0.00002859,0.00460220,-0.00030729,0.00037364,-0.00056468,-0.00195924,11.1100,1258.7744,1735.4136,0.02275549,0.00022531,0.593146,0.01392975,0.01393425,-0.01393192,-0.01393642,0.01397617,0.01425108,-0.01397763,-0.01425253,-99.3415,-0.7631,-114.9894,16.47315389,44.11536992,1258.7744
9.210000,4393204.800507,4259597.445792,1797360.091014,-43.161361,-41.954714,194.068572,0.99998938,-0.00002713,0.00459823,-0.00031643,0.00036986,-0.00100755,-0.00172531,11.1100,1258.7474,1737.4463,0.02273504,0.00024229,0.592883,0.01343034,0.01370510,-0.01342554,-0.01370029,0.01399519,0.01424508,-0.01399652,-0.01424641,-99.2553,-0.8504,-114.8027,16.47317226,44.11536992,1258.7474
9.220000,4393204.369003,4259597.026346,1797362.031274,-43.139524,-41.934564,193.983331,0.99998941,-0.00002562,0.00459116,-0.00032387,0.00038897,-0.00179572,-0.00128271,11.1100,1258.7205,1739.4781,0.02271032,0.00025724,0.592619,0.01343034,0.01370510,-0.01342554,-0.01370029,0.01394652,0.01414193,-0.01394946,-0.01414487,-99.1691,-0.9487,-114.4845,16.47319062,44.11536991,1258.7205
9.230000,4393203.937716,4259596.607100,1797363.970681,-43.117879,-41.914683,193.898080,0.99998946,-0.00002395,0.00457933,-0.00032867,0.00043009,-0.00291057,-0.00067041,11.1100,1258.6936,1741.5089,0.02268083,0.00026839,0.592356,0.01343034,0.01370510,-0.01342554,-0.01370029,0.01389296,0.01403965,-0.01389756,-0.01404425,-99.0831,-1.0259,-114.1459,16.47320897,44.11536990,1258.6936
9.240000,4393203.506645,4259596.188052,1797365.909235,-43.096445,-41.895031,193.812824,0.99998954,-0.00002203,0.00456178,-0.00033022,0.00048010,-0.00407476,0.00000981,11.1100,1258.6668,1743.5389,0.02264334,0.00027396,0.592093,0.01343034,0.01370510,-0.01342554,-0.01370029,0.01386626,0.01398952,-0.01387168,-0.01399493,-98.9972,-1.0614,-113.8303,16.47322731,44.11536989,1258.6668
9.250000,4393203.075786,4259595.769199,1797367.846937,-43.075249,-41.875589,193.727561,0.99998965,-0.00001985,0.00453871,-0.00032836,0.00053168,-0.00511364,0.00068963,11.1100,1258.6400,1745.5679,0.02259587,0.00027297,0.591830,0.01310975,0.01327574,-0.01311420,-0.01328019,0.01385536,0.01396918,-0.01386111,-0.01397493,-98.9114,-1.0593,-113.5052,16.47324565,44.11536989,1258.6400
9.260000,4393202.645139,4259595.350539,1797369.783786,-43.054301,-41.856359,193.642291,0.99998977,-0.00001745,0.00451112,-0.00032293,0.00056314,-0.00588093,0.00143545,11.1100,1258.6132,1747.5961,0.02253885,0.00026524,0.591568,0.01310975,0.01327574,-0.01311420,-0.01328019,0.01387995,0.01395333,-0.01388448,-0.01395786,-98.8258,-1.0506,-113.1669,16.47326398,44.11536988,1258.6132
9.270000,4393202.214700,4259594.932071,1797371.719783,-43.033634,-41.837333,193.557009,0.99998991,-0.00001492,0.00448046,-0.00031368,0.00057449,-0.00633617,0.00221259,11.1100,1258.5865,1749.6233,0.02247432,0.00025047,0.591305,0.01310975,0.01327574,-0.01311420,-0.01328019,0.01390732,0.01394232,-0.01391055,-0.01394555,-98.7402,-1.0108,-112.8017,16.47328229,44.11536987,1258.5865
9.280000,4393201.784465,4259594.513792,1797373.654926,-43.013285,-41.818494,193.471711,0.99999006,-0.00001235,0.00444827,-0.00030067,0.00057613,-0.00649536,0.00293443,11.1100,1258.5598,1751.6497,0.02240529,0.00022830,0.591043,0.01310975,0.01327574,-0.01311420,-0.01328019,0.01392098,0.01393731,-0.01392356,-0.01393989,-98.6548,-0.9267,-112.4122,16.47330061,44.11536986,1258.5598
9.290000,4393201.354433,4259594.095700,1797375.589217,-42.993277,-41.799821,193.386396,0.99999021,-0.00000976,0.00441598,-0.00028433,0.00057397,-0.00637836,0.00354402,11.1100,1258.5331,1753.6751,0.02233490,0.00019904,0.590782,0.01257511,0.01277944,-0.01257491,-0.01277923,0.01392656,0.01393534,-0.01392888,-0.01393766,-98.5695,-0.8058,-112.0130,16.47331891,44.11536986,1258.5331
9.300000,4393200.924598,4259593.677795,1797377.522654,-42.973772,-41.781362,193.301022,0.99999036,-0.00000727,0.00438295,-0.00026600,0.00053607,-0.00678957,0.00372684,11.1100,1258.5065,1755.6997,0.02226603,0.00016370,0.590520,0.01257511,0.01277944,-0.01257491,-0.01277923,0.01375117,0.01385320,-0.01375091,-0.01385294,-98.4843,-0.5911,-111.4380,16.47333720,44.11536985,1258.5065
9.310000,4393200.494955,4259593.260072,1797379.455237,-42.954774,-41.763119,193.215588,0.99999052,-0.00000505,0.00434655,-0.00024783,0.00046531,-0.00772000,0.00348067,11.1100,1258.4798,1757.7234,0.02219817,0.00012535,0.590259,0.01257511,0.01277944,-0.01257491,-0.01277923,0.01357345,0.01377106,-0.01357066,-0.01376828,-98.3992,-0.3648,-110.8694,16.47335549,44.11536984,1258.4798
9.320000,4393200.065501,4259592.842532,1797381.386966,-42.936210,-41.745080,193.130112,0.99999071,-0.00000322,0.00430528,-0.00023157,0.00038166,-0.00873649,0.00296826,11.1100,1258.4532,1759.7462,0.02212610,0.00008830,0.589998,0.01257511,0.01277944,-0.01257491,-0.01277923,0.01348601,0.01373074,-0.01348199,-0.01372672,-98.3143,-0.1798,-110.3786,16.47337377,44.11536983,1258.4532
9.330000,4393199.636230,4259592.425170,1797383.317839,-42.918039,-41.727260,193.044600,0.99999091,-0.00000183,0.00425935,-0.00021828,0.00029612,-0.00957938,0.00229819,11.1100,1258.4266,1761.7680,0.02204647,0.00005580,0.589738,0.01264892,0.01273186,-0.01264907,-0.01273201,0.01345049,0.01371438,-0.01344597,-0.01370986,-98.2295,-0.0347,-109.9106,16.47339204,44.11536983,1258.4266
9.340000,4393199.207138,4259592.007985,1797385.247857,-42.900335,-41.709810,192.959006,0.99999112,-0.00000077,0.00420795,-0.00020829,0.00025877,-0.01091488,0.00164856,11.1100,1258.4000,1763.7890,0.02195964,0.00002980,0.589477,0.01264892,0.01273186,-0.01264907,-0.01273201,0.01332340,0.01355574,-0.01332197,-0.01355431,-98.1448,0.0478,-109.2548,16.47341030,44.11536982,1258.4000
9.350000,4393198.778221,4259591.590972,1797387.177019,-42.883100,-41.692770,192.873325,0.99999137,0.00000022,0.00414883,-0.00020141,0.00026854,-0.01266226,0.00105816,11.1100,1258.3734,1765.8091,0.02186481,0.00001070,0.589217,0.01264892,0.01273186,-0.01264907,-0.01273201,0.01320420,0.01340018,-0.01320602,-0.01340200,-98.0602,0.0985,-108.5774,16.47342856,44.11536981,1258.3734
9.360000,4393198.349475,4259591.174128,1797389.105324,-42.866298,-41.676121,192.787569,0.99999165,0.00000129,0.00408110,-0.00019742,0.00029989,-0.01434689,0.00049539,11.1100,1258.3468,1767.8283,0.02175760,-0.00000203,0.588957,0.01264892,0.01273186,-0.01264907,-0.01273201,0.01314634,0.01332406,-0.01314976,-0.01332749,-97.9758,0.1354,-107.9474,16.47344680,44.11536980,1258.3468
9.370000,4393197.920894,4259590.757448,1797391.032770,-42.849921,-41.659873,192.701738,0.99999196,0.00000253,0.00400581,-0.00019622,0.00033834,-0.01568423,-0.00005052,11.1100,1258.3202,1769.8467,0.02163606,-0.00000887,0.588698,0.01234656,0.01223209,-0.01234946,-0.01223500,0.01312296,0.01329322,-0.01312704,-0.01329729,-97.8915,0.1555,-107.3132,16.47346504,44.11536980,1258.3202
9.380000,4393197.492474,4259590.340928,1797392.959358,-42.834132,-41.644197,192.615767,0.99999229,0.00000389,0.00392227,-0.00019779,0.00035498,-0.01763447,-0.00061298,11.1100,1258.2935,1771.8641,0.02150227,-0.00001010,0.588439,0.01234656,0.01223209,-0.01234946,-0.01223500,0.01292433,0.01310542,-0.01292700,-0.01310809,-97.8073,0.1651,-106.3997,16.47348327,44.11536979,1258.2935
9.390000,4393197.064209,4259589.924562,1797394.885085,-42.818949,-41.629137,192.529643,0.99999265,0.00000526,0.00382766,-0.00020219,0.00034888,-0.02009761,-0.00117645,11.1100,1258.2668,1773.8806,0.02135611,-0.00000577,0.588180,0.01234656,0.01223209,-0.01234946,-0.01223500,0.01273025,0.01292405,-0.01273134,-0.01292514,-97.7233,0.1530,-105.4474,16.47350149,44.11536978,1258.2668
9.400000,4393196.636093,4259589.508344,1797396.809950,-42.804319,-41.614675,192.443384,0.99999305,0.00000657,0.00372107,-0.00020932,0.00033229,-0.02241830,-0.00170220,11.1100,1258.2401,1775.8963,0.02119214,0.00000410,0.587921,0.01234656,0.01223209,-0.01234946,-0.01223500,0.01263534,0.01283554,-0.01263564,-0.01283585,-97.6394,0.1138,-104.5578,16.47351971,44.11536977,1258.2401
9.410000,4393196.208121,4259589.092267,1797398.733952,-42.790229,-41.600824,192.356991,0.99999348,0.00000777,0.00360419,-0.00021892,0.00031227,-0.02420451,-0.00216145,11.1100,1258.2134,1777.9111,0.02100827,0.00001921,0.587663,0.01174718,0.01194397,-0.01174428,-0.01194106,0.01259689,0.01279972,-0.01259687,-0.01279969,-97.5557,0.0508,-103.6623,16.47353791,44.11536977,1258.2134
9.420000,4393195.780287,4259588.676325,1797400.657089,-42.776661,-41.587625,192.270461,0.99999392,0.00000886,0.00348022,-0.00023029,0.00029354,-0.02524867,-0.00240980,11.1100,1258.1866,1779.9249,0.02080791,0.00003894,0.587405,0.01174718,0.01194397,-0.01174428,-0.01194106,0.01260888,0.01276955,-0.01260886,-0.01276953,-97.4721,-0.0612,-102.7366,16.47355611,44.11536976,1258.1866
9.430000,4393195.352586,4259588.260512,1797402.579361,-42.763619,-41.575091,192.183791,0.99999435,0.00000987,0.00335305,-0.00024236,0.00027710,-0.02548830,-0.00244139,11.1100,1258.1598,1781.9379,0.02059754,0.00006170,0.587148,0.01174718,0.01194397,-0.01174428,-0.01194106,0.01263025,0.01274789,-0.01263032,-0.01274796,-97.3886,-0.1849,-101.7802,16.47357430,44.11536975,1258.1598
9.440000,4393194.925013,4259587.844821,1797404.500765,-42.751109,-41.563207,192.096982,0.99999476,0.00001079,0.00322666,-0.00025421,0.00026231,-0.02494021,-0.00232434,11.1100,1258.1328,1783.9501,0.02038498,0.00008529,0.586891,0.01174718,0.01194397,-0.01174428,-0.01194106,0.01264151,0.01273795,-0.01264162,-0.01273807,-97.3053,-0.2959,-100.8139,16.47359248,44.11536974,1258.1328
9.450000,4393194.497562,4259587.429246,1797406.421300,-42.739118,-41.551940,192.010043,0.99999514,0.00001166,0.00310488,-0.00026521,0.00024867,-0.02365593,-0.00210382,11.1100,1258.1058,1785.9613,0.02017819,0.00010797,0.586634,0.01068700,0.01075471,-0.01068151,-0.01074922,0.01264621,0.01273404,-0.01264634,-0.01273418,-97.2221,-0.3936,-99.8687,16.47361066,44.11536974,1258.1058
9.460000,4393194.070228,4259587.013779,1797408.340965,-42.727708,-41.541388,191.922939,0.99999549,0.00001249,0.00298910,-0.00027441,0.00024935,-0.02254861,-0.00160415,11.1100,1258.0788,1787.9717,0.01998467,0.00012855,0.586377,0.01068700,0.01075471,-0.01068151,-0.01074922,0.01254052,0.01255501,-0.01254165,-0.01255613,-97.1391,-0.5260,-98.7830,16.47362883,44.11536973,1258.0788
9.470000,4393193.643006,4259586.598415,1797410.259758,-42.716853,-41.531497,191.835685,0.99999582,0.00001337,0.00287829,-0.00028047,0.00026346,-0.02167758,-0.00085555,11.1100,1258.0516,1789.9811,0.01980778,0.00014496,0.586121,0.01068700,0.01075471,-0.01068151,-0.01074922,0.01243311,0.01237592,-0.01243522,-0.01237804,-97.0562,-0.6385,-97.7670,16.47364698,44.11536972,1258.0516
9.480000,4393193.215889,4259586.183148,1797412.177678,-42.706492,-41.522137,191.748318,0.99999612,0.00001436,0.00277223,-0.00028250,0.00028333,-0.02065935,0.00000288,11.1100,1258.0243,1791.9897,0.01964518,0.00015467,0.585865,0.01068700,0.01075471,-0.01068151,-0.01074922,0.01238023,0.01228800,-0.01238283,-0.01229060,-96.9734,-0.6974,-96.9106,16.47366513,44.11536971,1258.0243
9.490000,4393192.788874,4259585.767971,1797414.094724,-42.696586,-41.513209,191.660866,0.99999639,0.00001545,0.00267212,-0.00028018,0.00030467,-0.01930233,0.00087709,11.1100,1257.9969,1793.9975,0.01949574,0.00015613,0.585609,0.01006707,0.01012982,-0.01006396,-0.01012671,0.01235875,0.01225232,-0.01236154,-0.01225512,-96.8908,-0.7080,-96.1650,16.47368328,44.11536971,1257.9969
9.500000,4393192.361955,4259585.352882,1797416.010895,-42.687283,-41.504718,191.573294,0.99999664,0.00001660,0.00257744,-0.00027439,0.00029759,-0.01849965,0.00139089,11.1100,1257.9694,1796.0043,0.01936139,0.00014894,0.585354,0.01006707,0.01012982,-0.01006396,-0.01012671,0.01213778,0.01213670,-0.01213858,-0.01213751,-96.8084,-0.6026,-95.2905,16.47370141,44.11536970,1257.9694
9.510000,4393191.935126,4259584.937875,1797417.926190,-42.678557,-41.496614,191.485618,0.99999688,0.00001764,0.00248540,-0.00026699,0.00026302,-0.01824892,0.00152251,11.1100,1257.9418,1798.0103,0.01924161,0.00013533,0.585099,0.01006707,0.01012982,-0.01006396,-0.01012671,0.01192080,0.01202910,-0.01191955,-0.01202785,-96.7260,-0.4703,-94.4877,16.47371954,44.11536969,1257.9418
9.520000,4393191.508382,4259584.522948,1797419.840607,-42.670299,-41.488836,191.397872,0.99999710,0.00001849,0.00239443,-0.00025947,0.00021678,-0.01807213,0.00143540,11.1100,1257.9140,1800.0154,0.01913059,0.00011909,0.584845,0.01006707,0.01012982,-0.01006396,-0.01012671,0.01181460,0.01197693,-0.01181234,-0.01197467,-96.6438,-0.3668,-93.8374,16.47373766,44.11536968,1257.9140
9.530000,4393191.081719,4259584.108098,1797421.754147,-42.662438,-41.481351,191.310077,0.99999731,0.00001909,0.00230483,-0.00025269,0.00016773,-0.01770724,0.00123035,11.1100,1257.8861,1802.0196,0.01902458,0.00010308,0.584590,0.00942944,0.00965192,-0.00941941,-0.00964190,0.01177156,0.01195586,-0.01176889,-0.01195319,-96.5617,-0.2872,-93.2728,16.47375577,44.11536967,1257.8861
9.540000,4393190.655131,4259583.693319,1797423.666808,-42.655249,-41.474483,191.222108,0.99999752,0.00001941,0.00221190,-0.00024677,0.00010705,-0.01939920,0.00108930,11.1100,1257.8581,1804.0229,0.01892376,0.00008887,0.584336,0.00942944,0.00965192,-0.00941941,-0.00964190,0.01137887,0.01152546,-0.01137512,-0.01152172,-96.4798,-0.2557,-92.2186,16.47377387,44.11536967,1257.8581
9.550000,4393190.228611,4259583.278605,1797425.578588,-42.648745,-41.468258,191.133960,0.99999775,0.00001941,0.00210560,-0.00024135,0.00003672,-0.02303385,0.00103245,11.1100,1257.8299,1806.0254,0.01882095,0.00007650,0.584082,0.00942944,0.00965192,-0.00941941,-0.00964190,0.01099442,0.01109776,-0.01098970,-0.01109304,-96.3980,-0.2351,-91.1760,16.47379197,44.11536966,1257.8299
9.560000,4393189.802154,4259582.863952,1797427.489487,-42.642827,-41.462565,191.045678,0.99999801,0.00001904,0.00197960,-0.00023615,-0.00003581,-0.02725208,0.00099883,11.1100,1257.8016,1808.0270,0.01869622,0.00006519,0.583829,0.00942944,0.00965192,-0.00941941,-0.00964190,0.01080636,0.01088802,-0.01080117,-0.01088282,-96.3163,-0.2039,-90.3345,16.47381005,44.11536965,1257.8016
9.570000,4393189.375753,4259582.449352,1797429.399501,-42.637490,-41.457392,190.957268,0.99999829,0.00001831,0.00183310,-0.00023116,-0.00010657,-0.03121571,0.00095302,11.1100,1257.7731,1810.0277,0.01853616,0.00005444,0.583576,0.00873388,0.00870847,-0.00873436,-0.00870894,0.01073016,0.01080294,-0.01072477,-0.01079755,-96.2347,-0.1664,-89.5135,16.47382813,44.11536964,1257.7731
9.580000,4393188.949401,4259582.034801,1797431.308631,-42.632964,-41.452960,190.868640,0.99999859,0.00001725,0.00166520,-0.00022644,-0.00016257,-0.03578972,0.00088654,11.1100,1257.7444,1812.0276,0.01833908,0.00004424,0.583323,0.00873388,0.00870847,-0.00873436,-0.00870894,0.01048163,0.01054934,-0.01047702,-0.01054473,-96.1533,-0.1286,-88.3156,16.47384620,44.11536963,1257.7444
9.590000,4393188.523090,4259581.620290,1797433.216873,-42.629324,-41.449347,190.779765,0.99999889,0.00001595,0.00147349,-0.00022212,-0.00020403,-0.04071271,0.00079662,11.1100,1257.7155,1814.0266,0.01810484,0.00003475,0.583071,0.00873388,0.00870847,-0.00873436,-0.00870894,0.01025019,0.01031495,-0.01024640,-0.01031117,-96.0721,-0.0925,-86.9974,16.47386427,44.11536963,1257.7155
9.600000,4393188.096811,4259581.205811,1797435.124226,-42.626571,-41.446556,190.690645,0.99999918,0.00001445,0.00125837,-0.00021831,-0.00023746,-0.04512723,0.00068267,11.1100,1257.6865,1816.0247,0.01782920,0.00002619,0.582819,0.00873388,0.00870847,-0.00873436,-0.00870894,0.01013797,0.01020146,-0.01013460,-0.01019809,-95.9910,-0.0592,-85.6767,16.47388232,44.11536962,1257.6865
9.610000,4393187.670556,4259580.791356,1797437.030685,-42.624737,-41.444625,190.601268,0.99999945,0.00001279,0.00102371,-0.00021513,-0.00026663,-0.04851624,0.00054747,11.1100,1257.6572,1818.0220,0.01751299,0.00001877,0.582567,0.00808897,0.00792971,-0.00808690,-0.00792763,0.01009266,0.01015567,-0.01008946,-0.01015247,-95.9100,-0.0302,-84.2825,16.47390037,44.11536961,1257.6572
9.620000,4393187.244312,4259580.376915,1797438.936250,-42.624051,-41.443736,190.511550,0.99999968,0.00001091,0.00077235,-0.00021307,-0.00032627,-0.05178988,0.00023425,11.1100,1257.6277,1820.0184,0.01716418,0.00001272,0.582315,0.00808897,0.00792971,-0.00808690,-0.00792763,0.00984932,0.00996893,-0.00984372,-0.00996333,-95.8292,0.0313,-82.5269,16.47391841,44.11536960,1257.6277
9.630000,4393186.818070,4259579.962477,1797440.840915,-42.624553,-41.443947,190.421470,0.99999985,0.00000864,0.00050524,-0.00021299,-0.00041526,-0.05480469,-0.00024286,11.1100,1257.5980,1822.0139,0.01679001,0.00000916,0.582065,0.00808897,0.00792971,-0.00808690,-0.00792763,0.00961559,0.00979222,-0.00960754,-0.00978417,-95.7486,0.0820,-80.6852,16.47393644,44.11536960,1257.5980
9.640000,4393186.391818,4259579.548032,1797442.744678,-42.626181,-41.445246,190.331046,0.99999995,0.00000591,0.00022539,-0.00021546,-0.00051511,-0.05687467,-0.00078081,11.1100,1257.5680,1824.0086,0.01639272,0.00000975,0.581814,0.00808897,0.00792971,-0.00808690,-0.00792763,0.00950164,0.00970629,-0.00949238,-0.00969704,-95.6681,0.0959,-78.8940,16.47395447,44.11536959,1257.5680
9.650000,4393185.965543,4259579.133569,1797444.647535,-42.628897,-41.447634,190.240283,0.99999997,0.00000266,-0.00006150,-0.00022061,-0.00061556,-0.05762588,-0.00131198,11.1100,1257.5377,1826.0024,0.01597811,0.00001543,0.581564,0.00658495,0.00674205,-0.00658741,-0.00674451,0.00945553,0.00967156,-0.00944578,-0.00966181,-95.5878,0.0779,-77.1117,16.47397249,44.11536958,1257.5377
9.660000,4393185.539235,4259578.719074,1797446.549482,-42.632868,-41.451377,190.149090,0.99999991,-0.00000095,-0.00035273,-0.00022768,-0.00066247,-0.05860687,-0.00154798,11.1100,1257.5072,1827.9953,0.01555739,0.00002633,0.581314,0.00658495,0.00674205,-0.00658741,-0.00674451,0.00919129,0.00932344,-0.00918509,-0.00931725,-95.5077,-0.0243,-74.9514,16.47399049,44.11536957,1257.5072
9.670000,4393185.112881,4259578.304536,1797448.450515,-42.638081,-41.456468,190.057470,0.99999976,-0.00000466,-0.00064930,-0.00023517,-0.00065724,-0.05976565,-0.00147833,11.1100,1257.4764,1829.9874,0.01513762,0.00004057,0.581065,0.00658495,0.00674205,-0.00658741,-0.00674451,0.00893674,0.00898180,-0.00893423,-0.00897929,-95.4278,-0.1403,-72.8110,16.47400850,44.11536956,1257.4764
9.680000,4393184.686469,4259577.889941,1797450.350630,-42.644431,-41.462764,189.965473,0.99999952,-0.00000829,-0.00094990,-0.00024187,-0.00062796,-0.06021878,-0.00123757,11.1100,1257.4452,1831.9787,0.01471670,0.00005512,0.580816,0.00658495,0.00674205,-0.00658741,-0.00674451,0.00881258,0.00881461,-0.00881189,-0.00881392,-95.3480,-0.2265,-70.8718,16.47402649,44.11536956,1257.4452
9.690000,4393184.259989,4259577.475277,1797452.249823,-42.651855,-41.470169,189.873130,0.99999919,-0.00001175,-0.00124981,-0.00024715,-0.00059052,-0.05949800,-0.00091080,11.1100,1257.4137,1833.9690,0.01429638,0.00006773,0.580568,0.00626266,0.00642005,-0.00626263,-0.00642002,0.00876233,0.00874685,-0.00876238,-0.00874691,-95.2684,-0.2872,-69.0494,16.47404448,44.11536955,1257.4137
9.700000,4393183.833428,4259577.060533,1797454.148091,-42.660489,-41.478825,189.780380,0.99999877,-0.00001505,-0.00154646,-0.00025035,-0.00056370,-0.05892424,-0.00040888,11.1100,1257.3819,1835.9585,0.01388552,0.00007727,0.580320,0.00626266,0.00642005,-0.00626263,-0.00642002,0.00851454,0.00844501,-0.00851397,-0.00844443,-95.1889,-0.3591,-66.9759,16.47406245,44.11536954,1257.3819
9.710000,4393183.406775,4259576.645696,1797456.045429,-42.670299,-41.488671,189.687240,0.99999827,-0.00001826,-0.00184053,-0.00025068,-0.00054930,-0.05847496,0.00023499,11.1100,1257.3497,1837.9472,0.01349030,0.00008236,0.580072,0.00626266,0.00642005,-0.00626263,-0.00642002,0.00827756,0.00815790,-0.00827617,-0.00815651,-95.1096,-0.4098,-64.9862,16.47408042,44.11536953,1257.3497
9.720000,4393182.980018,4259576.230756,1797457.941835,-42.681165,-41.499536,189.593770,0.99999770,-0.00002141,-0.00213082,-0.00024766,-0.00054126,-0.05742227,0.00092190,11.1100,1257.3171,1839.9350,0.01310902,0.00008153,0.579825,0.00626266,0.00642005,-0.00626263,-0.00642002,0.00816210,0.00801817,-0.00816029,-0.00801636,-95.0305,-0.4190,-63.2343,16.47409839,44.11536953,1257.3171
9.730000,4393182.553148,4259575.815702,1797459.837304,-42.693001,-41.511294,189.500011,0.99999706,-0.00002454,-0.00241339,-0.00024126,-0.00053596,-0.05540563,0.00158593,11.1100,1257.2841,1841.9220,0.01274302,0.00007405,0.579578,0.00498174,0.00519338,-0.00498298,-0.00519462,0.00811539,0.00796166,-0.00811342,-0.00795969,-94.9515,-0.3918,-61.6441,16.47411634,44.11536952,1257.2841
9.740000,4393182.126153,4259575.400526,1797461.731833,-42.706173,-41.524173,189.405834,0.99999635,-0.00002759,-0.00269010,-0.00023249,-0.00051044,-0.05508755,0.00187101,11.1100,1257.2506,1843.9081,0.01239941,0.00005997,0.579331,0.00498174,0.00519338,-0.00498298,-0.00519462,0.00756364,0.00751871,-0.00756321,-0.00751828,-94.8727,-0.2604,-59.5546,16.47413429,44.11536951,1257.2506
9.750000,4393181.699020,4259574.985215,1797463.625419,-42.720639,-41.538123,189.311256,0.99999557,-0.00003047,-0.00296937,-0.00022326,-0.00046526,-0.05642512,0.00176773,11.1100,1257.2168,1845.8933,0.01207668,0.00004176,0.579085,0.00498174,0.00519338,-0.00498298,-0.00519462,0.00702012,0.00708697,-0.00702129,-0.00708814,-94.7941,-0.1128,-57.5732,16.47415223,44.11536950,1257.2168
9.760000,4393181.271736,4259574.569760,1797465.518057,-42.736170,-41.552978,189.216360,0.99999468,-0.00003310,-0.00325581,-0.00021509,-0.00041230,-0.05795063,0.00144814,11.1100,1257.1825,1847.8777,0.01175769,0.00002332,0.578840,0.00498174,0.00519338,-0.00498298,-0.00519462,0.00675397,0.00687594,-0.00675593,-0.00687790,-94.7156,-0.0036,-55.9457,16.47417016,44.11536949,1257.1825
9.770000,4393180.844293,4259574.154152,1797467.409745,-42.752644,-41.568663,189.121187,0.99999368,-0.00003545,-0.00354825,-0.00020880,-0.00035822,-0.05882358,0.00102085,11.1100,1257.1477,1849.8613,0.01143176,0.00000747,0.578594,0.00448423,0.00458009,-0.00448447,-0.00458033,0.00664608,0.00679046,-0.00664836,-0.00679273,-94.6372,0.0724,-54.4809,16.47418808,44.11536949,1257.1477
9.780000,4393180.416680,4259573.738384,1797469.300480,-42.770091,-41.585243,189.025717,0.99999259,-0.00003757,-0.00384420,-0.00020477,-0.00031746,-0.05935753,0.00054320,11.1100,1257.1124,1851.8440,0.01110049,-0.00000433,0.578349,0.00448423,0.00458009,-0.00448447,-0.00458033,0.00649158,0.00664437,-0.00649309,-0.00664588,-94.5590,0.1225,-52.9233,16.47420600,44.11536948,1257.1124
9.790000,4393179.988888,4259573.322444,1797471.190258,-42.788476,-41.602710,188.929956,0.99999140,-0.00003950,-0.00414167,-0.00020318,-0.00029030,-0.05943605,0.00004873,11.1100,1257.0767,1853.8258,0.01076922,-0.00001140,0.578105,0.00448423,0.00458009,-0.00448447,-0.00458033,0.00636236,0.00651819,-0.00636302,-0.00651885,-94.4810,0.1500,-51.3966,16.47422391,44.11536947,1257.0767
9.800000,4393179.560908,4259572.906326,1797473.079078,-42.807713,-41.621009,188.833933,0.99999013,-0.00004131,-0.00443749,-0.00020405,-0.00027031,-0.05870685,-0.00043896,11.1100,1257.0404,1855.8069,0.01044178,-0.00001351,0.577860,0.00448423,0.00458009,-0.00448447,-0.00458033,0.00630100,0.00645787,-0.00630124,-0.00645811,-94.4031,0.1565,-49.9736,16.47424181,44.11536946,1257.0404
9.810000,4393179.132731,4259572.490022,1797474.966936,-42.827730,-41.640091,188.737672,0.99998880,-0.00004301,-0.00472726,-0.00020731,-0.00025377,-0.05702464,-0.00090087,11.1100,1257.0036,1857.7870,0.01012399,-0.00001071,0.577616,0.00365302,0.00394967,-0.00365561,-0.00395226,0.00627645,0.00643367,-0.00627651,-0.00643373,-94.3254,0.1431,-48.6353,16.47425970,44.11536946,1257.0036
9.820000,4393178.704349,4259572.073520,1797476.853830,-42.848820,-41.660248,188.641045,0.99998741,-0.00004461,-0.00501256,-0.00021290,-0.00023308,-0.05693039,-0.00137467,11.1100,1256.9663,1859.7663,0.00982425,-0.00000325,0.577373,0.00365302,0.00394967,-0.00365561,-0.00395226,0.00581222,0.00598884,-0.00581267,-0.00598929,-94.2478,0.1239,-46.8038,16.47427759,44.11536945,1256.9663
9.830000,4393178.275751,4259571.656813,1797478.739756,-42.870942,-41.681462,188.544063,0.99998592,-0.00004608,-0.00530134,-0.00022087,-0.00020791,-0.05840794,-0.00184397,11.1100,1256.9285,1861.7448,0.00954153,0.00000879,0.577130,0.00365302,0.00394967,-0.00365561,-0.00395226,0.00535134,0.00554738,-0.00535222,-0.00554826,-94.1704,0.0867,-45.0550,16.47429547,44.11536944,1256.9285
9.840000,4393177.846927,4259571.239888,1797480.624710,-42.893902,-41.703573,188.446801,0.99998430,-0.00004741,-0.00559805,-0.00023106,-0.00018138,-0.06010055,-0.00226550,11.1100,1256.8901,1863.7224,0.00925977,0.00002534,0.576887,0.00365302,0.00394967,-0.00365561,-0.00395226,0.00512535,0.00533093,-0.00512645,-0.00533203,-94.0931,0.0252,-43.6211,16.47431334,44.11536943,1256.8901
9.850000,4393177.417870,4259570.822738,1797482.508691,-42.917604,-41.726512,188.349293,0.99998255,-0.00004861,-0.00590181,-0.00024317,-0.00015524,-0.06122307,-0.00261061,11.1100,1256.8511,1865.6992,0.00896872,0.00004606,0.576644,0.00268087,0.00307940,-0.00268279,-0.00308132,0.00503369,0.00524314,-0.00503488,-0.00524433,-94.0160,-0.0560,-42.3258,16.47433120,44.11536942,1256.8511
9.860000,4393176.988572,4259570.405354,1797484.391695,-42.942150,-41.750425,188.251486,0.99998067,-0.00004967,-0.00621174,-0.00025649,-0.00013486,-0.06256640,-0.00274877,11.1100,1256.8115,1867.6752,0.00866955,0.00007023,0.576402,0.00268087,0.00307940,-0.00268279,-0.00308132,0.00482292,0.00499266,-0.00482379,-0.00499353,-93.9390,-0.1786,-40.8142,16.47434906,44.11536942,1256.8115
9.870000,4393176.559024,4259569.987726,1797486.273719,-42.967536,-41.775309,188.153378,0.99997865,-0.00005066,-0.00652859,-0.00026998,-0.00012022,-0.06398791,-0.00267760,11.1100,1256.7713,1869.6503,0.00836496,0.00009625,0.576160,0.00268087,0.00307940,-0.00268279,-0.00308132,0.00463320,0.00476207,-0.00463372,-0.00476259,-93.8621,-0.3081,-39.3118,16.47436691,44.11536941,1256.7713
9.880000,4393176.129218,4259569.569845,1797488.154761,-42.993698,-41.801082,188.055001,0.99997649,-0.00005158,-0.00685115,-0.00028275,-0.00010868,-0.06484591,-0.00246282,11.1100,1256.7305,1871.6246,0.00805341,0.00012203,0.575919,0.00268087,0.00307940,-0.00268279,-0.00308132,0.00454179,0.00465050,-0.00454214,-0.00465085,-93.7855,-0.4218,-37.9268,16.47438475,44.11536940,1256.7305
9.890000,4393175.699147,4259569.151702,1797490.034819,-43.020605,-41.827688,187.956372,0.99997421,-0.00005246,-0.00717572,-0.00029419,-0.00009874,-0.06480048,-0.00214941,11.1100,1256.6891,1873.5980,0.00773683,0.00014589,0.575678,0.00211590,0.00243719,-0.00212088,-0.00244218,0.00450499,0.00460550,-0.00450526,-0.00460578,-93.7089,-0.5193,-36.6005,16.47440258,44.11536939,1256.6891
9.900000,4393175.268803,4259568.733288,1797491.913888,-43.048468,-41.855257,187.857413,0.99997182,-0.00005328,-0.00750119,-0.00030437,-0.00007881,-0.06520764,-0.00196337,11.1100,1256.6470,1875.5706,0.00742224,0.00016668,0.575437,0.00211590,0.00243719,-0.00212088,-0.00244218,0.00419601,0.00436484,-0.00419710,-0.00436593,-93.6325,-0.5545,-34.9771,16.47442040,44.11536939,1256.6470
9.910000,4393174.838174,4259568.314593,1797493.791966,-43.077275,-41.883764,187.758132,0.99996930,-0.00005397,-0.00782972,-0.00031398,-0.00004921,-0.06602340,-0.00191595,11.1100,1256.6043,1877.5423,0.00711320,0.00018484,0.575197,0.00211590,0.00243719,-0.00212088,-0.00244218,0.00389423,0.00413373,-0.00389615,-0.00413565,-93.5563,-0.5784,-33.3914,16.47443822,44.11536938,1256.6043
9.920000,4393174.407254,4259567.895609,1797495.669049,-43.106902,-41.913117,187.658575,0.99996664,-0.00005451,-0.00816141,-0.00032344,-0.00001600,-0.06647073,-0.00190770,11.1100,1256.5610,1879.5132,0.00680525,0.00020174,0.574957,0.00211590,0.00243719,-0.00212088,-0.00244218,0.00374666,0.00402106,-0.00374899,-0.00402339,-93.4802,-0.6212,-31.9914,16.47445603,44.11536937,1256.5610
9.930000,4393173.976034,4259567.476328,1797497.545136,-43.137272,-41.943256,187.558768,0.99996387,-0.00005489,-0.00849334,-0.00033281,0.00001742,-0.06612821,-0.00188171,11.1100,1256.5169,1881.4833,0.00649741,0.00021818,0.574717,0.00227464,0.00263204,-0.00227285,-0.00263025,0.00368688,0.00397547,-0.00368937,-0.00397796,-93.4042,-0.6757,-30.6925,16.47447383,44.11536936,1256.5169
9.940000,4393173.544505,4259567.056740,1797499.420223,-43.168614,-41.974377,187.458618,0.99996099,-0.00005510,-0.00882583,-0.00034220,0.00004658,-0.06669670,-0.00191528,11.1100,1256.4722,1883.4526,0.00619497,0.00023421,0.574478,0.00227464,0.00263204,-0.00227285,-0.00263025,0.00331927,0.00364933,-0.00332158,-0.00365165,-93.3284,-0.7108,-29.0327,16.47449163,44.11536935,1256.4722
9.950000,4393173.112658,4259566.636837,1797501.294307,-43.200908,-42.006466,187.358129,0.99995795,-0.00005519,-0.00916327,-0.00035188,0.00007118,-0.06810534,-0.00199785,11.1100,1256.4268,1885.4210,0.00589893,0.00025012,0.574239,0.00227464,0.00263204,-0.00227285,-0.00263025,0.00296410,0.00333242,-0.00296620,-0.00333452,-93.2528,-0.7478,-27.4193,16.47450942,44.11536935,1256.4268
9.960000,4393172.680484,4259566.216608,1797503.167385,-43.234015,-42.039408,187.257356,0.99995474,-0.00005515,-0.00950736,-0.00036195,0.00009291,-0.06935093,-0.00207191,11.1100,1256.3807,1887.3885,0.00560038,0.00026646,0.574000,0.00227464,0.00263204,-0.00227285,-0.00263025,0.00279076,0.00317760,-0.00279275,-0.00317959,-93.1773,-0.7993,-26.0252,16.47452720,44.11536934,1256.3807
9.970000,4393172.247975,4259565.796046,1797505.039453,-43.267866,-42.073144,187.156326,0.99995136,-0.00005501,-0.00985585,-0.00037229,0.00011277,-0.06986825,-0.00210545,11.1100,1256.3338,1889.3553,0.00529500,0.00028334,0.573762,0.00085793,0.00139616,-0.00086298,-0.00140121,0.00272059,0.00311490,-0.00272253,-0.00311685,-93.1019,-0.8599,-24.7322,16.47454497,44.11536933,1256.3338
9.980000,4393171.815123,4259565.375142,1797506.910510,-43.302583,-42.107819,187.054977,0.99994783,-0.00005474,-0.01020755,-0.00038247,0.00014534,-0.07063665,-0.00201060,11.1100,1256.2862,1891.3212,0.00498678,0.00030049,0.573524,0.00085793,0.00139616,-0.00086298,-0.00140121,0.00249384,0.00286347,-0.00249686,-0.00286648,-93.0267,-0.9419,-23.2052,16.47456273,44.11536932,1256.2862
9.990000,4393171.381920,4259564.953886,1797508.780552,-43.338157,-42.143417,186.953315,0.99994413,-0.00005429,-0.01056350,-0.00039185,0.00019009,-0.07156656,-0.00178884,11.1100,1256.2378,1893.2862,0.00467913,0.00031697,0.573286,0.00085793,0.00139616,-0.00086298,-0.00140121,0.00228283,0.00262582,-0.00228693,-0.00262993,-92.9516,-1.0219,-21.7035,16.47458049,44.11536931,1256.2378
10.000000,4393170.948357,4259564.532271,1797510.649575,-43.374509,-42.179840,186.851375,0.99994026,-0.00005362,-0.01092287,-0.00039992,0.00023913,-0.07200349,-0.00148805,11.1100,1256.1887,1895.2505,0.00436989,0.00033151,0.573049,0.00085793,0.00139616,-0.00086298,-0.00140121,0.00218053,0.00251029,-0.00218517,-0.00251493,-92.8767,-1.0849,-20.3472,16.47459824,44.11536931,1256.1887
10.010000,4393170.514428,4259564.110287,1797512.517578,-43.411593,-42.217021,186.749182,0.99993627,-0.00005272,-0.01128230,-0.00040636,0.00028811,-0.07160137,-0.00114242,11.1100,1256.1388,1897.2139,0.00406008,0.00034317,0.572812,0.00086970,0.00119053,-0.00087512,-0.00119595,0.00213923,0.00246359,-0.00214409,-0.00246845,-92.8019,-1.1312,-19.0719,16.47461598,44.11536930,1256.1388
10.020000,4393170.080123,4259563.687928,1797514.384558,-43.449332,-42.254854,186.646775,0.99993221,-0.00005168,-0.01163647,-0.00041110,0.00030423,-0.06991161,-0.00080974,11.1100,1256.0881,1899.1765,0.00375597,0.00035142,0.572575,0.00086970,0.00119053,-0.00087512,-0.00119595,0.00218037,0.00251556,-0.00218291,-0.00251810,-92.7272,-1.1536,-17.9316,16.47463372,44.11536929,1256.0881
10.030000,4393169.645439,4259563.265188,1797516.250513,-43.487676,-42.293275,186.544179,0.99992816,-0.00005065,-0.01197902,-0.00041425,0.00028858,-0.06697311,-0.00050530,11.1100,1256.0366,1901.1382,0.00346753,0.00035619,0.572339,0.00086970,0.00119053,-0.00087512,-0.00119595,0.00223174,0.00257913,-0.00223188,-0.00257927,-92.6527,-1.1616,-16.8617,16.47465144,44.11536928,1256.0366
10.040000,4393169.210368,4259562.842061,1797518.115441,-43.526576,-42.332227,186.441416,0.99992421,-0.00004974,-0.01230443,-0.00041592,0.00025865,-0.06308067,-0.00022251,11.1100,1255.9844,1903.0991,0.00320707,0.00035776,0.572103,0.00086970,0.00119053,-0.00087512,-0.00119595,0.00225780,0.00261128,-0.00225675,-0.00261024,-92.5784,-1.1613,-15.8605,16.47466916,44.11536927,1255.9844
10.050000,4393168.774906,4259562.418542,1797519.979341,-43.565951,-42.371621,186.338522,0.99992042,-0.00004900,-0.01260857,-0.00041624,0.00022429,-0.05849412,0.00003919,11.1100,1255.9313,1905.0592,0.00298524,0.00035641,0.571868,-0.00001283,0.00036245,0.00001315,-0.00036214,0.00226851,0.00262449,-0.00226699,-0.00262297,-92.5042,-1.1520,-14.9843,16.47468687,44.11536926,1255.9313
10.060000,4393168.339046,4259561.994626,1797521.842211,-43.606097,-42.411684,186.235377,0.99991677,-0.00004836,-0.01289508,-0.00041574,0.00022085,-0.05604930,0.00010037,11.1100,1255.8773,1907.0185,0.00280965,0.00035240,0.571632,-0.00001283,0.00036245,0.00001315,-0.00036214,0.00176906,0.00219023,-0.00176979,-0.00219096,-92.4301,-1.0925,-13.6746,16.47470458,44.11536926,1255.8773
10.070000,4393167.902781,4259561.570306,1797523.704048,-43.646940,-42.452345,186.132011,0.99991312,-0.00004766,-0.01317495,-0.00041544,0.00024815,-0.05584154,-0.00003587,11.1100,1255.8226,1908.9769,0.00267501,0.00034705,0.571397,-0.00001283,0.00036245,0.00001315,-0.00036214,0.00126423,0.00175034,-0.00126734,-0.00175346,-92.3562,-1.0291,-12.5287,16.47472228,44.11536925,1255.8226
10.080000,4393167.466105,4259561.145577,1797525.564850,-43.688249,-42.493414,186.028521,0.99990938,-0.00004677,-0.01345603,-0.00041606,0.00028898,-0.05652777,-0.00027030,11.1100,1255.7670,1910.9345,0.00255881,0.00034236,0.571163,-0.00001283,0.00036245,0.00001315,-0.00036214,0.00101595,0.00153393,-0.00102024,-0.00153823,-92.2824,-0.9905,-11.7725,16.47473997,44.11536924,1255.7670
10.090000,4393167.029015,4259560.720436,1797527.424618,-43.729906,-42.534804,185.924953,0.99990550,-0.00004565,-0.01374079,-0.00041795,0.00033358,-0.05731806,-0.00054106,11.1100,1255.7105,1912.8913,0.00244378,0.00033969,0.570929,0.00025054,0.00046814,-0.00024374,-0.00046134,0.00091512,0.00144603,-0.00091990,-0.00145081,-92.2087,-0.9722,-11.2020,16.47475765,44.11536923,1255.7105
10.100000,4393166.591506,4259560.294880,1797529.283349,-43.771863,-42.576545,185.821310,0.99990149,-0.00004430,-0.01402939,-0.00042068,0.00037957,-0.05805552,-0.00060596,11.1100,1255.6532,1914.8472,0.00232414,0.00033961,0.570695,0.00025054,0.00046814,-0.00024374,-0.00046134,0.00088191,0.00134035,-0.00088700,-0.00134544,-92.1352,-1.0186,-10.6469,16.47477532,44.11536922,1255.6532
10.110000,4393166.153576,4259559.868904,1797531.141044,-43.814110,-42.618632,185.717595,0.99989736,-0.00004272,-0.01432119,-0.00042319,0.00042539,-0.05860105,-0.00045758,11.1100,1255.5951,1916.8023,0.00219957,0.00034099,0.570461,0.00025054,0.00046814,-0.00024374,-0.00046134,0.00087297,0.00125541,-0.00087825,-0.00126069,-92.0618,-1.0716,-10.1021,16.47479299,44.11536921,1255.5951
10.120000,4393165.715223,4259559.442506,1797532.997701,-43.856653,-42.661031,185.613814,0.99989311,-0.00004093,-0.01461487,-0.00042470,0.00046964,-0.05880664,-0.00020974,11.1100,1255.5361,1918.7566,0.00207124,0.00034171,0.570228,0.00025054,0.00046814,-0.00024374,-0.00046134,0.00087057,0.00121541,-0.00087594,-0.00122078,-91.9886,-1.0967,-9.5756,16.47481065,44.11536920,1255.5361
10.130000,4393165.276442,4259559.015682,1797534.853320,-43.899495,-42.703717,185.509972,0.99988877,-0.00003894,-0.01490856,-0.00042489,0.00051174,-0.05860904,0.00006656,11.1100,1255.4762,1920.7101,0.00194172,0.00034035,0.569995,-0.00006005,0.00032637,0.00006160,-0.00032482,0.00086993,0.00119946,-0.00087533,-0.00120486,-91.9155,-1.0990,-9.0602,16.47482830,44.11536919,1255.4762
10.140000,4393164.837231,4259558.588430,1797536.707900,-43.942879,-42.746890,185.405964,0.99988432,-0.00003683,-0.01520445,-0.00042385,0.00052560,-0.05968332,0.00028297,11.1100,1255.4154,1922.6627,0.00181466,0.00033636,0.569762,-0.00006005,0.00032637,0.00006160,-0.00032482,0.00055614,0.00089933,-0.00055952,-0.00090271,-91.8425,-1.0727,-8.1729,16.47484595,44.11536918,1255.4154
10.150000,4393164.397582,4259558.160743,1797538.561438,-43.986820,-42.790552,185.301785,0.99987964,-0.00003474,-0.01550880,-0.00042191,0.00051262,-0.06198272,0.00042336,11.1100,1255.3538,1924.6146,0.00168738,0.00033005,0.569529,-0.00006005,0.00032637,0.00006160,-0.00032482,0.00024073,0.00060138,-0.00024206,-0.00060272,-91.7697,-1.0354,-7.2928,16.47486358,44.11536917,1255.3538
10.160000,4393163.957493,4259557.732617,1797540.413935,-44.031233,-42.834623,185.197474,0.99987468,-0.00003276,-0.01582537,-0.00041941,0.00048761,-0.06455899,0.00050806,11.1100,1255.2913,1926.5656,0.00154744,0.00032213,0.569297,-0.00006005,0.00032637,0.00006160,-0.00032482,0.00008576,0.00045529,-0.00008608,-0.00045562,-91.6970,-0.9979,-6.5702,16.47488121,44.11536916,1255.2913
10.170000,4393163.516956,4259557.304049,1797542.265387,-44.076095,-42.879082,185.093039,0.99986943,-0.00003092,-0.01615410,-0.00041659,0.00045884,-0.06683815,0.00054987,11.1100,1255.2279,1928.5157,0.00138668,0.00031326,0.569066,-0.00035965,0.00009294,0.00036405,-0.00008855,0.00002284,0.00039604,-0.00002276,-0.00039596,-91.6244,-0.9604,-5.8842,16.47489884,44.11536915,1255.2279
10.180000,4393163.075969,4259556.875034,1797544.115795,-44.121348,-42.923915,184.988497,0.99986391,-0.00002932,-0.01649193,-0.00041328,0.00040056,-0.06819390,0.00070601,11.1100,1255.1635,1930.4651,0.00120506,0.00030394,0.568834,-0.00035965,0.00009294,0.00036405,-0.00008855,0.00009311,0.00041163,-0.00009057,-0.00040910,-91.5520,-0.9582,-5.2484,16.47491645,44.11536914,1255.1635
10.190000,4393162.634528,4259556.445569,1797545.965157,-44.167008,-42.969132,184.883841,0.99985821,-0.00002809,-0.01683397,-0.00040892,0.00031559,-0.06852471,0.00097240,11.1100,1255.0983,1932.4136,0.00100842,0.00029363,0.568603,-0.00035965,0.00009294,0.00036405,-0.00008855,0.00017902,0.00044168,-0.00017411,-0.00043677,-91.4798,-0.9525,-4.5709,16.47493406,44.11536913,1255.0983
10.200000,4393162.192628,4259556.015650,1797547.813472,-44.213116,-43.014738,184.779058,0.99985241,-0.00002733,-0.01717552,-0.00040317,0.00022087,-0.06800068,0.00126184,11.1100,1255.0322,1934.3613,0.00080666,0.00028124,0.568373,-0.00035965,0.00009294,0.00036405,-0.00008855,0.00022248,0.00045762,-0.00021641,-0.00045155,-91.4077,-0.9205,-3.8352,16.47495166,44.11536913,1255.0322
10.210000,4393161.750264,4259555.585273,1797549.660738,-44.259680,-43.060715,184.674150,0.99984656,-0.00002707,-0.01751263,-0.00039605,0.00012568,-0.06676045,0.00152070,11.1100,1254.9652,1936.3082,0.00060936,0.00026622,0.568142,-0.00045857,0.00000576,0.00045994,-0.00000439,0.00024033,0.00046428,-0.00023380,-0.00045775,-91.3357,-0.8681,-3.0922,16.47496925,44.11536912,1254.9652
10.220000,4393161.307432,4259555.154435,1797551.506954,-44.306762,-43.107063,184.569101,0.99984072,-0.00002723,-0.01784308,-0.00038820,0.00005735,-0.06534665,0.00156148,11.1100,1254.8972,1938.2543,0.00042438,0.00024871,0.567912,-0.00045857,0.00000576,0.00045994,-0.00000439,0.00013662,0.00041641,-0.00013178,-0.00041157,-91.2638,-0.7642,-2.2844,16.47498684,44.11536911,1254.8972
10.230000,4393160.864127,4259554.723131,1797553.352119,-44.354325,-43.153746,184.463928,0.99983491,-0.00002765,-0.01816620,-0.00038070,0.00001588,-0.06384122,0.00138015,11.1100,1254.8283,1940.1995,0.00025642,0.00023019,0.567682,-0.00045857,0.00000576,0.00045994,-0.00000439,0.00002799,0.00036664,-0.00002496,-0.00036362,-91.1921,-0.6557,-1.5378,16.47500442,44.11536910,1254.8283
10.240000,4393160.420344,4259554.291359,1797555.196232,-44.402277,-43.200710,184.358663,0.99982914,-0.00002822,-0.01848115,-0.00037444,-0.00001184,-0.06209212,0.00106812,11.1100,1254.7585,1942.1440,0.00010653,0.00021286,0.567453,-0.00045857,0.00000576,0.00045994,-0.00000439,-0.00002575,0.00034205,0.00002787,-0.00033993,-91.1205,-0.5718,-0.9105,16.47502199,44.11536909,1254.7585
10.250000,4393159.976081,4259553.859116,1797557.039292,-44.450541,-43.247909,184.253337,0.99982345,-0.00002888,-0.01878659,-0.00036993,-0.00003332,-0.06004750,0.00068575,11.1100,1254.6877,1944.0876,-0.00002416,0.00019836,0.567224,-0.00046560,-0.00044443,0.00046814,0.00044698,-0.00004762,0.00033205,0.00004938,-0.00033029,-91.0491,-0.5102,-0.3849,16.47503955,44.11536908,1254.6877
10.260000,4393159.531332,4259553.426400,1797558.881299,-44.499128,-43.295361,184.147940,0.99981785,-0.00002962,-0.01908241,-0.00036758,-0.00006459,-0.05825513,0.00020506,11.1100,1254.6160,1946.0304,-0.00013343,0.00018758,0.566995,-0.00046560,-0.00044443,0.00046814,0.00044698,-0.00016221,0.00024539,0.00016484,-0.00024275,-90.9778,-0.4532,0.1669,16.47505711,44.11536907,1254.6160
10.270000,4393159.086097,4259552.993208,1797560.722251,-44.547974,-43.343030,184.042497,0.99981232,-0.00003050,-0.01936998,-0.00036783,-0.00010623,-0.05676169,-0.00034795,11.1100,1254.5434,1947.9723,-0.00022094,0.00018136,0.566767,-0.00046560,-0.00044443,0.00046814,0.00044698,-0.00027213,0.00016067,0.00027573,-0.00015706,-90.9066,-0.4157,0.6299,16.47507465,44.11536906,1254.5434
10.280000,4393158.640372,4259552.559538,1797562.562149,-44.596984,-43.390860,183.937043,0.99980685,-0.00003153,-0.01965027,-0.00037090,-0.00015155,-0.05534690,-0.00091805,11.1100,1254.4698,1949.9135,-0.00028984,0.00018045,0.566538,-0.00046560,-0.00044443,0.00046814,0.00044698,-0.00032571,0.00011924,0.00032979,-0.00011515,-90.8356,-0.4070,0.9575,16.47509220,44.11536905,1254.4698
10.290000,4393158.194157,4259552.125390,1797564.400992,-44.646083,-43.438810,183.831605,0.99980144,-0.00003273,-0.01992339,-0.00037678,-0.00019674,-0.05390768,-0.00146635,11.1100,1254.3952,1951.8538,-0.00034262,0.00018516,0.566311,-0.00047048,-0.00021870,0.00046882,0.00021704,-0.00034738,0.00010245,0.00035167,-0.00009817,-90.7647,-0.4242,1.1874,16.47510973,44.11536904,1254.3952
10.300000,4393157.747450,4259551.690762,1797566.238781,-44.695242,-43.486874,183.726193,0.99979609,-0.00003407,-0.02018965,-0.00038531,-0.00022677,-0.05260726,-0.00197807,11.1100,1254.3197,1953.7933,-0.00037998,0.00019535,0.566083,-0.00047048,-0.00021870,0.00046882,0.00021704,-0.00039056,0.00006525,0.00039385,-0.00006197,-90.6940,-0.4613,1.3842,16.47512726,44.11536903,1254.3197
10.310000,4393157.300252,4259551.255652,1797568.075516,-44.744413,-43.535030,183.620822,0.99979080,-0.00003547,-0.02044979,-0.00039628,-0.00024187,-0.05146589,-0.00243425,11.1100,1254.2432,1955.7320,-0.00040263,0.00021064,0.565856,-0.00047048,-0.00021870,0.00046882,0.00021704,-0.00042873,0.00003191,0.00043096,-0.00002968,-90.6234,-0.5181,1.5188,16.47514477,44.11536902,1254.2432
10.320000,4393156.852562,4259550.820061,1797569.911197,-44.793543,-43.583248,183.515512,0.99978556,-0.00003687,-0.02070444,-0.00040934,-0.00024957,-0.05042218,-0.00281472,11.1100,1254.1658,1957.6699,-0.00041235,0.00023049,0.565629,-0.00047048,-0.00021870,0.00046882,0.00021704,-0.00044705,0.00001586,0.00044876,-0.00001415,-90.5529,-0.5934,1.5807,16.47516229,44.11536901,1254.1658
10.330000,4393156.404382,4259550.383987,1797571.745826,-44.842594,-43.631505,183.410278,0.99978035,-0.00003827,-0.02095406,-0.00042408,-0.00025415,-0.04945588,-0.00310563,11.1100,1254.0874,1959.6070,-0.00041074,0.00025415,0.565403,-0.00005110,0.00036522,0.00005556,-0.00036077,-0.00045442,0.00000940,0.00045592,-0.00000791,-90.4826,-0.6835,1.5866,16.47517979,44.11536899,1254.0874
10.340000,4393155.955711,4259549.947430,1797573.579403,-44.891537,-43.679902,183.305103,0.99977515,-0.00003970,-0.02120016,-0.00043899,-0.00026266,-0.04901612,-0.00288011,11.1100,1254.0081,1961.5433,-0.00039891,0.00028074,0.565176,-0.00005110,0.00036522,0.00005556,-0.00036077,-0.00045963,-0.00015296,0.00046147,0.00015480,-90.4124,-0.8825,1.6497,16.47519729,44.11536898,1254.0081
10.350000,4393155.506551,4259549.510389,1797575.411929,-44.940369,-43.728419,183.199993,0.99976992,-0.00004124,-0.02144537,-0.00045150,-0.00027555,-0.04910330,-0.00215487,11.1100,1253.9278,1963.4787,-0.00037963,0.00030673,0.564951,-0.00005110,0.00036522,0.00005556,-0.00036077,-0.00046310,-0.00031467,0.00046532,0.00031689,-90.3424,-1.0771,1.6807,16.47521478,44.11536897,1253.9278
10.360000,4393155.056904,4259549.072862,1797577.243403,-44.989106,-43.776973,183.094962,0.99976460,-0.00004293,-0.02169174,-0.00045976,-0.00029013,-0.04947792,-0.00117930,11.1100,1253.8465,1965.4134,-0.00035827,0.00032710,0.564725,-0.00005110,0.00036522,0.00005556,-0.00036077,-0.00046466,-0.00039400,0.00046707,0.00039642,-90.2724,-1.1977,1.6487,16.47523226,44.11536896,1253.8465
10.370000,4393154.606769,4259548.634849,1797579.073828,-45.037780,-43.825509,182.990018,0.99975917,-0.00004481,-0.02194034,-0.00046289,-0.00030489,-0.04999239,-0.00011449,11.1100,1253.7643,1967.3472,-0.00033917,0.00033846,0.564500,0.00020864,0.00035671,-0.00020805,-0.00035612,-0.00046526,-0.00042619,0.00046776,0.00042869,-90.2027,-1.2543,1.5939,16.47524973,44.11536895,1253.7643
10.380000,4393154.156148,4259548.196352,1797580.903204,-45.086424,-43.873937,182.885171,0.99975364,-0.00004682,-0.02219114,-0.00046124,-0.00030059,-0.05035548,0.00073211,11.1100,1253.6811,1969.2802,-0.00032454,0.00033941,0.564275,0.00020864,0.00035671,-0.00020805,-0.00035612,-0.00046722,-0.00035790,0.00046825,0.00035893,-90.1330,-1.2082,1.4929,16.47526720,44.11536894,1253.6811
10.390000,4393153.705041,4259547.757371,1797582.731532,-45.135067,-43.922241,182.780421,0.99974801,-0.00004885,-0.02244329,-0.00045601,-0.00027800,-0.05053449,0.00131569,11.1100,1253.5970,1971.2124,-0.00031454,0.00033108,0.564050,0.00020864,0.00035671,-0.00020805,-0.00035612,-0.00046904,-0.00028143,0.00046858,0.00028097,-90.0635,-1.1232,1.4050,16.47528466,44.11536893,1253.5970
10.400000,4393153.253447,4259547.317907,1797584.558813,-45.183723,-43.970444,182.675756,0.99974231,-0.00005079,-0.02269612,-0.00044828,-0.00024758,-0.05062863,0.00172644,11.1100,1253.5119,1973.1438,-0.00030744,0.00031602,0.563826,0.00020864,0.00035671,-0.00020805,-0.00035612,-0.00046992,-0.00024322,0.00046873,0.00024203,-89.9941,-1.0387,1.3526,16.47530211,44.11536892,1253.5119
10.410000,4393152.801366,4259546.877962,1797586.385047,-45.232404,-44.018557,182.571173,0.99973653,-0.00005262,-0.02294936,-0.00043880,-0.00021520,-0.05069666,0.00201612,11.1100,1253.4259,1975.0744,-0.00030174,0.00029640,0.563602,0.00065238,0.00081433,-0.00064530,-0.00080726,-0.00047028,-0.00022760,0.00046879,0.00022611,-89.9249,-0.9525,1.3199,16.47531956,44.11536891,1253.4259
10.420000,4393152.348799,4259546.437537,1797588.210237,-45.281003,-44.066430,182.466733,0.99973074,-0.00005438,-0.02320055,-0.00042850,-0.00021024,-0.04981090,0.00205074,11.1100,1253.3389,1977.0041,-0.00029681,0.00027369,0.563379,0.00065238,0.00081433,-0.00064530,-0.00080726,-0.00032138,-0.00001428,0.00032195,0.00001485,-89.8558,-0.8254,1.0771,16.47533700,44.11536890,1253.3389
10.430000,4393151.895747,4259545.996635,1797590.034382,-45.329504,-44.114054,182.362443,0.99972504,-0.00005616,-0.02344501,-0.00041863,-0.00023215,-0.04801938,0.00184481,11.1100,1253.2509,1978.9331,-0.00028871,0.00024995,0.563155,0.00065238,0.00081433,-0.00064530,-0.00080726,-0.00017156,0.00019643,0.00017428,-0.00019371,-89.7868,-0.6981,0.8286,16.47535443,44.11536889,1253.2509
10.440000,4393151.442209,4259545.555257,1797591.857486,-45.377922,-44.161482,182.258286,0.99971951,-0.00005805,-0.02367964,-0.00041017,-0.00026592,-0.04588401,0.00149366,11.1100,1253.1620,1980.8613,-0.00026822,0.00022764,0.562932,0.00065238,0.00081433,-0.00064530,-0.00080726,-0.00009794,0.00029965,0.00010172,-0.00029587,-89.7180,-0.5968,0.6512,16.47537185,44.11536888,1253.1620
10.450000,4393150.988189,4259545.113406,1797593.679549,-45.426239,-44.208725,182.154265,0.99971419,-0.00006006,-0.02390358,-0.00040368,-0.00030310,-0.04375921,0.00105934,11.1100,1253.0722,1982.7886,-0.00022882,0.00020857,0.562710,0.00085182,0.00102299,-0.00084602,-0.00101719,-0.00006805,0.00034151,0.00007226,-0.00033729,-89.6493,-0.5193,0.4696,16.47538927,44.11536887,1253.0722
10.460000,4393150.533686,4259544.671083,1797595.500572,-45.474342,-44.255773,182.050409,0.99970907,-0.00006217,-0.02411676,-0.00039886,-0.00032313,-0.04159004,0.00082927,11.1100,1252.9814,1984.7151,-0.00016888,0.00019374,0.562487,0.00085182,0.00102299,-0.00084602,-0.00101719,0.00003533,0.00035399,-0.00003234,-0.00035099,-89.5807,-0.5217,0.1834,16.47540668,44.11536886,1252.9814
10.470000,4393150.078703,4259544.228291,1797597.320558,-45.522190,-44.302597,181.946738,0.99970416,-0.00006432,-0.02431925,-0.00039464,-0.00032563,-0.03948942,0.00081633,11.1100,1252.8897,1986.6409,-0.00008870,0.00018220,0.562266,0.00085182,0.00102299,-0.00084602,-0.00101719,0.00013204,0.00035640,-0.00013037,-0.00035473,-89.5123,-0.5373,-0.1673,16.47542408,44.11536885,1252.8897
10.480000,4393149.623243,4259543.785032,1797599.139507,-45.569776,-44.349154,181.843262,0.99969946,-0.00006646,-0.02451189,-0.00039027,-0.00031984,-0.03766090,0.00089162,11.1100,1252.7971,1988.5658,0.00001129,0.00017178,0.562044,0.00085182,0.00102299,-0.00084602,-0.00101719,0.00017897,0.00035675,-0.00017796,-0.00035574,-89.4440,-0.5268,-0.5593,16.47544147,44.11536883,1252.7971
10.490000,4393149.167308,4259543.341309,1797600.957423,-45.617088,-44.395409,181.739993,0.99969492,-0.00006857,-0.02469637,-0.00038550,-0.00031105,-0.03623113,0.00097881,11.1100,1252.7035,1990.4899,0.00012921,0.00016109,0.561822,0.00097517,0.00122540,-0.00096899,-0.00121922,0.00019793,0.00035676,-0.00019719,-0.00035602,-89.3758,-0.4978,-1.0009,16.47545886,44.11536882,1252.7035
10.500000,4393148.710902,4259542.897126,1797602.774308,-45.663991,-44.441215,181.637003,0.99969055,-0.00007072,-0.02487272,-0.00038037,-0.00032991,-0.03441775,0.00103111,11.1100,1252.6089,1992.4133,0.00026150,0.00014972,0.561601,0.00097517,0.00122540,-0.00096899,-0.00121922,0.00036263,0.00051936,-0.00035968,-0.00051641,-89.3078,-0.4560,-1.6849,16.47547624,44.11536881,1252.6089
10.510000,4393148.254030,4259542.452487,1797604.590165,-45.710456,-44.486540,181.534305,0.99968640,-0.00007302,-0.02503918,-0.00037511,-0.00037579,-0.03228492,0.00103600,11.1100,1252.5135,1994.3358,0.00040699,0.00013785,0.561381,0.00097517,0.00122540,-0.00096899,-0.00121922,0.00052365,0.00068287,-0.00051842,-0.00067764,-89.2399,-0.4097,-2.4133,16.47549361,44.11536880,1252.5135
10.520000,4393147.796695,4259542.007396,1797606.404995,-45.756508,-44.531409,181.431889,0.99968247,-0.00007558,-0.02519542,-0.00036994,-0.00043292,-0.03033538,0.00099716,11.1100,1252.4171,1996.2575,0.00056897,0.00012590,0.561160,0.00097517,0.00122540,-0.00096899,-0.00121922,0.00060240,0.00076322,-0.00059604,-0.00075686,-89.1721,-0.3640,-3.0993,16.47551098,44.11536879,1252.4171
10.530000,4393147.338901,4259541.561860,1797608.218803,-45.802145,-44.575823,181.329754,0.99967874,-0.00007841,-0.02534310,-0.00036507,-0.00049242,-0.02886981,0.00091961,11.1100,1252.3199,1998.1784,0.00074829,0.00011432,0.560940,0.00154023,0.00175117,-0.00153293,-0.00174387,0.00063431,0.00079583,-0.00062749,-0.00078902,-89.1045,-0.3205,-3.7920,16.47552834,44.11536878,1252.3199
10.540000,4393146.880654,4259541.115882,1797610.031592,-45.847299,-44.619722,181.227933,0.99967516,-0.00008151,-0.02548403,-0.00036070,-0.00054505,-0.02763813,0.00079977,11.1100,1252.2217,2000.0986,0.00094161,0.00010351,0.560720,0.00154023,0.00175117,-0.00153293,-0.00174387,0.00071700,0.00088208,-0.00071047,-0.00087554,-89.0370,-0.2783,-4.6019,16.47554569,44.11536877,1252.2217
10.550000,4393146.421957,4259540.669467,1797611.843363,-45.891956,-44.663095,181.126433,0.99967170,-0.00008484,-0.02561954,-0.00035704,-0.00058982,-0.02670362,0.00064333,11.1100,1252.1226,2002.0179,0.00114482,0.00009387,0.560501,0.00154023,0.00175117,-0.00153293,-0.00174387,0.00079242,0.00096089,-0.00078629,-0.00095475,-88.9696,-0.2409,-5.4393,16.47556303,44.11536876,1252.1226
10.560000,4393145.962816,4259540.222622,1797613.654121,-45.936128,-44.705965,181.025244,0.99966830,-0.00008835,-0.02575168,-0.00035422,-0.00062953,-0.02629163,0.00046111,11.1100,1252.0227,2003.9364,0.00135514,0.00008578,0.560282,0.00154023,0.00175117,-0.00153293,-0.00174387,0.00082885,0.00099897,-0.00082292,-0.00099304,-88.9024,-0.2105,-6.2542,16.47558037,44.11536874,1252.0227
10.570000,4393145.503236,4259539.775350,1797615.463869,-45.979825,-44.748352,180.924359,0.99966490,-0.00009203,-0.02588336,-0.00035237,-0.00066594,-0.02651296,0.00026250,11.1100,1251.9218,2005.8542,0.00156861,0.00007950,0.560063,0.00199792,0.00209956,-0.00199855,-0.00210019,0.00084354,0.00101432,-0.00083769,-0.00100847,-88.8352,-0.1875,-7.0546,16.47559770,44.11536873,1251.9218
10.580000,4393145.043221,4259539.327656,1797617.272610,-46.023029,-44.790226,180.823791,0.99966143,-0.00009586,-0.02601702,-0.00035172,-0.00070155,-0.02708176,-0.00001744,11.1100,1251.8201,2007.7711,0.00177953,0.00007521,0.559844,0.00199792,0.00209956,-0.00199855,-0.00210019,0.00089279,0.00109193,-0.00088684,-0.00108597,-88.7682,-0.1552,-7.9062,16.47561502,44.11536872,1251.8201
10.590000,4393144.582777,4259538.879547,1797619.080346,-46.065756,-44.831617,180.723530,0.99965785,-0.00009983,-0.02615436,-0.00035265,-0.00073667,-0.02797865,-0.00036770,11.1100,1251.7175,2009.6872,0.00198280,0.00007344,0.559626,0.00199792,0.00209956,-0.00199855,-0.00210019,0.00093877,0.00116625,-0.00093269,-0.00116017,-88.7014,-0.1326,-8.7257,16.47563233,44.11536871,1251.7175
10.600000,4393144.121908,4259538.431026,1797620.887081,-46.108042,-44.872587,180.623550,0.99965410,-0.00010392,-0.02629732,-0.00035540,-0.00077055,-0.02932020,-0.00073787,11.1100,1251.6141,2011.6026,0.00217520,0.00007491,0.559408,0.00199792,0.00209956,-0.00199855,-0.00210019,0.00096108,0.00120246,-0.00095493,-0.00119632,-88.6346,-0.1311,-9.4678,16.47564964,44.11536870,1251.6141
10.610000,4393143.660618,4259537.982096,1797622.692818,-46.149925,-44.913195,180.523827,0.99965011,-0.00010813,-0.02644820,-0.00035997,-0.00080282,-0.03113650,-0.00109413,11.1100,1251.5098,2013.5172,0.00235324,0.00007996,0.559190,0.00253388,0.00281156,-0.00253660,-0.00281428,0.00097008,0.00121711,-0.00096391,-0.00121095,-88.5680,-0.1480,-10.1366,16.47566694,44.11536869,1251.5098
10.620000,4393143.198911,4259537.532763,1797624.497559,-46.191298,-44.953364,180.424410,0.99964591,-0.00011247,-0.02660672,-0.00036615,-0.00083817,-0.03236776,-0.00138000,11.1100,1251.4047,2015.4309,0.00251268,0.00008854,0.558973,0.00253388,0.00281156,-0.00253660,-0.00281428,0.00117421,0.00140937,-0.00116764,-0.00140280,-88.5015,-0.1883,-10.9643,16.47568424,44.11536868,1251.4047
10.630000,4393142.736794,4259537.083031,1797626.301307,-46.232192,-44.993139,180.325278,0.99964155,-0.00011697,-0.02676986,-0.00037356,-0.00087638,-0.03298186,-0.00158432,11.1100,1251.2987,2017.3439,0.00265335,0.00010012,0.558756,0.00253388,0.00281156,-0.00253660,-0.00281428,0.00137730,0.00159916,-0.00137032,-0.00159218,-88.4351,-0.2402,-11.7167,16.47570152,44.11536867,1251.2987
10.640000,4393142.274269,4259536.632902,1797628.104065,-46.272703,-45.032614,180.226385,0.99963708,-0.00012163,-0.02693581,-0.00038183,-0.00091480,-0.03348643,-0.00171992,11.1100,1251.1919,2019.2561,0.00278159,0.00011390,0.558539,0.00253388,0.00281156,-0.00253660,-0.00281428,0.00147691,0.00169212,-0.00146974,-0.00168495,-88.3689,-0.2957,-12.2978,16.47571880,44.11536865,1251.1919
10.650000,4393141.811341,4259536.182379,1797629.905835,-46.312891,-45.071848,180.127702,0.99963252,-0.00012647,-0.02710471,-0.00039062,-0.00095199,-0.03416008,-0.00179459,11.1100,1251.0843,2021.1675,0.00290177,0.00012910,0.558323,0.00296073,0.00339483,-0.00296306,-0.00339716,0.00151732,0.00172981,-0.00151007,-0.00172256,-88.3027,-0.3535,-12.7785,16.47573607,44.11536864,1251.0843
10.660000,4393141.348013,4259535.731466,1797631.706620,-46.352672,-45.110788,180.029262,0.99962786,-0.00013141,-0.02727575,-0.00039940,-0.00095321,-0.03433957,-0.00171191,11.1100,1250.9759,2023.0781,0.00301405,0.00014507,0.558107,0.00296073,0.00339483,-0.00296306,-0.00339716,0.00169495,0.00186758,-0.00169048,-0.00186312,-88.2367,-0.4363,-13.3756,16.47575334,44.11536863,1250.9759
10.670000,4393140.884289,4259535.280165,1797633.506422,-46.392066,-45.149448,179.931058,0.99962318,-0.00013629,-0.02744656,-0.00040739,-0.00092010,-0.03406451,-0.00147964,11.1100,1250.8666,2024.9879,0.00311951,0.00016061,0.557891,0.00296073,0.00339483,-0.00296306,-0.00339716,0.00186376,0.00199698,-0.00186212,-0.00199534,-88.1708,-0.5164,-13.9341,16.47577060,44.11536862,1250.8666
10.680000,4393140.420172,4259534.828478,1797635.305242,-46.431146,-45.187871,179.833061,0.99961851,-0.00014100,-0.02761588,-0.00041399,-0.00087200,-0.03375015,-0.00116092,11.1100,1250.7565,2026.8970,0.00322306,0.00017421,0.557675,0.00296073,0.00339483,-0.00296306,-0.00339716,0.00194592,0.00205982,-0.00194566,-0.00205957,-88.1050,-0.5764,-14.3889,16.47578785,44.11536861,1250.7565
10.690000,4393139.955667,4259534.376408,1797637.103083,-46.469954,-45.226073,179.735255,0.99961385,-0.00014550,-0.02778412,-0.00041887,-0.00081977,-0.03362991,-0.00079802,11.1100,1250.6457,2028.8052,0.00332762,0.00018479,0.557460,0.00294312,0.00345004,-0.00294623,-0.00345315,0.00197913,0.00208521,-0.00197944,-0.00208552,-88.0394,-0.6179,-14.7939,16.47580509,44.11536860,1250.6457
10.700000,4393139.490775,4259533.923958,1797638.899948,-46.508374,-45.263875,179.637716,0.99960923,-0.00014977,-0.02794955,-0.00042228,-0.00075896,-0.03263186,-0.00057778,11.1100,1250.5340,2030.7127,0.00343263,0.00019179,0.557245,0.00294312,0.00345004,-0.00294623,-0.00345315,0.00218189,0.00234762,-0.00218315,-0.00234888,-87.9738,-0.6052,-15.4462,16.47582233,44.11536859,1250.5340
10.710000,4393139.025501,4259533.471132,1797640.695839,-46.546404,-45.301267,179.540447,0.99960479,-0.00015373,-0.02810796,-0.00042497,-0.00069164,-0.03082508,-0.00051038,11.1100,1250.4215,2032.6194,0.00354038,0.00019594,0.557030,0.00294312,0.00345004,-0.00294623,-0.00345315,0.00237772,0.00260534,-0.00237980,-0.00260742,-87.9084,-0.5816,-16.0963,16.47583956,44.11536858,1250.4215
10.720000,4393138.559848,4259533.017934,1797642.490758,-46.584089,-45.338312,179.443420,0.99960059,-0.00015735,-0.02825696,-0.00042749,-0.00062337,-0.02888063,-0.00051450,11.1100,1250.3083,2034.5253,0.00365926,0.00019878,0.556815,0.00294312,0.00345004,-0.00294623,-0.00345315,0.00247330,0.00273148,-0.00247577,-0.00273395,-87.8431,-0.5728,-16.6422,16.47585678,44.11536856,1250.3083
10.730000,4393138.093820,4259532.564367,1797644.284708,-46.621436,-45.375030,179.346628,0.99959662,-0.00016063,-0.02839689,-0.00043009,-0.00055703,-0.02720128,-0.00054210,11.1100,1250.1942,2036.4304,0.00379443,0.00020134,0.556601,0.00350103,0.00387032,-0.00350056,-0.00386984,0.00251199,0.00278260,-0.00251462,-0.00278523,-87.7779,-0.5742,-17.1665,16.47587400,44.11536855,1250.1942
10.740000,4393137.627421,4259532.110435,1797646.077692,-46.658319,-45.411269,179.250142,0.99959291,-0.00016357,-0.02852720,-0.00043317,-0.00049538,-0.02503959,-0.00071447,11.1100,1250.0794,2038.3348,0.00394537,0.00020406,0.556387,0.00350103,0.00387032,-0.00350056,-0.00386984,0.00267800,0.00300882,-0.00268055,-0.00301137,-87.7129,-0.5475,-17.9302,16.47589121,44.11536854,1250.0794
10.750000,4393137.160656,4259531.656144,1797647.869712,-46.694704,-45.447003,179.153978,0.99958952,-0.00016618,-0.02864576,-0.00043744,-0.00043861,-0.02251371,-0.00101632,11.1100,1249.9638,2040.2383,0.00411204,0.00020789,0.556174,0.00350103,0.00387032,-0.00350056,-0.00386984,0.00283556,0.00322390,-0.00283799,-0.00322633,-87.6479,-0.5273,-18.7360,16.47590841,44.11536853,1249.9638
10.760000,4393136.693529,4259531.201497,1797649.660772,-46.730598,-45.482278,179.058120,0.99958646,-0.00016846,-0.02875220,-0.00044332,-0.00038575,-0.02019830,-0.00135986,11.1100,1249.8474,2042.1411,0.00429848,0.00021418,0.555960,0.00350103,0.00387032,-0.00350056,-0.00386984,0.00291221,0.00332857,-0.00291458,-0.00333094,-87.5831,-0.5344,-19.4958,16.47592560,44.11536852,1249.8474
10.770000,4393136.226045,4259530.746500,1797651.450875,-46.765988,-45.517106,178.962571,0.99958368,-0.00017043,-0.02884842,-0.00045089,-0.00033616,-0.01843443,-0.00169079,11.1100,1249.7303,2044.0432,0.00450563,0.00022364,0.555747,0.00438607,0.00467151,-0.00438898,-0.00467441,0.00294321,0.00337090,-0.00294555,-0.00337324,-87.5184,-0.5632,-20.2660,16.47594279,44.11536851,1249.7303
10.780000,4393135.758211,4259530.291156,1797653.240025,-46.800852,-45.551467,178.867339,0.99958110,-0.00017210,-0.02893750,-0.00046017,-0.00028612,-0.01734267,-0.00204707,11.1100,1249.6125,2045.9444,0.00472966,0.00023632,0.555534,0.00438607,0.00467151,-0.00438898,-0.00467441,0.00294841,0.00340617,-0.00295103,-0.00340879,-87.4537,-0.5924,-21.0793,16.47595997,44.11536850,1249.6125
10.790000,4393135.290030,4259529.835472,1797655.028223,-46.835175,-45.585363,178.772430,0.99957862,-0.00017347,-0.02902295,-0.00047125,-0.00023556,-0.01698021,-0.00241071,11.1100,1249.4938,2047.8449,0.00496428,0.00025229,0.555322,0.00438607,0.00467151,-0.00438898,-0.00467441,0.00294614,0.00343140,-0.00294903,-0.00343429,-87.3892,-0.6351,-21.9223,16.47597714,44.11536848,1249.4938
10.800000,4393134.821509,4259529.379451,1797656.815474,-46.868946,-45.618808,178.677840,0.99957613,-0.00017453,-0.02910847,-0.00048404,-0.00018620,-0.01736837,-0.00273432,11.1100,1249.3745,2049.7445,0.00520238,0.00027164,0.555109,0.00438607,0.00467151,-0.00438898,-0.00467441,0.00294442,0.00344296,-0.00294744,-0.00344599,-87.3249,-0.6986,-22.7721,16.47599431,44.11536847,1249.3745
10.810000,4393134.352653,4259528.923097,1797658.601781,-46.902176,-45.651831,178.583563,0.99957351,-0.00017532,-0.02919777,-0.00049827,-0.00013893,-0.01848560,-0.00298897,11.1100,1249.2544,2051.6435,0.00543656,0.00029412,0.554897,0.00455114,0.00480462,-0.00455757,-0.00481105,0.00294361,0.00344752,-0.00294669,-0.00345060,-87.2606,-0.7778,-23.6061,16.47601147,44.11536846,1249.2544
10.820000,4393133.883468,4259528.466416,1797660.387147,-46.934745,-45.684362,178.489645,0.99957075,-0.00017589,-0.02929212,-0.00051325,-0.00010936,-0.01937942,-0.00303562,11.1100,1249.1336,2053.5416,0.00565955,0.00031911,0.554685,0.00455114,0.00480462,-0.00455757,-0.00481105,0.00314156,0.00359853,-0.00314338,-0.00360035,-87.1964,-0.8969,-24.6070,16.47602862,44.11536845,1249.1336
10.830000,4393133.413960,4259528.009412,1797662.171575,-46.966684,-45.716430,178.396072,0.99956786,-0.00017637,-0.02939028,-0.00052794,-0.00009672,-0.02000824,-0.00287418,11.1100,1249.0121,2055.4390,0.00586807,0.00034504,0.554474,0.00455114,0.00480462,-0.00455757,-0.00481105,0.00334081,0.00374929,-0.00334136,-0.00374984,-87.1323,-1.0191,-25.5533,16.47604577,44.11536844,1249.0121
10.840000,4393132.944136,4259527.552089,1797663.955069,-46.998096,-45.748107,178.302800,0.99956485,-0.00017684,-0.02949202,-0.00054147,-0.00009230,-0.02080275,-0.00257762,11.1100,1248.8899,2057.3356,0.00606479,0.00036984,0.554263,0.00455114,0.00480462,-0.00455757,-0.00481105,0.00343873,0.00382328,-0.00343865,-0.00382320,-87.0683,-1.1215,-26.3485,16.47606290,44.11536842,1248.8899
10.850000,4393132.474000,4259527.094451,1797665.737632,-47.029056,-45.779439,178.209798,0.99956169,-0.00017735,-0.02959872,-0.00055330,-0.00009118,-0.02198687,-0.00219530,11.1100,1248.7670,2059.2314,0.00625091,0.00039187,0.554052,0.00489556,0.00526969,-0.00489699,-0.00527112,0.00347849,0.00385330,-0.00347815,-0.00385297,-87.0045,-1.2046,-27.0443,16.47608004,44.11536841,1248.7670
10.860000,4393132.003558,4259526.636502,1797667.519267,-47.059394,-45.810258,178.117153,0.99955843,-0.00017789,-0.02970859,-0.00056288,-0.00007691,-0.02206693,-0.00168195,11.1100,1248.6434,2061.1265,0.00642410,0.00041015,0.553841,0.00489556,0.00526969,-0.00489699,-0.00527112,0.00380774,0.00414914,-0.00380851,-0.00414991,-86.9407,-1.2877,-28.0252,16.47609716,44.11536840,1248.6434
10.870000,4393131.532815,4259526.178247,1797669.299977,-47.089143,-45.840572,178.024856,0.99955522,-0.00017841,-0.02981619,-0.00056963,-0.00004942,-0.02108007,-0.00106287,11.1100,1248.5192,2063.0208,0.00658663,0.00042359,0.553630,0.00489556,0.00526969,-0.00489699,-0.00527112,0.00412918,0.00443935,-0.00413113,-0.00444130,-86.8771,-1.3512,-28.9530,16.47611428,44.11536839,1248.5192
10.880000,4393131.061776,4259525.719692,1797671.079765,-47.118428,-45.870461,177.932852,0.99955217,-0.00017887,-0.02991828,-0.00057315,-0.00001653,-0.01987100,-0.00040124,11.1100,1248.3942,2064.9144,0.00674954,0.00043110,0.553420,0.00489556,0.00526969,-0.00489699,-0.00527112,0.00428635,0.00458136,-0.00428887,-0.00458389,-86.8135,-1.3833,-29.6897,16.47613139,44.11536838,1248.3942
10.890000,4393130.590447,4259525.260840,1797672.858635,-47.147316,-45.899954,177.841118,0.99954927,-0.00017926,-0.03001499,-0.00057337,0.00001735,-0.01893129,0.00025788,11.1100,1248.2686,2066.8071,0.00692009,0.00043209,0.553210,0.00569890,0.00611467,-0.00570316,-0.00611894,0.00435002,0.00463891,-0.00435278,-0.00464167,-86.7501,-1.3863,-30.3459,16.47614849,44.11536836,1248.2686
10.900000,4393130.118832,4259524.801694,1797674.636588,-47.175794,-45.929014,177.749666,0.99954649,-0.00017954,-0.03010752,-0.00057029,0.00006534,-0.01819757,0.00091256,11.1100,1248.1423,2068.6991,0.00709842,0.00042650,0.553000,0.00569890,0.00611467,-0.00570316,-0.00611894,0.00443226,0.00470753,-0.00443637,-0.00471164,-86.6868,-1.3701,-31.0484,16.47616559,44.11536835,1248.1423
10.910000,4393129.646933,4259524.342261,1797676.413629,-47.203877,-45.957629,177.658494,0.99954379,-0.00017964,-0.03019710,-0.00056399,0.00012604,-0.01775313,0.00153883,11.1100,1248.0154,2070.5904,0.00728194,0.00041445,0.552790,0.00569890,0.00611467,-0.00570316,-0.00611894,0.00449953,0.00476259,-0.00450493,-0.00476799,-86.6235,-1.3298,-31.7525,16.47618268,44.11536834,1248.0154
10.920000,4393129.174755,4259523.882543,1797678.189759,-47.231602,-45.985804,177.567594,0.99954112,-0.00017952,-0.03028561,-0.00055470,0.00019085,-0.01776502,0.00210196,11.1100,1247.8878,2072.4809,0.00746819,0.00039622,0.552581,0.00569890,0.00611467,-0.00570316,-0.00611894,0.00453132,0.00478850,-0.00453736,-0.00479454,-86.5604,-1.2638,-32.4280,16.47619976,44.11536833,1247.8878
10.930000,4393128.702302,4259523.422546,1797679.964982,-47.259001,-46.013544,177.476954,0.99953839,-0.00017915,-0.03037550,-0.00054280,0.00025507,-0.01830556,0.00257732,11.1100,1247.7596,2074.3706,0.00765358,0.00037239,0.552372,0.00599971,0.00644446,-0.00599846,-0.00644321,0.00454402,0.00479883,-0.00455031,-0.00480513,-86.4973,-1.1760,-33.0806,16.47621684,44.11536831,1247.7596
10.940000,4393128.229577,4259522.962274,1797681.739299,-47.286016,-46.040744,177.386617,0.99953560,-0.00017859,-0.03046760,-0.00052905,0.00029569,-0.01864299,0.00284079,11.1100,1247.6308,2076.2596,0.00783331,0.00034381,0.552163,0.00599971,0.00644446,-0.00599846,-0.00644321,0.00467108,0.00496790,-0.00467569,-0.00497250,-86.4344,-1.0455,-33.8746,16.47623391,44.11536830,1247.6308
10.950000,4393127.756583,4259522.501733,1797683.512715,-47.312669,-46.067419,177.296574,0.99953276,-0.00017790,-0.03056086,-0.00051451,0.00031319,-0.01876910,0.00288756,11.1100,1247.5013,2078.1478,0.00800513,0.00031216,0.551954,0.00599971,0.00644446,-0.00599846,-0.00644321,0.00479579,0.00513541,-0.00479864,-0.00513826,-86.3716,-0.9048,-34.6356,16.47625097,44.11536829,1247.5013
10.960000,4393127.283324,4259522.040928,1797685.285232,-47.339017,-46.093639,177.206792,0.99952988,-0.00017715,-0.03065516,-0.00050014,0.00031942,-0.01905274,0.00277661,11.1100,1247.3712,2080.0353,0.00817125,0.00027963,0.551746,0.00599971,0.00644446,-0.00599846,-0.00644321,0.00485682,0.00521752,-0.00485880,-0.00521950,-86.3088,-0.7749,-35.2866,16.47626803,44.11536827,1247.3712
10.970000,4393126.809804,4259521.579862,1797687.056852,-47.365092,-46.119456,177.117250,0.99952692,-0.00017635,-0.03075176,-0.00048661,0.00032111,-0.01968979,0.00254750,11.1100,1247.2405,2081.9220,0.00833243,0.00024802,0.551538,0.00621611,0.00639889,-0.00620230,-0.00638507,0.00488155,0.00525082,-0.00488318,-0.00525245,-86.2462,-0.6567,-35.8697,16.47628508,44.11536826,1247.2405
10.980000,4393126.336024,4259521.118541,1797688.827578,-47.390712,-46.144698,177.028040,0.99952393,-0.00017547,-0.03084883,-0.00047457,0.00033308,-0.01923705,0.00218754,11.1100,1247.1092,2083.8079,0.00848644,0.00021866,0.551330,0.00621611,0.00639889,-0.00620230,-0.00638507,0.00517619,0.00556344,-0.00517869,-0.00556594,-86.1836,-0.5417,-36.7521,16.47630212,44.11536825,1247.1092
10.990000,4393125.861991,4259520.656970,1797690.597414,-47.415875,-46.169383,176.939156,0.99952109,-0.00017444,-0.03094102,-0.00046460,0.00035580,-0.01774206,0.00171692,11.1100,1246.9773,2085.6931,0.00863558,0.00019275,0.551122,0.00621611,0.00639889,-0.00620230,-0.00638507,0.00546647,0.00586972,-0.00546994,-0.00587319,-86.1212,-0.4410,-37.6043,16.47631915,44.11536823,1246.9773
11.000000,4393125.387708,4259520.195155,1797692.366362,-47.440655,-46.193613,176.850555,0.99951848,-0.00017320,-0.03102519,-0.00045717,0.00038295,-0.01603704,0.00117464,11.1100,1246.8448,2087.5775,0.00879058,0.00017145,0.550915,0.00621611,0.00639889,-0.00620230,-0.00638507,0.00560862,0.00601956,-0.00561257,-0.00602351,-86.0588,-0.3623,-38.2919,16.47633618,44.11536822,1246.8448
11.010000,4393124.913179,4259519.733099,1797694.134426,-47.465073,-46.217436,176.762217,0.99951611,-0.00017174,-0.03110152,-0.00045256,0.00041090,-0.01461345,0.00059164,11.1100,1246.7117,2089.4612,0.00895842,0.00015556,0.550707,0.00641466,0.00667364,-0.00641693,-0.00667591,0.00566625,0.00608028,-0.00567040,-0.00608443,-85.9966,-0.3060,-38.9210,16.47635320,44.11536821,1246.7117
11.020000,4393124.438409,4259519.270808,1797695.901608,-47.489043,-46.240789,176.674181,0.99951396,-0.00017010,-0.03117057,-0.00045098,0.00041506,-0.01312594,-0.00003316,11.1100,1246.5781,2091.3442,0.00913901,0.00014552,0.550500,0.00641466,0.00667364,-0.00641693,-0.00667591,0.00579450,0.00621997,-0.00579676,-0.00622223,-85.9344,-0.2660,-39.6823,16.47637022,44.11536820,1246.5781
11.030000,4393123.963400,4259518.808285,1797697.667911,-47.512537,-46.263674,176.586453,0.99951204,-0.00016839,-0.03123228,-0.00045257,0.00039607,-0.01168086,-0.00067716,11.1100,1246.4438,2093.2264,0.00933064,0.00014168,0.550293,0.00641466,0.00667364,-0.00641693,-0.00667591,0.00590949,0.00634572,-0.00590981,-0.00634604,-85.8724,-0.2488,-40.4655,16.47638723,44.11536818,1246.4438
11.040000,4393123.488159,4259518.345536,1797699.433338,-47.535563,-46.286129,176.499021,0.99951030,-0.00016670,-0.03128774,-0.00045736,0.00036684,-0.01062689,-0.00130579,11.1100,1246.3090,2095.1078,0.00953333,0.00014422,0.550087,0.00641466,0.00667364,-0.00641693,-0.00667591,0.00596486,0.00640631,-0.00596422,-0.00640567,-85.8104,-0.2576,-41.2144,16.47640423,44.11536817,1246.3090
11.050000,4393123.012691,4259517.882564,1797701.197892,-47.558115,-46.308178,176.411880,0.99950868,-0.00016507,-0.03133938,-0.00046519,0.00033464,-0.01015448,-0.00189198,11.1100,1246.1737,2096.9885,0.00974507,0.00015306,0.549880,0.00700130,0.00695712,-0.00700507,-0.00696089,0.00598715,0.00643071,-0.00598612,-0.00642968,-85.7485,-0.2905,-41.9558,16.47642122,44.11536816,1246.1737
11.060000,4393122.536999,4259517.419374,1797702.961576,-47.580135,-46.329855,176.325036,0.99950709,-0.00016366,-0.03138993,-0.00047524,0.00025003,-0.01018922,-0.00218285,11.1100,1246.0377,2098.8684,0.00996105,0.00016778,0.549674,0.00700130,0.00695712,-0.00700507,-0.00696089,0.00607227,0.00642351,-0.00606663,-0.00641788,-85.6867,-0.3992,-42.7296,16.47643821,44.11536814,1246.0377
11.070000,4393122.061090,4259516.955968,1797704.724394,-47.601630,-46.351175,176.238484,0.99950545,-0.00016277,-0.03144195,-0.00048599,0.00011678,-0.01073777,-0.00217339,11.1100,1245.9013,2100.7476,0.01017570,0.00018634,0.549468,0.00700130,0.00695712,-0.00700507,-0.00696089,0.00615249,0.00641039,-0.00614231,-0.00640021,-85.6250,-0.5207,-43.4935,16.47645519,44.11536813,1245.9013
11.080000,4393121.584968,4259516.492351,1797706.486347,-47.622650,-46.372148,176.152208,0.99950367,-0.00016262,-0.03149813,-0.00049629,-0.00003517,-0.01184648,-0.00198903,11.1100,1245.7643,2102.6261,0.01038400,0.00020571,0.549262,0.00700130,0.00695712,-0.00700507,-0.00696089,0.00619146,0.00640345,-0.00617906,-0.00639105,-85.5634,-0.6158,-44.2168,16.47647217,44.11536812,1245.7643
11.090000,4393121.108638,4259516.028526,1797708.247439,-47.643244,-46.392792,176.066192,0.99950168,-0.00016327,-0.03156125,-0.00050544,-0.00018926,-0.01350633,-0.00170781,11.1100,1245.6267,2104.5038,0.01058079,0.00022366,0.549057,0.00739907,0.00761358,-0.00739765,-0.00761216,0.00620721,0.00640056,-0.00619391,-0.00638725,-85.5018,-0.6889,-44.8904,16.47648913,44.11536810,1245.6267
11.100000,4393120.632105,4259515.564497,1797710.007672,-47.663413,-46.413067,175.980446,0.99949941,-0.00016455,-0.03163284,-0.00051322,-0.00027176,-0.01522521,-0.00143783,11.1100,1245.4887,2106.3808,0.01076077,0.00023894,0.548852,0.00739907,0.00761358,-0.00739765,-0.00761216,0.00628359,0.00649711,-0.00627567,-0.00648918,-85.4404,-0.7294,-45.6029,16.47650610,44.11536809,1245.4887
11.110000,4393120.155371,4259515.100266,1797711.767048,-47.683210,-46.433009,175.894948,0.99949687,-0.00016612,-0.03171305,-0.00051974,-0.00028378,-0.01694339,-0.00119943,11.1100,1245.3501,2108.2570,0.01092074,0.00025127,0.548646,0.00739907,0.00761358,-0.00739765,-0.00761216,0.00635659,0.00659490,-0.00635429,-0.00659261,-85.3790,-0.7567,-46.2426,16.47652305,44.11536808,1245.3501
11.120000,4393119.678442,4259514.635837,1797713.525571,-47.702710,-46.452687,175.809662,0.99949403,-0.00016771,-0.03180228,-0.00052508,-0.00026255,-0.01882604,-0.00096948,11.1100,1245.2110,2110.1325,0.01106073,0.00026094,0.548441,0.00739907,0.00761358,-0.00739765,-0.00761216,0.00639215,0.00664302,-0.00639263,-0.00664350,-85.3178,-0.7819,-46.7584,16.47654000,44.11536806,1245.2110
11.130000,4393119.201318,4259514.171213,1797715.283242,-47.721976,-46.472160,175.724557,0.99949086,-0.00016920,-0.03190152,-0.00052926,-0.00022926,-0.02093458,-0.00073699,11.1100,1245.0714,2112.0072,0.01118052,0.00026817,0.548237,0.00782892,0.00840186,-0.00783179,-0.00840473,0.00640653,0.00666256,-0.00640815,-0.00666418,-85.2566,-0.8027,-47.1728,16.47655694,44.11536805,1245.0714
11.140000,4393118.724003,4259513.706395,1797717.040063,-47.740921,-46.491408,175.639661,0.99948740,-0.00017056,-0.03200988,-0.00053158,-0.00018665,-0.02246755,-0.00023435,11.1100,1244.9313,2113.8813,0.01127863,0.00027300,0.548032,0.00782892,0.00840186,-0.00783179,-0.00840473,0.00662032,0.00677054,-0.00662290,-0.00677312,-85.1955,-0.8795,-47.6782,16.47657387,44.11536804,1244.9313
11.150000,4393118.246501,4259513.241386,1797718.796036,-47.759597,-46.510459,175.554955,0.99948372,-0.00017180,-0.03212440,-0.00053075,-0.00013840,-0.02339709,0.00052173,11.1100,1244.7907,2115.7545,0.01135638,0.00027381,0.547828,0.00782892,0.00840186,-0.00783179,-0.00840473,0.00683182,0.00687439,-0.00683508,-0.00687765,-85.1345,-0.9419,-48.1045,16.47659080,44.11536802,1244.7907
11.160000,4393117.768812,4259512.776187,1797720.551163,-47.778123,-46.529356,175.470398,0.99947991,-0.00017293,-0.03224303,-0.00052588,-0.00008915,-0.02410575,0.00136734,11.1100,1244.6496,2117.6271,0.01142001,0.00026806,0.547624,0.00782892,0.00840186,-0.00783179,-0.00840473,0.00693546,0.00692503,-0.00693903,-0.00692861,-85.0736,-0.9481,-48.3840,16.47660772,44.11536801,1244.6496
11.170000,4393117.290939,4259512.310799,1797722.305445,-47.796578,-46.548117,175.385963,0.99947596,-0.00017396,-0.03236518,-0.00051682,-0.00004119,-0.02480321,0.00219683,11.1100,1244.5080,2119.4989,0.01147429,0.00025432,0.547420,0.00817971,0.00811878,-0.00818384,-0.00812291,0.00697748,0.00694553,-0.00698118,-0.00694923,-85.0128,-0.9075,-48.5758,16.47662464,44.11536799,1244.5080
11.180000,4393116.812881,4259511.845225,1797724.058883,-47.814914,-46.566589,175.301704,0.99947196,-0.00017491,-0.03248863,-0.00050435,-0.00001683,-0.02462661,0.00272470,11.1100,1244.3659,2121.3699,0.01152078,0.00023245,0.547216,0.00817971,0.00811878,-0.00818384,-0.00812291,0.00713441,0.00718640,-0.00713631,-0.00718830,-84.9521,-0.7774,-48.9328,16.47664154,44.11536798,1244.3659
11.190000,4393116.334641,4259511.379469,1797725.811479,-47.833149,-46.584767,175.217616,0.99946805,-0.00017586,-0.03260912,-0.00049005,-0.00001520,-0.02362401,0.00292753,11.1100,1244.2233,2123.2403,0.01156312,0.00020444,0.547013,0.00817971,0.00811878,-0.00818384,-0.00812291,0.00728202,0.00742364,-0.00728208,-0.00742370,-84.8915,-0.6241,-49.2632,16.47665844,44.11536797,1244.2233
11.200000,4393115.856218,4259510.913531,1797727.563236,-47.851324,-46.602719,175.133672,0.99946430,-0.00017684,-0.03272386,-0.00047527,-0.00002419,-0.02232850,0.00291820,11.1100,1244.0802,2125.1099,0.01160988,0.00017353,0.546810,0.00817971,0.00811878,-0.00818384,-0.00812291,0.00735372,0.00753981,-0.00735288,-0.00753897,-84.8310,-0.4883,-49.4915,16.47667534,44.11536795,1244.0802
11.210000,4393115.377614,4259510.447415,1797729.314153,-47.869442,-46.620471,175.049862,0.99946076,-0.00017785,-0.03283217,-0.00046090,-0.00003696,-0.02106136,0.00276747,11.1100,1243.9367,2126.9787,0.01166711,0.00014229,0.546607,0.00805010,0.00816716,-0.00805697,-0.00817403,0.00738269,0.00758690,-0.00738148,-0.00758569,-84.7706,-0.3679,-49.6905,16.47669223,44.11536794,1243.9367
11.220000,4393114.898830,4259509.981123,1797731.064234,-47.887378,-46.637832,174.966269,0.99945748,-0.00017883,-0.03293187,-0.00044833,-0.00003291,-0.01888847,0.00219840,11.1100,1243.7926,2128.8469,0.01173624,0.00011240,0.546404,0.00805010,0.00816716,-0.00805697,-0.00817403,0.00754616,0.00788448,-0.00754634,-0.00788465,-84.7102,-0.1861,-50.1542,16.47670911,44.11536793,1243.7926
11.230000,4393114.419868,4259509.514660,1797732.813480,-47.905085,-46.654788,174.882908,0.99945462,-0.00017961,-0.03301869,-0.00043958,-0.00001188,-0.01592519,0.00124721,11.1100,1243.6481,2130.7143,0.01182041,0.00008696,0.546202,0.00805010,0.00816716,-0.00805697,-0.00817403,0.00770352,0.00817229,-0.00770519,-0.00817395,-84.6500,-0.0243,-50.6567,16.47672598,44.11536791,1243.6481
11.240000,4393113.940730,4259509.048029,1797734.561893,-47.922543,-46.671413,174.799763,0.99945225,-0.00018009,-0.03309037,-0.00043605,0.00001653,-0.01284180,0.00011604,11.1100,1243.5031,2132.5809,0.01192788,0.00006985,0.545999,0.00805010,0.00816716,-0.00805697,-0.00817403,0.00778028,0.00831278,-0.00778268,-0.00831518,-84.5898,0.0680,-51.1045,16.47674285,44.11536790,1243.5031
11.250000,4393113.461418,4259508.581233,1797736.309476,-47.939702,-46.687734,174.716839,0.99945036,-0.00018022,-0.03314735,-0.00043830,0.00004686,-0.01005359,-0.00106274,11.1100,1243.3577,2134.4469,0.01206341,0.00006352,0.545797,0.00874270,0.00850164,-0.00874610,-0.00850504,0.00781134,0.00836966,-0.00781404,-0.00837236,-84.5297,0.0997,-51.5745,16.47675971,44.11536788,1243.3577
11.260000,4393112.981937,4259508.114275,1797738.056230,-47.956411,-46.703823,174.634157,0.99944890,-0.00018004,-0.03319148,-0.00044498,0.00008199,-0.00771237,-0.00165865,11.1100,1243.2118,2136.3121,0.01222601,0.00006884,0.545595,0.00874270,0.00850164,-0.00874610,-0.00850504,0.00794750,0.00829012,-0.00795076,-0.00829338,-84.4697,-0.0485,-52.1219,16.47677657,44.11536787,1243.2118
11.270000,4393112.502292,4259507.647157,1797739.802160,-47.972624,-46.719656,174.551734,0.99944777,-0.00017961,-0.03322528,-0.00045313,0.00012085,-0.00592741,-0.00164702,11.1100,1243.0654,2138.1766,0.01241164,0.00008227,0.545394,0.00874270,0.00850164,-0.00874610,-0.00850504,0.00807689,0.00819637,-0.00808064,-0.00820012,-84.4098,-0.2263,-52.7388,16.47679341,44.11536786,1243.0654
11.280000,4393112.022486,4259507.179883,1797741.547266,-47.988357,-46.735166,174.469581,0.99944689,-0.00017902,-0.03325176,-0.00046041,0.00016027,-0.00478563,-0.00131792,11.1100,1242.9185,2140.0403,0.01261498,0.00009775,0.545192,0.00874270,0.00850164,-0.00874610,-0.00850504,0.00813985,0.00814917,-0.00814384,-0.00815316,-84.3500,-0.3434,-53.4074,16.47681026,44.11536784,1242.9185
11.290000,4393111.542526,4259506.712455,1797743.291552,-48.003630,-46.750306,174.387706,0.99944613,-0.00017830,-0.03327424,-0.00046568,0.00019861,-0.00432619,-0.00084854,11.1100,1242.7713,2141.9034,0.01282981,0.00011099,0.544991,0.00888159,0.00884981,-0.00888928,-0.00885750,0.00816531,0.00812983,-0.00816939,-0.00813390,-84.2903,-0.4135,-54.1124,16.47682709,44.11536783,1242.7713
11.300000,4393111.062415,4259506.244878,1797745.035021,-48.018491,-46.765039,174.306104,0.99944540,-0.00017743,-0.03329632,-0.00046885,0.00024644,-0.00462114,-0.00048031,11.1100,1242.6235,2143.7657,0.01304937,0.00011992,0.544790,0.00888159,0.00884981,-0.00888928,-0.00885750,0.00812867,0.00813981,-0.00813376,-0.00814489,-84.2306,-0.4154,-54.8176,16.47684392,44.11536781,1242.6235
11.310000,4393110.582157,4259505.777156,1797746.777675,-48.032964,-46.779366,174.224769,0.99944455,-0.00017636,-0.03332170,-0.00047051,0.00030303,-0.00564285,-0.00025004,11.1100,1242.4754,2145.6273,0.01326652,0.00012470,0.544589,0.00888159,0.00884981,-0.00888928,-0.00885750,0.00808567,0.00815455,-0.00809174,-0.00816063,-84.1710,-0.3969,-55.5158,16.47686074,44.11536780,1242.4754
11.320000,4393110.101757,4259505.309292,1797748.519517,-48.047064,-46.793314,174.143691,0.99944348,-0.00017503,-0.03335381,-0.00047119,0.00036208,-0.00730382,-0.00009258,11.1100,1242.3268,2147.4881,0.01347391,0.00012660,0.544388,0.00888159,0.00884981,-0.00888928,-0.00885750,0.00806403,0.00816218,-0.00807059,-0.00816874,-84.1115,-0.3854,-56.1901,16.47687756,44.11536779,1242.3268
11.330000,4393109.621217,4259504.841290,1797750.260550,-48.060824,-46.806919,174.062852,0.99944208,-0.00017343,-0.03339563,-0.00047115,0.00042013,-0.00951319,0.00003077,11.1100,1242.1778,2149.3483,0.01366488,0.00012664,0.544187,0.00922420,0.00947183,-0.00922402,-0.00947166,0.00805517,0.00816534,-0.00806192,-0.00817210,-84.0520,-0.3776,-56.8137,16.47689437,44.11536777,1242.1778
11.340000,4393109.140542,4259504.373155,1797752.000775,-48.074124,-46.820153,173.982294,0.99944035,-0.00017164,-0.03344739,-0.00046976,0.00046167,-0.01127349,0.00044574,11.1100,1242.0284,2151.2077,0.01383375,0.00012533,0.543987,0.00922420,0.00947183,-0.00922402,-0.00947166,0.00829799,0.00828539,-0.00830358,-0.00829099,-83.9926,-0.4424,-57.5719,16.47691117,44.11536776,1242.0284
11.350000,4393108.659736,4259503.904889,1797753.740197,-48.087015,-46.833048,173.901994,0.99943837,-0.00016977,-0.03350668,-0.00046556,0.00048700,-0.01251963,0.00114265,11.1100,1241.8785,2153.0664,0.01397941,0.00012103,0.543786,0.00922420,0.00947183,-0.00922402,-0.00947166,0.00854431,0.00840533,-0.00854869,-0.00840971,-83.9334,-0.4974,-58.2482,16.47692797,44.11536774,1241.8785
11.360000,4393108.178803,4259503.436495,1797755.478816,-48.099634,-46.845660,173.821904,0.99943618,-0.00016793,-0.03357199,-0.00045763,0.00050403,-0.01367292,0.00193881,11.1100,1241.7283,2154.9244,0.01410703,0.00011095,0.543586,0.00922420,0.00947183,-0.00922402,-0.00947166,0.00866553,0.00846421,-0.00866931,-0.00846799,-83.8741,-0.4944,-58.7527,16.47694475,44.11536773,1241.7283
11.370000,4393107.697744,4259502.967976,1797757.216635,-48.112076,-46.858023,173.741989,0.99943379,-0.00016615,-0.03364340,-0.00044574,0.00051732,-0.01495692,0.00271834,11.1100,1241.5777,2156.7816,0.01422043,0.00009345,0.543386,0.00969977,0.00996751,-0.00970073,-0.00996847,0.00871476,0.00848810,-0.00871830,-0.00849163,-83.8150,-0.4441,-59.1459,16.47696154,44.11536772,1241.5777
11.380000,4393107.216562,4259502.499336,1797758.953656,-48.124372,-46.870074,173.662259,0.99943119,-0.00016437,-0.03372066,-0.00043060,0.00054630,-0.01600621,0.00323896,11.1100,1241.4266,2158.6382,0.01431994,0.00006837,0.543187,0.00969977,0.00996751,-0.00970073,-0.00996847,0.00878238,0.00862068,-0.00878736,-0.00862565,-83.7560,-0.3163,-59.5643,16.47697831,44.11536770,1241.4266
11.390000,4393106.735257,4259502.030576,1797760.689881,-48.136566,-46.881834,173.582698,0.99942843,-0.00016248,-0.03380260,-0.00041355,0.00059086,-0.01682803,0.00347520,11.1100,1241.2752,2160.4940,0.01440596,0.00003743,0.542987,0.00969977,0.00996751,-0.00970073,-0.00996847,0.00883844,0.00874821,-0.00884491,-0.00875468,-83.6970,-0.1660,-59.9248,16.47699508,44.11536769,1241.2752
11.400000,4393106.253831,4259501.561700,1797762.425311,-48.148700,-46.893364,173.503277,0.99942552,-0.00016037,-0.03388863,-0.00039581,0.00064146,-0.01763249,0.00351383,11.1100,1241.1234,2162.3491,0.01448106,0.00000345,0.542788,0.00969977,0.00996751,-0.00970073,-0.00996847,0.00886501,0.00881040,-0.00887222,-0.00881761,-83.6381,-0.0270,-60.1917,16.47701185,44.11536767,1241.1234
11.410000,4393105.772284,4259501.092709,1797764.159947,-48.160805,-46.904710,173.423979,0.99942247,-0.00015801,-0.03397890,-0.00037822,0.00069273,-0.01852378,0.00341011,11.1100,1240.9712,2164.2036,0.01454689,-0.00003123,0.542589,0.00975632,0.01019820,-0.00975752,-0.01019939,0.00887563,0.00883557,-0.00888315,-0.00884308,-83.5793,0.1012,-60.3958,16.47702860,44.11536766,1240.9712
11.420000,4393105.290615,4259500.623607,1797765.893791,-48.172817,-46.915757,173.344850,0.99941931,-0.00015543,-0.03407181,-0.00036204,0.00071055,-0.01868794,0.00295297,11.1100,1240.8186,2166.0572,0.01460341,-0.00006497,0.542390,0.00975632,0.01019820,-0.00975752,-0.01019939,0.00900128,0.00906593,-0.00900612,-0.00907076,-83.5206,0.2766,-60.7478,16.47704536,44.11536765,1240.8186
11.430000,4393104.808828,4259500.154395,1797767.626845,-48.184733,-46.926530,173.265884,0.99941618,-0.00015273,-0.03416376,-0.00034896,0.00069576,-0.01814404,0.00217182,11.1100,1240.6656,2167.9102,0.01465311,-0.00009508,0.542191,0.00975632,0.01019820,-0.00975752,-0.01019939,0.00912508,0.00929147,-0.00912714,-0.00929354,-83.4619,0.4358,-61.0687,16.47706210,44.11536763,1240.6656
11.440000,4393104.326921,4259499.685077,1797769.359109,-48.196574,-46.937120,173.187053,0.99941315,-0.00014999,-0.03425238,-0.00034022,0.00066618,-0.01735202,0.00122391,11.1100,1240.5123,2169.7625,0.01470328,-0.00011827,0.541993,0.00975632,0.01019820,-0.00975752,-0.01019939,0.00918570,0.00940180,-0.00918640,-0.00940250,-83.4034,0.5400,-61.2871,16.47707884,44.11536762,1240.5123
11.450000,4393103.844896,4259499.215653,1797771.090586,-48.208328,-46.947580,173.108345,0.99941024,-0.00014725,-0.03433708,-0.00033639,0.00063187,-0.01658532,0.00021370,11.1100,1240.3585,2171.6140,0.01475913,-0.00013236,0.541794,0.01008197,0.01008692,-0.01008157,-0.01008651,0.00921027,0.00944651,-0.00921041,-0.00944665,-83.3449,0.5952,-61.4665,16.47709557,44.11536760,1240.3585
11.460000,4393103.362755,4259498.746126,1797772.821277,-48.219855,-46.957820,173.029821,0.99940752,-0.00014449,-0.03441620,-0.00033767,0.00060168,-0.01512091,-0.00081307,11.1100,1240.2044,2173.4649,0.01482196,-0.00013646,0.541596,0.01008197,0.01008692,-0.01008157,-0.01008651,0.00938838,0.00963921,-0.00938872,-0.00963956,-83.2865,0.6124,-61.8408,16.47711229,44.11536759,1240.2044
11.470000,4393102.880500,4259498.276498,1797774.551183,-48.231113,-46.967846,172.951489,0.99940510,-0.00014169,-0.03448645,-0.00034403,0.00057694,-0.01304539,-0.00181327,11.1100,1240.0500,2175.3150,0.01489421,-0.00013035,0.541398,0.01008197,0.01008692,-0.01008157,-0.01008651,0.00956152,0.00982216,-0.00956219,-0.00982283,-83.2282,0.5918,-62.2354,16.47712901,44.11536758,1240.0500
11.480000,4393102.398134,4259497.806770,1797776.280307,-48.242107,-46.977705,172.873334,0.99940303,-0.00013883,-0.03454607,-0.00035524,0.00055552,-0.01087462,-0.00274446,11.1100,1239.8951,2177.1645,0.01498228,-0.00011426,0.541201,0.01008197,0.01008692,-0.01008157,-0.01008651,0.00964611,0.00991117,-0.00964696,-0.00991202,-83.1700,0.5340,-62.5779,16.47714572,44.11536756,1239.8951
11.490000,4393101.915659,4259497.336944,1797778.008651,-48.252813,-46.987416,172.795357,0.99940132,-0.00013592,-0.03459536,-0.00037086,0.00053610,-0.00892475,-0.00357400,11.1100,1239.7399,2179.0132,0.01508991,-0.00008884,0.541003,0.01034457,0.01011843,-0.01034481,-0.01011867,0.00968037,0.00994716,-0.00968129,-0.00994808,-83.1119,0.4430,-62.9281,16.47716243,44.11536755,1239.7399
11.500000,4393101.433079,4259496.867023,1797779.736215,-48.263180,-46.996917,172.717586,0.99939994,-0.00013295,-0.03463522,-0.00039069,0.00051896,-0.00710420,-0.00442619,11.1100,1239.5844,2180.8612,0.01521645,-0.00005509,0.540806,0.01034457,0.01011843,-0.01034481,-0.01011867,0.00971315,0.01004245,-0.00971419,-0.01004348,-83.0538,0.3583,-63.3763,16.47717913,44.11536754,1239.5844
11.510000,4393100.950397,4259496.397007,1797781.463003,-48.273166,-47.006200,172.640034,0.99939884,-0.00012991,-0.03466650,-0.00041479,0.00050380,-0.00549937,-0.00527600,11.1100,1239.4284,2182.7085,0.01535969,-0.00001338,0.540608,0.01034457,0.01011843,-0.01034481,-0.01011867,0.00973782,0.01012956,-0.00973894,-0.01013068,-82.9958,0.2464,-63.8724,16.47719582,44.11536752,1239.4284
11.520000,4393100.467617,4259495.926899,1797783.189017,-48.282735,-47.015286,172.562703,0.99939799,-0.00012680,-0.03469074,-0.00044290,0.00048994,-0.00429071,-0.00602308,11.1100,1239.2722,2184.5551,0.01551769,0.00003627,0.540411,0.01034457,0.01011843,-0.01034481,-0.01011867,0.00974926,0.01017165,-0.00975043,-0.01017282,-82.9378,0.0895,-64.3863,16.47721251,44.11536751,1239.2722
11.530000,4393099.984744,4259495.456702,1797784.914258,-48.291860,-47.024187,172.485598,0.99939730,-0.00012364,-0.03471018,-0.00047433,0.00047703,-0.00357920,-0.00660515,11.1100,1239.1155,2186.4010,0.01568731,0.00009312,0.540215,0.01040550,0.01047216,-0.01040363,-0.01047028,0.00975380,0.01018862,-0.00975498,-0.01018981,-82.8800,-0.1016,-64.9230,16.47722919,44.11536750,1239.1155
11.540000,4393099.501782,4259494.986416,1797786.638729,-48.300444,-47.032937,172.408734,0.99939670,-0.00012051,-0.03472694,-0.00050726,0.00045846,-0.00321893,-0.00661883,11.1100,1238.9586,2188.2462,0.01586399,0.00015568,0.540018,0.01040550,0.01047216,-0.01040363,-0.01047028,0.00987118,0.01015534,-0.00987180,-0.01015597,-82.8222,-0.4028,-65.5201,16.47724586,44.11536748,1238.9586
11.550000,4393099.018737,4259494.516043,1797788.362434,-48.308491,-47.041535,172.332110,0.99939613,-0.00011753,-0.03474280,-0.00053883,0.00043447,-0.00321810,-0.00606817,11.1100,1238.8013,2190.0907,0.01604325,0.00021976,0.539821,0.01040550,0.01047216,-0.01040363,-0.01047028,0.00998812,0.01011778,-0.00998818,-0.01011783,-82.7645,-0.7083,-66.1240,16.47726253,44.11536747,1238.8013
11.560000,4393098.535614,4259494.045586,1797790.085372,-48.316063,-47.049953,172.255718,0.99939553,-0.00011480,-0.03475977,-0.00056678,0.00040861,-0.00366116,-0.00517109,11.1100,1238.6436,2191.9345,0.01622150,0.00027971,0.539625,0.01040550,0.01047216,-0.01040363,-0.01047028,0.01004550,0.01009898,-0.01004527,-0.01009876,-82.7068,-0.9526,-66.7024,16.47727919,44.11536746,1238.6436
11.570000,4393098.052417,4259493.575045,1797791.807549,-48.323218,-47.058176,172.179546,0.99939481,-0.00011238,-0.03478015,-0.00058973,0.00038286,-0.00457506,-0.00407190,11.1100,1238.4857,2193.7775,0.01639488,0.00033130,0.539429,0.01055897,0.01119486,-0.01055611,-0.01119200,0.01006877,0.01009130,-0.01006844,-0.01009096,-82.6492,-1.1412,-67.2524,16.47729585,44.11536744,1238.4857
11.580000,4393097.569151,4259493.104423,1797793.528964,-48.329950,-47.066188,172.103599,0.99939391,-0.00011029,-0.03480560,-0.00060640,0.00036061,-0.00568565,-0.00265972,11.1100,1238.3274,2195.6199,0.01655896,0.00037207,0.539233,0.01055897,0.01119486,-0.01055611,-0.01119200,0.01017072,0.01009963,-0.01017057,-0.01009948,-82.5917,-1.3267,-67.8252,16.47731250,44.11536743,1238.3274
11.590000,4393097.085819,4259492.633722,1797795.249621,-48.336323,-47.073984,172.027863,0.99939281,-0.00010858,-0.03483702,-0.00061537,0.00034198,-0.00695611,-0.00100135,11.1100,1238.1688,2197.4616,0.01671033,0.00039946,0.539037,0.01055897,0.01119486,-0.01055611,-0.01119200,0.01026759,0.01010989,-0.01026765,-0.01010995,-82.5343,-1.4611,-68.3529,16.47732914,44.11536741,1238.1688
11.600000,4393096.602425,4259492.162944,1797796.969522,-48.342436,-47.081557,171.952315,0.99939147,-0.00010726,-0.03487543,-0.00061582,0.00032557,-0.00847201,0.00074097,11.1100,1238.0099,2199.3026,0.01684741,0.00041093,0.538841,0.01055897,0.01119486,-0.01055611,-0.01119200,0.01031473,0.01011508,-0.01031490,-0.01011525,-82.4769,-1.5149,-68.8011,16.47734577,44.11536740,1238.0099
11.610000,4393096.118971,4259491.692092,1797798.688668,-48.348378,-47.088905,171.876932,0.99938985,-0.00010633,-0.03492209,-0.00060762,0.00031053,-0.01025363,0.00245331,11.1100,1237.8507,2201.1429,0.01696858,0.00040524,0.538645,0.01092237,0.01144119,-0.01092994,-0.01144876,0.01033379,0.01011721,-0.01033400,-0.01011743,-82.4196,-1.4959,-69.1782,16.47736240,44.11536739,1237.8507
11.620000,4393095.635458,4259491.221167,1797800.407061,-48.354216,-47.095947,171.801718,0.99938792,-0.00010576,-0.03497738,-0.00059174,0.00028805,-0.01191483,0.00381182,11.1100,1237.6911,2202.9825,0.01707162,0.00038246,0.538450,0.01092237,0.01144119,-0.01092994,-0.01144876,0.01036249,0.01024371,-0.01036198,-0.01024319,-82.3623,-1.3550,-69.5687,16.47737903,44.11536737,1237.6911
11.630000,4393095.151887,4259490.750174,1797802.124703,-48.360016,-47.102692,171.726655,0.99938572,-0.00010554,-0.03504059,-0.00057006,0.00025836,-0.01341311,0.00477275,11.1100,1237.5313,2204.8214,0.01715575,0.00034509,0.538255,0.01092237,0.01144119,-0.01092994,-0.01144876,0.01038674,0.01037039,-0.01038548,-0.01036912,-82.3052,-1.1637,-69.8914,16.47739564,44.11536736,1237.5313
11.640000,4393094.668258,4259490.279114,1797803.841595,-48.365835,-47.109200,171.651713,0.99938326,-0.00010561,-0.03511124,-0.00054430,0.00022613,-0.01488830,0.00543992,11.1100,1237.3712,2206.6596,0.01722270,0.00029710,0.538059,0.01092237,0.01144119,-0.01092994,-0.01144876,0.01039828,0.01043259,-0.01039665,-0.01043096,-82.2481,-0.9673,-70.1118,16.47741225,44.11536734,1237.3712
11.650000,4393094.184570,4259489.807990,1797805.557738,-48.371720,-47.115515,171.576868,0.99938052,-0.00010594,-0.03518938,-0.00051580,0.00019397,-0.01639966,0.00587252,11.1100,1237.2108,2208.4971,0.01727389,0.00024195,0.537865,0.01140887,0.01192321,-0.01141012,-0.01192446,0.01040291,0.01045784,-0.01040112,-0.01045605,-82.1911,-0.7651,-70.2540,16.47742886,44.11536733,1237.2108
11.660000,4393093.700823,4259489.336805,1797807.273133,-48.377673,-47.121499,171.502156,0.99937758,-0.00010647,-0.03527328,-0.00048687,0.00015901,-0.01719253,0.00561451,11.1100,1237.0500,2210.3339,0.01730960,0.00018229,0.537670,0.01140887,0.01192321,-0.01141012,-0.01192446,0.01045914,0.01072402,-0.01045695,-0.01072183,-82.1341,-0.4435,-70.5064,16.47744546,44.11536731,1237.0500
11.670000,4393093.217016,4259488.865562,1797808.987781,-48.383703,-47.127187,171.427568,0.99937455,-0.00010706,-0.03535934,-0.00046089,0.00012180,-0.01726491,0.00469861,11.1100,1236.8890,2212.1701,0.01733274,0.00012330,0.537475,0.01140887,0.01192321,-0.01141012,-0.01192446,0.01051458,0.01098556,-0.01051202,-0.01098300,-82.0773,-0.1300,-70.7095,16.47746205,44.11536730,1236.8890
11.680000,4393092.733149,4259488.394262,1797810.701684,-48.389813,-47.132697,171.353071,0.99937153,-0.00010765,-0.03544496,-0.00044043,0.00008461,-0.01701426,0.00341697,11.1100,1236.7277,2214.0055,0.01735067,0.00007165,0.537281,0.01140887,0.01192321,-0.01141012,-0.01192446,0.01054173,0.01111358,-0.01053899,-0.01111084,-82.0205,0.0967,-70.8018,16.47747863,44.11536729,1236.7277
11.690000,4393092.249220,4259487.922908,1797812.414843,-48.395979,-47.138107,171.278652,0.99936855,-0.00010818,-0.03552910,-0.00042684,0.00004864,-0.01667472,0.00195906,11.1100,1236.5661,2215.8403,0.01736912,0.00003200,0.537087,0.01138010,0.01181138,-0.01137653,-0.01180781,0.01055273,0.01116546,-0.01054992,-0.01116265,-81.9638,0.2475,-70.8430,16.47749521,44.11536727,1236.5661
11.700000,4393091.765230,4259487.451501,1797814.127258,-48.402081,-47.143409,171.204343,0.99936566,-0.00010852,-0.03561025,-0.00042048,0.00005568,-0.01582122,0.00053265,11.1100,1236.4043,2217.6743,0.01739037,0.00000669,0.536893,0.01138010,0.01181138,-0.01137653,-0.01180781,0.01068595,0.01127223,-0.01068681,-0.01127309,-81.9072,0.3115,-70.9935,16.47751179,44.11536726,1236.4043
11.710000,4393091.281179,4259486.980040,1797815.838930,-48.408077,-47.148626,171.130150,0.99936296,-0.00010848,-0.03568600,-0.00042101,0.00010381,-0.01451900,-0.00079581,11.1100,1236.2421,2219.5077,0.01741690,-0.00000398,0.536699,0.01138010,0.01181138,-0.01137653,-0.01180781,0.01081724,0.01136701,-0.01082182,-0.01137159,-81.8506,0.3206,-71.1516,16.47752835,44.11536724,1236.2421
11.720000,4393090.797069,4259486.508528,1797817.549861,-48.413963,-47.153796,171.056064,0.99936049,-0.00010791,-0.03575492,-0.00042795,0.00016970,-0.01309634,-0.00203044,11.1100,1236.0796,2221.3403,0.01745346,-0.00000091,0.536506,0.01138010,0.01181138,-0.01137653,-0.01180781,0.01088154,0.01141255,-0.01088794,-0.01141896,-81.7941,0.2936,-71.2758,16.47754492,44.11536723,1236.0796
11.730000,4393090.312900,4259486.036965,1797819.260052,-48.419714,-47.158937,170.982084,0.99935827,-0.00010679,-0.03581693,-0.00044081,0.00024029,-0.01175583,-0.00316259,11.1100,1235.9169,2223.1723,0.01750304,0.00001478,0.536312,0.01155436,0.01172686,-0.01155129,-0.01172380,0.01090760,0.01143087,-0.01091475,-0.01143802,-81.7377,0.2306,-71.4064,16.47756147,44.11536721,1235.9169
11.740000,4393089.828675,4259485.565350,1797820.969504,-48.425179,-47.163942,170.908279,0.99935633,-0.00010519,-0.03587063,-0.00045901,0.00028512,-0.00978034,-0.00416900,11.1100,1235.7539,2225.0036,0.01756580,0.00004194,0.536119,0.01155436,0.01172686,-0.01155129,-0.01172380,0.01109014,0.01160892,-0.01109532,-0.01161410,-81.6814,0.1313,-71.7548,16.47757802,44.11536720,1235.7539
11.750000,4393089.344398,4259485.093686,1797822.678218,-48.430309,-47.168802,170.834663,0.99935480,-0.00010326,-0.03591305,-0.00048188,0.00030347,-0.00725536,-0.00502781,11.1100,1235.5906,2226.8342,0.01764345,0.00007928,0.535926,0.01155436,0.01172686,-0.01155129,-0.01172380,0.01126738,0.01178354,-0.01127040,-0.01178655,-81.6252,-0.0004,-72.1451,16.47759456,44.11536719,1235.5906
11.760000,4393088.860071,4259484.621975,1797824.386198,-48.435104,-47.173547,170.761226,0.99935372,-0.00010112,-0.03594272,-0.00050863,0.00030884,-0.00468807,-0.00572142,11.1100,1235.4270,2228.6642,0.01774168,0.00012527,0.535733,0.01155436,0.01172686,-0.01155129,-0.01172380,0.01135396,0.01186897,-0.01135590,-0.01187091,-81.5690,-0.1595,-72.5027,16.47761110,44.11536717,1235.4270
11.770000,4393088.375697,4259484.150216,1797826.093443,-48.439541,-47.178177,170.687973,0.99935307,-0.00009885,-0.03596023,-0.00053841,0.00030904,-0.00239386,-0.00623598,11.1100,1235.2631,2230.4934,0.01786359,0.00017822,0.535540,0.01164777,0.01197121,-0.01164738,-0.01197082,0.01138902,0.01190360,-0.01139052,-0.01190510,-81.5129,-0.3407,-72.8831,16.47762763,44.11536716,1235.2631
11.780000,4393087.891281,4259483.678411,1797827.799958,-48.443592,-47.182700,170.614907,0.99935279,-0.00009656,-0.03596764,-0.00057012,0.00028839,-0.00065890,-0.00649298,11.1100,1235.0990,2232.3220,0.01800791,0.00023631,0.535348,0.01164777,0.01197121,-0.01164738,-0.01197082,0.01139178,0.01187668,-0.01139140,-0.01187631,-81.4568,-0.5542,-73.2867,16.47764415,44.11536714,1235.0990
11.790000,4393087.406827,4259483.206562,1797829.505742,-48.447229,-47.187093,170.542041,0.99935276,-0.00009440,-0.03596797,-0.00060247,0.00024910,0.00043995,-0.00649195,11.1100,1234.9346,2234.1498,0.01817038,0.00029722,0.535156,0.01164777,0.01197121,-0.01164738,-0.01197082,0.01138606,0.01184123,-0.01138390,-0.01183907,-81.4009,-0.7756,-73.7438,16.47766067,44.11536713,1234.9346
11.800000,4393086.922338,4259482.734670,1797831.210799,-48.450436,-47.191323,170.469387,0.99935287,-0.00009246,-0.03596430,-0.00063429,0.00020233,0.00093612,-0.00627583,11.1100,1234.7699,2235.9770,0.01834481,0.00035833,0.534963,0.01164777,0.01197121,-0.01164738,-0.01197082,0.01138256,0.01182312,-0.01137954,-0.01182010,-81.3449,-0.9879,-74.2544,16.47767718,44.11536711,1234.7699
11.810000,4393086.437819,4259482.262736,1797832.915131,-48.453212,-47.195371,170.396950,0.99935302,-0.00009082,-0.03595959,-0.00066457,0.00015420,0.00086332,-0.00587788,11.1100,1234.6050,2237.8035,0.01852478,0.00041735,0.534771,0.01204455,0.01272702,-0.01204828,-0.01273075,0.01138102,0.01181566,-0.01137765,-0.01181228,-81.2891,-1.1871,-74.7925,16.47769368,44.11536710,1234.6050
11.820000,4393085.953275,4259481.790763,1797834.618739,-48.455531,-47.199248,170.324733,0.99935312,-0.00008952,-0.03595639,-0.00069194,0.00010922,0.00033098,-0.00510861,11.1100,1234.4398,2239.6294,0.01870432,0.00047235,0.534579,0.01204455,0.01272702,-0.01204828,-0.01273075,0.01144235,0.01178283,-0.01143903,-0.01177951,-81.2333,-1.4202,-75.3518,16.47771018,44.11536709,1234.4398
11.830000,4393085.468710,4259481.318752,1797836.321626,-48.457426,-47.202948,170.252730,0.99935308,-0.00008860,-0.03595693,-0.00071461,0.00006816,-0.00062419,-0.00400212,11.1100,1234.2744,2241.4545,0.01887824,0.00052041,0.534387,0.01204455,0.01272702,-0.01204828,-0.01273075,0.01150440,0.01175164,-0.01150122,-0.01174846,-81.1776,-1.6276,-75.8948,16.47772667,44.11536707,1234.2744
11.840000,4393084.984128,4259480.846705,1797838.023794,-48.458968,-47.206455,170.180926,0.99935284,-0.00008810,-0.03596330,-0.00073127,0.00003012,-0.00199696,-0.00271068,11.1100,1234.1087,2243.2790,0.01904220,0.00055814,0.534196,0.01204455,0.01272702,-0.01204828,-0.01273075,0.01153493,0.01173647,-0.01153181,-0.01173335,-81.1219,-1.7725,-76.3970,16.47774316,44.11536706,1234.1087
11.850000,4393084.499532,4259480.374624,1797839.725245,-48.460226,-47.209766,170.109306,0.99935232,-0.00008803,-0.03597752,-0.00074128,-0.00000552,-0.00375513,-0.00134080,11.1100,1233.9428,2245.1028,0.01919224,0.00058325,0.534004,0.01214866,0.01284196,-0.01215274,-0.01284604,0.01154732,0.01173033,-0.01154424,-0.01172725,-81.0663,-1.8594,-76.8487,16.47775964,44.11536704,1233.9428
11.860000,4393084.014924,4259479.902510,1797841.425981,-48.461251,-47.212828,170.037869,0.99935148,-0.00008836,-0.03600066,-0.00074473,-0.00002863,-0.00555610,-0.00008783,11.1100,1233.7767,2246.9259,0.01932459,0.00059469,0.533813,0.01214866,0.01284196,-0.01215274,-0.01284604,0.01158512,0.01181489,-0.01158300,-0.01181277,-81.0107,-1.8644,-77.3065,16.47777612,44.11536703,1233.7767
11.870000,4393083.530307,4259479.430368,1797843.126003,-48.462107,-47.215652,169.966598,0.99935033,-0.00008898,-0.03603278,-0.00074231,-0.00003990,-0.00734224,0.00100230,11.1100,1233.6103,2248.7483,0.01943710,0.00059307,0.533621,0.01214866,0.01284196,-0.01215274,-0.01284604,0.01162011,0.01190141,-0.01161895,-0.01190025,-80.9552,-1.8237,-77.6972,16.47779258,44.11536701,1233.6103
11.880000,4393083.045682,4259478.958198,1797844.825313,-48.462867,-47.218283,169.895462,0.99934885,-0.00008984,-0.03607404,-0.00073476,-0.00004538,-0.00920465,0.00196125,11.1100,1233.4437,2250.5701,0.01952995,0.00058000,0.533430,0.01214866,0.01284196,-0.01215274,-0.01284604,0.01163706,0.01194404,-0.01163637,-0.01194335,-80.8998,-1.7599,-77.9876,16.47780905,44.11536700,1233.4437
11.890000,4393082.561050,4259478.486003,1797846.523913,-48.463595,-47.220758,169.824436,0.99934702,-0.00009089,-0.03612488,-0.00072271,-0.00004845,-0.01116857,0.00279948,11.1100,1233.2769,2252.3911,0.01960332,0.00055704,0.533239,0.01280225,0.01337170,-0.01280479,-0.01337424,0.01164390,0.01196137,-0.01164341,-0.01196087,-80.8444,-1.6721,-78.1936,16.47782550,44.11536698,1233.2769
11.900000,4393082.076411,4259478.013784,1797848.221803,-48.464255,-47.222930,169.753570,0.99934492,-0.00009203,-0.03618331,-0.00070752,-0.00003450,-0.01223305,0.00321366,11.1100,1233.1099,2254.2115,0.01965672,0.00052557,0.533048,0.01280225,0.01337170,-0.01280479,-0.01337424,0.01178743,0.01223639,-0.01178847,-0.01223743,-80.7892,-1.4906,-78.5492,16.47784195,44.11536697,1233.1099
11.910000,4393081.591765,4259477.541545,1797849.918985,-48.464878,-47.224823,169.682849,0.99934270,-0.00009309,-0.03624478,-0.00069132,-0.00000484,-0.01238532,0.00320541,11.1100,1232.9426,2256.0313,0.01969342,0.00048875,0.532858,0.01280225,0.01337170,-0.01280479,-0.01337424,0.01193011,0.01250873,-0.01193264,-0.01251127,-80.7339,-1.2944,-78.8429,16.47785840,44.11536695,1232.9426
11.920000,4393081.107113,4259477.069289,1797851.615460,-48.465519,-47.226538,169.612232,0.99934049,-0.00009397,-0.03630600,-0.00067580,0.00003125,-0.01213501,0.00293860,11.1100,1232.7751,2257.8503,0.01972272,0.00045086,0.532667,0.01280225,0.01337170,-0.01280479,-0.01337424,0.01200008,0.01264222,-0.01200334,-0.01264548,-80.6788,-1.1331,-78.9918,16.47787483,44.11536693,1232.7751
11.930000,4393080.622455,4259476.597015,1797853.311230,-48.466195,-47.228133,169.541700,0.99933833,-0.00009461,-0.03636571,-0.00066201,0.00006865,-0.01178141,0.00251529,11.1100,1232.6074,2259.6687,0.01975185,0.00041513,0.532477,0.01271822,0.01325541,-0.01271582,-0.01325300,0.01202846,0.01269635,-0.01203202,-0.01269991,-80.6237,-1.0008,-79.0719,16.47789127,44.11536692,1232.6074
11.940000,4393080.137789,4259476.124726,1797855.006294,-48.466877,-47.229608,169.471259,0.99933624,-0.00009496,-0.03642326,-0.00065061,0.00010662,-0.01127434,0.00198093,11.1100,1232.4395,2261.4864,0.01978364,0.00038347,0.532287,0.01271822,0.01325541,-0.01271582,-0.01325300,0.01207598,0.01275725,-0.01207977,-0.01276105,-80.5687,-0.8897,-79.1744,16.47790769,44.11536690,1232.4395
11.950000,4393079.653117,4259475.652423,1797856.700655,-48.467550,-47.230977,169.400911,0.99933424,-0.00009502,-0.03647805,-0.00064207,0.00014434,-0.01067575,0.00136874,11.1100,1232.2714,2263.3035,0.01981927,0.00035711,0.532097,0.01271822,0.01325541,-0.01271582,-0.01325300,0.01211688,0.01280538,-0.01212084,-0.01280934,-80.5137,-0.8001,-79.2782,16.47792411,44.11536689,1232.2714
11.960000,4393079.168439,4259475.180107,1797858.394313,-48.468203,-47.232259,169.330652,0.99933235,-0.00009478,-0.03652993,-0.00063672,0.00018085,-0.01011422,0.00070876,11.1100,1232.1030,2265.1198,0.01985995,0.00033688,0.531907,0.01271822,0.01325541,-0.01271582,-0.01325300,0.01213641,0.01282795,-0.01214045,-0.01283199,-80.4589,-0.7336,-79.3726,16.47794052,44.11536687,1232.1030
11.970000,4393078.683753,4259474.707778,1797860.087269,-48.468820,-47.233468,169.260481,0.99933055,-0.00009423,-0.03657927,-0.00063472,0.00021572,-0.00966405,0.00002625,11.1100,1231.9345,2266.9356,0.01990599,0.00032331,0.531717,0.01289965,0.01339878,-0.01289878,-0.01339791,0.01214425,0.01283694,-0.01214831,-0.01284100,-80.4041,-0.6905,-79.4710,16.47795693,44.11536685,1231.9345
11.980000,4393078.199063,4259474.235439,1797861.779523,-48.469231,-47.234494,169.190475,0.99932890,-0.00009341,-0.03662425,-0.00063588,0.00024286,-0.00836988,-0.00055437,11.1100,1231.7657,2268.7506,0.01995663,0.00031662,0.531528,0.01289965,0.01339878,-0.01289878,-0.01339791,0.01237940,0.01302848,-0.01238293,-0.01303201,-80.3493,-0.6946,-79.8069,16.47797333,44.11536684,1231.7657
11.990000,4393077.714370,4259473.763089,1797863.471079,-48.469404,-47.235331,169.120642,0.99932756,-0.00009237,-0.03666075,-0.00063965,0.00026258,-0.00628233,-0.00101678,11.1100,1231.5967,2270.5649,0.02001439,0.00031620,0.531339,0.01289965,0.01339878,-0.01289878,-0.01339791,0.01261396,0.01321893,-0.01261694,-0.01322191,-80.2946,-0.7192,-80.1612,16.47798973,44.11536682,1231.5967
12.000000,4393077.229676,4259473.290733,1797865.161937,-48.469375,-47.236015,169.050961,0.99932662,-0.00009116,-0.03668626,-0.00064554,0.00027830,-0.00397899,-0.00140168,11.1100,1231.4275,2272.3786,0.02008732,0.00032084,0.531150,0.01289965,0.01339878,-0.01289878,-0.01339791,0.01272907,0.01331234,-0.01273178,-0.01331505,-80.2400,-0.7478,-80.4444,16.47800612,44.11536681,1231.4275
12.010000,4393076.744983,4259472.818370,1797866.852099,-48.469140,-47.236549,168.981430,0.99932609,-0.00008980,-0.03670059,-0.00065321,0.00029199,-0.00181734,-0.00172937,11.1100,1231.2581,2274.1917,0.02018076,0.00032956,0.530961,0.01303317,0.01344817,-0.01302852,-0.01344353,0.01277577,0.01335023,-0.01277837,-0.01335283,-80.1855,-0.7825,-80.7269,16.47802250,44.11536679,1231.2581
12.020000,4393076.260294,4259472.346002,1797868.541566,-48.468695,-47.236944,168.912047,0.99932591,-0.00008837,-0.03670534,-0.00066232,0.00028534,-0.00015018,-0.00197810,11.1100,1231.0886,2276.0040,0.02029509,0.00034165,0.530772,0.01303317,0.01344817,-0.01302852,-0.01344353,0.01276322,0.01332294,-0.01276403,-0.01332375,-80.1310,-0.8313,-81.0102,16.47803888,44.11536677,1231.0886
12.030000,4393075.775610,4259471.873631,1797870.230340,-48.468012,-47.237180,168.842823,0.99932598,-0.00008697,-0.03670319,-0.00067248,0.00025965,0.00093755,-0.00214739,11.1100,1230.9188,2277.8157,0.02042714,0.00035638,0.530583,0.01303317,0.01344817,-0.01302852,-0.01344353,0.01273928,0.01328632,-0.01273831,-0.01328534,-80.0766,-0.8871,-81.3424,16.47805525,44.11536676,1230.9188
12.040000,4393075.290934,4259471.401259,1797871.918423,-48.467062,-47.237229,168.773771,0.99932620,-0.00008569,-0.03669691,-0.00068333,0.00022582,0.00149887,-0.00224970,11.1100,1230.7488,2279.6268,0.02057132,0.00037291,0.530394,0.01303317,0.01344817,-0.01302852,-0.01344353,0.01272660,0.01326758,-0.01272475,-0.01326573,-80.0222,-0.9449,-81.7328,16.47807161,44.11536674,1230.7488
12.050000,4393074.806270,4259470.928887,1797873.605816,-48.465829,-47.237077,168.704900,0.99932649,-0.00008458,-0.03668905,-0.00069455,0.00018994,0.00157582,-0.00229234,11.1100,1230.5786,2281.4371,0.02072185,0.00039051,0.530206,0.01335116,0.01359972,-0.01335252,-0.01360108,0.01272129,0.01325984,-0.01271909,-0.01325764,-79.9679,-1.0038,-82.1559,16.47808797,44.11536672,1230.5786
12.060000,4393074.321619,4259470.456518,1797875.292522,-48.464272,-47.236691,168.636229,0.99932676,-0.00008363,-0.03668125,-0.00070577,0.00016049,0.00147119,-0.00224831,11.1100,1230.4083,2283.2468,0.02087356,0.00040854,0.530018,0.01335116,0.01359972,-0.01335252,-0.01360108,0.01278377,0.01330790,-0.01278198,-0.01330611,-79.9137,-1.0703,-82.6514,16.47810433,44.11536671,1230.4083
12.070000,4393073.836985,4259469.984154,1797876.978541,-48.462398,-47.236074,168.567756,0.99932701,-0.00008282,-0.03667439,-0.00071656,0.00013807,0.00120682,-0.00212237,11.1100,1230.2377,2285.0559,0.02102278,0.00042623,0.529830,0.01335116,0.01359972,-0.01335252,-0.01360108,0.01284789,0.01335811,-0.01284660,-0.01335682,-79.8595,-1.1349,-83.1409,16.47812067,44.11536669,1230.2377
12.080000,4393073.352372,4259469.511798,1797878.663877,-48.460240,-47.235247,168.499465,0.99932718,-0.00008215,-0.03666955,-0.00072658,0.00011961,0.00066355,-0.00193677,11.1100,1230.0670,2286.8643,0.02116785,0.00044276,0.529642,0.01335116,0.01359972,-0.01335252,-0.01360108,0.01287950,0.01338294,-0.01287847,-0.01338190,-79.8053,-1.1914,-83.5853,16.47813702,44.11536668,1230.0670
12.090000,4393072.867781,4259469.039450,1797880.348531,-48.457831,-47.234230,168.431345,0.99932722,-0.00008160,-0.03666827,-0.00073556,0.00010326,-0.00021107,-0.00170788,11.1100,1229.8961,2288.6720,0.02130679,0.00045746,0.529454,0.01326064,0.01383083,-0.01326303,-0.01383322,0.01289235,0.01339304,-0.01289142,-0.01339211,-79.7512,-1.2393,-83.9922,16.47815335,44.11536666,1229.8961
12.100000,4393072.383216,4259468.567114,1797882.032505,-48.455169,-47.233029,168.363393,0.99932708,-0.00008122,-0.03667182,-0.00074315,0.00007367,-0.00126618,-0.00137903,11.1100,1229.7250,2290.4790,0.02143675,0.00046986,0.529266,0.01326064,0.01383083,-0.01326303,-0.01383322,0.01294457,0.01341434,-0.01294234,-0.01341211,-79.6972,-1.2946,-84.3968,16.47816968,44.11536664,1229.7250
12.110000,4393071.898679,4259468.094790,1797883.715800,-48.452288,-47.231663,168.295596,0.99932674,-0.00008110,-0.03668105,-0.00074888,0.00003121,-0.00247524,-0.00096320,11.1100,1229.5538,2292.2854,0.02155520,0.00047921,0.529078,0.01326064,0.01383083,-0.01326303,-0.01383322,0.01299396,0.01343331,-0.01299039,-0.01342975,-79.6432,-1.3392,-84.7611,16.47818600,44.11536663,1229.5538
12.120000,4393071.414171,4259467.622481,1797885.398417,-48.449240,-47.230153,168.227937,0.99932616,-0.00008129,-0.03669682,-0.00075244,-0.00001612,-0.00387671,-0.00050995,11.1100,1229.3824,2294.0912,0.02166068,0.00048464,0.528891,0.01326064,0.01383083,-0.01326303,-0.01383322,0.01301797,0.01344243,-0.01301375,-0.01343821,-79.5893,-1.3621,-85.0646,16.47820232,44.11536661,1229.3824
12.130000,4393070.929694,4259467.150187,1797887.080359,-48.446071,-47.228522,168.160397,0.99932530,-0.00008180,-0.03672008,-0.00075373,-0.00006381,-0.00546841,-0.00005348,11.1100,1229.2109,2295.8963,0.02175174,0.00048562,0.528703,0.01403519,0.01444917,-0.01403305,-0.01444704,0.01302768,0.01344610,-0.01302319,-0.01344161,-79.5354,-1.3655,-85.3109,16.47821863,44.11536659,1229.2109
12.140000,4393070.445250,4259466.677911,1797888.761626,-48.442755,-47.226760,168.092988,0.99932418,-0.00008259,-0.03675073,-0.00075245,-0.00008701,-0.00682408,0.00051957,11.1100,1229.0391,2297.7007,0.02182676,0.00048205,0.528516,0.01403519,0.01444917,-0.01403305,-0.01444704,0.01314427,0.01350131,-0.01314182,-0.01349885,-79.4816,-1.3836,-85.5913,16.47823494,44.11536657,1229.0391
12.150000,4393069.960840,4259466.205653,1797890.442219,-48.439332,-47.224883,168.025695,0.99932283,-0.00008355,-0.03678749,-0.00074806,-0.00008621,-0.00791011,0.00118808,11.1100,1228.8673,2299.5045,0.02188581,0.00047326,0.528329,0.01403519,0.01444917,-0.01403305,-0.01444704,0.01325917,0.01355594,-0.01325882,-0.01355559,-79.4279,-1.3836,-85.8170,16.47825124,44.11536656,1228.8673
12.160000,4393069.476464,4259465.733414,1797892.122140,-48.435879,-47.222917,167.958492,0.99932129,-0.00008461,-0.03682945,-0.00074030,-0.00007422,-0.00890035,0.00186113,11.1100,1228.6952,2301.3076,0.02193167,0.00045828,0.528142,0.01403519,0.01444917,-0.01403305,-0.01444704,0.01331543,0.01358272,-0.01331613,-0.01358341,-79.3742,-1.3465,-85.9512,16.47826753,44.11536654,1228.6952
12.170000,4393068.992122,4259465.261195,1797893.801389,-48.432449,-47.220880,167.891360,0.99931957,-0.00008572,-0.03687635,-0.00072931,-0.00005830,-0.00988246,0.00247990,11.1100,1228.5231,2303.1100,0.02196659,0.00043681,0.527955,0.01399802,0.01465005,-0.01400071,-0.01465273,0.01333824,0.01359357,-0.01333936,-0.01359469,-79.3206,-1.2790,-86.0225,16.47828382,44.11536652,1228.5231
12.180000,4393068.507814,4259464.788996,1797895.479967,-48.429104,-47.218729,167.824295,0.99931767,-0.00008683,-0.03692791,-0.00071609,-0.00003757,-0.01076065,0.00275078,11.1100,1228.3507,2304.9118,0.02199139,0.00040925,0.527768,0.01399802,0.01465005,-0.01400071,-0.01465273,0.01331452,0.01367972,-0.01331617,-0.01368136,-79.2671,-1.1268,-86.0762,16.47830010,44.11536650,1228.3507
12.190000,4393068.023540,4259464.316820,1797897.157875,-48.425867,-47.216480,167.757287,0.99931562,-0.00008784,-0.03698359,-0.00070241,-0.00001336,-0.01152926,0.00266580,11.1100,1228.1782,2306.7130,0.02200673,0.00037801,0.527582,0.01399802,0.01465005,-0.01400071,-0.01465273,0.01328514,0.01376372,-0.01328721,-0.01376579,-79.2136,-0.9626,-86.0942,16.47831638,44.11536649,1228.1782
12.200000,4393067.539297,4259463.844667,1797898.835113,-48.422740,-47.214180,167.690324,0.99931343,-0.00008870,-0.03704297,-0.00068968,0.00001172,-0.01223448,0.00236610,11.1100,1228.0056,2308.5135,0.02201382,0.00034665,0.527396,0.01399802,0.01465005,-0.01400071,-0.01465273,0.01327026,0.01380478,-0.01327253,-0.01380705,-79.1602,-0.8305,-86.0696,16.47833265,44.11536647,1228.0056
12.210000,4393067.055085,4259463.372537,1797900.511682,-48.419723,-47.211866,167.623397,0.99931111,-0.00008937,-0.03710576,-0.00067877,0.00003633,-0.01289423,0.00194104,11.1100,1227.8328,2310.3133,0.02201374,0.00031786,0.527209,0.01404474,0.01459933,-0.01404486,-0.01459945,0.01326414,0.01382141,-0.01326649,-0.01382376,-79.1069,-0.7255,-86.0131,16.47834891,44.11536645,1227.8328
12.220000,4393066.570903,4259462.900430,1797902.187582,-48.416638,-47.209429,167.556581,0.99930877,-0.00008989,-0.03716887,-0.00066986,0.00004268,-0.01236506,0.00156485,11.1100,1227.6598,2312.1125,0.02200719,0.00029318,0.527024,0.01404474,0.01459933,-0.01404486,-0.01459945,0.01353710,0.01404731,-0.01353787,-0.01404808,-79.0536,-0.6718,-86.1945,16.47836517,44.11536643,1227.6598
12.230000,4393066.086752,4259462.428349,1797903.862814,-48.413471,-47.206875,167.489881,0.99930663,-0.00009035,-0.03722642,-0.00066265,0.00003146,-0.01067819,0.00126132,11.1100,1227.4867,2313.9110,0.02199915,0.00027274,0.526838,0.01404474,0.01459933,-0.01404486,-0.01459945,0.01381307,0.01427043,-0.01381223,-0.01426959,-79.0004,-0.6348,-86.3657,16.47838142,44.11536642,1227.4867
12.240000,4393065.602634,4259461.956293,1797905.537380,-48.410277,-47.204254,167.423265,0.99930485,-0.00009083,-0.03727425,-0.00065692,0.00001235,-0.00848296,0.00097841,11.1100,1227.3135,2315.7089,0.02200136,0.00025586,0.526652,0.01404474,0.01459933,-0.01404486,-0.01459945,0.01394880,0.01437974,-0.01394717,-0.01437811,-78.9472,-0.5949,-86.4302,16.47839767,44.11536640,1227.3135
12.250000,4393065.118547,4259461.484264,1797907.211279,-48.407064,-47.201573,167.356729,0.99930349,-0.00009134,-0.03731083,-0.00065262,-0.00000918,-0.00618408,0.00068896,11.1100,1227.1401,2317.5062,0.02202260,0.00024207,0.526467,0.01416764,0.01455295,-0.01415888,-0.01454419,0.01400392,0.01442406,-0.01400197,-0.01442211,-78.8942,-0.5568,-86.4769,16.47841391,44.11536638,1227.1401
12.260000,4393064.634492,4259461.012262,1797908.884514,-48.403812,-47.198768,167.290292,0.99930256,-0.00009184,-0.03733581,-0.00065029,-0.00001253,-0.00385356,0.00019475,11.1100,1226.9666,2319.3028,0.02206600,0.00023131,0.526281,0.01416764,0.01455295,-0.01415888,-0.01454419,0.01401115,0.01451187,-0.01401080,-0.01451151,-78.8412,-0.4801,-86.5936,16.47843014,44.11536636,1226.9666
12.270000,4393064.150471,4259460.540289,1797910.557086,-48.400476,-47.195815,167.223971,0.99930205,-0.00009219,-0.03734934,-0.00065092,0.00000225,-0.00161056,-0.00049280,11.1100,1226.7929,2321.0987,0.02213189,0.00022482,0.526096,0.01416764,0.01455295,-0.01415888,-0.01454419,0.01400506,0.01458942,-0.01400638,-0.01459074,-78.7882,-0.4166,-86.7702,16.47844637,44.11536634,1226.7929
12.280000,4393063.666483,4259460.068346,1797912.228994,-48.397000,-47.192715,167.157779,0.99930194,-0.00009231,-0.03735224,-0.00065518,0.00002513,0.00039495,-0.00125448,11.1100,1226.6190,2322.8940,0.02221970,0.00022452,0.525911,0.01416764,0.01455295,-0.01415888,-0.01454419,0.01400098,0.01462665,-0.01400313,-0.01462880,-78.7353,-0.3965,-86.9970,16.47846259,44.11536633,1226.6190
12.290000,4393063.182532,4259459.596435,1797913.900242,-48.393331,-47.189464,167.091730,0.99930217,-0.00009216,-0.03734593,-0.00066324,0.00005042,0.00206590,-0.00201186,11.1100,1226.4450,2324.6886,0.02232757,0.00023153,0.525726,0.01436630,0.01458692,-0.01437714,-0.01459775,0.01399914,0.01464162,-0.01400163,-0.01464411,-78.6825,-0.4134,-87.2784,16.47847881,44.11536631,1226.4450
12.300000,4393062.698618,4259459.124558,1797915.570829,-48.389414,-47.186065,167.025837,0.99930268,-0.00009177,-0.03733225,-0.00067477,0.00006597,0.00333919,-0.00264173,11.1100,1226.2709,2326.4826,0.02245238,0.00024602,0.525542,0.01436630,0.01458692,-0.01437714,-0.01459775,0.01401502,0.01462912,-0.01401673,-0.01463082,-78.6297,-0.4782,-87.6098,16.47849502,44.11536629,1226.2709
12.310000,4393062.214744,4259458.652715,1797917.240759,-48.385216,-47.182512,166.960108,0.99930338,-0.00009122,-0.03731328,-0.00068907,0.00007138,0.00418229,-0.00311966,11.1100,1226.0966,2328.2760,0.02259025,0.00026709,0.525357,0.01436630,0.01458692,-0.01437714,-0.01459775,0.01403145,0.01461293,-0.01403229,-0.01461376,-78.5770,-0.5658,-87.9827,16.47851123,44.11536627,1226.0966
12.320000,4393061.730914,4259458.180908,1797918.910032,-48.380721,-47.178794,166.894551,0.99930419,-0.00009057,-0.03729120,-0.00070545,0.00007186,0.00458348,-0.00347246,11.1100,1225.9222,2330.0687,0.02273686,0.00029323,0.525172,0.01436630,0.01458692,-0.01437714,-0.01459775,0.01403957,0.01460468,-0.01403996,-0.01460507,-78.5243,-0.6604,-88.3852,16.47852743,44.11536625,1225.9222
12.330000,4393061.247131,4259457.709139,1797920.578651,-48.375922,-47.174909,166.829167,0.99930503,-0.00008987,-0.03726822,-0.00072332,0.00007042,0.00454462,-0.00371527,11.1100,1225.7477,2331.8607,0.02288773,0.00032305,0.524988,0.01426785,0.01484871,-0.01426686,-0.01484772,0.01404287,0.01460128,-0.01404308,-0.01460150,-78.4717,-0.7611,-88.8028,16.47854362,44.11536624,1225.7477
12.340000,4393060.763397,4259457.237410,1797922.246616,-48.370795,-47.170875,166.763958,0.99930583,-0.00008925,-0.03724637,-0.00074181,0.00003483,0.00413497,-0.00371840,11.1100,1225.5730,2333.6521,0.02303840,0.00035534,0.524804,0.01426785,0.01484871,-0.01426686,-0.01484772,0.01408777,0.01458353,-0.01408476,-0.01458052,-78.4191,-0.8985,-89.2338,16.47855981,44.11536622,1225.5730
12.350000,4393060.279716,4259456.765722,1797923.913930,-48.365352,-47.166701,166.698919,0.99930653,-0.00008890,-0.03722744,-0.00075974,-0.00003281,0.00337829,-0.00349038,11.1100,1225.3983,2335.4429,0.02318476,0.00038816,0.524620,0.01426785,0.01484871,-0.01426686,-0.01484772,0.01413211,0.01456650,-0.01412592,-0.01456031,-78.3666,-1.0358,-89.6520,16.47857599,44.11536620,1225.3983
12.360000,4393059.796091,4259456.294077,1797925.580595,-48.359631,-47.162390,166.634039,0.99930705,-0.00008899,-0.03721316,-0.00077617,-0.00011348,0.00227898,-0.00311375,11.1100,1225.2234,2337.2330,0.02332332,0.00041919,0.524435,0.01426785,0.01484871,-0.01426686,-0.01484772,0.01415384,0.01455820,-0.01414608,-0.01455044,-78.3142,-1.1495,-90.0394,16.47859217,44.11536618,1225.2234
12.370000,4393059.312524,4259455.822475,1797927.246612,-48.353674,-47.157953,166.569304,0.99930733,-0.00008957,-0.03720518,-0.00079049,-0.00019664,0.00086252,-0.00264321,11.1100,1225.0483,2339.0225,0.02345078,0.00044663,0.524251,0.01488584,0.01540414,-0.01488339,-0.01540168,0.01416265,0.01455485,-0.01415425,-0.01454645,-78.2617,-1.2415,-90.3885,16.47860834,44.11536616,1225.0483
12.380000,4393058.829018,4259455.350918,1797928.911982,-48.347475,-47.153397,166.504716,0.99930735,-0.00009048,-0.03720448,-0.00080197,-0.00020411,-0.00062363,-0.00198063,11.1100,1224.8732,2340.8113,0.02356406,0.00046939,0.524068,0.01488584,0.01540414,-0.01488339,-0.01540168,0.01423651,0.01456568,-0.01423484,-0.01456401,-78.2094,-1.3447,-90.7384,16.47862450,44.11536614,1224.8732
12.390000,4393058.345575,4259454.879407,1797930.576706,-48.341082,-47.148736,166.440260,0.99930709,-0.00009140,-0.03721128,-0.00080973,-0.00013792,-0.00213345,-0.00115494,11.1100,1224.6980,2342.5995,0.02366124,0.00048599,0.523884,0.01488584,0.01540414,-0.01488339,-0.01540168,0.01430865,0.01457738,-0.01431390,-0.01458263,-78.1570,-1.4257,-91.0360,16.47864066,44.11536613,1224.6980
12.400000,4393057.862197,4259454.407944,1797932.240787,-48.334568,-47.143989,166.375911,0.99930654,-0.00009206,-0.03722585,-0.00081316,-0.00003912,-0.00372577,-0.00026242,11.1100,1224.5226,2344.3871,0.02374209,0.00049480,0.523700,0.01488584,0.01540414,-0.01488339,-0.01540168,0.01434392,0.01458320,-0.01435258,-0.01459186,-78.1048,-1.4647,-91.2567,16.47865681,44.11536611,1224.5226
12.410000,4393057.378884,4259453.936528,1797933.904225,-48.327995,-47.139169,166.311650,0.99930569,-0.00009238,-0.03724864,-0.00081210,0.00006914,-0.00541202,0.00063109,11.1100,1224.3471,2346.1740,0.02380646,0.00049489,0.523517,0.01514939,0.01548114,-0.01515024,-0.01548199,0.01435821,0.01458557,-0.01436826,-0.01459562,-78.0526,-1.4663,-91.4108,16.47867296,44.11536609,1224.3471
12.420000,4393056.895637,4259453.465161,1797935.567021,-48.321444,-47.134235,166.247469,0.99930454,-0.00009242,-0.03727973,-0.00080738,0.00013271,-0.00704468,0.00119734,11.1100,1224.1716,2347.9603,0.02385381,0.00048612,0.523334,0.01514939,0.01548114,-0.01515024,-0.01548199,0.01432852,0.01467948,-0.01433488,-0.01468584,-78.0004,-1.3684,-91.5329,16.47868910,44.11536607,1224.1716
12.430000,4393056.412455,4259452.993844,1797937.229175,-48.314957,-47.129207,166.183352,0.99930309,-0.00009234,-0.03731878,-0.00080067,0.00015020,-0.00858651,0.00141908,11.1100,1223.9959,2349.7459,0.02388409,0.00047060,0.523150,0.01514939,0.01548114,-0.01515024,-0.01548199,0.01429520,0.01477334,-0.01429751,-0.01477565,-77.9483,-1.2487,-91.5978,16.47870524,44.11536605,1223.9959
12.440000,4393055.929338,4259452.522577,1797938.890688,-48.308556,-47.124143,166.119279,0.99930135,-0.00009225,-0.03736537,-0.00079335,0.00014551,-0.01006123,0.00144126,11.1100,1223.8201,2351.5309,0.02389829,0.00045176,0.522967,0.01514939,0.01548114,-0.01515024,-0.01548199,0.01427854,0.01481942,-0.01427884,-0.01481971,-77.8963,-1.1538,-91.5957,16.47872137,44.11536603,1223.8201
12.450000,4393055.446284,4259452.051361,1797940.551560,-48.302259,-47.119088,166.055234,0.99929934,-0.00009220,-0.03741918,-0.00078621,0.00013239,-0.01146594,0.00135083,11.1100,1223.6443,2353.3153,0.02389753,0.00043218,0.522784,0.01538369,0.01593675,-0.01537953,-0.01593259,0.01427173,0.01483811,-0.01427121,-0.01483758,-77.8443,-1.0771,-91.5370,16.47873749,44.11536601,1223.6443
12.460000,4393054.963293,4259451.580195,1797942.211793,-48.295949,-47.113955,165.991273,0.99929717,-0.00009223,-0.03747742,-0.00077957,0.00011127,-0.01183335,0.00123851,11.1100,1223.4683,2355.0990,0.02388276,0.00041331,0.522602,0.01538369,0.01593675,-0.01537953,-0.01593259,0.01448881,0.01504242,-0.01448746,-0.01504107,-77.7924,-1.0232,-91.6473,16.47875361,44.11536599,1223.4683
12.470000,4393054.480365,4259451.109082,1797943.871386,-48.289631,-47.108761,165.927391,0.99929501,-0.00009235,-0.03753491,-0.00077352,0.00008465,-0.01116898,0.00112245,11.1100,1223.2922,2356.8821,0.02385869,0.00039571,0.522419,0.01538369,0.01593675,-0.01537953,-0.01593259,0.01470875,0.01524333,-0.01470677,-0.01524135,-77.7406,-0.9767,-91.7231,16.47876972,44.11536597,1223.2922
12.480000,4393053.997500,4259450.638020,1797945.530341,-48.283363,-47.103561,165.863556,0.99929303,-0.00009259,-0.03758778,-0.00076810,0.00005635,-0.00999193,0.00098613,11.1100,1223.1160,2358.6645,0.02383576,0.00037946,0.522237,0.01538369,0.01593675,-0.01537953,-0.01593259,0.01481696,0.01534168,-0.01481468,-0.01533941,-77.6888,-0.9299,-91.6864,16.47878583,44.11536596,1223.1160
12.490000,4393053.514698,4259450.167011,1797947.188657,-48.277163,-47.098375,165.799757,0.99929128,-0.00009293,-0.03763427,-0.00076344,0.00002831,-0.00862143,0.00082144,11.1100,1222.9397,2360.4464,0.02382221,0.00036468,0.522055,0.01539461,0.01593742,-0.01539693,-0.01593974,0.01486091,0.01538155,-0.01485852,-0.01537916,-77.6371,-0.8849,-91.6134,16.47880193,44.11536594,1222.9397
12.500000,4393053.031957,4259449.696053,1797948.846336,-48.270958,-47.093180,165.736020,0.99928982,-0.00009335,-0.03767313,-0.00075931,0.00001364,-0.00694233,0.00077576,11.1100,1222.7633,2362.2275,0.02382170,0.00035161,0.521873,0.01539461,0.01593742,-0.01539693,-0.01593974,0.01497087,0.01542369,-0.01496961,-0.01542243,-77.5854,-0.8788,-91.6175,16.47881803,44.11536592,1222.7633
12.510000,4393052.549279,4259449.225147,1797950.503378,-48.264724,-47.087953,165.672354,0.99928870,-0.00009381,-0.03770304,-0.00075512,0.00001198,-0.00505019,0.00084713,11.1100,1222.5868,2364.0081,0.02383638,0.00033961,0.521691,0.01539461,0.01593742,-0.01539693,-0.01593974,0.01507078,0.01545639,-0.01507068,-0.01545630,-77.5339,-0.8752,-91.6583,16.47883412,44.11536590,1222.5868
12.520000,4393052.066663,4259448.754294,1797952.159784,-48.258462,-47.082670,165.608766,0.99928793,-0.00009427,-0.03772347,-0.00075048,0.00001643,-0.00315805,0.00095569,11.1100,1222.4103,2365.7880,0.02386865,0.00032749,0.521509,0.01539461,0.01593742,-0.01539693,-0.01593974,0.01511900,0.01547168,-0.01511948,-0.01547216,-77.4823,-0.8528,-91.7177,16.47885020,44.11536588,1222.4103
12.530000,4393051.584110,4259448.283494,1797953.815554,-48.252155,-47.077300,165.545265,0.99928751,-0.00009471,-0.03773478,-0.00074532,0.00002311,-0.00140433,0.00105468,11.1100,1222.2336,2367.5673,0.02391947,0.00031457,0.521327,0.01525198,0.01569590,-0.01525244,-0.01569636,0.01513843,0.01547775,-0.01513915,-0.01547847,-77.4309,-0.8177,-91.8160,16.47886628,44.11536586,1222.2336
12.540000,4393051.101620,4259447.812749,1797955.470689,-48.245731,-47.071713,165.481904,0.99928745,-0.00009516,-0.03773648,-0.00074018,0.00001170,0.00067852,0.00094899,11.1100,1222.0568,2369.3460,0.02398797,0.00030080,0.521146,0.01525198,0.01569590,-0.01525244,-0.01569636,0.01522887,0.01564188,-0.01522789,-0.01564091,-77.3795,-0.7347,-92.0887,16.47888235,44.11536584,1222.0568
12.550000,4393050.619196,4259447.342061,1797957.125192,-48.239152,-47.065880,165.418699,0.99928780,-0.00009567,-0.03772710,-0.00073609,-0.00001753,0.00302034,0.00063784,11.1100,1221.8799,2371.1240,0.02407424,0.00028747,0.520965,0.01525198,0.01569590,-0.01525244,-0.01569636,0.01531511,0.01580547,-0.01531237,-0.01580273,-77.3281,-0.6523,-92.4133,16.47889842,44.11536582,1221.8799
12.560000,4393050.136838,4259446.871432,1797958.779064,-48.232400,-47.059820,165.355648,0.99928859,-0.00009626,-0.03770622,-0.00073383,-0.00005431,0.00527107,0.00022070,11.1100,1221.7029,2372.9014,0.02418095,0.00027662,0.520784,0.01525198,0.01569590,-0.01525244,-0.01569636,0.01535710,0.01588573,-0.01535349,-0.01588212,-77.2768,-0.5990,-92.7353,16.47891448,44.11536580,1221.7029
12.570000,4393049.654548,4259446.400865,1797960.432306,-48.225443,-47.053535,165.292757,0.99928978,-0.00009695,-0.03767485,-0.00073377,-0.00009285,0.00721159,-0.00023831,11.1100,1221.5258,2374.6781,0.02430895,0.00026964,0.520602,0.01533359,0.01556699,-0.01533517,-0.01556857,0.01537408,0.01591829,-0.01537012,-0.01591433,-77.2256,-0.5703,-93.0872,16.47893054,44.11536578,1221.5258
12.580000,4393049.172330,4259445.930362,1797962.084920,-48.218241,-47.047013,165.230038,0.99929128,-0.00009767,-0.03763479,-0.00073602,-0.00010671,0.00874264,-0.00069574,11.1100,1221.3486,2376.4542,0.02445608,0.00026715,0.520421,0.01533359,0.01556699,-0.01533517,-0.01556857,0.01538425,0.01593060,-0.01538246,-0.01592881,-77.1744,-0.5629,-93.4877,16.47894659,44.11536576,1221.3486
12.590000,4393048.690184,4259445.459926,1797963.736907,-48.210764,-47.040243,165.167502,0.99929303,-0.00009832,-0.03758824,-0.00074050,-0.00009618,0.00980727,-0.00113059,11.1100,1221.1713,2378.2297,0.02461854,0.00026924,0.520241,0.01533359,0.01556699,-0.01533517,-0.01556857,0.01539036,0.01593508,-0.01539084,-0.01593556,-77.1232,-0.5719,-93.9316,16.47896263,44.11536574,1221.1713
12.600000,4393048.208115,4259444.989558,1797965.388270,-48.202990,-47.033221,165.105153,0.99929493,-0.00009880,-0.03753761,-0.00074707,-0.00007450,0.01037252,-0.00153245,11.1100,1220.9940,2380.0046,0.02479174,0.00027572,0.520060,0.01533359,0.01556699,-0.01533517,-0.01556857,0.01539303,0.01593664,-0.01539463,-0.01593824,-77.0721,-0.5945,-94.4068,16.47897867,44.11536572,1220.9940
12.610000,4393047.726126,4259444.519262,1797967.039011,-48.194905,-47.025948,165.042995,0.99929688,-0.00009910,-0.03748543,-0.00075555,-0.00004920,0.01042959,-0.00189240,11.1100,1220.8166,2381.7789,0.02497074,0.00028625,0.519879,0.01581466,0.01622501,-0.01581191,-0.01622225,0.01539405,0.01593716,-0.01539611,-0.01593923,-77.0210,-0.6293,-94.9000,16.47899470,44.11536570,1220.8166
12.620000,4393047.244218,4259444.049040,1797968.689131,-48.186538,-47.018486,164.981003,0.99929877,-0.00009922,-0.03743499,-0.00076550,-0.00003033,0.00968088,-0.00212489,11.1100,1220.6391,2383.5525,0.02515042,0.00030041,0.519698,0.01581466,0.01622501,-0.01581191,-0.01622225,0.01534373,0.01585151,-0.01534531,-0.01585308,-76.9699,-0.6932,-95.3253,16.47901073,44.11536568,1220.6391
12.630000,4393046.762396,4259443.578893,1797970.338631,-48.177903,-47.010854,164.919169,0.99930043,-0.00009925,-0.03739024,-0.00077629,-0.00001873,0.00816267,-0.00222622,11.1100,1220.4615,2385.3255,0.02532459,0.00031719,0.519518,0.01581466,0.01622501,-0.01581191,-0.01622225,0.01529289,0.01576526,-0.01529386,-0.01576623,-76.9189,-0.7649,-95.7354,16.47902675,44.11536566,1220.4615
12.640000,4393046.280661,4259443.108823,1797971.987515,-48.169012,-47.003055,164.857490,0.99930176,-0.00009922,-0.03735448,-0.00078735,-0.00001092,0.00609112,-0.00223630,11.1100,1220.2839,2387.0978,0.02548549,0.00033528,0.519337,0.01581466,0.01622501,-0.01581191,-0.01622225,0.01526789,0.01572287,-0.01526855,-0.01572353,-76.8680,-0.8307,-96.1424,16.47904276,44.11536564,1220.2839
12.650000,4393045.799016,4259442.638832,1797973.635782,-48.159899,-46.995114,164.795952,0.99930267,-0.00009918,-0.03733008,-0.00079829,-0.00000482,0.00362735,-0.00217988,11.1100,1220.1062,2388.8696,0.02562654,0.00035360,0.519157,0.01609983,0.01656128,-0.01610742,-0.01656886,0.01525774,0.01570566,-0.01525827,-0.01570620,-76.8170,-0.8913,-96.5095,16.47905878,44.11536562,1220.1062
12.660000,4393045.317464,4259442.168921,1797975.283434,-48.150590,-46.987096,164.734534,0.99930308,-0.00009913,-0.03731880,-0.00080840,0.00000460,0.00085212,-0.00190581,11.1100,1219.9284,2390.6407,0.02574325,0.00037139,0.518977,0.01609983,0.01656128,-0.01610742,-0.01656886,0.01528298,0.01565347,-0.01528386,-0.01565435,-76.7662,-0.9862,-96.8016,16.47907478,44.11536560,1219.9284
12.670000,4393044.836005,4259441.699091,1797976.930473,-48.141145,-46.979045,164.673209,0.99930295,-0.00009911,-0.03732196,-0.00081662,0.00001748,-0.00213499,-0.00142917,11.1100,1219.7506,2392.4112,0.02583249,0.00038707,0.518797,0.01609983,0.01656128,-0.01610742,-0.01656886,0.01531081,0.01560516,-0.01531208,-0.01560643,-76.7153,-1.0726,-97.0116,16.47909078,44.11536558,1219.7506
12.680000,4393044.354641,4259441.229340,1797978.576898,-48.131638,-46.970988,164.611953,0.99930226,-0.00009914,-0.03734032,-0.00082220,0.00003166,-0.00522188,-0.00085265,11.1100,1219.5727,2394.1810,0.02589206,0.00039858,0.518617,0.01609983,0.01656128,-0.01610742,-0.01656886,0.01532469,0.01558177,-0.01532615,-0.01558322,-76.6646,-1.1250,-97.1346,16.47910677,44.11536556,1219.5727
12.690000,4393043.873372,4259440.759671,1797980.222712,-48.122145,-46.962960,164.550740,0.99930100,-0.00009921,-0.03737415,-0.00082481,0.00004590,-0.00830817,-0.00024293,11.1100,1219.3948,2395.9503,0.02592084,0.00040459,0.518437,0.01653357,0.01707639,-0.01653722,-0.01708004,0.01533036,0.01557232,-0.01533190,-0.01557386,-76.6138,-1.1483,-97.1642,16.47912276,44.11536554,1219.3948
12.700000,4393043.392198,4259440.290082,1797981.867914,-48.112630,-46.954860,164.489608,0.99929925,-0.00009937,-0.03742094,-0.00082472,0.00004378,-0.01040465,0.00022392,11.1100,1219.2168,2397.7189,0.02591879,0.00040460,0.518257,0.01653357,0.01707639,-0.01653722,-0.01708004,0.01550343,0.01580267,-0.01550345,-0.01580269,-76.5632,-1.1155,-97.3051,16.47913874,44.11536552,1219.2168
12.710000,4393042.911119,4259439.820574,1797983.512504,-48.103144,-46.946718,164.428537,0.99929720,-0.00009966,-0.03747563,-0.00082269,0.00002588,-0.01146061,0.00052910,11.1100,1219.0388,2399.4869,0.02589030,0.00039942,0.518077,0.01653357,0.01707639,-0.01653722,-0.01708004,0.01567607,0.01603658,-0.01567456,-0.01603506,-76.5126,-1.0651,-97.3604,16.47915472,44.11536550,1219.0388
12.720000,4393042.430135,4259439.351147,1797985.156484,-48.093768,-46.938623,164.367484,0.99929501,-0.00010011,-0.03753410,-0.00081940,0.00000110,-0.01192121,0.00073493,11.1100,1218.8607,2401.2543,0.02584589,0.00039065,0.517898,0.01653357,0.01707639,-0.01653722,-0.01708004,0.01576079,0.01615170,-0.01575852,-0.01614943,-76.4620,-1.0200,-97.2559,16.47917069,44.11536548,1218.8607
12.730000,4393041.949244,4259438.881801,1797986.799854,-48.084546,-46.930621,164.306424,0.99929276,-0.00010071,-0.03759405,-0.00081523,-0.00002556,-0.01204768,0.00087731,11.1100,1218.6826,2403.0210,0.02579449,0.00037957,0.517719,0.01632846,0.01693218,-0.01633282,-0.01693654,0.01579517,0.01619847,-0.01579259,-0.01619589,-76.4116,-0.9773,-97.0667,16.47918665,44.11536546,1218.6826
12.740000,4393041.468444,4259438.412535,1797988.442613,-48.075430,-46.922656,164.245385,0.99929055,-0.00010138,-0.03765282,-0.00081058,-0.00001413,-0.01145843,0.00093124,11.1100,1218.5044,2404.7872,0.02574112,0.00036695,0.517539,0.01632846,0.01693218,-0.01633282,-0.01693654,0.01590925,0.01633532,-0.01591023,-0.01633630,-76.3611,-0.9249,-96.9589,16.47920261,44.11536544,1218.5044
12.750000,4393040.987735,4259437.943348,1797990.084762,-48.066414,-46.914724,164.184368,0.99928851,-0.00010189,-0.03770703,-0.00080586,0.00003433,-0.01022265,0.00090365,11.1100,1218.3261,2406.5527,0.02569062,0.00035361,0.517361,0.01632846,0.01693218,-0.01633282,-0.01693654,0.01601564,0.01646158,-0.01602027,-0.01646621,-76.3108,-0.8722,-96.8479,16.47921857,44.11536542,1218.3261
12.760000,4393040.507115,4259437.474240,1797991.726301,-48.057511,-46.906844,164.123365,0.99928673,-0.00010210,-0.03775421,-0.00080140,0.00009882,-0.00865599,0.00081990,11.1100,1218.1478,2408.3176,0.02564976,0.00034041,0.517182,0.01632846,0.01693218,-0.01633282,-0.01693654,0.01606723,0.01652270,-0.01607367,-0.01652913,-76.2605,-0.8257,-96.7022,16.47923452,44.11536539,1218.1478
12.770000,4393040.026584,4259437.005211,1797993.367229,-48.048708,-46.899014,164.062379,0.99928526,-0.00010195,-0.03779322,-0.00079746,0.00016748,-0.00695980,0.00069622,11.1100,1217.9695,2410.0819,0.02562359,0.00032801,0.517003,0.01618438,0.01669987,-0.01618308,-0.01669858,0.01608806,0.01654735,-0.01609523,-0.01655452,-76.2103,-0.7848,-96.5663,16.47925046,44.11536537,1217.9695
12.780000,4393039.546141,4259436.536260,1797995.007548,-48.039882,-46.891104,164.001474,0.99928418,-0.00010146,-0.03782184,-0.00079436,0.00022100,-0.00450464,0.00047953,11.1100,1217.7910,2411.8455,0.02561433,0.00031685,0.516825,0.01618438,0.01669987,-0.01618308,-0.01669858,0.01624990,0.01673952,-0.01625594,-0.01674556,-76.1602,-0.7346,-96.6389,16.47926640,44.11536535,1217.7910
12.790000,4393039.065787,4259436.067389,1797996.647259,-48.030991,-46.883082,163.940669,0.99928362,-0.00010068,-0.03783650,-0.00079254,0.00025830,-0.00138868,0.00017954,11.1100,1217.6125,2413.6086,0.02562539,0.00030765,0.516646,0.01618438,0.01669987,-0.01618308,-0.01669858,0.01640759,0.01692678,-0.01641233,-0.01693152,-76.1101,-0.6913,-96.7668,16.47928233,44.11536533,1217.6125
12.800000,4393038.585522,4259435.598599,1797998.286362,-48.022023,-46.874958,163.879962,0.99928368,-0.00009967,-0.03783511,-0.00079233,0.00028691,0.00190599,-0.00016084,11.1100,1217.4340,2415.3710,0.02566356,0.00030125,0.516468,0.01618438,0.01669987,-0.01618308,-0.01669858,0.01648467,0.01701832,-0.01648875,-0.01702239,-76.0600,-0.6649,-96.8865,16.47929825,44.11536531,1217.4340
12.810000,4393038.105347,4259435.129891,1797999.924859,-48.012941,-46.866717,163.819363,0.99928434,-0.00009844,-0.03781755,-0.00079384,0.00031127,0.00506772,-0.00051265,11.1100,1217.2554,2417.1328,0.02573303,0.00029818,0.516290,0.01638123,0.01662486,-0.01638522,-0.01662885,0.01651589,0.01705539,-0.01651970,-0.01705920,-76.0100,-0.6533,-97.0518,16.47931417,44.11536529,1217.2554
12.820000,4393037.625263,4259434.661265,1798001.562750,-48.003739,-46.858354,163.758872,0.99928555,-0.00009701,-0.03778563,-0.00079721,0.00033591,0.00764664,-0.00090496,11.1100,1217.0768,2418.8940,0.02583381,0.00029860,0.516112,0.01638123,0.01662486,-0.01638522,-0.01662885,0.01645456,0.01701788,-0.01645852,-0.01702184,-75.9601,-0.6436,-97.2299,16.47933009,44.11536527,1217.0768
12.830000,4393037.145273,4259434.192724,1798003.200037,-47.994368,-46.849837,163.698509,0.99928717,-0.00009537,-0.03774249,-0.00080261,0.00036151,0.00954663,-0.00132353,11.1100,1216.8981,2420.6546,0.02596227,0.00030279,0.515935,0.01638123,0.01662486,-0.01638522,-0.01662885,0.01638533,0.01697117,-0.01638951,-0.01697535,-75.9102,-0.6464,-97.4875,16.47934600,44.11536525,1216.8981
12.840000,4393036.665377,4259433.724269,1798004.836720,-47.984765,-46.841129,163.638299,0.99928910,-0.00009351,-0.03769132,-0.00081008,0.00038693,0.01085707,-0.00173154,11.1100,1216.7193,2422.4146,0.02611174,0.00031100,0.515757,0.01638123,0.01662486,-0.01638522,-0.01662885,0.01635069,0.01694749,-0.01635499,-0.01695178,-75.8603,-0.6677,-97.8419,16.47936190,44.11536523,1216.7193
12.850000,4393036.185578,4259433.255902,1798006.472803,-47.974889,-46.832207,163.578257,0.99929121,-0.00009145,-0.03763494,-0.00081950,0.00041150,0.01163210,-0.00210425,11.1100,1216.5405,2424.1739,0.02627544,0.00032322,0.515579,0.01590294,0.01626632,-0.01589953,-0.01626291,0.01633653,0.01693775,-0.01634087,-0.01694209,-75.8105,-0.7046,-98.2597,16.47937780,44.11536520,1216.5405
12.860000,4393035.705880,4259432.787625,1798008.108286,-47.964748,-46.823114,163.518370,0.99929340,-0.00008927,-0.03757671,-0.00083048,0.00041442,0.01159860,-0.00235873,11.1100,1216.3616,2425.9327,0.02644745,0.00033915,0.515402,0.01590294,0.01626632,-0.01589953,-0.01626291,0.01628006,0.01685156,-0.01628240,-0.01685391,-75.7607,-0.7701,-98.6437,16.47939369,44.11536518,1216.3616
12.870000,4393035.226284,4259432.319440,1798009.743171,-47.954340,-46.813856,163.458636,0.99929550,-0.00008708,-0.03752060,-0.00084243,0.00039660,0.01078618,-0.00248815,11.1100,1216.1828,2427.6908,0.02662126,0.00035788,0.515224,0.01590294,0.01626632,-0.01589953,-0.01626291,0.01622671,0.01676727,-0.01622704,-0.01676760,-75.7110,-0.8443,-99.0387,16.47940958,44.11536516,1216.1828
12.880000,4393034.746794,4259431.851349,1798011.377459,-47.943663,-46.804422,163.399059,0.99929738,-0.00008500,-0.03747003,-0.00085479,0.00036959,0.00939141,-0.00252578,11.1100,1216.0038,2429.4483,0.02678891,0.00037814,0.515047,0.01590294,0.01626632,-0.01589953,-0.01626291,0.01620078,0.01672604,-0.01620012,-0.01672538,-75.6613,-0.9146,-99.4534,16.47942546,44.11536514,1216.0038
12.890000,4393034.267412,4259431.383352,1798013.011153,-47.932734,-46.794827,163.339632,0.99929896,-0.00008307,-0.03742755,-0.00086717,0.00033986,0.00755565,-0.00249257,11.1100,1215.8249,2431.2052,0.02694354,0.00039888,0.514869,0.01577108,0.01631036,-0.01576588,-0.01630515,0.01619030,0.01670934,-0.01618924,-0.01670827,-75.6116,-0.9814,-99.8502,16.47944134,44.11536512,1215.8249
12.900000,4393033.788140,4259430.915453,1798014.644252,-47.921546,-46.785112,163.280348,0.99930018,-0.00008128,-0.03739487,-0.00087872,0.00032925,0.00547791,-0.00219154,11.1100,1215.6459,2432.9615,0.02708014,0.00041930,0.514692,0.01577108,0.01631036,-0.01576588,-0.01630515,0.01625638,0.01667649,-0.01625704,-0.01667715,-75.5620,-1.0936,-100.2242,16.47945721,44.11536510,1215.6459
12.910000,4393033.308982,4259430.447650,1798016.276760,-47.910143,-46.775309,163.221187,0.99930099,-0.00007958,-0.03737300,-0.00088812,0.00033785,0.00323803,-0.00163858,11.1100,1215.4669,2434.7172,0.02719545,0.00043749,0.514515,0.01577108,0.01631036,-0.01576588,-0.01630515,0.01632536,0.01664751,-0.01632786,-0.01665001,-75.5124,-1.1970,-100.5363,16.47947307,44.11536508,1215.4669
12.920000,4393032.829938,4259429.979947,1798017.908677,-47.898603,-46.765436,163.162127,0.99930137,-0.00007794,-0.03736271,-0.00089444,0.00035525,0.00085754,-0.00096147,11.1100,1215.2878,2436.4722,0.02728774,0.00045092,0.514338,0.01577108,0.01631036,-0.01576588,-0.01630515,0.01635947,0.01663360,-0.01636287,-0.01663701,-75.4629,-1.2594,-100.7673,16.47948893,44.11536505,1215.2878
12.930000,4393032.351010,4259429.512342,1798019.540003,-47.886996,-46.755519,163.103143,0.99930129,-0.00007635,-0.03736459,-0.00089726,0.00037551,-0.00162150,-0.00024262,11.1100,1215.1088,2438.2267,0.02735593,0.00045792,0.514161,0.01501548,0.01566488,-0.01501556,-0.01566496,0.01637335,0.01662801,-0.01637712,-0.01663179,-75.4134,-1.2869,-100.9179,16.47950479,44.11536503,1215.1088
12.940000,4393031.872197,4259429.044836,1798021.170739,-47.875493,-46.745662,163.044164,0.99930069,-0.00007486,-0.03738063,-0.00089672,0.00036942,-0.00479753,0.00037977,11.1100,1214.9297,2439.9806,0.02739921,0.00045784,0.513984,0.01501548,0.01566488,-0.01501556,-0.01566496,0.01620853,0.01649854,-0.01620982,-0.01649982,-75.3639,-1.2649,-100.8382,16.47952063,44.11536501,1214.9297
12.950000,4393031.393499,4259428.577428,1798022.800886,-47.864162,-46.735905,162.985165,0.99929945,-0.00007359,-0.03741410,-0.00089337,0.00033732,-0.00858370,0.00088022,11.1100,1214.7506,2441.7338,0.02741477,0.00045122,0.513808,0.01501548,0.01566488,-0.01501556,-0.01566496,0.01603943,0.01636969,-0.01603812,-0.01636838,-75.3145,-1.2206,-100.6745,16.47953648,44.11536499,1214.7506
12.960000,4393030.914913,4259428.110117,1798024.430442,-47.853023,-46.726264,162.926138,0.99929747,-0.00007261,-0.03746696,-0.00088775,0.00029386,-0.01253738,0.00129086,11.1100,1214.5714,2443.4864,0.02739653,0.00043923,0.513631,0.01501548,0.01566488,-0.01501556,-0.01566496,0.01595606,0.01630649,-0.01595347,-0.01630390,-75.2652,-1.1706,-100.4864,16.47955231,44.11536497,1214.5714
12.970000,4393030.436438,4259427.642902,1798026.059409,-47.842122,-46.716777,162.867066,0.99929476,-0.00007194,-0.03753928,-0.00088026,0.00024736,-0.01636067,0.00162826,11.1100,1214.3923,2445.2385,0.02734075,0.00042295,0.513455,0.01432550,0.01479774,-0.01432249,-0.01479472,0.01592218,0.01628085,-0.01591906,-0.01627774,-75.2159,-1.1138,-100.2280,16.47956815,44.11536495,1214.3923
12.980000,4393029.958070,4259427.175781,1798027.687784,-47.831547,-46.707484,162.807917,0.99929135,-0.00007158,-0.03763015,-0.00087160,0.00019483,-0.01994359,0.00176235,11.1100,1214.2131,2446.9899,0.02724759,0.00040322,0.513279,0.01432550,0.01479774,-0.01432249,-0.01479472,0.01586274,0.01628700,-0.01585880,-0.01628305,-75.1667,-1.0181,-99.8576,16.47958397,44.11536492,1214.2131
12.990000,4393029.479806,4259426.708752,1798029.315567,-47.821355,-46.698438,162.748664,0.99928729,-0.00007152,-0.03773805,-0.00086277,0.00013783,-0.02316774,0.00169747,11.1100,1214.0339,2448.7407,0.02711946,0.00038162,0.513103,0.01432550,0.01479774,-0.01432249,-0.01479472,0.01581120,0.01629939,-0.01580655,-0.01629474,-75.1176,-0.9185,-99.3867,16.47959979,44.11536490,1214.0339
13.000000,4393029.001641,4259426.241812,1798030.942756,-47.811580,-46.689700,162.689286,0.99928265,-0.00007173,-0.03786089,-0.00085459,0.00008036,-0.02591189,0.00150967,11.1100,1213.8546,2450.4909,0.02695984,0.00036015,0.512927,0.01432550,0.01479774,-0.01432249,-0.01479472,0.01578655,0.01630599,-0.01578156,-0.01630100,-75.0686,-0.8366,-98.8292,16.47961561,44.11536488,1213.8546
13.010000,4393028.523573,4259425.774957,1798032.569352,-47.802254,-46.681320,162.629762,0.99927753,-0.00007219,-0.03799606,-0.00084755,0.00002447,-0.02809331,0.00124671,11.1100,1213.6754,2452.2405,0.02677334,0.00034034,0.512751,0.01295255,0.01367707,-0.01294965,-0.01367418,0.01577665,0.01630876,-0.01577152,-0.01630363,-75.0196,-0.7698,-98.1938,16.47963142,44.11536486,1213.6754
13.020000,4393028.045594,4259425.308183,1798034.195351,-47.793564,-46.673471,162.569997,0.99927192,-0.00007283,-0.03814331,-0.00084217,-0.00001008,-0.03074006,0.00085104,11.1100,1213.4960,2453.9895,0.02656553,0.00032308,0.512576,0.01295255,0.01367707,-0.01294965,-0.01367418,0.01550449,0.01608042,-0.01550119,-0.01607712,-74.9707,-0.6956,-97.2458,16.47964722,44.11536483,1213.4960
13.030000,4393027.567699,4259424.841485,1798035.820751,-47.785538,-46.666199,162.509974,0.99926575,-0.00007351,-0.03830482,-0.00083906,-0.00002398,-0.03378918,0.00034230,11.1100,1213.3166,2455.7379,0.02633845,0.00030946,0.512401,0.01295255,0.01367707,-0.01294965,-0.01367418,0.01523320,0.01585014,-0.01523178,-0.01584871,-74.9219,-0.6346,-96.2418,16.47966302,44.11536481,1213.3166
13.040000,4393027.089881,4259424.374857,1798037.445549,-47.778125,-46.659489,162.449711,0.99925898,-0.00007414,-0.03848103,-0.00083862,-0.00002788,-0.03661406,-0.00021833,11.1100,1213.1372,2457.4857,0.02608805,0.00030064,0.512227,0.01295255,0.01367707,-0.01294965,-0.01367418,0.01510010,0.01573693,-0.01509959,-0.01573642,-74.8733,-0.5995,-95.2967,16.47967882,44.11536479,1213.1372
13.050000,4393026.612134,4259423.908293,1798039.069744,-47.771308,-46.653353,162.389213,0.99925168,-0.00007469,-0.03866987,-0.00084102,-0.00002779,-0.03883896,-0.00078933,11.1100,1212.9577,2459.2328,0.02581318,0.00029730,0.512052,0.01159344,0.01210634,-0.01158443,-0.01209733,0.01504609,0.01569096,-0.01504596,-0.01569083,-74.8247,-0.5872,-94.3502,16.47969461,44.11536477,1212.9577
13.060000,4393026.134452,4259423.441787,1798040.693332,-47.765238,-46.647997,162.328384,0.99924388,-0.00007517,-0.03887092,-0.00084590,-0.00003735,-0.04149325,-0.00121022,11.1100,1212.7781,2460.9794,0.02551794,0.00029964,0.511878,0.01159344,0.01210634,-0.01158443,-0.01209733,0.01478088,0.01536576,-0.01477979,-0.01536467,-74.7762,-0.6264,-93.0951,16.47971039,44.11536474,1212.7781
13.070000,4393025.656827,4259422.975330,1798042.316311,-47.759932,-46.643456,162.267211,0.99923548,-0.00007568,-0.03908607,-0.00085248,-0.00005701,-0.04447118,-0.00146781,11.1100,1212.5984,2462.7254,0.02520472,0.00030672,0.511704,0.01159344,0.01210634,-0.01158443,-0.01209733,0.01452729,0.01504990,-0.01452514,-0.01504775,-74.7278,-0.6804,-91.7992,16.47972616,44.11536472,1212.5984
13.080000,4393025.179251,4259422.508915,1798043.938675,-47.755349,-46.639676,162.205721,0.99922649,-0.00007626,-0.03931517,-0.00086010,-0.00008094,-0.04707308,-0.00162556,11.1100,1212.4186,2464.4707,0.02486998,0.00031689,0.511531,0.01159344,0.01210634,-0.01158443,-0.01209733,0.01440375,0.01489560,-0.01440107,-0.01489293,-74.6795,-0.7273,-90.5866,16.47974194,44.11536470,1212.4186
13.090000,4393024.701717,4259422.042534,1798045.560424,-47.751476,-46.636639,162.143925,0.99921700,-0.00007695,-0.03955534,-0.00086836,-0.00010579,-0.04889316,-0.00172024,11.1100,1212.2387,2466.2155,0.02451357,0.00032888,0.511357,0.00966620,0.01017588,-0.00966719,-0.01017687,0.01435377,0.01483311,-0.01435088,-0.01483023,-74.6313,-0.7702,-89.3906,16.47975770,44.11536468,1212.2387
13.100000,4393024.224217,4259421.576179,1798047.181552,-47.748610,-46.634576,162.081679,0.99920700,-0.00007774,-0.03980701,-0.00087745,-0.00012973,-0.05167399,-0.00195805,11.1100,1212.0587,2467.9596,0.02414118,0.00034190,0.511184,0.00966620,0.01017588,-0.00966719,-0.01017687,0.01384738,0.01441173,-0.01384445,-0.01440881,-74.5832,-0.7674,-87.7391,16.47977346,44.11536465,1212.0587
13.110000,4393023.746741,4259421.109839,1798048.802056,-47.746770,-46.633514,162.018970,0.99919629,-0.00007859,-0.04007472,-0.00088810,-0.00015229,-0.05530111,-0.00233789,11.1100,1211.8786,2469.7032,0.02375417,0.00035659,0.511012,0.00966620,0.01017588,-0.00966719,-0.01017687,0.01335027,0.01400315,-0.01334736,-0.01400023,-74.5352,-0.7686,-86.0608,16.47978922,44.11536463,1211.8786
13.120000,4393023.269279,4259420.643505,1798050.421930,-47.745842,-46.633382,161.955851,0.99918479,-0.00007950,-0.04035998,-0.00090073,-0.00017358,-0.05868809,-0.00275253,11.1100,1211.6982,2471.4461,0.02334372,0.00037434,0.510840,0.00966620,0.01017588,-0.00966719,-0.01017687,0.01310700,0.01380361,-0.01310410,-0.01380071,-74.4874,-0.8020,-84.5470,16.47980497,44.11536461,1211.6982
13.130000,4393022.791821,4259420.177168,1798052.041171,-47.745776,-46.634164,161.892340,0.99917262,-0.00008043,-0.04065999,-0.00091537,-0.00019370,-0.06120066,-0.00313590,11.1100,1211.5178,2473.1884,0.02290598,0.00039587,0.510668,0.00786407,0.00863564,-0.00786003,-0.00863160,0.01300840,0.01372281,-0.01300550,-0.01371992,-74.4396,-0.8597,-83.0823,16.47982071,44.11536459,1211.5178
13.140000,4393022.314359,4259419.710817,1798053.659775,-47.746851,-46.636193,161.828271,0.99915972,-0.00008148,-0.04097532,-0.00093137,-0.00023447,-0.06481134,-0.00329614,11.1100,1211.3371,2474.9301,0.02244628,0.00042108,0.510496,0.00786407,0.00863564,-0.00786003,-0.00863160,0.01248890,0.01313471,-0.01248383,-0.01312965,-74.3920,-0.9713,-81.0881,16.47983645,44.11536456,1211.3371
13.150000,4393021.836880,4259419.244440,1798055.277735,-47.749096,-46.639501,161.763627,0.99914588,-0.00008280,-0.04131105,-0.00094759,-0.00029493,-0.06935385,-0.00322404,11.1100,1211.1563,2476.6712,0.02196612,0.00044842,0.510325,0.00786407,0.00863564,-0.00786003,-0.00863160,0.01199040,0.01256292,-0.01198315,-0.01255567,-74.3445,-1.0906,-79.0580,16.47985219,44.11536454,1211.1563
13.160000,4393021.359373,4259418.778023,1798056.895045,-47.752415,-46.643970,161.698467,0.99913102,-0.00008448,-0.04166862,-0.00096310,-0.00036299,-0.07353862,-0.00300482,11.1100,1210.9752,2478.4117,0.02145561,0.00047558,0.510155,0.00786407,0.00863564,-0.00786003,-0.00863160,0.01174740,0.01228355,-0.01173907,-0.01227522,-74.2971,-1.1898,-77.2146,16.47986791,44.11536452,1210.9752
13.170000,4393020.881828,4259418.311556,1798058.511702,-47.756785,-46.649551,161.632811,0.99911526,-0.00008658,-0.04204433,-0.00097729,-0.00043189,-0.07661486,-0.00269345,11.1100,1210.7940,2480.1516,0.02091098,0.00050077,0.509984,0.00586958,0.00678846,-0.00587043,-0.00678931,0.01164908,0.01217040,-0.01164032,-0.01216164,-74.2499,-1.2717,-75.4232,16.47988364,44.11536449,1210.7940
13.180000,4393020.404232,4259417.845026,1798060.127699,-47.762622,-46.656630,161.566438,0.99909856,-0.00008902,-0.04243920,-0.00098977,-0.00046349,-0.08119485,-0.00231796,11.1100,1210.6124,2481.8909,0.02033926,0.00052291,0.509814,0.00586958,0.00678846,-0.00587043,-0.00678931,0.01092781,0.01144248,-0.01092244,-0.01143711,-74.2028,-1.3398,-72.9378,16.47989935,44.11536447,1210.6124
13.190000,4393019.926570,4259417.378418,1798061.743028,-47.769972,-46.665235,161.499326,0.99908057,-0.00009164,-0.04286024,-0.00100025,-0.00045850,-0.08707454,-0.00189766,11.1100,1210.4307,2483.6296,0.01974196,0.00054127,0.509645,0.00586958,0.00678846,-0.00587043,-0.00678931,0.01022635,0.01073793,-0.01022450,-0.01073608,-74.1558,-1.3943,-70.4065,16.47991506,44.11536445,1210.4307
13.200000,4393019.448827,4259416.911717,1798063.357683,-47.778706,-46.675221,161.431551,0.99906118,-0.00009431,-0.04330974,-0.00100855,-0.00043652,-0.09257220,-0.00144898,11.1100,1210.2486,2485.3677,0.01910536,0.00055540,0.509476,0.00586958,0.00678846,-0.00587043,-0.00678931,0.00988361,0.01039397,-0.00988350,-0.01039386,-74.1089,-1.4349,-68.1197,16.47993077,44.11536442,1210.2486
13.210000,4393018.970991,4259416.444909,1798064.971657,-47.788784,-46.686533,161.363139,0.99904053,-0.00009698,-0.04378332,-0.00101457,-0.00040865,-0.09670488,-0.00098635,11.1100,1210.0662,2487.1051,0.01842370,0.00056500,0.509307,0.00377734,0.00464851,-0.00376828,-0.00463945,0.00974480,0.01025471,-0.00974539,-0.01025530,-74.0622,-1.4612,-65.8996,16.47994647,44.11536440,1210.0662
13.220000,4393018.493045,4259415.977980,1798066.584943,-47.800597,-46.699479,161.293892,0.99901866,-0.00009965,-0.04427944,-0.00101875,-0.00039733,-0.10158964,-0.00071906,11.1100,1209.8835,2488.8419,0.01770536,0.00056995,0.509139,0.00377734,0.00464851,-0.00376828,-0.00463945,0.00905298,0.00965580,-0.00905205,-0.00965487,-74.0156,-1.4273,-63.0660,16.47996216,44.11536438,1209.8835
13.230000,4393018.014973,4259415.510913,1798068.197532,-47.814188,-46.714088,161.223789,0.99899539,-0.00010238,-0.04480130,-0.00102209,-0.00040349,-0.10699538,-0.00065203,11.1100,1209.7004,2490.5782,0.01695644,0.00057144,0.508971,0.00377734,0.00464851,-0.00376828,-0.00463945,0.00839095,0.00908730,-0.00838831,-0.00908466,-73.9692,-1.3837,-60.1771,16.47997785,44.11536435,1209.7004
13.240000,4393017.536756,4259415.043693,1798069.809416,-47.829417,-46.730254,161.152894,0.99897073,-0.00010518,-0.04534782,-0.00102534,-0.00041776,-0.11145710,-0.00068337,11.1100,1209.5170,2492.3138,0.01617090,0.00057150,0.508803,0.00174210,0.00263446,-0.00173445,-0.00262681,0.00806839,0.00881070,-0.00806489,-0.00880721,-73.9229,-1.3600,-57.4953,16.47999354,44.11536433,1209.5170
13.250000,4393017.058379,4259414.576303,1798071.420587,-47.846221,-46.747937,161.081234,0.99894494,-0.00010808,-0.04591219,-0.00102885,-0.00043473,-0.11414345,-0.00075308,11.1100,1209.3331,2494.0488,0.01534984,0.00057150,0.508636,-0.00060510,0.00007916,0.00060853,-0.00007573,0.00793790,0.00869888,-0.00793406,-0.00869504,-73.8767,-1.3500,-54.8822,16.48000922,44.11536431,1209.3331
13.260000,4393016.579824,4259414.108727,1798073.031037,-47.864995,-46.767494,161.008591,0.99891812,-0.00011099,-0.04649199,-0.00103301,-0.00043495,-0.11763325,-0.00094386,11.1100,1209.1489,2495.7832,0.01450644,0.00057205,0.508470,-0.00060510,0.00007916,0.00060853,-0.00007573,0.00718083,0.00800108,-0.00717860,-0.00799885,-73.8307,-1.3219,-51.6031,16.48002489,44.11536428,1209.1489
13.270000,4393016.101072,4259413.640946,1798074.640755,-47.885742,-46.788941,160.934956,0.99889007,-0.00011383,-0.04709082,-0.00103838,-0.00041836,-0.12175781,-0.00123965,11.1100,1208.9642,2497.5169,0.01364888,0.00057404,0.508304,-0.00060510,0.00007916,0.00060853,-0.00007573,0.00645116,0.00732649,-0.00645063,-0.00732596,-73.7848,-1.3008,-48.3144,16.48004055,44.11536426,1208.9642
13.280000,4393015.622103,4259413.172942,1798076.249732,-47.908272,-46.812123,160.860419,0.99886078,-0.00011652,-0.04770782,-0.00104532,-0.00039430,-0.12491021,-0.00157127,11.1100,1208.7790,2499.2500,0.01277004,0.00057857,0.508138,-0.00060510,0.00007916,0.00060853,-0.00007573,0.00609520,0.00699722,-0.00609551,-0.00699753,-73.7391,-1.3017,-45.3215,16.48005622,44.11536423,1208.7790
13.290000,4393015.142900,4259412.704698,1798077.857960,-47.932480,-46.836958,160.785029,0.99883058,-0.00011901,-0.04833587,-0.00105389,-0.00036807,-0.12619392,-0.00189612,11.1100,1208.5933,2500.9826,0.01187016,0.00058621,0.507973,-0.00231014,-0.00149384,0.00231330,0.00149700,0.00595112,0.00686392,-0.00595177,-0.00686457,-73.6935,-1.3199,-42.4653,16.48007187,44.11536421,1208.5933
13.300000,4393014.663446,4259412.236196,1798079.465429,-47.958744,-46.863838,160.708558,0.99879954,-0.00012139,-0.04897284,-0.00106391,-0.00037651,-0.12848283,-0.00215635,11.1100,1208.4070,2502.7145,0.01096270,0.00059702,0.507808,-0.00231014,-0.00149384,0.00231330,0.00149700,0.00515428,0.00605410,-0.00515154,-0.00605136,-73.6480,-1.3592,-38.9292,16.48008752,44.11536419,1208.4070
13.310000,4393014.183718,4259411.767414,1798081.072128,-47.987042,-46.892751,160.631009,0.99876742,-0.00012386,-0.04962335,-0.00107506,-0.00041884,-0.13162462,-0.00234107,11.1100,1208.2202,2504.4457,0.01005534,0.00061055,0.507643,-0.00231014,-0.00149384,0.00231330,0.00149700,0.00438790,0.00527207,-0.00438167,-0.00526584,-73.6026,-1.4076,-35.4311,16.48010317,44.11536416,1208.2202
13.320000,4393013.703698,4259411.298334,1798082.678046,-48.017156,-46.923487,160.552497,0.99873419,-0.00012656,-0.05028733,-0.00108698,-0.00047590,-0.13387914,-0.00246351,11.1100,1208.0328,2506.1764,0.00913866,0.00062604,0.507479,-0.00231014,-0.00149384,0.00231330,0.00149700,0.00401417,0.00489044,-0.00400621,-0.00488248,-73.5574,-1.4578,-32.3025,16.48011880,44.11536414,1208.0328
13.330000,4393013.223367,4259410.828936,1798084.283173,-48.049386,-46.956333,160.472844,0.99869980,-0.00012953,-0.05096558,-0.00109944,-0.00053202,-0.13734321,-0.00254755,11.1100,1207.8448,2507.9064,0.00821101,0.00064280,0.507315,-0.00523172,-0.00405456,0.00523075,0.00405360,0.00313968,0.00402023,-0.00313152,-0.00401207,-73.5123,-1.5054,-28.6586,16.48013444,44.11536411,1207.8448
13.340000,4393012.742701,4259410.359197,1798085.887497,-48.084185,-46.991771,160.391770,0.99866347,-0.00013276,-0.05167229,-0.00111184,-0.00056819,-0.14526155,-0.00244219,11.1100,1207.6562,2509.6357,0.00727337,0.00066034,0.507152,-0.00523172,-0.00405456,0.00523075,0.00405360,0.00152231,0.00233528,-0.00151590,-0.00232886,-73.4674,-1.5903,-24.2348,16.48015007,44.11536409,1207.6562
13.350000,4393012.261674,4259409.889092,1798087.491003,-48.121401,-47.029649,160.309353,0.99862423,-0.00013623,-0.05242494,-0.00112324,-0.00058622,-0.15571918,-0.00214697,11.1100,1207.4668,2511.3645,0.00630147,0.00067734,0.506989,-0.00523172,-0.00405456,0.00523075,0.00405360,0.00030654,0.00104843,-0.00030179,-0.00104368,-73.4225,-1.6744,-20.1240,16.48016569,44.11536406,1207.4668
13.360000,4393011.780265,4259409.418596,1798089.093680,-48.160790,-47.069697,160.225734,0.99858171,-0.00013992,-0.05322847,-0.00113290,-0.00059541,-0.16561759,-0.00174839,11.1100,1207.2768,2513.0926,0.00525898,0.00069192,0.506826,-0.00523172,-0.00405456,0.00523075,0.00405360,-0.00025735,0.00044937,0.00026129,-0.00044543,-73.3778,-1.7327,-16.4719,16.48018130,44.11536404,1207.2768
13.370000,4393011.298451,4259408.947690,1798090.695514,-48.202292,-47.111828,160.140944,0.99853617,-0.00014381,-0.05407583,-0.00114044,-0.00060093,-0.17326820,-0.00130262,11.1100,1207.0859,2514.8201,0.00413380,0.00070275,0.506664,-0.00709674,-0.00608748,0.00710063,0.00609137,-0.00048067,0.00021173,0.00048428,-0.00020812,-73.3332,-1.7692,-12.9176,16.48019691,44.11536401,1207.0859
13.380000,4393010.816210,4259408.476351,1798092.296494,-48.246287,-47.156360,160.054767,0.99848788,-0.00014787,-0.05496011,-0.00114594,-0.00060406,-0.18040260,-0.00093886,11.1100,1206.8943,2516.5469,0.00293941,0.00070920,0.506502,-0.00709674,-0.00608748,0.00710063,0.00609137,-0.00116826,-0.00043426,0.00117165,0.00043765,-73.2887,-1.7651,-8.7269,16.48021252,44.11536399,1206.8943
13.390000,4393010.333516,4259408.004555,1798093.896604,-48.292830,-47.203332,159.967160,0.99843694,-0.00015206,-0.05587787,-0.00114987,-0.00060570,-0.18667972,-0.00067299,11.1100,1206.7019,2518.2730,0.00169278,0.00071164,0.506341,-0.00709674,-0.00608748,0.00710063,0.00609137,-0.00180600,-0.00102669,0.00180926,0.00102995,-73.2443,-1.7477,-4.4342,16.48022812,44.11536396,1206.7019
13.400000,4393009.850345,4259407.532277,1798095.495832,-48.341797,-47.252629,159.878179,0.99838369,-0.00015636,-0.05682122,-0.00115261,-0.00060666,-0.19066534,-0.00046287,11.1100,1206.5086,2519.9986,0.00040125,0.00071105,0.506179,-0.00709674,-0.00608748,0.00710063,0.00609137,-0.00211500,-0.00131314,0.00211820,0.00131633,-73.2000,-1.7326,-0.3187,16.48024371,44.11536394,1206.5086
13.410000,4393009.366672,4259407.059494,1798097.094163,-48.393116,-47.304181,159.787851,0.99832885,-0.00016073,-0.05777678,-0.00115437,-0.00060734,-0.19160029,-0.00028516,11.1100,1206.3143,2521.7234,-0.00092038,0.00070817,0.506018,-0.01058211,-0.00966384,0.01058172,0.00966345,-0.00223971,-0.00142864,0.00224288,0.00143182,-73.1559,-1.7176,3.7191,16.48025929,44.11536391,1206.3143
13.420000,4393008.882472,4259406.586183,1798098.691583,-48.447326,-47.358432,159.695864,0.99827269,-0.00016508,-0.05873899,-0.00115596,-0.00059364,-0.19335477,-0.00039794,11.1100,1206.1192,2523.4477,-0.00224589,0.00070345,0.505857,-0.01058211,-0.00966384,0.01058172,0.00966345,-0.00332402,-0.00238131,0.00332572,0.00238300,-73.1118,-1.6376,8.6488,16.48027488,44.11536389,1206.1192
13.430000,4393008.397715,4259406.112316,1798100.288074,-48.504385,-47.415351,159.602223,0.99821498,-0.00016927,-0.05971171,-0.00115881,-0.00056623,-0.19583712,-0.00078966,11.1100,1205.9231,2525.1712,-0.00355975,0.00069881,0.505697,-0.01058211,-0.00966384,0.01058172,0.00966345,-0.00438419,-0.00331132,0.00438441,0.00331154,-73.0677,-1.5600,13.5109,16.48029045,44.11536386,1205.9231
13.440000,4393007.912375,4259405.637868,1798101.883622,-48.563959,-47.474670,159.507090,0.99815577,-0.00017318,-0.06069320,-0.00116392,-0.00053310,-0.19689209,-0.00130726,11.1100,1205.7259,2526.8941,-0.00486995,0.00069709,0.505536,-0.01058211,-0.00966384,0.01058172,0.00966345,-0.00490267,-0.00376603,0.00490216,0.00376552,-73.0238,-1.5246,17.8595,16.48030602,44.11536383,1205.7259
13.450000,4393007.426428,4259405.162815,1798103.478212,-48.625836,-47.536224,159.410568,0.99809568,-0.00017676,-0.06167337,-0.00117169,-0.00049873,-0.19535231,-0.00185640,11.1100,1205.5277,2528.6163,-0.00617560,0.00070007,0.505376,-0.01283166,-0.01209575,0.01283382,0.01209790,-0.00511274,-0.00395024,0.00511194,0.00394944,-72.9800,-1.5222,21.9143,16.48032158,44.11536381,1205.5277
13.460000,4393006.939849,4259404.687134,1798105.071828,-48.690250,-47.600305,159.312478,0.99803512,-0.00018005,-0.06264560,-0.00118184,-0.00048176,-0.19375082,-0.00226514,11.1100,1205.3285,2530.3378,-0.00745813,0.00070838,0.505216,-0.01283166,-0.01209575,0.01283382,0.01209790,-0.00585331,-0.00474089,0.00585413,0.00474171,-72.9362,-1.5724,26.4578,16.48033714,44.11536378,1205.3285
13.470000,4393006.452614,4259404.210800,1798106.664456,-48.757091,-47.666822,159.212865,0.99797414,-0.00018319,-0.06360939,-0.00119363,-0.00048209,-0.19200695,-0.00251221,11.1100,1205.1280,2532.0587,-0.00870189,0.00072118,0.505056,-0.01283166,-0.01209575,0.01283382,0.01209790,-0.00654710,-0.00549131,0.00654961,0.00549382,-72.8924,-1.6385,30.8383,16.48035269,44.11536376,1205.1280
13.480000,4393005.964700,4259403.733790,1798108.256080,-48.826076,-47.735492,159.111892,0.99791306,-0.00018628,-0.06456036,-0.00120639,-0.00049054,-0.18866203,-0.00265302,11.1100,1204.9265,2533.7789,-0.00990668,0.00073692,0.504896,-0.01283166,-0.01209575,0.01283382,0.01209790,-0.00688385,-0.00585640,0.00688721,0.00585975,-72.8487,-1.6989,34.7383,16.48036823,44.11536373,1204.9265
13.490000,4393005.476086,4259403.256084,1798109.846689,-48.896996,-47.806104,159.009677,0.99785255,-0.00018935,-0.06548871,-0.00121968,-0.00050187,-0.18299802,-0.00272093,11.1100,1204.7237,2535.4983,-0.01106622,0.00075427,0.504737,-0.01623698,-0.01552653,0.01623634,0.01552589,-0.00701987,-0.00600401,0.00702357,0.00600770,-72.8051,-1.7554,38.3032,16.48038377,44.11536370,1204.7237
13.500000,4393004.986751,4259402.777658,1798111.436268,-48.970381,-47.879189,158.905875,0.99779259,-0.00019241,-0.06639568,-0.00123300,-0.00049912,-0.18013741,-0.00266428,11.1100,1204.5197,2537.2171,-0.01216270,0.00077238,0.504577,-0.01623698,-0.01552653,0.01623634,0.01552589,-0.00830874,-0.00732953,0.00831104,0.00733183,-72.7615,-1.8259,42.8116,16.48039930,44.11536368,1204.5197
13.510000,4393004.496670,4259402.298491,1798113.024801,-49.046120,-47.954632,158.800543,0.99773231,-0.00019546,-0.06729524,-0.00124574,-0.00048211,-0.18005679,-0.00249273,11.1100,1204.3144,2538.9352,-0.01319380,0.00079018,0.504417,-0.01623698,-0.01552653,0.01623634,0.01552589,-0.00957185,-0.00862667,0.00957267,0.00862749,-72.7180,-1.8936,47.0824,16.48041483,44.11536365,1204.3144
13.520000,4393004.005821,4259401.818559,1798114.612274,-49.123793,-48.032009,158.693935,0.99767124,-0.00019847,-0.06819446,-0.00125744,-0.00045882,-0.18002964,-0.00224950,11.1100,1204.1078,2540.6526,-0.01418848,0.00080650,0.504258,-0.01811981,-0.01696681,0.01811988,0.01696687,-0.01018983,-0.00926115,0.01018992,0.00926123,-72.6745,-1.9478,50.5975,16.48043035,44.11536362,1204.1078
13.530000,4393003.514188,4259401.337845,1798116.198676,-49.203160,-48.111071,158.586196,0.99760962,-0.00020145,-0.06908980,-0.00126780,-0.00043381,-0.17854127,-0.00196291,11.1100,1203.8998,2542.3693,-0.01516462,0.00082049,0.504099,-0.01811981,-0.01696681,0.01811988,0.01696687,-0.01044026,-0.00951823,0.01044004,0.00951801,-72.6310,-1.9901,53.6939,16.48044586,44.11536360,1203.8998
13.540000,4393003.021751,4259400.856330,1798117.783993,-49.284537,-48.192149,158.477108,0.99754747,-0.00020444,-0.06998128,-0.00127633,-0.00041772,-0.17851207,-0.00151681,11.1100,1203.6905,2544.0852,-0.01611731,0.00083161,0.503939,-0.01811981,-0.01696681,0.01811988,0.01696687,-0.01133244,-0.01047767,0.01133301,0.01047825,-72.5876,-2.0529,57.3711,16.48046136,44.11536357,1203.6905
13.550000,4393002.528490,4259400.373994,1798119.368213,-49.367860,-48.275160,158.366705,0.99748431,-0.00020757,-0.07087568,-0.00128226,-0.00041087,-0.17973348,-0.00092852,11.1100,1203.4798,2545.8005,-0.01704362,0.00083877,0.503780,-0.01811981,-0.01696681,0.01811988,0.01696687,-0.01216889,-0.01138015,0.01217033,0.01138160,-72.5442,-2.1026,60.9052,16.48047686,44.11536354,1203.4798
13.560000,4393002.034387,4259399.890821,1798120.951323,-49.452875,-48.359819,158.255149,0.99742003,-0.00021090,-0.07177453,-0.00128510,-0.00040857,-0.18032926,-0.00028529,11.1100,1203.2677,2547.5150,-0.01795775,0.00084053,0.503621,-0.01811981,-0.01696681,0.01811988,0.01696687,-0.01257495,-0.01181853,0.01257683,0.01182040,-72.5009,-2.1194,63.9628,16.48049236,44.11536351,1203.2677
13.570000,4393001.539427,4259399.406793,1798122.533312,-49.539436,-48.445947,158.142536,0.99735503,-0.00021444,-0.07267217,-0.00128474,-0.00040812,-0.17928117,0.00035581,11.1100,1203.0542,2549.2288,-0.01886519,0.00083607,0.503462,-0.01811981,-0.01696681,0.01811988,0.01696687,-0.01273897,-0.01199564,0.01274102,0.01199769,-72.4576,-2.1085,66.7570,16.48050784,44.11536349,1203.0542
13.580000,4393001.043590,4259398.921894,1798124.114168,-49.628138,-48.534100,158.028479,0.99728905,-0.00021820,-0.07357218,-0.00128121,-0.00039877,-0.18130303,0.00098012,11.1100,1202.8391,2550.9419,-0.01975597,0.00082528,0.503303,-0.01811981,-0.01696681,0.01811988,0.01696687,-0.01400975,-0.01328032,0.01401087,0.01328144,-72.4143,-2.0793,70.5687,16.48052332,44.11536346,1202.8391
13.590000,4393000.546856,4259398.436103,1798125.693876,-49.718958,-48.624232,157.912985,0.99722096,-0.00022213,-0.07448942,-0.00127465,-0.00038050,-0.18620415,0.00156589,11.1100,1202.6225,2552.6542,-0.02063206,0.00080834,0.503144,-0.01811981,-0.01696681,0.01811988,0.01696687,-0.01524789,-0.01452926,0.01524804,0.01452941,-72.3711,-2.0306,74.2864,16.48053880,44.11536343,1202.6225
13.600000,4393000.049205,4259397.949403,1798127.272423,-49.811584,-48.716018,157.796248,0.99715017,-0.00022620,-0.07543134,-0.00126530,-0.00035851,-0.19121193,0.00208751,11.1100,1202.4045,2554.3658,-0.02152352,0.00078562,0.502985,-0.01811981,-0.01696681,0.01811988,0.01696687,-0.01585304,-0.01513947,0.01585271,0.01513914,-72.3279,-1.9624,77.4224,16.48055426,44.11536340,1202.4045
13.610000,4392999.550617,4259397.461776,1798128.849796,-49.906247,-48.809572,157.678138,0.99707638,-0.00023032,-0.07640063,-0.00125435,-0.00033814,-0.19719411,0.00220506,11.1100,1202.1848,2556.0766,-0.02244811,0.00075774,0.502826,-0.01811981,-0.01696681,0.01811988,0.01696687,-0.01676726,-0.01589842,0.01676699,0.01589815,-72.2847,-1.8025,80.8710,16.48056972,44.11536337,1202.1848
13.620000,4392999.051072,4259396.973205,1798130.425981,-50.002920,-48.904870,157.558653,0.99699930,-0.00023435,-0.07740026,-0.00124381,-0.00032050,-0.20339677,0.00191933,11.1100,1201.9635,2557.7867,-0.02340963,0.00072750,0.502667,-0.01811981,-0.01696681,0.01811988,0.01696687,-0.01753086,-0.01650461,0.01753076,0.01650451,-72.2416,-1.6366,84.2742,16.48058518,44.11536335,1201.9635
13.630000,4392998.550552,4259396.483673,1798132.000965,-50.101435,-49.001807,157.437867,0.99691904,-0.00023818,-0.07842728,-0.00123523,-0.00030465,-0.20819903,0.00140943,11.1100,1201.7406,2559.4960,-0.02441423,0.00069895,0.502508,-0.01811981,-0.01696681,0.01811988,0.01696687,-0.01789336,-0.01678966,0.01789336,0.01678966,-72.1984,-1.5158,87.4525,16.48060062,44.11536332,1201.7406
13.640000,4392998.049037,4259395.993164,1798133.574734,-50.201704,-49.100349,157.315804,0.99683627,-0.00024172,-0.07947250,-0.00122948,-0.00028997,-0.21073194,0.00078739,11.1100,1201.5161,2561.2046,-0.02545716,0.00067497,0.502348,-0.01811981,-0.01696681,0.01811988,0.01696687,-0.01803840,-0.01690324,0.01803844,0.01690328,-72.1553,-1.4315,90.5588,16.48061606,44.11536329,1201.5161
13.650000,4392997.546512,4259395.501661,1798135.147276,-50.303678,-49.200481,157.192471,0.99675190,-0.00024495,-0.08052377,-0.00122695,-0.00027612,-0.21066586,0.00011231,11.1100,1201.2899,2562.9124,-0.02652052,0.00065704,0.502189,-0.01811981,-0.01696681,0.01811988,0.01696687,-0.01809175,-0.01694493,0.01809181,0.01694498,-72.1122,-1.3750,93.6519,16.48063149,44.11536326,1201.2899
13.660000,4392997.042958,4259395.009149,1798136.718579,-50.407295,-49.302177,157.067885,0.99666699,-0.00024782,-0.08156797,-0.00122784,-0.00026298,-0.20795390,-0.00058159,11.1100,1201.0620,2564.6194,-0.02758016,0.00064585,0.502030,-0.01811981,-0.01696681,0.01811988,0.01696687,-0.01811042,-0.01695949,0.01811048,0.01695955,-72.0691,-1.3422,96.7111,16.48064692,44.11536323,1201.0620
13.670000,4392996.538361,4259394.515612,1798138.288630,-50.512468,-49.405374,156.942088,0.99658264,-0.00025033,-0.08259216,-0.00123218,-0.00025047,-0.20269952,-0.00127035,11.1100,1200.8323,2566.3257,-0.02861016,0.00064162,0.501870,-0.01811981,-0.01696681,0.01811988,0.01696687,-0.01811673,-0.01696441,0.01811679,0.01696447,-72.0260,-1.3312,99.6797,16.48066234,44.11536320,1200.8323
13.680000,4392996.032704,4259394.021037,1798139.857417,-50.619070,-49.509978,156.815150,0.99649992,-0.00025245,-0.08358414,-0.00123990,-0.00023855,-0.19509811,-0.00193444,11.1100,1200.6009,2568.0311,-0.02958516,0.00064432,0.501711,-0.01811981,-0.01696681,0.01811988,0.01696687,-0.01811882,-0.01696604,0.01811888,0.01696610,-71.9829,-1.3409,102.4902,16.48067775,44.11536317,1200.6009
13.690000,4392995.525975,4259393.525409,1798141.424930,-50.726944,-49.615857,156.687170,0.99641988,-0.00025419,-0.08453285,-0.00125083,-0.00022720,-0.18541003,-0.00255681,11.1100,1200.3677,2569.7358,-0.03048165,0.00065369,0.501552,-0.01811981,-0.01696681,0.01811988,0.01696687,-0.01811950,-0.01696656,0.01811956,0.01696663,-71.9398,-1.3702,105.0756,16.48069315,44.11536315,1200.3677
13.700000,4392995.018162,4259393.028716,1798142.991157,-50.835901,-49.722853,156.558268,0.99634345,-0.00025555,-0.08542866,-0.00126474,-0.00021639,-0.17394523,-0.00312241,11.1100,1200.1327,2571.4397,-0.03127871,0.00066931,0.501392,-0.01811981,-0.01696681,0.01811988,0.01696687,-0.01811971,-0.01696673,0.01811978,0.01696680,-71.8967,-1.4175,107.3750,16.48070855,44.11536312,1200.1327
