time,pos_x,pos_y,pos_z,vel_x,vel_y,vel_z,q0,q1,q2,q3,omega_x,omega_y,omega_z,mass,altitude,ground_range,alpha,beta,mach,fin_cmd_1,fin_cmd_2,fin_cmd_3,fin_cmd_4,fin_act_1,fin_act_2,fin_act_3,fin_act_4,fin_can_1,fin_can_2,fin_can_3,fin_can_4,fin_source,force_x,force_y,force_z,lat,lon,alt_msl
0.010000,0.000000,0.000000,0.000000,0.000000,0.000000,0.000000,0.99144486,-0.00000036,0.13052619,0.00000006,-0.00000000,0.00000001,-0.00000002,12.7369,1200.0000,0.0000,0.00000000,0.00000000,0.011660,0.00000000,0.00000000,0.00000000,0.00000000,0.00000000,0.00000000,0.00000000,0.00000000,0.00000000,0.00000000,0.00000000,0.00000000,can,0.0000,0.0000,0.0000,16.45747200,44.11536100,1200.0000
0.020000,0.002246,-0.000002,-0.000114,0.529490,-0.000451,-0.044257,0.99144486,-0.00000072,0.13052619,0.00000011,-0.00000000,0.00000002,-0.00000006,12.7344,1200.0001,0.0022,0.00000000,0.00000000,0.011764,0.00000000,0.00000000,0.00000000,0.00000000,0.00000000,0.00000000,0.00000000,0.00000000,0.00000000,0.00000000,0.00000000,0.00000000,can,635.0213,-0.5221,-0.2111,16.45747202,44.11536100,1200.0001
0.030000,0.009702,-0.000008,-0.000647,0.944466,-0.000804,-0.057790,0.99144486,-0.00000108,0.13052619,0.00000017,-0.00000000,0.00000004,-0.00000011,12.7321,1200.0006,0.0097,0.00000000,0.00000000,0.011984,0.00000000,0.00000000,0.00000000,0.00000000,0.00000000,0.00000000,0.00000000,0.00000000,0.00000000,0.00000000,0.00000000,0.00000000,can,498.3915,-0.4098,-0.1657,16.45747209,44.11536100,1200.0006
0.040000,0.021062,-0.000018,-0.001250,1.329907,-0.001131,-0.063398,0.99144486,-0.00000144,0.13052619,0.00000023,-0.00000000,0.00000008,-0.00000019,12.7298,1200.0012,0.0211,0.00000000,0.00000000,0.012292,0.00000000,0.00000000,0.00000000,0.00000000,0.00000000,0.00000000,0.00000000,0.00000000,0.00000000,0.00000000,0.00000000,0.00000000,can,517.9085,-0.4258,-0.1721,16.45747219,44.11536100,1200.0012
0.050000,0.036325,-0.000031,-0.001922,1.727759,-0.001470,-0.072337,0.99144486,-0.00000180,0.13052619,0.00000028,-0.00000000,0.00000012,-0.00000030,12.7272,1200.0019,0.0363,0.00000000,0.00000000,0.012707,0.00000000,0.00000000,0.00000000,0.00000000,0.00000000,0.00000000,0.00000000,0.00000000,0.00000000,0.00000000,0.00000000,0.00000000,can,556.9492,-0.4579,-0.1851,16.45747233,44.11536100,1200.0019
0.060000,0.055765,-0.000047,-0.002736,2.168890,-0.001844,-0.092887,0.99144486,-0.00000216,0.13052619,0.00000034,-0.00000000,0.00000018,-0.00000045,12.7242,1200.0027,0.0558,0.00000000,0.00000000,0.013271,0.00000000,0.00000000,0.00000000,0.00000000,0.00000000,0.00000000,0.00000000,0.00000000,0.00000000,0.00000000,0.00000000,0.00000000,can,625.2656,-0.5141,-0.2078,16.45747250,44.11536100,1200.0027
0.070000,0.079901,-0.000068,-0.003832,2.666904,-0.002267,-0.128699,0.99144486,-0.00000252,0.13052620,0.00000039,-0.00000000,-0.00000129,-0.00000264,12.7210,1200.0038,0.0799,0.00000000,0.00000000,0.014024,0.00000000,0.00000000,0.00000000,0.00000000,0.00000000,0.00000000,0.00000000,0.00000000,0.00000000,0.00000000,0.00000000,0.00000000,can,693.5791,-0.5703,-0.2305,16.45747272,44.11536100,1200.0038
0.080000,0.109277,-0.000093,-0.005357,3.213197,-0.002731,-0.177466,0.99144487,-0.00000289,0.13052616,0.00000040,0.00000000,-0.00001180,-0.00001664,12.7176,1200.0054,0.1093,0.20661903,-0.89363771,0.014971,0.00000000,0.00000000,0.00000000,0.00000000,0.00000000,0.00000000,0.00000000,0.00000000,0.00000000,0.00000000,0.00000000,0.00000000,can,732.6262,-0.5959,-0.2497,16.45747299,44.11536100,1200.0054
0.090000,0.144264,-0.000123,-0.007408,3.789276,-0.003214,-0.234229,0.99144488,-0.00000327,0.13052607,0.00000033,0.00000000,-0.00002551,-0.00003540,12.7142,1200.0074,0.1442,0.20005814,-0.81189474,0.016082,0.00000000,0.00000000,0.00000000,0.00000000,0.00000000,0.00000000,0.00000000,0.00000000,0.00000000,0.00000000,0.00000000,0.00000000,can,771.6627,-0.6247,-0.2652,16.45747330,44.11536100,1200.0074
0.100000,0.185112,-0.000157,-0.010055,4.381572,-0.003707,-0.295346,0.99144490,-0.00000366,0.13052590,0.00000015,0.00000000,-0.00004356,-0.00006059,12.7107,1200.0101,0.1851,0.19448864,-0.73923822,0.017323,0.00000000,0.00000000,0.00000000,0.00000000,0.00000000,0.00000000,0.00000000,0.00000000,0.00000000,0.00000000,0.00000000,0.00000000,can,781.4248,-0.6276,-0.2720,16.45747367,44.11536100,1200.0101
0.110000,0.231896,-0.000197,-0.013316,4.974031,-0.004196,-0.356510,0.99144494,-0.00000407,0.13052563,-0.00000017,0.00000000,-0.00006722,-0.00009408,12.7073,1200.0133,0.2319,0.19024106,-0.67654424,0.018643,0.00000000,0.00000000,0.00000000,0.00000000,0.00000000,0.00000000,0.00000000,0.00000000,0.00000000,0.00000000,0.00000000,0.00000000,can,771.6687,-0.6123,-0.2735,16.45747410,44.11536100,1200.0133
0.120000,0.284544,-0.000241,-0.017172,5.555526,-0.004669,-0.414736,0.99144499,-0.00000450,0.13052523,-0.00000068,0.00000000,-0.00009805,-0.00013818,12.7039,1200.0172,0.2845,0.18727767,-0.62326132,0.020000,0.00000000,0.00000000,0.00000000,0.00000000,0.00000000,0.00000000,0.00000000,0.00000000,0.00000000,0.00000000,0.00000000,0.00000000,can,771.6677,-0.6026,-0.2796,16.45747457,44.11536100,1200.0172
0.130000,0.343007,-0.000290,-0.021610,6.134707,-0.005131,-0.472347,0.99144507,-0.00000497,0.13052464,-0.00000145,0.00000000,-0.00013782,-0.00019549,12.7005,1200.0216,0.3429,0.18494727,-0.57703317,0.021401,0.00000000,0.00000000,0.00000000,0.00000000,0.00000000,0.00000000,0.00000000,0.00000000,0.00000000,0.00000000,0.00000000,0.00000000,can,752.1590,-0.5737,-0.2810,16.45747510,44.11536100,1200.0216
0.140000,0.407214,-0.000344,-0.026612,6.706625,-0.005576,-0.528016,0.99144517,-0.00000548,0.13052384,-0.00000254,0.00000000,-0.00018862,-0.00026917,12.6971,1200.0266,0.4071,0.18322186,-0.53703838,0.022823,0.00000000,0.00000000,0.00000000,0.00000000,0.00000000,0.00000000,0.00000000,0.00000000,0.00000000,0.00000000,0.00000000,0.00000000,can,752.1650,-0.5572,-0.2909,16.45747568,44.11536100,1200.0266
0.150000,0.477140,-0.000402,-0.032171,7.278697,-0.006008,-0.583734,0.99144531,-0.00000605,0.13052275,-0.00000404,0.00000000,-0.00025307,-0.00036326,12.6937,1200.0322,0.4771,0.18176219,-0.50177318,0.024278,0.00000000,0.00000000,0.00000000,0.00000000,0.00000000,0.00000000,0.00000000,0.00000000,0.00000000,0.00000000,0.00000000,0.00000000,can,752.1721,-0.5362,-0.3032,16.45747631,44.11536100,1200.0322
0.160000,0.552813,-0.000464,-0.038294,7.858311,-0.006405,-0.641497,0.99144550,-0.00000668,0.13052130,-0.00000606,0.00000000,-0.00033419,-0.00048245,12.6903,1200.0383,0.5527,0.18033375,-0.47013089,0.025780,0.00000000,0.00000000,0.00000000,0.00000000,0.00000000,0.00000000,0.00000000,0.00000000,0.00000000,0.00000000,0.00000000,0.00000000,can,771.6391,-0.4863,-0.3431,16.45747699,44.11536100,1200.0383
0.170000,0.634332,-0.000530,-0.045008,8.447971,-0.006780,-0.701972,0.99144575,-0.00000740,0.13051941,-0.00000876,0.00000000,-0.00043562,-0.00063244,12.6868,1200.0450,0.6342,0.17887978,-0.44152598,0.027332,0.00000000,0.00000000,0.00000000,0.00000000,0.00000000,0.00000000,0.00000000,0.00000000,0.00000000,0.00000000,0.00000000,0.00000000,can,791.1460,-0.4633,-0.3716,16.45747773,44.11536100,1200.0450
0.180000,0.721797,-0.000599,-0.052340,9.043969,-0.007129,-0.764166,0.99144608,-0.00000823,0.13051695,-0.00001228,0.00000000,-0.00056125,-0.00081931,12.6833,1200.0523,0.7217,0.17748448,-0.41574504,0.028921,0.00000000,0.00000000,0.00000000,0.00000000,0.00000000,0.00000000,0.00000000,0.00000000,0.00000000,0.00000000,0.00000000,0.00000000,can,781.3806,-0.4078,-0.3949,16.45747852,44.11536099,1200.0523
0.190000,0.815212,-0.000672,-0.060291,9.638884,-0.007440,-0.826090,0.99144649,-0.00000920,0.13051379,-0.00001684,0.00000000,-0.00071553,-0.00104997,12.6798,1200.0603,0.8151,0.17627847,-0.39269713,0.030524,0.00000000,0.00000000,0.00000000,0.00000000,0.00000000,0.00000000,0.00000000,0.00000000,0.00000000,0.00000000,0.00000000,0.00000000,can,781.3821,-0.3513,-0.4265,16.45747937,44.11536099,1200.0603
0.200000,0.914576,-0.000748,-0.068862,10.233957,-0.007708,-0.888081,0.99144702,-0.00001034,0.13050980,-0.00002266,0.00000000,-0.00090352,-0.00133243,12.6763,1200.0689,0.9144,0.17520564,-0.37194702,0.032142,0.00000000,0.00000000,0.00000000,0.00000000,0.00000000,0.00000000,0.00000000,0.00000000,0.00000000,0.00000000,0.00000000,0.00000000,can,781.3747,-0.2844,-0.4636,16.45748026,44.11536099,1200.0689
0.210000,1.019916,-0.000826,-0.078060,10.835378,-0.007930,-0.951803,0.99144768,-0.00001167,0.13050477,-0.00003004,0.00000000,-0.00113108,-0.00167756,12.6727,1200.0781,1.0197,0.17414074,-0.35299265,0.033790,0.00000000,0.00000000,0.00000000,0.00000000,0.00000000,0.00000000,0.00000000,0.00000000,0.00000000,0.00000000,0.00000000,0.00000000,can,791.1349,-0.2131,-0.5106,16.45748121,44.11536099,1200.0781
0.220000,1.131308,-0.000906,-0.087905,11.445624,-0.008103,-1.017925,0.99144851,-0.00001326,0.13049850,-0.00003931,0.00000000,-0.00140507,-0.00209992,12.6691,1200.0879,1.1311,0.17304478,-0.33555503,0.035475,0.00000000,0.00000000,0.00000000,0.00000000,0.00000000,0.00000000,0.00000000,0.00000000,0.00000000,0.00000000,0.00000000,0.00000000,can,810.6344,-0.1464,-0.5685,16.45748222,44.11536099,1200.0879
0.230000,1.248854,-0.000988,-0.098425,12.062230,-0.008225,-1.085792,0.99144953,-0.00001516,0.13049075,-0.00005089,0.00000000,-0.00173258,-0.00260845,12.6655,1200.0984,1.2486,0.17195981,-0.31953316,0.037187,0.00000000,0.00000000,0.00000000,0.00000000,0.00000000,0.00000000,0.00000000,0.00000000,0.00000000,0.00000000,0.00000000,0.00000000,can,800.8737,-0.0466,-0.6250,16.45748328,44.11536099,1200.0984
0.240000,1.372554,-0.001071,-0.109621,12.680238,-0.008284,-1.154077,0.99145078,-0.00001741,0.13048122,-0.00006520,0.00000000,-0.00212199,-0.00320121,12.6618,1200.1096,1.3723,0.17095327,-0.30488173,0.038911,0.00000000,0.00000000,0.00000000,0.00000000,0.00000000,0.00000000,0.00000000,0.00000000,0.00000000,0.00000000,0.00000000,0.00000000,can,820.3692,0.0372,-0.7004,16.45748440,44.11536099,1200.1096
0.250000,1.502484,-0.001153,-0.121514,13.305836,-0.008286,-1.224448,0.99145231,-0.00002007,0.13046959,-0.00008267,0.00000001,-0.00258222,-0.00388742,12.6581,1200.1215,1.5022,0.16993175,-0.29130512,0.040665,0.00000000,0.00000000,0.00000000,0.00000000,0.00000000,0.00000000,0.00000000,0.00000000,0.00000000,0.00000000,0.00000000,0.00000000,can,820.3519,0.1475,-0.7799,16.45748557,44.11536099,1200.1215
0.260000,1.638671,-0.001236,-0.134110,13.932828,-0.008217,-1.295249,0.99145416,-0.00002322,0.13045549,-0.00010379,0.00000001,-0.00312335,-0.00467727,12.6544,1200.1341,1.6384,0.16897456,-0.27881268,0.042429,0.00000000,0.00000000,0.00000000,0.00000000,0.00000000,0.00000000,0.00000000,0.00000000,0.00000000,0.00000000,0.00000000,0.00000000,can,830.0914,0.2622,-0.8738,16.45748680,44.11536099,1200.1341
0.270000,1.781166,-0.001318,-0.147426,14.566179,-0.008079,-1.367816,0.99145640,-0.00002692,0.13043848,-0.00012911,0.00000002,-0.00375617,-0.00558115,12.6507,1200.1474,1.7808,0.16801294,-0.26719166,0.044218,0.00000000,0.00000000,0.00000000,0.00000000,0.00000000,0.00000000,0.00000000,0.00000000,0.00000000,0.00000000,0.00000000,0.00000000,can,830.0806,0.3927,-0.9773,16.45748809,44.11536099,1200.1474
0.280000,1.929995,-0.001397,-0.161467,15.199682,-0.007864,-1.440493,0.99145908,-0.00003126,0.13041808,-0.00015922,0.00000002,-0.00449213,-0.00661090,12.6470,1200.1615,1.9296,0.16711681,-0.25645652,0.046013,0.00000000,0.00000000,0.00000000,0.00000000,0.00000000,0.00000000,0.00000000,0.00000000,0.00000000,0.00000000,0.00000000,0.00000000,can,830.0553,0.5357,-1.0941,16.45748944,44.11536099,1200.1615
0.290000,2.085160,-0.001475,-0.176236,15.833337,-0.007568,-1.513287,0.99146227,-0.00003630,0.13039374,-0.00019477,0.00000003,-0.00534360,-0.00777720,12.6433,1200.1762,2.0848,0.16627616,-0.24650770,0.047813,0.00000000,0.00000000,0.00000000,0.00000000,0.00000000,0.00000000,0.00000000,0.00000000,0.00000000,0.00000000,0.00000000,0.00000000,can,830.0267,0.6920,-1.2252,16.45749084,44.11536099,1200.1762
0.300000,2.246662,-0.001548,-0.191733,16.468377,-0.007187,-1.586535,0.99146606,-0.00004216,0.13036488,-0.00023646,0.00000005,-0.00632512,-0.00909046,12.6395,1200.1917,2.2462,0.16546949,-0.23724189,0.049622,0.00000000,0.00000000,0.00000000,0.00000000,0.00000000,0.00000000,0.00000000,0.00000000,0.00000000,0.00000000,0.00000000,0.00000000,can,839.7539,0.8526,-1.3752,16.45749230,44.11536099,1200.1917
0.310000,2.414578,-0.001618,-0.207980,17.115973,-0.006734,-1.663240,0.99147053,-0.00004892,0.13033079,-0.00028505,0.00000007,-0.00745258,-0.01056528,12.6357,1200.2080,2.4141,0.16458006,-0.22844198,0.051470,0.00000000,0.00000000,0.00000000,0.00000000,0.00000000,0.00000000,0.00000000,0.00000000,0.00000000,0.00000000,0.00000000,0.00000000,can,849.4483,1.0306,-1.5446,16.45749381,44.11536098,1200.2080
0.320000,2.588982,-0.001683,-0.224998,17.764943,-0.006190,-1.740413,0.99147577,-0.00005671,0.13029071,-0.00034138,0.00000010,-0.00874181,-0.01221549,12.6319,1200.2250,2.5885,0.16372174,-0.22021145,0.053327,0.00000000,0.00000000,0.00000000,0.00000000,0.00000000,0.00000000,0.00000000,0.00000000,0.00000000,0.00000000,0.00000000,0.00000000,can,849.4208,1.2323,-1.7295,16.45749539,44.11536098,1200.2250
0.330000,2.769877,-0.001742,-0.242789,18.414048,-0.005550,-1.817730,0.99148191,-0.00006563,0.13024381,-0.00040636,0.00000013,-0.01020914,-0.01405267,12.6282,1200.2428,2.7694,0.16289958,-0.21250652,0.055187,0.00000000,0.00000000,0.00000000,0.00000000,0.00000000,0.00000000,0.00000000,0.00000000,0.00000000,0.00000000,0.00000000,0.00000000,can,849.3597,1.4501,-1.9341,16.45749702,44.11536098,1200.2428
0.340000,2.957239,-0.001793,-0.261347,19.057070,-0.004805,-1.893534,0.99148905,-0.00007581,0.13018916,-0.00048090,0.00000018,-0.01187120,-0.01607823,12.6244,1200.2613,2.9567,0.16216087,-0.20533935,0.057032,0.00000000,0.00000000,0.00000000,0.00000000,0.00000000,0.00000000,0.00000000,0.00000000,0.00000000,0.00000000,0.00000000,0.00000000,can,839.5802,1.6867,-2.1550,16.45749872,44.11536098,1200.2613
0.350000,3.151019,-0.001837,-0.280660,19.700223,-0.003967,-1.969495,0.99149733,-0.00008738,0.13012574,-0.00056598,0.00000025,-0.01374802,-0.01830530,12.6206,1200.2807,3.1504,0.16144082,-0.19858858,0.058880,0.00000000,0.00000000,0.00000000,0.00000000,0.00000000,0.00000000,0.00000000,0.00000000,0.00000000,0.00000000,0.00000000,0.00000000,can,849.2685,1.9210,-2.4044,16.45750047,44.11536098,1200.2807
0.360000,3.351268,-0.001873,-0.300744,20.349704,-0.003049,-2.047280,0.99150689,-0.00010047,0.13005244,-0.00066263,0.00000034,-0.01586029,-0.02074751,12.6168,1200.3007,3.3506,0.16068336,-0.19215534,0.060750,0.00000000,0.00000000,0.00000000,0.00000000,0.00000000,0.00000000,0.00000000,0.00000000,0.00000000,0.00000000,0.00000000,0.00000000,can,849.1903,2.1821,-2.6762,16.45750228,44.11536098,1200.3007
0.370000,3.558013,-0.001898,-0.321606,20.998042,-0.002037,-2.124897,0.99151788,-0.00011523,0.12996805,-0.00077194,0.00000045,-0.01822758,-0.02341610,12.6131,1200.3216,3.5573,0.15994676,-0.18607886,0.062618,0.00000000,0.00000000,0.00000000,0.00000000,0.00000000,0.00000000,0.00000000,0.00000000,0.00000000,0.00000000,0.00000000,0.00000000,can,839.3796,2.4675,-2.9695,16.45750415,44.11536098,1200.3216
0.380000,3.771205,-0.001913,-0.343236,21.639027,-0.000921,-2.200693,0.99153046,-0.00013182,0.12987123,-0.00089506,0.00000059,-0.02086920,-0.02632120,12.6094,1200.3432,3.7705,0.15927149,-0.18037489,0.064467,0.00000000,0.00000000,0.00000000,0.00000000,0.00000000,0.00000000,0.00000000,0.00000000,0.00000000,0.00000000,0.00000000,0.00000000,can,829.5823,2.7665,-3.2862,16.45750607,44.11536098,1200.3432
0.390000,3.990769,-0.001916,-0.365614,22.273908,0.000291,-2.275006,0.99154480,-0.00015037,0.12976060,-0.00103319,0.00000078,-0.02380676,-0.02947157,12.6057,1200.3656,3.9900,0.15863769,-0.17499328,0.066299,0.00000000,0.00000000,0.00000000,0.00000000,0.00000000,0.00000000,0.00000000,0.00000000,0.00000000,0.00000000,0.00000000,0.00000000,can,829.5053,3.0714,-3.6307,16.45750806,44.11536098,1200.3656
0.400000,4.216683,-0.001907,-0.388737,22.910100,0.001573,-2.349822,0.99156111,-0.00017107,0.12963460,-0.00118755,0.00000101,-0.02706457,-0.03287626,12.6020,1200.3887,4.2159,0.15798372,-0.16984530,0.068137,0.00000000,0.00000000,0.00000000,0.00000000,0.00000000,0.00000000,0.00000000,0.00000000,0.00000000,0.00000000,0.00000000,0.00000000,can,839.1261,3.3773,-4.0072,16.45751010,44.11536098,1200.3887
0.410000,4.448971,-0.001884,-0.412611,23.545113,0.002920,-2.424481,0.99157957,-0.00019408,0.12949161,-0.00135945,0.00000131,-0.03066368,-0.03654330,12.5983,1200.4126,4.4481,0.15732278,-0.16492652,0.069973,0.00000000,0.00000000,0.00000000,0.00000000,0.00000000,0.00000000,0.00000000,0.00000000,0.00000000,0.00000000,0.00000000,0.00000000,can,819.5338,3.7213,-4.4028,16.45751220,44.11536098,1200.4126
0.420000,4.687561,-0.001848,-0.437220,24.172720,0.004342,-2.497326,0.99160039,-0.00021958,0.12932987,-0.00155019,0.00000168,-0.03462765,-0.04048258,12.5947,1200.4372,4.6867,0.15669108,-0.16025546,0.071789,0.00000000,0.00000000,0.00000000,0.00000000,0.00000000,0.00000000,0.00000000,0.00000000,0.00000000,0.00000000,0.00000000,0.00000000,can,819.4361,4.0603,-4.8313,16.45751435,44.11536098,1200.4372
0.430000,4.932426,-0.001798,-0.462558,24.800394,0.005802,-2.570347,0.99162380,-0.00024774,0.12914751,-0.00176115,0.00000215,-0.03898174,-0.04470473,12.5910,1200.4626,4.9315,0.15603134,-0.15575838,0.073607,0.00000000,0.00000000,0.00000000,0.00000000,0.00000000,0.00000000,0.00000000,0.00000000,0.00000000,0.00000000,0.00000000,0.00000000,can,819.3310,4.4141,-5.2909,16.45751656,44.11536098,1200.4626
0.440000,5.183569,-0.001732,-0.488628,25.428119,0.007286,-2.643541,0.99165003,-0.00027876,0.12894252,-0.00199376,0.00000272,-0.04375053,-0.04921864,12.5874,1200.4886,5.1826,0.15533917,-0.15141807,0.075426,0.00000000,0.00000000,0.00000000,0.00000000,0.00000000,0.00000000,0.00000000,0.00000000,0.00000000,0.00000000,0.00000000,0.00000000,can,819.1978,4.7826,-5.7827,16.45751883,44.11536098,1200.4886
0.450000,5.440964,-0.001652,-0.515423,26.048421,0.008813,-2.714922,0.99167931,-0.00031283,0.12871280,-0.00224948,0.00000343,-0.04895452,-0.05402851,12.5838,1200.5154,5.4399,0.15465554,-0.14726063,0.077224,0.00000000,0.00000000,0.00000000,0.00000000,0.00000000,0.00000000,0.00000000,0.00000000,0.00000000,0.00000000,0.00000000,0.00000000,can,799.5999,5.1762,-6.2960,16.45752116,44.11536098,1200.5154
0.460000,5.704512,-0.001556,-0.542920,26.661292,0.010366,-2.784484,0.99171191,-0.00035016,0.12845612,-0.00252979,0.00000429,-0.05461817,-0.05914160,12.5802,1200.5429,5.7034,0.15397236,-0.14326543,0.079001,0.00000000,0.00000000,0.00000000,0.00000000,0.00000000,0.00000000,0.00000000,0.00000000,0.00000000,0.00000000,0.00000000,0.00000000,can,799.4738,5.5619,-6.8435,16.45752354,44.11536099,1200.5429
0.470000,5.974190,-0.001444,-0.571113,27.274205,0.011888,-2.854201,0.99174806,-0.00039093,0.12817013,-0.00283621,0.00000534,-0.06076750,-0.06456780,12.5766,1200.5711,5.9731,0.15323839,-0.13937534,0.080779,0.00000000,0.00000000,0.00000000,0.00000000,0.00000000,0.00000000,0.00000000,0.00000000,0.00000000,0.00000000,0.00000000,0.00000000,can,799.3180,5.9595,-7.4243,16.45752597,44.11536099,1200.5711
0.480000,6.249996,-0.001318,-0.600004,27.887145,0.013354,-2.924058,0.99178806,-0.00043518,0.12785231,-0.00317031,0.00008261,-0.06744545,-0.07029966,12.5731,1200.6000,6.2488,0.15244906,-0.13557840,0.082558,0.00000000,0.00000000,0.00000000,0.00000000,0.00000000,-0.00096963,0.00000000,0.00000000,0.00000000,-0.00096963,0.00000000,0.00000000,can,799.1745,6.3586,-8.0351,16.45752847,44.11536099,1200.6000
0.490000,6.531933,-0.001178,-0.629595,28.498861,0.014740,-2.993712,0.99183216,-0.00048291,0.12750001,-0.00353367,0.00016729,-0.07466093,-0.07635722,12.5695,1200.6296,6.5307,0.15160644,-0.13186921,0.084335,0.00000000,0.00000000,0.00000000,0.00000000,0.00000000,-0.00096963,0.00000000,0.00000000,0.00000000,-0.00096963,0.00000000,0.00000000,can,789.2627,6.7778,-8.6792,16.45753101,44.11536099,1200.6296
0.500000,6.819974,-0.001024,-0.659879,29.110623,0.016011,-3.063483,0.99188064,-0.00053430,0.12711049,-0.00392793,0.00025994,-0.08244158,-0.08274735,12.5659,1200.6599,6.8187,0.15069824,-0.12823073,0.086113,0.00000000,0.00000000,0.00000000,0.00000000,0.00000000,-0.00096963,0.00000000,0.00000000,0.00000000,-0.00096963,0.00000000,0.00000000,can,798.8602,7.1893,-9.3640,16.45753362,44.11536099,1200.6599
0.510000,7.114145,-0.000858,-0.690865,29.722405,0.017137,-3.133348,0.99193379,-0.00058953,0.12668086,-0.00435475,0.00036102,-0.09080858,-0.08947072,12.5624,1200.6909,7.1128,0.14971933,-0.12465295,0.087891,0.00000000,0.00000000,0.00000000,0.00000000,0.00000000,-0.00096963,0.00000000,0.00000000,0.00000000,-0.00096963,0.00000000,0.00000000,can,788.9289,7.6239,-10.0765,16.45753627,44.11536099,1200.6909
0.520000,7.414397,-0.000681,-0.722540,30.327969,0.018137,-3.201653,0.99199188,-0.00064880,0.12620817,-0.00481578,0.00047108,-0.09978399,-0.09652806,12.5589,1200.7225,7.4130,0.14869607,-0.12115158,0.089652,0.00000000,0.00000000,0.00000000,0.00000000,0.00000000,-0.00096963,0.00000000,0.00000000,0.00000000,-0.00096963,0.00000000,0.00000000,can,788.7488,8.0504,-10.8197,16.45753899,44.11536099,1200.7225
0.530000,7.720705,-0.000496,-0.754898,30.933563,0.018918,-3.270004,0.99205517,-0.00071227,0.12568931,-0.00531269,0.00059070,-0.10939073,-0.10392007,12.5553,1200.7549,7.7192,0.14759011,-0.11769065,0.091413,0.00000000,0.00000000,0.00000000,0.00000000,0.00000000,-0.00096963,0.00000000,0.00000000,0.00000000,-0.00096963,0.00000000,0.00000000,can,788.5581,8.4803,-11.5956,16.45754175,44.11536100,1200.7549
0.540000,8.033068,-0.000304,-0.787940,31.539188,0.019438,-3.338370,0.99212394,-0.00078015,0.12512109,-0.00584713,0.00072051,-0.11965040,-0.11164566,12.5518,1200.7879,8.0315,0.14639601,-0.11426199,0.093176,0.00000000,0.00000000,0.00000000,0.00000000,0.00000000,-0.00096963,0.00000000,0.00000000,0.00000000,-0.00096963,0.00000000,0.00000000,can,788.3566,8.9114,-12.4036,16.45754458,44.11536100,1200.7879
0.550000,8.351489,-0.000108,-0.821665,32.146098,0.019634,-3.407036,0.99219844,-0.00085259,0.12450019,-0.00642075,0.00086120,-0.13058539,-0.11970354,12.5483,1200.8217,8.3499,0.14510242,-0.11085360,0.094942,0.00000000,0.00000000,0.00000000,0.00000000,0.00000000,-0.00096963,0.00000000,0.00000000,0.00000000,-0.00096963,0.00000000,0.00000000,can,797.8776,9.3348,-13.2471,16.45754745,44.11536100,1200.8217
0.560000,8.675990,0.000088,-0.856080,32.753047,0.019473,-3.475643,0.99227892,-0.00092979,0.12382319,-0.00703520,0.00101339,-0.14221114,-0.12808659,12.5447,1200.8561,8.6743,0.14370958,-0.10746278,0.096710,0.00000000,0.00000000,0.00000000,0.00000000,0.00000000,-0.00096963,0.00000000,0.00000000,0.00000000,-0.00096963,0.00000000,0.00000000,can,787.9444,9.7707,-14.1135,16.45755038,44.11536100,1200.8561
0.570000,9.006550,0.000280,-0.891178,33.360050,0.018898,-3.544143,0.99236561,-0.00101192,0.12308660,-0.00769208,0.00117756,-0.15453737,-0.13678522,12.5411,1200.8912,9.0048,0.14221181,-0.10408280,0.098478,0.00000000,0.00000000,0.00000000,0.00000000,0.00000000,-0.00096963,0.00000000,0.00000000,0.00000000,-0.00096963,0.00000000,0.00000000,can,797.4149,10.1841,-15.0141,16.45755337,44.11536100,1200.8912
0.580000,9.343217,0.000464,-0.926969,33.972099,0.017767,-3.613743,0.99245864,-0.00109910,0.12228742,-0.00839256,0.00134954,-0.16730369,-0.14560220,12.5376,1200.9270,9.3414,0.14058211,-0.10069242,0.100262,0.00000000,0.00000000,0.00000000,0.00000000,0.00000000,-0.00096963,0.00000000,0.00000000,0.00000000,-0.00096963,0.00000000,0.00000000,can,787.4503,10.5486,-15.8588,16.45755641,44.11536100,1200.9270
0.590000,9.685967,0.000633,-0.963445,34.578076,0.016004,-3.681288,0.99255795,-0.00119179,0.12142411,-0.00913682,0.00134557,-0.18029666,-0.15444045,12.5340,1200.9635,9.6841,0.13887140,-0.09732553,0.102028,0.00000000,0.00000000,0.00000000,0.00000000,0.00000000,0.00000000,0.00000000,0.00000000,0.00000000,0.00000000,0.00000000,0.00000000,can,787.3281,10.5550,-16.2371,16.45755951,44.11536101,1200.9635
0.600000,10.034804,0.000780,-1.000599,35.190592,0.013206,-3.749690,0.99266342,-0.00129046,0.12049547,-0.00992479,0.00134242,-0.19353874,-0.16324993,12.5305,1201.0006,10.0329,0.13703044,-0.09394586,0.103814,0.00000000,0.00000000,0.00000000,0.00000000,0.00000000,0.00000000,0.00000000,0.00000000,0.00000000,0.00000000,0.00000000,0.00000000,can,796.9347,10.5268,-16.5942,16.45756266,44.11536101,1201.0006
0.610000,10.389780,0.000894,-1.038436,35.804668,0.009379,-3.817588,0.99277492,-0.00139510,0.11950028,-0.01075626,0.00134015,-0.20701209,-0.17201266,12.5269,1201.0384,10.3878,0.13507975,-0.09056608,0.105605,0.00000000,0.00000000,0.00000000,0.00000000,0.00000000,0.00000000,0.00000000,0.00000000,0.00000000,0.00000000,0.00000000,0.00000000,can,796.8070,10.4858,-16.9313,16.45756587,44.11536101,1201.0384
0.620000,10.750873,0.000965,-1.076941,36.414060,0.004585,-3.883339,0.99289226,-0.00150569,0.11843739,-0.01163097,0.00133882,-0.22069823,-0.18071065,12.5233,1201.0770,10.7488,0.13304238,-0.08719962,0.107383,0.00000000,0.00000000,0.00000000,0.00000000,0.00000000,0.00000000,0.00000000,0.00000000,0.00000000,0.00000000,0.00000000,0.00000000,can,796.7071,10.4210,-17.2471,16.45756913,44.11536101,1201.0770
0.630000,11.118088,0.000981,-1.116105,37.028828,-0.001475,-3.949312,0.99301524,-0.00162222,0.11730577,-0.01254853,0.00133850,-0.23457808,-0.18932575,12.5198,1201.1161,11.1160,0.13087945,-0.08381996,0.109176,0.00000000,0.00000000,0.00000000,0.00000000,0.00000000,0.00000000,0.00000000,0.00000000,0.00000000,0.00000000,0.00000000,0.00000000,can,796.5764,10.3345,-17.5444,16.45757245,44.11536101,1201.1161
0.640000,11.491451,0.000931,-1.155924,37.643964,-0.008763,-4.014168,0.99314361,-0.00174463,0.11610445,-0.01350847,0.00133924,-0.24862998,-0.19783844,12.5162,1201.1559,11.4893,0.12860954,-0.08043815,0.110972,0.00000000,0.00000000,0.00000000,0.00000000,0.00000000,0.00000000,0.00000000,0.00000000,0.00000000,0.00000000,0.00000000,0.00000000,can,796.4439,10.2239,-17.8189,16.45757582,44.11536101,1201.1559
0.650000,11.870968,0.000802,-1.196385,38.259486,-0.017353,-4.077800,0.99327711,-0.00187290,0.11483261,-0.01451023,0.00134109,-0.26283064,-0.20622854,12.5126,1201.1964,11.8687,0.12623222,-0.07705299,0.112768,0.00000000,0.00000000,0.00000000,0.00000000,0.00000000,0.00000000,0.00000000,0.00000000,0.00000000,0.00000000,0.00000000,0.00000000,can,796.3096,10.0881,-18.0687,16.45757925,44.11536101,1201.1964
0.660000,12.256642,0.000579,-1.237475,38.875414,-0.027320,-4.140101,0.99341542,-0.00200697,0.11348953,-0.01555314,0.00134412,-0.27715513,-0.21447515,12.5090,1201.2375,12.2543,0.12374724,-0.07366361,0.114566,0.00000000,0.00000000,0.00000000,0.00000000,0.00000000,0.00000000,0.00000000,0.00000000,0.00000000,0.00000000,0.00000000,0.00000000,can,796.1736,9.9263,-18.2919,16.45758274,44.11536101,1201.2375
0.670000,12.648478,0.000250,-1.279182,39.491767,-0.038740,-4.200960,0.99355820,-0.00214676,0.11207461,-0.01663641,0.00134839,-0.29157684,-0.22254884,12.5055,1201.2792,12.6461,0.12115459,-0.07026948,0.116366,0.00000000,0.00000000,0.00000000,0.00000000,0.00000000,0.00000000,0.00000000,0.00000000,0.00000000,0.00000000,0.00000000,0.00000000,can,796.0359,9.7375,-18.4864,16.45758628,44.11536100,1201.2792
0.680000,13.046479,-0.000200,-1.321489,40.109827,-0.051730,-4.260550,0.99370508,-0.00229218,0.11058740,-0.01775907,0.00135398,-0.30606843,-0.23041516,12.5019,1201.3215,13.0440,0.11845068,-0.06686828,0.118170,0.00000000,0.00000000,0.00000000,0.00000000,0.00000000,0.00000000,0.00000000,0.00000000,0.00000000,0.00000000,0.00000000,0.00000000,can,805.6251,9.5147,-18.6541,16.45758987,44.11536100,1201.3215
0.690000,13.450676,-0.000789,-1.364387,40.728353,-0.066319,-4.318468,0.99385565,-0.00244315,0.10902758,-0.01892002,0.00136093,-0.32059903,-0.23804923,12.4983,1201.3644,13.4481,0.11563984,-0.06346243,0.119976,0.00000000,0.00000000,0.00000000,0.00000000,0.00000000,0.00000000,0.00000000,0.00000000,0.00000000,0.00000000,0.00000000,0.00000000,can,795.7885,9.2796,-18.7828,16.45759352,44.11536099,1201.3644
0.700000,13.861048,-0.001532,-1.407853,41.347376,-0.082588,-4.374590,0.99400947,-0.00259953,0.10739499,-0.02011803,0.00136926,-0.33513884,-0.24542754,12.4947,1201.4079,13.8584,0.11272297,-0.06005266,0.121784,0.00000000,0.00000000,0.00000000,0.00000000,0.00000000,0.00000000,0.00000000,0.00000000,0.00000000,0.00000000,0.00000000,0.00000000,can,805.3419,8.9994,-18.8832,16.45759723,44.11536099,1201.4079
0.710000,14.277650,-0.002448,-1.451878,41.971935,-0.100809,-4.429913,0.99416607,-0.00276121,0.10568962,-0.02135175,0.00137898,-0.34965455,-0.25252508,12.4911,1201.4519,14.2749,0.10968725,-0.05663281,0.123608,0.00000000,0.00000000,0.00000000,0.00000000,0.00000000,0.00000000,0.00000000,0.00000000,0.00000000,0.00000000,0.00000000,0.00000000,can,795.4701,8.7064,-18.9428,16.45760099,44.11536098,1201.4519
0.720000,14.700488,-0.003555,-1.496444,42.597031,-0.120865,-4.483181,0.99432411,-0.00292611,0.10392069,-0.02261636,0.00194083,-0.36044840,-0.25789523,12.4875,1201.4965,14.6977,0.10654844,-0.05321183,0.125433,0.00000000,0.00000000,0.00000000,0.00000000,0.01163553,0.01939255,-0.03296733,0.00000000,0.01163553,0.01939255,-0.03296733,0.00000000,can,805.0834,8.0272,-19.8156,16.45760481,44.11536097,1201.4965
0.730000,15.129592,-0.004873,-1.541538,43.223769,-0.143153,-4.535212,0.99448224,-0.00309207,0.10209789,-0.02390679,0.00251254,-0.37105856,-0.26289713,12.4838,1201.5416,15.1267,0.10330749,-0.04980267,0.127264,0.00000000,0.00000000,0.00000000,0.00000000,0.01163553,0.01939255,-0.03296733,0.00000000,0.01163553,0.01939255,-0.03296733,0.00000000,can,804.9354,7.6585,-19.8194,16.45760869,44.11536095,1201.5416
0.740000,15.564966,-0.006424,-1.587141,43.851040,-0.167409,-4.584970,0.99464003,-0.00325887,0.10022218,-0.02522113,0.00309391,-0.38145304,-0.26750654,12.4802,1201.5872,15.5620,0.10000386,-0.04640918,0.129096,0.00000000,0.00000000,0.00000000,0.00000000,0.01163553,0.01939255,-0.03296733,0.00000000,0.01163553,0.01939255,-0.03296733,0.00000000,can,804.7859,7.2609,-19.7843,16.45761262,44.11536094,1201.5872
0.750000,16.006615,-0.008228,-1.633230,44.478847,-0.193690,-4.632354,0.99479703,-0.00342624,0.09829469,-0.02655735,0.00368453,-0.39159820,-0.27169926,12.4766,1201.6332,16.0036,0.09663990,-0.04303356,0.130930,0.00000000,0.00000000,0.00000000,0.00000000,0.01163553,0.01939255,-0.03296733,0.00000000,0.01163553,0.01939255,-0.03296733,0.00000000,can,804.6350,6.8342,-19.7114,16.45761661,44.11536092,1201.6332
0.760000,16.454544,-0.010305,-1.679780,45.107194,-0.222047,-4.677265,0.99495277,-0.00359391,0.09631673,-0.02791332,0.00428369,-0.40145946,-0.27545124,12.4730,1201.6798,16.4514,0.09321822,-0.03967832,0.132765,0.00000000,0.00000000,0.00000000,0.00000000,0.01163553,0.01939255,-0.03296733,0.00000000,0.01163553,0.01939255,-0.03296733,0.00000000,can,804.4830,6.3784,-19.5995,16.45762066,44.11536090,1201.6798
0.770000,16.908760,-0.012676,-1.726766,45.736080,-0.252530,-4.719601,0.99510682,-0.00376161,0.09428977,-0.02928675,0.00489117,-0.41100153,-0.27873991,12.4694,1201.7268,16.9056,0.08974176,-0.03634620,0.134602,0.00000000,0.00000000,0.00000000,0.00000000,0.01163553,0.01939255,-0.03296733,0.00000000,0.01163553,0.01939255,-0.03296733,0.00000000,can,804.3296,5.8937,-19.4475,16.45762477,44.11536088,1201.7268
0.780000,17.369268,-0.015363,-1.774163,46.365507,-0.285185,-4.759265,0.99525871,-0.00392905,0.09221547,-0.03067529,0.00550673,-0.42018836,-0.28154870,12.4657,1201.7742,17.3660,0.08621375,-0.03304018,0.136440,0.00000000,0.00000000,0.00000000,0.00000000,0.01163553,0.01939255,-0.03296733,0.00000000,0.01163553,0.01939255,-0.03296733,0.00000000,can,804.1749,5.3907,-19.2543,16.45762893,44.11536086,1201.7742
0.790000,17.836072,-0.018387,-1.821942,46.995471,-0.320043,-4.796158,0.99540800,-0.00409594,0.09009568,-0.03207648,0.00613021,-0.42898360,-0.28385557,12.4621,1201.8220,17.8327,0.08263774,-0.02976324,0.138279,0.00000000,0.00000000,0.00000000,0.00000000,0.01163553,0.01939255,-0.03296733,0.00000000,0.01163553,0.01939255,-0.03296733,0.00000000,can,804.0188,4.8678,-19.0189,16.45763314,44.11536083,1201.8220
0.800000,18.309204,-0.021773,-1.870081,47.631072,-0.357476,-4.831128,0.99555271,-0.00422952,0.08794736,-0.03349899,0.01991651,-0.43088801,-0.28895582,12.4585,1201.8701,18.3057,0.07900874,-0.02651587,0.140135,0.00000000,0.00000000,0.00000000,0.00000000,0.01163553,0.04557249,-0.05429913,-0.04266360,0.01163553,0.04557249,-0.05429913,-0.04266360,can,803.8600,5.1188,-20.2393,16.45763742,44.11536080,1201.8701
0.810000,18.788669,-0.025539,-1.918556,48.259435,-0.396040,-4.862960,0.99569090,-0.00429649,0.08578796,-0.03495142,0.03384248,-0.43222078,-0.29352218,12.4549,1201.9186,18.7851,0.07536128,-0.02327407,0.141970,0.00000000,0.00000000,0.00000000,0.00000000,0.01163553,0.04557249,-0.05429913,-0.04266360,0.01163553,0.04557249,-0.05429913,-0.04266360,can,784.1829,4.5678,-19.9442,16.45764175,44.11536076,1201.9186
0.820000,19.274395,-0.029701,-1.967330,48.886984,-0.436834,-4.891579,0.99582227,-0.00429578,0.08362026,-0.03643092,0.04790682,-0.43295467,-0.29752626,12.4513,1201.9674,19.2708,0.07174713,-0.02003071,0.143801,0.00000000,0.00000000,0.00000000,0.00000000,0.01163553,0.04557249,-0.05429913,-0.04266360,0.01163553,0.04557249,-0.05429913,-0.04266360,can,793.8971,3.9572,-19.6295,16.45764614,44.11536072,1201.9674
0.830000,19.766411,-0.034284,-2.016378,49.518849,-0.480282,-4.917851,0.99594651,-0.00422629,0.08144729,-0.03793455,0.06211196,-0.43303677,-0.30094090,12.4476,1202.0164,19.7627,0.06816236,-0.01678896,0.145646,0.00000000,0.00000000,0.00000000,0.00000000,0.01163553,0.04557249,-0.05429913,-0.04266360,0.01163553,0.04557249,-0.05429913,-0.04266360,can,813.1024,3.3043,-19.2922,16.45765058,44.11536068,1202.0164
0.840000,20.264799,-0.039317,-2.065682,50.157596,-0.526648,-4.942158,0.99606334,-0.00408690,0.07927223,-0.03945921,0.07645518,-0.43243928,-0.30373859,12.4440,1202.0657,20.2610,0.06460817,-0.01355403,0.147510,0.00000000,0.00000000,0.00000000,0.00000000,0.01163553,0.04557249,-0.05429913,-0.04266360,0.01163553,0.04557249,-0.05429913,-0.04266360,can,803.2580,2.6414,-18.9212,16.45765509,44.11536063,1202.0657
0.850000,20.769538,-0.044823,-2.115207,50.791677,-0.575110,-4.962527,0.99617251,-0.00387650,0.07709844,-0.04100167,0.09093799,-0.43113692,-0.30589392,12.4403,1202.1152,20.7656,0.06110514,-0.01033529,0.149361,0.00000000,0.00000000,0.00000000,0.00000000,0.01163553,0.04557249,-0.05429913,-0.04266360,0.01163553,0.04557249,-0.05429913,-0.04266360,can,812.8166,1.9284,-18.5277,16.45765965,44.11536058,1202.1152
0.860000,21.280685,-0.050832,-2.164930,51.437715,-0.627053,-4.981627,0.99627378,-0.00359395,0.07492936,-0.04255855,0.10556056,-0.42910594,-0.30738229,12.4366,1202.1650,21.2767,0.05763742,-0.00713531,0.151247,0.00000000,0.00000000,0.00000000,0.00000000,0.01163553,0.04557249,-0.05429913,-0.04266360,0.01163553,0.04557249,-0.05429913,-0.04266360,can,812.6506,1.1914,-18.1099,16.45766426,44.11536052,1202.1650
0.870000,21.798268,-0.057371,-2.214825,52.079026,-0.681157,-4.996776,0.99636696,-0.00323810,0.07276857,-0.04412637,0.12032192,-0.42632434,-0.30818053,12.4329,1202.2149,21.7942,0.05423017,-0.00396327,0.153119,0.00000000,0.00000000,0.00000000,0.00000000,0.01163553,0.04557249,-0.05429913,-0.04266360,0.01163553,0.04557249,-0.05429913,-0.04266360,can,812.4848,0.4224,-17.6655,16.45766894,44.11536046,1202.2149
0.880000,22.322292,-0.064466,-2.264859,52.725842,-0.738340,-5.009546,0.99645131,-0.00286254,0.07063666,-0.04568430,0.11257619,-0.41698183,-0.30296545,12.4293,1202.2649,22.3182,0.05087734,-0.00082453,0.155007,0.00000000,0.00000000,0.00000000,0.00000000,0.06981317,0.04654211,-0.05914727,-0.04266360,0.06981317,0.04654211,-0.05914727,-0.04266360,can,812.3165,-1.6583,-18.5308,16.45767368,44.11536040,1202.2649
0.890000,22.852759,-0.072149,-2.315006,53.367619,-0.798742,-5.019463,0.99652643,-0.00252145,0.06855507,-0.04721153,0.10478610,-0.40666545,-0.29702864,12.4256,1202.3150,22.8485,0.04760349,0.00222300,0.156880,0.00000000,0.00000000,0.00000000,0.00000000,0.06981317,0.04654211,-0.05914727,-0.04266360,0.06981317,0.04654211,-0.05914727,-0.04266360,can,812.1485,-2.4963,-18.0697,16.45767847,44.11536032,1202.3150
0.900000,23.389671,-0.080452,-2.365241,54.014843,-0.862276,-5.027028,0.99659264,-0.00221457,0.06652879,-0.04870451,0.09695144,-0.39537329,-0.29036468,12.4219,1202.3653,23.3854,0.04445501,0.00516145,0.158770,0.00000000,0.00000000,0.00000000,0.00000000,0.06981317,0.04654211,-0.05914727,-0.04266360,0.06981317,0.04654211,-0.05914727,-0.04266360,can,811.9782,-3.3432,-17.6079,16.45768332,44.11536025,1202.3653
0.910000,23.933031,-0.089401,-2.415533,54.657200,-0.927934,-5.030861,0.99665033,-0.00194161,0.06456278,-0.05015967,0.08907254,-0.38310890,-0.28297076,12.4183,1202.4156,23.9287,0.04144872,0.00798715,0.160645,0.00000000,0.00000000,0.00000000,0.00000000,0.06981317,0.04654211,-0.05914727,-0.04266360,0.06981317,0.04654211,-0.05914727,-0.04266360,can,811.8082,-4.1962,-17.1450,16.45768823,44.11536016,1202.4156
0.920000,24.482816,-0.099019,-2.465849,55.299827,-0.996172,-5.031762,0.99669993,-0.00170231,0.06266197,-0.05157345,0.08114827,-0.36987684,-0.27484545,12.4146,1202.4659,24.4784,0.03858795,0.01069507,0.162521,0.00000000,0.00000000,0.00000000,0.00000000,0.06981317,0.04654211,-0.05914727,-0.04266360,0.06981317,0.04654211,-0.05914727,-0.04266360,can,811.6799,-5.0523,-16.6877,16.45769319,44.11536007,1202.4659
0.930000,25.039054,-0.109336,-2.516162,55.947789,-1.067473,-5.030472,0.99674191,-0.00149641,0.06083127,-0.05294226,0.07317748,-0.35568758,-0.26598962,12.4109,1202.5162,25.0345,0.03587689,0.01327942,0.164413,0.00000000,0.00000000,0.00000000,0.00000000,0.06981317,0.04654211,-0.05914727,-0.04266360,0.06981317,0.04654211,-0.05914727,-0.04266360,can,811.4640,-5.9091,-16.2421,16.45769822,44.11535998,1202.5162
0.940000,25.601773,-0.120377,-2.566449,56.597220,-1.141409,-5.026569,0.99677676,-0.00132366,0.05907551,-0.05426252,0.06515903,-0.34056086,-0.25640668,12.4072,1202.5665,25.5972,0.03332594,0.01573621,0.166310,0.00000000,0.00000000,0.00000000,0.00000000,0.06981317,0.04654211,-0.05914727,-0.04266360,0.06981317,0.04654211,-0.05914727,-0.04266360,can,821.0490,-6.7712,-15.8260,16.45770330,44.11535987,1202.5665
0.950000,26.170999,-0.132172,-2.616685,57.248122,-1.217924,-5.020170,0.99680502,-0.00118382,0.05739941,-0.05553070,0.05709257,-0.32451577,-0.24610330,12.4035,1202.6167,26.1664,0.03094217,0.01806084,0.168211,0.00000000,0.00000000,0.00000000,0.00000000,0.06981317,0.04654211,-0.05914727,-0.04266360,0.06981317,0.04654211,-0.05914727,-0.04266360,can,820.8732,-7.6190,-15.4326,16.45770845,44.11535976,1202.6167
0.960000,26.746736,-0.144744,-2.666844,57.899149,-1.296814,-5.011224,0.99682689,-0.00107877,0.05581347,-0.05674367,0.04801151,-0.30526249,-0.23529293,12.3998,1202.6669,26.7421,0.02873341,0.02024915,0.170112,0.00000000,0.00000000,0.00000000,0.00000000,0.06981317,0.05817764,-0.06884354,-0.04266360,0.06981317,0.05817764,-0.06884354,-0.04266360,can,820.6965,-8.4085,-15.5973,16.45771365,44.11535964,1202.6669
0.970000,27.328982,-0.158116,-2.716903,58.550233,-1.377960,-5.000292,0.99684262,-0.00101041,0.05432819,-0.05789838,0.03887494,-0.28510193,-0.22379109,12.3961,1202.7170,27.3243,0.02671058,0.02229825,0.172014,0.00000000,0.00000000,0.00000000,0.00000000,0.06981317,0.05817764,-0.06884354,-0.04266360,0.06981317,0.05817764,-0.06884354,-0.04266360,can,820.5190,-9.2323,-15.2672,16.45771891,44.11535952,1202.7170
0.980000,27.917741,-0.172310,-2.766842,59.201392,-1.461319,-4.987100,0.99685282,-0.00097854,0.05294812,-0.05899149,0.02968315,-0.26407187,-0.21161167,12.3923,1202.7669,27.9130,0.02489911,0.02420407,0.173917,0.00000000,0.00000000,0.00000000,0.00000000,0.06981317,0.05817764,-0.06884354,-0.04266360,0.06981317,0.05817764,-0.06884354,-0.04266360,can,820.3408,-10.0388,-14.9793,16.45772423,44.11535939,1202.7669
0.990000,28.513036,-0.187352,-2.816641,59.857731,-1.547413,-4.972376,0.99685811,-0.00098298,0.05167756,-0.06001973,0.02043785,-0.24221985,-0.19877301,12.3886,1202.8167,28.5082,0.02330284,0.02596026,0.175835,0.00000000,0.00000000,0.00000000,0.00000000,0.06981317,0.05817764,-0.06884354,-0.04266360,0.06981317,0.05817764,-0.06884354,-0.04266360,can,820.1144,-10.8251,-14.7414,16.45772961,44.11535925,1202.8167
1.000000,29.114844,-0.203259,-2.866278,60.503812,-1.634296,-4.954636,0.99685910,-0.00102356,0.05052057,-0.06097995,0.01114036,-0.21959893,-0.18529709,12.3849,1202.8663,29.1100,0.02193361,0.02756965,0.177723,0.00000000,0.00000000,0.00000000,0.00000000,0.06981317,0.05817764,-0.06884354,-0.04266360,0.06981317,0.05817764,-0.06884354,-0.04266360,can,820.0283,-11.5841,-14.5545,16.45773504,44.11535910,1202.8663
1.010000,29.723138,-0.220048,-2.915731,61.155070,-1.723722,-4.935720,0.99685638,-0.00110011,0.04948095,-0.06186909,0.00179122,-0.19626351,-0.17120768,12.3812,1202.9158,29.7183,0.02079034,0.02902139,0.179627,0.00000000,0.00000000,0.00000000,0.00000000,0.06981317,0.05817764,-0.06884354,-0.04266360,0.06981317,0.05817764,-0.06884354,-0.04266360,can,819.8014,-12.3141,-14.4303,16.45774054,44.11535894,1202.9158
1.020000,30.337945,-0.237740,-2.964987,61.806289,-1.814947,-4.915278,0.99685050,-0.00121251,0.04856219,-0.06268425,-0.00760793,-0.17227561,-0.15653285,12.3775,1202.9651,30.3331,0.01987934,0.03031426,0.181531,0.00000000,0.00000000,0.00000000,0.00000000,0.06981317,0.05817764,-0.06884354,-0.04266360,0.06981317,0.05817764,-0.06884354,-0.04266360,can,819.6201,-13.0099,-14.3733,16.45774609,44.11535877,1202.9651
1.030000,30.959264,-0.256352,-3.014032,62.457511,-1.907858,-4.893523,0.99684201,-0.00136063,0.04776745,-0.06342264,-0.01705522,-0.14770270,-0.14130426,12.3738,1203.0141,30.9545,0.01920429,0.03144481,0.183436,0.00000000,0.00000000,0.00000000,0.00000000,0.06981317,0.05817764,-0.06884354,-0.04266360,0.06981317,0.05817764,-0.06884354,-0.04266360,can,819.4383,-13.6668,-14.3900,16.45775171,44.11535860,1203.0141
1.040000,31.587095,-0.275902,-3.062854,63.108705,-2.002320,-4.870674,0.99683142,-0.00153410,0.04710108,-0.06408005,-0.02251761,-0.12174601,-0.12471488,12.3701,1203.0629,31.5823,0.01876822,0.03240990,0.185341,0.00000000,0.00000000,0.00000000,0.00000000,0.06981317,0.05817764,-0.07563093,-0.04266360,0.06981317,0.05817764,-0.07563093,-0.04266360,can,819.3040,-14.4815,-14.6885,16.45775738,44.11535842,1203.0629
1.050000,32.221438,-0.296404,-3.111444,63.759843,-2.098362,-4.847123,0.99681925,-0.00172251,0.04656707,-0.06465238,-0.02800723,-0.09534706,-0.10763169,12.3664,1203.1115,32.2167,0.01857449,0.03320030,0.187246,0.00000000,0.00000000,0.00000000,0.00000000,0.06981317,0.05817764,-0.07563093,-0.04266360,0.06981317,0.05817764,-0.07563093,-0.04266360,can,819.0726,-15.0473,-14.8749,16.45776311,44.11535822,1203.1115
1.060000,32.862292,-0.317873,-3.159794,64.410933,-2.195669,-4.822952,0.99680589,-0.00192571,0.04616747,-0.06513736,-0.03352308,-0.06858776,-0.09010120,12.3627,1203.1599,32.8576,0.01863075,0.03381227,0.189152,0.00000000,0.00000000,0.00000000,0.00000000,0.06981317,0.05817764,-0.07563093,-0.04266360,0.06981317,0.05817764,-0.07563093,-0.04266360,can,818.9873,-15.5572,-15.1567,16.45776890,44.11535802,1203.1599
1.070000,33.509682,-0.340325,-3.207904,65.068455,-2.294939,-4.799023,0.99679169,-0.00214362,0.04590391,-0.06553290,-0.03906459,-0.04155253,-0.07217279,12.3589,1203.2080,33.5051,0.01893556,0.03424016,0.191077,0.00000000,0.00000000,0.00000000,0.00000000,0.06981317,0.05817764,-0.07563093,-0.04266360,0.06981317,0.05817764,-0.07563093,-0.04266360,can,828.4622,-16.0157,-15.5456,16.45777475,44.11535781,1203.2080
1.080000,34.163661,-0.363775,-3.255774,65.727178,-2.395325,-4.775103,0.99677692,-0.00237616,0.04577760,-0.06583722,-0.04463024,-0.01433524,-0.05390173,12.3552,1203.2559,34.1591,0.01949005,0.03448519,0.193007,0.00000000,0.00000000,0.00000000,0.00000000,0.06981317,0.05817764,-0.07563093,-0.04266360,0.06981317,0.05817764,-0.07563093,-0.04266360,can,828.3253,-16.4009,-16.0394,16.45778066,44.11535759,1203.2559
1.090000,34.824226,-0.388234,-3.303406,66.385830,-2.496485,-4.751344,0.99676177,-0.00262330,0.04578923,-0.06604878,-0.05021857,0.01296579,-0.03534723,12.3514,1203.3035,34.8198,0.02029341,0.03454683,0.194936,0.00000000,0.00000000,0.00000000,0.00000000,0.06981317,0.05817764,-0.07563093,-0.04266360,0.06981317,0.05817764,-0.07563093,-0.04266360,can,828.0765,-16.7154,-16.6466,16.45778663,44.11535737,1203.3035
1.100000,35.491377,-0.413707,-3.350803,67.044380,-2.598237,-4.728020,0.99674636,-0.00288505,0.04593901,-0.06616636,-0.05582815,0.04024817,-0.01657230,12.3477,1203.3509,35.4871,0.02134349,0.03442442,0.196866,0.00000000,0.00000000,0.00000000,0.00000000,0.06981317,0.05817764,-0.07563093,-0.04266360,0.06981317,0.05817764,-0.07563093,-0.04266360,can,827.8510,-16.9546,-17.3728,16.45779265,44.11535713,1203.3509
1.110000,36.165113,-0.440200,-3.397969,67.702830,-2.700397,-4.705411,0.99673071,-0.00316148,0.04622662,-0.06618905,-0.06145777,0.06740606,0.00235653,12.3439,1203.3981,36.1609,0.02263717,0.03411786,0.198796,0.00000000,0.00000000,0.00000000,0.00000000,0.06981317,0.05817764,-0.07563093,-0.04266360,0.06981317,0.05817764,-0.07563093,-0.04266360,can,827.6752,-17.1138,-18.2233,16.45779874,44.11535688,1203.3981
1.120000,36.845433,-0.467716,-3.444914,68.362462,-2.802948,-4.683925,0.99671479,-0.00345267,0.04665121,-0.06611628,-0.06710768,0.09433490,0.02137273,12.3402,1203.4450,36.8414,0.02416983,0.03362696,0.200731,0.00000000,0.00000000,0.00000000,0.00000000,0.06981317,0.05817764,-0.07563093,-0.04266360,0.06981317,0.05817764,-0.07563093,-0.04266360,can,837.1014,-17.1973,-19.2074,16.45780489,44.11535662,1203.4450
1.130000,37.532362,-0.496259,-3.491652,69.021978,-2.905524,-4.663730,0.99669746,-0.00377977,0.04721642,-0.06595826,-0.08109110,0.12241906,0.03580718,12.3364,1203.4918,37.5285,0.02593677,0.03295348,0.202665,0.00000000,0.00000000,0.00000000,0.00000000,0.07466131,0.06399541,-0.06011690,-0.05720801,0.07466131,0.06399541,-0.06011690,-0.05720801,can,827.2148,-16.0744,-20.6648,16.45781109,44.11535635,1203.4918
1.140000,38.225899,-0.525825,-3.538198,69.686672,-3.007748,-4.645908,0.99667745,-0.00416405,0.04792543,-0.06572570,-0.09510620,0.15006875,0.05014738,12.3326,1203.5383,38.2223,0.02793450,0.03213108,0.204615,0.00000000,0.00000000,0.00000000,0.00000000,0.07466131,0.06399541,-0.06011690,-0.05720801,0.07466131,0.06399541,-0.06011690,-0.05720801,can,836.6864,-15.9802,-21.9301,16.45781736,44.11535608,1203.5383
1.150000,38.926095,-0.556413,-3.584576,70.351201,-3.109636,-4.629984,0.99665443,-0.00460583,0.04877574,-0.06541919,-0.10915061,0.17715594,0.06433462,12.3288,1203.5847,38.9227,0.03017051,0.03117304,0.206565,0.00000000,0.00000000,0.00000000,0.00000000,0.07466131,0.06399541,-0.06011690,-0.05720801,0.07466131,0.06399541,-0.06011690,-0.05720801,can,826.7430,-15.7941,-23.3381,16.45782369,44.11535579,1203.5847
1.160000,39.632922,-0.588016,-3.630805,71.015602,-3.211041,-4.616276,0.99662797,-0.00510548,0.04976424,-0.06503959,-0.12322453,0.20355614,0.07830901,12.3250,1203.6309,39.6298,0.03263624,0.03008148,0.208515,0.00000000,0.00000000,0.00000000,0.00000000,0.07466131,0.06399541,-0.06011690,-0.05720801,0.07466131,0.06399541,-0.06011690,-0.05720801,can,836.2098,-15.5452,-24.9048,16.45783007,44.11535549,1203.6309
1.170000,40.346406,-0.620631,-3.676910,71.681113,-3.311978,-4.605213,0.99659761,-0.00566342,0.05088716,-0.06458808,-0.13732606,0.22913513,0.09200728,12.3213,1203.6770,40.3435,0.03532142,0.02885848,0.210469,0.00000000,0.00000000,0.00000000,0.00000000,0.07466131,0.06399541,-0.06011690,-0.05720801,0.07466131,0.06399541,-0.06011690,-0.05720801,can,835.9139,-15.2074,-26.6281,16.45783652,44.11535519,1203.6770
1.180000,41.066518,-0.654249,-3.722916,72.341244,-3.411435,-4.596468,0.99656285,-0.00628013,0.05214007,-0.06406612,-0.15145461,0.25376321,0.10536456,12.3175,1203.7230,41.0639,0.03821826,0.02750979,0.212407,0.00000000,0.00000000,0.00000000,0.00000000,0.07466131,0.06399541,-0.06011690,-0.05720801,0.07466131,0.06399541,-0.06011690,-0.05720801,can,835.7267,-14.7851,-28.5335,16.45784302,44.11535487,1203.7230
1.190000,41.793256,-0.688860,-3.768853,73.006360,-3.510636,-4.591405,0.99652311,-0.00695614,0.05351788,-0.06347550,-0.16561077,0.27731671,0.11831484,12.3137,1203.7690,41.7910,0.04130914,0.02603485,0.214361,0.00000000,0.00000000,0.00000000,0.00000000,0.07466131,0.06399541,-0.06011690,-0.05720801,0.07466131,0.06399541,-0.06011690,-0.05720801,can,835.4815,-14.2784,-30.6018,16.45784959,44.11535455,1203.7690
1.200000,42.526644,-0.724458,-3.814756,73.671192,-3.608737,-4.589792,0.99647855,-0.00769494,0.05500100,-0.06281854,-0.18059091,0.29403450,0.13062198,12.3099,1203.8149,42.5247,0.04458356,0.02443996,0.216314,0.00000000,0.00000000,0.00000000,0.00000000,0.07466131,0.04848137,-0.04363323,-0.05720801,0.07466131,0.04848137,-0.04363323,-0.05720801,can,835.2901,-13.6454,-31.5317,16.45785622,44.11535422,1203.8149
1.210000,43.266680,-0.761031,-3.860656,74.335858,-3.705557,-4.590862,0.99642940,-0.00850007,0.05656901,-0.06209789,-0.19559708,0.30937485,0.14237476,12.3061,1203.8608,43.2652,0.04801343,0.02273086,0.218267,0.00000000,0.00000000,0.00000000,0.00000000,0.07466131,0.04848137,-0.04363323,-0.05720801,0.07466131,0.04848137,-0.04363323,-0.05720801,can,835.0416,-12.9635,-33.8969,16.45786290,44.11535387,1203.8608
1.220000,44.013360,-0.798565,-3.906586,75.000194,-3.800991,-4.595888,0.99637518,-0.00937221,0.05821476,-0.06131635,-0.21062793,0.32324557,0.15350203,12.3023,1203.9067,44.0122,0.05154138,0.02091314,0.220219,0.00000000,0.00000000,0.00000000,0.00000000,0.07466131,0.04848137,-0.04363323,-0.05720801,0.07466131,0.04848137,-0.04363323,-0.05720801,can,834.7347,-12.1934,-36.3880,16.45786965,44.11535352,1203.9067
1.230000,44.766682,-0.837046,-3.952588,75.664170,-3.894902,-4.605077,0.99631547,-0.01031211,0.05993063,-0.06047705,-0.22568187,0.33556011,0.16393214,12.2985,1203.9527,44.7660,0.05515142,0.01899281,0.222171,0.00000000,0.00000000,0.00000000,0.00000000,0.07466131,0.04848137,-0.04363323,-0.05720801,0.07466131,0.04848137,-0.04363323,-0.05720801,can,834.4822,-11.3349,-39.0003,16.45787645,44.11535316,1203.9527
1.240000,45.526642,-0.876457,-3.998702,76.327759,-3.987160,-4.618622,0.99624982,-0.01132050,0.06170860,-0.05958347,-0.24075707,0.34623838,0.17359341,12.2947,1203.9989,45.5264,0.05882689,0.01697646,0.224122,0.00000000,0.00000000,0.00000000,0.00000000,0.07466131,0.04848137,-0.04363323,-0.05720801,0.07466131,0.04848137,-0.04363323,-0.05720801,can,834.2280,-10.3884,-41.7278,16.45788332,44.11535279,1203.9989
1.250000,46.293236,-0.916783,-4.044975,76.990961,-4.077648,-4.636706,0.99617787,-0.01239820,0.06354022,-0.05863942,-0.25585143,0.35520758,0.18241462,12.2909,1204.0451,46.2935,0.06255047,0.01487131,0.226072,0.00000000,0.00000000,0.00000000,0.00000000,0.07466131,0.04848137,-0.04363323,-0.05720801,0.07466131,0.04848137,-0.04363323,-0.05720801,can,834.0301,-9.3548,-44.5638,16.45789025,44.11535242,1204.0451
1.260000,47.066460,-0.958004,-4.091452,77.655004,-4.166402,-4.659653,0.99609927,-0.01354603,0.06541672,-0.05764904,-0.27096583,0.36240751,0.19032602,12.2871,1204.0916,47.0673,0.06630324,0.01268502,0.228024,0.00000000,0.00000000,0.00000000,0.00000000,0.07466131,0.04848137,-0.04363323,-0.05720801,0.07466131,0.04848137,-0.04363323,-0.05720801,can,843.4734,-8.2436,-47.5047,16.45789723,44.11535203,1204.0916
1.270000,47.846361,-1.000107,-4.138188,78.323688,-4.253778,-4.688109,0.99601372,-0.01476488,0.06732912,-0.05661680,-0.28610927,0.36783772,0.19725854,12.2833,1204.1384,47.8477,0.07006350,0.01042547,0.229991,0.00000000,0.00000000,0.00000000,0.00000000,0.07466131,0.04848137,-0.04363323,-0.05720801,0.07466131,0.04848137,-0.04363323,-0.05720801,can,833.4534,-7.0333,-50.5355,16.45790428,44.11535164,1204.1384
1.280000,48.632906,-1.043069,-4.185228,78.985351,-4.338280,-4.720703,0.99592090,-0.01606045,0.06926778,-0.05554809,-0.30315075,0.37110549,0.20276939,12.2795,1204.1854,48.6349,0.07382308,0.00810359,0.231938,0.00000000,0.00000000,0.00000000,0.00000000,0.07466131,0.04848137,-0.04169398,-0.05720801,0.07466131,0.04848137,-0.04169398,-0.05720801,can,833.2563,-5.6590,-53.5637,16.45791138,44.11535123,1204.1854
1.290000,49.426092,-1.086868,-4.232622,79.652966,-4.421287,-4.759201,0.99582054,-0.01743846,0.07122290,-0.05444857,-0.32022277,0.37256872,0.20717400,12.2756,1204.2328,49.4287,0.07755099,0.00572942,0.233902,0.00000000,0.00000000,0.00000000,0.00000000,0.07466131,0.04848137,-0.04169398,-0.05720801,0.07466131,0.04848137,-0.04169398,-0.05720801,can,842.6958,-4.3070,-56.7614,16.45791855,44.11535082,1204.2328
1.300000,50.225963,-1.131488,-4.280429,80.321252,-4.502183,-4.803070,0.99571246,-0.01889992,0.07318524,-0.05332357,-0.33732417,0.37220477,0.21041268,12.2718,1204.2806,50.2292,0.08123117,0.00331401,0.235868,0.00000000,0.00000000,0.00000000,0.00000000,0.07466131,0.04848137,-0.04169398,-0.05720801,0.07466131,0.04848137,-0.04169398,-0.05720801,can,842.4333,-2.8752,-60.0159,16.45792578,44.11535041,1204.2806
1.310000,51.032515,-1.176904,-4.328701,80.987576,-4.580614,-4.852007,0.99559656,-0.02044582,0.07514546,-0.05217869,-0.35445080,0.36999904,0.21243036,12.2680,1204.3289,51.0364,0.08484820,0.00086804,0.237829,0.00000000,0.00000000,0.00000000,0.00000000,0.07466131,0.04848137,-0.04169398,-0.05720801,0.07466131,0.04848137,-0.04169398,-0.05720801,can,832.4715,-1.3685,-63.3130,16.45793306,44.11534998,1204.3289
1.320000,51.845687,-1.223089,-4.377483,81.648013,-4.656108,-4.905469,0.99547279,-0.02207718,0.07709414,-0.05101974,-0.37160214,0.36595260,0.21317908,12.2642,1204.3777,51.8503,0.08838830,-0.00159749,0.239773,0.00000000,0.00000000,0.00000000,0.00000000,0.07466131,0.04848137,-0.04169398,-0.05720801,0.07466131,0.04848137,-0.04169398,-0.05720801,can,841.9074,0.1828,-66.6454,16.45794041,44.11534955,1204.3777
1.330000,52.665498,-1.270021,-4.426832,82.314183,-4.729930,-4.965201,0.99534117,-0.02379502,0.07902191,-0.04985274,-0.38877719,0.36007804,0.21261307,12.2603,1204.4271,52.6708,0.09182115,-0.00407119,0.241733,0.00000000,0.00000000,0.00000000,0.00000000,0.07466131,0.04848137,-0.04169398,-0.05720801,0.07466131,0.04848137,-0.04169398,-0.05720801,can,841.6408,1.7965,-70.0014,16.45794782,44.11534911,1204.4271
1.340000,53.491968,-1.317680,-4.476805,82.979574,-4.801350,-5.030240,0.99520176,-0.02560038,0.08091942,-0.04868392,-0.40597323,0.35239875,0.21069182,12.2565,1204.4770,53.4980,0.09513627,-0.00654113,0.243692,0.00000000,0.00000000,0.00000000,0.00000000,0.07466131,0.04848137,-0.04169398,-0.05720801,0.07466131,0.04848137,-0.04169398,-0.05720801,can,841.3728,3.4580,-73.3640,16.45795528,44.11534866,1204.4770
1.350000,54.325087,-1.366040,-4.527454,83.644155,-4.870370,-5.100556,0.99505469,-0.02749428,0.08277749,-0.04751964,-0.42318841,0.34295185,0.20738099,12.2526,1204.5277,54.3319,0.09831666,-0.00899509,0.245649,0.00000000,0.00000000,0.00000000,0.00000000,0.07466131,0.04848137,-0.04169398,-0.05720801,0.07466131,0.04848137,-0.04169398,-0.05720801,can,841.1033,5.1594,-76.7188,16.45796281,44.11534821,1204.5277
1.360000,55.164874,-1.415082,-4.578837,84.313077,-4.937544,-5.176945,0.99489811,-0.02956923,0.08457344,-0.04637611,-0.47623454,0.32479044,0.19554689,12.2488,1204.5791,55.1725,0.10133964,-0.01141992,0.247619,0.00000000,0.00000000,0.00000000,0.00000000,0.07466131,0.04945100,-0.01066590,-0.05720801,0.07466131,0.04945100,-0.01066590,-0.05720801,can,840.8302,8.6055,-78.4517,16.45797040,44.11534775,1204.5791
1.370000,56.011322,-1.464773,-4.631000,84.977610,-5.000534,-5.256639,0.99472962,-0.03191699,0.08628433,-0.04526931,-0.52907048,0.30489229,0.18230490,12.2449,1204.6312,56.0198,0.10417852,-0.01377066,0.249575,0.00000000,0.00000000,0.00000000,0.00000000,0.07466131,0.04945100,-0.01066590,-0.05720801,0.07466131,0.04945100,-0.01066590,-0.05720801,can,850.3166,10.3436,-81.7218,16.45797804,44.11534729,1204.6312
1.380000,56.864449,-1.515088,-4.683991,85.646458,-5.061831,-5.342171,0.99454838,-0.03453732,0.08790100,-0.04420539,-0.58166201,0.28337808,0.16764518,12.2411,1204.6842,56.8738,0.10675401,-0.01603458,0.251545,0.00000000,0.00000000,0.00000000,0.00000000,0.07466131,0.04945100,-0.01066590,-0.05720801,0.07466131,0.04945100,-0.01066590,-0.05720801,can,840.2803,12.0879,-84.8612,16.45798575,44.11534681,1204.6842
1.390000,57.724222,-1.566001,-4.737855,86.307978,-5.120441,-5.431320,0.99435334,-0.03742984,0.08941492,-0.04319049,-0.63400278,0.26039602,0.15156443,12.2372,1204.7381,57.7345,0.10906589,-0.01820272,0.253493,0.00000000,0.00000000,0.00000000,0.00000000,0.07466131,0.04945100,-0.01066590,-0.05720801,0.07466131,0.04945100,-0.01066590,-0.05720801,can,840.0691,13.8023,-87.8665,16.45799352,44.11534634,1204.7381
1.400000,58.590632,-1.617493,-4.792637,86.975169,-5.177812,-5.526099,0.99414321,-0.04059412,0.09081830,-0.04223077,-0.68609224,0.23611210,0.13406655,12.2334,1204.7929,58.6018,0.11108449,-0.02026127,0.255458,0.00000000,0.00000000,0.00000000,0.00000000,0.07466131,0.04945100,-0.01066590,-0.05720801,0.07466131,0.04945100,-0.01066590,-0.05720801,can,849.4837,15.4782,-90.7407,16.45800135,44.11534586,1204.7929
1.410000,59.463723,-1.669551,-4.848391,87.642823,-5.233635,-5.625340,0.99391642,-0.04402964,0.09210415,-0.04133230,-0.73792137,0.21070626,0.11516647,12.2295,1204.8487,59.4759,0.11280526,-0.02219945,0.257425,0.00000000,0.00000000,0.00000000,0.00000000,0.07466131,0.04945100,-0.01066590,-0.05720801,0.07466131,0.04945100,-0.01066590,-0.05720801,can,849.1354,17.1190,-93.4543,16.45800924,44.11534537,1204.8487
1.420000,60.343486,-1.722161,-4.905157,88.309684,-5.288006,-5.728524,0.99367115,-0.04773576,0.09326633,-0.04050106,-0.78948002,0.18437278,0.09488987,12.2256,1204.9054,60.3566,0.11422073,-0.02400549,0.259391,0.00000000,0.00000000,0.00000000,0.00000000,0.07466131,0.04945100,-0.01066590,-0.05720801,0.07466131,0.04945100,-0.01066590,-0.05720801,can,848.9166,18.7038,-95.9928,16.45801718,44.11534488,1204.9054
1.430000,61.229914,-1.775307,-4.962973,88.975801,-5.341166,-5.835341,0.99340524,-0.05171174,0.09429965,-0.03974287,-0.84076033,0.15731964,0.07327333,12.2217,1204.9633,61.2440,0.11532407,-0.02566713,0.261354,0.00000000,0.00000000,0.00000000,0.00000000,0.07466131,0.04945100,-0.01066590,-0.05720801,0.07466131,0.04945100,-0.01066590,-0.05720801,can,848.6302,20.2192,-98.3410,16.45802519,44.11534438,1204.9633
1.440000,62.123025,-1.828983,-5.021880,89.647682,-5.393963,-5.946664,0.99312801,-0.05578971,0.09515469,-0.03911335,-0.82265796,0.11505545,0.03601892,12.2178,1205.0222,62.1381,0.11610236,-0.02717016,0.263335,0.00000000,0.00000000,0.00000000,0.00000000,0.01939255,0.04945100,-0.00969627,-0.05720801,0.01939255,0.04945100,-0.00969627,-0.05720801,can,858.0315,25.0602,-97.0979,16.45803326,44.11534388,1205.0222
1.450000,63.022843,-1.883167,-5.081900,90.314476,-5.442585,-6.057538,0.99285133,-0.05980403,0.09578345,-0.03866834,-0.80489388,0.07256361,-0.00260407,12.2139,1205.0822,63.0390,0.11653598,-0.02836395,0.265301,0.00000000,0.00000000,0.00000000,0.00000000,0.01939255,0.04945100,-0.00969627,-0.05720801,0.01939255,0.04945100,-0.00969627,-0.05720801,can,848.1154,26.3145,-98.9741,16.45804139,44.11534337,1205.0822
1.460000,63.929339,-1.937836,-5.143043,90.985943,-5.491432,-6.171791,0.99257645,-0.06375698,0.09618458,-0.03841300,-0.78745229,0.03012349,-0.04232280,12.2100,1205.1434,63.9465,0.11652142,-0.02915362,0.267280,0.00000000,0.00000000,0.00000000,0.00000000,0.01939255,0.04945100,-0.00969627,-0.05720801,0.01939255,0.04945100,-0.00969627,-0.05720801,can,857.5116,27.2626,-100.5390,16.45804958,44.11534286,1205.1434
1.470000,64.842560,-1.992996,-5.205341,91.658265,-5.540613,-6.288083,0.99230423,-0.06765058,0.09635817,-0.03835112,-0.77031907,-0.01198180,-0.08284255,12.2061,1205.2057,64.8609,0.11607265,-0.02953057,0.269263,0.00000000,0.00000000,0.00000000,0.00000000,0.01939255,0.04945100,-0.00969627,-0.05720801,0.01939255,0.04945100,-0.00969627,-0.05720801,can,857.2127,27.9055,-101.7702,16.45805783,44.11534234,1205.2057
1.480000,65.762503,-2.048651,-5.268809,92.328961,-5.590373,-6.405299,0.99203516,-0.07148656,0.09630578,-0.03848509,-0.75348182,-0.05346762,-0.12384864,12.2022,1205.2692,65.7819,0.11520439,-0.02948904,0.271242,0.00000000,0.00000000,0.00000000,0.00000000,0.01939255,0.04945100,-0.00969627,-0.05720801,0.01939255,0.04945100,-0.00969627,-0.05720801,can,847.1524,28.2228,-102.6583,16.45806614,44.11534182,1205.2692
1.490000,66.689113,-2.104805,-5.333444,92.992981,-5.640722,-6.521815,0.99176936,-0.07526638,0.09603041,-0.03881579,-0.73692796,-0.09405088,-0.16501638,12.1983,1205.3338,66.7096,0.11393701,-0.02902741,0.273201,0.00000000,0.00000000,0.00000000,0.00000000,0.01939255,0.04945100,-0.00969627,-0.05720801,0.01939255,0.04945100,-0.00969627,-0.05720801,can,846.9212,28.1793,-103.1999,16.45807452,44.11534129,1205.3338
1.500000,67.622388,-2.161473,-5.399250,93.663354,-5.693348,-6.639440,0.99150659,-0.07899121,0.09553656,-0.03934261,-0.72064542,-0.13345184,-0.20601120,12.1944,1205.3996,67.6441,0.11227076,-0.02814192,0.275180,0.00000000,0.00000000,0.00000000,0.00000000,0.01939255,0.04945100,-0.00969627,-0.05720801,0.01939255,0.04945100,-0.00969627,-0.05720801,can,856.2355,27.7655,-103.4101,16.45808295,44.11534076,1205.3996
1.510000,68.562355,-2.218677,-5.466226,94.329909,-5.747779,-6.755581,0.99124627,-0.08266190,0.09483022,-0.04006339,-0.70462382,-0.17139577,-0.24648823,12.1904,1205.4666,68.5852,0.11023721,-0.02683935,0.277149,0.00000000,0.00000000,0.00000000,0.00000000,0.01939255,0.04945100,-0.00969627,-0.05720801,0.01939255,0.04945100,-0.00969627,-0.05720801,can,855.9982,26.9815,-103.2710,16.45809144,44.11534023,1205.4666
1.520000,69.509013,-2.276440,-5.534361,95.001798,-5.805371,-6.871285,0.99098753,-0.08627903,0.09391884,-0.04097440,-0.68885361,-0.20761557,-0.28609842,12.1865,1205.5347,69.5331,0.10784681,-0.02512445,0.279133,0.00000000,0.00000000,0.00000000,0.00000000,0.01939255,0.04945100,-0.00969627,-0.05720801,0.01939255,0.04945100,-0.00969627,-0.05720801,can,855.6861,25.8140,-102.8013,16.45809999,44.11533969,1205.5347
1.530000,70.462391,-2.334795,-5.603644,95.673931,-5.866113,-6.984931,0.99072794,-0.08984215,0.09282585,-0.04207017,-0.67332928,-0.23605126,-0.32390718,12.1826,1205.6040,70.4877,0.10512924,-0.02300961,0.281119,0.00000000,0.00000000,0.00000000,0.00000000,0.02036217,0.05817764,-0.01939255,-0.05720801,0.02036217,0.05817764,-0.01939255,-0.05720801,can,855.3711,24.1209,-103.3375,16.45810861,44.11533914,1205.6040
1.540000,71.422492,-2.393776,-5.674056,96.346178,-5.930766,-7.096917,0.99046495,-0.09335060,0.09157610,-0.04334361,-0.65808620,-0.26227877,-0.36010891,12.1787,1205.6745,71.4490,0.10212782,-0.02051339,0.283107,0.00000000,0.00000000,0.00000000,0.00000000,0.02036217,0.05817764,-0.01939255,-0.05720801,0.02036217,0.05817764,-0.01939255,-0.05720801,can,855.0535,22.1725,-102.1945,16.45811728,44.11533859,1205.6745
1.550000,72.389342,-2.453427,-5.745577,97.024017,-6.000047,-7.206547,0.99019719,-0.09680441,0.09018114,-0.04478619,-0.64314578,-0.28611535,-0.39436253,12.1747,1205.7460,72.4171,0.09890439,-0.01765507,0.285111,0.00000000,0.00000000,0.00000000,0.00000000,0.02036217,0.05817764,-0.01939255,-0.05720801,0.02036217,0.05817764,-0.01939255,-0.05720801,can,854.7308,19.8402,-100.7869,16.45812602,44.11533803,1205.7460
1.560000,73.362948,-2.513790,-5.818170,97.698441,-6.073458,-7.311665,0.98992322,-0.10020341,0.08865361,-0.04638788,-0.62850476,-0.30739367,-0.42633751,12.1708,1205.8186,73.3920,0.09549643,-0.01445874,0.287107,0.00000000,0.00000000,0.00000000,0.00000000,0.02036217,0.05817764,-0.01939255,-0.05720801,0.02036217,0.05817764,-0.01939255,-0.05720801,can,864.0943,17.1199,-99.1301,16.45813481,44.11533746,1205.8186
1.570000,74.343338,-2.574915,-5.891800,98.378489,-6.152389,-7.413350,0.98964162,-0.10354724,0.08700718,-0.04813719,-0.61416088,-0.32596584,-0.45571250,12.1668,1205.8922,74.3738,0.09192369,-0.01094853,0.289119,0.00000000,0.00000000,0.00000000,0.00000000,0.02036217,0.05817764,-0.01939255,-0.05720801,0.02036217,0.05817764,-0.01939255,-0.05720801,can,854.0792,14.0481,-97.2431,16.45814367,44.11533689,1205.8922
1.580000,75.330493,-2.636852,-5.966416,99.053863,-6.236098,-7.509344,0.98935101,-0.10683531,0.08525644,-0.05002125,-0.60011153,-0.34170256,-0.48218552,12.1629,1205.9669,75.3623,0.08822600,-0.00715453,0.291118,0.00000000,0.00000000,0.00000000,0.00000000,0.02036217,0.05817764,-0.01939255,-0.05720801,0.02036217,0.05817764,-0.01939255,-0.05720801,can,863.5105,10.6052,-95.1473,16.45815259,44.11533631,1205.9669
1.590000,76.324443,-2.699659,-6.041973,99.734902,-6.326126,-7.600952,0.98905016,-0.11006690,0.08341680,-0.05202593,-0.58635480,-0.35449644,-0.50547383,12.1589,1206.0424,76.3576,0.08442405,-0.00310743,0.293134,0.00000000,0.00000000,0.00000000,0.00000000,0.02036217,0.05817764,-0.01939255,-0.05720801,0.02036217,0.05817764,-0.01939255,-0.05720801,can,853.4182,6.8440,-92.8637,16.45816157,44.11533572,1206.0424
1.600000,77.325192,-2.763395,-6.118416,100.416328,-6.422210,-7.686880,0.98873733,-0.11323656,0.08151784,-0.05413697,-0.57136174,-0.35878679,-0.52500730,12.1550,1206.1189,77.3598,0.08055356,0.00115788,0.295153,0.00000000,0.00000000,0.00000000,0.00000000,0.02036217,0.06593466,-0.02811919,-0.05720801,0.02036217,0.06593466,-0.02811919,-0.05720801,can,862.7684,2.6812,-91.6816,16.45817061,44.11533513,1206.1189
1.610000,78.332744,-2.828123,-6.195692,101.094101,-6.524425,-7.767180,0.98841118,-0.11633877,0.07958977,-0.05633907,-0.55668512,-0.35999362,-0.54085736,12.1510,1206.1962,78.3689,0.07666553,0.00560334,0.297161,0.00000000,0.00000000,0.00000000,0.00000000,0.02036217,0.06593466,-0.02811919,-0.05720801,0.02036217,0.06593466,-0.02811919,-0.05720801,can,862.5083,-1.6788,-89.1199,16.45817971,44.11533452,1206.1962
1.620000,79.347101,-2.893909,-6.273743,101.777371,-6.633909,-7.842010,0.98807136,-0.11937255,0.07764971,-0.05861494,-0.54232317,-0.35811831,-0.55282912,12.1471,1206.2742,79.3848,0.07282067,0.01018892,0.299186,0.00000000,0.00000000,0.00000000,0.00000000,0.02036217,0.06593466,-0.02811919,-0.05720801,0.02036217,0.06593466,-0.02811919,-0.05720801,can,862.1698,-6.2904,-86.5086,16.45818888,44.11533391,1206.2742
1.630000,80.368293,-2.960824,-6.352511,102.460908,-6.750227,-7.910400,0.98771779,-0.12233684,0.07571517,-0.06094654,-0.52827907,-0.35307908,-0.56076041,12.1431,1206.3530,80.4075,0.06905245,0.01487374,0.301213,0.00000000,0.00000000,0.00000000,0.00000000,0.02036217,0.06593466,-0.02811919,-0.05720801,0.02036217,0.06593466,-0.02811919,-0.05720801,can,861.8301,-11.1203,-83.8777,16.45819810,44.11533328,1206.3530
1.640000,81.396320,-3.028937,-6.431929,103.144570,-6.873548,-7.972227,0.98735071,-0.12523058,0.07380419,-0.06331529,-0.51456461,-0.34487636,-0.56452246,12.1391,1206.4325,81.4372,0.06538992,0.01961539,0.303240,0.00000000,0.00000000,0.00000000,0.00000000,0.02036217,0.06593466,-0.02811919,-0.05720801,0.02036217,0.06593466,-0.02811919,-0.05720801,can,861.4929,-16.1307,-81.2543,16.45820739,44.11533264,1206.4325
1.650000,82.431184,-3.098318,-6.511933,103.828250,-7.003994,-8.027427,0.98697068,-0.12805275,0.07193474,-0.06570213,-0.50117364,-0.33359886,-0.56402498,12.1352,1206.5125,82.4737,0.06186206,0.02437049,0.305269,0.00000000,0.00000000,0.00000000,0.00000000,0.02036217,0.06593466,-0.02811919,-0.05720801,0.02036217,0.06593466,-0.02811919,-0.05720801,can,861.1557,-21.2798,-78.6693,16.45821674,44.11533199,1206.5125
1.660000,83.472885,-3.169041,-6.592456,104.511876,-7.141645,-8.076009,0.98657863,-0.13080229,0.07012443,-0.06808772,-0.48809890,-0.31936364,-0.55921862,12.1312,1206.5930,83.5171,0.05849662,0.02909512,0.307298,0.00000000,0.00000000,0.00000000,0.00000000,0.02036217,0.06593466,-0.02811919,-0.05720801,0.02036217,0.06593466,-0.02811919,-0.05720801,can,860.8166,-26.5231,-76.1565,16.45822615,44.11533133,1206.5930
1.670000,84.521421,-3.241175,-6.673431,105.195244,-7.286509,-8.118028,0.98617582,-0.13347820,0.06839036,-0.07045262,-0.47533348,-0.30231552,-0.55009718,12.1272,1206.6740,84.5674,0.05531979,0.03374527,0.309328,0.00000000,0.00000000,0.00000000,0.00000000,0.02036217,0.06593466,-0.02811919,-0.05720801,0.02036217,0.06593466,-0.02811919,-0.05720801,can,860.4759,-31.8134,-73.7495,16.45823562,44.11533065,1206.6740
1.680000,85.576789,-3.314795,-6.754795,105.879625,-7.438803,-8.153777,0.98576255,-0.13608306,0.06675893,-0.07277935,-0.46456760,-0.27865587,-0.53704025,12.1233,1206.7554,85.6247,0.05235516,0.03827649,0.311361,0.00000000,0.00000000,0.00000000,0.00000000,0.02036217,0.07175242,-0.03296733,-0.05720801,0.02036217,0.07175242,-0.03296733,-0.05720801,can,869.8141,-37.1077,-72.3952,16.45824516,44.11532996,1206.7554
1.690000,86.639011,-3.389976,-6.836490,106.563411,-7.598408,-8.184023,0.98533940,-0.13861943,0.06525574,-0.07505077,-0.45407242,-0.25254752,-0.51977560,12.1193,1206.8371,86.6888,0.04963876,0.04264779,0.313394,0.00000000,0.00000000,0.00000000,0.00000000,0.02036217,0.07175242,-0.03296733,-0.05720801,0.02036217,0.07175242,-0.03296733,-0.05720801,can,859.8669,-42.4438,-70.3150,16.45825476,44.11532926,1206.8371
1.700000,87.708081,-3.466791,-6.918459,107.251844,-7.765978,-8.208924,0.98490849,-0.14108635,0.06389530,-0.07724825,-0.44384297,-0.22425043,-0.49842915,12.1153,1206.9191,87.7599,0.04721513,0.04681557,0.315442,0.00000000,0.00000000,0.00000000,0.00000000,0.02036217,0.07175242,-0.03296733,-0.05720801,0.02036217,0.07175242,-0.03296733,-0.05720801,can,869.1196,-47.6923,-68.4943,16.45826442,44.11532854,1206.9191
1.710000,88.784019,-3.545314,-7.000647,107.934368,-7.939576,-8.227717,0.98447217,-0.14348304,0.06269078,-0.07935383,-0.43387531,-0.19405475,-0.47317284,12.1113,1207.0013,88.8379,0.04510590,0.05074426,0.317474,0.00000000,0.00000000,0.00000000,0.00000000,0.02036217,0.07175242,-0.03296733,-0.05720801,0.02036217,0.07175242,-0.03296733,-0.05720801,can,859.0916,-52.7642,-66.9435,16.45827414,44.11532781,1207.0013
1.720000,89.866766,-3.625605,-7.082996,108.616172,-8.119880,-8.241441,0.98403287,-0.14580889,0.06165380,-0.08135035,-0.42417055,-0.16226139,-0.44422437,12.1073,1207.0836,89.9228,0.04332254,0.05439338,0.319505,0.00000000,0.00000000,0.00000000,0.00000000,0.02036217,0.07175242,-0.03296733,-0.05720801,0.02036217,0.07175242,-0.03296733,-0.05720801,can,868.5018,-57.6389,-65.7095,16.45828392,44.11532705,1207.0836
1.730000,90.956366,-3.707738,-7.165463,109.303656,-8.307785,-8.251283,0.98359310,-0.14806352,0.06079438,-0.08322168,-0.41473379,-0.12919387,-0.41184549,12.1033,1207.1661,91.0146,0.04187301,0.05772414,0.321554,0.00000000,0.00000000,0.00000000,0.00000000,0.02036217,0.07175242,-0.03296733,-0.05720801,0.02036217,0.07175242,-0.03296733,-0.05720801,can,868.1514,-62.2428,-64.8145,16.45829376,44.11532629,1207.1661
1.740000,92.052810,-3.791776,-7.248006,109.984999,-8.500853,-8.256624,0.98315533,-0.15024676,0.06012076,-0.08495288,-0.40556125,-0.09519294,-0.37634160,12.0994,1207.2487,92.1133,0.04076938,0.06071020,0.323586,0.00000000,0.00000000,0.00000000,0.00000000,0.02036217,0.07175242,-0.03296733,-0.05720801,0.02036217,0.07175242,-0.03296733,-0.05720801,can,867.7221,-66.5263,-64.2765,16.45830367,44.11532550,1207.2487
1.750000,93.156063,-3.877774,-7.330585,110.665385,-8.699664,-8.258624,0.98272197,-0.15235870,0.05963929,-0.08653042,-0.39664794,-0.06060539,-0.33805864,12.0954,1207.3313,93.2190,0.04001348,0.06331970,0.325618,0.00000000,0.00000000,0.00000000,0.00000000,0.02036217,0.07175242,-0.03296733,-0.05720801,0.02036217,0.07175242,-0.03296733,-0.05720801,can,867.4535,-70.4421,-64.1204,16.45831364,44.11532469,1207.3313
1.760000,94.266141,-3.965792,-7.413172,111.350011,-8.904815,-8.258451,0.98226665,-0.15458134,0.05941612,-0.08790092,-0.46408057,-0.00967389,-0.28266462,12.0914,1207.4139,94.3316,0.03960377,0.06552428,0.327664,0.00000000,0.00000000,0.00000000,0.00000000,0.05817764,0.07272205,-0.03296733,-0.05720801,0.05817764,0.07272205,-0.03296733,-0.05720801,can,867.0995,-77.4605,-68.0430,16.45832366,44.11532387,1207.4139
1.770000,95.383055,-4.055905,-7.495757,112.032771,-9.118451,-8.258345,0.98176198,-0.15709220,0.05951559,-0.08901321,-0.53042220,0.04112507,-0.22533252,12.0873,1207.4965,95.4511,0.03961728,0.06719203,0.329708,0.00000000,0.00000000,0.00000000,0.00000000,0.05817764,0.07272205,-0.03296733,-0.05720801,0.05817764,0.07272205,-0.03296733,-0.05720801,can,866.8263,-80.3738,-68.8039,16.45833376,44.11532303,1207.4965
1.780000,96.506793,-4.148175,-7.578336,112.714536,-9.336348,-8.257348,0.98120821,-0.15988499,0.05993711,-0.08985977,-0.59567658,0.09112156,-0.16663211,12.0833,1207.5791,96.5775,0.04017821,0.06824481,0.331750,0.00000000,0.00000000,0.00000000,0.00000000,0.05817764,0.07272205,-0.03296733,-0.05720801,0.05817764,0.07272205,-0.03296733,-0.05720801,can,866.3862,-82.5648,-70.2461,16.45834391,44.11532216,1207.5791
1.790000,97.637370,-4.242649,-7.660907,113.399425,-9.558668,-8.256954,0.98060486,-0.16295381,0.06067635,-0.09043537,-0.65984383,0.13964950,-0.10717172,12.0793,1207.6617,97.7109,0.04126939,0.06866958,0.333804,0.00000000,0.00000000,0.00000000,0.00000000,0.05817764,0.07272205,-0.03296733,-0.05720801,0.05817764,0.07272205,-0.03296733,-0.05720801,can,856.5150,-83.9878,-72.3780,16.45835412,44.11532128,1207.6617
1.800000,98.774778,-4.339359,-7.743479,114.085895,-9.784432,-8.258159,0.97995069,-0.16629312,0.06172521,-0.09073722,-0.72293564,0.18607090,-0.04759010,12.0752,1207.7443,98.8512,0.04286788,0.06846197,0.335865,0.00000000,0.00000000,0.00000000,0.00000000,0.05817764,0.07272205,-0.03296733,-0.05720801,0.05817764,0.07272205,-0.03296733,-0.05720801,can,885.0942,-84.6456,-75.2122,16.45836440,44.11532037,1207.7443
1.810000,99.919084,-4.438345,-7.826079,114.772644,-10.012674,-8.261986,0.97924377,-0.16989780,0.06307195,-0.09076514,-0.78494799,0.22975977,0.01143931,12.0712,1207.8269,99.9986,0.04494332,0.06762318,0.337928,0.00000000,0.00000000,0.00000000,0.00000000,0.05817764,0.07272205,-0.03296733,-0.05720801,0.05817764,0.07272205,-0.03296733,-0.05720801,can,865.2910,-84.4368,-78.7057,16.45837474,44.11531945,1207.8269
1.820000,101.070228,-4.539617,-7.908731,115.457216,-10.242184,-8.269341,0.97848146,-0.17376310,0.06470123,-0.09052162,-0.84589092,0.27014035,0.06922340,12.0671,1207.9095,101.1529,0.04745879,0.06616096,0.339987,0.00000000,0.00000000,0.00000000,0.00000000,0.05817764,0.07272205,-0.03296733,-0.05720801,0.05817764,0.07272205,-0.03296733,-0.05720801,can,874.6812,-83.4021,-82.8583,16.45838514,44.11531850,1207.9095
1.830000,102.228226,-4.643192,-7.991481,116.142295,-10.472799,-8.281578,0.97766051,-0.17788469,0.06659434,-0.09001199,-0.90577455,0.30668362,0.12505190,12.0631,1207.9923,102.3141,0.05036892,0.06408634,0.342049,0.00000000,0.00000000,0.00000000,0.00000000,0.05817764,0.07272205,-0.03296733,-0.05720801,0.05817764,0.07272205,-0.03296733,-0.05720801,can,874.2241,-81.4987,-87.6248,16.45839560,44.11531753,1207.9923
1.840000,103.393071,-4.749074,-8.074382,116.826556,-10.703549,-8.299642,0.97679075,-0.18219678,0.06871296,-0.08923388,-0.93923045,0.33358703,0.18329162,12.0590,1208.0752,103.4824,0.05362420,0.06141933,0.344111,0.00000000,0.00000000,0.00000000,0.00000000,0.05817764,0.06108652,-0.03296733,-0.05720801,0.05817764,0.06108652,-0.03296733,-0.05720801,can,873.9358,-79.9597,-91.7410,16.45840612,44.11531654,1208.0752
1.850000,104.564754,-4.857264,-8.157491,117.510040,-10.934334,-8.323237,0.97588243,-0.18663595,0.07101626,-0.08818839,-0.97217907,0.35583854,0.23797484,12.0550,1208.1584,104.6576,0.05714394,0.05815917,0.346172,0.00000000,0.00000000,0.00000000,0.00000000,0.05817764,0.06108652,-0.03296733,-0.05720801,0.05817764,0.06108652,-0.03296733,-0.05720801,can,873.5608,-76.2988,-97.5585,16.45841671,44.11531552,1208.1584
1.860000,105.743269,-4.967756,-8.240873,118.192758,-11.163797,-8.354571,0.97493222,-0.19120199,0.07347778,-0.08689068,-1.00463075,0.37321269,0.28834693,12.0509,1208.2418,105.8397,0.06082841,0.05433231,0.348233,0.00000000,0.00000000,0.00000000,0.00000000,0.05817764,0.06108652,-0.03296733,-0.05720801,0.05817764,0.06108652,-0.03296733,-0.05720801,can,873.1843,-71.7516,-103.7361,16.45842736,44.11531449,1208.2418
1.870000,106.928607,-5.080533,-8.324611,118.874724,-11.391207,-8.394457,0.97393655,-0.19589509,0.07606931,-0.08535910,-1.03659901,0.38556094,0.33368543,12.0469,1208.3255,107.0288,0.06461975,0.04998341,0.350293,0.00000000,0.00000000,0.00000000,0.00000000,0.05817764,0.06108652,-0.03296733,-0.05720801,0.05817764,0.06108652,-0.03296733,-0.05720801,can,872.8068,-66.3532,-110.2038,16.45843807,44.11531343,1208.3255
1.880000,108.120761,-5.195571,-8.408793,119.555937,-11.615880,-8.443615,0.97289174,-0.20071581,0.07876130,-0.08361505,-1.06810006,0.39287330,0.37331223,12.0428,1208.4097,108.2249,0.06845926,0.04516432,0.352352,0.00000000,0.00000000,0.00000000,0.00000000,0.05817764,0.06108652,-0.03296733,-0.05720801,0.05817764,0.06108652,-0.03296733,-0.05720801,can,872.4284,-60.1519,-116.8862,16.45844884,44.11531236,1208.4097
1.890000,109.319723,-5.312839,-8.493516,120.236387,-11.837195,-8.502660,0.97179402,-0.20566506,0.08152395,-0.08168298,-1.09915208,0.39537136,0.40660760,12.0388,1208.4945,109.4279,0.07228851,0.03993361,0.354410,0.00000000,0.00000000,0.00000000,0.00000000,0.05817764,0.06108652,-0.03296733,-0.05720801,0.05817764,0.06108652,-0.03296733,-0.05720801,can,872.1375,-53.2089,-123.7057,16.45845967,44.11531126,1208.4945
1.900000,110.525486,-5.432302,-8.578881,120.917337,-12.054854,-8.572263,0.97063961,-0.21074404,0.08432747,-0.07959004,-1.12977877,0.39316813,0.43303806,12.0347,1208.5798,110.6378,0.07605082,0.03435562,0.356470,0.00000000,0.00000000,0.00000000,0.00000000,0.05817764,0.06108652,-0.03296733,-0.05720801,0.05817764,0.06108652,-0.03296733,-0.05720801,can,881.4289,-45.6238,-130.5863,16.45847056,44.11531014,1208.5798
1.910000,111.738093,-5.553927,-8.665000,121.603966,-12.269498,-8.653470,0.96942487,-0.21595432,0.08714192,-0.07736563,-1.16000148,0.38643220,0.45214473,12.0306,1208.6660,111.8547,0.07968990,0.02849843,0.358549,0.00000000,0.00000000,0.00000000,0.00000000,0.05817764,0.06108652,-0.03296733,-0.05720801,0.05817764,0.06108652,-0.03296733,-0.05720801,can,881.0450,-37.6182,-137.4489,16.45848152,44.11530900,1208.6660
1.920000,112.957562,-5.677676,-8.751987,122.289637,-12.479487,-8.745693,0.96815354,-0.22127630,0.08988487,-0.07507480,-1.17812944,0.35834831,0.44685954,12.0265,1208.7530,113.0786,0.08315984,0.02243815,0.360626,0.00000000,0.00000000,0.00000000,0.00000000,0.03878510,0.06108652,-0.01842292,-0.05720801,0.03878510,0.06108652,-0.01842292,-0.05720801,can,880.6610,-25.1809,-140.2804,16.45849254,44.11530784,1208.7530
1.930000,114.183888,-5.803479,-8.839944,122.974013,-12.680059,-8.847334,0.96683069,-0.22669169,0.09247547,-0.07278447,-1.19614373,0.32662945,0.43355415,12.0224,1208.8410,114.3095,0.08635558,0.01636708,0.362697,0.00000000,0.00000000,0.00000000,0.00000000,0.03878510,0.06108652,-0.01842292,-0.05720801,0.03878510,0.06108652,-0.01842292,-0.05720801,can,870.6977,-16.4870,-146.7653,16.45850362,44.11530666,1208.8410
1.940000,115.417039,-5.931261,-8.928969,123.657319,-12.875675,-8.959723,0.96545491,-0.23220425,0.09488802,-0.07052855,-1.21404813,0.29185423,0.41228862,12.0183,1208.9300,115.5473,0.08912784,0.01042716,0.364766,0.00000000,0.00000000,0.00000000,0.00000000,0.03878510,0.06108652,-0.01842292,-0.05720801,0.03878510,0.06108652,-0.01842292,-0.05720801,can,879.8929,-7.8190,-152.7494,16.45851476,44.11530547,1208.9300
1.950000,116.657031,-6.060976,-9.019172,124.340841,-13.066654,-9.082460,0.96402490,-0.23781760,0.09709950,-0.06834077,-1.23184319,0.25464764,0.38324232,12.0142,1209.0202,116.7921,0.09144876,0.00469943,0.366837,0.00000000,0.00000000,0.00000000,0.00000000,0.03878510,0.06108652,-0.01842292,-0.05720801,0.03878510,0.06108652,-0.01842292,-0.05720801,can,879.5070,0.7182,-158.1612,16.45852596,44.11530425,1209.0202
1.960000,117.903878,-6.192583,-9.110654,125.028516,-13.253890,-9.215458,0.96253945,-0.24353514,0.09908993,-0.06625419,-1.24952463,0.21567032,0.34673532,12.0101,1209.1118,118.0439,0.09329570,-0.00073683,0.368920,0.00000000,0.00000000,0.00000000,0.00000000,0.03878510,0.06108652,-0.01842292,-0.05720801,0.03878510,0.06108652,-0.01842292,-0.05720801,can,879.1168,8.9849,-162.9557,16.45853722,44.11530302,1209.1118
1.970000,119.157571,-6.326034,-9.203506,125.709964,-13.435732,-9.356231,0.96099730,-0.24935994,0.10084262,-0.06430063,-1.26708383,0.17560814,0.30319473,12.0060,1209.2046,119.3026,0.09466453,-0.00580551,0.370986,0.00000000,0.00000000,0.00000000,0.00000000,0.03878510,0.06108652,-0.01842292,-0.05720801,0.03878510,0.06108652,-0.01842292,-0.05720801,can,878.7282,16.8435,-167.0722,16.45854855,44.11530177,1209.2046
1.980000,120.418074,-6.461284,-9.297804,126.390467,-13.613524,-9.504626,0.95939707,-0.25529461,0.10234445,-0.06251027,-1.28451327,0.13516384,0.25314477,12.0019,1209.2990,120.5683,0.09554716,-0.01043544,0.373049,0.00000000,0.00000000,0.00000000,0.00000000,0.03878510,0.06108652,-0.01842292,-0.05720801,0.03878510,0.06108652,-0.01842292,-0.05720801,can,878.3377,24.1733,-170.4855,16.45855994,44.11530051,1209.2990
1.990000,121.685404,-6.598298,-9.393625,127.075336,-13.788675,-9.660452,0.95773718,-0.26134125,0.10358601,-0.06091128,-1.30180190,0.09504179,0.19722300,11.9978,1209.3948,121.8409,0.09594343,-0.01456027,0.375125,0.00000000,0.00000000,0.00000000,0.00000000,0.03878510,0.06108652,-0.01842292,-0.05720801,0.03878510,0.06108652,-0.01842292,-0.05720801,can,877.9422,30.8508,-173.1831,16.45857139,44.11529922,1209.3948
2.000000,122.959553,-6.737043,-9.491027,127.754278,-13.959884,-9.820795,0.95602829,-0.26750475,0.10441576,-0.05956902,-1.31376390,0.00368824,0.10564737,11.9937,1209.4922,123.1205,0.09587319,-0.01812170,0.377185,0.00000000,0.00000000,0.00000000,0.00000000,0.00096963,0.05042062,0.01939255,-0.04848137,0.00096963,0.05042062,0.01939255,-0.04848137,can,877.6405,43.9517,-163.1524,16.45858290,44.11529792,1209.4922
2.010000,124.240527,-6.877442,-9.590032,128.440557,-14.119661,-9.980736,0.95428093,-0.27378960,0.10468760,-0.05854637,-1.32567712,-0.08516164,0.00954725,11.9896,1209.5913,124.4070,0.09516514,-0.02086702,0.379261,0.00000000,0.00000000,0.00000000,0.00000000,0.00096963,0.05042062,0.01939255,-0.04848137,0.00096963,0.05042062,0.01939255,-0.04848137,can,877.1455,48.6386,-164.0983,16.45859447,44.11529661,1209.5913
2.020000,125.528337,-7.019426,-9.690643,129.122796,-14.277162,-10.141800,0.95249204,-0.28019567,0.10440907,-0.05786235,-1.33750987,-0.17018622,-0.08969108,11.9854,1209.6919,125.7005,0.09352917,-0.02264427,0.381325,0.00000000,0.00000000,0.00000000,0.00000000,0.00096963,0.05042062,0.01939255,-0.04848137,0.00096963,0.05042062,0.01939255,-0.04848137,can,886.4062,51.8126,-163.4931,16.45860611,44.11529528,1209.6919
2.030000,126.823010,-7.162987,-9.792870,129.811810,-14.434988,-10.303180,0.95065719,-0.28672123,0.10359548,-0.05753103,-1.34923124,-0.25013550,-0.19058216,11.9813,1209.7941,127.0009,0.09101586,-0.02341658,0.383409,0.00000000,0.00000000,0.00000000,0.00000000,0.00096963,0.05042062,0.01939255,-0.04848137,0.00096963,0.05042062,0.01939255,-0.04848137,can,885.9922,53.3881,-161.3885,16.45861781,44.11529394,1209.7941
2.040000,128.124550,-7.308121,-9.896691,130.496430,-14.591919,-10.460261,0.94877071,-0.29336286,0.10226971,-0.05756106,-1.36081391,-0.32385557,-0.29156714,11.9772,1209.8980,128.3083,0.08770502,-0.02316587,0.385479,0.00000000,0.00000000,0.00000000,0.00000000,0.00096963,0.05042062,0.01939255,-0.04848137,0.00096963,0.05042062,0.01939255,-0.04848137,can,885.6707,53.2654,-157.8405,16.45862956,44.11529258,1209.8980
2.050000,129.432968,-7.454833,-10.002059,131.187415,-14.750594,-10.612194,0.94682585,-0.30011559,0.10046193,-0.05795549,-1.37223667,-0.39031147,-0.39104059,11.9731,1210.0034,129.6227,0.08367257,-0.02188631,0.387568,0.00000000,0.00000000,0.00000000,0.00000000,0.00096963,0.05042062,0.01939255,-0.04848137,0.00096963,0.05042062,0.01939255,-0.04848137,can,885.1505,51.3910,-152.9565,16.45864139,44.11529120,1210.0034
2.060000,130.748304,-7.603139,-10.108906,131.880016,-14.910960,-10.755551,0.94481510,-0.30697287,0.09820922,-0.05871152,-1.38348251,-0.44860519,-0.48737022,11.9689,1210.1103,130.9442,0.07901555,-0.01959136,0.389660,0.00000000,0.00000000,0.00000000,0.00000000,0.00096963,0.05042062,0.01939255,-0.04848137,0.00096963,0.05042062,0.01939255,-0.04848137,can,884.8012,47.7291,-146.8458,16.45865327,44.11528981,1210.1103
2.070000,132.070575,-7.753060,-10.217133,132.574468,-15.073830,-10.887849,0.94273047,-0.31392678,0.09555501,-0.05982038,-1.39454227,-0.49797053,-0.57892890,11.9648,1210.2185,132.2727,0.07383594,-0.01631064,0.391756,0.00000000,0.00000000,0.00000000,0.00000000,0.00096963,0.05042062,0.01939255,-0.04848137,0.00096963,0.05042062,0.01939255,-0.04848137,can,884.3229,42.2771,-139.6455,16.45866522,44.11528841,1210.2185
2.080000,133.399800,-7.904626,-10.326618,133.270968,-15.240003,-11.006732,0.94056382,-0.32096820,0.09254935,-0.06126762,-1.40545675,-0.53746936,-0.66412585,11.9606,1210.3280,133.6083,0.06824217,-0.01209084,0.393857,0.00000000,0.00000000,0.00000000,0.00000000,0.00096963,0.05042062,0.01939255,-0.04848137,0.00096963,0.05042062,0.01939255,-0.04848137,can,883.9377,35.0638,-131.5098,16.45867722,44.11528699,1210.3280
2.090000,134.736028,-8.057879,-10.437220,133.974867,-15.411174,-11.110748,0.93830915,-0.32808009,0.08925301,-0.06303406,-1.41343665,-0.56479081,-0.74083206,11.9565,1210.4387,134.9510,0.06234628,-0.00699509,0.395977,0.00000000,0.00000000,0.00000000,0.00000000,0.00096963,0.05139025,0.01745329,-0.04848137,0.00096963,0.05139025,0.01745329,-0.04848137,can,883.3729,26.0151,-123.0191,16.45868930,44.11528556,1210.4387
2.100000,136.079278,-8.212863,-10.548772,134.675625,-15.586470,-11.196605,0.93596134,-0.33524501,0.08573107,-0.06509485,-1.42139581,-0.58153559,-0.80821423,11.9524,1210.5502,136.3009,0.05627971,-0.00110689,0.398086,0.00000000,0.00000000,0.00000000,0.00000000,0.00096963,0.05139025,0.01745329,-0.04848137,0.00096963,0.05139025,0.01745329,-0.04848137,can,882.9051,15.5020,-113.5593,16.45870143,44.11528411,1210.5502
2.110000,137.429547,-8.369626,-10.661087,135.378415,-15.767180,-11.263122,0.93351446,-0.34245234,0.08204739,-0.06741935,-1.42935300,-0.58773967,-0.86506768,11.9482,1210.6626,137.6579,0.05017066,0.00547721,0.400199,0.00000000,0.00000000,0.00000000,0.00000000,0.00096963,0.05139025,0.01745329,-0.04848137,0.00096963,0.05139025,0.01745329,-0.04848137,can,882.5325,3.5429,-103.7662,16.45871363,44.11528264,1210.6626
2.120000,138.786879,-8.528231,-10.773968,136.089565,-15.955107,-11.309606,0.93096402,-0.34969136,0.07826769,-0.06997223,-1.43734258,-0.58364061,-0.91028731,11.9440,1210.7755,139.0221,0.04413317,0.01264772,0.402334,0.00000000,0.00000000,0.00000000,0.00000000,0.00096963,0.05139025,0.01745329,-0.04848137,0.00096963,0.05139025,0.01745329,-0.04848137,can,891.6164,-9.7190,-93.8707,16.45872590,44.11528115,1210.7755
2.130000,140.151317,-8.688745,-10.887203,136.796888,-16.148554,-11.333559,0.92830717,-0.35695155,0.07445858,-0.07271383,-1.44540214,-0.56967683,-0.94293750,11.9399,1210.8888,140.3936,0.03828271,0.02028493,0.404455,0.00000000,0.00000000,0.00000000,0.00000000,0.00096963,0.05139025,0.01745329,-0.04848137,0.00096963,0.05139025,0.01745329,-0.04848137,can,881.5774,-24.0835,-84.0378,16.45873822,44.11527965,1210.8888
2.140000,141.522846,-8.851230,-11.000566,137.509137,-16.349676,-11.335090,0.92554291,-0.36422288,0.07068631,-0.07560068,-1.45357272,-0.54649877,-0.96229415,11.9357,1211.0022,141.7723,0.03272073,0.02825697,0.406589,0.00000000,0.00000000,0.00000000,0.00000000,0.00096963,0.05139025,0.01745329,-0.04848137,0.00096963,0.05139025,0.01745329,-0.04848137,can,880.9953,-39.3569,-74.5702,16.45875061,44.11527813,1211.0022
2.150000,142.901501,-9.015763,-11.113827,138.221915,-16.558156,-11.313389,0.92267210,-0.37149604,0.06701563,-0.07858621,-1.46188474,-0.51491045,-0.96786492,11.9316,1211.1154,143.1583,0.02754263,0.03642602,0.408721,0.00000000,0.00000000,0.00000000,0.00000000,0.00096963,0.05139025,0.01745329,-0.04848137,0.00096963,0.05139025,0.01745329,-0.04848137,can,880.6103,-55.3489,-65.6896,16.45876307,44.11527659,1211.1154
2.160000,144.287258,-9.182414,-11.226753,138.930796,-16.773584,-11.267918,0.91965685,-0.37885358,0.06352848,-0.08164176,-1.50992972,-0.46731459,-0.96756934,11.9274,1211.2284,144.5515,0.02283337,0.04464849,0.410841,0.00000000,0.00000000,0.00000000,0.00000000,0.00096963,0.06399541,0.01745329,-0.04848137,0.00096963,0.06399541,0.01745329,-0.04848137,can,889.6843,-70.0672,-59.3513,16.45877559,44.11527503,1211.2284
2.170000,145.680141,-9.351266,-11.339121,139.644254,-16.997942,-11.201723,0.91645930,-0.38637446,0.06030405,-0.08473814,-1.55714710,-0.41304322,-0.95315416,11.9232,1211.3408,145.9521,0.01870465,0.05282283,0.412973,0.00000000,0.00000000,0.00000000,0.00000000,0.00096963,0.06399541,0.01745329,-0.04848137,0.00096963,0.06399541,0.01745329,-0.04848137,can,879.6369,-86.9257,-51.9944,16.45878817,44.11527345,1211.3408
2.180000,147.080114,-9.522395,-11.450710,140.352754,-17.229751,-11.112474,0.91308300,-0.39404543,0.05739693,-0.08782493,-1.60356646,-0.35353389,-0.92471997,11.9191,1211.4524,147.3599,0.01528647,0.06083069,0.415090,0.00000000,0.00000000,0.00000000,0.00000000,0.00096963,0.06399541,0.01745329,-0.04848137,0.00096963,0.06399541,0.01745329,-0.04848137,can,898.3627,-103.7773,-45.8163,16.45880082,44.11527184,1211.4524
2.190000,148.487217,-9.695895,-11.561298,141.066288,-17.471358,-11.001626,0.90953281,-0.40185452,0.05485508,-0.09085112,-1.64924185,-0.29034215,-0.88291069,11.9149,1211.5630,148.7750,0.01262834,0.06852249,0.417221,0.00000000,0.00000000,0.00000000,0.00000000,0.00096963,0.06399541,0.01745329,-0.04848137,0.00096963,0.06399541,0.01745329,-0.04848137,can,888.3120,-120.2802,-40.9488,16.45881353,44.11527022,1211.5630
2.200000,149.901433,-9.871851,-11.670673,141.776505,-17.721223,-10.870031,0.90581424,-0.40979137,0.05271813,-0.09376771,-1.69423468,-0.22509372,-0.82881241,11.9107,1211.6725,150.1974,0.01076374,0.07576011,0.419343,0.00000000,0.00000000,0.00000000,0.00000000,0.00096963,0.06399541,0.01745329,-0.04848137,0.00096963,0.06399541,0.01745329,-0.04848137,can,887.8451,-136.1426,-37.5159,16.45882631,44.11526857,1211.6725
2.210000,151.322739,-10.050348,-11.778635,142.484357,-17.979600,-10.719314,0.90193328,-0.41784698,0.05101719,-0.09652723,-1.73854957,-0.15944895,-0.76328960,11.9065,1211.7804,151.6271,0.00970576,0.08241214,0.421458,0.00000000,0.00000000,0.00000000,0.00000000,0.00096963,0.06399541,0.01745329,-0.04848137,0.00096963,0.06399541,0.01745329,-0.04848137,can,887.3767,-151.0754,-35.5962,16.45883915,44.11526690,1211.7804
2.220000,152.751111,-10.231471,-11.885002,143.190889,-18.246677,-10.551327,0.89789612,-0.42601346,0.04977461,-0.09908367,-1.78218243,-0.09506211,-0.68742917,11.9023,1211.8868,153.0641,0.00944801,0.08835728,0.423571,0.00000000,0.00000000,0.00000000,0.00000000,0.00096963,0.06399541,0.01745329,-0.04848137,0.00096963,0.06399541,0.01745329,-0.04848137,can,896.5604,-164.8064,-35.2367,16.45885206,44.11526521,1211.8868
2.230000,154.186548,-10.415309,-11.989611,143.895927,-18.522260,-10.368137,0.89370881,-0.43428402,0.04900364,-0.10139331,-1.82511689,-0.03354345,-0.60255329,11.8981,1211.9915,154.5084,0.00996461,0.09348595,0.425683,0.00000000,0.00000000,0.00000000,0.00000000,0.00096963,0.06399541,0.01745329,-0.04848137,0.00096963,0.06399541,0.01745329,-0.04848137,can,896.0833,-177.0486,-36.4349,16.45886503,44.11526348,1211.9915
2.240000,155.629020,-10.601942,-12.092322,144.596769,-18.805463,-10.172008,0.88954272,-0.44231419,0.04877876,-0.10340476,-1.72131304,0.05726548,-0.48053713,11.8939,1212.0942,155.9599,0.01121084,0.09770375,0.427784,0.00000000,0.00000000,0.00000000,0.00000000,0.00096963,0.06690429,-0.02714957,-0.04848137,0.00096963,0.06690429,-0.02714957,-0.04848137,can,885.9479,-194.5362,-46.9721,16.45887806,44.11526174,1212.0942
2.250000,157.078464,-10.791486,-12.193014,145.292860,-19.104747,-9.964940,0.88557415,-0.44977974,0.04916248,-0.10506984,-1.62116926,0.14100071,-0.35288257,11.8898,1212.1950,157.4186,0.01317345,0.10075204,0.429879,0.00000000,0.00000000,0.00000000,0.00000000,0.00096963,0.06690429,-0.02714957,-0.04848137,0.00096963,0.06690429,-0.02714957,-0.04848137,can,895.1176,-202.6874,-51.2132,16.45889115,44.11525996,1212.1950
2.260000,158.534868,-10.984061,-12.291597,145.986205,-19.411123,-9.750929,0.88181356,-0.45670482,0.05013508,-0.10635803,-1.52457326,0.21649947,-0.22217373,11.8855,1212.2936,158.8845,0.01589760,0.10247616,0.431970,0.00000000,0.00000000,0.00000000,0.00000000,0.00096963,0.06690429,-0.02714957,-0.04848137,0.00096963,0.06690429,-0.02714957,-0.04848137,can,885.0772,-208.0728,-57.1459,16.45890431,44.11525816,1212.2936
2.270000,159.998206,-11.179737,-12.388021,146.682331,-19.725525,-9.533674,0.87826798,-0.46311328,0.05166664,-0.10724742,-1.43141761,0.28282905,-0.09105812,11.8813,1212.3900,160.3577,0.01927095,0.10284535,0.434074,0.00000000,0.00000000,0.00000000,0.00000000,0.00096963,0.06690429,-0.02714957,-0.04848137,0.00096963,0.06690429,-0.02714957,-0.04848137,can,894.1237,-210.5922,-64.6054,16.45891753,44.11525633,1212.3900
2.280000,161.468481,-11.378586,-12.482273,147.372356,-20.045350,-9.317008,0.87494107,-0.46902860,0.05371769,-0.10772511,-1.34159369,0.33928365,0.03780583,11.8771,1212.4843,161.8380,0.02317794,0.10186932,0.436165,0.00000000,0.00000000,0.00000000,0.00000000,0.00096963,0.06690429,-0.02714957,-0.04848137,0.00096963,0.06690429,-0.02714957,-0.04848137,can,893.7238,-210.1330,-73.3746,16.45893082,44.11525447,1212.4843
2.290000,162.945673,-11.580670,-12.574375,148.065750,-20.372338,-9.104529,0.87183337,-0.47447389,0.05624013,-0.10778753,-1.25500339,0.38538936,0.16181040,11.8729,1212.5765,163.3254,0.02749808,0.09957413,0.438273,0.00000000,0.00000000,0.00000000,0.00000000,0.00096963,0.06690429,-0.02714957,-0.04848137,0.00096963,0.06690429,-0.02714957,-0.04848137,can,893.2072,-206.7055,-83.2458,16.45894416,44.11525257,1212.5765
2.300000,164.429791,-11.786051,-12.664389,148.757520,-20.704647,-8.899834,0.86894257,-0.47947190,0.05917814,-0.10744051,-1.17155445,0.42089024,0.27844987,11.8687,1212.6665,164.8201,0.03211335,0.09602441,0.440381,0.00000000,0.00000000,0.00000000,0.00000000,0.00096963,0.06690429,-0.02714957,-0.04848137,0.00096963,0.06690429,-0.02714957,-0.04848137,can,892.5765,-200.3568,-93.9884,16.45895757,44.11525065,1212.6665
2.310000,165.920793,-11.994772,-12.752409,149.441378,-21.040004,-8.706295,0.86626393,-0.48404513,0.06246924,-0.10669913,-1.09115752,0.44575351,0.38537883,11.8645,1212.7546,166.3220,0.03690908,0.09131163,0.442473,0.00000000,0.00000000,0.00000000,0.00000000,0.00096963,0.06690429,-0.02714957,-0.04848137,0.00096963,0.06690429,-0.02714957,-0.04848137,can,882.5071,-191.1909,-105.4508,16.45897104,44.11524870,1212.7546
2.320000,167.418641,-12.206871,-12.838563,150.129306,-21.380781,-8.527039,0.86358908,-0.48856551,0.06617263,-0.10554059,-1.17952435,0.48504231,0.50398823,11.8603,1212.8408,167.8310,0.04177004,0.08553974,0.444583,0.00000000,0.00000000,0.00000000,0.00000000,0.03684584,0.06884354,-0.02230143,-0.04751174,0.03684584,0.06884354,-0.02230143,-0.04751174,can,891.6241,-184.9132,-123.2409,16.45898457,44.11524671,1212.8408
2.330000,168.923368,-12.422431,-12.923001,150.815992,-21.731643,-8.363582,0.86070961,-0.49338326,0.07033660,-0.10394555,-1.26488097,0.51235200,0.60925321,11.8561,1212.9253,169.3471,0.04675129,0.07866042,0.446698,0.00000000,0.00000000,0.00000000,0.00000000,0.03684584,0.06884354,-0.02230143,-0.04751174,0.03684584,0.06884354,-0.02230143,-0.04751174,can,890.9748,-170.3173,-135.7621,16.45899817,44.11524469,1212.9253
2.340000,170.434957,-12.641513,-13.005902,151.501713,-22.085247,-8.220387,0.85761843,-0.49848922,0.07487183,-0.10194770,-1.34732283,0.52734762,0.69849845,11.8518,1213.0082,170.8704,0.05194219,0.07069039,0.448817,0.00000000,0.00000000,0.00000000,0.00000000,0.03684584,0.06884354,-0.02230143,-0.04751174,0.03684584,0.06884354,-0.02230143,-0.04751174,can,890.5389,-152.8770,-149.0473,16.45901182,44.11524264,1213.0082
2.350000,171.953399,-12.864143,-13.087485,152.186385,-22.441043,-8.100259,0.85430755,-0.50387605,0.07968102,-0.09959147,-1.42697045,0.53007924,0.76909133,11.8476,1213.0898,172.4009,0.05719074,0.06178586,0.450940,0.00000000,0.00000000,0.00000000,0.00000000,0.03684584,0.06884354,-0.02230143,-0.04751174,0.03684584,0.06884354,-0.02230143,-0.04751174,can,889.9919,-132.8843,-162.7592,16.45902554,44.11524056,1213.0898
2.360000,173.478681,-13.090340,-13.167992,152.869788,-22.798469,-8.005483,0.85076883,-0.50953833,0.08466199,-0.09693006,-1.50396905,0.52097678,0.81927535,11.8434,1213.1704,173.9386,0.06234740,0.05213015,0.453065,0.00000000,0.00000000,0.00000000,0.00000000,0.03684584,0.06884354,-0.02230143,-0.04751174,0.03684584,0.06884354,-0.02230143,-0.04751174,can,889.4445,-110.7287,-176.5510,16.45903932,44.11523844,1213.1704
2.370000,175.010789,-13.320116,-13.247685,153.551630,-23.156980,-7.937747,0.84699447,-0.51547252,0.08971067,-0.09402364,-1.57848354,0.50087538,0.84772421,11.8392,1213.2501,175.4834,0.06726968,0.04192700,0.455191,0.00000000,0.00000000,0.00000000,0.00000000,0.03684584,0.06884354,-0.02230143,-0.04751174,0.03684584,0.06884354,-0.02230143,-0.04751174,can,888.8986,-86.8569,-190.0767,16.45905317,44.11523629,1213.2501
2.380000,176.549707,-13.553481,-13.326841,154.231562,-23.516076,-7.898080,0.84297725,-0.52167683,0.09472469,-0.09093891,-1.65068078,0.47133032,0.85359725,11.8350,1213.3293,177.0353,0.07182632,0.03139414,0.457318,0.00000000,0.00000000,0.00000000,0.00000000,0.03684584,0.06884354,-0.02230143,-0.04751174,0.03684584,0.06884354,-0.02230143,-0.04751174,can,888.3556,-61.9421,-202.9986,16.45906707,44.11523410,1213.3293
2.390000,178.095360,-13.790425,-13.405738,154.896127,-23.872009,-7.885753,0.83871067,-0.52815096,0.09960574,-0.08774772,-1.72072558,0.43376718,0.83653973,11.8308,1213.4083,178.5943,0.07591010,0.02075902,0.459404,0.00000000,0.00000000,0.00000000,0.00000000,0.03684584,0.06884354,-0.02230143,-0.04751174,0.03684584,0.06884354,-0.02230143,-0.04751174,can,868.8649,-36.6910,-214.9787,16.45908103,44.11523188,1213.4083
2.400000,179.647674,-14.030935,-13.484652,155.571294,-24.231310,-7.902032,0.83421211,-0.53492575,0.10404944,-0.08437009,-1.79278027,0.28436124,0.80306509,11.8265,1213.4872,180.1603,0.07941499,0.01024834,0.461527,0.00000000,0.00000000,0.00000000,0.00000000,0.01163553,0.03296733,0.00969627,-0.01745329,0.01163553,0.03296733,0.00969627,-0.01745329,can,906.5857,-13.1158,-201.8460,16.45909506,44.11522963,1213.4872
2.410000,181.206829,-14.274971,-13.563821,156.256623,-24.574921,-7.935872,0.82950082,-0.54203161,0.10776052,-0.08073289,-1.86279728,0.13217998,0.74559109,11.8223,1213.5664,181.7334,0.08187189,0.00005287,0.463675,0.00000000,0.00000000,0.00000000,0.00000000,0.01163553,0.03296733,0.00969627,-0.01745329,0.01163553,0.03296733,0.00969627,-0.01745329,can,886.8609,11.8732,-210.4268,16.45910915,44.11522735,1213.5664
2.420000,182.772799,-14.522423,-13.643452,156.938596,-24.915150,-7.994274,0.82457261,-0.54946736,0.11067157,-0.07692486,-1.93079309,-0.01868642,0.66530510,11.8180,1213.6461,183.3138,0.08260091,-0.00959901,0.465816,0.00000000,0.00000000,0.00000000,0.00000000,0.01163553,0.03296733,0.00969627,-0.01745329,0.01163553,0.03296733,0.00969627,-0.01745329,can,895.9627,35.8334,-214.8374,16.45912329,44.11522503,1213.6461
2.430000,184.345596,-14.773254,-13.723778,157.620684,-25.249945,-8.074200,0.81942153,-0.55722941,0.11273446,-0.07303886,-1.99675405,-0.16414208,0.56394547,11.8137,1213.7265,184.9012,0.08162094,-0.01845453,0.467958,0.00000000,0.00000000,0.00000000,0.00000000,0.01163553,0.03296733,0.00969627,-0.01745329,0.01163553,0.03296733,0.00969627,-0.01745329,can,895.4109,58.1787,-214.9866,16.45913750,44.11522268,1213.7265
2.440000,185.925212,-15.027394,-13.804995,158.302562,-25.576383,-8.171817,0.81403975,-0.56531115,0.11392158,-0.06916975,-2.06064595,-0.30021053,0.44388903,11.8095,1213.8077,186.4958,0.07899934,-0.02627643,0.470098,0.00000000,0.00000000,0.00000000,0.00000000,0.01163553,0.03296733,0.00969627,-0.01745329,0.01163553,0.03296733,0.00969627,-0.01745329,can,894.8522,78.2493,-210.9119,16.45915177,44.11522030,1213.8077
2.450000,187.511651,-15.284746,-13.887260,158.985479,-25.892148,-8.283008,0.80841762,-0.57370245,0.11422670,-0.06541186,-2.12241980,-0.42315155,0.30811975,11.8052,1213.8901,188.0976,0.07484845,-0.03285003,0.472239,0.00000000,0.00000000,0.00000000,0.00000000,0.01163553,0.03296733,0.00969627,-0.01745329,0.01163553,0.03296733,0.00969627,-0.01745329,can,894.2854,95.4299,-202.7723,16.45916611,44.11521789,1213.8901
2.460000,189.104929,-15.545194,-13.970686,159.670513,-26.195112,-8.403351,0.80254381,-0.58238920,0.11366605,-0.06185692,-2.18201373,-0.52913612,0.16018293,11.8010,1213.9735,189.7065,0.06932441,-0.03799003,0.474381,0.00000000,0.00000000,0.00000000,0.00000000,0.01163553,0.03296733,0.00969627,-0.01745329,0.01163553,0.03296733,0.00969627,-0.01745329,can,893.5947,109.3222,-190.8464,16.45918050,44.11521546,1213.9735
2.470000,190.705046,-15.808593,-14.055339,160.353545,-26.482144,-8.527681,0.79640547,-0.59135309,0.11227974,-0.05859267,-2.23936741,-0.61484995,0.00407156,11.7967,1214.0582,191.3225,0.06262740,-0.04154833,0.476509,0.00000000,0.00000000,0.00000000,0.00000000,0.01163553,0.03296733,0.00969627,-0.01745329,0.01163553,0.03296733,0.00969627,-0.01745329,can,893.1279,119.3063,-175.5013,16.45919496,44.11521299,1214.0582
2.480000,192.312041,-16.074790,-14.141241,161.044837,-26.754045,-8.652169,0.78998874,-0.60057215,0.11012934,-0.05569929,-2.29467892,-0.67795552,-0.15585771,11.7925,1214.1442,192.9457,0.05499179,-0.04341703,0.478654,0.00000000,0.00000000,0.00000000,0.00000000,0.01163553,0.03296733,0.00969627,-0.01745329,0.01163553,0.03296733,0.00969627,-0.01745329,can,882.8893,124.9023,-157.2953,16.45920948,44.11521050,1214.1442
2.490000,193.925960,-16.343617,-14.228365,161.741333,-27.008778,-8.771450,0.78322573,-0.61011684,0.10718089,-0.05317101,-2.39132414,-0.77094672,-0.32460671,11.7882,1214.2314,194.5762,0.04668710,-0.04353915,0.480804,0.00000000,0.00000000,0.00000000,0.00000000,0.01163553,0.00872665,0.04363323,-0.01745329,0.01163553,0.00872665,0.04363323,-0.01745329,can,891.9602,127.9126,-124.4956,16.45922406,44.11520798,1214.2314
2.500000,195.546899,-16.614854,-14.316632,162.447515,-27.235523,-8.879907,0.77604578,-0.62004610,0.10341828,-0.05099449,-2.48456365,-0.83719418,-0.48920396,11.7839,1214.3197,196.2139,0.03778413,-0.04185799,0.482964,0.00000000,0.00000000,0.00000000,0.00000000,0.01163553,0.00872665,0.04363323,-0.01745329,0.01163553,0.00872665,0.04363323,-0.01745329,can,891.3833,123.8685,-102.0397,16.45923870,44.11520544,1214.3197
2.510000,197.174932,-16.888263,-14.405913,163.158946,-27.442691,-8.973173,0.76843004,-0.63031681,0.09896033,-0.04922244,-2.57454399,-0.87530770,-0.64471010,11.7797,1214.4090,197.8590,0.02825593,-0.03837054,0.485127,0.00000000,0.00000000,0.00000000,0.00000000,0.01163553,0.00872665,0.04363323,-0.01745329,0.01163553,0.00872665,0.04363323,-0.01745329,can,881.1610,114.7425,-77.6916,16.45925341,44.11520288,1214.4090
2.520000,198.810076,-17.163634,-14.496027,163.872236,-27.628460,-9.046000,0.76036090,-0.64088375,0.09394385,-0.04789437,-2.66139883,-0.88490038,-0.78624619,11.7754,1214.4992,199.5114,0.01843880,-0.03314632,0.487280,0.00000000,0.00000000,0.00000000,0.00000000,0.01163553,0.00872665,0.04363323,-0.01745329,0.01163553,0.00872665,0.04363323,-0.01745329,can,890.1061,100.6727,-52.1422,16.45926818,44.11520030,1214.4992
2.530000,200.452428,-17.440767,-14.586755,164.599451,-27.794458,-9.095248,0.75182348,-0.65170040,0.08851986,-0.04703479,-2.74517574,-0.86660893,-0.90917004,11.7712,1214.5899,201.1712,0.00867259,-0.02630704,0.489459,0.00000000,0.00000000,0.00000000,0.00000000,0.01163553,0.00872665,0.04363323,-0.01745329,0.01163553,0.00872665,0.04363323,-0.01745329,can,889.5166,82.1127,-26.1292,16.45928302,44.11519771,1214.5899
2.540000,202.102062,-17.719446,-14.677836,165.328433,-27.937833,-9.116093,0.74280650,-0.66272024,0.08284930,-0.04665163,-2.82607674,-0.82218949,-1.00926141,11.7670,1214.6811,202.8385,-0.00070843,-0.01803495,0.491625,0.00000000,0.00000000,0.00000000,0.00000000,0.01163553,0.00872665,0.04363323,-0.01745329,0.01163553,0.00872665,0.04363323,-0.01745329,can,888.9279,59.2462,-0.5585,16.45929793,44.11519510,1214.6811
2.550000,203.759018,-17.999452,-14.768973,166.062590,-28.059451,-9.105781,0.73330251,-0.67389847,0.07709809,-0.04673515,-2.90446331,-0.75428953,-1.08291354,11.7627,1214.7723,204.5133,-0.00939298,-0.00856118,0.493790,0.00000000,0.00000000,0.00000000,0.00000000,0.01163553,0.00872665,0.04363323,-0.01745329,0.01163553,0.00872665,0.04363323,-0.01745329,can,878.6968,32.6424,23.7173,16.45931290,44.11519248,1214.7723
2.560000,205.423333,-18.280565,-14.859840,166.801249,-28.159884,-9.061991,0.72365732,-0.68484955,0.07115897,-0.04730307,-2.78028617,-0.73807656,-1.19768689,11.7585,1214.8632,206.1956,-0.01710304,0.00183710,0.495950,0.00000000,0.00000000,0.00000000,0.00000000,-0.04557248,0.00872665,0.05817764,-0.01745329,-0.04557248,0.00872665,0.05817764,-0.01745329,can,878.1053,19.6634,62.1382,16.45932793,44.11518984,1214.8632
2.570000,207.095069,-18.562509,-14.950160,167.546570,-28.225537,-8.996032,0.71422038,-0.69522395,0.06492654,-0.04834729,-2.66130395,-0.70432848,-1.28022586,11.7543,1214.9536,207.8855,-0.02388465,0.01325897,0.498107,0.00000000,0.00000000,0.00000000,0.00000000,-0.04557248,0.00872665,0.05817764,-0.01745329,-0.04557248,0.00872665,0.05817764,-0.01745329,can,877.5122,-13.4069,81.9518,16.45934304,44.11518720,1214.9536
2.580000,208.774278,-18.845010,-15.039635,168.295771,-28.271378,-8.892455,0.70499487,-0.70503333,0.05857137,-0.04979594,-2.54710713,-0.65588983,-1.32823631,11.7501,1215.0431,209.5829,-0.02999870,0.02559611,0.500259,0.00000000,0.00000000,0.00000000,0.00000000,-0.04557248,0.00872665,0.05817764,-0.01745329,-0.04557248,0.00872665,0.05817764,-0.01745329,can,876.9182,-49.5968,100.2889,16.45935821,44.11518456,1215.0431
2.590000,210.460994,-19.127869,-15.127877,169.047826,-28.297178,-8.749276,0.69598735,-0.71429080,0.05226131,-0.05156561,-2.43751423,-0.59587927,-1.34061484,11.7459,1215.1314,211.2879,-0.03530630,0.03846640,0.502403,0.00000000,0.00000000,0.00000000,0.00000000,-0.04557248,0.00872665,0.05817764,-0.01745329,-0.04557248,0.00872665,0.05817764,-0.01745329,can,876.3241,-88.0724,116.7316,16.45937345,44.11518191,1215.1314
2.600000,212.155240,-19.410887,-15.214484,169.801509,-28.302977,-8.565183,0.68720687,-0.72301253,0.04615717,-0.05356422,-2.33259280,-0.52752625,-1.31727113,11.7417,1215.2181,213.0006,-0.03970975,0.05147637,0.504535,0.00000000,0.00000000,0.00000000,0.00000000,-0.04557248,0.00872665,0.05817764,-0.01745329,-0.04557248,0.00872665,0.05817764,-0.01745329,can,875.7308,-128.0524,131.1124,16.45938875,44.11517926,1215.2181
2.610000,213.856998,-19.693860,-15.299045,170.548884,-28.288321,-8.340307,0.67866282,-0.73121957,0.04040939,-0.05569382,-2.23285880,-0.45404223,-1.25937718,11.7375,1215.3027,214.7207,-0.04315432,0.06424005,0.506634,0.00000000,0.00000000,0.00000000,0.00000000,-0.04557248,0.00872665,0.05817764,-0.01745329,-0.04557248,0.00872665,0.05817764,-0.01745329,can,865.4306,-167.8256,142.8872,16.45940413,44.11517661,1215.3027
2.620000,215.566242,-19.976595,-15.381158,171.301065,-28.256041,-8.075885,0.67036460,-0.73893726,0.03515107,-0.05785699,-2.13813098,-0.37852525,-1.17033639,11.7333,1215.3849,216.4484,-0.04561949,0.07638083,0.508733,0.00000000,0.00000000,0.00000000,0.00000000,-0.04557248,0.00872665,0.05817764,-0.01745329,-0.04557248,0.00872665,0.05817764,-0.01745329,can,874.5496,-206.2032,151.9151,16.45941957,44.11517397,1215.3849
2.630000,217.282987,-20.258920,-15.460439,172.046082,-28.206084,-7.774640,0.66232214,-0.74619320,0.03049545,-0.05995937,-2.04825097,-0.30387586,-1.05303361,11.7291,1215.4642,218.1836,-0.04712562,0.08756590,0.510799,0.00000000,0.00000000,0.00000000,0.00000000,-0.04557248,0.00872665,0.05817764,-0.01745329,-0.04557248,0.00872665,0.05817764,-0.01745329,can,864.3954,-242.0769,158.1598,16.45943508,44.11517132,1215.4642
2.640000,219.007156,-20.540667,-15.536538,172.787304,-28.140865,-7.439811,0.65454340,-0.75301791,0.02653679,-0.06190937,-1.96373689,-0.23273142,-0.91099740,11.7249,1215.5404,219.9261,-0.04772064,0.09749736,0.512845,0.00000000,0.00000000,0.00000000,0.00000000,-0.04557248,0.00872665,0.05817764,-0.01745329,-0.04557248,0.00872665,0.05817764,-0.01745329,can,863.8747,-274.5407,161.6788,16.45945066,44.11516868,1215.5404
2.650000,220.738723,-20.821695,-15.609137,173.525626,-28.062719,-7.075506,0.64703376,-0.75944357,0.02334853,-0.06362092,-1.88420483,-0.16739819,-0.74839899,11.7207,1215.6130,221.6761,-0.04748049,0.10591902,0.514874,0.00000000,0.00000000,0.00000000,0.00000000,-0.04557248,0.00872665,0.05817764,-0.01745329,-0.04557248,0.00872665,0.05817764,-0.01745329,can,863.3473,-302.6208,162.6314,16.45946630,44.11516605,1215.6130
2.660000,222.477658,-21.101886,-15.677967,174.259496,-27.973924,-6.686916,0.63979753,-0.76550102,0.02098175,-0.06501592,-1.80913894,-0.10979879,-0.56997092,11.7166,1215.6819,223.4333,-0.04650485,0.11262441,0.516886,0.00000000,0.00000000,0.00000000,0.00000000,-0.04557248,0.00872665,0.05817764,-0.01745329,-0.04557248,0.00872665,0.05817764,-0.01745329,can,853.1773,-325.2599,161.2557,16.45948201,44.11516343,1215.6819
2.670000,224.223904,-21.381147,-15.742812,174.990579,-27.877275,-6.279454,0.63316513,-0.77093425,0.01964578,-0.06615391,-1.56970622,0.02831214,-0.34659713,11.7124,1215.7468,225.1978,-0.04491162,0.11745554,0.518888,0.00000000,0.00000000,0.00000000,0.00000000,-0.04557248,0.03393696,0.00193925,-0.01745329,-0.04557248,0.03393696,0.00193925,-0.01745329,can,862.1428,-350.3397,137.3093,16.45949779,44.11516081,1215.7468
2.680000,225.977422,-21.659491,-15.803466,175.712642,-27.791148,-5.849572,0.62745545,-0.77551016,0.01952125,-0.06710128,-1.34087915,0.15333976,-0.11819877,11.7082,1215.8075,226.9695,-0.04258548,0.12006715,0.520871,0.00000000,0.00000000,0.00000000,0.00000000,-0.04557248,0.03393696,0.00193925,-0.01745329,-0.04557248,0.03393696,0.00193925,-0.01745329,can,861.7114,-360.5887,131.6550,16.45951363,44.11515821,1215.8075
2.690000,227.738177,-21.936974,-15.859780,176.438289,-27.705855,-5.412764,0.62264913,-0.77928603,0.02057391,-0.06780905,-1.12205162,0.26362664,0.10797115,11.7041,1215.8639,228.7484,-0.03924469,0.12024385,0.522868,0.00000000,0.00000000,0.00000000,0.00000000,-0.04557248,0.03393696,0.00193925,-0.01745329,-0.04557248,0.03393696,0.00193925,-0.01745329,can,861.1330,-363.2509,122.6057,16.45952954,44.11515561,1215.8639
2.700000,229.506157,-22.213625,-15.911724,177.156085,-27.625798,-4.976718,0.61872019,-0.78231137,0.02273750,-0.06824403,-0.91275669,0.35798673,0.32483360,11.6999,1215.9159,230.5345,-0.03507442,0.11803050,0.524849,0.00000000,0.00000000,0.00000000,0.00000000,-0.04557248,0.03393696,0.00193925,-0.01745329,-0.04557248,0.03393696,0.00193925,-0.01745329,can,850.9075,-358.2404,110.6579,16.45954551,44.11515302,1215.9159
2.710000,231.281325,-22.489531,-15.959335,177.878820,-27.557785,-4.547100,0.61563673,-0.78462902,0.02591599,-0.06838915,-0.71262547,0.43566718,0.52571514,11.6958,1215.9636,232.3276,-0.03025012,0.11353297,0.526856,0.00000000,0.00000000,0.00000000,0.00000000,-0.04557248,0.03393696,0.00193925,-0.01745329,-0.04557248,0.03393696,0.00193925,-0.01745329,can,859.7980,-345.8064,96.5962,16.45956155,44.11515044,1215.9636
2.720000,233.063733,-22.764836,-16.002710,178.601602,-27.506062,-4.130747,0.61273058,-0.78675774,0.03028879,-0.06823550,-0.84369033,0.56111259,0.77906861,11.6916,1216.0070,234.1280,-0.02494294,0.10694025,0.528875,0.00000000,0.00000000,0.00000000,0.00000000,0.01551404,0.03005845,0.00193925,-0.01745329,0.01551404,0.03005845,0.00193925,-0.01745329,can,849.6555,-343.7969,65.6166,16.45957765,44.11514786,1216.0070
2.730000,234.853346,-23.039766,-16.041929,179.320953,-27.484022,-3.716884,0.60936209,-0.78916975,0.03599847,-0.06777212,-0.96780767,0.66317095,1.00521620,11.6874,1216.0463,235.9355,-0.01889431,0.09808570,0.530903,0.00000000,0.00000000,0.00000000,0.00000000,0.01551404,0.03005845,0.00193925,-0.01745329,0.01551404,0.03005845,0.00193925,-0.01745329,can,848.8721,-316.0521,47.1065,16.45959382,44.11514529,1216.0463
2.740000,236.650126,-23.314603,-16.077141,180.036561,-27.488487,-3.330682,0.60553628,-0.79183438,0.04284678,-0.06699463,-1.08505849,0.73888271,1.19803805,11.6833,1216.0816,237.7502,-0.01179623,0.08699533,0.532938,0.00000000,0.00000000,0.00000000,0.00000000,0.01551404,0.03005845,0.00193925,-0.01745329,0.01551404,0.03005845,0.00193925,-0.01745329,can,857.8282,-280.2103,24.7516,16.45961006,44.11514271,1216.0816
2.750000,238.454076,-23.589645,-16.108656,180.751842,-27.525661,-2.978423,0.60125663,-0.79472389,0.05060459,-0.06590585,-1.19592620,0.78651425,1.35152086,11.6792,1216.1132,239.5721,-0.00397307,0.07398574,0.534993,0.00000000,0.00000000,0.00000000,0.00000000,0.01551404,0.03005845,0.00193925,-0.01745329,0.01551404,0.03005845,0.00193925,-0.01745329,can,847.5013,-237.3162,-0.4760,16.45962635,44.11514014,1216.1132
2.760000,240.265159,-23.865241,-16.136842,181.464387,-27.599983,-2.665780,0.59652390,-0.79781794,0.05901440,-0.06452189,-1.30158251,0.80576074,1.45938890,11.6750,1216.1414,241.4012,0.00423441,0.05943235,0.537063,0.00000000,0.00000000,0.00000000,0.00000000,0.01551404,0.03005845,0.00193925,-0.01745329,0.01551404,0.03005845,0.00193925,-0.01745329,can,846.8610,-188.4128,-27.5593,16.45964272,44.11513756,1216.1414
2.770000,242.083381,-24.141786,-16.162117,182.179409,-27.715983,-2.396855,0.59133852,-0.80110486,0.06780013,-0.06287207,-1.40244204,0.79738888,1.51821034,11.6709,1216.1668,243.2375,0.01248667,0.04376866,0.539164,0.00000000,0.00000000,0.00000000,0.00000000,0.01551404,0.03005845,0.00193925,-0.01745329,0.01551404,0.03005845,0.00193925,-0.01745329,can,846.2376,-134.9503,-55.4092,16.45965914,44.11513497,1216.1668
2.780000,243.908704,-24.419699,-16.184937,182.884165,-27.873846,-2.174897,0.58570395,-0.80458106,0.07667909,-0.06099613,-1.49883293,0.76329086,1.52608752,11.6667,1216.1897,245.0811,0.02046098,0.02747738,0.541259,0.00000000,0.00000000,0.00000000,0.00000000,0.01551404,0.03005845,0.00193925,-0.01745329,0.01551404,0.03005845,0.00193925,-0.01745329,can,845.7433,-79.0445,-82.9123,16.45967564,44.11513237,1216.1897
2.790000,245.741041,-24.699407,-16.205773,183.582059,-28.074862,-2.000306,0.57962695,-0.80825117,0.08537136,-0.05894378,-1.59119431,0.70639466,1.48280705,11.6626,1216.2106,246.9318,0.02786112,0.01105495,0.543358,0.00000000,0.00000000,0.00000000,0.00000000,0.01551404,0.03005845,0.00193925,-0.01745329,0.01551404,0.03005845,0.00193925,-0.01745329,can,844.9859,-22.5265,-109.0308,16.45969219,44.11512975,1216.2106
2.800000,247.580316,-24.981338,-16.225100,184.271233,-28.318169,-1.872665,0.57337320,-0.81194622,0.09373425,-0.05657205,-1.56598159,0.58952181,1.48844487,11.6585,1216.2300,248.7897,0.03442941,-0.00499081,0.545456,0.00000000,0.00000000,0.00000000,0.00000000,0.03102808,-0.01163553,-0.00678739,-0.00193925,0.03102808,-0.01163553,-0.00678739,-0.00193925,can,844.3565,9.8541,-123.4946,16.45970881,44.11512711,1216.2300
2.810000,249.426447,-25.265836,-16.243297,184.953356,-28.588011,-1.774424,0.56719980,-0.81551413,0.10164199,-0.05375864,-1.54216013,0.45950244,1.44303080,11.6544,1216.2483,250.6548,0.03979852,-0.02073863,0.547548,0.00000000,0.00000000,0.00000000,0.00000000,0.03102808,-0.01163553,-0.00678739,-0.00193925,0.03102808,-0.01163553,-0.00678739,-0.00193925,can,843.7265,65.4920,-143.9901,16.45972549,44.11512444,1216.2483
2.820000,251.279320,-25.553215,-16.260742,185.617974,-28.893145,-1.722120,0.56110413,-0.81899325,0.10886521,-0.05060218,-1.51967552,0.32215952,1.34876105,11.6502,1216.2658,252.5268,0.04359799,-0.03603223,0.549609,0.00000000,0.00000000,0.00000000,0.00000000,0.03102808,-0.01163553,-0.00678739,-0.00193925,0.03102808,-0.01163553,-0.00678739,-0.00193925,can,833.4756,120.2757,-159.2797,16.45974223,44.11512175,1216.2658
2.830000,253.138796,-25.843813,-16.277892,186.276671,-29.231657,-1.715522,0.55508408,-0.82242378,0.11520285,-0.04721331,-1.49873932,0.18337499,1.20945300,11.6461,1216.2830,254.4058,0.04577101,-0.05035534,0.551673,0.00000000,0.00000000,0.00000000,0.00000000,0.03102808,-0.01163553,-0.00678739,-0.00193925,0.03102808,-0.01163553,-0.00678739,-0.00193925,can,842.4777,173.0665,-168.9993,16.45975903,44.11511903,1216.2830
2.840000,255.004790,-26.137930,-16.295196,186.920473,-29.595782,-1.752247,0.54913566,-0.82584631,0.12048759,-0.04371082,-1.47964616,0.04887460,1.03047706,11.6420,1216.3004,256.2917,0.04632922,-0.06323808,0.553708,0.00000000,0.00000000,0.00000000,0.00000000,0.03102808,-0.01163553,-0.00678739,-0.00193925,0.03102808,-0.01163553,-0.00678739,-0.00193925,can,841.9182,221.2055,-172.9988,16.45977588,44.11511628,1216.3004
2.850000,256.877198,-26.435802,-16.313071,187.558272,-29.981087,-1.828874,0.54325349,-0.82929771,0.12459422,-0.04021494,-1.46222110,-0.07599817,0.81994839,11.6379,1216.3183,258.1844,0.04534125,-0.07426375,0.555740,0.00000000,0.00000000,0.00000000,0.00000000,0.03102808,-0.01163553,-0.00678739,-0.00193925,0.03102808,-0.01163553,-0.00678739,-0.00193925,can,831.7326,262.9696,-171.3825,16.45979280,44.11511349,1216.3183
2.860000,258.755928,-26.737597,-16.331890,188.186505,-30.379389,-1.940042,0.53743071,-0.83280802,0.12744257,-0.03684323,-1.44626128,-0.18648326,0.58541779,11.6337,1216.3372,260.0838,0.04293682,-0.08309837,0.557753,0.00000000,0.00000000,0.00000000,0.00000000,0.03102808,-0.01163553,-0.00678739,-0.00193925,0.03102808,-0.01163553,-0.00678739,-0.00193925,can,831.1633,296.9501,-164.4695,16.45980978,44.11511066,1216.3372
2.870000,260.640909,-27.043411,-16.351968,188.810203,-30.784360,-2.079951,0.53165823,-0.83639923,0.12899432,-0.03370952,-1.43156543,-0.27857262,0.33490106,11.6296,1216.3574,261.9899,0.03929551,-0.08949224,0.559759,0.00000000,0.00000000,0.00000000,0.00000000,0.03102808,-0.01163553,-0.00678739,-0.00193925,0.03102808,-0.01163553,-0.00678739,-0.00193925,can,840.2036,322.1962,-152.7907,16.45982681,44.11510780,1216.3574
2.880000,262.532121,-27.353281,-16.373562,189.430604,-31.188623,-2.241727,0.52592453,-0.84008389,0.12925331,-0.03091978,-1.41793905,-0.34912310,0.07695774,11.6255,1216.3791,263.9026,0.03464184,-0.09328140,0.561757,0.00000000,0.00000000,0.00000000,0.00000000,0.03102808,-0.01163553,-0.00678739,-0.00193925,0.03102808,-0.01163553,-0.00678739,-0.00193925,can,829.8416,337.9275,-137.0658,16.45984389,44.11510490,1216.3791
2.890000,264.429520,-27.667159,-16.396851,190.050825,-31.585577,-2.417950,0.52021594,-0.84386455,0.12826478,-0.02856819,-1.40520383,-0.39601698,-0.17961258,11.6213,1216.4024,265.8220,0.02923330,-0.09439019,0.563753,0.00000000,0.00000000,0.00000000,0.00000000,0.03102808,-0.01163553,-0.00678739,-0.00193925,0.03102808,-0.01163553,-0.00678739,-0.00193925,can,838.8446,343.6310,-118.4825,16.45986103,44.11510196,1216.4024
2.900000,266.333147,-27.984948,-16.421943,190.675155,-31.969345,-2.600874,0.51398477,-0.84805544,0.12628258,-0.02596811,-1.67833785,-0.61767294,-0.23409062,11.6172,1216.4276,267.7480,0.02334975,-0.09283425,0.565755,0.00000000,0.00000000,0.00000000,0.00000000,0.03102808,-0.06302578,-0.00678739,0.09308422,0.03102808,-0.06302578,-0.00678739,0.09308422,can,838.3366,293.2499,-52.6924,16.45987823,44.11509898,1216.4276
2.910000,268.243113,-28.306229,-16.448784,191.319100,-32.283210,-2.767470,0.50670789,-0.85291982,0.12357451,-0.02245516,-1.93709996,-0.80784231,-0.28273840,11.6131,1216.4545,269.6807,0.01635084,-0.08990460,0.567777,0.00000000,0.00000000,0.00000000,0.00000000,0.03102808,-0.06302578,-0.00678739,0.09308422,0.03102808,-0.06302578,-0.00678739,0.09308422,can,837.5403,283.9315,-27.8693,16.45989549,44.11509598,1216.4545
2.920000,270.159525,-28.630516,-16.477298,191.964543,-32.569028,-2.935968,0.49840103,-0.85837366,0.12025404,-0.01816707,-2.18218975,-0.95968579,-0.32388114,11.6090,1216.4831,271.6203,0.00725588,-0.08642411,0.569788,0.00000000,0.00000000,0.00000000,0.00000000,0.03102808,-0.06302578,-0.00678739,0.09308422,0.03102808,-0.06302578,-0.00678739,0.09308422,can,837.0142,272.3133,5.4074,16.45991280,44.11509294,1216.4831
2.930000,272.082431,-28.957496,-16.507519,192.616646,-32.820376,-3.109256,0.48907337,-0.86433179,0.11645547,-0.01326370,-2.41444132,-1.06837882,-0.35539256,11.6049,1216.5134,273.5666,-0.00350428,-0.08238617,0.571800,0.00000000,0.00000000,0.00000000,0.00000000,0.03102808,-0.06302578,-0.00678739,0.09308422,0.03102808,-0.06302578,-0.00678739,0.09308422,can,826.5927,258.3482,45.7488,16.45993018,44.11508988,1216.5134
2.940000,274.011887,-29.286789,-16.539508,193.276019,-33.031212,-3.289775,0.47872970,-0.87071067,0.11233028,-0.00791867,-2.63482573,-1.13088430,-0.37481164,11.6008,1216.5455,275.5197,-0.01544658,-0.07780599,0.573813,0.00000000,0.00000000,0.00000000,0.00000000,0.03102808,-0.06302578,-0.00678739,0.09308422,0.03102808,-0.06302578,-0.00678739,0.09308422,can,825.9369,242.0378,91.5312,16.45994761,44.11508680,1216.5455
2.950000,275.947979,-29.617971,-16.573347,193.943894,-33.197482,-3.479866,0.46737204,-0.87743071,0.10804341,-0.00231197,-2.84439701,-1.14606360,-0.37941406,11.5967,1216.5794,277.4797,-0.02805854,-0.07272777,0.575826,0.00000000,0.00000000,0.00000000,0.00000000,0.03102808,-0.06302578,-0.00678739,0.09308422,0.03102808,-0.06302578,-0.00678739,0.09308422,can,825.4294,223.5301,140.8423,16.45996510,44.11508369,1216.5794
2.960000,277.890817,-29.950587,-16.609146,194.626248,-33.317988,-3.682128,0.45558258,-0.88410755,0.10385293,0.00359359,-2.79343077,-1.19994311,-0.28415312,11.5926,1216.6153,279.4466,-0.04081676,-0.06723056,0.577856,0.00000000,0.00000000,0.00000000,0.00000000,0.03102808,-0.11053752,-0.00678739,0.10375013,0.03102808,-0.11053752,-0.00678739,0.10375013,can,834.2756,183.8704,210.9047,16.45998265,44.11508058,1216.6153
2.970000,279.840523,-30.284053,-16.647013,195.315683,-33.367402,-3.894059,0.44391889,-0.89041229,0.10002464,0.00985088,-2.74618674,-1.21039757,-0.17203054,11.5885,1216.6533,281.4204,-0.05347914,-0.06199388,0.579869,0.00000000,0.00000000,0.00000000,0.00000000,0.03102808,-0.11053752,-0.00678739,0.10375013,0.03102808,-0.11053752,-0.00678739,0.10375013,can,833.6604,164.3550,262.9680,16.46000027,44.11507746,1216.6533
2.980000,281.797144,-30.617778,-16.687094,196.007676,-33.369575,-4.125744,0.43234581,-0.89635611,0.09673200,0.01630150,-2.70265638,-1.17946025,-0.04516738,11.5844,1216.6934,283.4012,-0.06603985,-0.05756015,0.581865,0.00000000,0.00000000,0.00000000,0.00000000,0.03102808,-0.11053752,-0.00678739,0.10375013,0.03102808,-0.11053752,-0.00678739,0.10375013,can,823.5866,147.9061,315.5789,16.46001794,44.11507433,1216.6934
2.990000,283.760709,-30.951302,-16.729614,196.705271,-33.328427,-4.382910,0.42083075,-0.90195477,0.09412520,0.02279313,-2.66275256,-1.11168332,0.09358838,11.5802,1216.7360,285.3890,-0.07810722,-0.05408446,0.583856,0.00000000,0.00000000,0.00000000,0.00000000,0.03102808,-0.11053752,-0.00678739,0.10375013,0.03102808,-0.11053752,-0.00678739,0.10375013,can,823.0077,135.2203,366.9121,16.46003568,44.11507121,1216.7360
3.000000,285.731246,-31.284216,-16.774850,197.403278,-33.248570,-4.669568,0.40934316,-0.90722783,0.09232713,0.02918136,-2.62679448,-1.01070924,0.24074683,11.5761,1216.7814,287.3836,-0.08933855,-0.05170353,0.585831,0.00000000,0.00000000,0.00000000,0.00000000,0.03102808,-0.11053752,-0.00678739,0.10375013,0.03102808,-0.11053752,-0.00678739,0.10375013,can,832.0585,126.9348,415.6027,16.46005349,44.11506809,1216.7814
3.010000,287.708763,-31.616166,-16.823115,198.099185,-33.136730,-4.989195,0.39785138,-0.91219868,0.09143130,0.03532927,-2.59532648,-0.88090151,0.39230202,11.5720,1216.8297,289.3852,-0.09943878,-0.05052437,0.587787,0.00000000,0.00000000,0.00000000,0.00000000,0.03102808,-0.11053752,-0.00678739,0.10375013,0.03102808,-0.11053752,-0.00678739,0.10375013,can,831.4977,123.5950,460.4408,16.46007135,44.11506499,1216.8297
3.020000,289.693211,-31.946870,-16.874751,198.789418,-33.000966,-5.344067,0.38632543,-0.91689180,0.09149875,0.04111052,-2.56793939,-0.72715904,0.54388866,11.5678,1216.8814,291.3935,-0.10816008,-0.05061868,0.589719,0.00000000,0.00000000,0.00000000,0.00000000,0.03102808,-0.11053752,-0.00678739,0.10375013,0.03102808,-0.11053752,-0.00678739,0.10375013,can,830.9407,125.5810,499.9855,16.46008928,44.11506189,1216.8814
3.030000,291.684526,-32.276138,-16.930118,199.472063,-32.851020,-5.735233,0.37473932,-0.92133038,0.09255610,0.04641262,-2.54414094,-0.55514048,0.69093996,11.5637,1216.9369,293.4085,-0.11530726,-0.05201813,0.591627,0.00000000,0.00000000,0.00000000,0.00000000,0.03102808,-0.11053752,-0.00678739,0.10375013,0.03102808,-0.11053752,-0.00678739,0.10375013,can,830.3837,133.1175,533.2429,16.46010727,44.11505881,1216.9369
3.040000,293.682621,-32.603877,-16.989578,200.144113,-32.696924,-6.162629,0.36307161,-0.92553526,0.09459437,0.05114087,-2.52343511,-0.37094110,0.82883789,11.5596,1216.9965,295.4302,-0.12073942,-0.05471302,0.593508,0.00000000,0.00000000,0.00000000,0.00000000,0.03102808,-0.11053752,-0.00678739,0.10375013,0.03102808,-0.11053752,-0.00678739,0.10375013,can,820.2083,146.2588,559.9019,16.46012533,44.11505574,1216.9965
3.050000,295.687374,-32.930098,-17.053489,200.805843,-32.549478,-6.625536,0.35130573,-0.92952414,0.09756939,0.05522101,-2.50533122,-0.18084263,0.95310186,11.5554,1217.0605,297.4583,-0.12437319,-0.05865002,0.595371,0.00000000,0.00000000,0.00000000,0.00000000,0.03102808,-0.11053752,-0.00678739,0.10375013,0.03102808,-0.11053752,-0.00678739,0.10375013,can,829.2638,164.8415,579.4605,16.46014344,44.11505268,1217.0605
3.060000,297.698700,-33.254924,-17.122200,201.457560,-32.419456,-7.122057,0.33943096,-0.93331123,0.10140354,0.05860118,-2.48919398,0.00889816,1.05952960,11.5513,1217.1293,299.4929,-0.12618573,-0.06373346,0.597220,0.00000000,0.00000000,0.00000000,0.00000000,0.03102808,-0.11053752,-0.00678739,0.10375013,0.03102808,-0.11053752,-0.00678739,0.10375013,can,828.7095,188.5607,591.6842,16.46016161,44.11504964,1217.1293
3.070000,299.716484,-33.578579,-17.196031,202.095728,-32.316671,-7.648528,0.32700038,-0.93711343,0.10576284,0.06085549,-2.65507671,0.33352142,1.01034473,11.5472,1217.2032,301.5337,-0.12621561,-0.06982823,0.599053,0.00000000,0.00000000,0.00000000,0.00000000,0.03102808,-0.05332951,-0.00678739,0.07078280,0.03102808,-0.05332951,-0.00678739,0.07078280,can,818.4022,249.1662,564.9134,16.46017984,44.11504661,1217.2032
3.080000,301.740548,-33.901572,-17.275235,202.716456,-32.288598,-8.195631,0.31359085,-0.94111485,0.11031177,0.06160301,-2.81415417,0.64319201,0.94938150,11.5430,1217.2825,303.5808,-0.12403362,-0.07584924,0.600880,0.00000000,0.00000000,0.00000000,0.00000000,0.03102808,-0.05332951,-0.00678739,0.07078280,0.03102808,-0.05332951,-0.00678739,0.07078280,can,827.3786,276.8047,561.0637,16.46019813,44.11504359,1217.2825
3.090000,303.770777,-34.224495,-17.359984,203.326580,-32.303603,-8.754870,0.29923071,-0.94527110,0.11494583,0.06091778,-2.96718142,0.92772093,0.87961655,11.5389,1217.3674,305.6340,-0.11900900,-0.08108631,0.602705,0.00000000,0.00000000,0.00000000,0.00000000,0.03102808,-0.05332951,-0.00678739,0.07078280,0.03102808,-0.05332951,-0.00678739,0.07078280,can,817.1563,301.3536,545.3028,16.46021647,44.11504056,1217.3674
3.100000,305.807052,-34.547809,-17.450328,203.928408,-32.368142,-9.313003,0.28395231,-0.94952835,0.11956000,0.05892715,-3.11373082,1.17768380,0.80355898,11.5348,1217.4578,307.6933,-0.11138654,-0.08555141,0.604535,0.00000000,0.00000000,0.00000000,0.00000000,0.03102808,-0.05332951,-0.00678739,0.07078280,0.03102808,-0.05332951,-0.00678739,0.07078280,can,825.9776,322.7762,518.1973,16.46023487,44.11503754,1217.4578
3.110000,307.849325,-34.872039,-17.546196,204.525444,-32.487252,-9.857186,0.26779933,-0.95382426,0.12405118,0.05580419,-3.25250649,1.38548415,0.72312400,11.5307,1217.5538,309.7586,-0.10150186,-0.08928437,0.606382,0.00000000,0.00000000,0.00000000,0.00000000,0.03102808,-0.05332951,-0.00678739,0.07078280,0.03102808,-0.05332951,-0.00678739,0.07078280,can,825.0353,341.2271,480.6206,16.46025332,44.11503450,1217.5538
3.120000,309.897519,-35.197741,-17.647376,205.112727,-32.662853,-10.373143,0.25007685,-0.95828235,0.12837852,0.05172480,-3.68361668,1.60530770,0.66620472,11.5265,1217.6550,311.8301,-0.08977409,-0.09234688,0.608229,0.00000000,0.00000000,0.00000000,0.00000000,0.05720802,-0.04169398,-0.00678739,0.07078280,0.05720802,-0.04169398,-0.00678739,0.07078280,can,824.2273,351.4288,419.6304,16.46027182,44.11503145,1217.6550
3.130000,311.951605,-35.525510,-17.753471,205.702605,-32.900460,-10.838148,0.23013323,-0.96295199,0.13252154,0.04690625,-4.09127939,1.76774191,0.61344246,11.5224,1217.7612,313.9077,-0.07656829,-0.09482707,0.610111,0.00000000,0.00000000,0.00000000,0.00000000,0.05720802,-0.04169398,-0.00678739,0.07078280,0.05720802,-0.04169398,-0.00678739,0.07078280,can,813.9267,364.7817,365.2883,16.46029038,44.11502838,1217.7612
3.140000,314.011564,-35.855949,-17.863970,206.290090,-33.197462,-11.252744,0.20809094,-0.96765504,0.13641154,0.04163860,-4.47646036,1.86623643,0.56443613,11.5183,1217.8718,315.9914,-0.06221525,-0.09688151,0.612011,0.00000000,0.00000000,0.00000000,0.00000000,0.05720802,-0.04169398,-0.00678739,0.07078280,0.05720802,-0.04169398,-0.00678739,0.07078280,can,822.6945,376.3968,304.5023,16.46030899,44.11502529,1217.8718
3.150000,316.077372,-36.189648,-17.978319,206.871080,-33.551973,-11.606156,0.18407831,-0.97221804,0.13998009,0.03623305,-4.84068364,1.89968252,0.51714952,11.5142,1217.9863,318.0813,-0.04733276,-0.09872106,0.613916,0.00000000,0.00000000,0.00000000,0.00000000,0.05720802,-0.04169398,-0.00678739,0.07078280,0.05720802,-0.04169398,-0.00678739,0.07078280,can,821.7046,387.2034,239.8646,16.46032765,44.11502217,1217.9863
3.160000,318.149002,-36.527180,-18.095870,207.454450,-33.963188,-11.892236,0.15822458,-0.97647804,0.14315963,0.03099902,-5.18600853,1.87024328,0.46840143,11.5101,1218.1040,320.1775,-0.03256448,-0.10050377,0.615849,0.00000000,0.00000000,0.00000000,0.00000000,0.05720802,-0.04169398,-0.00678739,0.07078280,0.05720802,-0.04169398,-0.00678739,0.07078280,can,820.8623,397.9282,174.6357,16.46034637,44.11501901,1218.1040
3.170000,320.226422,-36.869072,-18.215918,208.027515,-34.422597,-12.105111,0.13065600,-0.98028528,0.14588281,0.02622967,-5.51471470,1.78302818,0.41441748,11.5059,1218.2241,322.2800,-0.01854051,-0.10232940,0.617767,0.00000000,0.00000000,0.00000000,0.00000000,0.05720802,-0.04169398,-0.00678739,0.07078280,0.05720802,-0.04169398,-0.00678739,0.07078280,can,810.4347,408.9650,112.3482,16.46036514,44.11501580,1218.2241
3.180000,322.309564,-37.215783,-18.337727,208.600238,-34.926245,-12.244430,0.10149351,-0.98350304,0.14808280,0.02218829,-5.82871098,1.64592815,0.35140168,11.5018,1218.3460,324.3887,-0.00584204,-0.10420462,0.619698,0.00000000,0.00000000,0.00000000,0.00000000,0.05720802,-0.04169398,-0.00678739,0.07078280,0.05720802,-0.04169398,-0.00678739,0.07078280,can,809.6271,420.3547,54.8650,16.46038396,44.11501256,1218.3460
3.190000,324.398385,-37.567706,-18.460560,209.164547,-35.463875,-12.310350,0.07085087,-0.98600564,0.14969445,0.01909473,-6.12982359,1.46957310,0.27615307,11.4977,1218.4690,326.5037,0.00502389,-0.10605967,0.621612,0.00000000,0.00000000,0.00000000,0.00000000,0.05720802,-0.04169398,-0.00678739,0.07078280,0.05720802,-0.04169398,-0.00678739,0.07078280,can,818.5977,431.5705,4.5944,16.46040283,44.11500926,1218.4690
3.200000,326.492867,-37.925156,-18.583704,209.731203,-36.029687,-12.307390,0.03883416,-0.98767481,0.15065659,0.01711632,-6.41909726,1.26579521,0.18679241,11.4936,1218.5922,328.6250,0.01366005,-0.10773521,0.623540,0.00000000,0.00000000,0.00000000,0.00000000,0.05720802,-0.04169398,-0.00678739,0.07078280,0.05720802,-0.04169398,-0.00678739,0.07078280,can,817.6594,441.9995,-36.3446,16.46042175,44.11500592,1218.5922
3.210000,328.592972,-38.288349,-18.706496,210.287983,-36.610510,-12.240942,0.00554446,-0.98839571,0.15091541,0.01636215,-6.69686342,1.04750306,0.08314176,11.4895,1218.7151,330.7526,0.01980322,-0.10901885,0.625440,0.00000000,0.00000000,0.00000000,0.00000000,0.05720802,-0.04169398,-0.00678739,0.07078280,0.05720802,-0.04169398,-0.00678739,0.07078280,can,807.4171,450.6050,-66.3564,16.46044073,44.11500252,1218.7151
3.220000,330.698647,-38.657401,-18.828342,210.846898,-37.200428,-12.120026,-0.02670674,-0.98817535,0.15013176,0.01602127,-6.04621686,1.03472110,-0.16852485,11.4854,1218.8371,332.8864,0.02333639,-0.10964473,0.627345,0.00000000,0.00000000,0.00000000,0.00000000,0.04072435,-0.02036217,-0.04072435,-0.00387851,0.04072435,-0.02036217,-0.04072435,-0.00387851,can,806.4694,488.6912,-130.5022,16.46045975,44.11499906,1218.8371
3.230000,332.809850,-39.032477,-18.948543,211.394265,-37.812798,-11.912643,-0.05578573,-0.98729120,0.14802197,0.01528180,-5.43355771,1.02325421,-0.41539920,11.4813,1218.9574,335.0265,0.02566865,-0.10845298,0.629219,0.00000000,0.00000000,0.00000000,0.00000000,0.04072435,-0.02036217,-0.04072435,-0.00387851,0.04072435,-0.02036217,-0.04072435,-0.00387851,can,805.6584,485.1082,-142.5877,16.46047883,44.11499555,1218.9574
3.240000,334.926552,-39.413595,-19.066450,211.947382,-38.406627,-11.661702,-0.08185802,-0.98598647,0.14466381,0.01422399,-4.85623510,1.00635232,-0.64634646,11.4772,1219.0754,337.1728,0.02865174,-0.10478202,0.631097,0.00000000,0.00000000,0.00000000,0.00000000,0.04072435,-0.02036217,-0.04072435,-0.00387851,0.04072435,-0.02036217,-0.04072435,-0.00387851,can,804.8155,469.5451,-157.9292,16.46049795,44.11499198,1219.0754
3.250000,337.048832,-39.800501,-19.181641,212.510784,-38.968165,-11.370189,-0.10508717,-0.98444760,0.14018515,0.01295150,-4.31358096,0.97743191,-0.85152414,11.4731,1219.1907,339.3254,0.03230602,-0.09880712,0.632983,0.00000000,0.00000000,0.00000000,0.00000000,0.04072435,-0.02036217,-0.04072435,-0.00387851,0.04072435,-0.02036217,-0.04072435,-0.00387851,can,804.0975,442.0201,-176.7317,16.46051712,44.11498836,1219.1907
3.260000,339.176815,-40.192808,-19.293733,213.088263,-39.484747,-11.042443,-0.12563758,-0.98281255,0.13476068,0.01158617,-3.80460716,0.93079478,-1.02223337,11.4690,1219.3029,341.4843,0.03653848,-0.09079353,0.634881,0.00000000,0.00000000,0.00000000,0.00000000,0.04072435,-0.02036217,-0.04072435,-0.00387851,0.04072435,-0.02036217,-0.04072435,-0.00387851,can,803.0843,404.0329,-198.7941,16.46053635,44.11498468,1219.3029
3.270000,341.310654,-40.590010,-19.402387,213.682547,-39.945613,-10.683753,-0.14366716,-0.98118036,0.12860639,0.01025921,-3.32741926,0.86226813,-1.15132991,11.4649,1219.4117,343.6497,0.04115499,-0.08107966,0.636795,0.00000000,0.00000000,0.00000000,0.00000000,0.04072435,-0.02036217,-0.04072435,-0.00387851,0.04072435,-0.02036217,-0.04072435,-0.00387851,can,802.2095,357.1107,-223.3903,16.46055563,44.11498097,1219.4117
3.280000,343.450527,-40.991506,-19.507326,214.295236,-40.342299,-10.300558,-0.15968251,-0.97950233,0.12243722,0.00926280,-3.03183994,0.69614721,-1.05382234,11.4608,1219.5168,345.8216,0.04588565,-0.07006278,0.638722,0.00000000,0.00000000,0.00000000,0.00000000,0.05139025,-0.04169398,-0.05914727,0.04169398,0.05139025,-0.04169398,-0.05914727,0.04169398,can,801.3250,260.8771,-232.8420,16.46057496,44.11497721,1219.5168
3.290000,345.596661,-41.396478,-19.608461,214.934363,-40.641223,-9.924354,-0.17414983,-0.97770698,0.11697147,0.00886418,-2.75479620,0.50769423,-0.91501649,11.4567,1219.6180,348.0002,0.05005426,-0.05927629,0.640672,0.00000000,0.00000000,0.00000000,0.00000000,0.05139025,-0.04169398,-0.05914727,0.04169398,0.05139025,-0.04169398,-0.05914727,0.04169398,can,800.5882,207.8250,-256.4163,16.46059435,44.11497341,1219.6180
3.300000,347.749265,-41.804124,-19.705784,215.588649,-40.878426,-9.539373,-0.18716002,-0.97583166,0.11242920,0.00913073,-2.49517494,0.30439707,-0.74171346,11.4526,1219.7155,350.1856,0.05284795,-0.04986061,0.642629,0.00000000,0.00000000,0.00000000,0.00000000,0.05139025,-0.04169398,-0.05914727,0.04169398,0.05139025,-0.04169398,-0.05914727,0.04169398,can,799.6988,161.3105,-273.4842,16.46061380,44.11496960,1219.7155
3.310000,349.908501,-42.213878,-19.799245,216.260346,-41.064779,-9.153460,-0.19880431,-0.97390813,0.10898635,0.01008885,-2.25215826,0.09529873,-0.54189770,11.4485,1219.8090,352.3779,0.05400595,-0.04210961,0.644608,0.00000000,0.00000000,0.00000000,0.00000000,0.05139025,-0.04169398,-0.05914727,0.04169398,0.05139025,-0.04169398,-0.05914727,0.04169398,can,798.6477,122.9840,-282.5474,16.46063331,44.11496576,1219.8090
3.320000,352.074475,-42.625279,-19.888876,216.935545,-41.209777,-8.774263,-0.20917419,-0.97196174,0.10676675,0.01172127,-2.02480009,-0.10960116,-0.32445544,11.4444,1219.8988,354.5772,0.05337018,-0.03624774,0.646576,0.00000000,0.00000000,0.00000000,0.00000000,0.05139025,-0.04169398,-0.05914727,0.04169398,0.05139025,-0.04169398,-0.05914727,0.04169398,can,797.7547,94.1437,-282.5364,16.46065288,44.11496191,1219.8988
3.330000,354.247231,-43.037986,-19.974774,217.616491,-41.328471,-8.408078,-0.21836013,-0.97001154,0.10583660,0.01396716,-1.81215980,-0.30003077,-0.09881190,11.4403,1219.9848,356.7834,0.05089011,-0.03241740,0.648548,0.00000000,0.00000000,0.00000000,0.00000000,0.05139025,-0.04169398,-0.05914727,0.04169398,0.05139025,-0.04169398,-0.05914727,0.04169398,can,796.8531,75.9357,-272.9556,16.46067251,44.11495805,1219.9848
3.340000,356.426814,-43.451810,-20.057098,218.300266,-41.435742,-8.060102,-0.22645101,-0.96807093,0.10620210,0.01672496,-1.61334237,-0.46613951,0.12554224,11.4362,1220.0673,358.9966,0.04663342,-0.03067963,0.650525,0.00000000,0.00000000,0.00000000,0.00000000,0.05139025,-0.04169398,-0.05914727,0.04169398,0.05139025,-0.04169398,-0.05914727,0.04169398,can,795.9417,68.5525,-253.8955,16.46069220,44.11495417,1220.0673
3.350000,358.613236,-43.866712,-20.136050,218.983901,-41.546413,-7.734227,-0.23353358,-0.96614945,0.10780989,0.01985790,-1.42744908,-0.59918558,0.33929089,11.4321,1220.1463,361.2167,0.04078185,-0.03101404,0.652508,0.00000000,0.00000000,0.00000000,0.00000000,0.05139025,-0.04169398,-0.05914727,0.04169398,0.05139025,-0.04169398,-0.05914727,0.04169398,can,795.0214,71.9331,-226.0497,16.46071195,44.11495029,1220.1463
3.360000,360.806482,-44.282798,-20.211864,219.665798,-41.675030,-7.432756,-0.24020564,-0.96410481,0.11083733,0.02276532,-1.44281454,-0.53096351,0.69558269,11.4280,1220.2223,363.4439,0.03362018,-0.03331879,0.654500,0.00000000,0.00000000,0.00000000,0.00000000,0.10084125,-0.04169398,-0.08920572,0.04169398,0.10084125,-0.04169398,-0.08920572,0.04169398,can,803.6966,47.5180,-227.5181,16.46073177,44.11494639,1220.2223
3.370000,363.006577,-44.700102,-20.284718,220.351954,-41.792365,-7.141267,-0.24701939,-0.96179474,0.11538642,0.02486520,-1.45796182,-0.43075309,1.01418394,11.4239,1220.2953,365.6780,0.02614588,-0.03839705,0.656500,0.00000000,0.00000000,0.00000000,0.00000000,0.10084125,-0.04169398,-0.08920572,0.04169398,0.10084125,-0.04169398,-0.08920572,0.04169398,can,802.9326,77.0740,-189.8161,16.46075164,44.11494248,1220.2953
3.380000,365.213485,-45.118801,-20.354733,221.025982,-41.955908,-6.862855,-0.25398743,-0.95923052,0.12119423,0.02606061,-1.47304574,-0.30356431,1.28031661,11.4198,1220.3654,367.9191,0.01958471,-0.04659222,0.658495,0.00000000,0.00000000,0.00000000,0.00000000,0.10084125,-0.04169398,-0.08920572,0.04169398,0.10084125,-0.04169398,-0.08920572,0.04169398,can,792.4349,123.9825,-156.1576,16.46077158,44.11493856,1220.3654
3.390000,367.427074,-45.539421,-20.421974,221.690435,-42.178825,-6.584012,-0.26111756,-0.95642955,0.12793886,0.02630190,-1.48821102,-0.15534785,1.48210689,11.4157,1220.4328,370.1672,0.01416424,-0.05739370,0.660500,0.00000000,0.00000000,0.00000000,0.00000000,0.10084125,-0.04169398,-0.08920572,0.04169398,0.10084125,-0.04169398,-0.08920572,0.04169398,can,801.1595,185.5339,-127.8922,16.46079158,44.11493463,1220.4328
3.400000,369.647229,-45.962598,-20.486367,222.335588,-42.467476,-6.291197,-0.26841431,-0.95341683,0.13526046,0.02558725,-1.50406385,0.00720712,1.61306284,11.4116,1220.4973,372.4221,0.01005981,-0.07017667,0.662488,0.00000000,0.00000000,0.00000000,0.00000000,0.10084125,-0.04169398,-0.08920572,0.04169398,0.10084125,-0.04169398,-0.08920572,0.04169398,can,790.7050,258.5119,-106.0895,16.46081164,44.11493066,1220.4973
3.410000,371.873710,-46.389002,-20.547708,222.957977,-42.825346,-5.971510,-0.27588176,-0.95022433,0.14278975,0.02395951,-1.52107682,0.17695121,1.67038850,11.4074,1220.5588,374.6838,0.00738780,-0.08423937,0.664453,0.00000000,0.00000000,0.00000000,0.00000000,0.10084125,-0.04169398,-0.08920572,0.04169398,0.10084125,-0.04169398,-0.08920572,0.04169398,can,799.4400,338.7020,-91.5746,16.46083175,44.11492667,1220.5588
3.420000,374.106302,-46.819334,-20.605668,223.555931,-43.251990,-5.613300,-0.28352182,-0.94689245,0.15015856,0.02150525,-1.53951633,0.34658459,1.65287472,11.4033,1220.6169,376.9521,0.00620257,-0.09885895,0.666388,0.00000000,0.00000000,0.00000000,0.00000000,0.10084125,-0.04169398,-0.08920572,0.04169398,0.10084125,-0.04169398,-0.08920572,0.04169398,can,798.5818,422.6277,-84.8374,16.46085193,44.11492264,1220.6169
3.430000,376.344736,-47.254255,-20.659812,224.126264,-43.742218,-5.206884,-0.29133730,-0.94346868,0.15701159,0.01835200,-1.56043292,0.50898870,1.56195615,11.3991,1220.6712,379.2268,0.00649593,-0.11331050,0.668284,0.00000000,0.00000000,0.00000000,0.00000000,0.10084125,-0.04169398,-0.08920572,0.04169398,0.10084125,-0.04169398,-0.08920572,0.04169398,can,797.8617,505.0362,-86.0449,16.46087215,44.11491857,1220.6712
3.440000,378.588735,-47.694360,-20.709622,224.668903,-44.286822,-4.745509,-0.30008594,-0.93984905,0.16246505,0.01540472,-1.93469602,0.49124331,1.12225216,11.3950,1220.7211,381.5077,0.00819797,-0.12689086,0.670134,0.00000000,0.00000000,0.00000000,0.00000000,0.05042062,-0.01357478,-0.03781547,0.04363323,0.05042062,-0.01357478,-0.03781547,0.04363323,can,797.2336,648.8949,-57.4418,16.46089242,44.11491445,1220.7211
3.450000,380.837923,-48.140446,-20.754503,225.165018,-44.935620,-4.221766,-0.31046050,-0.93592952,0.16573124,0.01354160,-2.29125689,0.46940421,0.64318791,11.3909,1220.7661,383.7946,0.01026127,-0.13730488,0.671917,0.00000000,0.00000000,0.00000000,0.00000000,0.05042062,-0.01357478,-0.03781547,0.04363323,0.05042062,-0.01357478,-0.03781547,0.04363323,can,796.4228,708.2442,-69.3310,16.46091274,44.11491027,1220.7661
3.460000,383.091974,-48.593142,-20.793904,225.643029,-45.605155,-3.652178,-0.32236259,-0.93173500,0.16669734,0.01281566,-2.62846497,0.45228838,0.15110456,11.3867,1220.8057,386.0872,0.01142105,-0.14297793,0.673667,0.00000000,0.00000000,0.00000000,0.00000000,0.05042062,-0.01357478,-0.03781547,0.04363323,0.05042062,-0.01357478,-0.03781547,0.04363323,can,795.8748,740.6080,-76.3655,16.46093311,44.11490603,1220.8057
3.470000,385.350758,-49.052551,-20.827450,226.113374,-46.275221,-3.053411,-0.33569042,-0.92724990,0.16536429,0.01319911,-2.94579766,0.44683942,-0.32522814,11.3826,1220.8393,388.3855,0.01178875,-0.14374901,0.675403,0.00000000,0.00000000,0.00000000,0.00000000,0.05042062,-0.01357478,-0.03781547,0.04363323,0.05042062,-0.01357478,-0.03781547,0.04363323,can,795.0702,746.4436,-79.0234,16.46095351,44.11490173,1220.8393
3.480000,387.614252,-49.518586,-20.854931,226.586817,-46.927166,-2.442169,-0.35033624,-0.92241847,0.16185128,0.01458950,-3.24157094,0.45707065,-0.75859420,11.3785,1220.8670,390.6893,0.01161000,-0.13972445,0.677143,0.00000000,0.00000000,0.00000000,0.00000000,0.05042062,-0.01357478,-0.03781547,0.04363323,0.05042062,-0.01357478,-0.03781547,0.04363323,can,794.1560,726.5953,-78.5651,16.46097396,44.11489737,1220.8670
3.490000,389.882540,-49.990973,-20.876309,227.073948,-47.542818,-1.835671,-0.36617763,-0.91715560,0.15638578,0.01682370,-3.51328204,0.48344424,-1.12516029,11.3743,1220.8885,392.9987,0.01122223,-0.13129607,0.678908,0.00000000,0.00000000,0.00000000,0.00000000,0.05042062,-0.01357478,-0.03781547,0.04363323,0.05042062,-0.01357478,-0.03781547,0.04363323,can,792.9856,680.3081,-76.8202,16.46099446,44.11489295,1220.8885
3.500000,392.155808,-50.469265,-20.891717,227.583939,-48.105386,-1.250668,-0.38307898,-0.91135806,0.14929526,0.01969525,-3.75957142,0.52269388,-1.40456995,11.3702,1220.9040,395.3140,0.01100140,-0.11911085,0.680711,0.00000000,0.00000000,0.00000000,0.00000000,0.05042062,-0.01357478,-0.03781547,0.04363323,0.05042062,-0.01357478,-0.03781547,0.04363323,can,791.8789,612.0719,-75.9047,16.46101500,44.11488847,1220.9040
3.510000,394.434290,-50.952850,-20.901445,228.116492,-48.599204,-0.702171,-0.40089996,-0.90491616,0.14098949,0.02297665,-3.98235626,0.56822785,-1.58390832,11.3661,1220.9139,397.6351,0.01130144,-0.10403620,0.682540,0.00000000,0.00000000,0.00000000,0.00000000,0.05042062,-0.01357478,-0.03781547,0.04363323,0.05042062,-0.01357478,-0.03781547,0.04363323,can,781.2621,526.5173,-77.8749,16.46103558,44.11488394,1220.9139
3.520000,396.718274,-51.440997,-20.905920,228.685853,-49.016730,-0.201633,-0.41951268,-0.89772164,0.13193024,0.02644565,-4.18471406,0.61111910,-1.65702643,11.3620,1220.9185,399.9624,0.01239433,-0.08709810,0.684429,0.00000000,0.00000000,0.00000000,0.00000000,0.05042062,-0.01357478,-0.03781547,0.04363323,0.05042062,-0.01357478,-0.03781547,0.04363323,can,780.3118,427.4701,-84.4139,16.46105622,44.11487937,1220.9185
3.530000,399.008120,-51.932902,-20.905670,229.290028,-49.350364,0.241748,-0.43879889,-0.88967815,0.12261487,0.02989835,-4.36944963,0.64122019,-1.62113073,11.3578,1220.9184,402.2961,0.01442532,-0.06940746,0.686365,0.00000000,0.00000000,0.00000000,0.00000000,0.05042062,-0.01357478,-0.03781547,0.04363323,0.05042062,-0.01357478,-0.03781547,0.04363323,can,788.9344,323.2312,-96.5121,16.46107690,44.11487476,1220.9184
3.540000,401.304178,-52.427716,-20.901293,229.926445,-49.598073,0.623378,-0.45865779,-0.88070320,0.11355750,0.03316010,-4.54002010,0.64846364,-1.48109467,11.3537,1220.9142,404.6364,0.01738822,-0.05209491,0.688338,0.00000000,0.00000000,0.00000000,0.00000000,0.05042062,-0.01357478,-0.03781547,0.04363323,0.05042062,-0.01357478,-0.03781547,0.04363323,can,787.8312,220.3022,-114.3058,16.46109765,44.11487013,1220.9142
3.550000,403.606737,-52.924584,-20.893411,230.589339,-49.762127,0.942916,-0.47900111,-0.87073423,0.10524504,0.03610159,-4.69850660,0.62437892,-1.25166960,11.3496,1220.9065,406.9836,0.02111583,-0.03626020,0.690332,0.00000000,0.00000000,0.00000000,0.00000000,0.05042062,-0.01357478,-0.03781547,0.04363323,0.05042062,-0.01357478,-0.03781547,0.04363323,can,786.7253,125.7128,-136.9948,16.46111845,44.11486548,1220.9065
3.560000,405.916035,-53.422703,-20.882627,231.273209,-49.850117,1.205124,-0.49975095,-0.85972777,0.09809921,0.03864829,-4.84737564,0.56345463,-0.95348538,11.3454,1220.8958,409.3376,0.02529111,-0.02286292,0.692335,0.00000000,0.00000000,0.00000000,0.00000000,0.05042062,-0.01357478,-0.03781547,0.04363323,0.05042062,-0.01357478,-0.03781547,0.04363323,can,785.6597,46.9476,-162.8537,16.46113932,44.11486081,1220.8958
3.570000,408.232253,-53.921370,-20.869471,231.972443,-49.873540,1.418799,-0.52083781,-0.84765415,0.09245245,0.04077938,-4.98851933,0.46411709,-0.61043437,11.3413,1220.8828,411.6987,0.02947806,-0.01264336,0.694340,0.00000000,0.00000000,0.00000000,0.00000000,0.05042062,-0.01357478,-0.03781547,0.04363323,0.05042062,-0.01357478,-0.03781547,0.04363323,can,784.6543,-12.9365,-189.3781,16.46116024,44.11485615,1220.8828
3.580000,410.555491,-54.419999,-20.854376,232.676429,-49.845333,1.595074,-0.54219441,-0.83449380,0.08852795,0.04252208,-5.12293505,0.32928145,-0.24864770,11.3372,1220.8679,414.0668,0.03316912,-0.00608358,0.696324,0.00000000,0.00000000,0.00000000,0.00000000,0.05042062,-0.01357478,-0.03781547,0.04363323,0.05042062,-0.01357478,-0.03781547,0.04363323,can,783.4875,-50.9247,-213.5252,16.46118123,44.11485148,1220.8679
3.590000,412.885801,-54.918161,-20.837648,233.384801,-49.782528,1.747771,-0.56375045,-0.82023474,0.08642585,0.04394291,-5.25107173,0.16634514,0.10557270,11.3331,1220.8513,416.4420,0.03584044,-0.00337658,0.698298,0.00000000,0.00000000,0.00000000,0.00000000,0.05042062,-0.01357478,-0.03781547,0.04363323,0.05042062,-0.01357478,-0.03781547,0.04363323,can,772.9075,-65.5509,-232.1729,16.46120228,44.11484681,1220.8513
3.600000,415.223194,-55.415592,-20.819448,234.093995,-49.702094,1.892027,-0.58298528,-0.80673748,0.08562585,0.04439620,-4.14675204,0.28856657,0.33180253,11.3290,1220.8333,418.8241,0.03701422,-0.00442104,0.700263,0.00000000,0.00000000,0.00000000,0.00000000,0.05042062,-0.00581776,-0.07563093,-0.02811919,0.05042062,-0.00581776,-0.07563093,-0.02811919,can,771.8350,-32.8372,-309.1668,16.46122340,44.11484216,1220.8333
3.610000,417.567717,-55.911960,-20.799584,234.810322,-49.571159,2.082695,-0.59775454,-0.79592554,0.08554438,0.04329220,-3.11622173,0.39606206,0.52700332,11.3250,1220.8136,421.2133,0.03763423,-0.00805275,0.702218,0.00000000,0.00000000,0.00000000,0.00000000,0.05042062,-0.00581776,-0.07563093,-0.02811919,0.05042062,-0.00581776,-0.07563093,-0.02811919,can,770.1989,-8.8423,-314.4262,16.46124458,44.11483751,1220.8136
3.620000,419.919367,-56.406996,-20.777733,235.517934,-49.434758,2.291771,-0.60848363,-0.78782927,0.08605452,0.04083297,-2.15329241,0.48734811,0.67951476,11.3209,1220.7919,423.6094,0.03929498,-0.01332078,0.704147,0.00000000,0.00000000,0.00000000,0.00000000,0.05042062,-0.00581776,-0.07563093,-0.02811919,0.05042062,-0.00581776,-0.07563093,-0.02811919,can,758.8320,25.5494,-326.3610,16.46126583,44.11483287,1220.7919
3.630000,422.278069,-56.900626,-20.753641,236.222054,-49.289624,2.532885,-0.61552017,-0.78241856,0.08699547,0.03725468,-1.25238240,0.56047374,0.78125207,11.3169,1220.7680,426.0124,0.04185865,-0.01984712,0.706063,0.00000000,0.00000000,0.00000000,0.00000000,0.05042062,-0.00581776,-0.07563093,-0.02811919,0.05042062,-0.00581776,-0.07563093,-0.02811919,can,757.2418,68.0487,-344.2664,16.46128714,44.11482825,1220.7680
3.640000,424.643800,-57.392745,-20.726933,236.922359,-49.131228,2.816363,-0.61914569,-0.77961774,0.08819126,0.03281919,-0.40877174,0.61274201,0.82827852,11.3129,1220.7414,428.4222,0.04521444,-0.02713639,0.707962,0.00000000,0.00000000,0.00000000,0.00000000,0.05042062,-0.00581776,-0.07563093,-0.02811919,0.05042062,-0.00581776,-0.07563093,-0.02811919,can,746.0789,115.6108,-367.5562,16.46130851,44.11482364,1220.7414
3.650000,427.016477,-57.883188,-20.697150,237.612508,-48.954296,3.148715,-0.61958762,-0.77931594,0.08946939,0.02780412,0.38146778,0.64085076,0.82080737,11.3089,1220.7118,430.8388,0.04925302,-0.03462577,0.709825,0.00000000,0.00000000,0.00000000,0.00000000,0.05042062,-0.00581776,-0.07563093,-0.02811919,0.05042062,-0.00581776,-0.07563093,-0.02811919,can,744.3646,164.6598,-395.6254,16.46132995,44.11481905,1220.7118
3.660000,429.396037,-58.371762,-20.663782,238.297278,-48.756528,3.533695,-0.61702994,-0.78137431,0.09067736,0.02249132,1.12166361,0.64133257,0.76353053,11.3049,1220.6786,433.2620,0.05383633,-0.04173152,0.711664,0.00000000,0.00000000,0.00000000,0.00000000,0.05042062,-0.00581776,-0.07563093,-0.02811919,0.05042062,-0.00581776,-0.07563093,-0.02811919,can,733.0728,212.3595,-427.6985,16.46135145,44.11481448,1220.6786
3.670000,431.782378,-58.858237,-20.626301,238.968705,-48.534529,3.970721,-0.61162139,-0.78563122,0.09169888,0.01715158,1.81493057,0.61126628,0.66563723,11.3010,1220.6413,435.6917,0.05878094,-0.04790168,0.713455,0.00000000,0.00000000,0.00000000,0.00000000,0.05042062,-0.00581776,-0.07563093,-0.02811919,0.05042062,-0.00581776,-0.07563093,-0.02811919,can,721.7616,254.1055,-462.6342,16.46137301,44.11480992,1220.6413
3.680000,434.175366,-59.342369,-20.584206,239.626430,-48.287666,4.455886,-0.60368990,-0.79172835,0.09259097,0.01231425,2.34698836,0.43591998,0.51840863,11.2971,1220.5993,438.1277,0.06384267,-0.05266756,0.715198,0.00000000,0.00000000,0.00000000,0.00000000,0.05042062,-0.02230143,-0.05042062,-0.02811919,0.05042062,-0.02230143,-0.05042062,-0.02811919,can,710.4712,292.0484,-473.4894,16.46139463,44.11480539,1220.5993
3.690000,436.574842,-59.824025,-20.537052,240.266616,-48.040182,4.980772,-0.59353539,-0.79931810,0.09346164,0.00844037,2.84377672,0.23810203,0.36278747,11.2933,1220.5524,440.5698,0.06821174,-0.05560200,0.716898,0.00000000,0.00000000,0.00000000,0.00000000,0.05042062,-0.02230143,-0.05042062,-0.02811919,0.05042062,-0.02230143,-0.05042062,-0.02811919,can,699.2097,312.3460,-506.3756,16.46141631,44.11480088,1220.5524
3.700000,438.980624,-60.303116,-20.484495,240.887643,-47.776228,5.534342,-0.58123944,-0.80822738,0.09432779,0.00561117,3.30608224,0.02942244,0.21498918,11.2896,1220.5000,443.0179,0.07092114,-0.05653609,0.718539,0.00000000,0.00000000,0.00000000,0.00000000,0.05042062,-0.02230143,-0.05042062,-0.02811919,0.05042062,-0.02230143,-0.05042062,-0.02811919,can,687.9876,319.2550,-528.6631,16.46143804,44.11479639,1220.5000
3.710000,441.392552,-60.779532,-20.426311,241.494421,-47.506885,6.104090,-0.56688149,-0.81826756,0.09523135,0.00381562,3.73466352,-0.17778994,0.08939122,11.2859,1220.4420,445.4718,0.07178345,-0.05556361,0.720143,0.00000000,0.00000000,0.00000000,0.00000000,0.05042062,-0.02230143,-0.05042062,-0.02811919,0.05042062,-0.02230143,-0.05042062,-0.02811919,can,667.0260,313.3210,-538.8841,16.46145983,44.11479193,1220.4420
3.720000,443.810445,-61.253267,-20.362405,242.080827,-47.241594,6.676478,-0.55054170,-0.82923744,0.09623080,0.00295599,4.13038768,-0.37023991,-0.00286859,11.2823,1220.3782,447.9313,0.07071927,-0.05296035,0.721697,0.00000000,0.00000000,0.00000000,0.00000000,0.05042062,-0.02230143,-0.05042062,-0.02811919,0.05042062,-0.02230143,-0.05042062,-0.02811919,can,646.0949,296.2940,-536.2269,16.46148168,44.11478750,1220.3782
3.730000,446.234132,-61.724416,-20.292809,242.653353,-46.991408,7.240240,-0.53230387,-0.84092811,0.09738763,0.00285522,4.49432316,-0.53390295,-0.05496500,11.2788,1220.3088,450.3962,0.06776813,-0.04914309,0.723224,0.00000000,0.00000000,0.00000000,0.00000000,0.05042062,-0.02230143,-0.05042062,-0.02811919,0.05042062,-0.02230143,-0.05042062,-0.02811919,can,625.3467,270.9652,-520.6639,16.46150358,44.11478309,1220.3088
3.740000,448.663449,-62.193173,-20.217665,243.208402,-46.764806,7.784891,-0.51225780,-0.85312893,0.09875357,0.00327163,4.82781543,-0.65647646,-0.06496166,11.2754,1220.2338,452.8664,0.06311507,-0.04462461,0.724720,0.00000000,0.00000000,0.00000000,0.00000000,0.05042062,-0.02230143,-0.05042062,-0.02811919,0.05042062,-0.02230143,-0.05042062,-0.02811919,can,614.0245,240.7843,-493.1239,16.46152552,44.11477870,1220.2338
3.750000,451.098238,-62.659815,-20.137202,243.746124,-46.569355,8.302849,-0.49049833,-0.86563488,0.10036072,0.00392043,5.13353786,-0.72833645,-0.03580238,11.2720,1220.1536,455.3417,0.05708897,-0.03995092,0.726186,0.00000000,0.00000000,0.00000000,0.00000000,0.05042062,-0.02230143,-0.05042062,-0.02811919,0.05042062,-0.02230143,-0.05042062,-0.02811919,can,593.1296,209.5061,-455.5974,16.46154752,44.11477433,1220.1536
3.760000,453.538308,-63.124682,-20.051714,244.264535,-46.410410,8.789265,-0.46881474,-0.87733315,0.10238244,0.00413781,4.67197812,-0.58452521,0.18937816,11.2687,1220.0682,457.8221,0.05014627,-0.03563994,0.727620,0.00000000,0.00000000,0.00000000,0.00000000,0.10859826,-0.02617994,-0.05042062,-0.02811919,0.10859826,-0.02617994,-0.05042062,-0.02811919,can,572.0401,140.1387,-445.9234,16.46156957,44.11476998,1220.0682
3.770000,455.983507,-63.587938,-19.961589,244.771671,-46.247569,9.232029,-0.44890346,-0.88739335,0.10491794,0.00330967,4.24719215,-0.39049805,0.40683726,11.2656,1219.9783,460.3073,0.04340445,-0.03325594,0.729017,0.00000000,0.00000000,0.00000000,0.00000000,0.10859826,-0.02617994,-0.05042062,-0.02811919,0.10859826,-0.02617994,-0.05042062,-0.02811919,can,551.1653,126.0133,-400.7935,16.46159166,44.11476564,1219.9783
3.780000,458.433636,-64.049764,-19.867126,245.248708,-46.123775,9.659383,-0.43070922,-0.89602416,0.10783605,0.00129120,3.85554078,-0.16390467,0.59825774,11.2625,1219.8840,462.7973,0.03831757,-0.03360599,0.730353,0.00000000,0.00000000,0.00000000,0.00000000,0.10859826,-0.02617994,-0.05042062,-0.02811919,0.10859826,-0.02617994,-0.05042062,-0.02811919,can,520.7856,130.6008,-366.1682,16.46161379,44.11476131,1219.8840
3.790000,460.888397,-64.510539,-19.768397,245.699089,-46.037110,10.088122,-0.41416365,-0.90340948,0.11097741,-0.00194686,3.49380267,0.07490342,0.74953276,11.2596,1219.7855,465.2918,0.03537742,-0.03630866,0.731636,0.00000000,0.00000000,0.00000000,0.00000000,0.10859826,-0.02617994,-0.05042062,-0.02811919,0.10859826,-0.02617994,-0.05042062,-0.02811919,can,500.0597,151.4672,-345.7803,16.46163597,44.11475700,1219.7855
3.800000,463.347498,-64.970611,-19.665306,246.115132,-45.982237,10.534252,-0.39918649,-0.90971151,0.11417158,-0.00632227,3.15923270,0.30516753,0.85161601,11.2567,1219.6826,467.7904,0.03482845,-0.04084707,0.732845,0.00000000,0.00000000,0.00000000,0.00000000,0.10859826,-0.02617994,-0.05042062,-0.02811919,0.10859826,-0.02617994,-0.05042062,-0.02811919,can,469.6648,185.3793,-341.6685,16.46165819,44.11475269,1219.6826
3.810000,465.810602,-65.430277,-19.557601,246.499186,-45.954568,11.013133,-0.38568742,-0.91507432,0.11725346,-0.01165468,2.84952907,0.50772135,0.90052397,11.2540,1219.5750,470.2931,0.03666300,-0.04662652,0.733984,0.00000000,0.00000000,0.00000000,0.00000000,0.10859826,-0.02617994,-0.05042062,-0.02811919,0.10859826,-0.02617994,-0.05042062,-0.02811919,can,439.3497,227.9750,-354.1259,16.46168044,44.11474839,1219.5750
3.820000,468.277352,-65.889769,-19.444894,246.845664,-45.946930,11.536687,-0.37356842,-0.91962788,0.12007669,-0.01768576,2.56292583,0.66676976,0.89693516,11.2514,1219.4625,472.7993,0.04064502,-0.05303454,0.735036,0.00000000,0.00000000,0.00000000,0.00000000,0.10859826,-0.02617994,-0.05042062,-0.02811919,0.10859826,-0.02617994,-0.05042062,-0.02811919,can,418.8854,274.8987,-381.8469,16.46170273,44.11474409,1219.4625
3.830000,470.747408,-66.349264,-19.326685,247.160045,-45.953949,12.114444,-0.36272489,-0.92349203,0.12252377,-0.02410479,2.29831227,0.77112468,0.84551675,11.2489,1219.3445,475.3088,0.04634709,-0.05948645,0.736016,0.00000000,0.00000000,0.00000000,0.00000000,0.10859826,-0.02617994,-0.05042062,-0.02811919,0.10859826,-0.02617994,-0.05042062,-0.02811919,can,398.2988,321.9968,-422.0933,16.46172505,44.11473978,1219.3445
3.840000,473.220415,-66.808869,-19.202411,247.434622,-45.967403,12.750198,-0.35304983,-0.92677804,0.12451244,-0.03057661,2.05408755,0.81492709,0.75411058,11.2465,1219.2204,477.8213,0.05320787,-0.06546949,0.736898,0.00000000,0.00000000,0.00000000,0.00000000,0.10859826,-0.02617994,-0.05042062,-0.02811919,0.10859826,-0.02617994,-0.05042062,-0.02811919,can,368.3957,365.5658,-471.0377,16.46174739,44.11473548,1219.2204
3.850000,475.695989,-67.268617,-19.071483,247.673268,-45.981860,13.444667,-0.34703969,-0.92858832,0.12649450,-0.03586522,0.68604414,0.53785767,0.70664939,11.2442,1219.0897,480.3364,0.06058779,-0.07056579,0.737691,0.00000000,0.00000000,0.00000000,0.00000000,0.10762864,-0.03005845,-0.01939255,0.02327106,0.10762864,-0.03005845,-0.01939255,0.02327106,can,338.3964,386.4193,-466.1234,16.46176975,44.11473118,1219.0897
3.860000,478.173755,-67.728609,-18.933578,247.874547,-46.016338,14.144473,-0.34695144,-0.92816416,0.12894552,-0.03884631,-0.58001777,0.22987050,0.63484636,11.2420,1218.9520,482.8537,0.06631983,-0.07527125,0.738396,0.00000000,0.00000000,0.00000000,0.00000000,0.10762864,-0.03005845,-0.01939255,0.02327106,0.10762864,-0.03005845,-0.01939255,0.02327106,can,318.0545,420.8816,-509.9869,16.46179214,44.11472687,1218.9520
3.870000,480.653349,-68.188954,-18.788468,248.037932,-46.053989,14.882073,-0.35231892,-0.92571789,0.13176104,-0.03945621,-1.74889442,-0.07460895,0.53158402,11.2400,1218.8070,485.3729,0.06803930,-0.08010477,0.739006,0.00000000,0.00000000,0.00000000,0.00000000,0.10762864,-0.03005845,-0.01939255,0.02327106,0.10762864,-0.03005845,-0.01939255,0.02327106,can,288.3980,456.1236,-525.5781,16.46181454,44.11472256,1218.8070
3.880000,483.134418,-68.649738,-18.635874,248.170038,-46.105663,15.637747,-0.36268208,-0.92134728,0.13473649,-0.03777546,-2.82505104,-0.34182019,0.39396347,11.2380,1218.6546,487.8936,0.06566834,-0.08476354,0.739544,0.00000000,0.00000000,0.00000000,0.00000000,0.10762864,-0.03005845,-0.01939255,0.02327106,0.10762864,-0.03005845,-0.01939255,0.02327106,can,258.6522,489.9030,-511.9475,16.46183696,44.11471825,1218.6546
3.890000,485.616638,-69.111137,-18.475725,248.269965,-46.178341,16.390071,-0.37759030,-0.91505993,0.13759749,-0.03402692,-3.81257906,-0.54157286,0.22552221,11.2362,1218.4947,490.4156,0.05949097,-0.08876311,0.740008,0.00000000,0.00000000,0.00000000,0.00000000,0.10762864,-0.03005845,-0.01939255,0.02327106,0.10762864,-0.03005845,-0.01939255,0.02327106,can,238.4914,518.6440,-470.7273,16.46185938,44.11471392,1218.4947
3.900000,488.099718,-69.573391,-18.308150,248.341435,-46.277031,17.119689,-0.39660400,-0.90679574,0.14003896,-0.02856289,-4.71629932,-0.65026740,0.03710461,11.2345,1218.3273,492.9386,0.05014173,-0.09152887,0.740408,0.00000000,0.00000000,0.00000000,0.00000000,0.10762864,-0.03005845,-0.01939255,0.02327106,0.10762864,-0.03005845,-0.01939255,0.02327106,can,208.9500,538.1880,-406.1347,16.46188182,44.11470960,1218.3273
3.910000,490.583407,-70.036776,-18.133459,248.393661,-46.404631,17.811027,-0.41929675,-0.89644582,0.14176789,-0.02183993,-5.54166154,-0.65401035,-0.15381002,11.2329,1218.1528,495.4623,0.03856724,-0.09251798,0.740768,0.00000000,0.00000000,0.00000000,0.00000000,0.10762864,-0.03005845,-0.01939255,0.02327106,0.10762864,-0.03005845,-0.01939255,0.02327106,can,189.0573,544.6417,-324.7362,16.46190426,44.11470526,1218.1528
3.920000,493.067542,-70.501575,-17.952099,248.431167,-46.559057,18.451999,-0.44529507,-0.88375611,0.14309280,-0.01455649,-6.32335419,-0.58041137,-0.09641406,11.2313,1217.9717,497.9867,0.02594773,-0.09135048,0.741096,0.00000000,0.00000000,0.00000000,0.00000000,0.10762864,-0.03296733,-0.05429913,0.06302578,0.10762864,-0.03296733,-0.05429913,0.06302578,can,169.1880,480.7960,-230.9989,16.46192670,44.11470091,1217.9717
3.930000,495.552052,-70.967906,-17.764802,248.468450,-46.711283,18.998366,-0.47422485,-0.86845775,0.14435131,-0.00739115,-7.03744257,-0.41958618,-0.02204839,11.2298,1217.7846,500.5118,0.01341176,-0.08924791,0.741407,0.00000000,0.00000000,0.00000000,0.00000000,0.10762864,-0.03296733,-0.05429913,0.06302578,0.10762864,-0.03296733,-0.05429913,0.06302578,can,149.3379,466.4069,-142.7974,16.46194915,44.11469654,1217.7846
3.940000,498.036859,-71.435884,-17.572297,248.490298,-46.888083,19.495266,-0.50567108,-0.85039281,0.14535543,-0.00078726,-7.69108718,-0.18696698,0.07580270,11.2285,1217.5923,503.0374,0.00185132,-0.08717753,0.741680,0.00000000,0.00000000,0.00000000,0.00000000,0.10762864,-0.03296733,-0.05429913,0.06302578,0.10762864,-0.03296733,-0.05429913,0.06302578,can,129.5319,452.2957,-60.5810,16.46197160,44.11469216,1217.5923
3.950000,500.521800,-71.905738,-17.375024,248.496128,-47.086182,19.954475,-0.53921792,-0.82940635,0.14596324,0.00488590,-8.29054259,0.09606503,0.20175492,11.2271,1217.3952,505.5634,-0.00788440,-0.08526608,0.741915,0.00000000,0.00000000,0.00000000,0.00000000,0.10762864,-0.03296733,-0.05429913,0.06302578,0.10762864,-0.03296733,-0.05429913,0.06302578,can,119.5303,439.4339,9.5182,16.46199405,44.11468776,1217.3952
3.960000,503.006748,-72.377658,-17.173282,248.490385,-47.299099,20.391497,-0.57443967,-0.80535139,0.14608451,0.00935565,-8.84108455,0.40449594,0.35651925,11.2259,1217.1936,508.0898,-0.01517895,-0.08379868,0.742123,0.00000000,0.00000000,0.00000000,0.00000000,0.10762864,-0.03296733,-0.05429913,0.06302578,0.10762864,-0.03296733,-0.05429913,0.06302578,can,99.8008,429.9813,62.9535,16.46201650,44.11468334,1217.1936
3.970000,505.491547,-72.851726,-16.967218,248.467782,-47.513799,20.821853,-0.61089392,-0.77809470,0.14567764,0.01246147,-9.34736420,0.71253162,0.53567055,11.2247,1216.9878,510.6163,-0.01970612,-0.08317811,0.742285,0.00000000,0.00000000,0.00000000,0.00000000,0.10762864,-0.03296733,-0.05429913,0.06302578,0.10762864,-0.03296733,-0.05429913,0.06302578,can,89.8794,426.8555,97.1772,16.46203895,44.11467890,1216.9878
3.980000,507.976073,-73.327897,-16.756809,248.434654,-47.716910,21.262841,-0.64811950,-0.74752327,0.14473946,0.01416198,-9.81377871,0.99661007,0.72934921,11.2235,1216.7776,513.1429,-0.02145613,-0.08384379,0.742416,0.00000000,0.00000000,0.00000000,0.00000000,0.10762864,-0.03296733,-0.05429913,0.06302578,0.10762864,-0.03296733,-0.05429913,0.06302578,can,70.2332,433.2816,111.8873,16.46206140,44.11467444,1216.7776
3.990000,510.460214,-73.805970,-16.541875,248.392339,-47.891414,21.729409,-0.68563936,-0.71355126,0.14329018,0.01453259,-10.24480807,1.23820555,0.92304659,11.2224,1216.5628,515.6694,-0.02072674,-0.08618921,0.742512,0.00000000,0.00000000,0.00000000,0.00000000,0.10762864,-0.03296733,-0.05429913,0.06302578,0.10762864,-0.03296733,-0.05429913,0.06302578,can,60.3852,452.0492,108.9613,16.46208384,44.11466997,1216.5628
4.000000,512.943898,-74.285570,-16.322095,248.343563,-48.019475,22.233678,-0.72257205,-0.67650793,0.14155666,0.01372412,-10.42741567,1.35820288,1.13781778,11.2213,1216.3433,518.1957,-0.01807459,-0.09047235,0.742575,0.00000000,0.00000000,0.00000000,0.00000000,0.10762864,-0.05139025,-0.05042062,0.06302578,0.10762864,-0.05139025,-0.05042062,0.06302578,can,50.5782,474.6593,107.1966,16.46210628,44.11466548,1216.3433
4.010000,515.427060,-74.766210,-16.097094,248.287763,-48.096563,22.774803,-0.75816453,-0.63680312,0.13972994,0.01199486,-10.60090517,1.42586156,1.30347063,11.2203,1216.1185,520.7216,-0.01442577,-0.09699384,0.742600,0.00000000,0.00000000,0.00000000,0.00000000,0.10762864,-0.05139025,-0.05042062,0.06302578,0.10762864,-0.05139025,-0.05042062,0.06302578,can,40.8198,524.0176,82.4390,16.46212871,44.11466098,1216.1185
4.020000,517.909632,-75.247242,-15.866424,248.226740,-48.096267,23.368310,-0.79214204,-0.59451112,0.13774407,0.00969990,-10.77149398,1.45137726,1.40270192,11.2193,1215.8880,523.2471,-0.01086753,-0.10559602,0.742582,0.00000000,0.00000000,0.00000000,0.00000000,0.10762864,-0.05139025,-0.05042062,0.06302578,0.10762864,-0.05139025,-0.05042062,0.06302578,can,40.7163,588.0368,57.9037,16.46215114,44.11465647,1215.8880
4.030000,520.391570,-75.727838,-15.629557,248.159572,-48.007529,24.013009,-0.82426047,-0.54971628,0.13547906,0.00721897,-10.94327432,1.45078544,1.42551146,11.2183,1215.6514,525.7719,-0.00807970,-0.11562750,0.742511,0.00000000,0.00000000,0.00000000,0.00000000,0.10762864,-0.05139025,-0.05042062,0.06302578,0.10762864,-0.05139025,-0.05042062,0.06302578,can,31.4538,660.9578,38.4698,16.46217357,44.11465197,1215.6514
4.040000,522.872796,-76.207070,-15.386016,248.084290,-47.822276,24.701780,-0.85429606,-0.50251959,0.13277102,0.00491622,-11.11663453,1.44310094,1.37120680,11.2174,1215.4080,528.2958,-0.00652917,-0.12625003,0.742378,0.00000000,0.00000000,0.00000000,0.00000000,0.10762864,-0.05139025,-0.05042062,0.06302578,0.10762864,-0.05139025,-0.05042062,0.06302578,can,22.0833,737.3780,27.5474,16.46219598,44.11464749,1215.4080
4.050000,525.353255,-76.683952,-15.135407,248.006142,-47.537396,25.424087,-0.88204010,-0.45303932,0.12942558,0.00310843,-11.29063762,1.44715153,1.24669102,11.2165,1215.1576,530.8187,-0.00640715,-0.13654857,0.742193,0.00000000,0.00000000,0.00000000,0.00000000,0.10762864,-0.05139025,-0.05042062,0.06302578,0.10762864,-0.05139025,-0.05042062,0.06302578,can,12.9457,810.7147,26.6229,16.46221839,44.11464302,1215.1576
4.060000,527.832894,-77.157483,-14.877480,247.922048,-47.152680,26.162598,-0.90729433,-0.40140994,0.12523125,0.00204915,-11.46337763,1.47872009,1.06486862,11.2156,1214.8999,533.3403,-0.00761138,-0.14565893,0.741944,0.00000000,0.00000000,0.00000000,0.00000000,0.10762864,-0.05139025,-0.05042062,0.06302578,0.10762864,-0.05139025,-0.05042062,0.06302578,can,13.2589,873.1855,35.0998,16.46224080,44.11463859,1214.8999
4.070000,530.311679,-77.626690,-14.612168,247.834341,-46.673574,26.897164,-0.92986451,-0.34778170,0.11998437,0.00190555,-11.63163790,1.54782560,0.84786100,11.2148,1214.6348,535.8604,-0.00977019,-0.15285335,0.741637,0.00000000,0.00000000,0.00000000,0.00000000,0.10762864,-0.05139025,-0.05042062,0.06302578,0.10762864,-0.05139025,-0.05042062,0.06302578,can,4.0166,920.9433,50.4687,16.46226319,44.11463419,1214.6348
4.080000,532.789603,-78.090670,-14.339612,247.751957,-46.109148,27.608396,-0.94967544,-0.29210417,0.11306969,0.00263862,-11.88360056,1.84171580,0.61493302,11.2139,1214.3625,538.3789,-0.01230429,-0.15763576,0.741297,0.00000000,0.00000000,0.00000000,0.00000000,0.10762864,-0.01745329,-0.07853981,0.06302578,0.10762864,-0.01745329,-0.07853981,0.06302578,can,4.4901,955.6781,27.0777,16.46228558,44.11462985,1214.3625
4.090000,535.266766,-78.548496,-14.060284,247.681444,-45.444862,28.246630,-0.96656787,-0.23434498,0.10398230,0.00408166,-12.11641183,2.15187452,0.41876972,11.2131,1214.0834,540.8959,-0.01381668,-0.15979294,0.740920,0.00000000,0.00000000,0.00000000,0.00000000,0.10762864,-0.01745329,-0.07853981,0.06302578,0.10762864,-0.01745329,-0.07853981,0.06302578,can,-4.8445,967.8790,39.8922,16.46230796,44.11462556,1214.0834
4.100000,537.743287,-78.999364,-13.774932,247.626016,-44.719430,28.808725,-0.98021541,-0.17472123,0.09280709,0.00608994,-12.32819750,2.45302683,0.27422397,11.2123,1213.7982,543.4112,-0.01275411,-0.15974804,0.740536,0.00000000,0.00000000,0.00000000,0.00000000,0.10762864,-0.01745329,-0.07853981,0.06302578,0.10762864,-0.01745329,-0.07853981,0.06302578,can,-4.6801,965.0410,34.7895,16.46233033,44.11462134,1213.7982
4.110000,540.219329,-79.442718,-13.484462,247.584641,-43.944009,29.265536,-0.99029670,-0.11348708,0.07975655,0.00848680,-12.51889408,2.71887220,0.18545360,11.2116,1213.5080,545.9249,-0.00889617,-0.15833308,0.740138,0.00000000,0.00000000,0.00000000,0.00000000,0.10762864,-0.01745329,-0.07853981,0.06302578,0.10762864,-0.01745329,-0.07853981,0.06302578,can,-13.9271,953.0437,10.1132,16.46235271,44.11461719,1213.5080
4.120000,542.695057,-79.878128,-13.190051,247.564898,-43.133508,29.593543,-0.99651288,-0.05092973,0.06515476,0.01109525,-12.69046641,2.92619062,0.14602286,11.2108,1213.2138,548.4372,-0.00238692,-0.15646850,0.739748,0.00000000,0.00000000,0.00000000,0.00000000,0.10762864,-0.01745329,-0.07853981,0.06302578,0.10762864,-0.01745329,-0.07853981,0.06302578,can,-13.8196,938.3523,-33.2607,16.46237507,44.11461311,1213.2138
4.130000,545.170671,-80.305328,-12.893091,247.559777,-42.304953,29.772259,-0.99860367,0.01263960,0.04941090,0.01376620,-12.84660879,3.05848752,0.14077509,11.2101,1212.9170,550.9482,0.00627225,-0.15502028,0.739348,0.00000000,0.00000000,0.00000000,0.00000000,0.10762864,-0.01745329,-0.07853981,0.06302578,0.10762864,-0.01745329,-0.07853981,0.06302578,can,-23.0534,926.8594,-91.9425,16.46239744,44.11460911,1212.9170
4.140000,547.646312,-80.724232,-12.595145,247.569331,-41.477771,29.789208,-0.99635828,0.07689746,0.03298517,0.01639908,-12.99197501,3.10849993,0.14911560,11.2094,1212.6193,553.4580,0.01628960,-0.15464507,0.738942,0.00000000,0.00000000,0.00000000,0.00000000,0.10762864,-0.01745329,-0.07853981,0.06302578,0.10762864,-0.01745329,-0.07853981,0.06302578,can,-32.2298,922.9818,-160.4877,16.46241981,44.11460519,1212.6193
4.150000,550.122065,-81.134956,-12.297869,247.582525,-40.672374,29.638284,-0.98961914,0.14151830,0.01635051,0.01895245,-13.13107401,3.07928556,0.14905318,11.2087,1212.3222,555.9667,0.02669759,-0.15570056,0.738509,0.00000000,0.00000000,0.00000000,0.00000000,0.10762864,-0.01745329,-0.07853981,0.06302578,0.10762864,-0.01745329,-0.07853981,0.06302578,can,-31.9428,928.9236,-232.1659,16.46244217,44.11460135,1212.3222
4.160000,552.597972,-81.537823,-12.002931,247.598609,-39.909842,29.322463,-0.97827908,0.20617999,-0.00004514,0.02144400,-13.26720782,2.98334883,0.12125680,11.2080,1212.0275,558.4744,0.03649353,-0.15818765,0.738056,0.00000000,0.00000000,0.00000000,0.00000000,0.10762864,-0.01745329,-0.07853981,0.06302578,0.10762864,-0.01745329,-0.07853981,0.06302578,can,-31.3880,944.5351,-300.2266,16.46246454,44.11459757,1212.0275
4.170000,555.074020,-81.933364,-11.711939,247.608149,-39.210637,28.851208,-0.96227457,0.27056319,-0.01581266,0.02394116,-13.40179069,2.84109587,0.05246823,11.2074,1211.7368,560.9813,0.04478308,-0.16177826,0.737573,0.00000000,0.00000000,0.00000000,0.00000000,0.10762864,-0.01745329,-0.07853981,0.06302578,0.10762864,-0.01745329,-0.07853981,0.06302578,can,-40.5294,967.3594,-359.1805,16.46248691,44.11459387,1211.7368
4.180000,557.550065,-82.322309,-11.426368,247.598326,-38.593361,28.242092,-0.94157907,0.33434231,-0.03065034,0.02654505,-13.53198353,2.67756770,-0.06216941,11.2067,1211.4514,563.4871,0.05091146,-0.16588345,0.737037,0.00000000,0.00000000,0.00000000,0.00000000,0.10762864,-0.01745329,-0.07853981,0.06302578,0.10762864,-0.01745329,-0.07853981,0.06302578,can,-39.8595,993.1602,-402.9244,16.46250928,44.11459023,1211.4514
4.190000,560.025929,-82.705559,-11.147477,247.571244,-38.074328,27.519495,-0.91620391,0.39716486,-0.04436028,0.02937043,-13.65274244,2.51824726,-0.21833664,11.2061,1211.1727,565.9919,0.05455498,-0.16975451,0.736472,0.00000000,0.00000000,0.00000000,0.00000000,0.10762864,-0.01745329,-0.07853981,0.06302578,0.10762864,-0.01745329,-0.07853981,0.06302578,can,-39.1429,1016.8699,-429.0758,16.46253165,44.11458664,1211.1727
4.200000,562.501422,-83.084165,-10.876262,247.522545,-37.666036,26.712125,-0.88619246,0.45866420,-0.05685367,0.03252283,-13.76385380,2.38507665,-0.40317722,11.2055,1210.9017,568.4957,0.05576558,-0.17263095,0.735881,0.00000000,0.00000000,0.00000000,0.00000000,0.10762864,-0.01745329,-0.07853981,0.06302578,0.10762864,-0.01745329,-0.07853981,0.06302578,can,-48.2210,1033.3759,-437.9077,16.46255402,44.11458309,1210.9017
4.210000,564.976281,-83.459276,-10.613412,247.445608,-37.376727,25.851510,-0.85161385,0.51846769,-0.06814453,0.03607538,-13.86521912,2.29320354,-0.59745475,11.2049,1210.6391,570.9984,0.05494054,-0.17387723,0.735259,0.00000000,0.00000000,0.00000000,0.00000000,0.10762864,-0.01745329,-0.07853981,0.06302578,0.10762864,-0.01745329,-0.07853981,0.06302578,can,-47.6049,1038.4514,-432.1525,16.46257638,44.11457958,1210.6391
4.220000,567.450295,-83.832118,-10.359307,247.353977,-37.212622,24.968491,-0.81256400,0.57619409,-0.07833335,0.04004998,-13.95670188,2.24896057,-0.77887710,11.2043,1210.3852,573.4999,0.05273370,-0.17308357,0.734657,0.00000000,0.00000000,0.00000000,0.00000000,0.10762864,-0.01745329,-0.07853981,0.06302578,0.10762864,-0.01745329,-0.07853981,0.06302578,can,-47.1085,1029.6995,-416.4501,16.46259873,44.11457609,1210.3852
4.230000,569.923269,-84.203944,-10.114011,247.237864,-37.173596,24.094386,-0.76917060,0.63145383,-0.08758313,0.04440548,-14.03762341,2.24942050,-0.92593579,11.2037,1210.1402,576.0002,0.04994190,-0.17016868,0.734056,0.00000000,0.00000000,0.00000000,0.00000000,0.10762864,-0.01745329,-0.07853981,0.06302578,0.10762864,-0.01745329,-0.07853981,0.06302578,can,-46.9033,1006.7154,-396.3626,16.46262107,44.11457261,1210.1402
4.240000,572.394967,-84.575997,-9.877294,247.097411,-37.256975,23.257333,-0.72281613,0.68261472,-0.09546036,0.04961154,-13.39650848,2.22605554,-1.29268532,11.2031,1209.9037,578.4992,0.04735415,-0.16537418,0.733463,0.00000000,0.00000000,0.00000000,0.00000000,0.06884354,-0.01357478,-0.06011690,0.03393696,0.06884354,-0.01357478,-0.06011690,0.03393696,can,-56.1095,1033.0360,-361.6703,16.46264340,44.11456913,1209.9037
4.250000,574.865167,-84.949369,-9.648911,246.940167,-37.438054,22.432538,-0.67512822,0.72851518,-0.10159686,0.05608556,-12.79446308,2.24063501,-1.58793358,11.2026,1209.6755,580.9970,0.04602295,-0.15752711,0.732880,0.00000000,0.00000000,0.00000000,0.00000000,0.06884354,-0.01357478,-0.06011690,0.03393696,0.06884354,-0.01357478,-0.06011690,0.03393696,can,-55.8041,975.7620,-351.8262,16.46266572,44.11456563,1209.6755
4.260000,577.333727,-85.325149,-9.428320,246.769952,-37.736609,21.704415,-0.62659278,0.76944494,-0.10629942,0.06353274,-12.22688674,2.26048315,-1.78844099,11.2020,1209.4552,583.4936,0.04691606,-0.14625724,0.732348,0.00000000,0.00000000,0.00000000,0.00000000,0.06884354,-0.01357478,-0.06011690,0.03393696,0.06884354,-0.01357478,-0.06011690,0.03393696,can,-55.6228,896.2417,-357.2821,16.46268802,44.11456211,1209.4552
4.270000,579.800530,-85.704447,-9.214400,246.588706,-38.138888,21.102754,-0.57764806,0.80569040,-0.10985738,0.07153361,-11.69191402,2.25342672,-1.89120128,11.2015,1209.2415,585.9889,0.05038449,-0.13279597,0.731874,0.00000000,0.00000000,0.00000000,0.00000000,0.06884354,-0.01357478,-0.06011690,0.03393696,0.06884354,-0.01357478,-0.06011690,0.03393696,can,-55.5241,801.2173,-380.6473,16.46271031,44.11455856,1209.2415
4.280000,582.265465,-86.088211,-9.005761,246.395202,-38.626176,20.651327,-0.52868667,0.83755266,-0.11252003,0.07959389,-11.18964720,2.19308364,-1.90120833,11.2009,1209.0331,588.4830,0.05625401,-0.11845335,0.731449,0.00000000,0.00000000,0.00000000,0.00000000,0.06884354,-0.01357478,-0.06011690,0.03393696,0.06884354,-0.01357478,-0.06011690,0.03393696,can,-65.1727,699.3674,-420.8637,16.46273258,44.11455497,1209.0331
4.290000,584.728367,-86.477177,-8.800830,246.183065,-39.175654,20.362363,-0.48005446,0.86535371,-0.11449503,0.08718691,-10.72047168,2.06231514,-1.83411811,11.2004,1208.8284,590.9758,0.06390896,-0.10440464,0.731046,0.00000000,0.00000000,0.00000000,0.00000000,0.06884354,-0.01357478,-0.06011690,0.03393696,0.06884354,-0.01357478,-0.06011690,0.03393696,can,-65.0175,600.5059,-473.7654,16.46275483,44.11455132,1208.8284
4.300000,587.189084,-86.871861,-8.597961,245.958037,-39.766010,20.238571,-0.43204336,0.88943526,-0.11594225,0.09381280,-10.28490602,1.85701544,-1.71070321,11.1999,1208.6257,593.4673,0.07242244,-0.09158156,0.730669,0.00000000,0.00000000,0.00000000,0.00000000,0.06884354,-0.01357478,-0.06011690,0.03393696,0.06884354,-0.01357478,-0.06011690,0.03393696,can,-64.8121,509.8844,-533.0074,16.46277707,44.11454763,1208.6257
4.310000,589.647484,-87.272555,-8.395527,245.718497,-40.373524,20.273487,-0.38488604,0.91014728,-0.11698667,0.09903929,-9.88270736,1.58209027,-1.55168131,11.1994,1208.4235,595.9574,0.08073091,-0.08059087,0.730303,0.00000000,0.00000000,0.00000000,0.00000000,0.06884354,-0.01357478,-0.06011690,0.03393696,0.06884354,-0.01357478,-0.06011690,0.03393696,can,-74.3016,432.8391,-591.1802,16.46279928,44.11454388,1208.4235
4.320000,592.103387,-87.679309,-8.192012,245.460465,-40.974875,20.451824,-0.34025937,0.92734497,-0.11723942,0.10251726,-8.87915008,1.12535982,-1.47045105,11.1990,1208.2203,598.4460,0.08779389,-0.07171646,0.729919,0.00000000,0.00000000,0.00000000,0.00000000,0.05139025,-0.03975472,-0.04072435,0.01454441,0.05139025,-0.03975472,-0.04072435,0.01454441,can,-73.9669,391.3969,-613.0353,16.46282146,44.11454007,1208.2203
4.330000,594.556687,-88.091954,-7.986230,245.198796,-41.548628,20.723119,-0.29970576,0.94118239,-0.11633086,0.10401587,-7.95640454,0.64059844,-1.38789503,11.1985,1208.0147,600.9328,0.09241032,-0.06412668,0.729537,0.00000000,0.00000000,0.00000000,0.00000000,0.05139025,-0.03975472,-0.04072435,0.01454441,0.05139025,-0.03975472,-0.04072435,0.01454441,can,-73.6393,338.1989,-647.2663,16.46284363,44.11453621,1208.0147
4.340000,597.007363,-88.510137,-7.777225,244.937214,-42.078972,21.091654,-0.26314691,0.95234259,-0.11444440,0.10343976,-7.10766129,0.15670367,-1.29769465,11.1980,1207.8059,603.4179,0.09348196,-0.05688152,0.729162,0.00000000,0.00000000,0.00000000,0.00000000,0.05139025,-0.03975472,-0.04072435,0.01454441,0.05139025,-0.03975472,-0.04072435,0.01454441,can,-73.3712,287.5570,-657.2503,16.46286577,44.11453229,1207.8059
4.350000,599.455463,-88.933327,-7.564173,244.685109,-42.547532,21.527178,-0.23043373,0.96136865,-0.11182955,0.10082047,-6.32867080,-0.29822444,-1.19159711,11.1976,1207.5931,605.9011,0.09076535,-0.04975487,0.728802,0.00000000,0.00000000,0.00000000,0.00000000,0.05139025,-0.03975472,-0.04072435,0.01454441,0.05139025,-0.03975472,-0.04072435,0.01454441,can,-73.1626,237.9478,-641.2677,16.46288789,44.11452833,1207.5931
4.360000,601.901126,-89.360839,-7.346564,244.451186,-42.941882,21.997940,-0.20136182,0.96868049,-0.10879006,0.09631325,-5.61523603,-0.69880659,-1.06151955,11.1971,1207.3758,608.3826,0.08434056,-0.04268489,0.728468,0.00000000,0.00000000,0.00000000,0.00000000,0.05139025,-0.03975472,-0.04072435,0.01454441,0.05139025,-0.03975472,-0.04072435,0.01454441,can,-73.0942,188.9956,-599.8211,16.46290998,44.11452432,1207.3758
4.370000,604.344544,-89.791889,-7.124206,244.235792,-43.254065,22.471757,-0.17569476,0.97459362,-0.10566282,0.09018864,-4.96252966,-1.02321959,-0.90178639,11.1967,1207.1536,610.8624,0.07456974,-0.03578755,0.728146,0.00000000,0.00000000,0.00000000,0.00000000,0.05139025,-0.03975472,-0.04072435,0.01454441,0.05139025,-0.03975472,-0.04072435,0.01454441,can,-82.3995,141.5607,-535.2862,16.46293206,44.11452029,1207.1536
4.380000,606.785941,-90.225653,-6.897213,244.048620,-43.485795,22.920579,-0.15317511,0.97934204,-0.10279331,0.08282571,-4.36734966,-1.25237815,-0.71021689,11.1963,1206.9269,613.3406,0.06204148,-0.02932846,0.727858,0.00000000,0.00000000,0.00000000,0.00000000,0.05139025,-0.03975472,-0.04072435,0.01454441,0.05139025,-0.03975472,-0.04072435,0.01454441,can,-82.1929,98.3541,-451.4686,16.46295412,44.11451623,1206.9269
4.390000,609.225620,-90.661356,-6.665961,243.892117,-43.643314,23.319796,-0.13353093,0.98310186,-0.10050975,0.07468603,-3.82579186,-1.37637404,-0.48847316,11.1958,1206.6959,615.8173,0.04754222,-0.02367852,0.727606,0.00000000,0.00000000,0.00000000,0.00000000,0.05139025,-0.03975472,-0.04072435,0.01454441,0.05139025,-0.03975472,-0.04072435,0.01454441,can,-82.0912,61.1353,-353.6093,16.46297616,44.11451215,1206.6959
4.400000,611.663879,-91.098305,-6.431046,243.764263,-43.736985,23.650709,-0.11444633,0.98617666,-0.09971946,0.06643533,-4.14586251,-1.22296608,-0.07320039,11.1954,1206.4612,618.2929,0.03199054,-0.01926112,0.727383,0.00000000,0.00000000,0.00000000,0.00000000,0.11247677,-0.03975472,-0.04072435,0.01454441,0.11247677,-0.03975472,-0.04072435,0.01454441,can,-82.0199,-8.2114,-287.2545,16.46299819,44.11450806,1206.4612
4.410000,614.100988,-91.535807,-6.192999,243.659465,-43.757264,23.944928,-0.09384188,0.98869464,-0.10113142,0.05872857,-4.43769898,-0.98895090,0.33425593,11.1950,1206.2234,620.7674,0.01698274,-0.01757624,0.727176,0.00000000,0.00000000,0.00000000,0.00000000,0.11247677,-0.03975472,-0.04072435,0.01454441,0.11247677,-0.03975472,-0.04072435,0.01454441,can,-91.6144,-16.5486,-185.5277,16.46302021,44.11450396,1206.2234
4.420000,616.537093,-91.973376,-5.952419,243.563481,-43.755417,24.158229,-0.07178670,0.99055224,-0.10464944,0.05197528,-4.70669263,-0.69614056,0.71383671,11.1946,1205.9831,623.2410,0.00420088,-0.01946835,0.726960,0.00000000,0.00000000,0.00000000,0.00000000,0.11247677,-0.03975472,-0.04072435,0.01454441,0.11247677,-0.03975472,-0.04072435,0.01454441,can,-91.4213,-0.5590,-98.2215,16.46304222,44.11449986,1205.9831
4.430000,618.972279,-92.410941,-5.710074,243.474080,-43.761230,24.300170,-0.04833551,0.99166058,-0.11005882,0.04647604,-4.95676839,-0.36705825,1.04753932,11.1942,1205.7409,625.7136,-0.00587043,-0.02470327,0.726748,0.00000000,0.00000000,0.00000000,0.00000000,0.11247677,-0.03975472,-0.04072435,0.01454441,0.11247677,-0.03975472,-0.04072435,0.01454441,can,-91.2315,37.9659,-28.7068,16.46306422,44.11449577,1205.7409
4.440000,621.406568,-92.848713,-5.466606,243.382509,-43.800549,24.385545,-0.02354019,0.99194143,-0.11704258,0.04241580,-5.19031439,-0.02320089,1.31975111,11.1938,1205.4977,628.1854,-0.01299140,-0.03290971,0.726532,0.00000000,0.00000000,0.00000000,0.00000000,0.11247677,-0.03975472,-0.04072435,0.01454441,0.11247677,-0.03975472,-0.04072435,0.01454441,can,-91.0349,96.3151,21.2847,16.46308621,44.11449167,1205.4977
4.450000,623.839895,-93.287138,-5.222487,243.280534,-43.895295,24.433778,0.00254297,0.99132686,-0.12520119,0.03986547,-5.40896315,0.31636552,1.51788319,11.1935,1205.2539,630.6564,-0.01714689,-0.04359104,0.726306,0.00000000,0.00000000,0.00000000,0.00000000,0.11247677,-0.03975472,-0.04072435,0.01454441,0.11247677,-0.03975472,-0.04072435,0.01454441,can,-90.7392,172.1733,51.5312,16.46310820,44.11448756,1205.2539
4.460000,626.272118,-93.726860,-4.977979,243.159080,-44.061604,24.467200,0.02984819,0.98976109,-0.13407973,0.03879050,-5.61393101,0.63597220,1.63379532,11.1931,1205.0096,633.1265,-0.01851016,-0.05614062,0.726062,0.00000000,0.00000000,0.00000000,0.00000000,0.11247677,-0.03975472,-0.04072435,0.01454441,0.11247677,-0.03975472,-0.04072435,0.01454441,can,-100.1782,260.5822,63.0902,16.46313017,44.11448344,1205.0096
4.470000,628.702994,-94.168640,-4.733113,243.012898,-44.308564,24.509685,0.05830346,0.98720205,-0.14320189,0.03906456,-5.80839527,0.92383746,1.66618470,11.1927,1204.7650,635.5955,-0.01739603,-0.06987420,0.725796,0.00000000,0.00000000,0.00000000,0.00000000,0.11247677,-0.03975472,-0.04072435,0.01454441,0.11247677,-0.03975472,-0.04072435,0.01454441,can,-90.2927,356.3846,57.9765,16.46315213,44.11447931,1204.7650
4.480000,631.132247,-94.613297,-4.487680,242.831138,-44.635589,24.583838,0.09063773,0.98330584,-0.15228013,0.04129392,-7.05119171,1.64687753,1.68781598,11.1924,1204.5198,638.0634,-0.01421227,-0.08407306,0.725484,0.00000000,0.00000000,0.00000000,0.00000000,0.15901889,0.03587621,-0.08726646,0.01454441,0.15901889,0.03587621,-0.08726646,0.01454441,can,-99.5204,442.6045,-70.1669,16.46317408,44.11447514,1204.5198
4.490000,633.559490,-95.061486,-4.240782,242.611562,-45.012984,24.807344,0.12926496,0.97735884,-0.16111038,0.04586630,-8.21518500,2.26811368,1.67479931,11.1920,1204.2731,640.5298,-0.00790637,-0.09836019,0.725138,0.00000000,0.00000000,0.00000000,0.00000000,0.15901889,0.03587621,-0.08726646,0.01454441,0.15901889,0.03587621,-0.08726646,0.01454441,can,-99.1675,540.6689,-106.6323,16.46319601,44.11447095,1204.2731
4.500000,635.984353,-95.513744,-3.991233,242.354514,-45.446164,25.120485,0.17363159,0.96872985,-0.16939111,0.05216509,-9.31708964,2.76815508,1.62841436,11.1917,1204.0238,642.9945,0.00276573,-0.11283878,0.724748,0.00000000,0.00000000,0.00000000,0.00000000,0.15901889,0.03587621,-0.08726646,0.01454441,0.15901889,0.03587621,-0.08726646,0.01454441,can,-98.5983,638.4167,-172.7026,16.46321792,44.11446671,1204.0238
4.510000,638.406444,-95.970517,-3.737954,242.056390,-45.911494,25.558476,0.22316539,0.95675577,-0.17685463,0.05948142,-10.36787877,3.14033830,1.54491922,11.1914,1203.7708,645.4572,0.01631147,-0.12769126,0.724300,0.00000000,0.00000000,0.00000000,0.00000000,0.15901889,0.03587621,-0.08726646,0.01454441,0.15901889,0.03587621,-0.08726646,0.01454441,can,-97.8092,737.2158,-258.4862,16.46323980,44.11446244,1203.7708
4.520000,640.825307,-96.431976,-3.479568,241.707504,-46.377647,26.144589,0.27724489,0.94077578,-0.18324066,0.06707510,-11.37296875,3.39114407,1.41205917,11.1911,1203.5127,647.9173,0.03112882,-0.14303134,0.723760,0.00000000,0.00000000,0.00000000,0.00000000,0.15901889,0.03587621,-0.08726646,0.01454441,0.15901889,0.03587621,-0.08726646,0.01454441,can,-106.4204,837.5523,-353.2371,16.46326166,44.11445812,1203.5127
4.530000,643.240445,-96.897960,-3.214525,241.312805,-46.810621,26.890980,0.33519311,0.92015744,-0.18827036,0.07423029,-12.33374476,3.53989729,1.21931723,11.1908,1203.2479,650.3745,0.04564067,-0.15876926,0.723129,0.00000000,0.00000000,0.00000000,0.00000000,0.15901889,0.03587621,-0.08726646,0.01454441,0.15901889,0.03587621,-0.08726646,0.01454441,can,-105.5490,936.1972,-447.9759,16.46328348,44.11445375,1203.2479
4.540000,645.651421,-97.367955,-2.941216,240.875719,-47.173690,27.796279,0.39617316,0.89435193,-0.19164410,0.08033668,-13.21494267,3.61720994,0.96093996,11.1905,1202.9748,652.8281,0.05845105,-0.17451469,0.722397,0.00000000,0.00000000,0.00000000,0.00000000,0.15901889,0.03587621,-0.08726646,0.01454441,0.15901889,0.03587621,-0.08726646,0.01454441,can,-104.2663,1033.7253,-531.9676,16.46330526,44.11444935,1202.9748
4.550000,648.057839,-97.841083,-2.658121,240.402672,-47.431671,28.844354,0.45922110,0.86292352,-0.19304213,0.08493360,-14.01895652,3.66080419,0.63860399,11.1902,1202.6920,655.2778,0.06855873,-0.18959809,0.721560,0.00000000,0.00000000,0.00000000,0.00000000,0.15901889,0.03587621,-0.08726646,0.01454441,0.15901889,0.03587621,-0.08726646,0.01454441,can,-102.8336,1123.7239,-597.6744,16.46332700,44.11444492,1202.6920
4.560000,650.459388,-98.316134,-2.363944,239.904102,-47.553391,30.007141,0.52537394,0.82455504,-0.19071245,0.08786332,-15.55230853,4.22742977,-0.16924377,11.1899,1202.3981,657.7229,0.07549511,-0.20314794,0.720624,0.00000000,0.00000000,0.00000000,0.00000000,0.15901889,0.15029224,-0.08144870,-0.04460286,0.15901889,0.15029224,-0.08144870,-0.04460286,can,-101.1908,1317.9108,-751.1654,16.46334870,44.11444047,1202.3981
4.570000,652.855699,-98.791427,-2.057073,239.359456,-47.470886,31.374028,0.59499041,0.77747820,-0.18312603,0.08932474,-16.93533262,4.84955783,-0.85076807,11.1896,1202.0914,660.1629,0.08075708,-0.21198584,0.719527,0.00000000,0.00000000,0.00000000,0.00000000,0.15901889,0.15029224,-0.08144870,-0.04460286,0.15901889,0.15029224,-0.08144870,-0.04460286,can,-99.5132,1363.0006,-779.2531,16.46337035,44.11443602,1202.0914
4.580000,655.246653,-99.264787,-1.736424,238.836975,-47.159279,32.752872,0.66594689,0.72071139,-0.17047213,0.08960513,-18.19603690,5.50384485,-1.35845165,11.1893,1201.7710,662.5974,0.08772302,-0.21534183,0.718382,0.00000000,0.00000000,0.00000000,0.00000000,0.15901889,0.15029224,-0.08144870,-0.04460286,0.15901889,0.15029224,-0.08144870,-0.04460286,can,-98.1178,1374.0618,-817.9503,16.46339195,44.11443159,1201.7710
4.590000,657.632592,-99.733723,-1.402190,238.351275,-46.579977,34.076245,0.73592175,0.65347734,-0.15315931,0.08904367,-19.34468363,6.14637959,-1.66896142,11.1893,1201.4371,665.0262,0.09776564,-0.21532383,0.717182,0.00000000,0.00000000,0.00000000,0.00000000,0.15901889,0.15029224,-0.08144870,-0.04460286,0.15901889,0.15029224,-0.08144870,-0.04460286,can,-158.8920,1365.3620,-876.3581,16.46341351,44.11442720,1201.4371
4.600000,660.013705,-100.195409,-1.055381,237.881442,-45.709271,35.258697,0.80239056,0.57538238,-0.13178820,0.08795671,-20.37452559,6.72347795,-1.79017092,11.1893,1201.0905,667.4492,0.11158660,-0.21466000,0.715821,0.00000000,0.00000000,0.00000000,0.00000000,0.15901889,0.15029224,-0.08144870,-0.04460286,0.15901889,0.15029224,-0.08144870,-0.04460286,can,-157.3716,1352.9910,-958.2912,16.46343502,44.11442288,1201.0905
4.610000,662.390424,-100.646962,-0.697686,237.471834,-44.555188,36.240625,0.86269318,0.48661791,-0.10709411,0.08656985,-21.25749355,7.18729221,-1.76286220,11.1893,1200.7331,669.8664,0.12885122,-0.21615984,0.714405,0.00000000,0.00000000,0.00000000,0.00000000,0.15901889,0.15029224,-0.08144870,-0.04460286,0.15901889,0.15029224,-0.08144870,-0.04460286,can,-155.3879,1354.3691,-1061.6368,16.46345649,44.11441865,1200.7331
4.620000,664.763313,-101.085644,-0.331488,237.112961,-43.141636,36.947597,0.91422267,0.38807072,-0.07989147,0.08494337,-21.97247149,7.50425647,-1.65437482,11.1893,1200.3671,672.2778,0.14818750,-0.22223298,0.712892,0.00000000,0.00000000,0.00000000,0.00000000,0.15901889,0.15029224,-0.08144870,-0.04460286,0.15901889,0.15029224,-0.08144870,-0.04460286,can,-152.7819,1383.2135,-1175.5148,16.46347793,44.11441454,1200.3671
