time,pos_x,pos_y,pos_z,vel_x,vel_y,vel_z,q0,q1,q2,q3,omega_x,omega_y,omega_z,mass,altitude,ground_range,alpha,beta,mach,fin_cmd_1,fin_cmd_2,fin_cmd_3,fin_cmd_4,fin_act_1,fin_act_2,fin_act_3,fin_act_4,fin_can_1,fin_can_2,fin_can_3,fin_can_4,fin_source,force_x,force_y,force_z,lat,lon,alt_msl
0.010000,0.000000,0.000000,0.000000,0.000000,0.000000,0.000000,0.99144486,-0.00000036,0.13052619,0.00000006,-0.00000000,0.00000001,-0.00000002,12.7369,1200.0000,0.0000,0.00000000,0.00000000,0.011660,0.00000000,0.00000000,0.00000000,0.00000000,0.00096963,-0.00096963,0.00000000,0.00000000,0.00096963,-0.00096963,0.00000000,0.00000000,can,0.0000,0.0000,0.0000,16.45747200,44.11536100,1200.0000
0.020000,0.002246,-0.000002,-0.000114,0.529490,-0.000451,-0.044257,0.99144486,-0.00000072,0.13052619,0.00000011,-0.00000000,0.00000002,-0.00000006,12.7344,1200.0001,0.0022,0.00000000,0.00000000,0.011764,0.00000000,0.00000000,0.00000000,0.00000000,0.00096963,-0.00096963,0.00000000,0.00000000,0.00096963,-0.00096963,0.00000000,0.00000000,can,635.0213,-0.5221,-0.2111,16.45747202,44.11536100,1200.0001
0.030000,0.009702,-0.000008,-0.000647,0.944466,-0.000804,-0.057790,0.99144486,-0.00000108,0.13052619,0.00000017,-0.00000000,0.00000004,-0.00000011,12.7321,1200.0006,0.0097,0.00000000,0.00000000,0.011984,0.00000000,0.00000000,0.00000000,0.00000000,0.00096963,-0.00096963,0.00000000,0.00000000,0.00096963,-0.00096963,0.00000000,0.00000000,can,498.3915,-0.4098,-0.1657,16.45747209,44.11536100,1200.0006
0.040000,0.021062,-0.000018,-0.001250,1.329907,-0.001131,-0.063398,0.99144486,-0.00000144,0.13052619,0.00000023,-0.00000000,0.00000008,-0.00000019,12.7298,1200.0012,0.0211,0.00000000,0.00000000,0.012292,0.00000000,0.00000000,0.00000000,0.00000000,0.00096963,-0.00096963,0.00000000,0.00000000,0.00096963,-0.00096963,0.00000000,0.00000000,can,517.9085,-0.4258,-0.1721,16.45747219,44.11536100,1200.0012
0.050000,0.036325,-0.000031,-0.001922,1.727759,-0.001470,-0.072337,0.99144486,-0.00000180,0.13052619,0.00000028,-0.00000000,0.00000012,-0.00000030,12.7272,1200.0019,0.0363,0.00000000,0.00000000,0.012707,0.00000000,0.00000000,0.00000000,0.00000000,0.00096963,-0.00096963,0.00000000,0.00000000,0.00096963,-0.00096963,0.00000000,0.00000000,can,556.9492,-0.4579,-0.1851,16.45747233,44.11536100,1200.0019
0.060000,0.055765,-0.000047,-0.002736,2.168890,-0.001844,-0.092887,0.99144486,-0.00000216,0.13052619,0.00000034,-0.00000000,0.00000018,-0.00000045,12.7242,1200.0027,0.0558,0.00000000,0.00000000,0.013271,0.00000000,0.00000000,0.00000000,0.00000000,0.00096963,-0.00096963,0.00000000,0.00000000,0.00096963,-0.00096963,0.00000000,0.00000000,can,625.2656,-0.5141,-0.2078,16.45747250,44.11536100,1200.0027
0.070000,0.079901,-0.000068,-0.003832,2.666904,-0.002267,-0.128699,0.99144486,-0.00000252,0.13052620,0.00000039,-0.00000000,-0.00000129,-0.00000264,12.7210,1200.0038,0.0799,0.00000000,0.00000000,0.014024,0.00000000,0.00000000,0.00000000,0.00000000,0.00096963,0.00000000,0.00000000,0.00000000,0.00096963,0.00000000,0.00000000,0.00000000,can,693.5791,-0.5703,-0.2305,16.45747272,44.11536100,1200.0038
0.080000,0.109277,-0.000093,-0.005357,3.213197,-0.002731,-0.177466,0.99144487,-0.00000289,0.13052616,0.00000040,-0.00000003,-0.00001178,-0.00001662,12.7176,1200.0054,0.1093,0.20661903,-0.89363771,0.014971,0.00000000,0.00000000,0.00000000,0.00000000,0.00096963,0.00000000,0.00000000,0.00000000,0.00096963,0.00000000,0.00000000,0.00000000,can,732.6262,-0.5959,-0.2497,16.45747299,44.11536100,1200.0054
0.090000,0.144264,-0.000123,-0.007408,3.789276,-0.003214,-0.234229,0.99144488,-0.00000327,0.13052607,0.00000033,-0.00000006,-0.00002546,-0.00003535,12.7142,1200.0074,0.1442,0.20005814,-0.81189474,0.016082,0.00000000,0.00000000,0.00000000,0.00000000,0.00096963,0.00000000,0.00000000,0.00000000,0.00096963,0.00000000,0.00000000,0.00000000,can,771.6627,-0.6247,-0.2652,16.45747330,44.11536100,1200.0074
0.100000,0.185112,-0.000157,-0.010055,4.381572,-0.003707,-0.295346,0.99144490,-0.00000366,0.13052590,0.00000015,-0.00000010,-0.00004347,-0.00006050,12.7107,1200.0101,0.1851,0.19448863,-0.73923822,0.017323,0.00000000,0.00000000,0.00000000,0.00000000,0.00096963,0.00000000,0.00000000,0.00000000,0.00096963,0.00000000,0.00000000,0.00000000,can,781.4248,-0.6276,-0.2720,16.45747367,44.11536100,1200.0101
0.110000,0.231896,-0.000197,-0.013316,4.974031,-0.004196,-0.356510,0.99144494,-0.00000407,0.13052563,-0.00000017,-0.00000015,-0.00006709,-0.00009395,12.7073,1200.0133,0.2319,0.19024106,-0.67654424,0.018643,0.00000000,0.00000000,0.00000000,0.00000000,0.00096963,0.00000000,0.00000000,0.00000000,0.00096963,0.00000000,0.00000000,0.00000000,can,771.6687,-0.6123,-0.2735,16.45747410,44.11536100,1200.0133
0.120000,0.284544,-0.000241,-0.017172,5.555526,-0.004669,-0.414736,0.99144499,-0.00000450,0.13052523,-0.00000068,-0.00000023,-0.00009785,-0.00013798,12.7039,1200.0172,0.2845,0.18727767,-0.62326133,0.020000,0.00000000,0.00000000,0.00000000,0.00000000,0.00096963,0.00000000,0.00000000,0.00000000,0.00096963,0.00000000,0.00000000,0.00000000,can,771.6677,-0.6026,-0.2796,16.45747457,44.11536100,1200.0172
0.130000,0.343007,-0.000290,-0.021610,6.134707,-0.005131,-0.472347,0.99144506,-0.00000497,0.13052465,-0.00000144,-0.00000023,-0.00013762,-0.00019529,12.7005,1200.0216,0.3429,0.18494727,-0.57703318,0.021401,0.00000000,0.00000000,0.00000000,0.00000000,0.00000000,0.00000000,0.00000000,0.00000000,0.00000000,0.00000000,0.00000000,0.00000000,can,752.1590,-0.5737,-0.2810,16.45747510,44.11536100,1200.0216
0.140000,0.407214,-0.000344,-0.026612,6.706625,-0.005576,-0.528016,0.99144517,-0.00000548,0.13052384,-0.00000253,-0.00000023,-0.00018842,-0.00026898,12.6971,1200.0266,0.4071,0.18322186,-0.53703839,0.022823,0.00000000,0.00000000,0.00000000,0.00000000,0.00000000,0.00000000,0.00000000,0.00000000,0.00000000,0.00000000,0.00000000,0.00000000,can,752.1650,-0.5572,-0.2909,16.45747568,44.11536100,1200.0266
0.150000,0.477140,-0.000402,-0.032171,7.278697,-0.006008,-0.583734,0.99144531,-0.00000605,0.13052276,-0.00000403,-0.00000023,-0.00025287,-0.00036307,12.6937,1200.0322,0.4771,0.18176219,-0.50177319,0.024278,0.00000000,0.00000000,0.00000000,0.00000000,0.00000000,0.00000000,0.00000000,0.00000000,0.00000000,0.00000000,0.00000000,0.00000000,can,752.1721,-0.5362,-0.3032,16.45747631,44.11536100,1200.0322
0.160000,0.552813,-0.000464,-0.038294,7.858311,-0.006405,-0.641497,0.99144550,-0.00000669,0.13052131,-0.00000606,-0.00000023,-0.00033400,-0.00048226,12.6903,1200.0383,0.5527,0.18033375,-0.47013090,0.025780,0.00000000,0.00000000,0.00000000,0.00000000,0.00000000,0.00000000,0.00000000,0.00000000,0.00000000,0.00000000,0.00000000,0.00000000,can,771.6391,-0.4863,-0.3431,16.45747699,44.11536100,1200.0383
0.170000,0.634332,-0.000530,-0.045008,8.447971,-0.006780,-0.701973,0.99144575,-0.00000741,0.13051941,-0.00000875,-0.00000023,-0.00043542,-0.00063225,12.6868,1200.0450,0.6342,0.17887978,-0.44152600,0.027332,0.00000000,0.00000000,0.00000000,0.00000000,0.00000000,0.00000000,0.00000000,0.00000000,0.00000000,0.00000000,0.00000000,0.00000000,can,791.1460,-0.4633,-0.3716,16.45747773,44.11536100,1200.0450
0.180000,0.721797,-0.000599,-0.052340,9.043969,-0.007129,-0.764166,0.99144608,-0.00000824,0.13051695,-0.00001227,-0.00000022,-0.00056106,-0.00081912,12.6833,1200.0523,0.7217,0.17748448,-0.41574506,0.028921,0.00000000,0.00000000,0.00000000,0.00000000,0.00000000,0.00000000,0.00000000,0.00000000,0.00000000,0.00000000,0.00000000,0.00000000,can,781.3806,-0.4078,-0.3949,16.45747852,44.11536099,1200.0523
0.190000,0.815212,-0.000672,-0.060291,9.638884,-0.007440,-0.826090,0.99144649,-0.00000921,0.13051380,-0.00001683,-0.00000022,-0.00071534,-0.00104978,12.6798,1200.0603,0.8151,0.17627848,-0.39269714,0.030524,0.00000000,0.00000000,0.00000000,0.00000000,0.00000000,0.00000000,0.00000000,0.00000000,0.00000000,0.00000000,0.00000000,0.00000000,can,781.3821,-0.3513,-0.4265,16.45747937,44.11536099,1200.0603
0.200000,0.914576,-0.000748,-0.068862,10.233957,-0.007708,-0.888081,0.99144702,-0.00001035,0.13050981,-0.00002265,-0.00000022,-0.00090332,-0.00133224,12.6763,1200.0689,0.9144,0.17520564,-0.37194704,0.032142,0.00000000,0.00000000,0.00000000,0.00000000,0.00000000,0.00000000,0.00000000,0.00000000,0.00000000,0.00000000,0.00000000,0.00000000,can,781.3747,-0.2844,-0.4636,16.45748026,44.11536099,1200.0689
0.210000,1.019916,-0.000826,-0.078060,10.835378,-0.007930,-0.951803,0.99144768,-0.00001169,0.13050478,-0.00003003,-0.00000022,-0.00113088,-0.00167737,12.6727,1200.0781,1.0197,0.17414075,-0.35299267,0.033790,0.00000000,0.00000000,0.00000000,0.00000000,0.00000000,0.00000000,0.00000000,0.00000000,0.00000000,0.00000000,0.00000000,0.00000000,can,791.1349,-0.2131,-0.5106,16.45748121,44.11536099,1200.0781
0.220000,1.131308,-0.000906,-0.087905,11.445624,-0.008103,-1.017925,0.99144850,-0.00001328,0.13049852,-0.00003930,-0.00000022,-0.00140488,-0.00209973,12.6691,1200.0879,1.1311,0.17304478,-0.33555506,0.035475,0.00000000,0.00000000,0.00000000,0.00000000,0.00000000,0.00000000,0.00000000,0.00000000,0.00000000,0.00000000,0.00000000,0.00000000,can,810.6344,-0.1464,-0.5685,16.45748222,44.11536099,1200.0879
0.230000,1.248854,-0.000988,-0.098425,12.062230,-0.008224,-1.085792,0.99144952,-0.00001517,0.13049076,-0.00005087,-0.00000022,-0.00173238,-0.00260825,12.6655,1200.0984,1.2486,0.17195981,-0.31953319,0.037187,0.00000000,0.00000000,0.00000000,0.00000000,0.00000000,0.00000000,0.00000000,0.00000000,0.00000000,0.00000000,0.00000000,0.00000000,can,800.8737,-0.0466,-0.6250,16.45748328,44.11536099,1200.0984
0.240000,1.372554,-0.001071,-0.109621,12.680238,-0.008284,-1.154078,0.99145078,-0.00001742,0.13048124,-0.00006518,-0.00000022,-0.00212179,-0.00320102,12.6618,1200.1096,1.3723,0.17095328,-0.30488176,0.038911,0.00000000,0.00000000,0.00000000,0.00000000,0.00000000,0.00000000,0.00000000,0.00000000,0.00000000,0.00000000,0.00000000,0.00000000,can,820.3692,0.0372,-0.7004,16.45748440,44.11536099,1200.1096
0.250000,1.502484,-0.001153,-0.121514,13.305836,-0.008285,-1.224449,0.99145231,-0.00002009,0.13046961,-0.00008265,-0.00000022,-0.00258203,-0.00388722,12.6581,1200.1215,1.5022,0.16993176,-0.29130515,0.040665,0.00000000,0.00000000,0.00000000,0.00000000,0.00000000,0.00000000,0.00000000,0.00000000,0.00000000,0.00000000,0.00000000,0.00000000,can,820.3519,0.1475,-0.7799,16.45748557,44.11536099,1200.1215
0.260000,1.638671,-0.001236,-0.134110,13.932828,-0.008217,-1.295249,0.99145416,-0.00002324,0.13045550,-0.00010378,-0.00000021,-0.00312315,-0.00467707,12.6544,1200.1341,1.6384,0.16897457,-0.27881271,0.042429,0.00000000,0.00000000,0.00000000,0.00000000,0.00000000,0.00000000,0.00000000,0.00000000,0.00000000,0.00000000,0.00000000,0.00000000,can,830.0914,0.2622,-0.8738,16.45748680,44.11536099,1200.1341
0.270000,1.781166,-0.001318,-0.147426,14.566179,-0.008079,-1.367816,0.99145639,-0.00002694,0.13043849,-0.00012910,-0.00000021,-0.00375597,-0.00558096,12.6507,1200.1474,1.7808,0.16801295,-0.26719169,0.044218,0.00000000,0.00000000,0.00000000,0.00000000,0.00000000,0.00000000,0.00000000,0.00000000,0.00000000,0.00000000,0.00000000,0.00000000,can,830.0806,0.3927,-0.9773,16.45748809,44.11536099,1200.1474
0.280000,1.929995,-0.001397,-0.161467,15.199682,-0.007864,-1.440493,0.99145907,-0.00003127,0.13041809,-0.00015920,-0.00000020,-0.00449193,-0.00661071,12.6470,1200.1615,1.9296,0.16711683,-0.25645655,0.046013,0.00000000,0.00000000,0.00000000,0.00000000,0.00000000,0.00000000,0.00000000,0.00000000,0.00000000,0.00000000,0.00000000,0.00000000,can,830.0553,0.5357,-1.0941,16.45748944,44.11536099,1200.1615
0.290000,2.085160,-0.001475,-0.176236,15.833337,-0.007567,-1.513287,0.99146227,-0.00003632,0.13039376,-0.00019475,-0.00000019,-0.00534340,-0.00777700,12.6433,1200.1762,2.0848,0.16627617,-0.24650773,0.047813,0.00000000,0.00000000,0.00000000,0.00000000,0.00000000,0.00000000,0.00000000,0.00000000,0.00000000,0.00000000,0.00000000,0.00000000,can,830.0267,0.6920,-1.2252,16.45749084,44.11536099,1200.1762
0.300000,2.246662,-0.001548,-0.191733,16.468376,-0.007187,-1.586535,0.99146605,-0.00004218,0.13036490,-0.00023644,-0.00000018,-0.00632492,-0.00909027,12.6395,1200.1917,2.2462,0.16546951,-0.23724192,0.049622,0.00000000,0.00000000,0.00000000,0.00000000,0.00000000,0.00000000,0.00000000,0.00000000,0.00000000,0.00000000,0.00000000,0.00000000,can,839.7539,0.8526,-1.3752,16.45749230,44.11536099,1200.1917
0.310000,2.414578,-0.001618,-0.207980,17.115973,-0.006734,-1.663240,0.99147052,-0.00004894,0.13033081,-0.00028503,-0.00000016,-0.00745238,-0.01056509,12.6357,1200.2080,2.4141,0.16458007,-0.22844201,0.051470,0.00000000,0.00000000,0.00000000,0.00000000,0.00000000,0.00000000,0.00000000,0.00000000,0.00000000,0.00000000,0.00000000,0.00000000,can,849.4483,1.0306,-1.5446,16.45749381,44.11536098,1200.2080
0.320000,2.588982,-0.001683,-0.224998,17.764943,-0.006189,-1.740414,0.99147577,-0.00005673,0.13029074,-0.00034136,-0.00000013,-0.00874161,-0.01221530,12.6319,1200.2250,2.5885,0.16372176,-0.22021148,0.053327,0.00000000,0.00000000,0.00000000,0.00000000,0.00000000,0.00000000,0.00000000,0.00000000,0.00000000,0.00000000,0.00000000,0.00000000,can,849.4208,1.2323,-1.7295,16.45749539,44.11536098,1200.2250
0.330000,2.769877,-0.001742,-0.242789,18.414048,-0.005550,-1.817731,0.99148191,-0.00006565,0.13024384,-0.00040633,-0.00000009,-0.01020894,-0.01405247,12.6282,1200.2428,2.7694,0.16289960,-0.21250655,0.055187,0.00000000,0.00000000,0.00000000,0.00000000,0.00000000,0.00000000,0.00000000,0.00000000,0.00000000,0.00000000,0.00000000,0.00000000,can,849.3597,1.4501,-1.9341,16.45749702,44.11536098,1200.2428
0.340000,2.957239,-0.001793,-0.261347,19.057070,-0.004804,-1.893535,0.99148905,-0.00007584,0.13018919,-0.00048087,-0.00000004,-0.01187100,-0.01607804,12.6244,1200.2613,2.9567,0.16216089,-0.20533939,0.057032,0.00000000,0.00000000,0.00000000,0.00000000,0.00000000,0.00000000,0.00000000,0.00000000,0.00000000,0.00000000,0.00000000,0.00000000,can,839.5802,1.6867,-2.1550,16.45749872,44.11536098,1200.2613
0.350000,3.151019,-0.001837,-0.280660,19.700223,-0.003967,-1.969496,0.99149733,-0.00008741,0.13012577,-0.00056595,0.00000003,-0.01374782,-0.01830511,12.6206,1200.2807,3.1504,0.16144084,-0.19858862,0.058880,0.00000000,0.00000000,0.00000000,0.00000000,0.00000000,0.00000000,0.00000000,0.00000000,0.00000000,0.00000000,0.00000000,0.00000000,can,849.2685,1.9210,-2.4044,16.45750047,44.11536098,1200.2807
0.360000,3.351268,-0.001872,-0.300744,20.349703,-0.003048,-2.047280,0.99150689,-0.00010050,0.13005247,-0.00066260,0.00000011,-0.01586010,-0.02074732,12.6168,1200.3007,3.3506,0.16068337,-0.19215538,0.060750,0.00000000,0.00000000,0.00000000,0.00000000,0.00000000,0.00000000,0.00000000,0.00000000,0.00000000,0.00000000,0.00000000,0.00000000,can,849.1903,2.1821,-2.6762,16.45750228,44.11536098,1200.3007
0.370000,3.558013,-0.001898,-0.321606,20.998042,-0.002037,-2.124898,0.99151787,-0.00011526,0.12996807,-0.00077191,0.00000023,-0.01822738,-0.02341591,12.6131,1200.3216,3.5573,0.15994678,-0.18607890,0.062618,0.00000000,0.00000000,0.00000000,0.00000000,0.00000000,0.00000000,0.00000000,0.00000000,0.00000000,0.00000000,0.00000000,0.00000000,can,839.3796,2.4675,-2.9695,16.45750415,44.11536098,1200.3216
0.380000,3.771205,-0.001913,-0.343236,21.639026,-0.000921,-2.200693,0.99153045,-0.00013184,0.12987126,-0.00089503,0.00000037,-0.02086901,-0.02632101,12.6094,1200.3432,3.7705,0.15927152,-0.18037494,0.064467,0.00000000,0.00000000,0.00000000,0.00000000,0.00000000,0.00000000,0.00000000,0.00000000,0.00000000,0.00000000,0.00000000,0.00000000,can,829.5823,2.7665,-3.2862,16.45750607,44.11536098,1200.3432
0.390000,3.990769,-0.001916,-0.365614,22.273908,0.000292,-2.275007,0.99154480,-0.00015040,0.12976062,-0.00103315,0.00000056,-0.02380656,-0.02947138,12.6057,1200.3656,3.9900,0.15863772,-0.17499332,0.066299,0.00000000,0.00000000,0.00000000,0.00000000,0.00000000,0.00000000,0.00000000,0.00000000,0.00000000,0.00000000,0.00000000,0.00000000,can,829.5053,3.0714,-3.6307,16.45750806,44.11536098,1200.3656
0.400000,4.216683,-0.001907,-0.388737,22.910100,0.001573,-2.349823,0.99156110,-0.00017110,0.12963463,-0.00118752,0.00000079,-0.02706437,-0.03287607,12.6020,1200.3887,4.2159,0.15798374,-0.16984534,0.068137,0.00000000,0.00000000,0.00000000,0.00000000,0.00000000,0.00000000,0.00000000,0.00000000,0.00000000,0.00000000,0.00000000,0.00000000,can,839.1261,3.3773,-4.0072,16.45751010,44.11536098,1200.3887
0.410000,4.448971,-0.001884,-0.412611,23.545113,0.002921,-2.424482,0.99157956,-0.00019411,0.12949164,-0.00135941,0.00000109,-0.03066349,-0.03654311,12.5983,1200.4126,4.4481,0.15732281,-0.16492657,0.069973,0.00000000,0.00000000,0.00000000,0.00000000,0.00000000,0.00000000,0.00000000,0.00000000,0.00000000,0.00000000,0.00000000,0.00000000,can,819.5338,3.7213,-4.4028,16.45751220,44.11536098,1200.4126
0.420000,4.687561,-0.001848,-0.437220,24.172719,0.004343,-2.497326,0.99160039,-0.00021961,0.12932990,-0.00155015,0.00000146,-0.03462745,-0.04048239,12.5947,1200.4372,4.6867,0.15669110,-0.16025550,0.071789,0.00000000,0.00000000,0.00000000,0.00000000,0.00000000,0.00000000,0.00000000,0.00000000,0.00000000,0.00000000,0.00000000,0.00000000,can,819.4361,4.0603,-4.8313,16.45751435,44.11536098,1200.4372
0.430000,4.932426,-0.001797,-0.462558,24.800394,0.005803,-2.570348,0.99162379,-0.00024777,0.12914754,-0.00176112,0.00000193,-0.03898155,-0.04470454,12.5910,1200.4626,4.9315,0.15603137,-0.15575843,0.073607,0.00000000,0.00000000,0.00000000,0.00000000,0.00000000,0.00000000,0.00000000,0.00000000,0.00000000,0.00000000,0.00000000,0.00000000,can,819.3310,4.4141,-5.2909,16.45751656,44.11536098,1200.4626
0.440000,5.183569,-0.001732,-0.488628,25.428119,0.007287,-2.643541,0.99165002,-0.00027879,0.12894255,-0.00199373,0.00000250,-0.04375034,-0.04921845,12.5874,1200.4886,5.1826,0.15533920,-0.15141812,0.075426,0.00000000,0.00000000,0.00000000,0.00000000,0.00000000,0.00000000,0.00000000,0.00000000,0.00000000,0.00000000,0.00000000,0.00000000,can,819.1978,4.7826,-5.7827,16.45751883,44.11536098,1200.4886
0.450000,5.440964,-0.001652,-0.515423,26.048420,0.008814,-2.714922,0.99167931,-0.00031287,0.12871283,-0.00224945,0.00000321,-0.04895433,-0.05402833,12.5838,1200.5154,5.4399,0.15465557,-0.14726068,0.077224,0.00000000,0.00000000,0.00000000,0.00000000,0.00000000,0.00000000,0.00000000,0.00000000,0.00000000,0.00000000,0.00000000,0.00000000,can,799.5999,5.1762,-6.2960,16.45752116,44.11536098,1200.5154
0.460000,5.704512,-0.001556,-0.542920,26.661292,0.010367,-2.784485,0.99171190,-0.00035019,0.12845615,-0.00252975,0.00000407,-0.05461798,-0.05914142,12.5802,1200.5429,5.7034,0.15397239,-0.14326548,0.079001,0.00000000,0.00000000,0.00000000,0.00000000,0.00000000,0.00000000,0.00000000,0.00000000,0.00000000,0.00000000,0.00000000,0.00000000,can,799.4738,5.5619,-6.8435,16.45752354,44.11536099,1200.5429
0.470000,5.974190,-0.001444,-0.571113,27.274205,0.011889,-2.854201,0.99174806,-0.00039097,0.12817017,-0.00283617,0.00000512,-0.06076731,-0.06456763,12.5766,1200.5711,5.9731,0.15323842,-0.13937539,0.080779,0.00000000,0.00000000,0.00000000,0.00000000,0.00000000,0.00000000,0.00000000,0.00000000,0.00000000,0.00000000,0.00000000,0.00000000,can,799.3180,5.9595,-7.4243,16.45752597,44.11536099,1200.5711
0.480000,6.249996,-0.001318,-0.600005,27.887145,0.013354,-2.924059,0.99178804,-0.00043541,0.12785239,-0.00317029,0.00000639,-0.06742847,-0.07031603,12.5731,1200.6000,6.2488,0.15244909,-0.13557845,0.082558,0.00000000,0.00000000,0.00000000,0.00000000,0.00000000,0.00000000,0.00000000,0.00000000,0.00000000,0.00000000,0.00000000,0.00000000,can,799.1745,6.3624,-8.0388,16.45752847,44.11536099,1200.6000
0.490000,6.531933,-0.001178,-0.629595,28.498859,0.014744,-2.993716,0.99183213,-0.00048374,0.12750022,-0.00353370,0.00000791,-0.07462565,-0.07639162,12.5695,1200.6296,6.5307,0.15160640,-0.13186914,0.084335,0.00000000,0.00000000,0.00000000,0.00000000,0.00000000,0.00000000,0.00000000,0.00000000,0.00000000,0.00000000,0.00000000,0.00000000,can,789.2627,6.7820,-8.6832,16.45753101,44.11536099,1200.6296
0.500000,6.819974,-0.001024,-0.659879,29.110621,0.016018,-3.063490,0.99188059,-0.00053617,0.12711092,-0.00392805,0.00000974,-0.08238636,-0.08280137,12.5659,1200.6599,6.8187,0.15069818,-0.12823047,0.086113,0.00000000,0.00000000,0.00000000,0.00000000,0.00000000,0.00000000,0.00000000,0.00000000,0.00000000,0.00000000,0.00000000,0.00000000,can,798.8602,7.1938,-9.3684,16.45753362,44.11536099,1200.6599
0.510000,7.114145,-0.000858,-0.690865,29.722402,0.017148,-3.133359,0.99193369,-0.00059292,0.12668163,-0.00435500,0.00001191,-0.09073171,-0.08954604,12.5624,1200.6909,7.1128,0.14971934,-0.12465245,0.087891,0.00000000,0.00000000,0.00000000,0.00000000,0.00000000,0.00000000,0.00000000,0.00000000,0.00000000,0.00000000,0.00000000,0.00000000,can,788.9289,7.6287,-10.0813,16.45753627,44.11536099,1200.6909
0.520000,7.414397,-0.000681,-0.722540,30.327965,0.018151,-3.201669,0.99199172,-0.00065423,0.12620938,-0.00481620,0.00001448,-0.09968364,-0.09662647,12.5589,1200.7225,7.4130,0.14869622,-0.12115079,0.089652,0.00000000,0.00000000,0.00000000,0.00000000,0.00000000,0.00000000,0.00000000,0.00000000,0.00000000,0.00000000,0.00000000,0.00000000,can,788.7488,8.0557,-10.8249,16.45753899,44.11536099,1200.7225
0.530000,7.720704,-0.000495,-0.754899,30.933558,0.018936,-3.270026,0.99205494,-0.00072033,0.12569109,-0.00531333,0.00001752,-0.10926496,-0.10404349,12.5553,1200.7549,7.7192,0.14759051,-0.11768951,0.091413,0.00000000,0.00000000,0.00000000,0.00000000,0.00000000,0.00000000,0.00000000,0.00000000,0.00000000,0.00000000,0.00000000,0.00000000,can,788.5581,8.4859,-11.6013,16.45754175,44.11536100,1200.7549
0.540000,8.033068,-0.000303,-0.787941,31.539181,0.019458,-3.338398,0.99212361,-0.00079143,0.12512358,-0.00584804,0.00002108,-0.11949715,-0.11179612,12.5518,1200.7879,8.0315,0.14639677,-0.11426043,0.093176,0.00000000,0.00000000,0.00000000,0.00000000,0.00000000,0.00000000,0.00000000,0.00000000,0.00000000,0.00000000,0.00000000,0.00000000,can,788.3566,8.9175,-12.4097,16.45754458,44.11536100,1200.7879
0.550000,8.351488,-0.000107,-0.821667,32.146089,0.019656,-3.407071,0.99219800,-0.00086779,0.12450352,-0.00642200,0.00002524,-0.13040247,-0.11988323,12.5483,1200.8217,8.3499,0.14510367,-0.11085155,0.094942,0.00000000,0.00000000,0.00000000,0.00000000,0.00000000,0.00000000,0.00000000,0.00000000,0.00000000,0.00000000,0.00000000,0.00000000,hold,797.8777,9.3412,-13.2537,16.45754745,44.11536100,1200.8217
0.560000,8.675990,0.000089,-0.856082,32.753036,0.019498,-3.475687,0.99227835,-0.00094961,0.12382753,-0.00703684,0.00003008,-0.14199626,-0.12829782,12.5447,1200.8561,8.6743,0.14371145,-0.10746017,0.096710,0.00000000,0.00000000,0.00000000,0.00000000,0.00000000,0.00000000,0.00000000,0.00000000,0.00000000,0.00000000,0.00000000,0.00000000,hold,787.9444,9.7776,-14.1207,16.45755038,44.11536100,1200.8561
0.570000,9.006549,0.000281,-0.891180,33.360036,0.018923,-3.544198,0.99236488,-0.00103714,0.12309212,-0.00769418,0.00003569,-0.15428809,-0.13703045,12.5411,1200.8912,9.0048,0.14221447,-0.10407955,0.098478,0.00000000,0.00000000,0.00000000,0.00000000,0.00000000,0.00000000,0.00000000,0.00000000,0.00000000,0.00000000,0.00000000,0.00000000,can,797.4149,10.1913,-15.0218,16.45755337,44.11536100,1200.8912
0.580000,9.343216,0.000465,-0.926972,33.972082,0.017791,-3.613810,0.99245773,-0.00113055,0.12229428,-0.00839519,0.00004215,-0.16701820,-0.14588329,12.5376,1200.9270,9.3414,0.14058572,-0.10068843,0.100262,0.00000000,0.00000000,0.00000000,0.00000000,0.00000000,0.00000000,0.00000000,0.00000000,0.00000000,0.00000000,0.00000000,0.00000000,can,787.4503,10.5563,-15.8672,16.45755641,44.11536100,1200.9270
0.590000,9.685966,0.000635,-0.963448,34.578055,0.016027,-3.681370,0.99255686,-0.00122988,0.12143243,-0.00914003,0.00004955,-0.18001038,-0.15472263,12.5340,1200.9635,9.6841,0.13887618,-0.09732071,0.102028,0.00000000,0.00000000,0.00000000,0.00000000,0.00000000,0.00000000,0.00000000,0.00000000,0.00000000,0.00000000,0.00000000,0.00000000,can,787.3281,10.5542,-16.2375,16.45755951,44.11536101,1200.9635
0.600000,10.034803,0.000782,-1.000603,35.190568,0.013218,-3.749781,0.99266214,-0.00133512,0.12050524,-0.00992858,0.00005794,-0.19325176,-0.16353325,12.5305,1201.0006,10.0329,0.13703669,-0.09394034,0.103814,0.00000000,0.00000000,0.00000000,0.00000000,0.00000000,0.00000000,0.00000000,0.00000000,0.00000000,0.00000000,0.00000000,0.00000000,can,796.9347,10.5259,-16.5947,16.45756266,44.11536101,1201.0006
0.610000,10.389779,0.000896,-1.038441,35.804641,0.009379,-3.817691,0.99277220,-0.00149477,0.11952183,-0.01075433,-0.01962320,-0.20273904,-0.17212307,12.5269,1201.0384,10.3878,0.13508751,-0.09055986,0.105605,0.00000000,0.00000000,0.00000000,0.00000000,0.05139025,0.04654211,0.00000000,0.00000000,0.05139025,0.04654211,0.00000000,0.00000000,can,796.8070,10.4386,-17.8468,16.45756587,44.11536101,1201.0384
0.620000,10.750871,0.000967,-1.076951,36.413850,0.004532,-3.884180,0.99288557,-0.00175902,0.11849197,-0.01161065,-0.03981501,-0.21227760,-0.18068597,12.5233,1201.0770,10.7488,0.13304281,-0.08720790,0.107382,0.00000000,0.00000000,0.00000000,0.00000000,0.05139025,0.04654211,0.00000000,0.00000000,0.05139025,0.04654211,0.00000000,0.00000000,can,796.7072,10.3742,-18.1901,16.45756913,44.11536101,1201.0770
0.630000,11.118082,0.000982,-1.116128,37.028425,-0.001582,-3.950941,0.99300195,-0.00213040,0.11741557,-0.01249717,-0.06052206,-0.22184460,-0.18921147,12.5198,1201.1161,11.1160,0.13089626,-0.08387026,0.109176,0.00000000,0.00000000,0.00000000,0.00000000,0.05139025,0.04654211,0.00000000,0.00000000,0.05139025,0.04654211,0.00000000,0.00000000,can,796.5764,10.2918,-18.5184,16.45757245,44.11536101,1201.1161
0.640000,11.491441,0.000931,-1.155967,37.643348,-0.008924,-4.016666,0.99312099,-0.00261146,0.11629260,-0.01341346,-0.08174576,-0.23141564,-0.19768809,12.5162,1201.1560,11.4893,0.12866848,-0.08055736,0.110971,0.00000000,0.00000000,0.00000000,0.00000000,0.05139025,0.04654211,0.00000000,0.00000000,0.05139025,0.04654211,0.00000000,0.00000000,can,796.4440,10.1894,-18.8279,16.45757582,44.11536101,1201.1560
0.650000,11.870950,0.000800,-1.196457,38.258631,-0.017567,-4.081279,0.99324227,-0.00320474,0.11512318,-0.01435905,-0.10348726,-0.24096515,-0.20610397,12.5126,1201.1965,11.8687,0.12636109,-0.07726725,0.112767,0.00000000,0.00000000,0.00000000,0.00000000,0.05139025,0.04654211,0.00000000,0.00000000,0.05139025,0.04654211,0.00000000,0.00000000,can,796.3098,10.0661,-19.1173,16.45757925,44.11536101,1201.1965
0.660000,12.256614,0.000575,-1.237588,38.874285,-0.027586,-4.144705,0.99336531,-0.00391278,0.11390758,-0.01533340,-0.12574740,-0.25046649,-0.21444687,12.5090,1201.2376,12.2543,0.12397595,-0.07399815,0.114564,0.00000000,0.00000000,0.00000000,0.00000000,0.05139025,0.04654211,0.00000000,0.00000000,0.05139025,0.04654211,0.00000000,0.00000000,can,796.1740,9.9214,-19.3852,16.45758273,44.11536101,1201.2376
0.670000,12.648437,0.000243,-1.279347,39.490324,-0.039053,-4.206865,0.99348914,-0.00470779,0.11265163,-0.01633348,-0.13657509,-0.25750988,-0.22033258,12.5055,1201.2794,12.6460,0.12151518,-0.07074847,0.116363,0.00000000,0.00000000,0.00000000,0.00000000,0.05139025,0.04654211,-0.04848137,0.00000000,0.05139025,0.04654211,-0.04848137,0.00000000,can,796.0365,9.1930,-20.1835,16.45758627,44.11536100,1201.2794
0.680000,13.046422,-0.000213,-1.321723,40.107904,-0.052540,-4.268403,0.99361284,-0.00556095,0.11136141,-0.01735589,-0.14762795,-0.26441265,-0.22600110,12.5019,1201.3217,13.0440,0.11898228,-0.06753040,0.118167,0.00000000,0.00000000,0.00000000,0.00000000,0.05139025,0.04654211,-0.04848137,0.00000000,0.05139025,0.04654211,-0.04848137,0.00000000,can,805.6257,8.9835,-20.4249,16.45758987,44.11536100,1201.3217
0.690000,13.450597,-0.000813,-1.364711,40.725886,-0.067613,-4.328546,0.99373601,-0.00647324,0.11003771,-0.01839941,-0.15890171,-0.27115181,-0.23143395,12.4983,1201.3647,13.4480,0.11641022,-0.06433872,0.119973,0.00000000,0.00000000,0.00000000,0.00000000,0.05139025,0.04654211,-0.04848137,0.00000000,0.05139025,0.04654211,-0.04848137,0.00000000,can,795.7893,8.7686,-20.6400,16.45759352,44.11536099,1201.3647
0.700000,13.860941,-0.001571,-1.408289,41.344291,-0.084334,-4.387226,0.99385819,-0.00744560,0.10868144,-0.01946275,-0.17039754,-0.27770376,-0.23661381,12.4947,1201.4083,13.8583,0.11380122,-0.06117355,0.121779,0.00000000,0.00000000,0.00000000,0.00000000,0.05139025,0.04654211,-0.04848137,0.00000000,0.05139025,0.04654211,-0.04848137,0.00000000,can,805.3429,8.5156,-20.8408,16.45759723,44.11536099,1201.4083
0.710000,14.277509,-0.002506,-1.452456,41.968144,-0.102953,-4.445507,0.99397893,-0.00847898,0.10729363,-0.02054454,-0.18211349,-0.28404445,-0.24152275,12.4911,1201.4525,14.2748,0.11114367,-0.05802792,0.123602,0.00000000,0.00000000,0.00000000,0.00000000,0.05139025,0.04654211,-0.04848137,0.00000000,0.05139025,0.04654211,-0.04848137,0.00000000,can,795.4715,8.2571,-21.0164,16.45760099,44.11536098,1201.4525
0.720000,14.700305,-0.003636,-1.497194,42.592436,-0.123333,-4.502186,0.99409773,-0.00957429,0.10587543,-0.02164333,-0.19404900,-0.29014935,-0.24614272,12.4875,1201.4972,14.6975,0.10845463,-0.05491012,0.125427,0.00000000,0.00000000,0.00000000,0.00000000,0.05139025,0.04654211,-0.04848137,0.00000000,0.05139025,0.04654211,-0.04848137,0.00000000,can,805.0851,7.9598,-21.1764,16.45760481,44.11536097,1201.4972
0.730000,15.129359,-0.004979,-1.542494,43.218419,-0.145575,-4.557478,0.99421410,-0.01073243,0.10442812,-0.02275755,-0.20620185,-0.29599460,-0.25045541,12.4838,1201.5425,15.1265,0.10573351,-0.05181917,0.127256,0.00000000,0.00000000,0.00000000,0.00000000,0.05139025,0.04654211,-0.04848137,0.00000000,0.05139025,0.04654211,-0.04848137,0.00000000,hold,804.9376,7.6477,-21.3109,16.45760869,44.11536095,1201.5425
0.740000,15.564675,-0.006554,-1.588338,43.844825,-0.169672,-4.611038,0.99432736,-0.01195992,0.10295447,-0.02388387,-0.22090052,-0.30107357,-0.25398232,12.4802,1201.5884,15.5617,0.10298666,-0.04875766,0.129087,0.00000000,0.00000000,0.00000000,0.00000000,0.05914727,0.04654211,-0.04848137,0.00000000,0.05914727,0.04654211,-0.04848137,0.00000000,can,804.7886,7.2019,-21.5312,16.45761262,44.11536094,1201.5884
0.750000,16.006257,-0.008379,-1.634709,44.471632,-0.195760,-4.662887,0.99443680,-0.01326336,0.10145739,-0.02501881,-0.23584726,-0.30583025,-0.25716054,12.4766,1201.6347,16.0032,0.10021712,-0.04573212,0.130919,0.00000000,0.00000000,0.00000000,0.00000000,0.05914727,0.04654211,-0.04848137,0.00000000,0.05914727,0.04654211,-0.04848137,0.00000000,can,804.6381,6.8420,-21.6165,16.45761661,44.11536092,1201.6347
0.760000,16.454109,-0.010475,-1.681589,45.098862,-0.223786,-4.712881,0.99454183,-0.01464374,0.09993866,-0.02616057,-0.25103739,-0.31024038,-0.25997289,12.4730,1201.6816,16.4510,0.09743222,-0.04274520,0.132752,0.00000000,0.00000000,0.00000000,0.00000000,0.05914727,0.04654211,-0.04848137,0.00000000,0.05914727,0.04654211,-0.04848137,0.00000000,can,804.4863,6.4604,-21.6780,16.45762066,44.11536090,1201.6816
0.770000,16.908236,-0.012862,-1.728960,45.726514,-0.253787,-4.760963,0.99464187,-0.01610202,0.09840015,-0.02730726,-0.26645845,-0.31427992,-0.26240230,12.4694,1201.7290,16.9050,0.09463569,-0.03979830,0.134587,0.00000000,0.00000000,0.00000000,0.00000000,0.05914727,0.04654211,-0.04848137,0.00000000,0.05914727,0.04654211,-0.04848137,0.00000000,can,804.3334,6.0575,-21.7155,16.45762476,44.11536088,1201.7290
0.780000,17.368641,-0.015558,-1.776802,46.354585,-0.285795,-4.807078,0.99473631,-0.01763908,0.09684388,-0.02845693,-0.28210697,-0.31792520,-0.26443222,12.4657,1201.7768,17.3654,0.09183146,-0.03689298,0.136423,0.00000000,0.00000000,0.00000000,0.00000000,0.05914727,0.04654211,-0.04848137,0.00000000,0.05914727,0.04654211,-0.04848137,0.00000000,can,804.1793,5.6334,-21.7288,16.45762892,44.11536085,1201.7768
0.790000,17.835329,-0.018584,-1.825095,46.983070,-0.319837,-4.851171,0.99482457,-0.01924990,0.09527303,-0.02960698,-0.29566429,-0.32067120,-0.26558163,12.4621,1201.8251,17.8320,0.08902362,-0.03403099,0.138260,0.00000000,0.00000000,0.00000000,0.00000000,0.05914727,0.04654211,-0.05526876,0.00000000,0.05914727,0.04654211,-0.05526876,0.00000000,can,804.0238,5.0824,-21.8303,16.45763314,44.11536083,1201.8251
0.800000,18.308329,-0.021964,-1.873824,47.617040,-0.356344,-4.894268,0.99490609,-0.02092934,0.09369093,-0.03075471,-0.30941925,-0.32297310,-0.26628641,12.4585,1201.8739,18.3049,0.08620780,-0.03121383,0.140113,0.00000000,0.00000000,0.00000000,0.00000000,0.05914727,0.04654211,-0.05526876,0.00000000,0.05914727,0.04654211,-0.05526876,0.00000000,can,803.8658,4.6326,-21.8009,16.45763741,44.11536079,1201.8739
0.810000,18.787646,-0.025717,-1.922969,48.243837,-0.394428,-4.933789,0.99498031,-0.02267808,0.09209997,-0.03189790,-0.32336477,-0.32481149,-0.26653172,12.4549,1201.9230,18.7841,0.08341650,-0.02845138,0.141945,0.00000000,0.00000000,0.00000000,0.00000000,0.05914727,0.04654211,-0.05526876,0.00000000,0.05914727,0.04654211,-0.05526876,0.00000000,can,784.1894,4.1795,-21.7387,16.45764174,44.11536076,1201.9230
0.820000,19.273207,-0.029859,-1.972493,48.869707,-0.434499,-4.970902,0.99504669,-0.02449677,0.09050265,-0.03303426,-0.33750041,-0.32616619,-0.26630224,12.4513,1201.9725,19.2696,0.08064240,-0.02574183,0.143774,0.00000000,0.00000000,0.00000000,0.00000000,0.05914727,0.04654211,-0.05526876,0.00000000,0.05914727,0.04654211,-0.05526876,0.00000000,can,793.9044,3.6847,-21.6639,16.45764613,44.11536072,1201.9725
0.830000,19.765041,-0.034413,-2.022379,49.499784,-0.476923,-5.006527,0.99510466,-0.02638606,0.08890158,-0.03416145,-0.35182917,-0.32701676,-0.26558246,12.4476,1202.0224,19.7613,0.07788138,-0.02308512,0.145616,0.00000000,0.00000000,0.00000000,0.00000000,0.05914727,0.04654211,-0.05526876,0.00000000,0.05914727,0.04654211,-0.05526876,0.00000000,can,813.1106,3.1656,-21.5730,16.45765057,44.11536068,1202.0224
0.840000,20.263229,-0.039406,-2.072620,50.136642,-0.521907,-5.041078,0.99515366,-0.02834658,0.08729950,-0.03527706,-0.36634731,-0.32734583,-0.26435873,12.4440,1202.0727,20.2594,0.07513454,-0.02048328,0.147477,0.00000000,0.00000000,0.00000000,0.00000000,0.05914727,0.04654211,-0.05526876,0.00000000,0.05914727,0.04654211,-0.05526876,0.00000000,can,803.2651,2.6549,-21.4549,16.45765507,44.11536063,1202.0727
0.850000,20.767750,-0.044857,-2.123189,50.768770,-0.568616,-5.072430,0.99519214,-0.03040122,0.08570496,-0.03637336,-0.39020834,-0.32518514,-0.26123180,12.4403,1202.1232,20.7639,0.07242493,-0.01794439,0.149325,0.00000000,0.00000000,0.00000000,0.00000000,0.07950944,0.04945100,-0.05526876,0.00000000,0.07950944,0.04945100,-0.05526876,0.00000000,can,812.8224,1.7791,-21.7703,16.45765963,44.11536058,1202.1232
0.860000,21.278657,-0.050791,-2.174072,51.412689,-0.618610,-5.103823,0.99521842,-0.03257312,0.08412690,-0.03744256,-0.41434513,-0.32239686,-0.25757030,12.4366,1202.1741,21.2747,0.06973504,-0.01548101,0.151207,0.00000000,0.00000000,0.00000000,0.00000000,0.07950944,0.04945100,-0.05526876,0.00000000,0.07950944,0.04945100,-0.05526876,0.00000000,can,812.6551,1.2294,-21.6299,16.45766425,44.11536052,1202.1741
0.870000,21.795979,-0.057234,-2.225253,52.051845,-0.670297,-5.132004,0.99523166,-0.03486331,0.08256879,-0.03848217,-0.43876152,-0.31895817,-0.25336604,12.4329,1202.2253,21.7919,0.06711018,-0.01310646,0.153075,0.00000000,0.00000000,0.00000000,0.00000000,0.07950944,0.04945100,-0.05526876,0.00000000,0.07950944,0.04945100,-0.05526876,0.00000000,can,812.4887,0.6728,-21.4757,16.45766892,44.11536046,1202.2253
0.880000,22.319720,-0.064206,-2.276708,52.696464,-0.724482,-5.158709,0.99523101,-0.03727281,0.08103420,-0.03948967,-0.46345614,-0.31486160,-0.24861187,12.4293,1202.2767,22.3156,0.06454245,-0.01082092,0.154960,0.00000000,0.00000000,0.00000000,0.00000000,0.07950944,0.04945100,-0.05526876,0.00000000,0.07950944,0.04945100,-0.05526876,0.00000000,can,812.3208,0.1112,-21.3132,16.45767365,44.11536040,1202.2767
0.890000,22.849884,-0.071728,-2.328415,53.336286,-0.780282,-5.182237,0.99521557,-0.03980261,0.07952672,-0.04046252,-0.48842700,-0.31010216,-0.24330207,12.4256,1202.3285,22.8457,0.06205073,-0.00862961,0.156830,0.00000000,0.00000000,0.00000000,0.00000000,0.07950944,0.04945100,-0.05526876,0.00000000,0.07950944,0.04945100,-0.05526876,0.00000000,can,812.1532,-0.4534,-21.1397,16.45767844,44.11536033,1202.3285
0.900000,23.386473,-0.079821,-2.380349,53.981550,-0.838538,-5.204267,0.99518444,-0.04245372,0.07804998,-0.04139819,-0.51367213,-0.30467757,-0.23743218,12.4219,1202.3804,23.3822,0.05962839,-0.00653391,0.158716,0.00000000,0.00000000,0.00000000,0.00000000,0.07950944,0.04945100,-0.05526876,0.00000000,0.07950944,0.04945100,-0.05526876,0.00000000,can,811.9832,-1.0190,-20.9624,16.45768329,44.11536025,1202.3804
0.910000,23.929490,-0.088503,-2.432489,54.621983,-0.898307,-5.223176,0.99513831,-0.04518261,0.07661546,-0.04228896,-0.52172925,-0.29487463,-0.22737247,12.4183,1202.4325,23.9251,0.05729291,-0.00453835,0.160588,0.00000000,0.00000000,0.00000000,0.00000000,0.07950944,0.04945100,-0.09405385,0.00000000,0.07950944,0.04945100,-0.09405385,0.00000000,can,811.8136,-2.4433,-21.6445,16.45768820,44.11536017,1202.4325
0.920000,24.478913,-0.097797,-2.484809,55.262563,-0.960741,-5.240439,0.99507843,-0.04794536,0.07523468,-0.04312670,-0.52993324,-0.28439912,-0.21661865,12.4146,1202.4849,24.4745,0.05505007,-0.00267115,0.162460,0.00000000,0.00000000,0.00000000,0.00000000,0.07950944,0.04945100,-0.09405385,0.00000000,0.07950944,0.04945100,-0.09405385,0.00000000,can,811.6857,-3.0114,-21.4774,16.45769316,44.11536008,1202.4849
0.930000,25.034768,-0.107727,-2.537294,55.908523,-1.025506,-5.256257,0.99500472,-0.05074231,0.07391134,-0.04390825,-0.53828534,-0.27326401,-0.20517900,12.4109,1202.5373,25.0303,0.05293085,-0.00093699,0.164349,0.00000000,0.00000000,0.00000000,0.00000000,0.07950944,0.04945100,-0.09405385,0.00000000,0.07950944,0.04945100,-0.09405385,0.00000000,can,811.4701,-3.5649,-21.3255,16.45769818,44.11535999,1202.5373
0.940000,25.597084,-0.118313,-2.589926,56.556020,-1.092169,-5.270108,0.99491712,-0.05357379,0.07264909,-0.04463056,-0.54678684,-0.26148519,-0.19306585,12.4072,1202.5900,25.5925,0.05094333,0.00065899,0.166242,0.00000000,0.00000000,0.00000000,0.00000000,0.07950944,0.04945100,-0.09405385,0.00000000,0.07950944,0.04945100,-0.09405385,0.00000000,can,821.0555,-4.1078,-21.1935,16.45770326,44.11535989,1202.5900
0.950000,26.165889,-0.129576,-2.642689,57.205066,-1.160640,-5.282075,0.99481553,-0.05644018,0.07145151,-0.04529064,-0.55543779,-0.24908316,-0.18029483,12.4035,1202.6427,26.1612,0.04909130,0.00211202,0.168139,0.00000000,0.00000000,0.00000000,0.00000000,0.07950944,0.04945100,-0.09405385,0.00000000,0.07950944,0.04945100,-0.09405385,0.00000000,can,820.8800,-4.6200,-21.0782,16.45770840,44.11535979,1202.6427
0.960000,26.741186,-0.141531,-2.695561,57.854334,-1.230692,-5.292056,0.99469989,-0.05934185,0.07032207,-0.04588561,-0.56423820,-0.23608166,-0.16688474,12.3998,1202.6956,26.7365,0.04737954,0.00341746,0.170037,0.00000000,0.00000000,0.00000000,0.00000000,0.07950944,0.04945100,-0.09405385,0.00000000,0.07950944,0.04945100,-0.09405385,0.00000000,can,820.7038,-5.1055,-20.9858,16.45771360,44.11535967,1202.6956
0.970000,27.322976,-0.154194,-2.748524,58.503809,-1.302219,-5.300150,0.99457008,-0.06227919,0.06926413,-0.04641271,-0.57318800,-0.22250763,-0.15285801,12.3961,1202.7486,27.3182,0.04581128,0.00457082,0.171936,0.00000000,0.00000000,0.00000000,0.00000000,0.07950944,0.04945100,-0.09405385,0.00000000,0.07950944,0.04945100,-0.09405385,0.00000000,can,820.5266,-5.5600,-20.9200,16.45771885,44.11535956,1202.7486
0.980000,27.911263,-0.167580,-2.801558,59.153477,-1.375110,-5.306467,0.99442601,-0.06525260,0.06828092,-0.04686929,-0.58228822,-0.20838953,-0.13823948,12.3923,1202.8016,27.9065,0.04438943,0.00556779,0.173836,0.00000000,0.00000000,0.00000000,0.00000000,0.07950944,0.04945100,-0.09405385,0.00000000,0.07950944,0.04945100,-0.09405385,0.00000000,hold,820.3487,-5.9791,-20.8844,16.45772417,44.11535943,1202.8016
0.990000,28.506072,-0.181703,-2.854651,59.808446,-1.449778,-5.311806,0.99426839,-0.06825121,0.06737230,-0.04725589,-0.58686639,-0.19477244,-0.12402819,12.3886,1202.8547,28.5012,0.04311270,0.00640373,0.175751,0.00000000,0.00000000,0.00000000,0.00000000,0.07078280,0.04945100,-0.09405385,0.00000000,0.07078280,0.04945100,-0.09405385,0.00000000,can,820.1226,-6.1267,-20.6517,16.45772954,44.11535930,1202.8547
1.000000,29.107381,-0.196573,-2.907782,60.453350,-1.524286,-5.314097,0.99409805,-0.07126406,0.06653789,-0.04757325,-0.59156904,-0.18069942,-0.10930194,12.3849,1202.9078,29.1025,0.04199262,0.00708550,0.177636,0.00000000,0.00000000,0.00000000,0.00000000,0.07078280,0.04945100,-0.09405385,0.00000000,0.07078280,0.04945100,-0.09405385,0.00000000,can,820.0369,-6.4600,-20.6812,16.45773498,44.11535916,1202.9078
1.010000,29.715166,-0.212195,-2.960932,61.103572,-1.600335,-5.315654,0.99391501,-0.07429151,0.06578030,-0.04781923,-0.59639701,-0.16620368,-0.09409528,12.3812,1202.9610,29.7103,0.04101147,0.00761030,0.179537,0.00000000,0.00000000,0.00000000,0.00000000,0.07078280,0.04945100,-0.09405385,0.00000000,0.07078280,0.04945100,-0.09405385,0.00000000,can,819.8103,-6.7488,-20.7507,16.45774047,44.11535901,1202.9610
1.020000,30.329453,-0.228582,-3.014091,61.753910,-1.677255,-5.315935,0.99371926,-0.07733395,0.06510199,-0.04799192,-0.60135028,-0.15132283,-0.07844788,12.3775,1203.0142,30.3246,0.04017435,0.00797560,0.181438,0.00000000,0.00000000,0.00000000,0.00000000,0.07078280,0.04945100,-0.09405385,0.00000000,0.07078280,0.04945100,-0.09405385,0.00000000,can,819.6294,-6.9881,-20.8615,16.45774602,44.11535886,1203.0142
1.030000,30.950244,-0.245743,-3.067247,62.404411,-1.754923,-5.315089,0.99350968,-0.08040613,0.06450260,-0.04809134,-0.61207103,-0.13731371,-0.06358439,12.3738,1203.0673,30.9453,0.03948222,0.00817854,0.183340,0.00000000,0.00000000,0.00000000,0.00000000,0.07078280,0.04945100,-0.08435758,0.00000000,0.07078280,0.04945100,-0.08435758,0.00000000,can,819.4479,-6.8918,-20.7351,16.45775163,44.11535870,1203.0673
1.040000,31.577542,-0.263682,-3.120388,63.055098,-1.832948,-5.313075,0.99328494,-0.08352287,0.06398155,-0.04811784,-0.62293785,-0.12301054,-0.04840041,12.3701,1203.1205,31.5727,0.03893349,0.00822498,0.185243,0.00000000,0.00000000,0.00000000,0.00000000,0.07078280,0.04945100,-0.08435758,0.00000000,0.07078280,0.04945100,-0.08435758,0.00000000,can,819.3139,-7.0171,-20.9341,16.45775729,44.11535853,1203.1205
1.050000,32.211347,-0.282403,-3.173505,63.705933,-1.911460,-5.310229,0.99304461,-0.08668472,0.06354056,-0.04807028,-0.63394982,-0.10845619,-0.03294262,12.3664,1203.1736,32.2065,0.03851898,0.00811414,0.187146,0.00000000,0.00000000,0.00000000,0.00000000,0.07078280,0.04945100,-0.08435758,0.00000000,0.07078280,0.04945100,-0.08435758,0.00000000,can,819.0828,-7.0827,-21.1801,16.45776302,44.11535836,1203.1736
1.060000,32.851661,-0.301912,-3.226591,64.356887,-1.990327,-5.306702,0.99278827,-0.08989224,0.06318112,-0.04794772,-0.64510736,-0.09369397,-0.01726003,12.3627,1203.2267,32.8468,0.03823850,0.00784462,0.189049,0.00000000,0.00000000,0.00000000,0.00000000,0.07078280,0.04945100,-0.08435758,0.00000000,0.07078280,0.04945100,-0.08435758,0.00000000,can,818.9978,-7.0847,-21.4763,16.45776880,44.11535817,1203.2267
1.070000,33.498511,-0.322213,-3.279641,65.014443,-2.070125,-5.303424,0.99251541,-0.09314601,0.06290450,-0.04774947,-0.65641224,-0.07876754,-0.00140389,12.3589,1203.2797,33.4937,0.03808752,0.00741461,0.190972,0.00000000,0.00000000,0.00000000,0.00000000,0.07078280,0.04945100,-0.08435758,0.00000000,0.07078280,0.04945100,-0.08435758,0.00000000,can,828.4730,-7.0275,-21.8316,16.45777465,44.11535798,1203.2797
1.080000,34.151950,-0.343315,-3.332658,65.673365,-2.150154,-5.299934,0.99222548,-0.09644664,0.06271171,-0.04747511,-0.66786358,-0.06372571,0.01456864,12.3552,1203.3327,34.1472,0.03806804,0.00682441,0.192900,0.00000000,0.00000000,0.00000000,0.00000000,0.07078280,0.04945100,-0.08435758,0.00000000,0.07078280,0.04945100,-0.08435758,0.00000000,can,828.3364,-6.8906,-22.2400,16.45778055,44.11535779,1203.3327
1.090000,34.811979,-0.365216,-3.385639,66.332380,-2.230141,-5.296255,0.99191838,-0.09979013,0.06260212,-0.04712565,-0.67754753,-0.04903177,0.03019809,12.3514,1203.3857,34.8073,0.03817922,0.00607416,0.194827,0.00000000,0.00000000,0.00000000,0.00000000,0.06787392,0.04945100,-0.08435758,0.00000000,0.06787392,0.04945100,-0.08435758,0.00000000,can,828.0900,-6.5821,-22.6114,16.45778652,44.11535758,1203.3857
1.100000,35.478598,-0.387917,-3.438583,66.991469,-2.309858,-5.292501,0.99159403,-0.10317248,0.06257483,-0.04670242,-0.68737224,-0.03432645,0.04581340,12.3477,1203.4387,35.4740,0.03841801,0.00516789,0.196755,0.00000000,0.00000000,0.00000000,0.00000000,0.06787392,0.04945100,-0.08435758,0.00000000,0.06787392,0.04945100,-0.08435758,0.00000000,can,827.8649,-6.2892,-23.1376,16.45779254,44.11535737,1203.4387
1.110000,36.151808,-0.411413,-3.491489,67.650612,-2.389262,-5.288911,0.99125181,-0.10659436,0.06262997,-0.04620586,-0.69733750,-0.01966038,0.06134895,12.3439,1203.4916,36.1473,0.03877861,0.00410792,0.198683,0.00000000,0.00000000,0.00000000,0.00000000,0.06787392,0.04945100,-0.08435758,0.00000000,0.06787392,0.04945100,-0.08435758,0.00000000,can,827.6895,-5.9149,-23.7253,16.45779862,44.11535715,1203.4916
1.120000,36.831610,-0.435700,-3.544362,68.311084,-2.468358,-5.285820,0.99089107,-0.11005646,0.06276740,-0.04563673,-0.70744748,-0.00508262,0.07673904,12.3402,1203.5445,36.8272,0.03925726,0.00289590,0.200615,0.00000000,0.00000000,0.00000000,0.00000000,0.06787392,0.04945100,-0.08435758,0.00000000,0.06787392,0.04945100,-0.08435758,0.00000000,can,837.1162,-5.4640,-24.3808,16.45780476,44.11535692,1203.5445
1.130000,37.518030,-0.460778,-3.597208,68.971580,-2.546878,-5.283266,0.99051112,-0.11355950,0.06298666,-0.04499607,-0.71770293,0.00935504,0.09191292,12.3364,1203.5973,37.5137,0.03985116,0.00153428,0.202547,0.00000000,0.00000000,0.00000000,0.00000000,0.06787392,0.04945100,-0.08435758,0.00000000,0.06787392,0.04945100,-0.08435758,0.00000000,can,827.2299,-4.9096,-25.0968,16.45781096,44.11535669,1203.5973
1.140000,38.211068,-0.486638,-3.650033,69.637303,-2.625244,-5.282045,0.99011119,-0.11710425,0.06328702,-0.04428524,-0.72810606,0.02360374,0.10679985,12.3326,1203.6501,38.2069,0.04055328,0.00002592,0.204495,0.00000000,0.00000000,0.00000000,0.00000000,0.06787392,0.04945100,-0.08435758,0.00000000,0.06787392,0.04945100,-0.08435758,0.00000000,can,836.7020,-4.2809,-25.8883,16.45781723,44.11535644,1203.6501
1.150000,38.910776,-0.513280,-3.702852,70.302996,-2.702773,-5.281747,0.98969049,-0.12069149,0.06366741,-0.04350593,-0.73865518,0.03760945,0.12132380,12.3288,1203.7030,38.9068,0.04136221,-0.00162534,0.206443,0.00000000,0.00000000,0.00000000,0.00000000,0.06787392,0.04945100,-0.08435758,0.00000000,0.06787392,0.04945100,-0.08435758,0.00000000,hold,826.7590,-3.5432,-26.7411,16.45782355,44.11535619,1203.7030
1.160000,39.617128,-0.540691,-3.755671,70.968699,-2.779344,-5.282574,0.98924817,-0.12432202,0.06412646,-0.04266019,-0.74935120,0.05132204,0.13540895,12.3250,1203.7558,39.6133,0.04227305,-0.00341522,0.208391,0.00000000,0.00000000,0.00000000,0.00000000,0.06787392,0.04945100,-0.08435758,0.00000000,0.06787392,0.04945100,-0.08435758,0.00000000,hold,836.2264,-2.7261,-27.6689,16.45782993,44.11535594,1203.7558
1.170000,40.330150,-0.568863,-3.808507,71.635656,-2.854970,-5.284871,0.98877599,-0.12805725,0.06465069,-0.04175716,-0.78414998,0.05952780,0.14399997,12.3213,1203.8086,40.3265,0.04327966,-0.00533871,0.210343,0.00000000,0.00000000,0.00000000,0.00000000,0.06787392,0.04945100,-0.05332951,0.00000000,0.06787392,0.04945100,-0.05332951,0.00000000,can,835.9309,-0.6145,-27.4737,16.45783637,44.11535567,1203.8086
1.180000,41.049816,-0.597778,-3.861367,72.297570,-2.927709,-5.287378,0.98826482,-0.13195851,0.06522593,-0.04080646,-0.81909998,0.06728523,0.15192360,12.3175,1203.8615,41.0464,0.04436718,-0.00735791,0.212279,0.00000000,0.00000000,0.00000000,0.00000000,0.06787392,0.04945100,-0.05332951,0.00000000,0.06787392,0.04945100,-0.05332951,0.00000000,can,835.7442,0.4037,-28.5141,16.45784287,44.11535540,1203.8615
1.190000,41.776127,-0.627416,-3.914264,72.964636,-2.999702,-5.292153,0.98771237,-0.13602653,0.06584933,-0.03981120,-0.85419995,0.07456899,0.15911990,12.3137,1203.9144,41.7729,0.04548281,-0.00945992,0.214231,0.00000000,0.00000000,0.00000000,0.00000000,0.06787392,0.04945100,-0.05332951,0.00000000,0.06787392,0.04945100,-0.05332951,0.00000000,can,835.4993,1.5005,-29.5985,16.45784943,44.11535513,1203.9144
1.200000,42.509108,-0.657767,-3.967216,73.631593,-3.070354,-5.298702,0.98711623,-0.14026202,0.06651787,-0.03877477,-0.88944516,0.08135604,0.16552851,12.3099,1203.9674,42.5061,0.04662270,-0.01163844,0.216182,0.00000000,0.00000000,0.00000000,0.00000000,0.06787392,0.04945100,-0.05332951,0.00000000,0.06787392,0.04945100,-0.05332951,0.00000000,can,835.3083,2.6752,-30.7221,16.45785606,44.11535484,1203.9674
1.210000,43.248758,-0.688818,-4.020244,74.298449,-3.139612,-5.307150,0.98647946,-0.14463050,0.06721818,-0.03770959,-0.91025175,0.08452502,0.16806377,12.3061,1204.0204,43.2460,0.04777957,-0.01388628,0.218133,0.00000000,0.00000000,0.00000000,0.00000000,0.05042062,0.04945100,-0.05332951,0.00000000,0.05042062,0.04945100,-0.05332951,0.00000000,can,835.0603,4.6476,-31.1617,16.45786274,44.11535455,1204.0204
1.220000,43.995077,-0.720551,-4.073364,74.965288,-3.206708,-5.317215,0.98580568,-0.14909761,0.06793684,-0.03662854,-0.93120684,0.08718412,0.16963363,12.3023,1204.0735,43.9926,0.04893958,-0.01616935,0.220084,0.00000000,0.00000000,0.00000000,0.00000000,0.05042062,0.04945100,-0.05332951,0.00000000,0.05042062,0.04945100,-0.05332951,0.00000000,can,834.7537,5.9683,-32.3433,16.45786948,44.11535425,1204.0735
1.230000,44.748064,-0.752947,-4.126595,75.631976,-3.272341,-5.329366,0.98509333,-0.15366419,0.06867047,-0.03553604,-0.95230629,0.08933861,0.17019735,12.2985,1204.1268,44.7459,0.05007426,-0.01846815,0.222035,0.00000000,0.00000000,0.00000000,0.00000000,0.05042062,0.04945100,-0.05332951,0.00000000,0.05042062,0.04945100,-0.05332951,0.00000000,can,834.5016,7.3407,-33.5395,16.45787628,44.11535395,1204.1268
1.240000,45.507716,-0.785993,-4.179959,76.298503,-3.336504,-5.343666,0.98434082,-0.15833106,0.06941565,-0.03443667,-0.97354569,0.09099789,0.16971801,12.2947,1204.1801,45.5059,0.05117791,-0.02077316,0.223985,0.00000000,0.00000000,0.00000000,0.00000000,0.05042062,0.04945100,-0.05332951,0.00000000,0.05042062,0.04945100,-0.05332951,0.00000000,can,834.2476,8.7605,-34.7465,16.45788315,44.11535364,1204.1801
1.250000,46.274033,-0.819673,-4.233476,76.964891,-3.399208,-5.360172,0.98354654,-0.16309901,0.07016897,-0.03333517,-0.99492037,0.09217557,0.16816302,12.2909,1204.2336,46.2725,0.05224503,-0.02307451,0.225935,0.00000000,0.00000000,0.00000000,0.00000000,0.05042062,0.04945100,-0.05332951,0.00000000,0.05042062,0.04945100,-0.05332951,0.00000000,can,834.0500,10.2229,-35.9608,16.45789007,44.11535333,1204.2336
1.260000,47.047013,-0.853972,-4.287169,77.632391,-3.460582,-5.379092,0.98270884,-0.16796880,0.07092698,-0.03223640,-1.01642970,0.09289161,0.16550495,12.2871,1204.2873,47.0458,0.05326950,-0.02536167,0.227888,0.00000000,0.00000000,0.00000000,0.00000000,0.05042062,0.04945100,-0.05332951,0.00000000,0.05042062,0.04945100,-0.05332951,0.00000000,can,843.4934,11.7145,-37.1822,16.45789706,44.11535300,1204.2873
1.270000,47.826706,-0.888882,-4.341069,78.304838,-3.521000,-5.400963,0.98181560,-0.17300491,0.07167297,-0.03115136,-1.06347493,0.08781632,0.15649844,12.2833,1204.3412,47.8259,0.05424373,-0.02762295,0.229856,0.00000000,0.00000000,0.00000000,0.00000000,0.05042062,0.04945100,-0.02617994,0.00000000,0.05042062,0.04945100,-0.02617994,0.00000000,can,833.4721,14.5020,-37.1647,16.45790410,44.11535268,1204.3412
1.280000,48.613084,-0.924379,-4.395190,78.970752,-3.578168,-5.423697,0.98085349,-0.17827131,0.07238987,-0.03009115,-1.11055760,0.08230434,0.14627766,12.2795,1204.3954,48.6126,0.05515377,-0.02981992,0.231805,0.00000000,0.00000000,0.00000000,0.00000000,0.05042062,0.04945100,-0.02617994,0.00000000,0.05042062,0.04945100,-0.02617994,0.00000000,can,833.2707,16.0507,-38.3547,16.45791120,44.11535235,1204.3954
1.290000,49.406147,-0.960443,-4.449554,79.642971,-3.634601,-5.449552,0.97981888,-0.18376784,0.07307395,-0.02906096,-1.15767253,0.07642796,0.13484668,12.2756,1204.4497,49.4061,0.05594317,-0.03193119,0.233772,0.00000000,0.00000000,0.00000000,0.00000000,0.05042062,0.04945100,-0.02617994,0.00000000,0.05042062,0.04945100,-0.02617994,0.00000000,can,842.7053,17.5870,-39.5061,16.45791837,44.11535201,1204.4497
1.300000,50.205943,-0.997067,-4.504188,80.316251,-3.689935,-5.477772,0.97870799,-0.18949424,0.07372181,-0.02806596,-1.20480663,0.07026394,0.12221740,12.2718,1204.5044,50.2063,0.05661207,-0.03394767,0.235742,0.00000000,0.00000000,0.00000000,0.00000000,0.05042062,0.04945100,-0.02617994,0.00000000,0.05042062,0.04945100,-0.02617994,0.00000000,can,842.4377,19.1172,-40.6039,16.45792560,44.11535166,1204.5044
1.310000,51.012471,-1.034238,-4.559116,80.987991,-3.744057,-5.507922,0.97751688,-0.19545007,0.07433033,-0.02711131,-1.25193895,0.06389298,0.10840712,12.2680,1204.5593,51.0133,0.05715985,-0.03585949,0.237708,0.00000000,0.00000000,0.00000000,0.00000000,0.05042062,0.04945100,-0.02617994,0.00000000,0.05042062,0.04945100,-0.02617994,0.00000000,can,832.4704,20.6451,-41.6415,16.45793288,44.11535132,1204.5593
1.320000,51.825676,-1.071942,-4.614350,81.654288,-3.796745,-5.539376,0.97624145,-0.20163472,0.07489676,-0.02620211,-1.29906130,0.05740258,0.09344524,12.2642,1204.6146,51.8269,0.05758784,-0.03765737,0.239658,0.00000000,0.00000000,0.00000000,0.00000000,0.05042062,0.04945100,-0.02617994,0.00000000,0.05042062,0.04945100,-0.02617994,0.00000000,can,841.9005,22.1348,-42.6214,16.45794023,44.11535096,1204.6146
1.330000,52.645582,-1.110172,-4.669913,82.326852,-3.849126,-5.573612,0.97487742,-0.20804747,0.07541874,-0.02534335,-1.34618197,0.05088401,0.07737129,12.2603,1204.6701,52.6473,0.05788739,-0.03932547,0.241627,0.00000000,0.00000000,0.00000000,0.00000000,0.05042062,0.04945100,-0.02617994,0.00000000,0.05042062,0.04945100,-0.02617994,0.00000000,hold,841.6280,23.5897,-43.5368,16.45794764,44.11535061,1204.6701
1.340000,53.472212,-1.148923,-4.725828,82.999184,-3.900799,-5.609624,0.97342903,-0.21465068,0.07588418,-0.02454778,-1.37788920,0.04125242,0.05748905,12.2565,1204.7261,53.4744,0.05806405,-0.04085629,0.243595,0.00000000,0.00000000,0.00000000,0.00000000,0.03684584,0.04848137,-0.02617994,0.00000000,0.03684584,0.04848137,-0.02617994,0.00000000,can,841.3549,25.6418,-43.6452,16.45795510,44.11535024,1204.7261
1.350000,54.305565,-1.188183,-4.782110,83.671395,-3.951199,-5.646948,0.97190136,-0.22140710,0.07628150,-0.02382812,-1.40967219,0.03180145,0.03654982,12.2526,1204.7823,54.3082,0.05811456,-0.04221548,0.245562,0.00000000,0.00000000,0.00000000,0.00000000,0.03684584,0.04848137,-0.02617994,0.00000000,0.03684584,0.04848137,-0.02617994,0.00000000,can,841.0799,26.9644,-44.4108,16.45796263,44.11534988,1204.7823
1.360000,55.145665,-1.227947,-4.838776,84.348602,-4.001662,-5.686452,0.97029111,-0.22831640,0.07660981,-0.02318896,-1.44151661,0.02263821,0.01464661,12.2488,1204.8390,55.1489,0.05801982,-0.04337901,0.247545,0.00000000,0.00000000,0.00000000,0.00000000,0.03684584,0.04848137,-0.02617994,0.00000000,0.03684584,0.04848137,-0.02617994,0.00000000,can,840.8006,28.1859,-45.0899,16.45797022,44.11534950,1204.8390
1.370000,55.992511,-1.268213,-4.895839,85.021720,-4.051637,-5.726660,0.96859488,-0.23537803,0.07686878,-0.02263455,-1.47341083,0.01386940,-0.00811673,12.2449,1204.8961,55.9962,0.05779233,-0.04434237,0.249516,0.00000000,0.00000000,0.00000000,0.00000000,0.03684584,0.04848137,-0.02617994,0.00000000,0.03684584,0.04848137,-0.02617994,0.00000000,can,850.2805,29.2827,-45.6797,16.45797787,44.11534913,1204.8961
1.380000,56.846125,-1.308982,-4.953316,85.699874,-4.102079,-5.768627,0.96680917,-0.24259129,0.07705865,-0.02216869,-1.50533691,0.00559820,-0.03162325,12.2411,1204.9536,56.8504,0.05743319,-0.04509287,0.251502,0.00000000,0.00000000,0.00000000,0.00000000,0.03684584,0.04848137,-0.02617994,0.00000000,0.03684584,0.04848137,-0.02617994,0.00000000,can,840.2372,30.2701,-46.1763,16.45798559,44.11534874,1204.9536
1.390000,57.706482,-1.350254,-5.011211,86.371365,-4.152243,-5.810482,0.96492303,-0.24998549,0.07717322,-0.02179691,-1.54954464,-0.00460045,-0.05826438,12.2372,1205.0115,57.7113,0.05695906,-0.04562973,0.253468,0.00000000,0.00000000,0.00000000,0.00000000,0.03684584,0.04848137,-0.01551404,0.00000000,0.03684584,0.04848137,-0.01551404,0.00000000,can,840.0186,31.7067,-45.9966,16.45799336,44.11534836,1205.0115
1.400000,58.573579,-1.392028,-5.069530,87.049366,-4.202772,-5.853625,0.96292452,-0.25758916,0.07720683,-0.02152436,-1.59365567,-0.01406712,-0.08543525,12.2334,1205.0698,58.5790,0.05636112,-0.04592599,0.255454,0.00000000,0.00000000,0.00000000,0.00000000,0.03684584,0.04848137,-0.01551404,0.00000000,0.03684584,0.04848137,-0.01551404,0.00000000,can,849.4254,32.3824,-46.3145,16.45800119,44.11534797,1205.0698
1.410000,59.447469,-1.434312,-5.128284,87.728563,-4.254128,-5.897232,0.96080849,-0.26540007,0.07716142,-0.02135354,-1.63765011,-0.02268550,-0.11297797,12.2295,1205.1286,59.4535,0.05563371,-0.04597631,0.257443,0.00000000,0.00000000,0.00000000,0.00000000,0.03684584,0.04848137,-0.01551404,0.00000000,0.03684584,0.04848137,-0.01551404,0.00000000,can,849.0690,32.8913,-46.5261,16.45800909,44.11534757,1205.1286
1.420000,60.328150,-1.477114,-5.187475,88.407693,-4.306455,-5.940820,0.95856959,-0.27341565,0.07703965,-0.02128641,-1.68150833,-0.03034740,-0.14072357,12.2256,1205.1878,60.3348,0.05479102,-0.04577794,0.259433,0.00000000,0.00000000,0.00000000,0.00000000,0.03684584,0.04848137,-0.01551404,0.00000000,0.03684584,0.04848137,-0.01551404,0.00000000,can,848.8415,33.2138,-46.6390,16.45801705,44.11534717,1205.1878
1.430000,61.215622,-1.520445,-5.247100,89.086793,-4.360005,-5.984088,0.95620237,-0.28163305,0.07684484,-0.02132425,-1.72522060,-0.03695405,-0.16849384,12.2217,1205.2474,61.2229,0.05384764,-0.04532919,0.261422,0.00000000,0.00000000,0.00000000,0.00000000,0.03684584,0.04848137,-0.01551404,0.00000000,0.03684584,0.04848137,-0.01551404,0.00000000,can,848.5463,33.3402,-46.6598,16.45802506,44.11534676,1205.2474
1.440000,62.109912,-1.564321,-5.307158,89.772408,-4.415592,-6.027618,0.95370116,-0.29004929,0.07658102,-0.02146767,-1.76882018,-0.04241829,-0.19610129,12.2178,1205.3075,62.1178,0.05281548,-0.04462693,0.263432,0.00000000,0.00000000,0.00000000,0.00000000,0.03684584,0.04848137,-0.01551404,0.00000000,0.03684584,0.04848137,-0.01551404,0.00000000,can,857.9395,33.2563,-46.6039,16.45803314,44.11534635,1205.3075
1.450000,63.011044,-1.608760,-5.367645,90.452831,-4.472467,-6.069493,0.95106681,-0.29864116,0.07624720,-0.02171988,-1.80375501,-0.04844793,-0.22461140,12.2139,1205.3680,63.0196,0.05171841,-0.04367903,0.265426,0.00000000,0.00000000,0.00000000,0.00000000,0.03102808,0.04751174,-0.01551404,0.00000000,0.03102808,0.04751174,-0.01551404,0.00000000,can,848.0166,33.2733,-46.0534,16.45804129,44.11534594,1205.3680
1.460000,63.918995,-1.653777,-5.428546,91.138620,-4.531408,-6.110675,0.94830067,-0.30738575,0.07584299,-0.02208331,-1.83866421,-0.05320999,-0.25258810,12.2100,1205.4289,63.9282,0.05056465,-0.04247356,0.267436,0.00000000,0.00000000,0.00000000,0.00000000,0.03102808,0.04751174,-0.01551404,0.00000000,0.03102808,0.04751174,-0.01551404,0.00000000,can,857.4066,32.7526,-45.8548,16.45804949,44.11534552,1205.4289
1.470000,64.833817,-1.699396,-5.489853,91.825786,-4.592712,-6.150434,0.94539768,-0.31628023,0.07537418,-0.02255626,-1.87354425,-0.05665501,-0.27981421,12.2061,1205.4902,64.8438,0.04936429,-0.04101292,0.269451,0.00000000,0.00000000,0.00000000,0.00000000,0.03102808,0.04751174,-0.01551404,0.00000000,0.03102808,0.04751174,-0.01551404,0.00000000,can,857.1021,32.0045,-45.5918,16.45805775,44.11534509,1205.4902
1.480000,65.755511,-1.745640,-5.551549,92.511729,-4.656393,-6.188084,0.94235267,-0.32532148,0.07484711,-0.02313616,-1.90838576,-0.05875191,-0.30606872,12.2022,1205.5519,65.7662,0.04813767,-0.03930675,0.271462,0.00000000,0.00000000,0.00000000,0.00000000,0.03102808,0.04751174,-0.01551404,0.00000000,0.03102808,0.04751174,-0.01551404,0.00000000,can,847.0368,31.0256,-45.2762,16.45806608,44.11534466,1205.5519
1.490000,66.684026,-1.792530,-5.613604,93.191249,-4.722201,-6.222620,0.93916049,-0.33450615,0.07426863,-0.02381956,-1.94318723,-0.05948702,-0.33113274,12.1983,1205.6140,66.6954,0.04690657,-0.03736805,0.273454,0.00000000,0.00000000,0.00000000,0.00000000,0.03102808,0.04751174,-0.01551404,0.00000000,0.03102808,0.04751174,-0.01551404,0.00000000,can,846.8015,29.7983,-44.9263,16.45807447,44.11534422,1205.6140
1.500000,67.619362,-1.840096,-5.675996,93.877389,-4.791584,-6.255390,0.93581593,-0.34383068,0.07364604,-0.02460214,-1.97795130,-0.05886534,-0.35479449,12.1944,1205.6764,67.6315,0.04568329,-0.03520472,0.275467,0.00000000,0.00000000,0.00000000,0.00000000,0.03102808,0.04751174,-0.01551404,0.00000000,0.03102808,0.04751174,-0.01551404,0.00000000,can,856.1123,28.3297,-44.5645,16.45808292,44.11534377,1205.6764
1.510000,68.561548,-1.888370,-5.738699,94.559771,-4.863766,-6.284778,0.93233095,-0.35324368,0.07299902,-0.02547630,-1.99272831,-0.05280260,-0.37269892,12.1904,1205.7391,68.5745,0.04449187,-0.03283608,0.277468,0.00000000,0.00000000,0.00000000,0.00000000,0.03102808,0.04751174,-0.03005845,0.00000000,0.03102808,0.04751174,-0.03005845,0.00000000,can,855.8726,25.6952,-45.1594,16.45809143,44.11534332,1205.7391
1.520000,69.510584,-1.937391,-5.801684,95.247404,-4.940949,-6.311694,0.92871923,-0.36269509,0.07234739,-0.02643325,-2.00771762,-0.04560323,-0.38870239,12.1865,1205.8021,69.5244,0.04336143,-0.03030107,0.279486,0.00000000,0.00000000,0.00000000,0.00000000,0.03102808,0.04751174,-0.03005845,0.00000000,0.03102808,0.04751174,-0.03005845,0.00000000,can,855.5588,23.8492,-44.8258,16.45810001,44.11534286,1205.8021
1.530000,70.466497,-1.987201,-5.864922,95.935149,-5.021690,-6.335193,0.92497821,-0.37218304,0.07169888,-0.02746558,-2.02291800,-0.03737395,-0.40264363,12.1826,1205.8653,70.4811,0.04234134,-0.02763028,0.281505,0.00000000,0.00000000,0.00000000,0.00000000,0.03102808,0.04751174,-0.03005845,0.00000000,0.03102808,0.04751174,-0.03005845,0.00000000,can,855.2431,21.8253,-44.5635,16.45810864,44.11534239,1205.8653
1.540000,71.429287,-2.037837,-5.928376,96.622983,-5.106162,-6.355090,0.92110542,-0.38170559,0.07106115,-0.02856512,-2.03833054,-0.02823630,-0.41437844,12.1787,1205.9288,71.4448,0.04144388,-0.02484716,0.283524,0.00000000,0.00000000,0.00000000,0.00000000,0.03102808,0.04751174,-0.03005845,0.00000000,0.03102808,0.04751174,-0.03005845,0.00000000,can,854.9256,19.6390,-44.3875,16.45811734,44.11534192,1205.9288
1.550000,72.398983,-2.089340,-5.992014,97.316117,-5.195087,-6.371810,0.91709845,-0.39126071,0.07044170,-0.02972298,-2.05395372,-0.01832724,-0.42378107,12.1747,1205.9924,72.4154,0.04067731,-0.02197534,0.285559,0.00000000,0.00000000,0.00000000,0.00000000,0.03102808,0.04751174,-0.03005845,0.00000000,0.03102808,0.04751174,-0.03005845,0.00000000,can,854.6038,17.3090,-44.3149,16.45812610,44.11534144,1205.9924
1.560000,73.375584,-2.141749,-6.055796,98.005387,-5.287630,-6.384187,0.91295504,-0.40084628,0.06984775,-0.03092964,-2.06978822,-0.00779572,-0.43074747,12.1708,1206.0562,73.3929,0.04005421,-0.01904313,0.287583,0.00000000,0.00000000,0.00000000,0.00000000,0.03102808,0.04751174,-0.03005845,0.00000000,0.03102808,0.04751174,-0.03005845,0.00000000,can,863.9689,14.8457,-44.3573,16.45813493,44.11534095,1206.0562
1.570000,74.359116,-2.195109,-6.119687,98.699851,-5.384916,-6.393091,0.90865327,-0.41050207,0.06930004,-0.03216812,-2.10463326,0.00716549,-0.43187025,12.1668,1206.1201,74.3774,0.03957732,-0.01607574,0.289622,0.00000000,0.00000000,0.00000000,0.00000000,0.04266360,0.04848137,-0.03005845,0.00000000,0.04266360,0.04848137,-0.03005845,0.00000000,can,853.9560,11.5092,-45.4343,16.45814381,44.11534045,1206.1201
1.580000,75.349554,-2.249464,-6.183642,99.388954,-5.486867,-6.397356,0.90416995,-0.42026618,0.06881911,-0.03342100,-2.13943786,0.02243307,-0.43034928,12.1629,1206.1841,75.3688,0.03926600,-0.01312956,0.291647,0.00000000,0.00000000,0.00000000,0.00000000,0.04266360,0.04848137,-0.03005845,0.00000000,0.04266360,0.04848137,-0.03005845,0.00000000,can,863.3901,8.8873,-45.7526,16.45815276,44.11533994,1206.1841
1.590000,76.346921,-2.304864,-6.247623,100.083197,-5.593796,-6.398013,0.89950107,-0.43013396,0.06841110,-0.03467730,-2.17420294,0.03779414,-0.42618464,12.1589,1206.2481,76.3672,0.03914378,-0.01024545,0.293688,0.00000000,0.00000000,0.00000000,0.00000000,0.04266360,0.04848137,-0.03005845,0.00000000,0.04266360,0.04848137,-0.03005845,0.00000000,can,853.3010,6.2704,-46.2469,16.45816177,44.11533942,1206.2481
1.600000,77.351217,-2.361355,-6.311588,100.777230,-5.705172,-6.394550,0.89464276,-0.44010067,0.06808140,-0.03592579,-2.20892843,0.05303020,-0.41940738,12.1550,1206.3121,77.3725,0.03921203,-0.00745327,0.295728,0.00000000,0.00000000,0.00000000,0.00000000,0.04266360,0.04848137,-0.03005845,0.00000000,0.04266360,0.04848137,-0.03005845,0.00000000,can,862.6546,3.6561,-46.9345,16.45817084,44.11533889,1206.3121
1.610000,78.362439,-2.418980,-6.375498,101.467162,-5.820567,-6.386681,0.88959125,-0.45016150,0.06783454,-0.03715506,-2.24361328,0.06792044,-0.41008068,12.1510,1206.3760,78.3849,0.03946862,-0.00478177,0.297757,0.00000000,0.00000000,0.00000000,0.00000000,0.04266360,0.04848137,-0.03005845,0.00000000,0.04266360,0.04848137,-0.03005845,0.00000000,can,862.3979,1.0995,-47.8084,16.45817998,44.11533835,1206.3760
1.620000,79.380585,-2.477784,-6.439311,102.162040,-5.941160,-6.375330,0.88434293,-0.46031161,0.06767414,-0.03835368,-2.27825811,0.08224718,-0.39829852,12.1471,1206.4398,79.4041,0.03990345,-0.00225827,0.299801,0.00000000,0.00000000,0.00000000,0.00000000,0.04266360,0.04848137,-0.03005845,0.00000000,0.04266360,0.04848137,-0.03005845,0.00000000,can,862.0624,-1.3752,-48.8786,16.45818918,44.11533780,1206.4398
1.630000,80.405679,-2.537818,-6.502992,102.856632,-6.066323,-6.360137,0.87892913,-0.47047852,0.06762094,-0.03950887,-2.28292097,0.10198335,-0.37795076,12.1431,1206.5035,80.4304,0.04050917,0.00009042,0.301846,0.00000000,0.00000000,0.00000000,0.00000000,0.04266360,0.04848137,-0.04848137,0.00000000,0.04266360,0.04848137,-0.04848137,0.00000000,can,861.7252,-5.2173,-51.5992,16.45819844,44.11533724,1206.5035
1.640000,81.437716,-2.599134,-6.566500,103.550651,-6.197711,-6.340923,0.87338380,-0.48059258,0.06769434,-0.04060771,-2.28796039,0.12049241,-0.35535260,12.1391,1206.5670,81.4637,0.04129263,0.00220279,0.303889,0.00000000,0.00000000,0.00000000,0.00000000,0.04266360,0.04848137,-0.04848137,0.00000000,0.04266360,0.04848137,-0.04848137,0.00000000,can,861.3864,-7.3984,-53.0808,16.45820776,44.11533667,1206.5670
1.650000,82.476691,-2.661787,-6.629799,104.244225,-6.333644,-6.318269,0.86770729,-0.49065327,0.06789419,-0.04163892,-2.29336975,0.13754008,-0.33075208,12.1352,1206.6303,82.5039,0.04227754,0.00404210,0.305933,0.00000000,0.00000000,0.00000000,0.00000000,0.04266360,0.04848137,-0.04848137,0.00000000,0.04266360,0.04848137,-0.04848137,0.00000000,can,861.0459,-9.3490,-54.8033,16.45821715,44.11533608,1206.6303
1.660000,83.522599,-2.725822,-6.692855,104.937335,-6.474110,-6.292503,0.86189998,-0.50066008,0.06821901,-0.04259187,-2.29914310,0.15291385,-0.30442843,12.1312,1206.6934,83.5512,0.04344112,0.00558718,0.307976,0.00000000,0.00000000,0.00000000,0.00000000,0.04266360,0.04848137,-0.04848137,0.00000000,0.04266360,0.04848137,-0.04848137,0.00000000,can,860.7038,-11.0361,-56.7519,16.45822660,44.11533548,1206.6934
1.670000,84.575435,-2.791285,-6.755639,105.629840,-6.619061,-6.263961,0.85596218,-0.51061262,0.06866594,-0.04345661,-2.30527509,0.16642670,-0.27668930,12.1272,1206.7562,84.6054,0.04475830,0.00682030,0.310019,0.00000000,0.00000000,0.00000000,0.00000000,0.04266360,0.04848137,-0.04848137,0.00000000,0.04266360,0.04848137,-0.04848137,0.00000000,can,860.3601,-12.4290,-58.9083,16.45823611,44.11533487,1206.7562
1.680000,85.635194,-2.858218,-6.818126,106.323087,-6.768647,-6.233105,0.84989417,-0.52051055,0.06923080,-0.04422409,-2.31176285,0.17792192,-0.24786616,12.1233,1206.8187,85.6666,0.04620133,0.00772735,0.312064,0.00000000,0.00000000,0.00000000,0.00000000,0.04266360,0.04848137,-0.04848137,0.00000000,0.04266360,0.04848137,-0.04848137,0.00000000,can,869.6954,-13.5082,-61.2544,16.45824569,44.11533424,1206.8187
1.690000,86.701895,-2.926672,-6.880295,107.015644,-6.922597,-6.200205,0.84369611,-0.53035361,0.06990810,-0.04488622,-2.31860173,0.18727327,-0.21831270,12.1193,1206.8809,86.7348,0.04774205,0.00829853,0.314110,0.00000000,0.00000000,0.00000000,0.00000000,0.04266360,0.04848137,-0.04848137,0.00000000,0.04266360,0.04848137,-0.04848137,0.00000000,can,859.7453,-14.2256,-63.7545,16.45825532,44.11533360,1206.8809
1.700000,87.775531,-2.996689,-6.942127,107.712754,-7.081629,-6.166015,0.83736811,-0.54014162,0.07069114,-0.04543605,-2.32578931,0.19439046,-0.18839798,12.1153,1206.9427,87.8100,0.04934804,0.00852758,0.316170,0.00000000,0.00000000,0.00000000,0.00000000,0.04266360,0.04848137,-0.04848137,0.00000000,0.04266360,0.04848137,-0.04848137,0.00000000,hold,868.9952,-14.5933,-66.3966,16.45826502,44.11533294,1206.9427
1.710000,88.856121,-3.068315,-7.003609,108.403869,-7.244043,-6.130173,0.83105079,-0.54966987,0.07152292,-0.04584852,-2.23431614,0.17830064,-0.15445734,12.1113,1207.0042,88.8922,0.05099342,0.00841405,0.318213,0.00000000,0.00000000,0.00000000,0.00000000,0.02133180,0.01551404,-0.04848137,0.00000000,0.02133180,0.01551404,-0.04848137,0.00000000,can,858.9643,-15.6064,-64.3503,16.45827479,44.11533227,1207.0042
1.720000,89.943609,-3.141567,-7.064715,109.094957,-7.407265,-6.091083,0.82489109,-0.55874469,0.07234485,-0.04610083,-2.14479010,0.15976081,-0.12151934,12.1073,1207.0654,89.9813,0.05257270,0.00795815,0.320257,0.00000000,0.00000000,0.00000000,0.00000000,0.02133180,0.01551404,-0.04848137,0.00000000,0.02133180,0.01551404,-0.04848137,0.00000000,can,868.3715,-15.1993,-67.0606,16.45828461,44.11533159,1207.0654
1.730000,91.038044,-3.216476,-7.125431,109.791915,-7.575085,-6.051955,0.81889755,-0.56738224,0.07314724,-0.04619172,-2.05720116,0.13908766,-0.08990588,12.1033,1207.1261,91.0775,0.05391008,0.00718928,0.322319,0.00000000,0.00000000,0.00000000,0.00000000,0.02133180,0.01551404,-0.04848137,0.00000000,0.02133180,0.01551404,-0.04848137,0.00000000,can,868.0143,-14.4112,-69.5539,16.45829450,44.11533089,1207.1261
1.740000,92.139419,-3.293075,-7.185752,110.482967,-7.745137,-6.012291,0.81307748,-0.57559838,0.07392084,-0.04612186,-1.97154058,0.11662846,-0.05991354,12.0994,1207.1864,92.1807,0.05498789,0.00613218,0.324366,0.00000000,0.00000000,0.00000000,0.00000000,0.02133180,0.01551404,-0.04848137,0.00000000,0.02133180,0.01551404,-0.04848137,0.00000000,can,867.5772,-13.2624,-71.7860,16.45830445,44.11533017,1207.1864
1.750000,93.247701,-3.371387,-7.245677,111.173442,-7.917753,-5.972763,0.80742078,-0.58343195,0.07465025,-0.04589308,-1.89900232,0.09042893,-0.03412628,12.0954,1207.2464,93.2909,0.05578493,0.00481253,0.326412,0.00000000,0.00000000,0.00000000,0.00000000,0.02133180,0.01551404,-0.04266360,0.00000000,0.02133180,0.01551404,-0.04266360,0.00000000,can,867.3007,-11.2222,-73.1863,16.45831446,44.11532943,1207.2464
1.760000,94.362913,-3.451438,-7.305212,111.868750,-8.092712,-5.934306,0.80191581,-0.59092025,0.07532072,-0.04550909,-1.82815981,0.06325597,-0.01048229,12.0914,1207.3059,94.4080,0.05627763,0.00327060,0.328473,0.00000000,0.00000000,0.00000000,0.00000000,0.02133180,0.01551404,-0.04266360,0.00000000,0.02133180,0.01551404,-0.04266360,0.00000000,can,866.9387,-9.4278,-74.7985,16.45832454,44.11532869,1207.3059
1.770000,95.485075,-3.533247,-7.364365,112.563651,-8.269189,-5.896533,0.79656599,-0.59807619,0.07592521,-0.04497625,-1.75899866,0.03553049,0.01083350,12.0873,1207.3651,95.5322,0.05644528,0.00154080,0.330534,0.00000000,0.00000000,0.00000000,0.00000000,0.02133180,0.01551404,-0.04266360,0.00000000,0.02133180,0.01551404,-0.04266360,0.00000000,can,866.6577,-7.3611,-76.0369,16.45833468,44.11532792,1207.3651
1.780000,96.614185,-3.616825,-7.423146,113.258226,-8.446628,-5.859667,0.79137387,-0.60491231,0.07645769,-0.04430264,-1.69150072,0.00768164,0.02967207,12.0833,1207.4239,96.6635,0.05628520,-0.00034604,0.332595,0.00000000,0.00000000,0.00000000,0.00000000,0.02133180,0.01551404,-0.04266360,0.00000000,0.02133180,0.01551404,-0.04266360,0.00000000,can,866.2101,-5.0513,-76.8819,16.45834488,44.11532714,1207.4239
1.790000,97.750266,-3.702185,-7.481564,113.956700,-8.625165,-5.824195,0.78634121,-0.61144073,0.07691327,-0.04349803,-1.62564822,-0.01985955,0.04591942,12.0793,1207.4823,97.8017,0.05579770,-0.00235853,0.334668,0.00000000,0.00000000,0.00000000,0.00000000,0.02133180,0.01551404,-0.04266360,0.00000000,0.02133180,0.01551404,-0.04266360,0.00000000,can,856.3318,-2.5230,-77.3203,16.45835514,44.11532634,1207.4823
1.800000,98.893318,-3.789328,-7.539634,114.657586,-8.803995,-5.790199,0.78146905,-0.61767316,0.07728823,-0.04257370,-1.56141622,-0.04666590,0.05949922,12.0752,1207.5404,98.9470,0.05499100,-0.00446510,0.336749,0.00000000,0.00000000,0.00000000,0.00000000,0.02133180,0.01551404,-0.04266360,0.00000000,0.02133180,0.01551404,-0.04266360,0.00000000,can,884.9042,0.1510,-77.3594,16.45836547,44.11532552,1207.5404
1.810000,100.043417,-3.878263,-7.597373,115.359623,-8.982369,-5.757752,0.77690060,-0.62344918,0.07753814,-0.04152608,-1.40992071,-0.09096460,0.07276102,12.0712,1207.5982,100.0995,0.05387788,-0.00663463,0.338834,0.00000000,0.00000000,0.00000000,0.00000000,0.00290888,-0.00872665,-0.04266360,0.00000000,0.00290888,-0.00872665,-0.04266360,0.00000000,can,865.0948,2.4120,-72.6882,16.45837586,44.11532469,1207.5982
1.820000,101.200514,-3.968955,-7.654788,116.061024,-9.156018,-5.725572,0.77277942,-0.62861643,0.07762089,-0.04035283,-1.26179446,-0.13359728,0.08319093,12.0671,1207.6556,101.2590,0.05241739,-0.00882928,0.340915,0.00000000,0.00000000,0.00000000,0.00000000,0.00290888,-0.00872665,-0.04266360,0.00000000,0.00290888,-0.00872665,-0.04266360,0.00000000,can,874.4789,5.3395,-71.8129,16.45838631,44.11532384,1207.6556
1.830000,102.364638,-4.061376,-7.711890,116.763967,-9.327914,-5.695241,0.76910515,-0.63319713,0.07753888,-0.03906913,-1.11700080,-0.17397003,0.09093113,12.0631,1207.7127,102.4257,0.05051475,-0.01100375,0.343001,0.00000000,0.00000000,0.00000000,0.00000000,0.00290888,-0.00872665,-0.04266360,0.00000000,0.00290888,-0.00872665,-0.04266360,0.00000000,can,874.0158,8.3136,-70.3069,16.45839683,44.11532297,1207.7127
1.840000,103.535794,-4.155504,-7.768699,117.467232,-9.497048,-5.666729,0.76587558,-0.63721202,0.07729684,-0.03769131,-0.97549810,-0.21153133,0.09614450,12.0590,1207.7695,103.5994,0.04820477,-0.01313226,0.345088,0.00000000,0.00000000,0.00000000,0.00000000,0.00290888,-0.00872665,-0.04266360,0.00000000,0.00290888,-0.00872665,-0.04266360,0.00000000,can,873.7215,11.2915,-68.1944,16.45840741,44.11532209,1207.7695
1.850000,104.713984,-4.251306,-7.825231,118.170958,-9.662673,-5.640076,0.76308695,-0.64068038,0.07690163,-0.03623667,-0.83723977,-0.24577834,0.09900837,12.0550,1207.8261,104.7803,0.04552664,-0.01519294,0.347175,0.00000000,0.00000000,0.00000000,0.00000000,0.00290888,-0.00872665,-0.04266360,0.00000000,0.00290888,-0.00872665,-0.04266360,0.00000000,can,873.3401,14.2426,-65.5062,16.45841806,44.11532120,1207.8261
1.860000,105.899215,-4.348743,-7.881507,118.875248,-9.824084,-5.615295,0.76073404,-0.64362009,0.07636219,-0.03472335,-0.70217433,-0.27626260,0.09970852,12.0509,1207.8824,105.9683,0.04252396,-0.01716774,0.349264,0.00000000,0.00000000,0.00000000,0.00000000,0.00290888,-0.00872665,-0.04266360,0.00000000,0.00290888,-0.00872665,-0.04266360,0.00000000,can,872.9571,17.1398,-62.2813,16.45842877,44.11532028,1207.8824
1.870000,107.091492,-4.447771,-7.937543,119.580201,-9.980633,-5.592376,0.75881042,-0.64604769,0.07568930,-0.03317013,-0.57024533,-0.30259511,0.09843383,12.0469,1207.9384,107.1634,0.03924396,-0.01904222,0.351353,0.00000000,0.00000000,0.00000000,0.00000000,0.00290888,-0.00872665,-0.04266360,0.00000000,0.00290888,-0.00872665,-0.04266360,0.00000000,can,872.5722,19.9599,-58.5669,16.45843954,44.11531936,1207.9384
1.880000,108.290821,-4.548338,-7.993360,120.285897,-10.131735,-5.571284,0.75730856,-0.64797848,0.07489539,-0.03159628,-0.44139148,-0.32445621,0.09537157,12.0428,1207.9943,108.3657,0.03573685,-0.02080525,0.353442,0.00000000,0.00000000,0.00000000,0.00000000,0.00290888,-0.00872665,-0.04266360,0.00000000,0.00290888,-0.00872665,-0.04266360,0.00000000,hold,872.1857,22.6832,-54.4170,16.45845037,44.11531842,1207.9943
1.890000,109.497212,-4.650386,-8.048975,120.992407,-10.276903,-5.551962,0.75615944,-0.64950017,0.07396935,-0.03001620,-0.35326081,-0.34957995,0.08281493,12.0388,1208.0499,109.5750,0.03205482,-0.02244868,0.355533,0.00000000,0.00000000,0.00000000,0.00000000,0.00290888,-0.00872665,-0.02617994,0.00000000,0.00290888,-0.00872665,-0.02617994,0.00000000,can,871.8855,27.1579,-48.1488,16.45846127,44.11531746,1208.0499
1.900000,110.710673,-4.753846,-8.104412,121.701248,-10.414213,-5.535701,0.75529468,-0.65069679,0.07290076,-0.02844495,-0.26721148,-0.36974360,0.06874798,12.0347,1208.1054,110.7916,0.02821908,-0.02392059,0.357628,0.00000000,0.00000000,0.00000000,0.00000000,0.00290888,-0.00872665,-0.02617994,0.00000000,0.00290888,-0.00872665,-0.02617994,0.00000000,can,881.1662,29.5688,-43.3884,16.45847224,44.11531649,1208.1054
1.910000,111.931267,-4.858651,-8.159696,122.417639,-10.545705,-5.521337,0.75470685,-0.65157666,0.07170540,-0.02690289,-0.18317642,-0.38472464,0.05343392,12.0306,1208.1607,112.0153,0.02422677,-0.02519363,0.359743,0.00000000,0.00000000,0.00000000,0.00000000,0.00290888,-0.00872665,-0.02617994,0.00000000,0.00290888,-0.00872665,-0.02617994,0.00000000,can,880.7701,31.7505,-38.2656,16.45848326,44.11531551,1208.1607
1.920000,113.159029,-4.964736,-8.214842,123.134966,-10.670019,-5.508081,0.75438840,-0.65214742,0.07040046,-0.02541007,-0.10109197,-0.39437183,0.03713261,12.0265,1208.2159,113.2463,0.02013566,-0.02626519,0.361858,0.00000000,0.00000000,0.00000000,0.00000000,0.00290888,-0.00872665,-0.02617994,0.00000000,0.00290888,-0.00872665,-0.02617994,0.00000000,can,880.3723,33.6786,-32.8514,16.45849436,44.11531452,1208.2159
1.930000,114.393969,-5.072027,-8.269860,123.851944,-10.786688,-5.495515,0.75444420,-0.65229006,0.06896772,-0.02398072,0.04647040,-0.41290964,0.01684976,12.0224,1208.2709,114.4845,0.01600246,-0.02713458,0.363971,0.00000000,0.00000000,0.00000000,0.00000000,-0.01454441,-0.01939255,-0.02617994,0.00000000,-0.01454441,-0.01939255,-0.02617994,0.00000000,can,870.3940,36.1559,-23.9412,16.45850551,44.11531351,1208.2709
1.940000,115.636073,-5.180430,-8.324755,124.570237,-10.892887,-5.483661,0.75497535,-0.65188854,0.06739111,-0.02262696,0.19062735,-0.42594833,-0.00359446,12.0183,1208.3258,115.7300,0.01184302,-0.02777692,0.366083,0.00000000,0.00000000,0.00000000,0.00000000,-0.01454441,-0.01939255,-0.02617994,0.00000000,-0.01454441,-0.01939255,-0.02617994,0.00000000,can,879.5732,37.4999,-18.1186,16.45851674,44.11531250,1208.3258
1.950000,116.885377,-5.289858,-8.379533,125.290834,-10.991264,-5.471900,0.75596790,-0.65095356,0.06569277,-0.02136465,0.33146961,-0.43342635,-0.02390276,12.0142,1208.3806,116.9827,0.00763066,-0.02818662,0.368200,0.00000000,0.00000000,0.00000000,0.00000000,-0.01454441,-0.01939255,-0.02617994,0.00000000,-0.01454441,-0.01939255,-0.02617994,0.00000000,can,879.1705,38.5220,-12.0536,16.45852802,44.11531147,1208.3806
1.960000,118.141920,-5.400231,-8.434193,126.017748,-11.082041,-5.460058,0.75740727,-0.64949454,0.06389579,-0.02020869,0.46908181,-0.43535613,-0.04381525,12.0101,1208.4353,118.2427,0.00342254,-0.02837858,0.370332,0.00000000,0.00000000,0.00000000,0.00000000,-0.01454441,-0.01939255,-0.02617994,0.00000000,-0.01454441,-0.01939255,-0.02617994,0.00000000,can,878.7632,39.2283,-5.8312,16.45853937,44.11531044,1208.4353
1.970000,119.405709,-5.511468,-8.488729,126.740354,-11.163786,-5.446915,0.75927830,-0.64751983,0.06202373,-0.01917290,0.60354132,-0.43184204,-0.06311156,12.0060,1208.4899,119.5101,-0.00072518,-0.02837290,0.372449,0.00000000,0.00000000,0.00000000,0.00000000,-0.01454441,-0.01939255,-0.02617994,0.00000000,-0.01454441,-0.01939255,-0.02617994,0.00000000,can,878.3574,39.6324,0.4669,16.45855079,44.11530940,1208.4899
1.980000,120.676730,-5.623479,-8.543127,127.463945,-11.237114,-5.432402,0.76156534,-0.64503675,0.06010026,-0.01826982,0.73493530,-0.42304971,-0.08161133,12.0019,1208.5443,120.7847,-0.00475929,-0.02818747,0.374565,0.00000000,0.00000000,0.00000000,0.00000000,-0.01454441,-0.01939255,-0.02617994,0.00000000,-0.01454441,-0.01939255,-0.02617994,0.00000000,can,877.9500,39.7558,6.7601,16.45856228,44.11530835,1208.5443
1.990000,121.955018,-5.736185,-8.597373,128.193813,-11.302689,-5.416446,0.76425239,-0.64205169,0.05814885,-0.01751071,0.86333977,-0.40920067,-0.09917256,11.9978,1208.5985,122.0666,-0.00862899,-0.02784086,0.376697,0.00000000,0.00000000,0.00000000,0.00000000,-0.01454441,-0.01939255,-0.02617994,0.00000000,-0.01454441,-0.01939255,-0.02617994,0.00000000,hold,877.5381,39.6222,12.9584,16.45857383,44.11530729,1208.5985
2.000000,123.240583,-5.849503,-8.651447,128.919272,-11.359556,-5.397900,0.76732304,-0.63857026,0.05619239,-0.01690543,0.98882573,-0.39058154,-0.11569052,11.9937,1208.6526,123.3558,-0.01228748,-0.02735498,0.378812,0.00000000,0.00000000,0.00000000,0.00000000,-0.01454441,-0.01939255,-0.02617994,0.00000000,-0.01454441,-0.01939255,-0.02617994,0.00000000,hold,877.2211,39.2515,18.9774,16.45858544,44.11530623,1208.6526
2.010000,124.533433,-5.963353,-8.705324,129.650912,-11.409145,-5.377082,0.77070828,-0.63466288,0.05422967,-0.01645978,1.07820400,-0.37461949,-0.13802933,11.9896,1208.7065,124.6524,-0.01569032,-0.02674675,0.380943,0.00000000,0.00000000,0.00000000,0.00000000,-0.01454441,-0.01939255,-0.01357478,0.00000000,-0.01454441,-0.01939255,-0.01357478,0.00000000,can,876.7130,40.3184,26.3532,16.45859712,44.11530517,1208.7065
2.020000,125.833577,-6.077650,-8.758982,130.379461,-11.449350,-5.354087,0.77434183,-0.63039833,0.05225837,-0.01617848,1.16560878,-0.35458981,-0.15913724,11.9854,1208.7602,125.9563,-0.01882854,-0.02598837,0.383062,0.00000000,0.00000000,0.00000000,0.00000000,-0.01454441,-0.01939255,-0.01357478,0.00000000,-0.01454441,-0.01939255,-0.01357478,0.00000000,can,885.9644,39.4588,31.8167,16.45860887,44.11530410,1208.7602
2.030000,127.141051,-6.192319,-8.812396,131.115366,-11.483201,-5.327990,0.77821121,-0.62577888,0.05029859,-0.01606733,1.25107978,-0.33083914,-0.17885838,11.9813,1208.8137,127.2675,-0.02171535,-0.02506817,0.385199,0.00000000,0.00000000,0.00000000,0.00000000,-0.01454441,-0.01939255,-0.01357478,0.00000000,-0.01454441,-0.01939255,-0.01357478,0.00000000,can,885.5448,38.3169,37.0050,16.45862068,44.11530302,1208.8137
2.040000,128.455861,-6.307290,-8.865527,131.846673,-11.510085,-5.297602,0.78230389,-0.62080659,0.04836955,-0.01613017,1.33465546,-0.30376184,-0.19705974,11.9772,1208.8668,128.5861,-0.02432080,-0.02400551,0.387321,0.00000000,0.00000000,0.00000000,0.00000000,-0.01454441,-0.01939255,-0.01357478,0.00000000,-0.01454441,-0.01939255,-0.01357478,0.00000000,can,885.2219,36.9008,41.8444,16.45863256,44.11530195,1208.8668
2.050000,129.778013,-6.422503,-8.918335,132.583891,-11.531564,-5.263136,0.78640929,-0.61573124,0.04654763,-0.01639477,1.29024358,-0.24687939,-0.21340601,11.9731,1208.9197,129.9121,-0.02661569,-0.02281552,0.389457,0.00000000,0.00000000,0.00000000,0.00000000,0.00872665,0.00290888,-0.01357478,0.00000000,0.00872665,0.00290888,-0.01357478,0.00000000,can,884.6930,35.1023,40.1572,16.45864450,44.11530087,1208.9197
2.060000,131.107538,-6.537929,-8.970779,133.321206,-11.552886,-5.225016,0.79033047,-0.61079933,0.04490736,-0.01688959,1.24725192,-0.18756570,-0.22858479,11.9689,1208.9721,131.2454,-0.02849640,-0.02150048,0.391593,0.00000000,0.00000000,0.00000000,0.00000000,0.00872665,0.00290888,-0.01357478,0.00000000,0.00872665,0.00290888,-0.01357478,0.00000000,can,884.3213,33.1792,43.9962,16.45865652,44.11529979,1208.9721
2.070000,132.444438,-6.653548,-9.022819,134.058954,-11.570255,-5.182051,0.79407527,-0.60600759,0.04346235,-0.01761521,1.20565518,-0.12668349,-0.24233265,11.9648,1209.0242,132.5862,-0.02978689,-0.02005192,0.393729,0.00000000,0.00000000,0.00000000,0.00000000,0.00872665,0.00290888,-0.01357478,0.00000000,0.00872665,0.00290888,-0.01357478,0.00000000,can,883.8517,30.9758,46.9033,16.45866859,44.11529870,1209.0242
2.080000,133.788718,-6.769326,-9.074404,134.797024,-11.585050,-5.134161,0.79765128,-0.60135251,0.04222348,-0.01856829,1.16542704,-0.06512565,-0.25438487,11.9606,1209.0758,133.9343,-0.03047717,-0.01847674,0.395865,0.00000000,0.00000000,0.00000000,0.00000000,0.00872665,0.00290888,-0.01357478,0.00000000,0.00872665,0.00290888,-0.01357478,0.00000000,can,883.4767,28.4966,48.8252,16.45868074,44.11529762,1209.0758
2.090000,135.140406,-6.885247,-9.125487,135.540649,-11.599126,-5.081586,0.80106584,-0.59683034,0.04119875,-0.01974155,1.12653484,-0.00380561,-0.26448167,11.9565,1209.1269,135.2899,-0.03056479,-0.01678441,0.398016,0.00000000,0.00000000,0.00000000,0.00000000,0.00872665,0.00290888,-0.01357478,0.00000000,0.00872665,0.00290888,-0.01357478,0.00000000,can,882.9018,25.7541,49.7249,16.45869295,44.11529654,1209.1269
2.100000,136.499505,-7.001307,-9.176018,136.279034,-11.613055,-5.023910,0.80432603,-0.59243718,0.04039310,-0.02112389,1.08894083,0.05636774,-0.27237792,11.9524,1209.1775,136.6529,-0.03005973,-0.01498963,0.400152,0.00000000,0.00000000,0.00000000,0.00000000,0.00872665,0.00290888,-0.01357478,0.00000000,0.00872665,0.00290888,-0.01357478,0.00000000,can,882.4249,22.7638,49.5747,16.45870523,44.11529545,1209.1775
2.110000,137.865987,-7.117514,-9.225949,137.017398,-11.628705,-4.961526,0.80743865,-0.58816904,0.03980839,-0.02270048,1.05261183,0.11449490,-0.27784618,11.9482,1209.2275,138.0233,-0.02897712,-0.01310824,0.402288,0.00000000,0.00000000,0.00000000,0.00000000,0.00872665,0.00290888,-0.01357478,0.00000000,0.00872665,0.00290888,-0.01357478,0.00000000,can,882.0438,19.5534,48.3750,16.45871758,44.11529436,1209.2275
2.120000,139.239879,-7.233894,-9.275235,137.762312,-11.648042,-4.894910,0.81041027,-0.58402181,0.03944331,-0.02445295,1.01751789,0.16968980,-0.28068266,11.9440,1209.2768,139.4011,-0.02734049,-0.01115911,0.404443,0.00000000,0.00000000,0.00000000,0.00000000,0.00872665,0.00290888,-0.01357478,0.00000000,0.00872665,0.00290888,-0.01357478,0.00000000,hold,891.1196,16.1435,46.1252,16.45872999,44.11529327,1209.2768
2.130000,140.621205,-7.350488,-9.323833,138.501573,-11.671414,-4.823899,0.81326857,-0.57996092,0.03930317,-0.02635947,0.99830068,0.22422152,-0.27769235,11.9399,1209.3254,140.7863,-0.02518549,-0.00916536,0.406584,0.00000000,0.00000000,0.00000000,0.00000000,0.00872665,0.00290888,-0.01842292,0.00000000,0.00872665,0.00290888,-0.01842292,0.00000000,can,881.0728,11.8656,42.1411,16.45874247,44.11529218,1209.3254
2.140000,142.009935,-7.467348,-9.371699,139.244328,-11.701672,-4.748819,0.81603969,-0.57595259,0.03938972,-0.02839532,0.97983999,0.27412107,-0.27189292,11.9357,1209.3733,142.1790,-0.02253954,-0.00717203,0.408737,0.00000000,0.00000000,0.00000000,0.00000000,0.00872665,0.00290888,-0.01842292,0.00000000,0.00872665,0.00290888,-0.01842292,0.00000000,can,880.4828,8.2379,37.8643,16.45875501,44.11529109,1209.3733
2.150000,143.406090,-7.584544,-9.418798,139.986506,-11.738943,-4.670428,0.81872780,-0.57199397,0.03969131,-0.03053346,0.96211662,0.31860464,-0.26325822,11.9316,1209.4204,143.5791,-0.01943209,-0.00521630,0.410891,0.00000000,0.00000000,0.00000000,0.00000000,0.00872665,0.00290888,-0.01842292,0.00000000,0.00872665,0.00290888,-0.01842292,0.00000000,can,880.0897,4.6087,32.6013,16.45876763,44.11528999,1209.4204
2.160000,144.809637,-7.702151,-9.465098,140.723979,-11.783971,-4.589175,0.82133712,-0.56808242,0.04019298,-0.03274484,0.94511173,0.35697557,-0.25180315,11.9274,1209.4668,144.9867,-0.01592031,-0.00332288,0.413033,0.00000000,0.00000000,0.00000000,0.00000000,0.00872665,0.00290888,-0.01842292,0.00000000,0.00872665,0.00290888,-0.01842292,0.00000000,can,889.1549,1.0200,26.4234,16.45878031,44.11528889,1209.4668
2.170000,146.220593,-7.820257,-9.510575,141.465870,-11.838607,-4.505962,0.82388260,-0.56420083,0.04090449,-0.03495293,0.93492300,0.38741441,-0.21584828,11.9232,1209.5123,146.4016,-0.01206605,-0.00151648,0.415191,0.00000000,0.00000000,0.00000000,0.00000000,0.02424068,-0.01454441,-0.01842292,0.00000000,0.02424068,-0.01454441,-0.01842292,0.00000000,can,879.0979,-7.6309,19.7327,16.45879306,44.11528778,1209.5123
2.180000,147.638924,-7.938960,-9.555191,142.202718,-11.904043,-4.417134,0.82637897,-0.56033278,0.04183242,-0.03708127,0.92523544,0.41084412,-0.17766279,11.9191,1209.5569,147.8240,-0.00794260,0.00003912,0.417338,0.00000000,0.00000000,0.00000000,0.00000000,0.02424068,-0.01454441,-0.01842292,0.00000000,0.02424068,-0.01454441,-0.01842292,0.00000000,can,897.8130,-10.6815,12.0285,16.45880587,44.11528667,1209.5569
2.190000,149.064670,-8.058375,-9.598918,142.945058,-11.980545,-4.328252,0.82883019,-0.55647711,0.04295214,-0.03910057,0.91603739,0.42690079,-0.13777211,11.9149,1209.6007,149.2539,-0.00362661,0.00124673,0.419505,0.00000000,0.00000000,0.00000000,0.00000000,0.02424068,-0.01454441,-0.01842292,0.00000000,0.02424068,-0.01454441,-0.01842292,0.00000000,can,887.7504,-13.0694,3.7620,16.45881875,44.11528555,1209.6007
2.200000,150.497820,-8.178607,-9.641759,143.684716,-12.067522,-4.240259,0.83124023,-0.55263300,0.04423607,-0.04098321,0.90732333,0.43536760,-0.09673254,11.9107,1209.6436,150.6911,0.00080969,0.00209308,0.421668,0.00000000,0.00000000,0.00000000,0.00000000,0.02424068,-0.01454441,-0.01842292,0.00000000,0.02424068,-0.01454441,-0.01842292,0.00000000,can,887.2424,-14.7797,-4.9557,16.45883170,44.11528443,1209.6436
2.210000,151.938360,-8.299761,-9.683730,144.422906,-12.165156,-4.154345,0.83361307,-0.54879990,0.04565412,-0.04270379,0.89908455,0.43614443,-0.05512762,11.9065,1209.6856,152.1359,0.00529288,0.00256989,0.423830,0.00000000,0.00000000,0.00000000,0.00000000,0.02424068,-0.01454441,-0.01842292,0.00000000,0.02424068,-0.01454441,-0.01842292,0.00000000,can,886.7320,-15.7663,-13.9912,16.45884471,44.11528329,1209.6856
2.220000,153.386273,-8.421945,-9.724857,145.160874,-12.273453,-4.071666,0.83595268,-0.54497760,0.04717420,-0.04423953,0.89130884,0.42924605,-0.01355777,11.9023,1209.7267,153.5880,0.00974900,0.00267408,0.425996,0.00000000,0.00000000,0.00000000,0.00000000,0.02424068,-0.01454441,-0.01842292,0.00000000,0.02424068,-0.01454441,-0.01842292,0.00000000,can,895.8743,-16.0088,-23.1956,16.45885780,44.11528215,1209.7267
2.230000,154.841572,-8.545264,-9.765177,145.898553,-12.392057,-3.993287,0.83826292,-0.54116614,0.04876266,-0.04557072,0.88398294,0.41481821,0.02736521,11.8981,1209.7671,155.0476,0.01410487,0.00240801,0.428164,0.00000000,0.00000000,0.00000000,0.00000000,0.02424068,-0.01454441,-0.01842292,0.00000000,0.02424068,-0.01454441,-0.01842292,0.00000000,hold,895.3568,-15.4735,-32.4126,16.45887094,44.11528099,1209.7671
2.240000,156.304239,-8.669818,-9.804740,146.633224,-12.520078,-3.920115,0.84054754,-0.53736586,0.05038494,-0.04668110,0.87709290,0.39313849,0.06702784,11.8939,1209.8067,156.5146,0.01828946,0.00177957,0.430328,0.00000000,0.00000000,0.00000000,0.00000000,0.02424068,-0.01454441,-0.01842292,0.00000000,0.02424068,-0.01454441,-0.01842292,0.00000000,hold,885.1831,-14.1538,-41.4887,16.45888416,44.11527983,1209.8067
2.250000,157.774231,-8.795695,-9.843600,147.366281,-12.656957,-3.853091,0.84290001,-0.53343137,0.05204706,-0.04755685,0.93786440,0.37902121,0.11863405,11.8898,1209.8456,157.9891,0.02223450,0.00080205,0.432491,0.00000000,0.00000000,0.00000000,0.00000000,0.02424068,-0.01454441,-0.03781547,0.00000000,0.02424068,-0.01454441,-0.03781547,0.00000000,can,894.3171,-15.4107,-53.5472,16.45889744,44.11527865,1209.8456
2.260000,159.251556,-8.923002,-9.881818,148.097205,-12.805404,-3.791698,0.84540698,-0.52922139,0.05375433,-0.04818948,0.99703856,0.35856604,0.16719528,11.8855,1209.8838,159.4709,0.02593002,-0.00058510,0.434652,0.00000000,0.00000000,0.00000000,0.00000000,0.02424068,-0.01454441,-0.03781547,0.00000000,0.02424068,-0.01454441,-0.03781547,0.00000000,can,884.2454,-12.3860,-61.9909,16.45891079,44.11527746,1209.8838
2.270000,160.736196,-9.051830,-9.919462,148.831858,-12.961594,-3.738626,0.84806172,-0.52474245,0.05547052,-0.04857679,1.05465646,0.33218201,0.21200944,11.8813,1209.9215,160.9602,0.02940844,-0.00239059,0.436827,0.00000000,0.00000000,0.00000000,0.00000000,0.02424068,-0.01454441,-0.03781547,0.00000000,0.02424068,-0.01454441,-0.03781547,0.00000000,can,893.2651,-8.4131,-70.1709,16.45892420,44.11527625,1209.9215
2.280000,162.228162,-9.182250,-9.956620,149.560967,-13.123190,-3.694508,0.85085720,-0.52000105,0.05715953,-0.04872094,1.11075674,0.30036888,0.25244596,11.8771,1209.9587,162.4568,0.03262012,-0.00457197,0.438988,0.00000000,0.00000000,0.00000000,0.00000000,0.02424068,-0.01454441,-0.03781547,0.00000000,0.02424068,-0.01454441,-0.03781547,0.00000000,can,892.8432,-3.5341,-77.9472,16.45893768,44.11527503,1209.9587
2.290000,163.727438,-9.314314,-9.993387,150.293935,-13.290356,-3.660563,0.85388624,-0.51484417,0.05876362,-0.04858615,1.23953073,0.24819155,0.30329561,11.8729,1209.9955,163.9609,0.03551716,-0.00708167,0.441164,0.00000000,0.00000000,0.00000000,0.00000000,0.02424068,-0.03490659,-0.03781547,0.00000000,0.02424068,-0.03490659,-0.03781547,0.00000000,can,892.3095,-1.4922,-81.6544,16.45895123,44.11527379,1209.9955
2.300000,165.234038,-9.448062,-10.029846,151.025852,-13.459804,-3.633197,0.85723336,-0.50912270,0.06022756,-0.04814228,1.36457308,0.19250377,0.34851618,11.8687,1210.0320,165.4724,0.03800642,-0.00995126,0.443338,0.00000000,0.00000000,0.00000000,0.00000000,0.02424068,-0.03490659,-0.03781547,0.00000000,0.02424068,-0.03490659,-0.03781547,0.00000000,can,891.6664,5.1276,-88.2984,16.45896484,44.11527254,1210.0320
2.310000,166.747924,-9.583512,-10.066087,151.749852,-13.630057,-3.616793,0.86087808,-0.50284845,0.06152185,-0.04740715,1.48595291,0.13434603,0.38759538,11.8645,1210.0683,166.9912,0.03997227,-0.01316565,0.445490,0.00000000,0.00000000,0.00000000,0.00000000,0.02424068,-0.03490659,-0.03781547,0.00000000,0.02424068,-0.03490659,-0.03781547,0.00000000,can,881.5890,12.6517,-93.8725,16.45897851,44.11527127,1210.0683
2.320000,168.269058,-9.720667,-10.102223,152.478168,-13.800904,-3.612385,0.86479890,-0.49603252,0.06262048,-0.04640353,1.60376080,0.07475421,0.42012723,11.8603,1210.1045,168.5174,0.04140307,-0.01666245,0.447656,0.00000000,0.00000000,0.00000000,0.00000000,0.02424068,-0.03490659,-0.03781547,0.00000000,0.02424068,-0.03490659,-0.03781547,0.00000000,can,890.7019,20.9375,-98.3357,16.45899226,44.11526999,1210.1045
2.330000,169.797485,-9.859523,-10.138374,153.207109,-13.969786,-3.619945,0.86897347,-0.48868538,0.06350120,-0.04515861,1.71807859,0.01474551,0.44580128,11.8561,1210.1407,170.0510,0.04230164,-0.02037908,0.449823,0.00000000,0.00000000,0.00000000,0.00000000,0.02424068,-0.03490659,-0.03781547,0.00000000,0.02424068,-0.03490659,-0.03781547,0.00000000,can,890.0514,29.8829,-101.6399,16.45900607,44.11526869,1210.1407
2.340000,171.333198,-10.000049,-10.174661,153.935534,-14.134533,-3.639341,0.87337871,-0.48081696,0.06414581,-0.04370353,1.82899113,-0.04470135,0.46440778,11.8518,1210.1770,171.5920,0.04267977,-0.02425221,0.451989,0.00000000,0.00000000,0.00000000,0.00000000,0.02424068,-0.03490659,-0.03781547,0.00000000,0.02424068,-0.03490659,-0.03781547,0.00000000,can,889.6162,39.3467,-103.7740,16.45901994,44.11526737,1210.1770
2.350000,172.876195,-10.142193,-10.211200,154.663703,-14.293232,-3.670283,0.87799089,-0.47243669,0.06454032,-0.04207270,1.93658551,-0.10266259,0.47583762,11.8476,1210.2136,173.1404,0.04255776,-0.02821845,0.454154,0.00000000,0.00000000,0.00000000,0.00000000,0.02424068,-0.03490659,-0.03781547,0.00000000,0.02424068,-0.03490659,-0.03781547,0.00000000,hold,889.0704,49.1904,-104.7461,16.45903388,44.11526604,1210.2136
2.360000,174.426472,-10.285887,-10.248104,155.391839,-14.444059,-3.712245,0.88278586,-0.46355357,0.06467507,-0.04030318,2.04095040,-0.15828407,0.48008268,11.8434,1210.2505,174.6961,0.04196382,-0.03221521,0.456316,0.00000000,0.00000000,0.00000000,0.00000000,0.02424068,-0.03490659,-0.03781547,0.00000000,0.02424068,-0.03490659,-0.03781547,0.00000000,hold,888.5225,59.2717,-104.5851,16.45904789,44.11526470,1210.2505
2.370000,175.984032,-10.431043,-10.285479,156.120167,-14.585319,-3.764489,0.88767359,-0.45430909,0.06450947,-0.03843660,2.08406591,-0.22324868,0.46538510,11.8392,1210.2879,176.2593,0.04093307,-0.03618115,0.458476,0.00000000,0.00000000,0.00000000,0.00000000,0.02424068,-0.03490659,-0.02327106,0.00000000,0.02424068,-0.03490659,-0.02327106,0.00000000,can,887.9727,72.3473,-100.5539,16.45906196,44.11526334,1210.2879
2.380000,177.548879,-10.577540,-10.323428,156.849284,-14.712155,-3.826688,0.89257272,-0.44484120,0.06400675,-0.03651554,2.12612906,-0.28460428,0.44415448,11.8350,1210.3259,177.8297,0.03944771,-0.03999416,0.460634,0.00000000,0.00000000,0.00000000,0.00000000,0.02424068,-0.03490659,-0.02327106,0.00000000,0.02424068,-0.03490659,-0.02327106,0.00000000,can,887.4209,82.4890,-98.1611,16.45907610,44.11526197,1210.3259
2.390000,179.120966,-10.725237,-10.362034,157.565659,-14.824753,-3.895537,0.89747167,-0.43515315,0.06317077,-0.03458035,2.16716176,-0.34139839,0.41682961,11.8308,1210.3646,179.4075,0.03746410,-0.04357303,0.462751,0.00000000,0.00000000,0.00000000,0.00000000,0.02424068,-0.03490659,-0.02327106,0.00000000,0.02424068,-0.03490659,-0.02327106,0.00000000,can,867.9158,92.2085,-94.4403,16.45909030,44.11526058,1210.3646
2.400000,180.700249,-10.873996,-10.401363,158.296477,-14.925323,-3.971437,0.90235884,-0.42524783,0.06201137,-0.03267113,2.20721608,-0.39277388,0.38393514,11.8265,1210.4039,180.9926,0.03502212,-0.04686373,0.464906,0.00000000,0.00000000,0.00000000,0.00000000,0.02424068,-0.03490659,-0.02327106,0.00000000,0.02424068,-0.03490659,-0.02327106,0.00000000,can,905.6165,101.3231,-89.5107,16.45910457,44.11525919,1210.4039
2.410000,182.286926,-11.023698,-10.441479,159.036285,-15.012245,-4.052069,0.90719391,-0.41518823,0.06052015,-0.03090730,2.22206832,-0.43328277,0.31118732,11.8223,1210.4441,182.5851,0.03217618,-0.04982591,0.467083,0.00000000,0.00000000,0.00000000,0.00000000,0.00678739,-0.01163553,-0.02327106,0.00000000,0.00678739,-0.01163553,-0.02327106,0.00000000,can,885.8699,118.0854,-84.7203,16.45911890,44.11525779,1210.4441
2.420000,183.880979,-11.174172,-10.482441,159.775985,-15.080201,-4.140519,0.91194116,-0.40503554,0.05869334,-0.02940463,2.23688369,-0.46782116,0.23481700,11.8180,1210.4851,184.1850,0.02899695,-0.05221282,0.469254,0.00000000,0.00000000,0.00000000,0.00000000,0.00678739,-0.01163553,-0.02327106,0.00000000,0.00678739,-0.01163553,-0.02327106,0.00000000,can,894.9521,125.1406,-77.7941,16.45913331,44.11525638,1210.4851
2.430000,185.482450,-11.325252,-10.524286,160.518436,-15.133503,-4.228280,0.91659583,-0.39478930,0.05655675,-0.02819263,2.25166478,-0.49584657,0.15629639,11.8137,1210.5270,185.7924,0.02555827,-0.05387347,0.471428,0.00000000,0.00000000,0.00000000,0.00000000,0.00678739,-0.01163553,-0.02327106,0.00000000,0.00678739,-0.01163553,-0.02327106,0.00000000,can,894.3841,130.4204,-70.0434,16.45914777,44.11525497,1210.5270
2.440000,187.091353,-11.476795,-10.566995,161.262357,-15.172767,-4.312543,0.92115309,-0.38444849,0.05414207,-0.02729438,2.26641509,-0.51689940,0.07712592,11.8095,1210.5698,187.4073,0.02191150,-0.05479853,0.473601,0.00000000,0.00000000,0.00000000,0.00000000,0.00678739,-0.01163553,-0.02327106,0.00000000,0.00678739,-0.01163553,-0.02327106,0.00000000,can,893.8137,133.8402,-61.5775,16.45916231,44.11525355,1210.5698
2.450000,188.707703,-11.628665,-10.610517,162.007969,-15.199078,-4.390723,0.92560804,-0.37401153,0.05148628,-0.02672614,2.28113892,-0.53061424,-0.00119552,11.8052,1210.6133,189.0296,0.01811153,-0.05499216,0.475774,0.00000000,0.00000000,0.00000000,0.00000000,0.00678739,-0.01163553,-0.02327106,0.00000000,0.00678739,-0.01163553,-0.02327106,0.00000000,can,893.2408,135.3606,-52.5181,16.45917691,44.11525212,1210.6133
2.460000,190.331518,-11.780738,-10.654781,162.755244,-15.213777,-4.460374,0.92995581,-0.36347643,0.04863099,-0.02649703,2.29583867,-0.53673066,-0.07719936,11.8010,1210.6576,190.6594,0.01421648,-0.05447228,0.477947,0.00000000,0.00000000,0.00000000,0.00000000,0.00678739,-0.01163553,-0.02327106,0.00000000,0.00678739,-0.01163553,-0.02327106,0.00000000,can,892.5506,134.9788,-43.0007,16.45919158,44.11525070,1210.6576
2.470000,191.962786,-11.932904,-10.699687,163.498788,-15.217982,-4.518868,0.93419162,-0.35284083,0.04562157,-0.02660890,2.31051977,-0.53510242,-0.14948031,11.7967,1210.7026,192.2966,0.01028726,-0.05327177,0.480106,0.00000000,0.00000000,0.00000000,0.00000000,0.00678739,-0.01163553,-0.02327106,0.00000000,0.00678739,-0.01163553,-0.02327106,0.00000000,hold,892.0915,132.7242,-33.1718,16.45920632,44.11524928,1210.7026
2.480000,193.601526,-12.085072,-10.745117,164.248036,-15.214327,-4.564949,0.93831090,-0.34210208,0.04250625,-0.02705633,2.32518767,-0.52570529,-0.21672330,11.7925,1210.7481,193.9413,0.00638506,-0.05143111,0.482277,0.00000000,0.00000000,0.00000000,0.00000000,0.00678739,-0.01163553,-0.02327106,0.00000000,0.00678739,-0.01163553,-0.02327106,0.00000000,hold,881.8679,128.6845,-23.1887,16.45922113,44.11524785,1210.7481
2.490000,195.247752,-12.237170,-10.790938,164.998807,-15.204410,-4.596657,0.94230576,-0.33126791,0.03933249,-0.02782773,2.33549035,-0.50956783,-0.27862936,11.7882,1210.7940,195.5935,0.00257277,-0.04900662,0.484449,0.00000000,0.00000000,0.00000000,0.00000000,0.00678739,-0.01163553,-0.02230143,0.00000000,0.00678739,-0.01163553,-0.02230143,0.00000000,can,890.9290,123.1525,-13.0159,16.45923600,44.11524643,1210.7940
2.500000,196.901507,-12.389145,-10.836998,165.752316,-15.190167,-4.612752,0.94616940,-0.32034554,0.03614855,-0.02890478,2.34596468,-0.48601404,-0.33321767,11.7839,1210.8401,197.2532,-0.00109223,-0.04605745,0.486627,0.00000000,0.00000000,0.00000000,0.00000000,0.00678739,-0.01163553,-0.02230143,0.00000000,0.00678739,-0.01163553,-0.02230143,0.00000000,can,890.3424,115.8481,-3.2202,16.45925094,44.11524500,1210.8401
2.510000,198.562802,-12.540966,-10.883137,166.505554,-15.173768,-4.612136,0.94989938,-0.30933161,0.03300511,-0.03026195,2.35660362,-0.45538877,-0.37957024,11.7797,1210.8863,198.9205,-0.00455597,-0.04265492,0.488802,0.00000000,0.00000000,0.00000000,0.00000000,0.00678739,-0.01163553,-0.02230143,0.00000000,0.00678739,-0.01163553,-0.02230143,0.00000000,can,880.1117,107.1451,6.2571,16.45926595,44.11524358,1210.8863
2.520000,200.231594,-12.692619,-10.929182,167.254309,-15.157058,-4.594076,0.95349381,-0.29822289,0.02995164,-0.03186797,2.36740683,-0.41815409,-0.41695437,11.7754,1210.9324,200.5952,-0.00776029,-0.03888110,0.490963,0.00000000,0.00000000,0.00000000,0.00000000,0.00678739,-0.01163553,-0.02230143,0.00000000,0.00678739,-0.01163553,-0.02230143,0.00000000,can,889.0495,97.2158,15.2226,16.45928103,44.11524216,1210.9324
2.530000,201.907917,-12.844117,-10.974962,168.010452,-15.143106,-4.559019,0.95676000,-0.28763324,0.02717524,-0.03374811,2.12092048,-0.31998779,-0.46173861,11.7712,1210.9782,202.2774,-0.01064991,-0.03481954,0.493146,0.00000000,0.00000000,0.00000000,0.00000000,0.02617994,0.02424068,-0.02230143,0.00000000,0.02617994,0.02424068,-0.02230143,0.00000000,can,888.4538,90.0967,11.0842,16.45929617,44.11524074,1210.9782
2.540000,203.591774,-12.995510,-11.020358,168.760824,-15.136295,-4.517408,0.95954307,-0.27815124,0.02485989,-0.03593019,1.88487762,-0.21694327,-0.49782307,11.7670,1211.0236,203.9672,-0.01300587,-0.03044414,0.495313,0.00000000,0.00000000,0.00000000,0.00000000,0.02617994,0.02424068,-0.02230143,0.00000000,0.02617994,0.02424068,-0.02230143,0.00000000,can,887.8597,78.3195,18.1603,16.45931139,44.11523933,1211.0236
2.550000,205.283133,-13.146866,-11.065259,169.509725,-15.136357,-4.460531,0.96189350,-0.26973559,0.02304223,-0.03837526,1.65887586,-0.11103066,-0.52393948,11.7627,1211.0686,205.6644,-0.01448186,-0.02574585,0.497478,0.00000000,0.00000000,0.00000000,0.00000000,0.02617994,0.02424068,-0.02230143,0.00000000,0.02617994,0.02424068,-0.02230143,0.00000000,can,877.6234,65.4273,22.9061,16.45932667,44.11523791,1211.0686
2.560000,206.981967,-13.298270,-11.109525,170.256862,-15.146295,-4.390594,0.96385595,-0.26234486,0.02174922,-0.04103488,1.44251197,-0.00441855,-0.53901104,11.7585,1211.1129,207.3691,-0.01503725,-0.02080119,0.499639,0.00000000,0.00000000,0.00000000,0.00000000,0.02617994,0.02424068,-0.02230143,0.00000000,0.02617994,0.02424068,-0.02230143,0.00000000,can,877.0263,51.6052,25.1246,16.45934202,44.11523649,1211.1129
2.570000,208.688267,-13.449835,-11.153036,171.003049,-15.168877,-4.310191,0.96546975,-0.25593800,0.02099710,-0.04385236,1.23538575,0.10060299,-0.54220717,11.7543,1211.1565,209.0813,-0.01465115,-0.01570269,0.501802,0.00000000,0.00000000,0.00000000,0.00000000,0.02617994,0.02424068,-0.02230143,0.00000000,0.02617994,0.02424068,-0.02230143,0.00000000,can,876.4266,37.1237,24.6840,16.45935743,44.11523507,1211.1565
2.580000,210.402023,-13.601698,-11.195703,171.747957,-15.206391,-4.222158,0.96676951,-0.25047470,0.02079049,-0.04676429,1.03712884,0.20163944,-0.53299587,11.7501,1211.1992,210.8009,-0.01332409,-0.01055675,0.503966,0.00000000,0.00000000,0.00000000,0.00000000,0.02617994,0.02424068,-0.02230143,0.00000000,0.02617994,0.02424068,-0.02230143,0.00000000,can,875.8243,22.2756,21.4991,16.45937291,44.11523365,1211.1992
2.590000,212.123221,-13.754018,-11.237464,172.491214,-15.260683,-4.129541,0.96778564,-0.24591566,0.02112173,-0.04970224,0.84737358,0.29627926,-0.51119664,11.7459,1211.2410,212.5281,-0.01107950,-0.00548044,0.506130,0.00000000,0.00000000,0.00000000,0.00000000,0.02617994,0.02424068,-0.02230143,0.00000000,0.02617994,0.02424068,-0.02230143,0.00000000,hold,875.2193,7.4051,15.5519,16.45938847,44.11523223,1211.2410
2.600000,213.851841,-13.906972,-11.278289,173.232396,-15.333099,-4.035510,0.96854483,-0.24222299,0.02197062,-0.05259493,0.66572172,0.38216252,-0.47704256,11.7417,1211.2819,214.2626,-0.00796459,-0.00059759,0.508294,0.00000000,0.00000000,0.00000000,0.00000000,0.02617994,0.02424068,-0.02230143,0.00000000,0.02617994,0.02424068,-0.02230143,0.00000000,hold,874.6119,-7.1097,6.8967,16.45940408,44.11523079,1211.2819
2.610000,215.587834,-14.060741,-11.318180,173.964437,-15.423710,-3.943169,0.96907338,-0.23934881,0.02330692,-0.05536900,0.49650058,0.45808908,-0.43018156,11.7375,1211.3219,216.0046,-0.00405074,0.00396577,0.510437,0.00000000,0.00000000,0.00000000,0.00000000,0.02617994,0.02424068,-0.02327106,0.00000000,0.02617994,0.02424068,-0.02327106,0.00000000,can,864.2483,-21.0890,-4.5680,16.45941977,44.11522935,1211.3219
2.620000,217.331148,-14.215515,-11.357170,174.699315,-15.534437,-3.855977,0.96939425,-0.23724847,0.02508840,-0.05795281,0.33417922,0.52102149,-0.37267536,11.7333,1211.3609,217.7540,0.00057166,0.00807977,0.512596,0.00000000,0.00000000,0.00000000,0.00000000,0.02617994,0.02424068,-0.02327106,0.00000000,0.02617994,0.02424068,-0.02327106,0.00000000,can,873.2747,-33.6699,-18.1849,16.45943552,44.11522790,1211.3609
2.630000,219.081783,-14.371489,-11.395326,175.425826,-15.663435,-3.776717,0.96952478,-0.23589174,0.02725947,-0.06028031,0.17845214,0.56925245,-0.30595492,11.7291,1211.3991,219.5107,0.00579175,0.01162548,0.514738,0.00000000,0.00000000,0.00000000,0.00000000,0.02617994,0.02424068,-0.02327106,0.00000000,0.02617994,0.02424068,-0.02327106,0.00000000,can,863.0292,-44.6620,-33.9256,16.45945133,44.11522644,1211.3991
2.640000,220.839654,-14.528844,-11.432741,176.147924,-15.810390,-3.708305,0.96948019,-0.23525001,0.02975477,-0.06229168,0.02906533,0.60141179,-0.23181546,11.7249,1211.4366,221.2748,0.01147303,0.01449940,0.516873,0.00000000,0.00000000,0.00000000,0.00000000,0.02617994,0.02424068,-0.02327106,0.00000000,0.02617994,0.02424068,-0.02327106,0.00000000,can,862.4202,-53.7263,-51.4297,16.45946722,44.11522497,1211.4366
2.650000,222.604731,-14.687753,-11.469537,176.866838,-15.974160,-3.653304,0.96923038,-0.23548822,0.03257785,-0.06384712,-0.19520327,0.63379519,-0.11439522,11.7207,1211.4735,223.0461,0.01746256,0.01661469,0.519006,0.00000000,0.00000000,0.00000000,0.00000000,0.05139025,0.01454441,-0.02327106,0.00000000,0.05139025,0.01454441,-0.02327106,0.00000000,can,861.8096,-69.5195,-74.1848,16.45948316,44.11522348,1211.4735
2.660000,224.376974,-14.848418,-11.505857,177.579990,-16.160801,-3.613454,0.96874482,-0.23676124,0.03572384,-0.06481815,-0.41024648,0.64802433,0.00507928,11.7166,1211.5098,224.8248,0.02366936,0.01766530,0.521130,0.00000000,0.00000000,0.00000000,0.00000000,0.05139025,0.01454441,-0.02327106,0.00000000,0.05139025,0.01454441,-0.02327106,0.00000000,can,851.5637,-72.9546,-94.0634,16.45949917,44.11522198,1211.5098
2.670000,226.156321,-15.011009,-11.541867,178.290074,-16.359261,-3.591984,0.96803322,-0.23902784,0.03910173,-0.06518001,-0.61638787,0.64336705,0.12292851,11.7124,1211.5459,226.6106,0.03002521,0.01745746,0.523251,0.00000000,0.00000000,0.00000000,0.00000000,0.05139025,0.01454441,-0.02327106,0.00000000,0.05139025,0.01454441,-0.02327106,0.00000000,can,860.4625,-72.4238,-114.8394,16.45951525,44.11522046,1211.5459
2.680000,227.942739,-15.175628,-11.577764,178.993164,-16.565598,-3.591004,0.96710105,-0.24224843,0.04261409,-0.06492536,-0.81393417,0.61978472,0.23534754,11.7082,1211.5819,228.4037,0.03633608,0.01598812,0.525355,0.00000000,0.00000000,0.00000000,0.00000000,0.05139025,0.01454441,-0.02327106,0.00000000,0.05139025,0.01454441,-0.02327106,0.00000000,can,859.9776,-67.7981,-135.9847,16.45953139,44.11521891,1211.5819
2.690000,229.736202,-15.342342,-11.613764,179.698919,-16.777757,-3.612799,0.96594995,-0.24638501,0.04616032,-0.06406511,-1.00319629,0.57789790,0.33854320,11.7041,1211.6179,230.2039,0.04239666,0.01329317,0.527471,0.00000000,0.00000000,0.00000000,0.00000000,0.05139025,0.01454441,-0.02327106,0.00000000,0.05139025,0.01454441,-0.02327106,0.00000000,can,859.3625,-59.1178,-157.0541,16.45954759,44.11521735,1211.6179
2.700000,231.536683,-15.511184,-11.650098,180.395548,-16.990377,-3.657909,0.96457817,-0.25140105,0.04963971,-0.06262871,-1.18447480,0.51900871,0.42887828,11.6999,1211.6543,232.0113,0.04800775,0.00945178,0.529562,0.00000000,0.00000000,0.00000000,0.00000000,0.05139025,0.01454441,-0.02327106,0.00000000,0.05139025,0.01454441,-0.02327106,0.00000000,can,849.1188,-46.5375,-177.0490,16.45956386,44.11521577,1211.6543
2.710000,233.344133,-15.682146,-11.687004,181.095477,-17.201671,-3.727374,0.96298091,-0.25726146,0.05295489,-0.06066370,-1.35808671,0.44512101,0.50303991,11.6958,1211.6913,233.8258,0.05297373,0.00458229,0.531664,0.00000000,0.00000000,0.00000000,0.00000000,0.05139025,0.01454441,-0.02327106,0.00000000,0.05139025,0.01454441,-0.02327106,0.00000000,hold,858.0101,-30.3990,-195.3122,16.45958019,44.11521417,1211.6913
2.720000,235.158586,-15.855198,-11.724725,181.793650,-17.407401,-3.820577,0.96115076,-0.26393231,0.05601529,-0.05823444,-1.52432061,0.35889743,0.55823754,11.6916,1211.7291,235.6475,0.05712084,-0.00115716,0.533761,0.00000000,0.00000000,0.00000000,0.00000000,0.05139025,0.01454441,-0.02327106,0.00000000,0.05139025,0.01454441,-0.02327106,0.00000000,hold,847.8876,-11.1269,-211.1777,16.45959658,44.11521255,1211.7291
2.730000,236.980001,-16.030265,-11.763492,182.489079,-17.604200,-3.936440,0.95906304,-0.27143511,0.05872951,-0.05542481,-1.70547585,0.25892697,0.58775052,11.6874,1211.7679,237.4762,0.06029975,-0.00757461,0.535849,0.00000000,0.00000000,0.00000000,0.00000000,0.05139025,0.01454441,-0.01939255,0.00000000,0.05139025,0.01454441,-0.01939255,0.00000000,can,847.1447,11.7238,-223.0155,16.45961304,44.11521091,1211.7679
2.740000,238.808338,-16.207234,-11.803520,183.179617,-17.787671,-4.072769,0.95669045,-0.27978836,0.06101909,-0.05233097,-1.87882484,0.15371284,0.59468107,11.6833,1211.8080,239.3119,0.06237507,-0.01442963,0.537919,0.00000000,0.00000000,0.00000000,0.00000000,0.05139025,0.01454441,-0.01939255,0.00000000,0.05139025,0.01454441,-0.01939255,0.00000000,can,856.1632,35.2389,-232.3808,16.45962956,44.11520926,1211.8080
2.750000,240.643591,-16.385972,-11.845009,183.869482,-17.957351,-4.227758,0.95401832,-0.28895458,0.06283299,-0.04905419,-2.04466969,0.04750381,0.57837125,11.6792,1211.8496,241.1547,0.06323822,-0.02147081,0.539984,0.00000000,0.00000000,0.00000000,0.00000000,0.05139025,0.01454441,-0.01939255,0.00000000,0.05139025,0.01454441,-0.01939255,0.00000000,can,845.9178,59.6973,-237.7315,16.45964614,44.11520758,1211.8496
2.760000,242.485728,-16.566329,-11.888128,184.557824,-18.111296,-4.398337,0.95103018,-0.29889644,0.06413896,-0.04570235,-2.20334771,-0.05526309,0.53905379,11.6750,1211.8928,243.0045,0.06285741,-0.02844461,0.542042,0.00000000,0.00000000,0.00000000,0.00000000,0.05139025,0.01454441,-0.01939255,0.00000000,0.05139025,0.01454441,-0.01939255,0.00000000,can,845.3043,84.2128,-238.8458,16.45966278,44.11520589,1211.8928
2.770000,244.334776,-16.748146,-11.933020,185.251863,-18.249221,-4.581750,0.94798837,-0.30875657,0.06469285,-0.04245298,-2.00650126,-0.22236454,0.45062432,11.6709,1211.9377,244.8613,0.06124818,-0.03509283,0.544111,0.00000000,0.00000000,0.00000000,0.00000000,0.01066590,-0.00387851,-0.01939255,0.00000000,0.01066590,-0.00387851,-0.01939255,0.00000000,can,844.6902,114.3066,-219.0330,16.45967949,44.11520419,1211.9377
2.780000,246.190752,-16.931189,-11.979747,185.943636,-18.356481,-4.764721,0.94517173,-0.31773959,0.06429097,-0.03947944,-1.81947715,-0.37365747,0.34378517,11.6667,1211.9845,246.7251,0.05826749,-0.04089674,0.546163,0.00000000,0.00000000,0.00000000,0.00000000,0.01066590,-0.00387851,-0.01939255,0.00000000,0.01066590,-0.00387851,-0.01939255,0.00000000,can,844.2076,135.6058,-211.0840,16.45969625,44.11520248,1211.9845
2.790000,248.053653,-17.115215,-12.028323,186.636948,-18.445728,-4.950343,0.94258289,-0.32589727,0.06299769,-0.03687490,-1.64187156,-0.50457084,0.22357936,11.6626,1212.0332,248.5959,0.05372282,-0.04543835,0.548215,0.00000000,0.00000000,0.00000000,0.00000000,0.01066590,-0.00387851,-0.01939255,0.00000000,0.01066590,-0.00387851,-0.01939255,0.00000000,can,843.4539,152.6137,-197.3828,16.45971309,44.11520075,1212.0332
2.800000,249.923499,-17.300043,-12.078741,187.332631,-18.516965,-5.131975,0.94021949,-0.33327613,0.06090289,-0.03471557,-1.47332695,-0.61146833,0.09536586,11.6585,1212.0837,250.4737,0.04786309,-0.04857855,0.550267,0.00000000,0.00000000,0.00000000,0.00000000,0.01066590,-0.00387851,-0.01939255,0.00000000,0.01066590,-0.00387851,-0.01939255,0.00000000,can,842.8296,164.7376,-178.6648,16.45972998,44.11519902,1212.0837
2.810000,251.800316,-17.485496,-12.130928,188.031429,-18.570791,-5.303202,0.93807534,-0.33991768,0.05811836,-0.03305881,-1.31345348,-0.69171389,-0.03540082,11.6544,1212.1360,252.3585,0.04096763,-0.05024272,0.552322,0.00000000,0.00000000,0.00000000,0.00000000,0.01066590,-0.00387851,-0.01939255,0.00000000,0.01066590,-0.00387851,-0.01939255,0.00000000,can,842.2061,171.6051,-155.8031,16.45974693,44.11519729,1212.1360
2.820000,253.684113,-17.671402,-12.184747,188.727048,-18.607661,-5.457436,0.93614168,-0.34585880,0.05477375,-0.03194198,-1.16185513,-0.74365736,-0.16338633,11.6502,1212.1898,254.2502,0.03333644,-0.05042148,0.554360,0.00000000,0.00000000,0.00000000,0.00000000,0.01066590,-0.00387851,-0.01939255,0.00000000,0.01066590,-0.00387851,-0.01939255,0.00000000,can,831.9575,173.0688,-129.8622,16.45976395,44.11519555,1212.1898
2.830000,255.574897,-17.857604,-12.240007,189.431937,-18.630728,-5.590604,0.93440840,-0.35113229,0.05101209,-0.03138203,-1.01812848,-0.76671014,-0.28357767,11.6461,1212.2452,256.1490,0.02527293,-0.04916055,0.556419,0.00000000,0.00000000,0.00000000,0.00000000,0.01066590,-0.00387851,-0.01939255,0.00000000,0.01066590,-0.00387851,-0.01939255,0.00000000,hold,840.9561,169.1898,-102.2075,16.45978104,44.11519380,1212.2452
2.840000,257.472737,-18.043973,-12.296470,190.136694,-18.641312,-5.697465,0.93286522,-0.35576748,0.04698458,-0.03137564,-0.88187735,-0.76131848,-0.39145665,11.6420,1212.3017,258.0549,0.01708316,-0.04656600,0.558472,0.00000000,0.00000000,0.00000000,0.00000000,0.01066590,-0.00387851,-0.01939255,0.00000000,0.01066590,-0.00387851,-0.01939255,0.00000000,hold,840.3268,160.2635,-73.4997,16.45979818,44.11519206,1212.3017
2.850000,259.377670,-18.230401,-12.353859,190.849147,-18.642779,-5.775016,0.93143150,-0.35997934,0.04279809,-0.03191484,-0.83160384,-0.74534364,-0.49979983,11.6379,1212.3592,259.9678,0.00905930,-0.04278731,0.560541,0.00000000,0.00000000,0.00000000,0.00000000,0.01066590,-0.00387851,-0.00678739,0.00000000,0.01066590,-0.00387851,-0.00678739,0.00000000,can,830.0638,150.6401,-40.9969,16.45981539,44.11519031,1212.3592
2.860000,261.289733,-18.416784,-12.411862,191.563890,-18.632942,-5.819945,0.93002901,-0.36396664,0.03855988,-0.03297665,-0.78407846,-0.70338109,-0.58875550,11.6337,1212.4173,261.8879,0.00139250,-0.03791862,0.562610,0.00000000,0.00000000,0.00000000,0.00000000,0.01066590,-0.00387851,-0.00678739,0.00000000,0.01066590,-0.00387851,-0.00678739,0.00000000,can,829.4254,132.7745,-13.0534,16.45983267,44.11518857,1212.4173
2.870000,263.208957,-18.603049,-12.470143,192.282705,-18.619877,-5.830461,0.92865367,-0.36773193,0.03442171,-0.03450693,-0.73912145,-0.63790865,-0.65526275,11.6296,1212.4756,263.8151,-0.00577267,-0.03210996,0.564687,0.00000000,0.00000000,0.00000000,0.00000000,0.01066590,-0.00387851,-0.00678739,0.00000000,0.01066590,-0.00387851,-0.00678739,0.00000000,can,838.4080,111.2588,13.6410,16.45985001,44.11518682,1212.4756
2.880000,265.135393,-18.789180,-12.528352,193.003331,-18.606466,-5.805535,0.92730433,-0.37127777,0.03052760,-0.03643567,-0.69659335,-0.55204294,-0.69719248,11.6255,1212.5339,265.7495,-0.01219902,-0.02559928,0.566766,0.00000000,0.00000000,0.00000000,0.00000000,0.01066590,-0.00387851,-0.00678739,0.00000000,0.01066590,-0.00387851,-0.00678739,0.00000000,can,828.0022,87.0263,38.1242,16.45986741,44.11518508,1212.5339
2.890000,267.069028,-18.975188,-12.586135,193.725107,-18.595899,-5.745318,0.92562366,-0.37546420,0.02718355,-0.03883968,-1.02513561,-0.36942921,-0.76183409,11.6213,1212.5918,267.6911,-0.01768480,-0.01864659,0.568847,0.00000000,0.00000000,0.00000000,0.00000000,0.02133180,0.04266360,-0.00678739,0.00000000,0.02133180,0.04266360,-0.00678739,0.00000000,can,836.9777,72.1904,41.7111,16.45988488,44.11518334,1212.5918
2.900000,269.009892,-19.161137,-12.643234,194.447715,-18.595446,-5.668969,0.92326446,-0.38108689,0.02468201,-0.04178904,-1.33759180,-0.17436215,-0.79823651,11.6172,1212.6490,269.6399,-0.02177404,-0.01119478,0.570932,0.00000000,0.00000000,0.00000000,0.00000000,0.02133180,0.04266360,-0.00678739,0.00000000,0.02133180,0.04266360,-0.00678739,0.00000000,can,836.4599,43.5876,58.4535,16.45990242,44.11518160,1212.6490
2.910000,270.957980,-19.347138,-12.699411,195.169630,-18.607373,-5.561580,0.92023852,-0.38805412,0.02311693,-0.04517389,-1.63481295,0.02553510,-0.80407260,11.6131,1212.7052,271.5959,-0.02386359,-0.00329808,0.573017,0.00000000,0.00000000,0.00000000,0.00000000,0.02133180,0.04266360,-0.00678739,0.00000000,0.02133180,0.04266360,-0.00678739,0.00000000,can,835.6691,12.9167,67.8449,16.45992002,44.11517986,1212.7052
2.920000,272.913252,-19.533343,-12.754376,195.884329,-18.637082,-5.427541,0.91655256,-0.39627692,0.02254986,-0.04886214,-1.91758565,0.22206162,-0.77852870,11.6090,1212.7603,273.5591,-0.02385670,0.00472659,0.575085,0.00000000,0.00000000,0.00000000,0.00000000,0.02133180,0.04266360,-0.00678739,0.00000000,0.02133180,0.04266360,-0.00678739,0.00000000,can,835.1531,-18.5672,69.2950,16.45993768,44.11517811,1212.7603
2.930000,274.875657,-19.719958,-12.807891,196.594917,-18.690186,-5.272254,0.91220898,-0.40566943,0.02300615,-0.05270483,-2.18664758,0.40680943,-0.72213604,11.6049,1212.8139,275.5294,-0.02174282,0.01253408,0.577148,0.00000000,0.00000000,0.00000000,0.00000000,0.02133180,0.04266360,-0.00678739,0.00000000,0.02133180,0.04266360,-0.00678739,0.00000000,can,824.7413,-49.5016,62.5448,16.45995541,44.11517637,1212.8139
2.940000,276.845138,-19.907240,-12.859770,197.300601,-18.771112,-5.101654,0.90720665,-0.41614923,0.02447281,-0.05654202,-2.44270957,0.57158634,-0.63702701,11.6008,1212.8658,277.5069,-0.01760539,0.01976776,0.579206,0.00000000,0.00000000,0.00000000,0.00000000,0.02133180,0.04266360,-0.00678739,0.00000000,0.02133180,0.04266360,-0.00678739,0.00000000,can,824.0885,-78.4870,47.6874,16.45997321,44.11517461,1212.8658
2.950000,278.821655,-20.095486,-12.909894,198.002025,-18.883450,-4.922074,0.90154161,-0.42763766,0.02689781,-0.06021012,-2.68645767,0.70886149,-0.52696373,11.5967,1212.9161,279.4914,-0.01162307,0.02607869,0.581261,0.00000000,0.00000000,0.00000000,0.00000000,0.02133180,0.04266360,-0.00678739,0.00000000,0.02133180,0.04266360,-0.00678739,0.00000000,hold,823.5718,-104.0710,25.2107,16.45999106,44.11517285,1212.9161
2.960000,280.805190,-20.285025,-12.958203,198.705343,-19.030432,-4.739967,0.89520779,-0.44006018,0.03019123,-0.06354954,-2.91853881,0.81223887,-0.39724678,11.5926,1212.9645,281.4831,-0.00406649,0.03114600,0.583334,0.00000000,0.00000000,0.00000000,0.00000000,0.02133180,0.04266360,-0.00678739,0.00000000,0.02133180,0.04266360,-0.00678739,0.00000000,hold,832.3931,-124.9022,-4.0182,16.46000898,44.11517108,1212.9645
2.970000,282.795716,-20.476208,-13.004706,199.399059,-19.211835,-4.561753,0.88861690,-0.45251679,0.03442345,-0.06635952,-2.77754928,0.95255389,-0.18010673,11.5885,1213.0110,283.4818,0.00470994,0.03470171,0.585392,0.00000000,0.00000000,0.00000000,0.00000000,0.02133180,0.04266360,-0.05914727,0.00000000,0.02133180,0.04266360,-0.05914727,0.00000000,can,831.7332,-157.5343,-56.2192,16.46002697,44.11516929,1213.0110
2.980000,284.793135,-20.669483,-13.049458,200.082296,-19.448782,-4.390995,0.88219591,-0.46418972,0.03961879,-0.06847354,-2.64426992,1.04661390,0.03777747,11.5844,1213.0559,285.4876,0.01452058,0.03611698,0.587439,0.00000000,0.00000000,0.00000000,0.00000000,0.02133180,0.04266360,-0.05914727,0.00000000,0.02133180,0.04266360,-0.05914727,0.00000000,can,821.5931,-163.5857,-95.7095,16.46004501,44.11516748,1213.0559
2.990000,286.797368,-20.865300,-13.092591,200.763174,-19.720017,-4.239652,0.87595647,-0.47513073,0.04556779,-0.06981849,-2.51828998,1.09284987,0.24588473,11.5802,1213.0991,287.5004,0.02523424,0.03507299,0.589493,0.00000000,0.00000000,0.00000000,0.00000000,0.02133180,0.04266360,-0.05914727,0.00000000,0.02133180,0.04266360,-0.05914727,0.00000000,can,820.9308,-159.3659,-139.7342,16.46006312,44.11516564,1213.0991
3.000000,288.808376,-21.063991,-13.134346,201.438637,-20.023544,-4.116785,0.86990602,-0.48539183,0.05203717,-0.07035924,-2.39922096,1.09204927,0.43437966,11.5761,1213.1410,289.5201,0.03630186,0.03167877,0.591545,0.00000000,0.00000000,0.00000000,0.00000000,0.02133180,0.04266360,-0.05914727,0.00000000,0.02133180,0.04266360,-0.05914727,0.00000000,can,829.8864,-145.3438,-186.2191,16.46008129,44.11516378,1213.1410
3.010000,290.826116,-21.265871,-13.175048,202.108160,-20.357095,-4.030180,0.86441774,-0.49441915,0.05869252,-0.06990606,-2.00828834,0.98809564,0.66714355,11.5720,1213.1818,291.5468,0.04719378,0.02615536,0.593594,0.00000000,0.00000000,0.00000000,0.00000000,0.02714957,-0.00193925,-0.05914727,0.00000000,0.02714957,-0.00193925,-0.05914727,0.00000000,can,829.2210,-139.8769,-220.1992,16.46009952,44.11516189,1213.1818
3.020000,292.850518,-21.471211,-13.214998,202.770969,-20.714618,-3.967438,0.85986147,-0.50171481,0.06520110,-0.06833241,-1.63812677,0.84784780,0.85817634,11.5678,1213.2218,293.5804,0.05715456,0.01846082,0.595634,0.00000000,0.00000000,0.00000000,0.00000000,0.02714957,-0.00193925,-0.05914727,0.00000000,0.02714957,-0.00193925,-0.05914727,0.00000000,can,828.5564,-107.0510,-264.6288,16.46011781,44.11515997,1213.2218
3.030000,294.881513,-21.680224,-13.254559,203.426885,-21.090291,-3.953240,0.85622664,-0.50740797,0.07133546,-0.06575978,-1.28779795,0.68042759,1.00179780,11.5637,1213.2615,295.6209,0.06543317,0.00886614,0.597664,0.00000000,0.00000000,0.00000000,0.00000000,0.02714957,-0.00193925,-0.05914727,0.00000000,0.02714957,-0.00193925,-0.05914727,0.00000000,can,827.8927,-65.7732,-302.6603,16.46013616,44.11515801,1213.2615
3.040000,296.919035,-21.893049,-13.294237,204.075160,-21.475412,-3.991074,0.85349138,-0.51161738,0.07689608,-0.06234679,-0.95590690,0.49581706,1.09526367,11.5596,1213.3012,297.6681,0.07179849,-0.00206264,0.599680,0.00000000,0.00000000,0.00000000,0.00000000,0.02714957,-0.00193925,-0.05914727,0.00000000,0.02714957,-0.00193925,-0.05914727,0.00000000,can,817.6302,-18.3514,-333.0251,16.46015457,44.11515602,1213.3012
3.050000,298.962998,-22.109736,-13.334560,204.718105,-21.861738,-4.082402,0.85162664,-0.51444940,0.08171602,-0.05827840,-0.64088847,0.30246777,1.13805767,11.5554,1213.3416,299.7221,0.07613653,-0.01375254,0.601685,0.00000000,0.00000000,0.00000000,0.00000000,0.02714957,-0.00193925,-0.05914727,0.00000000,0.02714957,-0.00193925,-0.05914727,0.00000000,can,826.5108,32.6745,-355.2106,16.46017303,44.11515399,1213.3416
3.060000,301.013381,-22.330260,-13.376062,205.357820,-22.241340,-4.226679,0.85059744,-0.51600041,0.08566106,-0.05375648,-0.34184935,0.10836150,1.13144099,11.5513,1213.3832,301.7828,0.07843412,-0.02565040,0.603683,0.00000000,0.00000000,0.00000000,0.00000000,0.02714957,-0.00193925,-0.05914727,0.00000000,0.02714957,-0.00193925,-0.05914727,0.00000000,can,825.7457,85.1327,-368.9280,16.46019156,44.11515193,1213.3832
3.070000,303.070142,-22.554513,-13.419261,205.992528,-22.605921,-4.421098,0.85036360,-0.51635818,0.08863319,-0.04899122,-0.05800048,-0.07917355,1.07872111,11.5472,1213.4265,303.8501,0.07876033,-0.03723919,0.605665,0.00000000,0.00000000,0.00000000,0.00000000,0.02714957,-0.00193925,-0.05914727,0.00000000,0.02714957,-0.00193925,-0.05914727,0.00000000,hold,815.2181,136.9422,-374.1928,16.46021014,44.11514983,1213.4265
3.080000,305.133224,-22.782305,-13.464638,206.624945,-22.948567,-4.661633,0.85088091,-0.51560191,0.09057257,-0.04419219,0.21140434,-0.25367457,0.98475375,11.5430,1213.4720,305.9240,0.07725031,-0.04805185,0.607637,0.00000000,0.00000000,0.00000000,0.00000000,0.02714957,-0.00193925,-0.05914727,0.00000000,0.02714957,-0.00193925,-0.05914727,0.00000000,hold,824.0593,186.4266,-371.3888,16.46022878,44.11514770,1213.4720
3.090000,307.202637,-23.013391,-13.512628,207.256278,-23.263221,-4.942165,0.85179907,-0.51433092,0.09131428,-0.03954435,0.22863248,-0.45992440,0.80726828,11.5389,1213.5201,308.0045,0.07409423,-0.05768872,0.609600,0.00000000,0.00000000,0.00000000,0.00000000,0.02714957,-0.00193925,-0.02908882,0.00000000,0.02714957,-0.00193925,-0.02908882,0.00000000,can,813.8057,242.4674,-350.0055,16.46024748,44.11514553,1213.5201
3.100000,309.278360,-23.247396,-13.563610,207.889856,-23.532246,-5.258733,0.85279167,-0.51310251,0.09072896,-0.03522002,0.24504214,-0.64117713,0.60259509,11.5348,1213.5712,310.0915,0.06924320,-0.06562431,0.611556,0.00000000,0.00000000,0.00000000,0.00000000,0.02714957,-0.00193925,-0.02908882,0.00000000,0.02714957,-0.00193925,-0.02908882,0.00000000,can,822.6265,279.7105,-332.0268,16.46026623,44.11514334,1213.5712
3.110000,311.360444,-23.483913,-13.617870,208.527434,-23.764894,-5.595634,0.85384469,-0.51192134,0.08888403,-0.03139128,0.26066811,-0.78966302,0.38043600,11.5307,1213.6256,312.1851,0.06258219,-0.07149443,0.613513,0.00000000,0.00000000,0.00000000,0.00000000,0.02714957,-0.00193925,-0.02908882,0.00000000,0.02714957,-0.00193925,-0.02908882,0.00000000,can,821.6689,307.7879,-305.2894,16.46028504,44.11514113,1213.6256
3.120000,313.448898,-23.722558,-13.675544,209.164382,-23.957444,-5.939424,0.85494073,-0.51078556,0.08590038,-0.02820601,0.27554003,-0.89961262,0.15007262,11.5265,1213.6833,314.2851,0.05443580,-0.07513061,0.615455,0.00000000,0.00000000,0.00000000,0.00000000,0.02714957,-0.00193925,-0.02908882,0.00000000,0.02714957,-0.00193925,-0.02908882,0.00000000,can,820.8456,325.7096,-271.1735,16.46030391,44.11513889,1213.6833
3.130000,315.543781,-23.962932,-13.736645,209.812187,-24.110429,-6.278725,0.85691575,-0.50830764,0.08154959,-0.02585370,0.93677988,-1.10148781,-0.12557804,11.5224,1213.7445,316.3918,0.04518455,-0.07645624,0.617414,0.00000000,0.00000000,0.00000000,0.00000000,-0.02714957,-0.02617994,-0.02908882,0.00000000,-0.02714957,-0.02617994,-0.02908882,0.00000000,can,810.5328,344.9189,-201.0110,16.46032284,44.11513664,1213.7445
3.140000,317.645191,-24.204496,-13.801044,210.472737,-24.196061,-6.597025,0.86051311,-0.50318354,0.07566937,-0.02444718,1.55933389,-1.25674000,-0.37990867,11.5183,1213.8090,318.5051,0.03495340,-0.07508142,0.619383,0.00000000,0.00000000,0.00000000,0.00000000,-0.02714957,-0.02617994,-0.02908882,0.00000000,-0.02714957,-0.02617994,-0.02908882,0.00000000,can,819.2799,339.6101,-156.1547,16.46034182,44.11513438,1213.8090
3.150000,319.753243,-24.446716,-13.868473,211.139408,-24.241237,-6.881997,0.86555901,-0.49551521,0.06854221,-0.02396337,2.14470381,-1.36369303,-0.60121643,11.5142,1213.8766,320.6250,0.02361844,-0.07098433,0.621353,0.00000000,0.00000000,0.00000000,0.00000000,-0.02714957,-0.02617994,-0.02908882,0.00000000,-0.02714957,-0.02617994,-0.02908882,0.00000000,can,818.2508,321.4158,-106.0668,16.46036087,44.11513211,1213.8766
3.160000,321.868045,-24.689192,-13.938529,211.822974,-24.247570,-7.120410,0.87186838,-0.48538166,0.06048147,-0.02433424,2.69630162,-1.42138943,-0.78008642,11.5101,1213.9467,322.7518,0.01157419,-0.06465077,0.623353,0.00000000,0.00000000,0.00000000,0.00000000,-0.02714957,-0.02617994,-0.02908882,0.00000000,-0.02714957,-0.02617994,-0.02908882,0.00000000,can,817.3651,292.2769,-51.7014,16.46037997,44.11512984,1213.9467
3.170000,323.989713,-24.931539,-14.010679,212.511097,-24.215569,-7.298763,0.87925281,-0.47284368,0.05181954,-0.02545749,3.21660162,-1.42985597,-0.91132273,11.5059,1214.0190,324.8854,-0.00080269,-0.05666467,0.625346,0.00000000,0.00000000,0.00000000,0.00000000,-0.02714957,-0.02617994,-0.02908882,0.00000000,-0.02714957,-0.02617994,-0.02908882,0.00000000,can,806.8881,254.8455,5.3160,16.46039914,44.11512757,1214.0190
3.180000,326.118328,-25.173392,-14.084276,213.213557,-24.149883,-7.408582,0.88752439,-0.45795225,0.04289374,-0.02720881,3.70813018,-1.38977763,-0.99331770,11.5018,1214.0927,327.0258,-0.01314827,-0.04764847,0.627361,0.00000000,0.00000000,0.00000000,0.00000000,-0.02714957,-0.02617994,-0.02908882,0.00000000,-0.02714957,-0.02617994,-0.02908882,0.00000000,can,806.0102,212.0553,63.4435,16.46041837,44.11512531,1214.0927
3.190000,328.253984,-25.414436,-14.158598,213.920158,-24.054651,-7.443022,0.89649976,-0.44075190,0.03403541,-0.02945404,4.17360983,-1.30246749,-1.02787936,11.4977,1214.1671,329.1733,-0.02510396,-0.03822794,0.629370,0.00000000,0.00000000,0.00000000,0.00000000,-0.02714957,-0.02617994,-0.02908882,0.00000000,-0.02714957,-0.02617994,-0.02908882,0.00000000,hold,814.8968,166.8557,120.8532,16.46043767,44.11512305,1214.1671
3.200000,330.396777,-25.654411,-14.232878,214.639105,-23.936986,-7.400055,0.90600199,-0.42128298,0.02555758,-0.03206030,4.61554026,-1.17042757,-1.01992709,11.4936,1214.2415,331.3278,-0.03630691,-0.02898146,0.631399,0.00000000,0.00000000,0.00000000,0.00000000,-0.02714957,-0.02617994,-0.02908882,0.00000000,-0.02714957,-0.02617994,-0.02908882,0.00000000,hold,813.8723,122.5986,175.9060,16.46045703,44.11512080,1214.2415
3.210000,332.546748,-25.893118,-14.306341,215.353904,-23.802220,-7.279986,0.91582494,-0.39966463,0.01772209,-0.03491121,5.00168132,-1.00482814,-0.98370410,11.4895,1214.3151,333.4894,-0.04639228,-0.02040981,0.633402,0.00000000,0.00000000,0.00000000,0.00000000,-0.02714957,-0.02617994,-0.02521031,0.00000000,-0.02714957,-0.02617994,-0.02521031,0.00000000,can,803.5544,83.1475,228.9698,16.46047645,44.11511857,1214.3151
3.220000,334.703884,-26.130418,-14.378235,216.073012,-23.656911,-7.087225,0.92577547,-0.37601491,0.01075094,-0.03790764,5.36942222,-0.80393089,-0.92065580,11.4854,1214.3871,335.6581,-0.05503108,-0.01285287,0.635409,0.00000000,0.00000000,0.00000000,0.00000000,-0.02714957,-0.02617994,-0.02521031,0.00000000,-0.02714957,-0.02617994,-0.02521031,0.00000000,can,802.5481,46.6167,274.2229,16.46049594,44.11511635,1214.3871
3.230000,336.868173,-26.366252,-14.447864,216.784452,-23.510494,-6.828413,0.93570096,-0.35037456,0.00483767,-0.04096323,5.71963001,-0.57511773,-0.84012998,11.4813,1214.4569,337.8337,-0.06193225,-0.00653919,0.637387,0.00000000,0.00000000,0.00000000,0.00000000,-0.02714957,-0.02617994,-0.02521031,0.00000000,-0.02714957,-0.02617994,-0.02521031,0.00000000,can,801.7015,15.8857,311.6498,16.46051549,44.11511414,1214.4569
3.240000,339.039561,-26.600652,-14.514615,217.492325,-23.371535,-6.513297,0.94544698,-0.32278937,0.00011791,-0.04401160,6.05295069,-0.32758621,-0.75154122,11.4772,1214.5237,340.0164,-0.06679767,-0.00159882,0.639356,0.00000000,0.00000000,0.00000000,0.00000000,-0.02714957,-0.02617994,-0.02521031,0.00000000,-0.02714957,-0.02617994,-0.02521031,0.00000000,can,800.8535,-8.3052,339.5490,16.46053511,44.11511194,1214.5237
3.250000,341.218006,-26.833733,-14.577982,218.195915,-23.247728,-6.153847,0.95416098,-0.29554114,-0.00276370,-0.04716590,5.43557471,0.12481020,-0.66538056,11.4731,1214.5872,342.2059,-0.06939894,0.00197259,0.641315,0.00000000,0.00000000,0.00000000,0.00000000,0.02424068,0.02327106,-0.02521031,0.00000000,0.02424068,0.02327106,-0.02521031,0.00000000,can,800.1515,-26.7320,312.7791,16.46055479,44.11510976,1214.5872
3.260000,343.403459,-27.065798,-14.637742,218.894180,-23.169503,-5.794886,0.96129628,-0.27081563,-0.00324024,-0.05057534,4.85719993,0.56722834,-0.59065625,11.4690,1214.6471,344.4024,-0.06878255,0.00464116,0.643278,0.00000000,0.00000000,0.00000000,0.00000000,0.02424068,0.02327106,-0.02521031,0.00000000,0.02424068,0.02327106,-0.02521031,0.00000000,can,799.1293,-39.9838,314.3614,16.46057454,44.11510759,1214.6471
3.270000,345.595878,-27.297226,-14.693853,219.588988,-23.122199,-5.427925,0.96711181,-0.24850566,-0.00142183,-0.05420024,4.31656576,0.97638038,-0.52185554,11.4649,1214.7033,346.6059,-0.06381964,0.00703291,0.645244,0.00000000,0.00000000,0.00000000,0.00000000,0.02424068,0.02327106,-0.02521031,0.00000000,0.02424068,0.02327106,-0.02521031,0.00000000,can,798.2360,-52.0789,293.6998,16.46059435,44.11510542,1214.7033
3.280000,347.795230,-27.528376,-14.746349,220.281011,-23.115122,-5.075510,0.97181609,-0.22849357,0.00247852,-0.05794860,3.81215543,1.33126621,-0.45275782,11.4608,1214.7559,348.8162,-0.05479485,0.00937359,0.647220,0.00000000,0.00000000,0.00000000,0.00000000,0.02424068,0.02327106,-0.02521031,0.00000000,0.02424068,0.02327106,-0.02521031,0.00000000,can,797.3158,-64.1210,251.6726,16.46061422,44.11510326,1214.7559
3.290000,350.001489,-27.759685,-14.795485,220.970432,-23.154860,-4.759300,0.97557730,-0.21065920,0.00815627,-0.06168552,3.34212719,1.61423256,-0.37755639,11.4567,1214.8052,351.0334,-0.04221868,0.01174686,0.649208,0.00000000,0.00000000,0.00000000,0.00000000,0.02424068,0.02327106,-0.02521031,0.00000000,0.02424068,0.02327106,-0.02521031,0.00000000,can,796.5214,-76.5050,190.3548,16.46063415,44.11510109,1214.8052
3.300000,352.214628,-27.991642,-14.841722,221.656558,-23.244901,-4.498832,0.97853436,-0.19488797,0.01523287,-0.06524687,2.90357449,1.81234726,-0.29179151,11.4526,1214.8516,353.2575,-0.02678559,0.01410557,0.651210,0.00000000,0.00000000,0.00000000,0.00000000,0.02424068,0.02327106,-0.02521031,0.00000000,0.02424068,0.02327106,-0.02521031,0.00000000,can,795.5722,-88.9553,113.5733,16.46065414,44.11509892,1214.8516
3.310000,354.434632,-28.224755,-14.885700,222.343322,-23.385888,-4.309690,0.98080729,-0.18107794,0.02327571,-0.06845498,2.49301641,1.91694962,-0.19301930,11.4485,1214.8957,355.4886,-0.00932045,0.01629670,0.653236,0.00000000,0.00000000,0.00000000,0.00000000,0.02424068,0.02327106,-0.02521031,0.00000000,0.02424068,0.02327106,-0.02521031,0.00000000,hold,794.4929,-100.6436,25.3506,16.46067420,44.11509674,1214.8957
3.320000,356.661443,-28.459514,-14.928197,223.017375,-23.573554,-4.204323,0.98250561,-0.16914487,0.03182049,-0.07113502,2.10625907,1.92486287,-0.08118580,11.4444,1214.9383,357.7266,0.00926059,0.01809742,0.655247,0.00000000,0.00000000,0.00000000,0.00000000,0.02424068,0.02327106,-0.02521031,0.00000000,0.02424068,0.02327106,-0.02521031,0.00000000,hold,793.5702,-110.3404,-70.6161,16.46069432,44.11509454,1214.9383
3.330000,358.894946,-28.696365,-14.970094,223.681422,-23.802978,-4.190763,0.98390864,-0.15795183,0.04057257,-0.07299918,2.16168352,1.92667452,0.12262486,11.4403,1214.9803,359.9714,0.02800490,0.01925119,0.657250,0.00000000,0.00000000,0.00000000,0.00000000,0.02424068,0.02327106,-0.06787392,0.00000000,0.02424068,0.02327106,-0.06787392,0.00000000,can,792.6473,-136.9890,-189.4680,16.46071450,44.11509232,1214.9803
3.340000,361.135011,-28.935795,-15.012384,224.329274,-24.087445,-4.283718,0.98523193,-0.14643168,0.04923380,-0.07383658,2.21597539,1.83582192,0.31943748,11.4362,1215.0227,362.2230,0.04630051,0.01910456,0.659232,0.00000000,0.00000000,0.00000000,0.00000000,0.02424068,0.02327106,-0.06787392,0.00000000,0.02424068,0.02327106,-0.06787392,0.00000000,can,791.8145,-135.9729,-288.7411,16.46073474,44.11509008,1215.0227
3.350000,363.381484,-29.178182,-15.056103,224.962948,-24.392085,-4.476666,0.98649259,-0.13461822,0.05734327,-0.07363465,2.26962577,1.66018749,0.50319096,11.4321,1215.0666,364.4812,0.06372476,0.01740008,0.661186,0.00000000,0.00000000,0.00000000,0.00000000,0.02424068,0.02327106,-0.06787392,0.00000000,0.02424068,0.02327106,-0.06787392,0.00000000,can,791.0014,-126.5199,-385.9055,16.46075503,44.11508781,1215.0666
3.360000,365.634220,-29.423658,-15.102247,225.583234,-24.703069,-4.768069,0.98771387,-0.12254015,0.06449307,-0.07242836,2.32348482,1.41399047,0.66840475,11.4280,1215.1129,366.7459,0.07944513,0.01426793,0.663112,0.00000000,0.00000000,0.00000000,0.00000000,0.02424068,0.02327106,-0.06787392,0.00000000,0.02424068,0.02327106,-0.06787392,0.00000000,can,799.7722,-109.2115,-475.3436,16.46077539,44.11508551,1215.1129
3.370000,367.893100,-29.672215,-15.151770,226.190603,-25.005896,-5.150807,0.98891917,-0.11022255,0.07034369,-0.07029677,2.37715626,1.11130502,0.81029713,11.4239,1215.1625,369.0170,0.09276468,0.00987303,0.665004,0.00000000,0.00000000,0.00000000,0.00000000,0.02424068,0.02327106,-0.06787392,0.00000000,0.02424068,0.02327106,-0.06787392,0.00000000,can,799.0891,-84.8174,-553.0320,16.46079579,44.11508319,1215.1625
3.380000,370.157991,-29.923701,-15.205530,226.784455,-25.286250,-5.613114,0.99022314,-0.09694571,0.07445507,-0.06720204,2.72608936,0.71135265,1.00228963,11.4198,1215.2164,371.2944,0.10314314,0.00440845,0.666857,0.00000000,0.00000000,0.00000000,0.00000000,0.02908882,-0.00872665,-0.06787392,0.00000000,0.02908882,-0.00872665,-0.06787392,0.00000000,can,788.6499,-72.6983,-602.4462,16.46081626,44.11508083,1215.2164
3.390000,372.428788,-30.177892,-15.264177,227.375318,-25.544822,-6.125577,0.99168066,-0.08203472,0.07649545,-0.06315235,3.05758033,0.29683600,1.16066030,11.4157,1215.2752,373.5778,0.10996131,-0.00220729,0.668700,0.00000000,0.00000000,0.00000000,0.00000000,0.02908882,-0.00872665,-0.06787392,0.00000000,0.02908882,-0.00872665,-0.06787392,0.00000000,can,797.4794,-35.2294,-645.9775,16.46083677,44.11507845,1215.2752
3.400000,374.705488,-30.434429,-15.328191,227.963382,-25.752838,-6.682677,0.99320419,-0.06557981,0.07642547,-0.05834266,3.37069947,-0.11036053,1.28305736,11.4116,1215.3393,375.8674,0.11277006,-0.00987414,0.670524,0.00000000,0.00000000,0.00000000,0.00000000,0.02908882,-0.00872665,-0.06787392,0.00000000,0.02908882,-0.00872665,-0.06787392,0.00000000,can,787.0740,8.3933,-667.9632,16.46085734,44.11507605,1215.3393
3.410000,376.988067,-30.692737,-15.397906,228.554800,-25.897577,-7.262516,0.99468443,-0.04767195,0.07431538,-0.05298576,3.66458514,-0.48979058,1.36751976,11.4074,1215.4092,378.1630,0.11170473,-0.01834018,0.672339,0.00000000,0.00000000,0.00000000,0.00000000,0.02908882,-0.00872665,-0.06787392,0.00000000,0.02908882,-0.00872665,-0.06787392,0.00000000,can,795.8132,56.8246,-668.8898,16.46087796,44.11507363,1215.4092
3.420000,379.276614,-30.952137,-15.473441,229.156349,-25.969704,-7.842552,0.99599603,-0.02840417,0.07033672,-0.04730589,3.93870196,-0.82385953,1.41225828,11.4033,1215.4849,380.4646,0.10710222,-0.02737060,0.674160,0.00000000,0.00000000,0.00000000,0.00000000,0.02908882,-0.00872665,-0.06787392,0.00000000,0.02908882,-0.00872665,-0.06787392,0.00000000,can,794.8961,108.8313,-650.1740,16.46089864,44.11507120,1215.4849
3.430000,381.571238,-31.211868,-15.554682,229.771033,-25.963061,-8.399997,0.99700608,-0.00787123,0.06474487,-0.04153329,4.19360912,-1.09952507,1.41540619,11.3991,1215.5662,382.7723,0.09947463,-0.03673391,0.675991,0.00000000,0.00000000,0.00000000,0.00000000,0.02908882,-0.00872665,-0.06787392,0.00000000,0.02908882,-0.00872665,-0.06787392,0.00000000,can,793.9343,163.3347,-613.5102,16.46091937,44.11506877,1215.5662
3.440000,383.872088,-31.471126,-15.641292,230.401765,-25.874999,-8.913126,0.99763179,0.01098640,0.05739877,-0.03626975,3.32408493,-1.53954872,1.15717304,11.3950,1215.6530,385.0862,0.08946340,-0.04618319,0.677836,0.00000000,0.00000000,0.00000000,0.00000000,0.02908882,-0.00872665,0.02908882,0.00000000,0.02908882,-0.00872665,0.02908882,0.00000000,can,793.0120,270.5036,-512.1628,16.46094016,44.11506634,1215.6530
3.450000,386.179376,-31.728887,-15.732515,231.058517,-25.666081,-9.318467,0.99799498,0.02550206,0.04817819,-0.03216393,2.51515248,-1.90500988,0.85800726,11.3909,1215.7444,387.4063,0.07652448,-0.05464530,0.679703,0.00000000,0.00000000,0.00000000,0.00000000,0.02908882,-0.00872665,0.02908882,0.00000000,0.02908882,-0.00872665,0.02908882,0.00000000,can,791.9355,320.4018,-443.9216,16.46096100,44.11506393,1215.7444
3.460000,388.493315,-31.984254,-15.827359,231.732055,-25.399363,-9.633234,0.99821159,0.03599186,0.03753466,-0.02948470,1.76356983,-2.16720021,0.52343872,11.3867,1215.8393,389.7330,0.05966945,-0.06126649,0.681589,0.00000000,0.00000000,0.00000000,0.00000000,0.02908882,-0.00872665,0.02908882,0.00000000,0.02908882,-0.00872665,0.02908882,0.00000000,can,791.1672,359.7954,-351.4077,16.46098191,44.11506154,1215.8393
3.470000,390.814070,-32.236753,-15.924803,232.421436,-25.096330,-9.835575,0.99834084,0.04276349,0.02604475,-0.02843461,1.06548397,-2.30664915,0.16458336,11.3826,1215.9369,392.0662,0.03974720,-0.06550483,0.683496,0.00000000,0.00000000,0.00000000,0.00000000,0.02908882,-0.00872665,0.02908882,0.00000000,0.02908882,-0.00872665,0.02908882,0.00000000,can,790.2259,385.2737,-238.8655,16.46100288,44.11505917,1215.9369
3.480000,393.141786,-32.486137,-16.023647,233.123442,-24.780157,-9.911705,0.99840846,0.04610990,0.01435803,-0.02912512,0.41630184,-2.31268061,-0.20194275,11.3785,1216.0359,394.4061,0.01788092,-0.06685111,0.685421,0.00000000,0.00000000,0.00000000,0.00000000,0.02908882,-0.00872665,0.02908882,0.00000000,0.02908882,-0.00872665,0.02908882,0.00000000,can,789.2728,393.5560,-114.4061,16.46102391,44.11505684,1216.0359
3.490000,395.476565,-32.732391,-16.122598,233.833122,-24.474239,-9.856641,0.99842385,0.04630340,0.00315514,-0.03155717,-0.18925245,-2.18219679,-0.55506335,11.3743,1216.1350,396.7527,-0.00462915,-0.06492061,0.687359,0.00000000,0.00000000,0.00000000,0.00000000,0.02908882,-0.00872665,0.02908882,0.00000000,0.02908882,-0.00872665,0.02908882,0.00000000,can,788.1269,382.0537,15.8606,16.46104500,44.11505453,1216.1350
3.500000,397.818455,-32.975731,-16.220347,234.544737,-24.200915,-9.672350,0.99839074,0.04359215,-0.00689635,-0.03561021,-0.75610042,-1.92112138,-0.87099607,11.3702,1216.2329,399.1063,-0.02637996,-0.05953589,0.689299,0.00000000,0.00000000,0.00000000,0.00000000,0.02908882,-0.00872665,0.02908882,0.00000000,0.02908882,-0.00872665,0.02908882,0.00000000,hold,787.1735,349.4009,144.4137,16.46106616,44.11505226,1216.2329
3.510000,400.167419,-33.216583,-16.315644,235.245580,-23.979524,-9.368400,0.99824703,0.03950389,-0.01549577,-0.04125768,-0.76848064,-1.65268676,-1.21105490,11.3661,1216.3284,401.4666,-0.04596534,-0.05078933,0.691215,0.00000000,0.00000000,0.00000000,0.00000000,-0.01163553,-0.01163553,0.02908882,0.00000000,-0.01163553,-0.01163553,0.02908882,0.00000000,can,776.8282,316.9714,287.9711,16.46108738,44.11505000,1216.3284
3.520000,402.523369,-33.455473,-16.407252,235.942579,-23.811514,-8.937416,0.99795087,0.03543763,-0.02245286,-0.04831258,-0.78070099,-1.29259413,-1.45878956,11.3620,1216.4201,403.8338,-0.06240548,-0.03870862,0.693126,0.00000000,0.00000000,0.00000000,0.00000000,-0.01163553,-0.01163553,0.02908882,0.00000000,-0.01163553,-0.01163553,0.02908882,0.00000000,can,775.8981,242.0906,391.4094,16.46110867,44.11504776,1216.4201
3.530000,404.886226,-33.693100,-16.494106,236.627880,-23.729026,-8.420854,0.99754447,0.03142352,-0.02740506,-0.05627208,-0.79290564,-0.87027285,-1.60148680,11.3578,1216.5071,406.2078,-0.07519643,-0.02392473,0.695026,0.00000000,0.00000000,0.00000000,0.00000000,-0.01163553,-0.01163553,0.02908882,0.00000000,-0.01163553,-0.01163553,0.02908882,0.00000000,can,784.5508,151.3806,474.3945,16.46113001,44.11504554,1216.5071
3.540000,407.255873,-33.930372,-16.575458,237.298594,-23.741742,-7.841117,0.99707783,0.02748129,-0.03013706,-0.06459363,-0.80512724,-0.41544912,-1.63283144,11.3537,1216.5886,408.5885,-0.08365728,-0.00750808,0.696915,0.00000000,0.00000000,0.00000000,0.00000000,-0.01163553,-0.01163553,0.02908882,0.00000000,-0.01163553,-0.01163553,0.02908882,0.00000000,can,783.6084,50.6926,532.1461,16.46115142,44.11504332,1216.5886
3.550000,409.632140,-34.168268,-16.650802,237.952049,-23.853872,-7.223722,0.99658928,0.02643156,-0.03024210,-0.07208738,0.29005841,0.25439139,-1.33953924,11.3496,1216.6641,410.9758,-0.08742493,0.00940009,0.698788,0.00000000,0.00000000,0.00000000,0.00000000,-0.01163553,-0.01163553,-0.05914727,0.00000000,-0.01163553,-0.01163553,-0.05914727,0.00000000,can,782.6674,-104.4493,511.9039,16.46117289,44.11504109,1216.6641
3.560000,412.014844,-34.407979,-16.720130,238.586159,-24.102550,-6.643077,0.99612059,0.03082977,-0.02755565,-0.07767874,1.30898015,0.86949374,-0.97635057,11.3454,1216.7336,413.3698,-0.08565546,0.02392468,0.700659,0.00000000,0.00000000,0.00000000,0.00000000,-0.01163553,-0.01163553,-0.05914727,0.00000000,-0.01163553,-0.01163553,-0.05914727,0.00000000,can,781.5017,-193.2967,508.7331,16.46119442,44.11503885,1216.7336
3.570000,414.403824,-34.650569,-16.783753,239.208698,-24.425810,-6.088999,0.99563545,0.04028095,-0.02243727,-0.08114229,2.25171788,1.40218946,-0.58427221,11.3413,1216.7974,415.7702,-0.07781647,0.03396727,0.702529,0.00000000,0.00000000,0.00000000,0.00000000,-0.01163553,-0.01163553,-0.05914727,0.00000000,-0.01163553,-0.01163553,-0.05914727,0.00000000,can,779.9222,-254.7918,467.4269,16.46121600,44.11503657,1216.7974
3.580000,416.798975,-34.896657,-16.842124,239.821177,-24.797835,-5.598638,0.99499224,0.05438005,-0.01536538,-0.08244489,3.11922817,1.82813907,-0.19922531,11.3372,1216.8559,418.1770,-0.06487985,0.03941810,0.704396,0.00000000,0.00000000,0.00000000,0.00000000,-0.01163553,-0.01163553,-0.05914727,0.00000000,-0.01163553,-0.01163553,-0.05914727,0.00000000,can,778.1632,-288.5657,392.9285,16.46123764,44.11503427,1216.8559
3.590000,419.200255,-35.146599,-16.896045,240.434226,-25.191655,-5.203570,0.99397477,0.07271905,-0.00691515,-0.08172068,3.91555970,2.13017740,0.15057669,11.3331,1216.9100,420.5903,-0.04791194,0.04065569,0.706283,0.00000000,0.00000000,0.00000000,0.00000000,-0.01163553,-0.01163553,-0.05914727,0.00000000,-0.01163553,-0.01163553,-0.05914727,0.00000000,can,766.8803,-295.7430,290.9562,16.46125934,44.11503193,1216.9100
3.600000,421.607681,-35.400466,-16.946596,241.052387,-25.578149,-4.927864,0.99232606,0.09489802,0.00228347,-0.07923468,4.64648050,2.29957165,0.44671729,11.3290,1216.9607,423.0101,-0.02806574,0.03841829,0.708191,0.00000000,0.00000000,0.00000000,0.00000000,-0.01163553,-0.01163553,-0.05914727,0.00000000,-0.01163553,-0.01163553,-0.05914727,0.00000000,can,765.0832,-280.6762,169.2377,16.46128109,44.11502955,1216.9607
3.610000,424.021330,-35.658044,-16.995046,241.678691,-25.929427,-4.784827,0.98977779,0.12053953,0.01157944,-0.07533963,5.32248442,2.33237646,0.68125920,11.3250,1217.0093,425.4364,-0.00653183,0.03365357,0.710120,0.00000000,0.00000000,0.00000000,0.00000000,-0.01163553,-0.01163553,-0.05914727,0.00000000,-0.01163553,-0.01163553,-0.05914727,0.00000000,hold,763.2868,-249.4005,35.9113,16.46130289,44.11502714,1217.0093
3.620000,426.441252,-35.918848,-17.042751,242.305193,-26.219272,-4.778742,0.98684181,0.14412298,0.02180042,-0.06997542,3.83937598,2.67401681,0.95593471,11.3209,1217.0572,427.8692,0.01547602,0.02736939,0.712037,0.00000000,0.00000000,0.00000000,0.00000000,0.08920572,0.05526876,-0.05914727,0.00000000,0.08920572,0.05526876,-0.05914727,0.00000000,can,751.8554,-229.4491,-204.7270,16.46132476,44.11502470,1217.0572
3.630000,428.867430,-36.182124,-17.091523,242.930743,-26.419230,-4.997934,0.98443056,0.16063698,0.03357669,-0.06296690,2.44024120,2.83411631,1.19493120,11.3169,1217.1061,430.3084,0.03886421,0.01965794,0.713931,0.00000000,0.00000000,0.00000000,0.00000000,0.08920572,0.05526876,-0.05914727,0.00000000,0.08920572,0.05526876,-0.05914727,0.00000000,can,750.2722,-178.8390,-353.6436,16.46134668,44.11502223,1217.1061
3.640000,431.299860,-36.446851,-17.143178,243.552878,-26.505383,-5.356531,0.98278352,0.17044191,0.04590528,-0.05457845,1.11443426,2.80075447,1.39233749,11.3129,1217.1579,432.7540,0.06474028,0.01002268,0.715784,0.00000000,0.00000000,0.00000000,0.00000000,0.08920572,0.05526876,-0.05914727,0.00000000,0.08920572,0.05526876,-0.05914727,0.00000000,can,739.2453,-115.1885,-524.8707,16.46136865,44.11501976,1217.1579
3.650000,433.738426,-36.711778,-17.199121,244.157872,-26.456530,-5.854666,0.98203545,0.17385812,0.05780465,-0.04514808,-0.14371724,2.58187404,1.53375049,11.3089,1217.2141,435.2058,0.09095120,-0.00172373,0.717550,0.00000000,0.00000000,0.00000000,0.00000000,0.08920572,0.05526876,-0.05914727,0.00000000,0.08920572,0.05526876,-0.05914727,0.00000000,can,737.5840,-37.0992,-701.5672,16.46139068,44.11501728,1217.2141
3.660000,436.182955,-36.975494,-17.260705,244.742686,-26.262132,-6.481936,0.98223917,0.17116866,0.06837581,-0.03510336,-1.34151101,2.19342279,1.59853703,11.3049,1217.2758,437.6633,0.11534821,-0.01567733,0.719218,0.00000000,0.00000000,0.00000000,0.00000000,0.08920572,0.05526876,-0.05914727,0.00000000,0.08920572,0.05526876,-0.05914727,0.00000000,can,726.6454,56.1483,-868.1986,16.46141277,44.11501481,1217.2758
3.670000,438.633166,-37.236530,-17.329120,245.293713,-25.921220,-7.216826,0.98337248,0.16262768,0.07686132,-0.02496293,-2.47919307,1.66770112,1.56318635,11.3010,1217.3444,440.1264,0.13591028,-0.03167417,0.720750,0.00000000,0.00000000,0.00000000,0.00000000,0.08920572,0.05526876,-0.05914727,0.00000000,0.08920572,0.05526876,-0.05914727,0.00000000,can,716.0697,163.4482,-1010.6602,16.46143491,44.11501236,1217.3444
3.680000,441.088706,-37.493459,-17.405312,245.808248,-25.443236,-8.032464,0.98560918,0.14674141,0.08246124,-0.01554522,-4.24428020,0.91698634,1.28257501,11.2971,1217.4208,442.5944,0.15085622,-0.04916976,0.722146,0.00000000,0.00000000,0.00000000,0.00000000,0.08920572,0.05526876,-0.01260516,0.00000000,0.08920572,0.05526876,-0.01260516,0.00000000,can,705.5732,312.5287,-1084.8524,16.46145709,44.11500996,1217.4208
3.690000,443.549244,-37.744920,-17.489771,246.294183,-24.832381,-8.865124,0.98886641,0.12214961,0.08463889,-0.00767816,-5.89733353,0.15547107,0.87021894,11.2933,1217.5054,445.0669,0.15803146,-0.06699194,0.723426,0.00000000,0.00000000,0.00000000,0.00000000,0.08920572,0.05526876,-0.01260516,0.00000000,0.08920572,0.05526876,-0.01260516,0.00000000,can,695.0163,434.1204,-1140.1121,16.46147932,44.11500760,1217.5054
3.700000,446.014475,-37.989835,-17.582670,246.748599,-24.140729,-9.714822,0.99249362,0.08933778,0.08349473,-0.00195056,-7.43325239,-0.52259537,0.32347933,11.2896,1217.5985,447.5435,0.15563475,-0.08371833,0.724603,0.00000000,0.00000000,0.00000000,0.00000000,0.08920572,0.05526876,-0.01260516,0.00000000,0.08920572,0.05526876,-0.01260516,0.00000000,can,684.3601,547.7971,-1134.3742,16.46150159,44.11500531,1217.5985
3.710000,448.484173,-38.227608,-17.684019,247.188634,-23.411658,-10.549924,0.99563447,0.04881555,0.07954750,0.00111317,-8.84940621,-1.02848157,-0.33747488,11.2859,1217.7000,450.0240,0.14385644,-0.09735697,0.725739,0.00000000,0.00000000,0.00000000,0.00000000,0.08920572,0.05526876,-0.01260516,0.00000000,0.08920572,0.05526876,-0.01260516,0.00000000,can,663.7042,640.0966,-1067.9976,16.46152391,44.11500308,1217.7000
3.720000,450.958223,-38.458096,-17.793512,247.621151,-22.691389,-11.338564,0.99728229,0.00120308,0.07365670,0.00113049,-10.13357959,-1.29589675,-1.06344726,11.2823,1217.8097,452.5082,0.12414341,-0.10566236,0.726865,0.00000000,0.00000000,0.00000000,0.00000000,0.08920572,0.05526876,-0.01260516,0.00000000,0.08920572,0.05526876,-0.01260516,0.00000000,can,642.8627,695.3278,-945.1362,16.46154626,44.11500092,1217.8097
3.730000,453.436640,-38.681620,-17.910540,248.063745,-22.026301,-12.052862,0.99636228,-0.05272990,0.06691475,-0.00204444,-11.27807844,-1.28881176,-1.77789662,11.2788,1217.9269,454.9962,0.09915845,-0.10661244,0.728041,0.00000000,0.00000000,0.00000000,0.00000000,0.08920572,0.05526876,-0.01260516,0.00000000,0.08920572,0.05526876,-0.01260516,0.00000000,can,621.9512,699.5053,-782.8753,16.46156865,44.11499883,1217.9269
3.740000,455.919537,-38.898947,-18.034238,248.519035,-21.458766,-12.669379,0.99182497,-0.11203975,0.06051713,-0.00824646,-12.27721820,-1.00671576,-2.39054839,11.2754,1218.0507,457.4881,0.07253056,-0.09900022,0.729279,0.00000000,0.00000000,0.00000000,0.00000000,0.08920572,0.05526876,-0.01260516,0.00000000,0.08920572,0.05526876,-0.01260516,0.00000000,can,610.2923,644.2698,-603.9181,16.46159108,44.11499680,1218.0507
3.750000,458.407061,-39.111243,-18.163547,248.987362,-21.025304,-13.173077,0.98433224,-0.16702968,0.05370906,-0.01750612,-9.68287724,-1.23597472,-2.92414092,11.2720,1218.1802,459.9841,0.04833976,-0.08292515,0.730584,0.00000000,0.00000000,0.00000000,0.00000000,-0.04945100,-0.05139025,-0.01260516,0.00000000,-0.04945100,-0.05139025,-0.01260516,0.00000000,can,589.0865,550.5572,-279.5916,16.46161356,44.11499481,1218.1802
3.760000,460.899390,-39.319725,-18.296643,249.478595,-20.697430,-13.425276,0.97629673,-0.20958440,0.04536581,-0.02934304,-7.34342753,-1.35448460,-3.23160741,11.2687,1218.3135,462.4847,0.02858944,-0.05875592,0.731953,0.00000000,0.00000000,0.00000000,0.00000000,-0.04945100,-0.05139025,-0.01260516,0.00000000,-0.04945100,-0.05139025,-0.01260516,0.00000000,can,567.9755,378.1253,-146.5189,16.46163607,44.11499286,1218.3135
3.770000,463.396629,-39.525737,-18.431567,249.968084,-20.532180,-13.533029,0.96892895,-0.24099585,0.03602911,-0.04242160,-5.22951361,-1.41159033,-3.27786268,11.2656,1218.4486,464.9899,0.01175093,-0.02859659,0.733342,0.00000000,0.00000000,0.00000000,0.00000000,-0.04945100,-0.05139025,-0.01260516,0.00000000,-0.04945100,-0.05139025,-0.01260516,0.00000000,can,546.9188,164.0279,-33.1663,16.46165863,44.11499093,1218.4486
3.780000,465.898680,-39.730900,-18.566733,250.437624,-20.525418,-13.470812,0.96303869,-0.26231222,0.02614558,-0.05536419,-3.26427290,-1.43514889,-3.06171770,11.2625,1218.5840,467.4999,-0.00255490,0.00389938,0.734691,0.00000000,0.00000000,0.00000000,0.00000000,-0.04945100,-0.05139025,-0.01260516,0.00000000,-0.04945100,-0.05139025,-0.01260516,0.00000000,can,516.5452,-62.5901,64.3572,16.46168124,44.11498901,1218.5840
3.790000,468.405293,-39.936724,-18.700379,250.879462,-20.661189,-13.228657,0.95909247,-0.27459894,0.01604585,-0.06692971,-1.55262681,-1.46037285,-2.63713263,11.2596,1218.7178,470.0144,-0.01529152,0.03533161,0.735974,0.00000000,0.00000000,0.00000000,0.00000000,-0.04945100,-0.05139025,-0.00193925,0.00000000,-0.04945100,-0.05139025,-0.00193925,0.00000000,can,495.8396,-274.6209,159.1955,16.46170389,44.11498708,1218.7178
3.800000,470.916118,-40.144474,-18.830702,251.277107,-20.905915,-12.807342,0.95731804,-0.27877803,0.00608825,-0.07607834,0.06545511,-1.44065440,-2.01745372,11.2567,1218.8483,472.5333,-0.02760236,0.06289837,0.737133,0.00000000,0.00000000,0.00000000,0.00000000,-0.04945100,-0.05139025,-0.00193925,0.00000000,-0.04945100,-0.05139025,-0.00193925,0.00000000,can,465.6777,-470.5763,244.7620,16.46172657,44.11498513,1218.8483
3.810000,473.430684,-40.355131,-18.955984,251.626946,-21.236103,-12.224246,0.95783150,-0.27535418,-0.00325550,-0.08202621,1.58711611,-1.35251247,-1.26545147,11.2540,1218.9738,475.0562,-0.04029535,0.08427983,0.738159,0.00000000,0.00000000,0.00000000,0.00000000,-0.04945100,-0.05139025,-0.00193925,0.00000000,-0.04945100,-0.05139025,-0.00193925,0.00000000,can,435.5418,-621.3956,334.6671,16.46174929,44.11498316,1218.9738
3.820000,475.948480,-40.569347,-19.074732,251.925325,-21.611566,-11.505657,0.96054216,-0.26479086,-0.01147985,-0.08433727,3.01054346,-1.17181200,-0.45017052,11.2514,1219.0927,477.5826,-0.05343934,0.09766611,0.739036,0.00000000,0.00000000,0.00000000,0.00000000,-0.04945100,-0.05139025,-0.00193925,0.00000000,-0.04945100,-0.05139025,-0.00193925,0.00000000,can,415.4068,-714.2271,429.8299,16.46177204,44.11498116,1219.0927
3.830000,478.469065,-40.787385,-19.185760,252.186324,-21.994054,-10.686592,0.96515979,-0.24750900,-0.01807740,-0.08294020,4.33208565,-0.88416006,0.35175099,11.2489,1219.2039,480.1121,-0.06642956,0.10196431,0.739802,0.00000000,0.00000000,0.00000000,0.00000000,-0.04945100,-0.05139025,-0.00193925,0.00000000,-0.04945100,-0.05139025,-0.00193925,0.00000000,can,395.2374,-741.1702,524.9404,16.46179481,44.11497912,1219.2039
3.840000,480.992092,-41.009123,-19.288265,252.414586,-22.345648,-9.807973,0.97121044,-0.22390935,-0.02260368,-0.07812778,5.54733650,-0.49284153,1.06231289,11.2465,1219.3066,482.6443,-0.07805396,0.09690073,0.740467,0.00000000,0.00000000,0.00000000,0.00000000,-0.04945100,-0.05139025,-0.00193925,0.00000000,-0.04945100,-0.05139025,-0.00193925,0.00000000,can,365.5705,-700.0980,611.2582,16.46181760,44.11497704,1219.3066
3.850000,483.517314,-41.234090,-19.381859,252.627315,-22.634936,-8.911560,0.97807170,-0.19439633,-0.02473713,-0.07052588,6.65295581,-0.01882846,1.61018080,11.2442,1219.4004,485.1790,-0.08672427,0.08310828,0.741076,0.00000000,0.00000000,0.00000000,0.00000000,-0.04945100,-0.05139025,-0.00193925,0.00000000,-0.04945100,-0.05139025,-0.00193925,0.00000000,can,335.5993,-595.7148,677.3984,16.46184042,44.11497493,1219.4004
3.860000,486.044606,-41.461523,-19.466572,252.831460,-22.835765,-8.037797,0.98339062,-0.16940371,-0.02167215,-0.06144587,3.59670782,1.26426392,2.02941816,11.2420,1219.4853,487.7160,-0.09079701,0.06215148,0.741644,0.00000000,0.00000000,0.00000000,0.00000000,0.10278050,0.06593466,-0.00193925,0.00000000,0.10278050,0.06593466,-0.00193925,0.00000000,can,315.0985,-463.4205,529.7627,16.46186325,44.11497280,1219.4853
3.870000,488.573941,-41.690840,-19.543532,253.036151,-23.008354,-7.370266,0.98595118,-0.15826855,-0.01150552,-0.05214361,0.84081165,2.37299171,2.24568456,11.2400,1219.5625,490.2552,-0.08472686,0.03779380,0.742232,0.00000000,0.00000000,0.00000000,0.00000000,0.10278050,0.06593466,-0.00193925,0.00000000,0.10278050,0.06593466,-0.00193925,0.00000000,can,285.2346,-282.5492,496.7640,16.46188610,44.11497066,1219.5625
3.880000,491.105374,-41.921323,-19.614423,253.250962,-23.071283,-6.835754,0.98621696,-0.15970451,0.00428429,-0.04303750,-1.63013745,3.20745966,2.32872809,11.2380,1219.6336,492.7966,-0.06496263,0.01381371,0.742831,0.00000000,0.00000000,0.00000000,0.00000000,0.10278050,0.06593466,-0.00193925,0.00000000,0.10278050,0.06593466,-0.00193925,0.00000000,can,255.2259,-108.7467,364.2081,16.46190897,44.11496850,1219.6336
3.890000,493.638961,-42.151945,-19.680917,253.466808,-23.038729,-6.500757,0.98412576,-0.17248849,0.02392779,-0.03422977,-3.86629399,3.71660619,2.31871941,11.2362,1219.7003,495.3401,-0.03550115,-0.00917517,0.743422,0.00000000,0.00000000,0.00000000,0.00000000,0.10278050,0.06593466,-0.00193925,0.00000000,0.10278050,0.06593466,-0.00193925,0.00000000,can,234.7539,57.0882,159.0052,16.46193186,44.11496634,1219.7003
3.900000,496.174659,-42.381832,-19.745265,253.668295,-22.927224,-6.412193,0.97927377,-0.19567314,0.04555656,-0.02568081,-5.95458482,3.89303589,2.22480380,11.2345,1219.7648,497.8857,-0.00070103,-0.03166198,0.743965,0.00000000,0.00000000,0.00000000,0.00000000,0.10278050,0.06593466,-0.00193925,0.00000000,0.10278050,0.06593466,-0.00193925,0.00000000,can,205.1172,219.1930,-82.9339,16.46195477,44.11496419,1219.7648
3.910000,498.712226,-42.610293,-19.810072,253.837897,-22.756961,-6.595130,0.97103669,-0.22858824,0.06733888,-0.01733880,-7.94869406,3.76335803,2.03220024,11.2329,1219.8298,500.4330,0.03509387,-0.05441947,0.744419,0.00000000,0.00000000,0.00000000,0.00000000,0.10278050,0.06593466,-0.00193925,0.00000000,0.10278050,0.06593466,-0.00193925,0.00000000,can,185.3511,386.0417,-335.2421,16.46197770,44.11496205,1219.8298
3.920000,501.251227,-42.836860,-19.878098,253.950875,-22.553497,-7.055357,0.95951497,-0.26727471,0.08839479,-0.00903408,-8.50826216,3.66840932,1.96536424,11.2313,1219.8981,502.9815,0.06776596,-0.07791020,0.744721,0.00000000,0.00000000,0.00000000,0.00000000,0.10278050,0.06593466,-0.09017534,0.00000000,0.10278050,0.06593466,-0.09017534,0.00000000,can,165.7653,496.9717,-635.3321,16.46200064,44.11495993,1219.8981
3.930000,503.790941,-43.061713,-19.952164,253.977287,-22.418537,-7.798093,0.94517068,-0.30814772,0.10815028,-0.00094333,-9.07723752,3.39137352,1.71766746,11.2298,1219.9723,505.5307,0.09553070,-0.10283754,0.744820,0.00000000,0.00000000,0.00000000,0.00000000,0.10278050,0.06593466,-0.09017534,0.00000000,0.10278050,0.06593466,-0.09017534,0.00000000,can,147.0694,680.0662,-837.8398,16.46202358,44.11495782,1219.9723
3.940000,506.330451,-43.285299,-20.034831,253.907927,-22.304441,-8.770609,0.92785865,-0.35112320,0.12550032,0.00636413,-9.62544562,2.99812174,1.27830359,11.2285,1220.0552,508.0795,0.11806967,-0.12825589,0.744677,0.00000000,0.00000000,0.00000000,0.00000000,0.10278050,0.06593466,-0.09017534,0.00000000,0.10278050,0.06593466,-0.09017534,0.00000000,can,128.7715,862.5551,-1002.1482,16.46204653,44.11495573,1220.0552
3.950000,508.868753,-43.507959,-20.128211,253.737083,-22.238003,-9.932599,0.90751539,-0.39594287,0.13962519,0.01224215,-10.12127400,2.56792735,0.65222011,11.2271,1220.1488,510.6271,0.13375489,-0.15206102,0.744287,0.00000000,0.00000000,0.00000000,0.00000000,0.10278050,0.06593466,-0.09017534,0.00000000,0.10278050,0.06593466,-0.09017534,0.00000000,can,120.6445,1027.7669,-1116.1321,16.46206946,44.11495364,1220.1488
3.960000,511.404894,-43.730313,-20.233936,253.476222,-22.247480,-11.229485,0.88410577,-0.44224929,0.15005113,0.01603769,-10.55445634,2.17812229,-0.12281294,11.2259,1220.2547,513.1724,0.14195609,-0.17191685,0.743691,0.00000000,0.00000000,0.00000000,0.00000000,0.10278050,0.06593466,-0.09017534,0.00000000,0.10278050,0.06593466,-0.09017534,0.00000000,can,103.0155,1160.2809,-1174.8284,16.46209237,44.11495156,1220.2547
3.970000,513.938014,-43.953231,-20.353035,253.138044,-22.354288,-12.596616,0.85754298,-0.48967055,0.15667445,0.01720170,-10.94375721,1.89568669,-0.98426391,11.2247,1220.3740,515.7148,0.14317477,-0.18557538,0.742931,0.00000000,0.00000000,0.00000000,0.00000000,0.10278050,0.06593466,-0.09017534,0.00000000,0.10278050,0.06593466,-0.09017534,0.00000000,can,94.8453,1245.3475,-1182.6516,16.46211526,44.11494947,1220.3740
3.980000,516.467505,-44.177786,-20.485890,252.753607,-22.577285,-13.969587,0.82763407,-0.53783651,0.15974089,0.01538145,-11.30680331,1.76147090,-1.85076407,11.2235,1220.5071,518.2538,0.13895470,-0.19131230,0.742095,0.00000000,0.00000000,0.00000000,0.00000000,0.10278050,0.06593466,-0.09017534,0.00000000,0.10278050,0.06593466,-0.09017534,0.00000000,hold,76.2780,1275.2528,-1151.9090,16.46213811,44.11494737,1220.5071
3.990000,518.993032,-44.405202,-20.632232,252.351042,-22.928084,-15.284072,0.79805715,-0.58124852,0.15860872,0.00991024,-9.10648505,1.24246911,-2.79199090,11.2224,1220.6536,520.7890,0.13164262,-0.18829713,0.741258,0.00000000,0.00000000,0.00000000,0.00000000,-0.00193925,0.00096963,-0.09017534,0.00000000,-0.00193925,0.00096963,-0.09017534,0.00000000,can,66.8109,1273.0902,-981.5562,16.46216093,44.11494524,1220.6536
4.000000,521.514662,-44.636275,-20.791106,251.978813,-23.308048,-16.467217,0.77327697,-0.61539432,0.15274917,0.00050904,-7.00107806,0.81322539,-3.61430542,11.2213,1220.8127,523.3206,0.12407093,-0.17439967,0.740516,0.00000000,0.00000000,0.00000000,0.00000000,-0.00193925,0.00096963,-0.09017534,0.00000000,-0.00193925,0.00096963,-0.09017534,0.00000000,can,56.5789,1170.1886,-929.1217,16.46218371,44.11494308,1220.8127
4.010000,524.032734,-44.871747,-20.960994,251.643770,-23.803544,-17.476161,0.75387620,-0.64118231,0.14287121,-0.01198949,-5.01311664,0.41976779,-4.21621859,11.2203,1220.9828,525.8491,0.11741127,-0.14879704,0.739902,0.00000000,0.00000000,0.00000000,0.00000000,-0.00193925,0.00096963,-0.09017534,0.00000000,-0.00193925,0.00096963,-0.09017534,0.00000000,can,46.2052,984.3077,-883.2604,16.46220646,44.11494087,1220.9828
4.020000,526.547727,-45.112641,-21.139851,251.366173,-24.387970,-18.252907,0.73999840,-0.65944940,0.12974992,-0.02634045,-3.19980265,0.02269038,-4.54153439,11.2193,1221.1619,528.3750,0.11201551,-0.11395731,0.739449,0.00000000,0.00000000,0.00000000,0.00000000,-0.00193925,0.00096963,-0.09017534,0.00000000,-0.00193925,0.00096963,-0.09017534,0.00000000,can,45.3505,729.8961,-846.7716,16.46222918,44.11493862,1221.1619
4.030000,529.060262,-45.359697,-21.325124,251.150463,-25.030116,-18.753368,0.72722856,-0.67585902,0.11277405,-0.04043779,-4.09098344,-0.81917271,-5.04722458,11.2183,1221.3474,530.8989,0.10702063,-0.07302910,0.739146,0.00000000,0.00000000,0.00000000,0.00000000,-0.00193925,0.00096963,0.07757019,0.00000000,-0.00193925,0.00096963,0.07757019,0.00000000,can,35.2046,543.6726,-702.1922,16.46225188,44.11493630,1221.3474
4.040000,531.570967,-45.612776,-21.514358,250.999272,-25.585800,-19.041081,0.71121645,-0.69494384,0.09191354,-0.05268884,-4.88121535,-1.50113616,-5.22829080,11.2174,1221.5368,533.4216,0.09850079,-0.02789288,0.738960,0.00000000,0.00000000,0.00000000,0.00000000,-0.00193925,0.00096963,0.07757019,0.00000000,-0.00193925,0.00096963,0.07757019,0.00000000,can,24.9933,213.0614,-647.6557,16.46227456,44.11493394,1221.5368
4.050000,534.080438,-45.871313,-21.704869,250.901695,-26.111158,-19.007060,0.69191953,-0.71594991,0.06893479,-0.06253863,-5.60086381,-2.01113344,-5.09420223,11.2165,1221.7275,535.9435,0.08446881,0.01919715,0.738853,0.00000000,0.00000000,0.00000000,0.00000000,-0.00193925,0.00096963,0.07757019,0.00000000,-0.00193925,0.00096963,0.07757019,0.00000000,can,15.4531,-121.9935,-553.0904,16.46229724,44.11493151,1221.7275
4.060000,536.589104,-46.134692,-21.893416,250.836192,-26.545269,-18.649612,0.66931167,-0.73831117,0.04560381,-0.06956144,-6.27949506,-2.35577510,-4.67297071,11.2156,1221.9163,538.4650,0.06743786,0.06554041,0.738739,0.00000000,0.00000000,0.00000000,0.00000000,-0.00193925,0.00096963,0.07757019,0.00000000,-0.00193925,0.00096963,0.07757019,0.00000000,can,15.4151,-453.2709,-436.2136,16.46231990,44.11492905,1221.9163
4.070000,539.097186,-46.401739,-22.076845,250.779607,-26.836730,-17.989588,0.64337275,-0.76165375,0.02354258,-0.07349030,-6.94216215,-2.55971190,-4.00573018,11.2148,1222.0999,540.9862,0.04959957,0.10853179,0.738541,0.00000000,0.00000000,0.00000000,0.00000000,-0.00193925,0.00096963,0.07757019,0.00000000,-0.00193925,0.00096963,0.07757019,0.00000000,can,6.2701,-758.0113,-312.1170,16.46234256,44.11492655,1222.0999
4.080000,541.604678,-46.670827,-22.252363,250.716394,-26.949162,-17.077696,0.61410130,-0.78572498,0.00415290,-0.07415253,-7.59095013,-2.66345503,-3.12902068,11.2139,1222.2757,543.5070,0.03271106,0.14588553,0.738216,0.00000000,0.00000000,0.00000000,0.00000000,-0.00193925,0.00096963,0.07757019,0.00000000,-0.00193925,0.00096963,0.07757019,0.00000000,can,7.3974,-1013.9071,-194.1352,16.46236522,44.11492403,1222.2757
4.090000,544.111420,-46.940059,-22.417796,250.627107,-26.863902,-15.985420,0.58062354,-0.81096103,-0.01096601,-0.07140209,-8.66943484,-2.62603827,-1.96133922,11.2131,1222.4413,546.0271,0.01794464,0.17562803,0.737721,0.00000000,0.00000000,0.00000000,0.00000000,0.03781547,-0.00872665,0.07757019,0.00000000,0.03781547,-0.00872665,0.07757019,0.00000000,can,-1.0389,-1241.1391,-112.2995,16.46238786,44.11492151,1222.4413
4.100000,546.617123,-47.207492,-22.571567,250.510367,-26.590688,-14.759369,0.54214859,-0.83749284,-0.02069912,-0.06520890,-9.65573510,-2.59885711,-0.73432336,11.2123,1222.5953,548.5461,0.00654306,0.19530602,0.737070,0.00000000,0.00000000,0.00000000,0.00000000,0.03781547,-0.00872665,0.07757019,0.00000000,0.03781547,-0.00872665,0.07757019,0.00000000,can,0.1996,-1360.9999,-33.0715,16.46241050,44.11491900,1222.5953
4.110000,549.121558,-47.471274,-22.712929,250.374592,-26.138406,-13.517326,0.49874508,-0.86459983,-0.02496978,-0.05565064,-10.56408778,-2.63006576,0.45840790,11.2116,1222.7369,551.0634,-0.00107579,0.20341528,0.736318,0.00000000,0.00000000,0.00000000,0.00000000,0.03781547,-0.00872665,0.07757019,0.00000000,0.03781547,-0.00872665,0.07757019,0.00000000,can,-8.3164,-1403.6976,19.6628,16.46243313,44.11491653,1222.7369
4.120000,551.624630,-47.729777,-22.842123,250.242161,-25.541266,-12.338325,0.45039437,-0.89147066,-0.02418793,-0.04289414,-11.40467457,-2.74025727,1.52324273,11.2108,1222.8663,553.5789,-0.00642036,0.19995916,0.735554,0.00000000,0.00000000,0.00000000,0.00000000,0.03781547,-0.00872665,0.07757019,0.00000000,0.03781547,-0.00872665,0.07757019,0.00000000,can,-7.9361,-1370.2319,56.0655,16.46245574,44.11491411,1222.8663
4.130000,554.126446,-47.981758,-22.960149,250.124476,-24.841322,-11.294896,0.39705754,-0.91718864,-0.01917701,-0.02724990,-12.18018455,-2.91898548,2.37810823,11.2101,1222.9845,556.0927,-0.01158799,0.18598204,0.734836,0.00000000,0.00000000,0.00000000,0.00000000,0.03781547,-0.00872665,0.07757019,0.00000000,0.03781547,-0.00872665,0.07757019,0.00000000,can,-17.4135,-1268.3344,90.4926,16.46247834,44.11491175,1222.9845
4.140000,556.627232,-48.226418,-23.068673,250.037193,-24.085314,-10.446721,0.33887408,-0.94072165,-0.01106030,-0.00920945,-12.85093694,-3.12677306,2.96777627,11.2094,1223.0933,558.6048,-0.01874583,0.16359303,0.734228,0.00000000,0.00000000,0.00000000,0.00000000,0.03781547,-0.00872665,0.07757019,0.00000000,0.03781547,-0.00872665,0.07757019,0.00000000,can,-27.2026,-1110.7446,137.9000,16.46250094,44.11490946,1223.0933
4.150000,559.127279,-48.463447,-23.169897,249.977361,-23.323304,-9.841243,0.28348073,-0.95892857,0.00080738,0.00969649,-10.46653490,-2.71401669,3.91067121,11.2087,1223.1947,561.1154,-0.02963979,0.13582228,0.733740,0.00000000,0.00000000,0.00000000,0.00000000,0.03781547,-0.00872665,-0.12023379,0.00000000,0.03781547,-0.00872665,-0.12023379,0.00000000,can,-27.6918,-1047.6333,81.5503,16.46252353,44.11490724,1223.1947
4.160000,561.626856,-48.692936,-23.265607,249.942432,-22.586643,-9.349142,0.23797864,-0.97072099,0.01750760,0.02757562,-8.30275448,-2.19770898,4.66202220,11.2080,1223.2907,563.6250,-0.04455146,0.10209577,0.733355,0.00000000,0.00000000,0.00000000,0.00000000,0.03781547,-0.00872665,-0.12023379,0.00000000,0.03781547,-0.00872665,-0.12023379,0.00000000,can,-28.0139,-802.1354,187.7199,16.46254611,44.11490510,1223.2907
4.170000,564.126187,-48.915586,-23.357840,249.923504,-21.970571,-9.143854,0.20175507,-0.97773986,0.03820421,0.04312892,-6.33887260,-1.53884108,5.16520040,11.2074,1223.3831,566.1337,-0.06071332,0.06150081,0.733091,0.00000000,0.00000000,0.00000000,0.00000000,0.03781547,-0.00872665,-0.12023379,0.00000000,0.03781547,-0.00872665,-0.12023379,0.00000000,can,-37.7643,-507.0988,303.9925,16.46256869,44.11490301,1223.3831
4.180000,566.625279,-49.133021,-23.449359,249.891680,-21.554760,-9.199866,0.17415683,-0.98123760,0.06174337,0.05504477,-4.53014340,-0.73560858,5.38158487,11.2067,1223.4749,568.6418,-0.07556033,0.01583975,0.732881,0.00000000,0.00000000,0.00000000,0.00000000,0.03781547,-0.00872665,-0.12023379,0.00000000,0.03781547,-0.00872665,-0.12023379,0.00000000,can,-37.6022,-181.5500,411.9130,16.46259127,44.11490098,1223.4749
4.190000,569.123910,-49.347526,-23.542547,249.826826,-21.391152,-9.468064,0.15462599,-0.98219242,0.08673896,0.06217071,-2.83844533,0.18399037,5.28601684,11.2061,1223.5683,571.1491,-0.08622382,-0.03276633,0.732674,0.00000000,0.00000000,0.00000000,0.00000000,0.03781547,-0.00872665,-0.12023379,0.00000000,0.03781547,-0.00872665,-0.12023379,0.00000000,can,-37.3429,157.3318,491.4813,16.46261384,44.11489897,1223.5683
4.200000,571.621616,-49.561798,-23.639222,249.701064,-21.511927,-9.885878,0.14267611,-0.98138831,0.11166385,0.06365292,-1.24591549,1.16090521,4.87817518,11.2055,1223.6652,573.6555,-0.08993329,-0.08187169,0.732393,0.00000000,0.00000000,0.00000000,0.00000000,0.03781547,-0.00872665,-0.12023379,0.00000000,0.03781547,-0.00872665,-0.12023379,0.00000000,can,-46.3673,502.4460,523.3392,16.46263641,44.11489696,1223.6652
4.210000,574.117638,-49.778737,-23.740522,249.489557,-21.922714,-10.380633,0.13216346,-0.98028984,0.13459285,0.05873164,-1.99380828,2.49955946,4.11992328,11.2049,1223.7667,576.1604,-0.08434641,-0.12874638,0.731962,0.00000000,0.00000000,0.00000000,0.00000000,0.09987161,0.07563094,-0.12023379,0.00000000,0.09987161,0.07563094,-0.12023379,0.00000000,can,-45.0995,839.1093,393.3261,16.46265896,44.11489493,1223.7667
4.220000,576.611171,-50.001338,-23.846442,249.203138,-22.637993,-10.795903,0.11746909,-0.97994257,0.15377628,0.04760702,-2.67744964,3.62904768,3.15165716,11.2043,1223.8729,578.6634,-0.06802968,-0.16926858,0.731402,0.00000000,0.00000000,0.00000000,0.00000000,0.09987161,0.07563094,-0.12023379,0.00000000,0.09987161,0.07563094,-0.12023379,0.00000000,can,-43.6493,1102.4873,289.9225,16.46268149,44.11489284,1223.8729
4.230000,579.101416,-50.232236,-23.956125,248.834199,-23.574856,-11.117816,0.09897676,-0.98026944,0.16819285,0.03140992,-3.29320065,4.50631549,2.05811122,11.2037,1223.9828,581.1638,-0.04162199,-0.20034143,0.730671,0.00000000,0.00000000,0.00000000,0.00000000,0.09987161,0.07563094,-0.12023379,0.00000000,0.09987161,0.07563094,-0.12023379,0.00000000,can,-42.2468,1294.4464,115.5973,16.46270398,44.11489068,1223.9828
4.240000,581.587621,-50.473404,-24.068207,248.396771,-24.681830,-11.263632,0.07710338,-0.98107283,0.17725517,0.01147894,-3.84064648,5.11318248,0.92618666,11.2031,1224.0951,583.6610,-0.00767448,-0.22108960,0.729787,0.00000000,0.00000000,0.00000000,0.00000000,0.09987161,0.07563094,-0.12023379,0.00000000,0.09987161,0.07563094,-0.12023379,0.00000000,can,-49.9365,1415.4556,-107.6580,16.46272645,44.11488843,1224.0951
4.250000,584.069203,-50.726240,-24.180600,247.913541,-25.898230,-11.171430,0.05225794,-0.98207555,0.18077994,-0.01073929,-4.33175634,5.44546053,-0.17760645,11.2026,1224.2077,586.1547,0.03117490,-0.23151845,0.728793,0.00000000,0.00000000,0.00000000,0.00000000,0.09987161,0.07563094,-0.12023379,0.00000000,0.09987161,0.07563094,-0.12023379,0.00000000,can,-48.1325,1469.5234,-363.4835,16.46274887,44.11488606,1224.2077
4.260000,586.545793,-50.991509,-24.290686,247.400449,-27.156555,-10.795926,0.02482664,-0.98296751,0.17893163,-0.03379329,-4.77152914,5.52151972,-1.19889143,11.2020,1224.3180,588.6444,0.07232234,-0.23234044,0.727711,0.00000000,0.00000000,0.00000000,0.00000000,0.09987161,0.07563094,-0.12023379,0.00000000,0.09987161,0.07563094,-0.12023379,0.00000000,can,-46.4588,1463.2843,-640.7636,16.46277124,44.11488357,1224.3180
4.270000,589.017150,-51.269269,-24.395493,246.868783,-28.384266,-10.114186,-0.01024239,-0.98368739,0.17124266,-0.05413094,-7.41483011,4.89021677,-2.54169405,11.2015,1224.4231,591.1301,0.11338151,-0.22476934,0.726548,0.00000000,0.00000000,0.00000000,0.00000000,0.09987161,0.07563094,0.05817764,0.00000000,0.09987161,0.07563094,0.05817764,0.00000000,can,-44.7216,1519.9486,-801.1673,16.46279357,44.11488097,1224.4231
4.280000,591.483011,-51.559307,-24.492505,246.303709,-29.598616,-9.241007,-0.05752465,-0.98336921,0.15790338,-0.06886527,-9.86181666,4.21650935,-3.63799445,11.2009,1224.5203,593.6113,0.14787002,-0.20913913,0.725287,0.00000000,0.00000000,0.00000000,0.00000000,0.09987161,0.07563094,0.05817764,0.00000000,0.09987161,0.07563094,0.05817764,0.00000000,can,-52.9924,1408.6166,-1031.3919,16.46281585,44.11487826,1224.5203
4.290000,593.943282,-51.860603,-24.579474,245.756880,-30.622906,-8.116348,-0.11611074,-0.98018066,0.14027289,-0.07802363,-12.17859774,3.60029476,-4.49014826,11.2004,1224.6075,596.0880,0.17084746,-0.18772770,0.724005,0.00000000,0.00000000,0.00000000,0.00000000,0.09987161,0.07563094,0.05817764,0.00000000,0.09987161,0.07563094,0.05817764,0.00000000,can,-52.0567,1259.5381,-1178.2025,16.46283807,44.11487544,1224.6075
4.300000,596.398317,-52.170898,-24.654222,245.260281,-31.387976,-6.809237,-0.18514791,-0.97194455,0.11961069,-0.08208127,-14.39938812,3.10585327,-5.10849972,11.1999,1224.6825,598.5602,0.18459472,-0.16307583,0.722773,0.00000000,0.00000000,0.00000000,0.00000000,0.09987161,0.07563094,0.05817764,0.00000000,0.09987161,0.07563094,0.05817764,0.00000000,can,-51.6073,1090.4525,-1262.5921,16.46286026,44.11487253,1224.6825
4.310000,598.848714,-52.487318,-24.715311,244.829556,-31.840377,-5.398176,-0.26355104,-0.95625794,0.09702836,-0.08183581,-16.52896543,2.76032661,-5.50971920,11.1994,1224.7438,601.0284,0.19197592,-0.13718219,0.721619,0.00000000,0.00000000,0.00000000,0.00000000,0.09987161,0.07563094,0.05817764,0.00000000,0.09987161,0.07563094,0.05817764,0.00000000,can,-61.0977,913.3426,-1305.7199,16.46288239,44.11486957,1224.7438
4.320000,601.295129,-52.806549,-24.762124,244.465624,-31.946984,-3.968077,-0.34980408,-0.93065386,0.07345962,-0.07825716,-18.55941805,2.55705951,-5.71197188,11.1990,1224.7908,603.4929,0.19594044,-0.11179886,0.720536,0.00000000,0.00000000,0.00000000,0.00000000,0.09987161,0.07563094,0.05817764,0.00000000,0.09987161,0.07563094,0.05817764,0.00000000,can,-60.8704,736.1434,-1326.8549,16.46290450,44.11486658,1224.7908
4.330000,603.738258,-53.125083,-24.794889,244.170697,-31.702176,-2.602487,-0.44183156,-0.89279480,0.04968628,-0.07234353,-20.47134267,2.46281431,-5.73732047,11.1985,1224.8238,605.9540,0.19905207,-0.08861059,0.719529,0.00000000,0.00000000,0.00000000,0.00000000,0.09987161,0.07563094,0.05817764,0.00000000,0.09987161,0.07563094,0.05817764,0.00000000,can,-60.5227,575.0835,-1342.1405,16.46292657,44.11486360,1224.8238
4.340000,606.178730,-53.439480,-24.814655,243.931713,-31.124832,-1.380592,-0.53695768,-0.84068767,0.02637227,-0.06500151,-22.24363861,2.42874272,-5.61335069,11.1980,1224.8438,608.4122,0.20309695,-0.06934703,0.718569,0.00000000,0.00000000,0.00000000,0.00000000,0.09987161,0.07563094,0.05817764,0.00000000,0.09987161,0.07563094,0.05817764,0.00000000,hold,-59.9057,442.4512,-1362.6365,16.46294862,44.11486065,1224.8438
4.350000,608.617018,-53.746608,-24.823206,243.730611,-30.257087,-0.369400,-0.62186980,-0.78117231,0.00496112,-0.05498326,-18.75382827,1.23942882,-5.40389203,11.1976,1224.8526,610.8676,0.20877647,-0.05568444,0.717622,0.00000000,0.00000000,0.00000000,0.00000000,-0.06108653,-0.13671746,0.05817764,0.00000000,-0.06108653,-0.13671746,0.05817764,0.00000000,can,-58.9699,317.7265,-1162.4554,16.46297065,44.11485778,1224.8526
4.360000,611.053507,-54.044768,-24.823403,243.569912,-29.348349,0.288907,-0.68760320,-0.72487428,-0.01299029,-0.03987952,-15.48997181,-0.11320918,-5.36496891,11.1971,1224.8531,613.3204,0.21239722,-0.04357912,0.716793,0.00000000,0.00000000,0.00000000,0.00000000,-0.06108653,-0.13671746,0.05817764,0.00000000,-0.06108653,-0.13671746,0.05817764,0.00000000,can,-58.3961,236.9271,-1186.6621,16.46299266,44.11485499,1224.8531
4.370000,613.488445,-54.333235,-24.818309,243.419341,-28.337746,0.683246,-0.73727515,-0.67478946,-0.02671329,-0.01925988,-12.40524917,-1.52639443,-5.38275294,11.1967,1224.8482,615.7708,0.20757302,-0.02580235,0.715967,0.00000000,0.00000000,0.00000000,0.00000000,-0.06108653,-0.13671746,0.05817764,0.00000000,-0.06108653,-0.13671746,0.05817764,0.00000000,can,-67.7577,118.7478,-1161.5167,16.46301466,44.11485229,1224.8482
4.380000,615.921958,-54.611571,-24.810677,243.286374,-27.341258,0.795853,-0.77356311,-0.63269598,-0.03539426,0.00656905,-9.48991959,-2.91641201,-5.32643097,11.1963,1224.8408,618.2189,0.19333305,-0.00049625,0.715206,0.00000000,0.00000000,0.00000000,0.00000000,-0.06108653,-0.13671746,0.05817764,0.00000000,-0.06108653,-0.13671746,0.05817764,0.00000000,can,-67.6964,-47.0358,-1080.4410,16.46303664,44.11484968,1224.8408
4.390000,618.354227,-54.880479,-24.803310,243.169420,-26.469689,0.633643,-0.79709001,-0.60157645,-0.03821152,0.03596070,-5.73098762,-4.03104090,-4.85133368,11.1958,1224.8337,620.6649,0.16924935,0.03228009,0.714546,0.00000000,0.00000000,0.00000000,0.00000000,-0.06108653,-0.13671746,-0.01745329,0.00000000,-0.06108653,-0.13671746,-0.01745329,0.00000000,can,-67.8897,-306.5612,-988.5133,16.46305862,44.11484716,1224.8337
4.400000,620.785336,-55.141552,-24.799065,243.051104,-25.788967,0.178689,-0.80857930,-0.58359780,-0.03417597,0.06667182,-2.27495799,-5.03523669,-4.05757781,11.1954,1224.8297,623.1091,0.13546428,0.07000286,0.713957,0.00000000,0.00000000,0.00000000,0.00000000,-0.06108653,-0.13671746,-0.01745329,0.00000000,-0.06108653,-0.13671746,-0.01745329,0.00000000,can,-67.8854,-551.9674,-788.1090,16.46308058,44.11484472,1224.8297
4.410000,623.215188,-55.397246,-24.800354,242.912812,-25.403247,-0.460399,-0.80986913,-0.57816321,-0.02252385,0.09660214,0.90847099,-5.81927735,-2.91649175,11.1950,1224.8312,625.5516,0.09163437,0.10783591,0.713422,0.00000000,0.00000000,0.00000000,0.00000000,-0.06108653,-0.13671746,-0.01745329,0.00000000,-0.06108653,-0.13671746,-0.01745329,0.00000000,can,-77.4571,-793.3663,-515.9114,16.46310254,44.11484232,1224.8312
4.420000,625.643422,-55.650743,-24.808613,242.725083,-25.353782,-1.201307,-0.80209798,-0.58432601,-0.00310825,0.12325701,3.85681013,-6.24159473,-1.45539674,11.1946,1224.8397,627.9923,0.03702230,0.13951208,0.712869,0.00000000,0.00000000,0.00000000,0.00000000,-0.06108653,-0.13671746,-0.01745329,0.00000000,-0.06108653,-0.13671746,-0.01745329,0.00000000,can,-76.8987,-987.1630,-168.1926,16.46312447,44.11483995,1224.8397
4.430000,628.069472,-55.905480,-24.824433,242.472656,-25.649583,-1.958396,-0.78584466,-0.60096946,0.02342600,0.14399689,6.59892105,-6.17608309,0.21241435,11.1942,1224.8558,630.4309,-0.02704492,0.15821402,0.712257,0.00000000,0.00000000,0.00000000,0.00000000,-0.06108653,-0.13671746,-0.01745329,0.00000000,-0.06108653,-0.13671746,-0.01745329,0.00000000,can,-75.9550,-1090.6572,235.4992,16.46314639,44.11483756,1224.8558
4.440000,630.492596,-56.164840,-24.847566,242.137217,-26.274934,-2.651507,-0.76136997,-0.62669935,0.05552788,0.15646197,9.08508727,-5.54888942,1.88381081,11.1938,1224.8792,632.8670,-0.09626398,0.15763256,0.711529,0.00000000,0.00000000,0.00000000,0.00000000,-0.06108653,-0.13671746,-0.01745329,0.00000000,-0.06108653,-0.13671746,-0.01745329,0.00000000,can,-74.6011,-1074.1625,682.5484,16.46316829,44.11483514,1224.8792
4.450000,632.911898,-56.431965,-24.877024,241.707660,-27.192931,-3.214136,-0.72883064,-0.65978647,0.09069309,0.15894178,11.26766499,-4.33377033,3.30697283,11.1935,1224.9089,635.3000,-0.16334676,0.13364958,0.710644,0.00000000,0.00000000,0.00000000,0.00000000,-0.06108653,-0.13671746,-0.01745329,0.00000000,-0.06108653,-0.13671746,-0.01745329,0.00000000,can,-72.8344,-911.3455,1106.0988,16.46319014,44.11483263,1224.9089
4.460000,635.326452,-56.709429,-24.911238,241.188344,-28.328662,-3.594785,-0.69321263,-0.69392379,0.12406154,0.15011581,10.57312337,-2.12474973,4.41816360,11.1931,1224.9433,637.7292,-0.21916370,0.08600413,0.709591,0.00000000,0.00000000,0.00000000,0.00000000,0.09308422,-0.07853982,-0.01745329,0.00000000,0.09308422,-0.07853982,-0.01745329,0.00000000,can,-80.0080,-649.1359,1313.9663,16.46321196,44.11483004,1224.9433
4.470000,637.735600,-56.998508,-24.948462,240.634656,-29.503986,-3.808481,-0.65949003,-0.72467543,0.15115948,0.13064930,9.94648224,0.19402080,4.79787714,11.1927,1224.9808,640.1540,-0.25194946,0.02105772,0.708465,0.00000000,0.00000000,0.00000000,0.00000000,0.09308422,-0.07853982,-0.01745329,0.00000000,0.09308422,-0.07853982,-0.01745329,0.00000000,can,-68.1796,-216.9690,1503.8575,16.46323372,44.11482733,1224.9808
4.480000,640.139006,-57.299692,-24.986535,240.042069,-30.736016,-3.763025,-0.62766494,-0.75269263,0.17001278,0.10288917,9.36690939,2.37760035,4.49844831,11.1924,1225.0191,642.5742,-0.25503842,-0.04963976,0.707257,0.00000000,0.00000000,0.00000000,0.00000000,0.09308422,-0.07853982,-0.01745329,0.00000000,0.09308422,-0.07853982,-0.01745329,0.00000000,can,-76.1514,237.5451,1523.2899,16.46325544,44.11482451,1225.0191
4.490000,642.536417,-57.613206,-25.022833,239.441451,-31.959505,-3.453965,-0.59758049,-0.77834747,0.17953283,0.06957545,8.81921160,4.18438579,3.64111552,11.1920,1225.0556,644.9896,-0.22991632,-0.11668879,0.706032,0.00000000,0.00000000,0.00000000,0.00000000,0.09308422,-0.07853982,-0.01745329,0.00000000,0.09308422,-0.07853982,-0.01745329,0.00000000,can,-75.3256,662.1154,1389.8866,16.46327710,44.11482157,1225.0556
4.500000,644.927910,-57.938605,-25.054797,238.863445,-33.099792,-2.901992,-0.56895762,-0.80180172,0.17960213,0.03382772,8.29541788,5.40861239,2.37385753,11.1917,1225.0879,647.4001,-0.18042225,-0.17233562,0.704848,0.00000000,0.00000000,0.00000000,0.00000000,0.09308422,-0.07853982,-0.01745329,0.00000000,0.09308422,-0.07853982,-0.01745329,0.00000000,can,-75.0390,989.7794,1112.3943,16.46329870,44.11481853,1225.0879
4.510000,647.313853,-58.274651,-25.080175,238.335279,-34.075624,-2.141594,-0.54227876,-0.82262608,0.17093721,-0.00074130,7.39598084,5.89333711,0.83322909,11.1914,1225.1135,649.8061,-0.11298406,-0.21070042,0.703746,0.00000000,0.00000000,0.00000000,0.00000000,0.09308422,-0.07853982,0.01454441,0.00000000,0.09308422,-0.07853982,0.01454441,0.00000000,can,-74.8785,1222.1517,737.9376,16.46332026,44.11481538,1225.1135
4.520000,649.694769,-58.619383,-25.096977,237.858129,-34.824380,-1.192525,-0.51812919,-0.84054971,0.15509669,-0.03103781,6.54238606,5.74338031,-0.67955026,11.1911,1225.1305,652.2079,-0.03692418,-0.22779574,0.702702,0.00000000,0.00000000,0.00000000,0.00000000,0.09308422,-0.07853982,0.01454441,0.00000000,0.09308422,-0.07853982,0.01454441,0.00000000,can,-84.1022,1306.5413,267.6918,16.46334177,44.11481215,1225.1305
4.530000,652.071234,-58.970152,-25.103559,237.444615,-35.279527,-0.105642,-0.49635798,-0.85591193,0.13418749,-0.05511120,5.74058353,5.05200537,-2.00170838,11.1908,1225.1374,654.6058,0.03779352,-0.22347521,0.701719,0.00000000,0.00000000,0.00000000,0.00000000,0.09308422,-0.07853982,0.01454441,0.00000000,0.09308422,-0.07853982,0.01454441,0.00000000,can,-83.7808,1269.9982,-191.3533,16.46336324,44.11480887,1225.1374
4.540000,654.443840,-59.323941,-25.098803,237.084470,-35.427578,1.066096,-0.47683919,-0.86905571,0.11050854,-0.07179427,4.99273313,3.95696222,-3.00429445,11.1905,1225.1328,657.0002,0.10351076,-0.20089796,0.700760,0.00000000,0.00000000,0.00000000,0.00000000,0.09308422,-0.07853982,0.01454441,0.00000000,0.09308422,-0.07853982,0.01454441,0.00000000,can,-83.0548,1129.4285,-604.8840,16.46338468,44.11480556,1225.1328
4.550000,656.813065,-59.677713,-25.082163,236.767024,-35.281267,2.259804,-0.45946222,-0.88029889,0.08640221,-0.08064116,4.29667797,2.58338721,-3.61377025,11.1902,1225.1165,659.3912,0.15505272,-0.16487247,0.699801,0.00000000,0.00000000,0.00000000,0.00000000,0.09308422,-0.07853982,0.01454441,0.00000000,0.09308422,-0.07853982,0.01454441,0.00000000,can,-82.3228,909.6034,-919.4671,16.46340608,44.11480224,1225.1165
4.560000,659.179300,-60.028724,-25.053763,236.485808,-34.882947,3.407081,-0.44414060,-0.88991854,0.06401437,-0.08176972,3.64548175,1.07274082,-3.83098262,11.1899,1225.0883,661.7791,0.18971709,-0.12088665,0.698843,0.00000000,0.00000000,0.00000000,0.00000000,0.09308422,-0.07853982,0.01454441,0.00000000,0.09308422,-0.07853982,0.01454441,0.00000000,can,-81.9366,638.6670,-1122.8755,16.46342746,44.11479896,1225.0883
4.570000,661.542904,-60.374672,-25.014385,236.241145,-34.276303,4.446587,-0.43083371,-0.89811375,0.04506393,-0.07578426,3.02917708,-0.43809355,-3.68925517,11.1896,1225.0492,664.1639,0.20663152,-0.07420297,0.697903,0.00000000,0.00000000,0.00000000,0.00000000,0.09308422,-0.07853982,0.01454441,0.00000000,0.09308422,-0.07853982,0.01454441,0.00000000,can,-81.8195,344.0253,-1222.4278,16.46344881,44.11479572,1225.0492
4.580000,663.904250,-60.713726,-24.965339,236.034611,-33.513674,5.335300,-0.42044434,-0.90463555,0.02946527,-0.06318915,2.09040766,-1.76212762,-3.83138436,11.1893,1225.0004,666.5458,0.20634929,-0.02925138,0.697009,0.00000000,0.00000000,0.00000000,0.00000000,-0.01454441,0.05623839,0.01454441,0.00000000,-0.01454441,0.05623839,0.01454441,0.00000000,can,-82.0707,202.2095,-1239.6510,16.46347015,44.11479254,1225.0004
4.590000,666.263642,-61.044959,-24.907770,235.842319,-32.721261,6.143815,-0.41376898,-0.90912112,0.01671039,-0.04488625,1.20305871,-2.87104730,-3.69941753,11.1893,1224.9431,668.9251,0.19076340,0.01349139,0.696153,0.00000000,0.00000000,0.00000000,0.00000000,-0.01454441,0.05623839,0.01454441,0.00000000,-0.01454441,0.05623839,0.01454441,0.00000000,can,-144.2661,-60.6267,-1155.6724,16.46349146,44.11478944,1224.9431
4.600000,668.621068,-61.367984,-24.843214,235.650148,-31.878885,6.729024,-0.41060521,-0.91150446,0.00726966,-0.02258623,0.38172557,-3.69417604,-3.34755581,11.1893,1224.8788,671.3018,0.16291618,0.05333736,0.695271,0.00000000,0.00000000,0.00000000,0.00000000,-0.01454441,0.05623839,0.01454441,0.00000000,-0.01454441,0.05623839,0.01454441,0.00000000,can,-144.6299,-304.3523,-1002.9575,16.46351276,44.11478642,1224.8788
4.610000,670.976774,-61.682508,-24.774001,235.496189,-31.028589,7.072110,-0.41069327,-0.91177068,0.00127261,0.00190834,-0.37029138,-4.20719180,-2.83683393,11.1893,1224.8098,673.6759,0.12611030,0.08834610,0.694487,0.00000000,0.00000000,0.00000000,0.00000000,-0.01454441,0.05623839,0.01454441,0.00000000,-0.01454441,0.05623839,0.01454441,0.00000000,can,-144.6313,-517.0411,-795.7568,16.46353405,44.11478347,1224.8098
4.620000,673.331069,-61.988688,-24.702625,235.364985,-30.217883,7.160820,-0.41381018,-0.90996541,-0.00138863,0.02687308,-1.06354331,-4.41451675,-2.21197834,11.1893,1224.7387,676.0479,0.08395395,0.11735584,0.693772,0.00000000,0.00000000,0.00000000,0.00000000,-0.01454441,0.05623839,0.01454441,0.00000000,-0.01454441,0.05623839,0.01454441,0.00000000,can,-144.4892,-688.3299,-547.3500,16.46355532,44.11478061,1224.7387
4.630000,675.684081,-62.287151,-24.631621,235.236220,-29.491701,6.999967,-0.42343248,-0.90444858,-0.00157273,0.05172264,-3.31022933,-4.62228164,-1.85170637,11.1893,1224.6679,678.4179,0.03993685,0.13977882,0.693085,0.00000000,0.00000000,0.00000000,0.00000000,-0.01454441,0.05623839,0.13962634,0.00000000,-0.01454441,0.05623839,0.13962634,0.00000000,can,-144.1166,-744.9218,-213.3815,16.46357657,44.11477781,1224.6679
4.640000,678.035723,-62.579346,-24.563348,235.087136,-28.967801,6.619142,-0.44257273,-0.89350509,-0.00056576,0.07601129,-5.40622458,-4.54065218,-1.49290146,11.1893,1224.5999,680.7860,-0.00270792,0.15721032,0.692409,0.00000000,0.00000000,0.00000000,0.00000000,-0.01454441,0.05623839,0.13962634,0.00000000,-0.01454441,0.05623839,0.13962634,0.00000000,can,-143.5085,-839.9524,38.4699,16.46359782,44.11477508,1224.5999
4.650000,680.385691,-62.866951,-24.499921,234.898493,-28.576328,6.034568,-0.47025568,-0.87701615,0.00084075,0.09849649,-7.32717530,-4.23057939,-1.12766359,11.1893,1224.5367,683.1520,-0.04118669,0.17211605,0.691661,0.00000000,0.00000000,0.00000000,0.00000000,-0.01454441,0.05623839,0.13962634,0.00000000,-0.01454441,0.05623839,0.13962634,0.00000000,can,-142.6410,-920.1831,266.9891,16.46361905,44.11477238,1224.5367
4.660000,682.733506,-63.151364,-24.443239,234.654235,-28.331514,5.276189,-0.50526538,-0.85482813,0.00208049,0.11820083,-9.05495426,-3.77054776,-0.73312679,11.1893,1224.4803,685.5156,-0.07265559,0.18583307,0.690805,0.00000000,0.00000000,0.00000000,0.00000000,-0.01454441,0.05623839,0.13962634,0.00000000,-0.01454441,0.05623839,0.13962634,0.00000000,can,-141.2496,-991.8460,457.6084,16.46364026,44.11476972,1224.4803
4.670000,685.078563,-63.434085,-24.394837,234.346652,-28.237455,4.386369,-0.54622590,-0.82677423,0.00288614,0.13443703,-10.57060998,-3.24357356,-0.28612840,11.1893,1224.4322,687.8763,-0.09518133,0.19880356,0.689826,0.00000000,0.00000000,0.00000000,0.00000000,-0.01454441,0.05623839,0.13962634,0.00000000,-0.01454441,0.05623839,0.13962634,0.00000000,can,-139.7395,-1058.0927,593.9618,16.46366145,44.11476707,1224.4322
4.680000,687.420234,-63.716598,-24.355788,233.978148,-28.288343,3.414061,-0.59173880,-0.79264442,0.00325665,0.14679714,-11.91832940,-2.72913470,0.22015202,11.1893,1224.3934,690.2336,-0.10785040,0.21048133,0.688735,0.00000000,0.00000000,0.00000000,0.00000000,-0.01454441,0.05623839,0.13962634,0.00000000,-0.01454441,0.05623839,0.13962634,0.00000000,can,-138.3167,-1115.8603,670.2042,16.46368261,44.11476443,1224.3934
4.690000,689.757960,-64.000293,-24.326660,233.560321,-28.471528,2.410460,-0.64050874,-0.75210489,0.00337389,0.15516254,-13.14164524,-2.30160593,0.77372104,11.1893,1224.3645,692.5871,-0.11076893,0.21957608,0.687565,0.00000000,0.00000000,0.00000000,0.00000000,-0.01454441,0.05623839,0.13962634,0.00000000,-0.01454441,0.05623839,0.13962634,0.00000000,can,-137.2024,-1157.0543,687.6013,16.46370373,44.11476177,1224.3645
4.700000,692.091335,-64.286411,-24.307524,233.110955,-28.769805,1.423394,-0.68658467,-0.70895471,0.00514507,0.16111560,-11.70217810,-2.58267302,1.13924465,11.1893,1224.3456,694.9364,-0.10504625,0.22449823,0.686365,0.00000000,0.00000000,0.00000000,0.00000000,-0.17647218,-0.02424068,0.13962634,0.00000000,-0.17647218,-0.02424068,0.13962634,0.00000000,can,-136.4719,-1129.5614,787.7529,16.46372481,44.11475909,1224.3456
4.710000,694.420038,-64.576609,-24.297858,232.628522,-29.284452,0.523998,-0.72547728,-0.66776912,0.01032486,0.16631453,-10.33803792,-2.90246906,1.47562647,11.1893,1224.3362,697.2815,-0.09810088,0.22392216,0.685172,0.00000000,0.00000000,0.00000000,0.00000000,-0.17647218,-0.02424068,0.13962634,0.00000000,-0.17647218,-0.02424068,0.13962634,0.00000000,can,-136.1519,-1119.9791,741.6531,16.46374585,44.11475638,1224.3362
4.720000,696.743888,-64.872404,-24.296722,232.140543,-29.890331,-0.278953,-0.75803824,-0.62914625,0.01877518,0.17088159,-9.04299141,-3.20889681,1.76258704,11.1893,1224.3353,699.6224,-0.09773742,0.21807284,0.684015,0.00000000,0.00000000,0.00000000,0.00000000,-0.17647218,-0.02424068,0.13962634,0.00000000,-0.17647218,-0.02424068,0.13962634,0.00000000,can,-135.8965,-1083.0796,734.2860,16.46376684,44.11475361,1224.3353
4.730000,699.062832,-65.174739,-24.303041,231.647166,-30.593224,-0.963360,-0.78501395,-0.59353185,0.03012486,0.17483001,-7.81521658,-3.45322701,1.98800368,11.1893,1224.3419,701.9589,-0.10417004,0.20826661,0.682897,0.00000000,0.00000000,0.00000000,0.00000000,-0.17647218,-0.02424068,0.13962634,0.00000000,-0.17647218,-0.02424068,0.13962634,0.00000000,can,-135.6939,-1026.0144,766.8477,16.46378779,44.11475078,1224.3419
4.740000,701.376805,-65.484597,-24.315519,231.145802,-31.394394,-1.507214,-0.80707261,-0.56124744,0.04379917,0.17809193,-6.65820586,-3.59517108,2.14775842,11.1893,1224.3546,704.2912,-0.11682157,0.19568032,0.681809,0.00000000,0.00000000,0.00000000,0.00000000,-0.17647218,-0.02424068,0.13962634,0.00000000,-0.17647218,-0.02424068,0.13962634,0.00000000,can,-135.4443,-953.5539,834.5191,16.46380870,44.11474787,1224.3546
4.750000,703.685704,-65.802940,-24.332654,230.631256,-32.289304,-1.891948,-0.82483463,-0.53250595,0.05907570,0.18054171,-5.57810462,-3.60554368,2.24365757,11.1893,1224.3720,706.6192,-0.13449212,0.18127149,0.680735,0.00000000,0.00000000,0.00000000,0.00000000,-0.17647218,-0.02424068,0.13962634,0.00000000,-0.17647218,-0.02424068,0.13962634,0.00000000,can,-135.0504,-872.3670,930.8977,16.46382956,44.11474489,1224.3720
4.760000,705.989364,-66.130660,-24.352786,230.096910,-33.266877,-2.105351,-0.83715212,-0.51073163,0.07555432,0.18061304,-3.07145626,-3.11450220,2.63189026,11.1893,1224.3924,708.9430,-0.15556155,0.16573534,0.679652,0.00000000,0.00000000,0.00000000,0.00000000,-0.17647218,-0.02424068,-0.00193925,0.00000000,-0.17647218,-0.02424068,-0.00193925,0.00000000,can,-134.4478,-861.9734,965.8199,16.46385037,44.11474182,1224.3924
4.770000,708.287583,-66.468332,-24.374619,229.543702,-34.276444,-2.231161,-0.84327895,-0.49907603,0.09268550,0.17667234,-0.75101700,-2.45965501,2.95889768,11.1893,1224.4145,711.2622,-0.17788917,0.14627162,0.678541,0.00000000,0.00000000,0.00000000,0.00000000,-0.17647218,-0.02424068,-0.00193925,0.00000000,-0.17647218,-0.02424068,-0.00193925,0.00000000,can,-133.7557,-750.5876,1083.4446,16.46387114,44.11473866,1224.4145
4.780000,710.580187,-66.816301,-24.396803,228.975381,-35.319571,-2.175476,-0.84404995,-0.49716965,0.10934746,0.16865692,1.40915342,-1.65568517,3.16329951,11.1893,1224.4370,713.5769,-0.19820018,0.12021743,0.677413,0.00000000,0.00000000,0.00000000,0.00000000,-0.17647218,-0.02424068,-0.00193925,0.00000000,-0.17647218,-0.02424068,-0.00193925,0.00000000,can,-133.1336,-598.6628,1186.8790,16.46389185,44.11473541,1224.4370
4.790000,712.867076,-67.174708,-24.417532,228.402503,-36.358060,-1.941507,-0.83986380,-0.50455551,0.12438236,0.15678509,3.43585227,-0.74096758,3.18662746,11.1893,1224.4580,715.8868,-0.21377086,0.08798925,0.676282,0.00000000,0.00000000,0.00000000,0.00000000,-0.17647218,-0.02424068,-0.00193925,0.00000000,-0.17647218,-0.02424068,-0.00193925,0.00000000,can,-132.6223,-409.3996,1264.5600,16.46391251,44.11473205,1224.4580
4.800000,715.148258,-67.543332,-24.435079,227.835871,-37.358166,-1.542260,-0.83073242,-0.52072471,0.13667344,0.14159728,5.35597713,0.22845250,2.96850345,11.1893,1224.4758,718.1921,-0.22199388,0.05085262,0.675161,0.00000000,0.00000000,0.00000000,0.00000000,-0.17647218,-0.02424068,-0.00193925,0.00000000,-0.17647218,-0.02424068,-0.00193925,0.00000000,can,-132.2657,-192.2935,1303.6038,16.46393312,44.11472860,1224.4758
4.810000,717.423846,-67.921658,-24.447897,227.285176,-38.294939,-1.000173,-0.81897247,-0.54147716,0.14385642,0.12406410,5.36348882,1.54416901,2.49760468,11.1893,1224.4888,720.4928,-0.22064040,0.01104495,0.674067,0.00000000,0.00000000,0.00000000,0.00000000,-0.08629684,0.05720802,-0.00193925,0.00000000,-0.08629684,0.05720802,-0.00193925,0.00000000,can,-132.1064,29.8632,1208.0580,16.46395368,44.11472506,1224.4888
4.820000,719.694192,-68.308647,-24.454889,226.789559,-39.087615,-0.382594,-0.80694174,-0.56294879,0.14422747,0.10550886,5.37023778,2.68374899,1.78411579,11.1893,1224.4961,722.7891,-0.20676099,-0.02639884,0.673068,0.00000000,0.00000000,0.00000000,0.00000000,-0.08629684,0.05720802,-0.00193925,0.00000000,-0.08629684,0.05720802,-0.00193925,0.00000000,can,-132.2820,237.9171,1141.6085,16.46397419,44.11472143,1224.4961
4.830000,721.959784,-68.703056,-24.455300,226.337517,-39.774747,0.308990,-0.79440954,-0.58500613,0.13808796,0.08725264,5.37225233,3.56004312,0.89493624,11.1893,1224.4968,725.0814,-0.17922909,-0.05632525,0.672151,0.00000000,0.00000000,0.00000000,0.00000000,-0.08629684,0.05720802,-0.00193925,0.00000000,-0.08629684,0.05720802,-0.00193925,0.00000000,can,-132.6493,402.9678,1005.9278,16.46399466,44.11471774,1224.4968
4.840000,724.221146,-69.103704,-24.448611,225.946285,-40.331484,1.029640,-0.78114060,-0.60738722,0.12618443,0.07055216,5.35691274,4.11649970,-0.08581431,11.1893,1224.4903,727.3701,-0.14078409,-0.07613474,0.671348,0.00000000,0.00000000,0.00000000,0.00000000,-0.08629684,0.05720802,-0.00193925,0.00000000,-0.08629684,0.05720802,-0.00193925,0.00000000,can,-133.0879,509.1181,811.6490,16.46401509,44.11471399,1224.4903
4.850000,726.478957,-69.509167,-24.434776,225.628724,-40.733179,1.729782,-0.76696228,-0.62973689,0.10959266,0.05647800,5.31909638,4.33925031,-1.07218810,11.1893,1224.4768,729.6558,-0.09510837,-0.08411568,0.670678,0.00000000,0.00000000,0.00000000,0.00000000,-0.08629684,0.05720802,-0.00193925,0.00000000,-0.08629684,0.05720802,-0.00193925,0.00000000,can,-133.3665,547.0676,565.8346,16.46403549,44.11471019,1224.4768
4.860000,728.733982,-69.917776,-24.414242,225.388916,-40.958379,2.362201,-0.75176490,-0.65169920,0.08963995,0.04585156,5.27000090,4.22941727,-1.98004771,11.1893,1224.4565,731.9391,-0.04636128,-0.07964526,0.670137,0.00000000,0.00000000,0.00000000,0.00000000,-0.08629684,0.05720802,-0.00193925,0.00000000,-0.08629684,0.05720802,-0.00193925,0.00000000,can,-133.5012,514.5431,295.8220,16.46405586,44.11470637,1224.4565
4.870000,730.986970,-70.327719,-24.387893,225.218858,-41.000284,2.886812,-0.73671811,-0.67161006,0.06779889,0.03987057,4.47415049,3.67296883,-2.86778841,11.1893,1224.4304,734.2205,0.00129991,-0.06326578,0.669692,0.00000000,0.00000000,0.00000000,0.00000000,-0.08629684,0.05720802,0.06884354,0.00000000,-0.08629684,0.05720802,0.06884354,0.00000000,can,-133.4768,451.7158,68.2509,16.46407622,44.11470253,1224.4304
4.880000,733.238502,-70.737324,-24.356799,225.094945,-40.893362,3.305591,-0.72309951,-0.68812104,0.04563132,0.03917034,3.73233071,2.90630922,-3.50118729,11.1893,1224.3996,736.5005,0.04331900,-0.03589467,0.669293,0.00000000,0.00000000,0.00000000,0.00000000,-0.08629684,0.05720802,0.06884354,0.00000000,-0.08629684,0.05720802,0.06884354,0.00000000,can,-133.3062,289.7681,-166.2084,16.46409656,44.11469869,1224.3996
4.890000,735.488982,-71.145063,-24.322351,225.004913,-40.630693,3.554466,-0.71103904,-0.70138796,0.02460470,0.04327851,3.03539548,2.01214558,-3.85841109,11.1893,1224.3654,738.7793,0.07613879,-0.00026878,0.668897,0.00000000,0.00000000,0.00000000,0.00000000,-0.08629684,0.05720802,0.06884354,0.00000000,-0.08629684,0.05720802,0.06884354,0.00000000,can,-133.0282,86.7222,-353.5218,16.46411689,44.11469487,1224.3654
4.900000,737.738638,-71.549516,-24.286326,224.926369,-40.242077,3.619217,-0.70068199,-0.71158986,0.00594225,0.05147150,2.38277974,1.06389625,-3.94194452,11.1893,1224.3296,741.0570,0.09865120,0.03992316,0.668455,0.00000000,0.00000000,0.00000000,0.00000000,-0.08629684,0.05720802,0.06884354,0.00000000,-0.08629684,0.05720802,0.06884354,0.00000000,can,-132.5812,-139.2012,-483.1217,16.46413722,44.11469109,1224.3296
4.910000,739.987479,-71.949606,-24.250604,224.838802,-39.764440,3.493740,-0.69215428,-0.71894304,-0.00940961,0.06288731,1.77670135,0.12328666,-3.78061582,11.1893,1224.2942,743.3336,0.11071470,0.08124243,0.667931,0.00000000,0.00000000,0.00000000,0.00000000,-0.08629684,0.05720802,0.06884354,0.00000000,-0.08629684,0.05720802,0.06884354,0.00000000,can,-131.9139,-371.7728,-553.7194,16.46415753,44.11468734,1224.2942
4.920000,742.235328,-72.344642,-24.217069,224.725863,-39.237951,3.184298,-0.68554073,-0.72369404,-0.02080618,0.07660258,1.22063083,-0.75630312,-3.40829410,11.1893,1224.2609,745.6087,0.11283308,0.12075998,0.667303,0.00000000,0.00000000,0.00000000,0.00000000,-0.08629684,0.05720802,0.06884354,0.00000000,-0.08629684,0.05720802,0.06884354,0.00000000,can,-131.0493,-587.9904,-569.2875,16.46417784,44.11468364,1224.2609
4.930000,744.481875,-72.734336,-24.187468,224.577134,-38.702651,2.711196,-0.68086203,-0.72611915,-0.02787155,0.09165726,0.72171091,-1.53310303,-2.86169331,11.1893,1224.2316,747.8820,0.10595394,0.15617665,0.666566,0.00000000,0.00000000,0.00000000,0.00000000,-0.08629684,0.05720802,0.06884354,0.00000000,-0.08629684,0.05720802,0.06884354,0.00000000,can,-129.9763,-771.1932,-536.0204,16.46419814,44.11467999,1224.2316
4.940000,746.726737,-73.118799,-24.163291,224.388406,-38.198252,2.104272,-0.67897491,-0.72571551,-0.03061151,0.10673801,-0.19553002,-2.07399534,-2.09835557,11.1893,1224.2077,750.1532,0.09134878,0.18574242,0.665733,0.00000000,0.00000000,0.00000000,0.00000000,-0.04072435,0.05720802,0.06884354,0.00000000,-0.04072435,0.05720802,0.06884354,0.00000000,can,-128.8988,-938.1379,-481.5739,16.46421842,44.11467639,1224.2077
4.950000,748.969501,-73.498422,-24.145822,224.158177,-37.740158,1.375301,-0.68060070,-0.72205492,-0.02933861,0.12065913,-1.02944587,-2.46805183,-1.28173191,11.1893,1224.1905,752.4219,0.07141968,0.20749532,0.664811,0.00000000,0.00000000,0.00000000,0.00000000,-0.04072435,0.05720802,0.06884354,0.00000000,-0.04072435,0.05720802,0.06884354,0.00000000,can,-127.8615,-1038.1045,-374.8637,16.46423868,44.11467284,1224.1905
4.960000,751.209781,-73.873920,-24.136016,223.892437,-37.377150,0.577536,-0.68550793,-0.71543155,-0.02448075,0.13280537,-1.80125066,-2.72075462,-0.46323225,11.1893,1224.1809,754.6877,0.04892053,0.22048206,0.663847,0.00000000,0.00000000,0.00000000,0.00000000,-0.04072435,0.05720802,0.06884354,0.00000000,-0.04072435,0.05720802,0.06884354,0.00000000,can,-127.0812,-1092.2979,-253.4154,16.46425892,44.11466932,1224.1809
4.970000,753.447255,-74.246349,-24.134384,223.598272,-37.128641,-0.254043,-0.69345740,-0.70602063,-0.01659474,0.14274562,-2.52799161,-2.84779379,0.31843852,11.1893,1224.1796,756.9505,0.02540985,0.22499554,0.662870,0.00000000,0.00000000,0.00000000,0.00000000,-0.04072435,0.05720802,0.06884354,0.00000000,-0.04072435,0.05720802,0.06884354,0.00000000,can,-126.5980,-1106.0134,-127.3453,16.46427914,44.11466584,1224.1796
4.980000,755.681679,-74.616910,-24.141096,223.283810,-37.004691,-1.085540,-0.70419676,-0.69390074,-0.00631343,0.15022923,-3.22229639,-2.86768525,1.03170868,11.1893,1224.1866,759.2101,0.00215038,0.22172358,0.661910,0.00000000,0.00000000,0.00000000,0.00000000,-0.04072435,0.05720802,0.06884354,0.00000000,-0.04072435,0.05720802,0.06884354,0.00000000,can,-126.3951,-1083.3967,-4.0523,16.46429933,44.11466237,1224.1866
4.990000,757.912890,-74.986873,-24.155984,222.956942,-37.009226,-1.883942,-0.71826150,-0.67813951,0.00549343,0.15555398,-4.38843316,-2.90692730,1.53629201,11.1893,1224.2017,761.4664,-0.01992265,0.21164340,0.660991,0.00000000,0.00000000,0.00000000,0.00000000,-0.04072435,0.05720802,0.11829454,0.00000000,-0.04072435,0.05720802,0.11829454,0.00000000,can,-126.4397,-1004.9881,136.5772,16.46431948,44.11465890,1224.2017
5.000000,760.140801,-75.357617,-24.178449,222.624613,-37.160024,-2.596089,-0.73599517,-0.65775325,0.01791740,0.15921912,-5.50521190,-2.87671709,1.91339848,11.1893,1224.2245,763.7196,-0.04012347,0.19667685,0.660138,0.00000000,0.00000000,0.00000000,0.00000000,-0.04072435,0.05720802,0.11829454,0.00000000,-0.04072435,0.05720802,0.11829454,0.00000000,can,-126.5249,-927.6332,243.4141,16.46433961,44.11465543,1224.2245
5.010000,762.365371,-75.730473,-24.207604,222.289001,-37.430344,-3.217970,-0.75679176,-0.63267355,0.03026073,0.16147662,-6.57226291,-2.79112433,2.15835149,11.1893,1224.2539,765.9696,-0.05834740,0.17891032,0.659343,0.00000000,0.00000000,0.00000000,0.00000000,-0.04072435,0.05720802,0.11829454,0.00000000,-0.04072435,0.05720802,0.11829454,0.00000000,can,-126.6135,-837.5835,340.9978,16.46435971,44.11465194,1224.2539
5.020000,764.586573,-76.106587,-24.242436,221.951032,-37.809116,-3.728420,-0.77997884,-0.60284710,0.04188302,0.16264746,-7.57856707,-2.66159452,2.27391120,11.1893,1224.2890,768.2167,-0.07461847,0.15997888,0.658601,0.00000000,0.00000000,0.00000000,0.00000000,-0.04072435,0.05720802,0.11829454,0.00000000,-0.04072435,0.05720802,0.11829454,0.00000000,can,-126.6911,-739.8306,427.8503,16.46437978,44.11464842,1224.2890
5.030000,766.804385,-76.486962,-24.281743,221.610872,-38.279648,-4.110719,-0.80480530,-0.56830394,0.05223586,0.16306590,-8.51111952,-2.49242349,2.27678676,11.1893,1224.3286,770.4609,-0.08902672,0.14141486,0.657902,0.00000000,0.00000000,0.00000000,0.00000000,-0.04072435,0.05720802,0.11829454,0.00000000,-0.04072435,0.05720802,0.11829454,0.00000000,can,-126.5864,-644.1042,504.3897,16.46439982,44.11464486,1224.3286
5.040000,769.018782,-76.872419,-24.324190,221.268022,-38.821827,-4.355197,-0.83050876,-0.52912689,0.06086646,0.16301904,-9.37516604,-2.28460702,2.19082450,11.1893,1224.3713,772.7022,-0.10162276,0.12452518,0.657233,0.00000000,0.00000000,0.00000000,0.00000000,-0.04072435,0.05720802,0.11829454,0.00000000,-0.04072435,0.05720802,0.11829454,0.00000000,can,-126.4039,-553.3269,571.1458,16.46441982,44.11464125,1224.3713
5.050000,771.229736,-77.263563,-24.368376,220.922275,-39.413178,-4.458914,-0.85585319,-0.48630845,0.06796080,0.16248306,-9.74039205,-2.12814601,2.18016786,11.1893,1224.4157,774.9407,-0.11230229,0.11029353,0.656580,0.00000000,0.00000000,0.00000000,0.00000000,-0.02811919,0.00290888,0.11829454,0.00000000,-0.02811919,0.00290888,0.11829454,0.00000000,can,-126.1670,-509.5301,646.2971,16.46443980,44.11463759,1224.4157
5.060000,773.437165,-77.660903,-24.413002,220.563400,-40.057774,-4.443512,-0.87985519,-0.44087670,0.07376095,0.16137504,-10.07858625,-1.93619473,2.12202133,11.1893,1224.4606,777.1763,-0.12140653,0.09828554,0.655918,0.00000000,0.00000000,0.00000000,0.00000000,-0.02811919,0.00290888,0.11829454,0.00000000,-0.02811919,0.00290888,0.11829454,0.00000000,can,-125.8833,-444.1951,692.7983,16.46445974,44.11463387,1224.4606
5.070000,775.641001,-78.064739,-24.456796,220.203706,-40.708829,-4.293413,-0.90217724,-0.39299948,0.07801422,0.15981681,-10.39249810,-1.71205171,2.03271726,11.1893,1224.5047,779.4090,-0.12932867,0.08811521,0.655257,0.00000000,0.00000000,0.00000000,0.00000000,-0.02811919,0.00290888,0.11829454,0.00000000,-0.02811919,0.00290888,0.11829454,0.00000000,can,-125.5699,-388.7539,733.0968,16.46447965,44.11463008,1224.5047
5.080000,777.841243,-78.475037,-24.498451,219.845227,-41.347054,-4.017847,-0.92251398,-0.34285728,0.08053737,0.15789422,-10.68401774,-1.46234115,1.92820103,11.1893,1224.5466,781.6389,-0.13565399,0.08000607,0.654591,0.00000000,0.00000000,0.00000000,0.00000000,-0.02811919,0.00290888,0.11829454,0.00000000,-0.02811919,0.00290888,0.11829454,0.00000000,can,-125.2410,-344.8356,765.0662,16.46449953,44.11462624,1224.5466
5.090000,780.037919,-78.891580,-24.536779,219.490863,-41.955025,-3.630242,-0.94058581,-0.29064035,0.08122313,0.15565771,-10.95416968,-1.19666546,1.82269090,11.1893,1224.5852,783.8659,-0.13998339,0.07395802,0.653921,0.00000000,0.00000000,0.00000000,0.00000000,-0.02811919,0.00290888,0.11829454,0.00000000,-0.02811919,0.00290888,0.11829454,0.00000000,can,-124.9140,-312.2658,786.5780,16.46451938,44.11462234,1224.5852
5.100000,782.231087,-79.313986,-24.570739,219.144401,-42.517549,-3.147438,-0.95613281,-0.23654830,0.08004342,0.15312740,-11.20325320,-0.92733550,1.72700622,11.1893,1224.6195,786.0900,-0.14199358,0.06976505,0.653250,0.00000000,0.00000000,0.00000000,0.00000000,-0.02811919,0.00290888,0.11829454,0.00000000,-0.02811919,0.00290888,0.11829454,0.00000000,can,-124.6060,-289.7783,795.6407,16.46453919,44.11461839,1224.6195
5.110000,784.420847,-79.741739,-24.599471,218.810001,-43.022585,-2.587910,-0.96891022,-0.18079150,0.07705007,0.15030207,-11.43106281,-0.66820174,1.64820132,11.1893,1224.6485,788.3113,-0.14148567,0.06705438,0.652584,0.00000000,0.00000000,0.00000000,0.00000000,-0.02811919,0.00290888,0.11829454,0.00000000,-0.02811919,0.00290888,0.11829454,0.00000000,can,-124.3311,-275.1876,792.5495,16.46455897,44.11461438,1224.6485
5.120000,786.607341,-80.174216,-24.622305,218.491852,-43.461194,-1.970829,-0.97868753,-0.12359380,0.07237070,0.14716579,-11.63714229,-0.43282697,1.58924957,11.1893,1224.6716,790.5299,-0.13842806,0.06534321,0.651929,0.00000000,0.00000000,0.00000000,0.00000000,-0.02811919,0.00290888,0.11829454,0.00000000,-0.02811919,0.00290888,0.11829454,0.00000000,hold,-124.0993,-265.9155,776.8728,16.46457873,44.11461033,1224.6716
5.130000,788.790752,-80.610720,-24.638763,218.194009,-43.827024,-1.316250,-0.98516016,-0.06875936,0.06611384,0.14269046,-10.41011390,0.04515959,1.83629460,11.1893,1224.6883,792.7460,-0.13298063,0.06409988,0.651294,0.00000000,0.00000000,0.00000000,0.00000000,-0.02811919,0.00290888,-0.02036217,0.00000000,-0.02811919,0.00290888,-0.02036217,0.00000000,can,-123.9157,-323.4128,685.4884,16.46459845,44.11460625,1224.6883
5.140000,790.971273,-81.050710,-24.648906,217.914810,-44.157854,-0.710059,-0.98878484,-0.01982133,0.05840695,0.13601574,-9.25692864,0.45918796,2.08936923,11.1893,1224.6987,794.9595,-0.12486666,0.06022973,0.650698,0.00000000,0.00000000,0.00000000,0.00000000,-0.02811919,0.00290888,-0.02036217,0.00000000,-0.02811919,0.00290888,-0.02036217,0.00000000,can,-123.8148,-300.6944,645.3514,16.46461815,44.11460213,1224.6987
5.150000,793.149153,-81.493592,-24.652967,217.667092,-44.403291,-0.104280,-0.99032813,0.02345772,0.04947683,0.12748324,-8.17570135,0.80370308,2.30851710,11.1893,1224.7031,797.1708,-0.11381297,0.05143529,0.650145,0.00000000,0.00000000,0.00000000,0.00000000,-0.02811919,0.00290888,-0.02036217,0.00000000,-0.02811919,0.00290888,-0.02036217,0.00000000,can,-123.7597,-251.9359,590.4244,16.46463783,44.11459798,1224.7031
5.160000,795.324740,-81.938456,-24.651079,217.456836,-44.552822,0.475447,-0.99037751,0.06137037,0.03956560,0.11756113,-7.16722258,1.08087151,2.46079388,11.1893,1224.7015,799.3801,-0.10079972,0.03804758,0.649643,0.00000000,0.00000000,0.00000000,0.00000000,-0.02811919,0.00290888,-0.02036217,0.00000000,-0.02811919,0.00290888,-0.02036217,0.00000000,can,-123.7787,-179.2518,525.2381,16.46465749,44.11459381,1224.7015
5.170000,797.498422,-82.384311,-24.643627,217.285834,-44.601433,1.004792,-0.98900900,0.09809253,0.02768851,0.10710934,-7.79800608,1.60414996,2.48581550,11.1893,1224.6943,801.5876,-0.08662457,0.02087491,0.649192,0.00000000,0.00000000,0.00000000,0.00000000,0.03781547,0.09890199,-0.02036217,0.00000000,0.03781547,0.09890199,-0.02036217,0.00000000,can,-123.6987,-74.7837,380.0222,16.46467712,44.11458964,1224.6943
5.180000,799.670612,-82.830143,-24.631551,217.157748,-44.549562,1.396633,-0.98569334,0.13736160,0.01313697,0.09678770,-8.37095010,2.01236756,2.45713442,11.1893,1224.6825,803.7937,-0.07048038,0.00190344,0.648801,0.00000000,0.00000000,0.00000000,0.00000000,0.03781547,0.09890199,-0.02036217,0.00000000,0.03781547,0.09890199,-0.02036217,0.00000000,can,-123.6164,23.8461,299.6184,16.46469675,44.11458547,1224.6825
5.190000,801.841675,-83.275016,-24.616020,217.059125,-44.411975,1.691126,-0.98002474,0.17888719,-0.00338041,0.08683005,-8.89788242,2.30092940,2.36851422,11.1893,1224.6673,805.9987,-0.05154100,-0.01768155,0.648439,0.00000000,0.00000000,0.00000000,0.00000000,0.03781547,0.09890199,-0.02036217,0.00000000,0.03781547,0.09890199,-0.02036217,0.00000000,can,-123.5262,124.8087,203.9817,16.46471636,44.11458130,1224.6673
5.200000,804.011865,-83.718145,-24.598131,216.981406,-44.203504,1.865343,-0.97164346,0.22239836,-0.02113293,0.07746843,-9.38833401,2.47703002,2.21238124,11.1893,1224.6496,808.2026,-0.03128940,-0.03771294,0.648089,0.00000000,0.00000000,0.00000000,0.00000000,0.03781547,0.09890199,-0.02036217,0.00000000,0.03781547,0.09890199,-0.02036217,0.00000000,can,-123.3926,227.6856,101.5146,16.46473597,44.11457715,1224.6496
5.210000,806.181337,-84.158908,-24.579163,216.913656,-43.941810,1.905111,-0.96024178,0.26763837,-0.03941189,0.06893564,-9.85052800,2.55560056,1.98330162,11.1893,1224.6310,810.4057,-0.01111587,-0.05781814,0.647732,0.00000000,0.00000000,0.00000000,0.00000000,0.03781547,0.09890199,-0.02036217,0.00000000,0.03781547,0.09890199,-0.02036217,0.00000000,can,-123.1826,331.8122,0.5207,16.46475557,44.11457302,1224.6310
5.220000,808.350131,-84.596875,-24.560498,216.843811,-43.648229,1.804492,-0.94555794,0.31437255,-0.05756965,0.06144766,-10.29627240,2.55801820,1.68334856,11.1893,1224.6126,812.6078,0.00778253,-0.07742593,0.647347,0.00000000,0.00000000,0.00000000,0.00000000,0.03781547,0.09890199,-0.02036217,0.00000000,0.03781547,0.09890199,-0.02036217,0.00000000,can,-122.9137,432.3568,-94.4409,16.46477517,44.11456892,1224.6126
5.230000,810.518167,-85.031848,-24.543534,216.760188,-43.347314,1.566231,-0.92736246,0.36238172,-0.07504811,0.05519182,-10.73167022,2.50858787,1.31590735,11.1893,1224.5959,814.8090,0.02447965,-0.09583404,0.646915,0.00000000,0.00000000,0.00000000,0.00000000,0.03781547,0.09890199,-0.02036217,0.00000000,0.03781547,0.09890199,-0.02036217,0.00000000,can,-122.6116,525.5367,-178.5968,16.46479475,44.11456485,1224.5959
5.240000,812.685257,-85.463879,-24.529597,216.653254,-43.063849,1.201604,-0.90544077,0.41145034,-0.09139121,0.05033170,-11.16336353,2.43310299,0.88794451,11.1893,1224.5822,817.0089,0.03837753,-0.11227523,0.646428,0.00000000,0.00000000,0.00000000,0.00000000,0.03781547,0.09890199,-0.02036217,0.00000000,0.03781547,0.09890199,-0.02036217,0.00000000,hold,-122.1576,606.8654,-248.9436,16.46481433,44.11456081,1224.5822
5.250000,814.851132,-85.893267,-24.519860,216.516465,-42.822820,0.729808,-0.87861247,0.46329423,-0.10578717,0.04698570,-12.43868165,2.18991241,0.24379433,11.1893,1224.5728,819.2074,0.04923130,-0.12597101,0.645883,0.00000000,0.00000000,0.00000000,0.00000000,0.03781547,0.09890199,0.06787391,0.00000000,0.03781547,0.09890199,0.06787391,0.00000000,can,-121.6669,712.4422,-265.2796,16.46483390,44.11455679,1224.5728
5.260000,817.015515,-86.320306,-24.515301,216.354885,-42.597590,0.170577,-0.84538861,0.51908827,-0.11757616,0.04518086,-13.62714957,2.00633301,-0.41893648,11.1893,1224.5685,821.4042,0.05593236,-0.13539234,0.645281,0.00000000,0.00000000,0.00000000,0.00000000,0.03781547,0.09890199,0.06787391,0.00000000,0.03781547,0.09890199,0.06787391,0.00000000,can,-121.1955,755.1373,-300.3362,16.46485346,44.11455279,1224.5685
5.270000,819.178130,-86.745497,-24.516609,216.163658,-42.455719,-0.436545,-0.80511248,0.57767337,-0.12676668,0.04491763,-14.73361182,1.91704086,-1.06849409,11.1893,1224.5701,823.5992,0.05777675,-0.13937533,0.644650,0.00000000,0.00000000,0.00000000,0.00000000,0.03781547,0.09890199,0.06787391,0.00000000,0.03781547,0.09890199,0.06787391,0.00000000,can,-120.8242,770.1614,-310.0715,16.46487299,44.11454881,1224.5701
5.280000,821.338712,-87.169737,-24.524053,215.949462,-42.408919,-1.049985,-0.75717836,0.63774275,-0.13354535,0.04616011,-15.76180437,1.93978604,-1.66561997,11.1893,1224.5778,825.7920,0.05638871,-0.13746427,0.644017,0.00000000,0.00000000,0.00000000,0.00000000,0.03781547,0.09890199,0.06787391,0.00000000,0.03781547,0.09890199,0.06787391,0.00000000,can,-120.5826,755.4797,-302.7713,16.46489251,44.11454483,1224.5778
5.290000,823.497069,-87.594010,-24.537491,215.720016,-42.462804,-1.628527,-0.70110425,0.69782701,-0.13823355,0.04880343,-16.70557604,2.07210792,-2.16905604,11.1893,1224.5916,827.9827,0.05386854,-0.12970833,0.643406,0.00000000,0.00000000,0.00000000,0.00000000,0.03781547,0.09890199,0.06787391,0.00000000,0.03781547,0.09890199,0.06787391,0.00000000,can,-120.4647,711.6487,-289.1478,16.46491201,44.11454086,1224.5916
5.300000,825.653085,-88.019325,-24.556376,215.482247,-42.616513,-2.133043,-0.64116783,0.75266422,-0.14009592,0.05266423,-15.27252477,1.79854994,-2.59971163,11.1893,1224.6107,830.1712,0.05247397,-0.11684788,0.642836,0.00000000,0.00000000,0.00000000,0.00000000,-0.08047907,-0.02133180,0.06787391,0.00000000,-0.08047907,-0.02133180,0.06787391,0.00000000,can,-120.3939,641.8519,-176.4167,16.46493149,44.11453688,1224.6107
5.310000,827.806826,-88.446198,-24.579815,215.265901,-42.771772,-2.536281,-0.58261727,0.79881534,-0.13835302,0.05752911,-13.92149748,1.54866704,-2.99081825,11.1893,1224.6345,832.3576,0.05350142,-0.09954646,0.642328,0.00000000,0.00000000,0.00000000,0.00000000,-0.08047907,-0.02133180,0.06787391,0.00000000,-0.08047907,-0.02133180,0.06787391,0.00000000,can,-120.3891,550.6646,-182.8715,16.46495095,44.11453288,1224.6345
5.320000,829.958418,-88.874977,-24.606686,215.053768,-42.992011,-2.815178,-0.52633286,0.83738293,-0.13336731,0.06306120,-12.66402891,1.29832465,-3.31515826,11.1893,1224.6616,834.5422,0.05620044,-0.07804008,0.641870,0.00000000,0.00000000,0.00000000,0.00000000,-0.08047907,-0.02133180,0.06787391,0.00000000,-0.08047907,-0.02133180,0.06787391,0.00000000,can,-120.3444,437.2300,-197.6336,16.46497039,44.11452887,1224.6616
5.330000,832.107939,-89.306136,-24.635635,214.852510,-43.241601,-2.949649,-0.47291458,0.86939873,-0.12556499,0.06878285,-11.49490013,1.02508180,-3.54996164,11.1893,1224.6909,836.7250,0.06056841,-0.05316245,0.641458,0.00000000,0.00000000,0.00000000,0.00000000,-0.08047907,-0.02133180,0.06787391,0.00000000,-0.08047907,-0.02133180,0.06787391,0.00000000,can,-120.2277,306.8527,-220.7818,16.46498981,44.11452483,1224.6909
5.340000,834.255517,-89.739783,-24.665166,214.665838,-43.483758,-2.930958,-0.42278126,0.89578887,-0.11542283,0.07413420,-10.40653527,0.71160180,-3.68526979,11.1893,1224.7207,838.9062,0.06617485,-0.02590458,0.641078,0.00000000,0.00000000,0.00000000,0.00000000,-0.08047907,-0.02133180,0.06787391,0.00000000,-0.08047907,-0.02133180,0.06787391,0.00000000,can,-120.0978,165.7650,-250.2309,16.46500921,44.11452077,1224.7207
5.350000,836.401307,-90.175671,-24.693755,214.494507,-43.684224,-2.762903,-0.37705789,0.91700096,-0.10362914,0.07872481,-9.02475338,0.41685966,-3.64170873,11.1893,1224.7495,841.0859,0.07226058,0.00271968,0.640711,0.00000000,0.00000000,0.00000000,0.00000000,-0.08047907,-0.02133180,0.02811919,0.00000000,-0.08047907,-0.02133180,0.02811919,0.00000000,can,-119.9263,3.0067,-299.5226,16.46502860,44.11451669,1224.7495
5.360000,838.545448,-90.613233,-24.719860,214.335896,-43.813870,-2.437105,-0.33676544,0.93358779,-0.09087313,0.08212767,-7.73098018,0.04960656,-3.49741850,11.1893,1224.7759,843.2642,0.07809739,0.03144661,0.640331,0.00000000,0.00000000,0.00000000,0.00000000,-0.08047907,-0.02133180,0.02811919,0.00000000,-0.08047907,-0.02133180,0.02811919,0.00000000,can,-119.7037,-140.6636,-329.8383,16.46504797,44.11451259,1224.7759
5.370000,840.688062,-91.051629,-24.742113,214.188435,-43.847832,-1.996354,-0.30195879,0.94645277,-0.07766497,0.08376268,-6.52242960,-0.38095787,-3.25863758,11.1893,1224.7985,845.4411,0.08270222,0.05924364,0.639920,0.00000000,0.00000000,0.00000000,0.00000000,-0.08047907,-0.02133180,0.02811919,0.00000000,-0.08047907,-0.02133180,0.02811919,0.00000000,can,-119.4446,-280.6731,-354.2648,16.46506733,44.11450849,1224.7985
5.380000,842.829245,-91.489820,-24.759491,214.049489,-43.771339,-1.467047,-0.27255116,0.95636709,-0.06450981,0.08316448,-5.39886343,-0.85600933,-2.93622536,11.1893,1224.8162,847.6166,0.08463964,0.08537181,0.639464,0.00000000,0.00000000,0.00000000,0.00000000,-0.08047907,-0.02133180,0.02811919,0.00000000,-0.08047907,-0.02133180,0.02811919,0.00000000,can,-118.9967,-410.9042,-365.6310,16.46508667,44.11450438,1224.8162
5.390000,844.969074,-91.926665,-24.771263,213.917376,-43.577891,-0.880784,-0.24836135,0.96396025,-0.05190953,0.08001676,-4.35694859,-1.34963126,-2.53542645,11.1893,1224.8282,849.7907,0.08270250,0.10920432,0.638956,0.00000000,0.00000000,0.00000000,0.00000000,-0.08047907,-0.02133180,0.02811919,0.00000000,-0.08047907,-0.02133180,0.02811919,0.00000000,can,-118.5184,-527.6850,-357.9370,16.46510601,44.11450029,1224.8282
5.400000,847.107614,-92.360991,-24.777030,213.791621,-43.268501,-0.271453,-0.22912485,0.96972721,-0.04037110,0.07416944,-3.39540826,-1.83118456,-2.06296776,11.1893,1224.8343,851.9633,0.07601532,0.13014853,0.638398,0.00000000,0.00000000,0.00000000,0.00000000,-0.08047907,-0.02133180,0.02811919,0.00000000,-0.08047907,-0.02133180,0.02811919,0.00000000,can,-118.0178,-627.0207,-326.8797,16.46512533,44.11449623,1224.8343
5.410000,849.244930,-92.791668,-24.776727,213.672915,-42.849784,0.327430,-0.21026859,0.97488574,-0.03161428,0.06622269,-4.24796152,-1.90090052,-1.24334017,11.1893,1224.8343,854.1343,0.06410740,0.14756520,0.637798,0.00000000,0.00000000,0.00000000,0.00000000,0.09405386,-0.00775702,0.02811919,0.00000000,0.09405386,-0.00775702,0.02811919,0.00000000,can,-117.5559,-775.9001,-350.0951,16.46514464,44.11449219,1224.8343
5.420000,851.381056,-93.217550,-24.770175,213.553813,-42.312952,0.973016,-0.18755366,0.98022413,-0.02707098,0.05702137,-5.04412577,-1.92552102,-0.42443335,11.1893,1224.8280,856.3036,0.04979991,0.15857039,0.637131,0.00000000,0.00000000,0.00000000,0.00000000,0.09405386,-0.00775702,0.02811919,0.00000000,0.09405386,-0.00775702,0.02811919,0.00000000,can,-117.1578,-820.5329,-278.8779,16.46516394,44.11448821,1224.8280
5.430000,853.516039,-93.637707,-24.757494,213.444684,-41.710063,1.550654,-0.16115817,0.98545463,-0.02665846,0.04686738,-5.78879051,-1.92497027,0.35975217,11.1893,1224.8156,858.4713,0.03681647,0.16144955,0.636459,0.00000000,0.00000000,0.00000000,0.00000000,0.09405386,-0.00775702,0.02811919,0.00000000,0.09405386,-0.00775702,0.02811919,0.00000000,can,-116.8715,-827.9622,-214.2946,16.46518322,44.11448427,1224.8156
5.440000,855.649988,-94.051643,-24.739437,213.347208,-41.074669,2.045906,-0.13124030,0.99023920,-0.03010769,0.03599786,-6.48511722,-1.91415411,1.07794145,11.1893,1224.7979,860.6372,0.02509742,0.15668252,0.635807,0.00000000,0.00000000,0.00000000,0.00000000,0.09405386,-0.00775702,0.02811919,0.00000000,0.09405386,-0.00775702,0.02811919,0.00000000,can,-116.7144,-800.6124,-156.9167,16.46520250,44.11448040,1224.7979
5.450000,857.783027,-94.459205,-24.716883,213.262687,-40.440575,2.449014,-0.09796299,0.99419822,-0.03698498,0.02460210,-7.13102249,-1.90106806,1.70295591,11.1893,1224.7756,862.8016,0.01427203,0.14503333,0.635199,0.00000000,0.00000000,0.00000000,0.00000000,0.09405386,-0.00775702,0.02811919,0.00000000,0.09405386,-0.00775702,0.02811919,0.00000000,can,-116.6907,-742.1944,-104.2398,16.46522177,44.11447658,1224.7756
5.460000,859.915284,-94.860569,-24.690784,213.190751,-39.840929,2.754162,-0.06156365,0.99692632,-0.04672094,0.01284436,-7.71189662,-1.88629900,2.21373540,11.1893,1224.7498,864.9646,0.00377898,0.12754503,0.634649,0.00000000,0.00000000,0.00000000,0.00000000,0.09405386,-0.00775702,0.02811919,0.00000000,0.09405386,-0.00775702,0.02811919,0.00000000,can,-116.7464,-653.9620,-53.3990,16.46524104,44.11447282,1224.7498
5.470000,862.046874,-95.256251,-24.662132,213.128231,-39.308905,2.959874,-0.02618886,0.99788400,-0.05948291,0.00185648,-6.70213501,-1.53535883,2.93289013,11.1893,1224.7214,867.1263,-0.00701109,0.10551703,0.634168,0.00000000,0.00000000,0.00000000,0.00000000,0.09405386,-0.00775702,-0.14156560,0.00000000,0.09405386,-0.00775702,-0.14156560,0.00000000,can,-116.8669,-615.6273,-72.6950,16.46526030,44.11446912,1224.7214
5.480000,864.177886,-95.646784,-24.631555,213.074545,-38.816344,3.140047,0.00448254,0.99710900,-0.07551669,-0.00712583,-5.76980179,-1.15820461,3.53809377,11.1893,1224.6912,869.2870,-0.01804931,0.07836433,0.633737,0.00000000,0.00000000,0.00000000,0.00000000,0.09405386,-0.00775702,-0.14156560,0.00000000,0.09405386,-0.00775702,-0.14156560,0.00000000,can,-116.7813,-475.7827,-17.4221,16.46527955,44.11446546,1224.6912
5.490000,866.308355,-96.033011,-24.599601,213.017945,-38.453121,3.239363,0.03085451,0.99498456,-0.09414667,-0.01378861,-4.91001659,-0.74553362,3.99737049,11.1893,1224.6595,871.4466,-0.02800526,0.04574351,0.633372,0.00000000,0.00000000,0.00000000,0.00000000,0.09405386,-0.00775702,-0.14156560,0.00000000,0.09405386,-0.00775702,-0.14156560,0.00000000,can,-116.7525,-308.9961,32.5958,16.46529880,44.11446185,1224.6595
5.500000,868.438194,-96.416368,-24.566950,212.946115,-38.245639,3.283960,0.05329881,0.99182578,-0.11455317,-0.01784466,-4.10793576,-0.29452906,4.29297949,11.1893,1224.6271,873.6053,-0.03626795,0.00880821,0.633050,0.00000000,0.00000000,0.00000000,0.00000000,0.09405386,-0.00775702,-0.14156560,0.00000000,0.09405386,-0.00775702,-0.14156560,0.00000000,can,-116.7065,-123.9295,74.6468,16.46531804,44.11445826,1224.6271
5.510000,870.567180,-96.798489,-24.534011,212.845190,-38.207245,3.301666,0.07211825,0.98791791,-0.13584471,-0.01906257,-3.34959077,0.19038724,4.41662415,11.1893,1224.5945,875.7630,-0.04207722,-0.03105543,0.632740,0.00000000,0.00000000,0.00000000,0.00000000,0.09405386,-0.00775702,-0.14156560,0.00000000,0.09405386,-0.00775702,-0.14156560,0.00000000,can,-116.4825,72.2689,105.4003,16.46533728,44.11445468,1224.5945
5.520000,872.694951,-97.181094,-24.500911,212.700369,-38.342698,3.321131,0.08757665,0.98353824,-0.15711027,-0.01729801,-2.63148717,0.69730892,4.37021707,11.1893,1224.5617,877.9197,-0.04461661,-0.07233380,0.632404,0.00000000,0.00000000,0.00000000,0.00000000,0.09405386,-0.00775702,-0.14156560,0.00000000,0.09405386,-0.00775702,-0.14156560,0.00000000,can,-116.1782,276.3450,120.3235,16.46535650,44.11445110,1224.5617
5.530000,874.820995,-97.565907,-24.467489,212.497941,-38.646417,3.370197,0.09995011,0.97895633,-0.17747556,-0.01252648,-1.96229849,1.20707249,4.15956940,11.1893,1224.5286,880.0748,-0.04310162,-0.11346648,0.632001,0.00000000,0.00000000,0.00000000,0.00000000,0.09405386,-0.00775702,-0.14156560,0.00000000,0.09405386,-0.00775702,-0.14156560,0.00000000,can,-115.6785,475.6292,115.6082,16.46537571,44.11444749,1224.5286
5.540000,876.944687,-97.954523,-24.433326,212.228993,-39.099310,3.473346,0.10957684,0.97442739,-0.19611320,-0.00487823,-1.36113824,1.69464715,3.79379552,11.1893,1224.4947,882.2281,-0.03688903,-0.15293918,0.631498,0.00000000,0.00000000,0.00000000,0.00000000,0.09405386,-0.00775702,-0.14156560,0.00000000,0.09405386,-0.00775702,-0.14156560,0.00000000,hold,-114.8472,656.9116,88.1518,16.46539489,44.11444385,1224.4947
5.550000,879.065343,-98.348289,-24.397777,211.891043,-39.670784,3.649892,0.11604021,0.97049649,-0.21129121,0.00522021,-0.52383357,2.06390226,2.87211442,11.1893,1224.4595,884.3790,-0.02560665,-0.18926451,0.630875,0.00000000,0.00000000,0.00000000,0.00000000,-0.04363323,0.09017534,-0.14156560,0.00000000,-0.04363323,0.09017534,-0.14156560,0.00000000,can,-113.7477,909.7817,53.5037,16.46541405,44.11444017,1224.4595
5.560000,881.182115,-98.748625,-24.360011,211.453179,-40.406340,3.918507,0.11904669,0.96771385,-0.22149796,0.01721760,0.21071351,2.36243439,1.86847675,11.1893,1224.4220,886.5267,-0.00919377,-0.21856406,0.630075,0.00000000,0.00000000,0.00000000,0.00000000,-0.04363323,0.09017534,-0.14156560,0.00000000,-0.04363323,0.09017534,-0.14156560,0.00000000,can,-112.4073,1022.6827,-22.2534,16.46543318,44.11443642,1224.4220
5.570000,883.294234,-99.156550,-24.319092,210.963463,-41.182467,4.281319,0.11902739,0.96623567,-0.22646495,0.03057350,0.86875662,2.55756954,0.81955661,11.1893,1224.3814,888.6708,0.01193060,-0.23803196,0.629168,0.00000000,0.00000000,0.00000000,0.00000000,-0.04363323,0.09017534,-0.14156560,0.00000000,-0.04363323,0.09017534,-0.14156560,0.00000000,can,-111.1194,1091.9426,-120.2990,16.46545226,44.11443260,1224.3814
5.580000,885.401271,-99.572294,-24.274062,210.439937,-41.964683,4.740820,0.11627047,0.96610671,-0.22611041,0.04464409,1.46667264,2.62428480,-0.23725377,11.1893,1224.3366,890.8106,0.03686328,-0.24689476,0.628186,0.00000000,0.00000000,0.00000000,0.00000000,-0.04363323,0.09017534,-0.14156560,0.00000000,-0.04363323,0.09017534,-0.14156560,0.00000000,can,-110.0888,1118.1840,-236.5061,16.46547130,44.11442871,1224.3366
5.590000,887.502985,-99.995759,-24.223954,209.902024,-42.721886,5.296292,0.11464868,0.96711488,-0.21985289,0.05664977,0.41480183,2.12160550,-1.67084827,11.1893,1224.2868,892.9461,0.06414560,-0.24473585,0.627168,0.00000000,0.00000000,0.00000000,0.00000000,-0.04363323,0.09017534,0.09987162,0.00000000,-0.04363323,0.09017534,0.09987162,0.00000000,can,-109.4504,1201.7758,-267.9241,16.46549028,44.11442474,1224.2868
5.600000,889.599153,-100.427045,-24.168170,209.335570,-43.523317,5.873454,0.11786420,0.96899054,-0.20750211,0.06409553,-0.63234947,1.55683984,-2.98389488,11.1893,1224.2314,895.0770,0.08823335,-0.22974065,0.626113,0.00000000,0.00000000,0.00000000,0.00000000,-0.04363323,0.09017534,0.09987162,0.00000000,-0.04363323,0.09017534,0.09987162,0.00000000,can,-109.4616,1133.0945,-383.7773,16.46550922,44.11442070,1224.2314
5.610000,891.689826,-100.865937,-24.106279,208.808028,-44.238278,6.512191,0.12594970,0.97141314,-0.18976760,0.06694362,-1.69562081,0.99301429,-4.13749694,11.1893,1224.1698,897.2033,0.10372706,-0.20223555,0.625133,0.00000000,0.00000000,0.00000000,0.00000000,-0.04363323,0.09017534,0.09987162,0.00000000,-0.04363323,0.09017534,0.09987162,0.00000000,can,-109.9361,1015.2839,-458.2945,16.46552811,44.11441659,1224.1698
5.620000,893.775536,-101.311416,-24.037830,208.347050,-44.834869,7.179467,0.13906847,0.97381540,-0.16751449,0.06544029,-2.79826994,0.48320998,-5.08564445,11.1893,1224.1016,899.3255,0.11120072,-0.16413125,0.624280,0.00000000,0.00000000,0.00000000,0.00000000,-0.04363323,0.09017534,0.09987162,0.00000000,-0.04363323,0.09017534,0.09987162,0.00000000,can,-110.7103,848.2492,-494.0870,16.46554696,44.11441242,1224.1016
5.630000,895.857064,-101.762114,-23.962710,207.974660,-45.275176,7.840582,0.15730736,0.97547378,-0.14174525,0.06011314,-3.88368700,0.06521191,-5.80235452,11.1893,1224.0268,901.4442,0.11216361,-0.11754844,0.623585,0.00000000,0.00000000,0.00000000,0.00000000,-0.04363323,0.09017534,0.09987162,0.00000000,-0.04363323,0.09017534,0.09987162,0.00000000,can,-111.3288,628.9391,-499.6728,16.46556576,44.11440820,1224.0268
5.640000,897.935364,-102.216260,-23.881160,207.701525,-45.518861,8.459824,0.18037636,0.97565645,-0.11350379,0.05172773,-4.88684789,-0.24549746,-6.27221569,11.1893,1223.9455,903.5601,0.10881102,-0.06478847,0.623044,0.00000000,0.00000000,0.00000000,0.00000000,-0.04363323,0.09017534,0.09987162,0.00000000,-0.04363323,0.09017534,0.09987162,0.00000000,can,-111.7151,371.6057,-485.3614,16.46558454,44.11440395,1223.9455
5.650000,900.011402,-102.671750,-23.793764,207.519761,-45.541473,9.004456,0.20780020,0.97369817,-0.08389267,0.04114576,-5.81569657,-0.45503533,-6.49015703,11.1893,1223.8585,905.6740,0.10367082,-0.00809896,0.622608,0.00000000,0.00000000,0.00000000,0.00000000,-0.04363323,0.09017534,0.09987162,0.00000000,-0.04363323,0.09017534,0.09987162,0.00000000,can,-111.8737,97.7962,-462.5613,16.46560329,44.11439969,1223.8585
5.660000,902.085991,-103.126328,-23.701413,207.407165,-45.336014,9.446708,0.23439712,0.97014997,-0.05515946,0.02871325,-4.79185747,-1.05056634,-6.02993239,11.1893,1223.7664,907.7864,0.09913230,0.05019426,0.622206,0.00000000,0.00000000,0.00000000,0.00000000,-0.02521031,-0.15126187,0.09987162,0.00000000,-0.02521031,-0.15126187,0.09987162,0.00000000,can,-111.6007,-282.0605,-353.4116,16.46562204,44.11439543,1223.7664
5.670000,904.159770,-103.577476,-23.605798,207.351726,-44.860069,9.653386,0.25565113,0.96621153,-0.02961635,0.01416499,-3.86663408,-1.68670211,-5.38350187,11.1893,1223.6711,909.8976,0.09440903,0.10603974,0.621756,0.00000000,0.00000000,0.00000000,0.00000000,-0.02521031,-0.15126187,0.09987162,0.00000000,-0.02521031,-0.15126187,0.09987162,0.00000000,can,-110.9202,-541.6386,-333.9063,16.46564077,44.11439120,1223.6711
5.680000,906.233038,-104.022928,-23.508831,207.300445,-44.204982,9.715184,0.27229620,0.96217441,-0.00831978,-0.00244190,-3.07092043,-2.33052277,-4.57674734,11.1893,1223.5744,912.0077,0.08539421,0.15668251,0.621183,0.00000000,0.00000000,0.00000000,0.00000000,-0.02521031,-0.15126187,0.09987162,0.00000000,-0.02521031,-0.15126187,0.09987162,0.00000000,can,-109.9754,-762.1136,-294.7524,16.46565951,44.11438703,1223.5744
5.690000,908.305718,-104.461165,-23.411999,207.231372,-43.426669,9.625891,0.28514514,0.95822436,0.00794161,-0.02086300,-2.38998129,-2.93974399,-3.65323371,11.1893,1223.4779,914.1165,0.07073124,0.20053255,0.620465,0.00000000,0.00000000,0.00000000,0.00000000,-0.02521031,-0.15126187,0.09987162,0.00000000,-0.02521031,-0.15126187,0.09987162,0.00000000,can,-108.6359,-934.0232,-229.7735,16.46567823,44.11438293,1223.4779
5.700000,910.377563,-104.891242,-23.316816,207.131944,-42.582045,9.385796,0.29488413,0.95448437,0.01869168,-0.04066407,-1.80446042,-3.47061404,-2.65196176,11.1893,1223.3830,916.2235,0.04975663,0.23626791,0.619606,0.00000000,0.00000000,0.00000000,0.00000000,-0.02521031,-0.15126187,0.09987162,0.00000000,-0.02521031,-0.15126187,0.09987162,0.00000000,can,-106.9899,-1062.3003,-135.3695,16.46569695,44.11437890,1223.3830
5.710000,912.448236,-105.312751,-23.224781,206.996533,-41.720782,8.996859,0.30212845,0.95100147,0.02372615,-0.06125084,-1.30454739,-3.88618370,-1.60552274,11.1893,1223.2913,918.3285,0.02254040,0.26288880,0.618626,0.00000000,0.00000000,0.00000000,0.00000000,-0.02521031,-0.15126187,0.09987162,0.00000000,-0.02521031,-0.15126187,0.09987162,0.00000000,can,-105.2269,-1150.4586,-13.4331,16.46571566,44.11437496,1223.2913
5.720000,914.517368,-105.725749,-23.137352,206.823440,-40.886565,8.465894,0.30537674,0.94850450,0.02245220,-0.08111818,-0.02402266,-3.89409061,-0.25723532,11.1893,1223.2042,920.4309,-0.01012897,0.27968414,0.617549,0.00000000,0.00000000,0.00000000,0.00000000,-0.02521031,-0.15126187,-0.05526876,0.00000000,-0.02521031,-0.15126187,-0.05526876,0.00000000,can,-103.7676,-1262.3616,71.8004,16.46573435,44.11437109,1223.2042
5.730000,916.584588,-106.130326,-23.055845,206.615017,-40.043206,7.814899,0.30320986,0.94769115,0.01432915,-0.09869115,1.16680363,-3.74390842,1.10626781,11.1893,1223.1230,922.5305,-0.04703776,0.28442063,0.616365,0.00000000,0.00000000,0.00000000,0.00000000,-0.02521031,-0.15126187,-0.05526876,0.00000000,-0.02521031,-0.15126187,-0.05526876,0.00000000,can,-102.5536,-1269.0128,239.2361,16.46575303,44.11436730,1223.1230
5.740000,918.649568,-106.526955,-22.981424,206.376517,-39.301882,7.053508,0.29603028,0.94845613,-0.00042958,-0.11312324,2.31979151,-3.41443830,2.44364104,11.1893,1223.0488,924.6271,-0.08590583,0.27509294,0.615160,0.00000000,0.00000000,0.00000000,0.00000000,-0.02521031,-0.15126187,-0.05526876,0.00000000,-0.02521031,-0.15126187,-0.05526876,0.00000000,can,-102.0998,-1224.8995,416.4274,16.46577168,44.11436359,1223.0488
5.750000,920.712044,-106.916790,-22.915044,206.115903,-38.687797,6.211857,0.28395727,0.95060500,-0.02139399,-0.12353422,3.47452123,-2.89054641,3.70395713,11.1893,1222.9828,926.7203,-0.12425133,0.25114189,0.613974,0.00000000,0.00000000,0.00000000,0.00000000,-0.02521031,-0.15126187,-0.05526876,0.00000000,-0.02521031,-0.15126187,-0.05526876,0.00000000,can,-102.3535,-1130.8405,588.3116,16.46579032,44.11435994,1222.9828
5.760000,922.771841,-107.301195,-22.857335,205.841924,-38.218245,5.326301,0.26690226,0.95384324,-0.04783172,-0.12906736,4.65362636,-2.17370475,4.80666104,11.1893,1222.9254,928.8103,-0.15924973,0.21256241,0.612844,0.00000000,0.00000000,0.00000000,0.00000000,-0.02521031,-0.15126187,-0.05526876,0.00000000,-0.02521031,-0.15126187,-0.05526876,0.00000000,can,-102.8217,-981.6910,737.0878,16.46580893,44.11435634,1222.9254
5.770000,924.828866,-107.681687,-22.808514,205.562820,-37.908568,4.442411,0.24465219,0.95777155,-0.07857937,-0.12901255,5.85952842,-1.28952033,5.64682042,11.1893,1222.8769,930.8972,-0.18793735,0.16017909,0.611806,0.00000000,0.00000000,0.00000000,0.00000000,-0.02521031,-0.15126187,-0.05526876,0.00000000,-0.02521031,-0.15126187,-0.05526876,0.00000000,can,-103.5468,-767.7083,849.6826,16.46582751,44.11435278,1222.8769
5.780000,926.883089,-108.059983,-22.768308,205.280580,-37.784094,3.611546,0.22123769,0.96115097,-0.11074562,-0.12238506,5.32866498,0.12353775,5.93800840,11.1893,1222.8370,932.9810,-0.20741548,0.09603893,0.610881,0.00000000,0.00000000,0.00000000,0.00000000,0.04945100,0.04460286,-0.05526876,0.00000000,0.04945100,0.04460286,-0.05526876,0.00000000,can,-103.9901,-431.3874,821.2902,16.46584607,44.11434923,1222.8370
5.790000,928.934540,-108.438060,-22.735490,205.006081,-37.866598,2.969612,0.20082575,0.96321935,-0.14137512,-0.10904390,4.81135362,1.48197398,5.86139716,11.1893,1222.8044,935.0620,-0.21287801,0.02649293,0.610115,0.00000000,0.00000000,0.00000000,0.00000000,0.04945100,0.04460286,-0.05526876,0.00000000,0.04945100,0.04460286,-0.05526876,0.00000000,can,-104.2749,-110.5689,842.9953,16.46586461,44.11434569,1222.8044
5.800000,930.983118,-108.817997,-22.708523,204.704268,-38.152479,2.444997,0.18335008,0.96422354,-0.16905797,-0.08986164,4.31437551,2.71788568,5.47144364,11.1893,1222.7778,937.1404,-0.20155479,-0.04162196,0.609401,0.00000000,0.00000000,0.00000000,0.00000000,0.04945100,0.04460286,-0.05526876,0.00000000,0.04945100,0.04460286,-0.05526876,0.00000000,can,-104.3011,194.1309,804.2009,16.46588311,44.11434214,1222.7778
5.810000,933.028502,-109.201704,-22.686128,204.365741,-38.615973,2.058545,0.16867839,0.96439605,-0.19273024,-0.06590079,3.84873907,3.76538235,4.83358762,11.1893,1222.7557,939.2161,-0.17523373,-0.10455168,0.608696,0.00000000,0.00000000,0.00000000,0.00000000,0.04945100,0.04460286,-0.05526876,0.00000000,0.04945100,0.04460286,-0.05526876,0.00000000,can,-104.0664,473.4621,710.4006,16.46590159,44.11433854,1222.7557
5.820000,935.070294,-109.590790,-22.666821,203.985978,-39.220048,1.830841,0.15659001,0.96394837,-0.21167516,-0.03842832,3.42124813,4.56647739,4.01444249,11.1893,1222.7367,941.2889,-0.13612459,-0.15942004,0.607969,0.00000000,0.00000000,0.00000000,0.00000000,0.04945100,0.04460286,-0.05526876,0.00000000,0.04945100,0.04460286,-0.05526876,0.00000000,can,-103.6235,700.2776,556.9578,16.46592004,44.11433490,1222.7367
5.830000,937.108099,-109.986393,-22.648910,203.569478,-39.910370,1.782970,0.14681014,0.96307065,-0.22553036,-0.00881861,3.03342606,5.09233952,3.08970274,11.1893,1222.7191,943.3586,-0.08702799,-0.20421659,0.607201,0.00000000,0.00000000,0.00000000,0.00000000,0.04945100,0.04460286,-0.05526876,0.00000000,0.04945100,0.04460286,-0.05526876,0.00000000,can,-102.7797,864.3791,348.6580,16.46593845,44.11433120,1222.7191
5.840000,939.141574,-110.389118,-22.630499,203.120124,-40.637426,1.932941,0.14135211,0.96176548,-0.23371713,0.02007589,1.66855942,5.01427452,1.85588900,11.1893,1222.7010,945.4247,-0.03120030,-0.23775811,0.606375,0.00000000,0.00000000,0.00000000,0.00000000,0.04945100,0.04460286,0.12799081,0.00000000,0.04945100,0.04460286,0.12799081,0.00000000,can,-101.6779,1043.8655,173.3058,16.46595682,44.11432743,1222.7010
5.850000,941.170237,-110.799479,-22.609774,202.607402,-41.431737,2.244755,0.14180743,0.96022420,-0.23618232,0.04558576,0.46812214,4.67996194,0.67701220,11.1893,1222.6806,947.4871,0.02521925,-0.25805360,0.605427,0.00000000,0.00000000,0.00000000,0.00000000,0.04945100,0.04460286,0.12799081,0.00000000,0.04945100,0.04460286,0.12799081,0.00000000,can,-100.2046,1104.3288,-71.4264,16.46597515,44.11432358,1222.6806
5.860000,943.193632,-111.217636,-22.584975,202.067652,-42.191520,2.744301,0.14736948,0.95877867,-0.23357409,0.06684935,-0.60399677,4.16367445,-0.43350641,11.1893,1222.6561,949.5451,0.07558990,-0.26551732,0.604399,0.00000000,0.00000000,0.00000000,0.00000000,0.04945100,0.04460286,0.12799081,0.00000000,0.04945100,0.04460286,0.12799081,0.00000000,can,-98.8028,1120.6399,-293.6151,16.46599343,44.11431967,1222.6561
5.870000,945.211529,-111.643108,-22.554344,201.509891,-42.891150,3.406194,0.15746104,0.95758641,-0.22647873,0.08331665,-1.58950988,3.53120586,-1.47058633,11.1893,1222.6258,951.5985,0.11758749,-0.26217739,0.603301,0.00000000,0.00000000,0.00000000,0.00000000,0.04945100,0.04460286,0.12799081,0.00000000,0.04945100,0.04460286,0.12799081,0.00000000,can,-97.5283,1100.8930,-476.6932,16.46601166,44.11431568,1222.6258
5.880000,947.223817,-112.075192,-22.516426,200.948645,-43.511235,4.195051,0.17173513,0.95662649,-0.21542258,0.09468853,-2.52793427,2.84162641,-2.43083812,11.1893,1222.5882,953.6473,0.15009077,-0.24974214,0.602163,0.00000000,0.00000000,0.00000000,0.00000000,0.04945100,0.04460286,0.12799081,0.00000000,0.04945100,0.04460286,0.12799081,0.00000000,can,-96.7676,1051.3301,-612.5422,16.46602984,44.11431164,1222.5882
5.890000,949.230552,-112.513020,-22.470157,200.402564,-44.037524,5.070029,0.19005405,0.95568775,-0.20089986,0.10089419,-3.45616488,2.14876818,-3.30587151,11.1893,1222.5422,955.6912,0.17293451,-0.22957607,0.601027,0.00000000,0.00000000,0.00000000,0.00000000,0.04945100,0.04460286,0.12799081,0.00000000,0.04945100,0.04460286,0.12799081,0.00000000,can,-96.6726,975.1729,-702.2243,16.46604797,44.11430754,1222.5422
5.900000,951.231986,-112.955586,-22.414864,199.891658,-44.456925,5.993632,0.21245768,0.95436254,-0.18339681,0.10207589,-4.40860820,1.49642974,-4.08335969,11.1893,1222.4872,957.7304,0.18670475,-0.20279929,0.599938,0.00000000,0.00000000,0.00000000,0.00000000,0.04945100,0.04460286,0.12799081,0.00000000,0.04945100,0.04460286,0.12799081,0.00000000,can,-97.1314,875.7119,-750.7211,16.46606606,44.11430340,1222.4872
5.910000,953.228566,-113.401758,-22.350239,199.434575,-44.756184,6.931085,0.23709516,0.95277975,-0.16240689,0.09808484,-4.56247883,0.65411268,-5.14410133,11.1893,1222.4229,959.7653,0.19260176,-0.17040861,0.598935,0.00000000,0.00000000,0.00000000,0.00000000,-0.15901889,0.09405385,0.12799081,0.00000000,-0.15901889,0.09405385,0.12799081,0.00000000,can,-97.8960,844.6224,-715.1357,16.46608409,44.11429922,1222.4229
5.920000,955.220787,-113.850702,-22.276373,199.023799,-45.007111,7.835552,0.26203117,0.95106501,-0.13755639,0.08884402,-4.72470166,-0.11300092,-6.05005348,11.1893,1222.3493,961.7963,0.19180430,-0.13027986,0.598042,0.00000000,0.00000000,0.00000000,0.00000000,-0.15901889,0.09405385,0.12799081,0.00000000,-0.15901889,0.09405385,0.12799081,0.00000000,can,-98.8592,674.9404,-712.8847,16.46610209,44.11429501,1222.3493
5.930000,957.209351,-114.301346,-22.193740,198.705006,-45.092258,8.676351,0.28724160,0.94861335,-0.10965035,0.07484497,-4.89928388,-0.79534149,-6.76884448,11.1893,1222.2670,963.8238,0.18508159,-0.08130170,0.597298,0.00000000,0.00000000,0.00000000,0.00000000,-0.15901889,0.09405385,0.12799081,0.00000000,-0.15901889,0.09405385,0.12799081,0.00000000,can,-99.7187,457.6294,-690.2503,16.46612006,44.11429079,1222.2670
5.940000,959.195207,-114.751936,-22.103220,198.481405,-44.994597,9.405551,0.31266488,0.94481837,-0.07963215,0.05672430,-5.07502401,-1.38567871,-7.27069693,11.1893,1222.1768,965.8488,0.17408854,-0.02502823,0.596690,0.00000000,0.00000000,0.00000000,0.00000000,-0.15901889,0.09405385,0.12799081,0.00000000,-0.15901889,0.09405385,0.12799081,0.00000000,can,-100.1833,208.2660,-652.9588,16.46613800,44.11428658,1222.1768
5.950000,961.179253,-115.200618,-22.006150,198.339407,-44.711461,9.979385,0.33699096,0.93957550,-0.04861906,0.03565340,-4.74532851,-1.79321854,-7.44266744,11.1893,1222.0800,967.8717,0.16041589,0.03666239,0.596171,0.00000000,0.00000000,0.00000000,0.00000000,-0.15901889,0.09405385,0.05720802,0.00000000,-0.15901889,0.09405385,0.05720802,0.00000000,can,-100.2157,-82.1956,-626.3971,16.46615593,44.11428237,1222.0800
5.960000,963.162193,-115.645416,-21.904254,198.254729,-44.219389,10.365139,0.35909615,0.93304483,-0.01779787,0.01267020,-4.45676390,-2.15836255,-7.40167192,11.1893,1221.9784,969.8931,0.14567784,0.10144971,0.595646,0.00000000,0.00000000,0.00000000,0.00000000,-0.15901889,0.09405385,0.05720802,0.00000000,-0.15901889,0.09405385,0.05720802,0.00000000,can,-99.8081,-358.2080,-570.8953,16.46617384,44.11427821,1221.9784
5.970000,965.144409,-116.084469,-21.799563,198.188498,-43.567823,10.537186,0.37922023,0.92515726,0.01182123,-0.01167583,-4.21524741,-2.48421620,-7.17767684,11.1893,1221.8741,971.9132,0.13072516,0.16707851,0.595038,0.00000000,0.00000000,0.00000000,0.00000000,-0.15901889,0.09405385,0.05720802,0.00000000,-0.15901889,0.09405385,0.05720802,0.00000000,can,-98.7017,-617.2243,-511.9627,16.46619175,44.11427410,1221.8741
5.980000,967.125901,-116.516383,-21.694210,198.104099,-42.799211,10.500100,0.39765330,0.91594435,0.03947258,-0.03687443,-4.01697132,-2.77212356,-6.82281042,11.1893,1221.7690,973.9317,0.11553575,0.23156276,0.594275,0.00000000,0.00000000,0.00000000,0.00000000,-0.15901889,0.09405385,0.05720802,0.00000000,-0.15901889,0.09405385,0.05720802,0.00000000,can,-96.3140,-834.7550,-450.2406,16.46620965,44.11427005,1221.7690
5.990000,969.106333,-116.940197,-21.590208,197.972542,-41.953233,10.268709,0.41466512,0.90552583,0.06460930,-0.06246160,-3.83821438,-3.02309886,-6.36338694,11.1893,1221.6653,975.9483,0.10005027,0.29337979,0.593305,0.00000000,0.00000000,0.00000000,0.00000000,-0.15901889,0.09405385,0.05720802,0.00000000,-0.15901889,0.09405385,0.05720802,0.00000000,can,-92.3211,-1028.4545,-386.8442,16.46622755,44.11426609,1221.6653
6.000000,971.085121,-117.355283,-21.489453,197.772044,-41.058717,9.853500,0.43044229,0.89409512,0.08693699,-0.08806421,-3.66689217,-3.23676403,-5.87888659,11.1893,1221.5649,977.9622,0.08421580,0.35135432,0.592092,0.00000000,0.00000000,0.00000000,0.00000000,-0.15901889,0.09405385,0.05720802,0.00000000,-0.15901889,0.09405385,0.05720802,0.00000000,can,-87.8547,-1197.6607,-320.9606,16.46624542,44.11426220,1221.5649
6.010000,973.061532,-117.761473,-21.393495,197.499916,-40.192808,9.329984,0.44672571,0.88133518,0.10559103,-0.11195971,-4.17281452,-3.11970188,-4.78079402,11.1893,1221.4692,979.9727,0.06796268,0.40519291,0.590691,0.00000000,0.00000000,0.00000000,0.00000000,0.14544411,-0.02327106,0.05720802,0.00000000,0.14544411,-0.02327106,0.05720802,0.00000000,can,-87.4532,-1336.1989,-317.1216,16.46626328,44.11425840,1221.4692
6.020000,975.034784,-118.158798,-21.303323,197.140197,-39.286413,8.697635,0.46516344,0.86700646,0.11990682,-0.13245806,-4.65630202,-2.98050838,-3.71103266,11.1893,1221.3794,981.9790,0.05389441,0.45124474,0.589014,0.00000000,0.00000000,0.00000000,0.00000000,0.14544411,-0.02327106,0.05720802,0.00000000,0.14544411,-0.02327106,0.05720802,0.00000000,can,-86.9735,-1324.6423,-256.8167,16.46628111,44.11425468,1221.3794
6.030000,977.004154,-118.547468,-21.219657,196.725871,-38.460129,8.030805,0.48574782,0.85133394,0.13013956,-0.14947666,-5.11808629,-2.85140509,-2.66746283,11.1893,1221.2960,983.9805,0.04542734,0.48685716,0.587241,0.00000000,0.00000000,0.00000000,0.00000000,0.14544411,-0.02327106,0.05720802,0.00000000,0.14544411,-0.02327106,0.05720802,0.00000000,can,-86.4677,-1312.7567,-219.9272,16.46629890,44.11425104,1221.2960
6.040000,978.969160,-118.928228,-21.142786,196.269333,-37.702135,7.339957,0.50844685,0.83443088,0.13644693,-0.16306178,-5.55968664,-2.76185048,-1.64321327,11.1893,1221.2195,985.9767,0.04244416,0.51210362,0.585401,0.00000000,0.00000000,0.00000000,0.00000000,0.14544411,-0.02327106,0.05720802,0.00000000,0.14544411,-0.02327106,0.05720802,0.00000000,can,-85.9438,-1300.6780,-205.7468,16.46631665,44.11424747,1221.2195
6.050000,980.930263,-119.301971,-21.072762,196.029867,-37.082425,6.678303,0.53321223,0.81630211,0.13887255,-0.17334936,-5.98480172,-2.73621497,-0.63447950,11.1893,1221.1497,987.9682,0.04431178,0.52720064,0.584277,0.00000000,0.00000000,0.00000000,0.00000000,0.14544411,-0.02327106,0.05720802,0.00000000,0.14544411,-0.02327106,0.05720802,0.00000000,can,365.3825,-904.2785,-167.2882,16.46633437,44.11424397,1221.1497
6.060000,982.890536,-119.670288,-21.009115,196.022947,-36.586964,6.048193,0.55996807,0.79684315,0.13739763,-0.18055096,-6.39474015,-2.79091717,0.35144768,11.1893,1221.0864,989.9582,0.04981724,0.53204376,0.583904,0.00000000,0.00000000,0.00000000,0.00000000,0.14544411,-0.02327106,0.05720802,0.00000000,0.14544411,-0.02327106,0.05720802,0.00000000,can,365.6121,-894.2339,-183.5267,16.46635208,44.11424052,1221.0864
6.070000,984.850691,-120.033816,-20.951867,196.006676,-36.123753,5.397033,0.58799982,0.77641747,0.13175288,-0.18458953,-6.48232859,-2.80438780,1.44008574,11.1893,1221.0295,991.9476,0.05723121,0.52634530,0.583531,0.00000000,0.00000000,0.00000000,0.00000000,0.14544411,-0.02327106,-0.03102807,0.00000000,0.14544411,-0.02327106,-0.03102807,0.00000000,can,377.3575,-915.0569,-231.7087,16.46636979,44.11423712,1221.0295
6.080000,986.809829,-120.392466,-20.901501,195.736647,-35.586732,4.654802,0.61662365,0.75537872,0.12167403,-0.18540144,-6.56613333,-2.90650440,2.49931740,11.1893,1220.9794,993.9354,0.06411681,0.50932877,0.582393,0.00000000,0.00000000,0.00000000,0.00000000,0.14544411,-0.02327106,-0.03102807,0.00000000,0.14544411,-0.02327106,-0.03102807,0.00000000,can,-85.0920,-1303.8575,-319.2806,16.46638749,44.11423376,1220.9794
6.090000,988.764610,-120.745449,-20.859045,195.222320,-35.019350,3.830638,0.64571350,0.73349585,0.10711342,-0.18320649,-6.64625745,-3.08365202,3.52854637,11.1893,1220.9373,995.9181,0.06841456,0.48090831,0.580546,0.00000000,0.00000000,0.00000000,0.00000000,0.14544411,-0.02327106,-0.03102807,0.00000000,0.14544411,-0.02327106,-0.03102807,0.00000000,can,-84.5699,-1291.7065,-334.6954,16.46640515,44.11423046,1220.9373
6.100000,990.714346,-121.093067,-20.825012,194.729090,-34.516509,2.969389,0.67505560,0.71049672,0.08806494,-0.17815419,-6.72313057,-3.31636574,4.52449228,11.1893,1220.9035,997.8953,0.06861193,0.44179534,0.578807,0.00000000,0.00000000,0.00000000,0.00000000,0.14544411,-0.02327106,-0.03102807,0.00000000,0.14544411,-0.02327106,-0.03102807,0.00000000,can,-84.0795,-1280.2403,-334.1183,16.46642277,44.11422720,1220.9035
6.110000,992.659291,-121.436059,-20.799790,194.265533,-34.097910,2.068575,0.70434781,0.68608624,0.06459203,-0.17031651,-6.79821610,-3.58165627,5.48283144,11.1893,1220.8786,999.8671,0.06349855,0.39257962,0.577212,0.00000000,0.00000000,0.00000000,0.00000000,0.14544411,-0.02327106,-0.03102807,0.00000000,0.14544411,-0.02327106,-0.03102807,0.00000000,can,-83.6308,-1269.6335,-313.0687,16.46644034,44.11422399,1220.8786
6.120000,994.599782,-121.775384,-20.783765,193.841387,-33.787310,1.136902,0.73322457,0.65991682,0.03694286,-0.15977090,-6.90104280,-3.85358256,6.34528917,11.1893,1220.8629,1001.8341,0.05225713,0.33398556,0.575802,0.00000000,0.00000000,0.00000000,0.00000000,0.14544411,-0.02327106,-0.03102807,0.00000000,0.14544411,-0.02327106,-0.03102807,0.00000000,can,-84.3615,-1217.4057,-268.6511,16.46645787,44.11422081,1220.8629
6.130000,996.536378,-122.112233,-20.776757,193.492622,-33.603995,0.289162,0.75906611,0.63383150,0.00547008,-0.14848015,-5.68953684,-4.43438754,6.50652864,11.1893,1220.8562,1003.7969,0.03447070,0.26756542,0.574693,0.00000000,0.00000000,0.00000000,0.00000000,-0.18713809,0.03490658,-0.03102807,0.00000000,-0.18713809,0.03490658,-0.03102807,0.00000000,can,-89.6250,-887.7574,-112.0921,16.46647537,44.11421766,1220.8562
6.140000,998.470005,-122.448208,-20.776828,193.243998,-33.610245,-0.272347,0.77896302,0.61098408,-0.02909927,-0.13808803,-4.24297458,-4.80816676,6.50640067,11.1893,1220.8566,1005.7566,0.00740736,0.19892912,0.573985,0.00000000,0.00000000,0.00000000,0.00000000,-0.18713809,0.03490658,-0.03102807,0.00000000,-0.18713809,0.03490658,-0.03102807,0.00000000,can,-92.3338,-672.1173,-11.1148,16.46649284,44.11421451,1220.8566
6.150000,1000.401444,-122.784818,-20.781510,193.050895,-33.729886,-0.625483,0.79263409,0.59245033,-0.06534665,-0.12831060,-2.77420519,-4.93709173,6.33488693,11.1893,1220.8616,1007.7143,-0.03012923,0.13228173,0.573501,0.00000000,0.00000000,0.00000000,0.00000000,-0.18713809,0.03490658,-0.03102807,0.00000000,-0.18713809,0.03490658,-0.03102807,0.00000000,can,-93.3895,-432.0781,131.4848,16.46651029,44.11421136,1220.8616
6.160000,1002.331106,-123.123147,-20.788499,192.882258,-33.951899,-0.729267,0.80048776,0.57858316,-0.10168064,-0.11883571,-1.38842503,-4.82034585,6.01331294,11.1893,1220.8689,1009.6704,-0.07405147,0.06893947,0.573145,0.00000000,0.00000000,0.00000000,0.00000000,-0.18713809,0.03490658,-0.03102807,0.00000000,-0.18713809,0.03490658,-0.03102807,0.00000000,can,-93.6889,-180.8013,302.4440,16.46652772,44.11420819,1220.8689
6.170000,1004.259037,-123.464148,-20.795238,192.698040,-34.261393,-0.577263,0.80313794,0.56951087,-0.13659710,-0.10939861,-0.11296985,-4.47835058,5.55668614,11.1893,1220.8759,1011.6252,-0.12006028,0.00954700,0.572791,0.00000000,0.00000000,0.00000000,0.00000000,-0.18713809,0.03490658,-0.03102807,0.00000000,-0.18713809,0.03490658,-0.03102807,0.00000000,can,-93.3624,53.5668,480.9816,16.46654514,44.11420500,1220.8759
6.180000,1006.184891,-123.808609,-20.799257,192.461782,-34.640203,-0.189773,0.80144619,0.56500820,-0.16875297,-0.09986076,0.93884929,-3.95478831,4.97952561,11.1893,1220.8803,1013.5783,-0.16431666,-0.04562668,0.572330,0.00000000,0.00000000,0.00000000,0.00000000,-0.18713809,0.03490658,-0.03102807,0.00000000,-0.18713809,0.03490658,-0.03102807,0.00000000,can,-92.4917,265.6990,644.9473,16.46656254,44.11420177,1220.8803
6.190000,1008.108020,-124.157094,-20.798350,192.150489,-35.061908,0.402280,0.79728966,0.56318051,-0.19702804,-0.09130639,1.11067926,-3.52247681,4.08967981,11.1893,1220.8797,1015.5292,-0.20366722,-0.09628336,0.571685,0.00000000,0.00000000,0.00000000,0.00000000,-0.18713809,0.03490658,0.10665901,0.00000000,-0.18713809,0.03490658,0.10665901,0.00000000,can,-90.7599,504.5370,818.2837,16.46657991,44.11419851,1220.8797
6.200000,1010.027530,-124.510017,-20.790417,191.736525,-35.525277,1.207663,0.79213678,0.56265069,-0.22071993,-0.08500727,1.23521646,-3.03665183,3.09399671,11.1893,1220.8721,1017.4771,-0.23711469,-0.13990755,0.570783,0.00000000,0.00000000,0.00000000,0.00000000,-0.18713809,0.03490658,0.10665901,0.00000000,-0.18713809,0.03490658,0.10665901,0.00000000,can,-88.1875,664.5545,917.9830,16.46659726,44.11419521,1220.8721
6.210000,1011.942456,-124.867651,-20.773810,191.234579,-36.004261,2.129203,0.78637489,0.56363115,-0.23945185,-0.08122356,1.33883321,-2.52181226,2.02865736,11.1893,1220.8558,1019.4210,-0.26518024,-0.17419380,0.569657,0.00000000,0.00000000,0.00000000,0.00000000,-0.18713809,0.03490658,0.10665901,0.00000000,-0.18713809,0.03490658,0.10665901,0.00000000,can,-84.7701,778.2802,997.1025,16.46661456,44.11419186,1220.8558
6.220000,1013.851961,-125.230158,-20.747597,190.654805,-36.500170,3.121571,0.78027257,0.56633756,-0.25302676,-0.08008714,1.43490969,-1.98985810,0.92641775,11.1893,1220.8299,1021.3602,-0.28729094,-0.19856083,0.568340,0.00000000,0.00000000,0.00000000,0.00000000,-0.18713809,0.03490658,0.10665901,0.00000000,-0.18713809,0.03490658,0.10665901,0.00000000,can,-81.2933,848.1537,1056.8267,16.46663181,44.11418846,1220.8299
6.230000,1015.755345,-125.597715,-20.711266,190.013262,-37.014422,4.147642,0.77399350,0.57092642,-0.26136857,-0.08163060,1.52748687,-1.45566840,-0.18522202,11.1893,1220.7938,1023.2939,-0.30308323,-0.21274863,0.566881,0.00000000,0.00000000,0.00000000,0.00000000,-0.18713809,0.03490658,0.10665901,0.00000000,-0.18713809,0.03490658,0.10665901,0.00000000,can,-80.7518,884.3561,1097.0738,16.46664900,44.11418502,1220.7938
6.240000,1017.652089,-125.970512,-20.664635,189.330670,-37.548391,5.176811,0.76760054,0.57745929,-0.26450948,-0.08581906,1.61642488,-0.93462259,-1.28366858,11.1893,1220.7475,1025.2217,-0.31243666,-0.21670878,0.565339,0.00000000,0.00000000,0.00000000,0.00000000,-0.18713809,0.03490658,0.10665901,0.00000000,-0.18713809,0.03490658,0.10665901,0.00000000,can,-80.3266,887.7238,1118.3080,16.46666614,44.11418153,1220.7475
6.250000,1019.541901,-126.348755,-20.607807,188.630845,-38.103834,6.182966,0.76106006,0.58589659,-0.26257296,-0.09256462,1.70158035,-0.43897370,-2.34511174,11.1893,1220.6910,1027.1434,-0.31555141,-0.21054870,0.563784,0.00000000,0.00000000,0.00000000,0.00000000,-0.18713809,0.03490658,0.10665901,0.00000000,-0.18713809,0.03490658,0.10665901,0.00000000,can,-79.8986,861.0998,1121.4576,16.46668321,44.11417799,1220.6910
6.260000,1021.424727,-126.732667,-20.541135,187.937051,-38.682705,7.141339,0.75425879,0.59609599,-0.25577303,-0.10170252,1.78294097,0.02153501,-3.34182988,11.1893,1220.6247,1029.0588,-0.31294790,-0.19451427,0.562278,0.00000000,0.00000000,0.00000000,0.00000000,-0.18713809,0.03490658,0.10665901,0.00000000,-0.18713809,0.03490658,0.10665901,0.00000000,hold,-79.4855,802.9825,1109.2591,16.46670023,44.11417440,1220.6247
6.270000,1023.300732,-127.122492,-20.465223,187.269901,-39.286531,8.026612,0.74952587,0.60524372,-0.24347266,-0.11230351,0.51616419,1.04110270,-3.90217276,11.1893,1220.5490,1030.9681,-0.30540008,-0.16905365,0.560878,0.00000000,0.00000000,0.00000000,0.00000000,0.15126187,0.11926417,0.10665901,0.00000000,0.15126187,0.11926417,0.10665901,0.00000000,can,-79.2251,635.5587,956.1833,16.46671717,44.11417075,1220.5490
6.280000,1025.170606,-127.518087,-20.381361,186.712837,-39.835405,8.727035,0.74932484,0.61049105,-0.22503173,-0.12318149,-0.81636939,2.06197639,-4.31965211,11.1893,1220.4655,1032.8722,-0.29249351,-0.13486522,0.559749,0.00000000,0.00000000,0.00000000,0.00000000,0.15126187,0.11926417,0.10665901,0.00000000,0.15126187,0.11926417,0.10665901,0.00000000,can,-81.4434,510.5834,919.2756,16.46673407,44.11416704,1220.4655
6.290000,1027.035176,-127.919232,-20.291101,186.211748,-40.393702,9.302227,0.75399799,0.61099667,-0.20074296,-0.13368759,-2.35619193,3.08887965,-4.54411813,11.1893,1220.3755,1034.7717,-0.27175185,-0.09257187,0.558781,0.00000000,0.00000000,0.00000000,0.00000000,0.15126187,0.11926417,0.10665901,0.00000000,0.15126187,0.11926417,0.10665901,0.00000000,can,-83.8505,349.4147,861.6990,16.46675091,44.11416329,1220.3755
6.300000,1028.895064,-128.325934,-20.195805,185.777341,-40.943808,9.731299,0.76396716,0.60553829,-0.17098506,-0.14297436,-4.10850561,4.10863700,-4.51989770,11.1893,1220.2806,1036.6672,-0.24247836,-0.04396628,0.557987,0.00000000,0.00000000,0.00000000,0.00000000,0.15126187,0.11926417,0.10665901,0.00000000,0.15126187,0.11926417,0.10665901,0.00000000,can,-85.7514,164.4265,781.3598,16.46676772,44.11415948,1220.2806
6.310000,1030.750955,-128.738012,-20.097004,185.412279,-41.465046,10.002318,0.77775278,0.59529193,-0.13670755,-0.14845600,-4.72147214,5.36075500,-3.92788158,11.1893,1220.1821,1038.5595,-0.20342812,0.00831239,0.557354,0.00000000,0.00000000,0.00000000,0.00000000,0.15126187,0.11926417,-0.13089969,0.00000000,0.15126187,0.11926417,-0.13089969,0.00000000,can,-87.0651,-101.1284,600.6797,16.46678449,44.11415562,1220.1821
6.320000,1032.603656,-129.154848,-19.996673,185.137781,-41.889688,10.037334,0.79342261,0.58199621,-0.09935496,-0.14795126,-5.35041723,6.39863460,-3.11859270,11.1893,1220.0820,1040.4493,-0.15221602,0.05750910,0.556878,0.00000000,0.00000000,0.00000000,0.00000000,0.15126187,0.11926417,-0.13089969,0.00000000,0.15126187,0.11926417,-0.13089969,0.00000000,can,-87.8162,-279.0223,445.5766,16.46680122,44.11415172,1220.0820
6.330000,1034.453914,-129.575473,-19.896787,184.923624,-42.214485,9.914230,0.81042232,0.56534508,-0.06039697,-0.14125441,-5.94288047,7.15589157,-2.13415961,11.1893,1219.9825,1042.3371,-0.08790665,0.09756951,0.556483,0.00000000,0.00000000,0.00000000,0.00000000,0.15126187,0.11926417,-0.13089969,0.00000000,0.15126187,0.11926417,-0.13089969,0.00000000,can,-88.1244,-422.8203,225.8837,16.46681794,44.11414778,1219.9825
6.340000,1036.302308,-129.998644,-19.798889,184.762646,-42.392463,9.641903,0.82813706,0.54518312,-0.02145290,-0.12846848,-6.50417813,7.58659460,-1.02885770,11.1893,1219.8849,1044.2234,-0.01304553,0.12509317,0.556113,0.00000000,0.00000000,0.00000000,0.00000000,0.15126187,0.11926417,-0.13089969,0.00000000,0.15126187,0.11926417,-0.13089969,0.00000000,can,-88.0721,-517.7122,-39.7135,16.46683464,44.11414382,1219.8849
6.350000,1038.149281,-130.422723,-19.704393,184.635928,-42.391012,9.236506,0.84599542,0.52148259,0.01588718,-0.10997843,-7.00563453,7.69041240,0.12838959,11.1893,1219.7907,1046.1085,0.06863027,0.13724363,0.555695,0.00000000,0.00000000,0.00000000,0.00000000,0.15126187,0.11926417,-0.13089969,0.00000000,0.15126187,0.11926417,-0.13089969,0.00000000,can,-87.5907,-556.3645,-334.0400,16.46685133,44.11413984,1219.7907
6.360000,1039.995059,-130.845775,-19.614544,184.518870,-42.184621,8.716404,0.86337460,0.49456380,0.05021899,-0.08642333,-7.38910413,7.49590171,1.25606662,11.1893,1219.7012,1047.9923,0.15253090,0.13223442,0.555146,0.00000000,0.00000000,0.00000000,0.00000000,0.15126187,0.11926417,-0.13089969,0.00000000,0.15126187,0.11926417,-0.13089969,0.00000000,can,-86.4464,-532.7544,-636.0392,16.46686800,44.11413588,1219.7012
6.370000,1041.839594,-131.265747,-19.530340,184.382921,-41.779604,8.114744,0.87795351,0.46842132,0.07899872,-0.05948368,-6.14860353,6.53989097,2.29213657,11.1893,1219.6173,1049.8745,0.23399027,0.10977939,0.554398,0.00000000,0.00000000,0.00000000,0.00000000,-0.01939255,-0.12120342,-0.13089969,0.00000000,-0.01939255,-0.12120342,-0.13089969,0.00000000,can,-84.1257,-466.6958,-764.1357,16.46688467,44.11413195,1219.6173
6.380000,1043.682580,-131.681312,-19.452160,184.208092,-41.305880,7.519704,0.88875499,0.44608971,0.10069590,-0.03128689,-5.15212612,5.47466904,3.05153054,11.1893,1219.5394,1051.7546,0.30636241,0.07319948,0.553501,0.00000000,0.00000000,0.00000000,0.00000000,-0.01939255,-0.12120342,-0.13089969,0.00000000,-0.01939255,-0.12120342,-0.13089969,0.00000000,can,-80.3059,-326.6150,-961.2105,16.46690132,44.11412806,1219.5394
6.390000,1045.523625,-132.091343,-19.379918,183.994692,-40.680620,6.935827,0.89656223,0.42746874,0.11591684,-0.00315301,-4.20255954,4.40599136,3.53954830,11.1893,1219.4675,1053.6322,0.36465245,0.02854513,0.552399,0.00000000,0.00000000,0.00000000,0.00000000,-0.01939255,-0.12120342,-0.13089969,0.00000000,-0.01939255,-0.12120342,-0.13089969,0.00000000,can,-76.8061,-157.9726,-1066.4500,16.46691795,44.11412422,1219.4675
6.400000,1047.362367,-132.494683,-19.313159,183.748941,-39.977653,6.432571,0.90188011,0.41267619,0.12547239,0.02381813,-3.28950598,3.36785833,3.78263769,11.1893,1219.4010,1055.5066,0.41003506,-0.01973224,0.551171,0.00000000,0.00000000,0.00000000,0.00000000,-0.01939255,-0.12120342,-0.13089969,0.00000000,-0.01939255,-0.12120342,-0.13089969,0.00000000,can,-76.4753,18.2138,-1063.9283,16.46693456,44.11412044,1219.4010
6.410000,1049.198510,-132.890679,-19.250933,183.474933,-39.209851,6.029008,0.90514708,0.40174235,0.13014728,0.04871891,-2.41242735,2.37170127,3.81843842,11.1893,1219.3391,1057.3776,0.44399699,-0.06793210,0.549838,0.00000000,0.00000000,0.00000000,0.00000000,-0.01939255,-0.12120342,-0.13089969,0.00000000,-0.01939255,-0.12120342,-0.13089969,0.00000000,can,-76.1170,192.3293,-1060.8773,16.46695115,44.11411674,1219.3391
6.420000,1051.031766,-133.278641,-19.192259,183.171098,-38.370837,5.720781,0.90673964,0.39463493,0.13064255,0.07084507,-1.57058014,1.42211051,3.68768263,11.1893,1219.2807,1059.2448,0.46786896,-0.11326967,0.548392,0.00000000,0.00000000,0.00000000,0.00000000,-0.01939255,-0.12120342,-0.13089969,0.00000000,-0.01939255,-0.12120342,-0.13089969,0.00000000,can,-75.7290,352.3191,-1057.2329,16.46696772,44.11411310,1219.2807
6.430000,1052.861827,-133.657870,-19.136234,182.835832,-37.464825,5.497068,0.90696465,0.39128231,0.12755873,0.08967745,-0.76303199,0.51861695,3.43091032,11.1893,1219.2250,1061.1077,0.48277879,-0.15381042,0.546830,0.00000000,0.00000000,0.00000000,0.00000000,-0.01939255,-0.12120342,-0.13089969,0.00000000,-0.01939255,-0.12120342,-0.13089969,0.00000000,can,-75.3110,486.4088,-1052.9794,16.46698425,44.11410955,1219.2250
6.440000,1054.688381,-134.027754,-19.082086,182.470345,-36.504166,5.342691,0.90604881,0.39159607,0.12136388,0.10487554,0.01362440,-0.35167950,3.08985391,11.1893,1219.1712,1062.9659,0.48959610,-0.18830626,0.545165,0.00000000,0.00000000,0.00000000,0.00000000,-0.01939255,-0.12120342,-0.13089969,0.00000000,-0.01939255,-0.12120342,-0.13089969,0.00000000,hold,-74.8664,588.6161,-1048.1712,16.46700075,44.11410609,1219.1712
6.450000,1056.512694,-134.388469,-19.029115,182.467334,-35.665561,5.263661,0.90517285,0.39359632,0.11162809,0.11525286,-0.07004930,-1.59073635,2.32442748,11.1893,1219.1185,1064.8208,0.48926824,-0.21630332,0.544625,0.00000000,0.00000000,0.00000000,0.00000000,-0.01939255,-0.12120342,0.17162404,0.00000000,-0.01939255,-0.12120342,0.17162404,0.00000000,can,345.6955,563.7021,-650.5857,16.46701724,44.11410271,1219.1185
6.460000,1058.337715,-134.740963,-18.976223,182.537139,-34.829038,5.319934,0.90540577,0.39541452,0.09777782,0.11969644,-0.15138709,-2.81394064,1.53405638,11.1893,1219.0660,1066.6754,0.47912563,-0.23728059,0.544316,0.00000000,0.00000000,0.00000000,0.00000000,-0.01939255,-0.12120342,0.17162404,0.00000000,-0.01939255,-0.12120342,0.17162404,0.00000000,can,360.0174,598.7480,-649.7242,16.46703372,44.11409941,1219.0660
6.470000,1060.162652,-135.084628,-18.922643,182.371726,-33.867605,5.397888,0.90661951,0.39710185,0.07993954,0.11815605,-0.22940832,-4.01505498,0.73688960,11.1893,1219.0127,1068.5288,0.45546398,-0.25152430,0.543274,0.00000000,0.00000000,0.00000000,0.00000000,-0.01939255,-0.12120342,0.17162404,0.00000000,-0.01939255,-0.12120342,0.17162404,0.00000000,can,-74.3639,839.9904,-963.4063,16.46705021,44.11409619,1219.0127
6.480000,1061.984384,-135.417926,-18.868237,181.977883,-32.790097,5.484196,0.90854176,0.39865800,0.05820688,0.11061478,-0.30361185,-5.19626020,-0.05987056,11.1893,1218.9586,1070.3777,0.41829086,-0.25883937,0.541526,0.00000000,0.00000000,0.00000000,0.00000000,-0.01939255,-0.12120342,0.17162404,0.00000000,-0.01939255,-0.12120342,0.17162404,0.00000000,can,-73.9001,851.5399,-959.5762,16.46706667,44.11409307,1218.9586
6.490000,1063.802303,-135.740401,-18.812967,181.611913,-31.703980,5.568183,0.91090050,0.39992490,0.03315412,0.09602684,-0.39070297,-6.33666074,-1.31754479,11.1893,1218.9036,1072.2214,0.36799454,-0.25914462,0.539868,0.00000000,0.00000000,0.00000000,0.00000000,-0.21040914,0.07660056,0.17162404,0.00000000,-0.21040914,0.07660056,0.17162404,0.00000000,can,-73.4615,954.3095,-957.9430,16.46708309,44.11409005,1218.9036
6.500000,1065.616715,-136.051732,-18.756523,181.282347,-30.574507,5.726669,0.91323781,0.40070278,0.00553121,0.07350777,-0.47295600,-7.36905800,-2.54093845,11.1893,1218.8475,1074.0603,0.30497445,-0.24941026,0.538314,0.00000000,0.00000000,0.00000000,0.00000000,-0.21040914,0.07660056,0.17162404,0.00000000,-0.21040914,0.07660056,0.17162404,0.00000000,can,-73.0512,919.8396,-850.7404,16.46709949,44.11408714,1218.8475
6.510000,1067.428230,-136.352302,-18.698218,181.034755,-29.563810,5.945246,0.91482558,0.40077539,-0.02405288,0.04352818,-0.57749391,-8.21215144,-3.70364781,11.1893,1218.7895,1075.8950,0.23087427,-0.22762026,0.537080,0.00000000,0.00000000,0.00000000,0.00000000,-0.21040914,0.07660056,0.17162404,0.00000000,-0.21040914,0.07660056,0.17162404,0.00000000,can,-75.0353,854.3244,-663.2686,16.46711585,44.11408432,1218.7895
6.520000,1069.237673,-136.643569,-18.637395,180.865842,-28.722126,6.230974,0.91497722,0.39973452,-0.05459909,0.00692330,-0.72924740,-8.77015402,-4.76823053,11.1893,1218.7290,1077.7264,0.14813809,-0.19381756,0.536181,0.00000000,0.00000000,0.00000000,0.00000000,-0.21040914,0.07660056,0.17162404,0.00000000,-0.21040914,0.07660056,0.17162404,0.00000000,can,-79.4334,755.0405,-436.1121,16.46713220,44.11408160,1218.7290
6.530000,1071.045752,-136.927513,-18.573345,180.757187,-28.110464,6.591808,0.91310616,0.39724240,-0.08487479,-0.03509833,-0.89558686,-9.02110962,-5.68618339,11.1893,1218.6653,1079.5555,0.06002785,-0.14865840,0.535592,0.00000000,0.00000000,0.00000000,0.00000000,-0.21040914,0.07660056,0.17162404,0.00000000,-0.21040914,0.07660056,0.17162404,0.00000000,can,-81.4407,611.9595,-153.3627,16.46714854,44.11407894,1218.6653
6.540000,1072.852886,-137.206735,-18.505343,180.668604,-27.783852,7.017226,0.90877130,0.39322836,-0.11371152,-0.08109168,-1.04937495,-8.98894285,-6.42663257,11.1893,1218.5976,1081.3832,-0.02994166,-0.09352712,0.535217,0.00000000,0.00000000,0.00000000,0.00000000,-0.21040914,0.07660056,0.17162404,0.00000000,-0.21040914,0.07660056,0.17162404,0.00000000,can,-81.9514,421.3070,142.6763,16.46716486,44.11407632,1218.5976
6.550000,1074.658999,-137.484224,-18.432860,180.542238,-27.765814,7.484848,0.90178505,0.38776157,-0.14017672,-0.12951904,-1.18950432,-8.71818775,-6.96230219,11.1893,1218.5254,1083.2095,-0.11879403,-0.03037890,0.534899,0.00000000,0.00000000,0.00000000,0.00000000,-0.21040914,0.07660056,0.17162404,0.00000000,-0.21040914,0.07660056,0.17162404,0.00000000,can,-81.6669,200.1817,443.8643,16.46718118,44.11407373,1218.5254
6.560000,1076.463391,-137.763061,-18.355576,180.314988,-28.047865,7.972092,0.89218288,0.38109711,-0.16364995,-0.17886700,-1.27670241,-8.27329107,-7.29301512,11.1893,1218.4484,1085.0344,-0.20443632,0.03845971,0.534450,0.00000000,0.00000000,0.00000000,0.00000000,-0.21040914,0.07660056,0.17162404,0.00000000,-0.21040914,0.07660056,0.17162404,0.00000000,hold,-80.0984,-33.2343,710.2210,16.46719748,44.11407111,1218.4484
6.570000,1078.264809,-138.046013,-18.273494,179.941118,-28.579723,8.437909,0.88000879,0.37441980,-0.18386177,-0.22713256,-0.98147797,-7.56954918,-7.26006554,11.1893,1218.3667,1086.8568,-0.28579519,0.11049650,0.533712,0.00000000,0.00000000,0.00000000,0.00000000,-0.21040914,0.07660056,0.03781547,0.00000000,-0.21040914,0.07660056,0.03781547,0.00000000,can,-75.4267,-311.9428,883.7677,16.46721376,44.11406846,1218.3667
6.580000,1080.061649,-138.335315,-18.187196,179.397339,-29.304754,8.811054,0.86566407,0.36862962,-0.20101527,-0.27263672,-0.70491880,-6.87301339,-7.05033261,11.1893,1218.2807,1088.6755,-0.36216581,0.18179794,0.532586,0.00000000,0.00000000,0.00000000,0.00000000,-0.21040914,0.07660056,0.03781547,0.00000000,-0.21040914,0.07660056,0.03781547,0.00000000,can,-71.5522,-528.8721,1027.5486,16.46722999,44.11406576,1218.2807
6.590000,1081.852264,-138.632338,-18.097621,178.705079,-30.103373,9.083350,0.84977819,0.36376541,-0.21559315,-0.31475602,-0.43995848,-6.19792575,-6.71432130,11.1893,1218.1914,1090.4890,-0.43382164,0.24903904,0.531074,0.00000000,0.00000000,0.00000000,0.00000000,-0.21040914,0.07660056,0.03781547,0.00000000,-0.21040914,0.07660056,0.03781547,0.00000000,can,-71.1583,-700.7204,1022.7712,16.46724617,44.11406297,1218.1914
6.600000,1083.637170,-138.937408,-18.005842,178.356559,-30.908981,9.259431,0.83296201,0.35987510,-0.22800070,-0.35310040,-0.18481777,-5.54354716,-6.29488768,11.1893,1218.0999,1092.2979,-0.50223643,0.31086664,0.530548,0.00000000,0.00000000,0.00000000,0.00000000,-0.21040914,0.07660056,0.03781547,0.00000000,-0.21040914,0.07660056,0.03781547,0.00000000,can,406.1234,-562.4095,635.7711,16.46726230,44.11406012,1218.0999
6.610000,1085.419369,-139.250408,-17.912705,178.082686,-31.681024,9.359451,0.81807609,0.35428095,-0.23640322,-0.38645833,-1.39033627,-4.21296278,-5.20268868,11.1893,1218.0071,1094.1051,-0.56760299,0.36613026,0.530217,0.00000000,0.00000000,0.00000000,0.00000000,0.35488360,0.05817764,0.03781547,0.00000000,0.35488360,0.05817764,0.03781547,0.00000000,can,407.3369,-677.7860,437.3985,16.46727840,44.11405719,1218.0071
6.620000,1087.198852,-139.570777,-17.819434,177.814018,-32.378060,9.296876,0.80797854,0.34474425,-0.23860285,-0.41399369,-2.56263184,-2.84816631,-4.14903577,11.1893,1217.9142,1095.9106,-0.62365273,0.41549175,0.529843,0.00000000,0.00000000,0.00000000,0.00000000,0.35488360,0.05817764,0.03781547,0.00000000,0.35488360,0.05817764,0.03781547,0.00000000,can,389.3127,-599.5766,379.7686,16.46729448,44.11405419,1217.9142
6.630000,1088.975653,-139.897705,-17.726706,177.546186,-32.996045,9.252557,0.80301104,0.33184252,-0.23448243,-0.43597224,-3.70175032,-1.47505362,-3.10185493,11.1893,1217.8217,1097.7142,-0.66151863,0.46253200,0.529436,0.00000000,0.00000000,0.00000000,0.00000000,0.35488360,0.05817764,0.03781547,0.00000000,0.35488360,0.05817764,0.03781547,0.00000000,can,368.5707,-535.5084,342.2196,16.46731053,44.11405113,1217.8217
6.640000,1090.749776,-140.230503,-17.634292,177.278389,-33.555404,9.235461,0.80327954,0.31595410,-0.22402571,-0.45246819,-4.80780326,-0.11875095,-2.03089699,11.1893,1217.7296,1099.5159,-0.67898775,0.50849934,0.529005,0.00000000,0.00000000,0.00000000,0.00000000,0.35488360,0.05817764,0.03781547,0.00000000,0.35488360,0.05817764,0.03781547,0.00000000,can,351.6655,-484.9741,323.1844,16.46732656,44.11404801,1217.7296
6.650000,1092.521217,-140.568687,-17.541881,177.009614,-34.076816,9.253167,0.80867655,0.29726674,-0.20730442,-0.46335689,-5.88094374,1.19512350,-0.90882948,11.1893,1217.6375,1101.3157,-0.67381784,0.55350752,0.528559,0.00000000,0.00000000,0.00000000,0.00000000,0.35488360,0.05817764,0.03781547,0.00000000,0.35488360,0.05817764,0.03781547,0.00000000,can,342.0337,-447.2851,321.4114,16.46734256,44.11404484,1217.6375
6.660000,1094.289961,-140.911980,-17.449088,176.738616,-34.580438,9.313190,0.81889084,0.27579708,-0.18447950,-0.46831728,-6.92134907,2.43947906,0.28768094,11.1893,1217.5451,1103.1135,-0.64366714,0.59638606,0.528107,0.00000000,0.00000000,0.00000000,0.00000000,0.35488360,0.05817764,0.03781547,0.00000000,0.35488360,0.05817764,0.03781547,0.00000000,can,340.7689,-422.4049,336.7432,16.46735854,44.11404163,1217.5451
6.670000,1096.055977,-141.260301,-17.355448,176.463890,-35.085588,9.424106,0.83340655,0.25141953,-0.15581519,-0.46684406,-7.92921935,3.58512561,1.57685088,11.1893,1217.4517,1104.9092,-0.58632210,0.63448417,0.527658,0.00000000,0.00000000,0.00000000,0.00000000,0.35488360,0.05817764,0.03781547,0.00000000,0.35488360,0.05817764,0.03781547,0.00000000,can,346.9597,-411.6076,370.1496,16.46737450,44.11403837,1217.4517
6.680000,1097.819220,-141.613758,-17.260402,176.183646,-35.610492,9.596286,0.85149459,0.22390395,-0.12170417,-0.45827075,-8.90479809,4.60056787,2.97062327,11.1893,1217.3570,1106.7029,-0.50046319,0.66349531,0.527220,0.00000000,0.00000000,0.00000000,0.00000000,0.35488360,0.05817764,0.03781547,0.00000000,0.35488360,0.05817764,0.03781547,0.00000000,hold,357.4673,-418.0236,422.9904,16.46739043,44.11403506,1217.3570
6.690000,1099.579625,-141.972632,-17.163277,175.895828,-36.171664,9.842016,0.87224046,0.19475135,-0.08312529,-0.44086130,-9.12256353,5.69617547,4.75947534,11.1893,1217.2602,1108.4944,-0.38714558,0.67750799,0.526802,0.00000000,0.00000000,0.00000000,0.00000000,0.35488360,0.05817764,-0.22010541,0.00000000,0.35488360,0.05817764,-0.22010541,0.00000000,can,379.0502,-484.5351,446.9680,16.46740633,44.11403170,1217.2602
6.700000,1101.337117,-142.337395,-17.063664,175.603628,-36.783433,10.072849,0.89457623,0.16524140,-0.04164345,-0.41315188,-9.32956418,6.36448778,6.62121447,11.1893,1217.1609,1110.2838,-0.25351843,0.66693859,0.526409,0.00000000,0.00000000,0.00000000,0.00000000,0.35488360,0.05817764,-0.22010541,0.00000000,0.35488360,0.05817764,-0.22010541,0.00000000,can,356.2950,-563.2072,373.3412,16.46742221,44.11402828,1217.1609
6.710000,1103.091751,-142.708296,-16.962255,175.326627,-37.396514,10.179779,0.91721659,0.13452844,0.00054835,-0.37498738,-9.52628436,6.44281310,8.51059256,11.1893,1217.0598,1112.0712,-0.11366897,0.62480503,0.526048,0.00000000,0.00000000,0.00000000,0.00000000,0.35488360,0.05817764,-0.22010541,0.00000000,0.35488360,0.05817764,-0.22010541,0.00000000,can,326.2614,-661.4647,149.2593,16.46743806,44.11402481,1217.0598
6.720000,1104.843730,-143.085318,-16.860802,175.072934,-38.009391,10.071675,0.93882408,0.10189953,0.04090081,-0.32642450,-9.71338828,5.98093652,10.36615871,11.1893,1216.9586,1113.8567,0.01694144,0.55006814,0.525725,0.00000000,0.00000000,0.00000000,0.00000000,0.35488360,0.05817764,-0.22010541,0.00000000,0.35488360,0.05817764,-0.22010541,0.00000000,can,318.6603,-749.2291,-151.6401,16.46745389,44.11402128,1216.9586
6.730000,1106.591786,-143.468427,-16.761862,174.468594,-38.610392,9.667012,0.95779263,0.07028242,0.07450623,-0.26859352,-8.33411232,4.49356704,11.91320776,11.1893,1216.8600,1115.6392,0.12668723,0.44446870,0.524361,0.00000000,0.00000000,0.00000000,0.00000000,-0.02908882,-0.17938107,-0.22010541,0.00000000,-0.02908882,-0.17938107,-0.22010541,0.00000000,can,-69.4297,-1058.6898,-384.6344,16.46746969,44.11401769,1216.8600
6.740000,1108.333334,-143.857663,-16.667392,173.852942,-39.236599,9.205691,0.97318686,0.04324114,0.09800839,-0.20354826,-6.95693924,2.93982776,13.13026386,11.1893,1216.7659,1117.4160,0.20555480,0.31496443,0.522986,0.00000000,0.00000000,0.00000000,0.00000000,-0.02908882,-0.17938107,-0.22010541,0.00000000,-0.02908882,-0.17938107,-0.22010541,0.00000000,can,-69.0766,-976.3726,-616.3168,16.46748542,44.11401405,1216.7659
6.750000,1110.069331,-144.252749,-16.577976,173.376285,-39.743029,8.671264,0.98443278,0.02208155,0.11183358,-0.13378250,-5.35127567,1.47175446,13.79202661,11.1893,1216.6768,1119.1881,0.25164896,0.17170106,0.521920,0.00000000,0.00000000,0.00000000,0.00000000,-0.02908882,-0.17938107,-0.22010541,0.00000000,-0.02908882,-0.17938107,-0.22010541,0.00000000,can,-72.3730,-600.8043,-731.7934,16.46750110,44.11401035,1216.6768
6.760000,1111.801436,-144.651526,-16.494058,173.069634,-39.953368,8.108947,0.99111905,0.00802831,0.11713016,-0.06244280,-3.80261420,0.19192219,13.92495540,11.1893,1216.5932,1120.9569,0.27316505,0.02357737,0.521127,0.00000000,0.00000000,0.00000000,0.00000000,-0.02908882,-0.17938107,-0.22010541,0.00000000,-0.02908882,-0.17938107,-0.22010541,0.00000000,can,-73.9120,-112.2782,-784.6681,16.46751675,44.11400661,1216.5932
6.770000,1113.531063,-145.050592,-16.415846,172.864212,-39.799559,7.532158,0.99327133,0.00034068,0.11552860,0.00806829,-2.58130263,-0.88938777,13.69968251,11.1893,1216.5153,1122.7232,0.27803684,-0.12199852,0.520363,0.00000000,0.00000000,0.00000000,0.00000000,-0.02908882,-0.17938107,-0.22010541,0.00000000,-0.02908882,-0.17938107,-0.22010541,0.00000000,can,-71.9941,344.0123,-796.7666,16.46753238,44.11400288,1216.5153
6.780000,1115.258730,-145.446388,-16.343411,172.662231,-39.311210,6.956767,0.99116934,-0.00174830,0.10849832,0.07621281,-1.45145570,-1.78647111,13.28657559,11.1893,1216.4431,1124.4872,0.27267768,-0.26141453,0.519376,0.00000000,0.00000000,0.00000000,0.00000000,-0.02908882,-0.17938107,-0.22010541,0.00000000,-0.02908882,-0.17938107,-0.22010541,0.00000000,can,-68.1544,702.3198,-783.2462,16.46754799,44.11399917,1216.4431
6.790000,1116.984045,-145.835971,-16.276638,172.385023,-38.581686,6.403032,0.98546233,-0.00100752,0.09574465,0.14034223,-1.46474358,-3.08214891,12.34883559,11.1893,1216.3767,1126.2481,0.26152757,-0.39340864,0.518018,0.00000000,0.00000000,0.00000000,0.00000000,-0.02908882,-0.17938107,0.22786243,0.00000000,-0.02908882,-0.17938107,0.22786243,0.00000000,can,-67.8085,1009.7096,-641.5642,16.46756358,44.11399552,1216.3767
6.800000,1118.706149,-146.217502,-16.214727,172.098456,-37.765130,5.999346,0.97697033,0.00009660,0.07634283,0.19925046,-1.48112660,-4.31484003,11.39361553,11.1893,1216.3151,1128.0048,0.24334049,-0.51715382,0.516600,0.00000000,0.00000000,0.00000000,0.00000000,-0.02908882,-0.17938107,0.22786243,0.00000000,-0.02908882,-0.17938107,0.22786243,0.00000000,can,342.1227,645.8454,-422.0348,16.46757914,44.11399195,1216.3151
6.810000,1120.427354,-146.592136,-16.156188,172.135833,-37.174086,5.721573,0.96619943,0.00192250,0.05085282,0.25272308,-1.49964094,-5.44154156,10.42681454,11.1893,1216.2568,1129.7597,0.21235784,-0.63290660,0.516275,0.00000000,0.00000000,0.00000000,0.00000000,-0.02908882,-0.17938107,0.22786243,0.00000000,-0.02908882,-0.17938107,0.22786243,0.00000000,can,315.1558,551.7876,-349.0985,16.46759469,44.11398844,1216.2568
6.820000,1122.148735,-146.961225,-16.100007,172.133945,-36.655391,5.530699,0.95352306,0.00471791,0.02011043,0.30061118,-1.51919821,-6.39760102,9.45065812,11.1893,1216.2010,1131.5141,0.16677074,-0.74007354,0.515902,0.00000000,0.00000000,0.00000000,0.00000000,-0.02908882,-0.17938107,0.22786243,0.00000000,-0.02908882,-0.17938107,0.22786243,0.00000000,can,270.0052,475.6830,-256.6067,16.46761024,44.11398499,1216.2010
6.830000,1123.869907,-147.325473,-16.045217,172.094356,-36.205529,5.446897,0.93924684,0.00856856,-0.01474005,0.34281873,-1.53868673,-7.12525550,8.46826857,11.1893,1216.1465,1133.2677,0.10510449,-0.83818610,0.515483,0.00000000,0.00000000,0.00000000,0.00000000,-0.02908882,-0.17938107,0.22786243,0.00000000,-0.02908882,-0.17938107,0.22786243,0.00000000,can,218.7979,415.7843,-135.9340,16.46762579,44.11398158,1216.1465
6.840000,1125.590502,-147.685559,-15.990644,172.018646,-35.823049,5.489710,0.92369091,0.01338006,-0.05231582,0.37931402,-1.55707202,-7.57446657,7.48351985,11.1893,1216.0922,1135.0202,0.02618319,-0.92655694,0.515019,0.00000000,0.00000000,0.00000000,0.00000000,-0.02908882,-0.17938107,0.22786243,0.00000000,-0.02908882,-0.17938107,0.22786243,0.00000000,can,171.4348,365.3036,4.2157,16.46764133,44.11397821,1216.0922
6.850000,1127.310164,-148.042166,-15.934987,171.908243,-35.510129,5.663243,0.90726006,0.01889534,-0.09111045,0.41014758,-1.57349612,-7.73112203,6.50084739,11.1893,1216.0369,1136.7713,-0.07074323,-1.00432457,0.514516,0.00000000,0.00000000,0.00000000,0.00000000,-0.02908882,-0.17938107,0.22786243,0.00000000,-0.02908882,-0.17938107,0.22786243,0.00000000,can,132.5528,318.0490,148.6494,16.46765687,44.11397487,1216.0369
6.860000,1129.028555,-148.396009,-15.876957,171.764366,-35.271073,5.961791,0.89116471,0.02493534,-0.12967211,0.43403782,-1.58878215,-7.62458387,4.88824752,11.1893,1215.9792,1138.5208,-0.18547214,-1.07053997,0.513980,0.00000000,0.00000000,0.00000000,0.00000000,-0.34130882,0.13380857,0.22786243,0.00000000,-0.34130882,0.13380857,0.22786243,0.00000000,can,131.2446,287.2420,276.9829,16.46767240,44.11397155,1215.9792
6.870000,1130.745382,-148.747700,-15.815459,171.596260,-35.079966,6.348288,0.87678248,0.03149337,-0.16695421,0.44987436,-1.59995762,-7.38514360,3.29181765,11.1893,1215.9180,1140.2685,-0.31451531,-1.12109395,0.513418,0.00000000,0.00000000,0.00000000,0.00000000,-0.34130882,0.13380857,0.22786243,0.00000000,-0.34130882,0.13380857,0.22786243,0.00000000,can,101.8242,241.6741,358.1522,16.46768791,44.11396826,1215.9180
6.880000,1132.460402,-149.097823,-15.749919,171.405096,-34.952397,6.754260,0.86468076,0.03870985,-0.20260945,0.45801544,-1.60728175,-7.11968840,1.71336595,11.1893,1215.8528,1142.0143,-0.44858699,-1.15294831,0.512836,0.00000000,0.00000000,0.00000000,0.00000000,-0.34130882,0.13380857,0.22786243,0.00000000,-0.34130882,0.13380857,0.22786243,0.00000000,can,75.8998,217.8932,334.1942,16.46770340,44.11396498,1215.8528
6.890000,1134.173446,-149.446864,-15.680543,171.202111,-34.860329,7.113481,0.85522481,0.04680310,-0.23649222,0.45877165,-1.61110839,-6.83211077,0.15359991,11.1893,1215.7837,1143.7579,-0.57594474,-1.16705107,0.512241,0.00000000,0.00000000,0.00000000,0.00000000,-0.34130882,0.13380857,0.22786243,0.00000000,-0.34130882,0.13380857,0.22786243,0.00000000,can,56.8951,206.3195,296.5685,16.46771888,44.11396171,1215.7837
6.900000,1135.884421,-149.795104,-15.607776,170.992129,-34.790762,7.434578,0.84861115,0.05597646,-0.26844767,0.45239541,-1.61180820,-6.52301585,-1.38697381,11.1893,1215.7113,1145.4994,-0.68404623,-1.16545829,0.511638,0.00000000,0.00000000,0.00000000,0.00000000,-0.34130882,0.13380857,0.22786243,0.00000000,-0.34130882,0.13380857,0.22786243,0.00000000,can,45.7199,199.1670,271.5474,16.46773434,44.11395845,1215.7113
6.910000,1137.593276,-150.142725,-15.531938,170.778400,-34.735052,7.729856,0.84491989,0.06606339,-0.29884553,0.43867683,-1.87232977,-6.31809508,-3.00144009,11.1893,1215.6357,1147.2387,-0.76470065,-1.15061127,0.511032,0.00000000,0.00000000,0.00000000,0.00000000,-0.34130882,0.13380857,0.35197473,0.00000000,-0.34130882,0.13380857,0.35197473,0.00000000,can,43.7203,192.5174,263.4988,16.46774978,44.11395520,1215.6357
6.920000,1139.299982,-150.489837,-15.453198,170.562841,-34.688232,8.016484,0.84406059,0.07690835,-0.32793772,0.41725732,-2.12236805,-6.07879331,-4.61223151,11.1893,1215.5573,1148.9758,-0.81767516,-1.12329366,0.510427,0.00000000,0.00000000,0.00000000,0.00000000,-0.34130882,0.13380857,0.35197473,0.00000000,-0.34130882,0.13380857,0.35197473,0.00000000,can,46.1836,187.3078,257.3502,16.46776520,44.11395195,1215.5573
6.930000,1141.004535,-150.836499,-15.371623,170.348004,-34.644258,8.298719,0.84573877,0.08869262,-0.35530777,0.38809269,-2.36250742,-5.79818479,-6.21695955,11.1893,1215.4760,1150.7108,-0.84686130,-1.08336257,0.509826,0.00000000,0.00000000,0.00000000,0.00000000,-0.34130882,0.13380857,0.35197473,0.00000000,-0.34130882,0.13380857,0.35197473,0.00000000,can,56.0526,182.2494,257.6432,16.46778060,44.11394870,1215.4760
6.940000,1142.706952,-151.182715,-15.287205,170.135977,-34.598128,8.586424,0.84950815,0.10156077,-0.38044151,0.35112044,-2.59338936,-5.46985271,-7.81290357,11.1893,1215.3919,1152.4436,-0.85672296,-1.03119894,0.509235,0.00000000,0.00000000,0.00000000,0.00000000,-0.34130882,0.13380857,0.35197473,0.00000000,-0.34130882,0.13380857,0.35197473,0.00000000,can,74.5439,178.7744,262.0063,16.46779598,44.11394546,1215.3919
6.950000,1144.407272,-151.528435,-15.199843,169.929127,-34.543982,8.889504,0.85477151,0.11561928,-0.40272305,0.30628744,-2.81572157,-5.08787925,-9.39694317,11.1893,1215.3049,1154.1743,-0.85274970,-0.96666824,0.508656,0.00000000,0.00000000,0.00000000,0.00000000,-0.34130882,0.13380857,0.35197473,0.00000000,-0.34130882,0.13380857,0.35197473,0.00000000,can,103.3139,179.9021,268.1821,16.46781134,44.11394222,1215.3049
6.960000,1146.105561,-151.873544,-15.109329,169.730233,-34.474462,9.218655,0.86078088,0.13093473,-0.42143471,0.25358462,-3.03028512,-4.64684882,-10.96549734,11.1893,1215.2147,1155.9028,-0.84010355,-0.88935987,0.508096,0.00000000,0.00000000,0.00000000,0.00000000,-0.34130882,0.13380857,0.35197473,0.00000000,-0.34130882,0.13380857,0.35197473,0.00000000,can,143.6121,190.4488,274.4716,16.46782668,44.11393899,1215.2147
6.970000,1147.801913,-152.217844,-15.015342,169.542398,-34.380681,9.586074,0.86663875,0.14753151,-0.43576224,0.19308809,-3.23793888,-4.14186890,-12.51448206,11.1893,1215.1210,1157.6294,-0.82299767,-0.79879692,0.507560,0.00000000,0.00000000,0.00000000,0.00000000,-0.34130882,0.13380857,0.35197473,0.00000000,-0.34130882,0.13380857,0.35197473,0.00000000,can,195.0070,216.8569,280.3916,16.46784201,44.11393577,1215.1210
6.980000,1149.496456,-152.561044,-14.917433,169.368635,-34.252998,10.005819,0.87130171,0.16538909,-0.44480709,0.12500572,-3.43962054,-3.56860755,-14.03931127,11.1893,1215.0234,1159.3541,-0.80457610,-0.69457638,0.507053,0.00000000,0.00000000,0.00000000,0.00000000,-0.34130882,0.13380857,0.35197473,0.00000000,-0.34130882,0.13380857,0.35197473,0.00000000,can,253.8141,266.1763,287.4316,16.46785732,44.11393255,1215.0234
6.990000,1151.189340,-152.902761,-14.815000,169.211134,-34.082761,10.493410,0.87358869,0.18443915,-0.44760713,0.04972772,-3.63634295,-2.92333436,-15.53497374,11.1893,1214.9213,1161.0769,-0.78707174,-0.57644948,0.506580,0.00000000,0.00000000,0.00000000,0.00000000,-0.34130882,0.13380857,0.35197473,0.00000000,-0.34130882,0.13380857,0.35197473,0.00000000,can,311.6781,343.7362,299.5939,16.46787261,44.11392935,1214.9213
7.000000,1152.880734,-153.242540,-14.707287,169.070223,-33.864985,11.064201,0.87219557,0.20456277,-0.44316721,-0.03212149,-3.82918549,-2.20299173,-16.99080313,11.1893,1214.8139,1162.7980,-0.77208791,-0.44436976,0.506144,0.00000000,0.00000000,0.00000000,0.00000000,-0.34130882,0.13380857,0.35197473,0.00000000,-0.34130882,0.13380857,0.35197473,0.00000000,can,355.1923,449.3736,323.1617,16.46788789,44.11392617,1214.8139
7.010000,1154.570792,-153.579908,-14.593398,168.941583,-33.610498,11.725861,0.86575198,0.22545050,-0.43058068,-0.11935606,-4.01930468,-1.40805863,-18.23506720,11.1893,1214.7003,1164.5175,-0.76092354,-0.29859261,0.505744,0.00000000,0.00000000,0.00000000,0.00000000,-0.34130882,0.13380857,0.35197473,0.00000000,-0.34130882,0.13380857,0.35197473,0.00000000,can,353.4497,509.0713,378.2823,16.46790316,44.11392301,1214.7003
7.020000,1156.259499,-153.915144,-14.472713,168.794046,-33.469718,12.403786,0.85318549,0.24621025,-0.40942485,-0.20934738,-4.20787600,-0.54885426,-18.97458480,11.1893,1214.5800,1166.2353,-0.75496675,-0.14101390,0.505373,0.00000000,0.00000000,0.00000000,0.00000000,-0.34130882,0.13380857,0.35197473,0.00000000,-0.34130882,0.13380857,0.35197473,0.00000000,can,298.0055,331.8465,462.5321,16.46791842,44.11391987,1214.5800
7.030000,1157.946527,-154.250122,-14.345666,168.603959,-33.568335,12.980854,0.83414331,0.26580529,-0.37985222,-0.29877210,-4.39354132,0.35901013,-19.25296466,11.1893,1214.4532,1167.9515,-0.75578842,0.02422269,0.505018,0.00000000,0.00000000,0.00000000,0.00000000,-0.34130882,0.13380857,0.35100511,0.00000000,-0.34130882,0.13380857,0.35100511,0.00000000,can,268.9951,29.4323,495.3885,16.46793366,44.11391674,1214.4532
7.040000,1159.631442,-154.587281,-14.213683,168.373460,-33.894062,13.385365,0.80883049,0.28366144,-0.34229866,-0.38491694,-4.57896745,1.30128991,-19.24121395,11.1893,1214.3216,1169.6659,-0.76452919,0.19253571,0.504660,0.00000000,0.00000000,0.00000000,0.00000000,-0.34130882,0.13380857,0.35100511,0.00000000,-0.34130882,0.13380857,0.35100511,0.00000000,can,287.6919,-228.9541,454.3145,16.46794889,44.11391358,1214.3216
7.050000,1161.313918,-154.928403,-14.078526,168.119490,-34.339479,13.622298,0.77764929,0.29968105,-0.29729701,-0.46590485,-4.76425072,2.26874916,-19.10917714,11.1893,1214.1867,1171.3784,-0.78227370,0.36081705,0.504280,0.00000000,0.00000000,0.00000000,0.00000000,-0.34130882,0.13380857,0.35100511,0.00000000,-0.34130882,0.13380857,0.35100511,0.00000000,can,313.1177,-344.7846,374.5836,16.46796409,44.11391039,1214.1867
7.060000,1162.993832,-155.273920,-13.941436,167.864640,-34.745206,13.796791,0.74092777,0.31408403,-0.24538478,-0.54052158,-4.94936804,3.25677128,-18.92685246,11.1893,1214.0500,1173.0889,-0.81128807,0.52760781,0.503861,0.00000000,0.00000000,0.00000000,0.00000000,-0.34130882,0.13380857,0.35100511,0.00000000,-0.34130882,0.13380857,0.35100511,0.00000000,can,260.6234,-237.3758,340.3026,16.46797926,44.11390715,1214.0500
7.070000,1164.671235,-155.622934,-13.802559,167.617082,-35.039454,13.980161,0.69900133,0.32715359,-0.18720324,-0.60771919,-5.13422976,4.26199941,-18.69124033,11.1893,1213.9114,1174.7975,-0.85668472,0.69149652,0.503396,0.00000000,0.00000000,0.00000000,0.00000000,-0.34130882,0.13380857,0.35100511,0.00000000,-0.34130882,0.13380857,0.35100511,0.00000000,can,178.3746,-162.1633,314.8624,16.46799442,44.11390388,1213.9114
7.080000,1166.346192,-155.974360,-13.661811,167.375082,-35.229508,14.169796,0.65224441,0.33918754,-0.12351797,-0.66653758,-5.31868594,5.28098700,-18.39958135,11.1893,1213.7710,1176.5039,-0.92854333,0.84962576,0.502881,0.00000000,0.00000000,0.00000000,0.00000000,-0.34130882,0.13380857,0.35100511,0.00000000,-0.34130882,0.13380857,0.35100511,0.00000000,can,89.9475,-132.1598,286.8146,16.46800955,44.11390059,1213.7710
7.090000,1168.018753,-156.327227,-13.519181,167.138167,-35.330349,14.353666,0.60106773,0.35049057,-0.05521101,-0.71611848,-5.50253358,6.31014004,-18.04900238,11.1893,1213.6287,1178.2082,-1.04628239,0.99693202,0.502322,0.00000000,0.00000000,0.00000000,0.00000000,-0.34130882,0.13380857,0.35100511,0.00000000,-0.34130882,0.13380857,0.35100511,0.00000000,can,20.1074,-145.0843,243.7313,16.46802466,44.11389729,1213.6287
7.100000,1169.688977,-156.680729,-13.374822,166.907983,-35.359675,14.512177,0.54591653,0.36136627,0.01672757,-0.75571804,-5.68552039,7.34553806,-17.63628743,11.1893,1213.4846,1179.9103,-1.24554136,1.12350963,0.501728,0.00000000,0.00000000,0.00000000,0.00000000,-0.34130882,0.13380857,0.35100511,0.00000000,-0.34130882,0.13380857,0.35100511,0.00000000,can,-12.4300,-185.2409,176.9476,16.46803975,44.11389398,1213.4846
7.110000,1171.356949,-157.034234,-13.229100,166.688639,-35.332907,14.622032,0.48726972,0.37210897,0.09120891,-0.78471910,-5.86734369,8.38269772,-17.15786446,11.1893,1213.3392,1181.6101,-1.57202048,1.20994188,0.501117,0.00000000,0.00000000,0.00000000,0.00000000,-0.34130882,0.13380857,0.35100511,0.00000000,-0.34130882,0.13380857,0.35100511,0.00000000,can,0.1071,-229.8533,84.7570,16.46805482,44.11389067,1213.3392
7.120000,1173.022807,-157.387233,-13.082617,166.486356,-35.259346,14.661275,0.42563930,0.38299568,0.16705598,-0.80264425,-6.04765000,9.41636271,-16.61001230,11.1893,1213.1930,1183.3078,-1.99893987,1.22990782,0.500505,0.00000000,0.00000000,0.00000000,0.00000000,-0.34130882,0.13380857,0.35100511,0.00000000,-0.34130882,0.13380857,0.35100511,0.00000000,can,53.6436,-257.2618,-27.0619,16.46806987,44.11388736,1213.1930
7.130000,1174.686757,-157.739271,-12.936163,166.308409,-35.140396,14.614451,0.36156917,0.39427797,0.24301701,-0.80916955,-6.22613047,10.44040339,-15.98913117,11.1893,1213.0469,1185.0035,-2.36438980,1.17980319,0.499910,0.00000000,0.00000000,0.00000000,0.00000000,-0.34130882,0.13380857,0.35100511,0.00000000,-0.34130882,0.13380857,0.35100511,0.00000000,can,135.3170,-253.7670,-147.2622,16.46808491,44.11388407,1213.0469
7.140000,1176.349079,-158.089871,-12.790633,166.161590,-34.970261,14.476724,0.29563259,0.40617414,0.31778220,-0.80413830,-6.40233988,11.44778453,-15.29227820,11.1893,1212.9017,1186.6974,-2.58372182,1.08770465,0.499347,0.00000000,0.00000000,0.00000000,0.00000000,-0.34130882,0.13380857,0.35100511,0.00000000,-0.34130882,0.13380857,0.35100511,0.00000000,can,228.8733,-216.7720,-262.4750,16.46809993,44.11388078,1212.9017
7.150000,1178.010109,-158.438472,-12.646907,166.050522,-34.738938,14.256086,0.22842853,0.41885827,0.39000817,-0.78757335,-6.57780488,12.43006257,-14.51804840,11.1893,1212.7583,1188.3898,-2.69116382,0.97995105,0.498826,0.00000000,0.00000000,0.00000000,0.00000000,-0.34130882,0.13380857,0.35197473,0.00000000,-0.34130882,0.13380857,0.35197473,0.00000000,can,319.9472,-153.7313,-360.3510,16.46811493,44.11387752,1212.7583
7.160000,1179.670212,-158.784412,-12.505721,165.976233,-34.436680,13.973111,0.16057379,0.43245729,0.45833691,-0.75968679,-6.74966407,13.37958953,-13.66492157,11.1893,1212.6174,1190.0809,-2.72900448,0.87103693,0.498348,0.00000000,0.00000000,0.00000000,0.00000000,-0.34130882,0.13380857,0.35197473,0.00000000,-0.34130882,0.13380857,0.35197473,0.00000000,can,399.3343,-77.9528,-430.9861,16.46812993,44.11387428,1212.6174
7.170000,1181.329745,-159.126954,-12.367552,165.935201,-34.059261,13.658269,0.09269390,0.44704664,0.52141816,-0.72088851,-6.91717329,14.28726864,-12.73336393,11.1893,1212.4796,1191.7710,-2.72200706,0.76887438,0.497910,0.00000000,0.00000000,0.00000000,0.00000000,-0.34130882,0.13380857,0.35197473,0.00000000,-0.34130882,0.13380857,0.35197473,0.00000000,can,463.0531,-3.9484,-467.7614,16.46814492,44.11387107,1212.4796
7.180000,1182.989001,-159.465363,-12.232543,165.919320,-33.611883,13.347126,0.02541648,0.46264052,0.57794301,-0.67178838,-7.07953256,15.14369013,-11.72512448,11.1893,1212.3449,1193.4603,-2.68346160,0.67854316,0.497504,0.00000000,0.00000000,0.00000000,0.00000000,-0.34130882,0.13380857,0.35197473,0.00000000,-0.34130882,0.13380857,0.35197473,0.00000000,can,510.1026,56.3443,-466.7304,16.46815992,44.11386791,1212.3449
7.190000,1184.648175,-159.799013,-12.100480,165.916659,-33.111442,13.074452,-0.04063738,0.47918801,0.62667455,-0.61319366,-7.23590669,15.93935857,-10.64321182,11.1893,1212.2131,1195.1489,-2.62094209,0.60381448,0.497115,0.00000000,0.00000000,0.00000000,0.00000000,-0.34130882,0.13380857,0.35197473,0.00000000,-0.34130882,0.13380857,0.35197473,0.00000000,can,539.2930,95.1338,-426.8335,16.46817491,44.11386478,1212.2131
7.200000,1186.307331,-160.127507,-11.970831,165.913016,-32.585976,12.868275,-0.10486225,0.49657135,0.66647917,-0.54610102,-7.38545198,16.66497086,-9.49185773,11.1893,1212.0838,1196.8368,-2.53933593,0.54763715,0.496727,0.00000000,0.00000000,0.00000000,0.00000000,-0.34130882,0.13380857,0.35197473,0.00000000,-0.34130882,0.13380857,0.35197473,0.00000000,can,547.1681,108.6438,-350.9238,16.46818990,44.11386171,1212.0838
7.210000,1187.966384,-160.450768,-11.842836,165.894014,-32.071180,12.745104,-0.16667814,0.51460692,0.69635718,-0.47168294,-7.52734749,17.31173462,-8.27645902,11.1893,1211.9561,1198.5239,-2.44228790,0.51217693,0.496325,0.00000000,0.00000000,0.00000000,0.00000000,-0.34130882,0.13380857,0.35197473,0.00000000,-0.34130882,0.13380857,0.35197473,0.00000000,can,528.3383,96.3852,-247.1774,16.46820489,44.11385868,1211.9561
7.220000,1189.625118,-160.769092,-11.715642,165.847306,-31.604466,12.707403,-0.22554101,0.53304870,0.71547146,-0.39126834,-7.66082897,17.87167650,-7.00347447,11.1893,1211.8292,1200.2100,-2.33276622,0.49867788,0.495897,0.00000000,0.00000000,0.00000000,0.00000000,-0.34130882,0.13380857,0.35197473,0.00000000,-0.34130882,0.13380857,0.35197473,0.00000000,hold,478.2684,60.8728,-129.5551,16.46821987,44.11385570,1211.8292
7.230000,1191.283209,-161.083126,-11.588439,165.764500,-31.217724,12.743932,-0.28095346,0.55159404,0.72317265,-0.30631762,-7.78522271,18.33786429,-5.68026724,11.1893,1211.7024,1201.8949,-2.21309096,0.50730289,0.495434,0.00000000,0.00000000,0.00000000,0.00000000,-0.34130882,0.13380857,0.35197473,0.00000000,-0.34130882,0.13380857,0.35197473,0.00000000,can,397.1851,8.0068,-15.9768,16.46823485,44.11385276,1211.7024
7.240000,1192.940276,-161.393780,-11.460588,165.642467,-30.930365,12.833039,-0.33247491,0.56989105,0.71901952,-0.21839313,-7.89997664,18.70447817,-4.31491771,11.1893,1211.5748,1203.5784,-2.08462958,0.53704762,0.494933,0.00000000,0.00000000,0.00000000,0.00000000,-0.34130882,0.13380857,0.35197473,0.00000000,-0.34130882,0.13380857,0.35197473,0.00000000,can,292.9883,-52.6362,76.1137,16.46824982,44.11384985,1211.5748
7.250000,1194.595936,-161.702074,-11.331692,165.483856,-30.744355,12.948226,-0.37973027,0.58754730,0.70279407,-0.12912627,-8.00468695,18.96671902,-2.91606353,11.1893,1211.4463,1205.2601,-1.94731743,0.58574793,0.494396,0.00000000,0.00000000,0.00000000,0.00000000,-0.34130882,0.13380857,0.35197473,0.00000000,-0.34130882,0.13380857,0.35197473,0.00000000,can,181.3358,-108.7691,135.5651,16.46826478,44.11384696,1211.4463
7.260000,1196.249858,-162.008951,-11.201620,165.296776,-30.642571,13.064769,-0.42241661,0.60413939,0.67451104,-0.04018276,-8.09911945,19.12061370,-1.49282654,11.1893,1211.3165,1206.9400,-1.79910389,0.65011749,0.493828,0.00000000,0.00000000,0.00000000,0.00000000,-0.34130882,0.13380857,0.35197473,0.00000000,-0.34130882,0.13380857,0.35197473,0.00000000,can,82.2879,-148.2769,162.3059,16.46827972,44.11384409,1211.3165
7.270000,1197.901818,-162.315095,-11.070450,165.093681,-30.591072,13.165830,-0.46030743,0.61922324,0.63442252,0.04677299,-8.18322578,19.16283293,-0.05485162,11.1893,1211.1857,1208.6178,-1.63536053,0.72568635,0.493242,0.00000000,0.00000000,0.00000000,0.00000000,-0.34130882,0.13380857,0.35197473,0.00000000,-0.34130882,0.13380857,0.35197473,0.00000000,can,14.4362,-163.5095,168.6352,16.46829465,44.11384122,1211.1857
7.280000,1199.551728,-162.620790,-10.938373,164.889494,-30.544930,13.246585,-0.49325489,0.63234520,0.58301764,0.13011377,-8.25715440,19.09064757,1.38757838,11.1893,1211.0539,1210.2935,-1.44834686,0.80648172,0.492651,0.00000000,0.00000000,0.00000000,0.00000000,-0.34130882,0.13380857,0.35197473,0.00000000,-0.34130882,0.13380857,0.35197473,0.00000000,can,-11.4317,-155.3270,175.7165,16.46830956,44.11383836,1211.0539
7.290000,1201.199654,-162.925851,-10.805560,164.699150,-30.456424,13.315383,-0.52119044,0.64305414,0.52101724,0.20828569,-8.32125589,18.90210332,2.82344658,11.1893,1210.9214,1211.9672,-1.22735581,0.88433663,0.492072,0.00000000,0.00000000,0.00000000,0.00000000,-0.34130882,0.13380857,0.35197473,0.00000000,-0.34130882,0.13380857,0.35197473,0.00000000,can,3.2389,-134.7737,205.8802,16.46832445,44.11383550,1210.9214
7.300000,1202.845799,-163.229637,-10.672041,164.534857,-30.283893,13.391664,-0.54412428,0.65091423,0.44936258,0.27984406,-8.37608107,18.59640421,4.24104655,11.1893,1210.7882,1213.6389,-0.96174408,0.94803183,0.491519,0.00000000,0.00000000,0.00000000,0.00000000,-0.34130882,0.13380857,0.35197473,0.00000000,-0.34130882,0.13380857,0.35197473,0.00000000,can,44.0992,-120.8043,273.2023,16.46833932,44.11383266,1210.7882
7.310000,1204.490462,-163.531153,-10.537616,164.403649,-29.999468,13.501152,-0.56214383,0.65551803,0.36919674,0.34348827,-8.42236981,18.17305037,5.62824041,11.1893,1210.6541,1215.3089,-0.65075264,0.98357398,0.491003,0.00000000,0.00000000,0.00000000,0.00000000,-0.34130882,0.13380857,0.35197473,0.00000000,-0.34130882,0.13380857,0.35197473,0.00000000,can,87.6959,-133.9558,375.9666,16.46835418,44.11382983,1210.6541
7.320000,1206.133984,-163.829221,-10.401821,164.304894,-29.598752,13.669999,-0.57523682,0.65672022,0.28217295,0.39774311,-8.46124985,17.29043256,6.96360748,11.1893,1210.5186,1216.9773,-0.31706774,0.97825400,0.490526,0.00000000,0.00000000,0.00000000,0.00000000,-0.34130882,0.13380857,0.35197473,0.00000000,-0.34130882,0.13380857,0.35197473,0.00000000,can,105.9646,-192.4116,463.9783,16.46836903,44.11382704,1210.5186
7.330000,1207.776515,-164.123412,-10.263910,164.191924,-29.287909,13.927013,-0.58299186,0.65561531,0.19165421,0.43995195,-8.49526460,15.62325229,8.18904462,11.1893,1210.3810,1218.6442,-0.00448666,0.92787272,0.490085,0.00000000,0.00000000,0.00000000,0.00000000,-0.34130882,0.13380857,0.35197473,0.00000000,-0.34130882,0.13380857,0.35197473,0.00000000,can,89.8759,-281.6267,122.3412,16.46838387,44.11382429,1210.3810
7.340000,1209.417591,-164.416210,-10.123086,164.012789,-29.330031,14.242312,-0.58581368,0.65356090,0.10090773,0.46850626,-8.52541037,13.60703970,9.25796694,11.1893,1210.2405,1220.3094,0.25076982,0.84011969,0.489676,0.00000000,0.00000000,0.00000000,0.00000000,-0.34227847,0.13380857,0.35197473,0.00000000,-0.34227847,0.13380857,0.35197473,0.00000000,can,137.4284,-272.4340,-278.8467,16.46839869,44.11382155,1210.2405
7.350000,1211.056625,-164.710861,-9.979032,163.792030,-29.614324,14.570580,-0.58475649,0.65131429,0.01204441,0.48342990,-8.55613570,11.50729948,10.15391559,11.1893,1210.0968,1221.9729,0.44396761,0.72731444,0.489295,0.00000000,0.00000000,0.00000000,0.00000000,-0.34227847,0.13380857,0.35197473,0.00000000,-0.34227847,0.13380857,0.35197473,0.00000000,can,198.0888,-252.1312,-367.1406,16.46841350,44.11381879,1210.0968
7.360000,1212.693458,-165.008403,-9.831599,163.575728,-29.888723,14.920515,-0.58089517,0.64932164,-0.07341110,0.48533804,-8.58926406,9.35288314,10.87124308,11.1893,1209.9497,1223.6347,0.58729810,0.59899832,0.488929,0.00000000,0.00000000,0.00000000,0.00000000,-0.34227847,0.13380857,0.35197473,0.00000000,-0.34227847,0.13380857,0.35197473,0.00000000,can,223.4218,-270.6152,-325.1246,16.46842829,44.11381600,1209.9497
7.370000,1214.328157,-165.308523,-9.680523,163.364634,-30.129784,15.300225,-0.57517024,0.64793853,-0.15416587,0.47496077,-8.62626498,7.15862578,11.40436499,11.1893,1209.7989,1225.2946,0.69261656,0.46156306,0.488571,0.00000000,0.00000000,0.00000000,0.00000000,-0.34227847,0.13380857,0.35197473,0.00000000,-0.34227847,0.13380857,0.35197473,0.00000000,can,226.1960,-306.6352,-290.5600,16.46844306,44.11381319,1209.7989
7.380000,1215.960758,-165.610892,-9.525480,163.155846,-30.340180,15.709109,-0.56830270,0.64745663,-0.22901194,0.45319476,-8.66827350,4.94310996,11.64772015,11.1893,1209.6442,1226.9528,0.76879832,0.31902537,0.488213,0.00000000,0.00000000,0.00000000,0.00000000,-0.34227847,0.13380857,0.35197473,0.00000000,-0.34227847,0.13380857,0.35197473,0.00000000,can,201.5023,-317.8160,-281.3620,16.46845781,44.11381036,1209.6442
7.390000,1217.591291,-165.915331,-9.366611,162.952020,-30.550682,16.039963,-0.56047857,0.64833879,-0.29632266,0.42156075,-8.71611859,2.74013782,11.37189168,11.1893,1209.4857,1228.6092,0.82185479,0.17471547,0.487851,0.00000000,0.00000000,0.00000000,0.00000000,-0.34227847,0.13380857,0.35197473,0.00000000,-0.34227847,0.13380857,0.35197473,0.00000000,can,148.4202,-150.2627,-309.7666,16.46847254,44.11380751,1209.4857
7.400000,1219.219831,-166.221985,-9.205287,162.757867,-30.784466,16.191417,-0.55159052,0.65133561,-0.35429254,0.38208195,-8.76778680,0.59472821,10.56416567,11.1893,1209.3247,1230.2640,0.85558145,0.03219889,0.487483,0.00000000,0.00000000,0.00000000,0.00000000,-0.34227847,0.13380857,0.35100511,0.00000000,-0.34227847,0.13380857,0.35100511,0.00000000,can,125.9502,86.2368,-315.9462,16.46848725,44.11380464,1209.3247
7.410000,1220.846484,-166.531091,-9.043419,162.574505,-31.039405,16.153072,-0.54166251,0.65726579,-0.40152949,0.33671572,-8.82424935,-1.45349761,9.31456474,11.1893,1209.1631,1231.9172,0.87146787,-0.10531827,0.487106,0.00000000,0.00000000,0.00000000,0.00000000,-0.34227847,0.13380857,0.35100511,0.00000000,-0.34227847,0.13380857,0.35100511,0.00000000,can,141.8029,294.4324,-284.4034,16.46850195,44.11380174,1209.1631
7.420000,1222.471350,-166.842816,-8.882740,162.399671,-31.307251,15.962672,-0.53086948,0.66681257,-0.43713213,0.28714822,-8.88364010,-3.37166461,7.73816093,11.1893,1209.0027,1233.5690,0.86872306,-0.23550816,0.486721,0.00000000,0.00000000,0.00000000,0.00000000,-0.34227847,0.13380857,0.35100511,0.00000000,-0.34227847,0.13380857,0.35100511,0.00000000,can,182.0383,434.9998,-232.3814,16.46851663,44.11379883,1209.0027
7.430000,1224.094490,-167.157267,-8.724468,162.228386,-31.584935,15.681442,-0.51948514,0.68032270,-0.46067575,0.23467866,-8.94373607,-5.13634876,5.97240393,11.1893,1208.8448,1235.2195,0.84470211,-0.35652890,0.486329,0.00000000,0.00000000,0.00000000,0.00000000,-0.34227847,0.13380857,0.35100511,0.00000000,-0.34227847,0.13380857,0.35100511,0.00000000,can,232.0519,504.2259,-185.1048,16.46853130,44.11379588,1208.8448
7.440000,1225.715903,-167.474550,-8.569090,162.052753,-31.873759,15.403304,-0.50776050,0.69775556,-0.47203427,0.18027786,-9.00231591,-6.73236910,4.07120227,11.1893,1208.6897,1236.8686,0.79544873,-0.46668340,0.485935,0.00000000,0.00000000,0.00000000,0.00000000,-0.34227847,0.13380857,0.35100511,0.00000000,-0.34227847,0.13380857,0.35100511,0.00000000,can,257.5183,449.0076,-187.3119,16.46854595,44.11379291,1208.6897
7.450000,1227.335513,-167.794817,-8.416223,161.867648,-32.185116,15.178650,-0.49579743,0.71881380,-0.47107377,0.12482437,-9.05728563,-8.14692039,2.04931700,11.1893,1208.5372,1238.5164,0.71631556,-0.56324962,0.485546,0.00000000,0.00000000,0.00000000,0.00000000,-0.34227847,0.13380857,0.35100511,0.00000000,-0.34227847,0.13380857,0.35100511,0.00000000,can,281.6722,408.0215,-214.6493,16.46856058,44.11378991,1208.5372
7.460000,1228.953218,-168.118394,-8.265356,161.671246,-32.538911,15.002443,-0.48355736,0.74295366,-0.45760964,0.06917774,-9.10676462,-9.36861948,-0.07683482,11.1893,1208.3866,1240.1627,0.60299924,-0.64140605,0.485168,0.00000000,0.00000000,0.00000000,0.00000000,-0.34227847,0.13380857,0.35100511,0.00000000,-0.34227847,0.13380857,0.35100511,0.00000000,can,304.0206,387.0006,-266.5406,16.46857519,44.11378688,1208.3866
7.470000,1230.568893,-168.445803,-8.116032,161.461392,-32.954832,14.868868,-0.47088651,0.76937175,-0.43142884,0.01421829,-9.15115071,-10.37779155,-2.28867876,11.1893,1208.2376,1241.8076,0.45417162,-0.69435651,0.484806,0.00000000,0.00000000,0.00000000,0.00000000,-0.34130882,0.13380857,0.35100511,0.00000000,-0.34130882,0.13380857,0.35100511,0.00000000,can,320.4026,392.2924,-340.9547,16.46858979,44.11378382,1208.2376
7.480000,1232.182393,-168.777757,-7.967858,161.238985,-33.439442,14.762862,-0.45735995,0.79700072,-0.39256865,-0.03875016,-9.18731853,-10.94323188,-4.55865241,11.1893,1208.0898,1243.4509,0.27553337,-0.71424790,0.484464,0.00000000,0.00000000,0.00000000,0.00000000,-0.34130882,0.13380857,0.35100511,0.00000000,-0.34130882,0.13380857,0.35100511,0.00000000,can,307.3383,444.0559,-336.3657,16.46860437,44.11378071,1208.0898
7.490000,1233.793784,-169.114330,-7.821112,161.047963,-33.852090,14.560836,-0.44203893,0.82467335,-0.34191806,-0.08722093,-9.21531153,-10.82080328,-6.83351505,11.1893,1207.9434,1245.0928,0.08404272,-0.69464784,0.484144,0.00000000,0.00000000,0.00000000,0.00000000,-0.34130882,0.13380857,0.35100511,0.00000000,-0.34130882,0.13380857,0.35100511,0.00000000,can,277.0915,522.3036,-88.6930,16.46861893,44.11377756,1207.9434
7.500000,1235.403572,-169.454206,-7.677269,160.921482,-34.091705,14.174025,-0.42416879,0.85131866,-0.28075942,-0.12849719,-9.23653275,-10.14869379,-9.05715871,11.1893,1207.7999,1246.7336,-0.09715510,-0.63422152,0.483848,0.00000000,0.00000000,0.00000000,0.00000000,-0.34130882,0.13380857,0.35100511,0.00000000,-0.34130882,0.13380857,0.35100511,0.00000000,can,295.6622,566.0933,246.8224,16.46863347,44.11377437,1207.7999
7.510000,1237.012442,-169.795566,-7.538309,160.861532,-34.157754,13.588107,-0.40354694,0.87586916,-0.21026117,-0.16060300,-9.25316035,-9.11284009,-11.18868623,11.1893,1207.6612,1248.3736,-0.25127968,-0.53696288,0.483579,0.00000000,0.00000000,0.00000000,0.00000000,-0.34130882,0.13380857,0.35100511,0.00000000,-0.34130882,0.13380857,0.35100511,0.00000000,can,363.3861,586.3283,511.8571,16.46864801,44.11377118,1207.6612
7.520000,1238.620931,-170.137087,-7.406003,160.839176,-34.143693,12.855321,-0.38035773,0.89710605,-0.13145079,-0.18234422,-9.26756520,-7.87329653,-13.18705158,11.1893,1207.5292,1250.0133,-0.37348456,-0.40915517,0.483336,0.00000000,0.00000000,0.00000000,0.00000000,-0.34130882,0.13380857,0.35100511,0.00000000,-0.34130882,0.13380857,0.35100511,0.00000000,can,420.7291,630.1385,617.9120,16.46866254,44.11376798,1207.5292
7.530000,1240.229206,-170.478588,-7.281333,160.815515,-34.154312,12.088640,-0.35485981,0.91358851,-0.04585344,-0.19320458,-9.28228474,-6.47623802,-14.81006687,11.1893,1207.4049,1251.6528,-0.46718074,-0.25691743,0.483107,0.00000000,0.00000000,0.00000000,0.00000000,-0.34130882,0.13380857,0.35100511,0.00000000,-0.34130882,0.13380857,0.35100511,0.00000000,can,365.2706,569.3906,608.9317,16.46867707,44.11376478,1207.4049
7.540000,1241.837290,-170.819779,-7.163747,160.805251,-34.053541,11.460663,-0.32716657,0.92393895,0.04360602,-0.19338400,-9.30007301,-4.96744014,-15.83208591,11.1893,1207.2876,1253.2921,-0.53831771,-0.08729045,0.482880,0.00000000,0.00000000,0.00000000,0.00000000,-0.34130882,0.13380857,0.35100511,0.00000000,-0.34130882,0.13380857,0.35100511,0.00000000,can,283.4502,267.4286,617.6646,16.46869160,44.11376159,1207.2876
7.550000,1243.445409,-171.158922,-7.051371,160.822872,-33.739364,11.051595,-0.29750705,0.92734612,0.13367810,-0.18343635,-9.32297822,-3.39554656,-16.36118862,11.1893,1207.1756,1254.9312,-0.59275996,0.09228826,0.482639,0.00000000,0.00000000,0.00000000,0.00000000,-0.34130882,0.13380857,0.35100511,0.00000000,-0.34130882,0.13380857,0.35100511,0.00000000,can,272.9739,-91.0587,578.2507,16.46870613,44.11375841,1207.1756
7.560000,1245.053801,-171.493959,-6.942033,160.856035,-33.246873,10.844005,-0.26640116,0.92355307,0.22184721,-0.16390228,-9.35201703,-1.79540913,-16.58007158,11.1893,1207.0666,1256.5699,-0.63508197,0.27624874,0.482367,0.00000000,0.00000000,0.00000000,0.00000000,-0.34130882,0.13380857,0.35100511,0.00000000,-0.34130882,0.13380857,0.35100511,0.00000000,can,316.5923,-321.6595,484.6232,16.46872066,44.11375527,1207.0666
7.570000,1246.662487,-171.823678,-6.834098,160.875335,-32.706308,10.748307,-0.23460386,0.91253724,0.30650348,-0.13524950,-9.38747695,-0.18725640,-16.64062950,11.1893,1206.9589,1258.2083,-0.66854234,0.46185948,0.482051,0.00000000,0.00000000,0.00000000,0.00000000,-0.34130882,0.13380857,0.35100511,0.00000000,-0.34130882,0.13380857,0.35100511,0.00000000,can,310.8439,-291.9608,407.9337,16.46873519,44.11375219,1206.9589
7.580000,1248.271151,-172.148503,-6.727149,160.849656,-32.279120,10.637900,-0.20294283,0.89435451,0.38644697,-0.09799469,-9.42927562,1.41601578,-16.55333468,11.1893,1206.8523,1259.8459,-0.69608749,0.64852545,0.481682,0.00000000,0.00000000,0.00000000,0.00000000,-0.34130882,0.13380857,0.35100511,0.00000000,-0.34130882,0.13380857,0.35100511,0.00000000,can,237.8440,-190.7625,370.8082,16.46874973,44.11374914,1206.8523
7.590000,1249.879326,-172.469650,-6.621386,160.778094,-31.968301,10.513861,-0.17223433,0.86915846,0.46055599,-0.05279289,-9.47707788,3.00208216,-16.32013982,11.1893,1206.7469,1261.4826,-0.72151390,0.83511097,0.481257,0.00000000,0.00000000,0.00000000,0.00000000,-0.34130882,0.13380857,0.35100511,0.00000000,-0.34130882,0.13380857,0.35100511,0.00000000,can,144.6252,-137.3144,341.8264,16.46876426,44.11374614,1206.7469
7.600000,1251.486575,-172.788195,-6.516855,160.665246,-31.755099,10.395095,-0.14327373,0.83719713,0.52780055,-0.00042729,-9.53031558,4.55913472,-15.94365197,11.1893,1206.6427,1263.1180,-0.75169977,1.02023902,0.480779,0.00000000,0.00000000,0.00000000,0.00000000,-0.34130882,0.13380857,0.35100511,0.00000000,-0.34130882,0.13380857,0.35100511,0.00000000,can,58.4665,-134.2383,300.5187,16.46877878,44.11374316,1206.6427
7.610000,1253.092517,-173.104999,-6.413382,160.518117,-31.615882,10.306962,-0.11682601,0.79881009,0.58725361,0.05820078,-9.58821190,6.07566435,-15.42676101,11.1893,1206.5395,1264.7519,-0.80499946,1.20205438,0.480257,0.00000000,0.00000000,0.00000000,0.00000000,-0.34130882,0.13380857,0.35100511,0.00000000,-0.34130882,0.13380857,0.35100511,0.00000000,can,1.5830,-165.9111,229.8820,16.46879329,44.11374019,1206.5395
7.620000,1254.696850,-173.420684,-6.310518,160.344817,-31.528216,10.278093,-0.09361618,0.75442616,0.63810137,0.12208126,-9.64980767,7.54012311,-14.77255517,11.1893,1206.4370,1266.3841,-0.96203578,1.37638136,0.479703,0.00000000,0.00000000,0.00000000,0.00000000,-0.34130882,0.13380857,0.35100511,0.00000000,-0.34130882,0.13380857,0.35100511,0.00000000,can,-14.7291,-205.5393,123.0306,16.46880778,44.11373723,1206.4370
7.630000,1256.299352,-173.735681,-6.207529,160.153159,-31.476330,10.336181,-0.07431890,0.70456139,0.67965431,0.19010516,-9.71398912,8.72796208,-13.98458641,11.1893,1206.3343,1268.0143,-2.05329027,1.50193047,0.479136,0.00000000,0.00000000,0.00000000,0.00000000,-0.34130882,0.13380857,0.35100511,0.00000000,-0.34130882,0.13380857,0.35100511,0.00000000,can,7.9772,-225.7058,-14.7984,16.46882226,44.11373428,1206.3343
7.640000,1257.899873,-174.050310,-6.103429,159.955168,-31.439710,10.465804,-0.05660980,0.65068607,0.71185916,0.25818503,-9.77641053,8.78318766,-13.14786646,11.1893,1206.2306,1269.6426,2.99416269,1.39461749,0.478574,0.00000000,0.00000000,0.00000000,0.00000000,-0.34130882,0.13380857,0.35100511,0.00000000,-0.34130882,0.13380857,0.35100511,0.00000000,can,59.0145,-215.0945,105.6752,16.46883672,44.11373134,1206.2306
7.650000,1259.498600,-174.364117,-5.998830,159.794882,-31.309894,10.449103,-0.03936513,0.59416256,0.73511077,0.32408856,-9.83509203,8.76836838,-12.30855880,11.1893,1206.1263,1271.2690,2.83205826,1.23962996,0.478034,0.00000000,0.00000000,0.00000000,0.00000000,-0.34130882,0.13380857,0.35100511,0.00000000,-0.34130882,0.13380857,0.35100511,0.00000000,can,132.8897,-193.7614,162.1025,16.46885116,44.11372840,1206.1263
7.660000,1261.095872,-174.676241,-5.894481,159.664946,-31.100510,10.422075,-0.02280089,0.53597928,0.74982278,0.38726234,-9.88990836,8.68250134,-11.47294972,11.1893,1206.0223,1272.8937,2.79713304,1.08796867,0.477528,0.00000000,0.00000000,0.00000000,0.00000000,-0.34130882,0.13380857,0.35100511,0.00000000,-0.34130882,0.13380857,0.35100511,0.00000000,can,218.9600,-146.8976,210.0106,16.46886560,44.11372548,1206.0223
7.670000,1262.692010,-174.985830,-5.790299,159.568132,-30.802171,10.421725,-0.00707063,0.47706471,0.75650963,0.44727224,-9.94080326,8.52508971,-10.64750514,11.1893,1205.9184,1274.5169,2.79707053,0.94360685,0.477067,0.00000000,0.00000000,0.00000000,0.00000000,-0.34130882,0.13380857,0.35100511,0.00000000,-0.34130882,0.13380857,0.35100511,0.00000000,can,302.9722,-71.3825,255.6232,16.46888002,44.11372258,1205.9184
7.680000,1264.287342,-175.291992,-5.685849,159.503457,-30.416297,10.480307,0.00773251,0.41827410,0.75575859,0.50380148,-9.98778657,8.29626849,-9.83897037,11.1893,1205.8143,1276.1389,2.81218203,0.80780657,0.476656,0.00000000,0.00000000,0.00000000,0.00000000,-0.34130882,0.13380857,0.35100511,0.00000000,-0.34130882,0.13380857,0.35100511,0.00000000,can,371.4824,27.9201,303.6886,16.46889443,44.11371971,1205.8143
7.690000,1265.882173,-175.593898,-5.580413,159.466787,-29.953587,10.622481,0.02157195,0.36037936,0.74820294,0.55664506,-10.03093017,7.99694471,-9.05436799,11.1893,1205.7092,1277.7598,2.83580808,0.68126877,0.476295,0.00000000,0.00000000,0.00000000,0.00000000,-0.34130882,0.13380857,0.35100511,0.00000000,-0.34130882,0.13380857,0.35100511,0.00000000,can,415.1089,140.9984,356.0392,16.46890884,44.11371688,1205.7092
7.700000,1267.476750,-175.890865,-5.473067,159.451772,-29.431521,10.864060,0.03446242,0.30406226,0.73449653,0.60570070,-10.07036280,7.62890815,-8.30089604,11.1893,1205.6022,1279.3797,2.86500623,0.56444999,0.475985,0.00000000,0.00000000,0.00000000,0.00000000,-0.34130882,0.13380857,0.35100511,0.00000000,-0.34130882,0.13380857,0.35100511,0.00000000,can,429.8937,256.2271,411.5944,16.46892325,44.11371410,1205.6022
7.710000,1269.071255,-176.182402,-5.362776,159.450870,-28.871528,11.212145,0.04646361,0.24991096,0.71529074,0.65095684,-10.10626307,7.19488721,-7.58575707,11.1893,1205.4922,1280.9989,2.89816158,0.45763593,0.475719,0.00000000,0.00000000,0.00000000,0.00000000,-0.34130882,0.13380857,0.35100511,0.00000000,-0.34130882,0.13380857,0.35100511,0.00000000,can,416.9564,363.3167,467.3232,16.46893765,44.11371137,1205.4922
7.720000,1270.665789,-176.468245,-5.248470,159.456285,-28.296360,11.666242,0.05768915,0.19840228,0.69121947,0.69247682,-10.13886049,6.69895007,-6.93611166,11.1893,1205.3782,1282.6173,2.93417601,0.36095957,0.475491,0.00000000,0.00000000,0.00000000,0.00000000,-0.34130882,0.13380857,0.35100511,0.00000000,-0.34130882,0.13380857,0.35100511,0.00000000,can,381.0825,455.0476,519.5279,16.46895206,44.11370870,1205.3782
7.730000,1272.260387,-176.748362,-5.129267,159.464051,-27.730133,12.171787,0.06845890,0.14973496,0.66291835,0.73036435,-10.16851053,6.15119842,-6.42947074,11.1893,1205.2593,1284.2350,2.97215353,0.27405719,0.475297,0.00000000,0.00000000,0.00000000,0.00000000,-0.34130882,0.13380857,0.35100511,0.00000000,-0.34130882,0.13380857,0.35100511,0.00000000,can,295.4462,408.5025,570.6002,16.46896646,44.11370607,1205.2593
7.740000,1273.855088,-177.022910,-5.005186,159.477171,-27.181889,12.635184,0.07929106,0.10383478,0.63096807,0.76472908,-10.19565520,5.56767828,-6.10399774,11.1893,1205.1356,1285.8520,3.01135025,0.19567779,0.475128,0.00000000,0.00000000,0.00000000,0.00000000,-0.34130882,0.13380857,0.35100511,0.00000000,-0.34130882,0.13380857,0.35100511,0.00000000,can,211.8402,306.8260,608.8768,16.46898087,44.11370350,1205.1356
7.750000,1275.449954,-177.292029,-4.876778,159.497552,-26.642111,13.033705,0.09081331,0.06045683,0.59583757,0.79566042,-10.22073628,4.96760439,-5.98145166,11.1893,1205.0075,1287.4685,3.05118075,0.12434294,0.474978,0.00000000,0.00000000,0.00000000,0.00000000,-0.34130882,0.13380857,0.35100511,0.00000000,-0.34130882,0.13380857,0.35100511,0.00000000,can,142.5614,170.7590,634.2461,16.46899528,44.11370098,1205.0075
7.760000,1277.045074,-177.555725,-4.744793,159.528306,-26.094135,13.348746,0.10368064,0.01926748,0.55786440,0.82320495,-10.24413716,4.37123032,-6.06463307,11.1893,1204.8758,1289.0844,3.09126287,0.05818489,0.474842,0.00000000,0.00000000,0.00000000,0.00000000,-0.34130882,0.13380857,0.35100511,0.00000000,-0.34130882,0.13380857,0.35100511,0.00000000,can,92.7897,13.1793,648.8525,16.46900969,44.11369851,1204.8758
7.770000,1278.640561,-177.813824,-4.610080,159.571150,-25.519830,13.580917,0.11734117,-0.02187523,0.51748361,0.84732712,-10.26690287,4.86664228,-6.31275228,11.1893,1204.7415,1290.7000,3.13149950,-0.00472369,0.474714,0.00000000,0.00000000,0.00000000,0.00000000,-0.34130882,0.13380857,0.35100511,0.00000000,-0.34130882,0.13380857,0.35100511,0.00000000,can,64.7812,-144.4816,655.4818,16.46902411,44.11369610,1204.7415
7.780000,1280.235936,-178.070145,-4.475374,159.477241,-25.938577,13.240742,0.12985163,-0.06672888,0.47520655,0.86767768,-10.29073721,5.60117851,-6.63477052,11.1893,1204.6071,1292.3152,-3.09962161,-0.06576962,0.474586,0.00000000,0.00000000,0.00000000,0.00000000,-0.34130882,0.13380857,0.35100511,0.00000000,-0.34130882,0.13380857,0.35100511,0.00000000,can,116.8071,-296.8960,-896.6636,16.46903852,44.11369370,1204.6071
7.790000,1281.830211,-178.332162,-4.345851,159.382816,-26.440630,12.638146,0.14152095,-0.11538081,0.43103576,0.88366694,-10.31589027,6.36658802,-7.01859194,11.1893,1204.4779,1293.9301,-3.03240459,-0.12415030,0.474448,0.00000000,0.00000000,0.00000000,0.00000000,-0.34130882,0.13380857,0.35100511,0.00000000,-0.34130882,0.13380857,0.35100511,0.00000000,can,214.4866,-427.4046,-869.8923,16.46905293,44.11369124,1204.4779
7.800000,1283.423692,-178.598432,-4.223038,159.317961,-26.785661,11.908379,0.15258272,-0.16780751,0.38495601,0.89463290,-10.34262894,7.16713404,-7.43699071,11.1893,1204.3554,1295.5447,-2.95094062,-0.17856554,0.474291,0.00000000,0.00000000,0.00000000,0.00000000,-0.34130882,0.13380857,0.35100511,0.00000000,-0.34130882,0.13380857,0.35100511,0.00000000,can,327.6536,-517.8816,-813.8626,16.46906732,44.11368875,1204.3554
7.810000,1285.016648,-178.867318,-4.107888,159.276291,-26.964321,11.117431,0.16309248,-0.22381302,0.33697463,0.89986481,-10.37117518,8.00308977,-7.84399050,11.1893,1204.2406,1297.1593,-2.85477135,-0.22716357,0.474107,0.00000000,0.00000000,0.00000000,0.00000000,-0.34130882,0.13380857,0.35100511,0.00000000,-0.34130882,0.13380857,0.35100511,0.00000000,can,436.2448,-552.3228,-722.1652,16.46908172,44.11368623,1204.2406
7.820000,1286.609265,-179.137185,-4.000660,159.248815,-26.983643,10.334999,0.17291556,-0.28301376,0.28716619,0.89863174,-10.40165791,8.87059015,-8.20270235,11.1893,1204.1337,1298.7736,-2.74376587,-0.26738963,0.473888,0.00000000,0.00000000,0.00000000,0.00000000,-0.34130882,0.13380857,0.35100511,0.00000000,-0.34130882,0.13380857,0.35100511,0.00000000,can,521.6324,-543.2032,-593.5610,16.46909610,44.11368371,1204.1337
7.830000,1288.201640,-179.406520,-3.900952,159.225953,-26.862466,9.623151,0.18178977,-0.34485901,0.23570163,0.89020755,-10.43409990,9.76314398,-8.48967105,11.1893,1204.0343,1300.3876,-2.61850843,-0.29612708,0.473628,0.00000000,0.00000000,0.00000000,0.00000000,-0.34130882,0.13380857,0.35100511,0.00000000,-0.34130882,0.13380857,0.35100511,0.00000000,can,565.0536,-497.1522,-435.3007,16.46911049,44.11368118,1204.0343
7.840000,1289.793763,-179.674083,-3.807783,159.196821,-26.636180,9.034533,0.18936638,-0.40864505,0.18287275,0.87390340,-10.46840408,10.67252830,-8.68291818,11.1893,1203.9415,1302.0011,-2.48065714,-0.31005219,0.473321,0.00000000,0.00000000,0.00000000,0.00000000,-0.34130882,0.13380857,0.35100511,0.00000000,-0.34130882,0.13380857,0.35100511,0.00000000,can,554.6362,-425.2559,-263.2620,16.46912488,44.11367868,1203.9415
7.850000,1291.385520,-179.939044,-3.719736,159.150967,-26.350199,8.602584,0.19522040,-0.47352356,0.12912118,0.84911257,-10.50432466,11.58876986,-8.75902923,11.1893,1203.8538,1303.6140,-2.33306757,-0.30615257,0.472964,0.00000000,0.00000000,0.00000000,0.00000000,-0.34130882,0.13380857,0.35100511,0.00000000,-0.34130882,0.13380857,0.35100511,0.00000000,can,490.0480,-339.5300,-98.8631,16.46913926,44.11367620,1203.8538
7.860000,1292.976696,-180.201056,-3.635174,159.079367,-26.054699,8.336821,0.19886309,-0.53851953,0.07506586,0.81536207,-10.54143519,12.49982018,-8.69158637,11.1893,1203.7695,1305.2258,-2.17950677,-0.28221003,0.472558,0.00000000,0.00000000,0.00000000,0.00000000,-0.34130882,0.13380857,0.35100511,0.00000000,-0.34130882,0.13380857,0.35100511,0.00000000,can,384.0761,-249.9878,37.1837,16.46915363,44.11367374,1203.7695
7.870000,1294.567001,-180.460263,-3.552495,158.975963,-25.796071,8.221376,0.19973103,-0.60255854,0.02154686,0.77237714,-10.57906768,13.39025337,-8.43458486,11.1893,1203.6872,1306.8363,-2.02392190,-0.23721491,0.472106,0.00000000,0.00000000,0.00000000,0.00000000,-0.34130882,0.13380857,0.35100511,0.00000000,-0.34130882,0.13380857,0.35100511,0.00000000,can,259.3231,-161.7780,131.6886,16.46916800,44.11367132,1203.6872
7.880000,1296.156104,-180.717210,-3.470367,158.839403,-25.606626,8.219438,0.19710484,-0.66451081,-0.03026845,0.72017976,-10.61800058,14.23707748,-7.90817008,11.1893,1203.6054,1308.4454,-1.86950626,-0.17156158,0.471613,0.00000000,0.00000000,0.00000000,0.00000000,-0.34130882,0.13380857,0.35197473,0.00000000,-0.34130882,0.13380857,0.35197473,0.00000000,can,141.8020,-82.5351,184.7937,16.46918236,44.11366891,1203.6054
7.890000,1297.743691,-180.972669,-3.387888,158.673949,-25.497874,8.283202,0.19018111,-0.72327080,-0.07885859,0.65915993,-10.65483050,15.01132196,-7.07036582,11.1893,1203.5232,1310.0528,-1.71793273,-0.08701282,0.471090,0.00000000,0.00000000,0.00000000,0.00000000,-0.34130882,0.13380857,0.35197473,0.00000000,-0.34130882,0.13380857,0.35197473,0.00000000,can,51.7272,-20.7296,207.1437,16.46919670,44.11366652,1203.5232
7.900000,1299.329524,-181.227369,-3.304629,158.490921,-25.448448,8.369860,0.17830640,-0.77783501,-0.12249797,0.59006252,-10.68777789,15.68070136,-5.91981121,11.1893,1203.4403,1311.6583,-1.56880499,0.01314505,0.470553,0.00000000,0.00000000,0.00000000,0.00000000,-0.34130882,0.13380857,0.35197473,0.00000000,-0.34130882,0.13380857,0.35197473,0.00000000,can,-0.4310,-2.6407,212.5928,16.46921103,44.11366413,1203.4403
7.910000,1300.913505,-181.481678,-3.220505,158.306453,-25.410634,8.452850,0.16112548,-0.82733793,-0.15944145,0.51393478,-10.71502701,16.21448950,-4.49122095,11.1893,1203.3565,1313.2619,-1.41936869,0.12403368,0.470017,0.00000000,0.00000000,0.00000000,0.00000000,-0.34130882,0.13380857,0.35197473,0.00000000,-0.34130882,0.13380857,0.35197473,0.00000000,can,-11.0688,-36.8403,206.4469,16.46922534,44.11366175,1203.3565
7.920000,1302.495704,-181.735441,-3.135632,158.137110,-25.331431,8.517556,0.13868391,-0.87103913,-0.18815570,0.43203593,-10.73503589,16.58787582,-2.87469297,11.1893,1203.2720,1314.8637,-1.26464758,0.23933743,0.469500,0.00000000,0.00000000,0.00000000,0.00000000,-0.34130882,0.13380857,0.35197473,0.00000000,-0.34130882,0.13380857,0.35197473,0.00000000,can,23.1803,-108.2444,193.9272,16.46923963,44.11365938,1203.2720
7.930000,1304.076342,-181.988042,-3.050275,157.996166,-25.173894,8.545471,0.11149190,-0.90826018,-0.20763003,0.34572065,-10.74693342,16.78736908,-1.19974652,11.1893,1203.1870,1316.4638,-1.09804618,0.35143596,0.469017,0.00000000,0.00000000,0.00000000,0.00000000,-0.34130882,0.13380857,0.35197473,0.00000000,-0.34130882,0.13380857,0.35197473,0.00000000,can,101.6401,-187.3697,193.3633,16.46925392,44.11365701,1203.1870
7.940000,1305.655738,-182.238694,-2.964991,157.888318,-24.949701,8.492938,0.08037143,-0.93837792,-0.21737645,0.25638797,-10.75054110,16.80955256,0.47758371,11.1893,1203.1020,1318.0624,-0.91278076,0.45175720,0.468582,0.00000000,0.00000000,0.00000000,0.00000000,-0.34130882,0.13380857,0.35197473,0.00000000,-0.34130882,0.13380857,0.35197473,0.00000000,hold,190.6188,-193.0435,257.0175,16.46926818,44.11365466,1203.1020
7.950000,1307.234219,-182.486904,-2.880833,157.813411,-24.685850,8.316040,0.04624160,-0.96089421,-0.21715807,0.16548836,-10.74607164,16.65500306,2.13709827,11.1893,1203.0182,1319.6598,-0.70434591,0.53075696,0.468202,0.00000000,0.00000000,0.00000000,0.00000000,-0.34130882,0.13380857,0.35197473,0.00000000,-0.34130882,0.13380857,0.35197473,0.00000000,can,263.3014,-205.6978,375.0038,16.46928245,44.11365234,1203.0182
7.960000,1308.812116,-182.732285,-2.799138,157.770985,-24.384380,7.999640,0.01007180,-0.97545904,-0.20695116,0.07449456,-10.73406754,16.30889510,3.75853293,11.1893,1202.9368,1321.2562,-0.47404216,0.57827655,0.467877,0.00000000,0.00000000,0.00000000,0.00000000,-0.34130882,0.13380857,0.35197473,0.00000000,-0.34130882,0.13380857,0.35197473,0.00000000,can,289.6428,-247.3627,526.2350,16.46929670,44.11365004,1202.9368
7.970000,1310.389730,-182.974477,-2.721292,157.754704,-24.047825,7.572769,-0.02731431,-0.98188052,-0.18697628,-0.01429819,-10.71562423,15.41584048,5.30468212,11.1893,1202.8593,1322.8518,-0.23223305,0.58601947,0.467597,0.00000000,0.00000000,0.00000000,0.00000000,-0.34130882,0.13380857,0.35197473,0.00000000,-0.34130882,0.13380857,0.35197473,0.00000000,can,223.9699,-343.8177,510.4574,16.46931096,44.11364777,1202.8593
7.980000,1311.967225,-183.213103,-2.646937,157.743970,-23.670632,7.350648,-0.06537945,-0.98050876,-0.15778000,-0.09712655,-10.69295314,13.89669135,6.70966091,11.1893,1202.7853,1324.4469,0.00029203,0.55093019,0.467345,0.00000000,0.00000000,0.00000000,0.00000000,-0.34130882,0.13380857,0.35197473,0.00000000,-0.34130882,0.13380857,0.35197473,0.00000000,can,147.7865,-427.3428,144.2870,16.46932521,44.11364554,1202.7853
7.990000,1313.544595,-183.447757,-2.573069,157.686881,-23.239302,7.481814,-0.10347648,-0.97240111,-0.12020946,-0.17110929,-10.66847616,12.02326387,7.92239135,11.1893,1202.7117,1326.0413,0.20288587,0.47754015,0.466983,0.00000000,0.00000000,0.00000000,0.00000000,-0.34130882,0.13380857,0.35197473,0.00000000,-0.34130882,0.13380857,0.35197473,0.00000000,can,-55.4821,-603.5594,-344.2500,16.46933946,44.11364334,1202.7117
8.000000,1315.119966,-183.677438,-2.496361,157.374652,-22.686905,7.885695,-0.14086035,-0.95883948,-0.07529494,-0.23476771,-10.64286253,10.00374355,8.90969296,11.1893,1202.6354,1327.6330,0.36652722,0.37458320,0.465872,0.00000000,0.00000000,0.00000000,0.00000000,-0.34130882,0.13380857,0.35100511,0.00000000,-0.34130882,0.13380857,0.35100511,0.00000000,can,-55.2252,-598.2018,-615.4994,16.46935369,44.11364119,1202.6354
8.010000,1316.693058,-183.901831,-2.415346,157.295385,-22.225132,8.309758,-0.17694804,-0.94100182,-0.02454533,-0.28740649,-10.62049598,7.91635593,9.49644707,11.1893,1202.5547,1329.2217,0.49335941,0.25147478,0.465483,0.00000000,0.00000000,0.00000000,0.00000000,-0.34130882,0.13380857,0.35100511,0.00000000,-0.34130882,0.13380857,0.35100511,0.00000000,can,204.9168,-300.0652,-420.1565,16.46936790,44.11363909,1202.5547
8.020000,1318.265767,-184.122451,-2.330165,157.240035,-21.929439,8.730034,-0.21158731,-0.92000706,0.02972085,-0.32853384,-10.60325577,5.81153878,9.54536942,11.1893,1202.4698,1330.8095,0.58811624,0.11664922,0.465249,0.00000000,0.00000000,0.00000000,0.00000000,-0.34130882,0.13380857,0.35100511,0.00000000,-0.34130882,0.13380857,0.35100511,0.00000000,can,162.2618,-70.9724,-408.3731,16.46938211,44.11363702,1202.4698
8.030000,1319.837710,-184.341108,-2.240615,157.141246,-21.835045,9.187652,-0.24496235,-0.89704641,0.08503897,-0.35786809,-10.59207707,3.74278216,9.08439842,11.1893,1202.3806,1332.3963,0.65540664,-0.02236140,0.464995,0.00000000,0.00000000,0.00000000,0.00000000,-0.34130882,0.13380857,0.35100511,0.00000000,-0.34130882,0.13380857,0.35100511,0.00000000,can,158.8939,186.8710,-376.4808,16.46939632,44.11363498,1202.3806
8.040000,1321.408453,-184.559755,-2.146255,157.000888,-21.920185,9.691791,-0.27738907,-0.87333894,0.13934579,-0.37538932,-10.58677757,1.75667731,8.20226200,11.1893,1202.2866,1333.9819,0.69826992,-0.15985544,0.464719,0.00000000,0.00000000,0.00000000,0.00000000,-0.34130882,0.13380857,0.35100511,0.00000000,-0.34130882,0.13380857,0.35100511,0.00000000,can,193.9505,392.5929,-316.5861,16.46941051,44.11363293,1202.2866
8.050000,1322.977623,-184.779906,-2.046659,156.829067,-22.123249,10.231938,-0.30915299,-0.84998738,0.19115007,-0.38132338,-10.58630919,-0.11081754,7.02684943,11.1893,1202.1873,1335.5662,0.71752593,-0.29195613,0.464420,0.00000000,0.00000000,0.00000000,0.00000000,-0.34130882,0.13380857,0.35100511,0.00000000,-0.34130882,0.13380857,0.35100511,0.00000000,can,243.2455,500.7984,-248.7882,16.46942468,44.11363087,1202.1873
8.060000,1324.544974,-185.002370,-1.941552,156.640688,-22.365170,10.787954,-0.34037976,-0.82782751,0.23956367,-0.37610169,-10.58914049,-1.83604493,5.66895287,11.1893,1202.0826,1337.1490,0.71191230,-0.41599345,0.464103,0.00000000,0.00000000,0.00000000,0.00000000,-0.34130882,0.13380857,0.35100511,0.00000000,-0.34130882,0.13380857,0.35100511,0.00000000,can,271.5547,480.2914,-210.8913,16.46943884,44.11362878,1202.0826
8.070000,1326.110464,-185.226946,-1.830991,156.458633,-22.537044,11.320724,-0.37109708,-0.80741074,0.28394274,-0.36021016,-10.59358481,-3.40207783,4.15125869,11.1893,1201.9723,1338.7302,0.67849999,-0.53003921,0.463771,0.00000000,0.00000000,0.00000000,0.00000000,-0.34130882,0.13380857,0.35100511,0.00000000,-0.34130882,0.13380857,0.35100511,0.00000000,can,275.4529,409.8379,-211.1988,16.46945299,44.11362668,1201.9723
8.080000,1327.674177,-185.452860,-1.715186,156.285678,-22.633403,11.839154,-0.40128146,-0.78904767,0.32365029,-0.33410696,-10.59795073,-4.79390646,2.49220829,11.1893,1201.8569,1340.3099,0.61310453,-0.63080460,0.463432,0.00000000,0.00000000,0.00000000,0.00000000,-0.34130882,0.13380857,0.35100511,0.00000000,-0.34130882,0.13380857,0.35100511,0.00000000,can,274.6520,358.9758,-233.4869,16.46946712,44.11362457,1201.8569
8.090000,1329.236209,-185.679374,-1.594209,156.122373,-22.657803,12.357574,-0.43082644,-0.77282993,0.35802566,-0.29822827,-10.60064452,-5.99862084,0.71167539,11.1893,1201.7362,1341.8879,0.51142717,-0.71340236,0.463090,0.00000000,0.00000000,0.00000000,0.00000000,-0.34130882,0.13380857,0.35100511,0.00000000,-0.34130882,0.13380857,0.35100511,0.00000000,can,271.3726,331.0097,-273.7727,16.46948123,44.11362245,1201.7362
8.100000,1330.796658,-185.905786,-1.467986,155.968877,-22.613213,12.890526,-0.45953622,-0.75863811,0.38633974,-0.25305390,-10.60026781,-6.95689681,-1.16778993,11.1893,1201.6103,1343.4644,0.37197231,-0.77121335,0.462752,0.00000000,0.00000000,0.00000000,0.00000000,-0.34130882,0.13380857,0.35100511,0.00000000,-0.34130882,0.13380857,0.35100511,0.00000000,can,265.0120,328.4377,-327.8305,16.46949533,44.11362033,1201.6103
8.110000,1332.355597,-186.131586,-1.336396,155.817625,-22.558984,13.421017,-0.48740573,-0.74599893,0.40746856,-0.19972639,-10.59583918,-7.39552059,-3.10645803,11.1893,1201.4791,1345.0393,0.20133494,-0.79668609,0.462420,0.00000000,0.00000000,0.00000000,0.00000000,-0.34130882,0.13380857,0.35100511,0.00000000,-0.34130882,0.13380857,0.35100511,0.00000000,can,234.7993,371.4228,-214.6977,16.46950941,44.11361821,1201.4791
8.120000,1333.912955,-186.357425,-1.199774,155.650447,-22.639000,13.891068,-0.51477416,-0.73419678,0.41985493,-0.14030143,-10.58729353,-7.23471570,-5.04414367,11.1893,1201.3428,1346.6127,0.01855638,-0.78415812,0.462098,0.00000000,0.00000000,0.00000000,0.00000000,-0.34130882,0.13380857,0.35100511,0.00000000,-0.34130882,0.13380857,0.35100511,0.00000000,can,224.1622,409.6588,29.8538,16.46952348,44.11361610,1201.3428
8.130000,1335.468525,-186.585048,-1.058820,155.459212,-22.919841,14.289490,-0.54185628,-0.72268456,0.42216176,-0.07680005,-10.57554251,-6.61119362,-6.92625726,11.1893,1201.2022,1348.1845,-0.15184278,-0.73317066,0.461792,0.00000000,0.00000000,0.00000000,0.00000000,-0.34130882,0.13380857,0.35100511,0.00000000,-0.34130882,0.13380857,0.35100511,0.00000000,can,258.3679,418.0473,295.7734,16.46953754,44.11361396,1201.2022
8.140000,1337.022063,-186.816437,-0.914113,155.245344,-23.382321,14.650993,-0.56848399,-0.71111359,0.41355429,-0.01078268,-10.56204951,-5.69958060,-8.71466638,11.1893,1201.0578,1349.7549,-0.29293780,-0.64815644,0.461507,0.00000000,0.00000000,0.00000000,0.00000000,-0.34130882,0.13380857,0.35100511,0.00000000,-0.34130882,0.13380857,0.35100511,0.00000000,can,323.3921,419.5888,469.4534,16.46955157,44.11361180,1201.0578
8.150000,1338.573378,-187.053058,-0.765725,155.016416,-23.947888,15.037247,-0.59409683,-0.69919524,0.39366220,0.05661310,-10.54841042,-4.61250709,-10.38638684,11.1893,1200.9097,1351.3237,-0.39987692,-0.53540536,0.461246,0.00000000,0.00000000,0.00000000,0.00000000,-0.34130882,0.13380857,0.35100511,0.00000000,-0.34130882,0.13380857,0.35100511,0.00000000,can,373.6000,456.6352,504.4985,16.46956559,44.11360958,1200.9097
8.160000,1340.122386,-187.295335,-0.613060,154.784596,-24.504443,15.511777,-0.61792664,-0.68660275,0.36233468,0.12432584,-10.53625952,-3.37040708,-11.90925830,11.1893,1200.7574,1352.8911,-0.47579987,-0.40056772,0.461007,0.00000000,0.00000000,0.00000000,0.00000000,-0.34130882,0.13380857,0.35100511,0.00000000,-0.34130882,0.13380857,0.35100511,0.00000000,can,385.1116,533.0320,487.8752,16.46957958,44.11360731,1200.7574
8.170000,1341.669066,-187.543086,-0.455245,154.552765,-25.042560,16.046100,-0.63917867,-0.67280604,0.31990785,0.19089689,-10.52730196,-2.00004645,-13.06072544,11.1893,1200.5999,1354.4569,-0.52548389,-0.24833388,0.460786,0.00000000,0.00000000,0.00000000,0.00000000,-0.34130882,0.13380857,0.35100511,0.00000000,-0.34130882,0.13380857,0.35100511,0.00000000,can,329.3831,485.5827,513.0459,16.46959356,44.11360499,1200.5999
8.180000,1343.213503,-187.796127,-0.292604,154.338764,-25.563511,16.447779,-0.65730678,-0.65702272,0.26773596,0.25413855,-10.52303735,-0.55041507,-13.66540921,11.1893,1200.4376,1356.0213,-0.55344433,-0.08403965,0.460577,0.00000000,0.00000000,0.00000000,0.00000000,-0.34130882,0.13380857,0.35100511,0.00000000,-0.34130882,0.13380857,0.35100511,0.00000000,can,258.8500,236.0979,552.5011,16.46960751,44.11360262,1200.4376
8.190000,1344.755930,-188.054332,-0.127126,154.150568,-26.077063,16.606260,-0.67206802,-0.63873716,0.20755921,0.31186310,-10.52424110,0.92760314,-13.81191908,11.1893,1200.2725,1357.5843,-0.56287524,0.08651545,0.460372,0.00000000,0.00000000,0.00000000,0.00000000,-0.34130882,0.13380857,0.35100511,0.00000000,-0.34130882,0.13380857,0.35100511,0.00000000,can,248.2658,-71.2833,553.0746,16.46962145,44.11360021,1200.2725
8.200000,1346.296582,-188.317662,0.038749,153.982113,-26.588675,16.537968,-0.68334595,-0.61790666,0.14092258,0.36245069,-10.53094308,2.39596067,-13.64957359,11.1893,1200.1069,1359.1463,-0.55476099,0.25866665,0.460158,0.00000000,0.00000000,0.00000000,0.00000000,-0.34130882,0.13380857,0.35100511,0.00000000,-0.34130882,0.13380857,0.35100511,0.00000000,can,292.6656,-296.3879,513.2345,16.46963537,44.11359774,1200.1069
