time,pos_x,pos_y,pos_z,vel_x,vel_y,vel_z,q0,q1,q2,q3,omega_x,omega_y,omega_z,mass,altitude,ground_range,alpha,beta,mach,fin_cmd_1,fin_cmd_2,fin_cmd_3,fin_cmd_4,fin_act_1,fin_act_2,fin_act_3,fin_act_4,fin_can_1,fin_can_2,fin_can_3,fin_can_4,fin_source,force_x,force_y,force_z,lat,lon,alt_msl
0.010000,4393519.067327,4259900.829654,1795674.982111,-0.077555,-0.075196,0.531329,0.99144474,0.00049536,0.13052618,-0.00006521,0.10000000,0.00000000,0.00000000,12.7370,1200.0000,0.0000,0.00000000,0.00000000,0.000000,0.00000000,0.00000000,0.00000000,0.00000000,0.00000000,0.00000000,0.00000000,0.00000000,0.00000000,0.00000000,0.00000000,0.00000000,cmd,0.0000,0.0000,0.0000,16.45747200,44.11536100,1200.0000
0.020000,4393519.066173,4259900.828535,1795674.989567,-0.152902,-0.148252,0.941795,0.99144437,0.00099072,0.13052613,-0.00013041,0.10000000,0.00000000,0.00000000,12.7344,1200.0001,0.0023,0.00000000,0.00000000,0.001580,0.00000000,0.00000000,0.00000000,0.00000000,0.00000000,0.00000000,0.00000000,0.00000000,0.00000000,0.00000000,0.00000000,0.00000000,cmd,647.7998,0.0000,0.0000,16.45747202,44.11536100,1200.0001
0.030000,4393519.064270,4259900.826691,1795675.000869,-0.227680,-0.220755,1.321087,0.99144375,0.00148609,0.13052605,-0.00019562,0.10000000,0.00000000,0.00000000,12.7321,1200.0007,0.0099,0.00000000,0.00000000,0.002815,0.00000000,0.00000000,0.00000000,0.00000000,0.00000000,0.00000000,0.00000000,0.00000000,0.00000000,0.00000000,0.00000000,0.00000000,cmd,508.4594,0.0000,0.0000,16.45747209,44.11536100,1200.0007
0.040000,4393519.061619,4259900.824120,1795675.016015,-0.302698,-0.293490,1.713483,0.99144288,0.00198145,0.13052593,-0.00026083,0.10000000,0.00000000,0.00000000,12.7297,1200.0014,0.0215,0.00000000,0.00000000,0.003960,0.00000000,0.00000000,0.00000000,0.00000000,0.00000000,0.00000000,0.00000000,0.00000000,0.00000000,0.00000000,0.00000000,0.00000000,cmd,528.3637,0.0000,0.0000,16.45747219,44.11536100,1200.0014
0.050000,4393519.058213,4259900.820818,1795675.035295,-0.378550,-0.367034,2.151564,0.99144177,0.00247681,0.13052579,-0.00032603,0.10000000,0.00000000,0.00000000,12.7270,1200.0021,0.0371,0.00000000,0.00000000,0.005144,0.00000000,0.00000000,0.00000000,0.00000000,0.00000000,0.00000000,0.00000000,0.00000000,0.00000000,0.00000000,0.00000000,0.00000000,cmd,568.1789,0.0000,0.0000,16.45747233,44.11536100,1200.0021
0.060000,4393519.054044,4259900.816775,1795675.059255,-0.455499,-0.441642,2.649694,0.99144041,0.00297217,0.13052561,-0.00039124,0.10000000,0.00000000,0.00000000,12.7240,1200.0030,0.0569,0.00000000,0.00000000,0.006457,0.00000000,0.00000000,0.00000000,0.00000000,0.00000000,0.00000000,0.00000000,0.00000000,0.00000000,0.00000000,0.00000000,0.00000000,cmd,637.8506,0.0000,0.0000,16.45747251,44.11536100,1200.0030
0.070000,4393519.049100,4259900.811982,1795675.088472,-0.533379,-0.517152,3.198788,0.99143880,0.00346753,0.13052539,-0.00045644,0.10000000,0.00000000,0.00000000,12.7207,1200.0042,0.0815,0.00000000,0.00000000,0.007942,0.00000000,0.00000000,0.00000000,0.00000000,0.00000000,0.00000000,0.00000000,0.00000000,0.00000000,0.00000000,0.00000000,0.00000000,cmd,707.5193,0.0000,0.0000,16.45747274,44.11536100,1200.0042
0.080000,4393519.043375,4259900.806431,1795675.123336,-0.611833,-0.593219,3.779327,0.99143694,0.00396289,0.13052515,-0.00052165,0.10000000,0.00000000,0.00000000,12.7172,1200.0059,0.1115,0.00000000,0.00000000,0.009573,0.00000000,0.00000000,0.00000000,0.00000000,0.00000000,0.00000000,0.00000000,0.00000000,0.00000000,0.00000000,0.00000000,0.00000000,cmd,747.3379,0.0000,0.0000,16.45747301,44.11536100,1200.0059
0.090000,4393519.036863,4259900.800117,1795675.164111,-0.690601,-0.669589,4.376987,0.99143484,0.00445825,0.13052487,-0.00058685,0.10000000,0.00000000,0.00000000,12.7137,1200.0081,0.1472,0.00000000,0.00000000,0.011293,0.00000000,0.00000000,0.00000000,0.00000000,0.00000000,0.00000000,0.00000000,0.00000000,0.00000000,0.00000000,0.00000000,0.00000000,cmd,787.1470,0.0000,0.0000,16.45747333,44.11536100,1200.0081
0.100000,4393519.029563,4259900.793039,1795675.210876,-0.769371,-0.745961,4.974820,0.99143249,0.00495360,0.13052456,-0.00065206,0.09999956,-0.00000133,0.00000001,12.7101,1200.0110,0.1888,0.00000000,0.00000000,0.013063,0.00000000,0.00000000,0.00000000,0.00000000,0.00000000,0.00000000,0.00000000,0.00000000,0.00000000,0.00000000,0.00000000,0.00000000,cmd,797.1001,0.0000,0.0000,16.45747371,44.11536100,1200.0110
0.110000,4393519.021476,4259900.785198,1795675.263556,-0.847923,-0.822122,5.561080,0.99142989,0.00544895,0.13052419,-0.00071726,0.09999642,-0.00001135,0.00000013,12.7066,1200.0145,0.2365,0.18672177,0.00185654,0.014834,0.00000000,0.00000000,0.00000000,0.00000000,0.00000000,0.00000000,0.00000000,0.00000000,0.00000000,0.00000000,0.00000000,0.00000000,cmd,787.1446,-0.0001,-0.0100,16.45747414,44.11536100,1200.0145
0.120000,4393519.012604,4259900.776596,1795675.322098,-0.926428,-0.898236,6.144896,0.99142706,0.00594427,0.13052373,-0.00078247,0.09999208,-0.00002638,0.00000032,12.7032,1200.0186,0.2902,0.18381829,0.00201081,0.016572,0.00000000,0.00000000,0.00000000,0.00000000,0.00000000,0.00000000,0.00000000,0.00000000,0.00000000,0.00000000,0.00000000,0.00000000,cmd,787.1381,-0.0002,-0.0153,16.45747462,44.11536100,1200.0186
0.130000,4393519.002948,4259900.767234,1795675.386428,-1.004787,-0.974210,6.721044,0.99142399,0.00643957,0.13052314,-0.00084766,0.09998631,-0.00004803,0.00000063,12.6998,1200.0233,0.3499,0.18153487,0.00216667,0.018303,0.00000000,0.00000000,0.00000000,0.00000000,0.00000000,0.00000000,0.00000000,0.00000000,0.00000000,0.00000000,0.00000000,0.00000000,cmd,767.2355,-0.0003,-0.0226,16.45747516,44.11536100,1200.0233
0.140000,4393518.992508,4259900.757112,1795675.456520,-1.083145,-1.050181,7.297353,0.99142069,0.00693484,0.13052239,-0.00091285,0.09997881,-0.00007823,0.00000110,12.6963,1200.0287,0.4154,0.17984408,0.00232560,0.020012,0.00000000,0.00000000,0.00000000,0.00000000,0.00000000,0.00000000,0.00000000,0.00000000,0.00000000,0.00000000,0.00000000,0.00000000,cmd,767.2333,-0.0004,-0.0320,16.45747575,44.11536100,1200.0287
0.150000,4393518.981285,4259900.746230,1795675.532402,-1.161641,-1.126286,7.881661,0.99141716,0.00743006,0.13052143,-0.00097804,0.09996927,-0.00011937,0.00000180,12.6929,1200.0346,0.4867,0.17841365,0.00248478,0.021721,0.00000000,0.00000000,0.00000000,0.00000000,0.00000000,0.00000000,0.00000000,0.00000000,0.00000000,0.00000000,0.00000000,0.00000000,cmd,767.2305,-0.0006,-0.0441,16.45747640,44.11536100,1200.0346
0.160000,4393518.969275,4259900.734586,1795675.614180,-1.240321,-1.202570,8.476588,0.99141342,0.00792523,0.13052021,-0.00104321,0.09995730,-0.00017436,0.00000280,12.6894,1200.0411,0.5639,0.17701446,0.00264159,0.023454,0.00000000,0.00000000,0.00000000,0.00000000,0.00000000,0.00000000,0.00000000,0.00000000,0.00000000,0.00000000,0.00000000,0.00000000,cmd,787.1331,-0.0009,-0.0595,16.45747710,44.11536100,1200.0411
0.170000,4393518.956478,4259900.722178,1795675.701960,-1.319113,-1.278962,9.078214,0.99140948,0.00842033,0.13051863,-0.00110837,0.09994244,-0.00024671,0.00000421,12.6858,1200.0482,0.6470,0.17559046,0.00279524,0.025217,0.00000000,0.00000000,0.00000000,0.00000000,0.00000000,0.00000000,0.00000000,0.00000000,0.00000000,0.00000000,0.00000000,0.00000000,cmd,807.0272,-0.0012,-0.0789,16.45747785,44.11536100,1200.0482
0.180000,4393518.942893,4259900.709007,1795675.795745,-1.397870,-1.355320,9.678705,0.99140534,0.00891535,0.13051662,-0.00117352,0.09992429,-0.00034020,0.00000614,12.6823,1200.0560,0.7363,0.17422405,0.00294703,0.026999,0.00000000,0.00000000,0.00000000,0.00000000,0.00000000,0.00000000,0.00000000,0.00000000,0.00000000,0.00000000,0.00000000,0.00000000,cmd,797.0683,-0.0017,-0.1030,16.45747865,44.11536100,1200.0560
0.190000,4393518.928520,4259900.695072,1795675.895535,-1.476615,-1.431665,10.279372,0.99140103,0.00941026,0.13051405,-0.00123865,0.09990239,-0.00045913,0.00000874,12.6787,1200.0644,0.8315,0.17304318,0.00309938,0.028778,0.00000000,0.00000000,0.00000000,0.00000000,0.00000000,0.00000000,0.00000000,0.00000000,0.00000000,0.00000000,0.00000000,0.00000000,cmd,797.0699,-0.0023,-0.1320,16.45747951,44.11536100,1200.0644
0.200000,4393518.913360,4259900.680373,1795676.001359,-1.555462,-1.508109,10.886754,0.99139655,0.00990506,0.13051078,-0.00130375,0.09987623,-0.00060849,0.00001219,12.6751,1200.0735,0.9329,0.17199290,0.00325183,0.030558,0.00000000,0.00000000,0.00000000,0.00000000,0.00000000,0.00000000,0.00000000,0.00000000,0.00000000,0.00000000,0.00000000,0.00000000,cmd,797.0623,-0.0031,-0.1668,16.45748043,44.11536100,1200.0735
0.210000,4393518.897411,4259900.664909,1795676.113297,-1.634457,-1.584697,11.503463,0.99139194,0.01039971,0.13050665,-0.00136882,0.09984523,-0.00079414,0.00001671,12.6715,1200.0832,1.0403,0.17095057,0.00340232,0.032357,0.00000000,0.00000000,0.00000000,0.00000000,0.00000000,0.00000000,0.00000000,0.00000000,0.00000000,0.00000000,0.00000000,0.00000000,cmd,807.0159,-0.0041,-0.2085,16.45748140,44.11536100,1200.0832
0.220000,4393518.880671,4259900.648679,1795676.231455,-1.713548,-1.661378,12.126900,0.99138722,0.01089420,0.13050147,-0.00143385,0.09980871,-0.00102291,0.00002254,12.6678,1200.0936,1.1540,0.16987801,0.00355009,0.034183,0.00000000,0.00000000,0.00000000,0.00000000,0.00000000,0.00000000,0.00000000,0.00000000,0.00000000,0.00000000,0.00000000,0.00000000,cmd,826.9019,-0.0053,-0.2581,16.45748243,44.11536100,1200.0936
0.230000,4393518.863140,4259900.631682,1795676.355835,-1.792636,-1.738055,12.751833,0.99138242,0.01138849,0.13049499,-0.00149884,0.09976607,-0.00130189,0.00002999,12.6641,1200.1047,1.2739,0.16881646,0.00369594,0.036028,0.00000000,0.00000000,0.00000000,0.00000000,0.00000000,0.00000000,0.00000000,0.00000000,0.00000000,0.00000000,0.00000000,0.00000000,cmd,816.9469,-0.0068,-0.3166,16.45748351,44.11536100,1200.1047
0.240000,4393518.844817,4259900.613917,1795676.486518,-1.871835,-1.814839,13.384796,0.99137758,0.01188255,0.13048697,-0.00156378,0.09971654,-0.00163951,0.00003941,12.6604,1200.1166,1.4000,0.16783195,0.00384138,0.037877,0.00000000,0.00000000,0.00000000,0.00000000,0.00000000,0.00000000,0.00000000,0.00000000,0.00000000,0.00000000,0.00000000,0.00000000,cmd,836.8285,-0.0087,-0.3846,16.45748465,44.11536100,1200.1166
0.250000,4393518.825703,4259900.595385,1795676.623532,-1.951022,-1.891611,14.019252,0.99137274,0.01237635,0.13047707,-0.00162865,0.09965940,-0.00204476,0.00005120,12.6566,1200.1291,1.5326,0.16683302,0.00398447,0.039750,0.00000000,0.00000000,0.00000000,0.00000000,0.00000000,0.00000000,0.00000000,0.00000000,0.00000000,0.00000000,0.00000000,0.00000000,cmd,836.8116,-0.0109,-0.4637,16.45748585,44.11536100,1200.1291
0.260000,4393518.805797,4259900.576085,1795676.766930,-2.030286,-1.968458,14.660442,0.99136794,0.01286984,0.13046494,-0.00169344,0.09959384,-0.00252780,0.00006582,12.6529,1200.1424,1.6715,0.16589735,0.00412707,0.041627,0.00000000,0.00000000,0.00000000,0.00000000,0.00000000,0.00000000,0.00000000,0.00000000,0.00000000,0.00000000,0.00000000,0.00000000,cmd,846.7445,-0.0136,-0.5547,16.45748710,44.11536100,1200.1424
0.270000,4393518.785098,4259900.556016,1795676.916741,-2.109502,-2.045259,15.301816,0.99136325,0.01336300,0.13045017,-0.00175813,0.09951902,-0.00309957,0.00008380,12.6491,1200.1564,1.8168,0.16495760,0.00426763,0.043523,0.00000000,0.00000000,0.00000000,0.00000000,0.00000000,0.00000000,0.00000000,0.00000000,0.00000000,0.00000000,0.00000000,0.00000000,cmd,846.7336,-0.0168,-0.6592,16.45748842,44.11536100,1200.1564
0.280000,4393518.763607,4259900.535180,1795677.072967,-2.188665,-2.122008,15.943377,0.99135872,0.01385576,0.13043228,-0.00182272,0.09943411,-0.00377172,0.00010574,12.6453,1200.1712,1.9687,0.16408227,0.00440795,0.045419,0.00000000,0.00000000,0.00000000,0.00000000,0.00000000,0.00000000,0.00000000,0.00000000,0.00000000,0.00000000,0.00000000,0.00000000,cmd,846.7077,-0.0206,-0.7779,16.45748979,44.11536100,1200.1712
0.290000,4393518.741325,4259900.513576,1795677.235609,-2.267793,-2.198722,16.586429,0.99135443,0.01434808,0.13041076,-0.00188718,0.09933827,-0.00455682,0.00013229,12.6415,1200.1868,2.1269,0.16326153,0.00454793,0.047317,0.00000000,0.00000000,0.00000000,0.00000000,0.00000000,0.00000000,0.00000000,0.00000000,0.00000000,0.00000000,0.00000000,0.00000000,cmd,846.6783,-0.0250,-0.9118,16.45749122,44.11536100,1200.1868
0.300000,4393518.718250,4259900.491205,1795677.404749,-2.347097,-2.275606,17.242767,0.99135045,0.01483990,0.13038501,-0.00195149,0.09923044,-0.00546971,0.00016425,12.6376,1200.2031,2.2917,0.16247434,0.00468712,0.049218,0.00000000,0.00000000,0.00000000,0.00000000,0.00000000,0.00000000,0.00000000,0.00000000,0.00000000,0.00000000,0.00000000,0.00000000,cmd,856.5982,-0.0301,-1.0624,16.45749271,44.11536100,1200.2031
0.310000,4393518.694383,4259900.468064,1795677.580465,-2.426352,-2.352442,17.900587,0.99134688,0.01533116,0.13035434,-0.00201563,0.09910950,-0.00652657,0.00020248,12.6338,1200.2202,2.4630,0.16160630,0.00482223,0.051158,0.00000000,0.00000000,0.00000000,0.00000000,0.00000000,0.00000000,0.00000000,0.00000000,0.00000000,0.00000000,0.00000000,0.00000000,cmd,866.4846,-0.0362,-1.2337,16.45749426,44.11536100,1200.2202
0.320000,4393518.669723,4259900.444156,1795677.762761,-2.505527,-2.429201,18.558584,0.99134382,0.01582181,0.13031801,-0.00207956,0.09897444,-0.00774360,0.00024794,12.6299,1200.2381,2.6409,0.16076898,0.00495639,0.053102,0.00000000,0.00000000,0.00000000,0.00000000,0.00000000,0.00000000,0.00000000,0.00000000,0.00000000,0.00000000,0.00000000,0.00000000,cmd,866.4558,-0.0432,-1.4250,16.45749586,44.11536100,1200.2381
0.330000,4393518.644273,4259900.419481,1795677.951611,-2.584496,-2.505758,19.210196,0.99134137,0.01631176,0.13027519,-0.00214325,0.09882431,-0.00913753,0.00030165,12.6261,1200.2568,2.8254,0.15996728,0.00508984,0.055046,0.00000000,0.00000000,0.00000000,0.00000000,0.00000000,0.00000000,0.00000000,0.00000000,0.00000000,0.00000000,0.00000000,0.00000000,cmd,866.3927,-0.0512,-1.6376,16.45749753,44.11536100,1200.2568
0.340000,4393518.618034,4259900.394041,1795678.146966,-2.663372,-2.582227,19.861987,0.99133966,0.01680094,0.13022494,-0.00220667,0.09865819,-0.01072546,0.00036470,12.6222,1200.2763,3.0165,0.15924753,0.00522418,0.056972,0.00000000,0.00000000,0.00000000,0.00000000,0.00000000,0.00000000,0.00000000,0.00000000,0.00000000,0.00000000,0.00000000,0.00000000,cmd,856.4181,-0.0603,-1.8710,16.45749926,44.11536100,1200.2763
0.350000,4393518.591006,4259900.367836,1795678.348878,-2.742273,-2.658718,20.520497,0.99133883,0.01728929,0.13016627,-0.00226979,0.09847486,-0.01252793,0.00043839,12.6184,1200.2966,3.2142,0.15854619,0.00535748,0.058899,0.00000000,0.00000000,0.00000000,0.00000000,0.00000000,0.00000000,0.00000000,0.00000000,0.00000000,0.00000000,0.00000000,0.00000000,cmd,866.2975,-0.0706,-2.1282,16.45750104,44.11536100,1200.2966
0.360000,4393518.563189,4259900.340867,1795678.557376,-2.821044,-2.735082,21.177844,0.99133902,0.01777670,0.13009805,-0.00233254,0.09827315,-0.01456620,0.00052410,12.6145,1200.3177,3.4184,0.15780829,0.00548790,0.060844,0.00000000,0.00000000,0.00000000,0.00000000,0.00000000,0.00000000,0.00000000,0.00000000,0.00000000,0.00000000,0.00000000,0.00000000,cmd,866.2165,-0.0824,-2.4129,16.45750289,44.11536100,1200.3177
0.370000,4393518.534586,4259900.313136,1795678.772409,-2.899555,-2.811195,21.827472,0.99134039,0.01826310,0.13001906,-0.00239490,0.09805207,-0.01686040,0.00062327,12.6107,1200.3396,3.6293,0.15709088,0.00561732,0.062787,0.00000000,0.00000000,0.00000000,0.00000000,0.00000000,0.00000000,0.00000000,0.00000000,0.00000000,0.00000000,0.00000000,0.00000000,cmd,856.2097,-0.0956,-2.7243,16.45750480,44.11536100,1200.3396
0.380000,4393518.505199,4259900.284644,1795678.993900,-2.977828,-2.887075,22.470706,0.99134312,0.01874839,0.12992799,-0.00245680,0.09781076,-0.01943048,0.00073737,12.6069,1200.3623,3.8468,0.15643356,0.00574721,0.064707,0.00000000,0.00000000,0.00000000,0.00000000,0.00000000,0.00000000,0.00000000,0.00000000,0.00000000,0.00000000,0.00000000,0.00000000,cmd,846.2160,-0.1103,-3.0609,16.45750676,44.11536100,1200.3623
0.390000,4393518.475029,4259900.255394,1795679.221824,-3.056007,-2.962863,23.115370,0.99134739,0.01923247,0.12982341,-0.00251818,0.09754820,-0.02229870,0.00086808,12.6031,1200.3858,4.0708,0.15581678,0.00587700,0.066608,0.00000000,0.00000000,0.00000000,0.00000000,0.00000000,0.00000000,0.00000000,0.00000000,0.00000000,0.00000000,0.00000000,0.00000000,cmd,846.1350,-0.1267,-3.4241,16.45750879,44.11536100,1200.3858
0.400000,4393518.444079,4259900.225387,1795679.456208,-3.134035,-3.038505,23.758837,0.99135341,0.01971524,0.12970378,-0.00257899,0.09726312,-0.02549014,0.00101723,12.5993,1200.4101,4.3012,0.15518005,0.00600446,0.068514,0.00000000,0.00000000,0.00000000,0.00000000,0.00000000,0.00000000,0.00000000,0.00000000,0.00000000,0.00000000,0.00000000,0.00000000,cmd,855.9440,-0.1449,-3.8183,16.45751087,44.11536100,1200.4101
0.410000,4393518.412350,4259900.194625,1795679.696974,-3.211784,-3.113875,24.394536,0.99136139,0.02019659,0.12956744,-0.00263914,0.09695470,-0.02902655,0.00118663,12.5955,1200.4351,4.5382,0.15453625,0.00613001,0.070416,0.00000000,0.00000000,0.00000000,0.00000000,0.00000000,0.00000000,0.00000000,0.00000000,0.00000000,0.00000000,0.00000000,0.00000000,cmd,835.9601,-0.1650,-4.2437,16.45751301,44.11536100,1200.4351
0.420000,4393518.379844,4259900.163110,1795679.944099,-3.289405,-3.189120,25.030354,0.99137156,0.02067642,0.12941261,-0.00269857,0.09662190,-0.03293226,0.00137827,12.5918,1200.4610,4.7815,0.15392075,0.00625502,0.072296,0.00000000,0.00000000,0.00000000,0.00000000,0.00000000,0.00000000,0.00000000,0.00000000,0.00000000,0.00000000,0.00000000,0.00000000,cmd,835.8573,-0.1870,-4.6978,16.45751521,44.11536100,1200.4610
0.430000,4393518.346562,4259900.130843,1795680.197582,-3.366897,-3.264238,25.666270,0.99138417,0.02115461,0.12923741,-0.00275718,0.09626357,-0.03723338,0.00159428,12.5881,1200.4876,5.0313,0.15327730,0.00637722,0.074175,0.00000000,0.00000000,0.00000000,0.00000000,0.00000000,0.00000000,0.00000000,0.00000000,0.00000000,0.00000000,0.00000000,0.00000000,cmd,835.7466,-0.2112,-5.1855,16.45751747,44.11536100,1200.4876
0.440000,4393518.312507,4259900.097826,1795680.457398,-3.444100,-3.339076,26.294399,0.99139947,0.02163104,0.12903980,-0.00281490,0.09587868,-0.04195529,0.00183688,12.5844,1200.5149,5.2875,0.15260147,0.00649632,0.076055,0.05166379,0.05556160,-0.02060254,-0.02450035,0.00000000,0.00000000,0.00000000,0.00000000,0.00000000,0.00000000,0.00000000,0.00000000,cmd,835.6070,-0.2378,-5.7080,16.45751978,44.11536100,1200.5149
0.450000,4393518.277682,4259900.064064,1795680.723444,-3.520756,-3.413329,26.914745,0.99141730,0.02209512,0.12882273,-0.00287041,0.09119135,-0.04504981,0.00200071,12.5807,1200.5430,5.5501,0.15193331,0.00661392,0.077913,0.05166379,0.05556160,-0.02060254,-0.02450035,0.05166379,0.05556160,-0.02060254,-0.02450035,0.00000000,0.00000000,0.00000000,0.00000000,cmd,815.6163,-0.2420,-6.7412,16.45752215,44.11536100,1200.5430
0.460000,4393518.242092,4259900.029560,1795680.995693,-3.597256,-3.487423,27.535178,0.99143751,0.02253500,0.12858967,-0.00292227,0.08608313,-0.04841428,0.00218123,12.5771,1200.5719,5.8189,0.15126052,0.00672774,0.079748,0.06724466,0.07333393,-0.04641570,-0.05250497,0.05166379,0.05556160,-0.02060254,-0.02450035,0.00000000,0.00000000,0.00000000,0.00000000,cmd,815.4835,-0.2707,-7.3702,16.45752458,44.11536100,1200.5719
0.470000,4393518.205739,4259899.994317,1795681.274148,-3.673405,-3.561134,28.155686,0.99145977,0.02295263,0.12834281,-0.00297079,0.08221825,-0.05060514,0.00230797,12.5734,1200.6015,6.0940,0.15055771,0.00683185,0.081583,0.06724466,0.07333393,-0.04641570,-0.05250497,0.06724466,0.07333393,-0.04641570,-0.05250497,0.00000000,0.00000000,0.00000000,0.00000000,cmd,815.3198,-0.2849,-8.3801,16.45752707,44.11536100,1200.6015
0.480000,4393518.168625,4259899.958338,1795681.558807,-3.749331,-3.634616,28.774938,0.99148372,0.02335036,0.12808470,-0.00301633,0.07802748,-0.05296180,0.00244653,12.5698,1200.6318,6.3753,0.14981904,0.00692753,0.083418,0.06724466,0.07333393,-0.04641570,-0.05250497,0.06724466,0.07333393,-0.04641570,-0.05250497,0.00000000,0.00000000,0.00000000,0.00000000,cmd,815.1682,-0.3164,-9.1215,16.45752961,44.11536100,1200.6318
0.490000,4393518.130753,4259899.921626,1795681.849647,-3.825049,-3.707885,29.394271,0.99150953,0.02372652,0.12781450,-0.00305865,0.07349426,-0.05548988,0.00259752,12.5662,1200.6629,6.6629,0.14906499,0.00701558,0.085249,0.06724466,0.07333393,-0.04641570,-0.05250497,0.06724466,0.07333393,-0.04641570,-0.05250497,0.00000000,0.00000000,0.00000000,0.00000000,cmd,805.0541,-0.3502,-9.9065,16.45753221,44.11536100,1200.6629
0.500000,4393518.092124,4259899.884181,1795682.146693,-3.900540,-3.780921,30.013652,0.99153736,0.02407937,0.12753136,-0.00309748,0.06859861,-0.05819495,0.00276147,12.5625,1200.6947,6.9567,0.14828616,0.00709508,0.087080,0.06724466,0.07333393,-0.04641570,-0.05250497,0.06724466,0.07333393,-0.04641570,-0.05250497,0.00000000,0.00000000,0.00000000,0.00000000,cmd,814.8362,-0.3862,-10.7375,16.45753486,44.11536100,1200.6947
0.510000,4393518.052743,4259899.846009,1795682.449894,-3.975645,-3.853570,30.626500,0.99156739,0.02440708,0.12723439,-0.00313256,0.06332536,-0.06108126,0.00293873,12.5589,1200.7272,7.2568,0.14748025,0.00716542,0.088911,0.06724466,0.07333393,-0.04641570,-0.05250497,0.06724466,0.07333393,-0.04641570,-0.05250497,0.00000000,0.00000000,0.00000000,0.00000000,cmd,804.7016,-0.4245,-11.6157,16.45753758,44.11536100,1200.7272
0.520000,4393518.012612,4259899.807111,1795682.759223,-4.050498,-3.925960,31.239393,0.99159979,0.02470774,0.12692269,-0.00316361,0.05765781,-0.06415256,0.00312952,12.5553,1200.7605,7.5630,0.14667608,0.00722750,0.090723,0.06724466,0.07333393,-0.04641570,-0.05250497,0.06724466,0.07333393,-0.04641570,-0.05250497,0.00000000,0.00000000,0.00000000,0.00000000,cmd,804.5113,-0.4647,-12.5338,16.45754034,44.11536100,1200.7605
0.530000,4393517.971734,4259899.767490,1795683.074682,-4.125085,-3.998078,31.852325,0.99163475,0.02497935,0.12659535,-0.00319034,0.05157743,-0.06741199,0.00333385,12.5517,1200.7946,7.8755,0.14583900,0.00727913,0.092535,0.07677530,0.08409479,-0.05988470,-0.06720419,0.06724466,0.07333393,-0.04641570,-0.05250497,0.00000000,0.00000000,0.00000000,0.00000000,cmd,804.3101,-0.5070,-13.5001,16.45754317,44.11536100,1200.7946
0.540000,4393517.930112,4259899.727151,1795683.396270,-4.199244,-4.069726,32.466615,0.99167191,0.02522266,0.12625496,-0.00321291,0.04622194,-0.06941656,0.00348054,12.5481,1200.8294,8.1941,0.14496684,0.00731967,0.094347,0.07918403,0.08661132,-0.06789686,-0.07532415,0.07677530,0.08409479,-0.05988470,-0.06720419,0.00000000,0.00000000,0.00000000,0.00000000,cmd,804.0975,-0.5347,-14.8545,16.45754604,44.11536100,1200.8294
0.550000,4393517.887751,4259899.686097,1795683.724014,-4.273000,-4.140951,33.080937,0.99171057,0.02544291,0.12590614,-0.00323202,0.04227054,-0.07081628,0.00362894,12.5445,1200.8649,8.5188,0.14405033,0.00734975,0.096163,0.07918403,0.08661132,-0.06789686,-0.07532415,0.07918403,0.08661132,-0.06789686,-0.07532415,0.00000000,0.00000000,0.00000000,0.00000000,cmd,813.7999,-0.5783,-16.1068,16.45754898,44.11536100,1200.8649
0.560000,4393517.844654,4259899.644333,1795684.057889,-4.346415,-4.211823,33.695292,0.99175047,0.02564299,0.12555034,-0.00324798,0.03805635,-0.07224065,0.00378551,12.5409,1200.9012,8.8498,0.14310828,0.00737119,0.097979,0.07918403,0.08661132,-0.06789686,-0.07532415,0.07918403,0.08661132,-0.06789686,-0.07532415,0.00000000,0.00000000,0.00000000,0.00000000,cmd,803.6619,-0.6253,-17.2639,16.45755197,44.11536100,1200.9012
0.570000,4393517.800822,4259899.601861,1795684.397946,-4.419753,-4.282601,34.314950,0.99179166,0.02582167,0.12518750,-0.00326061,0.03363237,-0.07365933,0.00394784,12.5373,1200.9382,9.1869,0.14214678,0.00738478,0.099794,0.07918403,0.08661132,-0.06789686,-0.07532415,0.07918403,0.08661132,-0.06789686,-0.07532415,0.00000000,0.00000000,0.00000000,0.00000000,cmd,813.3125,-0.6743,-18.4760,16.45755502,44.11536100,1200.9382
0.580000,4393517.756259,4259899.558682,1795684.744162,-4.492931,-4.353211,34.928124,0.99183415,0.02597818,0.12481775,-0.00326981,0.02908748,-0.07503644,0.00411242,12.5336,1200.9760,9.5303,0.14114979,0.00738926,0.101624,0.07918403,0.08661132,-0.06789686,-0.07532415,0.07918403,0.08661132,-0.06789686,-0.07532415,0.00000000,0.00000000,0.00000000,0.00000000,cmd,803.2462,-0.7027,-19.1287,16.45755812,44.11536100,1200.9760
0.590000,4393517.710963,4259899.514796,1795685.096535,-4.566306,-4.423996,35.547975,0.99187791,0.02611193,0.12444132,-0.00327548,0.02442450,-0.07636499,0.00427826,12.5300,1201.0146,9.8798,0.14017421,0.00738730,0.103436,0.07918403,0.08661132,-0.06789686,-0.07532415,0.07918403,0.08661132,-0.06789686,-0.07532415,0.00000000,0.00000000,0.00000000,0.00000000,cmd,803.1211,-0.7277,-19.7049,16.45756128,44.11536100,1201.0146
0.600000,4393517.664933,4259899.470202,1795685.455121,-4.639744,-4.494827,36.169239,0.99192295,0.02622235,0.12405848,-0.00327756,0.01964422,-0.07763905,0.00444429,12.5264,1201.0539,10.2356,0.13916799,0.00737607,0.105267,0.07918403,0.08661132,-0.06789686,-0.07532415,0.07918403,0.08661132,-0.06789686,-0.07532415,0.00000000,0.00000000,0.00000000,0.00000000,cmd,812.9180,-0.7523,-20.2871,16.45756449,44.11536100,1201.0539
0.610000,4393517.618169,4259899.424900,1795685.819894,-4.713070,-4.565535,36.785340,0.99196924,0.02630884,0.12366950,-0.00327599,0.01474832,-0.07885323,0.00460946,12.5228,1201.0940,10.5976,0.13815287,0.00735661,0.107102,0.07918403,0.08661132,-0.06789686,-0.07532415,0.07918403,0.08661132,-0.06789686,-0.07532415,0.00000000,0.00000000,0.00000000,0.00000000,cmd,812.7878,-0.7763,-20.8712,16.45756776,44.11536100,1201.0940
0.620000,4393517.570671,4259899.378891,1795686.190855,-4.786582,-4.636405,37.406819,0.99201675,0.02637085,0.12327470,-0.00327068,0.00973687,-0.08000088,0.00477261,12.5191,1201.1349,10.9658,0.13715369,0.00733019,0.108922,0.07804409,0.08511811,-0.07126667,-0.07834069,0.07918403,0.08661132,-0.06789686,-0.07532415,0.00000000,0.00000000,0.00000000,0.00000000,cmd,812.6862,-0.7995,-21.4548,16.45757109,44.11536100,1201.1349
0.630000,4393517.522437,4259899.332172,1795686.568031,-4.860110,-4.707279,38.028394,0.99206527,0.02641277,0.12287483,-0.00326213,0.00661880,-0.08090236,0.00496424,12.5155,1201.1766,11.3402,0.13613173,0.00729469,0.110758,0.07804409,0.08511811,-0.07126667,-0.07834069,0.07804409,0.08511811,-0.07126667,-0.07834069,0.00000000,0.00000000,0.00000000,0.00000000,cmd,812.5534,-0.8293,-22.0857,16.45757447,44.11536100,1201.1766
0.640000,4393517.473468,4259899.284745,1795686.951423,-4.933683,-4.778176,38.650063,0.99211457,0.02643914,0.12247071,-0.00325081,0.00343086,-0.08171728,0.00515402,12.5118,1201.2191,11.7209,0.13510708,0.00725217,0.112594,0.07804409,0.08511811,-0.07126667,-0.07834069,0.07804409,0.08511811,-0.07126667,-0.07834069,0.00000000,0.00000000,0.00000000,0.00000000,cmd,812.4189,-0.8511,-22.6794,16.45757791,44.11536100,1201.2191
0.650000,4393517.423763,4259899.236609,1795687.341032,-5.007303,-4.849100,39.271825,0.99216461,0.02644962,0.12206279,-0.00323667,0.00017322,-0.08243864,0.00534093,12.5082,1201.2623,12.1078,0.13408190,0.00720400,0.114430,0.07804409,0.08511811,-0.07126667,-0.07834069,0.07804409,0.08511811,-0.07126667,-0.07834069,0.00000000,0.00000000,0.00000000,0.00000000,cmd,812.2830,-0.8721,-23.2757,16.45758141,44.11536100,1201.2623
0.660000,4393517.373322,4259899.187763,1795687.736860,-5.080974,-4.920049,39.893680,0.99221533,0.02644387,0.12165154,-0.00321970,-0.00315392,-0.08305936,0.00552385,12.5045,1201.3063,12.5010,0.13305681,0.00715016,0.116267,0.07804409,0.08511811,-0.07126667,-0.07834069,0.07804409,0.08511811,-0.07126667,-0.07834069,0.00000000,0.00000000,0.00000000,0.00000000,cmd,812.1456,-0.8924,-23.8745,16.45758496,44.11536100,1201.3063
0.670000,4393517.322144,4259899.138208,1795688.138906,-5.154740,-4.991067,40.516948,0.99226667,0.02642154,0.12123748,-0.00319986,-0.00655030,-0.08357228,0.00570162,12.5009,1201.3511,12.9004,0.13203250,0.00709069,0.118104,0.07804409,0.08511811,-0.07126667,-0.07834069,0.07804409,0.08511811,-0.07126667,-0.07834069,0.00000000,0.00000000,0.00000000,0.00000000,cmd,812.0068,-0.9117,-24.4757,16.45758857,44.11536100,1201.3511
0.680000,4393517.270227,4259899.087941,1795688.547199,-5.228561,-5.062111,41.140312,0.99231856,0.02638228,0.12082118,-0.00317714,-0.01001608,-0.08396920,0.00587299,12.4972,1201.3967,13.3061,0.13100552,0.00702539,0.119945,0.07677616,0.08338456,-0.07175578,-0.07836418,0.07804409,0.08511811,-0.07126667,-0.07834069,0.00000000,0.00000000,0.00000000,0.00000000,cmd,821.7873,-0.9300,-25.0800,16.45759224,44.11536100,1201.3967
0.690000,4393517.217572,4259899.036965,1795688.961713,-5.302450,-5.133210,41.763785,0.99237092,0.02632810,0.12040286,-0.00315168,-0.01260536,-0.08438170,0.00608649,12.4935,1201.4431,13.7180,0.12998102,0.00695454,0.121787,0.07677616,0.08338456,-0.07175578,-0.07836418,0.07677616,0.08338456,-0.07175578,-0.07836418,0.00000000,0.00000000,0.00000000,0.00000000,cmd,811.7567,-0.9590,-25.6536,16.45759596,44.11536100,1201.4431
0.700000,4393517.164177,4259898.985276,1795689.382501,-5.376572,-5.204503,42.392614,0.99242366,0.02626105,0.11998281,-0.00312365,-0.01524575,-0.08466636,0.00629313,12.4899,1201.4902,14.1362,0.12895984,0.00687833,0.123628,0.07441147,0.08061702,-0.07115284,-0.07735839,0.07677616,0.08338456,-0.07175578,-0.07836418,0.00000000,0.00000000,0.00000000,0.00000000,cmd,821.5009,-0.9755,-26.2614,16.45759974,44.11536101,1201.4902
0.710000,4393517.110040,4259898.932875,1795689.809566,-5.450803,-5.275889,43.021553,0.99247675,0.02618339,0.11956067,-0.00309326,-0.01693120,-0.08521222,0.00653742,12.4862,1201.5382,14.5608,0.12792588,0.00679660,0.125486,0.07441147,0.08061702,-0.07115284,-0.07735839,0.07441147,0.08061702,-0.07115284,-0.07735839,0.00000000,0.00000000,0.00000000,0.00000000,cmd,811.4348,-1.0017,-26.7802,16.45760358,44.11536101,1201.5382
0.720000,4393517.055161,4259898.879758,1795690.242933,-5.525144,-5.347346,43.651910,0.99253017,0.02609742,0.11913613,-0.00306072,-0.01864942,-0.08562473,0.00677431,12.4825,1201.5869,14.9916,0.12689618,0.00671049,0.127343,0.07441147,0.08061702,-0.07115284,-0.07735839,0.07441147,0.08061702,-0.07115284,-0.07735839,0.00000000,0.00000000,0.00000000,0.00000000,cmd,821.2406,-1.0162,-27.3929,16.45760747,44.11536101,1201.5869
0.730000,4393516.999537,4259898.825928,1795690.682604,-5.599554,-5.418833,44.282357,0.99258383,0.02600297,0.11870986,-0.00302603,-0.02040023,-0.08589597,0.00700258,12.4788,1201.6364,15.4288,0.12586431,0.00662049,0.129205,0.07441147,0.08061702,-0.07115284,-0.07735839,0.07441147,0.08061702,-0.07115284,-0.07735839,0.00000000,0.00000000,0.00000000,0.00000000,cmd,821.0916,-1.0295,-28.0078,16.45761142,44.11536101,1201.6364
0.740000,4393516.943169,4259898.771382,1795691.128580,-5.674034,-5.490349,44.912895,0.99263764,0.02589987,0.11828259,-0.00298921,-0.02218342,-0.08601810,0.00722097,12.4751,1201.6868,15.8723,0.12483533,0.00652692,0.131067,0.07441147,0.08061702,-0.07115284,-0.07735839,0.07441147,0.08061702,-0.07115284,-0.07735839,0.00000000,0.00000000,0.00000000,0.00000000,cmd,820.9413,-1.0417,-28.6239,16.45761543,44.11536101,1201.6868
0.750000,4393516.886056,4259898.716121,1795691.580862,-5.748586,-5.561891,45.543521,0.99269152,0.02578796,0.11785507,-0.00295028,-0.02399877,-0.08598331,0.00742818,12.4714,1201.7379,16.3221,0.12381044,0.00642987,0.132930,0.07441147,0.08061702,-0.07115284,-0.07735839,0.07441147,0.08061702,-0.07115284,-0.07735839,0.00000000,0.00000000,0.00000000,0.00000000,cmd,820.7897,-1.0527,-29.2411,16.45761949,44.11536101,1201.7379
0.760000,4393516.828197,4259898.660144,1795692.039451,-5.823210,-5.633458,46.174237,0.99274537,0.02566708,0.11742811,-0.00290925,-0.02584605,-0.08578397,0.00762288,12.4677,1201.7898,16.7783,0.12279093,0.00632946,0.134793,0.07441147,0.08061702,-0.07115284,-0.07735839,0.07441147,0.08061702,-0.07115284,-0.07735839,0.00000000,0.00000000,0.00000000,0.00000000,cmd,820.6368,-1.0623,-29.8596,16.45762362,44.11536101,1201.7898
0.770000,4393516.769592,4259898.603451,1795692.504347,-5.897906,-5.705046,46.805041,0.99279910,0.02553706,0.11700254,-0.00286616,-0.02772501,-0.08541256,0.00780374,12.4640,1201.8425,17.2408,0.12177814,0.00622580,0.136656,0.07441147,0.08061702,-0.07115284,-0.07735839,0.07441147,0.08061702,-0.07115284,-0.07735839,0.00000000,0.00000000,0.00000000,0.00000000,cmd,820.4827,-1.0706,-30.4796,16.45762779,44.11536101,1201.8425
0.780000,4393516.710239,4259898.546043,1795692.975552,-5.972672,-5.776651,47.435934,0.99285260,0.02539774,0.11657924,-0.00282104,-0.02963537,-0.08486177,0.00796937,12.4603,1201.8960,17.7097,0.12077347,0.00611904,0.138519,0.07028927,0.07575162,-0.06926452,-0.07472686,0.07441147,0.08061702,-0.07115284,-0.07735839,0.00000000,0.00000000,0.00000000,0.00000000,cmd,820.3273,-1.0775,-31.1011,16.45763203,44.11536101,1201.8960
0.790000,4393516.650137,4259898.487916,1795693.453093,-6.047828,-5.848620,48.072202,0.99290595,0.02525292,0.11615663,-0.00277420,-0.02998322,-0.08511856,0.00822377,12.4566,1201.9503,18.1849,0.11977840,0.00600932,0.140383,0.07028927,0.07575162,-0.06926452,-0.07472686,0.07028927,0.07575162,-0.06926452,-0.07472686,0.00000000,0.00000000,0.00000000,0.00000000,cmd,820.1708,-1.1081,-31.4867,16.45763633,44.11536101,1201.9503
0.800000,4393516.589283,4259898.429071,1795693.936970,-6.122746,-5.920307,48.700680,0.99295925,0.02510649,0.11573313,-0.00272594,-0.03034055,-0.08520355,0.00846365,12.4529,1202.0054,18.6664,0.11878043,0.00589618,0.142262,0.07028927,0.07575162,-0.06926452,-0.07472686,0.07028927,0.07575162,-0.06926452,-0.07472686,0.00000000,0.00000000,0.00000000,0.00000000,cmd,820.0118,-1.1127,-32.1104,16.45764068,44.11536101,1202.0054
0.810000,4393516.527681,4259898.369510,1795694.427106,-6.197685,-5.991955,49.327873,0.99301239,0.02495839,0.11530959,-0.00267633,-0.03070717,-0.08511196,0.00868785,12.4492,1202.0613,19.1544,0.11780439,0.00578220,0.144119,0.07028927,0.07575162,-0.06926452,-0.07472686,0.07028927,0.07575162,-0.06926452,-0.07472686,0.00000000,0.00000000,0.00000000,0.00000000,cmd,799.9474,-1.1159,-32.7282,16.45764509,44.11536101,1202.0613
0.820000,4393516.465329,4259898.309232,1795694.923528,-6.272862,-6.063768,49.959119,0.99306527,0.02480857,0.11488692,-0.00262540,-0.03108313,-0.08483478,0.00889507,12.4454,1202.1180,19.6486,0.11683572,0.00566675,0.145972,0.07028927,0.07575162,-0.06926452,-0.07472686,0.07028927,0.07575162,-0.06926452,-0.07472686,0.00000000,0.00000000,0.00000000,0.00000000,cmd,809.8575,-1.1177,-33.3451,16.45764955,44.11536102,1202.1180
0.830000,4393516.402223,4259898.248234,1795695.426316,-6.348386,-6.135848,50.597093,0.99311778,0.02465697,0.11446607,-0.00257322,-0.03146860,-0.08436073,0.00908394,12.4417,1202.1755,20.1492,0.11586360,0.00554940,0.147837,0.07028927,0.07575162,-0.06926452,-0.07472686,0.07028927,0.07575162,-0.06926452,-0.07472686,0.00000000,0.00000000,0.00000000,0.00000000,cmd,829.4474,-1.1182,-33.9655,16.45765408,44.11536102,1202.1755
0.840000,4393516.338362,4259898.186516,1795695.935444,-6.423766,-6.207721,51.229858,0.99316981,0.02450354,0.11404803,-0.00251986,-0.03186349,-0.08368350,0.00925324,12.4380,1202.2338,20.6561,0.11488409,0.00543007,0.149721,0.07028927,0.07575162,-0.06926452,-0.07472686,0.07028927,0.07575162,-0.06926452,-0.07472686,0.00000000,0.00000000,0.00000000,0.00000000,cmd,819.4093,-1.1175,-34.5918,16.45765866,44.11536102,1202.2338
0.850000,4393516.273745,4259898.124077,1795696.450966,-6.499725,-6.280074,51.874645,0.99322124,0.02434822,0.11363384,-0.00246539,-0.03226789,-0.08279345,0.00940164,12.4343,1202.2928,21.1695,0.11392614,0.00531025,0.151590,0.07028927,0.07575162,-0.06926452,-0.07472686,0.07028927,0.07575162,-0.06926452,-0.07472686,0.00000000,0.00000000,0.00000000,0.00000000,cmd,829.1592,-1.1153,-35.2151,16.45766330,44.11536102,1202.2928
0.860000,4393516.208369,4259898.060916,1795696.972910,-6.575526,-6.352202,52.514214,0.99327196,0.02419095,0.11322459,-0.00240988,-0.03268185,-0.08168246,0.00952786,12.4305,1202.3527,21.6892,0.11295372,0.00518837,0.153495,0.07028927,0.07575162,-0.06926452,-0.07472686,0.07028927,0.07575162,-0.06926452,-0.07472686,0.00000000,0.00000000,0.00000000,0.00000000,cmd,828.9915,-1.1120,-35.8494,16.45766799,44.11536102,1202.3527
0.870000,4393516.142233,4259897.997032,1795697.501277,-6.651625,-6.424532,53.159177,0.99332184,0.02403168,0.11282138,-0.00235341,-0.03310533,-0.08034414,0.00963067,12.4268,1202.4134,22.2154,0.11200648,0.00506640,0.155384,0.07028927,0.07575162,-0.06926452,-0.07472686,0.07028927,0.07575162,-0.06926452,-0.07472686,0.00000000,0.00000000,0.00000000,0.00000000,cmd,828.8242,-1.1072,-36.4815,16.45767275,44.11536102,1202.4134
0.880000,4393516.075337,4259897.932426,1795698.036068,-6.727545,-6.496614,53.798920,0.99337076,0.02387034,0.11242536,-0.00229608,-0.03353830,-0.07877258,0.00970886,12.4231,1202.4749,22.7481,0.11106380,0.00494353,0.157289,0.06665367,0.07087125,-0.06628494,-0.07050252,0.07028927,0.07575162,-0.06926452,-0.07472686,0.00000000,0.00000000,0.00000000,0.00000000,cmd,828.6545,-1.1012,-37.1204,16.45767756,44.11536102,1202.4749
0.890000,4393516.007680,4259897.867098,1795698.577282,-6.803921,-6.569126,54.444042,0.99341898,0.02370843,0.11203403,-0.00223766,-0.03337967,-0.07844659,0.00998751,12.4193,1202.5372,23.2872,0.11014975,0.00482096,0.159178,0.06665367,0.07087125,-0.06628494,-0.07050252,0.06665367,0.07087125,-0.06628494,-0.07050252,0.00000000,0.00000000,0.00000000,0.00000000,cmd,828.4853,-1.1481,-37.4034,16.45768243,44.11536103,1202.5372
0.900000,4393515.939260,4259897.801045,1795699.124922,-6.880107,-6.641373,55.083942,0.99346676,0.02354745,0.11164480,-0.00217796,-0.03322512,-0.07790604,0.01024325,12.4156,1202.6004,23.8328,0.10924248,0.00469641,0.161084,0.06463553,0.06826563,-0.06420122,-0.06783132,0.06665367,0.07087125,-0.06628494,-0.07050252,0.00000000,0.00000000,0.00000000,0.00000000,cmd,828.3136,-1.1400,-38.0420,16.45768736,44.11536103,1202.6004
0.910000,4393515.870077,4259897.734270,1795699.678962,-6.956454,-6.713723,55.723946,0.99351425,0.02338723,0.11125647,-0.00211681,-0.03313769,-0.07806322,0.01058641,12.4118,1202.6643,24.3849,0.10835263,0.00457103,0.162974,0.06463553,0.06826563,-0.06420122,-0.06783132,0.06463553,0.06826563,-0.06420122,-0.06783132,0.00000000,0.00000000,0.00000000,0.00000000,cmd,828.1425,-1.1571,-38.4569,16.45769235,44.11536103,1202.6643
0.920000,4393515.800129,4259897.666770,1795700.239428,-7.033106,-6.786266,56.369324,0.99356157,0.02322762,0.11086781,-0.00205408,-0.03305501,-0.07800862,0.01090522,12.4081,1202.7291,24.9433,0.10747008,0.00444364,0.164865,0.06463553,0.06826563,-0.06420122,-0.06783132,0.06463553,0.06826563,-0.06420122,-0.06783132,0.00000000,0.00000000,0.00000000,0.00000000,cmd,828.0139,-1.1458,-39.0878,16.45769740,44.11536103,1202.7291
0.930000,4393515.729415,4259897.598544,1795700.806348,-7.109884,-6.858825,57.016119,0.99360861,0.02306857,0.11047992,-0.00198984,-0.03297715,-0.07773247,0.01119796,12.4043,1202.7946,25.5083,0.10657931,0.00431391,0.166771,0.06463553,0.06826563,-0.06420122,-0.06783132,0.06463553,0.06826563,-0.06420122,-0.06783132,0.00000000,0.00000000,0.00000000,0.00000000,cmd,827.7961,-1.1326,-39.7216,16.45770250,44.11536103,1202.7946
0.940000,4393515.657932,4259897.529593,1795701.379751,-7.186789,-6.931398,57.664358,0.99365525,0.02291005,0.11009391,-0.00192422,-0.03290417,-0.07722531,0.01146290,12.4005,1202.8610,26.0797,0.10569016,0.00418243,0.168682,0.06463553,0.06826563,-0.06420122,-0.06783132,0.06463553,0.06826563,-0.06420122,-0.06783132,0.00000000,0.00000000,0.00000000,0.00000000,cmd,837.5737,-1.1173,-40.3554,16.45770767,44.11536104,1202.8610
0.950000,4393515.585679,4259897.459917,1795701.959636,-7.263759,-7.003920,58.312686,0.99370136,0.02275202,0.10971097,-0.00185732,-0.03283625,-0.07648063,0.01169839,12.3968,1202.9282,26.6576,0.10480481,0.00404949,0.170596,0.06463553,0.06826563,-0.06420122,-0.06783132,0.06463553,0.06826563,-0.06420122,-0.06783132,0.00000000,0.00000000,0.00000000,0.00000000,cmd,837.3970,-1.1002,-40.9898,16.45771289,44.11536104,1202.9282
0.960000,4393515.512656,4259897.389515,1795702.546005,-7.340792,-7.076386,58.961101,0.99374682,0.02259444,0.10933228,-0.00178926,-0.03277364,-0.07549300,0.01190281,12.3930,1202.9962,27.2421,0.10392802,0.00391549,0.172511,0.06255124,0.06561198,-0.06233490,-0.06539565,0.06463553,0.06826563,-0.06420122,-0.06783132,0.00000000,0.00000000,0.00000000,0.00000000,cmd,837.2194,-1.0811,-41.6216,16.45771817,44.11536104,1202.9962
0.970000,4393515.438862,4259897.318388,1795703.138858,-7.418003,-7.148949,59.609591,0.99379175,0.02243789,0.10895655,-0.00171999,-0.03247689,-0.07527103,0.01219896,12.3892,1203.0651,27.8330,0.10306204,0.00378073,0.174426,0.06255124,0.06561198,-0.06233490,-0.06539565,0.06255124,0.06561198,-0.06233490,-0.06539565,0.00000000,0.00000000,0.00000000,0.00000000,cmd,837.0411,-1.0899,-42.0111,16.45772351,44.11536104,1203.0651
0.980000,4393515.364295,4259897.246535,1795703.738223,-7.495546,-7.221697,60.263455,0.99383630,0.02228295,0.10858247,-0.00164945,-0.03218430,-0.07480988,0.01246267,12.3854,1203.1347,28.4305,0.10220733,0.00364464,0.176342,0.06255124,0.06561198,-0.06233490,-0.06539565,0.06255124,0.06561198,-0.06233490,-0.06539565,0.00000000,0.00000000,0.00000000,0.00000000,cmd,836.8621,-1.0672,-42.6402,16.45772891,44.11536105,1203.1347
0.990000,4393515.288954,4259897.173957,1795704.344074,-7.572611,-7.293872,60.906799,0.99388034,0.02212960,0.10821123,-0.00157777,-0.03189594,-0.07410315,0.01269223,12.3817,1203.2052,29.0346,0.10134905,0.00350715,0.178273,0.06064913,0.06313135,-0.06037274,-0.06285496,0.06255124,0.06561198,-0.06233490,-0.06539565,0.00000000,0.00000000,0.00000000,0.00000000,cmd,836.6340,-1.0425,-43.2724,16.45773437,44.11536105,1203.2052
1.000000,4393515.212840,4259897.100656,1795704.956386,-7.650138,-7.366397,61.555541,0.99392401,0.02197764,0.10784144,-0.00150481,-0.03168225,-0.07420999,0.01302080,12.3779,1203.2765,29.6451,0.10051595,0.00336952,0.180173,0.06064913,0.06313135,-0.06037274,-0.06285496,0.06064913,0.06313135,-0.06037274,-0.06285496,0.00000000,0.00000000,0.00000000,0.00000000,cmd,836.5491,-1.0480,-43.6408,16.45773989,44.11536105,1203.2765
1.010000,4393515.135951,4259897.026630,1795705.575185,-7.727734,-7.438848,62.204337,0.99396750,0.02182689,0.10747166,-0.00143042,-0.03147325,-0.07407483,0.01331340,12.3741,1203.3487,30.2622,0.09968202,0.00323005,0.182090,0.06064913,0.06313135,-0.06037274,-0.06285496,0.06064913,0.06313135,-0.06037274,-0.06285496,0.00000000,0.00000000,0.00000000,0.00000000,cmd,836.3206,-1.0192,-44.2638,16.45774546,44.11536106,1203.3487
1.020000,4393515.058285,4259896.951879,1795706.200473,-7.805404,-7.511224,62.853245,0.99401065,0.02167732,0.10710313,-0.00135475,-0.03126900,-0.07368909,0.01356811,12.3703,1203.4216,30.8857,0.09884986,0.00308916,0.184006,0.06064913,0.06313135,-0.06037274,-0.06285496,0.06064913,0.06313135,-0.06037274,-0.06285496,0.00000000,0.00000000,0.00000000,0.00000000,cmd,836.1387,-0.9881,-44.8839,16.45775110,44.11536106,1203.4216
1.030000,4393514.979842,4259896.876405,1795706.832251,-7.883149,-7.583521,63.502245,0.99405335,0.02152888,0.10673710,-0.00127796,-0.03106955,-0.07304487,0.01378310,12.3665,1203.4954,31.5158,0.09802180,0.00294721,0.185923,0.06064913,0.06313135,-0.06037274,-0.06285496,0.06064913,0.06313135,-0.06037274,-0.06285496,0.00000000,0.00000000,0.00000000,0.00000000,cmd,835.9563,-0.9546,-45.5019,16.45775679,44.11536106,1203.4954
1.040000,4393514.900622,4259896.800209,1795707.470518,-7.960970,-7.655736,64.151359,0.99409545,0.02138152,0.10637490,-0.00120022,-0.03087497,-0.07213507,0.01395662,12.3627,1203.5700,32.1524,0.09720034,0.00280460,0.187840,0.06064913,0.06313135,-0.06037274,-0.06285496,0.06064913,0.06313135,-0.06037274,-0.06285496,0.00000000,0.00000000,0.00000000,0.00000000,cmd,835.8224,-0.9189,-46.1188,16.45776254,44.11536107,1203.5700
1.050000,4393514.820623,4259896.723291,1795708.115278,-8.038863,-7.727861,64.800568,0.99413682,0.02123520,0.10601785,-0.00112173,-0.03068530,-0.07095341,0.01408705,12.3589,1203.6454,32.7956,0.09638798,0.00266173,0.189757,0.05887420,0.06093073,-0.05864619,-0.06070272,0.06064913,0.06313135,-0.06037274,-0.06285496,0.00000000,0.00000000,0.00000000,0.00000000,cmd,835.5895,-0.8811,-46.7354,16.45776835,44.11536107,1203.6454
1.060000,4393514.739842,4259896.645650,1795708.766557,-8.117322,-7.800391,65.456543,0.99417760,0.02109006,0.10566469,-0.00104244,-0.03043658,-0.07055942,0.01428528,12.3551,1203.7216,33.4452,0.09558729,0.00251901,0.191675,0.05887420,0.06093073,-0.05864619,-0.06070272,0.05887420,0.06093073,-0.05864619,-0.06070272,0.00000000,0.00000000,0.00000000,0.00000000,cmd,835.5057,-0.8683,-47.0983,16.45777422,44.11536108,1203.7216
1.070000,4393514.658276,4259896.567283,1795709.424409,-8.195924,-7.872886,66.113907,0.99421792,0.02094623,0.10531412,-0.00096236,-0.03019277,-0.06989474,0.01443852,12.3513,1203.7987,34.1014,0.09478904,0.00237578,0.193613,0.05887420,0.06093073,-0.05864619,-0.06070272,0.05887420,0.06093073,-0.05864619,-0.06070272,0.00000000,0.00000000,0.00000000,0.00000000,cmd,845.1718,-0.8268,-47.7187,16.45778015,44.11536108,1203.7987
1.080000,4393514.575924,4259896.488193,1795710.088835,-8.274594,-7.945273,66.771332,0.99425764,0.02080367,0.10496752,-0.00088167,-0.02995392,-0.06895235,0.01454514,12.3474,1203.8766,34.7643,0.09399540,0.00223249,0.195554,0.05887420,0.06093073,-0.05864619,-0.06070272,0.05887420,0.06093073,-0.05864619,-0.06070272,0.00000000,0.00000000,0.00000000,0.00000000,cmd,845.0128,-0.7831,-48.3388,16.45778614,44.11536108,1203.8766
1.090000,4393514.492784,4259896.408378,1795710.759836,-8.353328,-8.017546,67.428808,0.99429662,0.02066234,0.10462627,-0.00080058,-0.02972009,-0.06772624,0.01460370,12.3436,1203.9553,35.4337,0.09321095,0.00208964,0.197496,0.05887420,0.06093073,-0.05864619,-0.06070272,0.05887420,0.06093073,-0.05864619,-0.06070272,0.00000000,0.00000000,0.00000000,0.00000000,cmd,844.7359,-0.7374,-48.9586,16.45779219,44.11536109,1203.9553
1.100000,4393514.408857,4259896.327842,1795711.437412,-8.432121,-8.089695,68.086349,0.99433472,0.02052217,0.10429182,-0.00071930,-0.02949130,-0.06621170,0.01461290,12.3398,1204.0349,36.1097,0.09243838,0.00194769,0.199438,0.05635388,0.05766321,-0.05621996,-0.05752929,0.05887420,0.06093073,-0.05864619,-0.06070272,0.00000000,0.00000000,0.00000000,0.00000000,cmd,844.5082,-0.6899,-49.5794,16.45779830,44.11536110,1204.0349
1.110000,4393514.324141,4259896.246584,1795712.121563,-8.511239,-8.162049,68.745254,0.99437223,0.02038352,0.10396136,-0.00063763,-0.02913033,-0.06611354,0.01478984,12.3360,1204.1153,36.7924,0.09168034,0.00180709,0.201380,0.05635388,0.05766321,-0.05621996,-0.05752929,0.05635388,0.05766321,-0.05621996,-0.05752929,0.00000000,0.00000000,0.00000000,0.00000000,cmd,844.3312,-0.6932,-49.7989,16.45780447,44.11536110,1204.1153
1.120000,4393514.238632,4259896.164601,1795712.812317,-8.590409,-8.234266,69.404214,0.99440945,0.02024673,0.10363204,-0.00055537,-0.02877445,-0.06574155,0.01491722,12.3321,1204.1966,37.4816,0.09093400,0.00166666,0.203326,0.05635388,0.05766321,-0.05621996,-0.05752929,0.05635388,0.05766321,-0.05621996,-0.05752929,0.00000000,0.00000000,0.00000000,0.00000000,cmd,853.9467,-0.6427,-50.4254,16.45781070,44.11536111,1204.1966
1.130000,4393514.152331,4259896.081897,1795713.509674,-8.669953,-8.306632,70.068600,0.99444624,0.02011174,0.10330523,-0.00047273,-0.02842373,-0.06508786,0.01499352,12.3283,1204.2787,38.1775,0.09019056,0.00152650,0.205272,0.05635388,0.05766321,-0.05621996,-0.05752929,0.05635388,0.05766321,-0.05621996,-0.05752929,0.00000000,0.00000000,0.00000000,0.00000000,cmd,843.8663,-0.5900,-51.0491,16.45781699,44.11536111,1204.2787
1.140000,4393514.065233,4259895.998469,1795714.213689,-8.749547,-8.378853,70.733011,0.99448245,0.01997852,0.10298238,-0.00038994,-0.02807820,-0.06414303,0.01501733,12.3244,1204.3616,38.8800,0.08944598,0.00138701,0.207234,0.05463765,0.05524102,-0.05453756,-0.05514093,0.05635388,0.05766321,-0.05621996,-0.05752929,0.00000000,0.00000000,0.00000000,0.00000000,cmd,853.5281,-0.5354,-51.6758,16.45782334,44.11536112,1204.3616
1.150000,4393513.977339,4259895.914320,1795714.924335,-8.829342,-8.451145,71.397484,0.99451827,0.01984718,0.10266164,-0.00030675,-0.02768476,-0.06423314,0.01521032,12.3206,1204.4454,39.5892,0.08871002,0.00124879,0.209196,0.05463765,0.05524102,-0.05453756,-0.05514093,0.05463765,0.05524102,-0.05453756,-0.05514093,0.00000000,0.00000000,0.00000000,0.00000000,cmd,843.3899,-0.5326,-51.9847,16.45782974,44.11536113,1204.4454
1.160000,4393513.888646,4259895.829447,1795715.641639,-8.909272,-8.523361,72.063336,0.99455390,0.01971787,0.10234112,-0.00022294,-0.02729671,-0.06403757,0.01535044,12.3167,1204.5300,40.3051,0.08798242,0.00111067,0.211158,0.05463765,0.05524102,-0.05453756,-0.05514093,0.05463765,0.05524102,-0.05453756,-0.05514093,0.00000000,0.00000000,0.00000000,0.00000000,cmd,853.0470,-0.4746,-52.6067,16.45783621,44.11536113,1204.5300
1.170000,4393513.799155,4259895.743854,1795716.365575,-8.988930,-8.595136,72.723900,0.99458919,0.01959053,0.10202227,-0.00013872,-0.02691413,-0.06354907,0.01543605,12.3128,1204.6155,41.0276,0.08725423,0.00097267,0.213125,0.05463765,0.05524102,-0.05453756,-0.05514093,0.05463765,0.05524102,-0.05453756,-0.05514093,0.00000000,0.00000000,0.00000000,0.00000000,cmd,852.7476,-0.4144,-53.2256,16.45784274,44.11536114,1204.6155
1.180000,4393513.708865,4259895.657543,1795717.096144,-9.068981,-8.667057,73.389891,0.99462399,0.01946511,0.10170658,-0.00005435,-0.02653706,-0.06276028,0.01546576,12.3090,1204.7019,41.7568,0.08653632,0.00083541,0.215076,0.05463765,0.05524102,-0.05453756,-0.05514093,0.05463765,0.05524102,-0.05453756,-0.05514093,0.00000000,0.00000000,0.00000000,0.00000000,cmd,852.5591,-0.3520,-53.8372,16.45784933,44.11536115,1204.7019
1.190000,4393513.617775,4259895.570514,1795717.833373,-9.149087,-8.738819,74.055909,0.99465815,0.01934155,0.10139557,0.00002993,-0.02616556,-0.06166378,0.01543840,12.3051,1204.7891,42.4927,0.08581891,0.00069929,0.217042,0.05226554,0.05215826,-0.05221972,-0.05211245,0.05463765,0.05524102,-0.05453756,-0.05514093,0.00000000,0.00000000,0.00000000,0.00000000,cmd,852.3114,-0.2879,-54.4520,16.45785598,44.11536116,1204.7891
1.200000,4393513.525882,4259895.482766,1795718.577262,-9.229468,-8.810723,74.721951,0.99469201,0.01922008,0.10108599,0.00011436,-0.02570622,-0.06217649,0.01559932,12.3012,1204.8771,43.2353,0.08511136,0.00056492,0.219009,0.05226554,0.05215826,-0.05221972,-0.05211245,0.05226554,0.05215826,-0.05221972,-0.05211245,0.00000000,0.00000000,0.00000000,0.00000000,cmd,852.1186,-0.2814,-54.6089,16.45786269,44.11536117,1204.8771
1.210000,4393513.433185,4259895.394300,1795719.327812,-9.309909,-8.882469,75.388031,0.99472589,0.01910095,0.10077457,0.00019918,-0.02525283,-0.06239336,0.01570308,12.2974,1204.9660,43.9846,0.08441200,0.00043102,0.220976,0.05226554,0.05215826,-0.05221972,-0.05211245,0.05226554,0.05215826,-0.05221972,-0.05211245,0.00000000,0.00000000,0.00000000,0.00000000,cmd,851.8675,-0.2142,-55.2181,16.45786946,44.11536117,1204.9660
1.220000,4393513.339684,4259895.305117,1795720.085023,-9.390415,-8.954059,76.054148,0.99475964,0.01898410,0.10046281,0.00028414,-0.02480545,-0.06230412,0.01574822,12.2935,1205.0558,44.7405,0.08370933,0.00029760,0.222943,0.05226554,0.05215826,-0.05221972,-0.05211245,0.05226554,0.05215826,-0.05221972,-0.05211245,0.00000000,0.00000000,0.00000000,0.00000000,cmd,851.5567,-0.1449,-55.8204,16.45787629,44.11536118,1205.0558
1.230000,4393513.245377,4259895.215219,1795720.848895,-9.470991,-9.025495,76.720307,0.99479311,0.01886946,0.10015226,0.00036898,-0.02436412,-0.06189977,0.01573357,12.2896,1205.1464,45.5032,0.08300646,0.00016523,0.224910,0.05226554,0.05215826,-0.05221972,-0.05211245,0.05226554,0.05215826,-0.05221972,-0.05211245,0.00000000,0.00000000,0.00000000,0.00000000,cmd,851.3014,-0.0736,-56.4170,16.45788319,44.11536119,1205.1464
1.240000,4393513.150264,4259895.124608,1795721.619429,-9.551640,-9.096779,77.386548,0.99482614,0.01875698,0.09984452,0.00045342,-0.02392889,-0.06117269,0.01565823,12.2857,1205.2378,46.2725,0.08230651,0.00003449,0.226877,0.05226554,0.05215826,-0.05221972,-0.05211245,0.05226554,0.05215826,-0.05221972,-0.05211245,0.00000000,0.00000000,0.00000000,0.00000000,cmd,851.0442,-0.0007,-57.0096,16.45789014,44.11536120,1205.2378
1.250000,4393513.054344,4259895.033284,1795722.396626,-9.632445,-9.167981,78.054176,0.99485857,0.01864658,0.09954121,0.00053721,-0.02349981,-0.06011679,0.01552163,12.2818,1205.3302,47.0485,0.08161260,-0.00009406,0.228845,0.05069859,0.05008607,-0.05068550,-0.05007298,0.05226554,0.05215826,-0.05221972,-0.05211245,0.00000000,0.00000000,0.00000000,0.00000000,cmd,850.8444,0.0733,-57.6001,16.45789715,44.11536122,1205.3302
1.260000,4393512.957612,4259894.941246,1795723.180539,-9.713830,-9.239552,78.727129,0.99489059,0.01853843,0.09924043,0.00062047,-0.02301437,-0.06015308,0.01551846,12.2779,1205.4233,47.8313,0.08092661,-0.00021985,0.230816,0.05069859,0.05008607,-0.05068550,-0.05007298,0.05069859,0.05008607,-0.05068550,-0.05007298,0.00000000,0.00000000,0.00000000,0.00000000,cmd,860.4768,0.1014,-57.8512,16.45790422,44.11536123,1205.4233
1.270000,4393512.860069,4259894.848495,1795723.971142,-9.794832,-9.310573,79.393432,0.99492239,0.01843265,0.09894027,0.00070334,-0.02253547,-0.05986454,0.01545469,12.2741,1205.5174,48.6207,0.08024409,-0.00034371,0.232803,0.05069859,0.05008607,-0.05068550,-0.05007298,0.05069859,0.05008607,-0.05068550,-0.05007298,0.00000000,0.00000000,0.00000000,0.00000000,cmd,850.2583,0.1772,-58.4432,16.45791136,44.11536124,1205.5174
1.280000,4393512.761713,4259894.755033,1795724.768435,-9.876358,-9.381826,80.066502,0.99495382,0.01832919,0.09864238,0.00078554,-0.02206313,-0.05924312,0.01532978,12.2702,1205.6123,49.4169,0.07956992,-0.00046557,0.234771,0.04853579,0.04715150,-0.04855063,-0.04716634,0.05069859,0.05008607,-0.05068550,-0.05007298,0.00000000,0.00000000,0.00000000,0.00000000,cmd,850.0544,0.2542,-59.0245,16.45791855,44.11536125,1205.6123
1.290000,4393512.662540,4259894.660857,1795725.572472,-9.958281,-9.453334,80.740911,0.99498523,0.01822820,0.09834316,0.00086748,-0.02154126,-0.06039413,0.01545724,12.2662,1205.7081,50.2198,0.07889398,-0.00058479,0.236759,0.04853579,0.04715150,-0.04855063,-0.04716634,0.04853579,0.04715150,-0.04855063,-0.04716634,0.00000000,0.00000000,0.00000000,0.00000000,cmd,859.6776,0.2567,-59.1048,16.45792581,44.11536126,1205.7081
1.300000,4393512.562547,4259894.565967,1795726.383253,-10.040193,-9.524610,81.414014,0.99501696,0.01812985,0.09803901,0.00094956,-0.02102632,-0.06121576,0.01552466,12.2623,1205.8047,51.0295,0.07821952,-0.00070312,0.238750,0.04853579,0.04715150,-0.04855063,-0.04716634,0.04853579,0.04715150,-0.04855063,-0.04716634,0.00000000,0.00000000,0.00000000,0.00000000,cmd,859.4061,0.3358,-59.6806,16.45793312,44.11536128,1205.8047
1.310000,4393512.461738,4259894.470367,1795727.200726,-10.121827,-9.595426,82.081795,0.99504886,0.01803405,0.09773161,0.00103152,-0.02051841,-0.06169675,0.01553085,12.2584,1205.9022,51.8460,0.07753697,-0.00082076,0.240738,0.04853579,0.04715150,-0.04855063,-0.04716634,0.04853579,0.04715150,-0.04855063,-0.04716634,0.00000000,0.00000000,0.00000000,0.00000000,cmd,849.2422,0.4168,-60.2426,16.45794050,44.11536129,1205.9022
1.320000,4393512.360109,4259894.374058,1795728.024916,-10.204029,-9.666507,82.756301,0.99508076,0.01794076,0.09742268,0.00111308,-0.02001752,-0.06182381,0.01547500,12.2545,1206.0006,52.6692,0.07685360,-0.00093717,0.242710,0.04853579,0.04715150,-0.04855063,-0.04716634,0.04853579,0.04715150,-0.04855063,-0.04716634,0.00000000,0.00000000,0.00000000,0.00000000,cmd,858.8606,0.4995,-60.7894,16.45794794,44.11536131,1206.0006
1.330000,4393512.257657,4259894.277038,1795728.855852,-10.286337,-9.737456,83.430835,0.99511247,0.01784989,0.09711403,0.00119396,-0.01952366,-0.06158537,0.01535665,12.2506,1206.0998,53.4991,0.07616173,-0.00105163,0.244702,0.04853579,0.04715150,-0.04855063,-0.04716634,0.04853579,0.04715150,-0.04855063,-0.04716634,0.00000000,0.00000000,0.00000000,0.00000000,cmd,858.5834,0.5834,-61.3331,16.45795544,44.11536132,1206.0998
1.340000,4393512.154382,4259894.179309,1795729.693533,-10.368753,-9.808275,84.105396,0.99514382,0.01776138,0.09680749,0.00127391,-0.01903687,-0.06097303,0.01517570,12.2467,1206.1999,54.3358,0.07547129,-0.00116362,0.246693,0.04693132,0.04500204,-0.04692946,-0.04500017,0.04853579,0.04715150,-0.04855063,-0.04716634,0.00000000,0.00000000,0.00000000,0.00000000,cmd,858.3044,0.6680,-61.8703,16.45796300,44.11536134,1206.1999
1.350000,4393512.050279,4259894.080870,1795730.537986,-10.451859,-9.879568,84.785310,0.99517505,0.01767515,0.09650063,0.00135317,-0.01859412,-0.06171769,0.01517745,12.2428,1206.3009,55.1793,0.07478599,-0.00127256,0.248685,0.04693132,0.04500204,-0.04692946,-0.04500017,0.04693132,0.04500204,-0.04692946,-0.04500017,0.00000000,0.00000000,0.00000000,0.00000000,cmd,858.0236,0.6942,-61.9894,16.45797062,44.11536135,1206.3009
1.360000,4393511.945346,4259893.981720,1795731.389212,-10.534793,-9.950495,85.461235,0.99520641,0.01759108,0.09619098,0.00143203,-0.01815818,-0.06208811,0.01511806,12.2389,1206.4027,56.0296,0.07410016,-0.00137958,0.250693,0.04693132,0.04500204,-0.04692946,-0.04500017,0.04693132,0.04500204,-0.04692946,-0.04500017,0.00000000,0.00000000,0.00000000,0.00000000,cmd,857.7386,0.7799,-62.5187,16.45797831,44.11536137,1206.4027
1.370000,4393511.839580,4259893.881858,1795732.247238,-10.618240,-10.021636,86.142543,0.99523770,0.01750913,0.09588045,0.00151022,-0.01772902,-0.06207120,0.01499719,12.2349,1206.5055,56.8867,0.07341322,-0.00148490,0.252689,0.04693132,0.04500204,-0.04692946,-0.04500017,0.04693132,0.04500204,-0.04692946,-0.04500017,0.00000000,0.00000000,0.00000000,0.00000000,cmd,867.4066,0.8667,-63.0333,16.45798605,44.11536139,1206.5055
1.380000,4393511.732983,4259893.781289,1795733.112036,-10.701326,-10.092253,86.817167,0.99526875,0.01742922,0.09557100,0.00158747,-0.01730668,-0.06165855,0.01481481,12.2310,1206.6091,57.7506,0.07272103,-0.00158779,0.254701,0.04693132,0.04500204,-0.04692946,-0.04500017,0.04693132,0.04500204,-0.04692946,-0.04500017,0.00000000,0.00000000,0.00000000,0.00000000,cmd,857.1643,0.9542,-63.5437,16.45799386,44.11536140,1206.6091
1.390000,4393511.625551,4259893.680012,1795733.983608,-10.785037,-10.163183,87.498559,0.99529936,0.01735128,0.09526460,0.00166351,-0.01689113,-0.06084280,0.01457137,12.2271,1206.7135,58.6213,0.07203772,-0.00168789,0.256693,0.04449833,0.04204683,-0.04454480,-0.04209330,0.04693132,0.04500204,-0.04692946,-0.04500017,0.00000000,0.00000000,0.00000000,0.00000000,cmd,856.9420,1.0419,-64.0422,16.45800173,44.11536142,1206.7135
1.400000,4393511.517280,4259893.578023,1795734.862007,-10.869296,-10.234494,88.181250,0.99532998,0.01727561,0.09495666,0.00173857,-0.01636663,-0.06228537,0.01452233,12.2231,1206.8189,59.4988,0.07135612,-0.00178438,0.258705,0.04449833,0.04204683,-0.04454480,-0.04209330,0.04449833,0.04204683,-0.04454480,-0.04209330,0.00000000,0.00000000,0.00000000,0.00000000,cmd,866.5363,1.0682,-63.9081,16.45800966,44.11536144,1206.8189
1.410000,4393511.408165,4259893.475322,1795735.747233,-10.953698,-10.305713,88.863956,0.99536103,0.01720251,0.09464253,0.00181289,-0.01584998,-0.06332941,0.01441461,12.2192,1206.9251,60.3832,0.07067728,-0.00187859,0.260721,0.04449833,0.04204683,-0.04454480,-0.04209330,0.04449833,0.04204683,-0.04454480,-0.04209330,0.00000000,0.00000000,0.00000000,0.00000000,cmd,866.1741,1.1558,-64.3997,16.45801765,44.11536146,1206.9251
1.420000,4393511.298205,4259893.371910,1795736.639287,-11.038255,-10.376853,89.546683,0.99539232,0.01713190,0.09432425,0.00188621,-0.01534120,-0.06395142,0.01424834,12.2152,1207.0322,61.2744,0.06998726,-0.00197064,0.262737,0.04449833,0.04204683,-0.04454480,-0.04209330,0.04449833,0.04204683,-0.04454480,-0.04209330,0.00000000,0.00000000,0.00000000,0.00000000,cmd,865.9438,1.2440,-64.8736,16.45802570,44.11536148,1207.0322
1.430000,4393511.187397,4259893.267784,1795737.538194,-11.123487,-10.448352,90.236132,0.99542365,0.01706371,0.09400400,0.00195829,-0.01484035,-0.06411923,0.01402410,12.2113,1207.1402,62.1725,0.06929035,-0.00206000,0.264754,0.04449833,0.04204683,-0.04454480,-0.04209330,0.04449833,0.04204683,-0.04454480,-0.04209330,0.00000000,0.00000000,0.00000000,0.00000000,cmd,865.6456,1.3323,-65.3331,16.45803382,44.11536150,1207.1402
1.440000,4393511.075737,4259893.162944,1795738.443982,-11.208478,-10.519447,90.920230,0.99545479,0.01699788,0.09368409,0.00202888,-0.01434740,-0.06381872,0.01374286,12.2073,1207.2491,63.0775,0.06858598,-0.00214597,0.266790,0.04449833,0.04204683,-0.04454480,-0.04209330,0.04449833,0.04204683,-0.04454480,-0.04209330,0.00000000,0.00000000,0.00000000,0.00000000,cmd,875.2278,1.4203,-65.7867,16.45804199,44.11536153,1207.2491
1.450000,4393510.963225,4259893.057393,1795739.356626,-11.294057,-10.590836,91.609754,0.99548554,0.01693432,0.09336688,0.00209775,-0.01386234,-0.06304259,0.01340600,12.2033,1207.3588,63.9894,0.06788799,-0.00222831,0.268810,0.04449833,0.04204683,-0.04454480,-0.04209330,0.04449833,0.04204683,-0.04454480,-0.04209330,0.00000000,0.00000000,0.00000000,0.00000000,cmd,865.1097,1.5074,-66.2272,16.45805023,44.11536155,1207.3588
1.460000,4393510.849855,4259892.951128,1795740.276177,-11.379905,-10.662253,92.300629,0.99551566,0.01687298,0.09305476,0.00216467,-0.01338510,-0.06178280,0.01301540,12.1993,1207.4695,64.9082,0.06719309,-0.00230625,0.270846,0.04288773,0.04007390,-0.04298336,-0.04016953,0.04449833,0.04204683,-0.04454480,-0.04209330,0.00000000,0.00000000,0.00000000,0.00000000,cmd,874.6878,1.5931,-66.6677,16.45805854,44.11536157,1207.4695
1.470000,4393510.735625,4259892.844147,1795741.202638,-11.466042,-10.733825,92.990119,0.99554539,0.01681417,0.09274524,0.00222980,-0.01278467,-0.06200786,0.01277048,12.1953,1207.5810,65.8339,0.06650906,-0.00237941,0.272887,0.04288773,0.04007390,-0.04298336,-0.04016953,0.04288773,0.04007390,-0.04298336,-0.04016953,0.00000000,0.00000000,0.00000000,0.00000000,cmd,874.3791,1.6296,-66.6400,16.45806690,44.11536160,1207.5810
1.480000,4393510.620536,4259892.736453,1795742.135953,-11.551812,-10.804905,93.672894,0.99557497,0.01675819,0.09243580,0.00229331,-0.01219347,-0.06175892,0.01247665,12.1914,1207.6934,66.7665,0.06583681,-0.00244877,0.274923,0.04079464,0.03759943,-0.04091382,-0.03771861,0.04288773,0.04007390,-0.04298336,-0.04016953,0.00000000,0.00000000,0.00000000,0.00000000,cmd,864.1162,1.7118,-67.0755,16.45807533,44.11536162,1207.6934
1.490000,4393510.504585,4259892.628045,1795743.076122,-11.638597,-10.876775,94.362301,0.99560477,0.01670521,0.09212232,0.00235542,-0.01154689,-0.06363816,0.01234957,12.1874,1207.8067,67.7061,0.06517089,-0.00251453,0.276940,0.04079464,0.03759943,-0.04091382,-0.03771861,0.04079464,0.03759943,-0.04091382,-0.03771861,0.00000000,0.00000000,0.00000000,0.00000000,cmd,863.8782,1.7411,-66.8754,16.45808382,44.11536165,1207.8067
1.500000,4393510.387766,4259892.518920,1795744.023172,-11.725246,-10.948357,95.047711,0.99563517,0.01665536,0.09180069,0.00241635,-0.01091020,-0.06503621,0.01217730,12.1834,1207.9208,68.6525,0.06449911,-0.00257741,0.278977,0.04079464,0.03759943,-0.04091382,-0.03771861,0.04079464,0.03759943,-0.04091382,-0.03771861,0.00000000,0.00000000,0.00000000,0.00000000,cmd,873.3760,1.8210,-67.2864,16.45809237,44.11536168,1207.9208
1.510000,4393510.270077,4259892.409076,1795744.977103,-11.812528,-11.020295,95.738503,0.99566593,0.01660859,0.09147335,0.00247593,-0.01028335,-0.06593227,0.01196089,12.1794,1208.0359,69.6059,0.06381539,-0.00263788,0.281002,0.04079464,0.03759943,-0.04091382,-0.03771861,0.04079464,0.03759943,-0.04091382,-0.03771861,0.00000000,0.00000000,0.00000000,0.00000000,cmd,873.1338,1.9003,-67.6700,16.45810099,44.11536170,1208.0359
1.520000,4393510.151514,4259892.298514,1795745.937942,-11.900024,-11.092246,96.429288,0.99569682,0.01656481,0.09114285,0.00253399,-0.00966624,-0.06630783,0.01170179,12.1754,1208.1518,70.5661,0.06311862,-0.00269527,0.283043,0.04079464,0.03759943,-0.04091382,-0.03771861,0.04079464,0.03759943,-0.04091382,-0.03771861,0.00000000,0.00000000,0.00000000,0.00000000,cmd,872.8163,1.9788,-68.0379,16.45810966,44.11536173,1208.1518
1.530000,4393510.032076,4259892.187231,1795746.905689,-11.987742,-11.164223,97.120062,0.99572760,0.01652395,0.09081183,0.00259036,-0.00905882,-0.06614950,0.01140177,12.1714,1208.2685,71.5333,0.06241770,-0.00274935,0.285083,0.04079464,0.03759943,-0.04091382,-0.03771861,0.04079464,0.03759943,-0.04091382,-0.03771861,0.00000000,0.00000000,0.00000000,0.00000000,cmd,872.4969,2.0558,-68.3898,16.45811840,44.11536176,1208.2685
1.540000,4393509.911757,4259892.075227,1795747.880370,-12.076123,-11.236597,97.816206,0.99575803,0.01648594,0.09048298,0.00264491,-0.00846100,-0.06544668,0.01106300,12.1674,1208.3862,72.5075,0.06171799,-0.00279974,0.287124,0.04079464,0.03759943,-0.04091382,-0.03771861,0.04079464,0.03759943,-0.04091382,-0.03771861,0.00000000,0.00000000,0.00000000,0.00000000,cmd,872.1758,2.1311,-68.7304,16.45812721,44.11536179,1208.3862
1.550000,4393509.790555,4259891.962501,1795748.861986,-12.164394,-11.308731,98.508339,0.99578785,0.01645070,0.09015901,0.00269749,-0.00787269,-0.06419439,0.01068798,12.1634,1208.5047,73.4886,0.06102155,-0.00284597,0.289181,0.04079464,0.03759943,-0.04091382,-0.03771861,0.04079464,0.03759943,-0.04091382,-0.03771861,0.00000000,0.00000000,0.00000000,0.00000000,cmd,871.8505,2.2041,-69.0689,16.45813607,44.11536182,1208.5047
1.560000,4393509.668466,4259891.849051,1795749.850564,-12.253315,-11.381259,99.205802,0.99581684,0.01641817,0.08984269,0.00274798,-0.00729380,-0.06239085,0.01027956,12.1594,1208.6241,74.4767,0.06033964,-0.00288799,0.291226,0.04079464,0.03759943,-0.04091382,-0.03771861,0.04079464,0.03759943,-0.04091382,-0.03771861,0.00000000,0.00000000,0.00000000,0.00000000,cmd,881.4043,2.2743,-69.4029,16.45814500,44.11536186,1208.6241
1.570000,4393509.545490,4259891.734878,1795750.846076,-12.341983,-11.453438,99.897917,0.99584476,0.01638828,0.08953674,0.00279627,-0.00672427,-0.06004176,0.00984088,12.1553,1208.7444,75.4718,0.05967190,-0.00292525,0.293287,0.03778472,0.03445141,-0.03790729,-0.03457398,0.04079464,0.03759943,-0.04091382,-0.03771861,0.00000000,0.00000000,0.00000000,0.00000000,cmd,871.1957,2.3416,-69.7456,16.45815399,44.11536189,1208.7444
1.580000,4393509.421621,4259891.619977,1795751.848549,-12.431808,-11.526574,100.595320,0.99587226,0.01636104,0.08923382,0.00284233,-0.00615339,-0.06118903,0.00946381,12.1513,1208.8655,76.4739,0.05903003,-0.00295782,0.295332,0.03778472,0.03445141,-0.03790729,-0.03457398,0.03778472,0.03445141,-0.03790729,-0.03457398,0.00000000,0.00000000,0.00000000,0.00000000,cmd,880.8201,2.3839,-69.1353,16.45816305,44.11536192,1208.8655
1.590000,4393509.296853,4259891.504346,1795752.857982,-12.521809,-11.599730,101.292654,0.99590003,0.01633645,0.08892652,0.00288612,-0.00559184,-0.06181572,0.00906331,12.1473,1208.9876,77.4829,0.05840044,-0.00298579,0.297393,0.03778472,0.03445141,-0.03790729,-0.03457398,0.03778472,0.03445141,-0.03790729,-0.03457398,0.00000000,0.00000000,0.00000000,0.00000000,cmd,870.5339,2.4442,-69.4871,16.45817217,44.11536196,1208.9876
1.600000,4393509.171186,4259891.387984,1795753.874375,-12.611659,-11.672644,101.985978,0.99592782,0.01631446,0.08861746,0.00292759,-0.00503950,-0.06190644,0.00864274,12.1433,1209.1105,78.4990,0.05776372,-0.00300938,0.299454,0.03778472,0.03445141,-0.03790729,-0.03457398,0.03778472,0.03445141,-0.03790729,-0.03457398,0.00000000,0.00000000,0.00000000,0.00000000,cmd,880.0763,2.5010,-69.8196,16.45818135,44.11536199,1209.1105
1.610000,4393509.044617,4259891.270891,1795754.897728,-12.702152,-11.745980,102.684640,0.99595539,0.01629500,0.08830933,0.00296669,-0.00449618,-0.06145003,0.00820572,12.1392,1209.2342,79.5221,0.05712747,-0.00302858,0.301504,0.03778472,0.03445141,-0.03790729,-0.03457398,0.03778472,0.03445141,-0.03790729,-0.03457398,0.00000000,0.00000000,0.00000000,0.00000000,cmd,879.8177,2.5543,-70.1407,16.45819059,44.11536203,1209.2342
1.620000,4393508.917143,4259891.153065,1795755.928068,-12.792832,-11.819369,103.383321,0.99598250,0.01627801,0.08800490,0.00300341,-0.00396178,-0.06043885,0.00775609,12.1352,1209.3588,80.5521,0.05649191,-0.00304299,0.303569,0.03778472,0.03445141,-0.03790729,-0.03457398,0.03778472,0.03445141,-0.03790729,-0.03457398,0.00000000,0.00000000,0.00000000,0.00000000,cmd,879.4788,2.6038,-70.4598,16.45819990,44.11536207,1209.3588
1.630000,4393508.788760,4259891.034504,1795756.965394,-12.883684,-11.892807,104.081978,0.99600892,0.01626344,0.08770692,0.00303774,-0.00343621,-0.05887157,0.00729782,12.1311,1209.4843,81.5892,0.05586548,-0.00305269,0.305634,0.03637892,0.03281271,-0.03655688,-0.03299068,0.03778472,0.03445141,-0.03790729,-0.03457398,0.00000000,0.00000000,0.00000000,0.00000000,cmd,879.1382,2.6489,-70.7759,16.45820927,44.11536211,1209.4843
1.640000,4393508.659467,4259890.915207,1795758.009707,-12.974961,-11.966610,104.780565,0.99603486,0.01625176,0.08741286,0.00306997,-0.00273106,-0.05888071,0.00699757,12.1271,1209.6107,82.6334,0.05525367,-0.00305766,0.307699,0.03637892,0.03281271,-0.03655688,-0.03299068,0.03637892,0.03281271,-0.03655688,-0.03299068,0.00000000,0.00000000,0.00000000,0.00000000,cmd,878.7959,2.6507,-70.5896,16.45821871,44.11536215,1209.6107
1.650000,4393508.529260,4259890.795171,1795759.061006,-13.066399,-12.040464,105.479169,0.99606055,0.01624343,0.08712014,0.00310042,-0.00203747,-0.05834590,0.00669654,12.1230,1209.7379,83.6845,0.05465517,-0.00305896,0.309765,0.03496066,0.03144736,-0.03514642,-0.03163312,0.03637892,0.03281271,-0.03655688,-0.03299068,0.00000000,0.00000000,0.00000000,0.00000000,cmd,878.4518,2.6877,-70.9090,16.45822821,44.11536219,1209.7379
1.660000,4393508.398137,4259890.674396,1795760.119290,-13.158268,-12.114647,106.177658,0.99608618,0.01623845,0.08682648,0.00312895,-0.00132809,-0.05926763,0.00635969,12.1190,1209.8659,84.7427,0.05406078,-0.00305707,0.311830,0.03496066,0.03144736,-0.03514642,-0.03163312,0.03496066,0.03144736,-0.03514642,-0.03163312,0.00000000,0.00000000,0.00000000,0.00000000,cmd,878.1061,2.7306,-70.7435,16.45823777,44.11536223,1209.8659
1.670000,4393508.266094,4259890.552878,1795761.184559,-13.250425,-12.189003,106.877509,0.99611196,0.01623684,0.08652963,0.00315546,-0.00063048,-0.05963885,0.00602813,12.1149,1209.9949,85.8079,0.05346967,-0.00305178,0.313896,0.03496066,0.03144736,-0.03514642,-0.03163312,0.03496066,0.03144736,-0.03514642,-0.03163312,0.00000000,0.00000000,0.00000000,0.00000000,cmd,877.7587,2.7609,-71.0450,16.45824739,44.11536227,1209.9949
1.680000,4393508.133128,4259890.430616,1795762.256840,-13.342751,-12.263440,107.577294,0.99613763,0.01623854,0.08623236,0.00318004,0.00005552,-0.05944501,0.00570527,12.1109,1210.1246,86.8802,0.05287300,-0.00304302,0.315965,0.03496066,0.03144736,-0.03514642,-0.03163312,0.03496066,0.03144736,-0.03514642,-0.03163312,0.00000000,0.00000000,0.00000000,0.00000000,cmd,887.2822,2.7875,-71.3296,16.45825708,44.11536232,1210.1246
1.690000,4393507.999236,4259890.307607,1795763.336132,-13.435731,-12.338367,108.282443,0.99616296,0.01624347,0.08593750,0.00320278,0.00073005,-0.05867819,0.00539439,12.1068,1210.2552,87.9595,0.05227717,-0.00303096,0.318035,0.03496066,0.03144736,-0.03514642,-0.03163312,0.03496066,0.03144736,-0.03514642,-0.03163312,0.00000000,0.00000000,0.00000000,0.00000000,cmd,877.1377,2.8104,-71.6023,16.45826684,44.11536236,1210.2552
1.700000,4393507.864415,4259890.183850,1795764.422462,-13.528391,-12.412986,108.982143,0.99618770,0.01625159,0.08564794,0.00322380,0.00139326,-0.05733484,0.00509880,12.1028,1210.3867,89.0458,0.05168530,-0.00301560,0.320120,0.03496066,0.03144736,-0.03514642,-0.03163312,0.03496066,0.03144736,-0.03514642,-0.03163312,0.00000000,0.00000000,0.00000000,0.00000000,cmd,886.5739,2.8297,-71.8739,16.45827665,44.11536241,1210.3867
1.710000,4393507.728668,4259890.059347,1795765.515775,-13.621210,-12.487695,109.681863,0.99621160,0.01626283,0.08536651,0.00324325,0.00204524,-0.05542118,0.00482149,12.0987,1210.5191,90.1393,0.05110823,-0.00299743,0.322189,0.03360370,0.03032647,-0.03380687,-0.03052964,0.03496066,0.03144736,-0.03514642,-0.03163312,0.00000000,0.00000000,0.00000000,0.00000000,cmd,876.3468,2.8453,-72.1426,16.45828653,44.11536245,1210.5191
1.720000,4393507.591987,4259889.934093,1795766.616126,-13.715063,-12.563229,110.388266,0.99623486,0.01627729,0.08509125,0.00326073,0.00275217,-0.05487452,0.00438170,12.0946,1210.6522,91.2398,0.05054894,-0.00297652,0.324259,0.03360370,0.03032647,-0.03380687,-0.03052964,0.03360370,0.03032647,-0.03380687,-0.03052964,0.00000000,0.00000000,0.00000000,0.00000000,cmd,885.9434,2.9014,-71.9609,16.45829648,44.11536250,1210.6522
1.730000,4393507.454369,4259889.808084,1795767.723513,-13.808548,-12.638430,111.089217,0.99625764,0.01629503,0.08482013,0.00327584,0.00344704,-0.05377559,0.00396737,12.0906,1210.7862,92.3473,0.05000358,-0.00295167,0.326348,0.03227280,0.02901912,-0.03242612,-0.02917244,0.03360370,0.03032647,-0.03380687,-0.03052964,0.00000000,0.00000000,0.00000000,0.00000000,cmd,885.5818,2.9089,-72.2504,16.45830649,44.11536255,1210.7862
1.740000,4393507.315814,4259889.681322,1795768.837909,-13.902446,-12.714008,111.790081,0.99628018,0.01631555,0.08455050,0.00328868,0.00393598,-0.05429406,0.00356405,12.0865,1210.9211,93.4620,0.04947009,-0.00292289,0.328421,0.03227280,0.02901912,-0.03242612,-0.02917244,0.03227280,0.02901912,-0.03242612,-0.02917244,0.00000000,0.00000000,0.00000000,0.00000000,cmd,885.1387,2.9155,-72.0201,16.45831656,44.11536260,1210.9211
1.750000,4393507.176317,4259889.553802,1795769.959342,-13.996958,-12.790083,112.496322,0.99630272,0.01633832,0.08427968,0.00329938,0.00441672,-0.05426390,0.00319495,12.0824,1211.0568,94.5837,0.04894436,-0.00289031,0.330495,0.03227280,0.02901912,-0.03242612,-0.02917244,0.03227280,0.02901912,-0.03242612,-0.02917244,0.00000000,0.00000000,0.00000000,0.00000000,cmd,884.8593,2.9123,-72.3012,16.45832670,44.11536265,1211.0568
1.760000,4393507.035874,4259889.425520,1795771.087836,-14.091590,-12.866255,113.202532,0.99632502,0.01636331,0.08401042,0.00330815,0.00488939,-0.05367508,0.00286417,12.0783,1211.1934,95.7125,0.04841496,-0.00285416,0.332584,0.03227280,0.02901912,-0.03242612,-0.02917244,0.03227280,0.02901912,-0.03242612,-0.02917244,0.00000000,0.00000000,0.00000000,0.00000000,cmd,884.4928,2.9042,-72.5729,16.45833690,44.11536270,1211.1934
1.770000,4393506.894485,4259889.296476,1795772.223392,-14.186334,-12.942526,113.908700,0.99634685,0.01639049,0.08374553,0.00331526,0.00535409,-0.05252476,0.00257542,12.0742,1211.3308,96.8484,0.04788985,-0.00281499,0.334674,0.03227280,0.02901912,-0.03242612,-0.02917244,0.03227280,0.02901912,-0.03242612,-0.02917244,0.00000000,0.00000000,0.00000000,0.00000000,cmd,884.2087,2.8916,-72.8377,16.45834716,44.11536276,1211.3308
1.780000,4393506.752145,4259889.166667,1795773.366038,-14.281573,-13.019217,114.619077,0.99636798,0.01641983,0.08348778,0.00332096,0.00581097,-0.05081507,0.00233204,12.0701,1211.4690,97.9914,0.04737459,-0.00277325,0.336763,0.03227280,0.02901912,-0.03242612,-0.02917244,0.03227280,0.02901912,-0.03242612,-0.02917244,0.00000000,0.00000000,0.00000000,0.00000000,cmd,883.7549,2.8747,-73.1029,16.45835749,44.11536281,1211.4690
1.790000,4393506.608853,4259889.036092,1795774.515773,-14.377141,-13.096193,115.332037,0.99638818,0.01645130,0.08323995,0.00332554,0.00626014,-0.04855573,0.00213685,12.0660,1211.6080,99.1416,0.04687292,-0.00272931,0.338865,0.03227280,0.02901912,-0.03242612,-0.02917244,0.03227280,0.02901912,-0.03242612,-0.02917244,0.00000000,0.00000000,0.00000000,0.00000000,cmd,873.6833,2.8543,-73.3793,16.45836788,44.11536287,1211.6080
1.800000,4393506.464602,4259888.904743,1795775.672678,-14.472877,-13.173320,116.046189,0.99640724,0.01648488,0.08300473,0.00332930,0.00670180,-0.04575908,0.00199236,12.0619,1211.7480,100.2989,0.04639090,-0.00268372,0.340974,0.03227280,0.02901912,-0.03242612,-0.02917244,0.03227280,0.02901912,-0.03242612,-0.02917244,0.00000000,0.00000000,0.00000000,0.00000000,cmd,902.8253,2.8308,-73.6733,16.45837834,44.11536292,1211.7480
1.810000,4393506.319396,4259888.772625,1795776.836697,-14.568512,-13.250372,116.758950,0.99642493,0.01652054,0.08278475,0.00333254,0.00713600,-0.04245040,0.00190021,12.0578,1211.8887,101.4635,0.04593422,-0.00263702,0.343087,0.02981052,0.02699035,-0.02995569,-0.02713553,0.03227280,0.02901912,-0.03242612,-0.02917244,0.00000000,0.00000000,0.00000000,0.00000000,cmd,882.6257,2.8047,-73.9915,16.45838886,44.11536298,1211.8887
1.820000,4393506.173229,4259888.639733,1795778.007856,-14.664870,-13.328045,117.472977,0.99644192,0.01655812,0.08257246,0.00333445,0.00752777,-0.04268619,0.00147656,12.0537,1212.0303,102.6352,0.04550881,-0.00258981,0.345196,0.02981052,0.02699035,-0.02995569,-0.02713553,0.02981052,0.02699035,-0.02995569,-0.02713553,0.00000000,0.00000000,0.00000000,0.00000000,cmd,892.1990,2.8688,-73.3835,16.45839945,44.11536304,1212.0303
1.830000,4393506.026098,4259888.506064,1795779.186156,-14.761211,-13.405720,118.186967,0.99645883,0.01659747,0.08236020,0.00333423,0.00791306,-0.04245318,0.00111080,12.0495,1212.1728,103.8141,0.04510470,-0.00254001,0.347309,0.02981052,0.02699035,-0.02995569,-0.02713553,0.02981052,0.02699035,-0.02995569,-0.02713553,0.00000000,0.00000000,0.00000000,0.00000000,cmd,891.7298,2.8363,-73.7521,16.45841010,44.11536310,1212.1728
1.840000,4393505.878004,4259888.371619,1795780.371596,-14.857533,-13.483404,118.900930,0.99647548,0.01663858,0.08215031,0.00333222,0.00829197,-0.04174558,0.00080733,12.0454,1212.3161,105.0001,0.04470027,-0.00248700,0.349422,0.02981052,0.02699035,-0.02995569,-0.02713553,0.02981052,0.02699035,-0.02995569,-0.02713553,0.00000000,0.00000000,0.00000000,0.00000000,cmd,891.4330,2.7980,-74.1110,16.45842082,44.11536316,1212.3161
1.850000,4393505.728948,4259888.236396,1795781.564175,-14.953827,-13.561096,119.614854,0.99649167,0.01668143,0.08194515,0.00332879,0.00866459,-0.04056332,0.00056983,12.0413,1212.4602,106.1934,0.04430026,-0.00243141,0.351535,0.02981052,0.02699035,-0.02995569,-0.02713553,0.02981052,0.02699035,-0.02995569,-0.02713553,0.00000000,0.00000000,0.00000000,0.00000000,cmd,891.0476,2.7547,-74.4669,16.45843160,44.11536322,1212.4602
1.860000,4393505.578928,4259888.100397,1795782.763893,-15.050078,-13.638789,120.328738,0.99650720,0.01672602,0.08174707,0.00332431,0.00903103,-0.03891222,0.00040125,12.0372,1212.6052,107.3939,0.04390940,-0.00237393,0.353647,0.02981052,0.02699035,-0.02995569,-0.02713553,0.02981052,0.02699035,-0.02995569,-0.02713553,0.00000000,0.00000000,0.00000000,0.00000000,cmd,890.6606,2.7072,-74.8266,16.45844245,44.11536328,1212.6052
1.870000,4393505.427946,4259887.963621,1795783.970749,-15.146268,-13.716467,121.042584,0.99652190,0.01677233,0.08155838,0.00331917,0.00939139,-0.03680401,0.00030370,12.0330,1212.7510,108.6016,0.04353227,-0.00231526,0.355760,0.02796471,0.02530641,-0.02810982,-0.02545152,0.02981052,0.02699035,-0.02995569,-0.02713553,0.00000000,0.00000000,0.00000000,0.00000000,cmd,890.2721,2.6565,-75.1971,16.45845337,44.11536335,1212.7510
1.880000,4393505.276001,4259887.826065,1795785.184744,-15.242862,-13.794573,121.756321,0.99653628,0.01682036,0.08137282,0.00331325,0.00974548,-0.03766796,0.00012341,12.0289,1212.8977,109.8165,0.04317334,-0.00225611,0.357872,0.02796471,0.02530641,-0.02810982,-0.02545152,0.02796471,0.02530641,-0.02810982,-0.02545152,0.00000000,0.00000000,0.00000000,0.00000000,cmd,889.8820,2.6405,-74.7766,16.45846434,44.11536341,1212.8977
1.890000,4393505.123089,4259887.687729,1795786.405875,-15.339512,-13.872767,122.471388,0.99655086,0.01687008,0.08118404,0.00330642,0.01009370,-0.03809387,0.00001777,12.0247,1213.0452,111.0385,0.04282526,-0.00219618,0.359985,0.02698238,0.02462185,-0.02708031,-0.02471978,0.02796471,0.02530641,-0.02810982,-0.02545152,0.00000000,0.00000000,0.00000000,0.00000000,cmd,889.5801,2.5847,-75.1726,16.45847539,44.11536348,1213.0452
1.900000,4393504.969207,4259887.548607,1795787.634198,-15.437027,-13.951704,123.193201,0.99656581,0.01692090,0.08099006,0.00329834,0.01021145,-0.03976445,-0.00030438,12.0206,1213.1935,112.2678,0.04246946,-0.00213568,0.362101,0.02698238,0.02462185,-0.02708031,-0.02471978,0.02698238,0.02462185,-0.02708031,-0.02471978,0.00000000,0.00000000,0.00000000,0.00000000,cmd,899.0495,2.5963,-75.1481,16.45848649,44.11536354,1213.1935
1.910000,4393504.814349,4259887.408695,1795788.869739,-15.534495,-14.030663,123.914968,0.99658129,0.01697220,0.08078894,0.00328869,0.01032865,-0.04096043,-0.00054668,12.0164,1213.3427,113.5043,0.04210288,-0.00207340,0.364237,0.02698238,0.02462185,-0.02708031,-0.02471978,0.02698238,0.02462185,-0.02708031,-0.02471978,0.00000000,0.00000000,0.00000000,0.00000000,cmd,898.6502,2.5338,-75.5100,16.45849767,44.11536361,1213.3427
1.920000,4393504.658517,4259887.267993,1795790.112498,-15.631802,-14.109560,124.635341,0.99659711,0.01702403,0.08058312,0.00327790,0.01044532,-0.04165824,-0.00070611,12.0122,1213.4927,114.7481,0.04172159,-0.00200933,0.366374,0.02698238,0.02462185,-0.02708031,-0.02471978,0.02698238,0.02462185,-0.02708031,-0.02471978,0.00000000,0.00000000,0.00000000,0.00000000,cmd,898.2493,2.4669,-75.8402,16.45850891,44.11536368,1213.4927
1.930000,4393504.501713,4259887.126504,1795791.362446,-15.729094,-14.188524,125.355660,0.99661305,0.01707639,0.08037510,0.00326645,0.01056143,-0.04184184,-0.00078077,12.0081,1213.6436,115.9991,0.04133116,-0.00194433,0.368506,0.02698238,0.02462185,-0.02708031,-0.02471978,0.02698238,0.02462185,-0.02708031,-0.02471978,0.00000000,0.00000000,0.00000000,0.00000000,cmd,888.0781,2.3965,-76.1446,16.45852021,44.11536375,1213.6436
1.940000,4393504.343935,4259886.984223,1795792.619611,-15.826507,-14.267674,126.077268,0.99662890,0.01712932,0.08016747,0.00325479,0.01067701,-0.04149974,-0.00076978,12.0039,1213.7953,117.2575,0.04093641,-0.00187923,0.370638,0.02698238,0.02462185,-0.02708031,-0.02471978,0.02698238,0.02462185,-0.02708031,-0.02471978,0.00000000,0.00000000,0.00000000,0.00000000,cmd,897.4445,2.3240,-76.4320,16.45853158,44.11536382,1213.7953
1.950000,4393504.185180,4259886.841148,1795793.884018,-15.924444,-14.347347,126.804249,0.99664446,0.01718283,0.07996286,0.00324341,0.01079206,-0.04062744,-0.00067341,11.9997,1213.9479,118.5230,0.04054217,-0.00181486,0.372773,0.02597479,0.02409445,-0.02608925,-0.02420891,0.02698238,0.02462185,-0.02708031,-0.02471978,0.00000000,0.00000000,0.00000000,0.00000000,cmd,897.0391,2.2508,-76.7113,16.45854302,44.11536389,1213.9479
1.960000,4393504.025447,4259886.697277,1795795.155668,-16.022125,-14.426802,127.525697,0.99665982,0.01723707,0.07975989,0.00323142,0.01099121,-0.04084899,-0.00100106,11.9955,1214.1013,119.7959,0.04015246,-0.00175200,0.374925,0.02597479,0.02409445,-0.02608925,-0.02420891,0.02597479,0.02409445,-0.02608925,-0.02420891,0.00000000,0.00000000,0.00000000,0.00000000,cmd,896.6290,2.2995,-76.6102,16.45855452,44.11536396,1214.1013
1.970000,4393503.864738,4259886.552611,1795796.434532,-16.119793,-14.506338,128.247084,0.99667512,0.01729219,0.07955715,0.00321794,0.01118778,-0.04054314,-0.00124067,11.9913,1214.2556,121.0761,0.03977033,-0.00168829,0.377060,0.02497189,0.02348090,-0.02505125,-0.02356026,0.02597479,0.02409445,-0.02608925,-0.02420891,0.00000000,0.00000000,0.00000000,0.00000000,cmd,896.2205,2.2233,-76.8879,16.45856609,44.11536404,1214.2556
1.980000,4393503.703047,4259886.407147,1795797.720636,-16.218289,-14.586612,128.973797,0.99669049,0.01734766,0.07935279,0.00320237,0.01119787,-0.04151043,-0.00181100,11.9872,1214.4107,122.3635,0.03938876,-0.00162278,0.379196,0.02497189,0.02348090,-0.02505125,-0.02356026,0.02497189,0.02348090,-0.02505125,-0.02356026,0.00000000,0.00000000,0.00000000,0.00000000,cmd,895.8105,2.2430,-76.7286,16.45857772,44.11536411,1214.4107
1.990000,4393503.540375,4259886.260881,1795799.013981,-16.316238,-14.666546,129.695021,0.99670611,0.01740299,0.07914500,0.00318413,0.01121005,-0.04193358,-0.00228254,11.9830,1214.5666,123.6583,0.03900515,-0.00155362,0.381347,0.02497189,0.02348090,-0.02505125,-0.02356026,0.02497189,0.02348090,-0.02505125,-0.02356026,0.00000000,0.00000000,0.00000000,0.00000000,cmd,895.3959,2.1539,-76.9894,16.45858942,44.11536419,1214.5666
2.000000,4393503.376720,4259886.113813,1795800.314564,-16.414725,-14.747067,130.421614,0.99672174,0.01745822,0.07893652,0.00316379,0.01122427,-0.04179909,-0.00264897,11.9788,1214.7234,124.9604,0.03861652,-0.00148055,0.383482,0.02497189,0.02348090,-0.02505125,-0.02356026,0.02497189,0.02348090,-0.02505125,-0.02356026,0.00000000,0.00000000,0.00000000,0.00000000,cmd,895.0779,2.0560,-77.2241,16.45860119,44.11536427,1214.7234
2.010000,4393503.212083,4259885.965941,1795801.622386,-16.512802,-14.827391,131.144097,0.99673716,0.01751340,0.07873013,0.00314192,0.01124047,-0.04110152,-0.00290543,11.9746,1214.8810,126.2697,0.03822528,-0.00140450,0.385633,0.02497189,0.02348090,-0.02505125,-0.02356026,0.02497189,0.02348090,-0.02505125,-0.02356026,0.00000000,0.00000000,0.00000000,0.00000000,cmd,894.5653,1.9509,-77.4496,16.45861302,44.11536434,1214.8810
2.020000,4393503.046461,4259885.817262,1795802.937472,-16.611539,-14.908423,131.873255,0.99675216,0.01756856,0.07852864,0.00311914,0.01125859,-0.03984258,-0.00304862,11.9704,1215.0395,127.5864,0.03783987,-0.00132670,0.387772,0.02497189,0.02348090,-0.02505125,-0.02356026,0.02497189,0.02348090,-0.02505125,-0.02356026,0.00000000,0.00000000,0.00000000,0.00000000,cmd,904.0055,1.8403,-77.6685,16.45862492,44.11536442,1215.0395
2.030000,4393502.879855,4259885.667775,1795804.259823,-16.709702,-14.989128,132.596936,0.99676651,0.01762377,0.07833481,0.00309605,0.01127860,-0.03803357,-0.00307688,11.9662,1215.1988,128.9103,0.03746274,-0.00124818,0.389931,0.02405149,0.02292383,-0.02410475,-0.02297710,0.02497189,0.02348090,-0.02505125,-0.02356026,0.00000000,0.00000000,0.00000000,0.00000000,cmd,903.5666,1.7261,-77.8986,16.45863688,44.11536450,1215.1988
2.040000,4393502.712263,4259885.517476,1795805.589438,-16.808652,-15.070590,133.325856,0.99678036,0.01767862,0.07814693,0.00307218,0.01115388,-0.03745866,-0.00341282,11.9620,1215.3589,130.2416,0.03710278,-0.00117020,0.392073,0.02405149,0.02292383,-0.02410475,-0.02297710,0.02405149,0.02292383,-0.02410475,-0.02297710,0.00000000,0.00000000,0.00000000,0.00000000,cmd,903.1991,1.7109,-77.7238,16.45864891,44.11536458,1215.3589
2.050000,4393502.543682,4259885.366363,1795806.926340,-16.907536,-15.152159,134.054722,0.99679386,0.01773274,0.07796324,0.00304706,0.01103482,-0.03636149,-0.00362911,11.9578,1215.5199,131.5803,0.03675591,-0.00109110,0.394231,0.02297543,0.02196276,-0.02300648,-0.02199381,0.02405149,0.02292383,-0.02410475,-0.02297710,0.00000000,0.00000000,0.00000000,0.00000000,cmd,902.6317,1.5902,-77.9862,16.45866101,44.11536467,1215.5199
2.060000,4393502.374111,4259885.214431,1795808.270531,-17.006696,-15.234159,134.783430,0.99680730,0.01778587,0.07778015,0.00302090,0.01079365,-0.03722521,-0.00385987,11.9536,1215.6818,132.9262,0.03641736,-0.00101066,0.396390,0.02297543,0.02196276,-0.02300648,-0.02199381,0.02297543,0.02196276,-0.02300648,-0.02199381,0.00000000,0.00000000,0.00000000,0.00000000,cmd,902.2568,1.4972,-77.6684,16.45867317,44.11536475,1215.6818
2.070000,4393502.203548,4259885.061679,1795809.622009,-17.105782,-15.316275,135.512041,0.99682095,0.01783777,0.07759406,0.00299394,0.01056130,-0.03756637,-0.00396520,11.9494,1215.8444,134.2796,0.03608344,-0.00092927,0.398547,0.02297543,0.02196276,-0.02300648,-0.02199381,0.02297543,0.02196276,-0.02300648,-0.02199381,0.00000000,0.00000000,0.00000000,0.00000000,cmd,901.7821,1.3670,-77.9348,16.45868540,44.11536483,1215.8444
2.080000,4393502.031993,4259884.908103,1795810.980799,-17.205346,-15.398978,136.245988,0.99683462,0.01788851,0.07740759,0.00296686,0.01033754,-0.03737485,-0.00394426,11.9451,1216.0079,135.6403,0.03574345,-0.00084770,0.400705,0.02297543,0.02196276,-0.02300648,-0.02199381,0.02297543,0.02196276,-0.02300648,-0.02199381,0.00000000,0.00000000,0.00000000,0.00000000,cmd,901.4039,1.2338,-78.1853,16.45869769,44.11536492,1216.0079
2.090000,4393501.859444,4259884.753701,1795812.346901,-17.304287,-15.481334,136.974410,0.99684809,0.01793819,0.07722340,0.00294031,0.01012215,-0.03664754,-0.00379809,11.9409,1216.1722,137.0083,0.03540127,-0.00076717,0.402878,0.02297543,0.02196276,-0.02300648,-0.02199381,0.02297543,0.02196276,-0.02300648,-0.02199381,0.00000000,0.00000000,0.00000000,0.00000000,cmd,900.8218,1.0998,-78.4393,16.45871006,44.11536500,1216.1722
2.100000,4393501.685907,4259884.598476,1795813.720287,-17.403152,-15.563801,137.702730,0.99686116,0.01798687,0.07704414,0.00291497,0.00991492,-0.03539016,-0.00352976,11.9367,1216.3374,138.3837,0.03506511,-0.00068899,0.405035,0.02297543,0.02196276,-0.02300648,-0.02199381,0.02297543,0.02196276,-0.02300648,-0.02199381,0.00000000,0.00000000,0.00000000,0.00000000,cmd,900.3399,0.9672,-78.6874,16.45872249,44.11536509,1216.3374
2.110000,4393501.511379,4259884.442423,1795815.100983,-17.502620,-15.646947,138.437752,0.99687363,0.01803465,0.07687240,0.00289148,0.00971563,-0.03361560,-0.00314427,11.9324,1216.5034,139.7665,0.03473883,-0.00061431,0.407192,0.02229291,0.02171563,-0.02227832,-0.02170104,0.02297543,0.02196276,-0.02300648,-0.02199381,0.00000000,0.00000000,0.00000000,0.00000000,cmd,899.9559,0.8385,-78.9503,16.45873498,44.11536518,1216.5034
2.120000,4393501.335857,4259884.285539,1795816.489014,-17.601667,-15.729774,139.167170,0.99688555,0.01808079,0.07670760,0.00286906,0.00924305,-0.03260092,-0.00320431,11.9282,1216.6703,141.1567,0.03442575,-0.00054422,0.409369,0.02229291,0.02171563,-0.02227832,-0.02170104,0.02229291,0.02171563,-0.02227832,-0.02170104,0.00000000,0.00000000,0.00000000,0.00000000,cmd,909.2165,0.8484,-78.9456,16.45874754,44.11536527,1216.6703
2.130000,4393501.159343,4259884.127825,1795817.884353,-17.701002,-15.812998,139.900511,0.99689700,0.01812460,0.07654905,0.00284690,0.00878588,-0.03110501,-0.00315339,11.9240,1216.8379,142.5542,0.03412927,-0.00047633,0.411529,0.02229291,0.02171563,-0.02227832,-0.02170104,0.02229291,0.02171563,-0.02227832,-0.02170104,0.00000000,0.00000000,0.00000000,0.00000000,cmd,898.9755,0.7271,-79.2541,16.45876017,44.11536536,1216.8379
2.140000,4393500.981837,4259883.969279,1795819.287024,-17.800190,-15.896242,140.633739,0.99690781,0.01816617,0.07639911,0.00282561,0.00834371,-0.02914442,-0.00299323,11.9197,1217.0065,143.9592,0.03384373,-0.00040976,0.413701,0.02229291,0.02171563,-0.02227832,-0.02170104,0.02229291,0.02171563,-0.02227832,-0.02170104,0.00000000,0.00000000,0.00000000,0.00000000,cmd,898.3791,0.6059,-79.5797,16.45877287,44.11536545,1217.0065
2.150000,4393500.803343,4259883.809902,1795820.697000,-17.898793,-15.979122,141.362817,0.99691780,0.01820563,0.07626002,0.00280574,0.00791616,-0.02674607,-0.00272742,11.9155,1217.1758,145.3715,0.03357468,-0.00034557,0.415872,0.02229291,0.02171563,-0.02227832,-0.02170104,0.02229291,0.02171563,-0.02227832,-0.02170104,0.00000000,0.00000000,0.00000000,0.00000000,cmd,897.9838,0.4870,-79.9291,16.45878563,44.11536554,1217.1758
2.160000,4393500.623859,4259883.649694,1795822.114307,-17.997752,-16.062428,142.097191,0.99692680,0.01824308,0.07613387,0.00278784,0.00750281,-0.02394239,-0.00236135,11.9112,1217.3460,146.7912,0.03332733,-0.00028481,0.418031,0.02093107,0.02084857,-0.02088254,-0.02080005,0.02229291,0.02171563,-0.02227832,-0.02170104,0.00000000,0.00000000,0.00000000,0.00000000,cmd,907.2348,0.3725,-80.3089,16.45879846,44.11536563,1217.3460
2.170000,4393500.443389,4259883.488655,1795823.538916,-18.096577,-16.145631,142.827337,0.99693529,0.01827796,0.07601491,0.00277066,0.00688210,-0.02386203,-0.00257063,11.9070,1217.5170,148.2183,0.03310333,-0.00022842,0.420206,0.02093107,0.02084857,-0.02088254,-0.02080005,0.02093107,0.02084857,-0.02088254,-0.02080005,0.00000000,0.00000000,0.00000000,0.00000000,cmd,896.9844,0.4240,-80.0058,16.45881135,44.11536572,1217.5170
2.180000,4393500.261926,4259883.326779,1795824.970881,-18.195862,-16.229340,143.564208,0.99694372,0.01830973,0.07589725,0.00275294,0.00628133,-0.02342012,-0.00268281,11.9027,1217.6889,149.6527,0.03289721,-0.00017308,0.422368,0.02093107,0.02084857,-0.02088254,-0.02080005,0.02093107,0.02084857,-0.02088254,-0.02080005,0.00000000,0.00000000,0.00000000,0.00000000,cmd,916.0772,0.3156,-80.4596,16.45882431,44.11536582,1217.6889
2.190000,4393500.079472,4259883.164068,1795826.410200,-18.294758,-16.312830,144.299619,0.99695196,0.01833852,0.07578269,0.00273519,0.00569996,-0.02261679,-0.00269694,11.8985,1217.8616,151.0946,0.03269026,-0.00011737,0.424550,0.02059888,0.02079827,-0.02053378,-0.02073317,0.02093107,0.02084857,-0.02088254,-0.02080005,0.00000000,0.00000000,0.00000000,0.00000000,cmd,905.8215,0.2043,-80.9146,16.45883734,44.11536591,1217.8616
2.200000,4393499.896031,4259883.000523,1795827.856873,-18.393527,-16.396238,145.034908,0.99695997,0.01836411,0.07567163,0.00271692,0.00502568,-0.02202184,-0.00300768,11.8942,1218.0352,152.5439,0.03248802,-0.00006225,0.426728,0.02059888,0.02079827,-0.02053378,-0.02073317,0.02059888,0.02079827,-0.02053378,-0.02073317,0.00000000,0.00000000,0.00000000,0.00000000,cmd,905.3101,0.1861,-81.2393,16.45885044,44.11536601,1218.0352
2.210000,4393499.711603,4259882.836144,1795829.310898,-18.492165,-16.479659,145.771455,0.99696775,0.01838628,0.07556441,0.00269769,0.00437311,-0.02107705,-0.00321584,11.8899,1218.2095,154.0006,0.03229164,-0.00000622,0.428905,0.02059888,0.02079827,-0.02053378,-0.02073317,0.02059888,0.02079827,-0.02053378,-0.02073317,0.00000000,0.00000000,0.00000000,0.00000000,cmd,904.7964,0.0697,-81.7046,16.45886360,44.11536610,1218.2095
2.220000,4393499.526188,4259882.670930,1795830.772301,-18.590656,-16.563084,146.509260,0.99697515,0.01840518,0.07546277,0.00267802,0.00374161,-0.01979094,-0.00331878,11.8857,1218.3848,155.4647,0.03210072,0.00005111,0.431086,0.02059888,0.02079827,-0.02053378,-0.02073317,0.02059888,0.02079827,-0.02053378,-0.02073317,0.00000000,0.00000000,0.00000000,0.00000000,cmd,914.1268,-0.0517,-82.1781,16.45887683,44.11536620,1218.3848
2.230000,4393499.339791,4259882.504883,1795832.241082,-18.688695,-16.646249,147.245589,0.99698205,0.01842094,0.07536836,0.00265847,0.00313056,-0.01817957,-0.00331581,11.8814,1218.5609,156.9363,0.03191864,0.00010870,0.433270,0.02059888,0.02079827,-0.02053378,-0.02073317,0.02059888,0.02079827,-0.02053378,-0.02073317,0.00000000,0.00000000,0.00000000,0.00000000,cmd,913.6059,-0.1759,-82.6673,16.45889013,44.11536630,1218.5609
2.240000,4393499.152415,4259882.338005,1795833.717213,-18.786408,-16.729261,147.981873,0.99698834,0.01843371,0.07528273,0.00263959,0.00253940,-0.01626639,-0.00320819,11.8771,1218.7379,158.4153,0.03174919,0.00016550,0.435450,0.02059888,0.02079827,-0.02053378,-0.02073317,0.02059888,0.02079827,-0.02053378,-0.02073317,0.00000000,0.00000000,0.00000000,0.00000000,cmd,903.2370,-0.3006,-83.1777,16.45890350,44.11536640,1218.7379
2.250000,4393498.964064,4259882.170298,1795835.200719,-18.883756,-16.812074,148.718007,0.99699389,0.01844361,0.07520731,0.00262190,0.00196752,-0.01407850,-0.00299917,11.8728,1218.9157,159.9017,0.03159502,0.00022047,0.437630,0.01995855,0.02029786,-0.01986405,-0.02020337,0.02059888,0.02079827,-0.02053378,-0.02073317,0.00000000,0.00000000,0.00000000,0.00000000,cmd,912.5588,-0.4235,-83.7178,16.45891693,44.11536650,1218.9157
2.260000,4393498.774737,4259882.001761,1795836.691600,-18.981557,-16.895374,149.459470,0.99699896,0.01845021,0.07513898,0.00260536,0.00120246,-0.01341372,-0.00290278,11.8686,1219.0943,161.3956,0.03145877,0.00027264,0.439809,0.01995855,0.02029786,-0.01986405,-0.02020337,0.01995855,0.02029786,-0.01986405,-0.02020337,0.00000000,0.00000000,0.00000000,0.00000000,cmd,902.2936,-0.4926,-83.8776,16.45893043,44.11536660,1219.0943
2.270000,4393498.584437,4259881.832394,1795838.189881,-19.078533,-16.978060,150.196784,0.99700381,0.01845310,0.07507453,0.00258990,0.00046228,-0.01251564,-0.00271276,11.8643,1219.2739,162.8968,0.03133511,0.00032233,0.442004,0.01945920,0.02010983,-0.01934656,-0.01999720,0.01995855,0.02029786,-0.01986405,-0.02020337,0.00000000,0.00000000,0.00000000,0.00000000,cmd,911.4983,-0.6083,-84.4881,16.45894399,44.11536670,1219.2739
2.280000,4393498.393164,4259881.662198,1795839.695563,-19.175888,-17.061071,150.939462,0.99700854,0.01845203,0.07501240,0.00257475,-0.00038736,-0.01248045,-0.00290898,11.8600,1219.4543,164.4056,0.03121711,0.00036940,0.444186,0.01945920,0.02010983,-0.01934656,-0.01999720,0.01945920,0.02010983,-0.01934656,-0.01999720,0.00000000,0.00000000,0.00000000,0.00000000,cmd,911.0739,-0.6068,-84.8481,16.45895763,44.11536680,1219.4543
2.290000,4393498.200920,4259881.491173,1795841.208670,-19.272826,-17.143821,151.682022,0.99701330,0.01844672,0.07495101,0.00255919,-0.00120930,-0.01221475,-0.00301267,11.8557,1219.6356,165.9218,0.03110101,0.00041592,0.446384,0.01945920,0.02010983,-0.01934656,-0.01999720,0.01945920,0.02010983,-0.01934656,-0.01999720,0.00000000,0.00000000,0.00000000,0.00000000,cmd,910.5352,-0.7198,-85.4754,16.45897133,44.11536690,1219.6356
2.300000,4393498.007712,4259881.319325,1795842.729175,-19.368627,-17.225694,152.417623,0.99701798,0.01843737,0.07489153,0.00254368,-0.00200434,-0.01171658,-0.00302321,11.8514,1219.8178,167.4455,0.03098340,0.00046273,0.448581,0.01945920,0.02010983,-0.01934656,-0.01999720,0.01945920,0.02010983,-0.01934656,-0.01999720,0.00000000,0.00000000,0.00000000,0.00000000,cmd,909.8847,-0.8354,-86.0978,16.45898509,44.11536700,1219.8178
2.310000,4393497.813546,4259881.146658,1795844.257049,-19.464577,-17.307799,153.158558,0.99702250,0.01842412,0.07483509,0.00252870,-0.00277330,-0.01098875,-0.00294183,11.8471,1220.0008,168.9766,0.03086803,0.00050893,0.450758,0.01945920,0.02010983,-0.01934656,-0.01999720,0.01945920,0.02010983,-0.01934656,-0.01999720,0.00000000,0.00000000,0.00000000,0.00000000,cmd,899.6124,-0.9513,-86.7156,16.45899893,44.11536711,1220.0008
2.320000,4393497.618422,4259880.973170,1795845.792346,-19.560244,-17.389758,153.900804,0.99702677,0.01840713,0.07478282,0.00251471,-0.00351706,-0.01003551,-0.00277169,11.8428,1220.1847,170.5151,0.03075473,0.00055357,0.452950,0.01945920,0.02010983,-0.01934656,-0.01999720,0.01945920,0.02010983,-0.01934656,-0.01999720,0.00000000,0.00000000,0.00000000,0.00000000,cmd,908.9108,-1.0656,-87.3433,16.45901283,44.11536721,1220.1847
2.330000,4393497.422343,4259880.798864,1795847.335065,-19.655469,-17.471425,154.642942,0.99703071,0.01838657,0.07473581,0.00250215,-0.00423642,-0.00886799,-0.00251773,11.8385,1220.3696,172.0612,0.03064654,0.00059580,0.455146,0.01926121,0.01998682,-0.01913293,-0.01985854,0.01945920,0.02010983,-0.01934656,-0.01999720,0.00000000,0.00000000,0.00000000,0.00000000,cmd,908.2518,-1.1760,-87.9834,16.45902680,44.11536732,1220.3696
2.340000,4393497.225314,4259880.623742,1795848.885205,-19.750334,-17.552841,155.384974,0.99703434,0.01836224,0.07469372,0.00249112,-0.00505506,-0.00805502,-0.00230858,11.8342,1220.5553,173.6147,0.03054586,0.00063481,0.457341,0.01926121,0.01998682,-0.01913293,-0.01985854,0.01926121,0.01998682,-0.01913293,-0.01985854,0.00000000,0.00000000,0.00000000,0.00000000,cmd,907.8121,-1.2514,-88.5098,16.45904084,44.11536743,1220.5553
2.350000,4393497.027338,4259880.447808,1795850.442764,-19.844736,-17.633924,156.126900,0.99703770,0.01833398,0.07465612,0.00248170,-0.00584665,-0.00705279,-0.00202771,11.8299,1220.7419,175.1756,0.03045259,0.00067061,0.459536,0.01891812,0.01988958,-0.01877828,-0.01974973,0.01926121,0.01998682,-0.01913293,-0.01985854,0.00000000,0.00000000,0.00000000,0.00000000,cmd,907.2591,-1.3500,-89.1845,16.45905495,44.11536753,1220.7419
2.360000,4393496.828420,4259880.271064,1795852.007742,-19.938827,-17.714708,156.868698,0.99704086,0.01830164,0.07462205,0.00247320,-0.00670489,-0.00663205,-0.00209071,11.8256,1220.9295,176.7441,0.03036511,0.00070295,0.461730,0.01891812,0.01988958,-0.01877828,-0.01974973,0.01891812,0.01988958,-0.01877828,-0.01974973,0.00000000,0.00000000,0.00000000,0.00000000,cmd,906.7038,-1.3441,-89.6940,16.45906912,44.11536764,1220.9295
2.370000,4393496.628563,4259880.093515,1795853.580138,-20.032438,-17.795134,157.610389,0.99704391,0.01826508,0.07459050,0.00246491,-0.00753458,-0.00603577,-0.00208784,11.8213,1221.1179,178.3200,0.03028233,0.00073374,0.463923,0.01891812,0.01988958,-0.01877828,-0.01974973,0.01891812,0.01988958,-0.01877828,-0.01974973,0.00000000,0.00000000,0.00000000,0.00000000,cmd,906.1462,-1.4338,-90.3949,16.45908336,44.11536775,1221.1179
2.380000,4393496.427778,4259879.915168,1795855.159895,-20.124122,-17.873948,158.338280,0.99704678,0.01822445,0.07456235,0.00245716,-0.00833661,-0.00527020,-0.00202059,11.8169,1221.3073,179.9033,0.03020125,0.00076386,0.466116,0.01891812,0.01988958,-0.01877828,-0.01974973,0.01891812,0.01988958,-0.01877828,-0.01974973,0.00000000,0.00000000,0.00000000,0.00000000,cmd,905.5862,-1.5232,-91.1001,16.45909767,44.11536786,1221.3073
2.390000,4393496.226076,4259879.736032,1795856.746959,-20.216773,-17.953653,159.079940,0.99704940,0.01817992,0.07453839,0.00245028,-0.00911183,-0.00434542,-0.00189186,11.8126,1221.4976,181.4941,0.03012620,0.00079276,0.468268,0.01891812,0.01988958,-0.01877828,-0.01974973,0.01891812,0.01988958,-0.01877828,-0.01974973,0.00000000,0.00000000,0.00000000,0.00000000,cmd,885.6966,-1.6105,-91.8037,16.45911204,44.11536797,1221.4976
2.400000,4393496.023442,4259879.556094,1795858.341520,-20.309761,-18.033697,159.829580,0.99705172,0.01813164,0.07451941,0.00244455,-0.00986142,-0.00326479,-0.00170613,11.8083,1221.6888,183.0922,0.03005354,0.00081968,0.470461,0.01891812,0.01988958,-0.01877828,-0.01974973,0.01891812,0.01988958,-0.01877828,-0.01974973,0.00000000,0.00000000,0.00000000,0.00000000,cmd,924.1473,-1.6943,-92.5308,16.45912648,44.11536808,1221.6888
2.410000,4393495.819883,4259879.375360,1795859.943550,-20.402088,-18.113203,160.577818,0.99705366,0.01807974,0.07450614,0.00244026,-0.01058622,-0.00204430,-0.00146895,11.8039,1221.8809,184.6979,0.02998584,0.00084411,0.472676,0.01891812,0.01988958,-0.01877828,-0.01974973,0.01891812,0.01988958,-0.01877828,-0.01974973,0.00000000,0.00000000,0.00000000,0.00000000,cmd,904.0109,-1.7731,-93.2812,16.45914099,44.11536819,1221.8809
2.420000,4393495.615402,4259879.193831,1795861.553076,-20.494018,-18.192386,161.327326,0.99705519,0.01802437,0.07449924,0.00243765,-0.01128711,-0.00070082,-0.00118705,11.7996,1222.0740,186.3110,0.02992625,0.00086561,0.474887,0.01891812,0.01988958,-0.01877828,-0.01974973,0.01891812,0.01988958,-0.01877828,-0.01974973,0.00000000,0.00000000,0.00000000,0.00000000,cmd,913.2746,-1.8453,-94.0518,16.45915557,44.11536830,1222.0740
2.430000,4393495.410004,4259879.011513,1795863.170096,-20.585382,-18.271084,162.076664,0.99705624,0.01796566,0.07449927,0.00243693,-0.01196492,0.00074470,-0.00086818,11.7952,1222.2681,187.9317,0.02987547,0.00088375,0.477102,0.01829386,0.01967889,-0.01814517,-0.01953021,0.01891812,0.01988958,-0.01877828,-0.01974973,0.00000000,0.00000000,0.00000000,0.00000000,cmd,912.6965,-1.9098,-94.8485,16.45917021,44.11536841,1222.2681
2.440000,4393495.203694,4259878.828411,1795864.794609,-20.676494,-18.349399,162.825919,0.99705710,0.01790341,0.07450286,0.00243633,-0.01269755,0.00073118,-0.00126642,11.7909,1222.4631,189.5599,0.02983472,0.00089817,0.479316,0.01829386,0.01967889,-0.01814517,-0.01953021,0.01829386,0.01967889,-0.01814517,-0.01953021,0.00000000,0.00000000,0.00000000,0.00000000,cmd,912.1161,-1.7874,-95.3106,16.45918493,44.11536853,1222.4631
2.450000,4393494.996476,4259878.644527,1795866.426614,-20.767016,-18.427211,163.575052,0.99705800,0.01783743,0.07450663,0.00243411,-0.01340584,0.00080580,-0.00162464,11.7865,1222.6591,191.1957,0.02979892,0.00091325,0.481529,0.01829386,0.01967889,-0.01814517,-0.01953021,0.01829386,0.01967889,-0.01814517,-0.01953021,0.00000000,0.00000000,0.00000000,0.00000000,cmd,911.5333,-1.8466,-96.1536,16.45919971,44.11536864,1222.6591
2.460000,4393494.788359,4259878.459871,1795868.066082,-20.856367,-18.504031,164.318568,0.99705893,0.01776785,0.07451102,0.00243049,-0.01409062,0.00097580,-0.00193577,11.7822,1222.8561,192.8390,0.02975936,0.00093139,0.483741,0.01829386,0.01967889,-0.01814517,-0.01953021,0.01829386,0.01967889,-0.01814517,-0.01953021,0.00000000,0.00000000,0.00000000,0.00000000,cmd,910.8311,-1.9147,-96.9891,16.45921456,44.11536875,1222.8561
2.470000,4393494.579348,4259878.274446,1795869.713013,-20.945556,-18.580747,165.066123,0.99705983,0.01769481,0.07451653,0.00242572,-0.01475273,0.00124730,-0.00219391,11.7779,1223.0540,194.4897,0.02971805,0.00095213,0.485937,0.01829386,0.01967889,-0.01814517,-0.01953021,0.01829386,0.01967889,-0.01814517,-0.01953021,0.00000000,0.00000000,0.00000000,0.00000000,cmd,910.3650,-1.9906,-97.8151,16.45922947,44.11536887,1223.0540
2.480000,4393494.369450,4259878.088257,1795871.367404,-21.034141,-18.656986,165.813567,0.99706066,0.01761842,0.07452367,0.00242008,-0.01539301,0.00162387,-0.00239441,11.7735,1223.2530,196.1480,0.02967428,0.00097489,0.488144,0.01829386,0.01967889,-0.01814517,-0.01953021,0.01829386,0.01967889,-0.01814517,-0.01953021,0.00000000,0.00000000,0.00000000,0.00000000,cmd,899.9412,-2.0732,-98.6418,16.45924446,44.11536899,1223.2530
2.490000,4393494.158667,4259877.901308,1795873.029284,-21.122257,-18.732872,166.562276,0.99706138,0.01753883,0.07453295,0.00241386,-0.01601228,0.00210769,-0.00253408,11.7692,1223.4529,197.8137,0.02962989,0.00099910,0.490351,0.01829386,0.01967889,-0.01814517,-0.01953021,0.01829386,0.01967889,-0.01814517,-0.01953021,0.00000000,0.00000000,0.00000000,0.00000000,cmd,909.1852,-2.1609,-99.4688,16.45925951,44.11536910,1223.4529
2.500000,4393493.947007,4259877.713601,1795874.698649,-21.209598,-18.808143,167.309423,0.99706196,0.01745616,0.07454492,0.00240738,-0.01661131,0.00269707,-0.00261116,11.7648,1223.6538,199.4869,0.02958571,0.00102414,0.492560,0.01829386,0.01967889,-0.01814517,-0.01953021,0.01829386,0.01967889,-0.01814517,-0.01953021,0.00000000,0.00000000,0.00000000,0.00000000,cmd,908.5907,-2.2520,-100.3001,16.45927463,44.11536922,1223.6538
2.510000,4393493.734480,4259877.525149,1795876.375444,-21.295735,-18.882428,168.050985,0.99706233,0.01737053,0.07456007,0.00240094,-0.01719079,0.00338525,-0.00262532,11.7605,1223.8558,201.1677,0.02954331,0.00104941,0.494765,0.01819618,0.01957605,-0.01804117,-0.01942105,0.01829386,0.01967889,-0.01814517,-0.01953021,0.00000000,0.00000000,0.00000000,0.00000000,cmd,898.1614,-2.3450,-101.1366,16.45928982,44.11536934,1223.8558
2.520000,4393493.521091,4259877.335952,1795878.059696,-21.382008,-18.956904,168.799303,0.99706256,0.01728190,0.07457785,0.00239488,-0.01781116,0.00375821,-0.00256795,11.7562,1224.0587,202.8559,0.02950442,0.00107431,0.496953,0.01819618,0.01957605,-0.01804117,-0.01942105,0.01819618,0.01957605,-0.01804117,-0.01942105,0.00000000,0.00000000,0.00000000,0.00000000,cmd,907.2816,-2.4403,-101.8817,16.45930507,44.11536946,1224.0587
2.530000,4393493.306845,4259877.146015,1795879.751403,-21.467053,-19.030368,169.541979,0.99706267,0.01719026,0.07459772,0.00238952,-0.01841115,0.00422623,-0.00245240,11.7518,1224.2627,204.5515,0.02946623,0.00109808,0.499161,0.01819618,0.01957605,-0.01804117,-0.01942105,0.01819618,0.01957605,-0.01804117,-0.01942105,0.00000000,0.00000000,0.00000000,0.00000000,cmd,906.6798,-2.5314,-102.7371,16.45932039,44.11536957,1224.2627
2.540000,4393493.091752,4259876.955346,1795881.450535,-21.551287,-19.103174,170.283087,0.99706263,0.01709572,0.07462014,0.00238514,-0.01899171,0.00479063,-0.00228338,11.7475,1224.4677,206.2547,0.02942929,0.00112018,0.501352,0.01819618,0.01957605,-0.01804117,-0.01942105,0.01819618,0.01957605,-0.01804117,-0.01942105,0.00000000,0.00000000,0.00000000,0.00000000,cmd,906.0802,-2.6188,-103.6058,16.45933578,44.11536969,1224.4677
2.550000,4393492.875822,4259876.763953,1795883.157064,-21.634720,-19.175322,171.022763,0.99706239,0.01699841,0.07464558,0.00238198,-0.01955357,0.00544688,-0.00206685,11.7432,1224.6738,207.9653,0.02939379,0.00114007,0.503537,0.01764965,0.01939588,-0.01749866,-0.01924490,0.01819618,0.01957605,-0.01804117,-0.01942105,0.00000000,0.00000000,0.00000000,0.00000000,cmd,895.6479,-2.7011,-104.4884,16.45935124,44.11536981,1224.6738
2.560000,4393492.659058,4259876.571841,1795884.870989,-21.717791,-19.247027,171.762209,0.99706221,0.01689838,0.07467080,0.00237834,-0.02005797,0.00470400,-0.00255408,11.7389,1224.8808,209.6832,0.02936063,0.00115728,0.505718,0.01764965,0.01939588,-0.01749866,-0.01924490,0.01764965,0.01939588,-0.01749866,-0.01924490,0.00000000,0.00000000,0.00000000,0.00000000,cmd,895.0466,-2.5988,-105.0288,16.45936676,44.11536994,1224.8808
2.570000,4393492.441468,4259876.379014,1795886.592308,-21.800197,-19.318210,172.501529,0.99706233,0.01679572,0.07469263,0.00237253,-0.02054669,0.00407775,-0.00298526,11.7346,1225.0890,211.4086,0.02932474,0.00117601,0.507899,0.01764965,0.01939588,-0.01749866,-0.01924490,0.01764965,0.01939588,-0.01749866,-0.01924490,0.00000000,0.00000000,0.00000000,0.00000000,cmd,894.4432,-2.6809,-105.9166,16.45938235,44.11537006,1225.0890
2.580000,4393492.223057,4259876.185478,1795888.321019,-21.881947,-19.388902,173.240719,0.99706268,0.01669051,0.07471172,0.00236487,-0.02102034,0.00359550,-0.00335070,11.7303,1225.2981,213.1414,0.02927814,0.00119855,0.510078,0.01764965,0.01939588,-0.01749866,-0.01924490,0.01764965,0.01939588,-0.01749866,-0.01924490,0.00000000,0.00000000,0.00000000,0.00000000,cmd,893.8376,-2.7755,-106.7744,16.45939801,44.11537018,1225.2981
2.590000,4393492.003831,4259875.991238,1795890.057122,-21.963043,-19.459120,173.979704,0.99706322,0.01658286,0.07472883,0.00235571,-0.02147952,0.00328059,-0.00364246,11.7260,1225.5084,214.8816,0.02922235,0.00122424,0.512257,0.01764965,0.01939588,-0.01749866,-0.01924490,0.01764965,0.01939588,-0.01749866,-0.01924490,0.00000000,0.00000000,0.00000000,0.00000000,cmd,893.2297,-2.8808,-107.6060,16.45941374,44.11537030,1225.5084
2.600000,4393491.783801,4259875.796300,1795891.800585,-22.042773,-19.528259,174.711611,0.99706387,0.01647287,0.07474484,0.00234544,-0.02192477,0.00315049,-0.00385456,11.7217,1225.7196,216.6291,0.02915910,0.00125233,0.514434,0.01764965,0.01939588,-0.01749866,-0.01924490,0.01764965,0.01939588,-0.01749866,-0.01924490,0.00000000,0.00000000,0.00000000,0.00000000,cmd,892.6197,-2.9948,-108.4158,16.45942953,44.11537042,1225.7196
2.610000,4393491.562975,4259875.600672,1795893.551381,-22.122452,-19.597478,175.448965,0.99706455,0.01636062,0.07476069,0.00233448,-0.02235661,0.00321747,-0.00398318,11.7175,1225.9320,218.3841,0.02909148,0.00128207,0.516591,0.01741196,0.01913695,-0.01727063,-0.01899562,0.01764965,0.01939588,-0.01749866,-0.01924490,0.00000000,0.00000000,0.00000000,0.00000000,cmd,882.0602,-3.1150,-109.2030,16.45944539,44.11537055,1225.9320
2.620000,4393491.341356,4259875.404354,1795895.309536,-22.201051,-19.665919,176.180533,0.99706539,0.01624649,0.07477474,0.00232332,-0.02267504,0.00242937,-0.00398131,11.7132,1226.1454,220.1463,0.02901941,0.00131252,0.518763,0.01741196,0.01913695,-0.01727063,-0.01899562,0.01741196,0.01913695,-0.01727063,-0.01899562,0.00000000,0.00000000,0.00000000,0.00000000,cmd,891.2754,-3.2501,-109.7342,16.45946131,44.11537067,1226.1454
2.630000,4393491.118956,4259875.207355,1795897.074991,-22.278894,-19.733831,176.910564,0.99706649,0.01613081,0.07478543,0.00231243,-0.02298535,0.00187747,-0.00389713,11.7089,1226.3599,221.9159,0.02894275,0.00134267,0.520918,0.01705065,0.01906243,-0.01691709,-0.01892887,0.01741196,0.01913695,-0.01727063,-0.01899562,0.00000000,0.00000000,0.00000000,0.00000000,cmd,880.8363,-3.3744,-110.4953,16.45947730,44.11537080,1226.3599
2.640000,4393490.895779,4259875.009678,1795898.847746,-22.356369,-19.801411,177.640410,0.99706794,0.01601376,0.07479164,0.00230061,-0.02320536,0.00063557,-0.00436450,11.7047,1226.5755,223.6928,0.02885667,0.00137149,0.523068,0.01705065,0.01906243,-0.01691709,-0.01892887,0.01705065,0.01906243,-0.01691709,-0.01892887,0.00000000,0.00000000,0.00000000,0.00000000,cmd,880.2246,-3.3459,-110.9999,16.45949336,44.11537092,1226.5755
2.650000,4393490.671831,4259874.811328,1795900.627799,-22.433120,-19.868519,178.368633,0.99706980,0.01589547,0.07479244,0.00228669,-0.02342145,-0.00030023,-0.00473811,11.7004,1226.7922,225.4770,0.02875994,0.00140207,0.525217,0.01705065,0.01906243,-0.01691709,-0.01892887,0.01705065,0.01906243,-0.01691709,-0.01892887,0.00000000,0.00000000,0.00000000,0.00000000,cmd,879.6108,-3.4759,-111.6950,16.45950948,44.11537105,1226.7922
2.660000,4393490.447119,4259874.612309,1795902.415119,-22.509326,-19.935332,179.096739,0.99707196,0.01577600,0.07478943,0.00227117,-0.02363375,-0.00089612,-0.00500936,11.6962,1227.0099,227.2685,0.02865008,0.00143594,0.527362,0.01705065,0.01906243,-0.01691709,-0.01892887,0.01705065,0.01906243,-0.01691709,-0.01892887,0.00000000,0.00000000,0.00000000,0.00000000,cmd,869.1696,-3.6180,-112.3433,16.45952567,44.11537117,1227.0099
2.670000,4393490.221649,4259874.412624,1795904.209705,-22.584562,-20.001492,179.820508,0.99707428,0.01565540,0.07478437,0.00225462,-0.02384242,-0.00112714,-0.00517274,11.6920,1227.2288,229.0672,0.02853035,0.00147205,0.529505,0.01705065,0.01906243,-0.01691709,-0.01892887,0.01705065,0.01906243,-0.01691709,-0.01892887,0.00000000,0.00000000,0.00000000,0.00000000,cmd,878.2522,-3.7692,-112.9563,16.45954192,44.11537130,1227.2288
2.680000,4393489.995426,4259874.212277,1795906.011556,-22.659842,-20.067898,180.549591,0.99707662,0.01553373,0.07477910,0.00223760,-0.02404761,-0.00097916,-0.00522587,11.6877,1227.4487,230.8732,0.02840514,0.00150937,0.531636,0.01705065,0.01906243,-0.01691709,-0.01892887,0.01705065,0.01906243,-0.01691709,-0.01892887,0.00000000,0.00000000,0.00000000,0.00000000,cmd,877.7639,-3.9258,-113.5417,16.45955824,44.11537143,1227.4487
2.690000,4393489.768456,4259874.011270,1795907.820669,-22.733878,-20.133421,181.271625,0.99707883,0.01541105,0.07477552,0.00222069,-0.02424947,-0.00044935,-0.00516964,11.6835,1227.6697,232.6865,0.02827675,0.00154669,0.533782,0.01638932,0.01869519,-0.01625613,-0.01856200,0.01705065,0.01906243,-0.01691709,-0.01892887,0.00000000,0.00000000,0.00000000,0.00000000,cmd,877.1417,-4.0846,-114.1199,16.45957462,44.11537156,1227.6697
2.700000,4393489.540745,4259873.809606,1795909.637015,-22.808397,-20.199447,181.998942,0.99708123,0.01528729,0.07476949,0.00220265,-0.02444393,-0.00196429,-0.00569097,11.6792,1227.8918,234.5070,0.02815099,0.00158304,0.535907,0.01638932,0.01869519,-0.01625613,-0.01856200,0.01638932,0.01869519,-0.01625613,-0.01856200,0.00000000,0.00000000,0.00000000,0.00000000,cmd,866.6988,-4.0790,-114.1244,16.45959107,44.11537168,1227.8918
2.710000,4393489.312290,4259873.607281,1795911.460647,-22.882401,-20.265260,182.726066,0.99708411,0.01516241,0.07475699,0.00218229,-0.02463554,-0.00304838,-0.00608889,11.6750,1228.1151,236.3347,0.02802025,0.00162142,0.538048,0.01595358,0.01837217,-0.01582348,-0.01824206,0.01638932,0.01869519,-0.01625613,-0.01856200,0.00000000,0.00000000,0.00000000,0.00000000,cmd,875.7692,-4.2466,-114.6894,16.45960759,44.11537181,1228.1151
2.720000,4393489.083098,4259873.404300,1795913.291536,-22.956066,-20.331005,183.451552,0.99708766,0.01503652,0.07473575,0.00215954,-0.02478911,-0.00547311,-0.00662070,11.6707,1228.3394,238.1696,0.02787486,0.00166330,0.540188,0.01595358,0.01837217,-0.01582348,-0.01824206,0.01595358,0.01837217,-0.01582348,-0.01824206,0.00000000,0.00000000,0.00000000,0.00000000,cmd,865.4473,-4.3646,-114.7738,16.45962417,44.11537194,1228.3394
2.730000,4393488.853173,4259873.200664,1795915.129650,-23.028854,-20.396275,184.172641,0.99709202,0.01490972,0.07470379,0.00213439,-0.02494161,-0.00734761,-0.00700444,11.6665,1228.5649,240.0118,0.02771278,0.00170900,0.542323,0.01595358,0.01837217,-0.01582348,-0.01824206,0.01595358,0.01837217,-0.01582348,-0.01824206,0.00000000,0.00000000,0.00000000,0.00000000,cmd,864.6897,-4.5618,-115.2223,16.45964082,44.11537207,1228.5649
2.740000,4393488.622522,4259872.996375,1795916.974987,-23.101240,-20.461514,184.893434,0.99709695,0.01478206,0.07466402,0.00210766,-0.02509309,-0.00861000,-0.00723143,11.6623,1228.7914,241.8612,0.02752894,0.00175810,0.544445,0.01595358,0.01837217,-0.01582348,-0.01824206,0.01595358,0.01837217,-0.01582348,-0.01824206,0.00000000,0.00000000,0.00000000,0.00000000,cmd,873.8859,-4.7729,-115.5819,16.45965753,44.11537220,1228.7914
2.750000,4393488.391150,4259872.791434,1795918.827518,-23.173121,-20.526646,185.612607,0.99710223,0.01465361,0.07461957,0.00208019,-0.02524357,-0.00921920,-0.00729780,11.6580,1229.0191,243.7178,0.02732897,0.00180899,0.546565,0.01595358,0.01837217,-0.01582348,-0.01824206,0.01595358,0.01837217,-0.01582348,-0.01824206,0.00000000,0.00000000,0.00000000,0.00000000,cmd,863.4347,-4.9927,-115.8757,16.45967431,44.11537233,1229.0191
2.760000,4393488.159058,4259872.585839,1795920.687266,-23.245242,-20.592334,186.337108,0.99710761,0.01452441,0.07457376,0.00205282,-0.02539311,-0.00915254,-0.00720492,11.6538,1229.2479,245.5816,0.02711973,0.00186007,0.548682,0.01595358,0.01837217,-0.01582348,-0.01824206,0.01595358,0.01837217,-0.01582348,-0.01824206,0.00000000,0.00000000,0.00000000,0.00000000,cmd,862.8054,-5.2155,-116.1243,16.45969115,44.11537246,1229.2479
2.770000,4393487.926249,4259872.379590,1795922.554231,-23.316453,-20.657556,187.055824,0.99711282,0.01439453,0.07452996,0.00202638,-0.02554176,-0.00841021,-0.00695908,11.6496,1229.4778,247.4526,0.02690702,0.00190968,0.550813,0.01546730,0.01801138,-0.01535549,-0.01789956,0.01595358,0.01837217,-0.01582348,-0.01824206,0.00000000,0.00000000,0.00000000,0.00000000,cmd,862.1691,-5.4359,-116.3572,16.45970805,44.11537259,1229.4778
2.780000,4393487.692728,4259872.172687,1795924.428382,-23.387669,-20.723064,187.774243,0.99711801,0.01426452,0.07448625,0.00200076,-0.02546905,-0.00911051,-0.00688464,11.6454,1229.7088,249.3308,0.02669928,0.00195642,0.552928,0.01546730,0.01801138,-0.01535549,-0.01789956,0.01546730,0.01801138,-0.01535549,-0.01789956,0.00000000,0.00000000,0.00000000,0.00000000,cmd,861.6681,-5.5734,-116.0966,16.45972503,44.11537272,1229.7088
2.790000,4393487.458497,4259871.965128,1795926.309715,-23.458566,-20.788611,188.492399,0.99712330,0.01413491,0.07444073,0.00197581,-0.02540589,-0.00912885,-0.00667117,11.6411,1229.9409,251.2161,0.02649400,0.00200074,0.555042,0.01546730,0.01801138,-0.01535549,-0.01789956,0.01546730,0.01801138,-0.01535549,-0.01789956,0.00000000,0.00000000,0.00000000,0.00000000,cmd,860.9003,-5.7799,-116.3314,16.45974206,44.11537285,1229.9409
2.800000,4393487.223558,4259871.756914,1795928.198229,-23.529159,-20.854198,189.210309,0.99712845,0.01400570,0.07439681,0.00195225,-0.02535181,-0.00846320,-0.00632857,11.6369,1230.1741,253.1086,0.02628522,0.00204253,0.557155,0.01546730,0.01801138,-0.01535549,-0.01789956,0.01546730,0.01801138,-0.01535549,-0.01789956,0.00000000,0.00000000,0.00000000,0.00000000,cmd,860.2629,-5.9794,-116.5423,16.45975916,44.11537299,1230.1741
2.810000,4393486.987917,4259871.548047,1795930.093893,-23.598723,-20.919159,189.921008,0.99713320,0.01387687,0.07435784,0.00193074,-0.02530639,-0.00713536,-0.00587075,11.6327,1230.4085,255.0083,0.02607986,0.00208052,0.559267,0.01546730,0.01801138,-0.01535549,-0.01789956,0.01546730,0.01801138,-0.01535549,-0.01789956,0.00000000,0.00000000,0.00000000,0.00000000,cmd,859.6235,-6.1668,-116.7542,16.45977633,44.11537312,1230.4085
2.820000,4393486.751581,4259871.338529,1795931.996676,-23.668542,-20.984606,190.636962,0.99713731,0.01374842,0.07432701,0.00191187,-0.02526917,-0.00518903,-0.00531536,11.6285,1230.6439,256.9151,0.02588551,0.00211363,0.561358,0.01546730,0.01801138,-0.01535549,-0.01789956,0.01546730,0.01801138,-0.01535549,-0.01789956,0.00000000,0.00000000,0.00000000,0.00000000,cmd,849.1696,-6.3376,-116.9865,16.45979356,44.11537325,1230.6439
2.830000,4393486.514550,4259871.128357,1795933.906604,-23.737582,-21.049583,191.348571,0.99714057,0.01362033,0.07430727,0.00189610,-0.02523981,-0.00268559,-0.00468333,11.6243,1230.8805,258.8290,0.02570668,0.00214077,0.563464,0.01546730,0.01801138,-0.01535549,-0.01789956,0.01546730,0.01801138,-0.01535549,-0.01789956,0.00000000,0.00000000,0.00000000,0.00000000,cmd,858.3464,-6.4881,-117.2739,16.45981085,44.11537338,1230.8805
2.840000,4393486.276828,4259870.917535,1795935.823674,-23.806654,-21.114769,192.064054,0.99714279,0.01349259,0.07430119,0.00188381,-0.02521791,0.00029407,-0.00399791,11.6201,1231.1181,260.7500,0.02555022,0.00216129,0.565558,0.01546730,0.01801138,-0.01535549,-0.01789956,0.01546730,0.01801138,-0.01535549,-0.01789956,0.00000000,0.00000000,0.00000000,0.00000000,cmd,857.7062,-6.6147,-117.6309,16.45982821,44.11537351,1231.1181
2.850000,4393486.038419,4259870.706063,1795937.747884,-23.875130,-21.179555,192.777922,0.99714379,0.01336517,0.07431091,0.00187523,-0.02520312,0.00365361,-0.00328400,11.6159,1231.3569,262.6781,0.02541973,0.00217459,0.567662,0.01421020,0.01737183,-0.01411856,-0.01728019,0.01546730,0.01801138,-0.01535549,-0.01789956,0.00000000,0.00000000,0.00000000,0.00000000,cmd,847.2428,-6.7152,-118.0849,16.45984563,44.11537364,1231.3569
2.860000,4393485.799323,4259870.493942,1795939.679231,-23.944195,-21.244613,193.492907,0.99714442,0.01323842,0.07432538,0.00186609,-0.02493459,0.00219684,-0.00421975,11.6117,1231.5968,264.6133,0.02531969,0.00218046,0.569762,0.01421020,0.01737183,-0.01411856,-0.01728019,0.01421020,0.01737183,-0.01411856,-0.01728019,0.00000000,0.00000000,0.00000000,0.00000000,cmd,846.5967,-6.3950,-117.4544,16.45986312,44.11537378,1231.5968
2.870000,4393485.559537,4259870.281172,1795941.617741,-24.012724,-21.309341,194.207578,0.99714551,0.01311262,0.07433349,0.00185222,-0.02468537,0.00108735,-0.00510531,11.6075,1231.8378,266.5556,0.02523218,0.00218882,0.571865,0.01421020,0.01737183,-0.01411856,-0.01728019,0.01421020,0.01737183,-0.01411856,-0.01728019,0.00000000,0.00000000,0.00000000,0.00000000,cmd,855.7638,-6.4827,-118.0790,16.45988067,44.11537391,1231.8378
2.880000,4393485.319070,4259870.067756,1795943.563383,-24.080746,-21.373817,194.922086,0.99714691,0.01298772,0.07433708,0.00183397,-0.02445448,0.00036961,-0.00591137,11.6033,1232.0799,268.5051,0.02512983,0.00220585,0.573967,0.01421020,0.01737183,-0.01411856,-0.01728019,0.01421020,0.01737183,-0.01411856,-0.01728019,0.00000000,0.00000000,0.00000000,0.00000000,cmd,845.1590,-6.6048,-118.6425,16.45989829,44.11537404,1232.0799
2.890000,4393485.077924,4259869.853696,1795945.516182,-24.148404,-21.438215,195.637781,0.99714847,0.01286364,0.07433820,0.00181184,-0.02424106,0.00007622,-0.00661195,11.5991,1232.3232,270.4617,0.02501664,0.00223072,0.576069,0.01421020,0.01737183,-0.01411856,-0.01728019,0.01421020,0.01737183,-0.01411856,-0.01728019,0.00000000,0.00000000,0.00000000,0.00000000,cmd,854.3208,-6.7588,-119.1591,16.45991597,44.11537417,1232.3232
2.900000,4393484.836103,4259869.638993,1795947.476137,-24.215547,-21.502439,196.353242,0.99715004,0.01274036,0.07433899,0.00178645,-0.02404423,0.00022317,-0.00718499,11.5949,1232.5675,272.4254,0.02489673,0.00226232,0.578173,0.01421020,0.01737183,-0.01411856,-0.01728019,0.01421020,0.01737183,-0.01411856,-0.01728019,0.00000000,0.00000000,0.00000000,0.00000000,cmd,853.8014,-6.9409,-119.6459,16.45993371,44.11537431,1232.5675
2.910000,4393484.593617,4259869.423651,1795949.443218,-24.281581,-21.565985,197.062879,0.99715145,0.01261782,0.07434165,0.00175851,-0.02386316,0.00080913,-0.00761308,11.5906,1232.8131,274.3963,0.02477476,0.00229938,0.580277,0.01421020,0.01737183,-0.01411856,-0.01728019,0.01421020,0.01737183,-0.01411856,-0.01728019,0.00000000,0.00000000,0.00000000,0.00000000,cmd,853.0041,-7.1465,-120.1188,16.45995152,44.11537444,1232.8131
2.920000,4393484.350474,4259869.207674,1795951.417394,-24.346914,-21.629240,197.770804,0.99715254,0.01249601,0.07434830,0.00172881,-0.02369704,0.00181684,-0.00788428,11.5865,1233.0597,276.3742,0.02465586,0.00234050,0.582364,0.01421020,0.01737183,-0.01411856,-0.01728019,0.01421020,0.01737183,-0.01411856,-0.01728019,0.00000000,0.00000000,0.00000000,0.00000000,cmd,852.4871,-7.3698,-120.5906,16.45996939,44.11537457,1233.0597
2.930000,4393484.106681,4259868.991066,1795953.398633,-24.411522,-21.692193,198.477078,0.99715316,0.01237491,0.07436099,0.00169817,-0.02354509,0.00321375,-0.00799246,11.5823,1233.3075,278.3592,0.02454377,0.00238402,0.584445,0.01342216,0.01647033,-0.01333409,-0.01638227,0.01421020,0.01737183,-0.01411856,-0.01728019,0.00000000,0.00000000,0.00000000,0.00000000,cmd,841.8780,-7.6049,-121.0825,16.45998733,44.11537471,1233.3075
2.940000,4393483.862242,4259868.773827,1795955.386934,-24.476175,-21.755702,199.183005,0.99715408,0.01225472,0.07436926,0.00166810,-0.02335722,0.00006206,-0.00761364,11.5781,1233.5564,280.3512,0.02444241,0.00242833,0.586521,0.01342216,0.01647033,-0.01333409,-0.01638227,0.01342216,0.01647033,-0.01333409,-0.01638227,0.00000000,0.00000000,0.00000000,0.00000000,cmd,841.2214,-7.9224,-120.4646,16.46000533,44.11537484,1233.5564
2.950000,4393483.617156,4259868.555950,1795957.382321,-24.541032,-21.819724,199.895683,0.99715605,0.01213562,0.07436296,0.00164003,-0.02318469,-0.00260287,-0.00709478,11.5739,1233.8065,282.3502,0.02433549,0.00246981,0.588596,0.01342216,0.01647033,-0.01333409,-0.01638227,0.01342216,0.01647033,-0.01333409,-0.01638227,0.00000000,0.00000000,0.00000000,0.00000000,cmd,840.7035,-8.1523,-120.9810,16.46002340,44.11537497,1233.8065
2.960000,4393483.371426,4259868.337435,1795959.384819,-24.605039,-21.883291,200.603960,0.99715888,0.01201758,0.07434478,0.00161464,-0.02302671,-0.00467678,-0.00645878,11.5697,1234.0577,284.3563,0.02419735,0.00250567,0.590691,0.01286904,0.01573856,-0.01278770,-0.01565723,0.01342216,0.01647033,-0.01333409,-0.01638227,0.00000000,0.00000000,0.00000000,0.00000000,cmd,849.7083,-8.3616,-121.3714,16.46004152,44.11537510,1234.0577
2.970000,4393483.125054,4259868.118281,1795961.394398,-24.669040,-21.947330,201.310396,0.99716303,0.01190091,0.07430832,0.00159368,-0.02278736,-0.00988404,-0.00520876,11.5655,1234.3100,286.3695,0.02403536,0.00253491,0.592773,0.01286904,0.01573856,-0.01278770,-0.01565723,0.01286904,0.01573856,-0.01278770,-0.01565723,0.00000000,0.00000000,0.00000000,0.00000000,cmd,849.0430,-8.6692,-120.7575,16.46005971,44.11537524,1234.3100
2.980000,4393482.878042,4259867.898485,1795963.411054,-24.733338,-22.011855,202.020752,0.99716891,0.01178590,0.07424794,0.00157869,-0.02256608,-0.01420984,-0.00392484,11.5613,1234.5635,288.3897,0.02384076,0.00255348,0.594850,0.01286904,0.01573856,-0.01278770,-0.01565723,0.01286904,0.01573856,-0.01278770,-0.01565723,0.00000000,0.00000000,0.00000000,0.00000000,cmd,838.7079,-8.8070,-120.8966,16.46007797,44.11537537,1234.5635
2.990000,4393482.630387,4259867.678043,1795965.434812,-24.797830,-22.076708,202.732265,0.99717618,0.01167245,0.07416847,0.00156978,-0.02236196,-0.01749266,-0.00265707,11.5571,1234.8181,290.4170,0.02359877,0.00255888,0.596938,0.01286904,0.01573856,-0.01278770,-0.01565723,0.01286904,0.01573856,-0.01278770,-0.01565723,0.00000000,0.00000000,0.00000000,0.00000000,cmd,838.0371,-8.8904,-120.8263,16.46009629,44.11537550,1234.8181
3.000000,4393482.382085,4259867.456950,1795967.465698,-24.862642,-22.141941,203.444817,0.99718440,0.01156046,0.07407541,0.00156681,-0.02217453,-0.01961469,-0.00145366,11.5529,1235.0738,292.4513,0.02332032,0.00255135,0.599030,0.01286904,0.01573856,-0.01278770,-0.01565723,0.01286904,0.01573856,-0.01278770,-0.01565723,0.00000000,0.00000000,0.00000000,0.00000000,cmd,847.1733,-8.9189,-120.5843,16.46011467,44.11537563,1235.0738
3.010000,4393482.133134,4259867.235204,1795969.503707,-24.927679,-22.207398,204.156898,0.99719315,0.01144980,0.07397474,0.00156944,-0.02200572,-0.02051165,-0.00035687,11.5487,1235.3307,294.4927,0.02301714,0.00253156,0.601126,0.01286904,0.01573856,-0.01278770,-0.01565723,0.01286904,0.01573856,-0.01278770,-0.01565723,0.00000000,0.00000000,0.00000000,0.00000000,cmd,846.4127,-8.8942,-120.2723,16.46013312,44.11537577,1235.3307
3.020000,4393481.883531,4259867.012802,1795971.548835,-24.993004,-22.273074,204.868488,0.99720195,0.01134031,0.07387267,0.00157712,-0.02185484,-0.02015343,0.00059203,11.5445,1235.5887,296.5413,0.02270151,0.00250066,0.603220,0.01286904,0.01573856,-0.01278770,-0.01565723,0.01286904,0.01573856,-0.01278770,-0.01565723,0.00000000,0.00000000,0.00000000,0.00000000,cmd,845.5774,-8.8200,-119.9311,16.46015163,44.11537590,1235.5887
3.030000,4393481.633273,4259866.789742,1795973.601075,-25.058488,-22.338793,205.578097,0.99721036,0.01123185,0.07377543,0.00158908,-0.02172092,-0.01855913,0.00135751,11.5403,1235.8479,298.5969,0.02238603,0.00246015,0.605312,0.01203611,0.01502959,-0.01195817,-0.01495166,0.01286904,0.01573856,-0.01278770,-0.01565723,0.00000000,0.00000000,0.00000000,0.00000000,cmd,844.7383,-8.7021,-119.5669,16.46017020,44.11537603,1235.8479
3.040000,4393481.382356,4259866.566022,1795975.660395,-25.125036,-22.405301,206.287158,0.99721884,0.01112432,0.07367679,0.00160330,-0.02155154,-0.02069965,0.00152208,11.5360,1236.1082,300.6595,0.02208331,0.00241188,0.607400,0.01129230,0.01405009,-0.01122056,-0.01397834,0.01203611,0.01502959,-0.01195817,-0.01495166,0.00000000,0.00000000,0.00000000,0.00000000,cmd,834.0888,-8.4558,-118.0877,16.46018884,44.11537616,1236.1082
3.050000,4393481.130767,4259866.341631,1795977.726816,-25.192773,-22.473020,206.996959,0.99722885,0.01101801,0.07355675,0.00161936,-0.02130527,-0.02710848,0.00222219,11.5318,1236.3696,302.7293,0.02178515,0.00236030,0.609486,0.01129230,0.01405009,-0.01122056,-0.01397834,0.01129230,0.01405009,-0.01122056,-0.01397834,0.00000000,0.00000000,0.00000000,0.00000000,cmd,843.0520,-8.4633,-116.4728,16.46020754,44.11537629,1236.3696
3.060000,4393480.878499,4259866.116561,1795979.800332,-25.260916,-22.540929,207.704712,0.99724091,0.01091314,0.07340843,0.00163792,-0.02108082,-0.03198675,0.00267651,11.5276,1236.6321,304.8061,0.02145219,0.00230467,0.611575,0.01129230,0.01405009,-0.01122056,-0.01397834,0.01129230,0.01405009,-0.01122056,-0.01397834,0.00000000,0.00000000,0.00000000,0.00000000,cmd,842.2014,-8.2708,-115.9878,16.46022631,44.11537643,1236.6321
3.070000,4393480.625546,4259865.890810,1795981.880908,-25.329808,-22.609332,208.411957,0.99725439,0.01080949,0.07324000,0.00165779,-0.02087697,-0.03514407,0.00287063,11.5234,1236.8957,306.8900,0.02106675,0.00224444,0.613658,0.01129230,0.01405009,-0.01122056,-0.01397834,0.01129230,0.01405009,-0.01122056,-0.01397834,0.00000000,0.00000000,0.00000000,0.00000000,cmd,831.3957,-8.0549,-115.2356,16.46024514,44.11537656,1236.8957
3.080000,4393480.371900,4259865.664372,1795983.968568,-25.399548,-22.678320,209.118541,0.99726863,0.01070685,0.07306038,0.00167779,-0.02069263,-0.03646219,0.00280099,11.5192,1237.1603,308.9809,0.02064607,0.00218222,0.615741,0.01129230,0.01405009,-0.01122056,-0.01397834,0.01129230,0.01405009,-0.01122056,-0.01397834,0.00000000,0.00000000,0.00000000,0.00000000,cmd,840.3457,-7.8271,-114.2904,16.46026404,44.11537669,1237.1603
3.090000,4393480.117553,4259865.437242,1795986.063277,-25.470191,-22.747955,209.824540,0.99728297,0.01060501,0.07287886,0.00169670,-0.02052669,-0.03590435,0.00247551,11.5150,1237.4261,311.0789,0.02020870,0.00212066,0.617822,0.01129230,0.01405009,-0.01122056,-0.01397834,0.01129230,0.01405009,-0.01122056,-0.01397834,0.00000000,0.00000000,0.00000000,0.00000000,cmd,829.8262,-7.5994,-113.2326,16.46028299,44.11537682,1237.4261
3.100000,4393479.862493,4259865.209411,1795988.165057,-25.541864,-22.818373,210.531395,0.99729672,0.01050378,0.07270476,0.00171342,-0.02037817,-0.03351286,0.00191270,11.5108,1237.6929,313.1839,0.01977357,0.00206231,0.619902,0.01129230,0.01405009,-0.01122056,-0.01397834,0.01129230,0.01405009,-0.01122056,-0.01397834,0.00000000,0.00000000,0.00000000,0.00000000,cmd,838.7680,-7.3839,-112.1480,16.46030202,44.11537695,1237.6929
3.110000,4393479.606716,4259864.980875,1795990.273875,-25.613720,-22.888840,211.232007,0.99730925,0.01040297,0.07254695,0.00172692,-0.02024608,-0.02941192,0.00114146,11.5066,1237.9607,315.2960,0.01935900,0.00200955,0.621985,0.01031698,0.01289437,-0.01025556,-0.01283294,0.01129230,0.01405009,-0.01122056,-0.01397834,0.00000000,0.00000000,0.00000000,0.00000000,cmd,837.7502,-7.1919,-111.1243,16.46032110,44.11537708,1237.9607
3.120000,4393479.350209,4259864.751624,1795992.389722,-25.687618,-22.961348,211.935975,0.99732130,0.01030301,0.07239507,0.00173765,-0.01995941,-0.03115106,0.00081468,11.5024,1238.2296,317.4152,0.01898288,0.00196452,0.624050,0.01031698,0.01289437,-0.01025556,-0.01283294,0.01031698,0.01289437,-0.01025556,-0.01283294,0.00000000,0.00000000,0.00000000,0.00000000,cmd,836.8832,-7.1796,-108.5215,16.46034025,44.11537721,1238.2296
3.130000,4393479.092961,4259864.521646,1795994.512593,-25.762172,-23.034389,212.639460,0.99733366,0.01020427,0.07223852,0.00174620,-0.01969658,-0.03128928,0.00032600,11.4982,1238.4994,319.5413,0.01862975,0.00192519,0.626126,0.01031698,0.01289437,-0.01025556,-0.01283294,0.01031698,0.01289437,-0.01025556,-0.01283294,0.00000000,0.00000000,0.00000000,0.00000000,cmd,826.3522,-7.0446,-107.7421,16.46035946,44.11537734,1238.4994
3.140000,4393478.834966,4259864.290937,1795996.642481,-25.836909,-23.107570,213.338107,0.99734573,0.01010658,0.07208530,0.00175189,-0.01945626,-0.02983707,-0.00029965,11.4940,1238.7703,321.6745,0.01827173,0.00189069,0.628201,0.01031698,0.01289437,-0.01025556,-0.01283294,0.01031698,0.01289437,-0.01025556,-0.01283294,0.00000000,0.00000000,0.00000000,0.00000000,cmd,835.2768,-6.9309,-106.9087,16.46037874,44.11537747,1238.7703
3.150000,4393478.576218,4259864.059491,1795998.779381,-25.912815,-23.181820,214.041766,0.99735696,0.01000977,0.07194315,0.00175422,-0.01923716,-0.02687712,-0.00103144,11.4898,1239.0422,323.8147,0.01792523,0.00186243,0.630263,0.00916943,0.01147788,-0.00910272,-0.01141117,0.01031698,0.01289437,-0.01025556,-0.01283294,0.00000000,0.00000000,0.00000000,0.00000000,cmd,834.2489,-6.8456,-106.0944,16.46039808,44.11537760,1239.0422
3.160000,4393478.316705,4259863.827295,1796000.923285,-25.989629,-23.257333,214.737535,0.99736852,0.00991367,0.07179599,0.00175500,-0.01912882,-0.03184276,-0.00087817,11.4856,1239.3150,325.9620,0.01760463,0.00184139,0.632339,0.00916943,0.01147788,-0.00910272,-0.01141117,0.00916943,0.01147788,-0.00910272,-0.01141117,0.00000000,0.00000000,0.00000000,0.00000000,cmd,833.3597,-7.0213,-103.2144,16.46041748,44.11537773,1239.3150
3.170000,4393478.056420,4259863.594339,1796003.074158,-26.067478,-23.333828,215.436834,0.99738155,0.00981816,0.07162801,0.00175608,-0.01903433,-0.03519734,-0.00081546,11.4814,1239.5888,328.1162,0.01728695,0.00182270,0.634394,0.00916943,0.01147788,-0.00910272,-0.01141117,0.00916943,0.01147788,-0.00910272,-0.01141117,0.00000000,0.00000000,0.00000000,0.00000000,cmd,822.6735,-6.9771,-102.5116,16.46043695,44.11537786,1239.5888
3.180000,4393477.795356,4259863.360618,1796005.231992,-26.145601,-23.410623,216.131384,0.99739541,0.00972311,0.07144761,0.00175708,-0.01895288,-0.03680392,-0.00084453,11.4772,1239.8635,330.2775,0.01693151,0.00180322,0.636460,0.00916943,0.01147788,-0.00910272,-0.01141117,0.00916943,0.01147788,-0.00910272,-0.01141117,0.00000000,0.00000000,0.00000000,0.00000000,cmd,821.7809,-6.9285,-101.5981,16.46045648,44.11537800,1239.8635
3.190000,4393477.533503,4259863.126121,1796007.396811,-26.225247,-23.488861,216.832238,0.99740949,0.00962842,0.07126369,0.00175765,-0.01888376,-0.03660877,-0.00096232,11.4731,1240.1392,332.4457,0.01655661,0.00178394,0.638512,0.00916943,0.01147788,-0.00910272,-0.01141117,0.00916943,0.01147788,-0.00910272,-0.01141117,0.00000000,0.00000000,0.00000000,0.00000000,cmd,830.8430,-6.8798,-100.5502,16.46047607,44.11537813,1240.1392
3.200000,4393477.270852,4259862.890841,1796009.568607,-26.304909,-23.567182,217.525482,0.99742314,0.00953397,0.07108519,0.00175746,-0.01882624,-0.03464572,-0.00116153,11.4689,1240.4158,334.6209,0.01617955,0.00176565,0.640583,0.00822354,0.01050618,-0.00816718,-0.01044982,0.00916943,0.01147788,-0.00910272,-0.01141117,0.00000000,0.00000000,0.00000000,0.00000000,cmd,829.7868,-6.8358,-99.4645,16.46049572,44.11537826,1240.4158
3.210000,4393477.007394,4259862.654767,1796011.747345,-26.386756,-23.647692,218.222002,0.99743703,0.00944020,0.07090250,0.00175625,-0.01859276,-0.03828148,-0.00133499,11.4647,1240.6932,336.8032,0.01581923,0.00174930,0.642632,0.00822354,0.01050618,-0.00816718,-0.01044982,0.00822354,0.01050618,-0.00816718,-0.01044982,0.00000000,0.00000000,0.00000000,0.00000000,cmd,819.2406,-6.8233,-96.7279,16.46051544,44.11537839,1240.6932
3.220000,4393476.743117,4259862.417887,1796013.933017,-26.468777,-23.728456,218.912194,0.99745184,0.00934749,0.07070623,0.00175380,-0.01838016,-0.04007794,-0.00157137,11.4605,1240.9716,338.9924,0.01546195,0.00173494,0.644692,0.00822354,0.01050618,-0.00816718,-0.01044982,0.00822354,0.01050618,-0.00816718,-0.01044982,0.00000000,0.00000000,0.00000000,0.00000000,cmd,818.1801,-6.7973,-95.6961,16.46053523,44.11537852,1240.9716
3.230000,4393476.478016,4259862.180195,1796016.125587,-26.551648,-23.810111,219.601703,0.99746690,0.00925570,0.07050574,0.00174993,-0.01818718,-0.03997558,-0.00185766,11.4563,1241.2508,341.1886,0.01508328,0.00172289,0.646734,0.00822354,0.01050618,-0.00816718,-0.01044982,0.00822354,0.01050618,-0.00816718,-0.01044982,0.00000000,0.00000000,0.00000000,0.00000000,cmd,817.2761,-6.7822,-94.5138,16.46055507,44.11537865,1241.2508
3.240000,4393476.212081,4259861.941682,1796018.325048,-26.635361,-23.892669,220.290546,0.99748153,0.00916471,0.07031045,0.00174452,-0.01801266,-0.03800928,-0.00217870,11.4522,1241.5309,343.3917,0.01470197,0.00171363,0.648775,0.00822354,0.01050618,-0.00816718,-0.01044982,0.00822354,0.01050618,-0.00816718,-0.01044982,0.00000000,0.00000000,0.00000000,0.00000000,cmd,816.3685,-6.7811,-93.2813,16.46057498,44.11537878,1241.5309
3.250000,4393475.945306,4259861.702339,1796020.531395,-26.719834,-23.976071,220.978709,0.99749512,0.00907441,0.07012939,0.00173754,-0.01785551,-0.03430693,-0.00251786,11.4480,1241.8118,345.6018,0.01433688,0.00170750,0.650814,0.00822354,0.01050618,-0.00816718,-0.01044982,0.00822354,0.01050618,-0.00816718,-0.01044982,0.00000000,0.00000000,0.00000000,0.00000000,cmd,815.6120,-6.7959,-92.0960,16.46059495,44.11537891,1241.8118
3.260000,4393475.677683,4259861.462158,1796022.744620,-26.804920,-24.060193,221.666190,0.99750709,0.00898469,0.06997070,0.00172900,-0.01771470,-0.02908261,-0.00285791,11.4438,1242.0935,347.8188,0.01400558,0.00170468,0.652852,0.00822354,0.01050618,-0.00816718,-0.01044982,0.00822354,0.01050618,-0.00816718,-0.01044982,0.00000000,0.00000000,0.00000000,0.00000000,cmd,814.5422,-6.8279,-91.0525,16.46061498,44.11537904,1242.0935
3.270000,4393475.409206,4259861.221133,1796024.964717,-26.890421,-24.144861,222.353044,0.99751697,0.00889547,0.06984130,0.00171901,-0.01758926,-0.02262506,-0.00318192,11.4396,1242.3761,350.0427,0.01372357,0.00170518,0.654889,0.00745130,0.00961289,-0.00739949,-0.00956108,0.00822354,0.01050618,-0.00816718,-0.01044982,0.00000000,0.00000000,0.00000000,0.00000000,cmd,813.6236,-6.8773,-90.2372,16.46063508,44.11537917,1242.3761
3.280000,4393475.139869,4259860.979255,1796027.191678,-26.977012,-24.230909,223.039127,0.99752559,0.00880701,0.06972952,0.00170880,-0.01739025,-0.02204178,-0.00298999,11.4354,1242.6594,352.2736,0.01350342,0.00170884,0.656924,0.00745130,0.00961289,-0.00739949,-0.00956108,0.00745130,0.00961289,-0.00739949,-0.00956108,0.00000000,0.00000000,0.00000000,0.00000000,cmd,812.7014,-7.0587,-88.1466,16.46065524,44.11537930,1242.6594
3.290000,4393474.869666,4259860.736514,1796029.425498,-27.063731,-24.317216,223.724652,0.99753383,0.00871955,0.06962288,0.00169956,-0.01721002,-0.02056815,-0.00278616,11.4313,1242.9435,354.5114,0.01332654,0.00171248,0.658957,0.00665665,0.00892784,-0.00660831,-0.00887951,0.00745130,0.00961289,-0.00739949,-0.00956108,0.00000000,0.00000000,0.00000000,0.00000000,cmd,811.9322,-7.1232,-87.8723,16.46067546,44.11537943,1242.9435
3.300000,4393474.598586,4259860.492903,1796031.666197,-27.152109,-24.405121,224.415040,0.99754245,0.00863312,0.06951029,0.00169010,-0.01697901,-0.02441286,-0.00302991,11.4271,1243.2284,356.7561,0.01316128,0.00171394,0.660990,0.00665665,0.00892784,-0.00660831,-0.00887951,0.00665665,0.00892784,-0.00660831,-0.00887951,0.00000000,0.00000000,0.00000000,0.00000000,cmd,811.0031,-7.0702,-86.2150,16.46069574,44.11537955,1243.2284
3.310000,4393474.326626,4259860.248414,1796033.913769,-27.240061,-24.492791,225.099241,0.99755220,0.00854773,0.06938108,0.00167924,-0.01676864,-0.02721299,-0.00325483,11.4229,1243.5140,359.0078,0.01299035,0.00171582,0.663037,0.00665665,0.00892784,-0.00660831,-0.00887951,0.00665665,0.00892784,-0.00660831,-0.00887951,0.00000000,0.00000000,0.00000000,0.00000000,cmd,809.9051,-7.1281,-85.9711,16.46071609,44.11537968,1243.5140
3.320000,4393474.053784,4259860.003046,1796036.168179,-27.328296,-24.580899,225.782725,0.99756268,0.00846330,0.06924080,0.00166717,-0.01657763,-0.02883212,-0.00344974,11.4187,1243.8004,361.2664,0.01278804,0.00171989,0.665066,0.00665665,0.00892784,-0.00660831,-0.00887951,0.00665665,0.00892784,-0.00660831,-0.00887951,0.00000000,0.00000000,0.00000000,0.00000000,cmd,808.9683,-7.1977,-85.5330,16.46073650,44.11537981,1243.8004
3.330000,4393473.780059,4259859.756794,1796038.429421,-27.416886,-24.669527,226.465566,0.99757348,0.00837971,0.06909557,0.00165411,-0.01640476,-0.02919947,-0.00360537,11.4145,1244.0876,363.5319,0.01256590,0.00172583,0.667093,0.00665665,0.00892784,-0.00660831,-0.00887951,0.00665665,0.00892784,-0.00660831,-0.00887951,0.00000000,0.00000000,0.00000000,0.00000000,cmd,808.0279,-7.2779,-84.9650,16.46075697,44.11537994,1244.0876
3.340000,4393473.505445,4259859.509653,1796040.697488,-27.505843,-24.758700,227.147756,0.99758415,0.00829690,0.06895164,0.00164034,-0.01624893,-0.02831391,-0.00371476,11.4104,1244.3755,365.8043,0.01233655,0.00173324,0.669119,0.00665665,0.00892784,-0.00660831,-0.00887951,0.00665665,0.00892784,-0.00660831,-0.00887951,0.00000000,0.00000000,0.00000000,0.00000000,cmd,807.0840,-7.3666,-84.3342,16.46077750,44.11538007,1244.3755
3.350000,4393473.229941,4259859.261618,1796042.972374,-27.595302,-24.848543,227.830806,0.99759428,0.00821478,0.06881513,0.00162617,-0.01610907,-0.02624347,-0.00377363,11.4062,1244.6641,368.0836,0.01211266,0.00174167,0.671144,0.00622310,0.00858013,-0.00617805,-0.00853508,0.00665665,0.00892784,-0.00660831,-0.00887951,0.00000000,0.00000000,0.00000000,0.00000000,cmd,806.1365,-7.4615,-83.7103,16.46079810,44.11538020,1244.6641
3.360000,4393472.953536,4259859.012679,1796045.254101,-27.685719,-24.939416,228.514454,0.99760407,0.00813341,0.06868308,0.00161087,-0.01591578,-0.02653646,-0.00415169,11.4020,1244.9534,370.3698,0.01190620,0.00175059,0.673171,0.00568754,0.00810166,-0.00564499,-0.00805911,0.00622310,0.00858013,-0.00617805,-0.00853508,0.00000000,0.00000000,0.00000000,0.00000000,cmd,814.9764,-7.4717,-82.3659,16.46081876,44.11538033,1244.9534
3.370000,4393472.676222,4259858.762825,1796047.542661,-27.776909,-25.031225,229.195927,0.99761452,0.00805295,0.06854105,0.00159310,-0.01568810,-0.03023216,-0.00470211,11.3978,1245.2435,372.6629,0.01171381,0.00176167,0.675200,0.00568754,0.00810166,-0.00564499,-0.00805911,0.00568754,0.00810166,-0.00564499,-0.00805911,0.00000000,0.00000000,0.00000000,0.00000000,cmd,814.1777,-7.5253,-80.8475,16.46083948,44.11538046,1245.2435
3.380000,4393472.397993,4259858.512049,1796049.838046,-27.869081,-25.124224,229.882486,0.99762599,0.00797343,0.06838380,0.00157264,-0.01548075,-0.03261793,-0.00514354,11.3936,1245.5342,374.9630,0.01150758,0.00177719,0.677224,0.00568754,0.00810166,-0.00564499,-0.00805911,0.00568754,0.00810166,-0.00564499,-0.00805911,0.00000000,0.00000000,0.00000000,0.00000000,cmd,803.4252,-7.6649,-80.2946,16.46086026,44.11538058,1245.5342
3.390000,4393472.118839,4259858.260338,1796052.140307,-27.961664,-25.217929,230.568254,0.99763798,0.00789478,0.06821819,0.00155017,-0.01529247,-0.03357863,-0.00545462,11.3894,1245.8257,377.2700,0.01127334,0.00179708,0.679264,0.00568754,0.00810166,-0.00564499,-0.00805911,0.00568754,0.00810166,-0.00564499,-0.00805911,0.00000000,0.00000000,0.00000000,0.00000000,cmd,812.2452,-7.8306,-79.5629,16.46088111,44.11538071,1245.8257
3.400000,4393471.838758,4259858.007688,1796054.449409,-28.054712,-25.312415,231.253408,0.99765002,0.00781694,0.06805143,0.00152643,-0.01512202,-0.03308570,-0.00562147,11.3852,1246.1178,379.5839,0.01102570,0.00182009,0.681301,0.00568754,0.00810166,-0.00564499,-0.00805911,0.00568754,0.00810166,-0.00564499,-0.00805911,0.00000000,0.00000000,0.00000000,0.00000000,cmd,801.4785,-8.0154,-78.7276,16.46090202,44.11538084,1246.1178
3.410000,4393471.557743,4259857.754088,1796056.765373,-28.148352,-25.407803,231.939267,0.99766161,0.00773987,0.06789066,0.00150222,-0.01496831,-0.03119451,-0.00563916,11.3809,1246.4106,381.9047,0.01077935,0.00184478,0.683337,0.00568754,0.00810166,-0.00564499,-0.00805911,0.00568754,0.00810166,-0.00564499,-0.00805911,0.00000000,0.00000000,0.00000000,0.00000000,cmd,810.2902,-8.2110,-77.8724,16.46092299,44.11538097,1246.4106
3.420000,4393471.275790,4259857.499530,1796059.088192,-28.242351,-25.503875,232.624425,0.99767231,0.00766352,0.06774254,0.00147834,-0.01483026,-0.02804241,-0.00551149,11.3767,1246.7041,384.2325,0.01054844,0.00186964,0.685376,0.00516137,0.00727854,-0.00512076,-0.00723793,0.00568754,0.00810166,-0.00564499,-0.00805911,0.00000000,0.00000000,0.00000000,0.00000000,cmd,809.3051,-8.4089,-77.0817,16.46094403,44.11538109,1246.7041
3.430000,4393470.992892,4259857.244003,1796061.417858,-28.337336,-25.601614,233.308704,0.99768279,0.00758823,0.06759697,0.00145884,-0.01466388,-0.03015440,-0.00388310,11.3725,1246.9982,386.5673,0.01034591,0.00189320,0.687413,0.00516137,0.00727854,-0.00512076,-0.00723793,0.00516137,0.00727854,-0.00512076,-0.00723793,0.00000000,0.00000000,0.00000000,0.00000000,cmd,808.3164,-8.9249,-74.9607,16.46096512,44.11538122,1246.9982
3.440000,4393470.709042,4259856.987496,1796063.754364,-28.432691,-25.699877,233.992264,0.99769373,0.00751429,0.06744381,0.00144740,-0.01451394,-0.03105024,-0.00224998,11.3683,1247.2930,388.9090,0.01015645,0.00190610,0.689448,0.00516137,0.00727854,-0.00512076,-0.00723793,0.00516137,0.00727854,-0.00512076,-0.00723793,0.00000000,0.00000000,0.00000000,0.00000000,cmd,807.3241,-9.0476,-74.3981,16.46098628,44.11538135,1247.2930
3.450000,4393470.424236,4259856.730003,1796066.097701,-28.528529,-25.798637,234.675116,0.99770471,0.00744161,0.06728923,0.00144386,-0.01437936,-0.03069813,-0.00071117,11.3641,1247.5884,391.2577,0.00995439,0.00190240,0.691482,0.00449611,0.00679815,-0.00445874,-0.00676078,0.00516137,0.00727854,-0.00512076,-0.00723793,0.00000000,0.00000000,0.00000000,0.00000000,cmd,806.1638,-9.0716,-73.7383,16.46100751,44.11538147,1247.5884
3.460000,4393470.138465,4259856.471518,1796068.447863,-28.625838,-25.898513,235.357104,0.99771627,0.00737009,0.06712559,0.00144525,-0.01418515,-0.03464689,-0.00023357,11.3599,1247.8845,393.6133,0.00975236,0.00188295,0.693513,0.00449611,0.00679815,-0.00445874,-0.00676078,0.00449611,0.00679815,-0.00445874,-0.00676078,0.00000000,0.00000000,0.00000000,0.00000000,cmd,805.3286,-8.7933,-71.7719,16.46102879,44.11538160,1247.8845
3.470000,4393469.851717,4259856.212031,1796070.804841,-28.723832,-25.998934,236.038350,0.99772886,0.00729966,0.06694584,0.00144836,-0.01400909,-0.03712130,0.00005062,11.3557,1248.1811,395.9758,0.00953975,0.00185467,0.695544,0.00449611,0.00679815,-0.00445874,-0.00676078,0.00449611,0.00679815,-0.00445874,-0.00676078,0.00000000,0.00000000,0.00000000,0.00000000,cmd,804.3254,-8.6728,-71.0281,16.46105014,44.11538172,1248.1811
3.480000,4393469.563986,4259855.951537,1796073.168628,-28.822628,-26.099994,236.718803,0.99774196,0.00723013,0.06675768,0.00145226,-0.01384997,-0.03799944,0.00012925,11.3514,1248.4783,398.3453,0.00929828,0.00182322,0.697572,0.00449611,0.00679815,-0.00445874,-0.00676078,0.00449611,0.00679815,-0.00445874,-0.00676078,0.00000000,0.00000000,0.00000000,0.00000000,cmd,803.3186,-8.5320,-70.0818,16.46107155,44.11538185,1248.4783
3.490000,4393469.275262,4259855.690029,1796075.539214,-28.922243,-26.201711,237.398258,0.99775505,0.00716134,0.06656920,0.00145598,-0.01370636,-0.03725648,0.00000203,11.3472,1248.7761,400.7217,0.00904403,0.00179065,0.699599,0.00449611,0.00679815,-0.00445874,-0.00676078,0.00449611,0.00679815,-0.00445874,-0.00676078,0.00000000,0.00000000,0.00000000,0.00000000,cmd,802.1419,-8.3833,-69.0273,16.46109303,44.11538197,1248.7761
3.500000,4393468.985542,4259855.427504,1796077.916560,-29.021786,-26.303280,238.069299,0.99776758,0.00709315,0.06638835,0.00145859,-0.01357665,-0.03496820,-0.00031920,11.3430,1249.0745,403.1050,0.00879335,0.00175903,0.701624,0.00449611,0.00679815,-0.00445874,-0.00676078,0.00449611,0.00679815,-0.00445874,-0.00676078,0.00000000,0.00000000,0.00000000,0.00000000,cmd,800.5948,-8.2437,-67.9710,16.46111456,44.11538209,1249.0745
3.510000,4393468.694821,4259855.163959,1796080.300623,-29.122434,-26.405809,238.743190,0.99777909,0.00702542,0.06622241,0.00145923,-0.01345989,-0.03131872,-0.00080823,11.3388,1249.3734,405.4952,0.00856222,0.00173036,0.703624,0.00449611,0.00679815,-0.00445874,-0.00676078,0.00449611,0.00679815,-0.00445874,-0.00676078,0.00000000,0.00000000,0.00000000,0.00000000,cmd,789.3064,-8.1219,-67.0020,16.46113616,44.11538222,1249.3734
3.520000,4393468.403091,4259854.899387,1796082.691420,-29.223702,-26.508880,239.417278,0.99778917,0.00695803,0.06607755,0.00145719,-0.01335523,-0.02657370,-0.00142910,11.3346,1249.6729,407.8922,0.00836425,0.00170628,0.705633,0.00449611,0.00679815,-0.00445874,-0.00676078,0.00449611,0.00679815,-0.00445874,-0.00676078,0.00000000,0.00000000,0.00000000,0.00000000,cmd,787.6183,-8.0281,-66.2161,16.46115782,44.11538234,1249.6729
3.530000,4393468.110346,4259854.633781,1796085.088965,-29.325345,-26.612308,240.091494,0.99779752,0.00689087,0.06595845,0.00145196,-0.01326191,-0.02106246,-0.00213838,11.3304,1249.9729,410.2961,0.00821096,0.00168816,0.707643,0.00402659,0.00623296,-0.00399388,-0.00620025,0.00449611,0.00679815,-0.00445874,-0.00676078,0.00000000,0.00000000,0.00000000,0.00000000,cmd,795.7022,-7.9712,-65.6904,16.46117954,44.11538246,1249.9729
3.540000,4393467.816581,4259854.367136,1796087.493245,-29.427651,-26.716586,240.764285,0.99780484,0.00682425,0.06585465,0.00144436,-0.01306530,-0.02046667,-0.00240388,11.3262,1250.2734,412.7069,0.00811046,0.00167694,0.709654,0.00402659,0.00623296,-0.00399388,-0.00620025,0.00402659,0.00623296,-0.00399388,-0.00620025,0.00000000,0.00000000,0.00000000,0.00000000,cmd,793.9881,-8.0727,-64.2463,16.46120133,44.11538259,1250.2734
3.550000,4393467.521794,4259854.099449,1796089.904246,-29.529833,-26.820816,241.435826,0.99781188,0.00675847,0.06575490,0.00143530,-0.01288622,-0.01945558,-0.00270314,11.3220,1250.5744,415.1245,0.00804511,0.00167026,0.711661,0.00402659,0.00623296,-0.00399388,-0.00620025,0.00402659,0.00623296,-0.00399388,-0.00620025,0.00000000,0.00000000,0.00000000,0.00000000,cmd,792.2650,-8.0852,-64.2843,16.46122318,44.11538271,1250.5744
3.560000,4393467.225985,4259853.830720,1796092.321957,-29.631839,-26.924971,242.106118,0.99781851,0.00669343,0.06566110,0.00142468,-0.01272348,-0.01809663,-0.00301625,11.3177,1250.8759,417.5490,0.00798738,0.00166641,0.713664,0.00402659,0.00623296,-0.00399388,-0.00620025,0.00402659,0.00623296,-0.00399388,-0.00620025,0.00000000,0.00000000,0.00000000,0.00000000,cmd,790.5329,-8.1158,-64.3640,16.46124508,44.11538283,1250.8759
3.570000,4393466.929161,4259853.560953,1796094.746336,-29.732938,-27.028400,242.769450,0.99782464,0.00662905,0.06557478,0.00141252,-0.01257595,-0.01647941,-0.00332283,11.3135,1251.1780,419.9804,0.00794087,0.00166554,0.715664,0.00402659,0.00623296,-0.00399388,-0.00620025,0.00402659,0.00623296,-0.00399388,-0.00620025,0.00000000,0.00000000,0.00000000,0.00000000,cmd,788.7920,-8.1658,-64.5104,16.46126705,44.11538295,1251.1780
3.580000,4393466.631327,4259853.290153,1796097.177341,-29.833535,-27.131493,243.430002,0.99783019,0.00656526,0.06549697,0.00139889,-0.01244258,-0.01470850,-0.00360351,11.3094,1251.4805,422.4186,0.00790852,0.00166764,0.717644,0.00369851,0.00569743,-0.00366768,-0.00566659,0.00402659,0.00623296,-0.00399388,-0.00620025,0.00000000,0.00000000,0.00000000,0.00000000,cmd,786.8865,-8.2349,-64.7409,16.46128909,44.11538307,1251.4805
3.590000,4393466.332489,4259853.018320,1796099.614931,-29.934094,-27.235038,244.087758,0.99783590,0.00650233,0.06541651,0.00138665,-0.01227479,-0.01751924,-0.00274865,11.3052,1251.7835,424.8635,0.00789189,0.00167247,0.719615,0.00369851,0.00569743,-0.00366768,-0.00566659,0.00369851,0.00569743,-0.00366768,-0.00566659,0.00000000,0.00000000,0.00000000,0.00000000,cmd,775.3646,-8.5814,-63.9933,16.46131118,44.11538319,1251.7835
3.600000,4393466.032646,4259852.745453,1796102.059092,-30.034394,-27.338406,244.744264,0.99784246,0.00644048,0.06532267,0.00137845,-0.01212254,-0.02002956,-0.00193692,11.3010,1252.0870,427.3151,0.00787222,0.00167321,0.721578,0.00369851,0.00569743,-0.00366768,-0.00566659,0.00369851,0.00569743,-0.00366768,-0.00566659,0.00000000,0.00000000,0.00000000,0.00000000,cmd,773.6203,-8.6354,-64.3276,16.46133333,44.11538331,1252.0870
3.610000,4393465.731805,4259852.471555,1796104.509784,-30.133764,-27.440914,245.392339,0.99784974,0.00637963,0.06521740,0.00137395,-0.01198474,-0.02206487,-0.00122315,11.2968,1252.3910,429.7735,0.00782461,0.00166554,0.723538,0.00369851,0.00569743,-0.00366768,-0.00566659,0.00369851,0.00569743,-0.00366768,-0.00566659,0.00000000,0.00000000,0.00000000,0.00000000,cmd,771.8677,-8.6334,-64.4721,16.46135555,44.11538343,1252.3910
3.620000,4393465.429971,4259852.196634,1796106.966934,-30.232987,-27.543231,246.037565,0.99785757,0.00631965,0.06510344,0.00137258,-0.01186033,-0.02348951,-0.00065363,11.2927,1252.6955,432.2385,0.00775391,0.00165042,0.725472,0.00369851,0.00569743,-0.00366768,-0.00566659,0.00369851,0.00569743,-0.00366768,-0.00566659,0.00000000,0.00000000,0.00000000,0.00000000,cmd,760.1727,-8.5807,-64.4494,16.46137782,44.11538355,1252.6955
3.630000,4393465.127145,4259851.920690,1796109.430530,-30.332173,-27.645413,246.680041,0.99786572,0.00626042,0.06498407,0.00137354,-0.01174838,-0.02421345,-0.00026345,11.2886,1253.0004,434.7101,0.00766598,0.00162923,0.727399,0.00369851,0.00569743,-0.00366768,-0.00566659,0.00369851,0.00569743,-0.00366768,-0.00566659,0.00000000,0.00000000,0.00000000,0.00000000,cmd,758.4269,-8.4864,-64.2992,16.46140016,44.11538367,1253.0004
3.640000,4393464.823330,4259851.643729,1796111.900502,-30.430700,-27.746856,247.313931,0.99787396,0.00620182,0.06486291,0.00137590,-0.01164797,-0.02420002,-0.00007382,11.2845,1253.3058,437.1883,0.00756784,0.00160373,0.729317,0.00336122,0.00531848,-0.00333195,-0.00528921,0.00369851,0.00569743,-0.00366768,-0.00566659,0.00000000,0.00000000,0.00000000,0.00000000,cmd,746.8973,-8.3621,-64.0661,16.46142255,44.11538379,1253.3058
3.650000,4393464.518527,4259851.365750,1796114.376804,-30.529818,-27.848804,247.944876,0.99788272,0.00614388,0.06473354,0.00137919,-0.01151663,-0.02747901,0.00013813,11.2804,1253.6117,439.6730,0.00746712,0.00157596,0.731211,0.00298534,0.00479886,-0.00295906,-0.00477257,0.00336122,0.00531848,-0.00333195,-0.00528921,0.00000000,0.00000000,0.00000000,0.00000000,cmd,744.9858,-8.2754,-62.8615,16.46144500,44.11538391,1253.6117
3.660000,4393464.212733,4259851.086751,1796116.859364,-30.628889,-27.950817,248.565478,0.99789317,0.00608696,0.06457749,0.00138477,-0.01131813,-0.03481677,0.00092719,11.2764,1253.9180,442.1642,0.00735417,0.00154662,0.733096,0.00298534,0.00479886,-0.00295906,-0.00477257,0.00298534,0.00479886,-0.00295906,-0.00477257,0.00000000,0.00000000,0.00000000,0.00000000,cmd,733.2911,-8.3108,-61.3400,16.46146751,44.11538403,1253.9180
3.670000,4393463.905950,4259850.806735,1796119.348080,-30.727647,-28.052330,249.176047,0.99790571,0.00603124,0.06438850,0.00139332,-0.01113726,-0.04059950,0.00142747,11.2724,1254.2246,444.6618,0.00719382,0.00151236,0.734951,0.00298534,0.00479886,-0.00295906,-0.00477257,0.00298534,0.00479886,-0.00295906,-0.00477257,0.00000000,0.00000000,0.00000000,0.00000000,cmd,721.6132,-8.1161,-60.6736,16.46149008,44.11538415,1254.2246
3.680000,4393463.598180,4259850.525706,1796121.842851,-30.826376,-28.153583,249.776426,0.99791976,0.00597653,0.06417532,0.00140339,-0.01097271,-0.04445984,0.00161405,11.2685,1254.5317,447.1657,0.00697101,0.00147259,0.736778,0.00298534,0.00479886,-0.00295906,-0.00477257,0.00298534,0.00479886,-0.00295906,-0.00477257,0.00000000,0.00000000,0.00000000,0.00000000,cmd,709.9520,-7.8813,-59.5398,16.46151271,44.11538426,1254.5317
3.690000,4393463.289426,4259850.243667,1796124.343546,-30.924580,-28.254118,250.360772,0.99793465,0.00592263,0.06394816,0.00141347,-0.01082322,-0.04618360,0.00148579,11.2646,1254.8392,449.6758,0.00670481,0.00143045,0.738575,0.00298534,0.00479886,-0.00295906,-0.00477257,0.00298534,0.00479886,-0.00295906,-0.00477257,0.00000000,0.00000000,0.00000000,0.00000000,cmd,698.3083,-7.6283,-58.0620,16.46153539,44.11538438,1254.8392
3.700000,4393462.979688,4259849.960623,1796126.850033,-31.022841,-28.354499,250.933441,0.99794968,0.00586935,0.06371786,0.00142210,-0.01068767,-0.04572110,0.00106466,11.2607,1255.1469,452.1919,0.00641679,0.00138916,0.740325,0.00298534,0.00479886,-0.00295906,-0.00477257,0.00298534,0.00479886,-0.00295906,-0.00477257,0.00000000,0.00000000,0.00000000,0.00000000,cmd,686.6987,-7.3791,-56.3830,16.46155813,44.11538450,1255.1469
3.710000,4393462.668972,4259849.676580,1796129.362151,-31.120248,-28.453923,251.487183,0.99796418,0.00581654,0.06349514,0.00142799,-0.01056496,-0.04318697,0.00039359,11.2570,1255.4550,454.7140,0.00612900,0.00135167,0.742042,0.00298534,0.00479886,-0.00295906,-0.00477257,0.00298534,0.00479886,-0.00295906,-0.00477257,0.00000000,0.00000000,0.00000000,0.00000000,cmd,665.1587,-7.1554,-54.6598,16.46158092,44.11538461,1255.4550
3.720000,4393462.357283,4259849.391545,1796131.879742,-31.217316,-28.552928,252.027784,0.99797753,0.00576403,0.06328973,0.00143009,-0.01045411,-0.03884649,-0.00046746,11.2533,1255.7633,457.2420,0.00586287,0.00132062,0.743704,0.00266068,0.00442561,-0.00263541,-0.00440034,0.00298534,0.00479886,-0.00295906,-0.00477257,0.00000000,0.00000000,0.00000000,0.00000000,cmd,643.6625,-6.9756,-53.0434,16.46160376,44.11538473,1255.7633
3.730000,4393462.044627,4259849.105523,1796134.402644,-31.313857,-28.651525,252.550881,0.99798989,0.00571185,0.06309930,0.00142833,-0.01032570,-0.03722302,-0.00116413,11.2497,1256.0718,459.7755,0.00563701,0.00129798,0.745328,0.00266068,0.00442561,-0.00263541,-0.00440034,0.00266068,0.00442561,-0.00263541,-0.00440034,0.00000000,0.00000000,0.00000000,0.00000000,cmd,622.3721,-6.9220,-50.7128,16.46162665,44.11538484,1256.0718
3.740000,4393461.731011,4259848.818519,1796136.930697,-31.409153,-28.748986,253.056736,0.99800149,0.00566004,0.06292035,0.00142292,-0.01020946,-0.03429795,-0.00192958,11.2462,1256.3805,462.3146,0.00544912,0.00128342,0.746901,0.00266068,0.00442561,-0.00263541,-0.00440034,0.00266068,0.00442561,-0.00263541,-0.00440034,0.00000000,0.00000000,0.00000000,0.00000000,cmd,610.7204,-6.8562,-49.6110,16.46164960,44.11538496,1256.3805
3.750000,4393461.416449,4259848.530548,1796139.463716,-31.502835,-28.845032,253.543846,0.99801197,0.00560850,0.06275870,0.00141371,-0.01010443,-0.03034106,-0.00270319,11.2428,1256.6894,464.8589,0.00528800,0.00127648,0.748424,0.00266068,0.00442561,-0.00263541,-0.00440034,0.00266068,0.00442561,-0.00263541,-0.00440034,0.00000000,0.00000000,0.00000000,0.00000000,cmd,589.3348,-6.8444,-48.6723,16.46167259,44.11538507,1256.6894
3.760000,4393461.100960,4259848.241624,1796142.001512,-31.594671,-28.939506,254.012281,0.99802107,0.00555720,0.06261871,0.00140084,-0.01000970,-0.02569099,-0.00342603,11.2395,1256.9984,467.4084,0.00516464,0.00127735,0.749892,0.00266068,0.00442561,-0.00263541,-0.00440034,0.00266068,0.00442561,-0.00263541,-0.00440034,0.00000000,0.00000000,0.00000000,0.00000000,cmd,567.8168,-6.8883,-47.9816,16.46169563,44.11538519,1256.9984
3.770000,4393460.784566,4259847.951767,1796144.543871,-31.683539,-29.031412,254.454895,0.99802863,0.00550610,0.06250288,0.00138470,-0.00992442,-0.02072752,-0.00404517,11.2362,1257.3074,469.9629,0.00508662,0.00128560,0.751305,0.00266068,0.00442561,-0.00263541,-0.00440034,0.00266068,0.00442561,-0.00263541,-0.00440034,0.00000000,0.00000000,0.00000000,0.00000000,cmd,546.5248,-6.9851,-47.6020,16.46171871,44.11538530,1257.3074
3.780000,4393460.467297,4259847.661002,1796147.090548,-31.769870,-29.121190,254.877608,0.99803464,0.00545520,0.06241180,0.00136594,-0.00984778,-0.01584080,-0.00451763,11.2331,1257.6165,472.5221,0.00505791,0.00130030,0.752642,0.00208433,0.00368613,-0.00206229,-0.00366409,0.00266068,0.00442561,-0.00263541,-0.00440034,0.00000000,0.00000000,0.00000000,0.00000000,cmd,515.5292,-7.1276,-47.5669,16.46174184,44.11538542,1257.6165
3.790000,4393460.149176,4259847.369347,1796149.641331,-31.853784,-29.209305,255.274375,0.99804043,0.00540493,0.06232389,0.00134770,-0.00968547,-0.01943640,-0.00383443,11.2301,1257.9256,475.0858,0.00507829,0.00131999,0.753921,0.00208433,0.00368613,-0.00206229,-0.00366409,0.00208433,0.00368613,-0.00206229,-0.00366409,0.00000000,0.00000000,0.00000000,0.00000000,cmd,494.3599,-7.5389,-46.0102,16.46176500,44.11538553,1257.9256
3.800000,4393459.830230,4259847.076823,1796152.195974,-31.934889,-29.294977,255.649755,0.99804733,0.00535568,0.06221788,0.00133296,-0.00953756,-0.02304203,-0.00306361,11.2273,1258.2347,477.6538,0.00511007,0.00133730,0.755123,0.00208433,0.00368613,-0.00206229,-0.00366409,0.00208433,0.00368613,-0.00206229,-0.00366409,0.00000000,0.00000000,0.00000000,0.00000000,cmd,463.3084,-7.6907,-46.4620,16.46178821,44.11538564,1258.2347
3.810000,4393459.510489,4259846.783457,1796154.754236,-32.012910,-29.377882,255.999591,0.99805529,0.00530741,0.06209442,0.00132203,-0.00940286,-0.02637323,-0.00226855,11.2245,1258.5438,480.2259,0.00510458,0.00134695,0.756262,0.00208433,0.00368613,-0.00206229,-0.00366409,0.00208433,0.00368613,-0.00206229,-0.00366409,0.00000000,0.00000000,0.00000000,0.00000000,cmd,432.3159,-7.7841,-46.6277,16.46181145,44.11538575,1258.5438
3.820000,4393459.189978,4259846.489271,1796157.315904,-32.088905,-29.458934,256.330934,0.99806418,0.00526004,0.06195554,0.00131486,-0.00928028,-0.02917918,-0.00151190,11.2218,1258.8528,482.8017,0.00506430,0.00134864,0.757325,0.00197128,0.00355922,-0.00194957,-0.00353751,0.00208433,0.00368613,-0.00206229,-0.00366409,0.00000000,0.00000000,0.00000000,0.00000000,cmd,411.3484,-7.8162,-46.5186,16.46183473,44.11538587,1258.8528
3.830000,4393458.868719,4259846.194286,1796159.880765,-32.162413,-29.537675,256.636689,0.99807404,0.00521354,0.06180061,0.00131135,-0.00915910,-0.03275295,-0.00076605,11.2193,1259.1616,485.3811,0.00499407,0.00134260,0.758335,0.00197128,0.00355922,-0.00194957,-0.00353751,0.00197128,0.00355922,-0.00194957,-0.00353751,0.00000000,0.00000000,0.00000000,0.00000000,cmd,390.2499,-7.8095,-45.8216,16.46185803,44.11538598,1259.1616
3.840000,4393458.546735,4259845.898523,1796162.448577,-32.233938,-29.614477,256.921216,0.99808481,0.00516784,0.06163023,0.00131109,-0.00904883,-0.03532785,-0.00017152,11.2168,1259.4703,487.9639,0.00489480,0.00132928,0.759268,0.00197128,0.00355922,-0.00194957,-0.00353751,0.00197128,0.00355922,-0.00194957,-0.00353751,0.00000000,0.00000000,0.00000000,0.00000000,cmd,359.6363,-7.7256,-45.2437,16.46188137,44.11538609,1259.4703
3.850000,4393458.224049,4259845.602005,1796165.019099,-32.303096,-29.688934,257.180106,0.99809616,0.00512283,0.06144984,0.00131325,-0.00894851,-0.03674692,0.00023279,11.2145,1259.7788,490.5498,0.00476727,0.00130972,0.760140,0.00197128,0.00355922,-0.00194957,-0.00353751,0.00197128,0.00355922,-0.00194957,-0.00353751,0.00000000,0.00000000,0.00000000,0.00000000,cmd,328.9009,-7.5937,-44.4304,16.46190474,44.11538620,1259.7788
3.860000,4393457.900682,4259845.304753,1796167.592089,-32.369968,-29.761092,257.413420,0.99810772,0.00507840,0.06126537,0.00131685,-0.00885728,-0.03695259,0.00042483,11.2123,1260.0872,493.1386,0.00462311,0.00128582,0.760936,0.00197128,0.00355922,-0.00194957,-0.00353751,0.00197128,0.00355922,-0.00194957,-0.00353751,0.00000000,0.00000000,0.00000000,0.00000000,cmd,308.0090,-7.4277,-43.4654,16.46192813,44.11538631,1260.0872
3.870000,4393457.576654,4259845.006788,1796170.167307,-32.435098,-29.831445,257.625615,0.99811913,0.00503442,0.06108284,0.00132085,-0.00877432,-0.03598705,0.00040041,11.2102,1260.3952,495.7301,0.00447461,0.00125968,0.761657,0.00197128,0.00355922,-0.00194957,-0.00353751,0.00197128,0.00355922,-0.00194957,-0.00353751,0.00000000,0.00000000,0.00000000,0.00000000,cmd,277.6067,-7.2438,-42.4414,16.46195155,44.11538642,1260.3952
3.880000,4393457.251988,4259844.708132,1796172.744511,-32.497888,-29.899440,257.812321,0.99813004,0.00499079,0.06090778,0.00132423,-0.00869888,-0.03398446,0.00017277,11.2082,1260.7030,498.3239,0.00433372,0.00123346,0.762316,0.00162184,0.00317065,-0.00160106,-0.00314986,0.00197128,0.00355922,-0.00194957,-0.00353751,0.00000000,0.00000000,0.00000000,0.00000000,cmd,247.0822,-7.0588,-41.4522,16.46197499,44.11538653,1260.7030
3.890000,4393456.926702,4259844.408804,1796175.323463,-32.558887,-29.965714,257.973478,0.99814090,0.00494753,0.06073313,0.00132661,-0.00860271,-0.03581952,0.00001325,11.2063,1261.0104,500.9200,0.00421134,0.00120927,0.762901,0.00162184,0.00317065,-0.00160106,-0.00314986,0.00162184,0.00317065,-0.00160106,-0.00314986,0.00000000,0.00000000,0.00000000,0.00000000,cmd,226.4010,-6.9463,-39.4922,16.46199845,44.11538664,1261.0104
3.900000,4393456.600815,4259844.108823,1796177.903921,-32.618180,-30.030261,258.115163,0.99815212,0.00490466,0.06055185,0.00132772,-0.00851498,-0.03663335,-0.00030664,11.2046,1261.3174,503.5179,0.00409655,0.00118751,0.763410,0.00162184,0.00317065,-0.00160106,-0.00314986,0.00162184,0.00317065,-0.00160106,-0.00314986,0.00000000,0.00000000,0.00000000,0.00000000,cmd,196.2130,-6.7919,-38.6950,16.46202192,44.11538674,1261.3174
3.910000,4393456.274343,4259843.808204,1796180.485705,-32.675943,-30.093279,258.238731,0.99816340,0.00486210,0.06036911,0.00132687,-0.00843494,-0.03641259,-0.00075291,11.2029,1261.6240,506.1176,0.00397160,0.00116876,0.763863,0.00162184,0.00317065,-0.00160106,-0.00314986,0.00162184,0.00317065,-0.00160106,-0.00314986,0.00000000,0.00000000,0.00000000,0.00000000,cmd,175.8507,-6.6601,-37.8017,16.46204542,44.11538685,1261.6240
3.920000,4393455.947302,4259843.506963,1796183.068636,-32.732160,-30.154798,258.344449,0.99817443,0.00481977,0.06018994,0.00132356,-0.00836192,-0.03522789,-0.00128311,11.2013,1261.9302,508.7188,0.00384700,0.00115434,0.764263,0.00140900,0.00279161,-0.00138859,-0.00277120,0.00162184,0.00317065,-0.00160106,-0.00314986,0.00000000,0.00000000,0.00000000,0.00000000,cmd,155.5425,-6.5612,-36.8934,16.46206892,44.11538696,1261.9302
3.930000,4393455.619704,4259843.205110,1796185.652534,-32.787149,-30.215468,258.432131,0.99818551,0.00477780,0.06000930,0.00132008,-0.00828400,-0.03698935,-0.00081330,11.1998,1262.2359,511.3213,0.00373272,0.00114519,0.764610,0.00140900,0.00279161,-0.00138859,-0.00277120,0.00140900,0.00279161,-0.00138859,-0.00277120,0.00000000,0.00000000,0.00000000,0.00000000,cmd,135.2878,-6.7492,-35.1683,16.46209244,44.11538707,1262.2359
3.940000,4393455.291564,4259842.902658,1796188.237219,-32.840742,-30.274768,258.503403,0.99819693,0.00473634,0.05982231,0.00131864,-0.00821280,-0.03775694,-0.00044947,11.1984,1262.5410,513.9250,0.00362145,0.00113574,0.764904,0.00126737,0.00247646,-0.00124780,-0.00245689,0.00140900,0.00279161,-0.00138859,-0.00277120,0.00000000,0.00000000,0.00000000,0.00000000,cmd,115.0869,-6.6787,-34.3607,16.46211597,44.11538717,1262.5410
3.950000,4393454.962889,4259842.599613,1796190.822571,-32.893978,-30.333950,258.563915,0.99820883,0.00469555,0.05962666,0.00132137,-0.00812237,-0.04042892,0.00086971,11.1971,1262.8457,516.5296,0.00350059,0.00112245,0.765151,0.00126737,0.00247646,-0.00124780,-0.00245689,0.00126737,0.00247646,-0.00124780,-0.00245689,0.00000000,0.00000000,0.00000000,0.00000000,cmd,104.8886,-6.8369,-32.7850,16.46213950,44.11538728,1262.8457
3.960000,4393454.633689,4259842.295984,1796193.408439,-32.946038,-30.391803,258.608164,0.99822129,0.00465556,0.05942065,0.00133000,-0.00803961,-0.04187595,0.00192549,11.1958,1263.1497,519.1351,0.00336797,0.00110028,0.765366,0.00126737,0.00247646,-0.00124780,-0.00245689,0.00126737,0.00247646,-0.00124780,-0.00245689,0.00000000,0.00000000,0.00000000,0.00000000,cmd,84.7691,-6.6599,-31.8082,16.46216305,44.11538738,1263.1497
3.970000,4393454.303969,4259841.991779,1796195.994704,-32.997734,-30.449002,258.641894,0.99823394,0.00461624,0.05921059,0.00134304,-0.00796386,-0.04204678,0.00264753,11.1945,1263.4531,521.7414,0.00321844,0.00106697,0.765534,0.00126737,0.00247646,-0.00124780,-0.00245689,0.00126737,0.00247646,-0.00124780,-0.00245689,0.00000000,0.00000000,0.00000000,0.00000000,cmd,74.6517,-6.3980,-30.6851,16.46218660,44.11538749,1263.4531
3.980000,4393453.973735,4259841.687006,1796198.581246,-33.049092,-30.505513,258.665138,0.99824640,0.00457744,0.05900275,0.00135875,-0.00789449,-0.04099580,0.00299594,11.1934,1263.7559,524.3482,0.00306486,0.00102576,0.765672,0.00126737,0.00247646,-0.00124780,-0.00245689,0.00126737,0.00247646,-0.00124780,-0.00245689,0.00000000,0.00000000,0.00000000,0.00000000,cmd,54.6128,-6.0772,-29.5161,16.46221015,44.11538759,1263.7559
3.990000,4393453.642988,4259841.381671,1796201.167977,-33.100238,-30.561434,258.679391,0.99825835,0.00453900,0.05880291,0.00137526,-0.00783095,-0.03887281,0.00296276,11.1922,1264.0581,526.9556,0.00291979,0.00098037,0.765779,0.00126737,0.00247646,-0.00124780,-0.00245689,0.00126737,0.00247646,-0.00124780,-0.00245689,0.00000000,0.00000000,0.00000000,0.00000000,cmd,44.5584,-5.7263,-28.3989,16.46223371,44.11538769,1264.0581
4.000000,4393453.311731,4259841.075780,1796203.754805,-33.151050,-30.616661,258.684704,0.99826950,0.00450078,0.05861588,0.00139074,-0.00777273,-0.03590612,0.00257103,11.1911,1264.3596,529.5633,0.00279441,0.00093464,0.765860,0.00126737,0.00247646,-0.00124780,-0.00245689,0.00126737,0.00247646,-0.00124780,-0.00245689,0.00000000,0.00000000,0.00000000,0.00000000,cmd,34.5310,-5.3753,-27.4218,16.46225728,44.11538780,1264.3596
4.010000,4393452.979968,4259840.769340,1796206.341641,-33.201529,-30.671237,258.682565,0.99827966,0.00446266,0.05844519,0.00140352,-0.00771936,-0.03237996,0.00187128,11.1901,1264.6604,532.1713,0.00269777,0.00089223,0.765915,0.00126737,0.00247646,-0.00124780,-0.00245689,0.00126737,0.00247646,-0.00124780,-0.00245689,0.00000000,0.00000000,0.00000000,0.00000000,cmd,24.5305,-5.0522,-26.6566,16.46228085,44.11538790,1264.6604
4.020000,4393452.647703,4259840.462358,1796208.928426,-33.251462,-30.725030,258.673061,0.99828872,0.00442453,0.05829286,0.00141226,-0.00767042,-0.02860819,0.00093593,11.1891,1264.9605,534.7795,0.00263607,0.00085635,0.765948,0.00126737,0.00247646,-0.00124780,-0.00245689,0.00126737,0.00247646,-0.00124780,-0.00245689,0.00000000,0.00000000,0.00000000,0.00000000,cmd,24.3139,-4.7816,-26.1542,16.46230441,44.11538800,1264.9605
4.030000,4393452.314942,4259840.154843,1796211.515074,-33.300451,-30.777755,258.654938,0.99829667,0.00438631,0.05815933,0.00141599,-0.00762552,-0.02490806,-0.00014752,11.1881,1265.2598,537.3879,0.00261242,0.00082952,0.765959,0.00126737,0.00247646,-0.00124780,-0.00245689,0.00126737,0.00247646,-0.00124780,-0.00245689,0.00000000,0.00000000,0.00000000,0.00000000,cmd,14.5497,-4.5823,-25.9413,16.46232798,44.11538810,1265.2598
4.040000,4393451.981694,4259839.846804,1796214.101525,-33.348972,-30.829951,258.633871,0.99830359,0.00434795,0.05804349,0.00141420,-0.00758432,-0.02157374,-0.00128453,11.1871,1265.5584,539.9964,0.00262670,0.00081340,0.765945,0.00126737,0.00247646,-0.00124780,-0.00245689,0.00126737,0.00247646,-0.00124780,-0.00245689,0.00000000,0.00000000,0.00000000,0.00000000,cmd,4.6203,-4.4665,-26.0192,16.46235156,44.11538821,1265.5584
4.050000,4393451.647968,4259839.538248,1796216.687722,-33.396270,-30.881014,258.605616,0.99830961,0.00430944,0.05794287,0.00140685,-0.00754650,-0.01885413,-0.00238136,11.1862,1265.8563,542.6049,0.00267569,0.00080869,0.765923,0.00128011,0.00247145,-0.00126284,-0.00245419,0.00126737,0.00247646,-0.00124780,-0.00245689,0.00000000,0.00000000,0.00000000,0.00000000,cmd,-5.1071,-4.4389,-26.3668,16.46237513,44.11538831,1265.8563
4.060000,4393451.313774,4259839.229188,1796219.273608,-33.442143,-30.930874,258.570190,0.99831494,0.00427099,0.05785408,0.00139463,-0.00744222,-0.01687115,-0.00324136,11.1853,1266.1534,545.2133,0.00275364,0.00081515,0.765879,0.00128011,0.00247145,-0.00126284,-0.00245419,0.00128011,0.00247145,-0.00126284,-0.00245419,0.00000000,0.00000000,0.00000000,0.00000000,cmd,-5.2452,-4.5234,-26.9557,16.46239870,44.11538841,1266.1534
4.070000,4393450.979127,4259838.919632,1796221.859127,-33.487235,-30.980174,258.533501,0.99831982,0.00423280,0.05777294,0.00137855,-0.00734653,-0.01580719,-0.00391759,11.1844,1266.4498,547.8217,0.00285302,0.00083103,0.765814,0.00153970,0.00272753,-0.00152188,-0.00270971,0.00128011,0.00247145,-0.00126284,-0.00245419,0.00000000,0.00000000,0.00000000,0.00000000,cmd,-15.1212,-4.6517,-27.6985,16.46242227,44.11538851,1266.4498
4.080000,4393450.644038,4259838.609592,1796224.444251,-33.530240,-31.027724,258.489842,0.99832405,0.00419485,0.05770304,0.00135973,-0.00727545,-0.01240733,-0.00434395,11.1835,1266.7455,550.4299,0.00296502,0.00085407,0.765744,0.00153970,0.00272753,-0.00152188,-0.00270971,0.00153970,0.00272753,-0.00152188,-0.00270971,0.00000000,0.00000000,0.00000000,0.00000000,cmd,-15.0400,-4.8389,-29.3142,16.46244584,44.11538861,1266.7455
4.090000,4393450.308525,4259838.299080,1796227.028924,-33.572256,-31.074593,258.444953,0.99832747,0.00415714,0.05764707,0.00133943,-0.00721018,-0.01025672,-0.00452150,11.1827,1267.0404,553.0378,0.00309399,0.00088194,0.765653,0.00153970,0.00272753,-0.00152188,-0.00270971,0.00153970,0.00272753,-0.00152188,-0.00270971,0.00000000,0.00000000,0.00000000,0.00000000,cmd,-24.8898,-5.0554,-30.2699,16.46246940,44.11538871,1267.0404
4.100000,4393449.972599,4259837.988105,1796229.613121,-33.612451,-31.120006,258.393045,0.99833046,0.00411971,0.05759847,0.00131889,-0.00715025,-0.00946083,-0.00444975,11.1819,1267.3346,555.6456,0.00324731,0.00091203,0.765558,0.00153970,0.00272753,-0.00152188,-0.00270971,0.00153970,0.00272753,-0.00152188,-0.00270971,0.00000000,0.00000000,0.00000000,0.00000000,cmd,-24.9777,-5.2869,-31.4221,16.46249297,44.11538881,1267.3346
4.110000,4393449.636279,4259837.676681,1796232.196786,-33.651555,-31.164626,258.339987,0.99833341,0.00408263,0.05755045,0.00129928,-0.00709518,-0.01001101,-0.00414810,11.1811,1267.6280,558.2530,0.00341143,0.00094185,0.765442,0.00153970,0.00272753,-0.00152188,-0.00270971,0.00153970,0.00272753,-0.00152188,-0.00270971,0.00000000,0.00000000,0.00000000,0.00000000,cmd,-34.6060,-5.5138,-32.6653,16.46251653,44.11538891,1267.6280
4.120000,4393449.299575,4259837.364818,1796234.779893,-33.688884,-31.207778,258.279928,0.99833668,0.00404593,0.05749654,0.00128164,-0.00704457,-0.01179079,-0.00365330,11.1804,1267.9207,560.8601,0.00357256,0.00096901,0.765322,0.00176676,0.00297798,-0.00175094,-0.00296216,0.00153970,0.00272753,-0.00152188,-0.00270971,0.00000000,0.00000000,0.00000000,0.00000000,cmd,-34.6689,-5.7180,-33.8950,16.46254009,44.11538901,1267.9207
4.130000,4393448.962506,4259837.052530,1796237.362386,-33.724691,-31.249587,258.217415,0.99834017,0.00400977,0.05743880,0.00126644,-0.00693780,-0.01153474,-0.00316151,11.1796,1268.2127,563.4669,0.00371805,0.00099150,0.765180,0.00176676,0.00297798,-0.00175094,-0.00296216,0.00176676,0.00297798,-0.00175094,-0.00296216,0.00000000,0.00000000,0.00000000,0.00000000,cmd,-44.2704,-5.8493,-35.7249,16.46256364,44.11538910,1268.2127
4.140000,4393448.625087,4259836.739832,1796239.944213,-33.758904,-31.290000,258.147901,0.99834373,0.00397428,0.05737966,0.00125393,-0.00683976,-0.01233357,-0.00256854,11.1789,1268.5040,566.0732,0.00385000,0.00100862,0.765031,0.00176676,0.00297798,-0.00175094,-0.00296216,0.00176676,0.00297798,-0.00175094,-0.00296216,0.00000000,0.00000000,0.00000000,0.00000000,cmd,-53.8627,-5.9740,-36.7177,16.46258719,44.11538920,1268.5040
4.150000,4393448.287329,4259836.426732,1796242.525346,-33.792529,-31.329903,258.078662,0.99834765,0.00393945,0.05731412,0.00124447,-0.00674971,-0.01406698,-0.00192731,11.1782,1268.7946,568.6790,0.00397601,0.00101993,0.764860,0.00202231,0.00330941,-0.00200678,-0.00329388,0.00176676,0.00297798,-0.00175094,-0.00296216,0.00000000,0.00000000,0.00000000,0.00000000,cmd,-53.8748,-6.0526,-37.6697,16.46261074,44.11538930,1268.7946
4.160000,4393447.949240,4259836.113238,1796245.105788,-33.825010,-31.368564,258.008380,0.99835162,0.00390519,0.05724740,0.00123699,-0.00665827,-0.01280897,-0.00176487,11.1775,1269.0845,571.2843,0.00408624,0.00102479,0.764690,0.00202231,0.00330941,-0.00200678,-0.00329388,0.00202231,0.00330941,-0.00200678,-0.00329388,0.00000000,0.00000000,0.00000000,0.00000000,cmd,-53.6902,-5.9686,-39.3799,16.46263428,44.11538940,1269.0845
4.170000,4393447.610834,4259835.799366,1796247.685485,-33.856087,-31.405885,257.931087,0.99835535,0.00387140,0.05718474,0.00123032,-0.00657426,-0.01244091,-0.00160432,11.1768,1269.3738,573.8891,0.00418858,0.00102594,0.764516,0.00202231,0.00330941,-0.00200678,-0.00329388,0.00202231,0.00330941,-0.00200678,-0.00329388,0.00000000,0.00000000,0.00000000,0.00000000,cmd,-63.4548,-5.9726,-40.1304,16.46265782,44.11538949,1269.3738
4.180000,4393447.272120,4259835.485122,1796250.264411,-33.886691,-31.442724,257.854104,0.99835909,0.00383807,0.05712171,0.00122439,-0.00649705,-0.01294500,-0.00145846,11.1762,1269.6623,576.4933,0.00429660,0.00102546,0.764321,0.00202231,0.00330941,-0.00200678,-0.00329388,0.00202231,0.00330941,-0.00200678,-0.00329388,0.00000000,0.00000000,0.00000000,0.00000000,cmd,-63.2447,-5.9638,-40.9278,16.46268135,44.11538959,1269.6623
4.190000,4393446.933102,4259835.170513,1796252.842568,-33.916675,-31.478930,257.775960,0.99836309,0.00380514,0.05705416,0.00121909,-0.00642608,-0.01423439,-0.00133831,11.1755,1269.9502,579.0969,0.00440127,0.00102346,0.764126,0.00202231,0.00330941,-0.00200678,-0.00329388,0.00202231,0.00330941,-0.00200678,-0.00329388,0.00000000,0.00000000,0.00000000,0.00000000,cmd,-63.0354,-5.9435,-41.7056,16.46270488,44.11538968,1269.9502
4.200000,4393446.593792,4259834.855548,1796255.419902,-33.945369,-31.513869,257.690806,0.99836754,0.00377260,0.05697850,0.00121426,-0.00636081,-0.01616518,-0.00125202,11.1749,1270.2373,581.6999,0.00449445,0.00102017,0.763928,0.00202231,0.00330941,-0.00200678,-0.00329388,0.00202231,0.00330941,-0.00200678,-0.00329388,0.00000000,0.00000000,0.00000000,0.00000000,cmd,-72.7754,-5.9135,-42.4001,16.46272840,44.11538978,1270.2373
4.210000,4393446.254192,4259834.540233,1796257.996414,-33.974539,-31.549195,257.611658,0.99837260,0.00374040,0.05689199,0.00120970,-0.00630076,-0.01854967,-0.00120476,11.1743,1270.5239,584.3022,0.00456943,0.00101596,0.763709,0.00220056,0.00349224,-0.00218558,-0.00347726,0.00202231,0.00330941,-0.00200678,-0.00329388,0.00000000,0.00000000,0.00000000,0.00000000,cmd,-72.5409,-5.8763,-42.9568,16.46275192,44.11538987,1270.5239
4.220000,4393445.914307,4259834.224570,1796260.572107,-34.002494,-31.583300,257.527081,0.99837804,0.00370854,0.05679866,0.00120517,-0.00622891,-0.01888333,-0.00122670,11.1737,1270.8097,586.9039,0.00462104,0.00101115,0.763507,0.00220056,0.00349224,-0.00218558,-0.00347726,0.00220056,0.00349224,-0.00218558,-0.00347726,0.00000000,0.00000000,0.00000000,0.00000000,cmd,-72.3247,-5.8285,-43.8750,16.46277543,44.11538997,1270.8097
4.230000,4393445.574146,4259833.908571,1796263.146927,-34.029416,-31.616385,257.435447,0.99838360,0.00367702,0.05670301,0.00120040,-0.00616281,-0.01947057,-0.00128433,11.1731,1271.0949,589.5049,0.00465631,0.00100638,0.763289,0.00250794,0.00364766,-0.00249263,-0.00363235,0.00220056,0.00349224,-0.00218558,-0.00347726,0.00000000,0.00000000,0.00000000,0.00000000,cmd,-72.2934,-5.7881,-44.1135,16.46279893,44.11539006,1271.0949
4.240000,4393445.233721,4259833.592244,1796265.720818,-34.055518,-31.648887,257.342748,0.99838892,0.00364590,0.05661128,0.00119765,-0.00611195,-0.01732822,-0.00042912,11.1725,1271.3794,592.1052,0.00468639,0.00100213,0.763050,0.00250794,0.00364766,-0.00249263,-0.00363235,0.00250794,0.00364766,-0.00249263,-0.00363235,0.00000000,0.00000000,0.00000000,0.00000000,cmd,-81.7907,-5.9761,-44.9939,16.46282243,44.11539015,1271.3794
4.250000,4393444.893036,4259833.275594,1796268.293783,-34.081525,-31.681162,257.250327,0.99839368,0.00361524,0.05652924,0.00119890,-0.00606509,-0.01560732,0.00029865,11.1719,1271.6633,594.7047,0.00472147,0.00099323,0.762807,0.00250794,0.00364766,-0.00249263,-0.00363235,0.00250794,0.00364766,-0.00249263,-0.00363235,0.00000000,0.00000000,0.00000000,0.00000000,cmd,-81.5331,-5.8965,-45.2058,16.46284592,44.11539025,1271.6633
4.260000,4393444.552091,4259832.958622,1796270.865825,-34.107391,-31.713101,257.158199,0.99839801,0.00358497,0.05645448,0.00120336,-0.00602190,-0.01442279,0.00084830,11.1714,1271.9465,597.3035,0.00477508,0.00097671,0.762565,0.00250794,0.00364766,-0.00249263,-0.00363235,0.00250794,0.00364766,-0.00249263,-0.00363235,0.00000000,0.00000000,0.00000000,0.00000000,cmd,-81.2764,-5.7601,-45.5621,16.46286940,44.11539034,1271.9465
4.270000,4393444.210889,4259832.641333,1796273.436947,-34.132883,-31.744440,257.064795,0.99840209,0.00355503,0.05638414,0.00121006,-0.00598207,-0.01384063,0.00118598,11.1708,1272.2291,599.9015,0.00484196,0.00095427,0.762324,0.00250794,0.00364766,-0.00249263,-0.00363235,0.00250794,0.00364766,-0.00249263,-0.00363235,0.00000000,0.00000000,0.00000000,0.00000000,cmd,-81.0207,-5.5803,-46.0232,16.46289288,44.11539043,1272.2291
4.280000,4393443.869438,4259832.323738,1796276.007094,-34.157272,-31.774472,256.964525,0.99840608,0.00352535,0.05631515,0.00121787,-0.00594532,-0.01387639,0.00129662,11.1703,1272.5110,602.4987,0.00491612,0.00092801,0.762079,0.00250794,0.00364766,-0.00249263,-0.00363235,0.00250794,0.00364766,-0.00249263,-0.00363235,0.00000000,0.00000000,0.00000000,0.00000000,cmd,-90.7142,-5.3733,-46.5431,16.46291635,44.11539052,1272.5110
4.290000,4393443.527744,4259832.005845,1796278.576239,-34.181491,-31.804071,256.864585,0.99841015,0.00349584,0.05624450,0.00122565,-0.00591137,-0.01449542,0.00118378,11.1698,1272.7922,605.0951,0.00499143,0.00090022,0.761813,0.00262811,0.00380166,-0.00261337,-0.00378692,0.00250794,0.00364766,-0.00249263,-0.00363235,0.00000000,0.00000000,0.00000000,0.00000000,cmd,-90.4339,-5.1565,-47.0725,16.46293981,44.11539061,1272.7922
4.300000,4393443.185810,4259831.687660,1796281.144387,-34.205145,-31.832821,256.763567,0.99841423,0.00346645,0.05617383,0.00123181,-0.00586297,-0.01389052,0.00065994,11.1693,1273.0729,607.6907,0.00506173,0.00087314,0.761548,0.00262811,0.00380166,-0.00261337,-0.00378692,0.00262811,0.00380166,-0.00261337,-0.00378692,0.00000000,0.00000000,0.00000000,0.00000000,cmd,-90.1546,-4.8977,-47.9711,16.46296326,44.11539070,1273.0729
4.310000,4393442.843645,4259831.369193,1796283.711483,-34.227693,-31.860338,256.655696,0.99841821,0.00343711,0.05610478,0.00123497,-0.00581833,-0.01385088,-0.00000696,11.1688,1273.3528,610.2853,0.00512909,0.00085009,0.761279,0.00280346,0.00382566,-0.00278873,-0.00381093,0.00262811,0.00380166,-0.00261337,-0.00378692,0.00000000,0.00000000,0.00000000,0.00000000,cmd,-99.8250,-4.7228,-48.4322,16.46298671,44.11539079,1273.3528
4.320000,4393442.501258,4259831.050454,1796286.277501,-34.249699,-31.887461,256.548096,0.99842207,0.00340793,0.05603772,0.00123692,-0.00577699,-0.01309970,0.00017414,11.1683,1273.6321,612.8791,0.00519829,0.00083354,0.760990,0.00280346,0.00382566,-0.00278873,-0.00381093,0.00280346,0.00382566,-0.00278873,-0.00381093,0.00000000,0.00000000,0.00000000,0.00000000,cmd,-99.5217,-4.8201,-49.1996,16.46301015,44.11539088,1273.6321
4.330000,4393442.158652,4259830.731445,1796288.842446,-34.271492,-31.914226,256.440842,0.99842580,0.00337897,0.05597291,0.00123946,-0.00573883,-0.01294759,0.00023060,11.1678,1273.9108,615.4720,0.00526895,0.00081901,0.760701,0.00280346,0.00382566,-0.00278873,-0.00381093,0.00280346,0.00382566,-0.00278873,-0.00381093,0.00000000,0.00000000,0.00000000,0.00000000,cmd,-99.2191,-4.7041,-49.6790,16.46303358,44.11539097,1273.9108
4.340000,4393441.815829,4259830.412171,1796291.406319,-34.293068,-31.940632,256.333936,0.99842957,0.00335019,0.05590740,0.00124196,-0.00570357,-0.01337550,0.00016464,11.1673,1274.1889,618.0639,0.00534252,0.00080366,0.760413,0.00280346,0.00382566,-0.00278873,-0.00381093,0.00280346,0.00382566,-0.00278873,-0.00381093,0.00000000,0.00000000,0.00000000,0.00000000,cmd,-98.9178,-4.5832,-50.1844,16.46305700,44.11539106,1274.1889
4.350000,4393441.472792,4259830.092634,1796293.969125,-34.314429,-31.966689,256.227218,0.99843352,0.00332156,0.05583842,0.00124382,-0.00567098,-0.01431982,-0.00001205,11.1668,1274.4663,620.6549,0.00541306,0.00078874,0.760126,0.00304731,0.00387543,-0.00303382,-0.00386194,0.00280346,0.00382566,-0.00278873,-0.00381093,0.00000000,0.00000000,0.00000000,0.00000000,cmd,-98.6175,-4.4667,-50.6706,16.46308041,44.11539115,1274.4663
4.360000,4393441.129547,4259829.772842,1796296.530836,-34.334262,-31.991497,256.113714,0.99843753,0.00329328,0.05576829,0.00124756,-0.00560416,-0.01383796,0.00090891,11.1664,1274.7431,623.2450,0.00547518,0.00077540,0.759840,0.00304731,0.00387543,-0.00303382,-0.00386194,0.00304731,0.00387543,-0.00303382,-0.00386194,0.00000000,0.00000000,0.00000000,0.00000000,cmd,-98.5257,-4.6463,-51.5266,16.46310382,44.11539123,1274.7431
4.370000,4393440.786107,4259829.452805,1796299.091400,-34.353804,-32.015811,255.999128,0.99844146,0.00326555,0.05569937,0.00125540,-0.00554262,-0.01383155,0.00163129,11.1660,1275.0193,625.8341,0.00553242,0.00075769,0.759532,0.00304731,0.00387543,-0.00303382,-0.00386194,0.00304731,0.00387543,-0.00303382,-0.00386194,0.00000000,0.00000000,0.00000000,0.00000000,cmd,-107.9510,-4.5007,-51.8992,16.46312721,44.11539132,1275.0193
4.380000,4393440.442471,4259829.132527,1796301.650820,-34.373272,-32.039779,255.884889,0.99844544,0.00323828,0.05562932,0.00126623,-0.00548590,-0.01427704,0.00210942,11.1655,1275.2948,628.4222,0.00559091,0.00073230,0.759222,0.00304731,0.00387543,-0.00303382,-0.00386194,0.00304731,0.00387543,-0.00303382,-0.00386194,0.00000000,0.00000000,0.00000000,0.00000000,cmd,-107.6279,-4.2990,-52.2836,16.46315060,44.11539141,1275.2948
4.390000,4393440.098641,4259828.812011,1796304.209099,-34.392692,-32.063391,255.770868,0.99844959,0.00321139,0.05555602,0.00127877,-0.00543362,-0.01511680,0.00231923,11.1651,1275.5698,631.0092,0.00564597,0.00070160,0.758912,0.00304731,0.00387543,-0.00303382,-0.00386194,0.00304731,0.00387543,-0.00303382,-0.00386194,0.00000000,0.00000000,0.00000000,0.00000000,cmd,-107.3060,-4.0598,-52.6451,16.46317398,44.11539149,1275.5698
4.400000,4393439.754617,4259828.491260,1796306.766239,-34.411936,-32.086523,255.655715,0.99845401,0.00318477,0.05547773,0.00129164,-0.00538540,-0.01626559,0.00225887,11.1647,1275.8441,633.5953,0.00569348,0.00066827,0.758603,0.00304731,0.00387543,-0.00303382,-0.00386194,0.00304731,0.00387543,-0.00303382,-0.00386194,0.00000000,0.00000000,0.00000000,0.00000000,cmd,-106.9850,-3.8035,-52.9523,16.46319735,44.11539158,1275.8441
4.410000,4393439.410406,4259828.170285,1796309.322185,-34.430308,-32.108540,255.533702,0.99845878,0.00315834,0.05539314,0.00130354,-0.00534089,-0.01761983,0.00194778,11.1643,1276.1178,636.1804,0.00573016,0.00063504,0.758290,0.00330885,0.00414992,-0.00329504,-0.00413611,0.00304731,0.00387543,-0.00303382,-0.00386194,0.00000000,0.00000000,0.00000000,0.00000000,cmd,-116.6139,-3.5506,-53.1793,16.46322071,44.11539167,1276.1178
4.420000,4393439.066013,4259827.849092,1796311.876914,-34.448301,-32.129901,255.412136,0.99846346,0.00313197,0.05530990,0.00131313,-0.00530911,-0.01574134,0.00134504,11.1639,1276.3909,638.7644,0.00575386,0.00060452,0.757957,0.00338106,0.00414559,-0.00336792,-0.00413245,0.00330885,0.00414992,-0.00329504,-0.00413611,0.00000000,0.00000000,0.00000000,0.00000000,cmd,-116.2696,-3.3015,-54.0819,16.46324406,44.11539175,1276.3909
4.430000,4393438.721441,4259827.527687,1796314.430429,-34.466188,-32.151089,255.290921,0.99846760,0.00310567,0.05523641,0.00132050,-0.00526018,-0.01374716,0.00105535,11.1635,1276.6634,641.3473,0.00577736,0.00057936,0.757625,0.00338106,0.00414559,-0.00336792,-0.00413245,0.00338106,0.00414559,-0.00336792,-0.00413245,0.00000000,0.00000000,0.00000000,0.00000000,cmd,-115.9265,-3.2250,-54.2795,16.46326740,44.11539184,1276.6634
4.440000,4393438.376690,4259827.206071,1796316.982734,-34.483996,-32.172029,255.170060,0.99847125,0.00307949,0.05517177,0.00132608,-0.00521502,-0.01221215,0.00062854,11.1631,1276.9352,643.9291,0.00581952,0.00055886,0.757294,0.00338106,0.00414559,-0.00336792,-0.00413245,0.00338106,0.00414559,-0.00336792,-0.00413245,0.00000000,0.00000000,0.00000000,0.00000000,cmd,-115.5848,-3.0704,-54.5165,16.46329073,44.11539192,1276.9352
4.450000,4393438.031761,4259826.884248,1796319.533832,-34.501444,-32.192497,255.048105,0.99847455,0.00305338,0.05511345,0.00132928,-0.00517331,-0.01123271,0.00010497,11.1627,1277.2065,646.5099,0.00587847,0.00054242,0.756964,0.00338106,0.00414559,-0.00336792,-0.00413245,0.00338106,0.00414559,-0.00336792,-0.00413245,0.00000000,0.00000000,0.00000000,0.00000000,cmd,-115.2444,-2.9476,-54.8821,16.46331405,44.11539201,1277.2065
4.460000,4393437.686662,4259826.562222,1796322.083697,-34.518656,-32.212658,254.926505,0.99847765,0.00302732,0.05505853,0.00132971,-0.00513478,-0.01085731,-0.00046970,11.1623,1277.4772,649.0896,0.00594876,0.00053109,0.756630,0.00338106,0.00414559,-0.00336792,-0.00413245,0.00338106,0.00414559,-0.00336792,-0.00413245,0.00000000,0.00000000,0.00000000,0.00000000,cmd,-124.8540,-2.8641,-55.3354,16.46333736,44.11539209,1277.4772
4.470000,4393437.341393,4259826.239999,1796324.632334,-34.534831,-32.231812,254.799441,0.99848074,0.00300129,0.05500398,0.00132724,-0.00509915,-0.01108430,-0.00104846,11.1620,1277.7472,651.6681,0.00602429,0.00052548,0.756297,0.00338106,0.00414559,-0.00336792,-0.00413245,0.00338106,0.00414559,-0.00336792,-0.00413245,0.00000000,0.00000000,0.00000000,0.00000000,cmd,-114.7718,-2.8238,-55.8316,16.46336066,44.11539218,1277.7472
4.480000,4393436.995966,4259825.917587,1796327.179688,-34.550538,-32.250546,254.671343,0.99848397,0.00297527,0.05494689,0.00132195,-0.00506617,-0.01186659,-0.00158647,11.1616,1278.0167,654.2456,0.00609908,0.00052573,0.755948,0.00338106,0.00414559,-0.00336792,-0.00413245,0.00338106,0.00414559,-0.00336792,-0.00413245,0.00000000,0.00000000,0.00000000,0.00000000,cmd,-124.1536,-2.8270,-56.3226,16.46338395,44.11539226,1278.0167
4.490000,4393436.650383,4259825.594989,1796329.725762,-34.565982,-32.269099,254.543633,0.99848748,0.00294928,0.05488470,0.00131413,-0.00503563,-0.01311569,-0.00204465,11.1613,1278.2855,656.8219,0.00616727,0.00053149,0.755595,0.00338106,0.00414559,-0.00336792,-0.00413245,0.00338106,0.00414559,-0.00336792,-0.00413245,0.00000000,0.00000000,0.00000000,0.00000000,cmd,-123.7925,-2.8710,-56.7671,16.46340723,44.11539235,1278.2855
4.500000,4393436.304647,4259825.272205,1796332.270561,-34.581205,-32.287550,254.416294,0.99849138,0.00292334,0.05481535,0.00130426,-0.00500733,-0.01471201,-0.00239221,11.1609,1278.5538,659.3970,0.00622393,0.00054203,0.755244,0.00338106,0.00414559,-0.00336792,-0.00413245,0.00338106,0.00414559,-0.00336792,-0.00413245,0.00000000,0.00000000,0.00000000,0.00000000,cmd,-123.4328,-2.9497,-57.1286,16.46343050,44.11539243,1278.5538
4.510000,4393435.958763,4259824.949241,1796334.814061,-34.595332,-32.305108,254.282159,0.99849574,0.00289746,0.05473746,0.00129295,-0.00498106,-0.01651639,-0.00260852,11.1606,1278.8215,661.9710,0.00626528,0.00055627,0.754893,0.00338106,0.00414559,-0.00336792,-0.00413245,0.00338106,0.00414559,-0.00336792,-0.00413245,0.00000000,0.00000000,0.00000000,0.00000000,cmd,-123.0744,-3.0549,-57.3784,16.46345376,44.11539251,1278.8215
4.520000,4393435.612741,4259824.626103,1796337.356206,-34.609188,-32.322564,254.146914,0.99850060,0.00287169,0.05465034,0.00128087,-0.00495666,-0.01838203,-0.00268409,11.1602,1279.0886,664.5438,0.00628914,0.00057295,0.754522,0.00352646,0.00431895,-0.00351330,-0.00430580,0.00338106,0.00414559,-0.00336792,-0.00413245,0.00000000,0.00000000,0.00000000,0.00000000,cmd,-132.4340,-3.1767,-57.4956,16.46347701,44.11539260,1279.0886
4.530000,4393435.266581,4259824.302791,1796339.897000,-34.622759,-32.339852,254.011916,0.99850569,0.00284601,0.05455898,0.00126832,-0.00493440,-0.01821522,-0.00278841,11.1599,1279.3551,667.1154,0.00629448,0.00059064,0.754148,0.00352646,0.00431895,-0.00351330,-0.00430580,0.00352646,0.00431895,-0.00351330,-0.00430580,0.00000000,0.00000000,0.00000000,0.00000000,cmd,-132.2687,-3.2646,-57.9297,16.46350025,44.11539268,1279.3551
4.540000,4393434.920286,4259823.979305,1796342.436445,-34.636341,-32.357312,253.877246,0.99851072,0.00282043,0.05446851,0.00125561,-0.00491368,-0.01802901,-0.00274772,11.1596,1279.6210,669.6857,0.00629009,0.00060892,0.753774,0.00352646,0.00431895,-0.00351330,-0.00430580,0.00352646,0.00431895,-0.00351330,-0.00430580,0.00000000,0.00000000,0.00000000,0.00000000,cmd,-131.8889,-3.3966,-57.8206,16.46352347,44.11539276,1279.6210
4.550000,4393434.573854,4259823.655644,1796344.974546,-34.649926,-32.374928,253.742907,0.99851568,0.00279498,0.05437898,0.00124345,-0.00489437,-0.01784139,-0.00257308,11.1593,1279.8863,672.2548,0.00628792,0.00062703,0.753402,0.00352646,0.00431895,-0.00351330,-0.00430580,0.00352646,0.00431895,-0.00351330,-0.00430580,0.00000000,0.00000000,0.00000000,0.00000000,cmd,-131.5106,-3.5260,-57.7279,16.46354669,44.11539285,1279.8863
4.560000,4393434.227287,4259823.331806,1796347.511304,-34.663516,-32.392681,253.608898,0.99852059,0.00276968,0.05429035,0.00123244,-0.00487634,-0.01766944,-0.00228511,11.1590,1280.1511,674.8227,0.00628800,0.00064361,0.753030,0.00352646,0.00431895,-0.00351330,-0.00430580,0.00352646,0.00431895,-0.00351330,-0.00430580,0.00000000,0.00000000,0.00000000,0.00000000,cmd,-131.1338,-3.6427,-57.6523,16.46356989,44.11539293,1280.1511
4.570000,4393433.880584,4259823.007790,1796350.046725,-34.677117,-32.410545,253.475221,0.99852544,0.00274456,0.05420250,0.00122310,-0.00485950,-0.01752806,-0.00191197,11.1587,1280.4152,677.3893,0.00629022,0.00065746,0.752659,0.00352646,0.00431895,-0.00351330,-0.00430580,0.00352646,0.00431895,-0.00351330,-0.00430580,0.00000000,0.00000000,0.00000000,0.00000000,cmd,-130.7586,-3.7381,-57.5927,16.46359309,44.11539301,1280.4152
4.580000,4393433.533745,4259822.683595,1796352.580810,-34.690738,-32.428494,253.341876,0.99853025,0.00271963,0.05411525,0.00121576,-0.00484376,-0.01742900,-0.00148670,11.1584,1280.6787,679.9547,0.00629427,0.00066769,0.752290,0.00371678,0.00450790,-0.00370510,-0.00449622,0.00352646,0.00431895,-0.00351330,-0.00430580,0.00000000,0.00000000,0.00000000,0.00000000,cmd,-130.3848,-3.8059,-57.5471,16.46361627,44.11539309,1280.6787
4.590000,4393433.186774,4259822.359225,1796355.113535,-34.703105,-32.445277,253.201806,0.99853472,0.00269499,0.05403419,0.00121063,-0.00478689,-0.01507149,-0.00103625,11.1581,1280.9417,682.5189,0.00629976,0.00067368,0.751921,0.00371678,0.00450790,-0.00370510,-0.00449622,0.00371678,0.00450790,-0.00370510,-0.00449622,0.00000000,0.00000000,0.00000000,0.00000000,cmd,-130.0125,-3.8441,-58.0510,16.46363944,44.11539317,1280.9417
4.600000,4393432.839683,4259822.034690,1796357.644847,-34.715239,-32.461823,253.060550,0.99853857,0.00267073,0.05396425,0.00120773,-0.00473438,-0.01299698,-0.00060403,11.1578,1281.2041,685.0819,0.00631612,0.00067520,0.751533,0.00374836,0.00455143,-0.00373797,-0.00454105,0.00371678,0.00450790,-0.00370510,-0.00449622,0.00000000,0.00000000,0.00000000,0.00000000,cmd,-139.3546,-3.8468,-58.0737,16.46366260,44.11539325,1281.2041
4.610000,4393432.492470,4259821.709990,1796360.174748,-34.727209,-32.478134,252.919673,0.99854184,0.00264691,0.05390482,0.00120671,-0.00464884,-0.01088861,-0.00029269,11.1575,1281.4658,687.6436,0.00635454,0.00067230,0.751140,0.00374836,0.00455143,-0.00373797,-0.00454105,0.00374836,0.00455143,-0.00373797,-0.00454105,0.00000000,0.00000000,0.00000000,0.00000000,cmd,-138.9594,-3.8003,-58.3671,16.46368575,44.11539333,1281.4658
4.620000,4393432.145139,4259821.385128,1796362.703242,-34.738998,-32.494189,252.779180,0.99854462,0.00262356,0.05385451,0.00120708,-0.00457002,-0.00935834,-0.00004987,11.1573,1281.7270,690.2039,0.00641284,0.00066584,0.750749,0.00374836,0.00455143,-0.00373797,-0.00454105,0.00374836,0.00455143,-0.00373797,-0.00454105,0.00000000,0.00000000,0.00000000,0.00000000,cmd,-138.7859,-3.7458,-58.6974,16.46370888,44.11539341,1281.7270
4.630000,4393431.797691,4259821.060107,1796365.230333,-34.750556,-32.509919,252.639116,0.99854706,0.00260064,0.05381021,0.00120845,-0.00449737,-0.00849354,0.00010971,11.1570,1281.9876,692.7630,0.00648816,0.00065680,0.750359,0.00374836,0.00455143,-0.00373797,-0.00454105,0.00374836,0.00455143,-0.00373797,-0.00454105,0.00000000,0.00000000,0.00000000,0.00000000,cmd,-138.3941,-3.6730,-59.1559,16.46373201,44.11539349,1281.9876
4.640000,4393431.450129,4259820.734931,1796367.756025,-34.761853,-32.525286,252.499488,0.99854937,0.00257809,0.05376848,0.00121038,-0.00443039,-0.00832627,0.00017843,11.1568,1282.2476,695.3208,0.00657388,0.00064598,0.749969,0.00374836,0.00455143,-0.00373797,-0.00454105,0.00374836,0.00455143,-0.00373797,-0.00454105,0.00000000,0.00000000,0.00000000,0.00000000,cmd,-138.0038,-3.5882,-59.6943,16.46375512,44.11539357,1282.2476
4.650000,4393431.102455,4259820.409603,1796370.280324,-34.772890,-32.540286,252.360295,0.99855172,0.00255587,0.05372588,0.00121241,-0.00436862,-0.00883399,0.00015592,11.1565,1282.5070,697.8773,0.00666294,0.00063430,0.749581,0.00374836,0.00455143,-0.00373797,-0.00454105,0.00374836,0.00455143,-0.00373797,-0.00454105,0.00000000,0.00000000,0.00000000,0.00000000,cmd,-137.6151,-3.4979,-60.2612,16.46377822,44.11539365,1282.5070
4.660000,4393430.754672,4259820.084126,1796372.803233,-34.783687,-32.554947,252.221497,0.99855428,0.00253393,0.05367920,0.00121409,-0.00431163,-0.00994446,0.00004873,11.1562,1282.7659,700.4325,0.00674843,0.00062267,0.749193,0.00374836,0.00455143,-0.00373797,-0.00454105,0.00374836,0.00455143,-0.00373797,-0.00454105,0.00000000,0.00000000,0.00000000,0.00000000,cmd,-137.2279,-3.4090,-60.8060,16.46380131,44.11539373,1282.7659
4.670000,4393430.406786,4259819.758508,1796375.324727,-34.793351,-32.568441,252.075967,0.99855721,0.00251224,0.05362570,0.00121501,-0.00425903,-0.01154454,-0.00013057,11.1560,1283.0242,702.9865,0.00682408,0.00061197,0.748807,0.00374836,0.00455143,-0.00373797,-0.00454105,0.00374836,0.00455143,-0.00373797,-0.00454105,0.00000000,0.00000000,0.00000000,0.00000000,cmd,-137.0648,-3.3278,-61.2826,16.46382439,44.11539381,1283.0242
4.680000,4393430.058801,4259819.432754,1796377.844782,-34.803465,-32.582281,251.935135,0.99856061,0.00249075,0.05356329,0.00121485,-0.00421044,-0.01349053,-0.00036464,11.1557,1283.2819,705.5391,0.00688489,0.00060297,0.748400,0.00374836,0.00455143,-0.00373797,-0.00454105,0.00374836,0.00455143,-0.00373797,-0.00454105,0.00000000,0.00000000,0.00000000,0.00000000,cmd,-146.1672,-3.2595,-61.6495,16.46384746,44.11539389,1283.2819
4.690000,4393429.710720,4259819.106867,1796380.363401,-34.812758,-32.595295,251.788804,0.99856456,0.00246944,0.05349064,0.00121340,-0.00416555,-0.01562023,-0.00063306,11.1555,1283.5391,708.0904,0.00692677,0.00059622,0.748008,0.00374836,0.00455143,-0.00373797,-0.00454105,0.00374836,0.00455143,-0.00373797,-0.00454105,0.00000000,0.00000000,0.00000000,0.00000000,cmd,-145.9994,-3.2082,-61.8838,16.46387051,44.11539397,1283.5391
4.700000,4393429.362546,4259818.780848,1796382.880559,-34.822095,-32.608325,251.642840,0.99856908,0.00244829,0.05340725,0.00121052,-0.00412405,-0.01776724,-0.00091389,11.1553,1283.7957,710.6403,0.00694784,0.00059215,0.747599,0.00374836,0.00455143,-0.00373797,-0.00454105,0.00374836,0.00455143,-0.00373797,-0.00454105,0.00000000,0.00000000,0.00000000,0.00000000,cmd,-145.5931,-3.1765,-61.9644,16.46389355,44.11539405,1283.7957
4.710000,4393429.014278,4259818.454700,1796385.396259,-34.831556,-32.621476,251.497220,0.99857415,0.00242728,0.05331344,0.00120622,-0.00408565,-0.01977256,-0.00118552,11.1551,1284.0517,713.1890,0.00694747,0.00059089,0.747191,0.00374836,0.00455143,-0.00373797,-0.00454105,0.00374836,0.00455143,-0.00373797,-0.00454105,0.00000000,0.00000000,0.00000000,0.00000000,cmd,-145.1885,-3.1654,-61.8901,16.46391658,44.11539412,1284.0517
4.720000,4393428.665914,4259818.128418,1796387.910505,-34.841217,-32.634844,251.351922,0.99857971,0.00240639,0.05321026,0.00120060,-0.00405011,-0.02149667,-0.00142823,11.1548,1284.3072,715.7362,0.00692682,0.00059239,0.746784,0.00393558,0.00473447,-0.00392537,-0.00472426,0.00374836,0.00455143,-0.00373797,-0.00454105,0.00000000,0.00000000,0.00000000,0.00000000,cmd,-144.7854,-3.1743,-61.6684,16.46393960,44.11539420,1284.3072
4.730000,4393428.317454,4259817.802003,1796390.423299,-34.850806,-32.648190,251.207010,0.99858537,0.00238563,0.05310497,0.00119392,-0.00401228,-0.02062902,-0.00160108,11.1546,1284.5621,718.2821,0.00688848,0.00059640,0.746378,0.00393558,0.00473447,-0.00392537,-0.00472426,0.00393558,0.00473447,-0.00392537,-0.00472426,0.00000000,0.00000000,0.00000000,0.00000000,cmd,-144.3840,-3.2067,-61.8303,16.46396261,44.11539428,1284.5621
4.740000,4393427.968897,4259817.475454,1796392.934646,-34.860625,-32.661816,251.062404,0.99859076,0.00236501,0.05300468,0.00118651,-0.00397726,-0.01950693,-0.00171883,11.1544,1284.8164,720.8267,0.00684555,0.00060235,0.745973,0.00393558,0.00473447,-0.00392537,-0.00472426,0.00393558,0.00473447,-0.00392537,-0.00472426,0.00000000,0.00000000,0.00000000,0.00000000,cmd,-143.9843,-3.2467,-61.4266,16.46398560,44.11539436,1284.8164
4.750000,4393427.620241,4259817.148766,1796395.444548,-34.870615,-32.675673,250.918118,0.99859581,0.00234452,0.05291043,0.00117868,-0.00394483,-0.01823068,-0.00177571,11.1542,1285.0702,723.3699,0.00681398,0.00060958,0.745570,0.00404622,0.00483666,-0.00403678,-0.00482723,0.00393558,0.00473447,-0.00392537,-0.00472426,0.00000000,0.00000000,0.00000000,0.00000000,cmd,-143.5861,-3.2954,-61.1038,16.46400858,44.11539443,1285.0702
4.760000,4393427.271486,4259816.821940,1796397.953010,-34.880519,-32.689523,250.774211,0.99860035,0.00232424,0.05282589,0.00117084,-0.00389323,-0.01564379,-0.00172186,11.1540,1285.3234,725.9118,0.00679554,0.00061750,0.745167,0.00404622,0.00483666,-0.00403678,-0.00482723,0.00404622,0.00483666,-0.00403678,-0.00482723,0.00000000,0.00000000,0.00000000,0.00000000,cmd,-143.1896,-3.3600,-61.1693,16.46403155,44.11539451,1285.3234
4.770000,4393426.922631,4259816.494976,1796400.460034,-34.890433,-32.703440,250.630661,0.99860421,0.00230421,0.05275390,0.00116343,-0.00384557,-0.01323446,-0.00161510,11.1537,1285.5760,728.4523,0.00679622,0.00062518,0.744765,0.00404622,0.00483666,-0.00403678,-0.00482723,0.00404622,0.00483666,-0.00403678,-0.00482723,0.00000000,0.00000000,0.00000000,0.00000000,cmd,-142.7946,-3.4103,-61.0677,16.46405451,44.11539459,1285.5760
4.780000,4393426.573696,4259816.167889,1796402.965492,-34.895703,-32.713031,250.454483,0.99860746,0.00228443,0.05269324,0.00115667,-0.00380150,-0.01112690,-0.00146840,11.1100,1285.8281,730.9915,0.00682215,0.00063188,0.744365,0.00404622,0.00483666,-0.00403678,-0.00482723,0.00404622,0.00483666,-0.00403678,-0.00482723,0.00000000,0.00000000,0.00000000,0.00000000,cmd,-142.4013,-3.4530,-61.1488,16.46407745,44.11539466,1285.8281
4.790000,4393426.224717,4259815.840715,1796405.469125,-34.899912,-32.721648,250.272203,0.99861022,0.00226489,0.05264195,0.00115073,-0.00376072,-0.00950509,-0.00129265,11.1100,1286.0796,733.5293,0.00687050,0.00063720,0.743868,0.00404622,0.00483666,-0.00403678,-0.00482723,0.00404622,0.00483666,-0.00403678,-0.00482723,0.00000000,0.00000000,0.00000000,0.00000000,cmd,-186.1892,-3.4843,-61.3716,16.46410039,44.11539474,1286.0796
4.800000,4393425.875698,4259815.513457,1796407.970938,-34.903911,-32.730072,250.090443,0.99861262,0.00224559,0.05259731,0.00114572,-0.00372294,-0.00847578,-0.00110193,11.1100,1286.3305,736.0653,0.00693682,0.00064079,0.743352,0.00404622,0.00483666,-0.00403678,-0.00482723,0.00404622,0.00483666,-0.00403678,-0.00482723,0.00000000,0.00000000,0.00000000,0.00000000,cmd,-185.6822,-3.5028,-61.7215,16.46412330,44.11539481,1286.3305
4.810000,4393425.526640,4259815.186115,1796410.470936,-34.907667,-32.738254,249.909213,0.99861483,0.00222652,0.05255622,0.00114167,-0.00368792,-0.00808642,-0.00091112,11.1100,1286.5808,738.5996,0.00701521,0.00064247,0.742838,0.00413863,0.00493878,-0.00412938,-0.00492953,0.00404622,0.00483666,-0.00403678,-0.00482723,0.00000000,0.00000000,0.00000000,0.00000000,cmd,-185.1775,-3.5075,-62.1607,16.46414620,44.11539489,1286.5808
4.820000,4393425.177546,4259814.858693,1796412.969124,-34.911013,-32.745999,249.728556,0.99861687,0.00220767,0.05251835,0.00113839,-0.00365032,-0.00719386,-0.00078995,11.1100,1286.8304,741.1322,0.00709923,0.00064223,0.742325,0.00413863,0.00493878,-0.00412938,-0.00492953,0.00413863,0.00493878,-0.00412938,-0.00492953,0.00000000,0.00000000,0.00000000,0.00000000,cmd,-184.6749,-3.4851,-62.9087,16.46416909,44.11539496,1286.8304
4.830000,4393424.828421,4259814.531196,1796415.465509,-34.914093,-32.753453,249.548433,0.99861876,0.00218902,0.05248319,0.00113567,-0.00361547,-0.00699905,-0.00068897,11.1100,1287.0795,743.6631,0.00718718,0.00064048,0.741813,0.00413863,0.00493878,-0.00412938,-0.00492953,0.00413863,0.00493878,-0.00412938,-0.00492953,0.00000000,0.00000000,0.00000000,0.00000000,cmd,-184.1745,-3.4660,-63.4133,16.46419196,44.11539504,1287.0795
4.840000,4393424.479265,4259814.203625,1796417.960095,-34.916907,-32.760610,249.368842,0.99862069,0.00217056,0.05244730,0.00113338,-0.00358315,-0.00748211,-0.00061451,11.1100,1287.3281,746.1922,0.00727889,0.00063768,0.741303,0.00413863,0.00493878,-0.00412938,-0.00492953,0.00413863,0.00493878,-0.00412938,-0.00492953,0.00000000,0.00000000,0.00000000,0.00000000,cmd,-183.6762,-3.4396,-63.9481,16.46421481,44.11539511,1287.3281
4.850000,4393424.130083,4259813.875984,1796420.452887,-34.919484,-32.767492,249.189776,0.99862283,0.00215228,0.05240743,0.00113137,-0.00355316,-0.00857458,-0.00057061,11.1100,1287.5760,748.7197,0.00736740,0.00063407,0.740794,0.00456214,0.00517145,-0.00455286,-0.00516217,0.00413863,0.00493878,-0.00412938,-0.00492953,0.00000000,0.00000000,0.00000000,0.00000000,cmd,-183.1801,-3.4078,-64.4638,16.46423765,44.11539518,1287.5760
4.860000,4393423.780880,4259813.548278,1796422.943892,-34.921155,-32.773742,249.011367,0.99862481,0.00213430,0.05237042,0.00113224,-0.00352592,-0.00635334,0.00052802,11.1100,1287.8234,751.2455,0.00744639,0.00062997,0.740286,0.00456214,0.00517145,-0.00455286,-0.00516217,0.00456214,0.00517145,-0.00455286,-0.00516217,0.00000000,0.00000000,0.00000000,0.00000000,cmd,-182.6861,-3.6307,-65.8017,16.46426048,44.11539526,1287.8234
4.870000,4393423.431661,4259813.220511,1796425.433116,-34.922638,-32.779654,248.833479,0.99862629,0.00211670,0.05234272,0.00113827,-0.00350059,-0.00485605,0.00147988,11.1100,1288.0702,753.7695,0.00752663,0.00061934,0.739780,0.00456214,0.00517145,-0.00455286,-0.00516217,0.00456214,0.00517145,-0.00455286,-0.00516217,0.00000000,0.00000000,0.00000000,0.00000000,cmd,-182.1942,-3.5413,-66.2331,16.46428329,44.11539533,1288.0702
4.880000,4393423.082428,4259812.892686,1796427.920564,-34.923912,-32.785131,248.656125,0.99862748,0.00209944,0.05232052,0.00114856,-0.00347703,-0.00415643,0.00222372,11.1100,1288.3164,756.2919,0.00762393,0.00059881,0.739275,0.00456214,0.00517145,-0.00455286,-0.00516217,0.00456214,0.00517145,-0.00455286,-0.00516217,0.00000000,0.00000000,0.00000000,0.00000000,cmd,-181.7044,-3.3836,-66.7886,16.46430608,44.11539540,1288.3164
4.890000,4393422.733183,4259812.564810,1796430.406241,-34.924979,-32.790123,248.479308,0.99862858,0.00208245,0.05229977,0.00116196,-0.00345510,-0.00426605,0.00271677,11.1100,1288.5621,758.8126,0.00773030,0.00057038,0.738771,0.00456214,0.00517145,-0.00455286,-0.00516217,0.00456214,0.00517145,-0.00455286,-0.00516217,0.00000000,0.00000000,0.00000000,0.00000000,cmd,-181.2167,-3.1725,-67.4122,16.46432886,44.11539548,1288.5621
4.900000,4393422.383929,4259812.236886,1796432.890152,-34.925867,-32.794624,248.303024,0.99862982,0.00206567,0.05227654,0.00117712,-0.00343466,-0.00513702,0.00293675,11.1100,1288.8073,761.3316,0.00783752,0.00053652,0.738268,0.00456214,0.00517145,-0.00455286,-0.00516217,0.00456214,0.00517145,-0.00455286,-0.00516217,0.00000000,0.00000000,0.00000000,0.00000000,cmd,-180.7311,-2.9259,-68.0457,16.46435162,44.11539555,1288.8073
4.910000,4393422.034666,4259811.908919,1796435.372303,-34.926622,-32.798672,248.127260,0.99863136,0.00204902,0.05224727,0.00119268,-0.00341559,-0.00666897,0.00288233,11.1100,1289.0519,763.8489,0.00793774,0.00049994,0.737767,0.00476202,0.00550223,-0.00475282,-0.00549303,0.00456214,0.00517145,-0.00455286,-0.00516217,0.00000000,0.00000000,0.00000000,0.00000000,cmd,-180.2476,-2.6633,-68.6339,16.46437437,44.11539562,1289.0519
4.920000,4393421.685398,4259811.580916,1796437.852699,-34.926951,-32.801794,247.952115,0.99863298,0.00203231,0.05221667,0.00120545,-0.00339582,-0.00566996,0.00183520,11.1100,1289.2960,766.3646,0.00802406,0.00046344,0.737267,0.00476202,0.00550223,-0.00475282,-0.00549303,0.00476202,0.00550223,-0.00475282,-0.00549303,0.00000000,0.00000000,0.00000000,0.00000000,cmd,-179.7661,-2.2293,-69.8366,16.46439710,44.11539569,1289.2960
4.930000,4393421.336128,4259811.252884,1796440.331347,-34.927143,-32.804587,247.777472,0.99863443,0.00201541,0.05218951,0.00121260,-0.00337737,-0.00530465,0.00064574,11.1100,1289.5395,768.8785,0.00810376,0.00043393,0.736768,0.00505773,0.00566229,-0.00504878,-0.00565334,0.00476202,0.00550223,-0.00475282,-0.00549303,0.00000000,0.00000000,0.00000000,0.00000000,cmd,-179.2867,-2.0278,-70.2621,16.46441982,44.11539576,1289.5395
4.940000,4393420.986859,4259810.924827,1796442.808251,-34.926639,-32.806817,247.603433,0.99863552,0.00199838,0.05216917,0.00121557,-0.00335344,-0.00295918,0.00016758,11.1100,1289.7826,771.3908,0.00818884,0.00041622,0.736271,0.00505773,0.00566229,-0.00504878,-0.00565334,0.00505773,0.00566229,-0.00504878,-0.00565334,0.00000000,0.00000000,0.00000000,0.00000000,cmd,-178.8093,-2.0907,-71.3350,16.46444252,44.11539583,1289.7826
4.950000,4393420.637596,4259810.596749,1796445.283417,-34.925846,-32.808706,247.429912,0.99863611,0.00198133,0.05215853,0.00121606,-0.00333116,-0.00143977,-0.00034852,11.1100,1290.0251,773.9015,0.00828384,0.00040652,0.735775,0.00505773,0.00566229,-0.00504878,-0.00565334,0.00505773,0.00566229,-0.00504878,-0.00565334,0.00000000,0.00000000,0.00000000,0.00000000,cmd,-178.3338,-2.0235,-71.8526,16.46446521,44.11539591,1290.0251
4.960000,4393420.288343,4259810.268654,1796447.756851,-34.924685,-32.810218,247.256922,0.99863642,0.00196424,0.05215326,0.00121397,-0.00331041,-0.00081505,-0.00086373,11.1100,1290.2671,776.4104,0.00839631,0.00040197,0.735280,0.00505773,0.00566229,-0.00504878,-0.00565334,0.00505773,0.00566229,-0.00504878,-0.00565334,0.00000000,0.00000000,0.00000000,0.00000000,cmd,-177.8604,-1.9926,-72.4960,16.46448788,44.11539598,1290.2671
4.970000,4393419.939104,4259809.940546,1796450.228557,-34.923113,-32.811357,247.084467,0.99863669,0.00194712,0.05214887,0.00120938,-0.00329107,-0.00108574,-0.00134141,11.1100,1290.5087,778.9177,0.00851725,0.00040264,0.734786,0.00505773,0.00566229,-0.00504878,-0.00565334,0.00505773,0.00566229,-0.00504878,-0.00565334,0.00000000,0.00000000,0.00000000,0.00000000,cmd,-177.3890,-1.9980,-73.2028,16.46451053,44.11539605,1290.5087
4.980000,4393419.589882,4259809.612428,1796452.698542,-34.921130,-32.812160,246.912538,0.99863714,0.00192999,0.05214101,0.00120255,-0.00327302,-0.00218842,-0.00174963,11.1100,1290.7497,781.4234,0.00863755,0.00040820,0.734294,0.00505773,0.00566229,-0.00504878,-0.00565334,0.00505773,0.00566229,-0.00504878,-0.00565334,0.00000000,0.00000000,0.00000000,0.00000000,cmd,-176.9195,-2.0369,-73.9095,16.46453318,44.11539612,1290.7497
4.990000,4393419.240682,4259809.284303,1796455.166810,-34.918775,-32.812696,246.741123,0.99863798,0.00191285,0.05212582,0.00119390,-0.00325615,-0.00400377,-0.00206312,11.1100,1290.9903,783.9274,0.00874862,0.00041801,0.733803,0.00524959,0.00588377,-0.00524074,-0.00587493,0.00505773,0.00566229,-0.00504878,-0.00565334,0.00000000,0.00000000,0.00000000,0.00000000,cmd,-176.4520,-2.1045,-74.5564,16.46455580,44.11539619,1290.9903
5.000000,4393418.891509,4259808.956176,1796457.633367,-34.915790,-32.812692,246.570288,0.99863906,0.00189572,0.05210601,0.00118352,-0.00323768,-0.00402900,-0.00242895,11.1100,1291.2304,786.4297,0.00884298,0.00043115,0.733313,0.00524959,0.00588377,-0.00524074,-0.00587493,0.00524959,0.00588377,-0.00524074,-0.00587493,0.00000000,0.00000000,0.00000000,0.00000000,cmd,-175.9865,-2.1552,-75.6349,16.46457842,44.11539626,1291.2304
5.010000,4393418.542367,4259808.628050,1796460.098217,-34.912516,-32.812552,246.399937,0.99864022,0.00187860,0.05208463,0.00117165,-0.00322043,-0.00462735,-0.00265745,11.1100,1291.4700,788.9304,0.00892461,0.00044747,0.732824,0.00544319,0.00602755,-0.00543464,-0.00601901,0.00524959,0.00588377,-0.00524074,-0.00587493,0.00000000,0.00000000,0.00000000,0.00000000,cmd,-175.5228,-2.2669,-76.0658,16.46460101,44.11539633,1291.4700
5.020000,4393418.193261,4259808.299927,1796462.561367,-34.908651,-32.812073,246.230132,0.99864135,0.00186158,0.05206377,0.00115969,-0.00319615,-0.00382632,-0.00246452,11.1100,1291.7092,791.4295,0.00900168,0.00046634,0.732336,0.00544319,0.00602755,-0.00543464,-0.00601901,0.00544319,0.00602755,-0.00543464,-0.00601901,0.00000000,0.00000000,0.00000000,0.00000000,cmd,-175.0611,-2.4600,-76.9105,16.46462359,44.11539640,1291.7092
5.030000,4393417.844195,4259807.971809,1796465.022821,-34.904518,-32.811466,246.060803,0.99864235,0.00184475,0.05204546,0.00114899,-0.00317357,-0.00360470,-0.00215581,11.1100,1291.9479,793.9269,0.00907696,0.00048468,0.731850,0.00544319,0.00602755,-0.00543464,-0.00601901,0.00544319,0.00602755,-0.00543464,-0.00601901,0.00000000,0.00000000,0.00000000,0.00000000,cmd,-174.6013,-2.5804,-77.2880,16.46464616,44.11539647,1291.9479
5.040000,4393417.495172,4259807.643698,1796467.482585,-34.900127,-32.810712,245.891948,0.99864336,0.00182811,0.05202682,0.00114006,-0.00315253,-0.00395127,-0.00175919,11.1100,1292.1862,796.4227,0.00915605,0.00050008,0.731365,0.00544319,0.00602755,-0.00543464,-0.00601901,0.00544319,0.00602755,-0.00543464,-0.00601901,0.00000000,0.00000000,0.00000000,0.00000000,cmd,-174.1434,-2.6795,-77.6948,16.46466872,44.11539654,1292.1862
5.050000,4393417.146194,4259807.315595,1796469.940662,-34.895513,-32.809809,245.723561,0.99864453,0.00181169,0.05200513,0.00113325,-0.00313293,-0.00481529,-0.00130722,11.1100,1292.4240,798.9168,0.00923316,0.00051162,0.730881,0.00569860,0.00638009,-0.00569053,-0.00637202,0.00544319,0.00602755,-0.00543464,-0.00601901,0.00000000,0.00000000,0.00000000,0.00000000,cmd,-173.6874,-2.7511,-78.0909,16.46469125,44.11539661,1292.4240
5.060000,4393416.797264,4259806.987505,1796472.397058,-34.890299,-32.808201,245.555763,0.99864553,0.00179544,0.05198658,0.00112742,-0.00310215,-0.00270859,-0.00136692,11.1100,1292.6614,801.4094,0.00930291,0.00051867,0.730398,0.00569860,0.00638009,-0.00569053,-0.00637202,0.00569860,0.00638009,-0.00569053,-0.00637202,0.00000000,0.00000000,0.00000000,0.00000000,cmd,-173.2333,-2.6652,-79.2300,16.46471378,44.11539668,1292.6614
5.070000,4393416.448388,4259806.659432,1796474.851779,-34.884861,-32.806416,245.388433,0.99864607,0.00177932,0.05197701,0.00112140,-0.00307357,-0.00123800,-0.00138526,11.1100,1292.8983,803.9003,0.00937505,0.00052407,0.729916,0.00569860,0.00638009,-0.00569053,-0.00637202,0.00569860,0.00638009,-0.00569053,-0.00637202,0.00000000,0.00000000,0.00000000,0.00000000,cmd,-172.7810,-2.6983,-79.5698,16.46473629,44.11539674,1292.8983
5.080000,4393416.099568,4259806.331378,1796477.304829,-34.879139,-32.804396,245.221584,0.99864631,0.00176333,0.05197302,0.00111540,-0.00304702,-0.00047706,-0.00136317,11.1100,1293.1348,806.3895,0.00946383,0.00052973,0.729436,0.00569860,0.00638009,-0.00569053,-0.00637202,0.00569860,0.00638009,-0.00569053,-0.00637202,0.00000000,0.00000000,0.00000000,0.00000000,cmd,-172.3306,-2.7327,-80.0265,16.46475878,44.11539681,1293.1348
5.090000,4393415.750807,4259806.003345,1796479.756212,-34.873110,-32.802113,245.055219,0.99864645,0.00174748,0.05197101,0.00110959,-0.00302235,-0.00044550,-0.00130435,11.1100,1293.3709,808.8772,0.00956214,0.00053524,0.728956,0.00569860,0.00638009,-0.00569053,-0.00637202,0.00569860,0.00638009,-0.00569053,-0.00637202,0.00000000,0.00000000,0.00000000,0.00000000,cmd,-171.8821,-2.7656,-80.5518,16.46478126,44.11539688,1293.3709
5.100000,4393415.402107,4259805.675336,1796482.205935,-34.866781,-32.799567,244.889337,0.99864667,0.00173177,0.05196739,0.00110416,-0.00299940,-0.00111092,-0.00121486,11.1100,1293.6066,811.3632,0.00966258,0.00054020,0.728478,0.00569860,0.00638009,-0.00569053,-0.00637202,0.00569860,0.00638009,-0.00569053,-0.00637202,0.00000000,0.00000000,0.00000000,0.00000000,cmd,-171.4353,-2.7944,-81.0952,16.46480372,44.11539695,1293.6066
5.110000,4393415.053472,4259805.347354,1796484.654000,-34.860187,-32.796787,244.723928,0.99864715,0.00171620,0.05195887,0.00109921,-0.00297803,-0.00239402,-0.00110256,11.1100,1293.8419,813.8477,0.00975801,0.00054431,0.728001,0.00569860,0.00638009,-0.00569053,-0.00637202,0.00569860,0.00638009,-0.00569053,-0.00637202,0.00000000,0.00000000,0.00000000,0.00000000,cmd,-170.9904,-2.8172,-81.6082,16.46482617,44.11539702,1293.8419
5.120000,4393414.704904,4259805.019401,1796487.100415,-34.853393,-32.793823,244.558975,0.99864802,0.00170077,0.05194264,0.00109484,-0.00295813,-0.00417670,-0.00097648,11.1100,1294.0767,816.3305,0.00984199,0.00054732,0.727526,0.00569860,0.00638009,-0.00569053,-0.00637202,0.00569860,0.00638009,-0.00569053,-0.00637202,0.00000000,0.00000000,0.00000000,0.00000000,cmd,-170.5473,-2.8322,-82.0468,16.46484861,44.11539709,1294.0767
5.130000,4393414.356404,4259804.691478,1796489.545181,-34.846479,-32.790746,244.394460,0.99864941,0.00168548,0.05191656,0.00109110,-0.00293958,-0.00631253,-0.00084608,11.1100,1294.3112,818.8117,0.00990925,0.00054907,0.727051,0.00591136,0.00654272,-0.00590311,-0.00653447,0.00569860,0.00638009,-0.00569053,-0.00637202,0.00000000,0.00000000,0.00000000,0.00000000,cmd,-170.1061,-2.8386,-82.3748,16.46487103,44.11539715,1294.3112
5.140000,4393414.007976,4259804.363588,1796491.988306,-34.839195,-32.787372,244.230438,0.99865110,0.00167035,0.05188447,0.00108867,-0.00292695,-0.00657056,-0.00044987,11.1100,1294.5453,821.2914,0.00995592,0.00054950,0.726578,0.00591136,0.00654272,-0.00590311,-0.00653447,0.00591136,0.00654272,-0.00590311,-0.00653447,0.00000000,0.00000000,0.00000000,0.00000000,cmd,-169.6666,-2.9003,-83.0459,16.46489344,44.11539722,1294.5453
5.150000,4393413.659620,4259804.035731,1796494.429792,-34.831935,-32.783976,244.066821,0.99865289,0.00165538,0.05185056,0.00108812,-0.00291509,-0.00703926,-0.00009448,11.1100,1294.7789,823.7694,0.00998847,0.00054707,0.726105,0.00591136,0.00654272,-0.00590311,-0.00653447,0.00591136,0.00654272,-0.00590311,-0.00653447,0.00000000,0.00000000,0.00000000,0.00000000,cmd,-169.2289,-2.8765,-83.1264,16.46491583,44.11539729,1294.7789
5.160000,4393413.311337,4259803.707908,1796496.869643,-34.824730,-32.780563,243.903602,0.99865482,0.00164055,0.05181386,0.00108918,-0.00290394,-0.00767901,0.00019771,11.1100,1295.0122,826.2458,0.01001718,0.00054098,0.725634,0.00614341,0.00678252,-0.00613555,-0.00677466,0.00591136,0.00654272,-0.00590311,-0.00653447,0.00000000,0.00000000,0.00000000,0.00000000,cmd,-168.7930,-2.8284,-83.1825,16.46493821,44.11539735,1295.0122
5.170000,4393412.963127,4259803.380121,1796499.307865,-34.817236,-32.776762,243.740874,0.99865659,0.00162586,0.05178016,0.00109141,-0.00288335,-0.00585223,0.00036826,11.1100,1295.2451,828.7207,0.01004024,0.00053182,0.725164,0.00614341,0.00678252,-0.00613555,-0.00677466,0.00614341,0.00678252,-0.00613555,-0.00677466,0.00000000,0.00000000,0.00000000,0.00000000,cmd,-168.3589,-2.7505,-83.8027,16.46496057,44.11539742,1295.2451
5.180000,4393412.614992,4259803.052373,1796501.744462,-34.809785,-32.772900,243.578547,0.99865792,0.00161129,0.05175488,0.00109428,-0.00286416,-0.00432625,0.00045264,11.1100,1295.4776,831.1939,0.01006717,0.00052062,0.724696,0.00614341,0.00678252,-0.00613555,-0.00677466,0.00614341,0.00678252,-0.00613555,-0.00677466,0.00000000,0.00000000,0.00000000,0.00000000,cmd,-167.9265,-2.6700,-83.8284,16.46498292,44.11539749,1295.4776
5.190000,4393412.266932,4259802.724664,1796504.179438,-34.802316,-32.768914,243.416636,0.99865890,0.00159682,0.05173626,0.00109736,-0.00284626,-0.00319425,0.00044949,11.1100,1295.7097,833.6656,0.01011072,0.00050842,0.724228,0.00614341,0.00678252,-0.00613555,-0.00677466,0.00614341,0.00678252,-0.00613555,-0.00677466,0.00000000,0.00000000,0.00000000,0.00000000,cmd,-167.4959,-2.5837,-83.9674,16.46500526,44.11539755,1295.7097
5.200000,4393411.918946,4259802.396995,1796506.612796,-34.794783,-32.764763,243.255148,0.99865965,0.00158242,0.05172218,0.00110022,-0.00282955,-0.00251734,0.00036355,11.1100,1295.9415,836.1357,0.01016703,0.00049610,0.723761,0.00614341,0.00678252,-0.00613555,-0.00677466,0.00614341,0.00678252,-0.00613555,-0.00677466,0.00000000,0.00000000,0.00000000,0.00000000,cmd,-167.0671,-2.4975,-84.1940,16.46502758,44.11539762,1295.9415
5.210000,4393411.571036,4259802.069369,1796509.044542,-34.787154,-32.760425,243.094090,0.99866029,0.00156806,0.05171028,0.00110247,-0.00281394,-0.00232205,0.00020493,11.1100,1296.1728,838.6043,0.01023157,0.00048452,0.723296,0.00614341,0.00678252,-0.00613555,-0.00677466,0.00614341,0.00678252,-0.00613555,-0.00677466,0.00000000,0.00000000,0.00000000,0.00000000,cmd,-166.6399,-2.4172,-84.4780,16.46504988,44.11539768,1296.1728
5.220000,4393411.223204,4259801.741787,1796511.474679,-34.779416,-32.755905,242.933460,0.99866094,0.00155373,0.05169816,0.00110376,-0.00279934,-0.00260053,-0.00001183,11.1100,1296.4038,841.0712,0.01029947,0.00047442,0.722831,0.00627950,0.00703017,-0.00627186,-0.00702253,0.00614341,0.00678252,-0.00613555,-0.00677466,0.00000000,0.00000000,0.00000000,0.00000000,cmd,-166.2145,-2.3475,-84.7872,16.46507218,44.11539775,1296.4038
5.230000,4393410.875450,4259801.414254,1796513.903213,-34.771343,-32.750837,242.773334,0.99866145,0.00153935,0.05168880,0.00110237,-0.00278027,-0.00123150,-0.00086166,11.1100,1296.6344,843.5366,0.01036591,0.00046642,0.722368,0.00627950,0.00703017,-0.00627186,-0.00702253,0.00627950,0.00703017,-0.00627186,-0.00702253,0.00000000,0.00000000,0.00000000,0.00000000,cmd,-165.7908,-2.1520,-85.5722,16.46509445,44.11539781,1296.6344
5.240000,4393410.527777,4259801.086771,1796516.330148,-34.763090,-32.745615,242.613639,0.99866167,0.00152483,0.05168492,0.00109681,-0.00276249,-0.00041544,-0.00167298,11.1100,1296.8647,846.0005,0.01043511,0.00046442,0.721906,0.00652561,0.00712409,-0.00651809,-0.00711658,0.00627950,0.00703017,-0.00627186,-0.00702253,0.00000000,0.00000000,0.00000000,0.00000000,cmd,-165.3688,-2.1417,-85.8784,16.46511672,44.11539788,1296.8647
5.250000,4393410.180191,4259800.759343,1796518.755488,-34.754210,-32.740088,242.454452,0.99866153,0.00151031,0.05168830,0.00108944,-0.00274253,0.00165420,-0.00158725,11.1100,1297.0946,848.4627,0.01051412,0.00047069,0.721445,0.00652561,0.00712409,-0.00651809,-0.00711658,0.00652561,0.00712409,-0.00651809,-0.00711658,0.00000000,0.00000000,0.00000000,0.00000000,cmd,-164.9485,-2.3768,-86.6790,16.46513897,44.11539794,1297.0946
5.260000,4393409.832694,4259800.431970,1796521.179238,-34.745034,-32.734336,242.295715,0.99866094,0.00149590,0.05170020,0.00108266,-0.00272394,0.00298675,-0.00144643,11.1100,1297.3241,850.9235,0.01060474,0.00047968,0.720985,0.00652561,0.00712409,-0.00651809,-0.00711658,0.00652561,0.00712409,-0.00651809,-0.00711658,0.00000000,0.00000000,0.00000000,0.00000000,cmd,-164.5298,-2.4319,-87.1188,16.46516120,44.11539801,1297.3241
5.270000,4393409.485291,4259800.104657,1796523.601404,-34.735521,-32.728303,242.137438,0.99866011,0.00148162,0.05171679,0.00107669,-0.00270660,0.00352607,-0.00126289,11.1100,1297.5533,853.3826,0.01071072,0.00048734,0.720526,0.00652561,0.00712409,-0.00651809,-0.00711658,0.00652561,0.00712409,-0.00651809,-0.00711658,0.00000000,0.00000000,0.00000000,0.00000000,cmd,-164.1127,-2.4776,-87.6639,16.46518343,44.11539807,1297.5533
5.280000,4393409.137985,4259799.777405,1796526.021988,-34.725663,-32.721966,241.979623,0.99865924,0.00146747,0.05173408,0.00107171,-0.00269041,0.00327283,-0.00105126,11.1100,1297.7821,855.8402,0.01082410,0.00049320,0.720069,0.00652561,0.00712409,-0.00651809,-0.00711658,0.00652561,0.00712409,-0.00651809,-0.00711658,0.00000000,0.00000000,0.00000000,0.00000000,cmd,-163.6974,-2.5111,-88.2617,16.46520563,44.11539813,1297.7821
5.290000,4393408.790779,4259799.450218,1796528.440998,-34.715484,-32.715330,241.822265,0.99865853,0.00145346,0.05174823,0.00106782,-0.00267529,0.00228126,-0.00082727,11.1100,1298.0106,858.2963,0.01093679,0.00049696,0.719612,0.00681589,0.00724171,-0.00680861,-0.00723442,0.00652561,0.00712409,-0.00651809,-0.00711658,0.00000000,0.00000000,0.00000000,0.00000000,cmd,-163.2836,-2.5304,-88.8590,16.46522783,44.11539820,1298.0106
5.300000,4393408.443678,4259799.123100,1796530.858436,-34.704588,-32.708241,241.665437,0.99865788,0.00143972,0.05176128,0.00106733,-0.00265542,0.00283709,0.00029920,11.1100,1298.2388,860.7508,0.01104119,0.00049847,0.719156,0.00681589,0.00724171,-0.00680861,-0.00723442,0.00681589,0.00724171,-0.00680861,-0.00723442,0.00000000,0.00000000,0.00000000,0.00000000,cmd,-162.8715,-2.7493,-89.9123,16.46525001,44.11539826,1298.2388
5.310000,4393408.096688,4259798.796055,1796533.274308,-34.693478,-32.700837,241.509050,0.99865716,0.00142635,0.05177537,0.00107221,-0.00263689,0.00270111,0.00131795,11.1100,1298.4666,863.2038,0.01113979,0.00049243,0.718702,0.00681589,0.00724171,-0.00680861,-0.00723442,0.00681589,0.00724171,-0.00680861,-0.00723442,0.00000000,0.00000000,0.00000000,0.00000000,cmd,-162.4609,-2.6972,-90.4067,16.46527217,44.11539833,1298.4666
5.320000,4393407.749809,4259798.469085,1796535.688618,-34.682204,-32.693090,241.353101,0.99865656,0.00141331,0.05178712,0.00108178,-0.00261962,0.00191425,0.00216622,11.1100,1298.6941,865.6552,0.01123874,0.00047590,0.718248,0.00681589,0.00724171,-0.00680861,-0.00723442,0.00681589,0.00724171,-0.00680861,-0.00723442,0.00000000,0.00000000,0.00000000,0.00000000,cmd,-162.0520,-2.5774,-90.9069,16.46529433,44.11539839,1298.6941
5.330000,4393407.403044,4259798.142194,1796538.101371,-34.670830,-32.685002,241.197580,0.99865623,0.00140056,0.05179348,0.00109503,-0.00260349,0.00055898,0.00279595,11.1100,1298.9213,868.1051,0.01133133,0.00045051,0.717796,0.00681589,0.00724171,-0.00680861,-0.00723442,0.00681589,0.00724171,-0.00680861,-0.00723442,0.00000000,0.00000000,0.00000000,0.00000000,cmd,-161.6447,-2.4013,-91.3688,16.46531647,44.11539845,1298.9213
5.340000,4393407.056393,4259797.815386,1796540.512571,-34.659436,-32.676611,241.042470,0.99865632,0.00138802,0.05179188,0.00111081,-0.00258844,-0.00124846,0.00317623,11.1100,1299.1482,870.5535,0.01141164,0.00041838,0.717344,0.00681589,0.00724171,-0.00680861,-0.00723442,0.00681589,0.00724171,-0.00680861,-0.00723442,0.00000000,0.00000000,0.00000000,0.00000000,cmd,-161.2389,-2.1835,-91.7533,16.46533859,44.11539851,1299.1482
5.350000,4393406.709855,4259797.488663,1796542.922222,-34.648107,-32.667978,240.887753,0.99865691,0.00137564,0.05178042,0.00112781,-0.00257436,-0.00336775,0.00329439,11.1100,1299.3748,873.0003,0.01147489,0.00038200,0.716894,0.00681589,0.00724171,-0.00680861,-0.00723442,0.00681589,0.00724171,-0.00680861,-0.00723442,0.00000000,0.00000000,0.00000000,0.00000000,cmd,-160.8348,-1.9405,-92.0288,16.46536070,44.11539858,1299.3748
5.360000,4393406.363430,4259797.162027,1796545.330327,-34.636927,-32.659189,240.733406,0.99865807,0.00136333,0.05175791,0.00114473,-0.00256119,-0.00564515,0.00315588,11.1100,1299.6011,875.4457,0.01151767,0.00034400,0.716444,0.00699241,0.00765486,-0.00698538,-0.00764783,0.00681589,0.00724171,-0.00680861,-0.00723442,0.00000000,0.00000000,0.00000000,0.00000000,cmd,-160.4322,-1.6896,-92.1726,16.46538280,44.11539864,1299.6011
5.370000,4393406.017117,4259796.835482,1796547.736892,-34.625679,-32.649713,240.579527,0.99865943,0.00135087,0.05173183,0.00115727,-0.00254258,-0.00480621,0.00155704,11.1100,1299.8271,877.8895,0.01153811,0.00030698,0.715996,0.00732771,0.00784279,-0.00732087,-0.00783594,0.00699241,0.00765486,-0.00698538,-0.00764783,0.00000000,0.00000000,0.00000000,0.00000000,cmd,-160.0312,-1.1575,-92.8956,16.46540488,44.11539870,1299.8271
5.380000,4393405.670919,4259796.509034,1796550.141920,-34.614058,-32.639954,240.426103,0.99866023,0.00133818,0.05171661,0.00116351,-0.00252071,-0.00133247,0.00064276,11.1100,1300.0527,880.3317,0.01154898,0.00028055,0.715549,0.00732771,0.00784279,-0.00732087,-0.00783594,0.00732771,0.00784279,-0.00732087,-0.00783594,0.00000000,0.00000000,0.00000000,0.00000000,cmd,-159.6318,-1.1766,-93.4499,16.46542695,44.11539876,1300.0527
5.390000,4393405.324836,4259796.182683,1796552.545415,-34.602433,-32.630125,240.273054,0.99866018,0.00132533,0.05171780,0.00116508,-0.00250035,0.00172811,-0.00030883,11.1100,1300.2781,882.7725,0.01157944,0.00026649,0.715103,0.00732771,0.00784279,-0.00732087,-0.00783594,0.00732771,0.00784279,-0.00732087,-0.00783594,0.00000000,0.00000000,0.00000000,0.00000000,cmd,-159.2339,-1.0905,-93.4703,16.46544900,44.11539883,1300.2781
5.400000,4393404.978870,4259795.856432,1796554.947382,-34.590647,-32.620149,240.120405,0.99865942,0.00131232,0.05173284,0.00116195,-0.00248139,0.00418971,-0.00123301,11.1100,1300.5032,885.2117,0.01164232,0.00026200,0.714657,0.00732771,0.00784279,-0.00732087,-0.00783594,0.00732771,0.00784279,-0.00732087,-0.00783594,0.00000000,0.00000000,0.00000000,0.00000000,cmd,-158.8376,-1.0668,-93.7031,16.46547105,44.11539889,1300.5032
5.410000,4393404.633024,4259795.530281,1796557.347825,-34.578568,-32.609968,239.968180,0.99865812,0.00129916,0.05175839,0.00115442,-0.00246371,0.00591599,-0.00207027,11.1100,1300.7281,887.6495,0.01173182,0.00026690,0.714213,0.00732771,0.00784279,-0.00732087,-0.00783594,0.00732771,0.00784279,-0.00732087,-0.00783594,0.00000000,0.00000000,0.00000000,0.00000000,cmd,-158.4428,-1.1036,-94.1112,16.46549308,44.11539895,1300.7281
5.420000,4393404.287300,4259795.204233,1796559.746747,-34.566102,-32.599552,239.816391,0.99865649,0.00128588,0.05179055,0.00114303,-0.00244723,0.00682644,-0.00276996,11.1100,1300.9526,890.0857,0.01184068,0.00028040,0.713770,0.00732771,0.00784279,-0.00732087,-0.00783594,0.00732771,0.00784279,-0.00732087,-0.00783594,0.00000000,0.00000000,0.00000000,0.00000000,cmd,-158.0495,-1.1951,-94.6481,16.46551509,44.11539901,1300.9526
5.430000,4393403.941704,4259794.878291,1796562.144154,-34.553194,-32.588897,239.665044,0.99865472,0.00127252,0.05182517,0.00112857,-0.00243184,0.00689867,-0.00329311,11.1100,1301.1769,892.5204,0.01196072,0.00030121,0.713328,0.00732771,0.00784279,-0.00732087,-0.00783594,0.00732771,0.00784279,-0.00732087,-0.00783594,0.00000000,0.00000000,0.00000000,0.00000000,cmd,-157.6578,-1.3323,-95.2612,16.46553709,44.11539907,1301.1769
5.440000,4393403.596238,4259794.552456,1796564.540049,-34.539832,-32.578024,239.514138,0.99865305,0.00125912,0.05185812,0.00111200,-0.00241747,0.00616668,-0.00361435,11.1100,1301.4009,894.9537,0.01208345,0.00032758,0.712887,0.00732771,0.00784279,-0.00732087,-0.00783594,0.00732771,0.00784279,-0.00732087,-0.00783594,0.00000000,0.00000000,0.00000000,0.00000000,cmd,-157.2675,-1.5034,-95.8956,16.46555908,44.11539913,1301.4009
5.450000,4393403.250908,4259794.226731,1796566.934438,-34.526040,-32.566974,239.363661,0.99865166,0.00124574,0.05188557,0.00109433,-0.00240404,0.00471566,-0.00372289,11.1100,1301.6246,897.3854,0.01220062,0.00035752,0.712447,0.00725463,0.00797876,-0.00724818,-0.00797231,0.00732771,0.00784279,-0.00732087,-0.00783594,0.00000000,0.00000000,0.00000000,0.00000000,cmd,-156.8787,-1.6955,-96.4983,16.46558105,44.11539920,1301.6246
5.460000,4393402.905718,4259793.901118,1796569.327324,-34.511980,-32.555611,239.213611,0.99865069,0.00123232,0.05190508,0.00107395,-0.00238166,0.00300276,-0.00468839,11.1100,1301.8480,899.8156,0.01230478,0.00038888,0.712008,0.00725463,0.00797876,-0.00724818,-0.00797231,0.00725463,0.00797876,-0.00724818,-0.00797231,0.00000000,0.00000000,0.00000000,0.00000000,cmd,-156.4914,-1.6423,-97.0974,16.46560301,44.11539926,1301.8480
5.470000,4393402.560670,4259793.575619,1796571.718712,-34.497586,-32.544247,239.063955,0.99865022,0.00121881,0.05191482,0.00104945,-0.00236082,0.00083034,-0.00535889,11.1100,1302.0713,902.2444,0.01239108,0.00042581,0.711569,0.00725463,0.00797876,-0.00724818,-0.00797231,0.00725463,0.00797876,-0.00724818,-0.00797231,0.00000000,0.00000000,0.00000000,0.00000000,cmd,-156.1055,-1.8830,-97.5062,16.46562496,44.11539932,1302.0713
5.480000,4393402.215767,4259793.250233,1796574.108604,-34.482927,-32.532990,238.914672,0.99865037,0.00120527,0.05191291,0.00102238,-0.00234141,-0.00164003,-0.00570555,11.1100,1302.2942,904.6717,0.01245661,0.00046998,0.711132,0.00725463,0.00797876,-0.00724818,-0.00797231,0.00725463,0.00797876,-0.00724818,-0.00797231,0.00000000,0.00000000,0.00000000,0.00000000,cmd,-155.7212,-2.1670,-97.7845,16.46564689,44.11539938,1302.2942
5.490000,4393401.871012,4259792.924958,1796576.497006,-34.468093,-32.521940,238.765737,0.99865117,0.00119180,0.05189828,0.00099439,-0.00232331,-0.00423573,-0.00572209,11.1100,1302.5169,907.0974,0.01249807,0.00051818,0.710696,0.00725463,0.00797876,-0.00724818,-0.00797231,0.00725463,0.00797876,-0.00724818,-0.00797231,0.00000000,0.00000000,0.00000000,0.00000000,cmd,-155.3383,-2.4734,-97.9109,16.46566881,44.11539944,1302.5169
5.500000,4393401.526405,4259792.599793,1796578.883920,-34.453192,-32.511192,238.617125,0.99865264,0.00117846,0.05187073,0.00096709,-0.00230644,-0.00678499,-0.00542399,11.1100,1302.7394,909.5217,0.01251393,0.00056705,0.710261,0.00759240,0.00832748,-0.00758620,-0.00832128,0.00725463,0.00797876,-0.00724818,-0.00797231,0.00000000,0.00000000,0.00000000,0.00000000,cmd,-154.9568,-2.7808,-97.8748,16.46569072,44.11539950,1302.7394
5.510000,4393401.181951,4259792.274736,1796581.269350,-34.437815,-32.500297,238.468948,0.99865429,0.00116533,0.05183983,0.00094185,-0.00228461,-0.00558633,-0.00490165,11.1100,1302.9616,911.9445,0.01250437,0.00061341,0.709827,0.00759240,0.00832748,-0.00758620,-0.00832128,0.00759240,0.00832748,-0.00758620,-0.00832128,0.00000000,0.00000000,0.00000000,0.00000000,cmd,-154.5769,-3.0559,-98.4984,16.46571261,44.11539956,1302.9616
5.520000,4393400.837649,4259791.949786,1796583.653300,-34.422489,-32.489734,238.321073,0.99865561,0.00115246,0.05181505,0.00091982,-0.00226429,-0.00434683,-0.00414572,11.1100,1303.1836,914.3659,0.01248601,0.00065468,0.709393,0.00759240,0.00832748,-0.00758620,-0.00832128,0.00759240,0.00832748,-0.00758620,-0.00832128,0.00000000,0.00000000,0.00000000,0.00000000,cmd,-154.1984,-3.3094,-98.2174,16.46573449,44.11539962,1303.1836
5.530000,4393400.493501,4259791.624940,1796586.035773,-34.407195,-32.479416,238.173510,0.99865661,0.00113991,0.05179637,0.00090203,-0.00224537,-0.00315283,-0.00321670,11.1100,1303.4053,916.7857,0.01248081,0.00068867,0.708961,0.00759240,0.00832748,-0.00758620,-0.00832128,0.00759240,0.00832748,-0.00758620,-0.00832128,0.00000000,0.00000000,0.00000000,0.00000000,cmd,-153.8213,-3.5144,-98.0203,16.46575636,44.11539968,1303.4053
5.540000,4393400.149505,4259791.300197,1796588.416771,-34.391923,-32.469257,238.026270,0.99865731,0.00112770,0.05178337,0.00088917,-0.00222773,-0.00208323,-0.00218312,11.1100,1303.6268,919.2041,0.01248844,0.00071353,0.708530,0.00759240,0.00832748,-0.00758620,-0.00832128,0.00759240,0.00832748,-0.00758620,-0.00832128,0.00000000,0.00000000,0.00000000,0.00000000,cmd,-153.4457,-3.6597,-97.9052,16.46577822,44.11539974,1303.6268
5.550000,4393399.805662,4259790.975555,1796590.796299,-34.376670,-32.459170,237.879362,0.99865775,0.00111584,0.05177525,0.00088158,-0.00221128,-0.00120475,-0.00111676,11.1100,1303.8481,921.6211,0.01250775,0.00072810,0.708100,0.00759240,0.00832748,-0.00758620,-0.00832128,0.00759240,0.00832748,-0.00758620,-0.00832128,0.00000000,0.00000000,0.00000000,0.00000000,cmd,-153.0716,-3.7389,-97.8652,16.46580006,44.11539980,1303.8481
5.560000,4393399.461972,4259790.651014,1796593.174360,-34.361443,-32.449081,237.732792,0.99865799,0.00110433,0.05177093,0.00087925,-0.00219593,-0.00056831,-0.00008777,11.1100,1304.0691,924.0365,0.01253690,0.00073193,0.707671,0.00776170,0.00851887,-0.00775535,-0.00851251,0.00759240,0.00832748,-0.00758620,-0.00832128,0.00000000,0.00000000,0.00000000,0.00000000,cmd,-152.6988,-3.7499,-97.8887,16.46582188,44.11539986,1304.0691
5.570000,4393399.118434,4259790.326575,1796595.550957,-34.345995,-32.438641,237.586637,0.99865785,0.00109312,0.05177374,0.00088156,-0.00218544,0.00163360,0.00072924,11.1100,1304.2899,926.4506,0.01257351,0.00072530,0.707242,0.00776170,0.00851887,-0.00775535,-0.00851251,0.00776170,0.00851887,-0.00775535,-0.00851251,0.00000000,0.00000000,0.00000000,0.00000000,cmd,-152.3275,-3.6692,-98.3874,16.46584370,44.11539991,1304.2899
5.580000,4393398.775052,4259790.002241,1796597.926094,-34.330545,-32.428038,237.440839,0.99865720,0.00108215,0.05178647,0.00088761,-0.00217559,0.00339133,0.00140090,11.1100,1304.5104,928.8631,0.01262251,0.00070977,0.706815,0.00776170,0.00851887,-0.00775535,-0.00851251,0.00776170,0.00851887,-0.00775535,-0.00851251,0.00000000,0.00000000,0.00000000,0.00000000,cmd,-151.9576,-3.5604,-98.5252,16.46586550,44.11539997,1304.5104
5.590000,4393398.431824,4259789.678015,1796600.299775,-34.315048,-32.417183,237.295414,0.99865616,0.00107137,0.05180667,0.00089658,-0.00216635,0.00461046,0.00189148,11.1100,1304.7307,931.2742,0.01269069,0.00068722,0.706389,0.00796657,0.00861098,-0.00796106,-0.00860546,0.00776170,0.00851887,-0.00775535,-0.00851251,0.00000000,0.00000000,0.00000000,0.00000000,cmd,-151.5891,-3.4090,-98.7862,16.46588729,44.11540003,1304.7307
5.600000,4393398.088752,4259789.353899,1796602.672004,-34.299173,-32.405876,237.150428,0.99865467,0.00106085,0.05183529,0.00090892,-0.00213757,0.00674823,0.00273986,11.1100,1304.9507,933.6839,0.01277272,0.00065943,0.705963,0.00796657,0.00861098,-0.00796106,-0.00860546,0.00796657,0.00861098,-0.00796106,-0.00860546,0.00000000,0.00000000,0.00000000,0.00000000,cmd,-151.2220,-3.3591,-99.4875,16.46590906,44.11540009,1304.9507
5.610000,4393397.745841,4259789.029899,1796605.042785,-34.283187,-32.394162,237.005838,0.99865272,0.00105065,0.05187278,0.00092485,-0.00211082,0.00815046,0.00332350,11.1100,1305.1706,936.0921,0.01286895,0.00062513,0.705539,0.00796657,0.00861098,-0.00796106,-0.00860546,0.00796657,0.00861098,-0.00796106,-0.00860546,0.00000000,0.00000000,0.00000000,0.00000000,cmd,-150.8562,-3.1336,-99.9189,16.46593082,44.11540015,1305.1706
5.620000,4393397.403089,4259788.706018,1796607.412122,-34.267059,-32.381973,236.861653,0.99865050,0.00104068,0.05191531,0.00094298,-0.00208596,0.00876052,0.00361835,11.1100,1305.3902,938.4989,0.01298119,0.00058452,0.705116,0.00796657,0.00861098,-0.00796106,-0.00860546,0.00796657,0.00861098,-0.00796106,-0.00860546,0.00000000,0.00000000,0.00000000,0.00000000,cmd,-150.4917,-2.8713,-100.4543,16.46595257,44.11540020,1305.3902
5.630000,4393397.060500,4259788.382261,1796609.780019,-34.250776,-32.369288,236.717877,0.99864823,0.00103087,0.05195888,0.00096184,-0.00206284,0.00857525,0.00361998,11.1100,1305.6096,940.9042,0.01310149,0.00054048,0.704693,0.00796657,0.00861098,-0.00796106,-0.00860546,0.00796657,0.00861098,-0.00796106,-0.00860546,0.00000000,0.00000000,0.00000000,0.00000000,cmd,-150.1287,-2.5904,-101.0438,16.46597431,44.11540026,1305.6096
5.640000,4393396.718074,4259788.058634,1796612.146481,-34.234346,-32.356124,236.574504,0.99864610,0.00102114,0.05199964,0.00097999,-0.00204132,0.00764234,0.00334277,11.1100,1305.8287,943.3081,0.01322173,0.00049598,0.704271,0.00796657,0.00861098,-0.00796106,-0.00860546,0.00796657,0.00861098,-0.00796106,-0.00860546,0.00000000,0.00000000,0.00000000,0.00000000,cmd,-149.7669,-2.3095,-101.6370,16.46599603,44.11540032,1305.8287
5.650000,4393396.375813,4259787.735140,1796614.511510,-34.217794,-32.342538,236.431523,0.99864430,0.00101142,0.05203405,0.00099611,-0.00202130,0.00605460,0.00281804,11.1100,1306.0477,945.7105,0.01333426,0.00045386,0.703851,0.00816008,0.00864014,-0.00815479,-0.00863485,0.00796657,0.00861098,-0.00796106,-0.00860546,0.00000000,0.00000000,0.00000000,0.00000000,cmd,-149.4064,-2.0463,-102.1856,16.46601774,44.11540037,1306.0477
5.660000,4393396.033720,4259787.411784,1796616.875113,-34.200881,-32.328571,236.288963,0.99864284,0.00100175,0.05206200,0.00101112,-0.00199751,0.00506196,0.00290085,11.1100,1306.2665,948.1116,0.01343225,0.00041667,0.703431,0.00816008,0.00864014,-0.00815479,-0.00863485,0.00816008,0.00864014,-0.00815479,-0.00863485,0.00000000,0.00000000,0.00000000,0.00000000,cmd,-149.0473,-2.0076,-102.9067,16.46603943,44.11540043,1306.2665
5.670000,4393395.691796,4259787.088570,1796619.237291,-34.183943,-32.314313,236.146764,0.99864170,0.00099220,0.05208378,0.00102597,-0.00197538,0.00360658,0.00276137,11.1100,1306.4850,950.5111,0.01351483,0.00038178,0.703012,0.00852170,0.00887290,-0.00851650,-0.00886770,0.00816008,0.00864014,-0.00815479,-0.00863485,0.00000000,0.00000000,0.00000000,0.00000000,cmd,-148.6895,-1.7878,-103.2666,16.46606112,44.11540048,1306.4850
5.680000,4393395.350044,4259786.765500,1796621.598050,-34.166495,-32.299489,236.005029,0.99864059,0.00098278,0.05210488,0.00104120,-0.00195246,0.00477745,0.00305209,11.1100,1306.7034,952.9093,0.01358392,0.00034795,0.702594,0.00852170,0.00887290,-0.00851650,-0.00886770,0.00852170,0.00887290,-0.00851650,-0.00886770,0.00000000,0.00000000,0.00000000,0.00000000,cmd,-148.3330,-1.7264,-104.2353,16.46608279,44.11540054,1306.7034
5.690000,4393395.008466,4259786.442581,1796623.957393,-34.149064,-32.284411,235.863643,0.99863924,0.00097351,0.05213065,0.00105730,-0.00193114,0.00547610,0.00311256,11.1100,1306.9216,955.3061,0.01364818,0.00031356,0.702176,0.00852170,0.00887290,-0.00851650,-0.00886770,0.00852170,0.00887290,-0.00851650,-0.00886770,0.00000000,0.00000000,0.00000000,0.00000000,cmd,-147.9778,-1.5094,-104.4635,16.46610445,44.11540060,1306.9216
5.700000,4393394.667062,4259786.119813,1796626.315324,-34.131622,-32.269059,235.722612,0.99863777,0.00096433,0.05215868,0.00107314,-0.00191129,0.00567808,0.00295028,11.1100,1307.1396,957.7014,0.01372089,0.00027821,0.701760,0.00852170,0.00887290,-0.00851650,-0.00886770,0.00852170,0.00887290,-0.00851650,-0.00886770,0.00000000,0.00000000,0.00000000,0.00000000,cmd,-147.6239,-1.2886,-104.7466,16.46612609,44.11540065,1307.1396
5.710000,4393394.325834,4259785.797200,1796628.671846,-34.114155,-32.253436,235.581936,0.99863631,0.00095517,0.05218649,0.00108764,-0.00189280,0.00539149,0.00258634,11.1100,1307.3574,960.0953,0.01379703,0.00024416,0.701345,0.00852170,0.00887290,-0.00851650,-0.00886770,0.00852170,0.00887290,-0.00851650,-0.00886770,0.00000000,0.00000000,0.00000000,0.00000000,cmd,-147.2713,-1.0781,-105.0535,16.46614772,44.11540071,1307.3574
5.720000,4393393.984779,4259785.474745,1796631.026964,-34.096657,-32.237575,235.441610,0.99863498,0.00094599,0.05221173,0.00109989,-0.00187558,0.00465474,0.00205339,11.1100,1307.5751,962.4877,0.01387162,0.00021349,0.700930,0.00875802,0.00898645,-0.00875275,-0.00898117,0.00852170,0.00887290,-0.00851650,-0.00886770,0.00000000,0.00000000,0.00000000,0.00000000,cmd,-146.9200,-0.8904,-105.3534,16.46616934,44.11540076,1307.5751
5.730000,4393393.643902,4259785.152450,1796633.380680,-34.078794,-32.221360,235.301693,0.99863368,0.00093681,0.05223667,0.00111064,-0.00186131,0.00526997,0.00199080,11.1100,1307.7926,964.8788,0.01394001,0.00018795,0.700517,0.00875802,0.00898645,-0.00875275,-0.00898117,0.00875802,0.00898645,-0.00875275,-0.00898117,0.00000000,0.00000000,0.00000000,0.00000000,cmd,-146.5700,-0.8773,-106.0201,16.46619095,44.11540082,1307.7926
5.740000,4393393.303204,4259784.830319,1796635.732998,-34.060895,-32.204947,235.162084,0.99863227,0.00092767,0.05226358,0.00112073,-0.00184798,0.00544319,0.00179266,11.1100,1308.0099,967.2685,0.01400542,0.00016538,0.700104,0.00875802,0.00898645,-0.00875275,-0.00898117,0.00875802,0.00898645,-0.00875275,-0.00898117,0.00000000,0.00000000,0.00000000,0.00000000,cmd,-146.2212,-0.7381,-106.2550,16.46621254,44.11540087,1308.0099
5.750000,4393392.962685,4259784.508352,1796638.083922,-34.042933,-32.188331,235.022701,0.99863087,0.00091851,0.05229027,0.00112953,-0.00183551,0.00518596,0.00147793,11.1100,1308.2271,969.6567,0.01407388,0.00014462,0.699692,0.00878960,0.00907604,-0.00878438,-0.00907082,0.00875802,0.00898645,-0.00875275,-0.00898117,0.00000000,0.00000000,0.00000000,0.00000000,cmd,-145.9757,-0.6113,-106.5132,16.46623412,44.11540093,1308.2271
5.760000,4393392.622346,4259784.186553,1796640.433453,-34.024854,-32.171410,234.883561,0.99862951,0.00090930,0.05231618,0.00113581,-0.00182248,0.00513127,0.00079091,11.1100,1308.4440,972.0435,0.01414096,0.00012685,0.699281,0.00878960,0.00907604,-0.00878438,-0.00907082,0.00878960,0.00907604,-0.00878438,-0.00907082,0.00000000,0.00000000,0.00000000,0.00000000,cmd,-145.7652,-0.4377,-106.9047,16.46625569,44.11540098,1308.4440
5.770000,4393392.282188,4259783.864924,1796642.781594,-34.006690,-32.154348,234.744637,0.99862822,0.00089996,0.05234083,0.00113854,-0.00181028,0.00468755,0.00006823,11.1100,1308.6609,974.4290,0.01420507,0.00011471,0.698870,0.00878960,0.00907604,-0.00878438,-0.00907082,0.00878960,0.00907604,-0.00878438,-0.00907082,0.00000000,0.00000000,0.00000000,0.00000000,cmd,-145.5551,-0.3679,-107.1369,16.46627725,44.11540104,1308.6609
5.780000,4393391.942212,4259783.543467,1796645.128347,-33.988431,-32.137193,234.605924,0.99862710,0.00089049,0.05236239,0.00113767,-0.00179885,0.00389808,-0.00064362,11.1100,1308.8776,976.8130,0.01426585,0.00010982,0.698459,0.00878960,0.00907604,-0.00878438,-0.00907082,0.00878960,0.00907604,-0.00878438,-0.00907082,0.00000000,0.00000000,0.00000000,0.00000000,cmd,-145.3455,-0.3427,-107.3506,16.46629879,44.11540109,1308.8776
5.790000,4393391.602419,4259783.222181,1796647.473713,-33.970083,-32.120001,234.467416,0.99862623,0.00088091,0.05237927,0.00113335,-0.00178814,0.00282538,-0.00130121,11.1100,1309.0941,979.1956,0.01431972,0.00011214,0.698050,0.00878960,0.00907604,-0.00878438,-0.00907082,0.00878960,0.00907604,-0.00878438,-0.00907082,0.00000000,0.00000000,0.00000000,0.00000000,cmd,-145.1363,-0.3615,-107.5240,16.46632032,44.11540115,1309.0941
5.800000,4393391.262811,4259782.901066,1796649.817696,-33.951662,-32.102835,234.329102,0.99862567,0.00087122,0.05239025,0.00112596,-0.00177808,0.00154634,-0.00186667,11.1100,1309.3105,981.5769,0.01436369,0.00012119,0.697640,0.00878960,0.00907604,-0.00878438,-0.00907082,0.00878960,0.00907604,-0.00878438,-0.00907082,0.00000000,0.00000000,0.00000000,0.00000000,cmd,-144.9276,-0.4208,-107.6386,16.46634184,44.11540120,1309.3105
5.810000,4393390.923386,4259782.580124,1796652.160296,-33.933199,-32.085761,234.190971,0.99862547,0.00086146,0.05239451,0.00111603,-0.00176862,0.00014667,-0.00230972,11.1100,1309.5267,983.9567,0.01439555,0.00013609,0.697232,0.00878960,0.00907604,-0.00878438,-0.00907082,0.00878960,0.00907604,-0.00878438,-0.00907082,0.00000000,0.00000000,0.00000000,0.00000000,cmd,-144.7194,-0.5148,-107.6806,16.46636334,44.11540126,1309.5267
5.820000,4393390.584147,4259782.259351,1796654.501516,-33.914730,-32.068845,234.053010,0.99862564,0.00085165,0.05239166,0.00110423,-0.00175973,-0.00128486,-0.00260915,11.1100,1309.7428,986.3351,0.01441394,0.00015565,0.696823,0.00878960,0.00907604,-0.00878438,-0.00907082,0.00878960,0.00907604,-0.00878438,-0.00907082,0.00000000,0.00000000,0.00000000,0.00000000,cmd,-144.5116,-0.6359,-107.6416,16.46638484,44.11540131,1309.7428
5.830000,4393390.245092,4259781.938746,1796656.841357,-33.896299,-32.052145,233.915208,0.99862618,0.00084183,0.05238177,0.00109131,-0.00175136,-0.00266205,-0.00275363,11.1100,1309.9587,988.7122,0.01441842,0.00017845,0.696416,0.00896811,0.00927940,-0.00896291,-0.00927420,0.00878960,0.00907604,-0.00878438,-0.00907082,0.00000000,0.00000000,0.00000000,0.00000000,cmd,-144.3043,-0.7753,-107.5186,16.46640632,44.11540137,1309.9587
5.840000,4393389.906222,4259781.618308,1796659.179821,-33.877692,-32.035424,233.777624,0.99862682,0.00083203,0.05236999,0.00107776,-0.00174296,-0.00204694,-0.00286052,11.1100,1310.1745,991.0878,0.01440939,0.00020293,0.696009,0.00896811,0.00927940,-0.00896291,-0.00927420,0.00896811,0.00927940,-0.00896291,-0.00927420,0.00000000,0.00000000,0.00000000,0.00000000,cmd,-144.0975,-0.8954,-107.7445,16.46642778,44.11540142,1310.1745
5.850000,4393389.567537,4259781.298037,1796661.516910,-33.859157,-32.018959,233.640188,0.99862729,0.00082226,0.05236142,0.00106408,-0.00173504,-0.00138417,-0.00280870,11.1100,1310.3901,993.4621,0.01439583,0.00022821,0.695602,0.00896811,0.00927940,-0.00896291,-0.00927420,0.00896811,0.00927940,-0.00896291,-0.00927420,0.00000000,0.00000000,0.00000000,0.00000000,cmd,-143.8911,-1.0477,-107.4982,16.46644924,44.11540148,1310.3901
5.860000,4393389.229038,4259780.977928,1796663.852625,-33.840670,-32.002718,233.502906,0.99862759,0.00081255,0.05235618,0.00105103,-0.00172758,-0.00072028,-0.00260910,11.1100,1310.6056,995.8349,0.01438953,0.00025320,0.695196,0.00896811,0.00927940,-0.00896291,-0.00927420,0.00896811,0.00927940,-0.00896291,-0.00927420,0.00000000,0.00000000,0.00000000,0.00000000,cmd,-143.6851,-1.1968,-107.2960,16.46647068,44.11540153,1310.6056
5.870000,4393388.890724,4259780.657982,1796666.186968,-33.822214,-31.986665,233.365786,0.99862772,0.00080295,0.05235416,0.00103931,-0.00172053,-0.00009952,-0.00228110,11.1100,1310.8209,998.2064,0.01439058,0.00027638,0.694791,0.00896811,0.00927940,-0.00896291,-0.00927420,0.00896811,0.00927940,-0.00896291,-0.00927420,0.00000000,0.00000000,0.00000000,0.00000000,cmd,-143.4797,-1.3335,-107.1385,16.46649211,44.11540159,1310.8209
5.880000,4393388.552594,4259780.338195,1796668.519941,-33.803779,-31.970760,233.228831,0.99862769,0.00079347,0.05235504,0.00102949,-0.00171387,0.00043878,-0.00185090,11.1100,1311.0361,1000.5765,0.01439860,0.00029643,0.694386,0.00896811,0.00927940,-0.00896291,-0.00927420,0.00896811,0.00927940,-0.00896291,-0.00927420,0.00000000,0.00000000,0.00000000,0.00000000,cmd,-143.2747,-1.4500,-107.0236,16.46651353,44.11540164,1311.0361
5.890000,4393388.214648,4259780.018566,1796670.851545,-33.785359,-31.954963,233.092047,0.99862753,0.00078415,0.05235834,0.00102201,-0.00170756,0.00086229,-0.00134962,11.1100,1311.2511,1002.9452,0.01441280,0.00031226,0.693981,0.00896811,0.00927940,-0.00896291,-0.00927420,0.00896811,0.00927940,-0.00896291,-0.00927420,0.00000000,0.00000000,0.00000000,0.00000000,cmd,-143.0702,-1.5403,-106.9467,16.46653493,44.11540169,1311.2511
5.900000,4393387.876887,4259779.699095,1796673.181783,-33.766959,-31.939239,232.955437,0.99862728,0.00077500,0.05236342,0.00101715,-0.00170159,0.00114734,-0.00081108,11.1100,1311.4660,1005.3125,0.01443208,0.00032313,0.693577,0.00896811,0.00927940,-0.00896291,-0.00927420,0.00896811,0.00927940,-0.00896291,-0.00927420,0.00000000,0.00000000,0.00000000,0.00000000,cmd,-142.8661,-1.6000,-106.9011,16.46655632,44.11540175,1311.4660
5.910000,4393387.539309,4259779.379781,1796675.510655,-33.748586,-31.923555,232.819003,0.99862696,0.00076602,0.05236954,0.00101499,-0.00169593,0.00127985,-0.00026969,11.1100,1311.6807,1007.6785,0.01445505,0.00032860,0.693174,0.00899838,0.00937726,-0.00899374,-0.00937262,0.00896811,0.00927940,-0.00896291,-0.00927420,0.00000000,0.00000000,0.00000000,0.00000000,cmd,-142.6624,-1.6270,-106.8786,16.46657770,44.11540180,1311.6807
5.920000,4393387.201915,4259779.060625,1796677.838164,-33.730206,-31.907750,232.682770,0.99862656,0.00075719,0.05237748,0.00101467,-0.00167808,0.00187336,-0.00007628,11.1100,1311.8952,1010.0431,0.01448018,0.00032859,0.692771,0.00899838,0.00937726,-0.00899374,-0.00937262,0.00899838,0.00937726,-0.00899374,-0.00937262,0.00000000,0.00000000,0.00000000,0.00000000,cmd,-142.4593,-1.5460,-107.0131,16.46659907,44.11540186,1311.8952
5.930000,4393386.864705,4259778.741626,1796680.164311,-33.711853,-31.891938,232.546717,0.99862601,0.00074849,0.05238789,0.00101524,-0.00166141,0.00226622,0.00008645,11.1100,1312.1096,1012.4063,0.01450844,0.00032523,0.692369,0.00899838,0.00937726,-0.00899374,-0.00937262,0.00899838,0.00937726,-0.00899374,-0.00937262,0.00000000,0.00000000,0.00000000,0.00000000,cmd,-142.2565,-1.5227,-107.0198,16.46662043,44.11540191,1312.1096
5.940000,4393386.527678,4259778.422786,1796682.489098,-33.693518,-31.876099,232.410848,0.99862540,0.00073990,0.05239973,0.00101652,-0.00164585,0.00244099,0.00021018,11.1100,1312.3239,1014.7681,0.01454159,0.00032019,0.691967,0.00899838,0.00937726,-0.00899374,-0.00937262,0.00899838,0.00937726,-0.00899374,-0.00937262,0.00000000,0.00000000,0.00000000,0.00000000,cmd,-142.0543,-1.4895,-107.0569,16.46664177,44.11540196,1312.3239
5.950000,4393386.190834,4259778.104104,1796684.812528,-33.675199,-31.860223,232.275165,0.99862477,0.00073142,0.05241188,0.00101831,-0.00163131,0.00239423,0.00028937,11.1100,1312.5380,1017.1285,0.01457742,0.00031383,0.691566,0.00899838,0.00937726,-0.00899374,-0.00937262,0.00899838,0.00937726,-0.00899374,-0.00937262,0.00000000,0.00000000,0.00000000,0.00000000,cmd,-141.8524,-1.4489,-107.1112,16.46666310,44.11540202,1312.5380
5.960000,4393385.854174,4259777.785582,1796687.134602,-33.656898,-31.844308,232.139665,0.99862417,0.00072303,0.05242327,0.00102037,-0.00161771,0.00213606,0.00032139,11.1100,1312.7519,1019.4876,0.01461368,0.00030661,0.691165,0.00908975,0.00952179,-0.00908582,-0.00951786,0.00899838,0.00937726,-0.00899374,-0.00937262,0.00000000,0.00000000,0.00000000,0.00000000,cmd,-141.6510,-1.4036,-107.1695,16.46668442,44.11540207,1312.7519
5.970000,4393385.517697,4259777.467219,1796689.455322,-33.638491,-31.828166,232.004390,0.99862352,0.00071470,0.05243571,0.00102185,-0.00158897,0.00281423,0.00005869,11.1100,1312.9657,1021.8453,0.01464821,0.00029900,0.690765,0.00908975,0.00952179,-0.00908582,-0.00951786,0.00908975,0.00952179,-0.00908582,-0.00951786,0.00000000,0.00000000,0.00000000,0.00000000,cmd,-141.4501,-1.2979,-107.4792,16.46670572,44.11540212,1312.9657
5.980000,4393385.181404,4259777.149018,1796691.774691,-33.620085,-31.811992,231.869299,0.99862273,0.00070645,0.05245094,0.00102195,-0.00156222,0.00324616,-0.00022550,11.1100,1313.1793,1024.2017,0.01468372,0.00029293,0.690365,0.00908975,0.00952179,-0.00908582,-0.00951786,0.00908975,0.00952179,-0.00908582,-0.00951786,0.00000000,0.00000000,0.00000000,0.00000000,cmd,-141.2496,-1.2620,-107.5271,16.46672701,44.11540218,1313.1793
5.990000,4393384.845295,4259776.830980,1796694.092709,-33.601652,-31.795780,231.734397,0.99862186,0.00069824,0.05246767,0.00102060,-0.00153732,0.00341446,-0.00051323,11.1100,1313.3928,1026.5566,0.01472457,0.00028970,0.689966,0.00917487,0.00974524,-0.00917078,-0.00974115,0.00908975,0.00952179,-0.00908582,-0.00951786,0.00000000,0.00000000,0.00000000,0.00000000,cmd,-141.0495,-1.2433,-107.6080,16.46674829,44.11540223,1313.3928
6.000000,4393384.509372,4259776.513104,1796696.409380,-33.583048,-31.779235,231.599739,0.99862079,0.00068998,0.05248826,0.00101623,-0.00151782,0.00477746,-0.00142885,11.1100,1313.6062,1028.9102,0.01476811,0.00028938,0.689567,0.00917487,0.00974524,-0.00917078,-0.00974115,0.00917487,0.00974524,-0.00917078,-0.00974115,0.00000000,0.00000000,0.00000000,0.00000000,cmd,-140.8498,-1.0903,-108.0441,16.46676956,44.11540228,1313.6062
6.010000,4393384.173635,4259776.195395,1796698.724705,-33.564327,-31.762658,231.465278,0.99861941,0.00068158,0.05251477,0.00100748,-0.00149963,0.00577552,-0.00225801,11.1100,1313.8194,1031.2625,0.01481768,0.00029563,0.689169,0.00917487,0.00974524,-0.00917078,-0.00974115,0.00917487,0.00974524,-0.00917078,-0.00974115,0.00000000,0.00000000,0.00000000,0.00000000,cmd,-140.6506,-1.1322,-108.1690,16.46679082,44.11540233,1313.8194
6.020000,4393383.838086,4259775.877851,1796701.038686,-33.545426,-31.746046,231.331021,0.99861782,0.00067306,0.05254525,0.00099490,-0.00148266,0.00636338,-0.00295573,11.1100,1314.0324,1033.6134,0.01487852,0.00031038,0.688772,0.00917487,0.00974524,-0.00917078,-0.00974115,0.00917487,0.00974524,-0.00917078,-0.00974115,0.00000000,0.00000000,0.00000000,0.00000000,cmd,-140.4518,-1.2236,-108.3624,16.46681206,44.11540239,1314.0324
6.030000,4393383.502727,4259775.560474,1796703.351326,-33.526303,-31.729403,231.196973,0.99861614,0.00066446,0.05257760,0.00097923,-0.00146683,0.00652244,-0.00348702,11.1100,1314.2454,1035.9629,0.01494651,0.00033237,0.688374,0.00917487,0.00974524,-0.00917078,-0.00974115,0.00917487,0.00974524,-0.00917078,-0.00974115,0.00000000,0.00000000,0.00000000,0.00000000,cmd,-140.2535,-1.3564,-108.6000,16.46683329,44.11540244,1314.2454
6.040000,4393383.167561,4259775.243263,1796705.662626,-33.506938,-31.712740,231.063135,0.99861447,0.00065582,0.05260969,0.00096138,-0.00145205,0.00626047,-0.00382850,11.1100,1314.4581,1038.3111,0.01501732,0.00035997,0.687978,0.00917487,0.00974524,-0.00917078,-0.00974115,0.00917487,0.00974524,-0.00917078,-0.00974115,0.00000000,0.00000000,0.00000000,0.00000000,cmd,-140.0555,-1.5207,-108.8564,16.46685451,44.11540249,1314.4581
6.050000,4393382.832589,4259774.926219,1796707.972589,-33.487334,-31.696077,230.929502,0.99861293,0.00064719,0.05263948,0.00094231,-0.00143823,0.00560979,-0.00396911,11.1100,1314.6708,1040.6579,0.01508666,0.00039128,0.687581,0.00926167,0.00964405,-0.00925834,-0.00964072,0.00917487,0.00974524,-0.00917078,-0.00974115,0.00000000,0.00000000,0.00000000,0.00000000,cmd,-139.8580,-1.7051,-109.1062,16.46687572,44.11540254,1314.6708
6.060000,4393382.497815,4259774.609341,1796710.281217,-33.467407,-31.679574,230.796068,0.99861160,0.00063878,0.05266500,0.00092521,-0.00140857,0.00456030,-0.00304745,11.1100,1314.8833,1043.0034,0.01515052,0.00042429,0.687186,0.00926167,0.00964405,-0.00925834,-0.00964072,0.00926167,0.00964405,-0.00925834,-0.00964072,0.00000000,0.00000000,0.00000000,0.00000000,cmd,-139.6609,-2.1013,-109.3109,16.46689691,44.11540260,1314.8833
6.070000,4393382.163241,4259774.292628,1796712.588511,-33.447346,-31.663091,230.662823,0.99861059,0.00063078,0.05268459,0.00091300,-0.00138098,0.00325158,-0.00201525,11.1100,1315.0957,1045.3475,0.01520516,0.00045190,0.686791,0.00926167,0.00964405,-0.00925834,-0.00964072,0.00926167,0.00964405,-0.00925834,-0.00964072,0.00000000,0.00000000,0.00000000,0.00000000,cmd,-139.4642,-2.2541,-109.4783,16.46691810,44.11540265,1315.0957
6.080000,4393381.828869,4259773.976079,1796714.894474,-33.427239,-31.646636,230.529758,0.99860993,0.00062319,0.05269718,0.00090608,-0.00135529,0.00176968,-0.00093828,11.1100,1315.3079,1047.6902,0.01524744,0.00046922,0.686396,0.00926167,0.00964405,-0.00925834,-0.00964072,0.00926167,0.00964405,-0.00925834,-0.00964072,0.00000000,0.00000000,0.00000000,0.00000000,cmd,-139.2679,-2.3455,-109.5748,16.46693927,44.11540270,1315.3079
6.090000,4393381.494697,4259773.659695,1796717.199107,-33.407178,-31.630220,230.396858,0.99860968,0.00061602,0.05270213,0.00090449,-0.00133137,0.00020658,0.00011831,11.1100,1315.5201,1050.0316,0.01527550,0.00047571,0.686002,0.00926167,0.00964405,-0.00925834,-0.00964072,0.00926167,0.00964405,-0.00925834,-0.00964072,0.00000000,0.00000000,0.00000000,0.00000000,cmd,-139.0721,-2.3731,-109.5888,16.46696042,44.11540275,1315.5201
6.100000,4393381.160725,4259773.343475,1796719.502411,-33.387253,-31.613859,230.264112,0.99860983,0.00060924,0.05269925,0.00090800,-0.00130910,-0.00134556,0.00109377,11.1100,1315.7321,1052.3717,0.01528837,0.00047149,0.685608,0.00926167,0.00964405,-0.00925834,-0.00964072,0.00926167,0.00964405,-0.00925834,-0.00964072,0.00000000,0.00000000,0.00000000,0.00000000,cmd,-138.8767,-2.3383,-109.5148,16.46698157,44.11540280,1315.7321
6.110000,4393380.826951,4259773.027417,1796721.804389,-33.367553,-31.597571,230.131507,0.99861038,0.00060281,0.05268884,0.00091604,-0.00128835,-0.00279979,0.00193508,11.1100,1315.9439,1054.7104,0.01528603,0.00045730,0.685215,0.00919404,0.00977683,-0.00919027,-0.00977306,0.00926167,0.00964405,-0.00925834,-0.00964072,0.00000000,0.00000000,0.00000000,0.00000000,cmd,-138.6817,-2.2460,-109.3522,16.46700270,44.11540285,1315.9439
6.120000,4393380.493372,4259772.711524,1796724.105042,-33.348235,-31.581204,229.999041,0.99861124,0.00059655,0.05267232,0.00092556,-0.00127873,-0.00377952,0.00168964,11.1100,1316.1557,1057.0478,0.01526937,0.00043441,0.684822,0.00919404,0.00977683,-0.00919027,-0.00977306,0.00919404,0.00977683,-0.00919027,-0.00977306,0.00000000,0.00000000,0.00000000,0.00000000,cmd,-138.4871,-1.8896,-109.1753,16.46702382,44.11540290,1316.1557
6.130000,4393380.159985,4259772.395793,1796726.404371,-33.329231,-31.564981,229.866696,0.99861234,0.00059025,0.05265143,0.00093352,-0.00126972,-0.00454477,0.00131664,11.1100,1316.3673,1059.3838,0.01524129,0.00040994,0.684430,0.00919404,0.00977683,-0.00919027,-0.00977306,0.00919404,0.00977683,-0.00919027,-0.00977306,0.00000000,0.00000000,0.00000000,0.00000000,cmd,-138.2930,-1.7467,-108.8600,16.46704493,44.11540296,1316.3673
6.140000,4393379.826786,4259772.080223,1796728.702376,-33.310551,-31.548941,229.734466,0.99861361,0.00058388,0.05262733,0.00093936,-0.00126126,-0.00506457,0.00084376,11.1100,1316.5788,1061.7185,0.01520572,0.00038906,0.684038,0.00919404,0.00977683,-0.00919027,-0.00977306,0.00919404,0.00977683,-0.00919027,-0.00977306,0.00000000,0.00000000,0.00000000,0.00000000,cmd,-138.0993,-1.6259,-108.5007,16.46706603,44.11540301,1316.5788
6.150000,4393379.493773,4259771.764813,1796730.999060,-33.292189,-31.533117,229.602348,0.99861498,0.00057743,0.05260127,0.00094264,-0.00125332,-0.00532378,0.00030311,11.1100,1316.7901,1064.0518,0.01516512,0.00037283,0.683647,0.00919404,0.00977683,-0.00919027,-0.00977306,0.00919404,0.00977683,-0.00919027,-0.00977306,0.00000000,0.00000000,0.00000000,0.00000000,cmd,-137.9061,-1.5331,-108.1115,16.46708712,44.11540306,1316.7901
6.160000,4393379.160942,4259771.449560,1796733.294424,-33.274129,-31.517532,229.470340,0.99861639,0.00057086,0.05257458,0.00094313,-0.00124586,-0.00532312,-0.00027087,11.1100,1317.0013,1066.3838,0.01512213,0.00036198,0.683257,0.00919404,0.00977683,-0.00919027,-0.00977306,0.00919404,0.00977683,-0.00919027,-0.00977306,0.00000000,0.00000000,0.00000000,0.00000000,cmd,-137.7132,-1.4721,-107.7077,16.46710819,44.11540311,1317.0013
6.170000,4393378.828289,4259771.134462,1796735.588468,-33.256346,-31.502204,229.338445,0.99861777,0.00056418,0.05254852,0.00094073,-0.00123884,-0.00507836,-0.00084347,11.1100,1317.2124,1068.7145,0.01507937,0.00035689,0.682867,0.00919404,0.00977683,-0.00919027,-0.00977306,0.00919404,0.00977683,-0.00919027,-0.00977306,0.00000000,0.00000000,0.00000000,0.00000000,cmd,-137.5209,-1.4448,-107.3046,16.46712925,44.11540316,1317.2124
6.180000,4393378.495814,4259770.819515,1796737.881193,-33.238805,-31.487139,229.206664,0.99861906,0.00055739,0.05252422,0.00093555,-0.00123223,-0.00461857,-0.00138179,11.1100,1317.4233,1071.0438,0.01503936,0.00035759,0.682477,0.00919404,0.00977683,-0.00919027,-0.00977306,0.00919404,0.00977683,-0.00919027,-0.00977306,0.00000000,0.00000000,0.00000000,0.00000000,cmd,-137.3289,-1.4509,-106.9168,16.46715030,44.11540321,1317.4233
6.190000,4393378.163513,4259770.504718,1796740.172601,-33.221468,-31.472336,229.075002,0.99862020,0.00055049,0.05250268,0.00092783,-0.00122601,-0.00398384,-0.00185650,11.1100,1317.6340,1073.3718,0.01500432,0.00036378,0.682088,0.00919404,0.00977683,-0.00919027,-0.00977306,0.00919404,0.00977683,-0.00919027,-0.00977306,0.00000000,0.00000000,0.00000000,0.00000000,cmd,-137.1374,-1.4884,-106.5571,16.46717133,44.11540326,1317.6340
6.200000,4393377.831384,4259770.190068,1796742.462693,-33.204293,-31.457784,228.943465,0.99862116,0.00054351,0.05248465,0.00091795,-0.00122014,-0.00322235,-0.00224334,11.1100,1317.8446,1075.6985,0.01497608,0.00037486,0.681700,0.00912350,0.00978770,-0.00912097,-0.00978517,0.00919404,0.00977683,-0.00919027,-0.00977306,0.00000000,0.00000000,0.00000000,0.00000000,cmd,-136.9463,-1.5536,-106.2363,16.46719236,44.11540331,1317.8446
6.210000,4393377.499426,4259769.875562,1796744.751471,-33.187325,-31.443452,228.812050,0.99862195,0.00053648,0.05246996,0.00090548,-0.00118788,-0.00265352,-0.00288812,11.1100,1318.0551,1078.0239,0.01495600,0.00038996,0.681312,0.00912350,0.00978770,-0.00912097,-0.00978517,0.00912350,0.00978770,-0.00912097,-0.00978517,0.00000000,0.00000000,0.00000000,0.00000000,cmd,-136.7556,-1.5552,-105.9008,16.46721337,44.11540336,1318.0551
6.220000,4393377.167637,4259769.561198,1796747.038935,-33.170428,-31.429352,228.680772,0.99862258,0.00052945,0.05245822,0.00089014,-0.00115787,-0.00204541,-0.00338462,11.1100,1318.2654,1080.3479,0.01494379,0.00041019,0.680924,0.00893570,0.00970476,-0.00893280,-0.00970187,0.00912350,0.00978770,-0.00912097,-0.00978517,0.00000000,0.00000000,0.00000000,0.00000000,cmd,-136.5653,-1.6738,-105.6741,16.46723437,44.11540340,1318.2654
6.230000,4393376.836016,4259769.246974,1796749.325087,-33.153810,-31.415587,228.549590,0.99862322,0.00052238,0.05244644,0.00087155,-0.00113775,-0.00266925,-0.00417843,11.1100,1318.4755,1082.6706,0.01493830,0.00043565,0.680537,0.00893570,0.00970476,-0.00893280,-0.00970187,0.00893570,0.00970476,-0.00893280,-0.00970187,0.00000000,0.00000000,0.00000000,0.00000000,cmd,-136.3755,-1.7107,-105.2013,16.46725536,44.11540345,1318.4755
6.240000,4393376.504561,4259768.932885,1796751.609927,-33.137206,-31.402083,228.418549,0.99862402,0.00051523,0.05243167,0.00084953,-0.00111900,-0.00323796,-0.00475186,11.1100,1318.6855,1084.9920,0.01493447,0.00046739,0.680151,0.00893570,0.00970476,-0.00893280,-0.00970187,0.00893570,0.00970476,-0.00893280,-0.00970187,0.00000000,0.00000000,0.00000000,0.00000000,cmd,-136.1861,-1.8956,-105.0320,16.46727634,44.11540350,1318.6855
6.250000,4393376.173272,4259768.618931,1796753.893458,-33.120616,-31.388873,228.287644,0.99862496,0.00050805,0.05241426,0.00082524,-0.00110152,-0.00372493,-0.00508262,11.1100,1318.8953,1087.3121,0.01492537,0.00050521,0.679765,0.00893570,0.00970476,-0.00893280,-0.00970187,0.00893570,0.00970476,-0.00893280,-0.00970187,0.00000000,0.00000000,0.00000000,0.00000000,cmd,-135.9971,-2.1134,-104.8326,16.46729730,44.11540355,1318.8953
6.260000,4393375.842149,4259768.305107,1796756.175680,-33.104049,-31.375979,228.156872,0.99862601,0.00050091,0.05239466,0.00079992,-0.00108521,-0.00410948,-0.00516324,11.1100,1319.1049,1089.6308,0.01491179,0.00054671,0.679380,0.00893570,0.00970476,-0.00893280,-0.00970187,0.00893570,0.00970476,-0.00893280,-0.00970187,0.00000000,0.00000000,0.00000000,0.00000000,cmd,-135.8085,-2.3499,-104.6076,16.46731826,44.11540360,1319.1049
6.270000,4393375.511191,4259767.991410,1796758.456596,-33.087516,-31.363407,228.026230,0.99862715,0.00049385,0.05237343,0.00077481,-0.00107000,-0.00437780,-0.00500084,11.1100,1319.3144,1091.9483,0.01489475,0.00058935,0.678995,0.00893570,0.00970476,-0.00893280,-0.00970187,0.00893570,0.00970476,-0.00893280,-0.00970187,0.00000000,0.00000000,0.00000000,0.00000000,cmd,-135.6203,-2.5906,-104.3626,16.46733920,44.11540365,1319.3144
6.280000,4393375.180398,4259767.677838,1796760.736206,-33.071033,-31.351154,227.895717,0.99862834,0.00048694,0.05235117,0.00075106,-0.00105580,-0.00452333,-0.00461592,11.1100,1319.5237,1094.2644,0.01487539,0.00063066,0.678611,0.00893570,0.00970476,-0.00893280,-0.00970187,0.00893570,0.00970476,-0.00893280,-0.00970187,0.00000000,0.00000000,0.00000000,0.00000000,cmd,-135.4326,-2.8215,-104.1044,16.46736013,44.11540370,1319.5237
6.290000,4393374.849770,4259767.364386,1796763.014511,-33.054619,-31.339203,227.765331,0.99862954,0.00048023,0.05232848,0.00072973,-0.00104255,-0.00454680,-0.00404056,11.1100,1319.7328,1096.5792,0.01485498,0.00066837,0.678227,0.00893570,0.00970476,-0.00893280,-0.00970187,0.00893570,0.00970476,-0.00893280,-0.00970187,0.00000000,0.00000000,0.00000000,0.00000000,cmd,-135.2453,-3.0298,-103.8400,16.46738105,44.11540375,1319.7328
6.300000,4393374.519305,4259767.051053,1796765.291513,-33.038296,-31.327527,227.635073,0.99863074,0.00047375,0.05230597,0.00071165,-0.00103017,-0.00445581,-0.00331605,11.1100,1319.9418,1098.8927,0.01483474,0.00070052,0.677844,0.00893570,0.00970476,-0.00893280,-0.00970187,0.00893570,0.00970476,-0.00893280,-0.00970187,0.00000000,0.00000000,0.00000000,0.00000000,cmd,-135.0584,-3.2048,-103.5764,16.46740195,44.11540379,1319.9418
6.310000,4393374.189004,4259766.737835,1796767.567213,-33.022083,-31.316092,227.504945,0.99863189,0.00046754,0.05228416,0.00069747,-0.00101860,-0.00426405,-0.00249006,11.1100,1320.1505,1101.2049,0.01481585,0.00072554,0.677461,0.00871693,0.00966015,-0.00871353,-0.00965675,0.00893570,0.00970476,-0.00893280,-0.00970187,0.00000000,0.00000000,0.00000000,0.00000000,cmd,-134.8719,-3.3378,-103.3203,16.46742285,44.11540384,1320.1505
6.320000,4393373.858862,4259766.424730,1796769.841612,-33.006282,-31.304919,227.374902,0.99863314,0.00046148,0.05226056,0.00068563,-0.00101833,-0.00516987,-0.00237713,11.1100,1320.3591,1103.5158,0.01479935,0.00074233,0.677079,0.00871693,0.00966015,-0.00871353,-0.00965675,0.00871693,0.00966015,-0.00871353,-0.00965675,0.00000000,0.00000000,0.00000000,0.00000000,cmd,-134.6858,-3.2432,-102.8049,16.46744373,44.11540389,1320.3591
6.330000,4393373.528877,4259766.111736,1796772.114711,-32.990630,-31.293964,227.244985,0.99863460,0.00045546,0.05223279,0.00067452,-0.00101801,-0.00592749,-0.00220079,11.1100,1320.5675,1105.8254,0.01478123,0.00075485,0.676697,0.00871693,0.00966015,-0.00871353,-0.00965675,0.00871693,0.00966015,-0.00871353,-0.00965675,0.00000000,0.00000000,0.00000000,0.00000000,cmd,-134.5001,-3.3093,-102.5615,16.46746460,44.11540394,1320.5675
6.340000,4393373.199049,4259765.798850,1796774.386512,-32.975158,-31.283243,227.115190,0.99863624,0.00044950,0.05220167,0.00066441,-0.00101763,-0.00650443,-0.00197383,11.1100,1320.7758,1108.1337,0.01475579,0.00076566,0.676316,0.00871693,0.00966015,-0.00871353,-0.00965675,0.00871693,0.00966015,-0.00871353,-0.00965675,0.00000000,0.00000000,0.00000000,0.00000000,cmd,-134.3148,-3.3651,-102.2763,16.46748546,44.11540398,1320.7758
6.350000,4393372.869374,4259765.486070,1796776.657015,-32.959890,-31.272763,226.985512,0.99863800,0.00044360,0.05216817,0.00065554,-0.00101720,-0.00687987,-0.00171124,11.1100,1320.9838,1110.4407,0.01472481,0.00077424,0.675935,0.00871693,0.00966015,-0.00871353,-0.00965675,0.00871693,0.00966015,-0.00871353,-0.00965675,0.00000000,0.00000000,0.00000000,0.00000000,cmd,-134.1300,-3.4079,-101.9594,16.46750630,44.11540403,1320.9838
6.360000,4393372.539850,4259765.173394,1796778.926222,-32.944844,-31.262522,226.855948,0.99863983,0.00043778,0.05213332,0.00064803,-0.00101672,-0.00704531,-0.00142931,11.1100,1321.1917,1112.7464,0.01469033,0.00078022,0.675555,0.00871693,0.00966015,-0.00871353,-0.00965675,0.00871693,0.00966015,-0.00871353,-0.00965675,0.00000000,0.00000000,0.00000000,0.00000000,cmd,-133.9455,-3.4357,-101.6223,16.46752714,44.11540408,1321.1917
6.370000,4393372.210476,4259764.860819,1796781.194135,-32.930032,-31.252510,226.726499,0.99864167,0.00043204,0.05209816,0.00064194,-0.00101620,-0.00700440,-0.00114460,11.1100,1321.3993,1115.0508,0.01465447,0.00078338,0.675175,0.00824041,0.00923172,-0.00824022,-0.00923154,0.00871693,0.00966015,-0.00871353,-0.00965675,0.00000000,0.00000000,0.00000000,0.00000000,cmd,-133.7614,-3.4474,-101.2769,16.46754796,44.11540412,1321.3993
6.380000,4393371.881246,4259764.548340,1796783.460752,-32.916080,-31.243261,226.597011,0.99864400,0.00042652,0.05205365,0.00063670,-0.00094914,-0.01076113,-0.00108169,11.1100,1321.6068,1117.3540,0.01461932,0.00078366,0.674796,0.00824041,0.00923172,-0.00824022,-0.00923154,0.00824041,0.00923172,-0.00824022,-0.00923154,0.00000000,0.00000000,0.00000000,0.00000000,cmd,-133.5778,-3.3937,-100.0125,16.46756877,44.11540417,1321.6068
6.390000,4393371.552153,4259764.235953,1796785.726075,-32.902461,-31.234317,226.467617,0.99864724,0.00042135,0.05199147,0.00063174,-0.00088679,-0.01405496,-0.00102889,11.1100,1321.8140,1119.6558,0.01457039,0.00078242,0.674417,0.00824041,0.00923172,-0.00824022,-0.00923154,0.00824041,0.00923172,-0.00824022,-0.00923154,0.00000000,0.00000000,0.00000000,0.00000000,cmd,-133.3946,-3.3822,-99.6204,16.46758957,44.11540421,1321.8140
6.400000,4393371.223195,4259763.923652,1796787.990105,-32.889284,-31.225783,226.338291,0.99865126,0.00041650,0.05191433,0.00062698,-0.00082884,-0.01672725,-0.00098857,11.1100,1322.0211,1121.9563,0.01448794,0.00078065,0.674039,0.00824041,0.00923172,-0.00824022,-0.00923154,0.00824041,0.00923172,-0.00824022,-0.00923154,0.00000000,0.00000000,0.00000000,0.00000000,cmd,-133.2118,-3.3678,-99.0387,16.46761036,44.11540426,1322.0211
6.410000,4393370.894366,4259763.611435,1796790.252841,-32.876635,-31.217738,226.209014,0.99865587,0.00041195,0.05182565,0.00062237,-0.00077496,-0.01866150,-0.00096232,11.1100,1322.2279,1124.2556,0.01437810,0.00077847,0.673661,0.00784223,0.00894734,-0.00783951,-0.00894463,0.00824041,0.00923172,-0.00824022,-0.00923154,0.00000000,0.00000000,0.00000000,0.00000000,cmd,-133.0294,-3.3513,-98.3012,16.46763114,44.11540430,1322.2279
6.420000,4393370.565658,4259763.299294,1796792.514284,-32.865087,-31.210603,226.079654,0.99866126,0.00040747,0.05172174,0.00061661,-0.00077693,-0.02279729,-0.00144111,11.1100,1322.4345,1126.5536,0.01424822,0.00077602,0.673284,0.00784223,0.00894734,-0.00783951,-0.00894463,0.00784223,0.00894734,-0.00783951,-0.00894463,0.00000000,0.00000000,0.00000000,0.00000000,cmd,-132.8474,-3.2177,-96.7530,16.46765191,44.11540435,1322.4345
6.430000,4393370.237062,4259762.987221,1796794.774434,-32.854214,-31.204139,225.950304,0.99866758,0.00040288,0.05159975,0.00060850,-0.00077870,-0.02588095,-0.00189389,11.1100,1322.6409,1128.8502,0.01409400,0.00077634,0.672908,0.00784223,0.00894734,-0.00783951,-0.00894463,0.00784223,0.00894734,-0.00783951,-0.00894463,0.00000000,0.00000000,0.00000000,0.00000000,cmd,-132.6659,-3.2188,-95.7828,16.46767266,44.11540439,1322.6409
6.440000,4393369.908571,4259762.675209,1796797.033290,-32.844093,-31.198452,225.820941,0.99867453,0.00039817,0.05146524,0.00059825,-0.00078028,-0.02779377,-0.00229691,11.1100,1322.8470,1131.1457,0.01390766,0.00078127,0.672532,0.00784223,0.00894734,-0.00783951,-0.00894463,0.00784223,0.00894734,-0.00783951,-0.00894463,0.00000000,0.00000000,0.00000000,0.00000000,cmd,-132.4848,-3.2453,-94.6294,16.46769340,44.11540443,1322.8470
6.450000,4393369.580177,4259762.363249,1796799.290853,-32.834764,-31.193604,225.691551,0.99868179,0.00039336,0.05132422,0.00058614,-0.00078167,-0.02848731,-0.00263030,11.1100,1323.0529,1133.4398,0.01370095,0.00079035,0.672157,0.00784223,0.00894734,-0.00783951,-0.00894463,0.00784223,0.00894734,-0.00783951,-0.00894463,0.00000000,0.00000000,0.00000000,0.00000000,cmd,-132.3041,-3.2946,-93.3582,16.46771413,44.11540448,1323.0529
6.460000,4393369.251873,4259762.051334,1796801.547121,-32.826226,-31.189615,225.562132,0.99868906,0.00038848,0.05118275,0.00057258,-0.00078291,-0.02798254,-0.00287894,11.1100,1323.2585,1135.7327,0.01348620,0.00080288,0.671782,0.00784223,0.00894734,-0.00783951,-0.00894463,0.00784223,0.00894734,-0.00783951,-0.00894463,0.00000000,0.00000000,0.00000000,0.00000000,cmd,-132.1239,-3.3624,-92.0379,16.46773485,44.11540452,1323.2585
6.470000,4393368.923650,4259761.739454,1796803.802095,-32.818440,-31.186460,225.432691,0.99869604,0.00038353,0.05104663,0.00055801,-0.00078399,-0.02636530,-0.00303306,11.1100,1323.4639,1138.0243,0.01327561,0.00081804,0.671408,0.00740393,0.00831143,-0.00740135,-0.00830885,0.00784223,0.00894734,-0.00783951,-0.00894463,0.00000000,0.00000000,0.00000000,0.00000000,cmd,-131.9442,-3.4441,-90.7365,16.46775556,44.11540456,1323.4639
6.480000,4393368.595499,4259761.427598,1796806.055774,-32.811911,-31.184870,225.303062,0.99870306,0.00037867,0.05090932,0.00054504,-0.00078210,-0.02844793,-0.00224600,11.1100,1323.6689,1140.3146,0.01308062,0.00083488,0.671034,0.00740393,0.00831143,-0.00740135,-0.00830885,0.00740393,0.00831143,-0.00740135,-0.00830885,0.00000000,0.00000000,0.00000000,0.00000000,cmd,-131.7648,-3.7330,-88.4381,16.46777626,44.11540461,1323.6689
6.490000,4393368.267410,4259761.115754,1796808.308157,-32.806117,-31.184038,225.173423,0.99871044,0.00037402,0.05076440,0.00053609,-0.00078029,-0.02940848,-0.00143115,11.1100,1323.8737,1142.6037,0.01289199,0.00084743,0.670661,0.00647061,0.00740172,-0.00646718,-0.00739830,0.00740393,0.00831143,-0.00740135,-0.00830885,0.00000000,0.00000000,0.00000000,0.00000000,cmd,-131.5859,-3.7927,-87.2835,16.46779694,44.11540465,1323.8737
6.500000,4393367.939368,4259760.803909,1796810.559241,-32.802307,-31.185091,225.043455,0.99871892,0.00036955,0.05059739,0.00053092,-0.00079569,-0.03723750,-0.00073446,11.1100,1324.0781,1144.8915,0.01269274,0.00085178,0.670289,0.00647061,0.00740172,-0.00646718,-0.00739830,0.00647061,0.00740172,-0.00646718,-0.00739830,0.00000000,0.00000000,0.00000000,0.00000000,cmd,-131.4075,-3.7832,-84.2189,16.46781761,44.11540469,1324.0781
6.510000,4393367.611360,4259760.492049,1796812.809026,-32.799493,-31.187055,224.913424,0.99872915,0.00036519,0.05039524,0.00052910,-0.00080994,-0.04342700,-0.00008982,11.1100,1324.2822,1147.1781,0.01246133,0.00084864,0.669917,0.00647061,0.00740172,-0.00646718,-0.00739830,0.00647061,0.00740172,-0.00646718,-0.00739830,0.00000000,0.00000000,0.00000000,0.00000000,cmd,-131.2295,-3.7568,-82.8743,16.46783828,44.11540473,1324.2822
6.520000,4393367.283374,4259760.180164,1796815.057509,-32.797887,-31.190095,224.783283,0.99874065,0.00036093,0.05016684,0.00053030,-0.00082312,-0.04771778,0.00047022,11.1100,1324.4860,1149.4634,0.01216549,0.00083893,0.669546,0.00647061,0.00740172,-0.00646718,-0.00739830,0.00647061,0.00740172,-0.00646718,-0.00739830,0.00000000,0.00000000,0.00000000,0.00000000,cmd,-131.0519,-3.6946,-81.1677,16.46785893,44.11540478,1324.4860
6.530000,4393366.955398,4259759.868243,1796817.304691,-32.797632,-31.194314,224.652999,0.99875291,0.00035674,0.04992208,0.00053403,-0.00083531,-0.04996620,0.00091923,11.1100,1324.6894,1151.7474,0.01182422,0.00082346,0.669175,0.00647061,0.00740172,-0.00646718,-0.00739830,0.00647061,0.00740172,-0.00646718,-0.00739830,0.00000000,0.00000000,0.00000000,0.00000000,cmd,-130.8748,-3.6014,-79.2034,16.46787957,44.11540482,1324.6894
6.540000,4393366.627417,4259759.556274,1796819.550569,-32.798793,-31.199751,224.522558,0.99876541,0.00035259,0.04967126,0.00053968,-0.00084658,-0.05014628,0.00123805,11.1100,1324.8924,1154.0303,0.01145809,0.00080332,0.668805,0.00647061,0.00740172,-0.00646718,-0.00739830,0.00647061,0.00740172,-0.00646718,-0.00739830,0.00000000,0.00000000,0.00000000,0.00000000,cmd,-130.6982,-3.4835,-77.0948,16.46790020,44.11540486,1324.8924
6.550000,4393366.299417,4259759.244244,1796821.795141,-32.801360,-31.206379,224.391963,0.99877765,0.00034845,0.04942454,0.00054657,-0.00085698,-0.04834537,0.00141542,11.1100,1325.0950,1156.3119,0.01108809,0.00077981,0.668436,0.00523194,0.00612930,-0.00522866,-0.00612602,0.00647061,0.00740172,-0.00646718,-0.00739830,0.00000000,0.00000000,0.00000000,0.00000000,cmd,-130.5220,-3.3482,-74.9573,16.46792081,44.11540490,1325.0950
6.560000,4393365.971377,4259758.932135,1796824.038405,-32.806835,-31.215688,224.260807,0.99879049,0.00034431,0.04916429,0.00055435,-0.00086369,-0.05552103,0.00159017,11.1100,1325.2971,1158.5922,0.01073447,0.00075435,0.668068,0.00523194,0.00612930,-0.00522866,-0.00612602,0.00523194,0.00612930,-0.00522866,-0.00612602,0.00000000,0.00000000,0.00000000,0.00000000,cmd,-130.3462,-3.2368,-70.4136,16.46794142,44.11540494,1325.2971
6.570000,4393365.643276,4259758.619926,1796826.280357,-32.813777,-31.226233,224.129479,0.99880474,0.00034019,0.04887382,0.00056261,-0.00086986,-0.06040705,0.00161358,11.1100,1325.4988,1160.8713,0.01037134,0.00072754,0.667700,0.00523194,0.00612930,-0.00522866,-0.00612602,0.00523194,0.00612930,-0.00522866,-0.00612602,0.00000000,0.00000000,0.00000000,0.00000000,cmd,-130.1709,-3.0851,-68.3736,16.46796201,44.11540498,1325.4988
6.580000,4393365.315096,4259758.307606,1796828.520994,-32.822326,-31.238154,223.997943,0.99881980,0.00033603,0.04856502,0.00057061,-0.00087552,-0.06284684,0.00149130,11.1100,1325.7001,1163.1492,0.00995624,0.00070033,0.667332,0.00523194,0.00612930,-0.00522866,-0.00612602,0.00523194,0.00612930,-0.00522866,-0.00612602,0.00000000,0.00000000,0.00000000,0.00000000,cmd,-129.9961,-2.9324,-66.0404,16.46798260,44.11540502,1325.7001
6.590000,4393364.986824,4259757.995159,1796830.760315,-32.832529,-31.251508,223.866181,0.99883506,0.00033181,0.04825020,0.00057767,-0.00088072,-0.06282287,0.00123651,11.1100,1325.9008,1165.4259,0.00951385,0.00067418,0.666966,0.00523194,0.00612930,-0.00522866,-0.00612602,0.00523194,0.00612930,-0.00522866,-0.00612602,0.00000000,0.00000000,0.00000000,0.00000000,cmd,-129.8218,-2.7870,-63.5488,16.46800317,44.11540506,1325.9008
6.600000,4393364.658441,4259757.682571,1796832.998317,-32.844346,-31.266280,223.734199,0.99884992,0.00032748,0.04794144,0.00058317,-0.00088546,-0.06045078,0.00086886,11.1100,1326.1010,1167.7013,0.00906920,0.00065046,0.666600,0.00523194,0.00612930,-0.00522866,-0.00612602,0.00523194,0.00612930,-0.00522866,-0.00612602,0.00000000,0.00000000,0.00000000,0.00000000,cmd,-129.6478,-2.6559,-61.0358,16.46802373,44.11540510,1326.1010
6.610000,4393364.329932,4259757.369829,1796835.234998,-32.857656,-31.282381,223.602022,0.99886387,0.00032301,0.04764991,0.00058660,-0.00088980,-0.05596672,0.00041312,11.1100,1326.3007,1169.9756,0.00864628,0.00063033,0.666234,0.00355823,0.00446909,-0.00355504,-0.00446590,0.00523194,0.00612930,-0.00522866,-0.00612602,0.00000000,0.00000000,0.00000000,0.00000000,cmd,-129.4744,-2.5455,-58.6330,16.46804428,44.11540514,1326.3007
6.620000,4393364.001273,4259757.056909,1796837.470354,-32.874377,-31.301688,223.469121,0.99887815,0.00031842,0.04734976,0.00058746,-0.00089189,-0.06385872,-0.00015867,11.1100,1326.4998,1172.2486,0.00826685,0.00061471,0.665869,0.00355823,0.00446909,-0.00355504,-0.00446590,0.00355823,0.00446909,-0.00355504,-0.00446590,0.00000000,0.00000000,0.00000000,0.00000000,cmd,-129.3014,-2.4472,-53.1889,16.46806482,44.11540517,1326.4998
6.630000,4393363.672439,4259756.743790,1796839.704380,-32.892514,-31.322323,223.336030,0.99889392,0.00031369,0.04701600,0.00058537,-0.00089376,-0.06938228,-0.00075567,11.1100,1326.6983,1174.5204,0.00789113,0.00060457,0.665505,0.00162000,0.00251077,-0.00161772,-0.00250849,0.00355823,0.00446909,-0.00355504,-0.00446590,0.00000000,0.00000000,0.00000000,0.00000000,cmd,-129.1289,-2.3929,-51.1250,16.46808535,44.11540521,1326.6983
6.640000,4393363.343405,4259756.430446,1796841.937071,-32.914640,-31.346846,223.202036,0.99891250,0.00030891,0.04661951,0.00058049,-0.00087754,-0.08883055,-0.00126169,11.1100,1326.8962,1176.7910,0.00745687,0.00060044,0.665142,0.00162000,0.00251077,-0.00161772,-0.00250849,0.00162000,0.00251077,-0.00161772,-0.00250849,0.00000000,0.00000000,0.00000000,0.00000000,cmd,-128.9568,-2.3912,-44.9254,16.46810587,44.11540525,1326.8962
6.650000,4393363.014140,4259756.116847,1796844.168420,-32.938802,-31.373369,223.067672,0.99893500,0.00030414,0.04613496,0.00057313,-0.00086238,-0.10451026,-0.00173589,11.1100,1327.0934,1179.0604,0.00692204,0.00060179,0.664779,0.00162000,0.00251077,-0.00161772,-0.00250849,0.00162000,0.00251077,-0.00161772,-0.00250849,0.00000000,0.00000000,0.00000000,0.00000000,cmd,-128.7852,-2.3989,-42.0900,16.46812638,44.11540529,1327.0934
6.660000,4393362.684621,4259755.802970,1796846.398422,-32.965468,-31.402377,222.932804,0.99896035,0.00029939,0.04558293,0.00056350,-0.00084819,-0.11576016,-0.00215452,11.1100,1327.2899,1181.3287,0.00622381,0.00060798,0.664417,0.00162000,0.00251077,-0.00161772,-0.00250849,0.00162000,0.00251077,-0.00161772,-0.00250849,0.00000000,0.00000000,0.00000000,0.00000000,cmd,-128.6140,-2.4326,-38.3543,16.46814688,44.11540533,1327.2899
6.670000,4393362.354821,4259755.488790,1796848.627074,-32.994953,-31.434201,222.797336,0.99898739,0.00029463,0.04498664,0.00055195,-0.00083491,-0.12218513,-0.00249786,11.1100,1327.4857,1183.5957,0.00540642,0.00061848,0.664055,0.00162000,0.00251077,-0.00161772,-0.00250849,0.00162000,0.00251077,-0.00161772,-0.00250849,0.00000000,0.00000000,0.00000000,0.00000000,cmd,-128.4433,-2.4892,-33.9568,16.46816736,44.11540537,1327.4857
6.680000,4393362.024712,4259755.174276,1796850.854367,-33.027408,-31.469008,222.661215,0.99901495,0.00028989,0.04437059,0.00053889,-0.00082248,-0.12366428,-0.00275109,11.1100,1327.6807,1185.8616,0.00451846,0.00063254,0.663695,0.00162000,0.00251077,-0.00161772,-0.00250849,0.00162000,0.00251077,-0.00161772,-0.00250849,0.00000000,0.00000000,0.00000000,0.00000000,cmd,-128.2731,-2.5643,-29.1596,16.46818784,44.11540540,1327.6807
6.690000,4393361.694263,4259754.859400,1796853.080296,-33.062822,-31.506799,222.524431,0.99904193,0.00028516,0.04375924,0.00052482,-0.00081084,-0.12034409,-0.00290482,11.1100,1327.8749,1188.1263,0.00361003,0.00064927,0.663334,-0.00032226,0.00067410,0.00032663,-0.00066973,0.00162000,0.00251077,-0.00161772,-0.00250849,0.00000000,0.00000000,0.00000000,0.00000000,cmd,-128.1033,-2.6531,-24.2337,16.46820830,44.11540544,1327.8749
6.700000,4393361.363434,4259754.544120,1796855.304850,-33.103435,-31.549634,222.386355,0.99906905,0.00028031,0.04313584,0.00050914,-0.00084068,-0.12844958,-0.00338908,11.1100,1328.0682,1190.3898,0.00273010,0.00066768,0.662975,-0.00032226,0.00067410,0.00032663,-0.00066973,-0.00032226,0.00067410,0.00032663,-0.00066973,0.00000000,0.00000000,0.00000000,0.00000000,cmd,-127.9340,-2.6479,-15.7850,16.46822876,44.11540548,1328.0682
6.710000,4393361.032185,4259754.228397,1796857.528021,-33.146919,-31.595411,222.247609,0.99909698,0.00027525,0.04248417,0.00049137,-0.00086834,-0.13163792,-0.00373766,11.1100,1328.2606,1192.6522,0.00185884,0.00068929,0.662616,-0.00032226,0.00067410,0.00032663,-0.00066973,-0.00032226,0.00067410,0.00032663,-0.00066973,0.00000000,0.00000000,0.00000000,0.00000000,cmd,-127.7651,-2.7641,-11.1318,16.46824920,44.11540551,1328.2606
6.720000,4393360.700486,4259753.912202,1796859.749800,-33.193320,-31.644187,222.108167,0.99912465,0.00027000,0.04182879,0.00047223,-0.00089398,-0.12996386,-0.00393826,11.1100,1328.4520,1194.9134,0.00094978,0.00071460,0.662258,-0.00368376,-0.00254233,0.00368605,0.00254463,-0.00032226,0.00067410,0.00032663,-0.00066973,0.00000000,0.00000000,0.00000000,0.00000000,cmd,-127.5967,-2.8990,-6.2571,16.46826963,44.11540555,1328.4520
6.730000,4393360.368288,4259753.595485,1796861.970176,-33.246662,-31.699714,221.966876,0.99915390,0.00026466,0.04112435,0.00045096,-0.00087754,-0.15113176,-0.00457978,11.1100,1328.6424,1197.1735,0.00005242,0.00074210,0.661900,-0.00368376,-0.00254233,0.00368605,0.00254463,-0.00368376,-0.00254233,0.00368605,0.00254463,0.00000000,0.00000000,0.00000000,0.00000000,cmd,-127.4287,-2.9047,4.9035,16.46829006,44.11540559,1328.6424
6.740000,4393360.035542,4259753.278196,1796864.189135,-33.303222,-31.758588,221.824759,0.99918634,0.00025933,0.04032870,0.00042693,-0.00086215,-0.16635422,-0.00502668,11.1100,1328.8317,1199.4324,-0.00089916,0.00077379,0.661543,-0.00368376,-0.00254233,0.00368605,0.00254463,-0.00368376,-0.00254233,0.00368605,0.00254463,0.00000000,0.00000000,0.00000000,0.00000000,cmd,-127.2610,-3.0751,9.8585,16.46831047,44.11540562,1328.8317
6.750000,4393359.702212,4259752.960300,1796866.406668,-33.363428,-31.821243,221.681671,0.99922052,0.00025403,0.03947300,0.00040118,-0.00084774,-0.17510290,-0.00526421,11.1100,1329.0198,1201.6902,-0.00201198,0.00081023,0.661186,-0.00368376,-0.00254233,0.00368605,0.00254463,-0.00368376,-0.00254233,0.00368605,0.00254463,0.00000000,0.00000000,0.00000000,0.00000000,cmd,-127.0938,-3.2693,15.7002,16.46833087,44.11540566,1329.0198
6.760000,4393359.368260,4259752.641758,1796868.622765,-33.427493,-31.887895,221.537525,0.99925502,0.00024878,0.03859015,0.00037476,-0.00083426,-0.17721206,-0.00528917,11.1100,1329.2068,1203.9468,-0.00322085,0.00084932,0.660830,-0.00368376,-0.00254233,0.00368605,0.00254463,-0.00368376,-0.00254233,0.00368605,0.00254463,0.00000000,0.00000000,0.00000000,0.00000000,cmd,-126.9270,-3.4758,22.0802,16.46835126,44.11540570,1329.2068
6.770000,4393359.033649,4259752.322529,1796870.837415,-33.495414,-31.958535,221.392303,0.99928852,0.00024362,0.03771300,0.00034873,-0.00082168,-0.17286970,-0.00510960,11.1100,1329.3924,1206.2024,-0.00445848,0.00088890,0.660474,-0.00368376,-0.00254233,0.00368605,0.00254463,-0.00368376,-0.00254233,0.00368605,0.00254463,0.00000000,0.00000000,0.00000000,0.00000000,cmd,-126.7605,-3.6831,28.6385,16.46837164,44.11540573,1329.3924
6.780000,4393358.698340,4259752.002574,1796873.050607,-33.566987,-32.032948,221.246049,0.99931989,0.00023855,0.03687263,0.00032408,-0.00080995,-0.16259081,-0.00474373,11.1100,1329.5768,1208.4568,-0.00565911,0.00092691,0.660119,-0.00368376,-0.00254233,0.00368605,0.00254463,-0.00368376,-0.00254233,0.00368605,0.00254463,0.00000000,0.00000000,0.00000000,0.00000000,cmd,-126.5944,-3.8802,35.0228,16.46839202,44.11540577,1329.5768
6.790000,4393358.362298,4259751.681859,1796875.262333,-33.641827,-32.110726,221.098869,0.99934823,0.00023360,0.03609680,0.00030169,-0.00079902,-0.14717493,-0.00421867,11.1100,1329.7597,1210.7101,-0.00676182,0.00096145,0.659764,-0.00368376,-0.00254233,0.00368605,0.00254463,-0.00368376,-0.00254233,0.00368605,0.00254463,0.00000000,0.00000000,0.00000000,0.00000000,cmd,-126.4286,-4.0571,40.9063,16.46841238,44.11540580,1329.7597
6.800000,4393358.025494,4259751.360351,1796877.472582,-33.719391,-32.191305,220.950926,0.99937285,0.00022878,0.03540872,0.00028226,-0.00078884,-0.12765104,-0.00356848,11.1100,1329.9413,1212.9623,-0.00771351,0.00099086,0.659409,-0.00368376,-0.00254233,0.00368605,0.00254463,-0.00368376,-0.00254233,0.00368605,0.00254463,0.00000000,0.00000000,0.00000000,0.00000000,cmd,-126.2631,-4.2054,46.0040,16.46843273,44.11540583,1329.9413
6.810000,4393357.687903,4259751.038026,1796879.681349,-33.799020,-32.273999,220.802427,0.99939333,0.00022411,0.03482597,0.00026634,-0.00077936,-0.10521338,-0.00283217,11.1100,1330.1214,1215.2134,-0.00847131,0.00101385,0.659055,-0.00874477,-0.00744086,0.00874864,0.00744473,-0.00368376,-0.00254233,0.00368605,0.00254463,0.00000000,0.00000000,0.00000000,0.00000000,cmd,-126.0980,-4.3185,50.0848,16.46845307,44.11540587,1330.1214
6.820000,4393357.349479,4259750.714838,1796881.888620,-33.886099,-32.363802,220.651741,0.99941300,0.00021948,0.03425704,0.00025258,-0.00080064,-0.12203247,-0.00270566,11.1100,1330.2999,1217.4634,-0.00900427,0.00102950,0.658701,-0.00874477,-0.00744086,0.00874864,0.00744473,-0.00874477,-0.00744086,0.00874864,0.00744473,0.00000000,0.00000000,0.00000000,0.00000000,cmd,-125.9333,-4.2377,62.4262,16.46847340,44.11540590,1330.2999
6.830000,4393357.010176,4259750.390744,1796884.094383,-33.974724,-32.455164,220.500645,0.99943492,0.00021479,0.03361162,0.00023958,-0.00082040,-0.13571331,-0.00252596,11.1100,1330.4769,1219.7123,-0.00946221,0.00104120,0.658348,-0.00874477,-0.00744086,0.00874864,0.00744473,-0.00874477,-0.00744086,0.00874864,0.00744473,0.00000000,0.00000000,0.00000000,0.00000000,cmd,-125.7688,-4.2939,64.6606,16.46849373,44.11540594,1330.4769
6.840000,4393356.669978,4259750.065728,1796886.298631,-34.065311,-32.548477,220.348996,0.99945837,0.00021005,0.03290688,0.00022757,-0.00083875,-0.14569064,-0.00230455,11.1100,1330.6523,1221.9601,-0.01006257,0.00105115,0.657995,-0.00874477,-0.00744086,0.00874864,0.00744473,-0.00874477,-0.00744086,0.00874864,0.00744473,0.00000000,0.00000000,0.00000000,0.00000000,cmd,-125.6047,-4.3405,67.6616,16.46851404,44.11540597,1330.6523
6.850000,4393356.328863,4259749.739767,1796888.501360,-34.158152,-32.644007,220.196690,0.99948262,0.00020527,0.03216229,0.00021675,-0.00085580,-0.15161574,-0.00205452,11.1100,1330.8260,1224.2068,-0.01076833,0.00105892,0.657642,-0.00874477,-0.00744086,0.00874864,0.00744473,-0.00874477,-0.00744086,0.00874864,0.00744473,0.00000000,0.00000000,0.00000000,0.00000000,cmd,-125.4409,-4.3751,71.2341,16.46853434,44.11540600,1330.8260
6.860000,4393355.986807,4259749.412840,1796890.702563,-34.253402,-32.741889,220.043666,0.99950690,0.00020046,0.03139850,0.00020721,-0.00087164,-0.15336397,-0.00178981,11.1100,1330.9980,1226.4525,-0.01153871,0.00106421,0.657290,-0.00874477,-0.00744086,0.00874864,0.00744473,-0.00874477,-0.00744086,0.00874864,0.00744473,0.00000000,0.00000000,0.00000000,0.00000000,cmd,-125.2775,-4.3963,75.1631,16.46855463,44.11540603,1330.9980
6.870000,4393355.643786,4259749.084922,1796892.902231,-34.351082,-32.842124,219.889908,0.99953056,0.00019561,0.03063623,0.00019901,-0.00088635,-0.15103052,-0.00152449,11.1100,1331.1682,1228.6970,-0.01233140,0.00106685,0.656938,-0.01306160,-0.01145122,0.01306297,0.01145258,-0.00874477,-0.00744086,0.00874864,0.00744473,0.00000000,0.00000000,0.00000000,0.00000000,cmd,-125.1143,-4.4035,79.2251,16.46857492,44.11540606,1331.1682
6.880000,4393355.299752,4259748.755967,1796895.100351,-34.456229,-32.949246,219.733836,0.99955554,0.00019077,0.02981008,0.00018901,-0.00085240,-0.17874087,-0.00249363,11.1100,1331.3368,1230.9405,-0.01310482,0.00106683,0.656587,-0.01306160,-0.01145122,0.01306297,0.01145258,-0.01306160,-0.01145122,0.01306297,0.01145258,0.00000000,0.00000000,0.00000000,0.00000000,cmd,-124.9515,-4.1090,91.0139,16.46859519,44.11540610,1331.3368
6.890000,4393354.954652,4259748.425927,1796897.296905,-34.564249,-33.059213,219.576820,0.99958346,0.00018598,0.02885902,0.00017430,-0.00082067,-0.20083179,-0.00339348,11.1100,1331.5034,1233.1829,-0.01395892,0.00107149,0.656235,-0.01527313,-0.01347751,0.01527400,0.01347838,-0.01306160,-0.01145122,0.01306297,0.01145258,0.00000000,0.00000000,0.00000000,0.00000000,cmd,-124.7889,-4.1348,95.2062,16.46861545,44.11540613,1331.5034
6.900000,4393354.608442,4259748.094759,1796899.491879,-34.678388,-33.175025,219.417782,0.99961430,0.00018121,0.02777028,0.00015347,-0.00078148,-0.23358515,-0.00491713,11.1100,1331.6682,1235.4242,-0.01504356,0.00108534,0.655884,-0.01527313,-0.01347751,0.01527400,0.01347838,-0.01527313,-0.01347751,0.01527400,0.01347838,0.00000000,0.00000000,0.00000000,0.00000000,cmd,-124.6266,-4.0350,104.5954,16.46863571,44.11540616,1331.6682
6.910000,4393354.261070,4259747.762412,1796901.685255,-34.796816,-33.295214,219.257205,0.99964779,0.00017646,0.02653776,0.00012547,-0.00074480,-0.25816164,-0.00623686,11.1100,1331.8311,1237.6645,-0.01636403,0.00111163,0.655533,-0.01527313,-0.01347751,0.01527400,0.01347838,-0.01527313,-0.01347751,0.01527400,0.01347838,0.00000000,0.00000000,0.00000000,0.00000000,cmd,-124.4643,-4.1777,111.1711,16.46865595,44.11540619,1331.8311
6.920000,4393353.912489,4259747.428838,1796903.877017,-34.920190,-33.420492,219.094801,0.99968229,0.00017174,0.02520475,0.00009149,-0.00071047,-0.27367198,-0.00729463,11.1100,1331.9918,1239.9037,-0.01794303,0.00115149,0.655181,-0.01527313,-0.01347751,0.01527400,0.01347838,-0.01527313,-0.01347751,0.01527400,0.01347838,0.00000000,0.00000000,0.00000000,0.00000000,cmd,-124.3022,-4.3897,119.1327,16.46867618,44.11540622,1331.9918
6.930000,4393353.562648,4259747.093984,1796906.067145,-35.048874,-33.551270,218.930376,0.99971630,0.00016707,0.02381775,0.00005296,-0.00067836,-0.27972725,-0.00804827,11.1100,1332.1505,1242.1418,-0.01968942,0.00120233,0.654830,-0.01527313,-0.01347751,0.01527400,0.01347838,-0.01527313,-0.01347751,0.01527400,0.01347838,0.00000000,0.00000000,0.00000000,0.00000000,cmd,-124.1402,-4.6569,128.0036,16.46869641,44.11540625,1332.1505
6.940000,4393353.211494,4259746.757794,1796908.255617,-35.182934,-33.687651,218.763849,0.99974854,0.00016249,0.02242393,0.00001147,-0.00064836,-0.27643479,-0.00847290,11.1100,1332.3070,1244.3789,-0.02150755,0.00126111,0.654478,-0.01527313,-0.01347751,0.01527400,0.01347838,-0.01527313,-0.01347751,0.01527400,0.01347838,0.00000000,0.00000000,0.00000000,0.00000000,cmd,-123.9782,-4.9631,137.2831,16.46871662,44.11540628,1332.3070
6.950000,4393352.858972,4259746.420213,1796910.442415,-35.322154,-33.829437,218.595251,0.99977802,0.00015803,0.02106879,-0.00003130,-0.00062037,-0.26436933,-0.00856137,11.1100,1332.4612,1246.6150,-0.02330233,0.00132455,0.654125,-0.01527313,-0.01347751,0.01527400,0.01347838,-0.01527313,-0.01347751,0.01527400,0.01347838,0.00000000,0.00000000,0.00000000,0.00000000,cmd,-123.8161,-5.2906,146.4732,16.46873683,44.11540631,1332.4612
6.960000,4393352.505035,4259746.081188,1796912.627516,-35.466054,-33.976159,218.424722,0.99980407,0.00015371,0.01979386,-0.00007367,-0.00059430,-0.24452205,-0.00832378,11.1100,1332.6131,1248.8499,-0.02498405,0.00138923,0.653772,-0.01739264,-0.01592506,0.01739302,0.01592544,-0.01527313,-0.01347751,0.01527400,0.01347838,0.00000000,0.00000000,0.00000000,0.00000000,cmd,-123.6539,-5.6219,155.1032,16.46875703,44.11540633,1332.6131
6.970000,4393352.149626,4259745.740662,1796914.810899,-35.616433,-34.129890,218.251555,0.99982720,0.00014965,0.01858882,-0.00011084,-0.00056100,-0.23651114,-0.00649819,11.1100,1332.7626,1251.0839,-0.02647259,0.00145187,0.653418,-0.01739264,-0.01592506,0.01739302,0.01592544,-0.01739264,-0.01592506,0.01739302,0.01592544,0.00000000,0.00000000,0.00000000,0.00000000,cmd,-123.4917,-6.2428,166.9742,16.46877721,44.11540636,1332.7626
6.980000,4393351.792694,4259745.398578,1796916.992542,-35.770401,-34.287329,218.076839,0.99984790,0.00014593,0.01743933,-0.00013843,-0.00053008,-0.22242654,-0.00451088,11.1100,1332.9095,1253.3167,-0.02777599,0.00150176,0.653064,-0.01739264,-0.01592506,0.01739302,0.01592544,-0.01739264,-0.01592506,0.01739302,0.01592544,0.00000000,0.00000000,0.00000000,0.00000000,cmd,-123.3294,-6.4833,173.5633,16.46879739,44.11540639,1332.9095
6.990000,4393351.434207,4259745.054904,1796919.172431,-35.927516,-34.447913,217.900756,0.99986592,0.00014255,0.01637344,-0.00015588,-0.00050139,-0.20323836,-0.00246823,11.1100,1333.0539,1255.5485,-0.02894297,0.00153175,0.652710,-0.01739264,-0.01592506,0.01739302,0.01592544,-0.01739264,-0.01592506,0.01739302,0.01592544,0.00000000,0.00000000,0.00000000,0.00000000,cmd,-123.1671,-6.6190,179.4638,16.46881756,44.11540642,1333.0539
7.000000,4393351.074136,4259744.709612,1796921.350553,-36.087183,-34.610939,217.723557,0.99988118,0.00013949,0.01541379,-0.00016320,-0.00047475,-0.18012867,-0.00047461,11.1100,1333.1957,1257.7793,-0.02992069,0.00154116,0.652355,-0.01739264,-0.01592506,0.01739302,0.01592544,-0.01739264,-0.01592506,0.01739302,0.01592544,0.00000000,0.00000000,0.00000000,0.00000000,cmd,-123.0049,-6.6474,184.3986,16.46883772,44.11540644,1333.1957
7.010000,4393350.712457,4259744.362680,1796923.526899,-36.248699,-34.775599,217.545548,0.99989373,0.00013672,0.01457672,-0.00016086,-0.00045001,-0.15442250,0.00137278,11.1100,1333.3348,1260.0090,-0.03066809,0.00153040,0.652000,-0.01739264,-0.01592506,0.01739302,0.01592544,-0.01739264,-0.01592506,0.01739302,0.01592544,0.00000000,0.00000000,0.00000000,0.00000000,cmd,-122.8428,-6.5717,188.1522,16.46885786,44.11540647,1333.3348
7.020000,4393350.349158,4259744.014097,1796925.701463,-36.411288,-34.941032,217.367070,0.99990376,0.00013422,0.01387174,-0.00014981,-0.00042700,-0.12751499,0.00298836,11.1100,1333.4711,1262.2377,-0.03115741,0.00150083,0.651646,-0.01739264,-0.01592506,0.01739302,0.01592544,-0.01739264,-0.01592506,0.01739302,0.01592544,0.00000000,0.00000000,0.00000000,0.00000000,cmd,-122.6810,-6.3998,190.5779,16.46887800,44.11540649,1333.4711
7.030000,4393349.984231,4259743.663860,1796927.874240,-36.574148,-35.106365,217.188482,0.99991152,0.00013196,0.01330136,-0.00013140,-0.00040558,-0.10079857,0.00430194,11.1100,1333.6048,1264.4653,-0.03137502,0.00145472,0.651292,-0.01739264,-0.01592506,0.01739302,0.01592544,-0.01739264,-0.01592506,0.01739302,0.01592544,0.00000000,0.00000000,0.00000000,0.00000000,cmd,-122.5196,-6.1445,191.6024,16.46889813,44.11540652,1333.6048
7.040000,4393349.617677,4259743.311973,1796930.045233,-36.736485,-35.270760,217.010139,0.99991728,0.00012989,0.01286130,-0.00010727,-0.00038559,-0.07559367,0.00526144,11.1100,1333.7357,1266.6918,-0.03132143,0.00139504,0.650939,-0.01739264,-0.01592506,0.01739302,0.01592544,-0.01739264,-0.01592506,0.01739302,0.01592544,0.00000000,0.00000000,0.00000000,0.00000000,cmd,-122.3587,-5.8217,191.2258,16.46891825,44.11540654,1333.7357
7.050000,4393349.249505,4259742.958450,1796932.214445,-36.897559,-35.433449,216.832372,0.99992135,0.00012799,0.01254097,-0.00007928,-0.00036694,-0.05308646,0.00583465,11.1100,1333.8639,1268.9173,-0.03101062,0.00132531,0.650586,-0.01739264,-0.01592506,0.01739302,0.01592544,-0.01739264,-0.01592506,0.01739302,0.01592544,0.00000000,0.00000000,0.00000000,0.00000000,cmd,-122.1984,-5.4502,189.5178,16.46893836,44.11540657,1333.8639
7.060000,4393348.879732,4259742.603312,1796934.381884,-37.056712,-35.593773,216.655473,0.99992404,0.00012620,0.01232428,-0.00004942,-0.00034951,-0.03427605,0.00600988,11.1100,1333.9894,1271.1418,-0.03046880,0.00124941,0.650235,-0.01966282,-0.01791739,0.01966237,0.01791693,-0.01739264,-0.01592506,0.01739302,0.01592544,0.00000000,0.00000000,0.00000000,0.00000000,cmd,-122.0387,-5.0502,186.6112,16.46895846,44.11540659,1333.9894
7.070000,4393348.508366,4259742.246574,1796936.547554,-37.215996,-35.753430,216.478758,0.99992620,0.00012451,0.01214851,-0.00002236,-0.00031771,-0.03670912,0.00472277,11.1100,1334.1122,1273.3652,-0.02973248,0.00117134,0.649885,-0.01966282,-0.01791739,0.01966237,0.01791693,-0.01966282,-0.01791739,0.01966237,0.01791693,0.00000000,0.00000000,0.00000000,0.00000000,cmd,-121.8798,-4.3900,186.5657,16.46897856,44.11540661,1334.1122
7.080000,4393348.135420,4259741.888253,1796938.711462,-37.372765,-35.910256,216.303145,0.99992858,0.00012288,0.01195074,-0.00000247,-0.00028806,-0.04301345,0.00315406,11.1100,1334.2323,1275.5875,-0.02891489,0.00110141,0.649536,-0.01789383,-0.01638042,0.01789661,0.01638320,-0.01966282,-0.01791739,0.01966237,0.01791693,0.00000000,0.00000000,0.00000000,0.00000000,cmd,-121.7215,-4.0343,182.1085,16.46899864,44.11540663,1334.2323
7.090000,4393347.760929,4259741.528385,1796940.873624,-37.525190,-36.062833,216.129249,0.99993101,0.00012117,0.01174535,0.00001130,-0.00032008,-0.03975180,0.00228590,11.1100,1334.3498,1277.8088,-0.02815773,0.00104704,0.649189,-0.01789383,-0.01638042,0.01789661,0.01638320,-0.01789383,-0.01638042,0.01789661,0.01638320,0.00000000,0.00000000,0.00000000,0.00000000,cmd,-121.5641,-3.9710,174.9582,16.46901871,44.11540666,1334.3498
7.100000,4393347.384924,4259741.167005,1796943.034051,-37.675290,-36.212922,215.956355,0.99993332,0.00011925,0.01154718,0.00002030,-0.00034988,-0.04011270,0.00125325,11.1100,1334.4648,1280.0290,-0.02744293,0.00100498,0.648843,-0.01789383,-0.01638042,0.01789661,0.01638320,-0.01789383,-0.01638042,0.01789661,0.01638320,0.00000000,0.00000000,0.00000000,0.00000000,cmd,-121.4076,-3.7567,171.0889,16.46903877,44.11540668,1334.4648
7.110000,4393347.007431,4259740.804135,1796945.192754,-37.823081,-36.360608,215.784444,0.99993571,0.00011712,0.01133848,0.00002384,-0.00037758,-0.04392135,0.00011382,11.1100,1334.5771,1282.2482,-0.02672843,0.00097320,0.648498,-0.01789383,-0.01638042,0.01789661,0.01638320,-0.01789383,-0.01638042,0.01789661,0.01638320,0.00000000,0.00000000,0.00000000,0.00000000,cmd,-121.2518,-3.5964,167.2100,16.46905883,44.11540670,1334.5771
7.120000,4393346.628470,4259740.439800,1796947.349743,-37.968682,-36.506080,215.613453,0.99993836,0.00011480,0.01110279,0.00002155,-0.00040335,-0.05084123,-0.00107201,11.1100,1334.6870,1284.4663,-0.02604944,0.00095284,0.648155,-0.01789383,-0.01638042,0.01789661,0.01638320,-0.01789383,-0.01638042,0.01789661,0.01638320,0.00000000,0.00000000,0.00000000,0.00000000,cmd,-121.0967,-3.4954,163.5020,16.46907887,44.11540672,1334.6870
7.130000,4393346.248064,4259740.074020,1796949.505026,-38.112303,-36.649616,215.443283,0.99994139,0.00011229,0.01082569,0.00001333,-0.00042731,-0.06039811,-0.00224429,11.1100,1334.7944,1286.6833,-0.02543788,0.00094442,0.647813,-0.01789383,-0.01638042,0.01789661,0.01638320,-0.01789383,-0.01638042,0.01789661,0.01638320,0.00000000,0.00000000,0.00000000,0.00000000,cmd,-120.9423,-3.4558,160.1289,16.46909890,44.11540674,1334.7944
7.140000,4393345.866230,4259739.706813,1796951.658611,-38.254230,-36.791567,215.273798,0.99994492,0.00010959,0.01049541,-0.00000060,-0.00044957,-0.07200970,-0.00334639,11.1100,1334.8993,1288.8993,-0.02492100,0.00094787,0.647472,-0.01789383,-0.01638042,0.01789661,0.01638320,-0.01789383,-0.01638042,0.01789661,0.01638320,0.00000000,0.00000000,0.00000000,0.00000000,cmd,-120.7886,-3.4766,157.2308,16.46911893,44.11540676,1334.8993
7.150000,4393345.482984,4259739.338193,1796953.810503,-38.394811,-36.932334,215.104839,0.99994895,0.00010674,0.01010330,-0.00001976,-0.00047025,-0.08501911,-0.00432760,11.1100,1335.0018,1291.1142,-0.02452026,0.00096253,0.647133,-0.01789383,-0.01638042,0.01789661,0.01638320,-0.01789383,-0.01638042,0.01789661,0.01638320,0.00000000,0.00000000,0.00000000,0.00000000,cmd,-120.6356,-3.5539,154.9183,16.46913894,44.11540678,1335.0018
7.160000,4393345.098337,4259738.968169,1796955.960709,-38.534432,-37.072349,214.936233,0.99995349,0.00010374,0.00964409,-0.00004345,-0.00048945,-0.09873043,-0.00514535,11.1100,1335.1020,1293.3281,-0.02425048,0.00098722,0.646794,-0.01789383,-0.01638042,0.01789661,0.01638320,-0.01789383,-0.01638042,0.01789661,0.01638320,0.00000000,0.00000000,0.00000000,0.00000000,cmd,-120.4831,-3.6812,153.2683,16.46915895,44.11540680,1335.1020
7.170000,4393344.712297,4259738.596747,1796958.109229,-38.673499,-37.212050,214.767797,0.99995844,0.00010061,0.00911604,-0.00007074,-0.00050727,-0.11244447,-0.00576688,11.1100,1335.1997,1295.5410,-0.02411948,0.00102035,0.646456,-0.01489245,-0.01325296,0.01489244,0.01325295,-0.01789383,-0.01638042,0.01789661,0.01638320,0.00000000,0.00000000,0.00000000,0.00000000,cmd,-120.3311,-3.8499,152.3219,16.46917895,44.11540682,1335.1997
7.180000,4393344.324884,4259738.223944,1796960.256071,-38.809036,-37.348448,214.600684,0.99996318,0.00009749,0.00858049,-0.00010181,-0.00047331,-0.10178733,-0.00664847,11.1100,1335.2951,1297.7527,-0.02412797,0.00105995,0.646118,-0.01489245,-0.01325296,0.01489244,0.01325295,-0.01489245,-0.01325296,0.01489244,0.01325295,0.00000000,0.00000000,0.00000000,0.00000000,cmd,-120.1796,-3.9374,146.6123,16.46919893,44.11540684,1335.2951
7.190000,4393343.936117,4259737.849778,1796962.401243,-38.944238,-37.484828,214.433642,0.99996720,0.00009451,0.00809775,-0.00013664,-0.00044162,-0.09140312,-0.00726630,11.1100,1335.3881,1299.9634,-0.02417300,0.00110668,0.645782,-0.01489245,-0.01325296,0.01489244,0.01325295,-0.01489245,-0.01325296,0.01489244,0.01325295,0.00000000,0.00000000,0.00000000,0.00000000,cmd,-120.0288,-4.1747,146.7120,16.46921891,44.11540686,1335.3881
7.200000,4393343.546001,4259737.474249,1796964.544745,-39.078779,-37.620902,214.266806,0.99997060,0.00009166,0.00766522,-0.00017385,-0.00041205,-0.08178277,-0.00760176,11.1100,1335.4788,1302.1731,-0.02411251,0.00115989,0.645447,-0.01489245,-0.01325296,0.01489244,0.01325295,-0.01489245,-0.01325296,0.01489244,0.01325295,0.00000000,0.00000000,0.00000000,0.00000000,cmd,-119.8783,-4.4426,146.2771,16.46923888,44.11540688,1335.4788
7.210000,4393343.154545,4259737.097362,1796966.686580,-39.212369,-37.756401,214.100301,0.99997349,0.00008896,0.00727795,-0.00021202,-0.00038447,-0.07335857,-0.00765065,11.1100,1335.5673,1304.3817,-0.02395380,0.00121677,0.645112,-0.01489245,-0.01325296,0.01489244,0.01325295,-0.01489245,-0.01325296,0.01489244,0.01325295,0.00000000,0.00000000,0.00000000,0.00000000,cmd,-119.7284,-4.7266,145.3435,16.46925883,44.11540690,1335.5673
7.220000,4393342.761758,4259736.719123,1796968.826752,-39.344771,-37.891085,213.934233,0.99997596,0.00008640,0.00692906,-0.00024973,-0.00035876,-0.06648596,-0.00742280,11.1100,1335.6534,1306.5892,-0.02370859,0.00127441,0.644778,-0.01489245,-0.01325296,0.01489244,0.01325295,-0.01489245,-0.01325296,0.01489244,0.01325295,0.00000000,0.00000000,0.00000000,0.00000000,cmd,-119.5790,-5.0121,143.9695,16.46927878,44.11540692,1335.6534
7.230000,4393342.367654,4259736.339543,1796970.965266,-39.475804,-38.024757,213.768688,0.99997811,0.00008399,0.00661008,-0.00028565,-0.00033478,-0.06142981,-0.00694086,11.1100,1335.7372,1308.7957,-0.02339230,0.00133000,0.644445,-0.01489245,-0.01325296,0.01489244,0.01325295,-0.01489245,-0.01325296,0.01489244,0.01325295,0.00000000,0.00000000,0.00000000,0.00000000,cmd,-119.4301,-5.2849,142.2325,16.46929872,44.11540693,1335.7372
7.240000,4393341.972247,4259735.958632,1796973.102128,-39.605356,-38.157270,213.603727,0.99998003,0.00008172,0.00631146,-0.00031860,-0.00031241,-0.05835581,-0.00623873,11.1100,1335.8187,1311.0011,-0.02302313,0.00138097,0.644112,-0.01489245,-0.01325296,0.01489244,0.01325295,-0.01489245,-0.01325296,0.01489244,0.01325295,0.00000000,0.00000000,0.00000000,0.00000000,cmd,-119.2817,-5.5324,140.2236,16.46931865,44.11540695,1335.8187
7.250000,4393341.575552,4259735.576402,1796975.237343,-39.733381,-38.288528,213.439383,0.99998180,0.00007958,0.00602311,-0.00034757,-0.00029156,-0.05732701,-0.00535932,11.1100,1335.8980,1313.2055,-0.02262104,0.00142505,0.643781,-0.01348132,-0.01177272,0.01348223,0.01177363,-0.01489245,-0.01325296,0.01489244,0.01325295,0.00000000,0.00000000,0.00000000,0.00000000,cmd,-119.1340,-5.7434,138.0430,16.46933857,44.11540697,1335.8980
7.260000,4393341.177592,4259735.192874,1796977.370921,-39.858334,-38.416902,213.276296,0.99998332,0.00007754,0.00576262,-0.00037245,-0.00028854,-0.04727276,-0.00461093,11.1100,1335.9751,1315.4088,-0.02220676,0.00146042,0.643451,-0.01348132,-0.01177272,0.01348223,0.01177363,-0.01348132,-0.01177272,0.01348223,0.01177363,0.00000000,0.00000000,0.00000000,0.00000000,cmd,-118.9867,-5.8483,133.2487,16.46935848,44.11540698,1335.9751
7.270000,4393340.778391,4259734.808069,1796979.502871,-39.981601,-38.543761,213.113929,0.99998454,0.00007556,0.00554607,-0.00039334,-0.00028572,-0.03980351,-0.00376934,11.1100,1336.0500,1317.6111,-0.02175567,0.00148727,0.643121,-0.01348132,-0.01177272,0.01348223,0.01177363,-0.01348132,-0.01177272,0.01348223,0.01177363,0.00000000,0.00000000,0.00000000,0.00000000,cmd,-118.8401,-5.9719,130.8786,16.46937838,44.11540700,1336.0500
7.280000,4393340.377966,4259734.422004,1796981.633202,-40.103013,-38.668888,212.952370,0.99998555,0.00007362,0.00535986,-0.00040987,-0.00028309,-0.03516696,-0.00287857,11.1100,1336.1227,1319.8123,-0.02122648,0.00150572,0.642793,-0.01348132,-0.01177272,0.01348223,0.01177363,-0.01348132,-0.01177272,0.01348223,0.01177363,0.00000000,0.00000000,0.00000000,0.00000000,cmd,-118.6941,-6.0526,128.1089,16.46939827,44.11540701,1336.1227
7.290000,4393339.976337,4259734.034698,1796983.761921,-40.222488,-38.792148,212.791669,0.99998644,0.00007172,0.00518950,-0.00042192,-0.00028063,-0.03346451,-0.00198306,11.1100,1336.1932,1322.0124,-0.02064771,0.00151522,0.642466,-0.01158444,-0.00976713,0.01158962,0.00977231,-0.01348132,-0.01177272,0.01348223,0.01177363,0.00000000,0.00000000,0.00000000,0.00000000,cmd,-118.5486,-6.0881,125.0820,16.46941815,44.11540703,1336.1932
7.300000,4393339.573533,4259733.646178,1796985.889042,-40.337945,-38.911355,212.632690,0.99998712,0.00006968,0.00505760,-0.00043059,-0.00035420,-0.01986745,-0.00153006,11.1100,1336.2617,1324.2115,-0.02004908,0.00151568,0.642139,-0.01158444,-0.00976713,0.01158962,0.00977231,-0.01158444,-0.00976713,0.01158962,0.00977231,0.00000000,0.00000000,0.00000000,0.00000000,cmd,-118.4038,-5.9834,118.5343,16.46943802,44.11540704,1336.2617
7.310000,4393339.169586,4259733.256478,1796988.014579,-40.451211,-39.028373,212.474706,0.99998748,0.00006732,0.00498471,-0.00043710,-0.00042278,-0.00992897,-0.00112465,11.1100,1336.3280,1326.4095,-0.01939966,0.00150988,0.641814,-0.01158444,-0.00976713,0.01158962,0.00977231,-0.01158444,-0.00976713,0.01158962,0.00977231,0.00000000,0.00000000,0.00000000,0.00000000,cmd,-118.2595,-5.9453,115.2279,16.46945789,44.11540706,1336.3280
7.320000,4393338.764517,4259732.865619,1796990.138540,-40.562037,-39.142938,212.317830,0.99998764,0.00006466,0.00495166,-0.00044173,-0.00048671,-0.00396749,-0.00078395,11.1100,1336.3924,1328.6065,-0.01864607,0.00149995,0.641490,-0.01158444,-0.00976713,0.01158962,0.00977231,-0.01158444,-0.00976713,0.01158962,0.00977231,0.00000000,0.00000000,0.00000000,0.00000000,cmd,-118.1159,-5.8870,111.3900,16.46947774,44.11540707,1336.3924
7.330000,4393338.358353,4259732.473628,1796992.260939,-40.670296,-39.254909,212.162124,0.99998771,0.00006170,0.00493819,-0.00044484,-0.00054629,-0.00209852,-0.00052129,11.1100,1336.4547,1330.8024,-0.01782841,0.00148654,0.641167,-0.01158444,-0.00976713,0.01158962,0.00977231,-0.01158444,-0.00976713,0.01158962,0.00977231,0.00000000,0.00000000,0.00000000,0.00000000,cmd,-117.9728,-5.8120,107.2199,16.46949758,44.11540708,1336.4547
7.340000,4393337.951120,4259732.080530,1796994.381787,-40.775980,-39.364265,212.007593,0.99998778,0.00005847,0.00492396,-0.00044686,-0.00060182,-0.00423835,-0.00034577,11.1100,1336.5151,1332.9973,-0.01698812,0.00147043,0.640845,-0.00883468,-0.00697302,0.00883244,0.00697078,-0.01158444,-0.00976713,0.01158962,0.00977231,0.00000000,0.00000000,0.00000000,0.00000000,cmd,-117.8304,-5.7242,102.9239,16.46951742,44.11540709,1336.5151
7.350000,4393337.542857,4259731.686365,1796996.501101,-40.876193,-39.468145,211.855399,0.99998769,0.00005530,0.00494213,-0.00044863,-0.00052306,0.01077498,-0.00042563,11.1100,1336.5736,1335.1911,-0.01616599,0.00145248,0.640524,-0.00883468,-0.00697302,0.00883244,0.00697078,-0.00883468,-0.00697302,0.00883244,0.00697078,0.00000000,0.00000000,0.00000000,0.00000000,cmd,-117.6885,-5.5895,93.8843,16.46953724,44.11540711,1336.5736
7.360000,4393337.133605,4259731.291176,1796998.618899,-40.973673,-39.569260,211.704453,0.99998728,0.00005255,0.00502396,-0.00045101,-0.00044956,0.02115616,-0.00058549,11.1100,1336.6303,1337.3839,-0.01531507,0.00143458,0.640204,-0.00883468,-0.00697302,0.00883244,0.00697078,-0.00883468,-0.00697302,0.00883244,0.00697078,0.00000000,0.00000000,0.00000000,0.00000000,cmd,-117.5473,-5.4953,89.6398,16.46955706,44.11540712,1336.6303
7.370000,4393336.723394,4259730.894990,1797000.735194,-41.068153,-39.667363,211.554865,0.99998666,0.00005016,0.00514545,-0.00045437,-0.00038097,0.02660929,-0.00081457,11.1100,1336.6851,1339.5756,-0.01435461,0.00141821,0.639885,-0.00633616,-0.00452592,0.00634020,0.00452996,-0.00883468,-0.00697302,0.00883244,0.00697078,0.00000000,0.00000000,0.00000000,0.00000000,cmd,-117.4067,-5.4095,84.8368,16.46957686,44.11540713,1336.6851
7.380000,4393336.312266,4259730.497852,1797002.850006,-41.156802,-39.759777,211.407746,0.99998570,0.00004785,0.00532829,-0.00045854,-0.00042671,0.04558680,-0.00091025,11.1100,1336.7382,1341.7663,-0.01333439,0.00140409,0.639567,-0.00633616,-0.00452592,0.00634020,0.00452996,-0.00633616,-0.00452592,0.00634020,0.00452996,0.00000000,0.00000000,0.00000000,0.00000000,cmd,-117.2666,-5.3798,75.4520,16.46959666,44.11540714,1336.7382
7.390000,4393335.900269,4259730.099806,1797004.963354,-41.241942,-39.848708,211.262192,0.99998426,0.00004535,0.00559133,-0.00046331,-0.00046936,0.05859958,-0.00105933,11.1100,1336.7896,1343.9559,-0.01222953,0.00139168,0.639251,-0.00633616,-0.00452592,0.00634020,0.00452996,-0.00633616,-0.00452592,0.00634020,0.00452996,0.00000000,0.00000000,0.00000000,0.00000000,cmd,-117.1271,-5.3134,70.0156,16.46961644,44.11540715,1336.7896
7.400000,4393335.487440,4259729.700890,1797007.075256,-41.323239,-39.933843,211.118332,0.99998246,0.00004267,0.00590369,-0.00046895,-0.00050911,0.06528524,-0.00125258,11.1100,1336.8394,1346.1445,-0.01098722,0.00138074,0.638935,-0.00633616,-0.00452592,0.00634020,0.00452996,-0.00633616,-0.00452592,0.00634020,0.00452996,0.00000000,0.00000000,0.00000000,0.00000000,cmd,-116.9882,-5.2547,63.8801,16.46963622,44.11540716,1336.8394
7.410000,4393335.073818,4259729.301143,1797009.185727,-41.400553,-40.015059,210.976217,0.99998046,0.00003979,0.00623350,-0.00047564,-0.00054616,0.06559424,-0.00147915,11.1100,1336.8876,1348.3321,-0.00967138,0.00137171,0.638620,-0.00633616,-0.00452592,0.00634020,0.00452996,-0.00633616,-0.00452592,0.00634020,0.00452996,0.00000000,0.00000000,0.00000000,0.00000000,cmd,-116.8498,-5.2059,57.3604,16.46965599,44.11540717,1336.8876
7.420000,4393334.659442,4259728.900602,1797011.294786,-41.473930,-40.092415,210.835818,0.99997844,0.00003673,0.00654938,-0.00048351,-0.00058068,0.05977830,-0.00172708,11.1100,1336.9343,1350.5185,-0.00834674,0.00136496,0.638306,-0.00324042,-0.00135585,0.00324126,0.00135669,-0.00633616,-0.00452592,0.00634020,0.00452996,0.00000000,0.00000000,0.00000000,0.00000000,cmd,-116.7120,-5.1685,50.7759,16.46967575,44.11540718,1336.9343
7.430000,4393334.244368,4259728.499323,1797013.402455,-41.540252,-40.162828,210.698356,0.99997621,0.00003363,0.00688057,-0.00049334,-0.00055748,0.07167002,-0.00225505,11.1100,1336.9796,1352.7040,-0.00707569,0.00136069,0.637993,-0.00324042,-0.00135585,0.00324126,0.00135669,-0.00324042,-0.00135585,0.00324126,0.00135669,0.00000000,0.00000000,0.00000000,0.00000000,cmd,-116.5746,-5.0798,39.0575,16.46969550,44.11540718,1336.9796
7.440000,4393333.828650,4259728.097358,1797015.508758,-41.602712,-40.229505,210.562553,0.99997355,0.00003064,0.00725553,-0.00050576,-0.00053580,0.07726334,-0.00276029,11.1100,1337.0235,1354.8884,-0.00582065,0.00136062,0.637681,-0.00324042,-0.00135585,0.00324126,0.00135669,-0.00324042,-0.00135585,0.00324126,0.00135669,0.00000000,0.00000000,0.00000000,0.00000000,cmd,-116.4377,-5.0773,32.9197,16.46971523,44.11540719,1337.0235
7.450000,4393333.412327,4259727.694746,1797017.613712,-41.661192,-40.292361,210.428440,0.99997066,0.00002775,0.00764264,-0.00052060,-0.00051554,0.07655940,-0.00322032,11.1100,1337.0661,1357.0717,-0.00450321,0.00136568,0.637369,-0.00324042,-0.00135585,0.00324126,0.00135669,-0.00324042,-0.00135585,0.00324126,0.00135669,0.00000000,0.00000000,0.00000000,0.00000000,cmd,-116.3013,-5.0998,26.4541,16.46973496,44.11540720,1337.0661
7.460000,4393332.995439,4259727.291523,1797019.717333,-41.715762,-40.351491,210.295975,0.99996777,0.00002493,0.00801106,-0.00053759,-0.00049660,0.06985289,-0.00361570,11.1100,1337.1075,1359.2540,-0.00318733,0.00137542,0.637059,-0.00324042,-0.00135585,0.00324126,0.00135669,-0.00324042,-0.00135585,0.00324126,0.00135669,0.00000000,0.00000000,0.00000000,0.00000000,cmd,-116.1653,-5.1450,19.9747,16.46975468,44.11540721,1337.1075
7.470000,4393332.578024,4259726.887727,1797021.819637,-41.766672,-40.407156,210.165048,0.99996513,0.00002216,0.00833205,-0.00055637,-0.00047888,0.05770522,-0.00393083,11.1100,1337.1477,1361.4353,-0.00193420,0.00138921,0.636748,-0.00035070,0.00144811,0.00035066,-0.00144815,-0.00324042,-0.00135585,0.00324126,0.00135669,0.00000000,0.00000000,0.00000000,0.00000000,cmd,-116.0297,-5.2094,13.7825,16.46977440,44.11540721,1337.1477
7.480000,4393332.160132,4259726.483405,1797023.920644,-41.811233,-40.456852,210.036669,0.99996257,0.00001950,0.00863319,-0.00057571,-0.00044728,0.06191622,-0.00384391,11.1100,1337.1868,1363.6155,-0.00079956,0.00140625,0.636439,-0.00035070,0.00144811,0.00035066,-0.00144815,-0.00035070,0.00144811,0.00035066,-0.00144815,0.00000000,0.00000000,0.00000000,0.00000000,cmd,-115.8944,-5.3622,3.3045,16.46979410,44.11540722,1337.1868
7.490000,4393331.741810,4259726.078600,1797026.020374,-41.852614,-40.503554,209.909625,0.99995984,0.00001701,0.00894284,-0.00059443,-0.00041774,0.06113388,-0.00368083,11.1100,1337.2248,1365.7947,0.00025419,0.00142379,0.636130,-0.00035070,0.00144811,0.00035066,-0.00144815,-0.00035070,0.00144811,0.00035066,-0.00144815,0.00000000,0.00000000,0.00000000,0.00000000,cmd,-115.7595,-5.4417,-1.8172,16.46981379,44.11540723,1337.2248
7.500000,4393331.323090,4259725.673344,1797028.118841,-41.890894,-40.547327,209.783880,0.99995715,0.00001465,0.00923656,-0.00061216,-0.00039012,0.05560155,-0.00345225,11.1100,1337.2619,1367.9729,0.00130446,0.00143974,0.635821,-0.00035070,0.00144811,0.00035066,-0.00144815,-0.00035070,0.00144811,0.00035066,-0.00144815,0.00000000,0.00000000,0.00000000,0.00000000,cmd,-115.6249,-5.5129,-6.9392,16.46983347,44.11540723,1337.2619
7.510000,4393330.904002,4259725.267663,1797030.216056,-41.926293,-40.588367,209.659349,0.99995476,0.00001242,0.00949164,-0.00062862,-0.00036427,0.04577082,-0.00317136,11.1100,1337.2980,1370.1500,0.00230280,0.00145344,0.635513,-0.00035070,0.00144811,0.00035066,-0.00144815,-0.00035070,0.00144811,0.00035066,-0.00144815,0.00000000,0.00000000,0.00000000,0.00000000,cmd,-115.4906,-5.5726,-11.8240,16.46985315,44.11540724,1337.2980
7.520000,4393330.484573,4259724.861584,1797032.312031,-41.959154,-40.626990,209.535900,0.99995286,0.00001029,0.00968811,-0.00064357,-0.00034009,0.03227199,-0.00285322,11.1100,1337.3332,1372.3260,0.00320521,0.00146435,0.635205,0.00269211,0.00447509,-0.00269292,-0.00447591,-0.00035070,0.00144811,0.00035066,-0.00144815,0.00000000,0.00000000,0.00000000,0.00000000,cmd,-115.3565,-5.6183,-16.2556,16.46987281,44.11540724,1337.3332
7.530000,4393330.064842,4259724.455145,1797034.406783,-41.986682,-40.660481,209.414601,0.99995112,0.00000831,0.00986545,-0.00065673,-0.00030428,0.03810791,-0.00245702,11.1100,1337.3676,1374.5010,0.00397390,0.00147209,0.634898,0.00269211,0.00447509,-0.00269292,-0.00447591,0.00269211,0.00447509,-0.00269292,-0.00447591,0.00000000,0.00000000,0.00000000,0.00000000,cmd,-115.2228,-5.6616,-25.1771,16.46989246,44.11540724,1337.3676
7.540000,4393329.644846,4259724.048382,1797036.500326,-42.012143,-40.691966,209.294206,0.99994914,0.00000655,0.01006348,-0.00066790,-0.00027081,0.04054047,-0.00205998,11.1100,1337.4012,1376.6750,0.00466925,0.00147608,0.634591,0.00269211,0.00447509,-0.00269292,-0.00447591,0.00269211,0.00447509,-0.00269292,-0.00447591,0.00000000,0.00000000,0.00000000,0.00000000,cmd,-115.0893,-5.6729,-28.4872,16.46991211,44.11540725,1337.4012
7.550000,4393329.224606,4259723.641313,1797038.592670,-42.035508,-40.721394,209.174728,0.99994708,0.00000496,0.01026519,-0.00067713,-0.00023950,0.03959739,-0.00168025,11.1100,1337.4341,1378.8479,0.00539243,0.00147608,0.634284,0.00269211,0.00447509,-0.00269292,-0.00447591,0.00269211,0.00447509,-0.00269292,-0.00447591,0.00000000,0.00000000,0.00000000,0.00000000,cmd,-114.9561,-5.6647,-31.9442,16.46993174,44.11540725,1337.4341
7.560000,4393328.804143,4259723.233960,1797040.683824,-42.056851,-40.748814,209.056140,0.99994512,0.00000354,0.01045409,-0.00068454,-0.00021024,0.03545988,-0.00133442,11.1100,1337.4662,1381.0198,0.00610913,0.00147223,0.633978,0.00269211,0.00447509,-0.00269292,-0.00447591,0.00269211,0.00447509,-0.00269292,-0.00447591,0.00000000,0.00000000,0.00000000,0.00000000,cmd,-114.8231,-5.6381,-35.3812,16.46995137,44.11540725,1337.4662
7.570000,4393328.383475,4259722.826343,1797042.773796,-42.076333,-40.774366,208.938383,0.99994342,0.00000225,0.01061496,-0.00069033,-0.00018287,0.02844758,-0.00103684,11.1100,1337.4977,1383.1907,0.00678676,0.00146487,0.633672,0.00269211,0.00447509,-0.00269292,-0.00447591,0.00269211,0.00447509,-0.00269292,-0.00447591,0.00000000,0.00000000,0.00000000,0.00000000,cmd,-114.6903,-5.5947,-38.6396,16.46997099,44.11540726,1337.4977
7.580000,4393327.962621,4259722.418479,1797044.862594,-42.094199,-40.798269,208.821368,0.99994214,0.00000109,0.01073447,-0.00069479,-0.00015729,0.01899782,-0.00079903,11.1100,1337.5285,1385.3605,0.00739590,0.00145448,0.633366,0.00269211,0.00447509,-0.00269292,-0.00447591,0.00269211,0.00447509,-0.00269292,-0.00447591,0.00000000,0.00000000,0.00000000,0.00000000,cmd,-114.5578,-5.5370,-41.5760,16.46999059,44.11540726,1337.5285
7.590000,4393327.541596,4259722.010382,1797046.950225,-42.110757,-40.820812,208.704983,0.99994142,0.00000002,0.01080174,-0.00069822,-0.00013337,0.00764051,-0.00062931,11.1100,1337.5587,1387.5293,0.00791142,0.00144165,0.633060,0.00498493,0.00674095,-0.00498514,-0.00674116,0.00269211,0.00447509,-0.00269292,-0.00447591,0.00000000,0.00000000,0.00000000,0.00000000,cmd,-114.4255,-5.4681,-44.0678,16.47001019,44.11540726,1337.5587
7.600000,4393327.120422,4259721.602077,1797049.036700,-42.123947,-40.840015,208.590007,0.99994089,-0.00000096,0.01085025,-0.00070075,-0.00012130,0.01148908,-0.00043665,11.1100,1337.5882,1389.6970,0.00831354,0.00142706,0.632755,0.00498493,0.00674095,-0.00498514,-0.00674116,0.00498493,0.00674095,-0.00498514,-0.00674116,0.00000000,0.00000000,0.00000000,0.00000000,cmd,-114.2935,-5.4137,-49.8285,16.47002978,44.11540726,1337.5882
7.610000,4393326.699120,4259721.193585,1797051.122027,-42.136204,-40.858204,208.475524,0.99994020,-0.00000187,0.01091378,-0.00070251,-0.00011001,0.01363898,-0.00032495,11.1100,1337.6173,1391.8637,0.00865558,0.00141088,0.632451,0.00611839,0.00776314,-0.00611865,-0.00776340,0.00498493,0.00674095,-0.00498514,-0.00674116,0.00000000,0.00000000,0.00000000,0.00000000,cmd,-114.1617,-5.3292,-51.3935,16.47004936,44.11540726,1337.6173
7.620000,4393326.277707,4259720.784922,1797053.206214,-42.146295,-40.874289,208.361977,0.99993921,-0.00000268,0.01100334,-0.00070293,-0.00009854,0.02185007,0.00009860,11.1100,1337.6457,1394.0294,0.00902117,0.00139352,0.632146,0.00611839,0.00776314,-0.00611865,-0.00776340,0.00611839,0.00776314,-0.00611865,-0.00776340,0.00000000,0.00000000,0.00000000,0.00000000,cmd,-114.0301,-5.3323,-54.8744,16.47006893,44.11540726,1337.6457
7.630000,4393325.856198,4259720.376104,1797055.289269,-42.155251,-40.889133,208.248997,0.99993783,-0.00000340,0.01112866,-0.00070149,-0.00008780,0.02790624,0.00041421,11.1100,1337.6737,1396.1940,0.00942445,0.00137346,0.631842,0.00611839,0.00776314,-0.00611865,-0.00776340,0.00611839,0.00776314,-0.00611865,-0.00776340,0.00000000,0.00000000,0.00000000,0.00000000,cmd,-113.8988,-5.2280,-56.6990,16.47008849,44.11540726,1337.6737
7.640000,4393325.434606,4259719.967144,1797057.371196,-42.162922,-40.902576,208.136640,0.99993615,-0.00000403,0.01127846,-0.00069878,-0.00007776,0.03161983,0.00061207,11.1100,1337.7012,1398.3576,0.00989130,0.00135013,0.631538,0.00611839,0.00776314,-0.00611865,-0.00776340,0.00611839,0.00776314,-0.00611865,-0.00776340,0.00000000,0.00000000,0.00000000,0.00000000,cmd,-113.7676,-5.1089,-58.8366,16.47010804,44.11540726,1337.7012
7.650000,4393325.012944,4259719.558057,1797059.452004,-42.169225,-40.914532,208.024935,0.99993431,-0.00000459,0.01144080,-0.00069537,-0.00006838,0.03291709,0.00068812,11.1100,1337.7282,1400.5202,0.01039808,0.00132473,0.631234,0.00611839,0.00776314,-0.00611865,-0.00776340,0.00611839,0.00776314,-0.00611865,-0.00776340,0.00000000,0.00000000,0.00000000,0.00000000,cmd,-113.6367,-4.9808,-61.1740,16.47012758,44.11540726,1337.7282
7.660000,4393324.591226,4259719.148858,1797061.531697,-42.174147,-40.924986,207.913884,0.99993244,-0.00000511,0.01160363,-0.00069189,-0.00005960,0.03183644,0.00064391,11.1100,1337.7547,1402.6817,0.01092034,0.00129848,0.630931,0.00611839,0.00776314,-0.00611865,-0.00776340,0.00611839,0.00776314,-0.00611865,-0.00776340,0.00000000,0.00000000,0.00000000,0.00000000,cmd,-113.5060,-4.8496,-63.5937,16.47014712,44.11540726,1337.7547
7.670000,4393324.169466,4259718.739562,1797063.610283,-42.177738,-40.933994,207.803466,0.99993067,-0.00000560,0.01175540,-0.00068892,-0.00005139,0.02852189,0.00048638,11.1100,1337.7808,1404.8422,0.01143389,0.00127259,0.630628,0.00611839,0.00776314,-0.00611865,-0.00776340,0.00611839,0.00776314,-0.00611865,-0.00776340,0.00000000,0.00000000,0.00000000,0.00000000,cmd,-113.3755,-4.7211,-65.9796,16.47016664,44.11540725,1337.7808
7.680000,4393323.747675,4259718.330183,1797065.687769,-42.180110,-40.941678,207.693637,0.99992913,-0.00000608,0.01188549,-0.00068699,-0.00004372,0.02321190,0.00022722,11.1100,1337.8066,1407.0016,0.01191595,0.00124822,0.630325,0.00611839,0.00776314,-0.00611865,-0.00776340,0.00611839,0.00776314,-0.00611865,-0.00776340,0.00000000,0.00000000,0.00000000,0.00000000,cmd,-113.2452,-4.6008,-68.2222,16.47018615,44.11540725,1337.8066
7.690000,4393323.325867,4259717.920732,1797067.764158,-42.181429,-40.948218,207.584334,0.99992795,-0.00000656,0.01198470,-0.00068659,-0.00003654,0.01622454,-0.00011778,11.1100,1337.8319,1409.1600,0.01234608,0.00122639,0.630022,0.00752655,0.00901122,-0.00752858,-0.00901325,0.00611839,0.00776314,-0.00611865,-0.00776340,0.00000000,0.00000000,0.00000000,0.00000000,cmd,-113.1151,-4.4935,-70.2230,16.47020566,44.11540725,1337.8319
7.700000,4393322.904057,4259717.511228,1797069.839459,-42.180444,-40.952579,207.475995,0.99992693,-0.00000694,0.01206944,-0.00068667,-0.00000044,0.01743113,0.00003121,11.1100,1337.8569,1411.3174,0.01270700,0.00120800,0.629719,0.00752655,0.00901122,-0.00752858,-0.00901325,0.00752655,0.00901122,-0.00752858,-0.00901325,0.00000000,0.00000000,0.00000000,0.00000000,cmd,-112.9853,-4.5350,-74.0877,16.47022515,44.11540724,1337.8569
7.710000,4393322.482261,4259717.101684,1797071.913679,-42.178662,-40.956053,207.368085,0.99992587,-0.00000715,0.01215657,-0.00068622,0.00003330,0.01718851,0.00009595,11.1100,1337.8815,1413.4738,0.01302377,0.00119038,0.629417,0.00752655,0.00901122,-0.00752858,-0.00901325,0.00752655,0.00901122,-0.00752858,-0.00901325,0.00000000,0.00000000,0.00000000,0.00000000,cmd,-112.8556,-4.4457,-75.5006,16.47024464,44.11540724,1337.8815
7.720000,4393322.060486,4259716.692110,1797073.986822,-42.176105,-40.958661,207.260597,0.99992487,-0.00000719,0.01223900,-0.00068566,0.00006484,0.01556446,0.00007703,11.1100,1337.9058,1415.6291,0.01333963,0.00117206,0.629115,0.00864241,0.01002025,-0.00864270,-0.01002053,0.00752655,0.00901122,-0.00752858,-0.00901325,0.00000000,0.00000000,0.00000000,0.00000000,cmd,-112.7261,-4.3537,-76.9139,16.47026412,44.11540724,1337.9058
7.730000,4393321.638747,4259716.282518,1797076.058895,-42.171680,-40.959452,207.153918,0.99992376,-0.00000714,0.01232910,-0.00068445,0.00006542,0.02023356,0.00035141,11.1100,1337.9297,1417.7834,0.01364049,0.00115388,0.628813,0.00864241,0.01002025,-0.00864270,-0.01002053,0.00864241,0.01002025,-0.00864270,-0.01002053,0.00000000,0.00000000,0.00000000,0.00000000,cmd,-112.5968,-4.3506,-80.0011,16.47028358,44.11540723,1337.9297
7.740000,4393321.217055,4259715.872924,1797078.129902,-42.166474,-40.959357,207.047660,0.99992240,-0.00000706,0.01243876,-0.00068212,0.00006596,0.02337090,0.00052854,11.1100,1337.9534,1419.9367,0.01394416,0.00113443,0.628512,0.00864241,0.01002025,-0.00864270,-0.01002053,0.00864241,0.01002025,-0.00864270,-0.01002053,0.00000000,0.00000000,0.00000000,0.00000000,cmd,-112.4677,-4.2523,-81.3202,16.47030304,44.11540723,1337.9534
7.750000,4393320.795420,4259715.463334,1797080.199849,-42.160413,-40.958298,206.941851,0.99992089,-0.00000696,0.01256009,-0.00067915,0.00006646,0.02489683,0.00060452,11.1100,1337.9769,1422.0889,0.01428127,0.00111312,0.628211,0.00864241,0.01002025,-0.00864270,-0.01002053,0.00864241,0.01002025,-0.00864270,-0.01002053,0.00000000,0.00000000,0.00000000,0.00000000,cmd,-112.3388,-4.1459,-82.8035,16.47032249,44.11540722,1337.9769
7.760000,4393320.373850,4259715.053761,1797082.268741,-42.153469,-40.956247,206.836497,0.99991931,-0.00000685,0.01268500,-0.00067605,0.00006693,0.02480667,0.00058011,11.1100,1338.0000,1424.2401,0.01463554,0.00109098,0.627910,0.00864241,0.01002025,-0.00864270,-0.01002053,0.00864241,0.01002025,-0.00864270,-0.01002053,0.00000000,0.00000000,0.00000000,0.00000000,cmd,-112.2101,-4.0365,-84.3734,16.47034193,44.11540722,1338.0000
7.770000,4393319.952354,4259714.644213,1797084.336581,-42.145656,-40.953224,206.731593,0.99991778,-0.00000675,0.01280554,-0.00067332,0.00006736,0.02316774,0.00046046,11.1100,1338.0229,1426.3903,0.01499056,0.00106902,0.627609,0.00864241,0.01002025,-0.00864270,-0.01002053,0.00864241,0.01002025,-0.00864270,-0.01002053,0.00000000,0.00000000,0.00000000,0.00000000,cmd,-112.0816,-3.9287,-85.9523,16.47036136,44.11540721,1338.0229
7.780000,4393319.530939,4259714.234699,1797086.403374,-42.137032,-40.949294,206.627114,0.99991638,-0.00000667,0.01291429,-0.00067141,0.00006775,0.02011320,0.00025474,11.1100,1338.0456,1428.5394,0.01533057,0.00104822,0.627308,0.00939066,0.01069933,-0.00939300,-0.01070167,0.00864241,0.01002025,-0.00864270,-0.01002053,0.00000000,0.00000000,0.00000000,0.00000000,cmd,-111.9533,-3.8271,-87.4652,16.47038078,44.11540721,1338.0456
7.790000,4393319.109619,4259713.825233,1797088.469126,-42.126925,-40.943886,206.523298,0.99991505,-0.00000651,0.01301728,-0.00067011,0.00010186,0.02087004,0.00021465,11.1100,1338.0681,1430.6875,0.01564108,0.00102943,0.627008,0.00939066,0.01069933,-0.00939300,-0.01070167,0.00939066,0.01069933,-0.00939300,-0.01070167,0.00000000,0.00000000,0.00000000,0.00000000,cmd,-111.8252,-3.7919,-90.0047,16.47040019,44.11540720,1338.0681
7.800000,4393318.688403,4259713.415824,1797090.533841,-42.116124,-40.937701,206.419862,0.99991369,-0.00000619,0.01312081,-0.00066920,0.00013375,0.02033759,0.00010014,11.1100,1338.0904,1432.8346,0.01592996,0.00101200,0.626708,0.00939066,0.01069933,-0.00939300,-0.01070167,0.00939066,0.01069933,-0.00939300,-0.01070167,0.00000000,0.00000000,0.00000000,0.00000000,cmd,-111.6973,-3.7061,-91.2549,16.47041959,44.11540719,1338.0904
7.810000,4393318.267299,4259713.006481,1797092.597524,-42.104650,-40.930770,206.316795,0.99991241,-0.00000573,0.01321860,-0.00066904,0.00016356,0.01858915,-0.00008070,11.1100,1338.1125,1434.9807,0.01621486,0.00099568,0.626408,0.00939066,0.01069933,-0.00939300,-0.01070167,0.00939066,0.01069933,-0.00939300,-0.01070167,0.00000000,0.00000000,0.00000000,0.00000000,cmd,-111.5696,-3.6262,-92.4906,16.47043898,44.11540719,1338.1125
7.820000,4393317.846312,4259712.597211,1797094.660178,-42.092560,-40.923159,206.214076,0.99991126,-0.00000515,0.01330486,-0.00066993,0.00019142,0.01574859,-0.00031721,11.1100,1338.1344,1437.1257,0.01648338,0.00098116,0.626108,0.00939066,0.01069933,-0.00939300,-0.01070167,0.00939066,0.01069933,-0.00939300,-0.01070167,0.00000000,0.00000000,0.00000000,0.00000000,cmd,-111.4420,-3.5553,-93.6531,16.47045837,44.11540718,1338.1344
7.830000,4393317.425449,4259712.188020,1797096.721807,-42.079936,-40.914965,206.111671,0.99991033,-0.00000446,0.01337453,-0.00067211,0.00021746,0.01198268,-0.00059673,11.1100,1338.1562,1439.2697,0.01672435,0.00096899,0.625809,0.00939066,0.01069933,-0.00939300,-0.01070167,0.00939066,0.01069933,-0.00939300,-0.01070167,0.00000000,0.00000000,0.00000000,0.00000000,cmd,-111.3147,-3.4959,-94.6896,16.47047774,44.11540717,1338.1562
7.840000,4393317.004715,4259711.778913,1797098.782413,-42.066888,-40.906309,206.009542,0.99990967,-0.00000368,0.01342346,-0.00067577,0.00024180,0.00749193,-0.00090524,11.1100,1338.1778,1441.4127,0.01692826,0.00095964,0.625510,0.01051136,0.01169005,-0.01051164,-0.01169033,0.00939066,0.01069933,-0.00939300,-0.01070167,0.00000000,0.00000000,0.00000000,0.00000000,cmd,-111.1875,-3.4500,-95.5549,16.47049711,44.11540717,1338.1778
7.850000,4393316.584118,4259711.369900,1797100.842000,-42.052405,-40.896357,205.908038,0.99990908,-0.00000288,0.01346713,-0.00067990,0.00023090,0.00986756,-0.00078256,11.1100,1338.1992,1443.5547,0.01708760,0.00095339,0.625211,0.01051136,0.01169005,-0.01051164,-0.01169033,0.01051136,0.01169005,-0.01051164,-0.01169033,0.00000000,0.00000000,0.00000000,0.00000000,cmd,-111.0606,-3.5237,-97.9119,16.47051646,44.11540716,1338.1992
7.860000,4393316.163668,4259710.960987,1797102.900574,-42.037615,-40.886063,205.806766,0.99990835,-0.00000212,0.01352096,-0.00068348,0.00022070,0.01154330,-0.00068945,11.1100,1338.2206,1445.6956,0.01722699,0.00094774,0.624912,0.01105728,0.01221878,-0.01105421,-0.01221570,0.01051136,0.01169005,-0.01051164,-0.01169033,0.00000000,0.00000000,0.00000000,0.00000000,cmd,-110.9339,-3.4930,-98.4352,16.47053581,44.11540715,1338.2206
7.870000,4393315.743370,4259710.552182,1797104.958137,-42.021925,-40.874867,205.705939,0.99990741,-0.00000152,0.01359069,-0.00068653,0.00015678,0.01620235,-0.00057003,11.1100,1338.2418,1447.8356,0.01738439,0.00094114,0.624614,0.01105728,0.01221878,-0.01105421,-0.01221570,0.01105728,0.01221878,-0.01105421,-0.01221570,0.00000000,0.00000000,0.00000000,0.00000000,cmd,-110.8073,-3.4718,-99.9054,16.47055515,44.11540714,1338.2418
7.880000,4393315.323231,4259710.143492,1797107.014694,-42.005787,-40.863184,205.605391,0.99990617,-0.00000121,0.01368132,-0.00068907,0.00009698,0.01988129,-0.00048833,11.1100,1338.2629,1449.9745,0.01756734,0.00093355,0.624316,0.01105728,0.01221878,-0.01105421,-0.01221570,0.01105728,0.01221878,-0.01105421,-0.01221570,0.00000000,0.00000000,0.00000000,0.00000000,cmd,-110.6810,-3.4322,-100.6159,16.47057448,44.11540713,1338.2629
7.890000,4393314.903256,4259709.734921,1797109.070246,-41.989106,-40.850919,205.505154,0.99990471,-0.00000118,0.01378763,-0.00069130,0.00004105,0.02245665,-0.00044641,11.1100,1338.2839,1452.1123,0.01778883,0.00092511,0.624018,0.01105728,0.01221878,-0.01105421,-0.01221570,0.01105728,0.01221878,-0.01105421,-0.01221570,0.00000000,0.00000000,0.00000000,0.00000000,cmd,-110.5548,-3.3889,-101.5098,16.47059379,44.11540712,1338.2839
7.900000,4393314.483451,4259709.326476,1797111.124798,-41.971819,-40.838009,205.405247,0.99990310,-0.00000141,0.01390390,-0.00069341,-0.00001127,0.02385817,-0.00044452,11.1100,1338.3048,1454.2492,0.01803773,0.00091621,0.623720,0.01105728,0.01221878,-0.01105421,-0.01221570,0.01105728,0.01221878,-0.01105421,-0.01221570,0.00000000,0.00000000,0.00000000,0.00000000,cmd,-110.4288,-3.3438,-102.5354,16.47061310,44.11540711,1338.3048
7.910000,4393314.063822,4259708.918163,1797113.178352,-41.953896,-40.824426,205.305680,0.99990141,-0.00000189,0.01402420,-0.00069561,-0.00006021,0.02406950,-0.00048114,11.1100,1338.3256,1456.3850,0.01830218,0.00090727,0.623423,0.01105728,0.01221878,-0.01105421,-0.01221570,0.01105728,0.01221878,-0.01105421,-0.01221570,0.00000000,0.00000000,0.00000000,0.00000000,cmd,-110.3031,-3.2987,-103.6375,16.47063240,44.11540711,1338.3256
7.920000,4393313.644375,4259708.509989,1797115.230913,-41.935339,-40.810176,205.206451,0.99989974,-0.00000261,0.01414265,-0.00069808,-0.00010598,0.02312669,-0.00055319,11.1100,1338.3464,1458.5199,0.01857011,0.00089867,0.623126,0.01105728,0.01221878,-0.01105421,-0.01221570,0.01105728,0.01221878,-0.01105421,-0.01221570,0.00000000,0.00000000,0.00000000,0.00000000,cmd,-110.1775,-3.2556,-104.7596,16.47065170,44.11540710,1338.3464
7.930000,4393313.225117,4259708.101961,1797117.282482,-41.916183,-40.795299,205.107545,0.99989817,-0.00000356,0.01425366,-0.00070098,-0.00014879,0.02111431,-0.00065615,11.1100,1338.3671,1460.6537,0.01882978,0.00089077,0.622829,0.01105728,0.01221878,-0.01105421,-0.01221570,0.01105728,0.01221878,-0.01105421,-0.01221570,0.00000000,0.00000000,0.00000000,0.00000000,cmd,-110.0521,-3.2160,-105.8471,16.47067098,44.11540709,1338.3671
7.940000,4393312.806053,4259707.694085,1797119.333065,-41.896491,-40.779862,205.008941,0.99989675,-0.00000474,0.01435219,-0.00070446,-0.00018883,0.01815978,-0.00078436,11.1100,1338.3877,1462.7865,0.01907029,0.00088388,0.622532,0.01105728,0.01221878,-0.01105421,-0.01221570,0.01105728,0.01221878,-0.01105421,-0.01221570,0.00000000,0.00000000,0.00000000,0.00000000,cmd,-109.9268,-3.1814,-106.8489,16.47069025,44.11540708,1338.3877
7.950000,4393312.387189,4259707.286366,1797121.382662,-41.876352,-40.763960,204.910605,0.99989557,-0.00000613,0.01443393,-0.00070863,-0.00022627,0.01442596,-0.00093133,11.1100,1338.4083,1464.9182,0.01928197,0.00087827,0.622235,0.01157242,0.01276226,-0.01157096,-0.01276081,0.01105728,0.01221878,-0.01105421,-0.01221570,0.00000000,0.00000000,0.00000000,0.00000000,cmd,-109.8018,-3.1529,-107.7199,16.47070951,44.11540707,1338.4083
7.960000,4393311.968530,4259706.878810,1797123.431278,-41.855356,-40.747177,204.812695,0.99989455,-0.00000766,0.01450462,-0.00071381,-0.00023535,0.01374628,-0.00118558,11.1100,1338.4289,1467.0490,0.01945683,0.00087413,0.621939,0.01157242,0.01276226,-0.01157096,-0.01276081,0.01157242,0.01276226,-0.01157096,-0.01276081,0.00000000,0.00000000,0.00000000,0.00000000,cmd,-109.6769,-3.1089,-109.2625,16.47072877,44.11540705,1338.4289
7.970000,4393311.550083,4259706.471423,1797125.478917,-41.834061,-40.730097,204.714999,0.99989359,-0.00000926,0.01457039,-0.00072025,-0.00024382,0.01247258,-0.00143791,11.1100,1338.4494,1469.1787,0.01960348,0.00087216,0.621643,0.01157242,0.01276226,-0.01157096,-0.01276081,0.01157242,0.01276226,-0.01157096,-0.01276081,0.00000000,0.00000000,0.00000000,0.00000000,cmd,-109.5522,-3.0981,-109.8155,16.47074801,44.11540704,1338.4494
7.980000,4393311.131850,4259706.064209,1797127.525579,-41.812501,-40.712767,204.617502,0.99989273,-0.00001092,0.01462846,-0.00072793,-0.00025173,0.01068093,-0.00167755,11.1100,1338.4700,1471.3075,0.01973814,0.00087274,0.621347,0.01157242,0.01276226,-0.01157096,-0.01276081,0.01157242,0.01276226,-0.01157096,-0.01276081,0.00000000,0.00000000,0.00000000,0.00000000,cmd,-109.4277,-3.0990,-110.3149,16.47076725,44.11540703,1338.4700
7.990000,4393310.713833,4259705.657168,1797129.571267,-41.790723,-40.695246,204.520185,0.99989202,-0.00001265,0.01467648,-0.00073676,-0.00025912,0.00846656,-0.00189476,11.1100,1338.4905,1473.4352,0.01985550,0.00087574,0.621051,0.01157242,0.01276226,-0.01157096,-0.01276081,0.01157242,0.01276226,-0.01157096,-0.01276081,0.00000000,0.00000000,0.00000000,0.00000000,cmd,-109.3034,-3.1111,-110.7361,16.47078648,44.11540702,1338.4905
8.000000,4393310.296036,4259705.250304,1797131.615983,-41.768788,-40.677604,204.423028,0.99989149,-0.00001443,0.01471260,-0.00074659,-0.00026602,0.00593892,-0.00208111,11.1100,1338.5110,1475.5619,0.01995120,0.00088096,0.620756,0.01157242,0.01276226,-0.01157096,-0.01276081,0.01157242,0.01276226,-0.01157096,-0.01276081,0.00000000,0.00000000,0.00000000,0.00000000,cmd,-109.1794,-3.1333,-111.0588,16.47080570,44.11540701,1338.5110
8.010000,4393309.878458,4259704.843617,1797133.659728,-41.746762,-40.659915,204.326005,0.99989114,-0.00001627,0.01473554,-0.00075727,-0.00027246,0.00321641,-0.00222985,11.1100,1338.5314,1477.6876,0.02002200,0.00088809,0.620461,0.01157242,0.01276226,-0.01157096,-0.01276081,0.01157242,0.01276226,-0.01157096,-0.01276081,0.00000000,0.00000000,0.00000000,0.00000000,cmd,-109.0555,-3.1639,-111.2677,16.47082490,44.11540700,1338.5314
8.020000,4393309.461100,4259704.437106,1797135.702504,-41.724722,-40.642259,204.229091,0.99989100,-0.00001816,0.01474464,-0.00076858,-0.00027847,0.00042091,-0.00233613,11.1100,1338.5519,1479.8122,0.02006584,0.00089674,0.620166,0.01157242,0.01276226,-0.01157096,-0.01276081,0.01157242,0.01276226,-0.01157096,-0.01276081,0.00000000,0.00000000,0.00000000,0.00000000,cmd,-108.9318,-3.2014,-111.3532,16.47084410,44.11540699,1338.5519
8.030000,4393309.043963,4259704.030771,1797137.744311,-41.702741,-40.624714,204.132259,0.99989106,-0.00002010,0.01473983,-0.00078031,-0.00028407,-0.00232754,-0.00239708,11.1100,1338.5724,1481.9359,0.02008189,0.00090650,0.619872,0.01157242,0.01276226,-0.01157096,-0.01276081,0.01157242,0.01276226,-0.01157096,-0.01276081,0.00000000,0.00000000,0.00000000,0.00000000,cmd,-108.8084,-3.2436,-111.3112,16.47086329,44.11540697,1338.5724
8.040000,4393308.627045,4259703.624611,1797139.785149,-41.680895,-40.607354,204.035484,0.99989132,-0.00002207,0.01472164,-0.00079224,-0.00028929,-0.00491581,-0.00241188,11.1100,1338.5929,1484.0586,0.02007056,0.00091690,0.619578,0.01231644,0.01348261,-0.01231118,-0.01347736,0.01157242,0.01276226,-0.01157096,-0.01276081,0.00000000,0.00000000,0.00000000,0.00000000,cmd,-108.6852,-3.2884,-111.1434,16.47088248,44.11540696,1338.5929
8.050000,4393308.210348,4259703.218626,1797141.825022,-41.658521,-40.589557,203.939009,0.99989157,-0.00002422,0.01470357,-0.00080392,-0.00035419,-0.00228877,-0.00230293,11.1100,1338.6134,1486.1802,0.02003341,0.00092748,0.619284,0.01231644,0.01348261,-0.01231118,-0.01347736,0.01231644,0.01348261,-0.01231118,-0.01347736,0.00000000,0.00000000,0.00000000,0.00000000,cmd,-108.5622,-3.3522,-111.9984,16.47090165,44.11540695,1338.6134
8.060000,4393307.793874,4259702.812819,1797143.863930,-41.636311,-40.571964,203.842581,0.99989163,-0.00002667,0.01469886,-0.00081495,-0.00041491,0.00040198,-0.00215723,11.1100,1338.6338,1488.3009,0.01999304,0.00093732,0.618991,0.01215692,0.01366982,-0.01215650,-0.01366940,0.01231644,0.01348261,-0.01231118,-0.01347736,0.00000000,0.00000000,0.00000000,0.00000000,cmd,-108.4394,-3.3932,-111.6679,16.47092081,44.11540693,1338.6338
8.070000,4393307.377621,4259702.407188,1797145.901874,-41.614334,-40.554313,203.746233,0.99989149,-0.00002923,0.01470778,-0.00082808,-0.00039556,0.00314742,-0.00313299,11.1100,1338.6543,1490.4205,0.01998047,0.00094570,0.618698,0.01215692,0.01366982,-0.01215650,-0.01366940,0.01215692,0.01366982,-0.01215650,-0.01366940,0.00000000,0.00000000,0.00000000,0.00000000,cmd,-108.3169,-3.1571,-111.4903,16.47093996,44.11540692,1338.6543
8.080000,4393306.961588,4259702.001732,1797147.938855,-41.592337,-40.536745,203.649985,0.99989115,-0.00003176,0.01473004,-0.00084586,-0.00037743,0.00571947,-0.00401297,11.1100,1338.6747,1492.5392,0.01999565,0.00095921,0.618405,0.01215692,0.01366982,-0.01215650,-0.01366940,0.01215692,0.01366982,-0.01215650,-0.01366940,0.00000000,0.00000000,0.00000000,0.00000000,cmd,-108.1945,-3.2211,-111.4142,16.47095911,44.11540691,1338.6747
8.090000,4393306.545775,4259701.596453,1797149.974874,-41.570224,-40.519212,203.553859,0.99989062,-0.00003425,0.01476450,-0.00086774,-0.00036045,0.00801379,-0.00476378,11.1100,1338.6952,1494.6568,0.02003758,0.00098167,0.618112,0.01215692,0.01366982,-0.01215650,-0.01366940,0.01215692,0.01366982,-0.01215650,-0.01366940,0.00000000,0.00000000,0.00000000,0.00000000,cmd,-108.0724,-3.3252,-111.4611,16.47097825,44.11540689,1338.6952
8.100000,4393306.130184,4259701.191348,1797152.009932,-41.547913,-40.501673,203.457876,0.99988993,-0.00003670,0.01480956,-0.00089299,-0.00034453,0.00994206,-0.00535884,11.1100,1338.7157,1496.7734,0.02010349,0.00101180,0.617820,0.01215692,0.01366982,-0.01215650,-0.01366940,0.01215692,0.01366982,-0.01215650,-0.01366940,0.00000000,0.00000000,0.00000000,0.00000000,cmd,-107.9505,-3.4634,-111.6187,16.47099737,44.11540688,1338.7157
8.110000,4393305.714817,4259700.786419,1797154.044032,-41.525339,-40.484092,203.362054,0.99988911,-0.00003910,0.01486319,-0.00092079,-0.00032962,0.01143500,-0.00577919,11.1100,1338.7361,1498.8891,0.02018972,0.00104804,0.617528,0.01215692,0.01366982,-0.01215650,-0.01366940,0.01215692,0.01366982,-0.01215650,-0.01366940,0.00000000,0.00000000,0.00000000,0.00000000,cmd,-107.8288,-3.6282,-111.8703,16.47101649,44.11540686,1338.7361
8.120000,4393305.299678,4259700.381667,1797156.077174,-41.502455,-40.466439,203.266403,0.99988819,-0.00004145,0.01492309,-0.00095022,-0.00031564,0.01244449,-0.00601400,11.1100,1338.7566,1501.0037,0.02029191,0.00108864,0.617237,0.01215692,0.01366982,-0.01215650,-0.01366940,0.01215692,0.01366982,-0.01215650,-0.01366940,0.00000000,0.00000000,0.00000000,0.00000000,cmd,-107.7073,-3.8115,-112.1961,16.47103560,44.11540685,1338.7566
8.130000,4393304.884769,4259699.977091,1797158.109360,-41.479232,-40.448695,203.170933,0.99988721,-0.00004373,0.01498677,-0.00098037,-0.00030255,0.01294471,-0.00606064,11.1100,1338.7770,1503.1173,0.02040517,0.00113172,0.616945,0.01215692,0.01366982,-0.01215650,-0.01366940,0.01215692,0.01366982,-0.01215650,-0.01366940,0.00000000,0.00000000,0.00000000,0.00000000,cmd,-107.5860,-4.0047,-112.5741,16.47105470,44.11540683,1338.7770
8.140000,4393304.470095,4259699.572693,1797160.140593,-41.455661,-40.430847,203.075646,0.99988621,-0.00004595,0.01505166,-0.00101028,-0.00029027,0.01293230,-0.00592447,11.1100,1338.7975,1505.2300,0.02052436,0.00117539,0.616654,0.01231656,0.01383492,-0.01231761,-0.01383598,0.01215692,0.01366982,-0.01215650,-0.01366940,0.00000000,0.00000000,0.00000000,0.00000000,cmd,-107.4649,-4.1991,-112.9807,16.47107379,44.11540682,1338.7975
8.150000,4393304.055658,4259699.168475,1797162.170874,-41.431599,-40.412736,202.980599,0.99988518,-0.00004804,0.01511799,-0.00103913,-0.00025577,0.01351582,-0.00563620,11.1100,1338.8179,1507.3416,0.02064427,0.00121780,0.616363,0.01231656,0.01383492,-0.01231761,-0.01383598,0.01231656,0.01383492,-0.01231761,-0.01383598,0.00000000,0.00000000,0.00000000,0.00000000,cmd,-107.3440,-4.3822,-113.6436,16.47109287,44.11540680,1338.8179
8.160000,4393303.641464,4259698.764439,1797164.200206,-41.407204,-40.394501,202.885734,0.99988412,-0.00004992,0.01518594,-0.00106616,-0.00022346,0.01358152,-0.00519610,11.1100,1338.8384,1509.4523,0.02076427,0.00125734,0.616073,0.01231656,0.01383492,-0.01231761,-0.01383598,0.01231656,0.01383492,-0.01231761,-0.01383598,0.00000000,0.00000000,0.00000000,0.00000000,cmd,-107.2233,-4.5553,-114.0512,16.47111194,44.11540679,1338.8384
8.170000,4393303.227515,4259698.360586,1797166.228589,-41.382495,-40.376130,202.791051,0.99988307,-0.00005162,0.01525295,-0.00109065,-0.00019319,0.01314456,-0.00462839,11.1100,1338.8589,1511.5619,0.02088579,0.00129253,0.615783,0.01231656,0.01383492,-0.01231761,-0.01383598,0.01231656,0.01383492,-0.01231761,-0.01383598,0.00000000,0.00000000,0.00000000,0.00000000,cmd,-107.1027,-4.7075,-114.4673,16.47113101,44.11540677,1338.8589
8.180000,4393302.813815,4259697.956917,1797168.256027,-41.357505,-40.357619,202.696544,0.99988207,-0.00005312,0.01531659,-0.00111205,-0.00016484,0.01224051,-0.00396158,11.1100,1338.8795,1513.6706,0.02100372,0.00132208,0.615492,0.01231656,0.01383492,-0.01231761,-0.01383598,0.01231656,0.01383492,-0.01231761,-0.01383598,0.00000000,0.00000000,0.00000000,0.00000000,cmd,-106.9824,-4.8332,-114.8690,16.47115006,44.11540675,1338.8795
8.190000,4393302.400366,4259697.553434,1797170.282521,-41.332282,-40.338976,202.602203,0.99988116,-0.00005444,0.01537464,-0.00112993,-0.00013828,0.01092299,-0.00322719,11.1100,1338.9000,1515.7782,0.02111330,0.00134497,0.615203,0.01231656,0.01383492,-0.01231761,-0.01383598,0.01231656,0.01383492,-0.01231761,-0.01383598,0.00000000,0.00000000,0.00000000,0.00000000,cmd,-106.8622,-4.9280,-115.2344,16.47116911,44.11540674,1338.9000
8.200000,4393301.987170,4259697.150138,1797172.308072,-41.306885,-40.320216,202.508016,0.99988037,-0.00005558,0.01542522,-0.00114405,-0.00011340,0.00926067,-0.00245825,11.1100,1338.9206,1517.8849,0.02121030,0.00136050,0.614913,0.01254063,0.01442702,-0.01253770,-0.01442409,0.01231656,0.01383492,-0.01231761,-0.01383598,0.00000000,0.00000000,0.00000000,0.00000000,cmd,-106.7423,-4.9891,-115.5444,16.47118815,44.11540672,1338.9206
8.210000,4393301.574229,4259696.747032,1797174.332682,-41.281161,-40.300812,202.414110,0.99987961,-0.00005675,0.01547356,-0.00115732,-0.00015161,0.01002478,-0.00288456,11.1100,1338.9412,1519.9906,0.02129118,0.00136829,0.614624,0.01254063,0.01442702,-0.01253770,-0.01442409,0.01254063,0.01442702,-0.01253770,-0.01442409,0.00000000,0.00000000,0.00000000,0.00000000,cmd,-106.6225,-4.7340,-116.4030,16.47120717,44.11540670,1338.9412
8.220000,4393301.161547,4259696.344122,1797176.356355,-41.255312,-40.281333,202.320341,0.99987879,-0.00005813,0.01552491,-0.00117260,-0.00018737,0.01046130,-0.00326466,11.1100,1338.9619,1522.0952,0.02136408,0.00137548,0.614335,0.01254063,0.01442702,-0.01253770,-0.01442409,0.01254063,0.01442702,-0.01253770,-0.01442409,0.00000000,0.00000000,0.00000000,0.00000000,cmd,-106.5029,-4.7640,-116.5913,16.47122619,44.11540668,1338.9619
8.230000,4393300.749124,4259695.941406,1797178.379090,-41.229318,-40.261778,202.226712,0.99987795,-0.00005970,0.01557760,-0.00118964,-0.00022086,0.01056257,-0.00358464,11.1100,1338.9826,1524.1989,0.02144213,0.00138654,0.614046,0.01290697,0.01452832,-0.01291345,-0.01453480,0.01254063,0.01442702,-0.01253770,-0.01442409,0.00000000,0.00000000,0.00000000,0.00000000,cmd,-106.3835,-4.8110,-116.8041,16.47124520,44.11540666,1338.9826
8.240000,4393300.336963,4259695.538887,1797180.400890,-41.202823,-40.242056,202.133307,0.99987705,-0.00006106,0.01563393,-0.00120595,-0.00010759,0.01190883,-0.00297555,11.1100,1339.0033,1526.3016,0.02152196,0.00140085,0.613757,0.01290697,0.01452832,-0.01291345,-0.01453480,0.01290697,0.01452832,-0.01291345,-0.01453480,0.00000000,0.00000000,0.00000000,0.00000000,cmd,-106.2643,-5.0737,-117.3886,16.47126420,44.11540665,1339.0033
8.250000,4393299.925068,4259695.136565,1797182.421756,-41.176172,-40.222218,202.040049,0.99987606,-0.00006182,0.01569601,-0.00121915,-0.00000151,0.01285825,-0.00234263,11.1100,1339.0241,1528.4033,0.02160656,0.00141260,0.613469,0.01290697,0.01452832,-0.01291345,-0.01453480,0.01290697,0.01452832,-0.01291345,-0.01453480,0.00000000,0.00000000,0.00000000,0.00000000,cmd,-106.1453,-5.1180,-117.6242,16.47128320,44.11540663,1339.0241
8.260000,4393299.513440,4259694.734443,1797184.441691,-41.149359,-40.202222,201.946947,0.99987502,-0.00006200,0.01576179,-0.00122919,0.00009784,0.01338475,-0.00171269,11.1100,1339.0450,1530.5041,0.02170157,0.00141801,0.613181,0.01290697,0.01452832,-0.01291345,-0.01453480,0.01290697,0.01452832,-0.01291345,-0.01453480,0.00000000,0.00000000,0.00000000,0.00000000,cmd,-106.0265,-5.1336,-117.9080,16.47130218,44.11540661,1339.0450
8.270000,4393299.102081,4259694.332521,1797186.460696,-41.122390,-40.182039,201.854004,0.99987395,-0.00006166,0.01582912,-0.00123615,0.00019089,0.01348068,-0.00111137,11.1100,1339.0659,1532.6038,0.02180271,0.00141708,0.612893,0.01290697,0.01452832,-0.01291345,-0.01453480,0.01290697,0.01452832,-0.01291345,-0.01453480,0.00000000,0.00000000,0.00000000,0.00000000,cmd,-105.9078,-5.1210,-118.2207,16.47132115,44.11540659,1339.0659
8.280000,4393298.690993,4259693.930803,1797188.478772,-41.095281,-40.161654,201.761220,0.99987288,-0.00006082,0.01589587,-0.00124023,0.00027802,0.01315646,-0.00056207,11.1100,1339.0868,1534.7026,0.02190561,0.00141011,0.612606,0.01290697,0.01452832,-0.01291345,-0.01453480,0.01290697,0.01452832,-0.01291345,-0.01453480,0.00000000,0.00000000,0.00000000,0.00000000,cmd,-105.7894,-5.0815,-118.5428,16.47134012,44.11540657,1339.0868
8.290000,4393298.280176,4259693.529289,1797190.495921,-41.068057,-40.141064,201.668590,0.99987186,-0.00005952,0.01596001,-0.00124174,0.00035963,0.01243935,-0.00008517,11.1100,1339.1078,1536.8003,0.02200600,0.00139759,0.612319,0.01290697,0.01452832,-0.01291345,-0.01453480,0.01290697,0.01452832,-0.01291345,-0.01453480,0.00000000,0.00000000,0.00000000,0.00000000,cmd,-105.6711,-5.0175,-118.8551,16.47135907,44.11540654,1339.1078
8.300000,4393297.869632,4259693.127982,1797192.512144,-41.040751,-40.120277,201.576107,0.99987091,-0.00005780,0.01601966,-0.00124110,0.00043605,0.01137165,0.00030276,11.1100,1339.1289,1538.8971,0.02209989,0.00138024,0.612032,0.01290697,0.01452832,-0.01291345,-0.01453480,0.01290697,0.01452832,-0.01291345,-0.01453480,0.00000000,0.00000000,0.00000000,0.00000000,cmd,-105.5530,-4.9326,-119.1397,16.47137802,44.11540652,1339.1289
8.310000,4393297.459361,4259692.726884,1797194.527443,-41.013404,-40.099315,201.483762,0.99987005,-0.00005568,0.01607321,-0.00123877,0.00050761,0.01000832,0.00058942,11.1100,1339.1500,1540.9929,0.02218370,0.00135897,0.611745,0.01327745,0.01477099,-0.01327292,-0.01476647,0.01290697,0.01452832,-0.01291345,-0.01453480,0.00000000,0.00000000,0.00000000,0.00000000,cmd,-105.4351,-4.8309,-119.3805,16.47139696,44.11540650,1339.1500
8.320000,4393297.049365,4259692.325997,1797196.541820,-40.985719,-40.077990,201.391643,0.99986923,-0.00005361,0.01612427,-0.00123424,0.00040744,0.01037773,0.00117609,11.1100,1339.1712,1543.0877,0.02225439,0.00133477,0.611459,0.01327745,0.01477099,-0.01327292,-0.01476647,0.01327745,0.01477099,-0.01327292,-0.01476647,0.00000000,0.00000000,0.00000000,0.00000000,cmd,-105.3174,-4.8129,-120.0162,16.47141589,44.11540648,1339.1712
8.330000,4393296.639646,4259691.925325,1797198.555277,-40.958056,-40.056509,201.299647,0.99986840,-0.00005199,0.01617652,-0.00122711,0.00031358,0.01047962,0.00162491,11.1100,1339.1925,1545.1816,0.02231751,0.00130629,0.611172,0.01327745,0.01477099,-0.01327292,-0.01476647,0.01327745,0.01477099,-0.01327292,-0.01476647,0.00000000,0.00000000,0.00000000,0.00000000,cmd,-105.1999,-4.6784,-120.1558,16.47143481,44.11540646,1339.1925
8.340000,4393296.230204,4259691.524868,1797200.567814,-40.930425,-40.034858,201.207773,0.99986756,-0.00005079,0.01622861,-0.00121811,0.00022563,0.01031783,0.00192288,11.1100,1339.2138,1547.2744,0.02238236,0.00127319,0.610886,0.01341985,0.01477315,-0.01341427,-0.01476757,0.01327745,0.01477099,-0.01327292,-0.01476647,0.00000000,0.00000000,0.00000000,0.00000000,cmd,-105.0826,-4.5244,-120.3041,16.47145372,44.11540643,1339.2138
8.350000,4393295.821038,4259691.124628,1797202.579433,-40.902706,-40.013036,201.116044,0.99986674,-0.00005001,0.01628044,-0.00120687,0.00012722,0.01037270,0.00251054,11.1100,1339.2353,1549.3663,0.02244627,0.00123700,0.610601,0.01341985,0.01477315,-0.01341427,-0.01476757,0.01341985,0.01477315,-0.01341427,-0.01476757,0.00000000,0.00000000,0.00000000,0.00000000,cmd,-104.9655,-4.4627,-120.5565,16.47147263,44.11540641,1339.2353
8.360000,4393295.412150,4259690.724608,1797204.590135,-40.875048,-39.991031,201.024435,0.99986591,-0.00004968,0.01633190,-0.00119315,0.00003502,0.01017669,0.00291317,11.1100,1339.2568,1551.4572,0.02250858,0.00119663,0.610315,0.01341985,0.01477315,-0.01341427,-0.01476757,0.01341985,0.01477315,-0.01341427,-0.01476757,0.00000000,0.00000000,0.00000000,0.00000000,cmd,-104.8485,-4.2763,-120.6928,16.47149152,44.11540639,1339.2568
8.370000,4393295.003537,4259690.324808,1797206.599922,-40.847464,-39.968841,200.932944,0.99986511,-0.00004976,0.01638179,-0.00117788,-0.00005137,0.00974511,0.00312151,11.1100,1339.2783,1553.5471,0.02256959,0.00115208,0.610030,0.01341985,0.01477315,-0.01341427,-0.01476757,0.01341985,0.01477315,-0.01341427,-0.01476757,0.00000000,0.00000000,0.00000000,0.00000000,cmd,-104.7317,-4.0728,-120.8243,16.47151041,44.11540636,1339.2783
8.380000,4393294.595200,4259689.925231,1797208.608794,-40.819968,-39.946475,200.841565,0.99986436,-0.00005026,0.01642899,-0.00116206,-0.00013230,0.00910219,0.00313453,11.1100,1339.3000,1555.6360,0.02262691,0.00110532,0.609745,0.01341985,0.01477315,-0.01341427,-0.01476757,0.01341985,0.01477315,-0.01341427,-0.01476757,0.00000000,0.00000000,0.00000000,0.00000000,cmd,-104.6152,-3.8609,-120.9404,16.47152928,44.11540634,1339.3000
8.390000,4393294.187138,4259689.525879,1797210.616753,-40.792577,-39.923955,200.750293,0.99986366,-0.00005117,0.01647251,-0.00114665,-0.00020813,0.00827980,0.00295914,11.1100,1339.3217,1557.7240,0.02267838,0.00105833,0.609461,0.01341985,0.01477315,-0.01341427,-0.01476757,0.01341985,0.01477315,-0.01341427,-0.01476757,0.00000000,0.00000000,0.00000000,0.00000000,cmd,-104.4988,-3.6496,-121.0314,16.47154815,44.11540631,1339.3217
8.400000,4393293.779348,4259689.126753,1797212.623800,-40.765304,-39.901311,200.659121,0.99986303,-0.00005246,0.01651154,-0.00113254,-0.00027918,0.00731580,0.00260956,11.1100,1339.3435,1559.8110,0.02272216,0.00101300,0.609176,0.01350032,0.01493243,-0.01349835,-0.01493046,0.01341985,0.01477315,-0.01341427,-0.01476757,0.00000000,0.00000000,0.00000000,0.00000000,cmd,-104.3826,-3.4470,-121.0891,16.47156701,44.11540629,1339.3435
8.410000,4393293.371831,4259688.727854,1797214.629936,-40.738084,-39.878432,200.568082,0.99986245,-0.00005401,0.01654746,-0.00112120,-0.00029152,0.00703554,0.00185754,11.1100,1339.3654,1561.8970,0.02275680,0.00097111,0.608892,0.01350032,0.01493243,-0.01349835,-0.01493046,0.01350032,0.01493243,-0.01349835,-0.01493046,0.00000000,0.00000000,0.00000000,0.00000000,cmd,-104.2666,-3.2025,-121.2876,16.47158586,44.11540626,1339.3654
8.420000,4393292.964586,4259688.329184,1797216.635162,-40.710984,-39.855504,200.477129,0.99986189,-0.00005570,0.01658173,-0.00111392,-0.00030307,0.00665745,0.00099361,11.1100,1339.3874,1563.9820,0.02278442,0.00093571,0.608609,0.01350032,0.01493243,-0.01349835,-0.01493046,0.01350032,0.01493243,-0.01349835,-0.01493046,0.00000000,0.00000000,0.00000000,0.00000000,cmd,-104.1508,-3.0475,-121.2708,16.47160470,44.11540624,1339.3874
8.430000,4393292.557611,4259687.930744,1797218.639479,-40.683989,-39.832560,200.386259,0.99986136,-0.00005751,0.01661389,-0.00111115,-0.00031388,0.00619821,0.00005670,11.1100,1339.4094,1566.0661,0.02280881,0.00090898,0.608325,0.01386533,0.01498874,-0.01386877,-0.01499217,0.01350032,0.01493243,-0.01349835,-0.01493046,0.00000000,0.00000000,0.00000000,0.00000000,cmd,-104.0352,-2.9316,-121.2403,16.47162353,44.11540621,1339.4094
8.440000,4393292.150908,4259687.532533,1797220.642888,-40.656749,-39.809585,200.295541,0.99986081,-0.00005921,0.01664704,-0.00111072,-0.00024335,0.00704471,0.00005807,11.1100,1339.4316,1568.1491,0.02282915,0.00089167,0.608042,0.01386533,0.01498874,-0.01386877,-0.01499217,0.01386533,0.01498874,-0.01386877,-0.01499217,0.00000000,0.00000000,0.00000000,0.00000000,cmd,-103.9198,-3.0856,-121.5075,16.47164236,44.11540619,1339.4316
8.450000,4393291.744476,4259687.134552,1797222.645390,-40.629589,-39.786613,200.204906,0.99986019,-0.00006057,0.01668414,-0.00111042,-0.00017724,0.00777611,0.00000649,11.1100,1339.4538,1570.2313,0.02285029,0.00087833,0.607759,0.01386533,0.01498874,-0.01386877,-0.01499217,0.01386533,0.01498874,-0.01386877,-0.01499217,0.00000000,0.00000000,0.00000000,0.00000000,cmd,-103.8046,-3.0241,-121.4560,16.47166117,44.11540616,1339.4538
8.460000,4393291.338316,4259686.736801,1797224.646986,-40.602486,-39.763626,200.114361,0.99985952,-0.00006161,0.01672455,-0.00111052,-0.00011527,0.00836525,-0.00009390,11.1100,1339.4761,1572.3124,0.02287947,0.00086550,0.607476,0.01386533,0.01498874,-0.01386877,-0.01499217,0.01386533,0.01498874,-0.01386877,-0.01499217,0.00000000,0.00000000,0.00000000,0.00000000,cmd,-103.6896,-2.9651,-121.4405,16.47167998,44.11540613,1339.4761
8.470000,4393290.932426,4259686.339280,1797226.647678,-40.575421,-39.740613,200.023912,0.99985880,-0.00006235,0.01676751,-0.00111123,-0.00005719,0.00879172,-0.00023716,11.1100,1339.4985,1574.3926,0.02291526,0.00085368,0.607194,0.01386533,0.01498874,-0.01386877,-0.01499217,0.01386533,0.01498874,-0.01386877,-0.01499217,0.00000000,0.00000000,0.00000000,0.00000000,cmd,-103.5747,-2.9110,-121.4545,16.47169878,44.11540611,1339.4985
8.480000,4393290.526807,4259685.941989,1797228.647465,-40.548379,-39.717567,199.933561,0.99985804,-0.00006283,0.01681216,-0.00111275,-0.00000274,0.00904242,-0.00041589,11.1100,1339.5210,1576.4718,0.02295602,0.00084331,0.606912,0.01388222,0.01491842,-0.01388125,-0.01491745,0.01386533,0.01498874,-0.01386877,-0.01499217,0.00000000,0.00000000,0.00000000,0.00000000,cmd,-103.4601,-2.8636,-121.4910,16.47171756,44.11540608,1339.5210
8.490000,4393290.121459,4259685.544928,1797230.646349,-40.521334,-39.694551,199.843301,0.99985728,-0.00006321,0.01685715,-0.00111455,-0.00001698,0.00892778,-0.00034923,11.1100,1339.5435,1578.5501,0.02299996,0.00083474,0.606630,0.01388222,0.01491842,-0.01388125,-0.01491745,0.01388222,0.01491842,-0.01388125,-0.01491745,0.00000000,0.00000000,0.00000000,0.00000000,cmd,-103.3456,-2.8882,-121.4997,16.47173634,44.11540605,1339.5435
8.500000,4393289.716381,4259685.148098,1797232.644331,-40.494305,-39.671501,199.753141,0.99985654,-0.00006366,0.01690114,-0.00111611,-0.00003033,0.00864361,-0.00031715,11.1100,1339.5662,1580.6273,0.02304451,0.00082661,0.606348,0.01388222,0.01491842,-0.01388125,-0.01491745,0.01388222,0.01491842,-0.01388125,-0.01491745,0.00000000,0.00000000,0.00000000,0.00000000,cmd,-103.2313,-2.8496,-121.5553,16.47175512,44.11540603,1339.5662
8.510000,4393289.311573,4259684.751498,1797234.641412,-40.467299,-39.648423,199.663077,0.99985583,-0.00006418,0.01694332,-0.00111759,-0.00004284,0.00820541,-0.00031959,11.1100,1339.5889,1582.7036,0.02308682,0.00081815,0.606067,0.01384468,0.01506470,-0.01384538,-0.01506540,0.01388222,0.01491842,-0.01388125,-0.01491745,0.00000000,0.00000000,0.00000000,0.00000000,cmd,-103.1173,-2.8097,-121.6017,16.47177388,44.11540600,1339.5889
8.520000,4393288.907034,4259684.355130,1797236.637593,-40.440355,-39.625198,199.573126,0.99985513,-0.00006472,0.01698384,-0.00112060,-0.00002989,0.00798398,-0.00092671,11.1100,1339.6117,1584.7790,0.02312532,0.00080970,0.605786,0.01384468,0.01506470,-0.01384538,-0.01506540,0.01384468,0.01506470,-0.01384538,-0.01506540,0.00000000,0.00000000,0.00000000,0.00000000,cmd,-103.0034,-2.6360,-121.7128,16.47179263,44.11540597,1339.6117
8.530000,4393288.502765,4259683.958994,1797238.632875,-40.413433,-39.601986,199.483264,0.99985446,-0.00006525,0.01702294,-0.00112665,-0.00001775,0.00763622,-0.00152907,11.1100,1339.6346,1586.8534,0.02316005,0.00080503,0.605505,0.01384468,0.01506470,-0.01384538,-0.01506540,0.01384468,0.01506470,-0.01384538,-0.01506540,0.00000000,0.00000000,0.00000000,0.00000000,cmd,-102.8897,-2.6164,-121.7256,16.47181138,44.11540594,1339.6346
8.540000,4393288.098766,4259683.563090,1797240.627259,-40.386526,-39.578811,199.393490,0.99985382,-0.00006577,0.01706001,-0.00113565,-0.00000636,0.00717847,-0.00210307,11.1100,1339.6576,1588.9268,0.02319188,0.00080645,0.605225,0.01384468,0.01506470,-0.01384538,-0.01506540,0.01384468,0.01506470,-0.01384538,-0.01506540,0.00000000,0.00000000,0.00000000,0.00000000,cmd,-102.7761,-2.6231,-121.7263,16.47183011,44.11540592,1339.6576
8.550000,4393287.695035,4259683.167418,1797242.620745,-40.359630,-39.555700,199.303799,0.99985322,-0.00006629,0.01709456,-0.00114740,0.00000431,0.00663078,-0.00262711,11.1100,1339.6807,1590.9993,0.02321968,0.00081368,0.604945,0.01384468,0.01506470,-0.01384538,-0.01506540,0.01384468,0.01506470,-0.01384538,-0.01506540,0.00000000,0.00000000,0.00000000,0.00000000,cmd,-102.6628,-2.6550,-121.7100,16.47184884,44.11540589,1339.6807
8.560000,4393287.291573,4259682.771976,1797244.613335,-40.332748,-39.532679,199.214187,0.99985266,-0.00006680,0.01712619,-0.00116161,0.00001431,0.00601597,-0.00308243,11.1100,1339.7038,1593.0708,0.02324253,0.00082622,0.604665,0.01384468,0.01506470,-0.01384538,-0.01506540,0.01384468,0.01506470,-0.01384538,-0.01506540,0.00000000,0.00000000,0.00000000,0.00000000,cmd,-102.5497,-2.7095,-121.6727,16.47186756,44.11540586,1339.7038
8.570000,4393286.888380,4259682.376764,1797246.605029,-40.305883,-39.509775,199.124649,0.99985215,-0.00006731,0.01715463,-0.00117789,0.00002369,0.00535863,-0.00345370,11.1100,1339.7271,1595.1413,0.02325974,0.00084340,0.604385,0.01385647,0.01518650,-0.01385152,-0.01518155,0.01384468,0.01506470,-0.01384538,-0.01506540,0.00000000,0.00000000,0.00000000,0.00000000,cmd,-102.4367,-2.7837,-121.6113,16.47188627,44.11540583,1339.7271
8.580000,4393286.485455,4259681.981781,1797248.595828,-40.279033,-39.486907,199.035200,0.99985168,-0.00006802,0.01718075,-0.00119665,-0.00005016,0.00508594,-0.00406866,11.1100,1339.7504,1597.2109,0.02327086,0.00086437,0.604106,0.01385647,0.01518650,-0.01385152,-0.01518155,0.01385647,0.01518650,-0.01385152,-0.01518155,0.00000000,0.00000000,0.00000000,0.00000000,cmd,-102.3239,-2.7940,-121.6164,16.47190497,44.11540580,1339.7504
8.590000,4393286.082799,4259681.587025,1797250.585733,-40.252199,-39.464205,198.945816,0.99985123,-0.00006914,0.01720546,-0.00121817,-0.00011939,0.00479959,-0.00456026,11.1100,1339.7738,1599.2795,0.02327732,0.00089020,0.603827,0.01385647,0.01518650,-0.01385152,-0.01518155,0.01385647,0.01518650,-0.01385152,-0.01518155,0.00000000,0.00000000,0.00000000,0.00000000,cmd,-102.2114,-2.9061,-121.5069,16.47192367,44.11540577,1339.7738
8.600000,4393285.680411,4259681.192496,1797252.574745,-40.225379,-39.441686,198.856495,0.99985080,-0.00007063,0.01722873,-0.00124180,-0.00018432,0.00450918,-0.00491396,11.1100,1339.7973,1601.3472,0.02328145,0.00092102,0.603548,0.01385647,0.01518650,-0.01385152,-0.01518155,0.01385647,0.01518650,-0.01385152,-0.01518155,0.00000000,0.00000000,0.00000000,0.00000000,cmd,-102.0990,-3.0389,-121.3876,16.47194235,44.11540574,1339.7973
8.610000,4393285.278292,4259680.798191,1797254.562864,-40.198569,-39.419364,198.767236,0.99985039,-0.00007246,0.01725055,-0.00126683,-0.00024518,0.00422407,-0.00512116,11.1100,1339.8209,1603.4139,0.02328320,0.00095546,0.603270,0.01385647,0.01518650,-0.01385152,-0.01518155,0.01385647,0.01518650,-0.01385152,-0.01518155,0.00000000,0.00000000,0.00000000,0.00000000,cmd,-101.9868,-3.1863,-121.2583,16.47196103,44.11540571,1339.8209
8.620000,4393284.876440,4259680.404108,1797256.550090,-40.171774,-39.397247,198.678036,0.99985001,-0.00007460,0.01727098,-0.00129252,-0.00030225,0.00395305,-0.00517930,11.1100,1339.8446,1605.4796,0.02328261,0.00099204,0.602991,0.01385647,0.01518650,-0.01385152,-0.01518155,0.01385647,0.01518650,-0.01385152,-0.01518155,0.00000000,0.00000000,0.00000000,0.00000000,cmd,-101.8748,-3.3418,-121.1191,16.47197969,44.11540569,1339.8446
8.630000,4393284.474856,4259680.010245,1797258.536425,-40.145000,-39.375338,198.588893,0.99984964,-0.00007702,0.01729011,-0.00131813,-0.00035575,0.00370404,-0.00509176,11.1100,1339.8683,1607.5444,0.02327983,0.00102926,0.602714,0.01385647,0.01518650,-0.01385152,-0.01518155,0.01385647,0.01518650,-0.01385152,-0.01518155,0.00000000,0.00000000,0.00000000,0.00000000,cmd,-101.7630,-3.4989,-120.9706,16.47199835,44.11540566,1339.8683
8.640000,4393284.073540,4259679.616600,1797260.521868,-40.118256,-39.353639,198.499806,0.99984930,-0.00007969,0.01730807,-0.00134295,-0.00040591,0.00348377,-0.00486742,11.1100,1339.8921,1609.6083,0.02327508,0.00106564,0.602436,0.01385647,0.01518650,-0.01385152,-0.01518155,0.01385647,0.01518650,-0.01385152,-0.01518155,0.00000000,0.00000000,0.00000000,0.00000000,cmd,-101.6514,-3.6514,-120.8138,16.47201700,44.11540563,1339.8921
8.650000,4393283.672491,4259679.223172,1797262.506421,-40.091555,-39.332144,198.410774,0.99984897,-0.00008257,0.01732500,-0.00136633,-0.00045292,0.00329761,-0.00452015,11.1100,1339.9160,1611.6712,0.02326865,0.00109980,0.602159,0.01385647,0.01518650,-0.01385152,-0.01518155,0.01385647,0.01518650,-0.01385152,-0.01518155,0.00000000,0.00000000,0.00000000,0.00000000,cmd,-101.5400,-3.7933,-120.6499,16.47203564,44.11540559,1339.9160
8.660000,4393283.271708,4259678.829957,1797264.490084,-40.064909,-39.310845,198.321795,0.99984867,-0.00008565,0.01734110,-0.00138770,-0.00049700,0.00314938,-0.00406804,11.1100,1339.9400,1613.7331,0.02326087,0.00113050,0.601882,0.01390657,0.01517311,-0.01391201,-0.01517855,0.01385647,0.01518650,-0.01385152,-0.01518155,0.00000000,0.00000000,0.00000000,0.00000000,cmd,-101.4287,-3.9194,-120.4804,16.47205428,44.11540556,1339.9400
8.670000,4393282.871193,4259678.436954,1797266.472857,-40.038286,-39.289737,198.232877,0.99984836,-0.00008851,0.01735693,-0.00140611,-0.00038837,0.00318735,-0.00333925,11.1100,1339.9640,1615.7941,0.02325214,0.00115667,0.601605,0.01390657,0.01517311,-0.01391201,-0.01517855,0.01390657,0.01517311,-0.01391201,-0.01517855,0.00000000,0.00000000,0.00000000,0.00000000,cmd,-101.3177,-4.0707,-120.3406,16.47207290,44.11540553,1339.9640
8.680000,4393282.470942,4259678.044162,1797268.454741,-40.011754,-39.268788,198.144012,0.99984806,-0.00009078,0.01737303,-0.00142075,-0.00028645,0.00325835,-0.00256243,11.1100,1339.9882,1617.8542,0.02324343,0.00117632,0.601328,0.01358368,0.01511359,-0.01358546,-0.01511536,0.01390657,0.01517311,-0.01391201,-0.01517855,0.00000000,0.00000000,0.00000000,0.00000000,cmd,-101.2069,-4.1470,-120.1666,16.47209152,44.11540550,1339.9882
8.690000,4393282.070956,4259677.651578,1797270.435737,-39.985616,-39.248027,198.055140,0.99984781,-0.00009266,0.01738655,-0.00143347,-0.00024354,0.00216250,-0.00256858,11.1100,1340.0124,1619.9133,0.02323599,0.00118817,0.601052,0.01358368,0.01511359,-0.01358546,-0.01511536,0.01358368,0.01511359,-0.01358546,-0.01511536,0.00000000,0.00000000,0.00000000,0.00000000,cmd,-101.0962,-4.0020,-119.7233,16.47211012,44.11540547,1340.0124
8.700000,4393281.671230,4259677.259201,1797272.415844,-39.959599,-39.227423,197.966317,0.99984765,-0.00009433,0.01739479,-0.00144614,-0.00020328,0.00114931,-0.00254142,11.1100,1340.0366,1621.9714,0.02322530,0.00119685,0.600776,0.01358368,0.01511359,-0.01358546,-0.01511536,0.01358368,0.01511359,-0.01358546,-0.01511536,0.00000000,0.00000000,0.00000000,0.00000000,cmd,-100.9857,-4.0352,-119.5475,16.47212872,44.11540544,1340.0366
8.710000,4393281.271763,4259676.867029,1797274.395064,-39.933731,-39.206999,197.877536,0.99984757,-0.00009582,0.01739824,-0.00145860,-0.00016549,0.00025278,-0.00248317,11.1100,1340.0610,1624.0286,0.02320485,0.00120529,0.600501,0.01358368,0.01511359,-0.01358546,-0.01511536,0.01358368,0.01511359,-0.01358546,-0.01511536,0.00000000,0.00000000,0.00000000,0.00000000,cmd,-100.8755,-4.0672,-119.3300,16.47214731,44.11540541,1340.0610
8.720000,4393280.872554,4259676.475060,1797276.373395,-39.908034,-39.186772,197.788789,0.99984756,-0.00009712,0.01739756,-0.00147070,-0.00013004,-0.00049900,-0.00239716,11.1100,1340.0854,1626.0849,0.02317583,0.00121316,0.600226,0.01358368,0.01511359,-0.01358546,-0.01511536,0.01358368,0.01511359,-0.01358546,-0.01511536,0.00000000,0.00000000,0.00000000,0.00000000,cmd,-100.7654,-4.0965,-119.0758,16.47216589,44.11540537,1340.0854
8.730000,4393280.473602,4259676.083293,1797278.350839,-39.882519,-39.166749,197.700062,0.99984762,-0.00009825,0.01739352,-0.00148231,-0.00009676,-0.00108550,-0.00228760,11.1100,1340.1098,1628.1402,0.02313968,0.00122019,0.599951,0.01358368,0.01511359,-0.01358546,-0.01511536,0.01358368,0.01511359,-0.01358546,-0.01511536,0.00000000,0.00000000,0.00000000,0.00000000,cmd,-100.6590,-4.1219,-118.7935,16.47218446,44.11540534,1340.1098
8.740000,4393280.074903,4259675.691724,1797280.327396,-39.857198,-39.146934,197.611346,0.99984771,-0.00009921,0.01738700,-0.00149333,-0.00006553,-0.00149269,-0.00215944,11.1100,1340.1343,1630.1946,0.02309804,0.00122614,0.599676,0.01363397,0.01502639,-0.01363622,-0.01502864,0.01358368,0.01511359,-0.01358546,-0.01511536,0.00000000,0.00000000,0.00000000,0.00000000,cmd,-100.5684,-4.1426,-118.4985,16.47220303,44.11540531,1340.1343
8.750000,4393279.676457,4259675.300353,1797282.303066,-39.832040,-39.127407,197.522635,0.99984785,-0.00009997,0.01737863,-0.00150263,-0.00002937,-0.00182512,-0.00160409,11.1100,1340.1589,1632.2480,0.02305272,0.00123082,0.599402,0.01363397,0.01502639,-0.01363622,-0.01502864,0.01363397,0.01502639,-0.01363622,-0.01502864,0.00000000,0.00000000,0.00000000,0.00000000,cmd,-100.4780,-4.2548,-118.1616,16.47222158,44.11540527,1340.1589
8.760000,4393279.278262,4259674.909176,1797284.277849,-39.807109,-39.108078,197.433931,0.99984800,-0.00010052,0.01736907,-0.00150919,0.00000456,-0.00196538,-0.00106610,11.1100,1340.1835,1634.3005,0.02300514,0.00123160,0.599127,0.01370426,0.01502352,-0.01370654,-0.01502579,0.01363397,0.01502639,-0.01363622,-0.01502864,0.00000000,0.00000000,0.00000000,0.00000000,cmd,-100.3877,-4.2511,-117.8412,16.47224013,44.11540524,1340.1835
8.770000,4393278.880315,4259674.518191,1797286.251745,-39.782357,-39.088937,197.345246,0.99984816,-0.00010084,0.01735981,-0.00151260,0.00003668,-0.00171040,-0.00034544,11.1100,1340.2082,1636.3520,0.02295657,0.00122697,0.598854,0.01370426,0.01502352,-0.01370654,-0.01502579,0.01370426,0.01502352,-0.01370654,-0.01502579,0.00000000,0.00000000,0.00000000,0.00000000,cmd,-100.2975,-4.2761,-117.5638,16.47225867,44.11540520,1340.2082
8.780000,4393278.482614,4259674.127396,1797288.224754,-39.757856,-39.069954,197.256572,0.99984829,-0.00010094,0.01735225,-0.00151257,0.00006683,-0.00128797,0.00030720,11.1100,1340.2329,1638.4027,0.02290975,0.00121597,0.598580,0.01370426,0.01502352,-0.01370654,-0.01502579,0.01370426,0.01502352,-0.01370654,-0.01502579,0.00000000,0.00000000,0.00000000,0.00000000,cmd,-100.2074,-4.2215,-117.2448,16.47227720,44.11540517,1340.2329
8.790000,4393278.085157,4259673.736791,1797290.196877,-39.733607,-39.051097,197.167914,0.99984838,-0.00010084,0.01734717,-0.00150950,0.00009513,-0.00072222,0.00086947,11.1100,1340.2577,1640.4523,0.02286765,0.00119837,0.598307,0.01370426,0.01502352,-0.01370654,-0.01502579,0.01370426,0.01502352,-0.01370654,-0.01502579,0.00000000,0.00000000,0.00000000,0.00000000,cmd,-100.1175,-4.1396,-116.9456,16.47229572,44.11540514,1340.2577
8.800000,4393277.687941,4259673.346374,1797292.168112,-39.709604,-39.032337,197.079277,0.99984842,-0.00010056,0.01734522,-0.00150388,0.00012170,-0.00004187,0.00132325,11.1100,1340.2825,1642.5011,0.02283173,0.00117508,0.598033,0.01370426,0.01502352,-0.01370654,-0.01502579,0.01370426,0.01502352,-0.01370654,-0.01502579,0.00000000,0.00000000,0.00000000,0.00000000,cmd,-100.0276,-4.0342,-116.6723,16.47231424,44.11540510,1340.2825
8.810000,4393277.290964,4259672.956144,1797294.138462,-39.685839,-39.013644,196.990668,0.99984841,-0.00010011,0.01734689,-0.00149630,0.00014663,0.00072108,0.00165528,11.1100,1340.3074,1644.5489,0.02280317,0.00114720,0.597761,0.01370426,0.01502352,-0.01370654,-0.01502579,0.01370426,0.01502352,-0.01370654,-0.01502579,0.00000000,0.00000000,0.00000000,0.00000000,cmd,-99.9379,-3.9102,-116.4299,16.47233274,44.11540506,1340.3074
8.820000,4393276.894223,4259672.566101,1797296.107926,-39.662295,-38.994989,196.902094,0.99984832,-0.00009951,0.01735251,-0.00148738,0.00017004,0.00153261,0.00185737,11.1100,1340.3323,1646.5957,0.02278281,0.00111594,0.597488,0.01355883,0.01494308,-0.01355886,-0.01494311,0.01370426,0.01502352,-0.01370654,-0.01502579,0.00000000,0.00000000,0.00000000,0.00000000,cmd,-99.8484,-3.7728,-116.2222,16.47235124,44.11540503,1340.3323
8.830000,4393276.497717,4259672.176244,1797298.076504,-39.639079,-38.976419,196.813526,0.99984820,-0.00009886,0.01736049,-0.00147827,0.00016030,0.00166404,0.00173250,11.1100,1340.3572,1648.6417,0.02277115,0.00108261,0.597216,0.01355883,0.01494308,-0.01355886,-0.01494311,0.01355883,0.01494308,-0.01355886,-0.01494311,0.00000000,0.00000000,0.00000000,0.00000000,cmd,-99.7589,-3.5821,-115.8915,16.47236973,44.11540499,1340.3572
8.840000,4393276.101441,4259671.786573,1797300.044197,-39.616049,-38.957859,196.725003,0.99984806,-0.00009828,0.01736917,-0.00147009,0.00015115,0.00181135,0.00148845,11.1100,1340.3822,1650.6867,0.02276558,0.00104972,0.596944,0.01355883,0.01494308,-0.01355886,-0.01494311,0.01355883,0.01494308,-0.01355886,-0.01494311,0.00000000,0.00000000,0.00000000,0.00000000,cmd,-99.6696,-3.4407,-115.7500,16.47238821,44.11540496,1340.3822
8.850000,4393275.705395,4259671.397087,1797302.011004,-39.593191,-38.939314,196.636528,0.99984790,-0.00009777,0.01737861,-0.00146340,0.00014255,0.00196648,0.00113882,11.1100,1340.4072,1652.7307,0.02276199,0.00101925,0.596672,0.01350705,0.01495219,-0.01351214,-0.01495728,0.01355883,0.01494308,-0.01355886,-0.01494311,0.00000000,0.00000000,0.00000000,0.00000000,cmd,-99.5803,-3.3105,-115.6169,16.47240668,44.11540492,1340.4072
8.860000,4393275.309577,4259671.007786,1797303.976927,-39.570530,-38.920780,196.548094,0.99984774,-0.00009716,0.01738854,-0.00145914,0.00020589,0.00200732,0.00051943,11.1100,1340.4322,1654.7739,0.02276047,0.00099229,0.596400,0.01350705,0.01495219,-0.01351214,-0.01495728,0.01350705,0.01495219,-0.01351214,-0.01495728,0.00000000,0.00000000,0.00000000,0.00000000,cmd,-99.4912,-3.1532,-115.4665,16.47242514,44.11540488,1340.4322
8.870000,4393274.913984,4259670.618671,1797305.941966,-39.548002,-38.902281,196.459711,0.99984756,-0.00009630,0.01739867,-0.00145815,0.00026536,0.00204607,-0.00015793,11.1100,1340.4573,1656.8161,0.02276055,0.00097082,0.596129,0.01350705,0.01495219,-0.01351214,-0.01495728,0.01350705,0.01495219,-0.01351214,-0.01495728,0.00000000,0.00000000,0.00000000,0.00000000,cmd,-99.4022,-3.0632,-115.3498,16.47244359,44.11540485,1340.4573
8.880000,4393274.518616,4259670.229740,1797307.906122,-39.525589,-38.883835,196.371377,0.99984738,-0.00009522,0.01740899,-0.00146063,0.00032120,0.00207949,-0.00086545,11.1100,1340.4824,1658.8573,0.02276152,0.00095620,0.595857,0.01350705,0.01495219,-0.01351214,-0.01495728,0.01350705,0.01495219,-0.01351214,-0.01495728,0.00000000,0.00000000,0.00000000,0.00000000,cmd,-99.3133,-3.0022,-115.2370,16.47246204,44.11540481,1340.4824
8.890000,4393274.123472,4259669.840994,1797309.869394,-39.503268,-38.865457,196.283094,0.99984719,-0.00009392,0.01741944,-0.00146667,0.00037363,0.00210466,-0.00157527,11.1100,1340.5075,1660.8977,0.02276333,0.00094872,0.595587,0.01350705,0.01495219,-0.01351214,-0.01495728,0.01350705,0.01495219,-0.01351214,-0.01495728,0.00000000,0.00000000,0.00000000,0.00000000,cmd,-99.2246,-2.9716,-115.1279,16.47248048,44.11540477,1340.5075
8.900000,4393273.728551,4259669.452431,1797311.831784,-39.481019,-38.847166,196.194862,0.99984699,-0.00009243,0.01743000,-0.00147621,0.00042285,0.00211907,-0.00226046,11.1100,1340.5327,1662.9371,0.02276589,0.00094842,0.595316,0.01350705,0.01495219,-0.01351214,-0.01495728,0.01350705,0.01495219,-0.01351214,-0.01495728,0.00000000,0.00000000,0.00000000,0.00000000,cmd,-99.1359,-2.9710,-115.0222,16.47249891,44.11540473,1340.5327
8.910000,4393273.333851,4259669.064050,1797313.793291,-39.458825,-38.828977,196.106682,0.99984679,-0.00009076,0.01744060,-0.00148907,0.00046907,0.00212073,-0.00289600,11.1100,1340.5578,1664.9756,0.02276910,0.00095507,0.595045,0.01373994,0.01485778,-0.01373686,-0.01485470,0.01350705,0.01495219,-0.01351214,-0.01495728,0.00000000,0.00000000,0.00000000,0.00000000,cmd,-99.0474,-2.9993,-114.9193,16.47251733,44.11540470,1340.5578
8.920000,4393272.939375,4259668.675851,1797315.753918,-39.436476,-38.810988,196.018573,0.99984657,-0.00008917,0.01745216,-0.00150249,0.00039784,0.00250100,-0.00249135,11.1100,1340.5830,1667.0131,0.02277281,0.00096816,0.594775,0.01373994,0.01485778,-0.01373686,-0.01485470,0.01373994,0.01485778,-0.01373686,-0.01485470,0.00000000,0.00000000,0.00000000,0.00000000,cmd,-98.9590,-3.2813,-114.9092,16.47253574,44.11540466,1340.5830
8.930000,4393272.545122,4259668.287830,1797317.713663,-39.414172,-38.793090,195.930519,0.99984632,-0.00008788,0.01746554,-0.00151380,0.00033093,0.00284621,-0.00205299,11.1100,1340.6083,1669.0498,0.02277847,0.00098114,0.594505,0.01369413,0.01492394,-0.01369220,-0.01492201,0.01373994,0.01485778,-0.01373686,-0.01485470,0.00000000,0.00000000,0.00000000,0.00000000,cmd,-98.8707,-3.3302,-114.8150,16.47255414,44.11540462,1340.6083
8.940000,4393272.151091,4259667.899989,1797319.672528,-39.391952,-38.775204,195.842526,0.99984604,-0.00008684,0.01748069,-0.00152369,0.00028423,0.00320742,-0.00192921,11.1100,1340.6335,1671.0855,0.02278814,0.00098971,0.594235,0.01369413,0.01492394,-0.01369220,-0.01492201,0.01369413,0.01492394,-0.01369220,-0.01492201,0.00000000,0.00000000,0.00000000,0.00000000,cmd,-98.7825,-3.2828,-114.7526,16.47257254,44.11540458,1340.6335
8.950000,4393271.757283,4259667.512326,1797321.630514,-39.369771,-38.757377,195.754593,0.99984573,-0.00008602,0.01749750,-0.00153291,0.00024035,0.00350541,-0.00178773,11.1100,1340.6588,1673.1203,0.02280158,0.00099567,0.593966,0.01369413,0.01492394,-0.01369220,-0.01492201,0.01369413,0.01492394,-0.01369220,-0.01492201,0.00000000,0.00000000,0.00000000,0.00000000,cmd,-98.6944,-3.3038,-114.6911,16.47259093,44.11540454,1340.6588
8.960000,4393271.363696,4259667.124841,1797323.587620,-39.347625,-38.739596,195.666724,0.99984540,-0.00008540,0.01751561,-0.00154140,0.00019913,0.00372941,-0.00163452,11.1100,1340.6841,1675.1541,0.02281855,0.00100021,0.593697,0.01369413,0.01492394,-0.01369220,-0.01492201,0.01369413,0.01492394,-0.01369220,-0.01492201,0.00000000,0.00000000,0.00000000,0.00000000,cmd,-98.6064,-3.3188,-114.6446,16.47260931,44.11540450,1340.6841
8.970000,4393270.970330,4259666.737534,1797325.543848,-39.325511,-38.721850,195.578920,0.99984505,-0.00008496,0.01753464,-0.00154909,0.00016040,0.00387183,-0.00147572,11.1100,1340.7094,1677.1871,0.02283832,0.00100321,0.593427,0.01369413,0.01492394,-0.01369220,-0.01492201,0.01369413,0.01492394,-0.01369220,-0.01492201,0.00000000,0.00000000,0.00000000,0.00000000,cmd,-98.5185,-3.3272,-114.6101,16.47262768,44.11540446,1340.7094
8.980000,4393270.577185,4259666.350404,1797327.499199,-39.303430,-38.704132,195.491183,0.99984470,-0.00008469,0.01755417,-0.00155599,0.00012401,0.00392842,-0.00131748,11.1100,1340.7347,1679.2191,0.02286004,0.00100461,0.593159,0.01369413,0.01492394,-0.01369220,-0.01492201,0.01369413,0.01492394,-0.01369220,-0.01492201,0.00000000,0.00000000,0.00000000,0.00000000,cmd,-98.4308,-3.3289,-114.5841,16.47264604,44.11540442,1340.7347
8.990000,4393270.184261,4259665.963451,1797329.453672,-39.281382,-38.686435,195.403512,0.99984435,-0.00008459,0.01757377,-0.00156211,0.00008983,0.00389829,-0.00116569,11.1100,1340.7601,1681.2502,0.02288286,0.00100441,0.592890,0.01345171,0.01498190,-0.01345452,-0.01498471,0.01369413,0.01492394,-0.01369220,-0.01492201,0.00000000,0.00000000,0.00000000,0.00000000,cmd,-98.3431,-3.3240,-114.5631,16.47266439,44.11540438,1340.7601
9.000000,4393269.791557,4259665.576676,1797331.407269,-39.259574,-38.668706,195.315881,0.99984402,-0.00008451,0.01759166,-0.00156971,0.00012347,0.00324664,-0.00190714,11.1100,1340.7855,1683.2804,0.02290589,0.00100267,0.592622,0.01345171,0.01498190,-0.01345452,-0.01498471,0.01345171,0.01498190,-0.01345452,-0.01498471,0.00000000,0.00000000,0.00000000,0.00000000,cmd,-98.2556,-3.1061,-114.4197,16.47268274,44.11540434,1340.7855
9.010000,4393269.399070,4259665.190077,1797333.359990,-39.237792,-38.651031,195.228313,0.99984375,-0.00008434,0.01760614,-0.00158095,0.00015507,0.00254335,-0.00261395,11.1100,1340.8109,1685.3096,0.02292614,0.00100483,0.592353,0.01375581,0.01515542,-0.01375814,-0.01515776,0.01345171,0.01498190,-0.01345452,-0.01498471,0.00000000,0.00000000,0.00000000,0.00000000,cmd,-98.1682,-3.1158,-114.3916,16.47270108,44.11540430,1340.8109
9.020000,4393269.006802,4259664.803655,1797335.311836,-39.215778,-38.633300,195.140876,0.99984347,-0.00008408,0.01762061,-0.00159462,0.00017827,0.00323803,-0.00287869,11.1100,1340.8363,1687.3379,0.02293976,0.00101415,0.592085,0.01375581,0.01515542,-0.01375814,-0.01515776,0.01375581,0.01515542,-0.01375814,-0.01515776,0.00000000,0.00000000,0.00000000,0.00000000,cmd,-98.0808,-3.2444,-114.6640,16.47271940,44.11540426,1340.8363
9.030000,4393268.614754,4259664.417411,1797337.262808,-39.193776,-38.615653,195.053499,0.99984313,-0.00008372,0.01763839,-0.00160947,0.00020006,0.00386180,-0.00308388,11.1100,1340.8618,1689.3654,0.02295219,0.00102773,0.591818,0.01375581,0.01515542,-0.01375814,-0.01515776,0.01375581,0.01515542,-0.01375814,-0.01515776,0.00000000,0.00000000,0.00000000,0.00000000,cmd,-97.9936,-3.2986,-114.5966,16.47273772,44.11540422,1340.8618
9.040000,4393268.222926,4259664.031342,1797339.212906,-39.171768,-38.598076,194.966186,0.99984274,-0.00008326,0.01765906,-0.00162519,0.00022053,0.00439210,-0.00322398,11.1100,1340.8872,1691.3919,0.02297145,0.00104341,0.591550,0.01375581,0.01515542,-0.01375814,-0.01515776,0.01375581,0.01515542,-0.01375814,-0.01515776,0.00000000,0.00000000,0.00000000,0.00000000,cmd,-97.9065,-3.3611,-114.5579,16.47275604,44.11540418,1340.8872
9.050000,4393267.831319,4259663.645449,1797341.162132,-39.149735,-38.580560,194.878944,0.99984231,-0.00008272,0.01768211,-0.00164144,0.00023976,0.00481069,-0.00329608,11.1100,1340.9127,1693.4174,0.02299661,0.00106053,0.591283,0.01375581,0.01515542,-0.01375814,-0.01515776,0.01375581,0.01515542,-0.01375814,-0.01515776,0.00000000,0.00000000,0.00000000,0.00000000,cmd,-97.8195,-3.4291,-114.5439,16.47277434,44.11540414,1340.9127
9.060000,4393267.439932,4259663.259731,1797343.110485,-39.127668,-38.563095,194.791774,0.99984184,-0.00008207,0.01770695,-0.00165788,0.00025782,0.00510417,-0.00329989,11.1100,1340.9382,1695.4421,0.02302654,0.00107840,0.591016,0.01375581,0.01515542,-0.01375814,-0.01515776,0.01375581,0.01515542,-0.01375814,-0.01515776,0.00000000,0.00000000,0.00000000,0.00000000,cmd,-97.7326,-3.4997,-114.5501,16.47279264,44.11540410,1340.9382
9.070000,4393267.048766,4259662.874187,1797345.057968,-39.105558,-38.545672,194.704679,0.99984135,-0.00008134,0.01773291,-0.00167418,0.00027478,0.00526427,-0.00323767,11.1100,1340.9638,1697.4658,0.02305998,0.00109635,0.590749,0.01375581,0.01515542,-0.01375814,-0.01515776,0.01375581,0.01515542,-0.01375814,-0.01515776,0.00000000,0.00000000,0.00000000,0.00000000,cmd,-97.6458,-3.5701,-114.5712,16.47281092,44.11540405,1340.9638
9.080000,4393266.657821,4259662.488817,1797347.004579,-39.083406,-38.528285,194.617660,0.99984086,-0.00008052,0.01775934,-0.00169001,0.00029071,0.00528799,-0.00311404,11.1100,1340.9893,1699.4887,0.02309557,0.00111370,0.590482,0.01375581,0.01515542,-0.01375814,-0.01515776,0.01375581,0.01515542,-0.01375814,-0.01515776,0.00000000,0.00000000,0.00000000,0.00000000,cmd,-97.5592,-3.6376,-114.6017,16.47282920,44.11540401,1340.9893
9.090000,4393266.267098,4259662.103621,1797348.950321,-39.061214,-38.510928,194.530717,0.99984037,-0.00007960,0.01778555,-0.00170508,0.00030567,0.00517751,-0.00293571,11.1100,1341.0149,1701.5106,0.02313193,0.00112984,0.590215,0.01388930,0.01518561,-0.01389439,-0.01519070,0.01375581,0.01515542,-0.01375814,-0.01515776,0.00000000,0.00000000,0.00000000,0.00000000,cmd,-97.4726,-3.6997,-114.6359,16.47284748,44.11540397,1341.0149
9.100000,4393265.876597,4259661.718599,1797350.895194,-39.038876,-38.493574,194.443875,0.99983987,-0.00007849,0.01781213,-0.00171839,0.00035759,0.00543221,-0.00241118,11.1100,1341.0405,1703.5316,0.02316770,0.00114420,0.589949,0.01388930,0.01518561,-0.01389439,-0.01519070,0.01388930,0.01518561,-0.01389439,-0.01519070,0.00000000,0.00000000,0.00000000,0.00000000,cmd,-97.3861,-3.8244,-114.7816,16.47286574,44.11540393,1341.0405
9.110000,4393265.486320,4259661.333750,1797352.839199,-39.016519,-38.476229,194.357110,0.99983936,-0.00007707,0.01783962,-0.00172903,0.00040638,0.00554661,-0.00186760,11.1100,1341.0662,1705.5517,0.02320356,0.00115451,0.589683,0.01388930,0.01518561,-0.01389439,-0.01519070,0.01388930,0.01518561,-0.01389439,-0.01519070,0.00000000,0.00000000,0.00000000,0.00000000,cmd,-97.2997,-3.8603,-114.8122,16.47288399,44.11540388,1341.0662
9.120000,4393265.096267,4259660.949074,1797354.782336,-38.994153,-38.458876,194.270422,0.99983885,-0.00007537,0.01786734,-0.00173695,0.00045222,0.00551966,-0.00132562,11.1100,1341.0918,1707.5709,0.02324111,0.00115937,0.589417,0.01388930,0.01518561,-0.01389439,-0.01519070,0.01388930,0.01518561,-0.01389439,-0.01519070,0.00000000,0.00000000,0.00000000,0.00000000,cmd,-97.2135,-3.8737,-114.8503,16.47290224,44.11540384,1341.0918
9.130000,4393264.706437,4259660.564572,1797356.724607,-38.971793,-38.441501,194.183810,0.99983836,-0.00007340,0.01789457,-0.00174221,0.00049529,0.00535559,-0.00080504,11.1100,1341.1175,1709.5892,0.02327892,0.00115878,0.589152,0.01388930,0.01518561,-0.01389439,-0.01519070,0.01388930,0.01518561,-0.01389439,-0.01519070,0.00000000,0.00000000,0.00000000,0.00000000,cmd,-97.1273,-3.8648,-114.8900,16.47292048,44.11540380,1341.1175
9.140000,4393264.316831,4259660.180244,1797358.666013,-38.949455,-38.424097,194.097274,0.99983789,-0.00007118,0.01792066,-0.00174497,0.00053575,0.00506351,-0.00032417,11.1100,1341.1432,1711.6065,0.02331560,0.00115296,0.588886,0.01388930,0.01518561,-0.01389439,-0.01519070,0.01388930,0.01518561,-0.01389439,-0.01519070,0.00000000,0.00000000,0.00000000,0.00000000,cmd,-97.0412,-3.8346,-114.9256,16.47293871,44.11540375,1341.1432
9.150000,4393263.927448,4259659.796090,1797360.606553,-38.927158,-38.406659,194.010812,0.99983745,-0.00006872,0.01794500,-0.00174545,0.00057378,0.00465694,0.00010080,11.1100,1341.1689,1713.6230,0.02334984,0.00114229,0.588621,0.01369455,0.01501039,-0.01369456,-0.01501040,0.01388930,0.01518561,-0.01389439,-0.01519070,0.00000000,0.00000000,0.00000000,0.00000000,cmd,-96.9553,-3.7849,-114.9518,16.47295693,44.11540371,1341.1689
9.160000,4393263.538287,4259659.412110,1797362.546229,-38.905089,-38.389333,193.924362,0.99983711,-0.00006623,0.01796428,-0.00174413,0.00054002,0.00305061,0.00039994,11.1100,1341.1947,1715.6385,0.02338049,0.00112734,0.588356,0.01369455,0.01501039,-0.01369456,-0.01501040,0.01369455,0.01501039,-0.01369456,-0.01501040,0.00000000,0.00000000,0.00000000,0.00000000,cmd,-96.8694,-3.7049,-114.7100,16.47297514,44.11540366,1341.1947
9.170000,4393263.149346,4259659.028304,1797364.485041,-38.883119,-38.371998,193.837972,0.99983691,-0.00006390,0.01797545,-0.00174149,0.00050827,0.00142220,0.00062235,11.1100,1341.2204,1717.6531,0.02340216,0.00110914,0.588091,0.01364113,0.01467960,-0.01363779,-0.01467626,0.01369455,0.01501039,-0.01369456,-0.01501040,0.00000000,0.00000000,0.00000000,0.00000000,cmd,-96.7837,-3.6257,-114.6914,16.47299335,44.11540362,1341.2204
9.180000,4393262.760624,4259658.644669,1797366.422988,-38.861347,-38.354965,193.751570,0.99983692,-0.00006180,0.01797569,-0.00173593,0.00043272,-0.00130638,0.00156136,11.1100,1341.2462,1719.6669,0.02340782,0.00108868,0.587826,0.01364113,0.01467960,-0.01363779,-0.01467626,0.01364113,0.01467960,-0.01363779,-0.01467626,0.00000000,0.00000000,0.00000000,0.00000000,cmd,-96.6981,-3.7251,-114.3461,16.47301154,44.11540358,1341.2462
9.190000,4393262.372118,4259658.261204,1797368.360072,-38.839804,-38.337988,193.665197,0.99983717,-0.00006001,0.01796263,-0.00172598,0.00036169,-0.00388621,0.00237025,11.1100,1341.2720,1721.6797,0.02339330,0.00106196,0.587562,0.01364113,0.01467960,-0.01363779,-0.01467626,0.01364113,0.01467960,-0.01363779,-0.01467626,0.00000000,0.00000000,0.00000000,0.00000000,cmd,-96.6126,-3.6082,-114.1861,16.47302973,44.11540353,1341.2720
9.200000,4393261.983827,4259657.877909,1797370.296292,-38.818570,-38.321110,193.578834,0.99983765,-0.00005852,0.01793723,-0.00171236,0.00029490,-0.00622968,0.00302404,11.1100,1341.2979,1723.6916,0.02335308,0.00102705,0.587298,0.01364113,0.01467960,-0.01363779,-0.01467626,0.01364113,0.01467960,-0.01363779,-0.01467626,0.00000000,0.00000000,0.00000000,0.00000000,cmd,-96.5271,-3.4588,-113.9214,16.47304791,44.11540348,1341.2979
9.210000,4393261.595745,4259657.494782,1797372.231649,-38.797713,-38.304369,193.492462,0.99983833,-0.00005733,0.01790086,-0.00169589,0.00023211,-0.00826105,0.00350435,11.1100,1341.3237,1725.7026,0.02328954,0.00098549,0.587034,0.01364113,0.01467960,-0.01363779,-0.01467626,0.01364113,0.01467960,-0.01363779,-0.01467626,0.00000000,0.00000000,0.00000000,0.00000000,cmd,-96.4419,-3.2836,-113.5614,16.47306609,44.11540344,1341.3237
9.220000,4393261.207871,4259657.111821,1797374.166141,-38.777288,-38.287801,193.406068,0.99983917,-0.00005642,0.01785525,-0.00167747,0.00017306,-0.00991874,0.00379979,11.1100,1341.3496,1727.7127,0.02320583,0.00093904,0.586771,0.01364113,0.01467960,-0.01363779,-0.01467626,0.01364113,0.01467960,-0.01363779,-0.01467626,0.00000000,0.00000000,0.00000000,0.00000000,cmd,-96.3567,-3.0898,-113.1188,16.47308425,44.11540339,1341.3496
9.230000,4393260.820198,4259656.729025,1797376.099770,-38.757336,-38.271436,193.319641,0.99984015,-0.00005579,0.01780239,-0.00165804,0.00011753,-0.01115711,0.00390613,11.1100,1341.3755,1729.7219,0.02310570,0.00088956,0.586507,0.01325156,0.01423359,-0.01325104,-0.01423306,0.01364113,0.01467960,-0.01363779,-0.01467626,0.00000000,0.00000000,0.00000000,0.00000000,cmd,-96.2717,-2.8850,-112.6089,16.47310241,44.11540335,1341.3755
9.240000,4393260.432721,4259656.346390,1797378.032534,-38.738212,-38.255665,193.233045,0.99984132,-0.00005534,0.01773834,-0.00163814,0.00010352,-0.01437530,0.00398770,11.1100,1341.4014,1731.7302,0.02299342,0.00083896,0.586244,0.01325156,0.01423359,-0.01325104,-0.01423306,0.01325156,0.01423359,-0.01325104,-0.01423306,0.00000000,0.00000000,0.00000000,0.00000000,cmd,-96.1868,-2.7149,-111.4899,16.47312055,44.11540330,1341.4014
9.250000,4393260.045432,4259655.963911,1797379.964431,-38.719644,-38.240181,193.146390,0.99984275,-0.00005499,0.01765963,-0.00161830,0.00009034,-0.01701395,0.00388330,11.1100,1341.4272,1733.7376,0.02286382,0.00078815,0.585982,0.01246231,0.01344179,-0.01246593,-0.01344541,0.01325156,0.01423359,-0.01325104,-0.01423306,0.00000000,0.00000000,0.00000000,0.00000000,cmd,-96.1020,-2.5065,-110.8710,16.47313869,44.11540325,1341.4272
9.260000,4393259.658323,4259655.581582,1797381.895460,-38.702352,-38.225693,193.059417,0.99984457,-0.00005461,0.01755779,-0.00159941,0.00013401,-0.02358684,0.00361063,11.1100,1341.4531,1735.7441,0.02270782,0.00073835,0.585719,0.01246231,0.01344179,-0.01246593,-0.01344541,0.01246231,0.01344179,-0.01246593,-0.01344541,0.00000000,0.00000000,0.00000000,0.00000000,cmd,-96.0173,-2.3053,-109.0881,16.47315683,44.11540321,1341.4531
9.270000,4393259.271383,4259655.199395,1797383.825619,-38.685787,-38.211687,192.972325,0.99984691,-0.00005410,0.01742534,-0.00158228,0.00017507,-0.02923177,0.00317840,11.1100,1341.4790,1737.7497,0.02251373,0.00069131,0.585457,0.01246231,0.01344179,-0.01246593,-0.01344541,0.01246231,0.01344179,-0.01246593,-0.01344541,0.00000000,0.00000000,0.00000000,0.00000000,cmd,-95.9329,-2.1147,-108.2291,16.47317495,44.11540316,1341.4790
9.280000,4393258.884604,4259654.817346,1797385.754906,-38.670066,-38.198302,192.885074,0.99984968,-0.00005347,0.01726736,-0.00156768,0.00021367,-0.03377770,0.00260800,11.1100,1341.5048,1739.7544,0.02226269,0.00064860,0.585196,0.01246231,0.01344179,-0.01246593,-0.01344541,0.01246231,0.01344179,-0.01246593,-0.01344541,0.00000000,0.00000000,0.00000000,0.00000000,cmd,-95.8485,-1.9427,-107.1379,16.47319306,44.11540311,1341.5048
9.290000,4393258.497978,4259654.435427,1797387.683320,-38.655272,-38.185652,192.797630,0.99985275,-0.00005275,0.01708966,-0.00155622,0.00024996,-0.03709978,0.00192500,11.1100,1341.5305,1741.7582,0.02196579,0.00061163,0.584934,0.01246231,0.01344179,-0.01246593,-0.01344541,0.01246231,0.01344179,-0.01246593,-0.01344541,0.00000000,0.00000000,0.00000000,0.00000000,cmd,-95.7644,-1.7949,-105.8590,16.47321117,44.11540306,1341.5305
9.300000,4393258.111495,4259654.053630,1797389.610858,-38.641455,-38.173822,192.709970,0.99985601,-0.00005193,0.01689858,-0.00154840,0.00028408,-0.03912213,0.00115815,11.1100,1341.5562,1743.7611,0.02163539,0.00058154,0.584673,0.01246231,0.01344179,-0.01246593,-0.01344541,0.01246231,0.01344179,-0.01246593,-0.01344541,0.00000000,0.00000000,0.00000000,0.00000000,cmd,-95.6803,-1.6755,-104.4420,16.47322927,44.11540302,1341.5562
9.310000,4393257.725146,4259653.671947,1797391.537518,-38.628631,-38.162867,192.622084,0.99985934,-0.00005102,0.01670071,-0.00154456,0.00031617,-0.03981879,0.00033814,11.1100,1341.5819,1745.7631,0.02128467,0.00055918,0.584413,0.01143445,0.01238085,-0.01143616,-0.01238255,0.01246231,0.01344179,-0.01246593,-0.01344541,0.00000000,0.00000000,0.00000000,0.00000000,cmd,-95.5965,-1.5879,-102.9399,16.47324736,44.11540297,1341.5819
9.320000,4393257.338915,4259653.290365,1797393.463297,-38.617646,-38.153675,192.533652,0.99986288,-0.00005011,0.01648743,-0.00154465,0.00032055,-0.04525792,-0.00040960,11.1100,1341.6074,1747.7643,0.02092704,0.00054510,0.584153,0.01143445,0.01238085,-0.01143616,-0.01238255,0.01143445,0.01238085,-0.01143616,-0.01238255,0.00000000,0.00000000,0.00000000,0.00000000,cmd,-95.5128,-1.5559,-100.0155,16.47326545,44.11540292,1341.6074
9.330000,4393256.952789,4259652.908871,1797395.388190,-38.607699,-38.145481,192.444963,0.99986675,-0.00004928,0.01625074,-0.00154848,0.00032468,-0.04916631,-0.00115315,11.1100,1341.6329,1749.7645,0.02055164,0.00053894,0.583893,0.00991840,0.01094200,-0.00991651,-0.01094011,0.01143445,0.01238085,-0.01143616,-0.01238255,0.00000000,0.00000000,0.00000000,0.00000000,cmd,-95.4293,-1.5334,-98.4385,16.47328352,44.11540287,1341.6329
9.340000,4393256.566751,4259652.527446,1797397.312193,-38.600123,-38.139550,192.355543,0.99987115,-0.00004868,0.01597708,-0.00155651,0.00028038,-0.05999456,-0.00208458,11.1100,1341.6583,1751.7639,0.02013673,0.00054029,0.583634,0.00991840,0.01094200,-0.00991651,-0.01094011,0.00991840,0.01094200,-0.00991651,-0.01094011,0.00000000,0.00000000,0.00000000,0.00000000,cmd,-95.3460,-1.4898,-94.7345,16.47330159,44.11540283,1341.6583
9.350000,4393256.180783,4259652.146075,1797399.235300,-38.593820,-38.134927,192.265775,0.99987623,-0.00004844,0.01565431,-0.00156903,0.00023873,-0.06876211,-0.00294830,11.1100,1341.6835,1753.7623,0.01966470,0.00055015,0.583375,0.00991840,0.01094200,-0.00991651,-0.01094011,0.00991840,0.01094200,-0.00991651,-0.01094011,0.00000000,0.00000000,0.00000000,0.00000000,cmd,-95.2629,-1.5324,-92.8054,16.47331965,44.11540278,1341.6835
9.360000,4393255.794870,4259651.764743,1797401.157507,-38.588965,-38.131821,192.175592,0.99988179,-0.00004852,0.01529339,-0.00158564,0.00019958,-0.07522629,-0.00371566,11.1100,1341.7085,1755.7599,0.01910378,0.00056874,0.583117,0.00991840,0.01094200,-0.00991651,-0.01094011,0.00991840,0.01094200,-0.00991651,-0.01094011,0.00000000,0.00000000,0.00000000,0.00000000,cmd,-95.1800,-1.6095,-90.5151,16.47333770,44.11540273,1341.7085
9.370000,4393255.408998,4259651.383433,1797403.078810,-38.585673,-38.130377,192.084948,0.99988761,-0.00004889,0.01490624,-0.00160578,0.00016276,-0.07923635,-0.00436253,11.1100,1341.7333,1757.7566,0.01847727,0.00059509,0.582860,0.00991840,0.01094200,-0.00991651,-0.01094011,0.00991840,0.01094200,-0.00991651,-0.01094011,0.00000000,0.00000000,0.00000000,0.00000000,cmd,-95.0973,-1.7170,-87.9563,16.47335574,44.11540268,1341.7333
9.380000,4393255.023151,4259651.002129,1797404.999205,-38.584003,-38.130680,191.993816,0.99989346,-0.00004950,0.01450530,-0.00162882,0.00012815,-0.08073548,-0.00486995,11.1100,1341.7579,1759.7524,0.01781001,0.00062798,0.582602,0.00991840,0.01094200,-0.00991651,-0.01094011,0.00991840,0.01094200,-0.00991651,-0.01094011,0.00000000,0.00000000,0.00000000,0.00000000,cmd,-95.0147,-1.8498,-85.2281,16.47337378,44.11540263,1341.7579
9.390000,4393254.637313,4259650.620814,1797406.918685,-38.583954,-38.132750,191.902188,0.99989918,-0.00005032,0.01410310,-0.00165401,0.00009559,-0.07975941,-0.00522466,11.1100,1341.7823,1761.7474,0.01712744,0.00066601,0.582346,0.00991840,0.01094200,-0.00991651,-0.01094011,0.00991840,0.01094200,-0.00991651,-0.01094011,0.00000000,0.00000000,0.00000000,0.00000000,cmd,-94.9324,-2.0021,-82.4322,16.47339180,44.11540259,1341.7823
9.400000,4393254.251467,4259650.239469,1797408.837247,-38.585469,-38.136544,191.810079,0.99990458,-0.00005129,0.01371172,-0.00168057,0.00006497,-0.07643165,-0.00541932,11.1100,1341.8065,1763.7414,0.01645465,0.00070765,0.582090,0.00991840,0.01094200,-0.00991651,-0.01094011,0.00991840,0.01094200,-0.00991651,-0.01094011,0.00000000,0.00000000,0.00000000,0.00000000,cmd,-94.8503,-2.1677,-79.6686,16.47340982,44.11540254,1341.8065
9.410000,4393253.865598,4259649.858077,1797410.754885,-38.588440,-38.141960,191.717522,0.99990953,-0.00005238,0.01334244,-0.00170770,0.00003616,-0.07095583,-0.00545261,11.1100,1341.8303,1765.7346,0.01581551,0.00075128,0.581834,0.00991840,0.01094200,-0.00991651,-0.01094011,0.00991840,0.01094200,-0.00991651,-0.01094011,0.00000000,0.00000000,0.00000000,0.00000000,cmd,-94.7684,-2.3402,-77.0329,16.47342783,44.11540249,1341.8303
9.420000,4393253.479694,4259649.476624,1797412.671596,-38.592712,-38.148844,191.624567,0.99991392,-0.00005356,0.01300535,-0.00173460,0.00000904,-0.06360539,-0.00532898,11.1100,1341.8538,1767.7270,0.01523182,0.00079528,0.581579,0.00991840,0.01094200,-0.00991651,-0.01094011,0.00991840,0.01094200,-0.00991651,-0.01094011,0.00000000,0.00000000,0.00000000,0.00000000,cmd,-94.6867,-2.5130,-74.6122,16.47344584,44.11540244,1341.8538
9.430000,4393253.093740,4259649.095096,1797414.587375,-38.598090,-38.156999,191.531282,0.99991769,-0.00005478,0.01270902,-0.00176051,-0.00001649,-0.05471110,-0.00505836,11.1100,1341.8771,1769.7184,0.01472265,0.00083806,0.581324,0.00705116,0.00822067,-0.00705071,-0.00822022,0.00991840,0.01094200,-0.00991651,-0.01094011,0.00000000,0.00000000,0.00000000,0.00000000,cmd,-94.6051,-2.6799,-72.4829,16.47346383,44.11540239,1341.8771
9.440000,4393252.707717,4259648.713470,1797416.502216,-38.606720,-38.168370,191.436881,0.99992127,-0.00005606,0.01242014,-0.00178575,-0.00002142,-0.06060473,-0.00506464,11.1100,1341.8999,1771.7090,0.01430370,0.00087814,0.581070,0.00705116,0.00822067,-0.00705071,-0.00822022,0.00705116,0.00822067,-0.00705071,-0.00822022,0.00000000,0.00000000,0.00000000,0.00000000,cmd,-94.5237,-2.7390,-67.0356,16.47348182,44.11540234,1341.8999
9.450000,4393252.321603,4259648.331725,1797418.416112,-38.616267,-38.180809,191.342216,0.99992508,-0.00005740,0.01210560,-0.00181069,-0.00002606,-0.06495201,-0.00493478,11.1100,1341.9224,1773.6987,0.01392346,0.00091665,0.580816,0.00705116,0.00822067,-0.00705071,-0.00822022,0.00705116,0.00822067,-0.00705071,-0.00822022,0.00000000,0.00000000,0.00000000,0.00000000,cmd,-94.4426,-2.8891,-65.4928,16.47349980,44.11540229,1341.9224
9.460000,4393251.935388,4259647.949850,1797420.329060,-38.626824,-38.194396,191.247253,0.99992901,-0.00005879,0.01177341,-0.00183465,-0.00003042,-0.06765308,-0.00467813,11.1100,1341.9445,1775.6876,0.01349922,0.00095387,0.580563,0.00705116,0.00822067,-0.00705071,-0.00822022,0.00705116,0.00822067,-0.00705071,-0.00822022,0.00000000,0.00000000,0.00000000,0.00000000,cmd,-94.3616,-3.0331,-63.7714,16.47351777,44.11540224,1341.9445
9.470000,4393251.549063,4259647.567833,1797422.241056,-38.638448,-38.209170,191.151973,0.99993293,-0.00006019,0.01143193,-0.00185703,-0.00003452,-0.06867048,-0.00430825,11.1100,1341.9661,1777.6756,0.01304765,0.00098854,0.580310,0.00705116,0.00822067,-0.00705071,-0.00822022,0.00705116,0.00822067,-0.00705071,-0.00822022,0.00000000,0.00000000,0.00000000,0.00000000,cmd,-94.2807,-3.1661,-61.9372,16.47353574,44.11540219,1341.9661
9.480000,4393251.162616,4259647.185663,1797424.152098,-38.651155,-38.225126,191.056373,0.99993675,-0.00006159,0.01108952,-0.00187732,-0.00003839,-0.06802818,-0.00384220,11.1100,1341.9873,1779.6627,0.01258581,0.00101950,0.580058,0.00705116,0.00822067,-0.00705071,-0.00822022,0.00705116,0.00822067,-0.00705071,-0.00822022,0.00000000,0.00000000,0.00000000,0.00000000,cmd,-94.2001,-3.2836,-60.0579,16.47355370,44.11540214,1341.9873
9.490000,4393250.776036,4259646.803327,1797426.062183,-38.664925,-38.242218,190.960461,0.99994037,-0.00006297,0.01075432,-0.00189508,-0.00004204,-0.06580848,-0.00329987,11.1100,1342.0081,1781.6490,0.01213051,0.00104578,0.579805,0.00422859,0.00557629,-0.00423068,-0.00557837,0.00705116,0.00822067,-0.00705071,-0.00822022,0.00000000,0.00000000,0.00000000,0.00000000,cmd,-94.1196,-3.3820,-58.2000,16.47357164,44.11540209,1342.0081
9.500000,4393250.389302,4259646.420805,1797427.971302,-38.682015,-38.262467,190.863412,0.99994414,-0.00006432,0.01039490,-0.00191123,-0.00001209,-0.07765995,-0.00319977,11.1100,1342.0284,1783.6344,0.01169778,0.00106660,0.579554,0.00422859,0.00557629,-0.00423068,-0.00557837,0.00422859,0.00557629,-0.00423068,-0.00557837,0.00000000,0.00000000,0.00000000,0.00000000,cmd,-94.0392,-3.3418,-52.8569,16.47358959,44.11540204,1342.0284
9.510000,4393250.002392,4259646.038074,1797429.879450,-38.700290,-38.283940,190.766008,0.99994833,-0.00006561,0.00998113,-0.00192673,0.00001611,-0.08749725,-0.00304056,11.1100,1342.0481,1785.6189,0.01124059,0.00108442,0.579303,0.00210833,0.00337376,-0.00210563,-0.00337105,0.00422859,0.00557629,-0.00423068,-0.00557837,0.00000000,0.00000000,0.00000000,0.00000000,cmd,-93.9591,-3.4084,-51.0626,16.47360752,44.11540199,1342.0481
9.520000,4393249.615283,4259645.655112,1797431.786617,-38.721709,-38.308593,190.667492,0.99995306,-0.00006705,0.00949299,-0.00194071,-0.00002024,-0.10730343,-0.00260108,11.1100,1342.0674,1787.6026,0.01068366,0.00110066,0.579052,0.00210833,0.00337376,-0.00210563,-0.00337105,0.00210833,0.00337376,-0.00210563,-0.00337105,0.00000000,0.00000000,0.00000000,0.00000000,cmd,-93.8791,-3.5220,-46.0479,16.47362544,44.11540194,1342.0674
9.530000,4393249.227952,4259645.271896,1797433.692797,-38.744922,-38.335027,190.568397,0.99995837,-0.00006883,0.00891328,-0.00195241,-0.00005444,-0.12403544,-0.00213217,11.1100,1342.0861,1789.5855,0.01000146,0.00111340,0.578801,0.00210833,0.00337376,-0.00210563,-0.00337105,0.00210833,0.00337376,-0.00210563,-0.00337105,0.00000000,0.00000000,0.00000000,0.00000000,cmd,-93.7993,-3.5667,-43.4177,16.47364336,44.11540189,1342.0861
9.540000,4393248.840378,4259644.888405,1797435.597983,-38.770311,-38.363589,190.468582,0.99996397,-0.00007090,0.00825864,-0.00196173,-0.00008664,-0.13720816,-0.00165140,11.1100,1342.1041,1791.5675,0.00914942,0.00112142,0.578552,0.00210833,0.00337376,-0.00210563,-0.00337105,0.00210833,0.00337376,-0.00210563,-0.00337105,0.00000000,0.00000000,0.00000000,0.00000000,cmd,-93.7197,-3.5925,-40.1108,16.47366127,44.11540184,1342.1041
9.550000,4393248.452537,4259644.504616,1797437.502166,-38.798165,-38.394535,190.367934,0.99996957,-0.00007321,0.00754777,-0.00196863,-0.00011696,-0.14648011,-0.00117612,11.1100,1342.1216,1793.5486,0.00816355,0.00112459,0.578302,0.00210833,0.00337376,-0.00210563,-0.00337105,0.00210833,0.00337376,-0.00210563,-0.00337105,0.00000000,0.00000000,0.00000000,0.00000000,cmd,-93.6403,-3.5993,-36.2679,16.47367918,44.11540179,1342.1216
9.560000,4393248.064405,4259644.120505,1797439.405339,-38.828675,-38.428029,190.266375,0.99997493,-0.00007572,0.00680072,-0.00197321,-0.00014551,-0.15166031,-0.00072289,11.1100,1342.1383,1795.5289,0.00708332,0.00112297,0.578053,0.00210833,0.00337376,-0.00210563,-0.00337105,0.00210833,0.00337376,-0.00210563,-0.00337105,0.00000000,0.00000000,0.00000000,0.00000000,cmd,-93.5611,-3.5873,-32.0436,16.47369707,44.11540173,1342.1383
9.570000,4393247.675955,4259643.736047,1797441.307491,-38.861932,-38.464138,190.163864,0.99997982,-0.00007839,0.00603811,-0.00197560,-0.00017239,-0.15270956,-0.00030685,11.1100,1342.1544,1797.5084,0.00595016,0.00111678,0.577805,-0.00078431,0.00089154,0.00078875,-0.00088710,0.00210833,0.00337376,-0.00210563,-0.00337105,0.00000000,0.00000000,0.00000000,0.00000000,cmd,-93.4821,-3.5575,-27.6003,16.47371496,44.11540168,1342.1544
9.580000,4393247.287146,4259643.351204,1797443.208608,-38.900270,-38.504787,190.059534,0.99998430,-0.00008132,0.00524233,-0.00197888,-0.00022028,-0.16487808,-0.00107629,11.1100,1342.1697,1799.4870,0.00480595,0.00110639,0.577557,-0.00078431,0.00089154,0.00078875,-0.00088710,-0.00078431,0.00089154,0.00078875,-0.00088710,0.00000000,0.00000000,0.00000000,0.00000000,cmd,-93.4033,-3.2455,-19.6173,16.47373284,44.11540163,1342.1697
9.590000,4393246.897940,4259642.965942,1797445.108678,-38.941476,-38.548200,189.954167,0.99998836,-0.00008459,0.00439690,-0.00198601,-0.00026532,-0.17253718,-0.00184457,11.1100,1342.1843,1801.4647,0.00363136,0.00109918,0.577309,-0.00078431,0.00089154,0.00078875,-0.00088710,-0.00078431,0.00089154,0.00078875,-0.00088710,0.00000000,0.00000000,0.00000000,0.00000000,cmd,-93.3246,-3.2180,-15.0663,16.47375071,44.11540158,1342.1843
9.600000,4393246.508306,4259642.580231,1797447.007688,-38.985666,-38.594527,189.847697,0.99999179,-0.00008816,0.00352471,-0.00199692,-0.00030767,-0.17557517,-0.00258473,11.1100,1342.1980,1803.4417,0.00237864,0.00109973,0.577062,-0.00078431,0.00089154,0.00078875,-0.00088710,-0.00078431,0.00089154,0.00078875,-0.00088710,0.00000000,0.00000000,0.00000000,0.00000000,cmd,-93.2462,-3.2209,-10.1970,16.47376857,44.11540152,1342.1980
9.610000,4393246.118216,4259642.194041,1797448.905628,-39.032847,-38.643806,189.740098,0.99999446,-0.00009195,0.00264880,-0.00201140,-0.00034750,-0.17404768,-0.00327175,11.1100,1342.2107,1805.4177,0.00109461,0.00110775,0.576816,-0.00078431,0.00089154,0.00078875,-0.00088710,-0.00078431,0.00089154,0.00078875,-0.00088710,0.00000000,0.00000000,0.00000000,0.00000000,cmd,-93.1679,-3.2529,-5.1924,16.47378643,44.11540147,1342.2107
9.620000,4393245.727640,4259641.807345,1797450.802486,-39.082919,-38.695973,189.631388,0.99999633,-0.00009590,0.00179151,-0.00202914,-0.00038497,-0.16817403,-0.00388337,11.1100,1342.2226,1807.3930,-0.00017444,0.00112273,0.576569,-0.00078431,0.00089154,0.00078875,-0.00088710,-0.00078431,0.00089154,0.00078875,-0.00088710,0.00000000,0.00000000,0.00000000,0.00000000,cmd,-93.0897,-3.3116,-0.2330,16.47380428,44.11540142,1342.2226
9.630000,4393245.336549,4259641.420113,1797452.698252,-39.135683,-38.750861,189.521626,0.99999742,-0.00009996,0.00097372,-0.00204970,-0.00042025,-0.15831610,-0.00440073,11.1100,1342.2335,1809.3674,-0.00138439,0.00114389,0.576323,-0.00461612,-0.00311533,0.00462009,0.00311930,-0.00078431,0.00089154,0.00078875,-0.00088710,0.00000000,0.00000000,0.00000000,0.00000000,cmd,-93.0117,-3.3940,4.5096,16.47382212,44.11540136,1342.2335
9.640000,4393244.944903,4259641.032304,1797454.592909,-39.193944,-38.811344,189.409617,0.99999784,-0.00010417,0.00015906,-0.00207138,-0.00044744,-0.16690334,-0.00432773,11.1100,1342.2433,1811.3410,-0.00249478,0.00117030,0.576078,-0.00461612,-0.00311533,0.00462009,0.00311930,-0.00461612,-0.00311533,0.00462009,0.00311930,0.00000000,0.00000000,0.00000000,0.00000000,cmd,-92.9338,-3.6090,13.9253,16.47383996,44.11540131,1342.2433
9.650000,4393244.552662,4259640.643878,1797456.486441,-39.254652,-38.874320,189.296620,0.99999757,-0.00010858,-0.00068867,-0.00209244,-0.00047305,-0.17152582,-0.00416165,11.1100,1342.2521,1813.3137,-0.00355715,0.00119794,0.575832,-0.00461612,-0.00311533,0.00462009,0.00311930,-0.00461612,-0.00311533,0.00462009,0.00311930,0.00000000,0.00000000,0.00000000,0.00000000,cmd,-92.8561,-3.7127,18.0016,16.47385778,44.11540125,1342.2521
9.660000,4393244.159801,4259640.254809,1797458.378838,-39.317880,-38.939849,189.182594,0.99999656,-0.00011314,-0.00154953,-0.00211246,-0.00049717,-0.17216087,-0.00391144,11.1100,1342.2597,1815.2856,-0.00466675,0.00122393,0.575587,-0.00461612,-0.00311533,0.00462009,0.00311930,-0.00461612,-0.00311533,0.00462009,0.00311930,0.00000000,0.00000000,0.00000000,0.00000000,cmd,-92.7785,-3.8095,22.2729,16.47387560,44.11540120,1342.2597
9.670000,4393243.766296,4259639.865072,1797460.270090,-39.383608,-39.007895,189.067537,0.99999483,-0.00011781,-0.00240380,-0.00213104,-0.00051990,-0.16892575,-0.00358867,11.1100,1342.2662,1817.2567,-0.00578318,0.00124741,0.575342,-0.00461612,-0.00311533,0.00462009,0.00311930,-0.00461612,-0.00311533,0.00462009,0.00311930,0.00000000,0.00000000,0.00000000,0.00000000,cmd,-92.7010,-3.8959,26.5820,16.47389341,44.11540115,1342.2662
9.680000,4393243.372121,4259639.474643,1797462.160186,-39.451728,-39.078338,188.951484,0.99999246,-0.00012254,-0.00323272,-0.00214786,-0.00054132,-0.16206847,-0.00320702,11.1100,1342.2714,1819.2269,-0.00686718,0.00126766,0.575097,-0.00892837,-0.00778120,0.00892002,0.00777285,-0.00461612,-0.00311533,0.00462009,0.00311930,0.00000000,0.00000000,0.00000000,0.00000000,cmd,-92.6236,-3.9693,30.7761,16.47391122,44.11540109,1342.2714
9.690000,4393242.977237,4259639.083480,1797464.049109,-39.525498,-39.154586,188.832992,0.99998933,-0.00012703,-0.00408180,-0.00216021,-0.00040254,-0.17693435,-0.00181433,11.1100,1342.2754,1821.1963,-0.00788202,0.00128408,0.574853,-0.00892837,-0.00778120,0.00892002,0.00777285,-0.00892837,-0.00778120,0.00892002,0.00777285,0.00000000,0.00000000,0.00000000,0.00000000,cmd,-92.5464,-4.2541,40.4602,16.47392901,44.11540103,1342.2754
9.700000,4393242.581603,4259638.691543,1797465.936842,-39.601674,-39.233146,188.713483,0.99998517,-0.00013101,-0.00499537,-0.00216563,-0.00027184,-0.18781497,-0.00044716,11.1100,1342.2781,1823.1648,-0.00889369,0.00129036,0.574609,-0.00892837,-0.00778120,0.00892002,0.00777285,-0.00892837,-0.00778120,0.00892002,0.00777285,0.00000000,0.00000000,0.00000000,0.00000000,cmd,-92.4692,-4.2677,44.2662,16.47394680,44.11540098,1342.2781
9.710000,4393242.185195,4259638.298809,1797467.823375,-39.680500,-39.314191,188.592847,0.99997993,-0.00013449,-0.00595285,-0.00216436,-0.00014875,-0.19447060,0.00084792,11.1100,1342.2794,1825.1326,-0.01001605,0.00128284,0.574364,-0.01220768,-0.01070400,0.01220994,0.01070626,-0.00892837,-0.00778120,0.00892002,0.00777285,0.00000000,0.00000000,0.00000000,0.00000000,cmd,-92.3921,-4.2281,48.5122,16.47396458,44.11540092,1342.2794
9.720000,4393241.787971,4259637.905240,1797469.708690,-39.764721,-39.400051,188.469952,0.99997333,-0.00013788,-0.00697620,-0.00215932,-0.00016933,-0.21407629,0.00105592,11.1100,1342.2793,1827.0994,-0.01120630,0.00126225,0.574120,-0.01220768,-0.01070400,0.01220994,0.01070626,-0.01220768,-0.01070400,0.01220994,0.01070626,0.00000000,0.00000000,0.00000000,0.00000000,cmd,-92.3151,-3.9105,57.0046,16.47398236,44.11540087,1342.2793
9.730000,4393241.389890,4259637.510798,1797471.592769,-39.852035,-39.488770,188.345695,0.99996499,-0.00014156,-0.00808509,-0.00215347,-0.00018873,-0.22861909,0.00116539,11.1100,1342.2778,1829.0655,-0.01248918,0.00123563,0.573876,-0.01220768,-0.01070400,0.01220994,0.01070626,-0.01220768,-0.01070400,0.01220994,0.01070626,0.00000000,0.00000000,0.00000000,0.00000000,cmd,-92.2381,-3.8032,61.8087,16.47400012,44.11540081,1342.2778
9.740000,4393240.990919,4259637.115454,1797473.475599,-39.942725,-39.580623,188.219923,0.99995487,-0.00014546,-0.00925329,-0.00214731,-0.00020702,-0.23777035,0.00117601,11.1100,1342.2747,1831.0307,-0.01392000,0.00120791,0.573632,-0.01220768,-0.01070400,0.01220994,0.01070626,-0.01220768,-0.01070400,0.01220994,0.01070626,0.00000000,0.00000000,0.00000000,0.00000000,cmd,-92.1612,-3.6923,67.1987,16.47401788,44.11540075,1342.2747
9.750000,4393240.591024,4259636.719175,1797475.357162,-40.036943,-39.675758,188.092539,0.99994306,-0.00014952,-0.01045345,-0.00214133,-0.00022425,-0.24139966,0.00109085,11.1100,1342.2700,1832.9951,-0.01544414,0.00118008,0.573388,-0.01220768,-0.01070400,0.01220994,0.01070626,-0.01220768,-0.01070400,0.01220994,0.01070626,0.00000000,0.00000000,0.00000000,0.00000000,cmd,-92.0843,-3.5816,72.9639,16.47403563,44.11540070,1342.2700
9.760000,4393240.190168,4259636.321928,1797477.237444,-40.134711,-39.774203,187.963501,0.99992975,-0.00015366,-0.01165803,-0.00213600,-0.00024047,-0.23957200,0.00091622,11.1100,1342.2638,1834.9586,-0.01700565,0.00115312,0.573144,-0.01220768,-0.01070400,0.01220994,0.01070626,-0.01220768,-0.01070400,0.01220994,0.01070626,0.00000000,0.00000000,0.00000000,0.00000000,cmd,-92.0075,-3.4750,78.8885,16.47405338,44.11540064,1342.2638
9.770000,4393239.788318,4259635.923680,1797479.116427,-40.235921,-39.875864,187.832832,0.99991528,-0.00015782,-0.01284030,-0.00213175,-0.00025574,-0.23253842,0.00066129,11.1100,1342.2558,1836.9213,-0.01854923,0.00112792,0.572899,-0.01220768,-0.01070400,0.01220994,0.01070626,-0.01220768,-0.01070400,0.01220994,0.01070626,0.00000000,0.00000000,0.00000000,0.00000000,cmd,-91.9306,-3.3757,84.7589,16.47407111,44.11540058,1342.2558
9.780000,4393239.385439,4259635.524400,1797480.994095,-40.340350,-39.980540,187.700611,0.99990006,-0.00016193,-0.01397521,-0.00212896,-0.00027010,-0.22072061,0.00033767,11.1100,1342.2462,1838.8831,-0.02002209,0.00110530,0.572655,-0.01523395,-0.01388243,0.01523036,0.01387884,-0.01220768,-0.01070400,0.01220994,0.01070626,0.00000000,0.00000000,0.00000000,0.00000000,cmd,-91.8537,-3.2870,90.3711,16.47408884,44.11540052,1342.2462
9.790000,4393238.981489,4259635.124048,1797482.870429,-40.450043,-40.090345,187.565857,0.99988397,-0.00016586,-0.01508321,-0.00212689,-0.00020863,-0.22179533,0.00037120,11.1100,1342.2347,1840.8441,-0.02137571,0.00108595,0.572410,-0.01909124,-0.01790075,0.01909479,0.01790430,-0.01523395,-0.01388243,0.01523036,0.01387884,0.00000000,0.00000000,0.00000000,0.00000000,cmd,-91.7769,-3.3078,99.4731,16.47410656,44.11540046,1342.2347
9.800000,4393238.576414,4259634.722570,1797484.745401,-40.565537,-40.205800,187.428285,0.99986585,-0.00016984,-0.01624028,-0.00212369,-0.00024223,-0.24027846,0.00077794,11.1100,1342.2215,1842.8043,-0.02263510,0.00106793,0.572165,-0.01909124,-0.01790075,0.01909479,0.01790430,-0.01909124,-0.01790075,0.01909479,0.01790430,0.00000000,0.00000000,0.00000000,0.00000000,cmd,-91.6999,-3.3377,109.2031,16.47412427,44.11540041,1342.2215
9.810000,4393238.170169,4259634.319923,1797486.618989,-40.684057,-40.324074,187.289157,0.99984500,-0.00017419,-0.01747717,-0.00211866,-0.00027392,-0.25367649,0.00110148,11.1100,1342.2063,1844.7636,-0.02394812,0.00104756,0.571919,-0.01909124,-0.01790075,0.01909479,0.01790430,-0.01909124,-0.01790075,0.01909479,0.01790430,0.00000000,0.00000000,0.00000000,0.00000000,cmd,-91.6229,-3.2546,114.0428,16.47414198,44.11540035,1342.2063
9.820000,4393237.762722,4259633.916078,1797488.491178,-40.805860,-40.445403,187.148316,0.99982162,-0.00017882,-0.01876766,-0.00211222,-0.00030380,-0.26170272,0.00133364,11.1100,1342.1892,1846.7220,-0.02539750,0.00102393,0.571674,-0.01909124,-0.01790075,0.01909479,0.01790430,-0.01909124,-0.01790075,0.01909479,0.01790430,0.00000000,0.00000000,0.00000000,0.00000000,cmd,-91.5459,-3.1596,119.4191,16.47415968,44.11540029,1342.1892
9.830000,4393237.354040,4259633.511004,1797490.361950,-40.931072,-40.569901,187.005671,0.99979605,-0.00018367,-0.02008459,-0.00210486,-0.00033197,-0.26426494,0.00146966,11.1100,1342.1700,1848.6796,-0.02692882,0.00099798,0.571428,-0.01909124,-0.01790075,0.01909479,0.01790430,-0.01909124,-0.01790075,0.01909479,0.01790430,0.00000000,0.00000000,0.00000000,0.00000000,cmd,-91.4687,-3.0563,125.1238,16.47417736,44.11540023,1342.1700
9.840000,4393236.944089,4259633.104669,1797492.231285,-41.059695,-40.697566,186.861189,0.99976876,-0.00018867,-0.02140080,-0.00209705,-0.00035852,-0.26146145,0.00150828,11.1100,1342.1488,1850.6363,-0.02848673,0.00097066,0.571181,-0.01909124,-0.01790075,0.01909479,0.01790430,-0.01909124,-0.01790075,0.01909479,0.01790430,0.00000000,0.00000000,0.00000000,0.00000000,cmd,-91.3916,-2.9485,130.9447,16.47419505,44.11540017,1342.1488
9.850000,4393236.532835,4259632.697043,1797494.099167,-41.191605,-40.828280,186.714904,0.99974034,-0.00019373,-0.02269009,-0.00208930,-0.00038352,-0.25357083,0.00145159,11.1100,1342.1254,1852.5921,-0.03001684,0.00094297,0.570934,-0.01909124,-0.01790075,0.01909479,0.01790430,-0.01909124,-0.01790075,0.01909479,0.01790430,0.00000000,0.00000000,0.00000000,0.00000000,cmd,-91.3143,-2.8399,136.6733,16.47421272,44.11540011,1342.1254
9.860000,4393236.120247,4259632.288094,1797495.965578,-41.326568,-40.961821,186.566913,0.99971149,-0.00019880,-0.02392808,-0.00208207,-0.00040706,-0.24103595,0.00130490,11.1100,1342.0999,1854.5471,-0.03146760,0.00091586,0.570686,-0.02284541,-0.02168361,0.02284669,0.02168489,-0.01909124,-0.01790075,0.01909479,0.01790430,0.00000000,0.00000000,0.00000000,0.00000000,cmd,-91.2369,-2.7341,142.1118,16.47423039,44.11540005,1342.0999
9.870000,4393235.706280,4259631.877784,1797497.830493,-41.467153,-41.100708,186.415945,0.99968164,-0.00020385,-0.02514478,-0.00207558,-0.00040024,-0.24507269,0.00115349,11.1100,1342.0721,1856.5012,-0.03279191,0.00089024,0.570439,-0.02641004,-0.02549381,0.02641107,0.02549484,-0.02284541,-0.02168361,0.02284669,0.02168489,0.00000000,0.00000000,0.00000000,0.00000000,cmd,-91.1594,-2.6528,151.8254,16.47424804,44.11539999,1342.0721
9.880000,4393235.290881,4259631.466058,1797499.693884,-41.613137,-41.244897,186.262017,0.99964873,-0.00020899,-0.02642147,-0.00206837,-0.00039058,-0.26496667,0.00158607,11.1100,1342.0421,1858.4544,-0.03403024,0.00086647,0.570190,-0.02641004,-0.02549381,0.02641107,0.02549484,-0.02641004,-0.02549381,0.02641107,0.02549484,0.00000000,0.00000000,0.00000000,0.00000000,cmd,-91.0818,-2.7151,161.0142,16.47426569,44.11539993,1342.0421
9.890000,4393234.874007,4259631.052877,1797501.555728,-41.762096,-41.391830,186.106317,0.99961178,-0.00021432,-0.02778502,-0.00205922,-0.00038150,-0.27978248,0.00191799,11.1100,1342.0097,1860.4067,-0.03534611,0.00084099,0.569940,-0.02641004,-0.02549381,0.02641107,0.02549484,-0.02641004,-0.02549381,0.02641107,0.02549484,0.00000000,0.00000000,0.00000000,0.00000000,cmd,-91.0017,-2.6136,165.7981,16.47428334,44.11539987,1342.0097
9.900000,4393234.455628,4259630.638211,1797503.416004,-41.914325,-41.541783,185.948651,0.99957120,-0.00021977,-0.02920916,-0.00204866,-0.00037295,-0.28919622,0.00214144,11.1100,1341.9749,1862.3581,-0.03681228,0.00081216,0.569690,-0.02641004,-0.02549381,0.02641107,0.02549484,-0.02641004,-0.02549381,0.02641107,0.02549484,0.00000000,0.00000000,0.00000000,0.00000000,cmd,-90.9165,-2.5000,171.2335,16.47430097,44.11539981,1341.9749
9.910000,4393234.035710,4259630.222030,1797505.274694,-42.069981,-41.694897,185.788899,0.99952757,-0.00022527,-0.03066648,-0.00203725,-0.00036490,-0.29307280,0.00225259,11.1100,1341.9376,1864.3086,-0.03837389,0.00078108,0.569440,-0.02641004,-0.02549381,0.02641107,0.02549484,-0.02641004,-0.02549381,0.02641107,0.02549484,0.00000000,0.00000000,0.00000000,0.00000000,cmd,-90.8308,-2.3786,177.0515,16.47431860,44.11539975,1341.9376
9.920000,4393233.614217,4259629.804303,1797507.131775,-42.229086,-41.851194,185.627010,0.99948164,-0.00023075,-0.03212934,-0.00202556,-0.00035730,-0.29146899,0.00225153,11.1100,1341.8977,1866.2582,-0.03997484,0.00074889,0.569188,-0.02641004,-0.02549381,0.02641107,0.02549484,-0.02641004,-0.02549381,0.02641107,0.02549484,0.00000000,0.00000000,0.00000000,0.00000000,cmd,-90.7448,-2.2538,183.0352,16.47433621,44.11539969,1341.8977
9.930000,4393233.191117,4259629.384996,1797508.987227,-42.391539,-42.010580,185.463005,0.99943428,-0.00023614,-0.03357089,-0.00201415,-0.00035011,-0.28462456,0.00214221,11.1100,1341.8554,1868.2069,-0.04155959,0.00071670,0.568936,-0.02641004,-0.02549381,0.02641107,0.02549484,-0.02641004,-0.02549381,0.02641107,0.02549484,0.00000000,0.00000000,0.00000000,0.00000000,cmd,-90.6587,-2.1298,188.9696,16.47435382,44.11539963,1341.8554
9.940000,4393232.766376,4259628.964081,1797510.841028,-42.557123,-42.172852,185.296976,0.99938647,-0.00024137,-0.03496589,-0.00200354,-0.00034331,-0.27294765,0.00193207,11.1100,1341.8104,1870.1547,-0.04307507,0.00068562,0.568683,-0.02942576,-0.02873341,0.02942549,0.02873314,-0.02641004,-0.02549381,0.02641107,0.02549484,0.00000000,0.00000000,0.00000000,0.00000000,cmd,-90.5729,-2.0107,194.6493,16.47437142,44.11539957,1341.8104
9.950000,4393232.339953,4259628.541519,1797512.693154,-42.727814,-42.340102,185.127831,0.99933768,-0.00024648,-0.03633419,-0.00199271,-0.00032043,-0.27398300,0.00222858,11.1100,1341.7627,1872.1015,-0.04447233,0.00065666,0.568429,-0.02942576,-0.02873341,0.02942549,0.02873314,-0.02942576,-0.02873341,0.02942549,0.02873314,0.00000000,0.00000000,0.00000000,0.00000000,cmd,-90.4875,-2.0401,203.7924,16.47438902,44.11539951,1341.7627
9.960000,4393231.911810,4259628.117271,1797514.543579,-42.901196,-42.509809,184.956847,0.99928724,-0.00025152,-0.03769659,-0.00198066,-0.00029887,-0.27064477,0.00241607,11.1100,1341.7123,1874.0474,-0.04577525,0.00062711,0.568175,-0.03267267,-0.03195117,0.03267120,0.03194970,-0.02942576,-0.02873341,0.02942549,0.02873314,0.00000000,0.00000000,0.00000000,0.00000000,cmd,-90.4023,-1.9252,208.5920,16.47440660,44.11539945,1341.7123
9.970000,4393231.481909,4259627.691303,1797516.392278,-43.079611,-42.684212,184.782766,0.99923428,-0.00025646,-0.03907582,-0.00196813,-0.00026330,-0.28071363,0.00241437,11.1100,1341.6591,1875.9923,-0.04704449,0.00059566,0.567919,-0.03267267,-0.03195117,0.03267120,0.03194970,-0.03267267,-0.03195117,0.03267120,0.03194970,0.00000000,0.00000000,0.00000000,0.00000000,cmd,-90.3172,-1.7856,217.3025,16.47442418,44.11539938,1341.6591
9.980000,4393231.050209,4259627.263579,1797518.239228,-43.260670,-42.861023,184.606799,0.99917783,-0.00026129,-0.04049401,-0.00195586,-0.00022977,-0.28625531,0.00230644,11.1100,1341.6030,1877.9363,-0.04830763,0.00056390,0.567662,-0.03267267,-0.03195117,0.03267120,0.03194970,-0.03267267,-0.03195117,0.03267120,0.03194970,0.00000000,0.00000000,0.00000000,0.00000000,cmd,-90.2319,-1.6642,221.8840,16.47444174,44.11539932,1341.6030
9.990000,4393230.616686,4259626.834074,1797520.084408,-43.444438,-43.040314,184.428872,0.99911869,-0.00026596,-0.04192839,-0.00194437,-0.00019816,-0.28723531,0.00209951,11.1100,1341.5441,1879.8793,-0.04962708,0.00053322,0.567405,-0.03267267,-0.03195117,0.03267120,0.03194970,-0.03267267,-0.03195117,0.03267120,0.03194970,0.00000000,0.00000000,0.00000000,0.00000000,cmd,-90.1462,-1.5476,226.6922,16.47445930,44.11539926,1341.5441
10.000000,4393230.181312,4259626.402764,1797521.927799,-43.630877,-43.222062,184.248974,0.99905776,-0.00027040,-0.04335640,-0.00193412,-0.00016834,-0.28377329,0.00180391,11.1100,1341.4822,1881.8214,-0.05095662,0.00050461,0.567147,-0.03267267,-0.03195117,0.03267120,0.03194970,-0.03267267,-0.03195117,0.03267120,0.03194970,0.00000000,0.00000000,0.00000000,0.00000000,cmd,-90.0604,-1.4394,231.5494,16.47447685,44.11539920,1341.4822
10.010000,4393229.744060,4259625.969625,1797523.769381,-43.819853,-43.406151,184.067156,0.99899603,-0.00027458,-0.04475646,-0.00192554,-0.00014020,-0.27613355,0.00143260,11.1100,1341.4173,1883.7625,-0.05225125,0.00047897,0.566888,-0.03267267,-0.03195117,0.03267120,0.03194970,-0.03267267,-0.03195117,0.03267120,0.03194970,0.00000000,0.00000000,0.00000000,0.00000000,cmd,-89.9746,-1.3431,236.2828,16.47449439,44.11539914,1341.4173
10.020000,4393229.304907,4259625.534634,1797525.609136,-44.011140,-43.592382,183.883531,0.99893455,-0.00027844,-0.04610865,-0.00191898,-0.00011365,-0.26471108,0.00100061,11.1100,1341.3494,1885.7025,-0.05346868,0.00045706,0.566628,-0.03267267,-0.03195117,0.03267120,0.03194970,-0.03267267,-0.03195117,0.03267120,0.03194970,0.00000000,0.00000000,0.00000000,0.00000000,cmd,-89.8891,-1.2613,240.7300,16.47451192,44.11539908,1341.3494
10.030000,4393228.863831,4259625.097771,1797527.447046,-44.204434,-43.780484,183.698266,0.99887434,-0.00028193,-0.04739529,-0.00191470,-0.00008860,-0.25001372,0.00052447,11.1100,1341.2784,1887.6416,-0.05457061,0.00043949,0.566368,-0.03575292,-0.03486056,0.03574229,0.03484993,-0.03267267,-0.03195117,0.03267120,0.03194970,0.00000000,0.00000000,0.00000000,0.00000000,cmd,-89.8040,-1.1962,244.7439,16.47452944,44.11539901,1341.2784
10.040000,4393228.420801,4259624.659009,1797529.283090,-44.401667,-43.972222,183.510316,0.99881441,-0.00028477,-0.04864193,-0.00191399,0.00005058,-0.24875334,-0.00042959,11.1100,1341.2043,1889.5797,-0.05552390,0.00042670,0.566107,-0.03575292,-0.03486056,0.03574229,0.03484993,-0.03575292,-0.03486056,0.03574229,0.03484993,0.00000000,0.00000000,0.00000000,0.00000000,cmd,-89.7196,-1.0437,251.9000,16.47454696,44.11539895,1341.2043
10.050000,4393227.975792,4259624.218322,1797531.117248,-44.600365,-44.165378,183.321007,0.99875357,-0.00028667,-0.04987531,-0.00191799,0.00018177,-0.24475641,-0.00136854,11.1100,1341.1271,1891.5167,-0.05636514,0.00042168,0.565846,-0.03781939,-0.03739349,0.03782941,0.03740351,-0.03575292,-0.03486056,0.03574229,0.03484993,0.00000000,0.00000000,0.00000000,0.00000000,cmd,-89.6355,-1.0284,254.8544,16.47456446,44.11539889,1341.1271
10.060000,4393227.528782,4259623.775688,1797532.949501,-44.801942,-44.361706,183.129413,0.99869095,-0.00028853,-0.05111363,-0.00192349,0.00004528,-0.25075052,-0.00103243,11.1100,1341.0467,1893.4528,-0.05716620,0.00042604,0.565584,-0.03781939,-0.03739349,0.03782941,0.03740351,-0.03781939,-0.03739349,0.03782941,0.03740351,0.00000000,0.00000000,0.00000000,0.00000000,cmd,-89.5516,-1.3363,260.5212,16.47458196,44.11539883,1341.0467
10.070000,4393227.079749,4259623.331083,1797534.779832,-45.004892,-44.559375,182.936471,0.99862559,-0.00029118,-0.05237489,-0.00192730,-0.00008334,-0.25396601,-0.00068801,11.1100,1340.9631,1895.3878,-0.05795107,0.00043196,0.565321,-0.03781939,-0.03739349,0.03782941,0.03740351,-0.03781939,-0.03739349,0.03782941,0.03740351,0.00000000,0.00000000,0.00000000,0.00000000,cmd,-89.4676,-1.3554,263.2128,16.47459944,44.11539877,1340.9631
10.080000,4393226.628679,4259622.884496,1797536.608226,-45.209263,-44.758414,182.742136,0.99855816,-0.00029457,-0.05364514,-0.00192942,-0.00020456,-0.25438708,-0.00034678,11.1100,1340.8762,1897.3217,-0.05876883,0.00043448,0.565058,-0.03781939,-0.03739349,0.03782941,0.03740351,-0.03781939,-0.03739349,0.03782941,0.03740351,0.00000000,0.00000000,0.00000000,0.00000000,cmd,-89.3836,-1.3619,266.0357,16.47461692,44.11539870,1340.8762
10.090000,4393226.175559,4259622.435911,1797538.434670,-45.415039,-44.958793,182.546407,0.99848937,-0.00029862,-0.05491056,-0.00192990,-0.00031878,-0.25209139,-0.00001976,11.1100,1340.7861,1899.2546,-0.05959116,0.00043365,0.564795,-0.03781939,-0.03739349,0.03782941,0.03740351,-0.03781939,-0.03739349,0.03782941,0.03740351,0.00000000,0.00000000,0.00000000,0.00000000,cmd,-89.2995,-1.3558,268.8823,16.47463439,44.11539864,1340.7861
10.100000,4393225.720374,4259621.985315,1797540.259149,-45.622149,-45.160428,182.349323,0.99841999,-0.00030327,-0.05615798,-0.00192884,-0.00042641,-0.24724417,0.00028291,11.1100,1340.6926,1901.1865,-0.06039057,0.00042959,0.564531,-0.03781939,-0.03739349,0.03782941,0.03740351,-0.03781939,-0.03739349,0.03782941,0.03740351,0.00000000,0.00000000,0.00000000,0.00000000,cmd,-89.2155,-1.3378,271.6478,16.47465184,44.11539858,1340.6926
10.110000,4393225.263112,4259621.532698,1797542.081652,-45.830466,-45.363185,182.150963,0.99835078,-0.00030847,-0.05737524,-0.00192638,-0.00052783,-0.24008965,0.00055225,11.1100,1340.5959,1903.1172,-0.06114121,0.00042256,0.564267,-0.03781939,-0.03739349,0.03782941,0.03740351,-0.03781939,-0.03739349,0.03782941,0.03740351,0.00000000,0.00000000,0.00000000,0.00000000,cmd,-89.1318,-1.3089,274.2339,16.47466929,44.11539852,1340.5959
10.120000,4393224.803761,4259621.078049,1797543.902165,-46.039819,-45.566885,181.951439,0.99828248,-0.00031415,-0.05855158,-0.00192271,-0.00062338,-0.23094021,0.00078069,11.1100,1340.4958,1905.0469,-0.06181973,0.00041288,0.564003,-0.03781939,-0.03739349,0.03782941,0.03740351,-0.03781939,-0.03739349,0.03782941,0.03740351,0.00000000,0.00000000,0.00000000,0.00000000,cmd,-89.0484,-1.2703,276.5520,16.47468673,44.11539846,1340.4958
10.130000,4393224.342313,4259620.621358,1797545.720677,-46.249996,-45.771316,181.750896,0.99821579,-0.00032026,-0.05967795,-0.00191806,-0.00071340,-0.22016362,0.00096228,11.1100,1340.3923,1906.9756,-0.06240596,0.00040097,0.563739,-0.03861299,-0.03817210,0.03861118,0.03817029,-0.03781939,-0.03739349,0.03782941,0.03740351,0.00000000,0.00000000,0.00000000,0.00000000,cmd,-88.9655,-1.2237,278.5253,16.47470416,44.11539839,1340.3923
10.140000,4393223.878757,4259620.162618,1797547.537178,-46.461333,-45.976783,181.549157,0.99815066,-0.00032638,-0.06075775,-0.00191274,-0.00065022,-0.21235744,0.00105371,11.1100,1340.2855,1908.9031,-0.06288344,0.00038729,0.563475,-0.03861299,-0.03817210,0.03861118,0.03817029,-0.03861299,-0.03817210,0.03861118,0.03817029,0.00000000,0.00000000,0.00000000,0.00000000,cmd,-88.8832,-1.1617,281.0489,16.47472157,44.11539833,1340.2855
10.150000,4393223.413085,4259619.701821,1797549.351658,-46.673051,-46.182543,181.346704,0.99808693,-0.00033213,-0.06179597,-0.00190708,-0.00059068,-0.20358113,0.00109373,11.1100,1340.1753,1910.8295,-0.06325642,0.00037254,0.563211,-0.03861299,-0.03817210,0.03861118,0.03817029,-0.03861299,-0.03817210,0.03861118,0.03817029,0.00000000,0.00000000,0.00000000,0.00000000,cmd,-88.8015,-1.1055,282.2032,16.47473898,44.11539827,1340.1753
10.160000,4393222.945295,4259619.238967,1797551.164110,-46.884955,-46.388408,181.143674,0.99802498,-0.00033751,-0.06278857,-0.00190135,-0.00053456,-0.19415516,0.00108261,11.1100,1340.0617,1912.7549,-0.06354096,0.00035735,0.562947,-0.03861299,-0.03817210,0.03861118,0.03817029,-0.03861299,-0.03817210,0.03861118,0.03817029,0.00000000,0.00000000,0.00000000,0.00000000,cmd,-88.7203,-1.0480,283.0266,16.47475638,44.11539821,1340.0617
10.170000,4393222.475386,4259618.774054,1797552.974530,-47.096840,-46.594181,180.940216,0.99796512,-0.00034252,-0.06373315,-0.00189579,-0.00048167,-0.18441053,0.00102234,11.1100,1339.9446,1914.6791,-0.06373052,0.00034224,0.562684,-0.03861299,-0.03817210,0.03861118,0.03817029,-0.03861299,-0.03817210,0.03861118,0.03817029,0.00000000,0.00000000,0.00000000,0.00000000,cmd,-88.6397,-0.9911,283.4940,16.47477377,44.11539814,1339.9446
10.180000,4393222.003359,4259618.307084,1797554.782914,-47.308498,-46.799663,180.736484,0.99790751,-0.00034715,-0.06462894,-0.00189065,-0.00043181,-0.17467751,0.00091645,11.1100,1339.8242,1916.6022,-0.06382189,0.00032770,0.562421,-0.03861299,-0.03817210,0.03861118,0.03817029,-0.03861299,-0.03817210,0.03861118,0.03817029,0.00000000,0.00000000,0.00000000,0.00000000,cmd,-88.5598,-0.9367,283.5932,16.47479115,44.11539808,1339.8242
10.190000,4393221.529217,4259617.838062,1797556.589259,-47.519721,-47.004663,180.532629,0.99785225,-0.00035141,-0.06547681,-0.00188613,-0.00038481,-0.16527480,0.00076986,11.1100,1339.7004,1918.5242,-0.06381521,0.00031419,0.562159,-0.03861299,-0.03817210,0.03861118,0.03817029,-0.03861299,-0.03817210,0.03861118,0.03817029,0.00000000,0.00000000,0.00000000,0.00000000,cmd,-88.4806,-0.8864,283.3246,16.47480851,44.11539802,1339.7004
10.200000,4393221.052967,4259617.366993,1797558.393566,-47.730316,-47.208999,180.328798,0.99779928,-0.00035530,-0.06627917,-0.00188244,-0.00034051,-0.15649938,0.00058865,11.1100,1339.5731,1920.4451,-0.06371386,0.00030213,0.561898,-0.03861299,-0.03817210,0.03861118,0.03817029,-0.03861299,-0.03817210,0.03861118,0.03817029,0.00000000,0.00000000,0.00000000,0.00000000,cmd,-88.4021,-0.8418,282.7005,16.47482587,44.11539796,1339.5731
10.210000,4393220.574614,4259616.893885,1797560.195836,-47.940101,-47.412507,180.125125,0.99774846,-0.00035883,-0.06703985,-0.00187972,-0.00029875,-0.14861755,0.00037987,11.1100,1339.4425,1922.3649,-0.06352421,0.00029187,0.561637,-0.03906102,-0.03863299,0.03905679,0.03862876,-0.03861299,-0.03817210,0.03861118,0.03817029,0.00000000,0.00000000,0.00000000,0.00000000,cmd,-88.3244,-0.8040,281.7449,16.47484322,44.11539789,1339.4425
10.220000,4393220.094166,4259616.418745,1797561.996069,-48.149242,-47.615365,179.921525,0.99769914,-0.00036196,-0.06776992,-0.00187801,-0.00022945,-0.14427048,0.00018455,11.1100,1339.3085,1924.2835,-0.06325534,0.00028368,0.561378,-0.03906102,-0.03863299,0.03905679,0.03862876,-0.03906102,-0.03863299,0.03905679,0.03862876,0.00000000,0.00000000,0.00000000,0.00000000,cmd,-88.2473,-0.7819,281.0434,16.47486056,44.11539783,1339.3085
10.230000,4393219.611632,4259615.941581,1797563.794268,-48.357322,-47.817170,179.718275,0.99765057,-0.00036465,-0.06848122,-0.00187728,-0.00016413,-0.14112091,-0.00002433,11.1100,1339.1710,1926.2011,-0.06292814,0.00027756,0.561120,-0.03906102,-0.03863299,0.03905679,0.03862876,-0.03906102,-0.03863299,0.03905679,0.03862876,0.00000000,0.00000000,0.00000000,0.00000000,cmd,-88.1709,-0.7596,279.5592,16.47487789,44.11539777,1339.1710
10.240000,4393219.127023,4259615.462405,1797565.590436,-48.564285,-48.017877,179.515420,0.99760237,-0.00036692,-0.06917991,-0.00187760,-0.00010257,-0.13923101,-0.00023962,11.1100,1339.0303,1928.1175,-0.06256968,0.00027349,0.560863,-0.03906102,-0.03863299,0.03905679,0.03862876,-0.03906102,-0.03863299,0.03905679,0.03862876,0.00000000,0.00000000,0.00000000,0.00000000,cmd,-88.0950,-0.7449,277.9569,16.47489520,44.11539771,1339.0303
10.250000,4393218.640351,4259614.981227,1797567.384577,-48.770101,-48.217469,179.312984,0.99755410,-0.00036881,-0.06987233,-0.00187898,-0.00004455,-0.13861954,-0.00045417,11.1100,1338.8862,1930.0327,-0.06219271,0.00027156,0.560607,-0.03906102,-0.03863299,0.03905679,0.03862876,-0.03906102,-0.03863299,0.03905679,0.03862876,0.00000000,0.00000000,0.00000000,0.00000000,cmd,-88.0197,-0.7381,276.2841,16.47491251,44.11539764,1338.8862
10.260000,4393218.151625,4259614.498059,1797569.176697,-48.974770,-48.415954,179.110972,0.99750535,-0.00037035,-0.07056481,-0.00188139,0.00001013,-0.13926275,-0.00066110,11.1100,1338.7387,1931.9469,-0.06181019,0.00027175,0.560352,-0.03812862,-0.03752931,0.03812365,0.03752434,-0.03906102,-0.03863299,0.03905679,0.03862876,0.00000000,0.00000000,0.00000000,0.00000000,cmd,-87.9448,-0.7391,274.5893,16.47492981,44.11539758,1338.7387
10.270000,4393217.660862,4259614.012915,1797570.966800,-49.177646,-48.612593,178.909836,0.99745664,-0.00037143,-0.07124995,-0.00188588,0.00007087,-0.13570158,-0.00129562,11.1100,1338.5880,1933.8599,-0.06143482,0.00027399,0.560099,-0.03812862,-0.03752931,0.03812365,0.03752434,-0.03812862,-0.03752931,0.03812365,0.03752434,0.00000000,0.00000000,0.00000000,0.00000000,cmd,-87.8702,-0.6441,271.6864,16.47494709,44.11539752,1338.5880
10.280000,4393217.168076,4259613.525811,1797572.754895,-49.379352,-48.808143,178.709143,0.99740849,-0.00037197,-0.07192060,-0.00189343,0.00012814,-0.13346932,-0.00188733,11.1100,1338.4339,1935.7718,-0.06105736,0.00028083,0.559847,-0.03812862,-0.03752931,0.03812365,0.03752434,-0.03812862,-0.03752931,0.03812365,0.03752434,0.00000000,0.00000000,0.00000000,0.00000000,cmd,-87.7962,-0.6715,270.0335,16.47496437,44.11539746,1338.4339
10.290000,4393216.673279,4259613.036756,1797574.540985,-49.579845,-49.002590,178.508922,0.99736046,-0.00037202,-0.07258346,-0.00190376,0.00018213,-0.13259352,-0.00241845,11.1100,1338.2766,1937.6825,-0.06065793,0.00029358,0.559596,-0.03812862,-0.03752931,0.03812365,0.03752434,-0.03812862,-0.03752931,0.03812365,0.03752434,0.00000000,0.00000000,0.00000000,0.00000000,cmd,-87.7227,-0.7202,268.2972,16.47498164,44.11539739,1338.2766
10.300000,4393216.176483,4259612.545763,1797576.325075,-49.779112,-49.195942,178.309181,0.99731205,-0.00037163,-0.07324528,-0.00191654,0.00023303,-0.13305657,-0.00287377,11.1100,1338.1160,1939.5921,-0.06025026,0.00031166,0.559347,-0.03678296,-0.03609649,0.03678115,0.03609468,-0.03812862,-0.03752931,0.03812365,0.03752434,0.00000000,0.00000000,0.00000000,0.00000000,cmd,-87.6496,-0.7880,266.5287,16.47499889,44.11539733,1338.1160
10.310000,4393215.677706,4259612.052846,1797578.107173,-49.976212,-49.387244,178.110548,0.99726414,-0.00037087,-0.07389425,-0.00193193,0.00024224,-0.12747569,-0.00346494,11.1100,1337.9522,1941.5006,-0.05984793,0.00033429,0.559098,-0.03678296,-0.03609649,0.03678115,0.03609468,-0.03678296,-0.03609649,0.03678115,0.03609468,0.00000000,0.00000000,0.00000000,0.00000000,cmd,-87.5769,-0.8196,263.1045,16.47501614,44.11539727,1337.9522
10.320000,4393215.176963,4259611.558022,1797579.887288,-50.172030,-49.577441,177.912442,0.99721761,-0.00036982,-0.07451907,-0.00195000,0.00025094,-0.12339614,-0.00394750,11.1100,1337.7852,1943.4080,-0.05943498,0.00036197,0.558851,-0.03678296,-0.03609649,0.03678115,0.03609468,-0.03678296,-0.03609649,0.03678115,0.03609468,0.00000000,0.00000000,0.00000000,0.00000000,cmd,-87.5048,-0.9224,261.3478,16.47503338,44.11539721,1337.7852
10.330000,4393214.674270,4259611.061301,1797581.665424,-50.366491,-49.766476,177.714920,0.99717193,-0.00036853,-0.07512744,-0.00197019,0.00025914,-0.12089978,-0.00430939,11.1100,1337.6150,1945.3143,-0.05898137,0.00039450,0.558606,-0.03587337,-0.03507016,0.03586814,0.03506493,-0.03678296,-0.03609649,0.03678115,0.03609468,0.00000000,0.00000000,0.00000000,0.00000000,cmd,-87.4332,-1.0423,259.4383,16.47505060,44.11539714,1337.6150
10.340000,4393214.169642,4259610.562700,1797583.441590,-50.558908,-49.953617,177.518465,0.99712747,-0.00036689,-0.07571458,-0.00199261,0.00030871,-0.11491253,-0.00484181,11.1100,1337.4416,1947.2194,-0.05850313,0.00043068,0.558362,-0.03587337,-0.03507016,0.03586814,0.03506493,-0.03587337,-0.03507016,0.03586814,0.03506493,0.00000000,0.00000000,0.00000000,0.00000000,cmd,-87.3622,-1.1045,256.2689,16.47506782,44.11539708,1337.4416
10.350000,4393213.663097,4259610.062233,1797585.215796,-50.749841,-50.139509,177.322698,0.99708461,-0.00036479,-0.07627631,-0.00201731,0.00035544,-0.11073539,-0.00522705,11.1100,1337.2650,1949.1234,-0.05799647,0.00047101,0.558119,-0.03587337,-0.03507016,0.03586814,0.03506493,-0.03587337,-0.03507016,0.03586814,0.03506493,0.00000000,0.00000000,0.00000000,0.00000000,cmd,-87.2918,-1.2526,254.1823,16.47508502,44.11539702,1337.2650
10.360000,4393213.154650,4259609.559914,1797586.988047,-50.939217,-50.324096,177.127676,0.99704267,-0.00036231,-0.07682187,-0.00204353,0.00039949,-0.10844301,-0.00545760,11.1100,1337.0854,1951.0263,-0.05744818,0.00051520,0.557877,-0.03587337,-0.03507016,0.03586814,0.03506493,-0.03587337,-0.03507016,0.03586814,0.03506493,0.00000000,0.00000000,0.00000000,0.00000000,cmd,-87.2219,-1.4136,251.9389,16.47510222,44.11539696,1337.0854
10.370000,4393212.644317,4259609.055755,1797588.758352,-51.127008,-50.507356,176.933425,0.99700095,-0.00035954,-0.07736072,-0.00207050,0.00044102,-0.10804648,-0.00553119,11.1100,1336.9026,1952.9280,-0.05687736,0.00056168,0.557637,-0.03587337,-0.03507016,0.03586814,0.03506493,-0.03587337,-0.03507016,0.03586814,0.03506493,0.00000000,0.00000000,0.00000000,0.00000000,cmd,-87.1527,-1.5820,249.6093,16.47511940,44.11539689,1336.9026
10.380000,4393212.132115,4259608.549771,1797590.526718,-51.313228,-50.689300,176.739944,0.99695874,-0.00035658,-0.07790220,-0.00209743,0.00048017,-0.10949509,-0.00545071,11.1100,1336.7168,1954.8287,-0.05630321,0.00060889,0.557398,-0.03587337,-0.03507016,0.03586814,0.03506493,-0.03587337,-0.03507016,0.03586814,0.03506493,0.00000000,0.00000000,0.00000000,0.00000000,cmd,-87.0838,-1.7520,247.2645,16.47513658,44.11539683,1336.7168
10.390000,4393211.618058,4259608.041974,1797592.293153,-51.497931,-50.869973,176.547199,0.99691531,-0.00035351,-0.07845527,-0.00212357,0.00051708,-0.11268017,-0.00522390,11.1100,1336.5279,1956.7282,-0.05574442,0.00065527,0.557161,-0.03526569,-0.03410918,0.03527270,0.03411619,-0.03587337,-0.03507016,0.03586814,0.03506493,0.00000000,0.00000000,0.00000000,0.00000000,cmd,-87.0154,-1.9179,244.9734,16.47515374,44.11539677,1336.5279
10.400000,4393211.102163,4259607.532379,1797594.057666,-51.680788,-51.048790,176.355499,0.99687081,-0.00035060,-0.07901801,-0.00215051,0.00040313,-0.11337888,-0.00576250,11.1100,1336.3360,1958.6266,-0.05521856,0.00069935,0.556924,-0.03526569,-0.03410918,0.03527270,0.03411619,-0.03526569,-0.03410918,0.03527270,0.03411619,0.00000000,0.00000000,0.00000000,0.00000000,cmd,-86.9473,-1.8638,241.8709,16.47517090,44.11539670,1336.3360
10.410000,4393210.584447,4259607.021002,1797595.820265,-51.862260,-51.226477,176.164445,0.99682539,-0.00034808,-0.07958811,-0.00217976,0.00029568,-0.11562465,-0.00613662,11.1100,1336.1411,1960.5239,-0.05472557,0.00074528,0.556690,-0.03526569,-0.03410918,0.03527270,0.03411619,-0.03526569,-0.03410918,0.03527270,0.03411619,0.00000000,0.00000000,0.00000000,0.00000000,cmd,-86.8795,-2.0307,239.8361,16.47518804,44.11539664,1336.1411
10.420000,4393210.064922,4259606.507853,1797597.580957,-52.042402,-51.403100,175.973994,0.99677845,-0.00034599,-0.08017299,-0.00221049,0.00019436,-0.11929311,-0.00633942,11.1100,1335.9432,1962.4201,-0.05425595,0.00079505,0.556456,-0.03526569,-0.03410918,0.03527270,0.03411619,-0.03526569,-0.03410918,0.03527270,0.03411619,0.00000000,0.00000000,0.00000000,0.00000000,cmd,-86.8120,-2.2104,237.8849,16.47520518,44.11539658,1335.9432
10.430000,4393209.543603,4259605.992943,1797599.339747,-52.221304,-51.578750,175.784082,0.99672943,-0.00034439,-0.08077932,-0.00224183,0.00009880,-0.12421828,-0.00636985,11.1100,1335.7423,1964.3151,-0.05382411,0.00084692,0.556224,-0.03526569,-0.03410918,0.03527270,0.03411619,-0.03526569,-0.03410918,0.03527270,0.03411619,0.00000000,0.00000000,0.00000000,0.00000000,cmd,-86.7447,-2.3965,236.0705,16.47522230,44.11539651,1335.7423
10.440000,4393209.020500,4259605.476281,1797601.096640,-52.399082,-51.753533,175.594624,0.99667781,-0.00034334,-0.08141289,-0.00227293,0.00000868,-0.13019929,-0.00623246,11.1100,1335.5385,1966.2091,-0.05344275,0.00089915,0.555992,-0.03392787,-0.03247795,0.03392656,0.03247664,-0.03526569,-0.03410918,0.03527270,0.03411619,0.00000000,0.00000000,0.00000000,0.00000000,cmd,-86.6777,-2.5827,234.4396,16.47523942,44.11539645,1335.5385
10.450000,4393208.495629,4259604.957880,1797602.851644,-52.574944,-51.926464,175.406222,0.99662474,-0.00034244,-0.08205915,-0.00230482,0.00002418,-0.12932158,-0.00668052,11.1100,1335.3317,1968.1019,-0.05312253,0.00095004,0.555762,-0.03392787,-0.03247795,0.03392656,0.03247664,-0.03392787,-0.03247795,0.03392656,0.03247664,0.00000000,0.00000000,0.00000000,0.00000000,cmd,-86.6107,-2.5889,231.2641,16.47525652,44.11539639,1335.3317
10.460000,4393207.969005,4259604.437754,1797604.604766,-52.749843,-52.098697,175.218160,0.99657141,-0.00034131,-0.08270329,-0.00233848,0.00003882,-0.12936085,-0.00694695,11.1100,1335.1220,1969.9937,-0.05284159,0.00100249,0.555533,-0.03313820,-0.03153701,0.03314607,0.03154488,-0.03392787,-0.03247795,0.03392656,0.03247664,0.00000000,0.00000000,0.00000000,0.00000000,cmd,-86.5441,-2.7775,230.0353,16.47527362,44.11539632,1335.1220
10.470000,4393207.440638,4259603.915912,1797606.356010,-52.923243,-52.269612,175.030839,0.99651839,-0.00034021,-0.08333872,-0.00237399,-0.00005800,-0.12584876,-0.00741187,11.1100,1334.9095,1971.8843,-0.05256158,0.00105761,0.555305,-0.03313820,-0.03153701,0.03314607,0.03154488,-0.03313820,-0.03153701,0.03314607,0.03154488,0.00000000,0.00000000,0.00000000,0.00000000,cmd,-86.4777,-2.8848,227.7886,16.47529070,44.11539626,1334.9095
10.480000,4393206.910543,4259603.392364,1797608.105384,-53.095642,-52.439816,174.843890,0.99646622,-0.00033940,-0.08395912,-0.00241136,-0.00014932,-0.12335524,-0.00767638,11.1100,1334.6940,1973.7738,-0.05227403,0.00111591,0.555078,-0.03313820,-0.03153701,0.03314607,0.03154488,-0.03313820,-0.03153701,0.03314607,0.03154488,0.00000000,0.00000000,0.00000000,0.00000000,cmd,-86.4118,-3.0939,226.5540,16.47530778,44.11539620,1334.6940
10.490000,4393206.378729,4259602.867118,1797609.852890,-53.266999,-52.609275,174.657347,0.99641450,-0.00033893,-0.08456971,-0.00244959,-0.00023547,-0.12192572,-0.00773845,11.1100,1334.4757,1975.6623,-0.05196177,0.00117692,0.554852,-0.03313820,-0.03153701,0.03314607,0.03154488,-0.03313820,-0.03153701,0.03314607,0.03154488,0.00000000,0.00000000,0.00000000,0.00000000,cmd,-86.3462,-3.3114,225.2274,16.47532484,44.11539613,1334.4757
10.500000,4393205.845207,4259602.340181,1797611.598532,-53.437299,-52.777972,174.471228,0.99636277,-0.00033889,-0.08517582,-0.00248766,-0.00031674,-0.12157009,-0.00760260,11.1100,1334.2546,1977.5496,-0.05163558,0.00123859,0.554627,-0.03313820,-0.03153701,0.03314607,0.03154488,-0.03313820,-0.03153701,0.03314607,0.03154488,0.00000000,0.00000000,0.00000000,0.00000000,cmd,-86.2811,-3.5300,223.8483,16.47534190,44.11539607,1334.2546
10.510000,4393205.309986,4259601.811561,1797613.342316,-53.606553,-52.945904,174.285534,0.99631061,-0.00033934,-0.08578275,-0.00252462,-0.00039342,-0.12226352,-0.00727954,11.1100,1334.0306,1979.4358,-0.05130634,0.00129893,0.554402,-0.03313820,-0.03153701,0.03314607,0.03154488,-0.03313820,-0.03153701,0.03314607,0.03154488,0.00000000,0.00000000,0.00000000,0.00000000,cmd,-86.2163,-3.7425,222.4564,16.47535894,44.11539600,1334.0306
10.520000,4393204.773079,4259601.281265,1797615.084244,-53.774797,-53.113088,174.100248,0.99625756,-0.00034035,-0.08639561,-0.00255956,-0.00046577,-0.12394854,-0.00678564,11.1100,1333.8038,1981.3209,-0.05098467,0.00135605,0.554179,-0.03313820,-0.03153701,0.03314607,0.03154488,-0.03313820,-0.03153701,0.03314607,0.03154488,0.00000000,0.00000000,0.00000000,0.00000000,cmd,-86.1518,-3.9423,221.0905,16.47537598,44.11539594,1333.8038
10.530000,4393204.234494,4259600.749302,1797616.824322,-53.942089,-53.279552,173.915338,0.99620321,-0.00034199,-0.08701912,-0.00259168,-0.00053403,-0.12653793,-0.00614214,11.1100,1333.5742,1983.2049,-0.05068060,0.00140822,0.553957,-0.03306610,-0.03142437,0.03306284,0.03142111,-0.03313820,-0.03153701,0.03314607,0.03154488,0.00000000,0.00000000,0.00000000,0.00000000,cmd,-86.0876,-4.1232,219.7871,16.47539300,44.11539587,1333.5742
10.540000,4393203.694240,4259600.215677,1797618.562552,-54.108455,-53.445261,173.730807,0.99614728,-0.00034394,-0.08765626,-0.00262053,-0.00046520,-0.12941697,-0.00547623,11.1100,1333.3418,1985.0878,-0.05040329,0.00145394,0.553736,-0.03306610,-0.03142437,0.03306284,0.03142111,-0.03306610,-0.03142437,0.03306284,0.03142111,0.00000000,0.00000000,0.00000000,0.00000000,cmd,-86.0235,-4.2563,218.4646,16.47541001,44.11539581,1333.3418
10.550000,4393203.152327,4259599.680398,1797620.298939,-54.274032,-53.610344,173.546555,0.99608952,-0.00034592,-0.08830944,-0.00264576,-0.00040027,-0.13297448,-0.00470935,11.1100,1333.1066,1986.9696,-0.05015874,0.00149254,0.553515,-0.03260820,-0.03072998,0.03260914,0.03073091,-0.03306610,-0.03142437,0.03306284,0.03142111,0.00000000,0.00000000,0.00000000,0.00000000,cmd,-85.9597,-4.3875,217.3779,16.47542702,44.11539574,1333.1066
10.560000,4393202.608763,4259599.143474,1797622.033485,-54.438609,-53.774395,173.362799,0.99603028,-0.00034796,-0.08897437,-0.00266845,-0.00038914,-0.13413934,-0.00446275,11.1100,1332.8686,1988.8503,-0.04995071,0.00152338,0.553296,-0.03260820,-0.03072998,0.03260914,0.03073091,-0.03260820,-0.03072998,0.03260914,0.03073091,0.00000000,0.00000000,0.00000000,0.00000000,cmd,-85.8961,-4.3513,215.7483,16.47544401,44.11539567,1332.8686
10.570000,4393202.063557,4259598.604912,1797623.766195,-54.602543,-53.937920,173.179232,0.99596996,-0.00035010,-0.08964638,-0.00268970,-0.00037865,-0.13582450,-0.00414196,11.1100,1332.6279,1990.7299,-0.04977314,0.00154935,0.553077,-0.03260820,-0.03072998,0.03260914,0.03073091,-0.03260820,-0.03072998,0.03260914,0.03073091,0.00000000,0.00000000,0.00000000,0.00000000,cmd,-85.8326,-4.4391,214.9173,16.47546100,44.11539561,1332.6279
10.580000,4393201.516715,4259598.064718,1797625.497071,-54.765883,-54.100948,172.995824,0.99590833,-0.00035236,-0.09032789,-0.00270919,-0.00036874,-0.13795844,-0.00375961,11.1100,1332.3845,1992.6084,-0.04961309,0.00157209,0.552859,-0.03260820,-0.03072998,0.03260914,0.03073091,-0.03260820,-0.03072998,0.03260914,0.03073091,0.00000000,0.00000000,0.00000000,0.00000000,cmd,-85.7694,-4.5149,214.1495,16.47547797,44.11539554,1332.3845
10.590000,4393200.968241,4259597.522895,1797627.226112,-54.928686,-54.263516,172.812539,0.99584518,-0.00035480,-0.09102093,-0.00272664,-0.00035940,-0.14045776,-0.00332985,11.1100,1332.1383,1994.4858,-0.04947509,0.00159097,0.552642,-0.03260820,-0.03072998,0.03260914,0.03073091,-0.03260820,-0.03072998,0.03260914,0.03073091,0.00000000,0.00000000,0.00000000,0.00000000,cmd,-85.7063,-4.5766,213.4612,16.47549494,44.11539547,1332.1383
10.600000,4393200.418142,4259596.979449,1797628.953322,-55.091016,-54.425668,172.629334,0.99578034,-0.00035743,-0.09172709,-0.00274186,-0.00035059,-0.14323025,-0.00286788,11.1100,1331.8894,1996.3621,-0.04936282,0.00160551,0.552426,-0.03260820,-0.03072998,0.03260914,0.03073091,-0.03260820,-0.03072998,0.03260914,0.03073091,0.00000000,0.00000000,0.00000000,0.00000000,cmd,-85.6434,-4.6226,212.8661,16.47551189,44.11539541,1331.8894
10.610000,4393199.866422,4259596.434383,1797630.678699,-55.252942,-54.587449,172.446165,0.99571369,-0.00036027,-0.09244748,-0.00275471,-0.00034228,-0.14617815,-0.00238938,11.1100,1331.6377,1998.2372,-0.04927903,0.00161541,0.552210,-0.03168509,-0.02967421,0.03168106,0.02967018,-0.03260820,-0.03072998,0.03260914,0.03073091,0.00000000,0.00000000,0.00000000,0.00000000,cmd,-85.5807,-4.6519,212.3742,16.47552884,44.11539534,1331.6377
10.620000,4393199.313088,4259595.887704,1797632.402247,-55.413910,-54.748209,172.263463,0.99564630,-0.00036307,-0.09317012,-0.00276599,-0.00027534,-0.14415681,-0.00224115,11.1100,1331.3834,2000.1113,-0.04922548,0.00162049,0.551995,-0.03168509,-0.02967421,0.03168106,0.02967018,-0.03168509,-0.02967421,0.03168106,0.02967018,0.00000000,0.00000000,0.00000000,0.00000000,cmd,-85.5182,-4.5864,210.8319,16.47554577,44.11539527,1331.3834
10.630000,4393198.758145,4259595.339420,1797634.123968,-55.574536,-54.908634,172.080762,0.99557929,-0.00036559,-0.09388310,-0.00277648,-0.00021216,-0.14232954,-0.00209047,11.1100,1331.1263,2001.9843,-0.04918313,0.00162274,0.551781,-0.03104674,-0.02927126,0.03104616,0.02927068,-0.03168509,-0.02967421,0.03168106,0.02967018,0.00000000,0.00000000,0.00000000,0.00000000,cmd,-85.4559,-4.5900,210.5142,16.47556270,44.11539520,1331.1263
10.640000,4393198.201600,4259594.789534,1797635.843864,-55.734358,-55.068435,171.898343,0.99551321,-0.00036808,-0.09458094,-0.00278475,-0.00019353,-0.13811218,-0.00135569,11.1100,1330.8665,2003.8561,-0.04912265,0.00162345,0.551567,-0.03104674,-0.02927126,0.03104616,0.02927068,-0.03104674,-0.02927126,0.03104616,0.02927068,0.00000000,0.00000000,0.00000000,0.00000000,cmd,-85.3939,-4.7255,209.5253,16.47557961,44.11539513,1330.8665
10.650000,4393197.643460,4259594.238053,1797637.561936,-55.893760,-55.227782,171.716013,0.99544857,-0.00037076,-0.09525869,-0.00278945,-0.00017597,-0.13429388,-0.00065775,11.1100,1330.6041,2005.7269,-0.04903620,0.00161909,0.551354,-0.03104674,-0.02927126,0.03104616,0.02927068,-0.03104674,-0.02927126,0.03104616,0.02927068,0.00000000,0.00000000,0.00000000,0.00000000,cmd,-85.3322,-4.7029,209.0608,16.47559652,44.11539506,1330.6041
10.660000,4393197.083727,4259593.684980,1797639.278185,-56.052689,-55.386594,171.533830,0.99538520,-0.00037362,-0.09591861,-0.00279079,-0.00015941,-0.13098113,-0.00001747,11.1100,1330.3390,2007.5965,-0.04891150,0.00160769,0.551142,-0.03104674,-0.02927126,0.03104616,0.02927068,-0.03104674,-0.02927126,0.03104616,0.02927068,0.00000000,0.00000000,0.00000000,0.00000000,cmd,-85.2709,-4.6556,208.4580,16.47561341,44.11539499,1330.3390
10.670000,4393196.522407,4259593.130323,1797640.992613,-56.211097,-55.544801,171.351847,0.99532285,-0.00037665,-0.09656344,-0.00278914,-0.00014380,-0.12826093,0.00054681,11.1100,1330.0712,2009.4650,-0.04875369,0.00158986,0.550931,-0.03104674,-0.02927126,0.03104616,0.02927068,-0.03104674,-0.02927126,0.03104616,0.02927068,0.00000000,0.00000000,0.00000000,0.00000000,cmd,-85.2101,-4.5859,207.7353,16.47563030,44.11539492,1330.0712
10.680000,4393195.959507,4259592.574086,1797642.705222,-56.368950,-55.702346,171.170104,0.99526126,-0.00037983,-0.09719631,-0.00278489,-0.00012908,-0.12619878,0.00101980,11.1100,1329.8007,2011.3324,-0.04856879,0.00156635,0.550720,-0.03104674,-0.02927126,0.03104616,0.02927068,-0.03104674,-0.02927126,0.03104616,0.02927068,0.00000000,0.00000000,0.00000000,0.00000000,cmd,-85.1495,-4.4966,206.9142,16.47564717,44.11539485,1329.8007
10.690000,4393195.395030,4259592.016278,1797644.416016,-56.526224,-55.859190,170.988632,0.99520011,-0.00038311,-0.09782061,-0.00277853,-0.00011519,-0.12483724,0.00138958,11.1100,1329.5276,2013.1988,-0.04836347,0.00153808,0.550510,-0.03104674,-0.02927126,0.03104616,0.02927068,-0.03104674,-0.02927126,0.03104616,0.02927068,0.00000000,0.00000000,0.00000000,0.00000000,cmd,-85.0893,-4.3911,206.0188,16.47566404,44.11539478,1329.5276
10.700000,4393194.828984,4259591.456905,1797646.124996,-56.682906,-56.015308,170.807449,0.99513907,-0.00038646,-0.09843989,-0.00277060,-0.00010208,-0.12419548,0.00164787,11.1100,1329.2518,2015.0640,-0.04814485,0.00150610,0.550301,-0.03104674,-0.02927126,0.03104616,0.02927068,-0.03104674,-0.02927126,0.03104616,0.02927068,0.00000000,0.00000000,0.00000000,0.00000000,cmd,-85.0295,-4.2732,205.0744,16.47568089,44.11539471,1329.2518
10.710000,4393194.261374,4259590.895974,1797647.832166,-56.838996,-56.170691,170.626562,0.99507778,-0.00038985,-0.09905771,-0.00276167,-0.00008972,-0.12426939,0.00179020,11.1100,1328.9734,2016.9280,-0.04792022,0.00147154,0.550093,-0.03104674,-0.02927126,0.03104616,0.02927068,-0.03104674,-0.02927126,0.03104616,0.02927068,0.00000000,0.00000000,0.00000000,0.00000000,cmd,-84.9699,-4.1469,204.1074,16.47569774,44.11539464,1328.9734
10.720000,4393193.692206,4259590.333494,1797649.537528,-56.994505,-56.325349,170.445967,0.99501590,-0.00039322,-0.09967760,-0.00275231,-0.00007804,-0.12503252,0.00181587,11.1100,1328.6923,2018.7910,-0.04769682,0.00143555,0.549885,-0.03104674,-0.02927126,0.03104616,0.02927068,-0.03104674,-0.02927126,0.03104616,0.02927068,0.00000000,0.00000000,0.00000000,0.00000000,cmd,-84.9106,-4.0163,203.1437,16.47571457,44.11539457,1328.6923
10.730000,4393193.121486,4259589.769470,1797651.241086,-57.149455,-56.479304,170.265646,0.99495309,-0.00039654,-0.10030287,-0.00274310,-0.00006701,-0.12643768,0.00172787,11.1100,1328.4087,2020.6529,-0.04748164,0.00139932,0.549678,-0.02950456,-0.02788732,0.02949885,0.02788160,-0.03104674,-0.02927126,0.03104616,0.02927068,0.00000000,0.00000000,0.00000000,0.00000000,cmd,-84.8515,-3.8856,202.2083,16.47573140,44.11539450,1328.4087
10.740000,4393192.549224,4259589.203914,1797652.942846,-57.302846,-56.631708,170.086298,0.99489090,-0.00039965,-0.10091811,-0.00273360,0.00000383,-0.12104054,0.00192369,11.1100,1328.1224,2022.5137,-0.04728116,0.00136400,0.549472,-0.02950456,-0.02788732,0.02949885,0.02788160,-0.02950456,-0.02788732,0.02949885,0.02788160,0.00000000,0.00000000,0.00000000,0.00000000,cmd,-84.7927,-3.8504,199.6281,16.47574821,44.11539443,1328.1224
10.750000,4393191.975431,4259588.636838,1797654.642813,-57.455654,-56.783383,169.907258,0.99483087,-0.00040241,-0.10150843,-0.00272339,0.00007072,-0.11645412,0.00200225,11.1100,1327.8335,2024.3733,-0.04707230,0.00132826,0.549267,-0.02950456,-0.02788732,0.02949885,0.02788160,-0.02950456,-0.02788732,0.02949885,0.02788160,0.00000000,0.00000000,0.00000000,0.00000000,cmd,-84.7342,-3.7210,198.7479,16.47576502,44.11539436,1327.8335
10.760000,4393191.400113,4259588.068249,1797656.340992,-57.607798,-56.934254,169.728597,0.99477260,-0.00040481,-0.10207817,-0.00271306,0.00013388,-0.11279484,0.00196482,11.1100,1327.5421,2026.2319,-0.04681749,0.00129171,0.549063,-0.02768508,-0.02617460,0.02768089,0.02617042,-0.02950456,-0.02788732,0.02949885,0.02788160,0.00000000,0.00000000,0.00000000,0.00000000,cmd,-84.6762,-3.5895,197.7018,16.47578181,44.11539428,1327.5421
10.770000,4393190.823284,4259587.498161,1797658.037391,-57.758008,-57.083172,169.551246,0.99471791,-0.00040687,-0.10261001,-0.00270252,0.00017556,-0.10128063,0.00207942,11.1100,1327.2481,2028.0893,-0.04652615,0.00125554,0.548860,-0.02768508,-0.02617460,0.02768089,0.02617042,-0.02768508,-0.02617460,0.02768089,0.02617042,0.00000000,0.00000000,0.00000000,0.00000000,cmd,-84.6185,-3.5218,194.4849,16.47579860,44.11539421,1327.2481
10.780000,4393190.244956,4259586.926589,1797659.732019,-57.907328,-57.231067,169.374479,0.99466851,-0.00040860,-0.10308802,-0.00269170,0.00021492,-0.09120552,0.00207787,11.1100,1326.9515,2029.9456,-0.04617382,0.00121926,0.548658,-0.02768508,-0.02617460,0.02768089,0.02617042,-0.02768508,-0.02617460,0.02768089,0.02617042,0.00000000,0.00000000,0.00000000,0.00000000,cmd,-84.5614,-3.3914,193.1277,16.47581537,44.11539414,1326.9515
10.790000,4393189.665141,4259586.353544,1797661.424883,-58.055577,-57.377768,169.198454,0.99462367,-0.00040999,-0.10352005,-0.00268117,0.00025208,-0.08283689,0.00196394,11.1100,1326.6525,2031.8009,-0.04572009,0.00118300,0.548456,-0.02768508,-0.02617460,0.02768089,0.02617042,-0.02768508,-0.02617460,0.02768089,0.02617042,0.00000000,0.00000000,0.00000000,0.00000000,cmd,-84.5050,-3.2619,191.4056,16.47583214,44.11539407,1326.6525
10.800000,4393189.083849,4259585.779038,1797663.115991,-58.202605,-57.523139,169.023298,0.99458250,-0.00041102,-0.10391512,-0.00267146,0.00028719,-0.07638007,0.00174480,11.1100,1326.3509,2033.6550,-0.04518230,0.00114789,0.548256,-0.02768508,-0.02617460,0.02768089,0.02617042,-0.02768508,-0.02617460,0.02768089,0.02617042,0.00000000,0.00000000,0.00000000,0.00000000,cmd,-84.4491,-3.1371,189.3799,16.47584889,44.11539399,1326.3509
10.810000,4393188.501093,4259585.203086,1797664.805352,-58.348302,-57.667087,168.849105,0.99454400,-0.00041166,-0.10428312,-0.00266308,0.00032034,-0.07197404,0.00143066,11.1100,1326.0468,2035.5081,-0.04457988,0.00111499,0.548057,-0.02768508,-0.02617460,0.02768089,0.02617042,-0.02768508,-0.02617460,0.02768089,0.02617042,0.00000000,0.00000000,0.00000000,0.00000000,cmd,-84.3938,-3.0208,187.1196,16.47586564,44.11539392,1326.0468
10.820000,4393187.916887,4259584.625701,1797666.492976,-58.492595,-57.809557,168.675935,0.99450712,-0.00041191,-0.10463446,-0.00265646,0.00035165,-0.06968927,0.00103438,11.1100,1325.7402,2037.3600,-0.04393362,0.00108527,0.547859,-0.02555059,-0.02424826,0.02555976,0.02425743,-0.02768508,-0.02617460,0.02768089,0.02617042,0.00000000,0.00000000,0.00000000,0.00000000,cmd,-84.3390,-2.9161,184.6985,16.47588237,44.11539385,1325.7402
10.830000,4393187.331253,4259584.046906,1797668.178879,-58.634050,-57.949325,168.504821,0.99447341,-0.00041223,-0.10495446,-0.00265074,0.00022540,-0.05941336,0.00108156,11.1100,1325.4313,2039.2109,-0.04326502,0.00105955,0.547662,-0.02555059,-0.02424826,0.02555976,0.02425743,-0.02555059,-0.02424826,0.02555976,0.02425743,0.00000000,0.00000000,0.00000000,0.00000000,cmd,-84.2846,-2.9456,179.8673,16.47589910,44.11539377,1325.4313
10.840000,4393186.744211,4259583.466720,1797669.863077,-58.773946,-58.087479,168.334872,0.99444436,-0.00041304,-0.10522946,-0.00264507,0.00010617,-0.05162809,0.00105276,11.1100,1325.1199,2041.0607,-0.04255602,0.00103542,0.547466,-0.02346343,-0.02232523,0.02347119,0.02233299,-0.02555059,-0.02424826,0.02555976,0.02425743,0.00000000,0.00000000,0.00000000,0.00000000,cmd,-84.2308,-2.8591,177.2601,16.47591581,44.11539370,1325.1199
10.850000,4393186.155786,4259582.885168,1797671.545586,-58.910784,-58.222688,168.167199,0.99442131,-0.00041431,-0.10544728,-0.00263879,0.00001009,-0.03648569,0.00135358,11.1100,1324.8061,2042.9094,-0.04176906,0.00101165,0.547271,-0.02346343,-0.02232523,0.02347119,0.02233299,-0.02346343,-0.02232523,0.02347119,0.02233299,0.00000000,0.00000000,0.00000000,0.00000000,cmd,-84.1776,-2.8684,172.0683,16.47593252,44.11539363,1324.8061
10.860000,4393185.566002,4259582.302273,1797673.226426,-59.045729,-58.355949,168.000995,0.99440538,-0.00041599,-0.10559751,-0.00263131,-0.00008066,-0.02449544,0.00156758,11.1100,1324.4899,2044.7570,-0.04089187,0.00098651,0.547078,-0.02346343,-0.02232523,0.02347119,0.02233299,-0.02346343,-0.02232523,0.02347119,0.02233299,0.00000000,0.00000000,0.00000000,0.00000000,cmd,-84.1252,-2.7774,168.8977,16.47594921,44.11539355,1324.4899
10.870000,4393184.974879,4259581.718056,1797674.905611,-59.178584,-58.487066,167.836434,0.99439488,-0.00041807,-0.10569655,-0.00262305,-0.00016637,-0.01592778,0.00169105,11.1100,1324.1715,2046.6036,-0.03989429,0.00095927,0.546887,-0.02346343,-0.02232523,0.02347119,0.02233299,-0.02346343,-0.02232523,0.02347119,0.02233299,0.00000000,0.00000000,0.00000000,0.00000000,cmd,-84.0734,-2.6796,165.2921,16.47596590,44.11539348,1324.1715
10.880000,4393184.382438,4259581.132539,1797676.583160,-59.309218,-58.615910,167.673632,0.99438796,-0.00042052,-0.10576184,-0.00261447,-0.00024731,-0.01093799,0.00172320,11.1100,1323.8508,2048.4492,-0.03881105,0.00093083,0.546696,-0.02346343,-0.02232523,0.02347119,0.02233299,-0.02346343,-0.02232523,0.02347119,0.02233299,0.00000000,0.00000000,0.00000000,0.00000000,cmd,-84.0224,-2.5782,161.3742,16.47598258,44.11539340,1323.8508
10.890000,4393183.788702,4259580.545746,1797678.259090,-59.437567,-58.742420,167.512645,0.99438272,-0.00042331,-0.10581131,-0.00260600,-0.00032376,-0.00956519,0.00166609,11.1100,1323.5279,2050.2937,-0.03767843,0.00090212,0.546507,-0.02346343,-0.02232523,0.02347119,0.02233299,-0.02346343,-0.02232523,0.02347119,0.02233299,0.00000000,0.00000000,0.00000000,0.00000000,cmd,-83.9719,-2.4765,157.2723,16.47599925,44.11539333,1323.5279
10.900000,4393183.193694,4259579.957699,1797679.933419,-59.563635,-58.866607,167.353470,0.99437726,-0.00042642,-0.10586282,-0.00259806,-0.00039598,-0.01173493,0.00152442,11.1100,1323.2027,2052.1371,-0.03653307,0.00087403,0.546319,-0.02053698,-0.01945074,0.02053845,0.01945221,-0.02346343,-0.02232523,0.02347119,0.02233299,0.00000000,0.00000000,0.00000000,0.00000000,cmd,-83.9219,-2.3774,153.1160,16.47601590,44.11539325,1323.2027
10.910000,4393182.597446,4259579.368430,1797681.606172,-59.685585,-58.986737,167.197487,0.99437358,-0.00042959,-0.10589755,-0.00259073,-0.00039151,-0.00284467,0.00143208,11.1100,1322.8754,2053.9795,-0.03541085,0.00084741,0.546133,-0.02053698,-0.01945074,0.02053845,0.01945221,-0.02053698,-0.01945074,0.02053845,0.01945221,0.00000000,0.00000000,0.00000000,0.00000000,cmd,-83.8722,-2.3137,145.7156,16.47603255,44.11539318,1322.8754
10.920000,4393181.999990,4259578.777972,1797683.277375,-59.805292,-59.104594,167.043297,0.99437362,-0.00043258,-0.10589726,-0.00258406,-0.00038728,0.00233510,0.00126537,11.1100,1322.5460,2055.8210,-0.03428933,0.00082224,0.545948,-0.02053698,-0.01945074,0.02053845,0.01945221,-0.02053698,-0.01945074,0.02053845,0.01945221,0.00000000,0.00000000,0.00000000,0.00000000,cmd,-83.8212,-2.2252,141.7310,16.47604919,44.11539310,1322.5460
10.930000,4393181.401348,4259578.186346,1797684.947045,-59.922691,-59.220122,166.890953,0.99437542,-0.00043540,-0.10588056,-0.00257840,-0.00038327,0.00376115,0.00103178,11.1100,1322.2145,2057.6614,-0.03311612,0.00079876,0.545765,-0.01689592,-0.01604817,0.01689894,0.01605118,-0.02053698,-0.01945074,0.02053845,0.01945221,0.00000000,0.00000000,0.00000000,0.00000000,cmd,-83.7690,-2.1431,137.5884,16.47606582,44.11539303,1322.2145
10.940000,4393180.801556,4259577.593587,1797686.615209,-60.035405,-59.331200,166.742198,0.99438162,-0.00043815,-0.10582238,-0.00257261,-0.00039729,0.01895987,0.00132097,11.1100,1321.8810,2059.5008,-0.03192923,0.00077764,0.545582,-0.01689592,-0.01604817,0.01689894,0.01605118,-0.01689592,-0.01604817,0.01689894,0.01605118,0.00000000,0.00000000,0.00000000,0.00000000,cmd,-83.7172,-2.2054,129.3752,16.47608245,44.11539295,1321.8810
10.950000,4393180.200648,4259576.999730,1797688.281895,-60.145648,-59.439790,166.595432,0.99439476,-0.00044094,-0.10569905,-0.00256561,-0.00041053,0.02992367,0.00153476,11.1100,1321.5455,2061.3392,-0.03069768,0.00075591,0.545401,-0.01689592,-0.01604817,0.01689894,0.01605118,-0.01689592,-0.01604817,0.01689894,0.01605118,0.00000000,0.00000000,0.00000000,0.00000000,cmd,-83.6659,-2.1274,125.0912,16.47609906,44.11539288,1321.5455
10.960000,4393179.598651,4259576.404800,1797689.947124,-60.253254,-59.545722,166.450797,0.99441250,-0.00044376,-0.10553218,-0.00255777,-0.00042302,0.03644799,0.00166896,11.1100,1321.2081,2063.1766,-0.02935590,0.00073205,0.545222,-0.01689592,-0.01604817,0.01689894,0.01605118,-0.01689592,-0.01604817,0.01689894,0.01605118,0.00000000,0.00000000,0.00000000,0.00000000,cmd,-83.6150,-2.0425,120.4137,16.47611566,44.11539280,1321.2081
10.970000,4393178.995592,4259575.808825,1797691.610918,-60.358137,-59.648912,166.308363,0.99443247,-0.00044665,-0.10534407,-0.00254947,-0.00043481,0.03847259,0.00172197,11.1100,1320.8688,2065.0131,-0.02794890,0.00070685,0.545043,-0.01689592,-0.01604817,0.01689894,0.01605118,-0.01689592,-0.01604817,0.01689894,0.01605118,0.00000000,0.00000000,0.00000000,0.00000000,cmd,-83.5645,-1.9534,115.4980,16.47613226,44.11539273,1320.8688
10.980000,4393178.391498,4259575.211831,1797693.273299,-60.460297,-59.749359,166.168128,0.99445229,-0.00044960,-0.10515692,-0.00254112,-0.00044594,0.03607869,0.00169471,11.1100,1320.5276,2066.8487,-0.02652226,0.00068112,0.544866,-0.01689592,-0.01604817,0.01689894,0.01605118,-0.01689592,-0.01604817,0.01689894,0.01605118,0.00000000,0.00000000,0.00000000,0.00000000,cmd,-83.5144,-1.8630,110.5016,16.47614884,44.11539265,1320.5276
10.990000,4393177.786395,4259574.613847,1797694.934288,-60.559812,-59.847142,166.030025,0.99446971,-0.00045263,-0.10499225,-0.00253310,-0.00045645,0.02948171,0.00159059,11.1100,1320.1847,2068.6832,-0.02512072,0.00065568,0.544690,-0.01689592,-0.01604817,0.01689894,0.01605118,-0.01689592,-0.01604817,0.01689894,0.01605118,0.00000000,0.00000000,0.00000000,0.00000000,cmd,-83.4647,-1.7741,105.5793,16.47616542,44.11539258,1320.1847
11.000000,4393177.180310,4259574.014897,1797696.593906,-60.656837,-59.942418,165.893922,0.99448261,-0.00045574,-0.10487014,-0.00252575,-0.00046637,0.01902018,0.00141523,11.1100,1319.8401,2070.5169,-0.02378683,0.00063130,0.544515,-0.01689592,-0.01604817,0.01689894,0.01605118,-0.01689592,-0.01604817,0.01689894,0.01605118,0.00000000,0.00000000,0.00000000,0.00000000,cmd,-83.4153,-1.6893,100.8784,16.47618199,44.11539250,1319.8401
11.010000,4393176.573266,4259573.415006,1797698.252173,-60.751599,-60.035415,165.759635,0.99448910,-0.00045894,-0.10480876,-0.00251942,-0.00047575,0.00514107,0.00117627,11.1100,1319.4937,2072.3496,-0.02255965,0.00060870,0.544342,-0.01689592,-0.01604817,0.01689894,0.01605118,-0.01689592,-0.01604817,0.01689894,0.01605118,0.00000000,0.00000000,0.00000000,0.00000000,cmd,-83.3663,-1.6111,96.5347,16.47619855,44.11539242,1319.4937
11.020000,4393175.965285,4259572.814195,1797699.909104,-60.844380,-60.126419,165.626927,0.99448753,-0.00046225,-0.10482378,-0.00251439,-0.00048461,-0.01161772,0.00088306,11.1100,1319.1456,2074.1815,-0.02147375,0.00058852,0.544169,-0.01689592,-0.01604817,0.01689894,0.01605118,-0.01689592,-0.01604817,0.01689894,0.01605118,0.00000000,0.00000000,0.00000000,0.00000000,cmd,-83.3176,-1.5416,92.6681,16.47621511,44.11539235,1319.1456
11.030000,4393175.356384,4259572.212483,1797701.564716,-60.935515,-60.215765,165.495528,0.99447654,-0.00046566,-0.10492805,-0.00251089,-0.00049298,-0.03064700,0.00054633,11.1100,1318.7959,2076.0124,-0.02055819,0.00057130,0.543997,-0.01689592,-0.01604817,0.01689894,0.01605118,-0.01689592,-0.01604817,0.01689894,0.01605118,0.00000000,0.00000000,0.00000000,0.00000000,cmd,-83.2691,-1.4827,89.3803,16.47623165,44.11539227,1318.7959
11.040000,4393174.746579,4259571.609884,1797703.219018,-61.025374,-60.303827,165.365134,0.99445508,-0.00046917,-0.10513122,-0.00250910,-0.00050088,-0.05128760,0.00017777,11.1100,1318.4446,2077.8424,-0.01983587,0.00055748,0.543825,-0.01078027,-0.00988466,0.01078346,0.00988786,-0.01689592,-0.01604817,0.01689894,0.01605118,0.00000000,0.00000000,0.00000000,0.00000000,cmd,-83.2209,-1.4358,86.7515,16.47624819,44.11539220,1318.4446
11.050000,4393174.135899,4259571.006429,1797704.872035,-61.110398,-60.387150,165.238434,0.99443042,-0.00047257,-0.10536420,-0.00250948,-0.00051039,-0.04265954,-0.00032578,11.1100,1318.0917,2079.6715,-0.01932298,0.00054738,0.543654,-0.01078027,-0.00988466,0.01078346,0.00988786,-0.01078027,-0.00988466,0.01078346,0.00988786,0.00000000,0.00000000,0.00000000,0.00000000,cmd,-83.1730,-1.3747,77.8952,16.47626472,44.11539212,1318.0917
11.060000,4393173.524374,4259570.402144,1797706.523789,-61.194526,-60.469596,165.112431,0.99440987,-0.00047565,-0.10555795,-0.00251240,-0.00051937,-0.03554687,-0.00083052,11.1100,1317.7373,2081.4997,-0.01891087,0.00054190,0.543485,-0.00753608,-0.00678069,0.00753124,0.00677586,-0.01078027,-0.00988466,0.01078346,0.00988786,0.00000000,0.00000000,0.00000000,0.00000000,cmd,-83.1253,-1.3574,76.4673,16.47628124,44.11539204,1317.7373
11.070000,4393172.912022,4259569.797050,1797708.174294,-61.275529,-60.549126,164.988782,0.99439673,-0.00047819,-0.10568149,-0.00251697,-0.00043646,-0.01451164,-0.00098278,11.1100,1317.3814,2083.3271,-0.01842705,0.00054152,0.543315,-0.00753608,-0.00678069,0.00753124,0.00677586,-0.00753608,-0.00678069,0.00753124,0.00677586,0.00000000,0.00000000,0.00000000,0.00000000,cmd,-83.0778,-1.4367,71.1989,16.47629775,44.11539197,1317.3814
11.080000,4393172.298867,4259569.191166,1797709.823568,-61.355199,-60.627380,164.866176,0.99439408,-0.00048001,-0.10570634,-0.00252226,-0.00035807,0.00406168,-0.00112279,11.1100,1317.0240,2085.1536,-0.01782769,0.00054399,0.543147,-0.00753608,-0.00678069,0.00753124,0.00677586,-0.00753608,-0.00678069,0.00753124,0.00677586,0.00000000,0.00000000,0.00000000,0.00000000,cmd,-83.0305,-1.4450,69.1906,16.47631426,44.11539189,1317.0240
11.090000,4393171.684924,4259568.584507,1797711.471622,-61.433205,-60.704043,164.744877,0.99440047,-0.00048116,-0.10564601,-0.00252822,-0.00028395,0.01968111,-0.00124675,11.1100,1316.6652,2086.9792,-0.01704070,0.00054786,0.542979,-0.00753608,-0.00678069,0.00753124,0.00677586,-0.00753608,-0.00678069,0.00753124,0.00677586,0.00000000,0.00000000,0.00000000,0.00000000,cmd,-82.9835,-1.4580,66.5308,16.47633075,44.11539181,1316.6652
11.100000,4393171.070210,4259567.977091,1797713.118471,-61.509274,-60.778857,164.625098,0.99441424,-0.00048172,-0.10551618,-0.00253474,-0.00021388,0.03196131,-0.00135145,11.1100,1316.3050,2088.8040,-0.01609609,0.00055297,0.542811,-0.00753608,-0.00678069,0.00753124,0.00677586,-0.00753608,-0.00678069,0.00753124,0.00677586,0.00000000,0.00000000,0.00000000,0.00000000,cmd,-82.9366,-1.4751,63.3211,16.47634724,44.11539174,1316.3050
11.110000,4393170.454746,4259567.368937,1797714.764130,-61.583200,-60.851626,164.507001,0.99443352,-0.00048175,-0.10533418,-0.00254172,-0.00014764,0.04063193,-0.00143438,11.1100,1315.9434,2090.6279,-0.01502776,0.00055911,0.542645,-0.00753608,-0.00678069,0.00753124,0.00677586,-0.00753608,-0.00678069,0.00753124,0.00677586,0.00000000,0.00000000,0.00000000,0.00000000,cmd,-82.8900,-1.4957,59.6770,16.47636372,44.11539166,1315.9434
11.120000,4393169.838553,4259566.760066,1797716.408617,-61.654846,-60.922222,164.390688,0.99445633,-0.00048134,-0.10511838,-0.00254904,-0.00008501,0.04554214,-0.00149373,11.1100,1315.5805,2092.4510,-0.01387232,0.00056607,0.542479,-0.00624226,-0.00542050,0.00624498,0.00542322,-0.00753608,-0.00678069,0.00753124,0.00677586,0.00000000,0.00000000,0.00000000,0.00000000,cmd,-82.8436,-1.5190,55.7235,16.47638020,44.11539158,1315.5805
11.130000,4393169.221661,4259566.150504,1797718.051953,-61.723321,-60.989740,164.276850,0.99448239,-0.00048069,-0.10487143,-0.00255699,-0.00011130,0.05313390,-0.00168788,11.1100,1315.2162,2094.2732,-0.01266789,0.00057362,0.542313,-0.00624226,-0.00542050,0.00624498,0.00542322,-0.00624226,-0.00542050,0.00624498,0.00542322,0.00000000,0.00000000,0.00000000,0.00000000,cmd,-82.7975,-1.5068,50.1020,16.47639667,44.11539151,1315.2162
11.140000,4393168.604095,4259565.540279,1797719.694160,-61.789368,-61.054951,164.164904,0.99451131,-0.00048001,-0.10459659,-0.00256586,-0.00013616,0.05674644,-0.00184929,11.1100,1314.8507,2096.0946,-0.01142763,0.00058248,0.542149,-0.00385093,-0.00297286,0.00384940,0.00297133,-0.00624226,-0.00542050,0.00624498,0.00542322,0.00000000,0.00000000,0.00000000,0.00000000,cmd,-82.7515,-1.5371,45.8649,16.47641312,44.11539143,1314.8507
11.150000,4393167.985889,4259564.929421,1797721.335263,-61.851409,-61.116299,164.056047,0.99454410,-0.00047912,-0.10428412,-0.00257579,-0.00011165,0.06822562,-0.00210916,11.1100,1314.4840,2097.9152,-0.01015155,0.00059297,0.541985,-0.00385093,-0.00297286,0.00384940,0.00297133,-0.00385093,-0.00297286,0.00384940,0.00297133,0.00000000,0.00000000,0.00000000,0.00000000,cmd,-82.7058,-1.5411,38.7723,16.47642958,44.11539135,1314.4840
11.160000,4393167.367076,4259564.317961,1797722.975288,-61.910849,-61.175191,163.949199,0.99458163,-0.00047787,-0.10392526,-0.00258692,-0.00008849,0.07537664,-0.00232318,11.1100,1314.1161,2099.7350,-0.00883366,0.00060554,0.541821,-0.00385093,-0.00297286,0.00384940,0.00297133,-0.00385093,-0.00297286,0.00384940,0.00297133,0.00000000,0.00000000,0.00000000,0.00000000,cmd,-82.6602,-1.5843,34.3004,16.47644602,44.11539128,1314.1161
11.170000,4393166.747681,4259563.705925,1797724.614254,-61.967583,-61.231531,163.844431,0.99462160,-0.00047634,-0.10354178,-0.00259899,-0.00006659,0.07811884,-0.00248632,11.1100,1313.7470,2101.5541,-0.00744417,0.00062025,0.541658,-0.00385093,-0.00297286,0.00384940,0.00297133,-0.00385093,-0.00297286,0.00384940,0.00297133,0.00000000,0.00000000,0.00000000,0.00000000,cmd,-82.6149,-1.6345,29.5703,16.47646246,44.11539120,1313.7470
11.180000,4393166.127733,4259563.093339,1797726.252183,-62.021589,-61.285305,163.741750,0.99466170,-0.00047463,-0.10315552,-0.00261172,-0.00004589,0.07650906,-0.00259522,11.1100,1313.3769,2103.3723,-0.00602777,0.00063660,0.541496,-0.00385093,-0.00297286,0.00384940,0.00297133,-0.00385093,-0.00297286,0.00384940,0.00297133,0.00000000,0.00000000,0.00000000,0.00000000,cmd,-82.5697,-1.6900,24.7346,16.47647889,44.11539112,1313.3769
11.190000,4393165.507258,4259562.480228,1797727.889096,-62.072931,-61.336577,163.641099,0.99469974,-0.00047283,-0.10278771,-0.00262484,-0.00002631,0.07073538,-0.00264830,11.1100,1313.0057,2105.1897,-0.00462853,0.00065403,0.541334,-0.00385093,-0.00297286,0.00384940,0.00297133,-0.00385093,-0.00297286,0.00384940,0.00297133,0.00000000,0.00000000,0.00000000,0.00000000,cmd,-82.5246,-1.7489,19.9436,16.47649531,44.11539105,1313.0057
11.200000,4393164.886283,4259561.866615,1797729.525012,-62.121748,-61.385484,163.542365,0.99473369,-0.00047102,-0.10245833,-0.00263805,-0.00000779,0.06110699,-0.00264572,11.1100,1312.6335,2107.0064,-0.00328859,0.00067199,0.541173,-0.00385093,-0.00297286,0.00384940,0.00297133,-0.00385093,-0.00297286,0.00384940,0.00297133,0.00000000,0.00000000,0.00000000,0.00000000,cmd,-82.4798,-1.8093,15.3416,16.47651173,44.11539097,1312.6335
11.210000,4393164.264831,4259561.252525,1797731.159949,-62.168255,-61.432228,163.445383,0.99476171,-0.00046928,-0.10218558,-0.00265108,0.00000974,0.04804069,-0.00258930,11.1100,1312.2604,2108.8224,-0.00204694,0.00068991,0.541011,0.00001698,0.00088204,-0.00001540,-0.00088046,-0.00385093,-0.00297286,0.00384940,0.00297133,0.00000000,0.00000000,0.00000000,0.00000000,cmd,-82.4350,-1.8692,11.0623,16.47652814,44.11539089,1312.2604
11.220000,4393163.642937,4259560.637989,1797732.793934,-62.210247,-61.474685,163.351788,0.99478703,-0.00046767,-0.10193843,-0.00266361,-0.00000857,0.05081396,-0.00245138,11.1100,1311.8864,2110.6376,-0.00093832,0.00070725,0.540851,0.00001698,0.00088204,-0.00001540,-0.00088046,0.00001698,0.00088204,-0.00001540,-0.00088046,0.00000000,0.00000000,0.00000000,0.00000000,cmd,-82.3904,-1.9341,2.9079,16.47654454,44.11539081,1311.8864
11.230000,4393163.020633,4259560.023038,1797734.426990,-62.250270,-61.515300,163.259681,0.99481291,-0.00046621,-0.10168533,-0.00267536,-0.00002589,0.05044246,-0.00226936,11.1100,1311.5114,2112.4520,0.00008089,0.00072332,0.540690,0.00001698,0.00088204,-0.00001540,-0.00088046,0.00001698,0.00088204,-0.00001540,-0.00088046,0.00000000,0.00000000,0.00000000,0.00000000,cmd,-82.3458,-1.9869,-0.5464,16.47656094,44.11539074,1311.5114
11.240000,4393162.397938,4259559.407689,1797736.059132,-62.288362,-61.554100,163.169036,0.99483775,-0.00046496,-0.10144168,-0.00268611,-0.00004228,0.04703844,-0.00205014,11.1100,1311.1357,2114.2658,0.00109574,0.00073754,0.540530,0.00001698,0.00088204,-0.00001540,-0.00088046,0.00001698,0.00088204,-0.00001540,-0.00088046,0.00000000,0.00000000,0.00000000,0.00000000,cmd,-82.3014,-2.0333,-3.9964,16.47657733,44.11539066,1311.1357
11.250000,4393161.774872,4259558.791961,1797737.690375,-62.324616,-61.591165,163.079783,0.99486009,-0.00046398,-0.10122210,-0.00269569,-0.00005779,0.04080174,-0.00180152,11.1100,1310.7591,2116.0788,0.00207554,0.00074954,0.540370,0.00001698,0.00088204,-0.00001540,-0.00088046,0.00001698,0.00088204,-0.00001540,-0.00088046,0.00000000,0.00000000,0.00000000,0.00000000,cmd,-82.2571,-2.0718,-7.3368,16.47659371,44.11539058,1310.7591
11.260000,4393161.151451,4259558.175871,1797739.320732,-62.359178,-61.626624,162.991816,0.99487858,-0.00046330,-0.10104001,-0.00270397,-0.00007245,0.03201153,-0.00153196,11.1100,1310.3818,2117.8911,0.00299163,0.00075904,0.540210,0.00001698,0.00088204,-0.00001540,-0.00088046,0.00001698,0.00088204,-0.00001540,-0.00088046,0.00000000,0.00000000,0.00000000,0.00000000,cmd,-82.2128,-2.1017,-10.4698,16.47661009,44.11539050,1310.3818
11.270000,4393160.527693,4259557.559434,1797740.950215,-62.392240,-61.660653,162.904995,0.99489203,-0.00046297,-0.10090729,-0.00271085,-0.00008633,0.02101532,-0.00125027,11.1100,1310.0038,2119.7027,0.00381822,0.00076581,0.540050,0.00420470,0.00522429,-0.00420098,-0.00522057,0.00001698,0.00088204,-0.00001540,-0.00088046,0.00000000,0.00000000,0.00000000,0.00000000,cmd,-82.1687,-2.1222,-13.3069,16.47662646,44.11539042,1310.0038
11.280000,4393159.903624,4259556.942676,1797742.578846,-62.421358,-61.690773,162.821174,0.99490468,-0.00046284,-0.10078232,-0.00271726,-0.00012335,0.02887273,-0.00133297,11.1100,1309.6250,2121.5136,0.00453303,0.00076974,0.539891,0.00420470,0.00522429,-0.00420098,-0.00522057,0.00420470,0.00522429,-0.00420098,-0.00522057,0.00000000,0.00000000,0.00000000,0.00000000,cmd,-82.1245,-2.0469,-20.5225,16.47664282,44.11539035,1309.6250
11.290000,4393159.279270,4259556.325622,1797744.206642,-62.449172,-61.719647,162.738352,0.99492071,-0.00046275,-0.10062375,-0.00272408,-0.00015839,0.03450060,-0.00140325,11.1100,1309.2456,2123.3238,0.00519840,0.00077305,0.539732,0.00613862,0.00746418,-0.00614168,-0.00746724,0.00420470,0.00522429,-0.00420098,-0.00522057,0.00000000,0.00000000,0.00000000,0.00000000,cmd,-82.0805,-2.0573,-22.7288,16.47665918,44.11539027,1309.2456
11.300000,4393158.654651,4259555.708294,1797745.833621,-62.474359,-61.745793,162.657582,0.99494151,-0.00046230,-0.10041768,-0.00273305,-0.00011581,0.04791298,-0.00218636,11.1100,1308.8656,2125.1333,0.00592040,0.00077707,0.539572,0.00613862,0.00746418,-0.00614168,-0.00746724,0.00613862,0.00746418,-0.00614168,-0.00746724,0.00000000,0.00000000,0.00000000,0.00000000,cmd,-82.0365,-1.8998,-27.4604,16.47667553,44.11539019,1308.8656
11.310000,4393158.029788,4259555.090712,1797747.459798,-62.497945,-61.770448,162.578003,0.99496829,-0.00046110,-0.10015168,-0.00274580,-0.00007553,0.05854423,-0.00291880,11.1100,1308.4849,2126.9422,0.00671484,0.00078610,0.539413,0.00613862,0.00746418,-0.00614168,-0.00746724,0.00613862,0.00746418,-0.00614168,-0.00746724,0.00000000,0.00000000,0.00000000,0.00000000,cmd,-81.9925,-1.9327,-30.0717,16.47669188,44.11539011,1308.4849
11.320000,4393157.404698,4259554.472891,1797749.085186,-62.519738,-61.793453,162.499743,0.99499954,-0.00045923,-0.09984020,-0.00276204,-0.00003743,0.06616112,-0.00358009,11.1100,1308.1037,2128.7503,0.00761648,0.00080251,0.539254,0.00613862,0.00746418,-0.00614168,-0.00746724,0.00613862,0.00746418,-0.00614168,-0.00746724,0.00000000,0.00000000,0.00000000,0.00000000,cmd,-81.9486,-1.9904,-33.0549,16.47670822,44.11539003,1308.1037
11.330000,4393156.779400,4259553.854848,1797750.709797,-62.539602,-61.814703,162.422885,0.99503371,-0.00045678,-0.09949862,-0.00278134,-0.00000137,0.07062894,-0.00415255,11.1100,1307.7219,2130.5579,0.00859472,0.00082557,0.539096,0.00613862,0.00746418,-0.00614168,-0.00746724,0.00613862,0.00746418,-0.00614168,-0.00746724,0.00000000,0.00000000,0.00000000,0.00000000,cmd,-81.9047,-2.0702,-36.3071,16.47672455,44.11538995,1307.7219
11.340000,4393156.153913,4259553.236603,1797752.333648,-62.557466,-61.834149,162.347467,0.99506917,-0.00045386,-0.09914274,-0.00280323,0.00003274,0.07191235,-0.00462173,11.1100,1307.3397,2132.3647,0.00961764,0.00085439,0.538937,0.00613862,0.00746418,-0.00614168,-0.00746724,0.00613862,0.00746418,-0.00614168,-0.00746724,0.00000000,0.00000000,0.00000000,0.00000000,cmd,-81.8609,-2.1689,-39.7204,16.47674088,44.11538987,1307.3397
11.350000,4393155.528257,4259552.618171,1797753.956752,-62.573323,-61.851801,162.273484,0.99510436,-0.00045057,-0.09878826,-0.00282716,0.00006502,0.07007306,-0.00497676,11.1100,1306.9569,2134.1709,0.01065297,0.00088792,0.538778,0.00613862,0.00746418,-0.00614168,-0.00746724,0.00613862,0.00746418,-0.00614168,-0.00746724,0.00000000,0.00000000,0.00000000,0.00000000,cmd,-81.8170,-2.2829,-43.1858,16.47675720,44.11538979,1306.9569
11.360000,4393154.902453,4259551.999572,1797755.579122,-62.587225,-61.867721,162.200887,0.99513777,-0.00044703,-0.09845040,-0.00285253,0.00009557,0.06526483,-0.00521054,11.1100,1306.5737,2135.9765,0.01166910,0.00092501,0.538619,0.00826719,0.00970211,-0.00826876,-0.00970368,0.00613862,0.00746418,-0.00614168,-0.00746724,0.00000000,0.00000000,0.00000000,0.00000000,cmd,-81.7732,-2.4083,-46.5961,16.47677352,44.11538971,1306.5737
11.370000,4393154.276526,4259551.380829,1797757.200779,-62.597926,-61.880639,162.130611,0.99517061,-0.00044324,-0.09811708,-0.00287939,0.00010791,0.06823993,-0.00557855,11.1100,1306.1901,2137.7814,0.01263599,0.00096444,0.538460,0.00826719,0.00970211,-0.00826876,-0.00970368,0.00826719,0.00970211,-0.00826876,-0.00970368,0.00000000,0.00000000,0.00000000,0.00000000,cmd,-81.7294,-2.4803,-52.2676,16.47678983,44.11538963,1306.1901
11.380000,4393153.650501,4259550.761965,1797758.821739,-62.606794,-61.891961,162.061617,0.99520410,-0.00043923,-0.09777608,-0.00290774,0.00011958,0.06835714,-0.00581019,11.1100,1305.8061,2139.5857,0.01356699,0.00100652,0.538301,0.01083799,0.01219114,-0.01084388,-0.01219703,0.00826719,0.00970211,-0.00826876,-0.00970368,0.00000000,0.00000000,0.00000000,0.00000000,cmd,-81.6856,-2.6223,-55.3599,16.47680613,44.11538955,1305.8061
11.390000,4393153.024404,4259550.143003,1797760.442021,-62.612201,-61.900175,161.995063,0.99523982,-0.00043493,-0.09741098,-0.00293641,0.00017866,0.07788553,-0.00570960,11.1100,1305.4218,2141.3894,0.01449868,0.00105092,0.538142,0.01083799,0.01219114,-0.01084388,-0.01219703,0.01083799,0.01219114,-0.01084388,-0.01219703,0.00000000,0.00000000,0.00000000,0.00000000,cmd,-81.6418,-2.8166,-61.2653,16.47682243,44.11538948,1305.4218
11.400000,4393152.398263,4259549.523967,1797762.061645,-62.615695,-61.906713,161.929833,0.99527928,-0.00043032,-0.09700614,-0.00296424,0.00023458,0.08430024,-0.00548090,11.1100,1305.0371,2143.1924,0.01545044,0.00109504,0.537983,0.01083799,0.01219114,-0.01084388,-0.01219703,0.01083799,0.01219114,-0.01084388,-0.01219703,0.00000000,0.00000000,0.00000000,0.00000000,cmd,-81.5979,-2.9630,-64.3892,16.47683872,44.11538940,1305.0371
11.410000,4393151.772097,4259548.904875,1797763.680622,-62.617184,-61.911472,161.865990,0.99532090,-0.00042550,-0.09657732,-0.00299062,0.00028750,0.08750619,-0.00513494,11.1100,1304.6522,2144.9949,0.01646663,0.00113683,0.537824,0.01083799,0.01219114,-0.01084388,-0.01219703,0.01083799,0.01219114,-0.01084388,-0.01219703,0.00000000,0.00000000,0.00000000,0.00000000,cmd,-81.5540,-3.1008,-67.7397,16.47685501,44.11538931,1304.6522
11.420000,4393151.145926,4259548.285744,1797765.298969,-62.616640,-61.914409,161.803551,0.99536312,-0.00042059,-0.09614053,-0.00301500,0.00033760,0.08750765,-0.00468570,11.1100,1304.2670,2146.7967,0.01751471,0.00117513,0.537664,0.01083799,0.01219114,-0.01084388,-0.01219703,0.01083799,0.01219114,-0.01084388,-0.01219703,0.00000000,0.00000000,0.00000000,0.00000000,cmd,-81.5101,-3.2261,-71.2077,16.47687129,44.11538923,1304.2670
11.430000,4393150.519771,4259547.666593,1797766.916698,-62.614098,-61.915534,161.742494,0.99540440,-0.00041570,-0.09571150,-0.00303689,0.00038503,0.08440476,-0.00414981,11.1100,1303.8817,2148.5980,0.01856224,0.00120888,0.537505,0.01083799,0.01219114,-0.01084388,-0.01219703,0.01083799,0.01219114,-0.01084388,-0.01219703,0.00000000,0.00000000,0.00000000,0.00000000,cmd,-81.4661,-3.3355,-74.6837,16.47688757,44.11538915,1303.8817
11.440000,4393149.893651,4259547.047439,1797768.533823,-62.609653,-61.914917,161.682754,0.99544332,-0.00041093,-0.09530524,-0.00305590,0.00042993,0.07838749,-0.00354596,11.1100,1303.4961,2150.3986,0.01957780,0.00123723,0.537345,0.01083799,0.01219114,-0.01084388,-0.01219703,0.01083799,0.01219114,-0.01084388,-0.01219703,0.00000000,0.00000000,0.00000000,0.00000000,cmd,-81.4221,-3.4263,-78.0619,16.47690384,44.11538907,1303.4961
11.450000,4393149.267584,4259546.428300,1797770.150357,-62.603455,-61.912674,161.624235,0.99547859,-0.00040635,-0.09493562,-0.00307174,0.00047245,0.06972694,-0.00289424,11.1100,1303.1104,2152.1987,0.02053192,0.00125949,0.537185,0.01290847,0.01436728,-0.01290662,-0.01436543,0.01083799,0.01219114,-0.01084388,-0.01219703,0.00000000,0.00000000,0.00000000,0.00000000,cmd,-81.3780,-3.4963,-81.2425,16.47692011,44.11538899,1303.1104
11.460000,4393148.641593,4259545.809197,1797771.766316,-62.594389,-61.907631,161.567774,0.99551149,-0.00040211,-0.09458960,-0.00308488,0.00042677,0.06891760,-0.00246408,11.1100,1302.7246,2153.9982,0.02139791,0.00127519,0.537025,0.01290847,0.01436728,-0.01290662,-0.01436543,0.01290847,0.01436728,-0.01290662,-0.01436543,0.00000000,0.00000000,0.00000000,0.00000000,cmd,-81.3338,-3.4857,-86.4700,16.47693637,44.11538891,1302.7246
11.470000,4393148.015701,4259545.190152,1797773.381716,-62.583860,-61.901201,161.512337,0.99554334,-0.00039833,-0.09425343,-0.00309584,0.00038355,0.06578481,-0.00201607,11.1100,1302.3387,2155.7971,0.02219205,0.00128557,0.536864,0.01290847,0.01436728,-0.01290662,-0.01436543,0.01290847,0.01436728,-0.01290662,-0.01436543,0.00000000,0.00000000,0.00000000,0.00000000,cmd,-81.2896,-3.5165,-89.0821,16.47695262,44.11538883,1302.3387
11.480000,4393147.389921,4259544.571177,1797774.996566,-62.571955,-61.893448,161.457869,0.99557310,-0.00039504,-0.09393830,-0.00310457,0.00034264,0.06049431,-0.00156411,11.1100,1301.9528,2157.5955,0.02295414,0.00129143,0.536703,0.01290847,0.01436728,-0.01290662,-0.01436543,0.01290847,0.01436728,-0.01290662,-0.01436543,0.00000000,0.00000000,0.00000000,0.00000000,cmd,-81.2454,-3.5320,-91.5939,16.47696887,44.11538875,1301.9528
11.490000,4393146.764266,4259543.952287,1797776.610877,-62.558802,-61.884476,161.404288,0.99559983,-0.00039225,-0.09365440,-0.00311108,0.00030393,0.05327105,-0.00112180,11.1100,1301.5668,2159.3932,0.02366237,0.00129274,0.536542,0.01290847,0.01436728,-0.01290662,-0.01436543,0.01290847,0.01436728,-0.01290662,-0.01436543,0.00000000,0.00000000,0.00000000,0.00000000,cmd,-81.2011,-3.5322,-93.9316,16.47698512,44.11538866,1301.5668
11.500000,4393146.138748,4259543.333491,1797778.224655,-62.544561,-61.874426,161.351488,0.99562271,-0.00038999,-0.09341070,-0.00311543,0.00026729,0.04439049,-0.00070201,11.1100,1301.1808,2161.1905,0.02429723,0.00128959,0.536381,0.01290847,0.01436728,-0.01290662,-0.01436543,0.01290847,0.01436728,-0.01290662,-0.01436543,0.00000000,0.00000000,0.00000000,0.00000000,cmd,-81.1567,-3.5176,-96.0294,16.47700136,44.11538858,1301.1808
11.510000,4393145.513378,4259542.714801,1797779.837908,-62.529424,-61.863464,161.299346,0.99564108,-0.00038823,-0.09321468,-0.00311777,0.00023262,0.03416879,-0.00031653,11.1100,1300.7948,2162.9871,0.02484201,0.00128222,0.536220,0.01290847,0.01436728,-0.01290662,-0.01436543,0.01290847,0.01436728,-0.01290662,-0.01436543,0.00000000,0.00000000,0.00000000,0.00000000,cmd,-81.1124,-3.4889,-97.8307,16.47701760,44.11538850,1300.7948
11.520000,4393144.888162,4259542.096225,1797781.450643,-62.513603,-61.851781,161.247725,0.99565441,-0.00038698,-0.09307217,-0.00311830,0.00019981,0.02295208,0.00002426,11.1100,1300.4089,2164.7833,0.02528320,0.00127097,0.536059,0.01290847,0.01436728,-0.01290662,-0.01436543,0.01290847,0.01436728,-0.01290662,-0.01436543,0.00000000,0.00000000,0.00000000,0.00000000,cmd,-81.0680,-3.4475,-99.2894,16.47703383,44.11538842,1300.4089
11.530000,4393144.263107,4259541.477767,1797783.062864,-62.497325,-61.839585,161.196477,0.99566235,-0.00038622,-0.09298722,-0.00311725,0.00016875,0.01110515,0.00031161,11.1100,1300.0229,2166.5788,0.02561084,0.00125630,0.535897,0.01582950,0.01712840,-0.01582980,-0.01712870,0.01290847,0.01436728,-0.01290662,-0.01436543,0.00000000,0.00000000,0.00000000,0.00000000,cmd,-81.0236,-3.3949,-100.3714,16.47705005,44.11538833,1300.0229
11.540000,4393143.638226,4259540.859442,1797784.674580,-62.478970,-61.825405,161.146733,0.99566787,-0.00038583,-0.09292817,-0.00311398,0.00016314,0.01254563,0.00091285,11.1100,1299.6371,2168.3738,0.02581863,0.00123875,0.535736,0.01582950,0.01712840,-0.01582980,-0.01712870,0.01582950,0.01712840,-0.01582980,-0.01712870,0.00000000,0.00000000,0.00000000,0.00000000,cmd,-80.9792,-3.4207,-104.1697,16.47706627,44.11538825,1299.6371
11.550000,4393143.013528,4259540.241260,1797786.285800,-62.460449,-61.810956,161.097179,0.99567397,-0.00038572,-0.09286306,-0.00310793,0.00015783,0.01353675,0.00143100,11.1100,1299.2513,2170.1683,0.02595674,0.00121664,0.535574,0.01582950,0.01712840,-0.01582980,-0.01712870,0.01582950,0.01712840,-0.01582980,-0.01712870,0.00000000,0.00000000,0.00000000,0.00000000,cmd,-80.9348,-3.3421,-104.5596,16.47708249,44.11538817,1299.2513
11.560000,4393142.389017,4259539.623224,1797787.896524,-62.441755,-61.796213,161.047824,0.99568041,-0.00038583,-0.09279416,-0.00309953,0.00015280,0.01406211,0.00185331,11.1100,1298.8655,2171.9622,0.02610507,0.00118934,0.535413,0.01609030,0.01709081,-0.01608398,-0.01708449,0.01582950,0.01712840,-0.01582980,-0.01712870,0.00000000,0.00000000,0.00000000,0.00000000,cmd,-80.8904,-3.2468,-104.9850,16.47709870,44.11538808,1298.8655
11.570000,4393141.764695,4259539.005337,1797789.506757,-62.422721,-61.781198,160.998721,0.99568712,-0.00038648,-0.09272253,-0.00308756,0.00007494,0.01463484,0.00286720,11.1100,1298.4799,2173.7556,0.02625892,0.00115781,0.535252,0.01609030,0.01709081,-0.01608398,-0.01708449,0.01609030,0.01709081,-0.01608398,-0.01708449,0.00000000,0.00000000,0.00000000,0.00000000,cmd,-80.8460,-3.3011,-105.5487,16.47711491,44.11538800,1298.4799
11.580000,4393141.140563,4259538.387601,1797791.116499,-62.403533,-61.765846,160.949825,0.99569400,-0.00038794,-0.09264923,-0.00307094,0.00000126,0.01473054,0.00373627,11.1100,1298.0943,2175.5485,0.02641554,0.00111884,0.535090,0.01609030,0.01709081,-0.01608398,-0.01708449,0.01609030,0.01709081,-0.01608398,-0.01708449,0.00000000,0.00000000,0.00000000,0.00000000,cmd,-80.8017,-3.1648,-106.0023,16.47713111,44.11538791,1298.0943
11.590000,4393140.516624,4259537.770021,1797792.725754,-62.384206,-61.750145,160.901135,0.99570081,-0.00039013,-0.09257662,-0.00305042,-0.00006848,0.01436033,0.00443929,11.1100,1297.7089,2177.3408,0.02657331,0.00107114,0.534929,0.01609030,0.01709081,-0.01608398,-0.01708449,0.01609030,0.01709081,-0.01608398,-0.01708449,0.00000000,0.00000000,0.00000000,0.00000000,cmd,-80.7574,-3.0003,-106.4612,16.47714730,44.11538783,1297.7089
11.600000,4393139.892880,4259537.152600,1797794.334523,-62.364763,-61.734091,160.852643,0.99570736,-0.00039294,-0.09250696,-0.00302689,-0.00013448,0.01354880,0.00496061,11.1100,1297.3235,2179.1326,0.02672753,0.00101640,0.534768,0.01609030,0.01709081,-0.01608398,-0.01708449,0.01609030,0.01709081,-0.01608398,-0.01708449,0.00000000,0.00000000,0.00000000,0.00000000,cmd,-80.7131,-2.8133,-106.9097,16.47716349,44.11538774,1297.3235
11.610000,4393139.269329,4259536.535340,1797795.942808,-62.345230,-61.717695,160.804338,0.99571343,-0.00039629,-0.09244237,-0.00300126,-0.00019694,0.01233288,0.00529046,11.1100,1296.9382,2180.9238,0.02687372,0.00095643,0.534606,0.01609030,0.01709081,-0.01608398,-0.01708449,0.01609030,0.01709081,-0.01608398,-0.01708449,0.00000000,0.00000000,0.00000000,0.00000000,cmd,-80.6688,-2.6101,-107.3329,16.47717968,44.11538766,1296.9382
11.620000,4393138.645975,4259535.918247,1797797.550610,-62.325636,-61.700977,160.756203,0.99571886,-0.00040007,-0.09238473,-0.00297449,-0.00025605,0.01076030,0.00542507,11.1100,1296.5531,2182.7145,0.02700780,0.00089319,0.534445,0.01609030,0.01709081,-0.01608398,-0.01708449,0.01609030,0.01709081,-0.01608398,-0.01708449,0.00000000,0.00000000,0.00000000,0.00000000,cmd,-80.6245,-2.3970,-107.7171,16.47719586,44.11538757,1296.5531
11.630000,4393138.022817,4259535.301322,1797799.157932,-62.306015,-61.683968,160.708215,0.99572349,-0.00040417,-0.09233570,-0.00294757,-0.00031201,0.00888784,0.00536651,11.1100,1296.1680,2184.5047,0.02712618,0.00082864,0.534284,0.01609030,0.01709081,-0.01608398,-0.01708449,0.01609030,0.01709081,-0.01608398,-0.01708449,0.00000000,0.00000000,0.00000000,0.00000000,cmd,-80.5803,-2.1807,-108.0503,16.47721204,44.11538749,1296.1680
11.640000,4393137.399855,4259534.684568,1797800.764775,-62.286398,-61.666710,160.660351,0.99572719,-0.00040851,-0.09229660,-0.00292142,-0.00036496,0.00677938,0.00512254,11.1100,1295.7831,2186.2943,0.02722584,0.00076472,0.534123,0.01609030,0.01709081,-0.01608398,-0.01708449,0.01609030,0.01709081,-0.01608398,-0.01708449,0.00000000,0.00000000,0.00000000,0.00000000,cmd,-80.5360,-1.9676,-108.3222,16.47722821,44.11538740,1295.7831
11.650000,4393136.777089,4259534.067988,1797802.371139,-62.266821,-61.649248,160.612583,0.99572987,-0.00041298,-0.09226844,-0.00289694,-0.00041508,0.00450375,0.00470611,11.1100,1295.3983,2188.0834,0.02730439,0.00070331,0.533962,0.01653859,0.01746880,-0.01653767,-0.01746788,0.01609030,0.01709081,-0.01608398,-0.01708449,0.00000000,0.00000000,0.00000000,0.00000000,cmd,-80.4919,-1.7640,-108.5249,16.47724438,44.11538732,1295.3983
11.660000,4393136.154520,4259533.451585,1797803.977028,-62.247030,-61.631409,160.565068,0.99573192,-0.00041738,-0.09224697,-0.00287453,-0.00040315,0.00409918,0.00429811,11.1100,1295.0136,2189.8720,0.02736018,0.00064614,0.533801,0.01653859,0.01746880,-0.01653767,-0.01746788,0.01653859,0.01746880,-0.01653767,-0.01746788,0.00000000,0.00000000,0.00000000,0.00000000,cmd,-80.4478,-1.6136,-109.1048,16.47726054,44.11538723,1295.0136
11.670000,4393135.532148,4259532.835360,1797805.582441,-62.227319,-61.613447,160.517608,0.99573376,-0.00042150,-0.09222777,-0.00285450,-0.00039186,0.00359060,0.00374921,11.1100,1294.6290,2191.6600,0.02739988,0.00059376,0.533640,0.01653859,0.01746880,-0.01653767,-0.01746788,0.01653859,0.01746880,-0.01653767,-0.01746788,0.00000000,0.00000000,0.00000000,0.00000000,cmd,-80.4037,-1.4411,-109.1706,16.47727670,44.11538715,1294.6290
11.680000,4393134.909973,4259532.219316,1797807.187380,-62.207684,-61.595387,160.470197,0.99573533,-0.00042530,-0.09221133,-0.00283750,-0.00038116,0.00299533,0.00307997,11.1100,1294.2445,2193.4475,0.02743473,0.00054697,0.533480,0.01653859,0.01746880,-0.01653767,-0.01746788,0.01653859,0.01746880,-0.01653767,-0.01746788,0.00000000,0.00000000,0.00000000,0.00000000,cmd,-80.3596,-1.2878,-109.2207,16.47729285,44.11538706,1294.2445
11.690000,4393134.287994,4259531.603453,1797808.791845,-62.188123,-61.577254,160.422826,0.99573659,-0.00042872,-0.09219804,-0.00282408,-0.00037103,0.00233270,0.00231386,11.1100,1293.8602,2195.2345,0.02746385,0.00050697,0.533319,0.01653859,0.01746880,-0.01653767,-0.01746788,0.01653859,0.01746880,-0.01653767,-0.01746788,0.00000000,0.00000000,0.00000000,0.00000000,cmd,-80.3156,-1.1578,-109.2522,16.47730900,44.11538697,1293.8602
11.700000,4393133.666210,4259530.987771,1797810.395837,-62.168629,-61.559078,160.375488,0.99573753,-0.00043173,-0.09218816,-0.00281466,-0.00036144,0.00162342,0.00147644,11.1100,1293.4760,2197.0210,0.02748656,0.00047472,0.533158,0.01691934,0.01753819,-0.01691701,-0.01753586,0.01653859,0.01746880,-0.01653767,-0.01746788,0.00000000,0.00000000,0.00000000,0.00000000,cmd,-80.2716,-1.0539,-109.2627,16.47732514,44.11538689,1293.4760
11.710000,4393133.044622,4259530.372272,1797811.999355,-62.148956,-61.540859,160.328274,0.99573838,-0.00043450,-0.09217925,-0.00280773,-0.00036785,0.00194659,0.00131527,11.1100,1293.0919,2198.8069,0.02750240,0.00045094,0.532998,0.01691934,0.01753819,-0.01691701,-0.01753586,0.01691934,0.01753819,-0.01691701,-0.01753586,0.00000000,0.00000000,0.00000000,0.00000000,cmd,-80.2276,-1.1472,-109.4939,16.47734128,44.11538680,1293.0919
11.720000,4393132.423231,4259529.756954,1797813.602402,-62.129346,-61.522626,160.281083,0.99573935,-0.00043722,-0.09216885,-0.00280173,-0.00037390,0.00222280,0.00110266,11.1100,1292.7079,2200.5923,0.02751523,0.00043164,0.532838,0.01691934,0.01753819,-0.01691701,-0.01753586,0.01691934,0.01753819,-0.01691701,-0.01753586,0.00000000,0.00000000,0.00000000,0.00000000,cmd,-80.1837,-1.0836,-109.4674,16.47735741,44.11538672,1292.7079
11.730000,4393131.802035,4259529.141819,1797815.204977,-62.109787,-61.504380,160.233921,0.99574045,-0.00043985,-0.09215720,-0.00279690,-0.00037963,0.00244444,0.00084647,11.1100,1292.3240,2202.3771,0.02753116,0.00041450,0.532678,0.01691934,0.01753819,-0.01691701,-0.01753586,0.01691934,0.01753819,-0.01691701,-0.01753586,0.00000000,0.00000000,0.00000000,0.00000000,cmd,-80.1399,-1.0273,-109.4512,16.47737354,44.11538663,1292.3240
11.740000,4393131.181035,4259528.526867,1797816.807081,-62.090269,-61.486123,160.186789,0.99574162,-0.00044238,-0.09214459,-0.00279345,-0.00038505,0.00260573,0.00055555,11.1100,1291.9403,2204.1615,0.02754965,0.00039996,0.532518,0.01694693,0.01757698,-0.01694174,-0.01757179,0.01691934,0.01753819,-0.01691701,-0.01753586,0.00000000,0.00000000,0.00000000,0.00000000,cmd,-80.0960,-0.9799,-109.4438,16.47738967,44.11538654,1291.9403
11.750000,4393130.560230,4259527.912097,1797818.408713,-62.070767,-61.467835,160.139705,0.99574288,-0.00044487,-0.09213097,-0.00279158,-0.00042141,0.00285221,0.00021364,11.1100,1291.5567,2205.9453,0.02757007,0.00038836,0.532358,0.01694693,0.01757698,-0.01694174,-0.01757179,0.01694693,0.01757698,-0.01694174,-0.01757179,0.00000000,0.00000000,0.00000000,0.00000000,cmd,-80.0522,-0.9364,-109.4773,16.47740579,44.11538646,1291.5567
11.760000,4393129.939620,4259527.297510,1797820.009875,-62.051285,-61.449542,160.092656,0.99574424,-0.00044737,-0.09211630,-0.00279147,-0.00045582,0.00302663,-0.00014215,11.1100,1291.1732,2207.7285,0.02759236,0.00038010,0.532198,0.01694693,0.01757698,-0.01694174,-0.01757179,0.01694693,0.01757698,-0.01694174,-0.01757179,0.00000000,0.00000000,0.00000000,0.00000000,cmd,-80.0085,-0.9101,-109.4822,16.47742190,44.11538637,1291.1732
11.770000,4393129.319204,4259526.683106,1797821.610566,-62.031812,-61.431249,160.045644,0.99574566,-0.00044986,-0.09210095,-0.00279317,-0.00048839,0.00312516,-0.00050100,11.1100,1290.7899,2209.5113,0.02761672,0.00037543,0.532038,0.01694693,0.01757698,-0.01694174,-0.01757179,0.01694693,0.01757698,-0.01694174,-0.01757179,0.00000000,0.00000000,0.00000000,0.00000000,cmd,-79.9648,-0.8958,-109.4942,16.47743801,44.11538628,1290.7899
11.780000,4393128.698983,4259526.068885,1797823.210788,-62.012341,-61.412962,159.998670,0.99574709,-0.00045236,-0.09208530,-0.00279664,-0.00051921,0.00314632,-0.00085236,11.1100,1290.4066,2211.2935,0.02764238,0.00037436,0.531878,0.01694693,0.01757698,-0.01694174,-0.01757179,0.01694693,0.01757698,-0.01694174,-0.01757179,0.00000000,0.00000000,0.00000000,0.00000000,cmd,-79.9211,-0.8933,-109.5108,16.47745411,44.11538620,1290.4066
11.790000,4393128.078957,4259525.454847,1797824.810540,-61.992862,-61.394686,159.951735,0.99574852,-0.00045484,-0.09206974,-0.00280185,-0.00054839,0.00309096,-0.00118621,11.1100,1290.0235,2213.0752,0.02766856,0.00037682,0.531719,0.01694693,0.01757698,-0.01694174,-0.01757179,0.01694693,0.01757698,-0.01694174,-0.01757179,0.00000000,0.00000000,0.00000000,0.00000000,cmd,-79.8775,-0.9025,-109.5294,16.47747021,44.11538611,1290.0235
11.800000,4393127.459126,4259524.840991,1797826.409823,-61.973371,-61.376430,159.904838,0.99574989,-0.00045732,-0.09205464,-0.00280866,-0.00057600,0.00296212,-0.00149337,11.1100,1289.6405,2214.8564,0.02769447,0.00038263,0.531559,0.01707191,0.01749366,-0.01707178,-0.01749353,0.01694693,0.01757698,-0.01694174,-0.01757179,0.00000000,0.00000000,0.00000000,0.00000000,cmd,-79.8339,-0.9225,-109.5475,16.47748631,44.11538602,1289.6405
11.810000,4393126.839490,4259524.227318,1797828.008637,-61.953783,-61.358258,159.857988,0.99575122,-0.00045977,-0.09204008,-0.00281572,-0.00054715,0.00287431,-0.00128667,11.1100,1289.2577,2216.6370,0.02771938,0.00039152,0.531400,0.01707191,0.01749366,-0.01707178,-0.01749353,0.01707191,0.01749366,-0.01707178,-0.01749353,0.00000000,0.00000000,0.00000000,0.00000000,cmd,-79.7903,-1.0647,-109.5877,16.47750240,44.11538594,1289.2577
11.820000,4393126.220051,4259523.613826,1797829.606983,-61.934188,-61.340108,159.811172,0.99575249,-0.00046218,-0.09202612,-0.00282169,-0.00051983,0.00272064,-0.00106095,11.1100,1288.8749,2218.4172,0.02774302,0.00040020,0.531241,0.01707191,0.01749366,-0.01707178,-0.01749353,0.01707191,0.01749366,-0.01707178,-0.01749353,0.00000000,0.00000000,0.00000000,0.00000000,cmd,-79.7468,-1.0916,-109.5983,16.47751849,44.11538585,1288.8749
11.830000,4393125.600807,4259523.000515,1797831.204860,-61.914595,-61.321979,159.764389,0.99575368,-0.00046457,-0.09201308,-0.00282648,-0.00049395,0.00250672,-0.00082335,11.1100,1288.4923,2220.1968,0.02776541,0.00040660,0.531082,0.01685234,0.01750837,-0.01685767,-0.01751369,0.01707191,0.01749366,-0.01707178,-0.01749353,0.00000000,0.00000000,0.00000000,0.00000000,cmd,-79.7034,-1.1109,-109.6051,16.47753457,44.11538577,1288.4923
11.840000,4393124.981758,4259522.387386,1797832.802270,-61.895149,-61.303851,159.717594,0.99575465,-0.00046668,-0.09200241,-0.00283141,-0.00041015,0.00177363,-0.00111892,11.1100,1288.1098,2221.9758,0.02778594,0.00041062,0.530923,0.01685234,0.01750837,-0.01685767,-0.01751369,0.01685234,0.01750837,-0.01685767,-0.01751369,0.00000000,0.00000000,0.00000000,0.00000000,cmd,-79.6599,-0.9964,-109.4989,16.47755064,44.11538568,1288.1098
11.850000,4393124.362904,4259521.774438,1797834.399212,-61.875715,-61.285762,159.670821,0.99575527,-0.00046827,-0.09199546,-0.00283770,-0.00033081,0.00101489,-0.00139165,11.1100,1287.7274,2223.7544,0.02780226,0.00041550,0.530764,0.01685234,0.01750837,-0.01685767,-0.01751369,0.01685234,0.01750837,-0.01685767,-0.01751369,0.00000000,0.00000000,0.00000000,0.00000000,cmd,-79.6166,-1.0131,-109.4884,16.47756672,44.11538559,1287.7274
11.860000,4393123.744244,4259521.161671,1797835.995687,-61.856303,-61.267730,159.624064,0.99575554,-0.00046936,-0.09199231,-0.00284525,-0.00025567,0.00025252,-0.00163425,11.1100,1287.3452,2225.5324,0.02781122,0.00042315,0.530605,0.01685234,0.01750837,-0.01685767,-0.01751369,0.01685234,0.01750837,-0.01685767,-0.01751369,0.00000000,0.00000000,0.00000000,0.00000000,cmd,-79.5732,-1.0388,-109.4538,16.47758278,44.11538550,1287.3452
11.870000,4393123.125777,4259520.549083,1797837.591694,-61.836922,-61.249773,159.577311,0.99575546,-0.00046999,-0.09199292,-0.00285388,-0.00018453,-0.00049204,-0.00184053,11.1100,1286.9630,2227.3099,0.02781277,0.00043325,0.530446,0.01685234,0.01750837,-0.01685767,-0.01751369,0.01685234,0.01750837,-0.01685767,-0.01751369,0.00000000,0.00000000,0.00000000,0.00000000,cmd,-79.5299,-1.0723,-109.3952,16.47759885,44.11538542,1286.9630
11.880000,4393122.507505,4259519.936675,1797839.187233,-61.817581,-61.231908,159.530555,0.99575504,-0.00047021,-0.09199715,-0.00286341,-0.00011716,-0.00119854,-0.00200558,11.1100,1286.5810,2229.0869,0.02780712,0.00044544,0.530288,0.01685234,0.01750837,-0.01685767,-0.01751369,0.01685234,0.01750837,-0.01685767,-0.01751369,0.00000000,0.00000000,0.00000000,0.00000000,cmd,-79.4867,-1.1124,-109.3129,16.47761490,44.11538533,1286.5810
11.890000,4393121.889426,4259519.324445,1797840.782305,-61.798290,-61.214149,159.483788,0.99575431,-0.00047004,-0.09200476,-0.00287361,-0.00005337,-0.00184851,-0.00212581,11.1100,1286.1992,2230.8634,0.02779464,0.00045930,0.530129,0.01691231,0.01742289,-0.01691039,-0.01742097,0.01685234,0.01750837,-0.01685767,-0.01751369,0.00000000,0.00000000,0.00000000,0.00000000,cmd,-79.4434,-1.1577,-109.2083,16.47763096,44.11538524,1286.1992
11.900000,4393121.271539,4259518.712391,1797842.376909,-61.779021,-61.196566,159.436995,0.99575328,-0.00046980,-0.09201563,-0.00288346,-0.00007136,-0.00250195,-0.00186650,11.1100,1285.8174,2232.6393,0.02777593,0.00047438,0.529971,0.01691231,0.01742289,-0.01691039,-0.01742097,0.01691231,0.01742289,-0.01691039,-0.01742097,0.00000000,0.00000000,0.00000000,0.00000000,cmd,-79.4003,-1.2847,-109.0657,16.47764700,44.11538516,1285.8174
11.910000,4393120.653845,4259518.100513,1797843.971045,-61.759829,-61.179105,159.390177,0.99575197,-0.00046978,-0.09202954,-0.00289193,-0.00008838,-0.00306586,-0.00157522,11.1100,1285.4357,2234.4147,0.02775142,0.00048814,0.529813,0.01663738,0.01736244,-0.01663984,-0.01736490,0.01691231,0.01742289,-0.01691039,-0.01742097,0.00000000,0.00000000,0.00000000,0.00000000,cmd,-79.3571,-1.3277,-108.9219,16.47766305,44.11538507,1285.4357
11.920000,4393120.036341,4259517.488809,1797845.564712,-61.740902,-61.161795,159.343255,0.99575024,-0.00046977,-0.09204792,-0.00290011,-0.00005715,-0.00429729,-0.00175124,11.1100,1285.0542,2236.1896,0.02772156,0.00049895,0.529655,0.01663738,0.01736244,-0.01663984,-0.01736490,0.01663738,0.01736244,-0.01663984,-0.01736490,0.00000000,0.00000000,0.00000000,0.00000000,cmd,-79.3141,-1.2461,-108.5834,16.47767909,44.11538498,1285.0542
11.930000,4393119.419027,4259516.877277,1797847.157909,-61.722079,-61.144631,159.296291,0.99574798,-0.00046955,-0.09207210,-0.00290907,-0.00002758,-0.00538603,-0.00189148,11.1100,1284.6728,2237.9640,0.02768439,0.00050960,0.529497,0.01663738,0.01736244,-0.01663984,-0.01736490,0.01663738,0.01736244,-0.01663984,-0.01736490,0.00000000,0.00000000,0.00000000,0.00000000,cmd,-79.2710,-1.2809,-108.4013,16.47769512,44.11538490,1284.6728
11.940000,4393118.801899,4259516.265916,1797848.750637,-61.703377,-61.127635,159.249273,0.99574526,-0.00046915,-0.09210128,-0.00291861,0.00000042,-0.00630577,-0.00199295,11.1100,1284.2915,2239.7378,0.02763656,0.00052167,0.529339,0.01663738,0.01736244,-0.01663984,-0.01736490,0.01663738,0.01736244,-0.01663984,-0.01736490,0.00000000,0.00000000,0.00000000,0.00000000,cmd,-79.2281,-1.3200,-108.1841,16.47771115,44.11538481,1284.2915
11.950000,4393118.184959,4259515.654724,1797850.342895,-61.684810,-61.110821,159.202190,0.99574215,-0.00046858,-0.09213458,-0.00292855,0.00002694,-0.00703592,-0.00205389,11.1100,1283.9103,2241.5111,0.02757980,0.00053475,0.529182,0.01663738,0.01736244,-0.01663984,-0.01736490,0.01663738,0.01736244,-0.01663984,-0.01736490,0.00000000,0.00000000,0.00000000,0.00000000,cmd,-79.1851,-1.3623,-107.9374,16.47772717,44.11538472,1283.9103
11.960000,4393117.568203,4259515.043699,1797851.934681,-61.666388,-61.094201,159.155035,0.99573875,-0.00046788,-0.09217102,-0.00293867,0.00005206,-0.00756205,-0.00207376,11.1100,1283.5292,2243.2839,0.02751603,0.00054844,0.529024,0.01663738,0.01736244,-0.01663984,-0.01736490,0.01663738,0.01736244,-0.01663984,-0.01736490,0.00000000,0.00000000,0.00000000,0.00000000,cmd,-79.1423,-1.4063,-107.6674,16.47774319,44.11538463,1283.5292
11.970000,4393116.951630,4259514.432839,1797853.525995,-61.648119,-61.077783,159.107804,0.99573515,-0.00046706,-0.09220954,-0.00294878,0.00007584,-0.00787609,-0.00205324,11.1100,1283.1482,2245.0562,0.02744732,0.00056232,0.528867,0.01663738,0.01736244,-0.01663984,-0.01736490,0.01663738,0.01736244,-0.01663984,-0.01736490,0.00000000,0.00000000,0.00000000,0.00000000,cmd,-79.0995,-1.4507,-107.3807,16.47775921,44.11538455,1283.1482
11.980000,4393116.335240,4259513.822142,1797855.116837,-61.630008,-61.061569,159.060494,0.99573146,-0.00046614,-0.09224910,-0.00295867,0.00009836,-0.00797639,-0.00199415,11.1100,1282.7674,2246.8280,0.02737582,0.00057600,0.528710,0.01663738,0.01736244,-0.01663984,-0.01736490,0.01663738,0.01736244,-0.01663984,-0.01736490,0.00000000,0.00000000,0.00000000,0.00000000,cmd,-79.0567,-1.4941,-107.0845,16.47777522,44.11538446,1282.7674
11.990000,4393115.719030,4259513.211607,1797856.707205,-61.612055,-61.045556,159.013106,0.99572776,-0.00046516,-0.09228863,-0.00296818,0.00011969,-0.00786753,-0.00189936,11.1100,1282.3866,2248.5992,0.02730369,0.00058907,0.528553,0.01651164,0.01719805,-0.01651006,-0.01719647,0.01663738,0.01736244,-0.01663984,-0.01736490,0.00000000,0.00000000,0.00000000,0.00000000,cmd,-79.0140,-1.5354,-106.7856,16.47779123,44.11538437,1282.3866
12.000000,4393115.102998,4259512.601230,1797858.297098,-61.594337,-61.029839,158.965578,0.99572401,-0.00046425,-0.09232882,-0.00297691,0.00009647,-0.00824066,-0.00168485,11.1100,1282.0059,2250.3699,0.02723306,0.00060118,0.528396,0.01651164,0.01719805,-0.01651006,-0.01719647,0.01651164,0.01719805,-0.01651006,-0.01719647,0.00000000,0.00000000,0.00000000,0.00000000,cmd,-78.9713,-1.5940,-106.3346,16.47780723,44.11538428,1282.0059
12.010000,4393114.487142,4259511.991009,1797859.886516,-61.576782,-61.014312,158.917974,0.99572014,-0.00046356,-0.09237035,-0.00298452,0.00007447,-0.00840367,-0.00144721,11.1100,1281.6253,2252.1401,0.02716329,0.00061147,0.528239,0.01651164,0.01719805,-0.01651006,-0.01719647,0.01651164,0.01719805,-0.01651006,-0.01719647,0.00000000,0.00000000,0.00000000,0.00000000,cmd,-78.9287,-1.6254,-106.0454,16.47782322,44.11538419,1281.6253
12.020000,4393113.871462,4259511.380943,1797861.475458,-61.559396,-60.998971,158.870293,0.99571624,-0.00046310,-0.09241217,-0.00299091,0.00005364,-0.00835920,-0.00119402,11.1100,1281.2448,2253.9098,0.02709226,0.00061935,0.528083,0.01599757,0.01702999,-0.01600040,-0.01703282,0.01651164,0.01719805,-0.01651006,-0.01719647,0.00000000,0.00000000,0.00000000,0.00000000,cmd,-78.8862,-1.6490,-105.7516,16.47783921,44.11538411,1281.2448
12.030000,4393113.255952,4259510.771029,1797863.063921,-61.542500,-60.983896,158.822391,0.99571204,-0.00046256,-0.09245718,-0.00299799,0.00008119,-0.00968095,-0.00171780,11.1100,1280.8644,2255.6789,0.02702206,0.00062466,0.527927,0.01599757,0.01702999,-0.01600040,-0.01703282,0.01599757,0.01702999,-0.01600040,-0.01703282,0.00000000,0.00000000,0.00000000,0.00000000,cmd,-78.8437,-1.4803,-105.1001,16.47785520,44.11538402,1280.8644
12.040000,4393112.640611,4259510.161264,1797864.651905,-61.525774,-60.969028,158.774406,0.99570728,-0.00046168,-0.09250816,-0.00300757,0.00010729,-0.01075497,-0.00220485,11.1100,1280.4841,2257.4476,0.02694866,0.00063217,0.527770,0.01599757,0.01702999,-0.01600040,-0.01703282,0.01599757,0.01702999,-0.01600040,-0.01703282,0.00000000,0.00000000,0.00000000,0.00000000,cmd,-78.8013,-1.5061,-104.8045,16.47787118,44.11538393,1280.4841
12.050000,4393112.025436,4259509.551648,1797866.239409,-61.509229,-60.954392,158.726326,0.99570207,-0.00046046,-0.09256383,-0.00301944,0.00013201,-0.01155877,-0.00264226,11.1100,1280.1039,2259.2157,0.02686478,0.00064459,0.527614,0.01599757,0.01702999,-0.01600040,-0.01703282,0.01599757,0.01702999,-0.01600040,-0.01703282,0.00000000,0.00000000,0.00000000,0.00000000,cmd,-78.7589,-1.5475,-104.4744,16.47788716,44.11538384,1280.1039
12.060000,4393111.410426,4259508.942176,1797867.826431,-61.492866,-60.940008,158.678143,0.99569654,-0.00045895,-0.09262280,-0.00303333,0.00015542,-0.01207836,-0.00301897,11.1100,1279.7237,2260.9832,0.02677316,0.00066140,0.527459,0.01599757,0.01702999,-0.01600040,-0.01703282,0.01599757,0.01702999,-0.01600040,-0.01703282,0.00000000,0.00000000,0.00000000,0.00000000,cmd,-78.7166,-1.6029,-104.1185,16.47790313,44.11538375,1279.7237
12.070000,4393110.795578,4259508.332847,1797869.412971,-61.476687,-60.925890,158.629853,0.99569084,-0.00045718,-0.09268363,-0.00304891,0.00017759,-0.01230838,-0.00332603,11.1100,1279.3436,2262.7503,0.02667670,0.00068200,0.527303,0.01599757,0.01702999,-0.01600040,-0.01703282,0.01599757,0.01702999,-0.01600040,-0.01703282,0.00000000,0.00000000,0.00000000,0.00000000,cmd,-78.6743,-1.6702,-103.7462,16.47791910,44.11538366,1279.3436
12.080000,4393110.180892,4259507.723657,1797870.999028,-61.460689,-60.912043,158.581454,0.99568508,-0.00045517,-0.09274490,-0.00306583,0.00019859,-0.01225197,-0.00355673,11.1100,1278.9636,2264.5168,0.02657832,0.00070568,0.527148,0.01599757,0.01702999,-0.01600040,-0.01703282,0.01599757,0.01702999,-0.01600040,-0.01703282,0.00000000,0.00000000,0.00000000,0.00000000,cmd,-78.6321,-1.7470,-103.3669,16.47793506,44.11538358,1278.9636
12.090000,4393109.566364,4259507.114605,1797872.584600,-61.444862,-60.898467,158.532951,0.99567941,-0.00045297,-0.09280519,-0.00308368,0.00021848,-0.01192043,-0.00370680,11.1100,1278.5837,2266.2828,0.02648093,0.00073166,0.526992,0.01593191,0.01682235,-0.01592431,-0.01681475,0.01599757,0.01702999,-0.01600040,-0.01703282,0.00000000,0.00000000,0.00000000,0.00000000,cmd,-78.5900,-1.8309,-102.9900,16.47795102,44.11538349,1278.5837
12.100000,4393108.951994,4259506.505686,1797874.169686,-61.429238,-60.885287,158.484286,0.99567379,-0.00045097,-0.09286482,-0.00310129,0.00012597,-0.01198498,-0.00345383,11.1100,1278.2038,2268.0483,0.02638730,0.00075913,0.526837,0.01593191,0.01682235,-0.01592431,-0.01681475,0.01593191,0.01682235,-0.01592431,-0.01681475,0.00000000,0.00000000,0.00000000,0.00000000,cmd,-78.5479,-1.9941,-102.4745,16.47796698,44.11538340,1278.2038
12.110000,4393108.337779,4259505.896898,1797875.754285,-61.413779,-60.872358,158.435525,0.99566821,-0.00044955,-0.09292412,-0.00311752,0.00003833,-0.01179279,-0.00313398,11.1100,1277.8240,2269.8133,0.02629750,0.00078528,0.526682,0.01563763,0.01652757,-0.01563698,-0.01652692,0.01593191,0.01682235,-0.01592431,-0.01681475,0.00000000,0.00000000,0.00000000,0.00000000,cmd,-78.5059,-2.0761,-102.1237,16.47798293,44.11538331,1277.8240
12.120000,4393107.723717,4259505.288237,1797877.338396,-61.398663,-60.859840,158.386545,0.99566246,-0.00044854,-0.09298519,-0.00313202,0.00002940,-0.01269483,-0.00275738,11.1100,1277.4442,2271.5777,0.02621004,0.00080815,0.526527,0.01563763,0.01652757,-0.01563698,-0.01652692,0.01563763,0.01652757,-0.01563698,-0.01652692,0.00000000,0.00000000,0.00000000,0.00000000,cmd,-78.4639,-2.1475,-101.4723,16.47799887,44.11538322,1277.4442
12.130000,4393107.109805,4259504.679701,1797878.922016,-61.383728,-60.847559,158.337469,0.99565636,-0.00044778,-0.09305007,-0.00314455,0.00002093,-0.01332175,-0.00233768,11.1100,1277.0645,2273.3416,0.02612221,0.00082720,0.526373,0.01563763,0.01652757,-0.01563698,-0.01652692,0.01563763,0.01652757,-0.01563698,-0.01652692,0.00000000,0.00000000,0.00000000,0.00000000,cmd,-78.4220,-2.2059,-101.1325,16.47801481,44.11538313,1277.0645
12.140000,4393106.496041,4259504.071285,1797880.505145,-61.368992,-60.835515,158.288291,0.99565004,-0.00044726,-0.09311737,-0.00315490,0.00001291,-0.01366485,-0.00188819,11.1100,1276.6848,2275.1050,0.02602844,0.00084201,0.526218,0.01563763,0.01652757,-0.01563698,-0.01652692,0.01563763,0.01652757,-0.01563698,-0.01652692,0.00000000,0.00000000,0.00000000,0.00000000,cmd,-78.3802,-2.2504,-100.7728,16.47803074,44.11538304,1276.6848
12.150000,4393105.882424,4259503.462990,1797882.087781,-61.354466,-60.823702,158.239009,0.99564362,-0.00044700,-0.09318567,-0.00316297,0.00000531,-0.01372384,-0.00142267,11.1100,1276.3052,2276.8679,0.02593160,0.00085227,0.526064,0.01563763,0.01652757,-0.01563698,-0.01652692,0.01563763,0.01652757,-0.01563698,-0.01652692,0.00000000,0.00000000,0.00000000,0.00000000,cmd,-78.3384,-2.2801,-100.4024,16.47804667,44.11538295,1276.3052
12.160000,4393105.268951,4259502.854811,1797883.669925,-61.340160,-60.812107,158.189624,0.99563725,-0.00044699,-0.09325356,-0.00316872,-0.00000189,-0.01350660,-0.00095490,11.1100,1275.9256,2278.6302,0.02583457,0.00085784,0.525910,0.01563763,0.01652757,-0.01563698,-0.01652692,0.01563763,0.01652757,-0.01563698,-0.01652692,0.00000000,0.00000000,0.00000000,0.00000000,cmd,-78.2967,-2.2946,-100.0306,16.47806260,44.11538286,1275.9256
12.170000,4393104.655620,4259502.246747,1797885.251574,-61.326074,-60.800715,158.140141,0.99563104,-0.00044723,-0.09331972,-0.00317217,-0.00000871,-0.01302865,-0.00049829,11.1100,1275.5461,2280.3920,0.02574014,0.00085869,0.525756,0.01563763,0.01652757,-0.01563698,-0.01652692,0.01563763,0.01652757,-0.01563698,-0.01652692,0.00000000,0.00000000,0.00000000,0.00000000,cmd,-78.2550,-2.2940,-99.6665,16.47807852,44.11538277,1275.5461
12.180000,4393104.042429,4259501.638796,1797886.832727,-61.312206,-60.789507,158.090567,0.99562511,-0.00044770,-0.09338289,-0.00317340,-0.00001518,-0.01231252,-0.00006551,11.1100,1275.1666,2282.1533,0.02565095,0.00085495,0.525602,0.01563763,0.01652757,-0.01563698,-0.01652692,0.01563763,0.01652757,-0.01563698,-0.01652692,0.00000000,0.00000000,0.00000000,0.00000000,cmd,-78.2134,-2.2786,-99.3186,16.47809444,44.11538268,1275.1666
12.190000,4393103.429375,4259501.030956,1797888.413385,-61.298548,-60.778457,158.040913,0.99561957,-0.00044838,-0.09344196,-0.00317257,-0.00002130,-0.01138683,0.00033183,11.1100,1274.7871,2283.9141,0.02556940,0.00084686,0.525448,0.01563763,0.01652757,-0.01563698,-0.01652692,0.01563763,0.01652757,-0.01563698,-0.01652692,0.00000000,0.00000000,0.00000000,0.00000000,cmd,-78.1719,-2.2494,-98.9945,16.47811035,44.11538259,1274.7871
12.200000,4393102.816457,4259500.423226,1797889.993545,-61.285089,-60.767541,157.991192,0.99561451,-0.00044925,-0.09349596,-0.00316987,-0.00002711,-0.01028530,0.00068353,11.1100,1274.4076,2285.6743,0.02549761,0.00083478,0.525295,0.01563763,0.01652757,-0.01563698,-0.01652692,0.01563763,0.01652757,-0.01563698,-0.01652692,0.00000000,0.00000000,0.00000000,0.00000000,cmd,-78.1304,-2.2076,-98.7012,16.47812625,44.11538250,1274.4076
12.210000,4393102.203673,4259499.815605,1797891.573208,-61.271812,-60.756730,157.941419,0.99561000,-0.00045028,-0.09354413,-0.00316556,-0.00003261,-0.00904563,0.00098098,11.1100,1274.0282,2287.4340,0.02543733,0.00081917,0.525142,0.01499226,0.01582641,-0.01499367,-0.01582782,0.01563763,0.01652757,-0.01563698,-0.01652692,0.00000000,0.00000000,0.00000000,0.00000000,cmd,-78.0889,-2.1547,-98.4444,16.47814215,44.11538241,1274.0282
12.220000,4393101.591019,4259499.208089,1797893.152372,-61.259089,-60.746409,157.891317,0.99560538,-0.00045144,-0.09359353,-0.00315961,-0.00001599,-0.01077639,0.00134242,11.1100,1273.6488,2289.1932,0.02538996,0.00080059,0.524989,0.01499226,0.01582641,-0.01499367,-0.01582782,0.01499226,0.01582641,-0.01499367,-0.01582782,0.00000000,0.00000000,0.00000000,0.00000000,cmd,-78.0475,-2.1219,-97.5232,16.47815805,44.11538232,1273.6488
12.230000,4393100.978491,4259498.600676,1797894.731035,-61.246550,-60.736172,157.841170,0.99559998,-0.00045270,-0.09365112,-0.00315201,-0.00000025,-0.01232940,0.00163222,11.1100,1273.2694,2290.9518,0.02534460,0.00077889,0.524836,0.01499226,0.01582641,-0.01499367,-0.01582782,0.01499226,0.01582641,-0.01499367,-0.01582782,0.00000000,0.00000000,0.00000000,0.00000000,cmd,-78.0062,-2.0497,-97.3274,16.47817394,44.11538223,1273.2694
12.240000,4393100.366087,4259497.993365,1797896.309195,-61.234228,-60.726040,157.790960,0.99559391,-0.00045403,-0.09371591,-0.00314316,0.00001467,-0.01366665,0.00184435,11.1100,1272.8901,2292.7100,0.02528387,0.00075430,0.524683,0.01499226,0.01582641,-0.01499367,-0.01582782,0.01499226,0.01582641,-0.01499367,-0.01582782,0.00000000,0.00000000,0.00000000,0.00000000,cmd,-77.9649,-1.9685,-97.0820,16.47818983,44.11538214,1272.8901
12.250000,4393099.753805,4259497.386155,1797897.886854,-61.222147,-60.716032,157.740672,0.99558727,-0.00045538,-0.09378677,-0.00313344,0.00002880,-0.01475743,0.00197521,11.1100,1272.5107,2294.4676,0.02520998,0.00072762,0.524530,0.01499226,0.01582641,-0.01499367,-0.01582782,0.01499226,0.01582641,-0.01499367,-0.01582782,0.00000000,0.00000000,0.00000000,0.00000000,cmd,-77.9237,-1.8812,-96.7938,16.47820571,44.11538205,1272.5107
12.260000,4393099.141643,4259496.779044,1797899.464008,-61.210326,-60.706163,157.690295,0.99558018,-0.00045672,-0.09386238,-0.00312327,0.00004219,-0.01557903,0.00202358,11.1100,1272.1314,2296.2247,0.02512544,0.00069965,0.524378,0.01499226,0.01582641,-0.01499367,-0.01582782,0.01499226,0.01582641,-0.01499367,-0.01582782,0.00000000,0.00000000,0.00000000,0.00000000,cmd,-77.8825,-1.7901,-96.4709,16.47822159,44.11538196,1272.1314
12.270000,4393098.529598,4259496.172031,1797901.040659,-61.198777,-60.696444,157.639821,0.99557276,-0.00045801,-0.09394139,-0.00311305,0.00005487,-0.01611710,0.00199066,11.1100,1271.7520,2297.9812,0.02503297,0.00067124,0.524226,0.01443960,0.01551828,-0.01443831,-0.01551700,0.01499226,0.01582641,-0.01499367,-0.01582782,0.00000000,0.00000000,0.00000000,0.00000000,cmd,-77.8414,-1.6982,-96.1219,16.47823746,44.11538187,1271.7520
12.280000,4393097.917665,4259495.565114,1797902.616804,-61.187843,-60.687058,157.589058,0.99556468,-0.00045917,-0.09402726,-0.00310455,0.00003848,-0.01832900,0.00133385,11.1100,1271.3727,2299.7372,0.02493545,0.00064321,0.524073,0.01443960,0.01551828,-0.01443831,-0.01551700,0.01443960,0.01551828,-0.01443831,-0.01551700,0.00000000,0.00000000,0.00000000,0.00000000,cmd,-77.8004,-1.4800,-95.3046,16.47825333,44.11538178,1271.3727
12.290000,4393097.305840,4259494.958290,1797904.192440,-61.177197,-60.677876,157.538176,0.99555562,-0.00046011,-0.09412326,-0.00309945,0.00002296,-0.02017625,0.00062990,11.1100,1270.9934,2301.4927,0.02482824,0.00061968,0.523922,0.01434146,0.01528563,-0.01434091,-0.01528508,0.01443960,0.01551828,-0.01443831,-0.01551700,0.00000000,0.00000000,0.00000000,0.00000000,cmd,-77.7594,-1.4070,-94.9157,16.47826919,44.11538168,1270.9934
12.300000,4393096.694120,4259494.351555,1797905.767566,-61.166912,-60.669080,157.487081,0.99554559,-0.00046088,-0.09422933,-0.00309718,0.00001596,-0.02236778,0.00020015,11.1100,1270.6140,2303.2477,0.02470275,0.00060327,0.523770,0.01434146,0.01528563,-0.01434091,-0.01528508,0.01434146,0.01528563,-0.01434091,-0.01528508,0.00000000,0.00000000,0.00000000,0.00000000,cmd,-77.7185,-1.4272,-94.2952,16.47828505,44.11538159,1270.6140
12.310000,4393096.082501,4259493.744907,1797907.342181,-61.156956,-60.660570,157.435825,0.99553462,-0.00046151,-0.09434517,-0.00309710,0.00000933,-0.02409664,-0.00024778,11.1100,1270.2347,2305.0022,0.02456021,0.00059238,0.523618,0.01434146,0.01528563,-0.01434091,-0.01528508,0.01434146,0.01528563,-0.01434091,-0.01528508,0.00000000,0.00000000,0.00000000,0.00000000,cmd,-77.6777,-1.3936,-93.7949,16.47830091,44.11538150,1270.2347
12.320000,4393095.470979,4259493.138343,1797908.916282,-61.147347,-60.652381,157.384388,0.99552293,-0.00046197,-0.09446839,-0.00309927,0.00000305,-0.02532867,-0.00070066,11.1100,1269.8553,2306.7561,0.02440064,0.00058601,0.523467,0.01434146,0.01528563,-0.01434091,-0.01528508,0.01434146,0.01528563,-0.01434091,-0.01528508,0.00000000,0.00000000,0.00000000,0.00000000,cmd,-77.6369,-1.3745,-93.2390,16.47831676,44.11538141,1269.8553
12.330000,4393094.859553,4259492.531858,1797910.489868,-61.138095,-60.644539,157.332760,0.99551075,-0.00046228,-0.09459647,-0.00310367,-0.00000289,-0.02604487,-0.00114554,11.1100,1269.4759,2308.5095,0.02422907,0.00058421,0.523316,0.01434146,0.01528563,-0.01434091,-0.01528508,0.01434146,0.01528563,-0.01434091,-0.01528508,0.00000000,0.00000000,0.00000000,0.00000000,cmd,-77.5962,-1.3699,-92.6435,16.47833260,44.11538132,1269.4759
12.340000,4393094.248216,4259491.925451,1797912.062937,-61.129198,-60.637061,157.280934,0.99549834,-0.00046241,-0.09472682,-0.00311025,-0.00000852,-0.02624147,-0.00157011,11.1100,1269.0965,2310.2623,0.02405075,0.00058690,0.523165,0.01434146,0.01528563,-0.01434091,-0.01528508,0.01434146,0.01528563,-0.01434091,-0.01528508,0.00000000,0.00000000,0.00000000,0.00000000,cmd,-77.5556,-1.3796,-92.0249,16.47834844,44.11538123,1269.0965
12.350000,4393093.636967,4259491.319116,1797913.635486,-61.120647,-60.629954,157.228911,0.99548593,-0.00046237,-0.09485687,-0.00311887,-0.00001386,-0.02592951,-0.00196301,11.1100,1268.7170,2312.0146,0.02387092,0.00059385,0.523014,0.01427877,0.01507037,-0.01428362,-0.01507522,0.01434146,0.01528563,-0.01434091,-0.01528508,0.00000000,0.00000000,0.00000000,0.00000000,cmd,-77.5150,-1.4028,-91.4002,16.47836428,44.11538113,1268.7170
12.360000,4393093.025802,4259490.712850,1797915.207514,-61.112460,-60.623343,157.176638,0.99547361,-0.00046211,-0.09498569,-0.00312848,0.00003777,-0.02575075,-0.00197510,11.1100,1268.3375,2313.7664,0.02369474,0.00060475,0.522864,0.01427877,0.01507037,-0.01428362,-0.01507522,0.01427877,0.01507037,-0.01428362,-0.01507522,0.00000000,0.00000000,0.00000000,0.00000000,cmd,-77.4745,-1.5177,-90.6438,16.47838011,44.11538104,1268.3375
12.370000,4393092.414717,4259490.106648,1797916.779018,-61.104592,-60.617089,157.124182,0.99546148,-0.00046160,-0.09511244,-0.00313804,0.00008670,-0.02510220,-0.00195232,11.1100,1267.9580,2315.5177,0.02352472,0.00061710,0.522713,0.01360358,0.01464098,-0.01359798,-0.01463538,0.01427877,0.01507037,-0.01428362,-0.01507522,0.00000000,0.00000000,0.00000000,0.00000000,cmd,-77.4341,-1.5561,-90.0501,16.47839593,44.11538095,1267.9580
12.380000,4393091.803707,4259489.500506,1797918.349996,-61.097441,-60.611417,157.071314,0.99544914,-0.00046103,-0.09524116,-0.00314878,0.00002360,-0.02653680,-0.00244184,11.1100,1267.5784,2317.2685,0.02336173,0.00062921,0.522563,0.01360358,0.01464098,-0.01359798,-0.01463538,0.01360358,0.01464098,-0.01359798,-0.01463538,0.00000000,0.00000000,0.00000000,0.00000000,cmd,-77.3937,-1.4658,-88.8981,16.47841175,44.11538086,1267.5784
12.390000,4393091.192767,4259488.894418,1797919.920444,-61.090594,-60.606106,157.018267,0.99543621,-0.00046056,-0.09537580,-0.00316184,-0.00003619,-0.02748031,-0.00287575,11.1100,1267.1988,2319.0187,0.02320045,0.00064410,0.522414,0.01360358,0.01464098,-0.01359798,-0.01463538,0.01360358,0.01464098,-0.01359798,-0.01463538,0.00000000,0.00000000,0.00000000,0.00000000,cmd,-77.3534,-1.5144,-88.3409,16.47842757,44.11538077,1267.1988
12.400000,4393090.581894,4259488.288382,1797921.490361,-61.084053,-60.601175,156.965032,0.99542292,-0.00046019,-0.09551389,-0.00317693,-0.00009286,-0.02792180,-0.00324359,11.1100,1266.8191,2320.7683,0.02303010,0.00066333,0.522264,0.01360358,0.01464098,-0.01359798,-0.01463538,0.01360358,0.01464098,-0.01359798,-0.01463538,0.00000000,0.00000000,0.00000000,0.00000000,cmd,-77.3132,-1.5763,-87.7535,16.47844338,44.11538067,1266.8191
12.410000,4393089.971085,4259487.682393,1797923.059744,-61.077818,-60.596633,156.911609,0.99540952,-0.00045995,-0.09565292,-0.00319369,-0.00014656,-0.02786483,-0.00353706,11.1100,1266.4393,2322.5175,0.02285576,0.00068623,0.522114,0.01360358,0.01464098,-0.01359798,-0.01463538,0.01360358,0.01464098,-0.01359798,-0.01463538,0.00000000,0.00000000,0.00000000,0.00000000,cmd,-77.2731,-1.6496,-87.1521,16.47845918,44.11538058,1266.4393
12.420000,4393089.360337,4259487.076448,1797924.628592,-61.071877,-60.592481,156.857998,0.99539623,-0.00045984,-0.09579047,-0.00321174,-0.00019745,-0.02732695,-0.00375021,11.1100,1266.0594,2324.2661,0.02268247,0.00071204,0.521965,0.01360358,0.01464098,-0.01359798,-0.01463538,0.01360358,0.01464098,-0.01359798,-0.01463538,0.00000000,0.00000000,0.00000000,0.00000000,cmd,-77.2330,-1.7316,-86.5526,16.47847498,44.11538049,1266.0594
12.430000,4393088.749647,4259486.470543,1797926.196903,-61.066214,-60.588706,156.804212,0.99538329,-0.00045988,-0.09592420,-0.00323067,-0.00024568,-0.02633869,-0.00387953,11.1100,1265.6795,2326.0142,0.02251510,0.00073996,0.521816,0.01360358,0.01464098,-0.01359798,-0.01463538,0.01360358,0.01464098,-0.01359798,-0.01463538,0.00000000,0.00000000,0.00000000,0.00000000,cmd,-77.1930,-1.8199,-85.9704,16.47849078,44.11538040,1265.6795
12.440000,4393088.139012,4259485.864673,1797927.764676,-61.060804,-60.585290,156.750263,0.99537091,-0.00046010,-0.09605197,-0.00325006,-0.00029139,-0.02494233,-0.00392397,11.1100,1265.2995,2327.7617,0.02235819,0.00076913,0.521667,0.01304754,0.01400447,-0.01304987,-0.01400680,0.01360358,0.01464098,-0.01359798,-0.01463538,0.00000000,0.00000000,0.00000000,0.00000000,cmd,-77.1531,-1.9117,-85.4201,16.47850657,44.11538030,1265.2995
12.450000,4393087.528428,4259485.258834,1797929.331907,-61.055949,-60.582572,156.695916,0.99535862,-0.00046037,-0.09617855,-0.00326902,-0.00025206,-0.02585573,-0.00370704,11.1100,1264.9194,2329.5087,0.02221587,0.00079871,0.521519,0.01304754,0.01400447,-0.01304987,-0.01400680,0.01304754,0.01400447,-0.01304987,-0.01400680,0.00000000,0.00000000,0.00000000,0.00000000,cmd,-77.1132,-2.0459,-84.3020,16.47852236,44.11538021,1264.9194
12.460000,4393086.917892,4259484.653020,1797930.898594,-61.051325,-60.580177,156.641426,0.99534598,-0.00046058,-0.09630868,-0.00328669,-0.00021477,-0.02636950,-0.00341833,11.1100,1264.5391,2331.2552,0.02208141,0.00082675,0.521371,0.01257923,0.01381280,-0.01258265,-0.01381622,0.01304754,0.01400447,-0.01304987,-0.01400680,0.00000000,0.00000000,0.00000000,0.00000000,cmd,-77.0734,-2.1323,-83.8324,16.47853814,44.11538012,1264.5391
12.470000,4393086.307400,4259484.047229,1797932.464734,-61.047228,-60.578206,156.586649,0.99533281,-0.00046060,-0.09644406,-0.00330427,-0.00016813,-0.02796274,-0.00367865,11.1100,1264.1588,2333.0011,0.02194219,0.00085187,0.521222,0.01257923,0.01381280,-0.01258265,-0.01381622,0.01257923,0.01381280,-0.01258265,-0.01381622,0.00000000,0.00000000,0.00000000,0.00000000,cmd,-77.0337,-2.0662,-83.0062,16.47855392,44.11538002,1264.1588
12.480000,4393085.696947,4259483.441455,1797934.030326,-61.043385,-60.576581,156.531714,0.99531896,-0.00046032,-0.09658627,-0.00332294,-0.00012392,-0.02910631,-0.00386118,11.1100,1263.7784,2334.7465,0.02179654,0.00087720,0.521074,0.01257923,0.01381280,-0.01258265,-0.01381622,0.01257923,0.01381280,-0.01258265,-0.01381622,0.00000000,0.00000000,0.00000000,0.00000000,cmd,-76.9940,-2.1461,-82.5056,16.47856969,44.11537993,1263.7784
12.490000,4393085.086531,4259482.835696,1797935.595368,-61.039810,-60.575320,156.476609,0.99530465,-0.00045976,-0.09673300,-0.00334228,-0.00008201,-0.02978247,-0.00396314,11.1100,1263.3979,2336.4914,0.02163977,0.00090435,0.520927,0.01257923,0.01381280,-0.01258265,-0.01381622,0.01257923,0.01381280,-0.01258265,-0.01381622,0.00000000,0.00000000,0.00000000,0.00000000,cmd,-76.9544,-2.2312,-81.9686,16.47858546,44.11537984,1263.3979
12.500000,4393084.476150,4259482.229947,1797937.159858,-61.036510,-60.574433,156.421330,0.99529010,-0.00045899,-0.09688193,-0.00336192,-0.00004227,-0.02998714,-0.00398409,11.1100,1263.0172,2338.2357,0.02147661,0.00093249,0.520779,0.01257923,0.01381280,-0.01258265,-0.01381622,0.01257923,0.01381280,-0.01258265,-0.01381622,0.00000000,0.00000000,0.00000000,0.00000000,cmd,-76.9149,-2.3191,-81.4102,16.47860122,44.11537974,1263.0172
12.510000,4393083.865800,4259481.624206,1797938.723794,-61.033485,-60.573918,156.365876,0.99527554,-0.00045802,-0.09703071,-0.00338144,-0.00000461,-0.02972960,-0.00392588,11.1100,1262.6364,2339.9795,0.02131183,0.00096083,0.520632,0.01257923,0.01381280,-0.01258265,-0.01381622,0.01257923,0.01381280,-0.01258265,-0.01381622,0.00000000,0.00000000,0.00000000,0.00000000,cmd,-76.8755,-2.4071,-80.8453,16.47861698,44.11537965,1262.6364
12.520000,4393083.255479,4259481.018468,1797940.287175,-61.030729,-60.573763,156.310253,0.99526119,-0.00045692,-0.09717711,-0.00340046,0.00003110,-0.02903182,-0.00379251,11.1100,1262.2555,2341.7227,0.02115012,0.00098856,0.520485,0.01214894,0.01337298,-0.01214985,-0.01337389,0.01257923,0.01381280,-0.01258265,-0.01381622,0.00000000,0.00000000,0.00000000,0.00000000,cmd,-76.8361,-2.4928,-80.2887,16.47863273,44.11537956,1262.2555
12.530000,4393082.645183,4259480.412728,1797941.849997,-61.028484,-60.574203,156.254285,0.99524679,-0.00045579,-0.09732388,-0.00341858,0.00003896,-0.02988130,-0.00356902,11.1100,1261.8745,2343.4654,0.02099592,0.00101491,0.520338,0.01214894,0.01337298,-0.01214985,-0.01337389,0.01214894,0.01337298,-0.01214985,-0.01337389,0.00000000,0.00000000,0.00000000,0.00000000,cmd,-76.7968,-2.5786,-79.3053,16.47864848,44.11537946,1261.8745
12.540000,4393082.034908,4259479.806983,1797943.412260,-61.026502,-60.574980,156.198158,0.99523206,-0.00045476,-0.09747379,-0.00343543,0.00004641,-0.03029152,-0.00328505,11.1100,1261.4933,2345.2076,0.02084580,0.00103907,0.520191,0.01214894,0.01337298,-0.01214985,-0.01337389,0.01214894,0.01337298,-0.01214985,-0.01337389,0.00000000,0.00000000,0.00000000,0.00000000,cmd,-76.7575,-2.6522,-78.7915,16.47866422,44.11537937,1261.4933
12.550000,4393081.424652,4259479.201228,1797944.973960,-61.024792,-60.576091,156.141870,0.99521722,-0.00045385,-0.09762464,-0.00345074,0.00005347,-0.03026500,-0.00295033,11.1100,1261.1119,2346.9492,0.02069197,0.00106035,0.520045,0.01214894,0.01337298,-0.01214985,-0.01337389,0.01214894,0.01337298,-0.01214985,-0.01337389,0.00000000,0.00000000,0.00000000,0.00000000,cmd,-76.7184,-2.7163,-78.2648,16.47867996,44.11537927,1261.1119
12.560000,4393080.814412,4259478.595460,1797946.535097,-61.023357,-60.577524,156.085424,0.99520248,-0.00045307,-0.09777431,-0.00346427,0.00006016,-0.02981641,-0.00257571,11.1100,1260.7304,2348.6903,0.02053884,0.00107824,0.519898,0.01214894,0.01337298,-0.01214985,-0.01337389,0.01214894,0.01337298,-0.01214985,-0.01337389,0.00000000,0.00000000,0.00000000,0.00000000,cmd,-76.6793,-2.7695,-77.7391,16.47869569,44.11537918,1260.7304
12.570000,4393080.204184,4259477.989676,1797948.095668,-61.022192,-60.579260,156.028828,0.99518804,-0.00045244,-0.09792074,-0.00347585,0.00006649,-0.02897178,-0.00217282,11.1100,1260.3488,2350.4309,0.02039070,0.00109234,0.519752,0.01214894,0.01337298,-0.01214985,-0.01337389,0.01214894,0.01337298,-0.01214985,-0.01337389,0.00000000,0.00000000,0.00000000,0.00000000,cmd,-76.6403,-2.8106,-77.2279,16.47871142,44.11537909,1260.3488
12.580000,4393079.593967,4259477.383874,1797949.655673,-61.021288,-60.581273,155.972095,0.99517410,-0.00045197,-0.09806205,-0.00348539,0.00007249,-0.02776737,-0.00175371,11.1100,1259.9670,2352.1709,0.02025152,0.00110236,0.519606,0.01214894,0.01337298,-0.01214985,-0.01337389,0.01214894,0.01337298,-0.01214985,-0.01337389,0.00000000,0.00000000,0.00000000,0.00000000,cmd,-76.6013,-2.8387,-76.7436,16.47872714,44.11537899,1259.9670
12.590000,4393078.983758,4259476.778050,1797951.215110,-61.020627,-60.583530,155.915241,0.99516081,-0.00045165,-0.09819656,-0.00349283,0.00007818,-0.02624838,-0.00133051,11.1100,1259.5850,2353.9103,0.02012495,0.00110817,0.519461,0.01214894,0.01337298,-0.01214985,-0.01337389,0.01214894,0.01337298,-0.01214985,-0.01337389,0.00000000,0.00000000,0.00000000,0.00000000,cmd,-76.5624,-2.8535,-76.2979,16.47874286,44.11537890,1259.5850
12.600000,4393078.373554,4259476.172202,1797952.773977,-61.020187,-60.585994,155.858288,0.99514832,-0.00045147,-0.09832284,-0.00349818,0.00008357,-0.02446740,-0.00091509,11.1100,1259.2029,2355.6493,0.02001414,0.00110971,0.519315,0.01214894,0.01337298,-0.01214985,-0.01337389,0.01214894,0.01337298,-0.01214985,-0.01337389,0.00000000,0.00000000,0.00000000,0.00000000,cmd,-76.5235,-2.8549,-75.9008,16.47875858,44.11537880,1259.2029
12.610000,4393077.763353,4259475.566329,1797954.332275,-61.019942,-60.588623,155.801259,0.99513675,-0.00045144,-0.09843972,-0.00350150,0.00008867,-0.02248269,-0.00051874,11.1100,1258.8206,2357.3876,0.01992173,0.00110707,0.519170,0.01142978,0.01281762,-0.01142774,-0.01281558,0.01214894,0.01337298,-0.01214985,-0.01337389,0.00000000,0.00000000,0.00000000,0.00000000,cmd,-76.4848,-2.8432,-75.5606,16.47877429,44.11537870,1258.8206
12.620000,4393077.153152,4259474.960428,1797955.890001,-61.020288,-60.591686,155.743905,0.99512549,-0.00045155,-0.09855345,-0.00350383,0.00006306,-0.02320148,-0.00051017,11.1100,1258.4381,2359.1255,0.01984975,0.00110045,0.519025,0.01142978,0.01281762,-0.01142774,-0.01281558,0.01142978,0.01281762,-0.01142774,-0.01281558,0.00000000,0.00000000,0.00000000,0.00000000,cmd,-76.4461,-2.7353,-74.6298,16.47878999,44.11537861,1258.4381
12.630000,4393076.542947,4259474.354495,1797957.447153,-61.020795,-60.594870,155.686502,0.99511390,-0.00045179,-0.09867030,-0.00350617,0.00003877,-0.02373180,-0.00052412,11.1100,1258.0554,2360.8628,0.01978864,0.00109236,0.518880,0.01142978,0.01281762,-0.01142774,-0.01281558,0.01142978,0.01281762,-0.01142774,-0.01281558,0.00000000,0.00000000,0.00000000,0.00000000,cmd,-76.4074,-2.7085,-74.3993,16.47880569,44.11537851,1258.0554
12.640000,4393075.932736,4259473.748530,1797959.003731,-61.021470,-60.598184,155.629046,0.99510209,-0.00045215,-0.09878929,-0.00350866,0.00001574,-0.02406525,-0.00055952,11.1100,1257.6725,2362.5995,0.01972248,0.00108443,0.518735,0.01142978,0.01281762,-0.01142774,-0.01281558,0.01142978,0.01281762,-0.01142774,-0.01281558,0.00000000,0.00000000,0.00000000,0.00000000,cmd,-76.3688,-2.6822,-74.1526,16.47882138,44.11537842,1257.6725
12.650000,4393075.322517,4259473.142531,1797960.559734,-61.022314,-60.601632,155.571534,0.99509014,-0.00045260,-0.09890944,-0.00351138,-0.00000609,-0.02419916,-0.00061473,11.1100,1257.2895,2364.3357,0.01965327,0.00107685,0.518590,0.01142978,0.01281762,-0.01142774,-0.01281558,0.01142978,0.01281762,-0.01142774,-0.01281558,0.00000000,0.00000000,0.00000000,0.00000000,cmd,-76.3303,-2.6572,-73.8958,16.47883707,44.11537832,1257.2895
12.660000,4393074.712289,4259472.536497,1797962.115161,-61.023327,-60.605216,155.513965,0.99507816,-0.00045312,-0.09902977,-0.00351443,-0.00002680,-0.02413647,-0.00068764,11.1100,1256.9062,2366.0714,0.01958303,0.00106985,0.518446,0.01142978,0.01281762,-0.01142774,-0.01281558,0.01142978,0.01281762,-0.01142774,-0.01281558,0.00000000,0.00000000,0.00000000,0.00000000,cmd,-76.2918,-2.6341,-73.6352,16.47885276,44.11537822,1256.9062
12.670000,4393074.102050,4259471.930426,1797963.670013,-61.024504,-60.608935,155.456342,0.99506625,-0.00045370,-0.09914931,-0.00351789,-0.00004643,-0.02388552,-0.00077568,11.1100,1256.5228,2367.8065,0.01951375,0.00106359,0.518302,0.01142978,0.01281762,-0.01142774,-0.01281558,0.01142978,0.01281762,-0.01142774,-0.01281558,0.00000000,0.00000000,0.00000000,0.00000000,cmd,-76.2534,-2.6135,-73.3771,16.47886844,44.11537813,1256.5228
12.680000,4393073.491798,4259471.324318,1797965.224288,-61.025837,-60.612783,155.398668,0.99505448,-0.00045432,-0.09926716,-0.00352183,-0.00006504,-0.02345960,-0.00087596,11.1100,1256.1392,2369.5411,0.01944734,0.00105822,0.518158,0.01142978,0.01281762,-0.01142774,-0.01281558,0.01142978,0.01281762,-0.01142774,-0.01281558,0.00000000,0.00000000,0.00000000,0.00000000,cmd,-76.2151,-2.5957,-73.1275,16.47888411,44.11537803,1256.1392
12.690000,4393072.881533,4259470.718170,1797966.777986,-61.027314,-60.616755,155.340951,0.99504295,-0.00045498,-0.09938249,-0.00352630,-0.00008269,-0.02287647,-0.00098533,11.1100,1255.7554,2371.2752,0.01938555,0.00105388,0.518014,0.01114834,0.01246211,-0.01114385,-0.01245762,0.01142978,0.01281762,-0.01142774,-0.01281558,0.00000000,0.00000000,0.00000000,0.00000000,cmd,-76.1768,-2.5811,-72.8918,16.47889978,44.11537793,1255.7554
12.700000,4393072.271251,4259470.111981,1797968.331106,-61.029086,-60.621045,155.283060,0.99503138,-0.00045576,-0.09949811,-0.00353095,-0.00012455,-0.02357501,-0.00093925,11.1100,1255.3713,2373.0087,0.01932997,0.00105064,0.517870,0.01114834,0.01246211,-0.01114385,-0.01245762,0.01114834,0.01246211,-0.01114385,-0.01245762,0.00000000,0.00000000,0.00000000,0.00000000,cmd,-76.1386,-2.6078,-72.3492,16.47891544,44.11537784,1255.3713
12.710000,4393071.660951,4259469.505749,1797969.883647,-61.030994,-60.625451,155.225132,0.99501949,-0.00045678,-0.09961680,-0.00353540,-0.00016423,-0.02410745,-0.00090292,11.1100,1254.9871,2374.7416,0.01927651,0.00104756,0.517727,0.01114834,0.01246211,-0.01114385,-0.01245762,0.01114834,0.01246211,-0.01114385,-0.01245762,0.00000000,0.00000000,0.00000000,0.00000000,cmd,-76.1004,-2.5966,-72.1450,16.47893110,44.11537774,1254.9871
12.720000,4393071.050630,4259468.899472,1797971.435609,-61.033045,-60.629980,155.167159,0.99500736,-0.00045802,-0.09973769,-0.00353972,-0.00020187,-0.02446468,-0.00087705,11.1100,1254.6027,2376.4740,0.01921796,0.00104413,0.517583,0.01114834,0.01246211,-0.01114385,-0.01245762,0.01114834,0.01246211,-0.01114385,-0.01245762,0.00000000,0.00000000,0.00000000,0.00000000,cmd,-76.0623,-2.5843,-71.9245,16.47894676,44.11537764,1254.6027
12.730000,4393070.440289,4259468.293149,1797972.986990,-61.035245,-60.634636,155.109140,0.99499509,-0.00045945,-0.09985992,-0.00354396,-0.00023756,-0.02464272,-0.00086205,11.1100,1254.2180,2378.2059,0.01915611,0.00104043,0.517440,0.01114834,0.01246211,-0.01114385,-0.01245762,0.01114834,0.01246211,-0.01114385,-0.01245762,0.00000000,0.00000000,0.00000000,0.00000000,cmd,-76.0243,-2.5713,-71.6933,16.47896241,44.11537755,1254.2180
12.740000,4393069.829925,4259467.686779,1797974.537791,-61.037595,-60.639420,155.051074,0.99498275,-0.00046106,-0.09998259,-0.00354817,-0.00027140,-0.02464269,-0.00085801,11.1100,1253.8332,2379.9372,0.01909277,0.00103658,0.517297,0.01114834,0.01246211,-0.01114385,-0.01245762,0.01114834,0.01246211,-0.01114385,-0.01245762,0.00000000,0.00000000,0.00000000,0.00000000,cmd,-75.9863,-2.5579,-71.4569,16.47897805,44.11537745,1253.8332
12.750000,4393069.219537,4259467.080360,1797976.088011,-61.040093,-60.644330,154.992961,0.99497045,-0.00046284,-0.10010482,-0.00355240,-0.00030349,-0.02447057,-0.00086472,11.1100,1253.4481,2381.6680,0.01902975,0.00103270,0.517154,0.01114180,0.01250837,-0.01113387,-0.01250044,0.01114834,0.01246211,-0.01114385,-0.01245762,0.00000000,0.00000000,0.00000000,0.00000000,cmd,-75.9484,-2.5444,-71.2211,16.47899369,44.11537735,1253.4481
12.760000,4393068.609123,4259466.473892,1797977.637650,-61.042739,-60.649335,154.934812,0.99495827,-0.00046482,-0.10022559,-0.00355700,-0.00036903,-0.02405679,-0.00099622,11.1100,1253.0629,2383.3983,0.01896877,0.00102888,0.517012,0.01114180,0.01250837,-0.01113387,-0.01250044,0.01114180,0.01250837,-0.01113387,-0.01250044,0.00000000,0.00000000,0.00000000,0.00000000,cmd,-75.9105,-2.5044,-71.0096,16.47900933,44.11537725,1253.0629
12.770000,4393067.998682,4259465.867373,1797979.186708,-61.045516,-60.654457,154.876627,0.99494632,-0.00046704,-0.10034393,-0.00356230,-0.00043119,-0.02349929,-0.00113208,11.1100,1252.6774,2385.1280,0.01891179,0.00102594,0.516869,0.01076334,0.01211234,-0.01076155,-0.01211056,0.01114180,0.01250837,-0.01113387,-0.01250044,0.00000000,0.00000000,0.00000000,0.00000000,cmd,-75.8727,-2.4944,-70.7913,16.47902496,44.11537715,1252.6774
12.780000,4393067.388211,4259465.260801,1797980.735182,-61.048628,-60.659909,154.818246,0.99493424,-0.00046934,-0.10046342,-0.00356820,-0.00042742,-0.02451362,-0.00123037,11.1100,1252.2917,2386.8571,0.01886075,0.00102436,0.516727,0.01076334,0.01211234,-0.01076155,-0.01211056,0.01076334,0.01211234,-0.01076155,-0.01211056,0.00000000,0.00000000,0.00000000,0.00000000,cmd,-75.8349,-2.4977,-70.2013,16.47904058,44.11537705,1252.2917
12.790000,4393066.777709,4259464.654174,1797982.283072,-61.051864,-60.665479,154.759831,0.99492168,-0.00047160,-0.10058755,-0.00357458,-0.00042384,-0.02536205,-0.00132711,11.1100,1251.9057,2388.5857,0.01881036,0.00102392,0.516585,0.01076334,0.01211234,-0.01076155,-0.01211056,0.01076334,0.01211234,-0.01076155,-0.01211056,0.00000000,0.00000000,0.00000000,0.00000000,cmd,-75.7973,-2.4954,-70.0102,16.47905621,44.11537696,1251.9057
12.800000,4393066.167173,4259464.047491,1797983.830378,-61.055235,-60.671182,154.701371,0.99490871,-0.00047381,-0.10071544,-0.00358143,-0.00042044,-0.02602680,-0.00141966,11.1100,1251.5196,2390.3138,0.01875169,0.00102446,0.516443,0.01076334,0.01211234,-0.01076155,-0.01211056,0.01076334,0.01211234,-0.01076155,-0.01211056,0.00000000,0.00000000,0.00000000,0.00000000,cmd,-75.7596,-2.4961,-69.7930,16.47907182,44.11537686,1251.5196
12.810000,4393065.556603,4259463.440750,1797985.377100,-61.058749,-60.677028,154.642860,0.99489545,-0.00047596,-0.10084616,-0.00358872,-0.00041720,-0.02649568,-0.00150561,11.1100,1251.1332,2392.0413,0.01868660,0.00102593,0.516301,0.01076334,0.01211234,-0.01076155,-0.01211056,0.01076334,0.01211234,-0.01076155,-0.01211056,0.00000000,0.00000000,0.00000000,0.00000000,cmd,-75.7221,-2.4997,-69.5555,16.47908743,44.11537676,1251.1332
12.820000,4393064.945998,4259462.833950,1797986.923235,-61.062410,-60.683026,154.584293,0.99488197,-0.00047807,-0.10097870,-0.00359641,-0.00041412,-0.02676228,-0.00158278,11.1100,1250.7466,2393.7683,0.01861707,0.00102826,0.516159,0.01076334,0.01211234,-0.01076155,-0.01211056,0.01076334,0.01211234,-0.01076155,-0.01211056,0.00000000,0.00000000,0.00000000,0.00000000,cmd,-75.6846,-2.5059,-69.3036,16.47910304,44.11537666,1250.7466
12.830000,4393064.335355,4259462.227089,1797988.468785,-61.066220,-60.689180,154.525669,0.99486840,-0.00048012,-0.10111207,-0.00360446,-0.00041120,-0.02682596,-0.00164933,11.1100,1250.3598,2395.4948,0.01854517,0.00103138,0.516018,0.01076334,0.01211234,-0.01076155,-0.01211056,0.01076334,0.01211234,-0.01076155,-0.01211056,0.00000000,0.00000000,0.00000000,0.00000000,cmd,-75.6471,-2.5145,-69.0439,16.47911864,44.11537656,1250.3598
12.840000,4393063.724673,4259461.620166,1797990.013749,-61.070177,-60.695489,154.466987,0.99485482,-0.00048213,-0.10124525,-0.00361281,-0.00040841,-0.02669167,-0.00170373,11.1100,1249.9727,2397.2207,0.01847294,0.00103516,0.515877,0.01042829,0.01177687,-0.01042554,-0.01177411,0.01076334,0.01211234,-0.01076155,-0.01211056,0.00000000,0.00000000,0.00000000,0.00000000,cmd,-75.6097,-2.5252,-68.7826,16.47913423,44.11537646,1249.9727
12.850000,4393063.113950,4259461.013178,1797991.558124,-61.074470,-60.702138,154.408107,0.99484097,-0.00048414,-0.10138098,-0.00362139,-0.00041560,-0.02784513,-0.00174393,11.1100,1249.5854,2398.9461,0.01840240,0.00103948,0.515736,0.01042829,0.01177687,-0.01042554,-0.01177411,0.01042829,0.01177687,-0.01042554,-0.01177411,0.00000000,0.00000000,0.00000000,0.00000000,cmd,-75.5724,-2.5376,-68.1867,16.47914983,44.11537636,1249.5854
12.860000,4393062.503183,4259460.406123,1797993.101911,-61.078915,-60.708951,154.349165,0.99482656,-0.00048618,-0.10152188,-0.00363014,-0.00042241,-0.02876901,-0.00177016,11.1100,1249.1979,2400.6709,0.01832975,0.00104421,0.515595,0.01025634,0.01150208,-0.01025368,-0.01149942,0.01042829,0.01177687,-0.01042554,-0.01177411,0.00000000,0.00000000,0.00000000,0.00000000,cmd,-75.5351,-2.5510,-67.9295,16.47916541,44.11537626,1249.1979
12.870000,4393061.892370,4259459.798998,1797994.645107,-61.083623,-60.716098,154.290054,0.99481149,-0.00048833,-0.10166922,-0.00363844,-0.00042797,-0.03042573,-0.00156045,11.1100,1248.8101,2402.3952,0.01824807,0.00104920,0.515454,0.01025634,0.01150208,-0.01025368,-0.01149942,0.01025634,0.01150208,-0.01025368,-0.01149942,0.00000000,0.00000000,0.00000000,0.00000000,cmd,-75.4979,-2.6170,-67.4184,16.47918099,44.11537616,1248.8101
12.880000,4393061.281510,4259459.191800,1797996.187711,-61.088525,-60.723437,154.230856,0.99479562,-0.00049063,-0.10182406,-0.00364567,-0.00043324,-0.03178665,-0.00134651,11.1100,1248.4221,2404.1189,0.01815612,0.00105293,0.515313,0.01025634,0.01150208,-0.01025368,-0.01149942,0.01025634,0.01150208,-0.01025368,-0.01149942,0.00000000,0.00000000,0.00000000,0.00000000,cmd,-75.4608,-2.6262,-67.1046,16.47919657,44.11537606,1248.4221
12.890000,4393060.670599,4259458.584528,1797997.729724,-61.093643,-60.730986,154.171556,0.99477912,-0.00049310,-0.10198488,-0.00365184,-0.00043823,-0.03282392,-0.00113431,11.1100,1248.0338,2405.8421,0.01805075,0.00105451,0.515173,0.01025634,0.01150208,-0.01025368,-0.01149942,0.01025634,0.01150208,-0.01025368,-0.01149942,0.00000000,0.00000000,0.00000000,0.00000000,cmd,-75.4237,-2.6288,-66.7486,16.47921214,44.11537596,1248.0338
12.900000,4393060.059636,4259457.977180,1797999.271142,-61.098999,-60.738755,154.112143,0.99476216,-0.00049571,-0.10215001,-0.00365698,-0.00044296,-0.03351941,-0.00092960,11.1100,1247.6453,2407.5648,0.01793526,0.00105395,0.515033,0.01025634,0.01150208,-0.01025368,-0.01149942,0.01025634,0.01150208,-0.01025368,-0.01149942,0.00000000,0.00000000,0.00000000,0.00000000,cmd,-75.3867,-2.6247,-66.3604,16.47922771,44.11537586,1247.6453
12.910000,4393059.448618,4259457.369752,1798000.811966,-61.104604,-60.746747,154.052611,0.99474491,-0.00049845,-0.10231773,-0.00366112,-0.00044745,-0.03386489,-0.00073772,11.1100,1247.2565,2409.2869,0.01781311,0.00105133,0.514893,0.01025634,0.01150208,-0.01025368,-0.01149942,0.01025634,0.01150208,-0.01025368,-0.01149942,0.00000000,0.00000000,0.00000000,0.00000000,cmd,-75.3498,-2.6143,-65.9507,16.47924327,44.11537576,1247.2565
12.920000,4393058.837543,4259456.762244,1798002.352194,-61.110464,-60.754963,153.992957,0.99472754,-0.00050131,-0.10248629,-0.00366436,-0.00045170,-0.03386200,-0.00056351,11.1100,1246.8675,2411.0084,0.01768785,0.00104679,0.514753,0.00988623,0.01162653,-0.00988533,-0.01162563,0.01025634,0.01150208,-0.01025368,-0.01149942,0.00000000,0.00000000,0.00000000,0.00000000,cmd,-75.3129,-2.5981,-65.5304,16.47925883,44.11537566,1246.8675
12.930000,4393058.226407,4259456.154653,1798003.891824,-61.116799,-60.763309,153.933133,0.99471009,-0.00050396,-0.10265533,-0.00366943,-0.00043789,-0.03405531,-0.00147370,11.1100,1246.4782,2412.7295,0.01756301,0.00104050,0.514614,0.00988623,0.01162653,-0.00988533,-0.01162563,0.00988623,0.01162653,-0.00988533,-0.01162563,0.00000000,0.00000000,0.00000000,0.00000000,cmd,-75.2761,-2.3279,-64.9878,16.47927438,44.11537556,1246.4782
12.940000,4393057.615206,4259455.546977,1798005.430856,-61.123365,-60.771894,153.873191,0.99469258,-0.00050608,-0.10282448,-0.00367898,-0.00042477,-0.03391084,-0.00236178,11.1100,1246.0886,2414.4499,0.01743994,0.00103925,0.514474,0.00988623,0.01162653,-0.00988533,-0.01162563,0.00988623,0.01162653,-0.00988533,-0.01162563,0.00000000,0.00000000,0.00000000,0.00000000,cmd,-75.2393,-2.3268,-64.5746,16.47928993,44.11537546,1246.0886
12.950000,4393057.003939,4259454.939214,1798006.969288,-61.130140,-60.780728,153.813135,0.99467519,-0.00050768,-0.10299210,-0.00369284,-0.00041231,-0.03344323,-0.00320423,11.1100,1245.6988,2416.1699,0.01731872,0.00104694,0.514335,0.00970260,0.01086278,-0.00970169,-0.01086187,0.00988623,0.01162653,-0.00988533,-0.01162563,0.00000000,0.00000000,0.00000000,0.00000000,cmd,-75.2026,-2.3530,-64.1662,16.47930547,44.11537536,1245.6988
12.960000,4393056.392603,4259454.331359,1798008.507118,-61.137193,-60.790259,153.752765,0.99465755,-0.00050914,-0.10316180,-0.00370760,-0.00040060,-0.03474411,-0.00273530,11.1100,1245.3087,2417.8893,0.01720261,0.00106311,0.514196,0.00970260,0.01086278,-0.00970169,-0.01086187,0.00970260,0.01086278,-0.00970169,-0.01086187,0.00000000,0.00000000,0.00000000,0.00000000,cmd,-75.1660,-2.6962,-63.2970,16.47932100,44.11537525,1245.3087
12.970000,4393055.781195,4259453.723408,1798010.044343,-61.144454,-60.800038,153.692282,0.99463930,-0.00051081,-0.10333711,-0.00371995,-0.00038948,-0.03569599,-0.00223559,11.1100,1244.9183,2419.6081,0.01708669,0.00107938,0.514057,0.00970260,0.01086278,-0.00970169,-0.01086187,0.00970260,0.01086278,-0.00970169,-0.01086187,0.00000000,0.00000000,0.00000000,0.00000000,cmd,-75.1295,-2.7427,-62.9122,16.47933654,44.11537515,1244.9183
12.980000,4393055.169713,4259453.115358,1798011.580963,-61.151946,-60.810067,153.631676,0.99462064,-0.00051271,-0.10351624,-0.00372976,-0.00037893,-0.03628389,-0.00171959,11.1100,1244.5276,2421.3264,0.01696151,0.00109059,0.513919,0.00970260,0.01086278,-0.00970169,-0.01086187,0.00970260,0.01086278,-0.00970169,-0.01086187,0.00000000,0.00000000,0.00000000,0.00000000,cmd,-75.0930,-2.7735,-62.4979,16.47935206,44.11537505,1244.5276
12.990000,4393054.558155,4259452.507206,1798013.116976,-61.159686,-60.820343,153.570941,0.99460174,-0.00051483,-0.10369738,-0.00373698,-0.00036893,-0.03650324,-0.00120180,11.1100,1244.1367,2423.0442,0.01683077,0.00109661,0.513781,0.00970260,0.01086278,-0.00970169,-0.01086187,0.00970260,0.01086278,-0.00970169,-0.01086187,0.00000000,0.00000000,0.00000000,0.00000000,cmd,-75.0566,-2.7883,-62.0656,16.47936759,44.11537495,1244.1367
13.000000,4393053.946518,4259451.898950,1798014.652381,-61.167683,-60.830856,153.510077,0.99458280,-0.00051717,-0.10387869,-0.00374165,-0.00035943,-0.03635966,-0.00069631,11.1100,1243.7454,2424.7614,0.01669821,0.00109741,0.513642,0.00970260,0.01086278,-0.00970169,-0.01086187,0.00970260,0.01086278,-0.00970169,-0.01086187,0.00000000,0.00000000,0.00000000,0.00000000,cmd,-75.0202,-2.7870,-61.6266,16.47938310,44.11537485,1243.7454
13.010000,4393053.334800,4259451.290588,1798016.187177,-61.175941,-60.841591,153.449087,0.99456400,-0.00051971,-0.10405842,-0.00374385,-0.00035042,-0.03586847,-0.00021646,11.1100,1243.3539,2426.4780,0.01656749,0.00109312,0.513505,0.00910331,0.01049103,-0.00911124,-0.01049897,0.00970260,0.01086278,-0.00970169,-0.01086187,0.00000000,0.00000000,0.00000000,0.00000000,cmd,-74.9839,-2.7702,-61.1921,16.47939862,44.11537474,1243.3539
13.020000,4393052.722997,4259450.682117,1798017.721361,-61.184801,-60.852723,153.387775,0.99454497,-0.00052211,-0.10424011,-0.00374495,-0.00025287,-0.03714777,-0.00026083,11.1100,1242.9620,2428.1942,0.01644212,0.00108401,0.513367,0.00910331,0.01049103,-0.00911124,-0.01049897,0.00910331,0.01049103,-0.00911124,-0.01049897,0.00000000,0.00000000,0.00000000,0.00000000,cmd,-74.9477,-2.6250,-60.2917,16.47941412,44.11537464,1242.9620
13.030000,4393052.111103,4259450.073533,1798019.254932,-61.193925,-60.864071,153.326340,0.99452533,-0.00052402,-0.10442725,-0.00374629,-0.00016031,-0.03805597,-0.00033220,11.1100,1242.5699,2429.9097,0.01631733,0.00107349,0.513229,0.00910331,0.01049103,-0.00911124,-0.01049897,0.00910331,0.01049103,-0.00911124,-0.01049897,0.00000000,0.00000000,0.00000000,0.00000000,cmd,-74.9116,-2.5916,-59.8828,16.47942963,44.11537454,1242.5699
13.040000,4393051.499117,4259449.464835,1798020.787888,-61.203322,-60.875646,153.264771,0.99450528,-0.00052545,-0.10461795,-0.00374799,-0.00007249,-0.03858003,-0.00042779,11.1100,1242.1774,2431.6247,0.01618374,0.00106372,0.513092,0.00910331,0.01049103,-0.00911124,-0.01049897,0.00910331,0.01049103,-0.00911124,-0.01049897,0.00000000,0.00000000,0.00000000,0.00000000,cmd,-74.8755,-2.5606,-59.4458,16.47944512,44.11537444,1242.1774
13.050000,4393050.887036,4259448.856019,1798022.320227,-61.212997,-60.887457,153.203066,0.99448502,-0.00052641,-0.10481029,-0.00375017,0.00001085,-0.03871770,-0.00054424,11.1100,1241.7846,2433.3392,0.01604524,0.00105494,0.512955,0.00910331,0.01049103,-0.00911124,-0.01049897,0.00910331,0.01049103,-0.00911124,-0.01049897,0.00000000,0.00000000,0.00000000,0.00000000,cmd,-74.8395,-2.5329,-58.9926,16.47946062,44.11537433,1241.7846
13.060000,4393050.274856,4259448.247085,1798023.851949,-61.222946,-60.899506,153.141225,0.99446475,-0.00052690,-0.10500237,-0.00375293,0.00008992,-0.03847734,-0.00067773,11.1100,1241.3915,2435.0531,0.01590574,0.00104737,0.512818,0.00910331,0.01049103,-0.00911124,-0.01049897,0.00910331,0.01049103,-0.00911124,-0.01049897,0.00000000,0.00000000,0.00000000,0.00000000,cmd,-74.8035,-2.5089,-58.5353,16.47947610,44.11537423,1241.3915
13.070000,4393049.662576,4259447.638028,1798025.383051,-61.233159,-60.911787,153.079252,0.99444466,-0.00052693,-0.10519235,-0.00375636,0.00016496,-0.03787729,-0.00082408,11.1100,1240.9981,2436.7665,0.01576907,0.00104117,0.512681,0.00817469,0.00969609,-0.00817754,-0.00969893,0.00910331,0.01049103,-0.00911124,-0.01049897,0.00000000,0.00000000,0.00000000,0.00000000,cmd,-74.7677,-2.4892,-58.0856,16.47949159,44.11537413,1240.9981
13.080000,4393049.050190,4259447.028846,1798026.913531,-61.244151,-60.924725,153.016785,0.99442394,-0.00052658,-0.10538786,-0.00376121,0.00018519,-0.04069402,-0.00126368,11.1100,1240.6044,2438.4794,0.01563886,0.00103647,0.512545,0.00817469,0.00969609,-0.00817754,-0.00969893,0.00817469,0.00969609,-0.00817754,-0.00969893,0.00000000,0.00000000,0.00000000,0.00000000,cmd,-74.7319,-2.4076,-56.7926,16.47950707,44.11537402,1240.6044
13.090000,4393048.437692,4259446.419533,1798028.443386,-61.255409,-60.937922,152.954177,0.99440180,-0.00052596,-0.10559630,-0.00376822,0.00020439,-0.04307117,-0.00169469,11.1100,1240.2103,2440.1916,0.01550406,0.00103511,0.512408,0.00707415,0.00826086,-0.00707216,-0.00825887,0.00817469,0.00969609,-0.00817754,-0.00969893,0.00000000,0.00000000,0.00000000,0.00000000,cmd,-74.6962,-2.4040,-56.3630,16.47952254,44.11537392,1240.2103
13.100000,4393047.825078,4259445.810083,1798029.972612,-61.267582,-60.952223,152.890851,0.99437703,-0.00052542,-0.10582910,-0.00377554,0.00017415,-0.05046153,-0.00139356,11.1100,1239.8159,2441.9034,0.01534562,0.00103810,0.512272,0.00707415,0.00826086,-0.00707216,-0.00825887,0.00707415,0.00826086,-0.00707216,-0.00825887,0.00000000,0.00000000,0.00000000,0.00000000,cmd,-74.6605,-2.5804,-54.5946,16.47953801,44.11537382,1239.8159
13.110000,4393047.212339,4259445.200487,1798031.501203,-61.280155,-60.966910,152.827286,0.99434847,-0.00052532,-0.10609687,-0.00378135,0.00014546,-0.05711549,-0.00109352,11.1100,1239.4211,2443.6145,0.01514741,0.00104082,0.512136,0.00707415,0.00826086,-0.00707216,-0.00825887,0.00707415,0.00826086,-0.00707216,-0.00825887,0.00000000,0.00000000,0.00000000,0.00000000,cmd,-74.6249,-2.5861,-53.9929,16.47955347,44.11537371,1239.4211
13.120000,4393046.599473,4259444.590743,1798033.029156,-61.293240,-60.982082,152.763403,0.99431654,-0.00052564,-0.10639555,-0.00378569,0.00011822,-0.06287535,-0.00080263,11.1100,1239.0260,2445.3252,0.01488240,0.00104052,0.512001,0.00707415,0.00826086,-0.00707216,-0.00825887,0.00707415,0.00826086,-0.00707216,-0.00825887,0.00000000,0.00000000,0.00000000,0.00000000,cmd,-74.5894,-2.5825,-53.1854,16.47956893,44.11537361,1239.0260
13.130000,4393045.986472,4259443.980844,1798034.556469,-61.306934,-60.997820,152.699135,0.99428172,-0.00052634,-0.10672036,-0.00378862,0.00009237,-0.06761238,-0.00052847,11.1100,1238.6305,2447.0352,0.01455973,0.00103729,0.511865,0.00707415,0.00826086,-0.00707216,-0.00825887,0.00707415,0.00826086,-0.00707216,-0.00825887,0.00000000,0.00000000,0.00000000,0.00000000,cmd,-74.5540,-2.5701,-52.1996,16.47958438,44.11537350,1238.6305
13.140000,4393045.373332,4259443.370784,1798036.083138,-61.321312,-61.014189,152.634428,0.99424456,-0.00052738,-0.10706596,-0.00379025,0.00006783,-0.07122947,-0.00027791,11.1100,1238.2346,2448.7447,0.01418983,0.00103130,0.511730,0.00707415,0.00826086,-0.00707216,-0.00825887,0.00707415,0.00826086,-0.00707216,-0.00825887,0.00000000,0.00000000,0.00000000,0.00000000,cmd,-74.5186,-2.5494,-51.0669,16.47959983,44.11537340,1238.2346
13.150000,4393044.760044,4259442.760558,1798037.609156,-61.336432,-61.031235,152.569244,0.99420565,-0.00052872,-0.10742660,-0.00379071,0.00004455,-0.07366272,-0.00005702,11.1100,1237.8384,2450.4537,0.01378409,0.00102281,0.511595,0.00707415,0.00826086,-0.00707216,-0.00825887,0.00707415,0.00826086,-0.00707216,-0.00825887,0.00000000,0.00000000,0.00000000,0.00000000,cmd,-74.4834,-2.5212,-49.8218,16.47961527,44.11537329,1237.8384
13.160000,4393044.146601,4259442.150157,1798039.134521,-61.352329,-61.048984,152.503556,0.99416563,-0.00053032,-0.10779631,-0.00379016,0.00002244,-0.07488219,0.00012916,11.1100,1237.4417,2452.1621,0.01335453,0.00101211,0.511461,0.00707415,0.00826086,-0.00707216,-0.00825887,0.00707415,0.00826086,-0.00707216,-0.00825887,0.00000000,0.00000000,0.00000000,0.00000000,cmd,-74.4482,-2.4864,-48.5007,16.47963071,44.11537319,1237.4417
13.170000,4393043.532994,4259441.539576,1798040.659226,-61.369016,-61.067444,152.437356,0.99412515,-0.00053213,-0.10816904,-0.00378879,0.00000146,-0.07489164,0.00027666,11.1100,1237.0446,2453.8699,0.01291346,0.00099955,0.511327,0.00707415,0.00826086,-0.00707216,-0.00825887,0.00707415,0.00826086,-0.00707216,-0.00825887,0.00000000,0.00000000,0.00000000,0.00000000,cmd,-74.4131,-2.4462,-47.1409,16.47964614,44.11537308,1237.0446
13.180000,4393042.919218,4259440.928806,1798042.183266,-61.386485,-61.086602,152.370648,0.99408485,-0.00053410,-0.10853888,-0.00378680,-0.00001845,-0.07372741,0.00038266,11.1100,1236.6471,2455.5772,0.01247313,0.00098552,0.511193,0.00532242,0.00654877,-0.00531958,-0.00654594,0.00707415,0.00826086,-0.00707216,-0.00825887,0.00000000,0.00000000,0.00000000,0.00000000,cmd,-74.3781,-2.4017,-45.7797,16.47966157,44.11537298,1236.6471
13.190000,4393042.305257,4259440.317837,1798043.706633,-61.405696,-61.107360,152.302704,0.99404331,-0.00053625,-0.10891876,-0.00378460,-0.00004573,-0.07892421,0.00036160,11.1100,1236.2492,2457.2839,0.01204540,0.00097046,0.511059,0.00532242,0.00654877,-0.00531958,-0.00654594,0.00532242,0.00654877,-0.00531958,-0.00654594,0.00000000,0.00000000,0.00000000,0.00000000,cmd,-74.3432,-2.3347,-42.7362,16.47967699,44.11537287,1236.2492
13.200000,4393041.691101,4259439.706656,1798045.229319,-61.425703,-61.128829,152.234238,0.99399913,-0.00053859,-0.10932126,-0.00378262,-0.00007161,-0.08282477,0.00030073,11.1100,1235.8509,2458.9900,0.01161282,0.00095530,0.510925,0.00532242,0.00654877,-0.00531958,-0.00654594,0.00532242,0.00654877,-0.00531958,-0.00654594,0.00000000,0.00000000,0.00000000,0.00000000,cmd,-74.3084,-2.2876,-41.4243,16.47969241,44.11537277,1235.8509
13.210000,4393041.076740,4259439.095258,1798046.751316,-61.446560,-61.151065,152.165208,0.99395301,-0.00054108,-0.10973977,-0.00378103,-0.00009618,-0.08536306,0.00020286,11.1100,1235.4520,2460.6956,0.01114160,0.00094078,0.510792,0.00532242,0.00654877,-0.00531958,-0.00654594,0.00532242,0.00654877,-0.00531958,-0.00654594,0.00000000,0.00000000,0.00000000,0.00000000,cmd,-74.2737,-2.2427,-39.9913,16.47970782,44.11537266,1235.4520
13.220000,4393040.462167,4259438.483632,1798048.272621,-61.468294,-61.174099,152.095587,0.99390571,-0.00054365,-0.11016742,-0.00378002,-0.00011949,-0.08651176,0.00007174,11.1100,1235.0527,2462.4006,0.01064560,0.00092727,0.510659,0.00532242,0.00654877,-0.00531958,-0.00654594,0.00532242,0.00654877,-0.00531958,-0.00654594,0.00000000,0.00000000,0.00000000,0.00000000,cmd,-74.2391,-2.2010,-38.4790,16.47972323,44.11537256,1235.0527
13.230000,4393039.847372,4259437.871773,1798049.793226,-61.490911,-61.197943,152.025368,0.99385796,-0.00054627,-0.11059732,-0.00377974,-0.00014160,-0.08628181,-0.00008814,11.1100,1234.6529,2464.1050,0.01013889,0.00091510,0.510527,0.00296717,0.00410719,-0.00296047,-0.00410048,0.00532242,0.00654877,-0.00531958,-0.00654594,0.00000000,0.00000000,0.00000000,0.00000000,cmd,-74.2045,-2.1636,-36.9300,16.47973863,44.11537245,1234.6529
13.240000,4393039.232339,4259437.259664,1798051.313121,-61.515713,-61.223912,151.953513,0.99380765,-0.00054913,-0.11104847,-0.00377988,-0.00020103,-0.09504008,-0.00008935,11.1100,1234.2526,2465.8088,0.00963543,0.00090457,0.510394,0.00296717,0.00410719,-0.00296047,-0.00410048,0.00296717,0.00410719,-0.00296047,-0.00410048,0.00000000,0.00000000,0.00000000,0.00000000,cmd,-74.1701,-2.1740,-33.0140,16.47975403,44.11537235,1234.2526
13.250000,4393038.617054,4259436.647292,1798052.832294,-61.541467,-61.250762,151.880999,0.99375270,-0.00055241,-0.11153911,-0.00378009,-0.00025742,-0.10215738,-0.00011663,11.1100,1233.8517,2467.5121,0.00910911,0.00089476,0.510262,0.00077605,0.00186131,-0.00078148,-0.00186674,0.00296717,0.00410719,-0.00296047,-0.00410048,0.00000000,0.00000000,0.00000000,0.00000000,cmd,-74.1357,-2.1433,-31.4425,16.47976942,44.11537224,1233.8517
13.260000,4393038.001500,4259436.034640,1798054.350734,-61.569501,-61.279809,151.806775,0.99369135,-0.00055589,-0.11208440,-0.00378018,-0.00019070,-0.11699256,-0.00005294,11.1100,1233.4503,2469.2148,0.00851177,0.00088525,0.510131,0.00077605,0.00186131,-0.00078148,-0.00186674,0.00077605,0.00186131,-0.00078148,-0.00186674,0.00000000,0.00000000,0.00000000,0.00000000,cmd,-74.1015,-2.1406,-27.4666,16.47978480,44.11537213,1233.4503
13.270000,4393037.385660,4259435.421692,1798055.868427,-61.598781,-61.310022,151.731658,0.99362195,-0.00055933,-0.11269793,-0.00377995,-0.00012737,-0.12959395,-0.00001665,11.1100,1233.0484,2470.9168,0.00782514,0.00087556,0.509999,0.00077605,0.00186131,-0.00078148,-0.00186674,0.00077605,0.00186131,-0.00078148,-0.00186674,0.00000000,0.00000000,0.00000000,0.00000000,cmd,-74.0674,-2.1099,-25.4413,16.47980018,44.11537203,1233.0484
13.280000,4393036.769520,4259434.808435,1798057.385363,-61.629500,-61.341584,151.655493,0.99354573,-0.00056269,-0.11336791,-0.00377953,-0.00006726,-0.13968993,-0.00000790,11.1100,1232.6458,2472.6183,0.00701229,0.00086553,0.509868,0.00077605,0.00186131,-0.00078148,-0.00186674,0.00077605,0.00186131,-0.00078148,-0.00186674,0.00000000,0.00000000,0.00000000,0.00000000,cmd,-74.0333,-2.0784,-23.0277,16.47981556,44.11537192,1232.6458
13.290000,4393036.153065,4259434.194855,1798058.901533,-61.661805,-61.374639,151.578162,0.99346406,-0.00056592,-0.11408133,-0.00377908,-0.00001022,-0.14708440,-0.00002605,11.1100,1232.2426,2474.3192,0.00609874,0.00085544,0.509737,0.00077605,0.00186131,-0.00078148,-0.00186674,0.00077605,0.00186131,-0.00078148,-0.00186674,0.00000000,0.00000000,0.00000000,0.00000000,cmd,-73.9994,-2.0469,-20.3021,16.47983093,44.11537181,1232.2426
13.300000,4393035.536278,4259433.580937,1798060.416922,-61.695795,-61.409283,151.499577,0.99337845,-0.00056898,-0.11482446,-0.00377873,0.00004393,-0.15165976,-0.00006981,11.1100,1231.8387,2476.0194,0.00511196,0.00084555,0.509607,0.00077605,0.00186131,-0.00078148,-0.00186674,0.00077605,0.00186131,-0.00078148,-0.00186674,0.00000000,0.00000000,0.00000000,0.00000000,cmd,-73.9655,-2.0161,-17.3471,16.47984629,44.11537171,1231.8387
13.310000,4393034.919143,4259432.966664,1798061.931520,-61.731521,-61.445568,151.419689,0.99329046,-0.00057179,-0.11558315,-0.00377861,0.00009532,-0.15337765,-0.00013723,11.1100,1231.4342,2477.7191,0.00408056,0.00083613,0.509477,-0.00148593,-0.00027800,0.00149023,0.00028230,0.00077605,0.00186131,-0.00078148,-0.00186674,0.00000000,0.00000000,0.00000000,0.00000000,cmd,-73.9317,-1.9869,-14.2487,16.47986165,44.11537160,1231.4342
13.320000,4393034.301636,4259432.352014,1798063.445307,-61.770246,-61.484643,151.337511,0.99319895,-0.00057457,-0.11636681,-0.00377952,0.00004813,-0.16171792,-0.00048379,11.1100,1231.0289,2479.4181,0.00303349,0.00082741,0.509347,-0.00148593,-0.00027800,0.00149023,0.00028230,-0.00148593,-0.00027800,0.00149023,0.00028230,0.00000000,0.00000000,0.00000000,0.00000000,cmd,-73.8981,-1.8995,-8.9234,16.47987700,44.11537149,1231.0289
13.330000,4393033.683732,4259431.736965,1798064.958265,-61.810770,-61.525438,151.253950,0.99310282,-0.00057751,-0.11718425,-0.00378216,0.00000335,-0.16699564,-0.00083733,11.1100,1230.6230,2481.1165,0.00196311,0.00082119,0.509217,-0.00349624,-0.00210562,0.00350008,0.00210947,-0.00148593,-0.00027800,0.00149023,0.00028230,0.00000000,0.00000000,0.00000000,0.00000000,cmd,-73.8645,-1.8813,-5.7312,16.47989235,44.11537139,1230.6230
13.340000,4393033.065408,4259431.121495,1798066.470377,-61.854264,-61.568987,151.168094,0.99300138,-0.00058048,-0.11804054,-0.00378752,-0.00003463,-0.17736537,-0.00157189,11.1100,1230.2162,2482.8143,0.00084113,0.00081854,0.509088,-0.00349624,-0.00210562,0.00350008,0.00210947,-0.00349624,-0.00210562,0.00350008,0.00210947,0.00000000,0.00000000,0.00000000,0.00000000,cmd,-73.8310,-1.7841,-0.4875,16.47990769,44.11537128,1230.2162
13.350000,4393032.446640,4259430.505579,1798067.981622,-61.899701,-61.614440,151.080695,0.99289403,-0.00058336,-0.11893988,-0.00379645,-0.00007065,-0.18435130,-0.00227769,11.1100,1229.8086,2484.5114,-0.00033234,0.00082181,0.508959,-0.00349624,-0.00210562,0.00350008,0.00210947,-0.00349624,-0.00210562,0.00350008,0.00210947,0.00000000,0.00000000,0.00000000,0.00000000,cmd,-73.7976,-1.7962,2.9989,16.47992303,44.11537117,1229.8086
13.360000,4393031.827408,4259429.889199,1798069.491985,-61.947154,-61.661889,150.991669,0.99278270,-0.00058612,-0.11986522,-0.00380878,-0.00010483,-0.18787007,-0.00293680,11.1100,1229.4002,2486.2079,-0.00157450,0.00083217,0.508830,-0.00349624,-0.00210562,0.00350008,0.00210947,-0.00349624,-0.00210562,0.00350008,0.00210947,0.00000000,0.00000000,0.00000000,0.00000000,cmd,-73.7642,-1.8295,6.7039,16.47993836,44.11537107,1229.4002
13.370000,4393031.207690,4259429.272334,1798071.001450,-61.996639,-61.711374,150.900979,0.99266941,-0.00058870,-0.12079931,-0.00382424,-0.00013726,-0.18793156,-0.00353304,11.1100,1228.9909,2487.9037,-0.00285018,0.00084916,0.508701,-0.00349624,-0.00210562,0.00350008,0.00210947,-0.00349624,-0.00210562,0.00350008,0.00210947,0.00000000,0.00000000,0.00000000,0.00000000,cmd,-73.7310,-1.8825,10.5206,16.47995368,44.11537096,1228.9909
13.380000,4393030.587468,4259428.654965,1798072.509999,-62.048115,-61.762876,150.808636,0.99255622,-0.00059106,-0.12172521,-0.00384249,-0.00016804,-0.18463735,-0.00405239,11.1100,1228.5807,2489.5988,-0.00412438,0.00087212,0.508573,-0.00349624,-0.00210562,0.00350008,0.00210947,-0.00349624,-0.00210562,0.00350008,0.00210947,0.00000000,0.00000000,0.00000000,0.00000000,cmd,-73.6978,-1.9531,14.3438,16.47996900,44.11537085,1228.5807
13.390000,4393029.966722,4259428.037070,1798074.017617,-62.101492,-61.816322,150.714694,0.99244517,-0.00059319,-0.12262671,-0.00386314,-0.00019726,-0.17817514,-0.00448331,11.1100,1228.1696,2491.2933,-0.00536318,0.00090028,0.508445,-0.00349624,-0.00210562,0.00350008,0.00210947,-0.00349624,-0.00210562,0.00350008,0.00210947,0.00000000,0.00000000,0.00000000,0.00000000,cmd,-73.6647,-2.0389,18.0711,16.47998431,44.11537074,1228.1696
13.400000,4393029.345433,4259427.418632,1798075.524288,-62.156627,-61.871591,150.619250,0.99233819,-0.00059507,-0.12348872,-0.00388572,-0.00022499,-0.16881119,-0.00481692,11.1100,1227.7575,2492.9871,-0.00653461,0.00093273,0.508316,-0.00858952,-0.00720915,0.00859024,0.00720987,-0.00349624,-0.00210562,0.00350008,0.00210947,0.00000000,0.00000000,0.00000000,0.00000000,cmd,-73.6316,-2.1371,21.6058,16.47999962,44.11537063,1227.7575
13.410000,4393028.723570,4259426.799620,1798077.029986,-62.216128,-61.931211,150.520136,0.99223032,-0.00059685,-0.12435174,-0.00390966,-0.00022060,-0.17859455,-0.00502580,11.1100,1227.3444,2494.6802,-0.00760945,0.00096849,0.508188,-0.00858952,-0.00720915,0.00859024,0.00720987,-0.00858952,-0.00720915,0.00859024,0.00720987,0.00000000,0.00000000,0.00000000,0.00000000,cmd,-73.5986,-2.2498,29.8519,16.48001492,44.11537053,1227.3444
13.420000,4393028.101105,4259426.180002,1798078.534686,-62.277238,-61.992521,150.419606,0.99211649,-0.00059866,-0.12525585,-0.00393434,-0.00021640,-0.18538740,-0.00512921,11.1100,1226.9302,2496.3726,-0.00864503,0.00100639,0.508060,-0.00858952,-0.00720915,0.00859024,0.00720987,-0.00858952,-0.00720915,0.00859024,0.00720987,0.00000000,0.00000000,0.00000000,0.00000000,cmd,-73.5656,-2.3632,32.9010,16.48003021,44.11537042,1226.9302
13.430000,4393027.478020,4259425.559763,1798080.038373,-62.340040,-62.055603,150.317575,0.99199853,-0.00060053,-0.12618592,-0.00395924,-0.00021240,-0.18909811,-0.00512753,11.1100,1226.5149,2498.0643,-0.00974760,0.00104526,0.507932,-0.01260813,-0.01099732,0.01261093,0.01100012,-0.00858952,-0.00720915,0.00859024,0.00720987,0.00000000,0.00000000,0.00000000,0.00000000,cmd,-73.5326,-2.4790,36.1605,16.48004550,44.11537031,1226.5149
13.440000,4393026.854287,4259424.938875,1798081.541024,-62.406764,-62.122470,150.212223,0.99187301,-0.00060252,-0.12716796,-0.00398506,-0.00022896,-0.20632762,-0.00550534,11.1100,1226.0985,2499.7553,-0.01088590,0.00108406,0.507805,-0.01260813,-0.01099732,0.01261093,0.01100012,-0.01260813,-0.01099732,0.01261093,0.01100012,0.00000000,0.00000000,0.00000000,0.00000000,cmd,-73.4997,-2.4813,43.3553,16.48006078,44.11537020,1226.0985
13.450000,4393026.229878,4259424.317307,1798083.042612,-62.475380,-62.191312,150.105154,0.99173662,-0.00060469,-0.12822641,-0.00401241,-0.00024465,-0.21991952,-0.00576597,11.1100,1225.6809,2501.4455,-0.01209219,0.00112474,0.507677,-0.01260813,-0.01099732,0.01261093,0.01100012,-0.01260813,-0.01099732,0.01261093,0.01100012,0.00000000,0.00000000,0.00000000,0.00000000,cmd,-73.4668,-2.6035,46.8730,16.48007605,44.11537009,1225.6809
13.460000,4393025.604773,4259423.695041,1798084.543120,-62.546069,-62.262312,149.996189,0.99159155,-0.00060704,-0.12934255,-0.00404073,-0.00025952,-0.22962121,-0.00590595,11.1100,1225.2621,2503.1350,-0.01343393,0.00116798,0.507549,-0.01260813,-0.01099732,0.01261093,0.01100012,-0.01260813,-0.01099732,0.01261093,0.01100012,0.00000000,0.00000000,0.00000000,0.00000000,cmd,-73.4339,-2.7327,50.8079,16.48009132,44.11536999,1225.2621
13.470000,4393024.978949,4259423.072054,1798086.042529,-62.618951,-62.335586,149.885201,0.99144021,-0.00060957,-0.13049666,-0.00406943,-0.00027362,-0.23529072,-0.00592511,11.1100,1224.8421,2504.8237,-0.01487157,0.00121257,0.507421,-0.01260813,-0.01099732,0.01261093,0.01100012,-0.01260813,-0.01099732,0.01261093,0.01100012,0.00000000,0.00000000,0.00000000,0.00000000,cmd,-73.4010,-2.8653,55.0423,16.48010658,44.11536988,1224.8421
13.480000,4393024.352386,4259422.448322,1798087.540817,-62.694081,-62.411185,149.772120,0.99128513,-0.00061226,-0.13166861,-0.00409791,-0.00028702,-0.23689706,-0.00582646,11.1100,1224.4207,2506.5117,-0.01636420,0.00125728,0.507293,-0.01260813,-0.01099732,0.01261093,0.01100012,-0.01260813,-0.01099732,0.01261093,0.01100012,0.00000000,0.00000000,0.00000000,0.00000000,cmd,-73.3682,-2.9977,59.4538,16.48012183,44.11536977,1224.4207
13.490000,4393023.725060,4259421.823822,1798089.037964,-62.771451,-62.489093,149.656934,0.99112893,-0.00061511,-0.13283841,-0.00412563,-0.00029975,-0.23451756,-0.00561605,11.1100,1223.9981,2508.1988,-0.01787066,0.00130094,0.507165,-0.01552228,-0.01385241,0.01553031,0.01386044,-0.01260813,-0.01099732,0.01261093,0.01100012,0.00000000,0.00000000,0.00000000,0.00000000,cmd,-73.3352,-3.1262,63.9193,16.48013708,44.11536966,1223.9981
13.500000,4393023.096942,4259421.198525,1798090.533943,-62.852565,-62.570715,149.538344,0.99097012,-0.00061832,-0.13401717,-0.00415237,-0.00036322,-0.24057591,-0.00542577,11.1100,1223.5740,2509.8852,-0.01935064,0.00134241,0.507037,-0.01552228,-0.01385241,0.01553031,0.01386044,-0.01552228,-0.01385241,0.01553031,0.01386044,0.00000000,0.00000000,0.00000000,0.00000000,cmd,-73.3023,-3.2189,71.1325,16.48015232,44.11536955,1223.5740
13.510000,4393022.468002,4259420.572400,1798092.028724,-62.935858,-62.654568,149.417657,0.99080716,-0.00062208,-0.13521587,-0.00417794,-0.00042352,-0.24264739,-0.00513859,11.1100,1223.1486,2511.5708,-0.02081256,0.00138144,0.506908,-0.01552228,-0.01385241,0.01553031,0.01386044,-0.01552228,-0.01385241,0.01553031,0.01386044,0.00000000,0.00000000,0.00000000,0.00000000,cmd,-73.2693,-3.3330,75.4359,16.48016755,44.11536944,1223.1486
13.520000,4393021.838218,4259419.945426,1798093.522289,-63.021332,-62.740641,149.294853,0.99064269,-0.00062636,-0.13641486,-0.00420191,-0.00048082,-0.24079446,-0.00476485,11.1100,1222.7217,2513.2556,-0.02229309,0.00141754,0.506780,-0.02038159,-0.01825194,0.02038308,0.01825343,-0.01552228,-0.01385241,0.01553031,0.01386044,0.00000000,0.00000000,0.00000000,0.00000000,cmd,-73.2363,-3.4378,79.8070,16.48018277,44.11536933,1222.7217
13.530000,4393021.207555,4259419.317569,1798095.014604,-63.111543,-62.831113,149.167798,0.99047258,-0.00063083,-0.13764377,-0.00422620,-0.00047103,-0.25476796,-0.00527291,11.1100,1222.2933,2514.9396,-0.02375252,0.00144984,0.506651,-0.02038159,-0.01825194,0.02038308,0.01825343,-0.02038159,-0.01825194,0.02038308,0.01825343,0.00000000,0.00000000,0.00000000,0.00000000,cmd,-73.2032,-3.3071,88.6300,16.48019799,44.11536922,1222.2933
13.540000,4393020.575979,4259418.688796,1798096.505637,-63.203959,-62.923835,149.038533,0.99029269,-0.00063519,-0.13893127,-0.00425271,-0.00046169,-0.26451091,-0.00567908,11.1100,1221.8634,2516.6227,-0.02522782,0.00148351,0.506521,-0.02038159,-0.01825194,0.02038308,0.01825343,-0.02038159,-0.01825194,0.02038308,0.01825343,0.00000000,0.00000000,0.00000000,0.00000000,cmd,-73.1700,-3.4079,92.9247,16.48021320,44.11536911,1221.8634
13.550000,4393019.943468,4259418.059085,1798097.995366,-63.298687,-63.018923,148.906926,0.99010581,-0.00063942,-0.14025600,-0.00428092,-0.00045276,-0.26989033,-0.00597561,11.1100,1221.4319,2518.3049,-0.02679926,0.00152122,0.506391,-0.02038159,-0.01825194,0.02038308,0.01825343,-0.02038159,-0.01825194,0.02038308,0.01825343,0.00000000,0.00000000,0.00000000,0.00000000,cmd,-73.1367,-3.5203,97.5190,16.48022840,44.11536900,1221.4319
13.560000,4393019.309998,4259417.428410,1798099.483768,-63.395764,-63.116421,148.772905,0.98991490,-0.00064351,-0.14159625,-0.00431030,-0.00044426,-0.27089211,-0.00615788,11.1100,1220.9987,2519.9863,-0.02842259,0.00156185,0.506261,-0.02038159,-0.01825194,0.02038308,0.01825343,-0.02038159,-0.01825194,0.02038308,0.01825343,0.00000000,0.00000000,0.00000000,0.00000000,cmd,-73.1033,-3.6408,102.2812,16.48024360,44.11536889,1220.9987
13.570000,4393018.675545,4259416.796748,1798100.970816,-63.495165,-63.216306,148.636467,0.98972299,-0.00064744,-0.14293055,-0.00434028,-0.00043617,-0.26761776,-0.00622441,11.1100,1220.5639,2521.6668,-0.03005348,0.00160427,0.506131,-0.02038159,-0.01825194,0.02038308,0.01825343,-0.02038159,-0.01825194,0.02038308,0.01825343,0.00000000,0.00000000,0.00000000,0.00000000,cmd,-73.0699,-3.7659,107.0790,16.48025878,44.11536878,1220.5639
13.580000,4393018.040087,4259416.164076,1798102.456489,-63.596799,-63.318489,148.497670,0.98953313,-0.00065121,-0.14423823,-0.00437030,-0.00042849,-0.26027825,-0.00617682,11.1100,1220.1273,2523.3464,-0.03164872,0.00164728,0.506000,-0.02483924,-0.02259082,0.02484111,0.02259269,-0.02038159,-0.01825194,0.02038308,0.01825343,0.00000000,0.00000000,0.00000000,0.00000000,cmd,-73.0363,-3.8923,111.7832,16.48027396,44.11536867,1220.1273
13.590000,4393017.403590,4259415.530360,1798103.940752,-63.702875,-63.425027,148.354524,0.98934148,-0.00065493,-0.14554602,-0.00440042,-0.00042491,-0.26774920,-0.00626589,11.1100,1219.6890,2525.0251,-0.03316728,0.00168976,0.505868,-0.02483924,-0.02259082,0.02484111,0.02259269,-0.02483924,-0.02259082,0.02484111,0.02259269,0.00000000,0.00000000,0.00000000,0.00000000,cmd,-73.0026,-3.9588,120.5386,16.48028913,44.11536856,1219.6890
13.600000,4393016.766022,4259414.895568,1798105.423572,-63.811044,-63.533726,148.209085,0.98914410,-0.00065873,-0.14688054,-0.00443067,-0.00042150,-0.27118710,-0.00624212,11.1100,1219.2488,2526.7028,-0.03464234,0.00173211,0.505736,-0.02821403,-0.02565490,0.02821719,0.02565806,-0.02483924,-0.02259082,0.02484111,0.02259269,0.00000000,0.00000000,0.00000000,0.00000000,cmd,-72.9687,-4.0830,124.8288,16.48030429,44.11536845,1219.2488
13.610000,4393016.127353,4259414.259671,1798106.904918,-63.923138,-63.646165,148.059727,0.98893879,-0.00066255,-0.14825558,-0.00446210,-0.00043084,-0.28420629,-0.00675274,11.1100,1218.8068,2528.3796,-0.03614967,0.00177417,0.505604,-0.02821403,-0.02565490,0.02821719,0.02565806,-0.02821403,-0.02565490,0.02821719,0.02565806,0.00000000,0.00000000,0.00000000,0.00000000,cmd,-72.9343,-4.0552,132.4213,16.48031944,44.11536833,1218.8068
13.620000,4393015.487552,4259413.622637,1798108.384758,-64.037462,-63.760913,147.907859,0.98872345,-0.00066632,-0.14968398,-0.00449569,-0.00043966,-0.29286333,-0.00713327,11.1100,1218.3629,2530.0554,-0.03770040,0.00181882,0.505470,-0.02821403,-0.02565490,0.02821719,0.02565806,-0.02821403,-0.02565490,0.02821719,0.02565806,0.00000000,0.00000000,0.00000000,0.00000000,cmd,-72.8996,-4.1878,136.9940,16.48033458,44.11536822,1218.3629
13.630000,4393014.846596,4259412.984444,1798109.863066,-64.154101,-63.878062,147.753355,0.98850117,-0.00067005,-0.15114384,-0.00453080,-0.00044798,-0.29705983,-0.00737748,11.1100,1217.9170,2531.7302,-0.03933567,0.00186723,0.505336,-0.02821403,-0.02565490,0.02821719,0.02565806,-0.02821403,-0.02565490,0.02821719,0.02565806,0.00000000,0.00000000,0.00000000,0.00000000,cmd,-72.8648,-4.3308,141.8355,16.48034972,44.11536811,1217.9170
13.640000,4393014.204462,4259412.345068,1798111.339816,-64.273072,-63.997633,147.596159,0.98827523,-0.00067372,-0.15261311,-0.00456677,-0.00045585,-0.29681670,-0.00748293,11.1100,1217.4691,2533.4040,-0.04101024,0.00191804,0.505201,-0.02821403,-0.02565490,0.02821719,0.02565806,-0.02821403,-0.02565490,0.02821719,0.02565806,0.00000000,0.00000000,0.00000000,0.00000000,cmd,-72.8298,-4.4803,146.8087,16.48036484,44.11536800,1217.4691
13.650000,4393013.561127,4259411.704484,1798112.814981,-64.394327,-64.119580,147.436287,0.98804896,-0.00067735,-0.15407014,-0.00460292,-0.00046332,-0.29226990,-0.00745087,11.1100,1217.0192,2535.0768,-0.04267918,0.00196983,0.505065,-0.02821403,-0.02565490,0.02821719,0.02565806,-0.02821403,-0.02565490,0.02821719,0.02565806,0.00000000,0.00000000,0.00000000,0.00000000,cmd,-72.7946,-4.6319,151.7774,16.48037996,44.11536788,1217.0192
13.660000,4393012.916569,4259411.062669,1798114.288533,-64.517755,-64.243789,147.273824,0.98782568,-0.00068093,-0.15549422,-0.00463860,-0.00047042,-0.28366343,-0.00728611,11.1100,1216.5672,2536.7486,-0.04429904,0.00202123,0.504929,-0.02821403,-0.02565490,0.02821719,0.02565806,-0.02821403,-0.02565490,0.02821719,0.02565806,0.00000000,0.00000000,0.00000000,0.00000000,cmd,-72.7593,-4.7815,156.6094,16.48039507,44.11536777,1216.5672
13.670000,4393012.270765,4259410.419601,1798115.760449,-64.643189,-64.370090,147.108919,0.98760858,-0.00068448,-0.15686615,-0.00467318,-0.00047719,-0.27133975,-0.00699680,11.1100,1216.1131,2538.4193,-0.04582890,0.00207090,0.504792,-0.02821403,-0.02565490,0.02821719,0.02565806,-0.02821403,-0.02565490,0.02821719,0.02565806,0.00000000,0.00000000,0.00000000,0.00000000,cmd,-72.7239,-4.9254,161.1805,16.48041016,44.11536766,1216.1131
13.680000,4393011.623699,4259409.775261,1798117.230704,-64.770410,-64.498259,146.941784,0.98740066,-0.00068801,-0.15816862,-0.00470609,-0.00048366,-0.25572790,-0.00659410,11.1100,1215.6568,2540.0890,-0.04723142,0.00211760,0.504654,-0.02821403,-0.02565490,0.02821719,0.02565806,-0.02821403,-0.02565490,0.02821719,0.02565806,0.00000000,0.00000000,0.00000000,0.00000000,cmd,-72.6883,-5.0597,165.3766,16.48042525,44.11536754,1215.6568
13.690000,4393010.975352,4259409.129631,1798118.699278,-64.899159,-64.628028,146.772685,0.98720463,-0.00069153,-0.15938665,-0.00473682,-0.00048986,-0.23732982,-0.00609179,11.1100,1215.1983,2541.7575,-0.04847366,0.00216018,0.504516,-0.02821403,-0.02565490,0.02821719,0.02565806,-0.02821403,-0.02565490,0.02821719,0.02565806,0.00000000,0.00000000,0.00000000,0.00000000,cmd,-72.6527,-5.1812,169.0974,16.48044033,44.11536743,1215.1983
13.700000,4393010.325712,4259408.482696,1798120.166152,-65.029141,-64.759094,146.601933,0.98702281,-0.00069504,-0.16050792,-0.00476492,-0.00049579,-0.21670520,-0.00550586,11.1100,1214.7376,2543.4250,-0.04952780,0.00219766,0.504377,-0.03372221,-0.03083034,0.03372444,0.03083256,-0.02821403,-0.02565490,0.02821719,0.02565806,0.00000000,0.00000000,0.00000000,0.00000000,cmd,-72.6170,-5.2871,172.2578,16.48045540,44.11536732,1214.7376
13.710000,4393009.674752,4259407.834433,1798121.631299,-65.162877,-64.893667,146.427201,0.98684800,-0.00069854,-0.16157842,-0.00479169,-0.00049234,-0.21685135,-0.00553908,11.1100,1214.2747,2545.0913,-0.05037174,0.00222921,0.504238,-0.03372221,-0.03083034,0.03372444,0.03083256,-0.03372221,-0.03083034,0.03372444,0.03083256,0.00000000,0.00000000,0.00000000,0.00000000,cmd,-72.5814,-5.2147,179.9374,16.48047046,44.11536720,1214.2747
13.720000,4393009.022451,4259407.184820,1798123.094692,-65.297410,-65.029100,146.251252,0.98667265,-0.00070200,-0.16264494,-0.00481842,-0.00048904,-0.21518282,-0.00549579,11.1100,1213.8094,2546.7566,-0.05107506,0.00225841,0.504098,-0.03372221,-0.03083034,0.03372444,0.03083256,-0.03372221,-0.03083034,0.03372444,0.03083256,0.00000000,0.00000000,0.00000000,0.00000000,cmd,-72.5455,-5.2982,181.9557,16.48048550,44.11536709,1213.8094
13.730000,4393008.368801,4259406.533848,1798124.556320,-65.432700,-65.165349,146.074121,0.98649823,-0.00070546,-0.16369875,-0.00484476,-0.00048592,-0.21179499,-0.00537933,11.1100,1213.3419,2548.4207,-0.05176042,0.00228713,0.503958,-0.03372221,-0.03083034,0.03372444,0.03083256,-0.03372221,-0.03083034,0.03372444,0.03083256,0.00000000,0.00000000,0.00000000,0.00000000,cmd,-72.5097,-5.3799,183.9249,16.48050054,44.11536697,1213.3419
13.740000,4393007.713795,4259405.881510,1798126.016171,-65.568685,-65.302348,145.895872,0.98632613,-0.00070891,-0.16473171,-0.00487036,-0.00048296,-0.20682507,-0.00519483,11.1100,1212.8720,2550.0836,-0.05241051,0.00231464,0.503818,-0.03372221,-0.03083034,0.03372444,0.03083256,-0.03372221,-0.03083034,0.03372444,0.03083256,0.00000000,0.00000000,0.00000000,0.00000000,cmd,-72.4739,-5.4576,185.7926,16.48051557,44.11536686,1212.8720
13.750000,4393007.057426,4259405.227799,1798127.474234,-65.705279,-65.440009,145.716594,0.98615768,-0.00071240,-0.16573642,-0.00489491,-0.00048016,-0.20044735,-0.00494907,11.1100,1212.3998,2551.7454,-0.05300941,0.00234026,0.503678,-0.03372221,-0.03083034,0.03372444,0.03083256,-0.03372221,-0.03083034,0.03372444,0.03083256,0.00000000,0.00000000,0.00000000,0.00000000,cmd,-72.4381,-5.5294,187.5107,16.48053058,44.11536674,1212.3998
13.760000,4393006.399688,4259404.572708,1798128.930500,-65.842382,-65.578221,145.536400,0.98599404,-0.00071592,-0.16670647,-0.00491813,-0.00047751,-0.19286751,-0.00465020,11.1100,1211.9252,2553.4060,-0.05354301,0.00236338,0.503537,-0.03372221,-0.03083034,0.03372444,0.03083256,-0.03372221,-0.03083034,0.03372444,0.03083256,0.00000000,0.00000000,0.00000000,0.00000000,cmd,-72.4024,-5.5935,189.0362,16.48054559,44.11536662,1211.9252
13.770000,4393005.740577,4259403.916233,1798130.384960,-65.979876,-65.716862,145.355422,0.98583623,-0.00071950,-0.16763651,-0.00493978,-0.00047502,-0.18431635,-0.00430750,11.1100,1211.4482,2555.0654,-0.05399932,0.00238347,0.503397,-0.03372221,-0.03083034,0.03372444,0.03083256,-0.03372221,-0.03083034,0.03372444,0.03083256,0.00000000,0.00000000,0.00000000,0.00000000,cmd,-72.3668,-5.6484,190.3327,16.48056059,44.11536651,1211.4482
13.780000,4393005.080089,4259403.258370,1798131.837606,-66.117633,-65.855794,145.173810,0.98568509,-0.00072315,-0.16852236,-0.00495969,-0.00047267,-0.17504312,-0.00393114,11.1100,1210.9689,2556.7237,-0.05436867,0.00240009,0.503257,-0.03372221,-0.03083034,0.03372444,0.03083256,-0.03372221,-0.03083034,0.03372444,0.03083256,0.00000000,0.00000000,0.00000000,0.00000000,cmd,-72.3312,-5.6928,191.3707,16.48057557,44.11536639,1210.9689
13.790000,4393004.418224,4259402.599117,1798133.288434,-66.255518,-65.994874,144.991722,0.98554122,-0.00072687,-0.16936114,-0.00497771,-0.00047047,-0.16530844,-0.00353185,11.1100,1210.4871,2558.3808,-0.05464395,0.00241291,0.503117,-0.03372221,-0.03083034,0.03372444,0.03083256,-0.03372221,-0.03083034,0.03372444,0.03083256,0.00000000,0.00000000,0.00000000,0.00000000,cmd,-72.2957,-5.7258,192.1284,16.48059054,44.11536627,1210.4871
13.800000,4393003.754979,4259401.938472,1798134.737440,-66.393393,-66.133953,144.809324,0.98540504,-0.00073069,-0.17015123,-0.00499375,-0.00046840,-0.15537726,-0.00312063,11.1100,1210.0030,2560.0367,-0.05482071,0.00242170,0.502978,-0.03372221,-0.03083034,0.03372444,0.03083256,-0.03372221,-0.03083034,0.03372444,0.03083256,0.00000000,0.00000000,0.00000000,0.00000000,cmd,-72.2604,-5.7469,192.5918,16.48060551,44.11536615,1210.0030
13.810000,4393003.090356,4259401.276438,1798136.184620,-66.531118,-66.272883,144.626787,0.98527671,-0.00073459,-0.17089235,-0.00500779,-0.00046645,-0.14551184,-0.00270848,11.1100,1209.5165,2561.6914,-0.05489715,0.00242636,0.502839,-0.03372221,-0.03083034,0.03372444,0.03083256,-0.03372221,-0.03083034,0.03372444,0.03083256,0.00000000,0.00000000,0.00000000,0.00000000,cmd,-72.2252,-5.7558,192.7552,16.48062046,44.11536604,1209.5165
13.820000,4393002.424358,4259400.613016,1798137.629975,-66.668556,-66.411519,144.444276,0.98515617,-0.00073859,-0.17158546,-0.00501986,-0.00046461,-0.13596503,-0.00230607,11.1100,1209.0276,2563.3449,-0.05487416,0.00242687,0.502700,-0.03372221,-0.03083034,0.03372444,0.03083256,-0.03372221,-0.03083034,0.03372444,0.03083256,0.00000000,0.00000000,0.00000000,0.00000000,cmd,-72.1902,-5.7525,192.6207,16.48063540,44.11536592,1209.0276
13.830000,4393001.756987,4259399.948209,1798139.073506,-66.805580,-66.549723,144.261950,0.98504316,-0.00074269,-0.17223274,-0.00503001,-0.00046289,-0.12697405,-0.00192354,11.1100,1208.5363,2564.9972,-0.05475515,0.00242335,0.502562,-0.03372221,-0.03083034,0.03372444,0.03083256,-0.03372221,-0.03083034,0.03372444,0.03083256,0.00000000,0.00000000,0.00000000,0.00000000,cmd,-72.1554,-5.7374,192.1980,16.48065033,44.11536580,1208.5363
13.840000,4393001.088248,4259399.282023,1798140.515215,-66.942071,-66.687368,144.079959,0.98493719,-0.00074688,-0.17283748,-0.00503838,-0.00046126,-0.11875475,-0.00157020,11.1100,1208.0426,2566.6483,-0.05454593,0.00241600,0.502425,-0.03372221,-0.03083034,0.03372444,0.03083256,-0.03372221,-0.03083034,0.03372444,0.03083256,0.00000000,0.00000000,0.00000000,0.00000000,cmd,-72.1208,-5.7112,191.5042,16.48066525,44.11536568,1208.0426
13.850000,4393000.418147,4259398.614464,1798141.955107,-67.077921,-66.824340,143.898436,0.98483757,-0.00075115,-0.17340397,-0.00504513,-0.00045972,-0.11149666,-0.00125431,11.1100,1207.5465,2568.2983,-0.05425449,0.00240512,0.502288,-0.03372221,-0.03083034,0.03372444,0.03083256,-0.03372221,-0.03083034,0.03372444,0.03083256,0.00000000,0.00000000,0.00000000,0.00000000,cmd,-72.0865,-5.6748,190.5627,16.48068016,44.11536556,1207.5465
13.860000,4392999.746692,4259397.945539,1798143.393186,-67.213040,-66.960541,143.717501,0.98474348,-0.00075551,-0.17393738,-0.00505044,-0.00045827,-0.10535892,-0.00098295,11.1100,1207.0481,2569.9470,-0.05389071,0.00239109,0.502152,-0.03372221,-0.03083034,0.03372444,0.03083256,-0.03372221,-0.03083034,0.03372444,0.03083256,0.00000000,0.00000000,0.00000000,0.00000000,cmd,-72.0524,-5.6294,189.4028,16.48069506,44.11536544,1207.0481
13.870000,4392999.073889,4259397.275256,1798144.829459,-67.347352,-67.095892,143.537248,0.98465391,-0.00075993,-0.17444353,-0.00505456,-0.00045690,-0.10046698,-0.00076183,11.1100,1206.5473,2571.5945,-0.05346605,0.00237436,0.502017,-0.03372221,-0.03083034,0.03372444,0.03083256,-0.03372221,-0.03083034,0.03372444,0.03083256,0.00000000,0.00000000,0.00000000,0.00000000,cmd,-72.0186,-5.5764,188.0584,16.48070995,44.11536532,1206.5473
13.880000,4392998.399748,4259396.603624,1798146.263934,-67.480802,-67.230332,143.357753,0.98456780,-0.00076440,-0.17492881,-0.00505774,-0.00045559,-0.09691042,-0.00059518,11.1100,1206.0441,2573.2409,-0.05299321,0.00235544,0.501883,-0.03372221,-0.03083034,0.03372444,0.03083256,-0.03372221,-0.03083034,0.03372444,0.03083256,0.00000000,0.00000000,0.00000000,0.00000000,cmd,-71.9850,-5.5172,186.5674,16.48072483,44.11536520,1206.0441
13.890000,4392997.724276,4259395.930653,1798147.696617,-67.613352,-67.363820,143.179067,0.98448396,-0.00076892,-0.17539995,-0.00506025,-0.00045435,-0.09474164,-0.00048572,11.1100,1205.5386,2574.8860,-0.05248579,0.00233489,0.501750,-0.03372221,-0.03083034,0.03372444,0.03083256,-0.03372221,-0.03083034,0.03372444,0.03083256,0.00000000,0.00000000,0.00000000,0.00000000,cmd,-71.9518,-5.4536,184.9701,16.48073969,44.11536508,1205.5386
13.900000,4392997.047484,4259395.256351,1798149.127518,-67.744983,-67.496338,143.001217,0.98440118,-0.00077346,-0.17586382,-0.00506236,-0.00045317,-0.09397569,-0.00043461,11.1100,1205.0309,2576.5300,-0.05195787,0.00231327,0.501617,-0.03372221,-0.03083034,0.03372444,0.03083256,-0.03372221,-0.03083034,0.03372444,0.03083256,0.00000000,0.00000000,0.00000000,0.00000000,cmd,-71.9188,-5.3872,183.3085,16.48075455,44.11536496,1205.0309
13.910000,4392996.369380,4259394.580729,1798150.556644,-67.875698,-67.627886,142.824208,0.98431826,-0.00077802,-0.17632730,-0.00506436,-0.00045205,-0.09459092,-0.00044146,11.1100,1204.5208,2578.1728,-0.05142367,0.00229119,0.501486,-0.03372221,-0.03083034,0.03372444,0.03083256,-0.03372221,-0.03083034,0.03372444,0.03083256,0.00000000,0.00000000,0.00000000,0.00000000,cmd,-71.8861,-5.3197,181.6250,16.48076939,44.11536484,1204.5208
13.920000,4392995.689973,4259393.903796,1798151.984005,-68.005517,-67.758487,142.648019,0.98423398,-0.00078257,-0.17679706,-0.00506653,-0.00045098,-0.09653065,-0.00050441,11.1100,1204.0084,2579.8145,-0.05089715,0.00226921,0.501356,-0.03372221,-0.03083034,0.03372444,0.03083256,-0.03372221,-0.03083034,0.03372444,0.03083256,0.00000000,0.00000000,0.00000000,0.00000000,cmd,-71.8537,-5.2529,179.9613,16.48078423,44.11536471,1204.0084
13.930000,4392995.009272,4259393.225562,1798153.409607,-68.134478,-67.888179,142.472608,0.98414719,-0.00078711,-0.17727940,-0.00506913,-0.00044995,-0.09970574,-0.00062020,11.1100,1203.4937,2581.4549,-0.05039168,0.00224791,0.501227,-0.03372221,-0.03083034,0.03372444,0.03083256,-0.03372221,-0.03083034,0.03372444,0.03083256,0.00000000,0.00000000,0.00000000,0.00000000,cmd,-71.8216,-5.1884,178.3572,16.48079905,44.11536459,1203.4937
13.940000,4392994.327286,4259392.546036,1798154.833459,-68.262634,-68.017022,142.297912,0.98405684,-0.00079160,-0.17778013,-0.00507240,-0.00044897,-0.10399780,-0.00078432,11.1100,1202.9768,2583.0942,-0.04991967,0.00222781,0.501098,-0.03372221,-0.03083034,0.03372444,0.03083256,-0.03372221,-0.03083034,0.03372444,0.03083256,0.00000000,0.00000000,0.00000000,0.00000000,cmd,-71.7897,-5.1277,176.8501,16.48081386,44.11536447,1202.9768
13.950000,4392993.644022,4259391.865225,1798156.255568,-68.390054,-68.145087,142.123852,0.98396196,-0.00079605,-0.17830438,-0.00507656,-0.00044802,-0.10926313,-0.00099112,11.1100,1202.4576,2584.7324,-0.04949235,0.00220940,0.500971,-0.03372221,-0.03083034,0.03372444,0.03083256,-0.03372221,-0.03083034,0.03372444,0.03083256,0.00000000,0.00000000,0.00000000,0.00000000,cmd,-71.7581,-5.0722,175.4736,16.48082867,44.11536435,1202.4576
13.960000,4392992.959487,4259391.183136,1798157.675938,-68.516819,-68.272460,141.950330,0.98386171,-0.00080044,-0.17885655,-0.00508181,-0.00044711,-0.11533725,-0.00123405,11.1100,1201.9363,2586.3693,-0.04911946,0.00219311,0.500844,-0.03372221,-0.03083034,0.03372444,0.03083256,-0.03372221,-0.03083034,0.03372444,0.03083256,0.00000000,0.00000000,0.00000000,0.00000000,cmd,-71.7268,-5.0231,174.2570,16.48084346,44.11536422,1201.9363
13.970000,4392992.273687,4259390.499777,1798159.094576,-68.643018,-68.399238,141.777238,0.98375540,-0.00080475,-0.17944016,-0.00508830,-0.00044623,-0.12203968,-0.00150580,11.1100,1201.4126,2588.0052,-0.04880904,0.00217929,0.500718,-0.03372221,-0.03083034,0.03372444,0.03083256,-0.03372221,-0.03083034,0.03372444,0.03083256,0.00000000,0.00000000,0.00000000,0.00000000,cmd,-71.6957,-4.9815,173.2246,16.48085824,44.11536410,1201.4126
13.980000,4392991.586628,4259389.815153,1798160.511484,-68.768750,-68.525524,141.604458,0.98364249,-0.00080898,-0.18005783,-0.00509615,-0.00044538,-0.12917911,-0.00179854,11.1100,1200.8868,2589.6398,-0.04856731,0.00216823,0.500592,-0.03372221,-0.03083034,0.03372444,0.03083256,-0.03372221,-0.03083034,0.03372444,0.03083256,0.00000000,0.00000000,0.00000000,0.00000000,cmd,-71.6648,-4.9480,172.3952,16.48087301,44.11536398,1200.8868
13.990000,4392990.898314,4259389.129268,1798161.926665,-68.894114,-68.651427,141.431864,0.98352261,-0.00081313,-0.18071121,-0.00510544,-0.00044455,-0.13655864,-0.00210413,11.1100,1200.3588,2591.2734,-0.04839854,0.00216014,0.500468,-0.03372221,-0.03083034,0.03372444,0.03083256,-0.03372221,-0.03083034,0.03372444,0.03083256,0.00000000,0.00000000,0.00000000,0.00000000,cmd,-71.6340,-4.9234,171.7819,16.48088777,44.11536385,1200.3588
